wz_IMU		ax_IMU		ay_IMU		w_fl		w_fr		w_rl		w_rr		delta		vx_GSS		vy_GSS		T_fl		T_fr		T_rl		T_rr		vx			vy			wz			sr_fl		sr_fr		sr_rl		sr_rr		sa_fl		sa_fr		sa_rl		sa_rr		Fz_fl		Fz_fr		Fz_rl		Fz_rr		phi_fl		phi_fr		phi_rl		phi_rr
-0.011339	0.420186	1.350099	6.096966	6.096966	6.096966	6.096966	0.000000	1.331524	0.001426	0.000000	0.000000	0.000000	0.000000	1.232892	0.001361	-0.011137	0.106585	0.118847	0.106585	0.118847	-0.005797	-0.005861	0.007993	0.008081	624.562495	704.174027	639.375855	734.059946	2.137999	0.901590	1.902468	0.675888	
-0.007163	-0.743804	0.727090	5.940933	5.940933	5.940933	5.940933	0.000000	1.534475	0.009547	6.565730	6.565730	6.565730	6.565730	1.467284	0.005171	-0.005502	-0.091069	-0.086902	-0.091069	-0.086902	0.000645	0.000648	0.006387	0.006416	673.084392	715.958811	631.989430	682.981105	2.344046	2.537050	2.005204	2.399274	
-0.006786	0.543900	-0.219424	5.704025	5.704025	5.704025	5.704025	0.000000	1.210003	-0.003430	9.401853	9.401853	12.361909	13.454499	1.268459	-0.002219	-0.005654	0.009040	0.014542	0.009040	0.014542	-0.005157	-0.005185	0.001667	0.001676	667.705716	654.766916	697.673492	682.285037	-2.862769	-2.792358	-0.182365	-0.095364	
-0.002210	4.683884	0.077960	6.069002	6.069002	6.036762	6.036762	0.000000	1.467706	0.005141	8.805376	8.805376	16.098862	15.690307	1.422276	0.003288	-0.001608	-0.040563	-0.039238	-0.045660	-0.044342	0.001443	0.001445	0.003177	0.003181	552.934208	557.531288	793.851195	799.318623	0.024655	0.025149	0.013086	0.013901	
-0.018243	7.424532	0.138680	6.536568	6.539896	6.451019	6.473381	-0.000355	1.433484	0.000724	9.266827	9.266827	17.889227	18.020826	1.441837	-0.000073	-0.015214	0.013511	0.027165	0.000249	0.016721	-0.007742	-0.007847	0.007996	0.008100	480.868484	489.046050	862.078978	871.804773	0.021601	0.022150	0.017149	0.017319	
0.005204	9.140630	0.285716	6.941392	6.940287	6.943069	6.930819	-0.000355	1.459563	-0.001557	9.325512	9.325512	20.719041	20.835735	1.472813	-0.000542	0.004465	0.062394	0.058303	0.062650	0.056859	0.002317	0.002310	-0.002700	-0.002690	432.555021	449.402886	901.032719	921.070329	0.034562	0.036145	0.029362	0.029720	
0.024812	9.966737	0.708238	7.520720	7.520840	7.518167	7.524022	0.000126	1.498755	-0.003680	9.418440	9.418440	21.000000	21.000000	1.514103	-0.002046	0.020583	0.126944	0.108426	0.126563	0.108896	0.009032	0.008882	-0.011883	-0.011687	398.964236	440.727012	907.529479	957.199047	0.074028	0.082500	0.065937	0.070043	
0.042183	10.467512	-1.200799	7.546169	7.546478	7.676888	7.693735	-0.000036	1.705524	0.000548	9.542308	9.542308	18.654905	20.017293	1.684013	0.000060	0.035117	0.021230	-0.004384	0.038920	0.015044	0.016282	0.015874	-0.016173	-0.015767	442.657383	371.849671	987.853560	903.640085	-0.111334	-0.092381	-0.131173	-0.110348	
-0.003806	11.395161	1.025316	8.606082	8.606290	8.765429	8.769963	-0.000021	1.853064	0.002305	10.052040	10.052040	21.000000	20.781529	1.837972	0.000259	-0.002714	0.052587	0.054510	0.072076	0.074565	-0.000971	-0.000973	0.001273	0.001275	353.480959	413.940956	934.124851	1006.031517	0.085384	0.097546	0.085698	0.092059	
0.020611	8.989127	-0.544662	8.683358	8.686233	8.632909	8.749193	-0.000021	1.921256	0.000989	10.513917	10.513917	21.000000	21.000000	1.928446	0.000540	0.017113	0.018639	0.008004	0.012720	0.015310	0.007150	0.007073	-0.006566	-0.006495	461.646814	429.529626	927.795531	889.597714	-0.064410	-0.058237	-0.061047	-0.058925	
-0.005092	9.879518	-0.420525	9.309968	9.312504	9.332565	9.316343	-0.000418	2.050658	0.002026	10.785337	10.785337	21.000000	20.886280	2.043081	0.000615	-0.003700	0.024154	0.026699	0.026640	0.027123	-0.000670	-0.000672	0.001689	0.001693	435.359369	410.562201	946.732305	917.240381	-0.043118	-0.040360	-0.043974	-0.041652	
-0.014275	11.414239	-0.277591	10.028783	10.030303	9.877854	9.873659	-0.000017	2.154904	0.001978	11.129243	11.129243	21.000000	21.000000	2.151850	0.000933	-0.012141	0.045025	0.052402	0.029298	0.035967	-0.003867	-0.003894	0.004748	0.004780	391.990194	375.621466	981.538922	962.071162	-0.022334	-0.021402	-0.025599	-0.025147	
0.021049	10.514292	0.843172	11.048607	11.050027	10.657072	10.636047	-0.000017	2.197475	-0.000562	11.455550	11.455550	21.000000	21.000000	2.213538	0.000031	0.017012	0.128350	0.117964	0.088364	0.076080	0.005957	0.005901	-0.005912	-0.005857	382.156662	431.876150	919.419850	978.552545	0.073335	0.083058	0.078155	0.083032	
0.012951	10.027709	0.723301	11.868371	11.870011	11.126367	11.120262	0.000022	2.442723	0.005004	11.229195	11.640613	20.098300	21.000000	2.413643	0.002106	0.011652	0.109638	0.103274	0.040264	0.033588	0.004570	0.004543	-0.002841	-0.002825	398.604435	441.255468	912.056592	962.782588	0.067853	0.072126	0.072273	0.073020	
0.017283	10.239436	0.189890	12.704799	12.706619	11.493300	11.491301	0.000011	2.371563	-0.002077	11.808310	12.240930	21.000000	21.000000	2.404937	-0.001086	0.015130	0.193209	0.184255	0.079427	0.070988	0.004383	0.004349	-0.005300	-0.005260	408.880670	420.077919	936.150622	949.467804	0.017705	0.017322	0.018806	0.019129	
0.005568	9.944079	-0.251964	13.496861	13.628943	11.743300	11.887690	-0.000147	2.315850	-0.008470	10.170588	10.707980	20.596121	21.000000	2.360740	-0.004777	0.005551	0.288222	0.297102	0.120851	0.131382	-0.000072	-0.000071	-0.003834	-0.003823	429.386150	414.528560	943.860046	926.189524	-0.029211	-0.027590	-0.024283	-0.023869	
-0.013417	10.330493	-0.710166	14.488510	14.760481	12.229016	12.270306	-0.000147	2.478404	-0.006117	8.091843	7.754415	19.928644	19.244513	2.474131	-0.003810	-0.010900	0.314067	0.345949	0.109138	0.118881	-0.004761	-0.004787	0.001836	0.001846	433.239288	391.362812	970.380986	920.576190	-0.095600	-0.101527	-0.061336	-0.059535	
0.010941	10.253947	0.560747	15.408250	15.858075	12.995812	13.083559	-0.000159	2.919227	0.007322	6.874278	5.459370	20.740393	19.395487	2.839099	0.003384	0.008476	0.223340	0.254476	0.031803	0.034994	0.003648	0.003635	-0.001101	-0.001097	398.636430	431.702102	925.768300	965.094173	0.075248	0.123964	0.043539	0.048386	
-0.013700	10.727484	-0.561754	15.034273	15.393451	13.116880	13.047509	-0.000075	2.797739	-0.001680	7.349112	7.299491	21.000000	21.000000	2.831475	-0.000505	-0.010897	0.191883	0.226102	0.039877	0.039246	-0.003049	-0.003064	0.002769	0.002782	419.564677	386.439665	977.233644	937.837195	-0.055944	-0.049534	-0.053830	-0.050085	
-0.006382	10.395640	0.420770	14.759276	14.687659	13.943787	13.759189	-0.000075	2.847311	-0.003877	8.059060	6.508633	21.000000	21.000000	2.868747	-0.001866	-0.006153	0.156079	0.153483	0.092202	0.080567	-0.002218	-0.002224	0.000994	0.000997	399.207761	424.019387	934.478527	963.987648	0.036019	0.039165	0.041381	0.041874	
0.002723	11.341052	-0.726353	14.121814	14.046574	14.193651	14.145418	0.000380	2.964278	-0.003370	8.050359	8.324763	20.374992	21.000000	2.966253	-0.001978	0.001823	0.071588	0.065079	0.077038	0.072574	-0.000575	-0.000575	-0.001139	-0.001138	409.043291	366.212293	999.516529	948.576496	-0.056375	-0.048760	-0.071981	-0.067403	
-0.018743	8.489980	-0.009153	14.424326	14.258211	14.938244	14.913382	0.000278	3.073240	-0.002927	10.063633	9.097275	21.000000	21.000000	3.074746	-0.001704	-0.015499	0.052291	0.046589	0.089781	0.094679	-0.004688	-0.004715	0.003304	0.003325	461.337621	460.797889	901.880918	901.238999	-0.001097	-0.001213	-0.001034	-0.001039	
-0.000924	10.712842	-0.033671	14.832304	14.848258	15.316066	15.444442	0.000233	3.197848	-0.001840	11.172451	11.051389	19.448415	19.326934	3.188892	-0.000820	-0.001956	0.046138	0.048047	0.080258	0.090128	-0.000961	-0.000962	0.000214	0.000214	405.374376	403.388919	960.466796	958.105440	-0.002575	-0.002765	-0.003323	-0.003434	
-0.014637	10.970456	-0.299093	15.531780	15.373408	15.764532	15.834257	0.000233	3.299229	-0.001915	10.788527	10.492737	21.000000	20.969022	3.298477	-0.000980	-0.012401	0.057051	0.051082	0.072890	0.082590	-0.003409	-0.003423	0.002582	0.002594	406.923462	389.286787	977.084686	956.108925	-0.026802	-0.024811	-0.028165	-0.027311	
0.011813	10.193022	0.076144	16.490896	16.367799	16.070608	16.067931	0.000126	3.430195	-0.000826	10.830646	10.393439	21.000000	21.000000	3.425034	-0.000295	0.008909	0.085054	0.073542	0.057401	0.053875	0.001787	0.001781	-0.002086	-0.002079	416.199447	420.689414	944.825287	950.165323	0.008123	0.008913	0.007064	0.007019	
-0.002257	10.036196	-1.286234	16.847318	16.654980	16.382564	16.376177	0.000055	3.705036	0.005980	10.466011	10.612922	21.000000	21.000000	3.663289	0.002954	-0.001101	0.034576	0.023140	0.006036	0.006013	0.000521	0.000521	0.001037	0.001037	461.177935	385.332370	990.243877	900.038751	-0.136720	-0.106128	-0.136878	-0.122320	
-0.006701	10.185319	-0.087572	17.869446	17.555314	17.207491	17.205086	0.000055	3.669097	0.000304	12.526876	11.129306	21.000000	21.000000	3.691264	0.000928	-0.005735	0.088196	0.071095	0.047885	0.049726	-0.000995	-0.000997	0.001442	0.001445	422.107871	416.943972	952.240602	946.099041	-0.007672	-0.008560	-0.008794	-0.008740	
0.012213	10.030585	-0.036839	18.493211	18.229996	17.722765	17.721743	0.000034	3.895741	0.005122	10.859484	11.032756	21.000000	21.000000	3.871683	0.003063	0.009740	0.076371	0.057799	0.031529	0.028308	0.002692	0.002684	-0.001142	-0.001138	425.217811	423.045511	947.840797	945.257224	-0.003599	-0.003573	-0.003683	-0.003672	
-0.008928	10.641990	-0.302471	19.690770	18.979835	18.153801	18.153410	0.000011	3.950940	0.003084	11.207348	11.541459	21.000000	21.000000	3.955875	0.002226	-0.006592	0.118823	0.080623	0.031493	0.033570	-0.000727	-0.000728	0.001840	0.001843	417.673598	399.837766	973.489962	952.277338	-0.032760	-0.024965	-0.028478	-0.027830	
-0.003065	11.015376	0.284456	20.595311	19.912859	18.796662	18.796645	-0.000022	4.013531	0.001349	10.324991	10.861014	21.000000	21.000000	4.024963	0.001447	-0.003220	0.150740	0.113695	0.050242	0.051267	-0.000232	-0.000233	0.000973	0.000974	391.048246	407.821787	963.031795	982.981009	0.026152	0.025746	0.025281	0.025789	
-0.009246	10.861779	1.108360	21.673569	21.071120	19.498046	19.498236	-0.000022	4.027226	-0.002336	9.081509	10.430935	21.000000	21.000000	4.052519	-0.000794	-0.008100	0.201873	0.171318	0.081233	0.083883	-0.001706	-0.001710	0.001336	0.001340	370.800449	436.157273	930.421050	1008.151642	0.118858	0.117246	0.091794	0.098818	
0.002252	12.603202	-0.967426	21.754267	21.300032	19.473524	19.473832	-0.000032	4.145707	-0.001826	7.321211	9.636710	20.584581	21.000000	4.149324	-0.001015	0.001105	0.179832	0.154822	0.056137	0.055811	-0.000008	-0.000008	-0.000449	-0.000449	387.702413	330.656054	1048.664330	980.817594	-0.086660	-0.060533	-0.080712	-0.074566	
-0.000206	9.990396	0.848862	22.412765	22.370672	20.420374	20.420758	-0.000026	4.273999	-0.000928	8.020550	7.914682	21.000000	21.000000	4.274317	-0.000802	-0.000066	0.179797	0.177603	0.074918	0.074959	-0.000174	-0.000174	-0.000176	-0.000176	401.665244	451.720241	918.993229	978.524953	0.095184	0.135336	0.073212	0.077622	
0.006721	10.141590	-0.012899	21.826020	22.517194	20.615175	20.698741	-0.000026	4.277224	-0.005028	7.574487	9.181343	20.365085	21.000000	4.299964	-0.002964	0.005659	0.142986	0.177290	0.079577	0.082214	0.000347	0.000346	-0.001701	-0.001698	423.297317	422.536671	953.307066	952.402410	-0.001182	-0.001295	-0.001288	-0.001260	
-0.010641	10.118071	0.212758	21.711805	22.383467	21.212208	21.244951	-0.000043	4.723700	0.008592	8.532706	8.330827	21.000000	20.877713	4.648137	0.003760	-0.008403	0.049835	0.084701	0.025678	0.029529	-0.000535	-0.000536	0.002194	0.002199	418.700918	431.246632	947.869551	962.790500	0.019738	0.020747	0.020947	0.021261	
0.032486	10.464708	-0.879194	21.201525	22.286842	21.333476	21.471184	-0.000070	4.713105	0.003949	10.342787	10.253114	21.000000	21.000000	4.721595	0.003268	0.026492	0.013795	0.058421	0.020104	0.019685	0.005085	0.005051	-0.003627	-0.003602	442.324924	390.481348	995.731357	934.072427	-0.068266	-0.068354	-0.094222	-0.088895	
0.017039	10.817778	1.206489	22.017383	22.702011	22.440569	22.473544	-0.000379	4.650244	-0.002767	11.839048	10.121861	21.000000	21.000000	4.691504	-0.001340	0.017141	0.058292	0.086346	0.078632	0.075413	0.002903	0.002892	-0.003097	-0.003083	371.642618	442.785830	931.372506	1015.985000	0.085972	0.106997	0.113218	0.120960	
-0.024933	10.453594	-0.092974	22.478594	22.904956	22.626115	22.645064	-0.000379	4.724809	-0.004013	9.892434	10.790218	20.621274	21.000000	4.742362	-0.003060	-0.019281	0.063851	0.089419	0.070834	0.077060	-0.003378	-0.003396	0.002469	0.002481	419.521143	414.038723	968.071186	961.550800	-0.009464	-0.007562	-0.009137	-0.008855	
0.003800	10.033245	-0.372119	23.482844	23.337385	23.042380	23.052536	-0.000327	4.913166	-0.000706	10.830607	10.156542	21.000000	21.000000	4.897630	-0.000946	0.001116	0.078966	0.071984	0.058728	0.058900	0.000309	0.000309	-0.000368	-0.000368	439.232191	417.289391	968.556060	942.458911	-0.043399	-0.035000	-0.036361	-0.035224	
0.013643	10.898390	0.437783	24.102912	24.236883	23.657895	23.739598	-0.000129	5.109564	0.002940	10.988863	10.609864	21.000000	21.000000	5.083401	0.001129	0.011572	0.068320	0.071279	0.048595	0.049298	0.002101	0.002095	-0.001527	-0.001523	394.026191	419.841028	964.180786	994.883051	0.034227	0.042470	0.039613	0.041370	
0.006473	10.388346	0.047801	24.708067	24.627788	24.095674	24.128615	-0.000129	5.113003	-0.001142	10.553323	10.925829	21.000000	21.000000	5.131613	-0.000674	0.006695	0.084210	0.078968	0.057337	0.057099	0.000999	0.000998	-0.001134	-0.001132	418.837408	421.656101	965.259013	968.611359	0.004602	0.004080	0.004668	0.004645	
-0.027561	10.925085	0.384828	25.532855	25.339410	24.685345	24.699004	-0.000096	5.117278	-0.005201	10.751631	10.840041	21.000000	21.000000	5.144993	-0.003189	-0.022546	0.113621	0.111109	0.076658	0.083028	-0.003877	-0.003898	0.002736	0.002751	395.196673	417.888860	967.345002	994.333418	0.033625	0.033682	0.034925	0.035786	
0.023328	11.290160	-0.794176	25.837173	25.762084	24.886281	24.891877	-0.000046	5.260908	-0.003691	9.766388	10.207398	21.000000	21.000000	5.259346	-0.002516	0.017230	0.107553	0.099929	0.066791	0.062775	0.002086	0.002078	-0.002999	-0.002987	421.148283	374.317957	1019.227860	963.531321	-0.069962	-0.061540	-0.073216	-0.069012	
0.007021	10.243466	0.897285	26.917348	26.869602	25.801446	25.803670	-0.000024	5.455550	-0.000145	10.439154	9.630191	21.000000	21.000000	5.436021	-0.001303	0.007815	0.115102	0.111174	0.068874	0.067093	0.000889	0.000887	-0.001344	-0.001342	399.008744	451.919100	934.933731	997.861409	0.087173	0.111643	0.079245	0.084282	
0.005567	10.020310	-0.636276	26.880400	26.969892	25.909018	25.909852	-0.000024	5.680792	0.004622	9.650660	10.763060	20.837031	21.000000	5.647423	0.001943	0.005560	0.071590	0.073867	0.032866	0.031660	0.001125	0.001123	-0.000412	-0.000411	451.041002	413.521638	985.299980	940.677213	-0.063706	-0.052992	-0.066950	-0.062636	
-0.003817	10.249337	-0.162263	27.551776	27.389249	26.517807	26.518072	-0.000015	5.665746	-0.000223	11.558399	10.759505	21.000000	21.000000	5.684941	0.000316	-0.002605	0.090146	0.084321	0.049235	0.049832	-0.000281	-0.000281	0.000407	0.000407	431.388910	421.820736	974.973421	963.593740	-0.014501	-0.014135	-0.016369	-0.016156	
-0.000265	11.413681	-0.473150	27.776674	27.960877	26.897429	26.930972	-0.000016	5.868971	0.003665	10.916640	10.841871	21.000000	21.000000	5.849856	0.002202	-0.000526	0.068301	0.075504	0.034485	0.035889	0.000323	0.000323	0.000445	0.000445	411.575303	383.674995	1017.621741	984.439170	-0.034502	-0.036435	-0.044192	-0.042954	
0.000217	10.501391	-0.275365	28.719909	28.653917	27.455863	27.469535	-0.000016	5.830558	-0.002115	11.239774	10.535797	21.000000	21.000000	5.861840	-0.000506	0.000122	0.102395	0.099834	0.053875	0.054373	-0.000054	-0.000054	-0.000102	-0.000102	429.210952	412.973465	987.423387	968.111717	-0.026578	-0.025219	-0.026135	-0.025515	
0.009480	10.220784	0.671156	29.647798	29.557639	28.188638	28.194350	-0.000030	5.986280	-0.000132	10.822623	10.537643	21.000000	21.000000	5.981726	-0.000275	0.008024	0.116102	0.110889	0.061172	0.059651	0.001014	0.001013	-0.001076	-0.001075	409.164528	448.740690	948.438144	995.507114	0.063442	0.071678	0.061848	0.064899	
-0.002718	10.479940	0.367469	30.363365	30.050424	28.604327	28.606742	-0.000023	6.108968	0.000531	10.072464	10.961093	21.000000	21.000000	6.103099	-0.000009	-0.001384	0.119237	0.108008	0.054396	0.054777	-0.000152	-0.000152	0.000173	0.000173	412.154897	433.823492	967.184223	992.955254	0.036994	0.031982	0.034152	0.035107	
0.001319	10.706806	-0.522772	30.801982	30.393635	28.871443	28.872494	-0.000021	6.037225	-0.006582	10.045362	10.734856	21.000000	21.000000	6.077237	-0.003672	0.000962	0.140504	0.125167	0.069022	0.068855	-0.000462	-0.000462	-0.000726	-0.000726	432.435961	401.609597	1003.909238	967.246631	-0.050417	-0.041368	-0.050180	-0.048180	
0.028780	10.789686	-0.335905	31.272225	31.135866	29.406750	29.407239	-0.000021	6.080119	-0.009110	9.938129	9.725760	21.000000	21.000000	6.104544	-0.006390	0.024456	0.155449	0.144802	0.086523	0.081243	0.002054	0.002044	-0.004132	-0.004111	424.955695	405.148320	999.811366	976.253933	-0.029928	-0.032744	-0.030784	-0.030056	
0.001325	10.621989	-0.764390	31.574029	31.652145	29.787572	29.787792	-0.000018	6.453278	0.001574	9.307938	9.271332	21.000000	21.000000	6.396817	-0.001780	0.003938	0.110994	0.112906	0.048134	0.047355	0.000212	0.000212	-0.000751	-0.000750	443.595256	398.521363	1014.145234	960.537667	-0.074175	-0.072932	-0.071419	-0.067521	
-0.017913	11.464381	0.066145	32.151042	32.163686	30.482537	30.482602	-0.000012	6.504086	-0.000638	10.427538	9.654193	21.000000	21.000000	6.503840	-0.000962	-0.014691	0.110733	0.114236	0.053091	0.055999	-0.001867	-0.001872	0.001584	0.001588	398.143648	402.044023	1007.994947	1012.633767	0.005092	0.005479	0.005840	0.005865	
0.004147	11.410354	0.017199	32.305130	32.306457	30.957162	30.957147	-0.000012	6.742227	0.004643	9.623023	9.775646	21.000000	21.000000	6.713217	0.002719	0.001777	0.082913	0.082608	0.037727	0.037391	0.000620	0.000620	0.000202	0.000202	402.263703	403.277882	1011.059940	1012.266129	0.001325	0.001302	0.001560	0.001562	
-0.014080	10.776746	-0.584011	32.665479	32.426311	31.293796	31.293739	-0.000010	6.725235	-0.000282	10.282138	10.448257	21.000000	21.000000	6.749168	0.000705	-0.011707	0.087833	0.082155	0.042152	0.044358	-0.001216	-0.001218	0.001434	0.001437	436.468288	402.030819	1016.366995	975.409607	-0.053008	-0.043685	-0.056867	-0.054381	
0.017689	10.566075	0.609092	33.219583	33.032009	32.079170	32.079066	-0.000008	6.798093	-0.001610	10.823912	10.409645	21.000000	21.000000	6.811887	-0.000421	0.013584	0.098596	0.089738	0.060881	0.058300	0.001478	0.001475	-0.001594	-0.001590	407.092191	443.008598	969.966574	1012.682902	0.048768	0.056849	0.057033	0.059592	
0.019641	10.524016	0.051774	33.539239	33.408453	32.426689	32.426528	-0.000004	6.890334	-0.002162	10.024653	11.095710	21.000000	21.000000	6.896714	-0.001851	0.018235	0.095960	0.088170	0.059605	0.056187	0.001768	0.001762	-0.002301	-0.002294	425.145285	428.198261	989.579454	993.210439	0.004702	0.004275	0.004980	0.005000	
-0.013397	9.661648	0.819971	34.354522	34.100114	33.104981	33.104783	-0.000004	7.115071	0.002586	10.444246	10.877272	21.000000	21.000000	7.088552	0.000385	-0.009173	0.089598	0.083238	0.049967	0.051620	-0.000934	-0.000935	0.001047	0.001048	425.868767	474.220125	943.172298	1000.677841	0.086014	0.086670	0.078598	0.083876	
0.005251	11.384308	0.778912	34.714290	34.796438	33.580484	33.580274	-0.000002	7.206124	0.001986	10.490190	11.819229	21.000000	21.000000	7.201211	0.001507	0.003342	0.084946	0.086898	0.049511	0.048910	0.000568	0.000567	-0.000147	-0.000147	383.641647	429.571905	990.391568	1045.017633	0.055890	0.060960	0.069206	0.073032	
-0.028038	10.997235	-0.064003	35.001967	35.216347	33.855251	33.855108	-0.000006	7.348030	0.003419	10.076848	11.198642	21.000000	21.000000	7.340299	0.002452	-0.023344	0.070827	0.081574	0.035746	0.039768	-0.002097	-0.002105	0.002769	0.002780	419.366390	415.592333	1012.018495	1007.529910	-0.005400	-0.004949	-0.005965	-0.005937	
0.007582	10.873744	0.794387	35.725099	36.349604	34.555138	34.555082	-0.000006	7.563879	0.007809	11.097894	11.032615	21.000000	21.000000	7.537245	0.005936	0.003586	0.066767	0.084785	0.031831	0.031231	0.001159	0.001158	0.000423	0.000422	398.592701	445.435451	981.646212	1037.357528	0.060968	0.080174	0.070017	0.073870	
-0.004738	10.128749	-0.346111	35.816786	36.786124	34.755372	34.755381	-0.000010	7.535141	0.002416	10.885732	11.616272	21.000000	21.000000	7.561126	0.003217	-0.003584	0.065509	0.094979	0.033933	0.034531	0.000072	0.000072	0.000789	0.000789	451.497083	431.087916	1002.884501	978.611342	-0.030030	-0.029671	-0.035678	-0.034640	
-0.012939	10.667020	0.230364	36.650891	37.597469	35.384462	35.384502	-0.000013	7.409044	-0.006871	11.985899	11.058039	21.000000	21.000000	7.468443	-0.002707	-0.011385	0.103147	0.133744	0.065029	0.067013	-0.001518	-0.001521	0.000807	0.000808	420.043204	433.627145	995.101000	1011.256739	0.018488	0.021091	0.021577	0.021939	
0.004179	11.166111	-0.091611	37.185866	38.365345	35.788744	35.788724	-0.000009	7.699594	0.000510	10.752049	10.352451	21.000000	21.000000	7.670411	-0.000252	0.002157	0.090979	0.125197	0.049989	0.049628	0.000191	0.000191	-0.000249	-0.000249	418.160263	412.758205	1022.215019	1015.790209	-0.007290	-0.008235	-0.008168	-0.008117	
0.030182	10.398064	-0.067325	38.143289	39.044983	36.279435	36.279282	-0.000009	7.942255	0.005977	11.059697	10.080063	21.000000	21.000000	7.904703	0.003121	0.025816	0.087880	0.109169	0.034722	0.030603	0.002916	0.002904	-0.002116	-0.002108	438.848197	434.878242	1005.267750	1000.546179	-0.006597	-0.006612	-0.006203	-0.006172	
0.009734	10.798834	-0.781623	38.526238	39.315591	36.585157	36.584871	0.000000	7.798576	-0.004007	11.446214	10.644547	21.000000	21.000000	7.847832	-0.002170	0.011419	0.105541	0.126192	0.049841	0.047970	0.000841	0.000839	-0.001395	-0.001392	449.209967	403.119894	1039.710126	984.893989	-0.064190	-0.059898	-0.076982	-0.072546	
0.012366	10.053864	-0.780411	39.179886	39.673021	37.069333	37.068978	0.000004	8.001824	-0.000115	11.387410	9.680356	21.000000	21.000000	7.991039	-0.001211	0.011876	0.104171	0.116043	0.044691	0.042789	0.000986	0.000984	-0.001293	-0.001291	469.342025	423.323420	1022.799393	968.068256	-0.074842	-0.073361	-0.078258	-0.073648	
-0.023317	9.822929	0.682875	40.316585	40.565491	37.918857	37.918512	0.000004	7.960410	-0.006010	11.681778	10.088138	21.000000	21.000000	7.991160	-0.004126	-0.018286	0.133576	0.143763	0.066159	0.069130	-0.002273	-0.002280	0.001238	0.001242	432.123855	472.391051	965.566528	1013.457364	0.065128	0.079702	0.063971	0.067244	
-0.017604	9.798325	0.216591	40.950692	40.667132	38.285683	38.285409	0.000002	8.253772	0.001486	10.236686	10.339130	21.000000	21.000000	8.215235	0.000186	-0.017165	0.120136	0.115218	0.047239	0.049904	-0.001581	-0.001585	0.001624	0.001628	448.196905	460.968658	984.874315	1000.064097	0.023775	0.019505	0.021288	0.021668	
0.014105	10.603751	0.277765	41.807779	41.019166	38.784123	38.783992	-0.000004	8.274014	-0.001945	10.722986	10.577210	21.000000	21.000000	8.283205	-0.000542	0.009837	0.136465	0.113413	0.054272	0.052742	0.000851	0.000850	-0.000978	-0.000976	426.256080	442.635092	1004.497690	1023.977680	0.026452	0.023069	0.025592	0.026109	
0.010121	9.637919	-0.111723	42.097767	41.330058	39.169532	39.169575	-0.000013	8.272501	-0.006248	9.977937	10.327320	21.000000	21.000000	8.299869	-0.004158	0.009807	0.142046	0.119604	0.062607	0.061078	0.000419	0.000419	-0.001409	-0.001407	462.643537	456.055536	993.653396	985.818113	-0.011526	-0.010931	-0.011299	-0.011195	
0.021860	10.451922	-0.716525	42.479379	41.655663	39.500869	39.501035	-0.000013	8.590141	0.002215	10.280901	10.255535	21.000000	21.000000	8.544686	-0.000553	0.019735	0.120152	0.095340	0.041611	0.038684	0.001724	0.001719	-0.001840	-0.001835	461.518777	419.267353	1039.816439	989.565709	-0.067720	-0.059933	-0.069457	-0.065818	
-0.004773	11.061109	0.696855	43.126116	42.402252	40.336528	40.336758	-0.000018	8.853073	0.008490	10.703802	10.116742	21.000000	21.000000	8.805279	0.004036	-0.001609	0.101872	0.083619	0.030598	0.030834	0.000336	0.000336	0.000599	0.000599	406.330120	447.421662	1010.349714	1059.220965	0.052599	0.063900	0.061030	0.063783	
-0.020055	10.862968	0.005957	43.333247	42.594922	40.645970	40.646199	-0.000018	8.810523	0.002545	10.041783	11.057758	21.000000	21.000000	8.835225	0.002976	-0.017214	0.102225	0.086023	0.033872	0.036338	-0.001139	-0.001142	0.001830	0.001834	432.029334	432.380585	1030.015827	1030.433579	0.000499	0.000445	0.000562	0.000562	
-0.004583	9.541143	-0.112097	43.808930	42.882586	41.098623	41.098808	-0.000018	8.834574	-0.000734	10.506965	10.745010	21.000000	21.000000	8.860194	0.001206	-0.006042	0.112042	0.089434	0.043244	0.044117	-0.000369	-0.000369	0.000659	0.000660	469.622855	463.012815	1000.685293	992.823797	-0.011805	-0.010449	-0.011513	-0.011406	
0.010590	10.088063	0.427629	44.235529	43.623218	41.715522	41.715644	-0.000016	9.267252	0.012333	10.822739	11.131270	21.000000	21.000000	9.194191	0.007684	0.008195	0.083120	0.066966	0.021416	0.020309	0.001537	0.001535	0.000152	0.000152	442.493807	467.709866	1001.747508	1031.737631	0.036227	0.041782	0.041148	0.042487	
-0.028998	10.709463	0.159665	44.598155	44.058628	42.130325	42.130376	-0.000014	8.997137	-0.002711	10.967806	11.853538	21.000000	21.000000	9.066983	0.000870	-0.023556	0.104966	0.095064	0.043823	0.047138	-0.001881	-0.001887	0.002087	0.002093	433.370746	442.785711	1024.788172	1035.985638	0.012823	0.012244	0.015324	0.015507	
0.041616	10.900348	0.240890	45.140550	44.696002	42.632299	42.632291	-0.000012	9.281304	0.004418	10.469770	10.969087	21.000000	21.000000	9.256167	0.003484	0.032320	0.099624	0.084167	0.038523	0.034108	0.003075	0.003062	-0.002308	-0.002299	427.696689	441.901295	1030.261781	1047.155693	0.020026	0.020241	0.021737	0.022097	
-0.022530	10.603541	-0.913879	45.413629	45.243824	42.825123	42.825082	-0.000012	9.352556	0.003030	10.482045	11.239580	21.000000	21.000000	9.355513	0.001851	-0.015038	0.091127	0.089181	0.028935	0.030954	-0.001023	-0.001025	0.001430	0.001433	470.219566	416.330732	1064.968001	1000.876593	-0.082285	-0.073097	-0.088393	-0.082577	
0.002016	10.065698	-1.157887	45.752862	45.738201	43.245444	43.245381	-0.000011	9.457668	0.002998	11.484530	10.656906	21.000000	21.000000	9.458578	0.002910	-0.000198	0.088352	0.088031	0.028706	0.028731	0.000302	0.000302	0.000324	0.000324	492.114892	423.837601	1061.643932	980.439954	-0.102937	-0.101448	-0.119442	-0.109183	
-0.005852	10.462884	0.183573	46.485628	46.708041	44.061922	44.061834	-0.000009	9.495729	0.000283	11.937274	10.796403	21.000000	21.000000	9.510617	0.001186	-0.004991	0.099394	0.105362	0.042073	0.042739	-0.000269	-0.000269	0.000527	0.000528	442.836003	453.660793	1025.768652	1038.642860	0.014240	0.018210	0.017216	0.017432	
-0.000254	10.468116	-0.549705	47.006689	46.971610	44.359537	44.359423	-0.000009	9.458262	-0.005452	10.830151	11.115707	21.000000	21.000000	9.495064	-0.002575	-0.000837	0.113835	0.113124	0.051110	0.051221	-0.000329	-0.000329	-0.000204	-0.000204	464.183549	431.768995	1051.323642	1012.772160	-0.051619	-0.042065	-0.053621	-0.051448	
0.001307	10.749652	-0.333709	47.902252	47.509461	44.894313	44.894205	-0.000008	9.767356	0.002676	10.938806	10.493417	21.000000	21.000000	9.728062	0.000700	0.000994	0.107999	0.098776	0.038424	0.038292	0.000159	0.000159	-0.000006	-0.000006	452.682999	433.005106	1055.397306	1031.993870	-0.031245	-0.027496	-0.030475	-0.029799	
0.015507	10.567864	0.001411	48.477521	48.170580	45.458598	45.458532	-0.000009	9.828666	0.000892	10.833606	10.832704	21.000000	21.000000	9.830282	0.000630	0.013280	0.110491	0.101642	0.041335	0.039619	0.001111	0.001109	-0.000974	-0.000972	448.398304	448.481526	1040.958516	1041.057494	0.000120	0.000124	0.000131	0.000131	
-0.006916	10.873745	0.492936	49.119516	48.670314	46.061675	46.061648	-0.000011	9.770898	-0.005655	10.634900	11.053965	21.000000	21.000000	9.809595	-0.003554	-0.004165	0.126349	0.116627	0.056230	0.056777	-0.000677	-0.000678	-0.000036	-0.000036	425.870569	454.937591	1031.167739	1065.737914	0.040837	0.039583	0.044486	0.045980	
0.002221	10.982228	-0.870664	49.258527	48.805490	46.200750	46.200753	-0.000011	10.298978	0.011232	9.847142	10.894981	21.000000	21.000000	10.209741	0.005464	0.001325	0.085634	0.075479	0.018242	0.018081	0.000645	0.000645	0.000436	0.000436	467.028886	415.688309	1089.681685	1028.620986	-0.076717	-0.060492	-0.082269	-0.077328	
0.012685	10.979654	0.218692	49.941794	49.616700	46.952880	46.952897	-0.000011	10.281802	0.006308	11.482546	10.988422	21.000000	21.000000	10.290655	0.005420	0.010923	0.092660	0.084142	0.027266	0.025937	0.001354	0.001352	-0.000288	-0.000288	435.750686	448.646312	1053.055865	1068.392973	0.016431	0.018666	0.019732	0.020009	
-0.016188	9.840680	-0.010648	50.041529	50.042460	47.375131	47.375134	-0.000011	10.234942	0.000198	10.766928	11.548301	21.000000	21.000000	10.273743	0.001624	-0.012337	0.095132	0.096758	0.036779	0.038299	-0.000752	-0.000753	0.001079	0.001081	471.566568	470.938661	1031.537765	1030.790978	-0.000914	-0.000940	-0.001091	-0.001090	
0.009224	10.475284	0.635513	50.863308	50.709831	48.016178	48.016146	-0.000011	10.222556	-0.004533	11.277969	11.600362	21.000000	21.000000	10.257626	-0.001648	0.006257	0.116097	0.111901	0.053622	0.052838	0.000319	0.000318	-0.000629	-0.000629	436.082507	473.556888	1024.831291	1069.400558	0.054486	0.054045	0.058543	0.061170	
-0.005973	10.748339	-0.925619	50.903607	50.993860	48.105280	48.105220	-0.000010	10.380863	-0.002435	10.233069	11.432463	21.000000	21.000000	10.376530	-0.002206	-0.004265	0.103494	0.106005	0.042832	0.043354	-0.000518	-0.000519	0.000103	0.000103	476.250641	421.669523	1089.001961	1024.087200	-0.079702	-0.066689	-0.090004	-0.084035	
-0.016571	11.263307	-0.650726	51.555674	51.747502	48.653246	48.653157	-0.000009	10.518127	-0.001178	11.290073	10.535586	21.000000	21.000000	10.510130	-0.001180	-0.014613	0.102764	0.108747	0.040682	0.042447	-0.001170	-0.001172	0.000954	0.000956	456.237986	417.866500	1095.329761	1049.693542	-0.050908	-0.052748	-0.058086	-0.055772	
-0.030866	10.827193	0.041997	51.979180	52.547675	49.305466	49.305342	-0.000007	10.653724	0.000014	10.979139	10.458056	21.000000	21.000000	10.646465	0.000378	-0.028082	0.096752	0.112320	0.040337	0.043687	-0.001979	-0.001985	0.002057	0.002063	448.346671	450.823094	1062.702268	1065.647543	0.003165	0.003869	0.003808	0.003818	
-0.012203	10.305772	-0.156249	52.502841	52.838401	49.734687	49.734528	-0.000007	10.674834	-0.003373	10.877413	10.926610	21.000000	21.000000	10.693566	-0.000609	-0.013970	0.103816	0.112643	0.045619	0.047283	-0.001052	-0.001053	0.000945	0.000946	468.035810	458.822241	1057.271889	1046.313949	-0.014161	-0.012667	-0.015073	-0.014903	
0.014758	10.974671	-0.708952	52.834255	53.008347	50.075060	50.074896	-0.000006	10.777587	-0.003495	11.049444	10.954618	21.000000	21.000000	10.782050	-0.001764	0.010735	0.103216	0.105508	0.045602	0.044330	0.000607	0.000606	-0.000928	-0.000927	468.059760	426.254889	1095.688701	1045.969068	-0.057086	-0.049557	-0.067635	-0.064390	
-0.014042	10.293800	-0.565907	53.301098	53.491016	50.589219	50.589072	-0.000006	10.921428	-0.001973	11.157864	10.527991	21.000000	21.000000	10.914482	-0.002130	-0.010534	0.098146	0.103357	0.042274	0.043499	-0.000929	-0.000930	0.000545	0.000546	482.648141	449.278221	1076.046660	1036.358936	-0.048993	-0.049066	-0.054925	-0.052762	
-0.034038	11.590641	0.800485	54.120654	54.281224	51.409068	51.408944	-0.000006	10.988319	-0.003530	11.442774	10.905577	21.000000	21.000000	10.995141	-0.002154	-0.030255	0.105647	0.112656	0.050251	0.053780	-0.002298	-0.002305	0.001913	0.001919	409.920623	457.122934	1063.145482	1119.284433	0.055260	0.063907	0.067325	0.070480	
0.000008	10.830029	-0.701197	54.250137	54.214342	51.511738	51.511634	-0.000007	11.300386	0.004721	10.045095	11.040097	21.000000	21.000000	11.255998	0.003301	-0.003922	0.084194	0.083939	0.029467	0.029903	0.000033	0.000033	0.000561	0.000561	476.414329	435.066758	1102.027616	1052.851862	-0.061773	-0.047234	-0.067090	-0.063788	
-0.010857	10.264488	-0.439440	54.902289	54.699498	52.055109	52.055016	-0.000007	11.198832	-0.003573	11.707838	11.085019	21.000000	21.000000	11.237623	-0.000715	-0.009717	0.098676	0.095773	0.041699	0.042797	-0.000720	-0.000721	0.000600	0.000600	483.010929	457.098400	1077.933566	1047.115113	-0.038200	-0.036369	-0.042916	-0.041596	
-0.009342	10.836628	-0.496297	55.032224	55.140249	52.518695	52.518604	-0.000007	11.458289	0.002574	11.494170	11.236860	21.000000	21.000000	11.430621	0.001736	-0.009202	0.082721	0.085912	0.033269	0.034283	-0.000459	-0.000459	0.000769	0.000770	472.052119	442.786896	1098.926588	1064.120688	-0.035714	-0.037879	-0.047933	-0.046321	
-0.012622	11.113883	-0.153142	55.774409	55.688218	53.082060	53.081979	-0.000007	11.716918	0.008689	11.731929	11.284223	21.000000	21.000000	11.675205	0.006180	-0.011936	0.074193	0.073871	0.022339	0.023614	-0.000248	-0.000248	0.001313	0.001315	457.459268	448.428909	1099.590025	1088.849982	-0.011851	-0.011410	-0.013851	-0.013718	
-0.012338	10.825694	-0.703564	56.218629	56.053304	53.421803	53.421716	-0.000007	11.512440	-0.003720	11.750249	11.768279	21.000000	21.000000	11.576653	0.000577	-0.012019	0.091955	0.090124	0.037631	0.038945	-0.000739	-0.000740	0.000846	0.000847	480.011046	438.523868	1109.234035	1059.892243	-0.055962	-0.049464	-0.067937	-0.064691	
0.011774	10.360824	0.173179	57.086177	56.782801	54.118168	54.118065	-0.000007	11.763157	0.002079	11.863172	11.273989	21.000000	21.000000	11.744813	0.001876	0.008429	0.094101	0.087334	0.037217	0.036307	0.000717	0.000717	-0.000391	-0.000391	467.915744	478.127639	1070.441198	1082.586474	0.014559	0.015133	0.016153	0.016340	
-0.008225	9.729142	-0.455997	57.575487	57.279054	54.437868	54.437752	-0.000007	11.756971	-0.002397	11.539370	12.090423	21.000000	21.000000	11.778410	-0.001082	-0.005880	0.099515	0.094521	0.039596	0.040227	-0.000468	-0.000469	0.000291	0.000291	503.038396	476.149554	1077.081009	1045.101401	-0.043195	-0.038156	-0.046725	-0.045086	
0.001303	10.039604	-0.037498	58.354734	57.875230	55.019349	55.019234	-0.000006	11.900194	-0.000897	12.042786	11.847672	21.000000	21.000000	11.894452	-0.000651	0.000340	0.103880	0.094771	0.040785	0.040747	-0.000027	-0.000027	-0.000077	-0.000077	484.017324	481.806193	1073.084380	1070.454624	-0.003295	-0.003139	-0.003678	-0.003668	
-0.003548	10.429157	0.101810	58.956022	58.648496	55.530858	55.530755	-0.000007	11.892695	-0.005425	11.623736	12.028780	21.000000	21.000000	11.916643	-0.003412	-0.002957	0.112989	0.107519	0.048328	0.048644	-0.000470	-0.000470	-0.000096	-0.000096	470.163951	476.167419	1078.714207	1085.854288	0.008277	0.008523	0.009585	0.009652	
0.016859	10.116949	0.949019	59.884404	59.515172	56.219197	56.219118	-0.000007	12.311429	0.007096	11.195320	11.718703	21.000000	21.000000	12.243327	0.003003	0.013910	0.101280	0.092974	0.033877	0.032443	0.001125	0.001124	-0.000627	-0.000626	456.875994	512.836978	1048.796862	1115.352733	0.085258	0.088035	0.085606	0.091149	
-0.004090	9.512248	0.877811	60.445564	60.201369	56.677777	56.677726	-0.000007	12.250924	0.000447	11.093347	12.690316	21.000000	21.000000	12.272861	0.000693	-0.001650	0.108066	0.103770	0.038996	0.039166	-0.000039	-0.000039	0.000160	0.000160	474.824763	526.586773	1036.497837	1098.059758	0.081964	0.080320	0.085662	0.091622	
-0.018533	10.006798	0.227716	60.720595	60.638950	56.991432	56.991398	-0.000008	12.334174	-0.000451	11.202964	12.661358	21.000000	21.000000	12.342100	0.000175	-0.015960	0.106081	0.106338	0.038151	0.039790	-0.000970	-0.000971	0.001006	0.001007	482.101084	495.528855	1073.663842	1089.633843	0.019263	0.017998	0.022644	0.023040	
0.006258	10.688092	0.360050	61.151010	61.568989	57.500571	57.500523	-0.000008	12.453611	0.000100	11.437942	12.053733	21.000000	21.000000	12.450929	0.000821	0.003222	0.105231	0.112434	0.039253	0.038925	0.000272	0.000272	-0.000133	-0.000133	461.982015	483.213157	1089.165877	1114.416633	0.026616	0.030972	0.032749	0.033529	
0.002419	11.004412	-0.680848	61.313762	62.191996	57.716333	57.716218	-0.000008	12.543388	-0.000533	11.145841	11.760230	21.000000	21.000000	12.546769	-0.000197	0.002480	0.099666	0.115149	0.035146	0.034895	0.000144	0.000144	-0.000167	-0.000167	485.675073	445.527407	1136.147067	1088.398391	-0.051092	-0.050997	-0.063144	-0.060353	
-0.004304	10.696007	-0.233928	61.913469	62.992250	58.303870	58.303647	-0.000005	12.558573	-0.004146	11.770558	10.956805	21.000000	21.000000	12.581604	-0.002605	-0.003322	0.107036	0.126688	0.042495	0.042827	-0.000404	-0.000404	-0.000004	-0.000004	480.817683	467.023627	1113.429489	1097.023854	-0.017927	-0.020434	-0.021385	-0.021070	
0.015477	10.639931	0.061408	62.375909	63.656470	58.853253	58.852918	-0.000002	12.757793	-0.000394	11.466507	11.018677	21.000000	21.000000	12.741563	-0.001096	0.012710	0.102151	0.123410	0.039907	0.038637	0.000682	0.000681	-0.000852	-0.000851	475.438367	479.059395	1105.637617	1109.944201	0.004648	0.005271	0.005628	0.005650	
-0.001466	10.857069	0.653044	63.099322	64.135531	59.476413	59.476000	0.000001	12.980665	0.004304	11.434469	11.215856	21.000000	21.000000	12.949555	0.001554	0.000414	0.096379	0.114340	0.033430	0.033382	0.000144	0.000144	0.000095	0.000095	454.917862	493.426018	1095.741649	1141.540412	0.050148	0.051208	0.057834	0.060215	
0.018063	9.546106	0.051518	63.421693	64.325667	59.801039	59.800610	0.000001	13.194127	0.008626	11.186258	11.645436	21.000000	21.000000	13.162243	0.005495	0.015382	0.084926	0.098822	0.022989	0.021524	0.001314	0.001313	-0.000480	-0.000479	508.872124	511.910016	1088.694276	1092.307321	0.004741	0.004328	0.005246	0.005267	
-0.003899	11.064681	0.193334	63.911812	64.753590	60.311346	60.310952	0.000001	13.093310	0.000375	12.122926	11.901666	20.666698	20.666698	13.131850	0.001427	-0.001274	0.094995	0.109548	0.033308	0.033424	0.000033	0.000033	0.000183	0.000183	465.364366	476.764728	1121.885356	1135.444107	0.013310	0.013667	0.017835	0.018053	
0.011169	10.521671	-0.983407	63.986669	64.977133	60.491912	60.491573	0.000000	12.950041	-0.009575	11.530094	11.399983	20.984526	20.984526	13.018603	-0.005171	0.009352	0.106364	0.122505	0.045938	0.045016	0.000154	0.000154	-0.000949	-0.000948	512.606291	454.617586	1146.293139	1077.325646	-0.076817	-0.071524	-0.097459	-0.090874	
0.002046	10.837370	-0.580809	64.732191	65.659365	61.011668	61.011360	0.000000	13.439740	0.005813	12.158559	10.561056	20.999685	20.999685	13.365677	0.001143	0.002949	0.089859	0.105172	0.027219	0.026937	0.000254	0.000254	-0.000084	-0.000084	496.910318	462.661661	1149.322738	1108.589909	-0.044921	-0.048732	-0.052375	-0.050549	
0.009019	11.433978	0.394346	65.428459	66.320634	61.767494	61.767216	0.000000	13.389409	-0.000403	12.013549	10.860890	20.607250	20.607250	13.409252	-0.000047	0.008058	0.098257	0.112417	0.036805	0.036041	0.000458	0.000458	-0.000465	-0.000465	453.399708	476.653166	1131.585106	1159.241055	0.025994	0.030174	0.034008	0.034755	
-0.025918	10.317478	-0.824735	65.769583	66.166958	61.947304	61.947073	-0.000000	13.643020	0.005525	11.121001	11.049238	20.608976	20.608976	13.615022	0.003034	-0.020977	0.085879	0.094495	0.022771	0.024692	-0.000958	-0.000960	0.001404	0.001407	520.576756	471.944473	1151.187938	1093.348285	-0.073011	-0.056173	-0.081791	-0.077199	
0.000323	10.819052	-0.818710	66.355326	66.394489	62.360338	62.360163	-0.000002	13.708375	0.003942	12.203347	10.837738	20.066757	20.066757	13.710678	0.004469	-0.002512	0.088807	0.089693	0.023254	0.023480	0.000188	0.000188	0.000467	0.000467	508.752485	460.475488	1166.425649	1109.008545	-0.061737	-0.057079	-0.077981	-0.074144	
-0.011693	9.998249	-0.128433	66.817316	66.834728	62.990709	62.990596	-0.000002	13.703364	-0.000439	12.007578	10.784297	19.993327	19.993327	13.730443	0.001534	-0.010264	0.094433	0.095717	0.031755	0.032694	-0.000460	-0.000460	0.000685	0.000686	509.708497	502.135158	1121.701801	1112.694629	-0.009816	-0.010899	-0.012775	-0.012669	
0.018979	10.202832	-1.228787	67.145270	66.737522	63.096525	63.096440	-0.000004	13.737784	-0.003205	11.648988	11.187824	19.687945	19.687945	13.759502	-0.000970	0.014782	0.098702	0.090600	0.032452	0.031098	0.000758	0.000757	-0.000896	-0.000894	537.275716	464.817606	1166.323625	1080.147289	-0.104678	-0.081838	-0.126767	-0.116404	
-0.018470	10.386564	-0.316222	67.893286	67.107013	63.761161	63.761063	-0.000004	14.061242	0.005624	12.117408	10.644776	19.676042	19.676042	14.014423	0.002364	-0.013757	0.089367	0.078041	0.023066	0.024290	-0.000580	-0.000581	0.000922	0.000923	508.960186	490.313446	1146.033230	1123.856172	-0.024519	-0.024274	-0.030406	-0.029834	
-0.003495	10.451911	-0.076195	68.340743	67.418002	64.231683	64.231492	-0.000004	13.943647	-0.003157	11.610413	11.240143	19.323219	19.323219	13.984589	-0.000293	-0.004787	0.099314	0.084924	0.033217	0.033645	-0.000279	-0.000279	0.000242	0.000242	499.817375	495.324357	1138.467357	1133.123693	-0.005678	-0.005590	-0.007386	-0.007352	
0.018511	9.989860	0.117041	68.906446	67.540036	64.727766	64.727379	-0.000003	14.062985	-0.002437	11.268663	11.261094	19.282631	19.282631	14.069109	-0.001439	0.015106	0.102707	0.079426	0.035836	0.034474	0.000725	0.000724	-0.000927	-0.000926	507.078577	513.980131	1122.182156	1130.390355	0.009807	0.008615	0.011667	0.011755	
-0.010399	9.865025	0.072393	69.234020	67.780312	65.119720	65.118943	0.000004	14.326513	0.004089	11.110028	11.538717	19.010033	19.010033	14.289588	0.001202	-0.006847	0.089822	0.067563	0.025058	0.025645	-0.000288	-0.000288	0.000452	0.000452	514.514195	518.782979	1126.723961	1131.800939	0.005848	0.005493	0.007342	0.007377	
0.004834	9.961654	0.030907	69.438548	68.022711	65.548055	65.546761	0.000016	14.365729	0.001677	11.273179	11.711423	18.669432	18.669432	14.371006	0.001749	0.003196	0.087314	0.064855	0.026394	0.026095	0.000277	0.000277	-0.000049	-0.000049	514.347325	516.169819	1132.963175	1135.130715	0.002328	0.002266	0.003186	0.003192	
0.001448	10.563371	-0.087830	69.557484	68.325932	65.928162	65.926269	0.000016	14.268052	-0.006173	11.266855	11.741646	18.495662	18.495662	14.315542	-0.003217	0.001682	0.093326	0.073814	0.036279	0.036101	-0.000150	-0.000150	-0.000315	-0.000315	501.670895	496.491810	1150.989465	1144.829844	-0.006040	-0.006042	-0.008698	-0.008651	
-0.020824	10.362569	0.604642	69.909999	68.870775	66.494997	66.492548	0.000029	14.506769	-0.000517	11.105442	11.481996	18.573223	18.573223	14.486702	-0.001374	-0.017481	0.085007	0.070453	0.032006	0.033489	-0.001049	-0.001051	0.000831	0.000832	488.705129	524.359173	1126.428039	1168.832331	0.042649	0.046703	0.057663	0.059705	
-0.009292	9.570334	-0.473493	69.803488	68.969360	66.636955	66.634110	0.000039	14.608460	-0.000305	10.849937	11.894872	18.254312	18.254312	14.604209	0.000350	-0.010228	0.074969	0.063032	0.026205	0.027038	-0.000553	-0.000553	0.000561	0.000562	542.409220	514.488663	1147.289400	1114.082747	-0.037734	-0.034308	-0.051891	-0.050186	
0.004324	9.569039	1.068111	70.302034	69.643326	67.468399	67.465349	0.000039	14.706111	-0.000244	11.692712	11.645715	17.911314	17.911314	14.704658	0.000513	0.002319	0.075814	0.065529	0.032452	0.032206	0.000117	0.000117	-0.000086	-0.000086	498.363927	561.347381	1096.108058	1171.015938	0.076092	0.090602	0.109097	0.116146	
0.015288	9.749419	-1.395296	69.723467	69.437720	67.248531	67.245473	0.000046	14.852857	0.001803	10.864635	12.340147	17.654764	17.654764	14.840547	0.001025	0.013310	0.057668	0.052181	0.020124	0.018962	0.000712	0.000711	-0.000620	-0.000619	568.240069	485.963399	1191.083207	1093.229399	-0.105357	-0.086265	-0.162668	-0.146885	
0.010664	9.752986	0.580714	70.514852	70.248848	68.125480	68.122794	0.000043	14.772046	-0.005221	12.367822	11.380626	17.503533	17.503533	14.810961	-0.003532	0.010871	0.071703	0.066704	0.035389	0.034421	0.000282	0.000282	-0.000802	-0.000801	509.479449	543.722490	1121.017862	1161.744011	0.041401	0.048757	0.058866	0.060773	
-0.029577	10.377339	-0.372866	70.322595	70.522808	68.275922	68.273912	0.000031	14.963364	-0.001336	11.191157	12.127200	17.358727	17.358727	14.950500	-0.002396	-0.023692	0.057309	0.062372	0.026537	0.028494	-0.001407	-0.001409	0.001055	0.001057	523.516299	501.529456	1174.574933	1148.425402	-0.024638	-0.024775	-0.038809	-0.037942	
0.009313	8.692142	-1.238164	70.622396	70.511247	68.458689	68.457799	0.000031	14.960326	-0.005227	11.790931	11.639709	17.256310	17.256310	14.982350	-0.002717	0.004769	0.060790	0.058709	0.028290	0.027877	0.000032	0.000032	-0.000426	-0.000426	592.700938	519.689924	1162.631440	1075.797519	-0.114537	-0.090798	-0.151608	-0.138476	
0.012265	9.493732	0.551507	71.218550	71.395454	69.305115	69.304758	0.000015	15.268754	0.003359	12.474044	11.627927	16.839884	16.839884	15.221988	0.000682	0.011056	0.053166	0.054847	0.024870	0.023957	0.000587	0.000587	-0.000513	-0.000512	522.749924	555.270723	1127.589844	1166.267686	0.037626	0.047189	0.058428	0.060236	
-0.015149	9.567939	0.133739	71.465709	71.571265	69.602298	69.602796	-0.000001	15.404332	0.005036	11.570261	12.327704	16.610541	16.610541	15.383841	0.002748	-0.011414	0.044766	0.047256	0.017524	0.018453	-0.000390	-0.000390	0.000748	0.000748	535.474756	543.360952	1149.037579	1158.416839	0.009913	0.009203	0.014775	0.014901	
0.018956	9.634926	-0.266871	71.902738	71.751497	69.861652	69.862323	-0.000001	15.356428	-0.000585	11.904384	12.251557	16.370322	16.370322	15.385285	0.001123	0.014599	0.052141	0.048713	0.022274	0.021101	0.000803	0.000802	-0.000656	-0.000655	545.588566	529.851965	1164.847417	1146.131463	-0.020397	-0.017812	-0.029500	-0.029024	
-0.044425	8.398756	0.039807	72.219753	72.311586	70.313312	70.313559	-0.000003	15.503513	0.001655	12.034971	12.112211	16.260502	16.260502	15.498384	0.000921	-0.035826	0.046984	0.051276	0.019346	0.022229	-0.001709	-0.001714	0.001831	0.001836	569.885770	572.233059	1125.835538	1128.627230	0.003205	0.003454	0.004862	0.004875	
-0.009060	8.341073	1.494238	72.933624	73.106110	71.048364	71.049020	-0.000006	15.624848	0.002893	12.181978	12.407990	15.853372	15.853372	15.614890	0.004160	-0.012516	0.050411	0.053925	0.023259	0.024269	-0.000343	-0.000343	0.000881	0.000882	530.174723	618.285709	1076.937313	1181.730027	0.116156	0.135714	0.172136	0.188564	
0.015968	9.219821	-0.471906	72.827691	72.988309	70.940675	70.941998	-0.000020	15.692638	0.001997	11.509271	12.992754	15.604816	15.604816	15.693966	0.003258	0.011902	0.044594	0.045929	0.017527	0.016605	0.000810	0.000809	-0.000375	-0.000374	566.757584	538.930604	1170.868947	1137.773588	-0.035796	-0.029736	-0.057758	-0.055901	
-0.013021	8.320963	-0.783982	73.161761	73.354039	71.209320	71.211142	-0.000020	15.791106	0.002359	12.393265	12.197641	15.601065	15.601065	15.789948	0.001986	-0.009481	0.042142	0.045647	0.014331	0.015100	-0.000315	-0.000315	0.000586	0.000587	600.425532	554.196349	1161.741109	1106.759525	-0.065339	-0.061665	-0.101181	-0.095829	
-0.007058	7.833170	0.932727	73.796908	74.365622	71.996881	71.999680	-0.000030	15.798630	-0.000893	12.732226	12.236319	15.287266	15.287266	15.816102	0.000776	-0.007272	0.049541	0.058223	0.023941	0.024555	-0.000273	-0.000274	0.000402	0.000402	562.709077	617.709332	1089.847904	1155.261154	0.071929	0.094209	0.117485	0.124674	
0.010010	8.004773	-0.227981	73.990075	74.388982	72.091284	72.095762	-0.000062	15.947650	0.001487	11.992934	12.847112	15.045298	15.045298	15.935174	0.001490	0.007529	0.045019	0.050048	0.018201	0.017678	0.000519	0.000518	-0.000269	-0.000269	594.292877	580.849465	1138.686608	1122.698004	-0.019705	-0.016831	-0.031319	-0.030793	
0.009506	8.489627	0.397809	74.689739	74.869645	72.597383	72.602231	-0.000062	15.864325	-0.005401	12.560190	12.478020	14.903009	14.903009	15.899700	-0.003229	0.009109	0.057320	0.059126	0.027700	0.027051	0.000299	0.000299	-0.000643	-0.000643	562.878251	586.335923	1128.064207	1155.963033	0.031443	0.030895	0.049029	0.050251	
-0.000458	8.320912	0.360320	74.970223	75.352676	72.941095	72.945560	-0.000068	16.126532	0.001595	12.113721	12.585265	14.872423	14.872423	16.093257	-0.000754	0.000812	0.048192	0.053474	0.019822	0.019821	0.000060	0.000060	-0.000086	-0.000086	571.200347	592.447415	1131.170038	1156.439734	0.027538	0.029092	0.045646	0.046738	
0.012149	9.610172	-0.189815	75.288656	75.570754	73.165303	73.169847	-0.000071	16.284054	0.004434	12.272210	12.646407	14.624795	14.624795	16.258831	0.002198	0.010415	0.042299	0.045388	0.012904	0.012175	0.000698	0.000697	-0.000357	-0.000356	556.848001	545.655156	1188.825454	1175.513509	-0.012991	-0.012019	-0.021913	-0.021682	
0.011454	7.331750	0.020278	75.649889	76.005172	73.591787	73.596235	-0.000072	16.227617	-0.001261	12.427598	12.374051	14.594044	14.594044	16.257465	-0.000708	0.011142	0.047417	0.051457	0.018921	0.018131	0.000555	0.000554	-0.000570	-0.000569	609.077843	610.273561	1122.969659	1124.391759	0.001747	0.001802	0.002937	0.002942	
-0.028493	9.218521	0.042151	76.011545	76.395703	73.945691	73.950362	-0.000072	16.330034	-0.000574	12.612527	12.703236	14.177747	14.177747	16.330209	-0.001042	-0.022747	0.046409	0.053486	0.017970	0.019765	-0.001060	-0.001062	0.001004	0.001006	561.140479	563.625980	1172.943589	1175.899660	0.002847	0.002859	0.005079	0.005092	
-0.020314	8.125680	-0.561590	76.255398	76.541186	74.163362	74.168175	-0.000079	16.607222	0.007121	12.412823	12.464367	14.271430	14.271430	16.563892	0.005376	-0.020380	0.035058	0.040498	0.006662	0.008240	-0.000541	-0.000542	0.001268	0.001270	610.560065	577.444689	1173.676890	1134.291903	-0.044822	-0.040853	-0.077381	-0.074483	
-0.019146	7.316203	0.491031	76.943281	77.190713	74.751114	74.755665	-0.000077	16.474944	-0.001510	12.934630	12.523870	13.897016	13.897016	16.514846	0.002388	-0.019028	0.047547	0.052394	0.017702	0.019195	-0.000662	-0.000663	0.001028	0.001030	599.532386	628.487104	1114.398642	1148.835250	0.040900	0.044224	0.070159	0.072507	
0.009529	8.836038	0.673088	77.339097	77.544430	75.172420	75.176468	-0.000077	16.594957	-0.000019	12.513662	12.904065	13.695637	13.695637	16.593328	0.001875	0.005535	0.048906	0.051263	0.019520	0.019160	0.000447	0.000446	-0.000143	-0.000143	556.390946	596.081059	1149.568292	1196.772787	0.045805	0.046849	0.083936	0.087167	
0.030501	8.191129	0.407942	77.757515	77.800899	75.432089	75.435384	-0.000071	16.733934	0.002284	12.263251	12.816952	13.729479	13.729479	16.721686	0.001408	0.026676	0.047292	0.045839	0.015971	0.014040	0.001381	0.001378	-0.001141	-0.001139	582.746299	606.801455	1146.548530	1175.157960	0.031696	0.030004	0.053915	0.055321	
-0.010131	7.795348	-0.106862	77.956718	78.095295	75.641892	75.644206	-0.000055	16.651881	-0.004193	12.474934	12.868573	13.490124	13.490124	16.687448	-0.003560	-0.005013	0.050912	0.053167	0.019707	0.020112	-0.000389	-0.000389	0.000017	0.000017	607.543265	601.241932	1153.317775	1145.823434	-0.008324	-0.008166	-0.015448	-0.015330	
0.002634	8.356872	0.135067	78.277324	78.535064	76.065559	76.067683	-0.000051	16.847643	0.000456	12.728748	12.687695	13.373760	13.373760	16.828363	-0.000745	0.001545	0.046649	0.049977	0.017075	0.016990	0.000077	0.000077	-0.000115	-0.000115	588.209840	596.174353	1163.905187	1173.377591	0.009480	0.009964	0.018127	0.018271	
-0.010512	8.894983	0.361919	78.664607	78.969798	76.455236	76.457920	-0.000051	17.014234	0.003938	12.624094	12.740765	13.262474	13.262474	16.990251	0.002064	-0.008758	0.041419	0.046117	0.012170	0.012842	-0.000223	-0.000224	0.000517	0.000517	570.272305	591.613613	1175.163804	1200.545582	0.024166	0.025099	0.045066	0.045954	
0.000636	6.919423	0.413498	79.073381	79.295018	76.809672	76.812887	-0.000060	17.021140	0.001033	12.545299	12.798942	13.137436	13.137436	17.034752	0.001873	-0.000648	0.044400	0.047376	0.014501	0.014591	0.000141	0.000141	0.000139	0.000139	620.133978	644.516765	1124.175334	1153.174423	0.035456	0.035189	0.065116	0.067152	
0.001374	8.211952	-0.303542	79.242624	79.442302	76.971518	76.974770	-0.000062	17.078322	0.000155	12.797536	12.856388	12.856388	12.856388	17.084329	0.000770	0.001076	0.043663	0.046212	0.013751	0.013716	0.000155	0.000155	-0.000003	-0.000003	608.908793	591.009777	1184.145495	1162.857725	-0.021765	-0.020878	-0.043337	-0.042510	
-0.019678	7.868930	-1.048360	79.375275	79.594392	77.123137	77.126337	-0.000062	16.974286	-0.007150	13.962028	9.437248	13.962028	13.962028	17.019336	-0.003915	-0.016579	0.048738	0.052884	0.018982	0.020236	-0.000915	-0.000916	0.000517	0.000518	638.633613	576.814810	1199.273751	1125.751022	-0.073157	-0.101943	-0.144739	-0.135031	
-0.000108	8.101640	0.044536	80.030411	80.210426	77.714325	77.717518	-0.000062	17.101003	-0.005194	10.864087	10.072243	15.184511	15.184511	17.100305	-0.003512	-0.002332	0.052925	0.055469	0.022454	0.022666	-0.000248	-0.000249	-0.000101	-0.000101	601.730670	604.356807	1169.649961	1172.773296	0.004031	0.004361	0.005087	0.005100	
-0.015603	7.444237	-0.040508	80.719300	79.638560	78.165364	78.165475	-0.000051	17.087820	-0.008821	10.346197	10.488549	15.036394	15.036394	17.109740	-0.006277	-0.013576	0.060978	0.047786	0.027409	0.028405	-0.000925	-0.000926	0.000242	0.000242	621.252011	618.863343	1156.087696	1153.246790	-0.004768	-0.003029	-0.005377	-0.005358	
-0.008745	7.285692	0.531344	80.665031	79.746504	78.824766	78.815560	0.000092	17.273493	-0.004281	10.394991	10.705185	14.804840	14.804840	17.252556	-0.003915	-0.009283	0.051652	0.040359	0.027660	0.028214	-0.000731	-0.000732	0.000186	0.000186	610.748176	642.080038	1136.817727	1174.081536	0.045447	0.048970	0.072963	0.075406	
-0.012851	8.599836	0.804151	80.555211	80.052977	79.261115	79.244352	0.000092	17.485751	0.001573	10.301048	11.075120	14.536653	14.536653	17.448162	0.000264	-0.012189	0.038344	0.032751	0.021664	0.022319	-0.000612	-0.000613	0.000551	0.000552	572.161837	619.580364	1167.668526	1224.064628	0.057772	0.065709	0.093463	0.097536	
-0.020214	7.951930	-0.665115	80.212158	80.015440	79.229059	79.210803	0.000187	17.524623	0.000556	10.204838	11.138138	14.461631	14.461631	17.526859	0.001416	-0.018834	0.029044	0.027867	0.016432	0.017531	-0.000931	-0.000932	0.000905	0.000906	633.384911	594.164989	1205.289291	1158.644005	-0.056299	-0.052743	-0.086995	-0.083140	
0.021484	6.904089	0.220326	80.573417	80.645127	79.766408	79.752104	0.000161	17.510654	-0.002701	11.093647	10.799361	14.216796	14.216796	17.533095	-0.000037	0.015774	0.034556	0.034341	0.024194	0.022887	0.000528	0.000527	-0.000693	-0.000692	634.259599	647.251586	1147.578195	1163.029907	0.020417	0.023764	0.030055	0.030524	
0.002967	7.115484	-0.090962	80.709620	80.948310	80.016638	80.009653	0.000161	17.925058	0.010929	10.880006	11.265667	13.924889	13.924889	17.849354	0.005565	0.004645	0.017546	0.020232	0.008810	0.008401	0.000350	0.000350	0.000112	0.000112	643.235462	637.871695	1174.973695	1168.594427	-0.008336	-0.008391	-0.012621	-0.012568	
-0.031670	6.884094	-0.129663	81.164728	81.215872	80.310581	80.309847	0.000060	17.699218	-0.001258	11.221761	11.322275	13.649077	13.649077	17.751096	0.001306	-0.026272	0.027857	0.030364	0.017040	0.018869	-0.001121	-0.001123	0.001208	0.001211	648.680024	641.034191	1166.938669	1157.845278	-0.012917	-0.011823	-0.018512	-0.018381	
-0.015430	7.698568	0.602136	81.687829	81.802314	80.788373	80.790187	0.000004	17.839413	0.001160	11.245852	11.312044	13.540803	13.540803	17.834847	0.003013	-0.016678	0.029966	0.032587	0.018625	0.019811	-0.000552	-0.000553	0.000886	0.000887	607.602005	643.108232	1165.115222	1207.343713	0.050438	0.054013	0.075584	0.078214	
0.027424	7.465392	-0.482825	81.820739	81.903910	80.810606	80.814078	-0.000027	17.906332	0.000644	10.900058	11.504989	13.460590	13.460590	17.907621	0.002291	0.021080	0.028774	0.028342	0.016073	0.014658	0.001059	0.001058	-0.000776	-0.000775	646.785350	618.314509	1199.749043	1165.887922	-0.044009	-0.039090	-0.066247	-0.064189	
-0.017166	8.099837	0.590288	82.455911	82.516458	81.390510	81.394531	-0.000027	17.997001	0.001104	11.430029	11.262506	13.294626	13.294626	17.993549	0.000274	-0.011752	0.030658	0.032237	0.017341	0.018202	-0.000459	-0.000459	0.000516	0.000517	600.310923	635.118505	1181.442479	1222.840052	0.046720	0.049622	0.071487	0.073638	
-0.004683	6.972463	-0.414895	82.470605	82.640577	81.455116	81.459675	-0.000038	18.139553	0.003672	10.978531	11.571432	13.185288	13.185288	18.124314	0.003094	-0.005595	0.023619	0.026115	0.011015	0.011452	-0.000028	-0.000028	0.000408	0.000408	661.069518	636.604344	1192.437995	1163.340920	-0.038026	-0.035586	-0.061476	-0.059713	
0.007189	6.093365	-0.489781	82.861998	82.912366	81.740783	81.746044	-0.000058	17.897794	-0.009117	11.628751	11.472061	12.885851	12.885851	17.967245	-0.004067	0.005395	0.037853	0.038104	0.023810	0.023501	0.000063	0.000063	-0.000457	-0.000457	683.182855	654.301864	1166.912074	1132.563152	-0.051026	-0.047350	-0.081777	-0.078800	
-0.012264	7.709129	-0.291477	83.172273	83.333636	82.099610	82.104753	-0.000058	18.043233	-0.006362	11.685246	11.501398	12.750447	12.750447	18.039703	-0.005535	-0.009701	0.037025	0.039719	0.023651	0.024387	-0.000661	-0.000661	0.000106	0.000106	637.106640	619.919083	1203.983252	1183.541638	-0.023150	-0.023710	-0.039710	-0.039058	
-0.013658	6.839082	-0.150058	83.638462	83.686250	82.420246	82.425571	-0.000064	18.099439	-0.007139	11.486373	11.409112	12.790691	12.790691	18.103508	-0.005537	-0.012935	0.039050	0.040551	0.023916	0.024875	-0.000790	-0.000791	0.000242	0.000243	656.330971	647.482487	1178.985093	1168.461358	-0.014082	-0.013476	-0.022092	-0.021880	
0.001376	7.774205	-1.048592	83.798088	83.781540	82.496416	82.500401	-0.000059	18.378504	0.001078	11.552822	11.585034	12.561092	12.561092	18.330069	-0.000543	-0.000613	0.028593	0.028432	0.012616	0.012706	0.000004	0.000004	-0.000004	-0.000004	662.686662	600.854193	1242.636576	1169.097593	-0.086247	-0.076430	-0.146130	-0.137294	
-0.000963	7.455086	-0.765090	84.174523	84.148163	82.889105	82.891239	-0.000036	18.409402	-0.000547	11.916838	11.344674	12.468951	12.468951	18.409029	-0.000498	-0.000911	0.028772	0.028512	0.013062	0.013149	-0.000029	-0.000029	0.000011	0.000011	663.867273	618.752094	1227.376098	1173.719429	-0.062660	-0.061529	-0.108968	-0.104320	
0.009277	6.873840	-0.136852	84.652633	84.645441	83.338294	83.339068	-0.000036	18.479529	-0.000531	11.890205	11.521771	12.281503	12.281503	18.480479	-0.000540	0.007765	0.030911	0.030295	0.014905	0.014394	0.000329	0.000329	-0.000352	-0.000352	661.484068	653.414276	1193.041294	1183.443678	-0.011833	-0.012198	-0.020507	-0.020332	
-0.019649	6.218348	0.539646	85.219217	85.083378	83.810478	83.809849	-0.000020	18.557884	-0.000131	11.747487	11.811888	12.072015	12.072015	18.555852	-0.000615	-0.015673	0.032798	0.032215	0.015725	0.016765	-0.000661	-0.000661	0.000615	0.000615	659.655186	691.476570	1155.263597	1193.109606	0.050863	0.050875	0.087013	0.090107	
0.003140	6.877506	0.191223	85.478983	85.322266	84.015873	84.012955	0.000012	18.733597	0.004250	11.658785	11.922350	11.922350	11.922350	18.706505	0.003335	0.000522	0.028150	0.026230	0.010552	0.010482	0.000188	0.000188	0.000157	0.000157	655.638593	666.914458	1189.936815	1203.347499	0.016191	0.015972	0.029283	0.029621	
-0.004567	7.611471	0.588754	85.869748	85.800501	84.402452	84.398121	0.000012	18.652668	-0.001576	12.563863	9.559443	12.600823	12.600823	18.681413	0.000271	-0.003798	0.034092	0.033514	0.016422	0.016622	-0.000153	-0.000153	0.000171	0.000171	624.652956	659.370119	1193.897363	1235.187398	0.041380	0.060158	0.075480	0.077825	
-0.001421	6.268753	-0.170263	85.953410	85.975949	84.503230	84.499358	0.000031	18.595456	-0.006469	12.338432	9.604155	12.577328	12.577328	18.633452	-0.003511	-0.001698	0.037835	0.038222	0.020325	0.020391	-0.000290	-0.000290	-0.000119	-0.000119	680.639271	670.599323	1184.301637	1172.360862	-0.014363	-0.019625	-0.026894	-0.026567	
-0.017122	6.365506	-0.620574	86.345203	85.678348	84.775180	84.768931	0.000031	18.722686	-0.003981	12.467709	9.626285	12.467709	12.467709	18.716463	-0.003365	-0.014791	0.037499	0.030479	0.018634	0.019541	-0.000817	-0.000817	0.000427	0.000427	692.880646	656.287172	1205.637615	1162.116034	-0.056566	-0.056800	-0.102410	-0.097979	
0.019599	6.660842	-0.656550	86.695673	85.769052	85.085911	85.068871	0.000182	18.781859	-0.003845	10.158771	10.321069	13.240500	13.240500	18.781451	-0.002706	0.014679	0.039101	0.027015	0.019807	0.018631	0.000274	0.000273	-0.000744	-0.000744	687.502459	648.787591	1216.882985	1170.838374	-0.070568	-0.059458	-0.093857	-0.089769	
-0.004712	6.655760	-0.621449	87.066889	86.003190	85.398345	85.368663	0.000182	18.830187	-0.003722	10.169992	10.392896	13.124054	13.124054	18.834377	-0.004083	-0.001979	0.040055	0.027481	0.020124	0.019900	-0.000480	-0.000480	-0.000136	-0.000136	687.526753	650.881663	1217.489080	1173.906109	-0.066129	-0.058001	-0.087942	-0.084323	
0.001317	7.210877	-0.340936	86.948217	86.496056	85.870192	85.833743	0.000362	19.040819	0.003035	10.199014	10.481788	12.980527	12.980527	19.008025	0.000539	0.000858	0.029244	0.023835	0.016483	0.015995	-0.000299	-0.000299	-0.000006	-0.000006	668.082372	647.978352	1228.385637	1204.475398	-0.027915	-0.032079	-0.046698	-0.045735	
0.000372	7.581491	-0.266695	87.034285	86.880875	86.193739	86.161644	0.000359	18.944645	-0.002736	10.193652	10.606529	12.827201	12.827201	18.976408	-0.001370	0.000503	0.031967	0.030115	0.022001	0.021587	-0.000411	-0.000411	-0.000093	-0.000093	655.826430	640.100153	1234.102449	1215.398774	-0.022330	-0.023028	-0.034467	-0.034017	
-0.006187	6.433225	0.406597	87.401987	87.392756	86.647522	86.624739	0.000359	19.141067	0.002794	10.171037	10.599711	12.765505	12.765505	19.120239	0.001349	-0.005155	0.028346	0.028575	0.019469	0.019536	-0.000495	-0.000495	0.000277	0.000277	667.986414	691.962295	1186.452855	1214.968001	0.040344	0.041969	0.057266	0.058825	
-0.037586	7.261390	0.010102	87.552240	87.633684	86.824968	86.811932	0.000247	19.370500	0.009269	10.159435	11.019459	12.439537	12.439537	19.326912	0.006917	-0.032664	0.018216	0.021267	0.009758	0.011690	-0.001186	-0.001188	0.001653	0.001657	662.140025	662.735694	1229.451706	1230.160152	0.000897	0.000849	0.001352	0.001357	
0.010155	6.363525	-0.448971	87.704127	87.829335	86.992998	86.988413	0.000130	19.175876	-0.001505	10.379063	10.922342	12.327905	12.327905	19.228308	0.003849	0.004260	0.026408	0.027596	0.018086	0.017757	0.000240	0.000240	0.000030	0.000030	696.933032	670.458468	1218.761157	1187.274262	-0.045017	-0.041354	-0.068690	-0.066873	
-0.004836	6.520802	1.033725	88.347432	88.582336	87.613892	87.616290	0.000030	19.327859	0.001404	10.647042	10.889719	12.163451	12.163451	19.319439	0.002040	-0.003509	0.028807	0.031771	0.020265	0.020519	-0.000063	-0.000063	0.000245	0.000245	650.822351	711.778192	1174.275144	1246.771530	0.096447	0.106105	0.142025	0.150182	
0.002797	5.896998	0.384501	88.507190	88.725002	87.720708	87.728943	0.000030	19.331518	-0.001751	10.147177	11.350922	12.011200	12.011200	19.343974	-0.000089	0.001920	0.029536	0.031945	0.020388	0.020360	0.000042	0.000042	-0.000081	-0.000081	686.407814	709.080776	1181.976444	1208.941994	0.040816	0.036856	0.061596	0.063422	
0.010731	6.835983	0.388583	88.859758	89.010669	87.986032	87.997257	-0.000051	19.381365	-0.003072	10.501871	11.261781	11.843188	11.843188	19.386424	-0.002106	0.009411	0.031617	0.032757	0.021474	0.020999	0.000315	0.000314	-0.000481	-0.000481	662.968203	685.881835	1207.544302	1234.796087	0.035684	0.033457	0.055167	0.056444	
0.013696	6.209335	-0.099064	88.944542	89.266893	88.129381	88.142556	-0.000089	19.702042	0.006499	10.441272	11.212986	11.822954	11.822954	19.644076	0.002336	0.012899	0.019164	0.022039	0.009824	0.009166	0.000712	0.000712	-0.000385	-0.000385	698.111845	692.270323	1218.506598	1211.559121	-0.009527	-0.009224	-0.015578	-0.015487	
0.011718	6.867286	0.194524	89.339776	89.641949	88.463486	88.479632	-0.000089	19.556976	-0.002563	10.841204	11.258635	11.557458	11.557458	19.591952	-0.001754	0.011735	0.026380	0.029100	0.016313	0.015756	0.000460	0.000459	-0.000549	-0.000549	671.624287	683.094808	1223.068295	1236.710488	0.017165	0.016638	0.027940	0.028260	
-0.018752	5.924605	-0.455201	89.460895	89.757069	88.577633	88.595460	-0.000144	19.564060	-0.005501	10.681591	11.281854	11.534629	11.534629	19.586698	-0.004609	-0.014358	0.027213	0.031535	0.017071	0.018186	-0.000654	-0.000655	0.000327	0.000327	714.865610	688.023709	1221.466758	1189.542978	-0.045934	-0.041255	-0.077521	-0.075155	
0.009467	6.436898	-0.138551	89.900313	90.120268	88.906506	88.924479	-0.000171	19.634275	-0.005814	11.050903	11.206669	11.355872	11.355872	19.637011	-0.004309	0.006087	0.030269	0.032399	0.018879	0.018700	0.000189	0.000189	-0.000457	-0.000457	693.309262	685.139310	1225.454346	1215.737607	-0.012927	-0.012266	-0.021380	-0.021212	
-0.015318	6.566595	-0.023153	90.207496	90.432379	89.210163	89.226930	-0.000168	19.736520	-0.004709	10.922074	11.287847	11.287847	11.287847	19.728282	-0.004729	-0.012229	0.028423	0.031766	0.017053	0.018013	-0.000547	-0.000548	0.000236	0.000236	688.256234	686.890953	1228.285106	1226.661341	-0.002070	-0.001995	-0.003551	-0.003545	
0.002410	7.188544	0.401206	90.666870	90.799106	89.575075	89.590073	-0.000168	19.895026	-0.001213	11.663443	9.161404	11.910248	11.910248	19.871330	-0.001669	0.000347	0.026618	0.028093	0.014256	0.014404	0.000097	0.000097	-0.000097	-0.000097	662.433492	686.091445	1234.956113	1263.093139	0.031196	0.040294	0.052270	0.053288	
-0.000450	4.768103	0.344229	90.934038	91.069142	89.830769	89.843220	-0.000149	19.851489	-0.005644	11.514910	9.329141	11.804878	11.804878	19.872993	-0.004084	-0.000345	0.029535	0.031086	0.017044	0.017207	-0.000070	-0.000070	-0.000192	-0.000192	726.232057	746.530253	1174.931500	1199.072679	0.035848	0.049084	0.062901	0.064560	
-0.014534	6.968900	0.761848	91.479040	91.017483	90.286602	90.292535	-0.000097	20.112591	0.002320	11.541730	9.694566	11.541730	11.541730	20.067598	0.000033	-0.012464	0.025284	0.020884	0.011919	0.012753	-0.000378	-0.000378	0.000478	0.000478	661.091733	706.015732	1224.421647	1277.850942	0.062041	0.065580	0.106503	0.110439	
0.004314	5.984729	-0.287257	91.534486	90.901017	90.305984	90.297871	-0.000097	20.037034	-0.002635	9.266345	10.342003	12.276802	12.276802	20.060537	-0.000764	0.001967	0.026717	0.019489	0.012937	0.012725	0.000134	0.000134	-0.000113	-0.000113	717.136306	700.197597	1235.683681	1215.538029	-0.032974	-0.026689	-0.043944	-0.042916	
0.004482	7.371074	-0.233641	91.847709	91.210569	90.575408	90.554192	0.000093	20.154149	0.000595	9.813712	10.214064	12.067266	12.067266	20.146233	-0.000143	0.004063	0.025913	0.018545	0.011702	0.011216	0.000055	0.000055	-0.000162	-0.000162	681.601236	667.824106	1272.770141	1256.384638	-0.021049	-0.019815	-0.029666	-0.029236	
-0.035414	6.755393	-0.833331	91.517970	91.475309	90.790763	90.765178	0.000231	20.062894	-0.004443	9.717008	10.171933	12.067866	12.067866	20.099712	-0.002616	-0.029557	0.023552	0.024912	0.015418	0.016955	-0.001489	-0.001491	0.000998	0.000999	714.201862	665.062709	1276.155444	1217.712956	-0.071308	-0.076771	-0.121115	-0.115386	
-0.018574	5.628063	0.145319	91.969785	92.021318	91.295791	91.277116	0.000164	20.195812	-0.000900	10.098525	10.057471	11.909306	11.909306	20.189120	0.000909	-0.019812	0.024355	0.026157	0.016848	0.017858	-0.000872	-0.000872	0.000798	0.000799	715.945960	724.514996	1216.480264	1226.671644	0.015601	0.016454	0.022437	0.022679	
0.013121	6.346837	0.864768	92.374846	92.476671	91.745804	91.735419	0.000164	20.339842	0.002689	9.945500	10.528955	11.627500	11.627500	20.317701	0.003300	0.008482	0.023228	0.023834	0.016260	0.015627	0.000319	0.000319	-0.000158	-0.000158	678.726347	729.719261	1214.836671	1275.483886	0.082173	0.084127	0.121637	0.127523	
0.026590	5.952117	-0.014544	92.478051	92.505747	91.775623	91.771362	0.000076	20.284327	-0.001973	9.703942	10.754065	11.530427	11.530427	20.307031	-0.000819	0.023837	0.025382	0.024222	0.017594	0.016091	0.000785	0.000784	-0.000942	-0.000941	714.574527	713.716903	1235.116753	1234.096758	-0.001543	-0.001340	-0.002276	-0.002278	
-0.005085	6.307219	-0.460752	92.618680	92.744953	91.896259	91.895871	0.000028	20.348678	-0.001959	10.092195	10.593700	11.403834	11.403834	20.352868	-0.003116	-0.001055	0.023863	0.025324	0.015877	0.015937	-0.000221	-0.000221	-0.000113	-0.000113	719.490979	692.321714	1261.713891	1229.400769	-0.044681	-0.042129	-0.069382	-0.067626	
-0.011287	5.910291	0.789864	93.141403	93.397533	92.457760	92.462344	0.000028	20.476612	0.000454	10.289284	10.477603	11.326434	11.326434	20.462388	-0.000651	-0.009760	0.023865	0.027278	0.016350	0.016992	-0.000426	-0.000426	0.000334	0.000334	694.885542	741.461609	1212.095591	1267.489732	0.076761	0.083726	0.117580	0.122692	
0.001473	6.285305	0.716012	93.438765	93.637632	92.683559	92.693020	-0.000041	20.541086	0.000180	9.981606	10.913603	11.127208	11.127208	20.536493	0.000578	-0.000078	0.023723	0.025906	0.015449	0.015557	0.000066	0.000066	0.000031	0.000031	688.860774	731.081969	1227.307093	1277.521872	0.068408	0.064653	0.105132	0.109512	
0.014839	6.019765	-0.710790	93.398716	93.516339	92.576531	92.587762	-0.000090	20.474125	-0.005358	10.035126	10.921539	11.038340	11.038340	20.503481	-0.003184	0.012639	0.025319	0.025839	0.016294	0.015653	0.000408	0.000408	-0.000629	-0.000628	737.107439	695.194158	1269.188559	1219.339991	-0.072057	-0.060117	-0.117243	-0.111979	
0.025890	4.628106	0.256433	93.858150	94.092724	93.054751	93.066581	-0.000105	20.683094	0.000216	10.574129	10.600115	10.949840	10.949840	20.655099	-0.002252	0.023740	0.023132	0.024252	0.014375	0.013082	0.000879	0.000878	-0.000992	-0.000990	747.199679	762.320824	1205.740611	1223.724586	0.029205	0.031177	0.048295	0.049150	
-0.000994	5.110380	-0.242146	93.985576	94.254891	93.175391	93.189279	-0.000105	20.852191	0.004191	10.561708	10.760183	10.760183	10.760183	20.816835	-0.000064	0.002357	0.015919	0.018689	0.007161	0.007172	0.000189	0.000189	-0.000090	-0.000090	752.657861	738.379182	1242.222690	1225.240681	-0.025522	-0.024734	-0.044957	-0.044234	
0.006776	6.122374	-0.549132	94.267961	94.380014	93.343715	93.358218	-0.000141	20.948932	0.005299	11.198702	9.191148	11.198702	11.198702	20.929944	0.002883	0.006051	0.013573	0.014420	0.003636	0.003438	0.000501	0.000500	-0.000084	-0.000084	737.952745	705.571964	1283.612456	1245.101141	-0.049558	-0.055539	-0.083654	-0.081132	
0.022241	5.394424	0.782637	94.890666	94.976838	93.911597	93.923856	-0.000126	20.671955	-0.008378	9.749497	9.566589	11.700092	11.700092	20.746790	-0.004746	0.019784	0.029693	0.029430	0.019069	0.018017	0.000630	0.000629	-0.000961	-0.000960	713.799200	759.949087	1210.697364	1265.584639	0.088276	0.095013	0.116456	0.121446	
-0.005798	5.834786	-0.546915	94.958135	94.594703	93.886210	93.892171	-0.000126	21.051756	0.004458	9.311133	9.998108	11.570453	11.570453	20.992908	-0.000479	-0.002286	0.017685	0.013924	0.006197	0.006394	0.000020	0.000020	0.000061	0.000061	746.495925	714.245879	1278.765953	1240.410124	-0.062451	-0.047196	-0.086863	-0.083691	
0.007521	6.994199	-1.193623	94.825135	94.658083	94.050569	94.046801	-0.000042	21.117983	0.005163	9.882800	9.760206	11.421649	11.421649	21.102340	0.002979	0.006046	0.011233	0.009099	0.002973	0.002582	0.000403	0.000403	-0.000079	-0.000079	737.971671	667.587092	1335.735818	1252.025586	-0.100884	-0.098567	-0.166341	-0.156415	
-0.012561	4.936127	0.249338	95.276522	95.344563	94.664191	94.658040	0.000038	21.052132	0.000689	10.115769	9.573199	11.382887	11.382887	21.080299	0.001163	-0.009865	0.016641	0.017948	0.010107	0.010619	-0.000342	-0.000342	0.000414	0.000414	747.786814	762.489579	1231.426218	1248.912603	0.027150	0.032653	0.041498	0.042066	
-0.000331	6.749035	-0.943610	95.282924	95.277836	94.603618	94.599655	0.000016	20.982790	-0.004062	9.880233	10.203651	11.051082	11.051082	21.017222	-0.001272	-0.001604	0.020004	0.020045	0.012732	0.012784	-0.000135	-0.000136	-0.000002	-0.000002	735.216614	679.574593	1317.137473	1250.960954	-0.086864	-0.076090	-0.135503	-0.128908	
0.006116	5.050218	0.867320	96.048725	95.940553	95.303927	95.300014	0.000016	21.188668	0.002147	10.140595	9.739542	11.163783	11.163783	21.164297	0.000894	0.004976	0.021251	0.019808	0.013332	0.013000	0.000206	0.000206	-0.000138	-0.000138	728.295389	779.438779	1216.189333	1277.015513	0.097714	0.105176	0.137900	0.144328	
-0.001661	6.196716	-0.306365	95.979718	96.001539	95.224624	95.220249	0.000032	21.195862	0.000436	9.770940	10.487643	10.816440	10.816440	21.200302	0.000238	-0.000729	0.018617	0.018891	0.010603	0.010599	-0.000047	-0.000047	0.000038	0.000038	734.202086	716.136630	1288.261855	1266.776133	-0.028878	-0.027294	-0.046712	-0.045882	
0.001339	5.585259	0.273304	96.415217	96.343382	95.629017	95.625399	0.000025	21.116471	-0.004810	10.130073	10.124705	10.828022	10.828022	21.150651	-0.002762	0.001067	0.025694	0.024867	0.017330	0.017229	-0.000117	-0.000117	-0.000169	-0.000169	731.815127	747.931103	1250.172835	1269.339990	0.028030	0.027716	0.043556	0.044220	
-0.033383	5.888517	-0.809146	96.333241	96.444298	95.568522	95.565978	0.000025	21.252735	-0.001455	10.009805	10.360500	10.682744	10.682744	21.241897	-0.001589	-0.028272	0.019560	0.022395	0.011467	0.013084	-0.001121	-0.001122	0.000946	0.000947	757.755248	710.042176	1299.730935	1242.984522	-0.078012	-0.074646	-0.130726	-0.124584	
-0.001058	6.778757	0.389970	96.926338	96.963413	96.111485	96.111766	0.000011	21.305939	-0.001557	10.436424	10.107462	10.600870	10.600870	21.304730	0.000634	-0.004765	0.023503	0.024174	0.014898	0.015178	-0.000153	-0.000153	0.000201	0.000201	700.812276	723.807686	1283.160825	1310.509870	0.033478	0.034718	0.052865	0.053757	
0.011390	5.125107	0.120984	97.095137	97.176530	96.272072	96.273897	-0.000013	21.472484	0.002827	10.009885	10.403652	10.547266	10.547266	21.449048	0.002175	0.009036	0.018787	0.019118	0.010151	0.009651	0.000438	0.000437	-0.000222	-0.000222	754.040096	761.174170	1256.271464	1264.756206	0.012801	0.012571	0.021116	0.021290	
0.018045	4.976228	-0.255913	97.322345	97.288575	96.410364	96.412687	-0.000021	21.467664	0.000343	10.357362	10.357362	10.357362	10.357362	21.475315	0.000108	0.016604	0.020142	0.018826	0.010582	0.009654	0.000620	0.000620	-0.000589	-0.000588	769.497340	754.406886	1266.782716	1248.835242	-0.027696	-0.026001	-0.047194	-0.046419	
-0.011283	5.249097	-0.054021	97.559511	97.624723	96.697312	96.699091	-0.000021	21.418317	-0.003864	9.523853	9.379754	11.238223	11.238223	21.443345	-0.003439	-0.007318	0.023456	0.024567	0.014411	0.014852	-0.000401	-0.000401	0.000102	0.000102	755.905204	752.719756	1265.346928	1261.558391	-0.005937	-0.006253	-0.008576	-0.008547	
0.003055	5.226300	0.381664	97.955261	97.979014	97.025407	97.027718	-0.000022	21.680656	0.004396	9.480145	9.436284	11.170396	11.170396	21.637327	0.001918	0.001564	0.018652	0.018809	0.008982	0.008917	0.000166	0.000166	0.000033	0.000033	747.543253	770.048904	1257.742422	1284.508985	0.043033	0.043865	0.059046	0.060336	
-0.007332	5.234018	0.476184	98.081142	98.062715	97.389839	97.391632	-0.000021	21.737620	0.004442	9.453115	9.684649	10.984317	10.984317	21.726360	0.003330	-0.006045	0.015564	0.015718	0.008406	0.008767	-0.000039	-0.000039	0.000367	0.000367	746.359691	774.438925	1258.441054	1291.836426	0.049683	0.049539	0.078864	0.081068	
0.003468	4.268700	-0.558753	98.008790	97.994895	97.375584	97.376267	-0.000021	21.683023	0.000099	9.521498	9.806555	10.837110	10.837110	21.705453	0.001687	0.002133	0.016026	0.015760	0.009462	0.009348	0.000174	0.000174	0.000002	0.000002	801.211513	768.263444	1269.072628	1229.886621	-0.070209	-0.064411	-0.111444	-0.106644	
0.010520	6.573086	-0.340020	98.277874	98.316299	97.649730	97.650153	-0.000008	21.784212	0.002033	10.010971	9.682763	10.661723	10.661723	21.775756	0.001551	0.009242	0.015728	0.015599	0.009236	0.008718	0.000405	0.000405	-0.000255	-0.000254	737.077726	717.027728	1323.534136	1299.688147	-0.030017	-0.030787	-0.047220	-0.046497	
0.016061	5.918252	0.380091	98.697992	98.763533	98.048129	98.049566	-0.000015	21.814450	0.001103	9.804047	9.602828	10.746382	10.746382	21.820788	0.000336	0.014940	0.018127	0.017952	0.011423	0.010593	0.000556	0.000555	-0.000510	-0.000510	733.559673	755.972544	1283.425567	1310.081785	0.036780	0.039027	0.054944	0.055959	
0.022603	6.526840	0.889914	99.151627	99.111953	98.388860	98.390526	-0.000019	21.842381	0.000071	9.691410	9.916915	10.558374	10.558374	21.851194	-0.001245	0.021290	0.021564	0.019942	0.013705	0.012518	0.000710	0.000710	-0.000805	-0.000804	703.536594	756.012297	1282.471612	1344.882347	0.080590	0.081003	0.118865	0.123508	
0.018991	5.148075	-1.092261	98.882067	98.831464	98.136827	98.136798	-0.000019	21.711791	-0.007225	9.516817	10.054964	10.500154	10.500154	21.759773	-0.006678	0.019112	0.023007	0.021388	0.015297	0.014209	0.000387	0.000386	-0.000982	-0.000980	795.485522	731.077987	1312.670785	1236.069209	-0.119636	-0.101958	-0.198124	-0.183570	
0.002486	5.305629	-0.367947	99.272130	99.297072	98.532193	98.531328	0.000002	22.054495	0.004469	10.302469	9.696915	10.339398	10.339398	21.997471	-0.001232	0.004689	0.015532	0.015523	0.007963	0.007692	0.000106	0.000106	-0.000220	-0.000220	774.941099	753.244307	1301.591440	1275.786874	-0.036922	-0.039511	-0.060646	-0.059485	
-0.024434	5.535434	0.462658	99.670368	99.778794	98.963841	98.964510	-0.000009	21.887184	-0.004290	10.174045	9.984918	10.174045	10.174045	21.925477	-0.003128	-0.020145	0.022248	0.024508	0.015001	0.016147	-0.000838	-0.000839	0.000562	0.000563	743.081792	770.363397	1275.235966	1307.682697	0.044052	0.047880	0.073330	0.075045	
0.025658	5.169138	-0.530282	99.785147	99.707185	98.926655	98.928138	-0.000009	22.012935	-0.001380	8.695504	10.547032	10.547032	10.547032	22.005409	-0.000699	0.019077	0.020819	0.018943	0.012036	0.010982	0.000643	0.000642	-0.000698	-0.000697	783.391469	752.122237	1304.127801	1266.938480	-0.066660	-0.048143	-0.089444	-0.086573	
-0.008479	4.285710	-0.423158	100.060598	99.998751	99.164176	99.163435	-0.000012	22.162793	0.002608	9.529483	9.066720	10.874280	10.874280	22.138015	-0.000070	-0.004619	0.016838	0.016468	0.007728	0.007977	-0.000151	-0.000151	0.000157	0.000157	805.625251	780.672851	1283.494488	1253.817942	-0.053529	-0.055368	-0.076451	-0.074309	
-0.002710	4.951807	0.658760	100.292980	100.619189	99.705594	99.706994	0.000001	22.266851	0.004713	9.682820	9.280305	10.636681	10.636681	22.246694	0.003208	-0.002964	0.014267	0.017731	0.008327	0.008505	0.000041	0.000041	0.000246	0.000246	758.890522	797.735703	1267.409365	1313.608960	0.065198	0.083313	0.107197	0.110983	
0.016271	5.149907	-0.870006	100.208996	100.228974	99.591444	99.597905	-0.000064	22.050456	-0.006264	9.382661	9.575275	10.540968	10.540968	22.108070	-0.002570	0.013488	0.020235	0.019679	0.013947	0.013259	0.000416	0.000416	-0.000585	-0.000584	796.013879	744.712097	1320.022185	1259.007626	-0.098067	-0.080034	-0.153225	-0.145059	
-0.011681	4.495891	0.547025	100.837688	100.772892	100.150706	100.155398	-0.000064	22.205918	-0.002249	9.860472	9.196664	10.525246	10.525246	22.195052	-0.003238	-0.008105	0.022004	0.021802	0.015041	0.015541	-0.000362	-0.000362	0.000134	0.000134	772.809056	805.065541	1257.364638	1295.728125	0.064219	0.070362	0.093482	0.096231	
-0.009287	6.392778	-0.038048	100.876206	100.892408	100.219337	100.221359	-0.000031	22.153090	-0.006392	9.535789	9.694715	10.323542	10.323542	22.173468	-0.004323	-0.009012	0.023364	0.024036	0.016700	0.017225	-0.000475	-0.000476	0.000117	0.000117	740.954391	738.710798	1325.592159	1322.923796	-0.003375	-0.003400	-0.005403	-0.005389	
0.009377	5.317590	0.737159	101.370610	101.253100	100.636081	100.636057	-0.000013	22.473178	0.004462	9.600525	9.412987	10.418262	10.418262	22.417902	0.001712	0.006707	0.017604	0.016054	0.010231	0.009862	0.000319	0.000319	-0.000153	-0.000153	750.763747	794.231901	1281.599402	1333.297222	0.077167	0.079115	0.112557	0.116570	
-0.007009	4.772153	-0.828787	101.166396	101.157246	100.447229	100.444830	-0.000013	22.375517	-0.001269	9.565695	9.842408	10.136142	10.136142	22.397920	-0.000600	-0.005037	0.016135	0.016322	0.008912	0.009165	-0.000187	-0.000187	0.000146	0.000146	810.506904	761.635673	1321.634063	1263.510222	-0.090789	-0.085197	-0.153829	-0.145302	
0.022586	5.059713	-0.145971	101.561057	101.521475	100.850627	100.847932	0.000012	22.381036	-0.002883	10.056658	9.576339	10.056658	10.056658	22.396181	-0.001825	0.018548	0.020834	0.019406	0.013693	0.012643	0.000542	0.000541	-0.000717	-0.000717	782.962382	774.354880	1304.990105	1294.752976	-0.015093	-0.015592	-0.024792	-0.024604	
-0.012766	4.901724	0.291189	101.884239	101.921073	101.150853	101.148554	0.000015	22.280359	-0.008757	8.869706	10.099793	10.313405	10.313405	22.319374	-0.007270	-0.008289	0.026855	0.027692	0.019464	0.019902	-0.000626	-0.000626	-0.000041	-0.000041	772.523670	789.694285	1282.214410	1302.635874	0.034492	0.031308	0.048039	0.048815	
0.012427	5.837793	-0.549692	101.981944	101.903240	101.148963	101.147075	0.000011	22.415155	-0.005258	8.778430	10.225514	10.231787	10.231787	22.404192	-0.005302	0.009443	0.024444	0.023127	0.016076	0.015535	0.000076	0.000076	-0.000560	-0.000560	775.074052	742.660301	1339.460328	1300.909801	-0.059107	-0.046783	-0.083861	-0.081515	
-0.002786	4.265701	-0.355603	102.060821	102.262114	101.446247	101.445730	0.000011	22.540377	-0.002180	9.026327	10.014919	10.209085	10.209085	22.522137	-0.003955	-0.001084	0.019575	0.021646	0.013436	0.013490	-0.000224	-0.000224	-0.000139	-0.000139	812.150197	791.181275	1297.564068	1272.625177	-0.042846	-0.041171	-0.068204	-0.066738	
-0.003917	5.443069	-0.057857	102.278660	102.608678	101.730367	101.736783	-0.000025	22.799884	0.005986	9.291970	10.021859	10.021859	10.021859	22.744770	0.002315	-0.003524	0.011684	0.015140	0.006261	0.006514	0.000008	0.000008	0.000221	0.000221	777.872080	774.460424	1327.283143	1323.225570	-0.005858	-0.005636	-0.009139	-0.009134	
-0.018468	5.609075	-0.153584	102.490511	102.780070	101.916108	101.929731	-0.000116	22.680643	-0.001286	9.610593	8.919647	10.360348	10.360348	22.708437	0.000551	-0.016199	0.015056	0.018810	0.009367	0.010381	-0.000407	-0.000407	0.000571	0.000572	775.665677	766.609262	1333.266274	1322.495241	-0.015060	-0.015844	-0.023095	-0.022971	
0.007774	5.486269	-0.458656	102.679058	102.911784	102.030283	102.047653	-0.000116	22.708927	-0.002747	9.674973	8.923949	10.289127	10.289127	22.721962	-0.000300	0.004391	0.016880	0.018945	0.010455	0.010389	0.000252	0.000252	-0.000162	-0.000161	788.097114	761.051499	1341.420772	1309.254711	-0.046034	-0.047397	-0.070737	-0.069180	
0.015867	5.481563	-0.418505	102.976042	102.929508	102.291058	102.306657	-0.000160	22.811855	-0.001097	9.832221	8.927319	10.181945	10.181945	22.803643	-0.001352	0.014099	0.016432	0.015207	0.009671	0.009063	0.000576	0.000575	-0.000534	-0.000534	788.768886	764.090862	1343.566638	1314.216414	-0.041939	-0.040724	-0.066130	-0.064744	
-0.002574	3.858093	1.128838	103.611862	103.465799	102.890492	102.898495	-0.000106	22.823371	-0.002690	9.884347	9.044088	10.057272	10.057272	22.831596	-0.003283	-0.000274	0.021063	0.019639	0.013954	0.014048	-0.000047	-0.000047	-0.000135	-0.000135	785.387217	851.951564	1248.924366	1328.091095	0.135328	0.157520	0.208488	0.221136	
-0.003837	4.860141	0.004644	103.586319	103.376896	102.815104	102.814672	-0.000013	22.900111	-0.001268	9.593426	9.621581	9.800859	9.800859	22.893093	-0.001935	-0.003329	0.017986	0.016108	0.010407	0.010582	-0.000183	-0.000183	0.000027	0.000027	794.140349	794.414216	1316.827453	1317.153171	0.000487	0.000475	0.000822	0.000820	
0.017140	4.904464	0.492140	103.946461	103.724565	103.139684	103.132078	-0.000013	23.000868	0.001414	9.823035	9.374083	9.823035	9.823035	22.986996	0.000215	0.014122	0.017824	0.014891	0.009924	0.009093	0.000494	0.000494	-0.000462	-0.000462	780.640237	809.660356	1305.127272	1339.641663	0.050451	0.054779	0.081715	0.083562	
0.008169	4.133117	-0.485856	103.869064	103.798456	103.080820	103.069819	0.000062	22.987642	-0.000344	8.655535	9.930519	10.066217	10.066217	22.998989	-0.001372	0.008897	0.016395	0.015225	0.008682	0.008098	0.000175	0.000175	-0.000357	-0.000356	829.518541	800.868980	1320.180100	1286.106423	-0.062722	-0.054493	-0.093131	-0.089982	
0.001698	5.295930	-0.634839	104.071821	103.960334	103.256212	103.245392	0.000072	23.094238	0.002590	9.098046	9.802134	9.914637	9.914637	23.081597	0.000351	0.002661	0.014566	0.013337	0.006615	0.006368	0.000032	0.000032	-0.000073	-0.000073	805.859181	768.424514	1358.993690	1314.471656	-0.068404	-0.059623	-0.102355	-0.099178	
0.001204	4.446888	-0.797964	104.039356	104.231519	103.454662	103.447070	0.000072	23.060958	-0.000256	9.124679	9.748303	9.894751	9.894751	23.078212	-0.000230	0.001405	0.014365	0.016163	0.008664	0.008515	-0.000035	-0.000035	-0.000057	-0.000057	832.374958	785.321280	1342.780182	1286.818004	-0.089452	-0.087613	-0.149283	-0.142658	
-0.005047	3.740173	-0.127837	104.433443	104.617661	103.813903	103.813957	0.000033	23.063687	-0.002050	9.340239	9.753819	9.753819	9.753819	23.077517	-0.001351	-0.004084	0.018090	0.020106	0.012050	0.012269	-0.000228	-0.000228	0.000077	0.000077	830.730526	823.192358	1301.121781	1292.156440	-0.016832	-0.015728	-0.025932	-0.025811	
-0.004838	4.620480	0.590510	104.827252	104.998845	104.194592	104.200359	-0.000042	23.276932	0.004321	9.619629	8.875285	9.984934	9.984934	23.238950	0.002524	-0.004701	0.014814	0.016726	0.008690	0.008995	-0.000005	-0.000005	0.000264	0.000264	790.458230	825.278937	1305.902101	1347.315283	0.063191	0.071768	0.097977	0.101144	
-0.011377	4.911457	1.050251	105.186289	105.318407	104.496989	104.505886	-0.000080	23.248324	0.000919	9.426404	9.080497	9.907942	9.907942	23.256959	0.001977	-0.010335	0.017351	0.019182	0.010685	0.011319	-0.000176	-0.000176	0.000426	0.000426	769.830094	831.760392	1298.072401	1371.727733	0.108428	0.119709	0.164689	0.173440	
0.009184	5.971277	0.070807	105.208012	105.117820	104.482146	104.489875	-0.000080	23.179212	-0.004025	9.319117	9.224251	9.830826	9.830826	23.208953	-0.001011	0.006414	0.020115	0.018897	0.013077	0.012810	0.000249	0.000249	-0.000256	-0.000256	770.480944	774.656257	1357.398887	1362.364696	0.006544	0.006184	0.010484	0.010516	
0.012166	4.436096	0.510705	105.506262	105.419376	104.792724	104.795416	-0.000051	23.220359	-0.004266	9.556827	8.953713	9.856894	9.856894	23.231684	-0.003647	0.011245	0.022135	0.020690	0.015222	0.014649	0.000265	0.000265	-0.000529	-0.000528	797.383378	827.498175	1303.637122	1339.453442	0.055661	0.062280	0.088862	0.091173	
-0.016657	4.539464	-0.100437	105.533532	105.490057	104.836710	104.835870	-0.000007	23.543449	0.006965	9.599680	9.250375	9.630533	9.630533	23.480760	0.002146	-0.012693	0.010922	0.011172	0.004247	0.004902	-0.000316	-0.000316	0.000506	0.000506	818.178595	812.256134	1339.215794	1332.172056	-0.010597	-0.011123	-0.018135	-0.018005	
-0.002573	4.446218	0.604954	105.949628	105.826137	105.219806	105.216500	-0.000007	23.432632	0.000929	9.589657	9.325079	9.589657	9.589657	23.454557	0.002419	-0.003934	0.016273	0.015296	0.009272	0.009447	-0.000018	-0.000018	0.000232	0.000232	799.199276	834.871708	1310.873671	1353.299832	0.066291	0.069255	0.105985	0.109192	
0.013357	4.050414	0.775619	106.213108	106.110025	105.441002	105.434992	0.000021	23.198656	-0.009921	8.576031	9.794500	9.794500	9.794500	23.269072	-0.004963	0.010888	0.027320	0.025737	0.019852	0.019211	0.000124	0.000124	-0.000573	-0.000572	800.277149	846.013216	1286.172442	1340.567550	0.099948	0.091437	0.140196	0.146549	
0.008647	3.841351	-0.952939	105.986673	105.903770	105.204772	105.197440	0.000047	23.458931	-0.000973	8.787765	9.073402	10.006952	10.006952	23.423917	-0.003379	0.008849	0.018297	0.017031	0.010784	0.010248	0.000099	0.000099	-0.000434	-0.000434	859.977164	803.785052	1348.567080	1281.736322	-0.124658	-0.111479	-0.190689	-0.177901	
-0.023703	4.642957	0.179840	106.290985	106.482055	105.712096	105.707402	0.000026	23.637975	0.004598	9.440828	8.774317	9.869812	9.869812	23.596797	0.001125	-0.018995	0.013008	0.015826	0.007490	0.008436	-0.000596	-0.000596	0.000665	0.000666	809.808877	820.413511	1337.440497	1350.052868	0.018419	0.022461	0.029831	0.030109	
0.009649	4.318860	-0.478885	106.311108	106.417044	105.771517	105.772904	0.000026	23.615815	0.001801	9.157373	9.072499	9.776721	9.776721	23.622241	0.002968	0.005604	0.012752	0.013467	0.007611	0.007333	0.000282	0.000282	-0.000056	-0.000056	838.104532	809.866024	1353.412711	1319.827910	-0.055279	-0.052083	-0.088916	-0.086603	
0.015723	5.338580	0.299903	106.813302	106.727208	106.149982	106.152518	-0.000030	23.558809	-0.002450	9.442864	9.021991	9.654666	9.654666	23.583805	-0.001046	0.014187	0.019421	0.017852	0.013090	0.012371	0.000448	0.000447	-0.000506	-0.000506	788.139250	805.823692	1350.468401	1371.500974	0.030508	0.030445	0.045294	0.045888	
-0.018230	3.821211	-0.167444	106.874165	106.835307	106.219928	106.219907	-0.000005	23.689979	0.000993	9.155135	9.174099	9.653171	9.653171	23.677604	-0.000747	-0.013587	0.015233	0.015574	0.009018	0.009724	-0.000467	-0.000468	0.000409	0.000409	842.909251	833.035544	1332.314008	1320.570948	-0.020494	-0.020567	-0.033032	-0.032644	
0.005773	3.865906	0.577173	107.302280	107.215331	106.588501	106.586524	-0.000005	23.493992	-0.008548	9.441610	9.281372	9.441610	9.441610	23.545995	-0.004391	0.003084	0.025437	0.024443	0.018616	0.018434	-0.000081	-0.000081	-0.000287	-0.000287	816.909239	850.943498	1301.208709	1341.686548	0.069429	0.072473	0.109899	0.113392	
-0.002619	4.763997	0.736802	107.500088	107.476787	106.823998	106.820630	0.000016	23.826681	0.003131	8.485806	9.662468	9.662468	9.662468	23.769941	0.000072	-0.001839	0.017519	0.017395	0.011120	0.011184	-0.000072	-0.000072	0.000062	0.000062	794.108987	837.556098	1329.119203	1380.791995	0.082196	0.077310	0.119158	0.123465	
-0.018538	4.247993	0.513104	107.678427	107.641245	106.938909	106.935545	0.000022	23.897601	0.004332	8.723719	8.985602	9.842793	9.842793	23.878842	0.003032	-0.016058	0.014191	0.014673	0.007226	0.008021	-0.000410	-0.000411	0.000643	0.000643	816.361508	846.617821	1328.854522	1364.839152	0.061354	0.061322	0.087594	0.090129	
0.006875	4.503574	-1.118493	107.306565	107.504841	106.748031	106.747266	-0.000002	23.776053	-0.002266	8.930162	9.061342	9.675982	9.675982	23.810109	0.001002	0.003672	0.014118	0.015800	0.008839	0.008642	0.000163	0.000163	-0.000076	-0.000076	856.381595	790.427240	1389.384540	1310.943290	-0.120350	-0.118160	-0.205065	-0.191778	
-0.031756	4.205598	-0.133115	107.742411	107.846956	107.208000	107.212367	-0.000002	23.910485	0.001122	9.443981	8.687274	9.643936	9.643936	23.897511	0.001120	-0.026539	0.013730	0.016090	0.008702	0.010111	-0.000803	-0.000804	0.000899	0.000900	836.917984	829.068591	1351.308451	1341.972961	-0.015266	-0.016007	-0.023848	-0.023737	
0.007482	4.043388	0.102563	108.025534	108.082034	107.440053	107.446190	-0.000050	24.096229	0.006518	9.260754	9.025774	9.491670	9.491670	24.059502	0.006489	0.002692	0.010304	0.010694	0.004828	0.004748	0.000405	0.000405	0.000184	0.000184	837.754636	843.802488	1346.559939	1353.752808	0.012045	0.012258	0.018838	0.018957	
0.014510	4.097902	0.051920	108.302940	108.188137	107.612669	107.616800	-0.000043	23.925335	-0.002234	9.299061	9.205406	9.339500	9.339500	23.966268	0.000587	0.012757	0.017099	0.015362	0.010617	0.010000	0.000476	0.000476	-0.000384	-0.000384	835.760398	838.821971	1345.309523	1348.950732	0.006141	0.005833	0.009717	0.009737	
-0.006938	4.330625	-1.037536	108.217170	108.143373	107.514681	107.514451	-0.000043	24.086933	0.002565	9.294793	9.236227	9.294793	9.294793	24.068251	0.000764	-0.004170	0.011552	0.011076	0.004986	0.005196	-0.000058	-0.000058	0.000165	0.000165	864.197219	803.016673	1394.322305	1321.558671	-0.115271	-0.108810	-0.194615	-0.182924	
0.023698	4.787445	0.015021	108.676025	108.636657	107.949989	107.947491	0.000002	24.064455	0.000123	8.909599	9.304468	9.468452	9.468452	24.075498	0.000399	0.019603	0.016147	0.014771	0.009359	0.008333	0.000640	0.000640	-0.000609	-0.000608	821.608737	822.494483	1369.476597	1370.530038	0.001665	0.001612	0.002412	0.002412	
0.010700	4.378331	-0.875628	108.643304	108.619456	107.910172	107.907098	0.000015	24.119199	0.000783	8.656974	9.446074	9.446074	9.446074	24.120177	-0.001164	0.011808	0.013759	0.012931	0.006918	0.006288	0.000313	0.000313	-0.000424	-0.000424	859.367264	807.733937	1392.341225	1330.932351	-0.103699	-0.089101	-0.158619	-0.150964	
-0.025235	4.714771	0.471678	109.101488	109.163207	108.454901	108.452851	0.000007	24.405969	0.010664	9.292481	8.513183	9.601482	9.601482	24.349234	0.005354	-0.019919	0.007654	0.009230	0.001682	0.002663	-0.000414	-0.000415	0.000847	0.000848	816.193297	844.006823	1364.697967	1397.777325	0.048313	0.056361	0.074270	0.075742	
-0.010117	4.038629	-1.134323	108.823446	108.980799	108.239465	108.240904	0.000007	24.329003	0.005838	9.004886	8.922675	9.450704	9.450704	24.344799	0.007316	-0.011365	0.005484	0.007511	0.000088	0.000671	-0.000064	-0.000064	0.000659	0.000659	880.787271	813.899439	1403.455991	1323.904532	-0.130274	-0.124615	-0.219616	-0.204785	
-0.006740	4.646255	-0.036446	109.377158	109.285804	108.717118	108.720136	-0.000035	24.142264	-0.003483	9.389664	8.733773	9.389664	9.389664	24.199213	0.001609	-0.007257	0.016783	0.016306	0.010648	0.011046	-0.000128	-0.000129	0.000297	0.000297	829.534210	827.385102	1373.561141	1371.005149	-0.004007	-0.003932	-0.006048	-0.006042	
0.008220	4.653435	-0.788322	109.349373	109.310228	108.700647	108.700836	-0.000009	24.162794	-0.004331	8.615183	9.099259	9.518341	9.518341	24.182225	-0.001538	0.006023	0.017580	0.016907	0.011543	0.011238	0.000136	0.000136	-0.000255	-0.000255	851.134560	804.649450	1399.298119	1344.012154	-0.088788	-0.080853	-0.133940	-0.128396	
-0.012925	4.277882	-0.436059	109.683778	109.556046	108.966369	108.963916	-0.000009	24.169863	-0.005593	8.886738	8.975351	9.445887	9.445887	24.183670	-0.004305	-0.010158	0.020214	0.019549	0.013541	0.014038	-0.000492	-0.000492	0.000144	0.000144	850.414724	824.701532	1377.381437	1346.800062	-0.052477	-0.048645	-0.076562	-0.074841	
0.026715	4.338290	-0.520036	109.729383	109.776598	109.145665	109.141886	0.000020	24.397078	0.002030	8.866067	9.137294	9.328057	9.328057	24.357076	0.000192	0.021324	0.014174	0.013527	0.008779	0.007667	0.000660	0.000659	-0.000664	-0.000664	855.268054	824.603006	1390.193182	1353.722434	-0.057416	-0.057258	-0.093119	-0.090625	
0.001314	3.787942	-0.390890	109.959860	109.986987	109.354265	109.352517	0.000010	24.555575	0.006787	8.995159	9.203648	9.203648	9.203648	24.519211	0.002357	0.004026	0.009145	0.009192	0.003588	0.003370	0.000212	0.000212	-0.000030	-0.000030	869.274681	846.225023	1379.377971	1351.964406	-0.048117	-0.045218	-0.075781	-0.074227	
0.007296	3.909789	-0.525681	110.107536	110.162704	109.488376	109.488457	-0.000008	24.367022	-0.002422	9.314416	8.592406	9.314416	9.314416	24.411581	-0.001041	0.006791	0.015026	0.015190	0.009319	0.008977	0.000179	0.000179	-0.000256	-0.000256	867.666282	836.668351	1382.026055	1345.159401	-0.060721	-0.064675	-0.099138	-0.096356	
0.009950	4.404645	-0.173649	110.397699	110.450893	109.741270	109.743066	-0.000008	24.431470	-0.001581	8.854264	8.742905	9.445478	9.445478	24.435973	-0.002044	0.009411	0.016752	0.016764	0.010706	0.010248	0.000220	0.000220	-0.000379	-0.000379	845.149219	834.909626	1383.553024	1371.374807	-0.019833	-0.019855	-0.029177	-0.028953	
-0.020494	3.791867	0.167182	110.724991	110.613991	110.018223	110.019290	-0.000023	24.598616	0.003393	8.773566	8.847728	9.388339	9.388339	24.570813	0.000757	-0.016184	0.013524	0.013322	0.007055	0.007874	-0.000451	-0.000452	0.000536	0.000537	853.901842	863.760120	1362.412625	1374.137334	0.021156	0.019822	0.031067	0.031337	
-0.008262	4.823307	0.358112	110.890514	110.839920	110.264102	110.262191	0.000009	24.622722	0.002815	8.820476	9.069710	9.209787	9.209787	24.619442	0.003468	-0.009280	0.013209	0.013212	0.007485	0.007931	-0.000157	-0.000157	0.000430	0.000430	822.930638	844.047466	1384.539300	1409.654098	0.036553	0.037189	0.057682	0.058543	
-0.000128	3.911664	0.855725	111.163674	111.161180	110.564328	110.561655	0.000009	24.686778	0.003884	8.758974	9.103423	9.187489	9.187489	24.682299	0.004424	-0.001392	0.013316	0.013363	0.007853	0.007898	0.000127	0.000127	0.000222	0.000223	833.089961	883.549651	1346.767468	1406.780505	0.099410	0.102901	0.152864	0.159457	
-0.017531	3.931731	-0.931842	110.893877	110.935678	110.275030	110.273469	0.000013	24.695859	0.002705	8.849442	9.096569	9.096569	9.096569	24.701851	0.003595	-0.015116	0.009714	0.010849	0.004080	0.004815	-0.000337	-0.000338	0.000615	0.000615	885.729574	830.781477	1410.918410	1345.567192	-0.108925	-0.099975	-0.182969	-0.172609	
-0.014540	4.054374	-0.736747	111.107701	111.179652	110.495828	110.496400	-0.000004	24.664512	-0.000192	9.272147	8.412010	9.272147	9.272147	24.682483	0.002687	-0.014448	0.012471	0.013851	0.006896	0.007620	-0.000336	-0.000336	0.000558	0.000558	876.385262	832.941361	1406.278102	1354.609127	-0.083176	-0.088934	-0.133301	-0.128562	
-0.011331	4.937917	0.090869	111.501528	111.566140	110.866864	110.869501	-0.000027	24.677476	-0.001403	8.861428	8.626907	9.333740	9.333740	24.688155	0.001516	-0.011623	0.015898	0.017070	0.010115	0.010720	-0.000273	-0.000273	0.000423	0.000423	829.450639	834.808920	1400.198123	1406.570867	0.009498	0.009785	0.013871	0.013930	
0.003564	4.389336	0.320888	111.811510	111.680472	111.118656	111.120314	-0.000027	24.694567	-0.002416	8.611001	8.804711	9.308240	9.308240	24.704640	0.000036	0.001448	0.018371	0.017105	0.012061	0.012003	0.000073	0.000073	-0.000044	-0.000044	837.120646	856.042508	1378.865077	1401.369345	0.037255	0.034517	0.053773	0.054571	
0.000185	3.948025	-0.229662	111.800171	111.723089	111.167514	111.165289	-0.000001	24.793385	0.000059	8.640005	8.969802	9.172844	9.172844	24.782871	-0.000089	0.000353	0.015026	0.014309	0.009282	0.009244	0.000008	0.000008	-0.000015	-0.000015	866.479268	852.936742	1390.675734	1374.569252	-0.026920	-0.025976	-0.043012	-0.042402	
-0.007192	3.707487	0.757356	112.165715	112.176464	111.588900	111.585570	0.000020	24.750841	-0.003050	8.909823	8.955252	9.039506	9.039506	24.767605	-0.001823	-0.006062	0.018811	0.019213	0.013572	0.013845	-0.000282	-0.000282	0.000114	0.000114	843.195697	887.854859	1349.147742	1402.262060	0.088660	0.096033	0.139974	0.145112	
0.035340	3.726382	-1.052237	111.876163	111.935036	111.294601	111.292976	0.000020	24.875098	0.000427	8.779406	9.010455	9.010455	9.010455	24.858590	-0.000316	0.029256	0.013341	0.012419	0.008073	0.006612	0.000871	0.000870	-0.000917	-0.000915	898.170802	836.123386	1417.548592	1343.753967	-0.126218	-0.115083	-0.213254	-0.199465	
0.015508	3.564704	-0.087746	112.332179	112.356216	111.690601	111.690947	0.000001	24.850780	-0.002144	9.184476	8.348476	9.184476	9.184476	24.861347	-0.004145	0.017253	0.017058	0.016415	0.011250	0.010397	0.000365	0.000365	-0.000700	-0.000699	873.945418	868.771287	1379.716357	1373.562627	-0.010793	-0.011824	-0.016498	-0.016439	
0.011792	4.033358	-0.362523	112.422778	112.470603	111.788184	111.789611	-0.000013	24.845281	-0.003999	8.630421	8.747903	9.195289	9.195289	24.857404	-0.005584	0.012424	0.017920	0.017732	0.012174	0.011570	0.000172	0.000172	-0.000608	-0.000608	869.933709	848.556769	1401.179542	1375.755384	-0.042714	-0.041431	-0.065375	-0.064174	
-0.009987	4.596525	1.218843	113.056942	112.925234	112.374117	112.374501	-0.000005	25.021575	0.001450	8.727656	8.701564	9.153644	9.153644	24.992543	-0.002115	-0.006826	0.017647	0.016800	0.011500	0.011841	-0.000289	-0.000289	0.000125	0.000125	812.006244	883.877953	1366.830874	1452.309789	0.133167	0.133815	0.187119	0.195517	
-0.015503	3.532187	-0.347520	112.759316	112.743348	112.158536	112.156117	-0.000005	25.108147	0.003484	8.339804	9.072189	9.072189	9.072189	25.091821	0.002133	-0.014172	0.010772	0.011325	0.005387	0.006058	-0.000343	-0.000343	0.000518	0.000519	887.809797	867.317537	1399.367839	1374.995855	-0.042898	-0.039911	-0.070711	-0.069042	
0.003051	4.469469	-0.190289	112.965344	112.954960	112.364446	112.361956	0.000015	25.295419	0.009548	9.046982	8.487571	9.046982	9.046982	25.255969	0.007773	0.000604	0.006399	0.006277	0.001045	0.000994	0.000312	0.000312	0.000289	0.000289	862.987118	851.766329	1426.063697	1412.718517	-0.019936	-0.021049	-0.031600	-0.031334	
-0.014607	3.454201	-0.107673	113.086385	113.209760	112.544508	112.544021	0.000002	25.216207	0.004874	8.630763	8.692198	9.120448	9.120448	25.236007	0.005932	-0.012346	0.007958	0.009661	0.003129	0.003723	-0.000142	-0.000143	0.000610	0.000611	886.124167	879.774969	1396.127618	1388.576349	-0.013308	-0.013859	-0.020827	-0.020722	
0.009210	3.287094	-0.142536	113.348022	113.285014	112.698578	112.699895	0.000002	25.009641	-0.005013	8.752038	8.836365	8.957904	8.957904	25.070807	0.000091	0.006193	0.017404	0.016532	0.011575	0.011282	0.000191	0.000191	-0.000186	-0.000186	887.561339	879.156366	1384.851332	1374.855077	-0.019151	-0.017322	-0.029188	-0.028970	
-0.015613	3.572013	0.722469	113.687365	113.681693	113.091104	113.091031	-0.000011	25.244674	0.002859	8.774098	8.862118	8.908369	8.908369	25.211619	0.001425	-0.012458	0.014292	0.014853	0.008973	0.009580	-0.000312	-0.000312	0.000436	0.000436	858.052572	900.654521	1368.824478	1419.492097	0.085714	0.090945	0.135018	0.139689	
0.015582	2.729477	0.438470	113.792082	113.805116	113.169349	113.169145	-0.000002	25.019279	-0.007659	8.690663	8.881176	8.881176	8.881176	25.072744	-0.003235	0.011597	0.021446	0.020986	0.015856	0.015281	0.000228	0.000228	-0.000484	-0.000484	884.780246	910.635554	1350.270326	1381.020725	0.060561	0.061528	0.098320	0.101254	
0.015773	4.198086	-0.171156	113.811310	113.830252	113.175596	113.175871	-0.000008	25.228404	-0.000812	8.909140	8.577251	8.909140	8.909140	25.198311	-0.002889	0.015023	0.016610	0.016040	0.010932	0.010199	0.000351	0.000350	-0.000572	-0.000572	868.027169	857.934582	1415.556742	1403.553363	-0.018513	-0.019059	-0.030246	-0.029991	
-0.001365	3.917186	-0.778526	113.811065	113.849747	113.185025	113.186034	-0.000008	25.276611	-0.000425	8.530028	8.588327	9.091994	9.091994	25.268096	-0.002619	0.000898	0.013454	0.013754	0.007879	0.007844	-0.000069	-0.000069	-0.000131	-0.000131	894.783158	848.875677	1433.129131	1378.530157	-0.092603	-0.087729	-0.142327	-0.136655	
-0.003046	2.904096	0.732590	114.386924	114.340539	113.729940	113.730821	-0.000016	25.345312	0.000787	8.801634	8.549036	8.973636	8.973636	25.336393	-0.000521	-0.002487	0.015753	0.015463	0.009919	0.010048	-0.000080	-0.000080	0.000055	0.000055	877.829693	921.028465	1357.568838	1408.946274	0.100131	0.104727	0.148490	0.154019	
-0.020804	3.342413	0.077963	114.331870	114.329654	113.752447	113.752137	-0.000003	25.423460	0.002452	8.594285	8.845270	8.845270	8.845270	25.409857	0.001779	-0.018079	0.011950	0.012809	0.006822	0.007693	-0.000473	-0.000473	0.000616	0.000616	887.626222	892.223479	1395.451042	1400.918681	0.009512	0.009436	0.015980	0.016046	
0.004480	3.694191	-0.870663	114.290541	114.245870	113.667747	113.666738	-0.000003	25.459166	0.002455	8.874830	8.507599	8.874830	8.874830	25.455442	0.003683	0.001317	0.010243	0.009784	0.004738	0.004666	0.000188	0.000188	0.000105	0.000105	907.653253	856.312752	1440.030041	1378.969433	-0.102872	-0.099357	-0.168067	-0.160061	
-0.022201	3.351851	-0.060672	114.627979	114.658624	114.017973	114.016686	0.000004	25.405312	-0.001091	8.762215	8.484658	8.954415	8.954415	25.425724	0.000848	-0.018707	0.013923	0.015105	0.008527	0.009421	-0.000535	-0.000536	0.000598	0.000598	891.847920	888.270243	1401.351572	1397.096547	-0.007595	-0.008110	-0.011675	-0.011639	
0.033735	3.337780	-0.320859	114.765499	114.709616	114.116712	114.115585	0.000000	25.540974	0.002916	8.620871	8.730170	8.846161	8.846161	25.521813	0.003307	0.026141	0.012404	0.010647	0.006681	0.005413	0.000916	0.000915	-0.000657	-0.000656	902.164036	883.243879	1414.951722	1392.449480	-0.041236	-0.038352	-0.064579	-0.063433	
0.000949	3.159721	0.009150	115.001660	114.937896	114.370879	114.368280	0.000016	25.497920	-0.000158	8.753213	8.753213	8.753213	8.753213	25.511346	-0.001229	0.004429	0.014377	0.013600	0.008813	0.008576	0.000069	0.000069	-0.000181	-0.000181	896.752441	897.292003	1398.284417	1398.926131	0.001167	0.001164	0.001891	0.001891	
0.016340	4.318100	-1.121272	114.853821	114.853997	114.238723	114.235527	0.000016	25.486524	-0.001927	8.553468	8.565349	8.910863	8.910863	25.499751	-0.002217	0.014535	0.013778	0.013075	0.008349	0.007620	0.000335	0.000334	-0.000525	-0.000524	900.091261	833.973031	1467.052998	1388.416847	-0.122775	-0.116170	-0.194479	-0.183924	
0.006156	3.041883	-0.702959	115.133797	115.132438	114.491742	114.489390	0.000017	25.560656	-0.000327	8.832140	8.283727	8.931361	8.931361	25.556501	-0.002373	0.007243	0.013816	0.013453	0.008162	0.007793	0.000108	0.000108	-0.000310	-0.000310	921.846527	880.395004	1422.510872	1373.211486	-0.093161	-0.095646	-0.144369	-0.139031	
-0.012083	3.732693	-0.468880	115.321458	115.322407	114.726779	114.725218	0.000009	25.426488	-0.007107	8.771893	8.580302	8.771893	8.771893	25.464099	-0.005664	-0.009263	0.018751	0.019211	0.013497	0.013934	-0.000511	-0.000511	0.000057	0.000057	895.025303	867.376764	1427.364537	1394.481402	-0.054922	-0.054559	-0.088534	-0.086564	
-0.009801	3.197310	-0.081560	115.617250	115.522657	114.986654	114.984528	0.000009	25.731526	0.003693	8.469195	8.679702	8.841790	8.841790	25.677582	0.001128	-0.009667	0.012864	0.012501	0.007340	0.007784	-0.000254	-0.000254	0.000333	0.000333	902.432682	897.623319	1410.838029	1405.118127	-0.010903	-0.010121	-0.016290	-0.016217	
-0.008092	2.292597	0.051550	115.809096	115.749657	115.161590	115.157615	0.000019	25.690843	0.000772	8.576540	8.726061	8.726061	8.726061	25.695230	0.001854	-0.008223	0.013883	0.013759	0.008214	0.008573	-0.000192	-0.000192	0.000318	0.000318	922.138307	925.178060	1383.859130	1387.474388	0.007673	0.007661	0.012355	0.012386	
-0.006481	3.481290	-0.816653	115.698397	115.716894	115.109446	115.105627	0.000030	25.848277	0.005771	8.716016	8.549143	8.716016	8.716016	25.817772	0.005010	-0.006673	0.008144	0.008623	0.003012	0.003295	-0.000034	-0.000034	0.000392	0.000392	920.189342	872.033610	1451.032632	1393.759753	-0.096153	-0.095456	-0.162756	-0.155535	
-0.011697	3.350506	-0.239496	116.003548	116.033083	115.397369	115.395462	0.000012	25.746123	0.000284	8.703569	8.447331	8.782733	8.782733	25.771081	0.002765	-0.010859	0.012534	0.013312	0.007243	0.007744	-0.000228	-0.000228	0.000431	0.000431	905.403732	891.281310	1425.059285	1408.263118	-0.029906	-0.030591	-0.046128	-0.045624	
0.011756	3.826370	0.118127	116.272585	116.251760	115.639671	115.638916	0.000012	25.541502	-0.009365	8.604097	8.625694	8.698014	8.698014	25.603178	-0.003853	0.008577	0.022009	0.021408	0.016446	0.016024	0.000095	0.000095	-0.000408	-0.000408	878.628799	885.594424	1416.201956	1424.486357	0.013845	0.013641	0.021307	0.021433	
-0.002062	3.138496	0.650006	116.564987	116.515635	115.935399	115.934112	0.000006	25.917752	0.004254	8.475618	8.681473	8.698114	8.698114	25.852975	0.000444	-0.000610	0.014458	0.014057	0.008978	0.008996	-0.000007	-0.000007	0.000035	0.000035	886.588759	924.917788	1392.607530	1438.193254	0.083090	0.083398	0.127898	0.132140	
0.000862	3.096709	0.357185	116.630499	116.620816	116.008408	116.006508	0.000015	25.858754	0.000517	8.616337	8.617035	8.617035	8.617035	25.864757	0.000522	0.000650	0.014595	0.014480	0.009184	0.009136	0.000025	0.000025	0.000001	0.000001	896.578349	917.640558	1402.405704	1427.455544	0.044249	0.046137	0.073010	0.074483	
-0.005759	3.959132	0.282762	116.739404	116.771821	116.142956	116.141858	0.000015	26.036975	0.006241	8.656600	8.474716	8.656600	8.656600	26.003861	0.004004	-0.004843	0.009980	0.010490	0.004820	0.005039	-0.000004	-0.000004	0.000297	0.000297	880.016323	896.690017	1434.267446	1454.097908	0.030713	0.032467	0.049416	0.050074	
-0.002200	2.931450	-0.491610	116.714859	116.723867	116.092378	116.092484	0.000004	25.972150	0.002189	8.334766	8.611836	8.729817	8.729817	25.988866	0.003264	-0.002533	0.010405	0.010603	0.005016	0.005137	0.000046	0.000046	0.000200	0.000200	928.845418	899.856558	1434.289321	1399.812108	-0.066672	-0.061335	-0.104786	-0.101739	
-0.021519	1.323201	0.295661	117.074412	117.046299	116.444809	116.444922	-0.000002	25.847907	-0.004231	8.606515	8.598065	8.606515	8.606515	25.887825	-0.000867	-0.018641	0.017087	0.017737	0.011618	0.012508	-0.000584	-0.000584	0.000519	0.000519	944.442340	961.876643	1360.249703	1380.984778	0.052589	0.052837	0.087483	0.089528	
0.005188	4.000195	0.340899	117.185520	117.226045	116.616703	116.616838	-0.000002	25.894376	-0.003795	8.502687	8.604316	8.604316	8.604316	25.895942	-0.001010	0.001862	0.018225	0.018488	0.013283	0.013195	0.000018	0.000018	-0.000094	-0.000094	874.635844	894.737710	1427.747580	1451.655257	0.037179	0.038524	0.059523	0.060442	
-0.001613	4.055619	0.346069	117.370140	117.380022	116.755051	116.756062	-0.000002	26.074304	0.001944	8.375192	8.397905	8.748770	8.748770	26.041868	0.000665	-0.001132	0.014043	0.014182	0.008729	0.008791	-0.000006	-0.000006	0.000059	0.000059	876.597608	897.004323	1436.477237	1460.747481	0.038942	0.039221	0.057959	0.058868	
0.000730	2.916095	0.282379	117.494547	117.515574	116.887868	116.889163	-0.000010	26.154141	0.003686	8.462705	8.488304	8.636781	8.636781	26.137328	0.002575	0.000449	0.011448	0.011608	0.006225	0.006216	0.000121	0.000121	0.000085	0.000085	910.029722	926.680837	1414.402116	1434.205725	0.036540	0.037316	0.058316	0.059249	
0.008778	3.504681	0.903438	117.775446	117.785831	117.209348	117.210825	-0.000013	26.087717	-0.000417	8.546331	8.546331	8.546331	8.546331	26.106184	0.000526	0.007551	0.015244	0.014975	0.010364	0.010021	0.000255	0.000255	-0.000202	-0.000202	875.861521	929.134706	1406.114618	1469.473820	0.104505	0.110058	0.165220	0.172012	
0.020064	3.755196	-0.608102	117.554868	117.562884	116.969187	116.970537	-0.000013	26.119987	-0.000543	8.163532	8.601087	8.667620	8.667620	26.124968	-0.001093	0.018135	0.012864	0.012076	0.007818	0.006977	0.000504	0.000504	-0.000575	-0.000574	914.458777	878.600727	1466.513202	1423.866281	-0.071943	-0.065361	-0.113101	-0.109406	
0.011180	2.964767	0.092359	117.894101	117.896924	117.281232	117.282329	-0.000012	26.147345	-0.000834	8.608142	8.324671	8.616778	8.616778	26.150903	-0.002707	0.012024	0.014635	0.014090	0.009360	0.008804	0.000262	0.000262	-0.000457	-0.000456	914.714824	920.160999	1423.015168	1429.492447	0.012016	0.012538	0.018570	0.018654	
0.012318	2.306034	0.076231	117.977016	118.053027	117.437893	117.439594	-0.000012	26.113984	-0.003561	8.517851	8.517851	8.517851	8.517851	26.129589	-0.004414	0.012157	0.016180	0.016258	0.011536	0.010977	0.000201	0.000201	-0.000526	-0.000526	931.567993	936.063121	1405.582179	1410.928353	0.010652	0.011081	0.018257	0.018352	
0.030545	3.476318	0.320226	118.244637	118.217152	117.640660	117.642931	-0.000021	26.342285	0.004142	8.432277	8.467850	8.565924	8.565924	26.297828	-0.000607	0.027652	0.012331	0.010799	0.007161	0.005889	0.000805	0.000804	-0.000831	-0.000830	898.469637	917.352480	1435.761626	1458.219487	0.039047	0.038048	0.058951	0.059852	
-0.002177	4.312531	-0.662520	118.145111	118.138813	117.530400	117.531415	-0.000021	26.215648	-0.002263	8.378787	8.530843	8.530843	8.530843	26.243063	-0.004105	0.001970	0.012986	0.012840	0.007716	0.007632	-0.000078	-0.000078	-0.000214	-0.000214	904.652009	865.585107	1488.829040	1442.365746	-0.070806	-0.067195	-0.112150	-0.108760	
-0.013102	4.517049	0.658657	118.607272	118.611785	118.011843	118.012257	-0.000009	26.215339	-0.003572	8.628086	8.116838	8.628086	8.628086	26.231948	-0.003684	-0.010890	0.017076	0.017630	0.011970	0.012486	-0.000450	-0.000450	0.000178	0.000178	860.180682	899.019839	1447.171004	1493.363436	0.067240	0.074163	0.100285	0.102499	
-0.008197	2.811951	-0.094083	118.551864	118.578906	117.965850	117.966401	-0.000009	26.215330	-0.004868	8.060991	8.518132	8.643055	8.643055	26.229815	-0.003205	-0.008477	0.016740	0.017373	0.011715	0.012118	-0.000361	-0.000361	0.000126	0.000126	926.060222	920.512391	1429.717463	1423.119281	-0.012859	-0.012118	-0.019966	-0.019853	
0.017053	2.876875	0.573749	118.903256	118.823208	118.289039	118.288839	-0.000009	26.469402	0.004016	8.459179	8.472397	8.472397	8.472397	26.419826	0.001816	0.013317	0.012931	0.011627	0.007699	0.007077	0.000465	0.000465	-0.000318	-0.000318	909.372013	943.204342	1417.850368	1458.088047	0.075352	0.074526	0.116291	0.119583	
-0.013318	2.333641	-0.073172	118.800753	118.857061	118.276005	118.274905	0.000002	26.343288	-0.002230	8.446919	8.446919	8.446919	8.446919	26.367976	-0.001743	-0.009486	0.013514	0.014439	0.009037	0.009471	-0.000344	-0.000344	0.000210	0.000210	941.103340	936.788583	1423.895651	1418.763996	-0.009907	-0.010479	-0.017488	-0.017394	
0.003239	2.766174	-0.037929	118.998309	119.014521	118.408766	118.409037	-0.000006	26.355578	-0.003021	8.444131	8.401353	8.474618	8.474618	26.363955	-0.001645	0.001457	0.015611	0.015681	0.010579	0.010514	-0.000014	-0.000014	-0.000105	-0.000105	928.870235	926.633681	1433.545432	1430.885440	-0.005121	-0.005047	-0.007990	-0.007978	
0.004023	2.708241	0.436311	119.268270	119.272683	118.665450	118.666081	-0.000009	26.417822	-0.001833	8.437556	8.437556	8.437556	8.437556	26.411679	-0.001904	0.003630	0.016127	0.015994	0.010991	0.010827	0.000043	0.000043	-0.000178	-0.000178	917.549055	943.277070	1417.918651	1448.517657	0.058078	0.059473	0.091487	0.093619	
-0.021138	3.212679	0.269271	119.370655	119.364722	118.768917	118.769325	-0.000009	26.405533	-0.003610	8.258410	8.465100	8.476706	8.476706	26.413323	-0.002945	-0.017494	0.016440	0.017211	0.011316	0.012137	-0.000610	-0.000611	0.000397	0.000397	909.574934	925.453083	1436.801411	1455.685712	0.033420	0.032993	0.052278	0.052994	
-0.021728	2.752515	-1.292943	119.121402	119.119857	118.516605	118.516660	-0.000006	26.490777	-0.001460	8.325710	8.440849	8.440849	8.440849	26.480151	-0.000070	-0.020931	0.011678	0.012641	0.006542	0.007514	-0.000603	-0.000603	0.000604	0.000604	969.087573	892.846398	1483.270373	1392.594737	-0.173110	-0.155074	-0.288562	-0.266060	
0.013278	2.695013	0.202609	119.606242	119.640856	119.036293	119.036620	-0.000007	26.503521	-0.002215	8.525951	8.141830	8.525951	8.525951	26.504495	0.000375	0.008430	0.015550	0.015449	0.010710	0.010321	0.000265	0.000265	-0.000230	-0.000230	927.070126	939.017381	1430.627519	1444.836703	0.027041	0.029398	0.041456	0.041847	
-0.005015	3.616646	0.352632	119.787675	119.816400	119.210446	119.211634	-0.000007	26.523682	-0.002714	8.290742	8.427941	8.427941	8.427941	26.525502	-0.002226	-0.003092	0.016015	0.016403	0.011119	0.011273	-0.000167	-0.000167	0.000006	0.000006	899.525410	920.319095	1450.108915	1474.839391	0.041027	0.041137	0.063087	0.064105	
0.001192	2.652079	-0.629295	119.717312	119.660063	119.114635	119.115305	-0.000015	26.591014	-0.001311	8.292986	8.316837	8.457773	8.457773	26.584134	-0.001343	0.000584	0.013264	0.012753	0.008163	0.008142	-0.000018	-0.000018	-0.000067	-0.000067	954.671445	917.563722	1462.875236	1418.742045	-0.086275	-0.079143	-0.140013	-0.134659	
0.003385	2.034355	-0.061262	119.968390	119.976811	119.387196	119.386567	-0.000001	26.731415	0.003109	8.401945	8.348319	8.401945	8.401945	26.703104	0.001295	0.002939	0.010920	0.010855	0.006022	0.005882	0.000134	0.000134	-0.000036	-0.000036	956.726966	953.114548	1433.375745	1429.079402	-0.009066	-0.009396	-0.014692	-0.014629	
0.046216	3.482975	0.289047	120.187822	120.193425	119.616818	119.616362	-0.000002	26.494200	-0.007586	8.369023	8.369023	8.369023	8.369023	26.547944	-0.005035	0.039819	0.019553	0.017736	0.014709	0.012850	0.000965	0.000963	-0.001342	-0.001340	905.384648	922.428957	1450.086642	1470.357887	0.033949	0.034518	0.053050	0.053738	
0.020936	3.477861	0.871936	120.488506	120.480507	119.894922	119.894551	-0.000002	26.718235	0.000160	8.166580	8.318820	8.464629	8.464629	26.686478	-0.005696	0.023309	0.016409	0.015259	0.011401	0.010321	0.000460	0.000459	-0.000884	-0.000883	891.770829	943.186394	1436.803565	1497.953450	0.103762	0.106591	0.152494	0.158180	
-0.004546	3.462117	-0.323440	120.326079	120.323691	119.730063	119.729556	-0.000002	26.606124	-0.005530	8.150803	8.394622	8.394622	8.394622	26.633115	-0.007544	-0.000649	0.016515	0.016525	0.011480	0.011506	-0.000300	-0.000300	-0.000265	-0.000265	926.091207	907.018877	1475.504721	1452.821497	-0.038378	-0.036523	-0.061658	-0.060608	
0.041969	3.070926	-0.148615	120.472896	120.497727	119.922103	119.921931	-0.000003	26.413258	-0.014464	8.409042	8.152658	8.409042	8.409042	26.472917	-0.012054	0.035702	0.024773	0.023299	0.020087	0.018409	0.000583	0.000582	-0.001492	-0.001489	927.002316	918.238939	1450.933122	1440.510607	-0.018458	-0.019121	-0.029709	-0.029494	
-0.007192	2.786324	-0.881615	120.414491	120.462129	119.868185	119.869110	-0.000003	26.778730	-0.001111	8.214519	8.294251	8.411078	8.411078	26.714236	-0.008266	-0.001244	0.014159	0.014618	0.009558	0.009623	-0.000342	-0.000342	-0.000274	-0.000274	961.902253	909.915938	1482.018639	1420.189947	-0.117390	-0.110263	-0.187675	-0.178634	
-0.003120	3.410335	-0.003075	120.810057	120.779532	120.224301	120.225524	-0.000014	26.908467	0.002789	8.336026	8.336026	8.336026	8.336026	26.869465	-0.001165	-0.002883	0.011575	0.011452	0.006671	0.006813	-0.000111	-0.000111	0.000039	0.000039	923.873452	923.692129	1475.438047	1475.222395	-0.000376	-0.000364	-0.000560	-0.000560	
-0.026688	3.066030	0.198031	120.973372	120.979507	120.410975	120.411314	-0.000008	26.959454	0.003606	8.270914	8.270580	8.352195	8.352195	26.946352	0.002393	-0.023158	0.009589	0.010700	0.004896	0.005953	-0.000563	-0.000564	0.000748	0.000749	928.706493	940.383841	1463.642925	1477.531103	0.024396	0.025082	0.038345	0.038693	
-0.029162	3.420288	0.595693	121.222849	121.224384	120.637093	120.637289	-0.000006	26.979471	0.003198	8.298708	8.298708	8.298708	8.298708	26.978895	0.005379	-0.028049	0.010340	0.011635	0.005458	0.006736	-0.000592	-0.000593	0.000997	0.000998	908.713491	943.839788	1460.520053	1502.296682	0.069595	0.071971	0.106595	0.109319	
-0.011659	3.302457	0.445002	121.312473	121.312763	120.735496	120.735580	-0.000006	26.958776	0.001171	8.140875	8.329823	8.329823	8.329823	26.971511	0.005459	-0.013790	0.011690	0.012323	0.006878	0.007507	-0.000184	-0.000184	0.000595	0.000595	915.993077	942.233568	1462.387939	1493.596445	0.053055	0.053265	0.082590	0.084323	
-0.022771	2.795318	0.090774	121.360518	121.360485	120.775141	120.775114	-0.000005	26.827645	-0.005262	8.271566	8.277563	8.277563	8.277563	26.869114	0.000389	-0.021249	0.015774	0.016754	0.010875	0.011850	-0.000587	-0.000587	0.000621	0.000622	936.873759	942.226449	1456.352481	1462.718575	0.011660	0.011721	0.018849	0.018941	
-0.007143	3.500897	-0.380573	121.350055	121.381846	120.793836	120.794132	-0.000006	27.089638	0.004022	8.278417	8.257084	8.278417	8.278417	27.044492	0.004666	-0.009042	0.009381	0.010057	0.004754	0.005167	-0.000078	-0.000078	0.000429	0.000429	937.082880	914.641557	1500.322930	1473.632875	-0.043715	-0.043314	-0.070378	-0.069154	
0.001739	2.721222	0.325359	121.674168	121.683470	121.096922	121.097808	-0.000006	26.901429	-0.004732	8.272276	8.272132	8.272276	8.272276	26.943175	-0.000353	0.000278	0.016096	0.016161	0.011276	0.011270	0.000001	0.000001	-0.000021	-0.000021	933.717358	952.902883	1450.164096	1472.981945	0.043098	0.043548	0.066124	0.067172	
0.004819	2.827069	-0.538434	121.594934	121.594119	121.012583	121.013364	-0.000012	27.015539	-0.001382	8.186789	8.272797	8.272797	8.272797	27.004954	-0.001063	0.004149	0.013200	0.013004	0.008348	0.008165	0.000090	0.000090	-0.000157	-0.000157	958.024811	926.274906	1486.461984	1448.700987	-0.069666	-0.066098	-0.113144	-0.109793	
0.000424	2.299811	0.314308	121.940056	121.940051	121.356869	121.357310	-0.000009	27.072810	-0.000279	8.284672	8.174167	8.284672	8.284672	27.063529	-0.000957	0.000929	0.013803	0.013760	0.008954	0.008916	-0.000000	-0.000000	-0.000062	-0.000062	947.885459	966.419313	1446.164704	1468.207504	0.044120	0.045760	0.068523	0.069612	
-0.006036	2.832215	-0.755413	121.789531	121.804076	121.220948	121.221322	-0.000008	26.995072	-0.004564	8.233574	8.233574	8.233574	8.233574	27.016513	-0.003135	-0.004994	0.014178	0.014528	0.009443	0.009674	-0.000250	-0.000250	0.000026	0.000026	964.581493	920.036916	1494.819534	1441.841497	-0.096325	-0.091929	-0.160346	-0.153639	
-0.005355	3.501009	0.134468	122.155644	122.140742	121.575587	121.575838	-0.000008	27.087260	-0.002049	8.286231	8.113840	8.286231	8.286231	27.077314	-0.001854	-0.005256	0.014937	0.015053	0.010117	0.010359	-0.000209	-0.000209	0.000081	0.000081	922.723469	930.652678	1484.020836	1493.451253	0.015835	0.016111	0.023692	0.023816	
-0.005134	2.938294	-0.209662	122.194322	122.190424	121.614492	121.614239	-0.000005	27.047977	-0.004757	8.134386	8.247501	8.247501	8.247501	27.063062	-0.003011	-0.005084	0.015797	0.015997	0.010977	0.011206	-0.000250	-0.000250	0.000033	0.000033	946.944154	934.580978	1480.891059	1466.187209	-0.026647	-0.026018	-0.042162	-0.041704	
0.001446	2.345074	-0.307436	122.307501	122.277066	121.725717	121.724928	-0.000001	27.402715	0.008317	8.232600	8.167815	8.232600	8.232600	27.329976	0.004418	0.000469	0.006934	0.006662	0.002144	0.002117	0.000175	0.000175	0.000148	0.000148	971.817159	953.688532	1483.448858	1461.888005	-0.042544	-0.041555	-0.068483	-0.067314	
0.018848	3.341864	0.111110	122.518103	122.528762	121.956365	121.955230	-0.000001	27.114540	-0.004299	8.209265	8.209265	8.209265	8.209265	27.170543	-0.001307	0.016165	0.014944	0.014296	0.010291	0.009548	0.000409	0.000409	-0.000505	-0.000505	929.853977	936.405819	1485.755179	1493.547457	0.013112	0.013417	0.020315	0.020408	
0.002335	2.722783	-0.270076	122.562065	122.553180	121.987801	121.986973	0.000002	27.235262	-0.000584	8.145999	8.202353	8.213445	8.213445	27.227924	-0.002388	0.004220	0.012897	0.012632	0.008151	0.007953	0.000029	0.000029	-0.000207	-0.000207	958.429297	942.503671	1486.325833	1467.385067	-0.035389	-0.034216	-0.056270	-0.055481	
-0.022402	3.180812	-0.514897	122.627587	122.624886	122.052054	122.051243	0.000001	27.225690	-0.002082	8.191560	8.191560	8.191560	8.191560	27.232597	-0.002230	-0.018499	0.012749	0.013566	0.007996	0.008825	-0.000604	-0.000605	0.000439	0.000440	954.017113	923.655109	1506.911180	1470.800849	-0.062779	-0.060936	-0.098934	-0.096577	
0.010294	3.026008	0.609780	123.025310	123.033701	122.461206	122.460638	-0.000001	27.263133	-0.001710	8.215568	8.102009	8.215568	8.215568	27.263431	-0.000249	0.006211	0.015446	0.015233	0.010790	0.010504	0.000166	0.000166	-0.000184	-0.000184	925.612525	961.569494	1465.163204	1507.927773	0.075292	0.079473	0.113445	0.116277	
-0.022389	2.405720	0.055252	123.018392	123.020312	122.447028	122.446793	-0.000001	27.299668	-0.001392	8.067460	8.190961	8.190961	8.190961	27.298267	-0.001219	-0.018206	0.013540	0.014381	0.008832	0.009652	-0.000556	-0.000556	0.000467	0.000467	958.759976	962.018058	1470.574892	1474.449816	0.007526	0.007406	0.012123	0.012163	
-0.002243	2.965121	-0.180654	123.091124	123.072466	122.517248	122.516878	-0.000003	27.381861	0.000758	8.160817	8.160817	8.160817	8.160817	27.367904	0.001771	-0.004437	0.011870	0.011917	0.007153	0.007349	-0.000057	-0.000057	0.000189	0.000189	953.141923	942.489247	1496.958231	1484.288722	-0.022521	-0.022077	-0.035733	-0.035419	
-0.012855	2.429870	0.103916	123.264654	123.280500	122.712182	122.711720	-0.000000	27.477695	0.003474	8.156411	8.156411	8.156411	8.156411	27.458908	0.003359	-0.011575	0.009779	0.010428	0.005253	0.005766	-0.000201	-0.000201	0.000446	0.000446	960.809526	966.937132	1478.179985	1485.467708	0.013928	0.014238	0.022186	0.022302	
-0.010772	3.277580	-0.175345	123.329673	123.333524	122.763824	122.763799	-0.000000	27.213134	-0.008248	8.143622	8.143622	8.143622	8.143622	27.276449	-0.002544	-0.010715	0.017087	0.017607	0.012421	0.012906	-0.000395	-0.000395	0.000208	0.000208	942.638836	932.299258	1499.848802	1487.551670	-0.020944	-0.020618	-0.032874	-0.032616	
-0.002695	2.758071	-1.082458	123.229103	123.230178	122.660933	122.661020	-0.000004	27.464469	0.000664	8.158789	8.083619	8.158789	8.158789	27.428074	0.000526	-0.003793	0.010797	0.010976	0.006136	0.006307	-0.000083	-0.000083	0.000125	0.000125	986.579684	922.750187	1526.527445	1450.613346	-0.139672	-0.131014	-0.226016	-0.213448	
-0.001245	3.082017	-1.749304	123.184776	123.185150	122.617081	122.617142	-0.000004	27.498828	0.000906	8.146733	8.146733	8.146733	8.146733	27.488707	0.001120	-0.001588	0.008254	0.008328	0.003607	0.003679	0.000001	0.000001	0.000085	0.000085	999.484452	896.332930	1561.510762	1438.829943	-0.217912	-0.195252	-0.339604	-0.313366	
-0.013823	2.248701	0.982251	123.993594	123.981119	123.425574	123.425421	-0.000003	27.438454	-0.002626	8.221134	7.935927	8.221134	8.221134	27.457460	-0.000849	-0.011976	0.015795	0.016233	0.011141	0.011678	-0.000363	-0.000363	0.000304	0.000304	939.523206	997.443771	1442.654839	1511.541291	0.139914	0.152525	0.197290	0.204378	
-0.008911	2.845605	-0.455152	123.756513	123.753253	123.188714	123.188262	-0.000003	27.318078	-0.008537	8.046997	8.113195	8.113195	8.113195	27.356026	-0.004246	-0.009204	0.017673	0.018064	0.013004	0.013417	-0.000411	-0.000411	0.000103	0.000103	963.997630	937.158595	1502.875633	1470.955262	-0.057026	-0.054991	-0.094644	-0.092223	
-0.002719	2.216378	0.190977	124.054030	124.005083	123.482455	123.481363	-0.000000	27.754621	0.007852	8.129005	8.061150	8.129005	8.129005	27.667847	0.004138	-0.003652	0.008749	0.008513	0.004101	0.004254	0.000049	0.000049	0.000251	0.000251	969.092674	980.354075	1481.032397	1494.425877	0.026816	0.026835	0.041622	0.042005	
-0.007415	3.497349	0.141371	124.138254	124.136345	123.582221	123.580386	0.000009	27.524725	-0.002360	8.093383	8.093383	8.093383	8.093383	27.563474	0.000528	-0.006788	0.013185	0.013474	0.008647	0.008935	-0.000179	-0.000179	0.000208	0.000208	935.007014	943.343277	1509.934305	1519.848842	0.015969	0.016397	0.024947	0.025087	
-0.006258	2.860105	0.762490	124.422910	124.410100	123.860414	123.858796	0.000009	27.692461	0.003314	8.084711	8.087252	8.087252	8.087252	27.670421	0.002949	-0.006284	0.011596	0.011772	0.007022	0.007288	-0.000077	-0.000077	0.000281	0.000281	935.796341	980.758204	1477.645238	1531.119565	0.094669	0.098460	0.144124	0.148857	
0.005926	3.367868	2.114010	124.877905	124.873990	124.315870	124.314443	0.000007	27.627797	-0.000321	8.068457	8.068457	8.068457	8.068457	27.644495	0.001405	0.004196	0.016482	0.016262	0.011907	0.011708	0.000160	0.000160	-0.000066	-0.000066	882.254757	1006.911929	1441.861139	1590.119195	0.234957	0.262025	0.341706	0.365779	
-0.001998	2.381309	0.801470	124.667942	124.666845	124.107548	124.106464	0.000005	27.744896	0.003296	7.706032	8.150095	8.150095	8.150095	27.729254	0.002149	-0.001132	0.011552	0.011594	0.007005	0.007047	0.000041	0.000041	0.000109	0.000109	948.449479	995.709910	1467.217282	1523.425355	0.106126	0.105882	0.168468	0.176606	
0.010209	1.986052	0.110220	124.611646	124.611063	124.052704	124.051951	0.000002	27.659518	-0.001202	8.052296	8.052296	8.052296	8.052296	27.681449	0.000022	0.008557	0.013058	0.012671	0.008514	0.008127	0.000236	0.000236	-0.000237	-0.000236	977.733130	984.232491	1478.699914	1486.429774	0.015574	0.015701	0.026000	0.026181	
-0.009737	2.242033	0.053276	124.655578	124.729493	124.166999	124.167471	0.000002	27.710097	-0.000305	8.055881	8.055881	8.055881	8.055881	27.708037	-0.000862	-0.007109	0.012093	0.013010	0.008126	0.008446	-0.000230	-0.000231	0.000166	0.000166	973.532815	976.674344	1488.718228	1492.454531	0.007150	0.007418	0.011832	0.011873	
-0.009723	2.704449	-0.468658	124.685292	124.704472	124.143432	124.145574	-0.000014	27.780649	0.001301	8.049534	8.049534	8.049534	8.049534	27.768882	0.001296	-0.009277	0.010069	0.010636	0.005679	0.006106	-0.000195	-0.000196	0.000303	0.000303	978.634444	950.999039	1522.217287	1489.349772	-0.061044	-0.057887	-0.095609	-0.093445	
0.009165	2.531568	0.718893	125.110432	125.116697	124.557428	124.559578	-0.000018	27.812829	0.001391	8.050193	8.050193	8.050193	8.050193	27.808866	0.002079	0.006521	0.012406	0.012168	0.007931	0.007661	0.000273	0.000273	-0.000105	-0.000105	949.092603	991.483672	1478.336390	1528.753204	0.095079	0.098440	0.141543	0.145811	
-0.000148	3.151044	0.128960	125.082320	125.085036	124.527110	124.528755	-0.000018	27.866552	0.002391	8.023345	8.023345	8.023345	8.023345	27.858964	0.001583	0.000770	0.010231	0.010219	0.005747	0.005726	0.000096	0.000096	0.000036	0.000036	951.896545	959.500965	1517.668936	1526.713072	0.015126	0.015226	0.024084	0.024223	
0.009184	3.714786	0.377914	125.262939	125.264350	124.707246	124.708374	-0.000014	27.748588	-0.003434	8.025288	8.025288	8.025288	8.025288	27.781851	-0.001723	0.007954	0.014658	0.014315	0.010157	0.009813	0.000172	0.000172	-0.000282	-0.000282	928.093941	950.378450	1519.160276	1545.663830	0.041544	0.042397	0.063111	0.063994	
0.003878	1.214168	-1.339937	124.946367	124.947113	124.392374	124.393084	-0.000010	27.906860	0.001827	7.972998	8.027355	8.027355	8.027355	27.886262	-0.000342	0.004383	0.008225	0.008038	0.003755	0.003568	0.000119	0.000119	-0.000133	-0.000133	1045.598539	966.586282	1520.996696	1427.025339	-0.221743	-0.197248	-0.387010	-0.349190	
-0.004095	2.860703	-0.733253	125.214174	125.214507	124.661012	124.661405	-0.000008	27.854818	-0.001301	8.034047	8.034047	8.034047	8.034047	27.865036	-0.001287	-0.002878	0.010995	0.011125	0.006529	0.006659	-0.000118	-0.000118	0.000033	0.000033	984.923210	941.685369	1540.789683	1489.365781	-0.094178	-0.090294	-0.141884	-0.137614	
0.002925	2.574432	2.233993	126.063578	126.072720	125.519652	125.519933	-0.000008	27.737736	-0.007019	8.016811	8.016811	8.016811	8.016811	27.774286	-0.004512	0.002126	0.021291	0.021270	0.016884	0.016792	-0.000096	-0.000096	-0.000221	-0.000221	902.425800	1034.158007	1424.408751	1581.081331	0.287564	0.318241	0.392945	0.418354	
-0.013759	4.051945	-0.774775	125.435752	125.437993	124.884302	124.884602	-0.000007	27.925563	-0.000544	7.681472	8.056114	8.056114	8.056114	27.896134	-0.001995	-0.011446	0.011466	0.011990	0.007019	0.007526	-0.000379	-0.000379	0.000243	0.000243	956.399324	910.713068	1574.516244	1520.180378	-0.080965	-0.073702	-0.132351	-0.127390	
0.013366	1.702599	-1.053635	125.481021	125.481557	124.928772	124.928947	-0.000006	28.046102	0.003247	8.038424	7.895183	8.038424	8.038424	28.020443	0.002165	0.009774	0.007808	0.007384	0.003373	0.002947	0.000352	0.000351	-0.000191	-0.000190	1028.128181	965.998292	1530.899105	1457.006393	-0.160198	-0.152103	-0.258251	-0.242910	
0.001461	2.035077	0.253374	125.866804	125.929249	125.375344	125.376197	-0.000006	28.050898	0.002394	7.999696	7.999696	7.999696	7.999696	28.047750	0.001278	0.002592	0.009765	0.010152	0.005822	0.005715	0.000123	0.000123	-0.000025	-0.000025	981.778624	996.719351	1495.109481	1512.878882	0.035783	0.037388	0.055411	0.056065	
-0.022394	2.768196	0.509892	126.090506	126.082570	125.551331	125.553015	-0.000015	28.052637	0.001361	7.972201	7.972201	7.972201	7.972201	28.056262	0.001358	-0.018721	0.010784	0.011544	0.006462	0.007295	-0.000449	-0.000449	0.000560	0.000561	955.632777	985.699651	1505.391994	1541.151319	0.064455	0.064478	0.097506	0.099723	
0.032229	2.399842	0.858314	126.296138	126.294914	125.748067	125.749094	-0.000013	28.091232	0.001852	7.960640	7.960640	7.960640	7.960640	28.089524	0.002982	0.024859	0.012192	0.011090	0.007799	0.006720	0.000799	0.000798	-0.000573	-0.000573	955.680112	1006.292482	1485.570898	1545.765521	0.111613	0.117846	0.172275	0.179112	
-0.008224	1.963087	1.223997	126.497817	126.497727	125.950142	125.950662	-0.000009	28.073981	0.000147	7.947836	7.947836	7.947836	7.947836	28.083251	-0.001126	-0.003555	0.013409	0.013565	0.009021	0.009181	-0.000128	-0.000128	0.000057	0.000057	955.937476	1028.113102	1461.196430	1547.036802	0.167826	0.181191	0.261998	0.278156	
-0.008173	3.029187	-0.357939	126.212724	126.212662	125.666546	125.666750	-0.000009	28.215028	0.004797	7.935114	7.935114	7.935114	7.935114	28.188737	0.002969	-0.007488	0.007256	0.007582	0.002897	0.003223	-0.000090	-0.000090	0.000309	0.000309	978.000928	956.894255	1549.880566	1524.777844	-0.041985	-0.041016	-0.069472	-0.068209	
-0.016470	1.794655	0.048803	126.424164	126.423969	125.879492	125.879488	-0.000006	28.244350	0.004991	7.953035	7.953035	7.953035	7.953035	28.238414	0.005086	-0.015082	0.007003	0.007658	0.002665	0.003318	-0.000223	-0.000223	0.000590	0.000590	998.984030	1001.861824	1506.720285	1510.142921	0.007181	0.007203	0.011325	0.011353	
0.018185	3.095555	0.326586	126.602733	126.602429	126.059574	126.059434	-0.000005	28.080351	-0.002538	7.939663	7.939663	7.939663	7.939663	28.121614	0.001524	0.013443	0.013239	0.012646	0.008892	0.008303	0.000426	0.000426	-0.000313	-0.000313	954.352857	973.610691	1523.844770	1546.748618	0.038830	0.039552	0.059369	0.060153	
0.005213	2.066500	-0.133609	126.601883	126.601514	126.058135	126.057908	-0.000005	28.090989	-0.003082	7.928396	7.928396	7.928396	7.928396	28.105426	-0.002705	0.006325	0.013660	0.013378	0.009306	0.009027	0.000081	0.000081	-0.000269	-0.000269	993.893162	986.014625	1512.685608	1503.315456	-0.018622	-0.018457	-0.030237	-0.030012	
0.016006	2.464177	0.407173	126.846921	126.846524	126.303562	126.303284	-0.000004	28.142407	-0.001994	7.928470	7.928470	7.928470	7.928470	28.138582	-0.003046	0.014508	0.014605	0.013964	0.010259	0.009621	0.000291	0.000291	-0.000504	-0.000504	968.617984	992.627848	1505.766452	1534.322014	0.053420	0.054710	0.081903	0.083391	
-0.004015	3.182383	0.179300	126.898586	126.898188	126.356347	126.356043	-0.000003	28.167041	-0.001975	7.913111	7.913111	7.913111	7.913111	28.166146	-0.003673	-0.001417	0.013675	0.013734	0.009343	0.009403	-0.000166	-0.000166	-0.000092	-0.000092	957.637520	968.210353	1533.713620	1546.288168	0.020888	0.021107	0.032517	0.032763	
-0.017536	2.977683	-0.352346	126.875678	126.875295	126.333949	126.333635	-0.000003	28.090377	-0.006008	7.909848	7.909848	7.909848	7.909848	28.115601	-0.004618	-0.015119	0.015012	0.015675	0.010678	0.011339	-0.000574	-0.000574	0.000248	0.000249	977.236037	956.459206	1544.294197	1519.583765	-0.042732	-0.041825	-0.067451	-0.066376	
-0.022408	2.912254	-0.727628	126.889137	126.888779	126.348579	126.348267	-0.000003	28.244914	-0.000792	7.911263	7.911263	7.911263	7.911263	28.221579	-0.000384	-0.021199	0.011176	0.012100	0.006868	0.007789	-0.000587	-0.000587	0.000563	0.000563	992.764521	949.858339	1561.675099	1510.645647	-0.089843	-0.086008	-0.140243	-0.135769	
-0.005017	1.914716	-0.569481	127.036985	127.036657	126.497247	126.496944	-0.000003	28.316177	0.001093	7.910385	7.910385	7.910385	7.910385	28.300827	0.002665	-0.007216	0.009825	0.010136	0.005534	0.005845	-0.000099	-0.000099	0.000290	0.000290	1015.779819	982.199161	1534.967468	1495.029107	-0.082887	-0.079941	-0.130416	-0.126633	
0.001603	2.461984	-0.644653	127.127374	127.127077	126.587809	126.587519	-0.000003	28.325160	0.000486	7.901133	7.901133	7.901133	7.901133	28.323945	0.001952	0.000377	0.009884	0.009865	0.005598	0.005579	0.000082	0.000082	0.000059	0.000059	1004.568656	966.555274	1552.935185	1507.724869	-0.085390	-0.082110	-0.133081	-0.129129	
0.005654	1.830817	-0.847464	127.185489	127.185221	126.645981	126.645706	-0.000003	28.494205	0.006281	7.895497	7.895497	7.895497	7.895497	28.460062	0.004423	0.004842	0.005609	0.005399	0.001344	0.001134	0.000289	0.000289	0.000025	0.000025	1030.344612	980.372066	1551.494209	1492.060545	-0.124119	-0.117464	-0.197706	-0.188925	
0.000863	1.983878	0.658109	127.668844	127.668603	127.129979	127.129718	-0.000003	28.363648	0.000093	7.891879	7.891879	7.891879	7.891879	28.390543	0.001184	0.001426	0.011829	0.011765	0.007558	0.007494	0.000083	0.000083	0.000003	0.000003	980.184849	1018.991641	1498.721267	1544.875207	0.093930	0.097405	0.138908	0.142757	
0.008080	2.087214	0.238644	127.670760	127.670544	127.132613	127.132366	-0.000003	28.387828	0.000097	7.861917	7.861917	7.861917	7.861917	28.393115	0.000235	0.007085	0.011875	0.011566	0.007610	0.007302	0.000203	0.000203	-0.000183	-0.000183	989.969606	1004.041765	1516.225096	1532.961485	0.032416	0.032922	0.052330	0.052999	
0.001520	1.742914	0.683741	127.888842	127.888647	127.351225	127.350992	-0.000003	28.435174	0.001028	7.861776	7.861776	7.861776	7.861776	28.430207	-0.000005	0.002270	0.012177	0.012076	0.007922	0.007822	0.000064	0.000064	-0.000061	-0.000061	986.661656	1026.979933	1493.868367	1541.819954	0.098703	0.103006	0.154394	0.159830	
0.009696	3.758727	0.681524	127.989944	127.989767	127.454551	127.454329	-0.000003	28.356948	-0.003057	7.848324	7.848324	7.848324	7.848324	28.378208	-0.002228	0.008591	0.014971	0.014595	0.010725	0.010350	0.000157	0.000157	-0.000311	-0.000311	933.640343	973.827862	1542.735758	1590.531832	0.072235	0.074916	0.109859	0.112549	
-0.012722	3.792099	0.453160	128.037916	128.037753	127.503685	127.503473	-0.000003	28.511330	0.002166	7.832889	7.845103	7.845103	7.845103	28.488934	-0.000157	-0.009673	0.011009	0.011427	0.006791	0.007206	-0.000263	-0.000263	0.000255	0.000255	942.454888	969.176462	1557.821489	1589.602159	0.047835	0.048953	0.073108	0.074313	
-0.001433	1.647386	-0.130371	127.995298	127.995147	127.462271	127.462067	-0.000003	28.625082	0.005767	7.839063	7.839063	7.839063	7.839063	28.602054	0.004430	-0.002594	0.006828	0.006938	0.002635	0.002744	0.000088	0.000088	0.000224	0.000224	1017.687464	1009.999880	1529.649960	1520.506914	-0.019085	-0.018916	-0.031470	-0.031228	
-0.004138	2.132114	0.628389	128.287154	128.289037	127.756949	127.756779	-0.000003	28.600086	0.003821	7.841641	7.841641	7.841641	7.841641	28.604410	0.004263	-0.003885	0.009013	0.009195	0.004843	0.005008	0.000048	0.000048	0.000253	0.000253	982.945394	1019.999736	1515.610747	1559.680451	0.085266	0.088475	0.129733	0.133339	
-0.003655	1.717025	0.144618	128.271395	128.271777	127.740274	127.740150	-0.000003	28.657883	0.005187	7.823646	7.823646	7.823646	7.823646	28.650345	0.005156	-0.003661	0.007276	0.007436	0.003106	0.003261	0.000085	0.000085	0.000278	0.000278	1009.083356	1017.611088	1524.525708	1534.667964	0.020750	0.020937	0.033903	0.034184	
0.007697	1.893991	-0.165487	128.299060	128.299098	127.767658	127.767536	-0.000003	28.555384	0.000144	7.824659	7.824659	7.824659	7.824659	28.581672	0.002222	0.006074	0.010124	0.009862	0.005940	0.005678	0.000244	0.000244	-0.000085	-0.000085	1011.853285	1002.095004	1536.055382	1524.449602	-0.023431	-0.023177	-0.037664	-0.037330	
0.007032	1.888167	-0.239248	128.381915	128.381862	127.851589	127.851455	-0.000003	28.450758	-0.004979	7.822983	7.822983	7.822983	7.822983	28.485889	-0.002926	0.006871	0.014193	0.013894	0.010003	0.009705	0.000086	0.000086	-0.000288	-0.000288	1011.627274	997.519498	1533.091153	1516.312404	-0.034288	-0.033765	-0.054569	-0.053886	
0.010788	2.664263	0.067985	128.562008	128.561922	128.032223	128.032076	-0.000003	28.417088	-0.007259	7.817892	7.817892	7.817892	7.817892	28.437644	-0.006327	0.010168	0.017411	0.016966	0.013218	0.012775	0.000055	0.000055	-0.000497	-0.000497	981.379734	985.388595	1539.512129	1544.279973	0.008619	0.008653	0.013171	0.013208	
-0.019020	2.895158	-0.684349	128.477061	128.476960	127.947494	127.947337	-0.000003	28.666790	0.001799	7.806902	7.806902	7.806902	7.806902	28.619316	-0.001944	-0.014838	0.009745	0.010383	0.005583	0.006218	-0.000462	-0.000463	0.000330	0.000330	1002.474379	962.120231	1582.058773	1534.064523	-0.082963	-0.079626	-0.130758	-0.126813	
-0.003547	2.532509	0.219591	128.805303	128.805194	128.276141	128.275977	-0.000003	28.706243	0.002450	7.812068	7.812068	7.812068	7.812068	28.692652	0.002300	-0.005100	0.009947	0.010165	0.005798	0.006015	-0.000053	-0.000053	0.000217	0.000217	987.086317	1000.034985	1545.212294	1560.612485	0.028413	0.028752	0.042330	0.042695	
0.011482	1.653689	0.104603	128.877220	128.877105	128.348977	128.348808	-0.000003	28.623465	-0.001783	7.792107	7.792107	7.792107	7.792107	28.645622	0.000092	0.009097	0.012476	0.012083	0.008326	0.007934	0.000250	0.000250	-0.000241	-0.000240	1011.761518	1017.929681	1524.036723	1531.372682	0.015336	0.015441	0.024657	0.024799	
0.001238	2.645984	-0.056504	128.939789	128.939670	128.411632	128.411459	-0.000003	28.709323	0.000731	7.787722	7.787722	7.787722	7.787722	28.698266	-0.000439	0.002310	0.010963	0.010863	0.006822	0.006721	0.000050	0.000050	-0.000077	-0.000077	992.466103	989.134249	1558.122923	1554.160261	-0.007069	-0.007046	-0.010990	-0.010962	
-0.012563	3.198765	0.276811	129.121799	129.121679	128.594881	128.594707	-0.000003	28.613379	-0.004022	7.783933	7.783933	7.783933	7.783933	28.639482	-0.002662	-0.010362	0.014194	0.014641	0.010055	0.010500	-0.000368	-0.000368	0.000185	0.000185	966.886709	983.209446	1557.284116	1576.697176	0.032077	0.032555	0.048282	0.048778	
0.001984	3.936306	0.736523	129.336643	129.336522	128.810701	128.810525	-0.000003	28.680511	-0.002247	7.772901	7.772901	7.772901	7.772901	28.678392	-0.001347	0.000255	0.014733	0.014721	0.010606	0.010594	-0.000037	-0.000037	-0.000054	-0.000054	935.454204	978.884846	1562.286840	1613.940046	0.076520	0.079359	0.113096	0.115732	
0.001466	1.461995	0.076331	129.271663	129.271542	128.746297	128.746121	-0.000003	28.892900	0.005341	7.759934	7.759934	7.759934	7.759934	28.851840	0.002717	0.001246	0.008147	0.008093	0.004050	0.003995	0.000130	0.000130	0.000061	0.000061	1023.044082	1027.545126	1531.827381	1537.180590	0.011343	0.011402	0.018814	0.018901	
-0.039813	2.195289	0.747087	129.537861	129.537741	129.013429	129.013253	-0.000003	28.856581	0.002985	7.763825	7.763825	7.763825	7.763825	28.858897	0.003265	-0.033749	0.009229	0.010669	0.005143	0.006577	-0.000781	-0.000782	0.001010	0.001011	984.647747	1028.701343	1527.519467	1579.913567	0.098966	0.103195	0.149915	0.154686	
0.016383	2.015871	-0.018486	129.443820	129.443701	128.920684	128.920508	-0.000003	28.701689	-0.004108	7.747810	7.747810	7.747810	7.747810	28.743691	0.001811	0.009324	0.013462	0.013060	0.009366	0.008965	0.000315	0.000315	-0.000186	-0.000186	1008.725863	1007.635817	1543.204831	1541.908410	-0.002512	-0.002509	-0.004096	-0.004092	
0.002953	2.654990	1.268033	129.865174	129.865055	129.342344	129.342170	-0.000003	28.852755	0.001039	7.753411	7.753411	7.753411	7.753411	28.831912	0.000326	0.003809	0.013530	0.013366	0.009450	0.009286	0.000116	0.000116	-0.000090	-0.000090	956.770072	1031.542381	1519.505857	1608.434532	0.156371	0.166564	0.227202	0.237237	
-0.014853	2.129428	-0.252321	129.581637	129.581520	129.059855	129.059682	-0.000003	28.632525	-0.008662	7.728195	7.728195	7.728195	7.728195	28.685493	-0.005329	-0.012075	0.016137	0.016658	0.012045	0.012564	-0.000506	-0.000506	0.000137	0.000137	1011.148009	996.269337	1551.014697	1533.319101	-0.033428	-0.032858	-0.056141	-0.055329	
0.021058	2.533148	0.963894	129.984925	129.984809	129.463324	129.463151	-0.000003	28.901046	0.001190	7.745108	7.745108	7.745108	7.745108	28.855505	-0.000330	0.016235	0.013902	0.013205	0.009833	0.009139	0.000423	0.000423	-0.000443	-0.000443	969.497567	1026.335665	1528.390102	1595.989148	0.122111	0.128264	0.178564	0.184817	
0.020005	2.620672	0.152355	129.876210	129.876094	129.356202	129.356030	-0.000003	28.933731	0.001615	7.721024	7.721024	7.721024	7.721024	28.921330	-0.001044	0.019279	0.010812	0.009990	0.006765	0.005945	0.000479	0.000478	-0.000548	-0.000547	992.953877	1001.937796	1562.850452	1573.535264	0.018593	0.018765	0.029731	0.029943	
0.009944	1.917261	0.229587	129.995482	129.995367	129.475222	129.475051	-0.000003	28.811013	-0.004176	7.727453	7.727453	7.727453	7.727453	28.843019	-0.004998	0.011159	0.014314	0.013835	0.010255	0.009777	0.000127	0.000127	-0.000470	-0.000470	1006.609907	1020.147998	1537.628768	1553.729976	0.031992	0.032444	0.050163	0.050729	
0.004693	2.034578	-0.845733	129.820696	129.820582	129.301627	129.301456	-0.000003	28.768173	-0.006767	7.720356	7.720356	7.720356	7.720356	28.790214	-0.007134	0.005557	0.014688	0.014449	0.010631	0.010392	-0.000097	-0.000097	-0.000396	-0.000396	1033.885015	984.014524	1575.337651	1516.025363	-0.116192	-0.109903	-0.189616	-0.181113	
0.024724	1.696773	0.183606	130.175539	130.175426	129.656780	129.656610	-0.000003	29.073986	0.004592	7.730736	7.730736	7.730736	7.730736	29.012229	-0.000717	0.021769	0.010019	0.009094	0.005994	0.005072	0.000554	0.000554	-0.000601	-0.000600	1018.188676	1029.015380	1543.258940	1556.135423	0.027022	0.027307	0.040732	0.041066	
0.003307	1.544138	-0.450112	130.112961	130.112848	129.594615	129.594446	-0.000003	29.132691	0.006069	7.709611	7.709611	7.709611	7.709611	29.108428	0.001211	0.005792	0.005859	0.005614	0.001852	0.001607	0.000197	0.000197	-0.000111	-0.000111	1043.396755	1016.854898	1567.090214	1535.523285	-0.066339	-0.064386	-0.108401	-0.105662	
0.014579	1.585690	0.132132	130.356862	130.356750	129.838045	129.837877	-0.000003	28.988017	-0.000589	7.713315	7.713315	7.713315	7.713315	29.019866	-0.000712	0.013232	0.010978	0.010415	0.006955	0.006393	0.000328	0.000328	-0.000375	-0.000374	1022.762513	1030.553957	1542.652373	1551.918942	0.019646	0.019802	0.030335	0.030531	
-0.019209	1.816884	0.033394	130.425396	130.425285	129.907634	129.907466	-0.000003	28.969579	-0.002193	7.698868	7.698868	7.698868	7.698868	28.985085	-0.002644	-0.014524	0.012133	0.012751	0.008115	0.008730	-0.000473	-0.000473	0.000293	0.000293	1018.801976	1020.771112	1550.051639	1552.393584	0.004714	0.004724	0.007466	0.007479	
-0.008421	1.654803	-0.055669	130.499034	130.498922	129.981675	129.981507	-0.000003	28.914388	-0.005264	7.694783	7.694783	7.694783	7.694783	28.935221	-0.002603	-0.009168	0.014563	0.014955	0.010541	0.010930	-0.000330	-0.000330	0.000153	0.000153	1024.238053	1020.955426	1546.163120	1542.259005	-0.008125	-0.008096	-0.012929	-0.012891	
-0.015870	2.680264	0.197509	130.655472	130.655361	130.139084	130.138917	-0.000003	29.115749	0.001932	7.690421	7.690421	7.690421	7.690421	29.077307	0.001372	-0.014814	0.010697	0.011325	0.006702	0.007327	-0.000341	-0.000341	0.000438	0.000438	994.314427	1005.960972	1571.734922	1585.586464	0.024341	0.024605	0.036919	0.037208	
0.000818	1.990251	0.083650	130.720896	130.720785	130.205274	130.205107	-0.000003	29.052141	-0.001467	7.681166	7.681166	7.681166	7.681166	29.064324	0.001079	-0.001339	0.011941	0.011997	0.007949	0.008005	0.000005	0.000005	0.000072	0.000072	1015.019072	1019.951700	1557.281699	1563.148203	0.011421	0.011479	0.017960	0.018033	
-0.010077	1.557410	-0.103352	130.767913	130.767802	130.252834	130.252668	-0.000003	28.967785	-0.005694	7.677291	7.677291	7.677291	7.677291	28.995083	-0.002799	-0.008732	0.014564	0.014936	0.010568	0.010938	-0.000325	-0.000325	0.000135	0.000135	1029.760068	1023.665670	1548.763600	1541.515372	-0.015293	-0.015192	-0.024514	-0.024377	
-0.020528	2.013236	-0.445792	130.774882	130.774772	130.260609	130.260444	-0.000003	29.085008	-0.001853	7.674509	7.674509	7.674509	7.674509	29.067578	-0.000982	-0.018701	0.011877	0.012670	0.007898	0.008688	-0.000525	-0.000525	0.000460	0.000460	1030.127563	1003.840485	1576.623417	1545.359504	-0.061218	-0.059565	-0.096744	-0.094654	
-0.015315	0.179045	0.536521	131.113371	131.113261	130.599712	130.599547	-0.000003	29.222270	0.002793	7.674076	7.674076	7.674076	7.674076	29.190724	0.003443	-0.015659	0.010282	0.010942	0.006324	0.006981	-0.000291	-0.000291	0.000529	0.000530	1051.562239	1083.199369	1502.217625	1539.844496	0.103899	0.107876	0.167085	0.173057	
0.014085	1.518106	-0.704394	130.896089	130.895979	130.382823	130.382658	-0.000003	29.148028	-0.001018	7.654207	7.654207	7.654207	7.654207	29.158457	0.002006	0.009854	0.010262	0.009845	0.006301	0.005885	0.000331	0.000331	-0.000191	-0.000191	1052.921591	1011.385486	1578.219489	1528.819507	-0.103457	-0.098556	-0.173038	-0.165843	
-0.001771	2.732167	-0.765046	130.974091	130.973982	130.460984	130.460820	-0.000003	29.216617	0.000886	7.666926	7.666926	7.666926	7.666926	29.206541	0.000308	-0.000140	0.008989	0.008994	0.005036	0.005041	0.000010	0.000010	0.000014	0.000014	1024.876708	979.764132	1614.261893	1560.608318	-0.094733	-0.090829	-0.143600	-0.139314	
0.012130	1.607469	-0.188021	131.207828	131.207718	130.696046	130.695883	-0.000003	29.132080	-0.003330	7.662347	7.662347	7.662347	7.662347	29.155941	-0.002084	0.010335	0.012766	0.012327	0.008816	0.008378	0.000203	0.000203	-0.000344	-0.000343	1035.336352	1024.249298	1562.259882	1549.073757	-0.027948	-0.027639	-0.042960	-0.042578	
-0.002731	1.273123	0.505123	131.475080	131.474971	130.963159	130.962996	-0.000003	29.191209	-0.001797	7.648631	7.648631	7.648631	7.648631	29.186709	-0.002859	-0.000896	0.013521	0.013558	0.009575	0.009611	-0.000119	-0.000119	-0.000074	-0.000074	1024.313940	1054.099592	1531.151741	1566.576601	0.078111	0.080542	0.120763	0.123849	
-0.016341	1.429143	-0.577308	131.296482	131.296373	130.784570	130.784407	-0.000003	29.346437	0.003581	7.633057	7.633057	7.633057	7.633057	29.311976	0.001468	-0.014081	0.007542	0.008132	0.003614	0.004201	-0.000316	-0.000316	0.000419	0.000419	1055.644485	1021.602274	1580.351049	1539.863752	-0.085604	-0.082298	-0.142564	-0.137729	
-0.010903	2.223385	-0.486013	131.408901	131.408792	130.897943	130.897780	-0.000003	29.268132	-0.000378	7.643460	7.643460	7.643460	7.643460	29.281761	0.001888	-0.011229	0.009505	0.009977	0.005580	0.006049	-0.000227	-0.000227	0.000359	0.000359	1031.753340	1003.094540	1595.773801	1561.689136	-0.064681	-0.062915	-0.099093	-0.097036	
-0.007985	3.000228	0.809116	131.820893	131.820784	131.311430	131.311268	-0.000003	29.361502	0.002536	7.636881	7.636881	7.636881	7.636881	29.348020	0.003487	-0.008363	0.010445	0.010795	0.006539	0.006888	-0.000097	-0.000097	0.000337	0.000338	975.453511	1023.164814	1574.125198	1630.869506	0.095109	0.098777	0.136434	0.139865	
0.008255	1.972558	-0.621005	131.555494	131.555386	131.046012	131.045850	-0.000003	29.385927	0.002694	7.612923	7.612923	7.612923	7.612923	29.384074	0.003642	0.005876	0.007471	0.007224	0.003569	0.003323	0.000280	0.000280	-0.000030	-0.000030	1044.967746	1008.348834	1600.004435	1556.452600	-0.083237	-0.079933	-0.137402	-0.132858	
-0.025569	1.949538	0.361819	131.891244	131.891136	131.381971	131.381809	-0.000003	29.346848	0.000313	7.628312	7.628312	7.628312	7.628312	29.360200	0.001303	-0.020953	0.010300	0.011179	0.006399	0.007275	-0.000500	-0.000501	0.000592	0.000592	1015.926759	1037.262216	1563.564737	1588.939557	0.050088	0.051072	0.074534	0.075627	
-0.016438	1.348085	-0.088734	131.864654	131.864545	131.357084	131.356923	-0.000003	29.443030	0.003350	7.608849	7.608849	7.608849	7.608849	29.428182	0.004882	-0.016920	0.007848	0.008555	0.003969	0.004672	-0.000273	-0.000273	0.000607	0.000607	1046.503407	1041.271023	1567.884731	1561.661720	-0.013284	-0.013207	-0.021623	-0.021515	
0.007893	1.188985	0.645421	132.139794	132.139686	131.632089	131.631929	-0.000003	29.421866	0.001694	7.610337	7.610337	7.610337	7.610337	29.426507	0.004417	0.004396	0.010455	0.010270	0.006573	0.006388	0.000268	0.000267	0.000035	0.000035	1028.893032	1066.951693	1537.962563	1583.226730	0.099871	0.103800	0.153790	0.158728	
-0.000375	2.770236	0.492593	132.188338	132.188230	131.681558	131.681398	-0.000003	29.300329	-0.003973	7.594464	7.594464	7.594464	7.594464	29.332697	-0.001251	0.000335	0.013974	0.013959	0.010086	0.010071	-0.000031	-0.000031	-0.000051	-0.000051	990.265903	1019.312705	1578.436125	1612.982251	0.058399	0.059994	0.089535	0.091287	
0.002602	1.652954	-1.413871	131.800543	131.800435	131.294235	131.294075	-0.000003	29.530786	0.004444	7.591643	7.591643	7.591643	7.591643	29.490841	0.002181	0.002230	0.005617	0.005523	0.001754	0.001660	0.000135	0.000135	0.000016	0.000016	1079.475202	996.103251	1625.819870	1526.663416	-0.200079	-0.181727	-0.334271	-0.308086	
-0.007721	2.543469	-0.120722	132.209857	132.209749	131.704653	131.704494	-0.000003	29.379116	-0.002421	7.614010	7.614010	7.614010	7.614010	29.409183	-0.000794	-0.006244	0.011363	0.011624	0.007499	0.007758	-0.000187	-0.000187	0.000136	0.000136	1016.261659	1009.142998	1598.565186	1590.098775	-0.015522	-0.015430	-0.022356	-0.022265	
0.018815	3.145345	-0.736165	132.143226	132.143118	131.638755	131.638596	-0.000003	29.259397	-0.008003	7.590360	7.590360	7.590360	7.590360	29.300475	-0.004821	0.015207	0.015057	0.014413	0.011182	0.010540	0.000237	0.000236	-0.000563	-0.000563	1015.990567	972.580990	1629.278471	1577.650319	-0.084743	-0.081385	-0.129907	-0.126269	
0.025136	1.600442	0.064350	132.435268	132.435161	131.929575	131.929416	-0.000003	29.546232	0.002675	7.594174	7.594174	7.594174	7.594174	29.495992	-0.002036	0.023480	0.010728	0.009746	0.006868	0.005890	0.000545	0.000544	-0.000680	-0.000680	1037.380708	1041.175241	1572.938379	1577.451317	0.009444	0.009478	0.014263	0.014303	
0.007612	1.114909	-0.364143	132.413117	132.413010	131.908202	131.908044	-0.000003	29.422597	-0.003062	7.577430	7.577430	7.577430	7.577430	29.443555	-0.005114	0.009744	0.012071	0.011662	0.008212	0.007804	0.000083	0.000083	-0.000428	-0.000428	1061.026984	1039.554526	1572.455133	1546.917373	-0.057386	-0.056004	-0.093854	-0.091859	
0.007600	3.314096	1.373965	132.935288	132.935181	132.430734	132.430577	-0.000003	29.675619	0.006270	7.578678	7.578678	7.578678	7.578678	29.623829	0.000856	0.007760	0.009836	0.009513	0.006004	0.005681	0.000233	0.000233	-0.000172	-0.000172	958.336795	1039.355589	1578.441809	1674.799592	0.152715	0.161787	0.212686	0.220339	
-0.007167	1.889487	-0.116661	132.647100	132.646994	132.143637	132.143480	-0.000003	29.392523	-0.005838	7.548842	7.548842	7.548842	7.548842	29.454519	-0.003938	-0.004993	0.013173	0.013381	0.009327	0.009535	-0.000261	-0.000261	-0.000004	-0.000004	1034.162523	1027.283374	1584.284153	1576.102601	-0.015573	-0.015454	-0.025964	-0.025796	
-0.027960	1.608959	0.630681	132.920400	132.920294	132.417418	132.417261	-0.000003	29.364237	-0.007751	7.565242	7.565242	7.565242	7.565242	29.389832	-0.005252	-0.024487	0.017083	0.018117	0.013234	0.014264	-0.000815	-0.000816	0.000461	0.000461	1017.548309	1054.737772	1547.120913	1591.351320	0.090994	0.094299	0.137858	0.141745	
0.003984	2.003510	-0.656927	132.679642	132.679536	132.178660	132.178503	-0.000003	29.499970	-0.003096	7.549644	7.549644	7.549644	7.549644	29.477922	-0.001388	-0.000007	0.012721	0.012721	0.008897	0.008896	-0.000045	-0.000045	-0.000047	-0.000047	1047.810072	1009.072976	1607.516636	1561.445588	-0.087646	-0.084051	-0.143162	-0.138344	
-0.026887	1.765944	-0.294964	132.857621	132.857515	132.356617	132.356461	-0.000003	29.531237	-0.002618	7.563313	7.563313	7.563313	7.563313	29.523435	-0.001708	-0.022900	0.012038	0.012995	0.008221	0.009175	-0.000650	-0.000651	0.000537	0.000538	1044.484863	1027.091658	1591.383784	1570.697588	-0.042017	-0.041313	-0.064212	-0.063371	
-0.024616	2.328722	0.244874	133.075965	133.075859	132.575643	132.575487	-0.000003	29.619101	0.000128	7.553162	7.553162	7.553162	7.553162	29.600813	0.002146	-0.024154	0.011026	0.012032	0.007225	0.008227	-0.000551	-0.000551	0.000698	0.000699	1016.266807	1030.706312	1591.410858	1608.584141	0.031457	0.031866	0.047047	0.047490	
0.003218	2.787393	-0.481818	132.981533	132.981427	132.480763	132.480607	-0.000003	29.716865	0.003270	7.540727	7.540727	7.540727	7.540727	29.695118	0.005195	-0.000613	0.007589	0.007613	0.003795	0.003819	0.000162	0.000162	0.000191	0.000191	1028.535535	1000.124071	1634.183958	1600.393456	-0.057138	-0.055623	-0.088598	-0.086883	
0.006711	1.955344	0.250347	133.248555	133.248449	132.748056	132.747901	-0.000003	29.748229	0.003758	7.546104	7.546104	7.546104	7.546104	29.742312	0.004155	0.005637	0.008139	0.007905	0.004353	0.004119	0.000288	0.000288	-0.000006	-0.000006	1029.600640	1044.362885	1589.938730	1607.495857	0.034056	0.034514	0.050914	0.051424	
0.016357	1.996039	-0.023308	133.262549	133.262443	132.763074	132.762919	-0.000003	29.579250	-0.003763	7.530946	7.530946	7.530946	7.530946	29.622061	-0.001601	0.014760	0.012529	0.011913	0.008734	0.008120	0.000331	0.000331	-0.000437	-0.000436	1033.294645	1031.920232	1593.524459	1591.889833	-0.003116	-0.003112	-0.004875	-0.004870	
-0.009255	2.210647	-0.304742	133.277048	133.276943	132.777701	132.777547	-0.000003	29.675267	-0.000682	7.530125	7.530125	7.530125	7.530125	29.667473	-0.002371	-0.005845	0.010660	0.010902	0.006874	0.007114	-0.000229	-0.000229	0.000071	0.000071	1037.343432	1019.373669	1611.558624	1590.186712	-0.039625	-0.038943	-0.061363	-0.060557	
-0.014766	1.314822	-0.182467	133.389289	133.389184	132.890826	132.890672	-0.000003	29.635966	-0.003010	7.529300	7.529300	7.529300	7.529300	29.648535	-0.001889	-0.013385	0.012000	0.012557	0.008219	0.008773	-0.000407	-0.000408	0.000283	0.000283	1056.193472	1045.433913	1583.181746	1570.385119	-0.027708	-0.027400	-0.043554	-0.043151	
-0.007914	1.245366	-0.722195	133.337393	133.337288	132.839459	132.839305	-0.000003	29.825325	0.003812	7.522928	7.522928	7.522928	7.522928	29.786962	0.003121	-0.008630	0.007005	0.007360	0.003244	0.003598	-0.000115	-0.000115	0.000327	0.000327	1077.726662	1035.140895	1608.455939	1557.807566	-0.110108	-0.105118	-0.177554	-0.170681	
-0.015406	1.939662	-0.630310	133.443562	133.443458	132.945813	132.945660	-0.000003	29.865541	0.004670	7.525846	7.525846	7.525846	7.525846	29.850039	0.005106	-0.014333	0.005560	0.006149	0.001809	0.002395	-0.000195	-0.000195	0.000539	0.000540	1058.962865	1021.795279	1626.760833	1582.556444	-0.086221	-0.083230	-0.131519	-0.128022	
0.002292	2.418964	0.212057	133.736214	133.736110	133.238911	133.238758	-0.000003	29.814150	0.001867	7.519842	7.519842	7.519842	7.519842	29.827111	0.004445	-0.000018	0.008835	0.008835	0.005084	0.005083	0.000151	0.000151	0.000149	0.000149	1021.193684	1033.698097	1608.165448	1623.037275	0.026888	0.027174	0.039427	0.039722	
-0.028417	1.823227	0.693515	133.939773	133.939669	133.442491	133.442339	-0.000003	29.632034	-0.006163	7.503344	7.503344	7.503344	7.503344	29.683438	-0.001714	-0.024153	0.014758	0.015765	0.010990	0.011993	-0.000679	-0.000680	0.000566	0.000567	1018.291199	1059.185789	1567.552599	1616.189611	0.094699	0.098390	0.143494	0.147730	
0.001247	2.339768	-0.264272	133.782088	133.781984	133.285123	133.284971	-0.000003	29.784477	-0.000809	7.491918	7.491918	7.491918	7.491918	29.765064	0.001329	-0.002288	0.011238	0.011332	0.007481	0.007575	-0.000012	-0.000012	0.000104	0.000104	1035.544047	1019.960681	1619.183065	1600.649358	-0.033052	-0.032542	-0.052491	-0.051864	
0.002351	2.106526	-0.227675	133.870468	133.870364	133.374720	133.374568	-0.000003	29.918545	0.003815	7.500756	7.500756	7.500756	7.500756	29.888049	0.003014	0.001670	0.007824	0.007754	0.004091	0.004022	0.000146	0.000146	0.000058	0.000058	1043.870774	1030.445403	1619.166252	1603.199106	-0.029983	-0.029608	-0.045832	-0.045399	
0.013477	1.857191	-0.411652	133.903512	133.903409	133.409078	133.408927	-0.000003	29.850667	0.000367	7.495761	7.495761	7.495761	7.495761	29.864369	0.000951	0.011726	0.009079	0.008595	0.005353	0.004870	0.000336	0.000336	-0.000270	-0.000269	1055.030750	1030.756809	1617.823526	1588.953888	-0.056429	-0.055100	-0.087669	-0.086051	
-0.011181	1.782158	-0.325648	134.007292	134.007189	133.512818	133.512667	-0.000003	29.851488	-0.000332	7.493871	7.493871	7.493871	7.493871	29.858861	-0.000894	-0.007895	0.009643	0.009968	0.005917	0.006241	-0.000230	-0.000230	0.000173	0.000173	1054.266275	1035.063762	1612.557991	1589.719936	-0.045411	-0.044576	-0.069824	-0.068821	
0.002709	1.895947	0.841786	134.379734	134.379631	133.885387	133.885237	-0.000003	29.890626	0.000503	7.488058	7.488058	7.488058	7.488058	29.887358	0.000750	0.001206	0.011671	0.011621	0.007950	0.007899	0.000059	0.000059	-0.000006	-0.000006	1017.721588	1067.359328	1576.222445	1635.257916	0.114118	0.119054	0.166693	0.171885	
-0.014434	2.395989	1.289188	134.572075	134.571973	134.077946	134.077796	-0.000003	30.024853	0.005145	7.467262	7.467262	7.467262	7.467262	29.997064	0.003507	-0.012158	0.009140	0.009638	0.005434	0.005931	-0.000192	-0.000192	0.000428	0.000428	994.768805	1070.788545	1579.852715	1670.264991	0.155922	0.166379	0.231619	0.242374	
0.011252	2.325797	0.338814	134.414056	134.413954	133.920366	133.920217	-0.000002	29.938008	0.000946	7.456564	7.456564	7.456564	7.456564	29.957470	0.002945	0.007914	0.009699	0.009373	0.005991	0.005665	0.000304	0.000304	-0.000104	-0.000104	1023.482257	1043.461151	1609.031870	1632.793294	0.041444	0.042268	0.065849	0.066849	
-0.002475	1.723983	0.733502	134.589090	134.588987	134.096911	134.096762	-0.000002	29.784604	-0.005909	7.465334	7.465334	7.465334	7.465334	29.830582	-0.003312	-0.000962	0.015131	0.015170	0.011419	0.011457	-0.000133	-0.000133	-0.000086	-0.000086	1023.743537	1066.996059	1572.258027	1623.699390	0.100809	0.105001	0.153550	0.158427	
0.011805	1.882060	-0.493909	134.359064	134.358962	133.868297	133.868148	-0.000002	29.771392	-0.007151	7.455565	7.455565	7.455565	7.455565	29.789310	-0.005657	0.009949	0.015027	0.014613	0.011319	0.010906	0.000069	0.000069	-0.000446	-0.000446	1054.729106	1025.604722	1616.921351	1582.282954	-0.066295	-0.064271	-0.107885	-0.105183	
-0.004618	1.780980	-0.471634	134.444722	134.444620	133.953932	133.953784	-0.000002	29.941541	-0.001058	7.468314	7.468314	7.468314	7.468314	29.910265	-0.003666	-0.002580	0.011307	0.011413	0.007616	0.007721	-0.000186	-0.000186	-0.000056	-0.000056	1060.034054	1032.223150	1620.682782	1587.606542	-0.065796	-0.064052	-0.101125	-0.099032	
0.017884	1.485994	0.389910	134.737654	134.737552	134.247297	134.247149	-0.000002	30.083683	0.003918	7.463547	7.463547	7.463547	7.463547	30.047203	0.001050	0.014836	0.009249	0.008640	0.005576	0.004969	0.000416	0.000416	-0.000344	-0.000344	1046.029969	1069.021883	1591.018560	1618.363448	0.056591	0.057799	0.084798	0.086189	
0.007012	1.929553	-1.163819	134.429896	134.429795	133.938994	133.938846	-0.000002	30.054913	0.002058	7.447279	7.447279	7.447279	7.447279	30.056589	0.000001	0.008023	0.006490	0.006161	0.002814	0.002487	0.000207	0.000207	-0.000205	-0.000205	1080.724694	1012.097617	1657.436392	1575.816403	-0.154522	-0.143753	-0.250106	-0.236023	
0.000037	1.980087	-0.398380	134.699642	134.699540	134.208658	134.208511	-0.000002	30.028390	0.000289	7.464375	7.464375	7.464375	7.464375	30.039524	-0.000654	0.001141	0.008941	0.008894	0.005264	0.005216	0.000010	0.000010	-0.000051	-0.000051	1056.382112	1032.890780	1630.878738	1602.939879	-0.054352	-0.053245	-0.080151	-0.078951	
-0.004861	1.148685	-0.971360	134.631910	134.631808	134.141992	134.141845	-0.000002	29.941780	-0.003879	7.449402	7.449402	7.449402	7.449402	29.969337	-0.002654	-0.003964	0.010691	0.010853	0.007013	0.007174	-0.000188	-0.000188	0.000013	0.000013	1092.637331	1035.358969	1625.481986	1557.359323	-0.150125	-0.141120	-0.240800	-0.228514	
0.008600	2.207787	-1.370127	134.612608	134.612507	134.122157	134.122010	-0.000002	30.118056	0.002469	7.453127	7.453127	7.453127	7.453127	30.085884	0.000817	0.006749	0.006850	0.006574	0.003182	0.002906	0.000202	0.000202	-0.000145	-0.000145	1080.492291	999.699799	1673.548814	1577.460178	-0.178491	-0.165581	-0.270276	-0.255772	
-0.002221	1.042974	0.200925	135.081340	135.081239	134.591376	134.591230	-0.000002	30.011811	-0.002481	7.454213	7.454213	7.454213	7.454213	30.034352	-0.001883	-0.000939	0.011932	0.011970	0.008262	0.008299	-0.000084	-0.000084	-0.000039	-0.000039	1062.605842	1074.453804	1585.518416	1599.609509	0.032331	0.032680	0.047483	0.047884	
0.012486	1.415197	-0.107972	135.081960	135.081859	134.592125	134.591979	-0.000002	29.995206	-0.003843	7.428286	7.428286	7.428286	7.428286	30.006829	-0.003128	0.010520	0.013101	0.012667	0.009427	0.008994	0.000167	0.000167	-0.000373	-0.000373	1061.394203	1055.027374	1604.265172	1596.692935	-0.015695	-0.015593	-0.024878	-0.024744	
0.010249	2.762096	0.171420	135.229566	135.229466	134.739616	134.739471	-0.000002	30.099492	-0.000369	7.428248	7.428248	7.428248	7.428248	30.081086	-0.002610	0.010175	0.011697	0.011278	0.008031	0.007614	0.000175	0.000175	-0.000346	-0.000346	1020.688451	1030.796596	1633.427179	1645.449062	0.020291	0.020465	0.030070	0.030247	
-0.036403	0.901822	-0.236600	135.200286	135.200186	134.711895	134.711750	-0.000002	30.057406	-0.002744	7.420129	7.420129	7.420129	7.420129	30.069433	-0.003136	-0.029602	0.011054	0.012268	0.007401	0.008611	-0.000857	-0.000858	0.000651	0.000652	1080.110084	1066.158455	1599.323214	1582.730174	-0.037626	-0.037050	-0.061302	-0.060474	
