wz_IMU		ax_IMU		ay_IMU		w_fl		w_fr		w_rl		w_rr		delta		vx_GSS		vy_GSS		T_fl		T_fr		T_rl		T_rr		vx			vy			wz			sr_fl		sr_fr		sr_rl		sr_rr		sa_fl		sa_fr		sa_rl		sa_rr		Fz_fl		Fz_fr		Fz_rl		Fz_rr		phi_fl		phi_fr		phi_rl		phi_rr
-0.011339	0.420186	1.350099	6.096966	6.096966	6.096966	6.096966	0.000000	1.331524	0.001426	0.000000	0.000000	0.000000	0.000000	1.324511	-0.010081	-0.012384	-0.008622	0.012280	-0.004308	0.023507	-0.005144	-0.005607	-0.004642	-0.006921	657.786210	741.875198	672.536104	772.702488	2.102639	0.915419	1.885753	0.697924	
-0.007163	-0.743804	0.727090	5.940933	5.940933	5.940933	5.940933	0.000000	1.534475	0.009547	12.649023	12.649023	13.019099	13.240565	1.349322	-0.001133	-0.002661	-0.011877	-0.027373	0.000778	-0.008154	-0.003449	-0.004705	-0.002258	-0.002841	709.570579	754.856311	665.816637	719.760775	2.450431	2.686252	1.450474	2.238981	
-0.006662	8.790113	-0.218575	6.810610	6.810823	6.190564	6.194902	0.000000	1.289050	-0.003433	12.698644	12.698644	15.782772	16.983960	1.048516	0.001081	-0.007827	0.550271	0.468212	0.309320	0.396827	0.004102	0.003975	0.003139	0.003627	480.517428	466.903777	959.496160	943.279648	-0.021234	-0.020580	-0.028902	-0.026037	
-0.001377	9.325101	0.091188	8.026241	8.022639	6.724205	6.760447	-0.000215	1.594692	0.005221	5.319016	4.785313	17.773095	17.190246	1.263754	-0.000884	0.001574	0.430087	0.427275	0.198095	0.202723	-0.001072	-0.001049	-0.001471	-0.001528	456.026936	461.706426	961.799895	968.565275	0.019945	0.023169	0.007618	0.007915	
-0.019589	7.595511	0.154829	7.079328	7.047647	7.247617	7.221027	-0.000001	1.578028	0.000827	4.519211	4.664855	19.598227	19.633402	1.245728	-0.003641	-0.013668	0.270148	0.281503	0.300342	0.313030	-0.001944	-0.001955	-0.002622	-0.002627	501.178964	510.822250	913.029119	924.516153	0.025877	0.025467	0.018290	0.018276	
0.005412	8.917569	0.274893	7.434912	7.438594	7.836909	7.839655	-0.000001	1.600982	-0.001523	8.000271	8.000099	16.598494	16.600890	1.166061	-0.001326	0.008921	0.441347	0.428664	0.519279	0.505692	-0.005564	-0.004568	-0.005773	-0.005923	461.568252	478.689592	944.381111	964.775966	0.031183	0.032739	0.029868	0.030638	
0.024766	9.076496	0.708255	8.045441	8.045542	8.109382	8.109576	-0.000010	1.633609	-0.003678	4.602538	5.171432	13.344251	13.994711	1.312084	-0.006076	0.014949	0.389311	0.370151	0.400352	0.381056	-0.008915	-0.009195	-0.013277	-0.013309	443.673289	487.785920	932.424961	984.971707	0.111742	0.105846	0.068322	0.068483	
0.042881	6.564299	-1.210324	7.742637	7.761213	7.864920	7.887637	-0.000259	1.804977	0.000447	4.914129	6.209335	14.791925	16.266365	1.407843	0.014542	0.006285	0.240804	0.237025	0.260396	0.257170	0.010500	0.013837	0.015828	0.026285	571.714009	496.330738	935.830107	846.033931	-0.335753	-0.210022	-0.172909	-0.136737	
-0.001981	8.238065	1.014155	8.627827	8.676318	8.774464	8.841167	-0.000952	1.920632	0.002061	9.899829	8.424165	17.227801	15.432674	1.410817	-0.010998	0.029656	0.393868	0.366211	0.417546	0.392157	-0.021642	-0.012756	-0.021035	-0.014675	457.173414	520.338590	898.956507	974.198549	0.110224	0.154908	0.107231	0.131507	
0.017933	7.796734	-0.518771	8.901298	8.771421	8.845987	8.768092	-0.000952	1.973635	0.001002	5.303486	7.141244	13.888991	15.932759	1.501060	0.004246	-0.013741	0.326838	0.322162	0.318598	0.321665	0.005897	0.007507	0.007724	0.010376	516.883005	484.572107	943.862326	905.373746	-0.111922	-0.067814	-0.066101	-0.053530	
-0.003011	6.643637	-0.458817	8.997320	9.073427	9.115038	9.201193	0.000632	2.074207	0.001907	7.472948	6.926998	16.530900	15.712033	1.645753	0.006036	0.004719	0.232225	0.238308	0.248351	0.255749	0.005544	0.005271	0.006782	0.006386	546.407317	517.830587	910.628980	876.588522	-0.082363	-0.097675	-0.058828	-0.062614	
-0.014810	8.812392	-0.256891	9.485182	9.458357	9.604212	9.566216	-0.000143	2.152091	0.001901	9.710042	9.012192	17.119178	16.267693	1.461657	0.002650	-0.008949	0.454667	0.461429	0.472923	0.478095	0.005427	0.005495	0.004818	0.004620	481.520725	465.520631	962.399017	943.339784	-0.028078	-0.028432	-0.029409	-0.029695	
0.019929	8.821830	0.848355	10.349496	10.272843	10.292433	10.248020	-0.000143	2.176222	-0.000509	4.854290	4.385773	14.607122	14.099010	1.697340	-0.010189	0.015108	0.379423	0.354418	0.371818	0.351145	-0.010291	-0.009791	-0.015288	-0.016430	446.578551	499.417114	921.089515	984.030547	0.140767	0.156388	0.078506	0.084262	
0.012013	5.940794	0.724720	10.335791	10.315360	10.525411	10.499530	0.000527	2.383902	0.005195	5.105929	6.656601	15.133602	16.817921	1.943641	-0.009310	0.002155	0.197305	0.193323	0.219268	0.214626	-0.007012	-0.007673	-0.009856	-0.010386	528.901990	574.040104	848.285855	902.054152	0.221364	0.174733	0.100845	0.095152	
0.019477	7.164961	0.157251	10.536973	10.608938	10.720245	10.817852	-0.000238	2.280815	-0.002167	9.760954	10.827265	16.108533	17.360667	1.883066	-0.001348	0.009047	0.262722	0.263916	0.284684	0.288805	-0.002152	-0.002313	-0.002089	-0.002165	513.796285	523.590426	903.418839	915.085571	0.021987	0.020227	0.023049	0.021797	
0.007086	8.651449	-0.254146	11.139416	11.313458	11.017887	11.089095	-0.000868	2.209137	-0.008663	8.786184	8.982649	16.555512	16.739213	1.776264	0.004580	0.005866	0.413889	0.430206	0.398457	0.401836	0.003727	0.003785	0.005495	0.005297	486.190249	470.361137	958.760320	939.904762	-0.032783	-0.032336	-0.028433	-0.027409	
-0.012825	8.614779	-0.706236	11.341168	11.386655	11.343686	11.359093	-0.000868	2.356053	-0.006346	5.624021	4.996057	15.824491	15.360016	1.847612	0.009761	-0.010017	0.376563	0.391256	0.376867	0.387887	0.009079	0.009304	0.014517	0.014063	501.081196	457.094298	974.150472	921.753500	-0.106786	-0.102703	-0.074608	-0.072308	
0.009922	6.943004	0.575518	11.792475	11.764648	12.019623	11.991945	-0.000321	2.766318	0.007192	6.338375	5.117363	16.284394	14.976857	2.082256	-0.006047	0.026766	0.284320	0.261352	0.309055	0.285719	-0.006803	-0.006234	-0.012113	-0.008428	506.619727	542.465005	881.524238	924.222955	0.106764	0.141878	0.064994	0.074147	
-0.015674	7.895397	-0.534799	11.880182	11.815969	12.104136	12.021423	0.000623	2.615166	-0.001543	7.885335	9.024319	15.289482	16.587744	1.998048	0.002799	-0.039555	0.321875	0.346872	0.346782	0.370279	0.007031	0.010252	0.007462	0.009575	515.800849	482.491674	949.449872	909.772148	-0.078546	-0.060882	-0.072314	-0.061779	
-0.004027	8.420469	0.402786	12.585347	12.679392	12.633079	12.704202	0.000623	2.644114	-0.003777	7.667518	6.555067	16.229906	15.009882	2.077722	-0.003809	0.015566	0.369143	0.366823	0.374338	0.369501	-0.005860	-0.004886	-0.007791	-0.007615	472.203959	497.290889	928.568272	958.451698	0.052245	0.071707	0.040265	0.045975	
0.002119	8.705280	-0.713475	12.639543	12.569888	12.775333	12.705845	-0.000449	2.735256	-0.003328	5.990203	6.519494	15.443541	16.121803	2.031348	0.010202	-0.021372	0.391076	0.401281	0.406022	0.416439	0.009256	0.012599	0.013333	0.014035	499.394523	454.956769	978.021171	925.087140	-0.105884	-0.082764	-0.081612	-0.072169	
-0.016595	6.413855	-0.029334	13.062394	13.090417	13.261720	13.301926	0.000253	2.820390	-0.002947	6.118965	4.998777	15.833561	14.537865	2.375912	0.002284	0.004726	0.238517	0.238166	0.257417	0.258172	0.000344	0.000330	0.000497	0.000417	540.137488	538.310442	890.316955	888.140588	-0.006438	-0.009407	-0.003452	-0.003908	
-0.002241	7.939808	-0.009343	13.391347	13.330802	13.629883	13.549153	0.000455	2.918391	-0.001825	9.333399	9.282857	16.363963	16.286229	2.275021	-0.000274	-0.006534	0.322092	0.320734	0.345640	0.342366	0.000141	0.000148	0.000137	0.000141	498.843691	498.261772	932.455514	931.762335	-0.001173	-0.001135	-0.001198	-0.001170	
-0.014979	9.329212	-0.303789	13.967184	13.954171	13.925757	13.916251	0.000455	3.002154	-0.001834	7.447357	7.458315	16.121022	16.162157	2.194914	0.005286	-0.011358	0.427268	0.434969	0.423033	0.431068	0.004599	0.004679	0.005912	0.005857	470.117482	451.196443	980.591418	958.052769	-0.038028	-0.037549	-0.030582	-0.030300	
0.011859	8.093207	0.072239	14.261289	14.260760	14.400845	14.402365	0.000188	3.112497	-0.000781	5.045110	4.510031	15.810398	15.196508	2.378326	0.001022	0.011139	0.353045	0.345285	0.366286	0.358645	-0.000898	-0.000868	-0.001440	-0.001506	491.757340	496.256655	932.771435	938.130996	0.012297	0.013893	0.007456	0.007799	
-0.003090	6.429329	-1.278452	14.096917	14.067254	14.412089	14.367268	0.000206	3.354124	0.006068	6.450730	6.671616	15.519137	15.755778	2.608112	0.020201	-0.022436	0.209783	0.219974	0.236831	0.245993	0.012335	0.014486	0.016220	0.019491	579.331392	499.704871	938.585573	843.734859	-0.287807	-0.220144	-0.187042	-0.158079	
-0.006593	7.183003	-0.095771	14.809542	14.821875	15.011122	15.025031	0.000206	3.287505	0.000380	10.734779	8.885611	17.705347	15.562088	2.626910	0.008281	0.019008	0.274088	0.263942	0.291433	0.281268	0.001373	0.001171	0.001502	0.001272	522.597785	516.632829	916.283143	909.177716	-0.012558	-0.017027	-0.011672	-0.013932	
0.009416	8.337139	-0.030439	15.688896	15.424253	15.529148	15.374349	-0.000003	3.494657	0.005251	8.737887	8.778316	16.691737	16.709749	2.535839	0.000100	-0.011337	0.388259	0.372306	0.374123	0.367866	0.000399	0.000444	0.000571	0.000644	489.311969	487.416130	945.253502	942.995188	-0.004546	-0.003920	-0.003466	-0.003335	
-0.010625	8.790445	-0.309464	15.800024	15.760615	15.795889	15.784724	0.000814	3.532121	0.003307	6.085434	6.349159	15.905557	15.987306	2.531868	0.007410	-0.006030	0.402066	0.402639	0.401700	0.404785	0.004366	0.004239	0.006264	0.006272	485.489499	466.214967	967.431967	944.472241	-0.041283	-0.042831	-0.032396	-0.032438	
-0.003423	8.002740	0.271955	16.028945	16.042881	16.289159	16.292868	0.000138	3.567301	0.001519	5.620441	5.234245	15.795056	15.268741	2.678851	-0.004187	0.007262	0.348521	0.345237	0.370413	0.366199	-0.003481	-0.003313	-0.005614	-0.005418	488.734133	505.672438	924.483444	944.660269	0.042365	0.048280	0.029047	0.030729	
-0.010178	7.443575	1.107817	16.529810	16.504778	16.838246	16.798065	0.000138	3.547422	-0.002209	6.490640	6.908780	15.285835	15.782607	2.889928	-0.026617	0.002155	0.287542	0.284423	0.311565	0.307246	-0.012845	-0.012647	-0.019876	-0.017760	478.224222	547.222979	879.070125	961.261100	0.188598	0.193883	0.127545	0.132990	
0.002551	9.622458	-0.979591	16.403867	16.433282	16.610358	16.645077	0.000201	3.635405	-0.001758	7.354734	8.868469	15.319231	17.132348	2.527911	0.018177	-0.015509	0.454603	0.468159	0.472914	0.487082	0.018678	0.016177	0.017509	0.018654	484.693180	423.680785	1016.751968	944.074308	-0.111148	-0.082989	-0.112696	-0.095403	
0.002727	7.702295	0.832199	17.292077	17.448840	17.408513	17.554997	-0.000534	3.739384	-0.001071	4.932323	3.408674	15.672235	13.898305	2.972365	-0.015659	0.020220	0.314418	0.315372	0.323269	0.323375	-0.009334	-0.007304	-0.015095	-0.018065	479.425167	531.257453	895.533933	957.276293	0.162554	0.284068	0.077532	0.092460	
0.005181	6.046752	0.021356	17.221538	17.139907	17.608247	17.483047	-0.000534	3.705079	-0.005193	6.799552	7.851114	15.345793	16.617849	3.205464	-0.007030	-0.019003	0.204466	0.207458	0.231516	0.231635	-0.000245	-0.000263	-0.000269	-0.000300	550.710520	552.040633	883.134662	884.719085	0.005315	0.003678	0.003469	0.002859	
-0.009791	7.464596	0.204351	17.748273	17.832726	17.933923	18.028847	0.000341	4.122775	0.008555	10.223913	10.193785	16.748840	16.777391	3.117782	-0.005112	0.006932	0.282574	0.285186	0.295990	0.299320	-0.002946	-0.002704	-0.003017	-0.002818	507.235413	519.963141	916.217104	931.378309	0.026449	0.029594	0.025873	0.027820	
0.032369	9.111667	-0.877573	18.283049	18.295363	18.116593	18.125405	-0.000309	4.094991	0.003863	8.335953	8.551417	16.652594	16.911676	2.809903	0.024175	-0.005811	0.462155	0.466835	0.448839	0.453206	0.012426	0.018830	0.018780	0.017014	496.005752	441.347358	1000.468271	935.359465	-0.114636	-0.096281	-0.096030	-0.087193	
0.015779	9.168601	1.206775	18.988933	19.022506	19.047291	19.071352	-0.000163	4.016690	-0.002801	4.979327	3.739245	15.760737	14.307159	3.101244	-0.024526	0.029268	0.385653	0.372212	0.389912	0.375736	-0.016312	-0.013218	-0.020666	-0.023847	428.700362	503.862595	922.888498	1012.421374	0.164092	0.222037	0.105406	0.121047	
-0.028677	6.541759	-0.073291	18.664402	18.584684	19.075478	18.956517	-0.000163	4.057421	-0.003849	4.660848	6.478089	14.923889	17.049341	3.392281	-0.011165	-0.053039	0.226256	0.244534	0.253267	0.269437	0.000828	0.000906	0.000969	0.001220	540.600100	536.035303	900.842726	895.405162	-0.020298	-0.012433	-0.010678	-0.008618	
0.005220	6.768867	-0.407361	18.890821	19.017553	19.234830	19.422835	0.000430	4.212140	-0.000581	9.516736	9.112820	16.668333	16.286137	3.450771	0.011330	0.012691	0.234501	0.237219	0.256985	0.263589	0.005232	0.004983	0.005625	0.005350	545.726571	520.354653	921.260940	891.038038	-0.061581	-0.068799	-0.055039	-0.059164	
0.014039	9.046589	0.437242	19.919667	19.885223	19.897374	19.879192	-0.000434	4.387123	0.002866	9.851136	9.237388	17.326725	16.544186	3.102401	-0.009315	0.020322	0.450460	0.436427	0.448836	0.435990	-0.007712	-0.006694	-0.008803	-0.009146	457.845264	485.078264	952.090675	984.530488	0.050222	0.053625	0.045467	0.047223	
0.005194	8.774389	0.053330	20.363627	20.253250	20.256437	20.186456	-0.000434	4.373782	-0.001150	4.465085	5.283678	14.809260	15.709090	3.323249	-0.005321	-0.006757	0.377006	0.372944	0.369760	0.368418	-0.000647	-0.000697	-0.001044	-0.000986	476.117220	479.438780	956.695024	960.651650	0.009644	0.007933	0.005407	0.005108	
-0.027031	7.178733	0.373856	20.191932	20.245793	20.565792	20.637253	0.000185	4.346703	-0.005170	5.778495	5.946071	16.054462	16.183682	3.589958	-0.012395	-0.004683	0.264521	0.269913	0.287933	0.294466	-0.004608	-0.004432	-0.005977	-0.005500	510.067297	533.352389	902.937202	930.674288	0.062229	0.070005	0.044732	0.047367	
0.024064	8.157472	-0.797124	20.309728	20.327598	20.684413	20.703745	-0.000227	4.457838	-0.003771	8.362394	8.765599	16.258073	16.729590	3.377962	0.018247	-0.027748	0.346050	0.360803	0.370883	0.385984	0.010809	0.014914	0.011579	0.014879	520.853255	471.205554	974.738588	915.598494	-0.108569	-0.090230	-0.101301	-0.090270	
0.008083	8.117032	0.898244	21.352907	21.405738	21.457373	21.504665	-0.000233	4.629003	-0.000261	7.460636	6.139876	16.451565	14.924896	3.602808	-0.019849	0.033256	0.341068	0.329331	0.347629	0.335474	-0.011380	-0.009558	-0.016994	-0.016920	468.464034	524.409838	909.291262	975.933625	0.133960	0.191020	0.087097	0.101747	
0.003706	7.074323	-0.616931	21.237318	21.115224	21.492221	21.360527	-0.000233	4.826949	0.004604	6.343374	7.706349	15.406653	16.997865	3.751042	0.006364	-0.047602	0.264097	0.276440	0.279272	0.291272	0.006878	0.008415	0.008063	0.010903	544.657012	506.232338	938.773707	893.002428	-0.129868	-0.083914	-0.089042	-0.070734	
-0.002646	7.528866	-0.174995	21.604993	21.726311	21.870264	22.010655	0.000392	4.784255	-0.000166	9.146081	8.133100	17.127227	15.966766	3.776050	0.012585	0.030239	0.293672	0.288288	0.309560	0.305153	0.002483	0.002147	0.002925	0.002435	519.076784	508.177448	935.782472	922.799237	-0.022855	-0.029704	-0.020415	-0.023369	
-0.000940	9.341070	-0.467961	22.210745	22.095953	22.295247	22.195360	-0.000120	4.965179	0.003646	8.269347	8.117105	16.759327	16.545441	3.396733	0.015706	-0.025524	0.464529	0.470378	0.470102	0.476994	0.007140	0.009665	0.009634	0.009028	479.146129	449.999832	995.978454	961.259530	-0.057294	-0.049887	-0.049729	-0.046622	
-0.001037	8.356425	-0.273022	22.569537	22.532224	22.705824	22.675614	-0.000120	4.905620	-0.002023	4.591604	3.879644	15.265861	14.416960	3.749517	0.013695	0.004694	0.355383	0.351077	0.363566	0.359674	0.003363	0.003197	0.005199	0.005444	498.506927	481.502164	959.357689	939.101701	-0.045921	-0.054795	-0.026903	-0.028168	
0.007332	6.088396	0.681783	22.753300	22.694087	23.221963	23.137959	0.000228	5.024844	0.000126	6.544229	6.253776	16.127573	15.758967	4.238825	-0.015002	0.018051	0.210908	0.201498	0.235849	0.224998	-0.007455	-0.007078	-0.009625	-0.008970	531.451501	573.915360	864.926746	915.509482	0.147237	0.171877	0.088909	0.096822	
-0.004550	7.451166	0.362050	23.158564	23.122702	23.514136	23.466387	0.000406	5.115037	0.000898	9.668827	10.740022	16.253686	17.519970	4.072115	-0.017828	-0.015019	0.276731	0.280503	0.296330	0.299532	-0.004856	-0.005235	-0.004899	-0.005130	506.277558	528.827333	917.604588	944.465768	0.050136	0.045979	0.049527	0.046888	
0.002089	9.087545	-0.540373	23.723323	23.896106	23.622668	23.744599	-0.000046	5.023697	-0.006329	8.375550	8.799718	16.645758	17.174371	3.768732	0.016427	-0.002058	0.415853	0.427116	0.409846	0.418067	0.007847	0.008165	0.010982	0.010566	489.360166	455.703814	994.085921	953.994642	-0.068430	-0.066323	-0.056627	-0.054502	
0.030668	8.922279	-0.346552	24.038028	24.154729	24.105966	24.173453	-0.000046	5.048941	-0.009083	5.682315	4.765444	16.354806	15.358510	3.907770	0.020603	0.027887	0.390104	0.384744	0.394032	0.385816	0.004640	0.004404	0.006588	0.006755	486.695975	465.111475	980.063759	954.352411	-0.048572	-0.053263	-0.034071	-0.034931	
0.000938	7.185015	-0.755638	23.941413	23.872010	24.406845	24.315543	-0.000346	5.392463	0.001506	5.811105	5.433749	16.189406	15.780166	4.246158	0.026975	-0.019114	0.265161	0.268440	0.289755	0.292006	0.008540	0.009084	0.010995	0.012422	547.043496	499.979678	949.184176	893.121990	-0.144157	-0.124670	-0.095524	-0.088619	
-0.019231	8.179069	0.074802	24.481932	24.442452	24.941952	24.888329	0.000213	5.410105	-0.000544	9.125033	8.081806	17.135951	15.929438	4.073780	0.008852	0.031173	0.358507	0.343713	0.384036	0.368227	-0.001153	-0.000981	-0.001602	-0.001137	495.513489	500.172446	948.061035	953.610761	0.009049	0.010797	0.008299	0.009134	
0.001493	9.253000	0.020467	25.215247	25.068749	25.343727	25.207450	0.000213	5.623971	0.004889	6.686491	7.045996	15.714673	16.113567	4.038085	-0.000412	-0.009274	0.403015	0.398778	0.410164	0.406516	-0.000271	-0.000296	-0.000393	-0.000380	467.414115	468.688884	977.780900	979.299399	0.002917	0.002613	0.002037	0.001966	
-0.015355	7.921664	-0.592373	25.155144	25.172973	25.442745	25.465502	0.000487	5.580567	0.000085	5.342944	5.472195	15.917772	16.043600	4.190598	0.023594	-0.011611	0.348339	0.353864	0.363757	0.369599	0.007128	0.007124	0.012759	0.012484	522.466134	485.571034	964.126373	920.177114	-0.099814	-0.099939	-0.065687	-0.064287	
0.017565	7.204966	0.596704	25.637859	25.647886	26.118513	26.131865	0.000133	5.621046	-0.001325	7.197929	6.331221	16.196503	15.175616	4.534074	-0.009276	0.045000	0.280008	0.265097	0.304006	0.288970	-0.007362	-0.006754	-0.010370	-0.008467	505.456776	542.621638	901.822239	946.092838	0.094550	0.118571	0.068343	0.076999	
0.018058	7.512605	0.052601	26.009123	25.919194	26.339746	26.235223	0.000231	5.682410	-0.001898	8.057425	9.099870	15.944991	17.138075	4.543871	-0.007737	-0.017574	0.284870	0.286484	0.301202	0.302168	-0.000644	-0.000717	-0.000737	-0.000854	515.456656	518.732836	933.309312	937.211882	0.008790	0.007111	0.006875	0.006156	
-0.012771	7.497025	0.806493	26.695680	26.823620	26.835857	26.952238	0.000231	5.883308	0.002826	8.333744	8.399598	16.808029	16.898988	4.612210	-0.028188	0.041866	0.309561	0.301346	0.316438	0.307586	-0.010030	-0.009053	-0.017453	-0.011919	492.443098	542.674359	905.008334	964.843562	0.122059	0.151391	0.089398	0.099698	
0.006452	9.320242	0.771995	27.124082	27.158964	27.282612	27.306509	-0.000150	5.953490	0.002045	7.418159	8.624494	15.877994	17.295746	4.128805	-0.046318	-0.015196	0.474818	0.483360	0.483441	0.491422	-0.012492	-0.015836	-0.016051	-0.015280	444.369021	492.451614	956.347781	1013.623526	0.090385	0.081271	0.082355	0.078465	
-0.025140	8.732550	-0.071563	27.175681	27.353297	27.373056	27.536334	-0.000321	6.073346	0.003297	3.578005	4.446990	14.161783	15.238856	4.477489	-0.011452	-0.020777	0.361758	0.378440	0.371651	0.387667	0.000876	0.000904	0.001391	0.001337	484.604831	480.147635	967.529681	962.220291	-0.012147	-0.011178	-0.007207	-0.006923	
0.011748	6.597907	0.778601	27.307011	27.402930	27.829030	27.962177	-0.000321	6.251938	0.007291	6.175675	5.767530	16.200912	15.787955	4.998825	-0.028245	0.029294	0.233513	0.229028	0.257094	0.254111	-0.008657	-0.008213	-0.011847	-0.010602	517.413963	565.908009	881.069707	938.835573	0.151318	0.173851	0.094444	0.103982	
-0.002926	6.927470	-0.325300	27.560032	27.538078	28.029216	28.004940	-0.000684	6.188775	0.001769	9.042262	10.113723	16.267696	17.506367	4.967876	-0.002577	-0.040729	0.242004	0.253490	0.263154	0.274746	0.003879	0.004480	0.004105	0.004672	545.159746	524.898881	935.839269	911.704627	-0.056806	-0.042853	-0.049156	-0.041019	
-0.010502	8.838550	0.249242	28.460402	28.629220	28.497149	28.639852	-0.000273	6.040859	-0.007408	9.711551	9.082857	17.511960	16.797048	4.556796	-0.008346	0.024206	0.409853	0.409054	0.411672	0.409577	-0.004160	-0.003256	-0.004850	-0.005166	475.299947	490.823601	966.043766	984.535465	0.028664	0.035440	0.025100	0.027546	
0.005238	9.504435	-0.070716	28.978742	28.916406	28.935450	28.872037	-0.000247	6.314299	0.000041	5.500735	5.822099	15.709443	16.116185	4.610778	-0.002361	-0.015874	0.411160	0.414052	0.409053	0.411883	0.000916	0.001061	0.001331	0.001253	465.380351	460.975889	992.100967	986.854394	-0.010358	-0.008675	-0.006896	-0.006488	
0.030941	7.167187	-0.054374	28.756156	28.786049	29.196406	29.236675	-0.000247	6.530280	0.005639	5.114159	4.968699	16.251889	16.092067	5.089154	0.006116	0.029820	0.275920	0.268148	0.295452	0.287998	0.000647	0.000635	0.000880	0.000833	528.482056	525.095440	928.603926	924.569805	-0.009997	-0.010850	-0.006369	-0.006565	
0.010083	7.341674	-0.769636	28.824460	28.813990	29.428737	29.413999	-0.000120	6.352551	-0.004271	8.512397	8.575849	16.653382	16.697699	5.111943	0.029607	-0.017949	0.265985	0.270958	0.292525	0.297424	0.009503	0.010525	0.010215	0.011200	548.189841	500.254165	964.454085	907.353348	-0.116747	-0.101091	-0.104679	-0.095422	
0.012578	7.873894	-0.771638	29.575371	29.582324	29.778729	29.781780	-0.000025	6.530805	-0.000288	9.338053	8.251867	17.567285	16.290405	5.066039	0.046517	0.021631	0.316973	0.310439	0.326028	0.319274	0.009693	0.009225	0.013978	0.012813	533.928681	485.868316	979.191246	921.941979	-0.113550	-0.124405	-0.086516	-0.088756	
-0.024994	7.860878	0.693388	30.523548	30.349475	30.622789	30.470425	-0.000025	6.469055	-0.006053	8.195564	7.297102	17.388218	16.296859	5.169227	-0.017847	0.020074	0.331748	0.317894	0.336078	0.323146	-0.008516	-0.008020	-0.014284	-0.011345	488.440732	531.627402	924.031395	975.475140	0.107123	0.122437	0.073429	0.080281	
-0.021043	7.539695	0.224368	30.646671	30.476279	30.897948	30.742586	0.000256	6.740898	0.001718	6.941737	8.112387	16.014309	17.341846	5.328374	-0.021312	-0.041539	0.287988	0.293067	0.298545	0.304363	-0.002725	-0.002932	-0.003218	-0.003596	512.248323	526.222782	933.762330	950.408635	0.037222	0.031741	0.028252	0.026183	
0.013443	8.174891	0.264470	30.830153	30.953270	31.137798	31.270285	0.000441	6.737484	-0.001568	8.122530	8.350344	16.852718	17.123212	5.184485	-0.010138	0.044150	0.344973	0.336388	0.358397	0.350077	-0.003838	-0.003424	-0.004913	-0.004086	494.554205	511.026366	951.150460	970.772015	0.032843	0.037798	0.029417	0.031399	
0.010990	7.511635	-0.125180	31.241371	31.296153	31.483336	31.532649	-0.000114	6.713816	-0.006048	6.891735	7.386891	16.204427	16.759747	5.427586	-0.000455	-0.016625	0.292692	0.299807	0.302704	0.309630	0.001473	0.001542	0.001913	0.002257	523.968397	516.171747	946.124115	936.836784	-0.023307	-0.020080	-0.015002	-0.014029	
0.023478	7.846552	-0.725964	31.303704	31.381306	31.655905	31.732909	-0.000114	7.006958	0.002215	8.297207	8.019610	17.016251	16.710015	5.397164	0.033771	0.001251	0.305192	0.308058	0.319876	0.322712	0.009466	0.009866	0.010634	0.011256	534.799368	489.583754	980.041935	926.181321	-0.100440	-0.095410	-0.089031	-0.085793	
-0.003982	8.845559	0.698864	32.204573	32.182369	32.460519	32.437217	-0.000249	7.246575	0.008361	8.397953	7.383063	17.486914	16.290640	5.197370	-0.024541	0.021320	0.397669	0.389733	0.408778	0.400739	-0.010229	-0.008775	-0.013277	-0.014636	463.184261	506.711972	953.952682	1005.802676	0.085827	0.102692	0.068322	0.075213	
-0.021622	8.601556	0.015782	32.458101	32.307030	32.738991	32.588067	0.000056	7.181559	0.002502	5.360896	6.414893	15.421575	16.651529	5.277295	-0.013890	-0.038738	0.377698	0.383622	0.389620	0.395657	-0.000192	-0.000219	-0.000331	-0.000301	490.085545	491.068530	970.583341	971.754268	0.002625	0.002057	0.001717	0.001559	
-0.004404	6.345166	-0.116837	32.381209	32.481833	32.873893	33.000159	0.000056	7.176690	-0.000642	6.092372	6.019761	16.005716	15.935491	5.953848	0.004676	0.013511	0.225404	0.225814	0.244049	0.245375	0.001342	0.001305	0.001675	0.001581	555.793049	548.516050	915.142717	906.474392	-0.024270	-0.029196	-0.014688	-0.015675	
0.011298	6.877110	0.423935	32.893654	32.896660	33.402654	33.409792	-0.000032	7.577345	0.012311	9.967280	9.797266	17.267243	17.051198	5.965716	-0.015948	0.016604	0.242711	0.238611	0.261940	0.257932	-0.005293	-0.005189	-0.005614	-0.005500	528.072491	554.476642	917.015422	948.467914	0.063067	0.065784	0.057231	0.058972	
-0.028898	8.964495	0.162014	33.768956	33.742566	33.792691	33.768213	-0.000076	7.285685	-0.002759	9.359351	9.988014	17.165365	17.896827	5.353695	-0.019289	-0.032876	0.413912	0.423432	0.414907	0.424514	-0.002278	-0.002547	-0.003348	-0.003223	479.691101	489.781936	983.475771	995.495923	0.020441	0.018840	0.017334	0.016688	
0.042454	9.371489	0.241589	34.250416	34.366342	34.189652	34.281101	-0.000087	7.553812	0.004362	5.494453	5.542370	15.997847	16.085140	5.544899	-0.011458	0.036679	0.395439	0.388908	0.392963	0.385463	-0.003200	-0.003041	-0.004299	-0.004425	462.944448	477.991461	984.714945	1002.638871	0.033268	0.036421	0.022254	0.022905	
-0.021289	7.395830	-0.914929	33.706209	33.734549	34.210151	34.234305	-0.000087	7.599532	0.002874	5.332976	5.751242	16.367363	16.863512	5.910833	0.030970	-0.065370	0.274452	0.292851	0.293507	0.312004	0.010173	0.011713	0.012517	0.015766	553.507028	496.521991	976.101503	908.221212	-0.165228	-0.128147	-0.118513	-0.103313	
0.003604	6.871464	-1.156865	33.897053	33.951040	34.548433	34.621765	-0.000172	7.672627	0.002741	9.132624	7.610671	17.650736	15.903222	6.186813	0.065793	0.010125	0.233991	0.233491	0.257702	0.257857	0.013586	0.012831	0.015603	0.015057	577.216838	505.163192	975.000144	889.170200	-0.178533	-0.196615	-0.149756	-0.155409	
-0.007229	8.191303	0.198778	35.086540	34.876808	35.372030	35.157155	-0.000035	7.685439	0.000082	10.445077	8.909117	18.404446	16.564722	5.872894	0.013506	0.039412	0.349747	0.330739	0.360729	0.341436	-0.002674	-0.002471	-0.004111	-0.003153	500.768499	513.149113	963.804205	978.551930	0.026220	0.029939	0.021282	0.022923	
-0.004719	8.815613	-0.541488	35.674331	35.324563	35.667235	35.383775	-0.000035	7.629412	-0.005292	7.012065	7.612728	16.497617	17.152270	5.740790	0.028369	-0.034663	0.393061	0.389601	0.392784	0.391931	0.006589	0.007765	0.011158	0.010203	505.123990	471.398196	1004.449631	964.275634	-0.084412	-0.067058	-0.057528	-0.052643	
-0.002109	8.389884	-0.338849	35.598366	35.594430	35.894148	35.924854	0.000569	7.917808	0.003213	6.260740	5.646125	16.699362	15.903603	5.880854	0.035418	0.042580	0.368018	0.355837	0.379393	0.368432	0.004703	0.004087	0.006729	0.005920	509.642562	488.537853	983.872529	958.732705	-0.043516	-0.055417	-0.034795	-0.037985	
0.012620	7.456058	-0.008267	35.816946	35.729732	36.384361	36.275694	0.000360	7.950484	0.001574	6.639197	6.425243	16.480187	16.152573	6.274736	0.011265	0.007885	0.285311	0.280217	0.305674	0.299781	0.000099	0.000100	0.000126	0.000128	525.430093	524.915189	947.895420	947.282069	-0.001387	-0.001373	-0.000978	-0.000969	
-0.009522	7.902672	0.477190	36.305055	36.258532	36.830958	36.766680	0.000345	7.862610	-0.004876	8.413169	8.516902	16.984606	17.097995	6.250071	-0.020291	0.013094	0.308640	0.303627	0.327596	0.321896	-0.006187	-0.005950	-0.007834	-0.007217	500.434361	530.155422	946.727906	982.131485	0.065686	0.070148	0.054131	0.056379	
0.000677	8.822002	-0.893267	36.589526	36.591090	36.871204	36.872134	0.000345	8.366637	0.011976	7.639244	8.367341	16.651708	17.512782	5.900480	0.038629	-0.056532	0.387143	0.403513	0.397822	0.414292	0.011406	0.014716	0.015975	0.017351	518.039074	462.403261	1022.191001	955.917900	-0.123354	-0.101260	-0.098897	-0.088887	
0.013152	8.778166	0.195517	37.169067	37.282970	37.472988	37.587041	0.000165	8.327596	0.006872	6.676538	5.219407	16.920578	15.243301	6.089881	0.007579	0.040920	0.378919	0.371852	0.390195	0.383042	-0.002681	-0.002287	-0.003518	-0.003997	483.339933	495.517398	976.416541	990.922276	0.025384	0.035558	0.018212	0.020691	
-0.017780	6.654264	-0.015894	37.299154	37.130986	37.856382	37.659920	0.000029	8.252244	0.000607	5.996401	6.351744	16.190535	16.596562	6.750849	-0.005234	-0.047044	0.237887	0.242827	0.256380	0.260531	0.000177	0.000186	0.000213	0.000239	548.576875	547.586938	928.907269	927.728061	-0.003797	-0.002892	-0.002108	-0.001891	
0.007819	7.392433	0.625796	37.697114	37.715835	38.284626	38.306942	0.000029	8.208790	-0.004021	9.637828	9.537738	17.392963	17.303244	6.678763	-0.026786	0.045248	0.275243	0.265374	0.295118	0.285206	-0.008507	-0.007496	-0.009097	-0.008110	512.536029	551.512815	933.507017	979.935970	0.079738	0.096676	0.075135	0.084474	
-0.006691	8.933843	-0.939119	38.212767	38.197307	38.342246	38.330840	0.000184	8.345171	-0.001974	8.493309	9.484573	16.919337	18.068484	6.087370	0.033298	-0.101645	0.398172	0.426371	0.402908	0.431355	0.011797	0.019363	0.015566	0.017788	519.020121	460.528465	1032.401852	962.726884	-0.130618	-0.098935	-0.105452	-0.091074	
-0.015458	9.496285	-0.664297	38.615996	38.796512	38.736116	38.892015	0.000046	8.464597	-0.000855	6.536898	4.814635	16.983977	15.025924	6.187746	0.056714	0.030748	0.408431	0.406462	0.412812	0.409925	0.010388	0.007882	0.011518	0.012663	491.687692	450.312943	1029.998992	980.713598	-0.077263	-0.106968	-0.059364	-0.065201	
-0.032159	7.588919	0.044522	38.795886	38.599291	39.353316	39.127899	0.000059	8.573378	0.000210	5.695683	4.814255	16.993284	15.957902	6.695072	0.008325	-0.029778	0.300278	0.300728	0.318961	0.318541	-0.000520	-0.000528	-0.000743	-0.000763	521.912182	524.685169	953.201791	956.504959	0.008104	0.007653	0.005028	0.004983	
-0.015934	6.925711	-0.149235	38.921719	38.787904	39.692123	39.509768	0.000059	8.561132	-0.002869	8.035496	8.084462	16.842681	16.919946	7.026374	0.008885	-0.017588	0.244459	0.243974	0.269092	0.267125	0.001782	0.001779	0.002001	0.002016	548.978224	539.683366	948.860194	937.788206	-0.024390	-0.024487	-0.019490	-0.019302	
0.011796	8.589200	-0.722118	39.443243	39.416696	39.836079	39.806763	0.000466	8.637177	-0.002728	9.679120	9.490996	17.674738	17.477574	6.485343	0.048081	-0.008379	0.367347	0.368582	0.380969	0.382130	0.010105	0.010390	0.012344	0.013155	523.830425	478.854338	1019.713191	966.137901	-0.088720	-0.086745	-0.079807	-0.078694	
-0.016074	8.586362	-0.586738	40.216267	40.168569	40.308764	40.269586	0.000292	8.761687	-0.001178	7.190731	6.222113	17.240582	16.096003	6.651902	0.051605	-0.002536	0.359992	0.359011	0.363123	0.362432	0.007106	0.006787	0.011159	0.011447	516.281926	479.737821	1007.392755	963.861599	-0.089898	-0.100165	-0.057531	-0.059005	
-0.037069	8.926243	0.787096	40.578408	40.414400	41.020354	40.856339	0.000292	8.805604	-0.002700	7.043231	6.289484	17.311998	16.406677	6.465021	-0.037069	0.001222	0.412402	0.406369	0.427783	0.421746	-0.011805	-0.010156	-0.015123	-0.016410	465.302640	514.325793	967.808317	1026.204453	0.092660	0.106488	0.077672	0.084158	
-0.004066	8.060849	-0.715359	40.462084	40.320839	41.039921	40.879750	0.000369	9.090353	0.005743	5.031032	6.173561	15.300948	16.640457	6.833815	0.022365	-0.079203	0.322845	0.336999	0.341733	0.355529	0.008075	0.009300	0.010961	0.014128	534.414662	489.859590	997.652603	944.578824	-0.126665	-0.096655	-0.083508	-0.072640	
-0.011956	6.849803	-0.468748	40.577032	40.691100	41.214694	41.360372	0.000424	8.956762	-0.002482	7.939823	6.757539	17.319857	15.965892	7.356049	0.042627	0.037321	0.244981	0.240777	0.264550	0.261190	0.005569	0.005060	0.007036	0.006117	561.862767	532.667458	960.509669	925.732361	-0.074878	-0.103147	-0.055003	-0.062838	
-0.011017	8.133098	-0.517285	41.255903	41.104934	41.747799	41.584207	0.000170	9.187096	0.003471	9.890216	9.327839	18.010021	17.313839	7.022176	0.037152	-0.043211	0.316951	0.322020	0.332654	0.337434	0.006623	0.007313	0.007455	0.008352	532.032674	499.814344	1004.433547	966.055233	-0.069916	-0.062596	-0.061652	-0.057892	
-0.015397	9.379979	-0.173528	42.142306	41.998583	42.279269	42.149399	0.000170	9.425257	0.009598	8.228970	7.463770	17.757527	16.867510	6.769614	0.024082	0.000207	0.400699	0.395870	0.405252	0.400883	0.002419	0.002226	0.003128	0.003265	485.275667	474.467750	1020.749494	1007.875158	-0.021498	-0.023879	-0.016195	-0.016907	
-0.015937	8.690423	-0.721969	42.210251	42.031252	42.515060	42.361291	0.000356	9.200968	-0.002710	5.827256	5.677831	16.957650	16.756777	6.869363	0.053062	-0.025360	0.379451	0.379802	0.389415	0.390639	0.008786	0.009213	0.014567	0.013939	519.428521	474.461736	1018.952771	965.388561	-0.107026	-0.099128	-0.074864	-0.071679	
0.008413	7.346454	0.154022	42.349608	42.287660	43.039544	42.975801	0.000438	9.424771	0.003252	6.704276	5.758437	17.001394	15.860096	7.441361	0.016682	0.058042	0.286617	0.272567	0.307582	0.293280	-0.001882	-0.001743	-0.002606	-0.002149	529.229115	538.822174	951.358849	962.786052	0.023478	0.030547	0.017112	0.019145	
-0.012172	6.629971	-0.475929	42.581527	42.435730	43.243261	43.064803	0.000438	9.387870	-0.001097	8.448351	8.903637	17.049939	17.546795	7.788016	0.025300	-0.043684	0.226009	0.230201	0.245061	0.248437	0.005230	0.005595	0.005949	0.006515	572.093700	542.451181	963.384630	928.074609	-0.093410	-0.075752	-0.066722	-0.059197	
-0.001196	7.911967	-0.070431	43.331288	43.365566	43.663768	43.696563	0.000470	9.506798	0.000456	10.488456	9.813531	18.382180	17.603442	7.490157	0.021822	0.046587	0.306600	0.297748	0.316630	0.307658	0.000946	0.000849	0.001144	0.000980	527.164756	522.778044	988.323681	983.098252	-0.008874	-0.010628	-0.007797	-0.008557	
-0.005630	8.949471	0.070037	44.229418	44.105413	44.223616	44.112451	0.000268	9.482260	-0.004210	8.306658	8.368869	17.771327	17.819194	7.161966	-0.001191	-0.012775	0.388000	0.387124	0.387817	0.387344	-0.000880	-0.000928	-0.001363	-0.001331	492.532892	496.895030	1006.750194	1011.946351	0.009824	0.009057	0.007061	0.006892	
0.015124	8.324193	0.921726	44.577193	44.543390	44.777261	44.762225	0.000254	9.884372	0.008213	6.153287	6.276423	16.920556	17.054379	7.346639	-0.062251	0.027119	0.368315	0.361134	0.374454	0.367819	-0.011180	-0.010437	-0.017994	-0.019392	480.721974	538.130318	953.447971	1021.832503	0.133105	0.150774	0.092108	0.099082	
-0.004923	6.742581	0.854344	44.464536	44.473349	45.065173	45.079905	0.000254	9.799955	0.001440	6.066212	7.407636	15.889577	17.448696	8.095986	-0.073361	-0.014493	0.234394	0.237338	0.251065	0.254210	-0.009130	-0.009515	-0.011168	-0.011506	526.961155	580.172734	915.710017	979.095383	0.160538	0.145605	0.111113	0.107616	
-0.016453	7.136308	0.201376	44.550901	44.746019	45.125733	45.351409	0.000114	9.854828	0.000252	9.286510	10.364878	17.299647	18.589070	8.026021	-0.036978	-0.018188	0.247209	0.256139	0.263300	0.273133	-0.002445	-0.002496	-0.002576	-0.002627	542.018354	554.560791	962.045489	976.985978	0.029343	0.028171	0.026725	0.026012	
0.010659	9.015876	0.349329	45.454887	45.715623	45.638771	45.884567	-0.000307	9.953668	0.000278	9.573831	9.673124	18.101934	18.235326	7.308718	-0.033945	0.022026	0.401912	0.404779	0.407584	0.409971	-0.004946	-0.004659	-0.006803	-0.006943	485.914006	507.671445	1006.407211	1032.324564	0.041507	0.043951	0.035176	0.035897	
0.006863	9.544422	-0.673667	45.806930	45.941872	45.880351	45.963360	-0.000307	10.028082	-0.000834	5.816590	6.207074	16.506993	16.991674	7.310706	0.031439	-0.029886	0.406284	0.417478	0.408537	0.418141	0.008318	0.009932	0.012776	0.011618	498.307329	456.348941	1047.819426	997.838803	-0.095809	-0.079050	-0.065776	-0.059877	
-0.000136	7.878229	-0.222682	45.670221	45.779253	46.236050	46.333036	-0.000388	10.020630	-0.004792	5.912553	4.819890	17.410481	16.179222	7.748133	0.034437	0.057278	0.332242	0.323433	0.348743	0.339437	0.002732	0.002585	0.004598	0.003450	529.458950	515.589514	985.935648	969.414445	-0.032891	-0.038181	-0.023799	-0.025412	
0.016848	7.355842	0.088571	45.974828	45.857025	46.818081	46.665830	-0.000292	10.188600	-0.001171	7.637801	7.484586	17.060981	16.862384	8.150765	0.001602	-0.002896	0.268850	0.266147	0.292122	0.288479	-0.001041	-0.001075	-0.001214	-0.001263	537.004887	542.521431	966.732994	973.304274	0.014321	0.013175	0.010937	0.010553	
-0.001773	8.264879	0.679853	46.713552	46.670438	47.262507	47.205482	0.000069	10.383421	0.003781	9.016331	9.195026	17.695239	17.914291	7.842562	-0.041288	0.053695	0.345814	0.333388	0.361629	0.348674	-0.008657	-0.008159	-0.013904	-0.010677	496.926686	539.270333	975.773842	1026.213383	0.089488	0.098199	0.071504	0.075675	
0.017926	7.678014	0.068522	47.235751	47.251828	47.520044	47.537471	0.000069	10.575750	0.008349	6.944324	8.066759	16.594464	17.896830	8.101979	-0.025849	-0.042627	0.307588	0.316456	0.315457	0.324413	-0.000771	-0.000806	-0.001054	-0.001406	529.579920	533.847722	977.668442	982.752227	0.013027	0.011008	0.007758	0.007282	
-0.001948	8.720417	0.201318	47.364439	47.557407	47.797120	47.988117	0.000051	10.453285	0.000144	8.176605	8.129606	17.507270	17.477329	7.674291	-0.011879	0.063599	0.395718	0.387306	0.408468	0.399871	-0.003128	-0.002701	-0.004094	-0.003204	499.106572	511.645378	1005.095607	1020.031770	0.022544	0.025127	0.021195	0.022309	
0.013667	8.350242	-0.971677	47.578075	47.624856	47.981199	48.017211	-0.000196	10.287736	-0.009980	6.069672	6.471678	16.385431	16.841478	7.969429	0.055656	-0.060973	0.337027	0.350892	0.348355	0.362021	0.010673	0.012523	0.015784	0.018548	542.525732	482.006225	1031.902947	959.812412	-0.164029	-0.126643	-0.107843	-0.094874	
0.004608	7.944325	-0.567475	47.720995	47.798018	48.342109	48.420259	-0.000196	10.751121	0.005268	7.947758	6.436378	17.992941	16.246359	8.197174	0.067694	0.054437	0.315200	0.306693	0.332315	0.323700	0.007267	0.006575	0.009832	0.008188	543.100929	507.756542	1010.466621	968.364562	-0.074903	-0.090077	-0.061432	-0.066510	
0.008620	8.789091	0.419157	48.544945	48.334917	49.155561	48.917552	-0.000192	10.673569	-0.000913	8.315820	7.704756	17.925817	17.170582	7.866371	-0.013665	0.009157	0.389506	0.381531	0.406984	0.398185	-0.005393	-0.005397	-0.008245	-0.008350	491.186140	517.292703	1000.414019	1031.512027	0.054750	0.054691	0.042597	0.043136	
-0.028639	8.063857	-0.805849	48.732875	48.578191	49.223505	49.058290	0.000200	10.903340	0.005434	6.031116	6.737888	16.354767	17.181722	8.249759	0.043340	-0.084839	0.320832	0.333263	0.334129	0.346439	0.008781	0.009605	0.013007	0.015781	546.520178	496.329049	1020.935136	961.147714	-0.142818	-0.117917	-0.089283	-0.080992	
-0.001144	7.995647	-0.814837	48.746842	48.811576	49.383617	49.463074	0.000231	10.942542	0.004232	8.301789	7.035926	18.002127	16.540805	8.380151	0.083688	0.051592	0.313741	0.305642	0.330907	0.323073	0.010746	0.009427	0.013543	0.011467	551.533167	500.782211	1025.526067	965.071782	-0.102145	-0.123878	-0.088707	-0.096370	
-0.014095	7.623198	-0.128221	49.561088	49.368316	50.105671	49.897950	0.000231	10.912297	0.000024	8.534512	7.596459	18.260600	17.108051	8.659872	0.033081	-0.004783	0.287257	0.283114	0.301403	0.296881	0.001473	0.001471	0.001993	0.001971	541.264528	533.278491	992.103389	982.590461	-0.021371	-0.021470	-0.014263	-0.014338	
0.014713	8.259680	-1.234383	49.775251	49.560288	50.256215	50.032321	0.000307	10.925745	-0.002393	8.846335	8.765108	18.106318	17.999330	8.353239	0.091920	-0.081504	0.332795	0.342931	0.345675	0.355723	0.014737	0.017579	0.017323	0.022910	560.673701	483.791941	1055.101283	963.520114	-0.168696	-0.142717	-0.144096	-0.130520	
-0.022534	8.834412	-0.335441	50.491998	50.402251	50.829083	50.754627	0.000451	11.232300	0.006790	8.487305	6.693418	18.401611	16.312348	8.258608	0.064649	0.036413	0.379322	0.369484	0.388537	0.379065	0.004651	0.003844	0.006066	0.006400	514.663527	493.771064	1032.191650	1007.304652	-0.040186	-0.055410	-0.031377	-0.035550	
-0.009245	8.505487	-0.096279	50.886118	50.539346	51.331979	50.994510	0.000451	11.096716	-0.001683	6.699294	6.420314	17.419893	17.049061	8.311784	0.024274	-0.022148	0.375252	0.370327	0.387302	0.382669	0.001147	0.001204	0.001946	0.001879	515.399732	509.403121	1012.842603	1005.699470	-0.014570	-0.013184	-0.010078	-0.009734	
0.012354	7.662130	0.088416	50.968299	50.830242	51.640409	51.504148	0.000573	11.194272	-0.000492	6.701909	6.680124	16.946930	16.895103	8.861652	0.009165	0.039223	0.297601	0.287117	0.314715	0.304185	-0.001058	-0.001012	-0.001419	-0.001281	532.926965	538.433823	983.988773	990.548515	0.013224	0.015070	0.009720	0.010253	
-0.014866	7.502513	0.030937	51.231770	51.183626	51.903574	51.855032	0.000574	11.434291	0.006283	8.414963	8.730215	17.695930	18.033632	9.063742	-0.000469	-0.006641	0.271219	0.271161	0.287888	0.287834	-0.000365	-0.000365	-0.000429	-0.000429	543.450658	545.377538	991.123356	993.418646	0.004646	0.004645	0.003654	0.003650	
0.002635	8.414049	-0.018753	51.855374	51.889111	52.307782	52.343180	0.000332	11.455251	0.003770	9.172982	9.234570	18.315912	18.385202	8.722174	0.004646	0.013683	0.338959	0.337268	0.350641	0.348971	0.000237	0.000233	0.000320	0.000307	521.969743	520.801734	1021.264563	1019.873237	-0.002440	-0.002509	-0.001993	-0.002015	
0.000858	9.506598	-0.131800	52.434968	52.458628	52.728133	52.747435	0.000332	11.345220	-0.004419	7.609678	7.617593	17.823713	17.826544	8.367518	0.012202	-0.002474	0.409706	0.410850	0.417588	0.418618	0.001762	0.001797	0.002421	0.002394	493.029019	484.820075	1049.081973	1039.303520	-0.016182	-0.015862	-0.012536	-0.012398	
-0.020551	8.947535	0.571479	52.766592	52.778425	53.243775	53.252188	0.000148	11.571239	0.000847	5.782115	5.591736	17.268296	17.046866	8.633915	-0.042746	0.000925	0.375189	0.375318	0.387624	0.387662	-0.007023	-0.006730	-0.010427	-0.010917	483.460350	519.054078	1001.843922	1044.242993	0.079023	0.085660	0.053792	0.056297	
-0.008881	7.333421	-0.495525	52.481600	52.457347	53.304047	53.276568	0.000090	11.653655	0.000717	6.072850	6.818553	16.801383	17.692268	9.299418	0.013488	-0.067354	0.264211	0.274842	0.284022	0.294750	0.005443	0.005919	0.006497	0.007542	562.572899	531.709821	1002.132212	965.368267	-0.089316	-0.071650	-0.062124	-0.055335	
0.006168	7.460794	1.050577	53.182914	53.291638	53.968412	54.103553	0.000090	11.729765	0.000449	9.607372	8.765284	18.601339	17.633614	9.416126	-0.055060	0.114567	0.280317	0.264031	0.299228	0.283290	-0.012942	-0.010650	-0.017787	-0.013096	516.537735	581.971410	960.023722	1037.967989	0.136124	0.191095	0.111378	0.134209	
0.016388	8.757361	-1.399640	53.518220	53.402954	53.918929	53.802355	-0.000020	11.862830	0.002152	8.477915	10.130788	17.352075	19.256452	8.800478	0.059021	-0.191463	0.350368	0.383705	0.360479	0.394054	0.015033	0.025154	0.018118	0.025419	558.702854	471.528329	1088.237317	984.395457	-0.212475	-0.127412	-0.169598	-0.128698	
0.013353	9.105099	0.579425	54.379908	54.666547	54.622185	54.899951	0.000038	11.774315	-0.005091	8.142630	5.735766	18.681002	15.929510	8.934933	-0.002274	0.128908	0.381556	0.364606	0.387712	0.370433	-0.009110	-0.005926	-0.009282	-0.010612	482.409550	518.498176	1013.170150	1056.158740	0.063518	0.128928	0.047925	0.061168	
-0.029649	8.982916	-0.360747	54.429148	54.102156	54.976345	54.624684	0.000016	11.954845	-0.001440	6.032463	7.039800	17.072033	18.230940	8.771994	-0.005396	-0.190513	0.377844	0.406342	0.391695	0.419924	0.004183	0.006741	0.005211	0.006444	516.112309	493.643707	1047.086347	1020.321860	-0.055491	-0.034857	-0.041190	-0.033328	
0.008692	7.180741	-1.230398	54.190342	54.273384	54.947798	55.053222	0.000016	11.937328	-0.005094	6.619685	5.657275	17.456166	16.405399	9.737504	0.104300	0.040067	0.255302	0.250930	0.272848	0.268904	0.013276	0.011459	0.018584	0.016641	590.718817	514.085280	1027.625857	936.340370	-0.195355	-0.255390	-0.137335	-0.147120	
0.011050	7.669587	0.558075	54.986332	54.854954	55.792109	55.650689	0.000120	12.228611	0.003610	10.338031	8.761225	19.431664	17.533425	9.676632	0.000774	0.079827	0.285002	0.269094	0.303833	0.287505	-0.006973	-0.006242	-0.008360	-0.007151	530.109041	564.867933	992.207017	1033.611635	0.071088	0.087555	0.061041	0.068884	
-0.019247	9.107869	0.134305	55.913656	55.586165	56.312825	55.973506	0.000306	12.354974	0.005638	8.686939	9.708397	18.030900	19.199356	8.987496	-0.023695	-0.060209	0.394093	0.397301	0.404042	0.407034	-0.001601	-0.001949	-0.002668	-0.002435	503.747300	512.112314	1045.750885	1055.715248	0.018766	0.014977	0.013815	0.012609	
0.015846	9.484882	-0.281595	56.129199	56.202411	56.398805	56.498486	0.000306	12.304571	0.000454	6.240799	6.387718	17.321457	17.507144	9.061388	0.025150	0.033915	0.396911	0.392360	0.403623	0.399698	0.003738	0.003377	0.004895	0.005127	500.475221	482.936456	1058.693533	1037.801444	-0.034491	-0.040144	-0.025333	-0.026532	
-0.045385	7.263879	0.020487	56.085186	56.124886	56.756749	56.799065	0.000331	12.444328	0.002752	6.130061	5.839752	17.776236	17.404101	9.962967	0.003303	-0.016379	0.265339	0.268777	0.280490	0.284017	-0.000228	-0.000226	-0.000299	-0.000292	551.917588	553.193605	988.577905	990.097890	0.003646	0.003788	0.002318	0.002352	
-0.009866	7.001591	1.477404	56.655017	56.617670	57.559700	57.511028	0.000129	12.553046	0.003896	9.372547	9.345461	18.477161	18.452520	10.336111	-0.100861	0.047967	0.236788	0.228995	0.256536	0.248386	-0.016396	-0.014696	-0.019453	-0.017342	521.660915	613.678873	944.367764	1053.979096	0.207388	0.243928	0.173195	0.193317	
0.015107	9.055865	-0.488150	57.057673	57.043144	57.501492	57.487914	0.000129	12.615218	0.002950	9.336678	11.409230	17.864588	20.306509	9.238521	-0.015634	-0.154839	0.375553	0.403613	0.386250	0.414554	0.005992	0.008738	0.006659	0.009023	530.703991	500.300252	1080.482890	1044.266108	-0.062179	-0.045131	-0.055583	-0.046592	
-0.010880	8.803470	-0.799833	57.559009	57.991835	57.687399	58.087977	0.000129	12.716200	0.003117	7.092042	5.960791	18.202127	16.942964	9.604685	0.077435	0.037116	0.351565	0.355324	0.354582	0.357573	0.009647	0.008036	0.013988	0.015305	537.226450	487.409994	1063.960653	1004.619539	-0.108374	-0.163270	-0.071927	-0.078593	
-0.004969	7.249588	0.926399	57.983382	57.934539	58.579587	58.481620	-0.000174	12.722619	-0.000594	7.683348	6.520056	18.804218	17.451042	10.364775	-0.047136	0.027905	0.260782	0.255589	0.273746	0.267446	-0.009968	-0.009738	-0.013208	-0.012212	528.827177	586.526609	964.611080	1033.342355	0.150335	0.158342	0.104432	0.110824	
0.008557	7.420170	-0.222284	58.043708	57.844431	58.803223	58.575505	-0.000000	12.865837	0.001774	9.030904	10.328726	18.120079	19.670372	10.280082	-0.012336	-0.087659	0.263828	0.272660	0.280365	0.288745	0.002502	0.003000	0.002632	0.002995	567.053118	553.208488	1026.843227	1010.351573	-0.034055	-0.025534	-0.030242	-0.025573	
0.008855	8.845857	0.394775	58.847796	59.030676	59.214256	59.412993	-0.000000	12.782868	-0.004863	9.790581	9.348040	19.143506	18.655302	9.767086	-0.018225	0.109043	0.364946	0.350665	0.373446	0.359413	-0.005538	-0.004465	-0.007129	-0.006075	508.359376	532.947378	1040.883781	1070.172886	0.044148	0.059248	0.036855	0.042066	
-0.000522	8.910847	0.356358	59.491219	59.474191	59.713506	59.681808	0.000049	13.050148	0.002127	6.889676	7.649662	17.766354	18.622201	9.738227	-0.046263	-0.020589	0.372764	0.375915	0.377893	0.380718	-0.004037	-0.004441	-0.006860	-0.006433	502.995551	525.190789	1033.909194	1060.348052	0.055314	0.045734	0.035471	0.033269	
0.012807	9.530704	-0.195051	59.254908	59.392603	59.811154	59.943023	-0.000001	13.209697	0.004940	6.561996	6.996736	17.641348	18.171452	9.173446	0.005306	-0.000286	0.453336	0.456769	0.466979	0.470269	0.002957	0.003068	0.003705	0.003656	503.096817	490.948343	1070.618621	1056.147419	-0.021218	-0.020898	-0.019180	-0.018927	
0.013240	6.856300	0.016132	59.465751	59.580384	60.221528	60.339920	-0.000131	13.150026	-0.000945	5.090528	4.769425	16.678494	16.311549	10.683224	0.003857	0.025188	0.254216	0.253024	0.270156	0.268997	-0.000172	-0.000171	-0.000242	-0.000233	564.058679	565.063446	979.705556	980.902430	0.003687	0.003926	0.001789	0.001831	
-0.027418	7.744365	0.043842	59.516999	59.501448	60.484243	60.461062	-0.000131	13.241345	-0.000460	9.790592	9.826723	18.569123	18.609015	10.439897	-0.009433	-0.036004	0.280013	0.285074	0.300816	0.305800	-0.000549	-0.000576	-0.000542	-0.000556	553.100249	555.830869	1032.383441	1035.636142	0.005379	0.005101	0.005474	0.005304	
-0.020023	8.491392	-0.554175	60.452847	60.460029	60.879066	60.884691	-0.000081	13.516139	0.007250	9.230827	9.198731	18.872733	18.853028	10.036088	0.047602	-0.027378	0.353047	0.357719	0.362586	0.367255	0.006231	0.006373	0.010930	0.010571	549.068331	514.552362	1069.745915	1028.630665	-0.082147	-0.078246	-0.056364	-0.054525	
-0.019200	8.017511	0.497212	61.244693	61.241691	61.575510	61.574830	-0.000022	13.389701	-0.001293	7.906744	7.086291	18.553518	17.594907	10.456362	-0.019913	0.063224	0.322742	0.312956	0.329887	0.320098	-0.005620	-0.005263	-0.009462	-0.007601	525.320144	556.288265	1009.725136	1046.614208	0.075153	0.091614	0.048846	0.053465	
0.008016	8.932479	0.678186	61.454106	61.301510	61.997454	61.845693	-0.000022	13.513063	0.000371	7.910718	8.730208	18.043975	18.987924	9.910428	-0.084107	-0.059029	0.390163	0.396825	0.402455	0.409225	-0.008855	-0.010040	-0.010570	-0.013030	498.890039	541.129843	1036.331699	1086.647544	0.079708	0.073129	0.071602	0.069098	
0.029666	8.580831	0.404786	61.698617	61.798418	62.231861	62.345093	0.000102	13.654981	0.002919	6.087493	6.869993	17.094047	18.048878	10.185880	-0.059786	0.023997	0.364848	0.363132	0.376643	0.375190	-0.004692	-0.004599	-0.007650	-0.007812	511.755643	536.967135	1025.957435	1055.989238	0.058600	0.061451	0.039539	0.040373	
-0.008661	7.503070	-0.115225	61.586689	61.744907	62.343611	62.516296	0.000009	13.572677	-0.003641	6.846248	7.398006	17.480939	18.128819	10.896690	-0.013913	-0.025292	0.269873	0.276746	0.285480	0.292696	0.001285	0.001319	0.001538	0.001618	559.756543	552.579948	1021.488277	1012.939552	-0.018527	-0.017155	-0.013460	-0.012921	
0.005493	8.182903	0.131847	62.037462	62.174707	62.797400	62.943277	-0.000178	13.766267	0.000652	9.527467	9.254569	19.122803	18.814290	10.717249	-0.011742	0.022781	0.304118	0.303618	0.320092	0.319732	-0.001622	-0.001574	-0.001884	-0.001813	540.616908	548.828805	1045.562926	1055.344897	0.016415	0.017197	0.014299	0.014656	
-0.008357	9.720222	0.371898	62.964188	62.963744	63.435877	63.428361	-0.000178	13.937605	0.003825	8.605801	8.775723	18.884284	19.084103	10.070300	-0.043522	-0.015750	0.405462	0.408137	0.415992	0.418529	-0.004742	-0.004981	-0.006607	-0.006521	489.643937	512.807094	1074.513347	1102.105184	0.044507	0.042433	0.034167	0.033725	
0.002021	7.803600	0.427608	63.363715	63.401142	63.829448	63.865945	-0.000136	13.953165	0.000837	5.802367	6.241749	17.762912	18.298032	10.727544	-0.057195	-0.000045	0.328989	0.329781	0.338758	0.339531	-0.004490	-0.004511	-0.008367	-0.008429	533.609140	560.242114	1007.185832	1038.910897	0.083057	0.081494	0.043224	0.043543	
0.003039	8.140565	-0.291192	63.030963	63.120444	63.900735	63.998389	-0.000105	14.013495	-0.000087	7.884614	8.426490	17.811049	18.460723	10.801399	0.001047	-0.039592	0.310046	0.317785	0.328123	0.336115	0.003639	0.003984	0.003747	0.003984	553.234169	535.097717	1056.496558	1034.892507	-0.035710	-0.032667	-0.034519	-0.032669	
-0.017304	8.256884	-1.033778	63.424525	63.548753	64.057813	64.188068	-0.000105	13.911711	-0.007515	8.698163	8.174711	18.975326	18.374319	10.819542	0.090609	-0.054408	0.314925	0.325608	0.328054	0.338943	0.011429	0.011659	0.015667	0.018176	573.945645	509.558262	1088.765712	1012.067782	-0.147047	-0.142257	-0.109294	-0.105318	
0.001309	8.868683	0.064798	64.285044	64.232743	64.860404	64.798306	-0.000171	14.044785	-0.005656	9.094752	7.531855	19.597853	17.775849	10.556806	0.030927	0.042586	0.373505	0.365650	0.385797	0.377673	-0.000813	-0.000742	-0.001182	-0.001166	523.330557	527.366413	1064.999063	1069.806553	0.007885	0.009244	0.006124	0.006578	
-0.016547	8.039285	-0.019562	64.794050	64.486198	65.356769	65.046039	-0.000029	14.037710	-0.009095	7.001624	7.207460	18.119713	18.346212	11.002610	-0.004736	-0.091877	0.318303	0.325474	0.329752	0.336982	0.000212	0.000224	0.000294	0.000378	545.825070	544.606683	1040.080502	1038.629165	-0.003433	-0.002855	-0.002088	-0.001961	
-0.009062	7.281491	0.544377	64.965028	64.902948	65.691460	65.647039	0.000234	14.225206	-0.004277	8.380561	8.237616	18.666690	18.518096	11.623589	-0.036195	0.054496	0.261147	0.252756	0.275249	0.267118	-0.006169	-0.005667	-0.007578	-0.006690	553.295884	587.201644	1008.107800	1048.496173	0.076686	0.096634	0.059747	0.067065	
-0.011624	9.090988	0.812037	65.556373	65.502674	66.171522	66.125850	0.000234	14.440360	0.001502	9.594358	10.448362	19.033068	20.018263	10.653725	-0.095325	-0.002686	0.384300	0.383591	0.397286	0.396751	-0.011060	-0.011170	-0.013355	-0.013341	502.447514	553.024040	1061.132522	1121.379028	0.088436	0.087878	0.082015	0.082034	
-0.017269	9.326637	-0.655870	65.883490	66.030377	66.214097	66.360802	0.000197	14.489633	0.000165	6.326843	7.417131	17.583851	18.874257	10.741938	0.029151	-0.041552	0.376743	0.386340	0.383652	0.393277	0.007391	0.008043	0.012089	0.011194	531.694221	490.844317	1100.633791	1051.973590	-0.094495	-0.082052	-0.062276	-0.057710	
0.026469	7.466437	0.237369	65.957611	66.208592	66.634046	66.875363	-0.000024	14.484650	-0.003632	7.160295	6.129198	19.003178	17.807253	11.641912	0.005871	0.107750	0.281982	0.272412	0.295130	0.285225	-0.002667	-0.002478	-0.003816	-0.003104	555.197386	569.981581	1018.911603	1036.522462	0.035535	0.047214	0.024634	0.027675	
0.005920	7.484403	-0.057323	66.224759	66.124688	67.138799	67.009202	-0.000024	14.903564	0.009536	9.223927	9.690755	18.960996	19.493522	11.772540	-0.008518	-0.066471	0.261361	0.268161	0.278771	0.285124	0.000628	0.000711	0.000675	0.000749	573.285391	569.715127	1050.236025	1045.983145	-0.008656	-0.006816	-0.007339	-0.006461	
-0.030136	8.200145	-0.092237	66.974697	67.035765	67.500350	67.561816	-0.000069	14.687550	-0.002582	9.991277	9.809096	19.739961	19.551998	11.571470	0.011141	0.014357	0.303268	0.302483	0.313496	0.312704	0.001060	0.001017	0.001432	0.001299	556.390698	550.645856	1073.962524	1067.119297	-0.012256	-0.013513	-0.009410	-0.009807	
-0.014491	9.465987	0.637398	67.860911	67.848948	68.167168	68.152977	-0.000031	14.843763	0.000000	8.977599	8.859964	19.618583	19.478782	10.932986	-0.062038	0.008292	0.397218	0.395680	0.403524	0.401934	-0.008048	-0.007698	-0.011236	-0.011626	497.152591	536.851989	1076.584102	1123.873827	0.074124	0.078023	0.057924	0.059915	
0.027536	9.151222	-0.452250	67.909475	67.880654	68.300678	68.274649	0.000011	14.927982	-0.000252	6.065361	6.929633	17.969407	18.994271	10.970519	0.023205	-0.028044	0.390622	0.394373	0.398633	0.402467	0.005146	0.005852	0.008674	0.007945	532.919907	504.752194	1094.275247	1060.722007	-0.063876	-0.052788	-0.044802	-0.041056	
-0.016116	8.836337	0.612675	67.946719	68.093937	68.744707	68.905493	0.000011	15.029969	0.000434	6.868800	6.210355	18.542354	17.769258	11.220328	-0.037669	0.103487	0.370237	0.357841	0.386330	0.374024	-0.008170	-0.006837	-0.011099	-0.009336	508.677065	546.836635	1047.041161	1092.496650	0.069421	0.088828	0.057227	0.064326	
-0.004341	7.414524	-0.392728	68.006818	67.938545	68.938203	68.854013	-0.000070	15.178082	0.003081	6.712216	7.733007	17.755893	18.927627	12.045166	0.002722	-0.111088	0.263239	0.276250	0.280540	0.293448	0.004017	0.004496	0.004841	0.006120	581.129419	556.668931	1051.260470	1022.123259	-0.077181	-0.053972	-0.047862	-0.040631	
0.008206	6.747905	-0.473318	68.304620	68.463076	69.162145	69.334505	-0.000028	14.942158	-0.009532	10.102052	9.374223	19.864245	19.039394	12.584960	0.054145	0.039334	0.223516	0.221687	0.238876	0.237237	0.005036	0.004775	0.005796	0.005490	610.668361	581.188413	1055.134645	1020.018279	-0.072894	-0.087546	-0.055888	-0.060287	
-0.011868	9.379519	-0.273130	69.347856	69.263044	69.840182	69.748290	-0.000028	15.100676	-0.006737	10.585092	10.023337	19.089059	18.413999	11.077611	0.036241	-0.055823	0.404224	0.411156	0.414193	0.421042	0.003569	0.003925	0.004549	0.005055	539.276058	522.264550	1132.211151	1111.947127	-0.029637	-0.027996	-0.026851	-0.026158	
-0.015014	8.676537	-0.135193	70.120205	69.965678	70.177637	70.049029	-0.000044	15.174644	-0.007232	6.752508	6.270337	18.617340	18.067969	11.723850	0.025819	-0.013329	0.344790	0.343689	0.345891	0.345289	0.001450	0.001438	0.002376	0.002410	537.402269	528.981978	1072.784635	1062.754427	-0.023109	-0.024020	-0.012306	-0.012481	
-0.001193	8.701683	-1.040923	69.614246	69.466410	70.290451	70.171036	0.000112	15.466962	0.001434	7.851710	7.681693	19.252530	19.039737	11.460031	0.098534	-0.098115	0.359667	0.371025	0.372875	0.384933	0.013351	0.016974	0.013675	0.015429	571.800646	506.968294	1121.625338	1044.397364	-0.117893	-0.105086	-0.115668	-0.108142	
-0.003717	8.670360	-0.769245	70.040457	69.959338	70.832734	70.760787	0.000199	15.508966	0.000268	8.182663	6.612528	19.325679	17.487559	11.650681	0.128628	0.064143	0.357187	0.346541	0.372544	0.361971	0.009258	0.008272	0.014321	0.012383	561.340231	513.428895	1104.662909	1047.591165	-0.094702	-0.115107	-0.073618	-0.078390	
0.004605	7.872642	-0.147129	70.616681	70.306722	71.404932	71.080817	0.000199	15.589940	0.000756	8.017114	7.185327	19.258651	18.226109	12.286098	0.054870	0.006500	0.293646	0.287137	0.308088	0.301310	0.001581	0.001581	0.002188	0.002173	565.657140	556.493437	1064.313553	1053.397796	-0.023601	-0.023594	-0.015295	-0.015338	
-0.025896	7.349815	0.515091	71.139208	70.888157	71.941594	71.682386	0.000372	15.679168	0.001872	9.076790	9.019452	19.213695	19.124758	12.769589	-0.026778	0.018411	0.254576	0.247951	0.268726	0.261933	-0.005518	-0.005317	-0.006741	-0.006315	566.301723	598.383430	1040.586490	1078.802059	0.075954	0.084655	0.056431	0.060024	
-0.002232	8.552800	0.146511	71.637137	71.528903	72.189650	72.095852	0.000464	15.869686	0.006831	9.123163	9.859308	18.079574	18.936412	12.227977	-0.024408	-0.010900	0.317439	0.316880	0.327598	0.327316	-0.001724	-0.001750	-0.002019	-0.002054	550.808958	559.934171	1098.849370	1109.719277	0.017649	0.017287	0.015244	0.015104	
-0.007228	9.350165	0.534540	72.204425	72.302388	72.469504	72.572237	0.000464	15.805918	0.001137	8.354893	8.564808	19.252247	19.493494	11.714717	-0.059540	0.029780	0.388958	0.386536	0.394055	0.391709	-0.006615	-0.006056	-0.009279	-0.009795	510.786186	544.079218	1092.698785	1132.357279	0.061795	0.069962	0.047908	0.050554	
-0.001976	8.093014	-0.220759	72.279860	72.357358	72.800579	72.861783	0.000281	15.766776	-0.004076	6.482556	7.230024	18.474328	19.353467	12.295481	-0.011732	-0.100992	0.316087	0.330767	0.325566	0.340041	0.002355	0.002494	0.003073	0.004234	562.666215	548.916535	1074.486505	1058.107955	-0.035888	-0.030481	-0.023676	-0.021915	
-0.014374	7.556279	-0.663623	72.142780	72.305534	72.996180	73.160653	0.000090	15.908173	-0.002216	8.728466	8.183285	19.406576	18.809701	12.845197	0.062578	-0.011328	0.262993	0.267205	0.277934	0.282192	0.007388	0.007282	0.008191	0.008148	597.516491	556.183717	1090.135766	1040.900372	-0.088629	-0.091156	-0.076557	-0.076983	
0.024912	8.261689	-0.680784	72.793580	72.751502	73.487168	73.439143	-0.000022	15.981793	-0.003192	9.582135	8.697042	18.896260	17.859529	12.625797	0.086484	-0.009774	0.296617	0.297092	0.308972	0.309352	0.007567	0.007787	0.008979	0.009374	585.371544	542.969900	1123.561389	1073.052762	-0.088071	-0.084076	-0.072522	-0.070639	
0.001200	8.330713	-0.621389	73.441012	73.261442	73.817543	73.650203	-0.000022	16.046556	-0.004265	9.015370	8.167123	19.260556	18.255374	12.594786	0.090622	-0.012308	0.311208	0.309562	0.317930	0.316511	0.006714	0.006743	0.009216	0.009427	579.044653	540.342311	1117.711247	1071.609211	-0.086586	-0.085800	-0.062816	-0.062340	
0.005917	8.784878	-0.316378	73.880306	73.650994	74.320990	74.124605	0.000130	16.273017	0.001532	8.754814	8.013800	19.273663	18.382746	12.315597	0.069403	0.033001	0.351966	0.343371	0.360032	0.352011	0.003806	0.003684	0.005152	0.004699	556.865789	537.160672	1117.940130	1094.467493	-0.037264	-0.039002	-0.031212	-0.031991	
0.002385	9.213395	-0.226914	74.226986	73.999170	74.740869	74.547255	0.000292	16.192925	-0.004645	7.954142	7.700830	19.381539	19.038918	11.953235	0.048628	0.004341	0.397509	0.392603	0.407186	0.402919	0.002744	0.002721	0.004146	0.004164	539.213301	525.080276	1119.365976	1102.530787	-0.026941	-0.027245	-0.021462	-0.021555	
-0.006108	8.092008	0.449125	74.601823	74.470217	75.314185	75.202495	0.000292	16.405915	0.000999	6.867269	6.673568	18.804881	18.541651	12.707776	-0.020179	0.081153	0.326041	0.313429	0.338705	0.326346	-0.004857	-0.004648	-0.008474	-0.006590	544.465260	572.438357	1055.186413	1088.507827	0.066784	0.076611	0.043775	0.046532	
-0.038687	8.507282	0.049063	74.605441	74.522778	75.519306	75.440823	0.000346	16.649447	0.007875	7.851288	8.636319	18.009234	18.895493	12.696720	-0.024223	-0.061333	0.318210	0.324532	0.334354	0.340846	-0.000576	-0.000614	-0.000643	-0.000690	554.343145	557.398940	1099.673489	1103.313537	0.005954	0.005510	0.005288	0.005062	
0.009750	7.862573	-0.421585	74.947129	75.057820	75.617886	75.736071	0.000283	16.468884	-0.002470	8.080665	8.056425	18.576881	18.560927	13.186934	0.041518	0.014160	0.279610	0.279823	0.291064	0.291389	0.004456	0.004373	0.005886	0.005802	586.351709	560.093923	1099.372469	1068.094326	-0.063086	-0.066828	-0.043656	-0.043999	
-0.005052	8.129867	1.056406	75.745589	75.776441	76.397211	76.422787	0.000105	16.636637	0.000685	8.832148	8.334130	18.260074	17.666760	13.208587	-0.082103	0.079433	0.295029	0.286086	0.306170	0.297056	-0.011713	-0.010770	-0.015655	-0.013345	538.996392	604.793098	1064.332613	1142.709320	0.131515	0.151529	0.105056	0.114309	
0.001197	7.479351	0.403976	76.099116	76.020022	76.556474	76.475582	0.000105	16.656215	-0.002108	7.726818	9.090598	17.239657	18.519316	13.614823	-0.079197	-0.056735	0.254435	0.259518	0.261973	0.267064	-0.004072	-0.004403	-0.004813	-0.005194	577.223404	602.384485	1071.464631	1101.436385	0.067564	0.053877	0.046631	0.043280	
0.010307	8.373785	0.396998	76.298385	76.532039	76.757890	76.940847	0.000112	16.721663	-0.003019	8.590578	8.970508	17.306617	17.597114	13.171995	-0.052388	0.065599	0.307277	0.303338	0.315150	0.310299	-0.004905	-0.004443	-0.005276	-0.004880	558.269601	582.996042	1106.745108	1136.199122	0.043243	0.049017	0.040908	0.043453	
0.014291	7.755091	-0.093281	76.635118	76.794170	76.973277	77.061333	-0.000067	17.057768	0.006610	7.836066	8.349874	17.712473	18.327829	13.548009	-0.016133	-0.031848	0.270903	0.277199	0.276511	0.281642	0.000971	0.001016	0.001155	0.001254	584.779369	578.969472	1096.430320	1089.509600	-0.014431	-0.012654	-0.010356	-0.009705	
0.012530	8.441040	0.201055	76.953981	77.113693	77.454719	77.579129	-0.000067	16.928470	-0.002435	8.569916	8.376320	17.666973	17.472685	13.225457	-0.018895	0.035106	0.311314	0.309787	0.319847	0.317693	-0.002428	-0.002337	-0.002640	-0.002531	561.698312	574.220760	1114.038270	1128.954948	0.022509	0.023591	0.020940	0.021619	
-0.018724	7.450327	-0.446889	77.242831	77.270100	77.650233	77.659170	-0.000149	16.950972	-0.005311	7.823557	8.069636	17.794264	18.096414	13.817415	0.025729	-0.066704	0.254113	0.261967	0.260728	0.268321	0.004503	0.004760	0.005342	0.005811	604.712991	576.879130	1102.675587	1069.520031	-0.073945	-0.062585	-0.051307	-0.047429	
0.008990	7.976068	-0.133140	77.566069	77.628896	78.103213	78.161263	-0.000113	17.036662	-0.005406	8.982664	8.383039	17.336595	16.979263	13.629483	0.029411	0.028775	0.282138	0.279876	0.291016	0.288652	0.001552	0.001474	0.001617	0.001582	588.154242	579.861792	1121.112257	1111.234332	-0.015344	-0.016637	-0.014623	-0.014984	
-0.016804	8.045676	-0.021059	78.122155	78.036479	78.423031	78.388120	-0.000060	17.153862	-0.004029	8.328979	8.205683	17.501540	17.354161	13.680384	0.006079	-0.024854	0.283445	0.284883	0.288388	0.290672	0.000224	0.000229	0.000271	0.000275	580.369856	579.058236	1113.745249	1112.182853	-0.002917	-0.002760	-0.002218	-0.002195	
0.000123	8.681929	0.395994	78.510664	78.461906	78.894214	78.868052	-0.000060	17.327334	-0.000120	8.183296	8.141038	17.450645	17.391522	13.321385	-0.034008	0.032490	0.328031	0.323264	0.334519	0.330113	-0.004745	-0.004523	-0.005564	-0.005262	550.776799	575.440736	1116.900505	1146.280064	0.044352	0.047154	0.039545	0.040709	
-0.002845	6.240979	0.330135	78.794379	78.770080	79.224431	79.209483	0.000030	17.298636	-0.004164	7.333772	7.860332	17.533031	18.139133	14.674523	-0.046395	-0.007533	0.207752	0.208136	0.214344	0.214875	-0.003180	-0.003207	-0.003761	-0.003794	614.497744	635.059707	1043.574127	1068.067435	0.069446	0.066166	0.040367	0.039829	
-0.014432	8.363085	0.736884	79.072838	79.159468	79.685287	79.772232	0.000035	17.573801	0.003911	9.110578	9.443049	16.061650	16.061650	13.590918	-0.081734	0.051756	0.312113	0.307462	0.322275	0.317582	-0.010289	-0.009020	-0.008675	-0.008205	561.959148	607.854889	1123.465483	1178.136260	0.071331	0.076970	0.079730	0.085095	
0.007833	7.310768	-0.310688	79.415746	79.506966	79.561976	79.579239	0.000035	17.511585	-0.001642	7.421433	8.308364	16.921293	17.721193	14.279622	-0.005956	-0.054315	0.248435	0.255683	0.250734	0.256824	0.003045	0.003194	0.003704	0.004104	608.831072	589.480321	1103.529038	1080.478520	-0.057555	-0.047255	-0.035188	-0.032168	
0.011505	8.821212	-0.242513	79.542710	79.738747	80.003188	80.127900	-0.000026	17.642998	0.000419	8.774641	8.355249	16.621884	16.621884	13.288781	0.034441	0.047391	0.349720	0.347172	0.357533	0.353747	0.003635	0.003148	0.003006	0.002983	574.700761	559.596205	1160.919649	1142.927178	-0.023233	-0.024723	-0.025587	-0.025757	
-0.028287	8.075273	-0.811309	79.910275	79.901011	80.168799	80.198471	-0.000112	17.565083	-0.006007	7.413134	7.162601	17.911575	17.628630	13.874849	0.082869	-0.083474	0.291118	0.300479	0.295295	0.305320	0.008093	0.008683	0.010710	0.012134	599.898567	549.367338	1134.800796	1074.608248	-0.126663	-0.108306	-0.084899	-0.080177	
-0.013911	7.040943	0.193023	80.304260	80.262245	80.937557	80.906335	-0.000049	17.711990	-0.003249	8.450088	7.425482	17.490830	16.653979	14.583928	0.016371	0.028564	0.240412	0.236804	0.250194	0.246729	-0.002054	-0.001949	-0.002241	-0.002155	604.099863	616.122003	1085.232670	1099.553382	0.026109	0.030785	0.022283	0.023641	
0.014382	7.711862	0.924278	80.952237	80.757471	81.431787	81.302619	-0.000049	17.869788	0.000284	8.550097	8.782291	16.156957	16.156957	14.460314	-0.085620	0.022552	0.260802	0.255378	0.268271	0.263852	-0.009655	-0.009707	-0.010831	-0.010462	572.545238	630.112537	1096.233422	1164.807301	0.117380	0.116284	0.100621	0.104473	
0.026270	7.253217	0.038417	81.119182	81.096557	81.356300	81.328432	0.000104	17.827455	-0.003870	7.834699	8.860215	16.273200	16.374340	14.675932	-0.031068	0.010921	0.244221	0.242746	0.247858	0.246299	-0.000391	-0.000400	-0.000439	-0.000434	610.898005	613.290745	1113.117323	1115.967543	0.005602	0.005236	0.004383	0.004463	
-0.005105	7.644841	-0.420026	81.219302	81.394811	81.560594	81.565447	0.000101	17.905135	-0.003357	8.542468	8.609255	16.075693	16.075693	14.485882	0.031784	-0.000385	0.261507	0.264274	0.266808	0.266925	0.004637	0.004555	0.004668	0.004739	617.482943	591.322229	1146.945020	1115.782509	-0.049570	-0.051057	-0.049068	-0.048020	
-0.011617	7.252410	0.823298	81.947581	82.013122	82.168324	82.169655	0.000101	18.046468	-0.000559	8.510088	8.046108	16.307843	16.307843	14.864971	-0.067017	0.031166	0.241968	0.239786	0.245313	0.242152	-0.008330	-0.007997	-0.009585	-0.009178	586.819647	638.097548	1084.704621	1145.786601	0.113157	0.124659	0.090837	0.095678	
0.000146	7.639295	0.742228	82.273012	82.209050	82.500544	82.502105	0.000027	18.124519	-0.000352	8.111671	8.954269	15.865877	15.865877	14.674769	-0.099470	-0.005714	0.261147	0.260765	0.264634	0.265259	-0.007825	-0.008287	-0.008352	-0.008063	584.045642	630.274215	1109.201441	1164.268687	0.092213	0.084478	0.083633	0.087792	
0.013597	7.299432	-0.696128	82.167438	82.303027	82.411491	82.413117	0.000037	18.070601	-0.005377	7.848055	8.601192	16.082064	16.082064	14.840853	0.032860	-0.030084	0.244190	0.249329	0.247886	0.251000	0.007081	0.007435	0.007522	0.007795	635.436021	592.078684	1147.795819	1096.148776	-0.094619	-0.085847	-0.084186	-0.079887	
0.025119	5.941010	0.262604	82.657977	82.838606	82.993637	82.998788	-0.000017	18.292665	0.000524	8.825447	8.065235	15.879605	15.879605	15.585818	-0.005836	0.048042	0.195515	0.193630	0.200370	0.195938	-0.002583	-0.002484	-0.002724	-0.002701	644.698961	661.054899	1080.229341	1099.712454	0.041022	0.049506	0.034785	0.035538	
-0.002575	6.423771	-0.239508	83.005214	82.924960	83.162522	83.168876	-0.000017	18.474904	0.004793	9.070198	9.333457	14.961906	14.961906	15.418170	0.012513	-0.038305	0.209476	0.211975	0.211769	0.215540	0.002349	0.002517	0.002393	0.002408	657.818920	642.901505	1134.343985	1116.574435	-0.034789	-0.029079	-0.032795	-0.032200	
0.004855	7.339180	-0.554346	83.331721	83.357488	83.280147	83.283861	-0.000004	18.584040	0.006310	9.110952	8.853866	15.126235	15.126235	15.059986	0.060638	-0.006243	0.244682	0.245697	0.243912	0.244597	0.005831	0.005763	0.005847	0.005980	640.375250	605.848607	1165.710545	1124.582580	-0.067237	-0.068744	-0.066913	-0.064442	
0.020461	6.670263	0.769973	84.013917	83.974619	83.932688	83.935010	0.000014	18.319665	-0.007060	8.710499	8.152805	15.615244	15.615244	15.511944	-0.047811	0.052247	0.221127	0.215550	0.219946	0.214977	-0.007619	-0.007255	-0.008238	-0.007999	612.181360	660.138007	1087.660560	1144.786278	0.107204	0.121974	0.091997	0.096761	
-0.006518	7.095611	-0.566978	83.933340	83.817170	83.978529	83.978330	0.000014	18.712094	0.005912	8.358415	9.155953	15.102894	15.102894	15.175898	0.027277	-0.066842	0.241073	0.246033	0.241741	0.248429	0.005811	0.006643	0.005716	0.005829	648.727737	613.414308	1162.442377	1120.377196	-0.071790	-0.059260	-0.074447	-0.071338	
0.008496	8.133690	-1.214777	83.997026	84.106831	84.075078	84.073969	0.000053	18.789914	0.006375	8.740216	8.135077	15.426735	15.426735	14.697745	0.136780	-0.014703	0.285081	0.288333	0.286276	0.287830	0.014037	0.013482	0.013212	0.014200	635.939565	560.278950	1204.431085	1114.304537	-0.129589	-0.134980	-0.138173	-0.128250	
-0.011669	6.175399	0.237287	84.713302	84.635837	84.784157	84.784386	0.000035	18.736137	0.001496	8.397256	7.120121	16.172908	15.966135	15.808419	0.025022	0.021222	0.206706	0.203630	0.207715	0.205742	-0.002307	-0.002245	-0.002560	-0.002518	637.167486	651.946540	1083.364822	1100.969558	0.039828	0.046306	0.029225	0.030206	
-0.000975	8.028159	-0.947884	84.679880	84.426864	84.904525	84.872687	0.000093	18.679613	-0.003376	8.749640	9.002844	14.762269	14.762269	14.528662	0.084713	-0.143820	0.303535	0.315431	0.306993	0.322377	0.010799	0.016190	0.009625	0.010041	639.633028	580.595443	1211.034626	1140.709348	-0.099816	-0.083053	-0.116277	-0.108812	
0.005387	6.187786	0.860842	85.486559	85.452306	85.499011	85.487430	0.000093	18.897228	0.002943	8.157092	7.024134	16.368146	15.708482	16.015731	-0.036724	0.088764	0.205048	0.196448	0.205224	0.196940	-0.007991	-0.006674	-0.009913	-0.009146	615.102124	668.718407	1055.674824	1119.542272	0.145261	0.235384	0.095829	0.107056	
-0.003370	7.475334	-0.312452	85.409221	85.191030	85.704207	85.604317	0.000131	18.917004	0.001336	8.405858	9.283898	14.588653	14.588653	15.113772	0.000174	-0.094817	0.266648	0.273119	0.271022	0.279294	0.003371	0.004357	0.003129	0.003185	637.913990	618.453350	1178.991646	1155.810228	-0.035147	-0.028898	-0.040638	-0.038962	
-0.000032	6.684537	0.260858	85.871375	85.958566	85.946941	85.924107	0.000189	18.849063	-0.003663	8.166370	7.789022	15.442632	15.442632	15.832087	-0.014069	0.042424	0.222371	0.219619	0.223447	0.219130	-0.002600	-0.002451	-0.002874	-0.002813	628.404461	644.651616	1108.533788	1127.887317	0.037703	0.048963	0.030133	0.031211	
-0.034429	7.122655	-0.823782	85.863082	85.816487	86.060834	86.052565	0.000189	18.997399	-0.000265	8.422189	8.690394	14.756382	14.756382	15.552224	0.063015	-0.085429	0.238066	0.245714	0.240917	0.249141	0.008356	0.009484	0.008133	0.008357	660.672233	609.364136	1182.615733	1121.497784	-0.102025	-0.085919	-0.107647	-0.102004	
-0.001959	7.919100	0.374196	86.493218	86.526230	86.582251	86.578486	0.000129	19.062259	-0.000316	8.729055	7.860823	15.003823	15.003823	15.308043	-0.006010	0.046943	0.273673	0.269401	0.274984	0.270168	-0.004189	-0.003784	-0.004282	-0.004206	597.671668	620.977900	1151.097538	1178.859805	0.041117	0.049314	0.040052	0.040898	
0.010117	6.312552	0.105922	86.787616	86.640445	86.834959	86.832922	0.000094	19.240580	0.004104	7.580239	7.985992	15.360218	15.360218	16.125346	-0.017105	-0.012254	0.210403	0.209471	0.211063	0.212158	-0.001014	-0.001050	-0.001100	-0.001096	646.073946	652.671147	1110.034136	1117.892688	0.017876	0.015414	0.013514	0.013628	
0.017041	6.142443	-0.273768	86.802707	86.831960	87.088041	87.085819	0.000101	19.247619	0.001717	8.605150	8.716508	14.420463	14.420463	16.257194	0.024856	0.012325	0.201907	0.201201	0.205858	0.204713	0.002717	0.002685	0.002650	0.002667	674.496819	657.445571	1144.892629	1124.581268	-0.036147	-0.037376	-0.038979	-0.038173	
-0.011798	6.347749	-0.072388	87.271677	87.300621	87.318760	87.318881	0.000101	19.209367	-0.002533	8.914059	8.680694	14.232200	14.232200	16.286776	0.014876	-0.001869	0.205564	0.206133	0.206215	0.206385	0.000705	0.000700	0.000719	0.000720	664.650237	660.141646	1147.208863	1141.838252	-0.010048	-0.010321	-0.009491	-0.009450	
0.002596	6.348033	0.365039	87.762231	87.730138	87.682010	87.683489	0.000065	19.482830	0.005652	8.747234	8.676909	14.232458	14.232458	16.359598	-0.029743	0.011140	0.207530	0.206086	0.206426	0.205445	-0.003550	-0.003529	-0.003613	-0.003580	651.469254	674.205154	1131.940730	1159.023621	0.049940	0.050832	0.047551	0.048751	
-0.007630	6.274708	0.460762	88.072783	88.051828	87.992211	87.993564	0.000061	19.550230	0.005625	8.502309	8.842543	14.167326	14.167326	16.442014	-0.055995	0.004019	0.205408	0.204762	0.204305	0.203964	-0.004477	-0.004471	-0.004500	-0.004448	651.586053	680.283946	1128.751301	1162.936088	0.062151	0.062375	0.061296	0.063293	
0.003657	5.342281	-0.572914	88.056614	88.114127	88.015059	88.017036	0.000061	19.506215	0.001154	8.468453	8.883470	14.082704	14.082704	16.880756	0.034200	-0.023260	0.172702	0.175442	0.172149	0.174147	0.005215	0.005358	0.005254	0.005331	710.323694	674.640583	1144.485143	1101.979600	-0.092901	-0.084571	-0.090404	-0.085983	
0.011162	7.668103	-0.350939	88.377416	88.473320	88.346544	88.350649	0.000046	19.618300	0.002878	9.373506	8.853927	13.638565	13.638565	15.748065	0.051976	0.017058	0.263524	0.263225	0.263083	0.261474	0.004028	0.003867	0.003506	0.003538	647.160995	625.303266	1213.765628	1187.728810	-0.034952	-0.036422	-0.042483	-0.041698	
0.016339	7.004658	0.374808	89.000049	88.937209	88.756926	88.761643	0.000015	19.659378	0.001765	8.022291	7.698018	14.806803	14.806803	16.226707	-0.019822	0.021390	0.235070	0.232215	0.231697	0.229783	-0.003678	-0.003671	-0.004020	-0.003966	625.308989	648.653378	1132.333654	1160.141374	0.052669	0.052986	0.043239	0.044239	
0.022524	7.689492	0.886862	89.218561	89.143666	89.311388	89.313586	0.000045	19.698982	0.000694	7.996183	8.368031	14.367494	14.367494	15.850353	-0.094458	0.042394	0.268551	0.263357	0.269871	0.265765	-0.009957	-0.009691	-0.009242	-0.008973	597.930943	653.167873	1147.030171	1212.828127	0.092840	0.095621	0.101833	0.106802	
0.019330	6.208194	-1.095902	88.944450	88.989902	89.064609	89.065543	0.000045	19.579306	-0.006645	7.274758	8.159879	14.723020	14.723020	16.676693	0.068481	-0.049571	0.197856	0.202822	0.199474	0.203845	0.009654	0.010616	0.010351	0.010846	694.218250	625.961585	1168.493050	1087.186051	-0.176728	-0.143997	-0.151373	-0.138430	
0.003640	6.384597	-0.370501	89.263416	89.432918	89.570381	89.573985	0.000042	19.932848	0.004869	9.112377	8.108206	13.890522	13.890522	16.644176	0.068167	0.028371	0.207940	0.207720	0.212094	0.209625	0.003749	0.003529	0.003558	0.003587	679.382247	656.306121	1172.922922	1145.434755	-0.044365	-0.051803	-0.050474	-0.049331	
-0.024012	6.584947	0.467079	90.032064	89.904289	89.958302	89.963218	0.000004	19.776021	-0.004078	8.680831	8.357301	13.866230	13.866230	16.701001	-0.029568	-0.015311	0.212256	0.211890	0.211263	0.212685	-0.004432	-0.004508	-0.004657	-0.004599	647.360053	676.451399	1146.214312	1180.867778	0.065530	0.062374	0.057592	0.059257	
0.025493	6.215725	-0.525017	90.065715	89.971431	89.976266	89.977135	0.000004	19.912273	-0.001104	8.214694	8.623053	13.847831	13.847831	16.831468	0.041983	-0.016097	0.203280	0.203424	0.202085	0.203500	0.004971	0.005157	0.004967	0.005036	689.150243	656.450301	1174.873454	1135.921446	-0.073128	-0.066385	-0.073312	-0.070469	
-0.008149	5.327250	-0.420636	90.286762	90.331920	90.277989	90.277356	0.000058	20.072617	0.002917	8.782316	8.331319	13.702917	13.702917	17.311256	0.058043	0.003215	0.173619	0.173940	0.173505	0.173231	0.003900	0.003809	0.003870	0.003904	712.034105	685.835403	1151.232219	1120.024456	-0.062943	-0.069310	-0.064821	-0.062705	
-0.003471	5.964295	0.664768	90.910931	90.842726	90.807483	90.807339	0.000051	20.186759	0.005056	9.121134	8.769291	13.240980	13.240980	17.182053	-0.044046	0.019928	0.191327	0.188750	0.189971	0.188287	-0.006265	-0.006132	-0.006140	-0.006054	668.600981	710.005106	1144.431796	1193.752182	0.086786	0.091933	0.091558	0.095453	
0.014662	6.107292	-0.868074	90.884551	90.799322	90.641364	90.639804	0.000072	19.979914	-0.005573	8.393125	8.977765	13.367735	13.367735	17.075467	0.063561	-0.045789	0.195612	0.198405	0.192413	0.196299	0.007902	0.008579	0.007795	0.007996	710.378884	656.312120	1200.766470	1136.362410	-0.121550	-0.101858	-0.126000	-0.118029	
-0.012397	5.499117	0.539967	91.401932	91.481394	91.276764	91.275403	0.000072	20.145311	-0.001305	8.981987	8.221173	13.480023	13.480023	17.458974	-0.023895	0.040455	0.179596	0.177289	0.177981	0.174638	-0.005092	-0.004749	-0.004992	-0.004939	681.319523	714.950557	1128.435822	1168.496942	0.073105	0.093753	0.077612	0.080450	
-0.009820	7.434847	-0.046475	91.601618	91.487454	91.416548	91.416253	0.000055	20.102815	-0.005426	8.577855	9.043822	13.119939	13.119939	16.402229	-0.013886	-0.053025	0.254086	0.257473	0.251552	0.256494	0.000485	0.000546	0.000451	0.000451	653.267964	650.373309	1215.765948	1212.317849	-0.005005	-0.004420	-0.005772	-0.005759	
0.009459	6.289273	0.726644	92.012191	92.062226	91.839808	91.838928	0.000069	20.432820	0.005417	7.826092	7.746579	14.115749	14.115749	17.184115	-0.069754	0.044565	0.206670	0.203512	0.204409	0.200593	-0.006885	-0.006521	-0.007237	-0.007084	643.562349	688.820289	1120.662545	1174.573577	0.100975	0.118555	0.089993	0.094198	
-0.006414	5.836158	-0.837149	91.743518	91.744014	91.836860	91.837519	0.000069	20.345741	-0.000510	8.049725	8.692092	13.423199	13.423199	17.329141	0.048537	-0.061025	0.188636	0.193760	0.189846	0.194977	0.007663	0.008408	0.007336	0.007506	716.802673	664.662046	1192.339771	1130.230117	-0.116190	-0.095739	-0.131145	-0.122811	
0.023749	6.012153	-0.151122	92.177767	92.292885	92.204712	92.207207	0.000049	20.361066	-0.002364	8.974416	8.227697	13.220262	13.220262	17.374131	0.041727	0.037422	0.195299	0.193651	0.195649	0.192543	0.001451	0.001392	0.001420	0.001424	693.000047	683.587652	1176.606948	1165.394950	-0.019494	-0.022554	-0.020848	-0.020658	
-0.011964	5.897221	0.293126	92.714138	92.616002	92.547737	92.551128	0.000019	20.270201	-0.008499	8.583612	8.472194	13.194678	13.194678	17.502031	-0.020306	-0.010553	0.191462	0.191077	0.189324	0.190243	-0.002710	-0.002754	-0.002740	-0.002725	683.010134	701.267041	1158.552744	1180.300282	0.042160	0.039897	0.040543	0.041336	
0.012931	6.812790	-0.544791	92.745301	92.697875	92.597361	92.598175	0.000052	20.414846	-0.005080	8.427823	8.673181	13.083454	13.083454	17.024614	0.047509	-0.019623	0.224875	0.225972	0.222922	0.224653	0.005400	0.005598	0.005093	0.005159	686.357091	652.425543	1218.870302	1178.451211	-0.063185	-0.059455	-0.072344	-0.069890	
-0.002827	5.200921	-0.348211	93.022443	93.052626	92.896820	92.897059	0.000052	20.549469	-0.002014	8.333909	7.861188	13.525091	13.525091	17.862129	0.053971	0.004566	0.171938	0.171953	0.170356	0.169994	0.003165	0.003111	0.003207	0.003229	716.255327	694.567527	1151.582022	1125.747623	-0.055900	-0.060812	-0.052816	-0.051430	
-0.005625	6.435844	-0.049251	93.333780	93.258851	93.287063	93.287334	0.000048	20.818803	0.006416	8.915978	8.636674	12.774105	12.774105	17.330903	0.021844	-0.006879	0.211421	0.211035	0.210815	0.211404	0.000485	0.000487	0.000454	0.000455	687.089155	684.021610	1202.852138	1199.198094	-0.005706	-0.005641	-0.006813	-0.006793	
-0.021699	6.526108	-0.152178	93.662857	93.590889	93.437998	93.436646	0.000067	20.708870	-0.000226	8.274407	8.237956	13.216545	13.216545	17.358893	0.020825	-0.019700	0.213186	0.213933	0.210273	0.211933	0.001459	0.001462	0.001461	0.001467	679.123505	669.645317	1190.641683	1179.351313	-0.019728	-0.019581	-0.019614	-0.019424	
0.003935	6.454215	-0.471072	93.756236	93.727872	93.663938	93.661781	0.000067	20.746784	-0.000926	8.252905	8.118926	13.236529	13.236529	17.390739	0.056303	-0.008992	0.212628	0.213026	0.211435	0.212171	0.004574	0.004591	0.004404	0.004449	691.456953	662.116907	1201.481262	1166.531545	-0.057958	-0.057474	-0.064057	-0.062169	
0.012789	6.405849	-0.447107	93.992451	93.959717	93.936932	93.935038	0.000076	20.859032	0.001330	8.382592	7.988788	13.194820	13.194820	17.480346	0.066967	0.003282	0.209971	0.209273	0.209257	0.208956	0.004301	0.004284	0.004193	0.004233	692.539732	664.692311	1200.376912	1167.205203	-0.056168	-0.056726	-0.060191	-0.058558	
-0.004330	4.791223	1.090339	94.648333	94.568911	94.575542	94.573401	0.000075	20.879848	-0.000062	8.383625	8.024447	13.117709	13.117709	18.526188	-0.078143	0.037217	0.150912	0.147131	0.150026	0.147185	-0.008992	-0.008503	-0.009384	-0.009098	689.903604	757.813767	1102.648666	1183.542913	0.180731	0.207192	0.162871	0.175592	
-0.004332	5.789608	-0.035859	94.626491	94.539773	94.541669	94.538425	0.000091	20.965910	0.001206	8.479137	9.355115	12.260716	12.260716	17.913061	-0.029115	-0.028734	0.187410	0.188646	0.186346	0.188629	0.000331	0.000346	0.000316	0.000316	715.471177	713.237734	1208.711990	1206.051525	-0.004581	-0.004083	-0.005461	-0.005446	
0.018532	5.757964	0.454560	95.016713	95.147268	94.814038	94.812217	0.000091	21.075339	0.003401	8.509760	8.472041	12.694197	12.694197	18.047189	-0.047234	0.045491	0.186428	0.184410	0.183897	0.180239	-0.004203	-0.004029	-0.004152	-0.004117	690.630927	718.942554	1167.579008	1201.303676	0.060281	0.069878	0.062595	0.064439	
0.010479	5.081661	-0.510413	95.036231	95.068404	94.863679	94.865818	0.000055	21.071392	0.000866	8.287060	8.666793	12.627096	12.627096	18.318957	0.029578	-0.025291	0.166287	0.168648	0.164169	0.166158	0.004479	0.004682	0.004404	0.004444	741.272282	709.481939	1189.803580	1151.935081	-0.079105	-0.067859	-0.084977	-0.081695	
0.004430	6.202991	-0.645050	95.215323	95.294787	95.076422	95.080491	0.000027	21.187212	0.003069	8.930729	8.512785	12.377396	12.377396	17.858871	0.077174	-0.004151	0.199427	0.200768	0.197677	0.198068	0.006137	0.006099	0.005681	0.005751	719.667957	679.491932	1234.970163	1187.112682	-0.075517	-0.076507	-0.092411	-0.088915	
0.002837	5.326770	-0.791488	95.529787	95.481052	95.258531	95.263020	0.000027	21.162699	-0.000335	8.544065	8.012055	12.775423	12.775423	18.351287	0.102985	-0.021647	0.170422	0.171509	0.167098	0.168834	0.006852	0.006987	0.006846	0.006974	740.225903	690.929224	1200.199036	1141.477078	-0.121590	-0.114620	-0.121896	-0.115250	
-0.005338	4.663001	-0.112656	95.910167	95.803721	95.723344	95.725093	0.000025	21.174621	-0.002153	8.932399	8.306622	12.387079	12.387079	18.661096	0.047866	0.002238	0.156490	0.155037	0.154237	0.154089	0.001000	0.000989	0.000978	0.000979	745.406206	738.389607	1174.641310	1166.283172	-0.017074	-0.018073	-0.019373	-0.019194	
-0.006699	5.499081	0.603629	96.395568	96.253488	96.111068	96.109089	0.000065	21.396747	0.004617	8.860031	8.788663	12.090274	12.090274	18.442424	-0.043365	0.012495	0.176525	0.173820	0.173053	0.172059	-0.005422	-0.005340	-0.005223	-0.005172	705.773440	743.369598	1182.064921	1226.849277	0.078940	0.082647	0.088985	0.092239	
-0.013922	5.771722	1.053281	96.757929	96.701653	96.432826	96.428535	0.000096	21.376773	0.001819	8.287960	8.781536	12.288846	12.288846	18.433488	-0.117616	0.019974	0.181813	0.179566	0.177842	0.176234	-0.009397	-0.009149	-0.009081	-0.008854	680.591740	746.193842	1164.760166	1242.905063	0.134383	0.142711	0.145267	0.154606	
0.007711	6.826044	0.059658	96.654012	96.723761	96.450284	96.447427	0.000096	21.316206	-0.002670	7.994808	8.833016	12.333392	12.333392	17.719779	-0.047619	-0.006887	0.226991	0.228459	0.224404	0.224949	-0.000593	-0.000610	-0.000547	-0.000546	682.796440	686.512163	1229.896068	1234.322219	0.006472	0.006192	0.007855	0.007885	
0.012594	5.298888	0.492343	96.924701	97.093552	96.808816	96.810696	0.000066	21.365981	-0.002939	7.834728	7.869389	12.898017	12.898017	18.579628	-0.061796	0.032595	0.175019	0.174550	0.173614	0.171128	-0.004414	-0.004316	-0.004449	-0.004406	698.690754	729.355618	1146.924364	1183.452198	0.073668	0.080658	0.071577	0.074121	
-0.015241	5.451337	-0.114409	96.965475	97.021374	96.967129	96.973196	0.000006	21.698167	0.007901	8.287342	8.666384	12.198027	12.198027	18.496754	-0.015853	-0.031781	0.178282	0.181435	0.178302	0.180848	0.001035	0.001072	0.000999	0.001000	728.014361	720.888576	1204.410043	1195.921843	-0.015449	-0.013878	-0.018151	-0.018030	
-0.000396	5.271653	0.598421	97.446086	97.532520	97.308759	97.316038	0.000006	21.595785	0.001377	8.495359	8.375296	12.220586	12.220586	18.767117	-0.061468	0.021440	0.169101	0.168508	0.167454	0.165915	-0.005267	-0.005143	-0.005218	-0.005163	709.252955	746.524717	1170.054666	1214.452604	0.084993	0.092516	0.087707	0.091140	
0.015919	4.914549	0.779504	97.782418	97.789857	97.587583	97.594860	-0.000010	21.370356	-0.010034	8.299622	8.753010	12.043587	12.043587	19.015931	-0.097811	0.017295	0.157622	0.156426	0.155315	0.154120	-0.006603	-0.006668	-0.006495	-0.006392	717.999292	766.549563	1163.612381	1221.445222	0.116490	0.112948	0.122928	0.129763	
0.011473	4.674872	-0.939120	97.570089	97.656097	97.374802	97.381391	-0.000004	21.639058	-0.001597	8.360531	8.950322	11.853787	11.853787	19.114983	0.052322	-0.035176	0.147197	0.150789	0.144901	0.147552	0.007698	0.008129	0.007268	0.007466	782.408286	723.916534	1230.162246	1160.487163	-0.144066	-0.124282	-0.170455	-0.157495	
-0.021408	5.451026	0.204774	98.096277	98.229166	97.872434	97.880260	-0.000023	21.826166	0.003566	9.136869	8.410497	11.776398	11.776398	18.782814	0.000849	0.014573	0.175655	0.176134	0.172973	0.171956	-0.001862	-0.001792	-0.001771	-0.001767	727.497121	740.251172	1212.501029	1227.693591	0.025433	0.029109	0.030684	0.031057	
0.010526	5.143857	-0.446546	98.306922	98.219393	97.933023	97.940233	-0.000023	21.812103	0.000706	8.355714	8.501001	12.013724	12.013724	18.912393	0.040640	-0.030832	0.168392	0.169675	0.163948	0.166351	0.003856	0.004035	0.003804	0.003831	750.235666	722.423222	1215.890744	1182.760699	-0.067869	-0.057672	-0.072051	-0.069771	
0.016353	6.174897	0.329045	98.638324	98.641139	98.391784	98.395468	0.000001	21.763507	-0.003349	8.679090	8.332378	11.920080	11.920080	18.483717	-0.012877	0.038875	0.202255	0.199208	0.199250	0.196221	-0.003148	-0.003012	-0.002912	-0.002899	700.402987	720.897086	1219.906737	1244.319204	0.036734	0.040762	0.045432	0.046185	
-0.017572	4.657271	-0.141281	98.785593	98.725441	98.502548	98.504227	0.000024	21.903049	0.000213	7.936916	8.219697	12.260584	12.260584	19.191399	0.004151	-0.025364	0.157230	0.158391	0.153914	0.155796	0.001223	0.001242	0.001225	0.001228	748.723954	739.924494	1180.357726	1169.875853	-0.023959	-0.021855	-0.023617	-0.023343	
0.006745	4.706827	0.600156	99.084374	99.116791	98.964221	98.964623	0.000024	21.715575	-0.009250	8.664990	8.552872	11.705459	11.705459	19.331967	-0.053119	0.031031	0.154349	0.152467	0.152949	0.150698	-0.005210	-0.005049	-0.004937	-0.004892	736.729226	774.109088	1180.543186	1225.069892	0.082104	0.091800	0.100607	0.104688	
-0.001517	5.557774	0.759621	99.449098	99.437933	99.175264	99.176074	0.000035	22.056262	0.002401	8.404801	8.857777	11.598542	11.598542	19.038409	-0.096149	0.008531	0.175632	0.174858	0.172395	0.171764	-0.006627	-0.006662	-0.006381	-0.006294	711.215553	758.527433	1203.056810	1259.414486	0.098265	0.096886	0.109937	0.115015	
-0.017191	5.046679	0.535727	99.602445	99.679408	99.331796	99.333351	0.000034	22.135171	0.003560	8.047716	8.619443	11.842452	11.842452	19.250177	-0.088501	-0.001808	0.164107	0.165140	0.160944	0.161095	-0.004641	-0.004631	-0.004532	-0.004493	726.795435	760.162418	1186.378730	1226.125313	0.076108	0.076723	0.083502	0.086635	
0.007920	5.302880	-1.093323	99.356513	99.479861	99.180765	99.184899	0.000004	22.021613	-0.003094	8.273422	8.654862	11.676306	11.676306	19.150119	0.072084	-0.044512	0.165714	0.170476	0.163652	0.167005	0.009254	0.009865	0.008447	0.008708	774.361640	706.265610	1261.768129	1180.652478	-0.145439	-0.127063	-0.182769	-0.169022	
-0.031075	4.981637	-0.108039	99.850147	99.954481	99.637507	99.644313	0.000004	22.163801	0.000381	8.846020	7.993586	11.757047	11.757047	19.311986	0.037765	-0.004994	0.163150	0.164733	0.160673	0.161119	0.000951	0.000929	0.000925	0.000926	750.595591	743.866552	1212.707554	1204.691956	-0.015035	-0.016737	-0.017161	-0.017061	
0.007389	4.864101	0.126954	100.241502	100.124012	99.931412	99.937179	-0.000022	22.357641	0.005959	8.515121	8.416075	11.616410	11.616410	19.410910	-0.001909	-0.008917	0.161616	0.160905	0.158022	0.158738	-0.001094	-0.001113	-0.001075	-0.001074	749.367526	757.274702	1206.951256	1216.370244	0.018888	0.017505	0.020860	0.021030	
0.014405	4.878314	0.070079	100.425777	100.376719	100.130888	100.132379	0.000027	22.194686	-0.002507	8.438318	8.534872	11.537499	11.537499	19.446081	-0.005184	0.013277	0.162456	0.160921	0.159043	0.158095	-0.000611	-0.000607	-0.000592	-0.000591	752.539791	756.904573	1213.230316	1218.429623	0.009792	0.010026	0.011550	0.011589	
-0.006468	5.113409	-1.024490	100.357081	100.359586	100.074252	100.074151	0.000027	22.364123	0.002404	8.437807	8.503887	11.512053	11.512053	19.438895	0.093855	-0.036848	0.160265	0.162980	0.156995	0.159672	0.008567	0.008869	0.007935	0.008146	780.889074	717.080170	1261.559989	1185.551141	-0.139700	-0.128547	-0.171535	-0.159577	
0.024508	5.574966	0.027117	100.838754	100.850247	100.558737	100.558897	0.000041	22.349540	-0.000070	8.824753	8.059854	11.550921	11.550921	19.217345	0.037167	0.037253	0.182035	0.179377	0.178753	0.175970	-0.000245	-0.000237	-0.000233	-0.000233	735.497732	737.186700	1234.798340	1236.810229	0.003324	0.003700	0.003989	0.003995	
0.011079	5.173805	-0.861266	100.907301	100.775374	100.565634	100.564724	0.000041	22.412234	0.000561	8.180703	8.224613	11.694771	11.694771	19.451290	0.092832	-0.034668	0.165963	0.166973	0.162015	0.164534	0.007196	0.007604	0.006938	0.007071	770.042933	716.400213	1248.405260	1184.506319	-0.125022	-0.107777	-0.139990	-0.131888	
-0.025448	5.475822	0.485850	101.374052	101.343618	101.145872	101.142724	0.000072	22.706741	0.010568	8.670926	8.042134	11.540199	11.540199	19.384356	-0.013987	0.021927	0.177491	0.175514	0.174841	0.173184	-0.004377	-0.004156	-0.004123	-0.004098	724.125291	754.385756	1215.568854	1251.614969	0.058744	0.069230	0.071395	0.073207	
-0.011433	4.804313	-1.121662	101.254655	101.134030	100.951269	100.947215	0.000072	22.637382	0.006033	8.028258	8.398657	11.574511	11.574511	19.765879	0.094310	-0.067811	0.150200	0.153648	0.146754	0.151517	0.008840	0.009625	0.008458	0.008752	791.178893	721.317782	1254.414608	1171.196400	-0.174437	-0.142301	-0.194902	-0.178858	
-0.007707	5.381956	-0.033759	101.652209	101.681111	101.448765	101.444469	0.000088	22.458076	-0.002887	8.909282	8.083479	11.326924	11.326924	19.478482	0.044323	0.025255	0.175135	0.173611	0.172783	0.170880	0.000304	0.000290	0.000286	0.000286	748.608140	746.505532	1244.490219	1241.985603	-0.004028	-0.004774	-0.005139	-0.005129	
0.007545	5.415194	-0.790382	101.809638	101.671015	101.450397	101.446769	0.000078	22.486101	-0.003583	8.238543	8.226100	11.496218	11.496218	19.507136	0.089719	-0.036005	0.172976	0.174019	0.168837	0.171430	0.006675	0.007031	0.006450	0.006549	766.004232	716.776457	1262.307260	1203.667380	-0.109863	-0.095608	-0.122589	-0.116586	
-0.013164	5.032647	-0.441819	102.033731	101.991370	101.775374	101.770559	0.000078	22.500804	-0.004762	8.511091	7.933893	11.500073	11.500073	19.703860	0.079479	-0.000322	0.165120	0.164659	0.162170	0.162138	0.003849	0.003762	0.003674	0.003695	766.047001	738.528947	1240.113259	1207.333890	-0.058901	-0.064201	-0.071397	-0.069431	
0.026245	5.087231	-0.524511	102.256695	102.142351	101.975979	101.970993	0.000093	22.735498	0.002841	8.473949	8.164321	11.344390	11.344390	19.731802	0.082521	0.003168	0.166138	0.164606	0.162937	0.162652	0.004489	0.004535	0.004302	0.004334	770.739970	738.071543	1252.281584	1213.367117	-0.071641	-0.069212	-0.085054	-0.082276	
0.000309	4.521612	-0.395675	102.506035	102.418471	102.208515	102.202648	0.000105	22.901371	0.007726	8.479357	8.123426	11.324680	11.324680	20.038053	0.069661	0.000971	0.151037	0.149985	0.147696	0.147562	0.003331	0.003309	0.003234	0.003250	782.580137	757.936062	1233.253614	1203.897715	-0.058926	-0.060738	-0.068502	-0.066648	
0.005909	4.652482	-0.533201	102.688533	102.599965	102.387004	102.380950	0.000111	22.720235	-0.001275	8.603591	8.340450	11.106522	11.106522	20.040116	0.078291	-0.004931	0.152760	0.152112	0.149376	0.149653	0.004467	0.004480	0.004256	0.004288	788.995390	755.785762	1253.937370	1214.378226	-0.075206	-0.074381	-0.092883	-0.089608	
0.008306	5.133395	-0.185435	103.011353	102.938610	102.663256	102.657382	0.000111	22.792007	-0.000175	8.619980	8.257243	11.105627	11.105627	19.846357	0.048539	0.011465	0.168261	0.166613	0.164313	0.163426	0.001606	0.001589	0.001540	0.001543	765.163464	753.613929	1254.160663	1240.402914	-0.024134	-0.025130	-0.029297	-0.028981	
-0.021687	4.513998	0.149257	103.317025	103.231448	102.958352	102.952845	0.000110	22.966366	0.004997	8.305576	8.191930	11.238929	11.238929	20.165285	-0.001165	-0.007194	0.152539	0.152086	0.148538	0.148976	-0.001262	-0.001257	-0.001235	-0.001233	767.929620	777.225846	1217.308139	1228.381757	0.022244	0.022781	0.025372	0.025629	
-0.008860	5.540728	0.337624	103.524527	103.479570	103.234312	103.229387	0.000108	22.997661	0.004418	8.361188	8.469877	11.015381	11.015381	19.745638	-0.034626	0.004136	0.179805	0.178991	0.176497	0.176140	-0.002990	-0.002959	-0.002803	-0.002792	740.173740	761.202139	1250.769840	1275.818764	0.040037	0.041225	0.050667	0.051624	
-0.000333	4.615826	0.836213	103.854750	103.860389	103.545647	103.542461	0.000108	23.068769	0.005367	7.949440	8.196647	11.310713	11.310713	20.333737	-0.094129	0.022222	0.149957	0.148487	0.146534	0.144971	-0.006824	-0.006702	-0.006672	-0.006565	741.914320	793.996667	1190.644563	1252.684795	0.123964	0.131367	0.133339	0.140694	
-0.017466	4.668124	-0.948618	103.545699	103.590360	103.341483	103.341083	0.000087	23.085209	0.004013	8.090297	8.676455	10.937652	10.937652	20.264353	0.052938	-0.057365	0.147711	0.152178	0.145447	0.149406	0.007648	0.008107	0.006982	0.007149	807.079130	747.995833	1281.571596	1211.191868	-0.132729	-0.114202	-0.173995	-0.162172	
-0.014131	4.746099	-0.750395	103.806206	103.922161	103.557481	103.560628	0.000051	23.060876	0.000913	8.746353	8.055586	10.964888	10.964888	20.286238	0.097711	-0.009613	0.151009	0.152961	0.148251	0.148950	0.006221	0.006097	0.005848	0.005921	797.474651	750.737395	1273.543332	1217.870145	-0.101855	-0.108751	-0.126316	-0.120702	
-0.011365	5.666020	0.082947	104.334227	104.249314	103.970507	103.975089	0.000028	23.081010	-0.000469	8.629477	8.093327	10.957414	10.957414	19.844813	0.023279	-0.008734	0.182621	0.182294	0.178499	0.179184	-0.000726	-0.000728	-0.000695	-0.000694	746.994338	752.160551	1268.459104	1274.613071	0.010115	0.010040	0.012035	0.012090	
0.003424	5.086078	0.313924	104.609395	104.495739	104.235274	104.236631	0.000028	23.105141	-0.001502	7.964513	8.023701	11.247983	11.247983	20.142660	-0.024471	0.005341	0.168710	0.167062	0.164530	0.164168	-0.002689	-0.002685	-0.002623	-0.002614	747.258882	766.811196	1226.650527	1249.941147	0.043328	0.043531	0.048427	0.049296	
0.000509	4.648133	-0.236694	104.567715	104.547984	104.340637	104.339711	0.000066	23.211001	0.000878	8.031172	8.263620	11.045780	11.045780	20.344634	0.016244	-0.005103	0.156282	0.156418	0.153771	0.154114	0.002005	0.002011	0.001926	0.001931	781.838549	767.096418	1246.969426	1229.408672	-0.033006	-0.032616	-0.041213	-0.040515	
-0.006574	4.390388	0.753006	105.002436	105.037328	104.773906	104.773797	0.000062	23.175314	-0.002416	8.369397	8.208503	10.892555	10.892555	20.678702	-0.067424	0.025634	0.143371	0.142023	0.140882	0.139157	-0.006124	-0.005935	-0.005861	-0.005790	761.821785	808.721643	1211.346417	1267.213294	0.107695	0.120247	0.125900	0.131805	
0.035683	4.419350	-1.052059	104.807242	104.789729	104.506356	104.507528	0.000062	23.306457	0.000909	8.142552	8.658526	10.699101	10.699101	20.672602	0.074305	-0.031202	0.139669	0.141579	0.136398	0.138505	0.008089	0.008714	0.007462	0.007686	823.645039	758.119066	1292.638711	1214.584498	-0.157618	-0.130041	-0.196470	-0.181507	
0.015979	4.237511	-0.086529	105.224722	105.311078	104.925783	104.928159	0.000049	23.288933	-0.001728	8.794821	8.074232	10.710128	10.710128	20.716375	0.042111	0.034287	0.143998	0.142627	0.140748	0.138473	0.000719	0.000701	0.000694	0.000694	798.390488	793.001160	1251.642227	1245.222487	-0.012211	-0.014192	-0.015357	-0.015282	
0.011828	4.734937	-0.358166	105.463968	105.364261	105.057802	105.060636	0.000029	23.290351	-0.003641	8.436309	8.389612	10.651117	10.651117	20.511436	0.047275	-0.014653	0.156382	0.156296	0.151929	0.152964	0.002958	0.003038	0.002847	0.002857	794.204375	771.896552	1276.994212	1250.421245	-0.050190	-0.045271	-0.061249	-0.059895	
-0.009765	5.256914	1.221469	106.026683	105.992763	105.648603	105.649111	0.000054	23.473347	0.001853	8.371344	8.131708	10.788047	10.788047	20.533475	-0.100240	0.040371	0.163206	0.160048	0.159058	0.156286	-0.010175	-0.009549	-0.009395	-0.009176	726.915532	802.992942	1224.202208	1314.825240	0.147713	0.170225	0.176923	0.187259	
-0.015117	4.211766	-0.344229	105.816830	105.766241	105.474709	105.474187	0.000054	23.566666	0.003815	7.681051	8.536839	10.824262	10.824262	20.796045	-0.006478	-0.042872	0.143433	0.145764	0.139736	0.142601	0.002793	0.002894	0.002716	0.002727	804.441336	783.001544	1254.843250	1229.304277	-0.054335	-0.046143	-0.064789	-0.063026	
0.003977	5.128238	-0.187044	105.932325	106.066459	105.720711	105.721547	0.000062	23.760631	0.009775	8.488641	8.242217	10.601778	10.601778	20.427487	0.024147	0.018018	0.167427	0.167648	0.165095	0.163851	0.001617	0.001574	0.001510	0.001512	779.752281	768.102486	1284.577974	1270.700797	-0.022263	-0.024390	-0.030040	-0.029740	
-0.013992	4.128759	-0.099440	106.256845	106.251818	105.914077	105.917792	0.000024	23.688076	0.004930	8.149488	8.018792	10.842552	10.842552	20.920781	0.014842	-0.017719	0.142187	0.143314	0.138503	0.139719	0.000812	0.000820	0.000803	0.000803	797.039268	790.845790	1239.212348	1231.834708	-0.016297	-0.015381	-0.017817	-0.017714	
0.009654	3.965942	-0.133347	106.415201	106.393786	106.129413	106.132590	0.000024	23.488342	-0.004960	8.399080	8.323104	10.525357	10.525357	21.042229	0.020890	0.001436	0.137922	0.137598	0.134866	0.134806	0.001086	0.001087	0.001050	0.001051	812.026085	803.720745	1256.209826	1246.316547	-0.020004	-0.019837	-0.025751	-0.025505	
-0.015115	4.213603	0.731944	106.862679	106.845427	106.508687	106.510791	0.000032	23.729844	0.002884	8.457578	8.372416	10.438157	10.438157	21.131923	-0.066162	0.012337	0.138215	0.137221	0.134444	0.133659	-0.005814	-0.005701	-0.005530	-0.005469	780.741241	826.329293	1235.863085	1290.167346	0.104618	0.112404	0.126424	0.132006	
0.015916	3.384703	0.448721	107.006644	106.988172	106.620953	106.622310	0.000040	23.510962	-0.007637	8.124948	8.610385	10.412982	10.412982	21.472162	-0.068099	0.010741	0.121631	0.120753	0.117588	0.116921	-0.003492	-0.003515	-0.003389	-0.003370	813.805434	841.753359	1227.633843	1260.925272	0.076743	0.074051	0.092024	0.095335	
0.016318	4.842567	-0.161922	106.996464	107.076356	106.659518	106.661526	0.000034	23.726582	-0.000784	8.421461	8.715779	10.189149	10.189149	20.779096	-0.005178	0.007642	0.158838	0.159183	0.155189	0.154692	0.001351	0.001355	0.001268	0.001270	800.051547	789.966446	1304.143554	1292.130232	-0.019885	-0.019675	-0.027621	-0.027359	
-0.000563	4.555052	-0.768914	107.074066	107.148618	106.674109	106.678425	0.000034	23.781145	-0.000468	8.198398	8.088763	10.608830	10.608830	20.977346	0.074600	-0.019735	0.147802	0.149920	0.143515	0.144874	0.006146	0.006247	0.005822	0.005899	813.087230	765.196531	1289.923389	1232.876227	-0.110054	-0.104325	-0.133807	-0.127362	
-0.002062	3.575379	0.743628	107.616855	107.620748	107.291412	107.296556	0.000009	23.856528	0.000638	8.491766	7.967097	10.515271	10.515271	21.567100	-0.045488	0.024204	0.123488	0.121991	0.120091	0.118612	-0.005756	-0.005597	-0.005464	-0.005396	796.414703	842.730503	1215.433749	1270.604900	0.117406	0.130683	0.143207	0.150163	
-0.020207	3.983113	0.092326	107.690056	107.603053	107.315787	107.318948	0.000021	23.941137	0.002223	8.252471	8.735486	10.150558	10.150558	21.298807	-0.031592	-0.029786	0.136665	0.137686	0.132715	0.134682	-0.000736	-0.000751	-0.000713	-0.000712	817.344920	823.095312	1275.441046	1282.290885	0.013726	0.012432	0.017787	0.017890	
0.005263	4.300888	-0.857155	107.613897	107.674954	107.228676	107.230256	0.000021	23.982979	0.002228	8.334186	8.385640	10.280612	10.280612	21.252529	0.076381	-0.014268	0.138839	0.140419	0.134763	0.135709	0.006731	0.006770	0.006188	0.006297	832.930301	779.543611	1307.914740	1244.320782	-0.119293	-0.117191	-0.158032	-0.148986	
-0.021295	3.999705	-0.045995	108.013396	108.039438	107.633056	107.635796	0.000032	23.935506	-0.001404	8.589180	8.020199	10.344572	10.344572	21.348730	0.031252	-0.003557	0.138266	0.138772	0.134258	0.134518	0.000372	0.000368	0.000360	0.000360	814.920125	812.055410	1267.715593	1264.303159	-0.006720	-0.007162	-0.008537	-0.008516	
0.034350	3.985932	-0.304306	108.184898	108.094740	107.767491	107.769345	0.000026	24.077663	0.002573	8.341270	8.305862	10.257312	10.257312	21.386865	0.044023	0.004557	0.138305	0.137060	0.133913	0.133637	0.002425	0.002460	0.002339	0.002345	825.247616	806.294380	1280.969336	1258.392335	-0.046006	-0.042712	-0.058482	-0.057256	
0.001566	3.774467	0.025198	108.426811	108.396614	108.032067	108.031669	0.000052	24.040845	-0.000481	8.416019	8.231652	10.235570	10.235570	21.525730	0.013869	0.011983	0.133728	0.132643	0.129600	0.128829	-0.000202	-0.000200	-0.000196	-0.000196	821.481400	823.050840	1264.623071	1266.492580	0.003782	0.004010	0.004880	0.004884	
0.016810	4.946788	-1.104908	108.338488	108.297693	107.936211	107.935040	0.000052	24.035702	-0.002240	8.351402	8.377853	10.148685	10.148685	21.099200	0.110777	-0.026717	0.154420	0.155770	0.150134	0.151899	0.008764	0.009149	0.007802	0.007998	827.664081	758.846504	1344.222283	1262.247130	-0.138502	-0.125624	-0.188306	-0.176226	
0.006493	3.661894	-0.687333	108.621017	108.613676	108.219044	108.217762	0.000059	24.116072	-0.000577	8.449961	7.717681	10.446862	10.446862	21.703570	0.111828	0.007051	0.126292	0.125770	0.122125	0.121667	0.005313	0.005218	0.005053	0.005111	841.026483	798.216938	1275.935707	1224.941190	-0.109661	-0.118141	-0.135007	-0.128801	
-0.012268	4.370298	-0.453464	108.882523	108.753845	108.499703	108.497553	0.000063	23.988248	-0.007242	8.618812	8.189657	10.075553	10.075553	21.380508	0.082183	-0.018451	0.145233	0.145085	0.141207	0.142387	0.003636	0.003664	0.003425	0.003440	826.602255	798.358875	1312.032524	1278.389151	-0.060873	-0.059069	-0.082415	-0.080231	
-0.010170	3.791878	-0.069952	109.198406	109.088407	108.744305	108.739537	0.000063	24.299304	0.003777	8.339039	8.050358	10.244205	10.244205	21.661678	0.036601	-0.001745	0.134189	0.133158	0.129472	0.129534	0.000558	0.000554	0.000545	0.000545	823.847824	819.490958	1268.361015	1263.171139	-0.010864	-0.011398	-0.013215	-0.013141	
-0.008352	2.914785	0.059178	109.378458	109.296533	108.980447	108.974364	0.000094	24.264814	0.001015	8.334618	8.299633	10.073821	10.073821	22.090703	0.006236	-0.001588	0.114001	0.113265	0.109948	0.109983	-0.000460	-0.000459	-0.000450	-0.000450	849.254449	852.940273	1251.739885	1256.130420	0.010356	0.010635	0.013596	0.013653	
-0.006786	4.075919	-0.811307	109.334988	109.304153	108.930606	108.924953	0.000101	24.428245	0.006131	8.516150	8.559545	9.815772	9.815772	21.700848	0.080255	-0.025662	0.132796	0.134111	0.128607	0.130177	0.006240	0.006343	0.005658	0.005745	853.632826	803.101742	1334.065225	1273.872850	-0.111085	-0.105363	-0.157696	-0.149417	
-0.012022	3.941433	-0.236410	109.689331	109.686465	109.226234	109.222408	0.000085	24.331977	0.000758	8.552427	8.031226	10.068600	10.068600	21.722578	0.054779	0.000458	0.136164	0.136105	0.131367	0.131299	0.001879	0.001856	0.001812	0.001815	831.414481	816.690025	1292.228311	1274.688612	-0.034327	-0.036859	-0.043889	-0.043290	
0.011303	4.448476	0.119496	109.974805	109.883227	109.524270	109.521390	0.000085	24.133522	-0.008783	8.337551	8.188607	10.042136	10.042136	21.509682	0.006971	0.006943	0.150608	0.149197	0.145894	0.145413	-0.000968	-0.000970	-0.000927	-0.000926	807.019937	814.462578	1293.704244	1302.569881	0.015951	0.015811	0.020824	0.020972	
-0.002408	3.732426	0.648733	110.256280	110.205542	109.839301	109.835893	0.000085	24.515801	0.004941	8.051571	8.139738	10.164600	10.164600	21.974047	-0.062968	0.016918	0.129484	0.127904	0.125212	0.124120	-0.005017	-0.004947	-0.004787	-0.004742	805.660511	846.065876	1245.556614	1293.687284	0.098846	0.104902	0.121340	0.126474	
0.000805	3.698893	0.354198	110.306789	110.307658	109.962078	109.959522	0.000082	24.462846	0.001223	8.087434	8.503995	9.912414	9.912414	21.964517	-0.059016	0.004672	0.130107	0.129823	0.126575	0.126257	-0.002769	-0.002772	-0.002646	-0.002637	825.164447	847.225174	1275.530208	1301.808835	0.052083	0.051797	0.069978	0.071735	
-0.005461	4.533789	0.279622	110.458064	110.529879	110.094997	110.095020	0.000082	24.646862	0.006883	8.182197	8.405190	9.897626	9.897626	21.609600	-0.049061	0.004815	0.150250	0.150685	0.146469	0.146158	-0.002256	-0.002244	-0.002144	-0.002139	804.651233	822.067059	1300.522559	1321.268203	0.036068	0.036872	0.047407	0.048207	
-0.001541	3.521949	-0.493252	110.455431	110.514632	110.074597	110.077768	0.000052	24.587894	0.002687	7.968865	8.142207	10.110541	10.110541	22.078056	0.032549	-0.019957	0.125044	0.126889	0.121165	0.122434	0.003786	0.003845	0.003642	0.003665	848.942643	818.221140	1286.471693	1249.876392	-0.081528	-0.075389	-0.101534	-0.097923	
-0.020469	1.920300	0.296788	110.797167	110.845692	110.473329	110.478404	0.000024	24.469642	-0.003946	8.483788	8.164372	9.843312	9.843312	22.866738	-0.019014	-0.000669	0.090183	0.090699	0.086996	0.087085	-0.002207	-0.002186	-0.002139	-0.002133	877.319140	895.804134	1233.953947	1255.973180	0.062164	0.067860	0.083149	0.085618	
0.005928	4.575631	0.347754	111.064861	111.026590	110.633773	110.638711	0.000021	24.521869	-0.003715	8.621791	8.790498	9.399155	9.399155	21.760428	-0.042676	0.000152	0.148401	0.147996	0.143944	0.143985	-0.002746	-0.002769	-0.002572	-0.002566	820.263750	841.923097	1339.095042	1364.895549	0.042377	0.041174	0.059498	0.060579	
-0.001087	4.605452	0.355181	111.285140	111.306964	110.757843	110.761543	0.000021	24.707308	0.001969	7.947874	8.168521	10.018187	10.018187	21.717101	-0.051460	0.007787	0.153222	0.152944	0.147758	0.147294	-0.002855	-0.002839	-0.002748	-0.002739	796.190827	818.312766	1290.843244	1317.194788	0.047544	0.048656	0.057799	0.058929	
0.001367	3.519219	0.291996	111.342542	111.388476	110.984760	110.988787	0.000026	24.793126	0.003664	7.874849	8.100875	10.059515	10.059515	22.203292	-0.048576	0.005542	0.128476	0.128598	0.124850	0.124548	-0.002288	-0.002287	-0.002205	-0.002200	826.735731	844.922276	1261.870837	1283.534559	0.045276	0.045413	0.059441	0.060692	
0.009598	4.081085	0.913829	111.635029	111.688120	111.326777	111.331717	0.000014	24.732555	-0.000514	8.168346	8.345799	9.763813	9.763813	22.177774	-0.105208	0.026702	0.133402	0.132277	0.130273	0.128664	-0.006982	-0.006878	-0.006408	-0.006306	802.096645	859.013182	1275.140004	1342.938700	0.122868	0.128751	0.162184	0.170667	
0.021037	4.317028	-0.596118	111.470255	111.517406	111.089912	111.095581	0.000014	24.770455	-0.000749	7.876763	8.446236	9.807726	9.807726	21.936964	0.022329	-0.018917	0.142712	0.144398	0.138813	0.140069	0.004618	0.004783	0.004355	0.004390	842.196654	805.068316	1336.440528	1292.213437	-0.083112	-0.073191	-0.108737	-0.104560	
0.012546	3.530809	0.105764	111.778576	111.891451	111.440211	111.447012	0.000005	24.803488	-0.001192	8.267178	7.883831	9.927126	9.927126	22.304281	0.001530	0.025656	0.128386	0.127942	0.124970	0.123461	-0.000829	-0.000818	-0.000805	-0.000804	836.697813	843.285187	1278.575605	1286.422452	0.016125	0.017830	0.020792	0.020942	
0.013214	2.886599	0.094892	112.004363	111.972117	111.623494	111.630490	-0.000012	24.775880	-0.004070	8.206262	8.272827	9.706590	9.706590	22.635759	-0.011767	0.000556	0.113343	0.112989	0.109557	0.109593	-0.000721	-0.000727	-0.000706	-0.000705	862.086865	867.997068	1277.567235	1284.607439	0.016853	0.015595	0.021740	0.021903	
0.031182	4.026245	0.339402	112.241342	112.247263	111.833516	111.838317	0.000010	25.009757	0.003666	8.370978	8.430558	9.517567	9.517567	22.219008	-0.035170	0.030872	0.137572	0.135705	0.133439	0.131568	-0.002644	-0.002625	-0.002508	-0.002502	830.518234	851.657373	1314.121278	1339.302115	0.045381	0.046948	0.062138	0.063302	
-0.001450	4.863429	-0.644206	112.195606	112.208944	111.735496	111.739233	0.000010	24.888600	-0.002721	8.013368	8.236330	9.757487	9.757487	21.805834	0.050433	-0.023608	0.156908	0.158575	0.152164	0.153725	0.005116	0.005243	0.004765	0.004804	829.726784	789.603349	1354.840570	1307.045735	-0.080779	-0.074999	-0.107103	-0.103259	
-0.012266	5.079314	0.676629	112.644054	112.686864	112.262811	112.266384	0.000016	24.893917	-0.004040	8.092385	7.676592	10.010494	10.010494	21.787586	-0.050555	0.023168	0.164028	0.162961	0.160088	0.158621	-0.005546	-0.005358	-0.005183	-0.005145	774.253751	816.396581	1293.724126	1343.924456	0.080587	0.089810	0.101736	0.104781	
-0.007760	3.393833	-0.074631	112.628052	112.569747	112.278255	112.281061	0.000018	24.899729	-0.005325	7.568617	8.000810	10.031135	10.031135	22.480799	-0.014475	-0.025411	0.126466	0.127436	0.122967	0.124545	0.000579	0.000589	0.000569	0.000569	842.983843	838.335546	1275.101076	1269.564048	-0.012873	-0.011365	-0.015489	-0.015396	
0.017860	3.418515	0.590205	112.877058	112.935859	112.621842	112.623644	0.000018	25.159358	0.003621	8.235218	8.183153	9.608692	9.608692	22.667601	-0.058865	0.035413	0.121493	0.119941	0.118958	0.116845	-0.004477	-0.004371	-0.004193	-0.004163	835.926092	872.686133	1281.429150	1325.217527	0.085996	0.095943	0.117900	0.122252	
-0.012512	2.863352	-0.055422	112.973570	112.980338	112.580388	112.583038	0.000025	25.038482	-0.002694	8.064720	8.427903	9.519824	9.519824	22.857289	-0.019625	-0.019546	0.111497	0.112724	0.107628	0.108811	0.000416	0.000420	0.000408	0.000408	875.022776	871.570893	1298.661842	1294.549976	-0.009900	-0.009038	-0.012564	-0.012513	
0.004009	3.303324	-0.019974	113.142805	113.207503	112.742079	112.745300	0.000020	25.056128	-0.003485	8.382934	8.341654	9.401692	9.401692	22.702550	-0.001790	0.006272	0.121523	0.121786	0.117550	0.117206	0.000152	0.000152	0.000147	0.000147	866.015378	864.771342	1317.807858	1316.325967	-0.002989	-0.003085	-0.004204	-0.004199	
0.004825	3.250410	0.454537	113.479788	113.491043	113.011947	113.015927	0.000012	25.123753	-0.002320	8.259778	8.244918	9.483849	9.483849	22.826480	-0.047389	0.011045	0.118897	0.118348	0.114285	0.113666	-0.003401	-0.003393	-0.003257	-0.003243	849.383961	877.694116	1291.803859	1325.526774	0.071506	0.072398	0.093141	0.095935	
-0.020409	3.754828	0.287901	113.596965	113.598892	113.145186	113.148618	0.000012	25.116898	-0.004103	8.122836	8.394969	9.431942	9.431942	22.582512	-0.049815	-0.013433	0.131409	0.132249	0.126909	0.127761	-0.002208	-0.002216	-0.002109	-0.002105	843.528311	861.459789	1317.241552	1338.601439	0.040431	0.039690	0.055754	0.056741	
-0.020874	3.284830	-1.274748	113.347021	113.395147	112.915710	112.918999	0.000018	25.207502	-0.001962	8.033014	8.198510	9.556350	9.556350	22.994558	0.094144	-0.055216	0.107470	0.111190	0.103256	0.106525	0.008678	0.009111	0.007440	0.007813	899.768668	820.372857	1351.517581	1256.941686	-0.202283	-0.179633	-0.282506	-0.256199	
0.014141	3.234543	0.221514	113.864775	113.906796	113.469007	113.473007	0.000011	25.225634	-0.002756	8.705510	7.926652	9.390874	9.390874	22.897302	0.017089	0.029209	0.119762	0.118433	0.115870	0.114174	-0.001680	-0.001648	-0.001611	-0.001609	863.300547	877.097228	1313.212345	1329.646883	0.032500	0.037025	0.045791	0.046381	
-0.004902	4.158250	0.373670	114.175990	114.055404	113.654014	113.656502	0.000011	25.251176	-0.003196	8.170380	8.307962	9.384618	9.384618	22.517299	-0.038097	-0.009547	0.140588	0.139973	0.135373	0.135986	-0.002866	-0.002905	-0.002742	-0.002734	831.427439	854.700962	1328.197511	1355.920815	0.051024	0.048085	0.066172	0.067486	
0.001238	3.164317	-0.612334	114.031330	114.023251	113.571596	113.571152	0.000032	25.323719	-0.001583	7.878813	8.108861	9.598992	9.598992	22.977728	0.049786	-0.014718	0.116169	0.116962	0.111669	0.112534	0.004524	0.004559	0.004237	0.004282	881.035285	842.896926	1320.769507	1275.339285	-0.099130	-0.095641	-0.135145	-0.128763	
0.003762	2.572094	-0.047806	114.272038	114.307965	113.902115	113.902048	0.000044	25.469477	0.002926	8.426264	8.062153	9.360995	9.360995	23.240761	0.025491	0.013251	0.106683	0.106261	0.103100	0.102333	0.000358	0.000355	0.000347	0.000347	889.287494	886.309956	1304.468344	1300.921515	-0.008001	-0.008658	-0.011675	-0.011636	
0.046416	4.005851	0.302296	114.598047	114.545050	114.127120	114.127484	0.000039	25.237489	-0.007723	8.371229	8.346494	9.199749	9.199749	22.690104	-0.019457	0.032508	0.137373	0.134862	0.132699	0.130725	-0.002306	-0.002312	-0.002197	-0.002193	845.175974	864.004032	1342.371691	1364.799580	0.040392	0.039886	0.054977	0.055876	
0.021013	3.987010	0.883658	114.914770	114.896372	114.414216	114.413694	0.000039	25.466639	0.000122	7.919896	8.120183	9.501093	9.501093	22.841697	-0.094385	0.036848	0.133072	0.130663	0.128137	0.125913	-0.006593	-0.006494	-0.006153	-0.006068	815.782386	870.819747	1295.301863	1360.862093	0.121816	0.128125	0.154061	0.161410	
-0.004266	3.992704	-0.314034	114.703646	114.732317	114.309835	114.309757	0.000047	25.359834	-0.005504	7.750309	8.293911	9.451798	9.451798	22.663463	-0.003639	-0.019529	0.138165	0.139647	0.134257	0.135450	0.002420	0.002462	0.002295	0.002301	856.150386	836.591227	1346.714716	1323.415942	-0.042786	-0.039635	-0.060486	-0.059279	
0.042679	3.577143	-0.140448	114.860273	114.959951	114.510884	114.513093	0.000029	25.172094	-0.014474	8.080861	7.884189	9.513310	9.513310	22.890306	0.021441	0.034908	0.130069	0.128947	0.126631	0.124559	0.001080	0.001072	0.001042	0.001043	858.225466	849.477878	1320.983278	1310.563194	-0.020548	-0.021620	-0.027655	-0.027441	
-0.006619	3.316243	-0.870949	114.880048	114.874005	114.493673	114.497704	0.000029	25.542807	-0.001212	8.110158	8.035756	9.392369	9.392369	23.162390	0.087157	-0.031792	0.115014	0.116824	0.111264	0.113165	0.006206	0.006409	0.005657	0.005768	892.870631	838.624860	1351.218511	1286.601219	-0.137671	-0.123141	-0.187206	-0.176347	
-0.002643	3.917478	0.008194	115.273769	115.261767	114.859135	114.862346	0.000014	25.677673	0.002682	8.450305	7.931655	9.277646	9.277646	22.843757	0.032626	0.009286	0.135673	0.134991	0.131588	0.131058	-0.000063	-0.000062	-0.000060	-0.000060	855.037886	855.548217	1347.298549	1347.906453	0.001096	0.001173	0.001500	0.001500	
-0.026594	3.574456	0.210387	115.544078	115.454125	115.054147	115.055367	0.000027	25.733709	0.003528	7.989649	7.998593	9.417844	9.417844	23.019769	-0.015623	-0.018776	0.128790	0.129034	0.124004	0.125135	-0.001596	-0.001601	-0.001549	-0.001547	851.200988	864.304625	1316.004360	1331.613347	0.031913	0.031231	0.040574	0.041060	
-0.029305	3.929967	0.606271	115.739948	115.718210	115.327849	115.326933	0.000050	25.758870	0.003258	7.992155	8.113277	9.327045	9.327045	22.965863	-0.068478	-0.003989	0.133802	0.133829	0.129764	0.129995	-0.004607	-0.004543	-0.004301	-0.004273	832.997740	870.758453	1318.935210	1363.915583	0.080445	0.085129	0.110228	0.113793	
-0.011637	3.800396	0.452472	115.844230	115.858283	115.438417	115.437709	0.000050	25.743178	0.001342	7.796696	8.151282	9.367946	9.367946	23.017721	-0.071838	-0.003645	0.132277	0.132633	0.128310	0.128522	-0.003426	-0.003425	-0.003264	-0.003251	840.146486	868.328029	1318.681821	1352.251534	0.063762	0.063852	0.084029	0.086308	
-0.022331	3.296156	0.096090	115.874721	115.938024	115.509613	115.510642	0.000043	25.617066	-0.005082	7.857809	8.118929	9.336119	9.336119	23.216247	-0.036716	-0.015558	0.122540	0.124072	0.119003	0.119928	-0.000726	-0.000726	-0.000703	-0.000703	866.031172	872.016021	1320.585300	1327.714421	0.014676	0.014570	0.019951	0.020096	
-0.006430	3.998240	-0.374446	115.912711	115.974025	115.543192	115.546529	0.000020	25.884033	0.004101	8.073156	8.116141	9.219836	9.219836	22.937804	0.026686	-0.016920	0.136492	0.138117	0.132869	0.133922	0.002850	0.002872	0.002698	0.002705	865.926327	842.604505	1366.144980	1338.364141	-0.050178	-0.048465	-0.070066	-0.068628	
0.002505	3.217389	0.333737	116.279196	116.304379	115.860055	115.864588	0.000020	25.700775	-0.004772	8.054527	7.820834	9.371945	9.371945	23.357978	-0.024107	0.011414	0.120415	0.119989	0.116376	0.115754	-0.002493	-0.002476	-0.002414	-0.002408	859.050899	879.837251	1306.000121	1330.760720	0.052891	0.055257	0.067233	0.068642	
0.005393	3.334003	-0.527494	116.223648	116.193050	115.815213	115.819043	0.000009	25.819950	-0.001502	8.006946	8.199911	9.156076	9.156076	23.329606	0.043495	-0.019928	0.120323	0.121196	0.116386	0.117587	0.003868	0.003946	0.003628	0.003652	891.784059	858.929849	1360.332183	1321.196413	-0.079457	-0.072240	-0.113208	-0.109169	
0.000990	2.777568	0.325774	116.583741	116.610208	116.159230	116.162018	0.000021	25.882063	-0.000423	8.252329	7.943242	9.171158	9.171158	23.639639	-0.015744	0.019090	0.110181	0.109339	0.106138	0.105075	-0.002394	-0.002360	-0.002305	-0.002300	879.683418	899.973761	1312.282788	1336.452543	0.052765	0.058618	0.071608	0.073084	
-0.005706	3.326871	-0.742732	116.509224	116.464792	116.044825	116.046988	0.000026	25.809208	-0.004716	8.108432	8.297796	9.011213	9.011213	23.453423	0.063502	-0.034086	0.116739	0.118294	0.112288	0.114283	0.005305	0.005468	0.004839	0.004905	904.855947	858.595949	1381.203444	1326.098765	-0.110735	-0.098452	-0.160171	-0.152271	
-0.004993	3.972220	0.145962	116.869313	116.890625	116.401579	116.402862	0.000026	25.906156	-0.002150	8.329849	7.894898	9.119011	9.119011	23.131341	0.010772	0.014716	0.137236	0.136561	0.132685	0.131819	-0.001116	-0.001096	-0.001064	-0.001064	855.590837	864.681857	1357.074804	1367.903982	0.018908	0.020822	0.026129	0.026307	
-0.004948	3.437651	-0.198003	116.969418	116.901457	116.478581	116.479287	0.000030	25.871796	-0.004831	7.861173	7.949959	9.271329	9.271329	23.348807	0.021645	-0.017081	0.126669	0.127020	0.121941	0.122950	0.001485	0.001501	0.001438	0.001440	873.796742	861.464382	1340.508284	1325.818038	-0.030359	-0.028317	-0.040199	-0.039684	
0.001661	2.828971	-0.297423	117.026834	117.024348	116.625412	116.624915	0.000045	26.231460	0.008315	8.068441	7.952767	9.156021	9.156021	23.675595	0.041303	0.000484	0.112173	0.112122	0.108358	0.108326	0.002192	0.002184	0.002100	0.002104	898.114411	879.589876	1337.678990	1315.612656	-0.047473	-0.048692	-0.068691	-0.067222	
0.019050	3.822307	0.120520	117.299860	117.279168	116.869751	116.869340	0.000045	25.948088	-0.004272	8.241180	8.074191	8.990747	8.990747	23.284512	0.003985	0.018814	0.134036	0.132719	0.129878	0.128761	-0.000909	-0.000905	-0.000870	-0.000869	865.332275	872.838658	1364.297755	1373.239322	0.016057	0.016427	0.022448	0.022590	
0.002414	3.193676	-0.261263	117.387384	117.353500	116.904570	116.903903	0.000044	26.073519	-0.000501	7.883602	7.963222	9.188635	9.188635	23.565334	0.027623	-0.006356	0.120621	0.120667	0.116012	0.116373	0.001935	0.001946	0.001873	0.001877	885.699525	869.427143	1343.264245	1323.880664	-0.041406	-0.039802	-0.054820	-0.053869	
-0.022256	3.662553	-0.507556	117.424022	117.428380	117.014238	117.013590	0.000048	26.068775	-0.001945	8.128017	7.980899	9.048869	9.048869	23.409946	0.060943	-0.020693	0.127989	0.129248	0.124053	0.125259	0.003778	0.003780	0.003525	0.003543	886.793194	855.180832	1378.116633	1340.460145	-0.069039	-0.068890	-0.100810	-0.097880	
0.010396	3.497817	0.616673	117.881934	117.858003	117.429968	117.429753	0.000044	26.110944	-0.001543	8.108444	7.808905	9.132656	9.132656	23.609547	-0.039083	0.024907	0.124143	0.122470	0.119833	0.118391	-0.004523	-0.004452	-0.004281	-0.004253	852.845828	891.254408	1324.735183	1370.487291	0.089063	0.095735	0.115970	0.119730	
-0.022524	2.884430	0.061812	117.895329	117.838752	117.448457	117.447665	0.000044	26.152264	-0.001156	7.805651	8.166261	9.042833	9.042833	23.796848	-0.025553	-0.023545	0.114032	0.114842	0.109809	0.111142	-0.000454	-0.000458	-0.000442	-0.000442	891.136067	894.985941	1337.956664	1342.542615	0.010050	0.009419	0.013906	0.013964	
-0.002078	3.419925	-0.176875	117.933449	117.979494	117.527445	117.526839	0.000053	26.239072	0.001062	8.085241	8.114717	8.927215	8.927215	23.592793	0.012817	-0.000291	0.124700	0.125157	0.120829	0.120840	0.001316	0.001310	0.001258	0.001260	888.190160	877.173745	1370.105278	1356.982579	-0.024654	-0.025348	-0.036014	-0.035635	
-0.012455	2.893249	0.107655	118.184763	118.201624	117.730172	117.731362	0.000036	26.339485	0.003724	8.036377	7.932481	9.031010	9.031010	23.863365	-0.008117	-0.005023	0.114183	0.114628	0.109897	0.110194	-0.000791	-0.000790	-0.000770	-0.000770	889.099695	895.804852	1335.712388	1343.699537	0.017405	0.017581	0.023409	0.023591	
-0.010431	3.750597	-0.170165	118.261012	118.248955	117.817009	117.818743	0.000036	26.079648	-0.008053	8.057593	8.113682	8.897742	8.897742	23.492872	0.013891	-0.015836	0.132164	0.132980	0.127914	0.128858	0.001272	0.001280	0.001214	0.001215	880.493015	869.894549	1381.955341	1369.330500	-0.022848	-0.022134	-0.032863	-0.032559	
-0.002340	3.213673	-1.076651	118.182840	118.190438	117.721378	117.723044	0.000032	26.335578	0.000827	7.942660	7.839305	9.082301	9.082301	23.923524	0.107430	-0.028114	0.110710	0.112375	0.106373	0.107976	0.007372	0.007536	0.006521	0.006714	915.097099	848.039462	1383.685284	1303.806561	-0.165707	-0.155377	-0.230291	-0.214327	
-0.000919	3.553468	-1.742714	118.143038	118.128676	117.719938	117.721565	0.000031	26.374637	0.001037	8.376568	7.763365	8.914560	8.914560	23.959989	0.187759	-0.033946	0.108482	0.110265	0.104513	0.106439	0.011360	0.011721	0.009038	0.009610	936.157135	827.614739	1437.796994	1308.501834	-0.237164	-0.223369	-0.353358	-0.320290	
-0.013908	2.709147	0.990126	119.039031	118.932962	118.530514	118.530527	0.000045	26.318870	-0.002466	8.550501	7.563616	8.931146	8.931146	24.366727	-0.026096	0.026194	0.099916	0.097496	0.095218	0.093782	-0.006672	-0.006307	-0.006118	-0.006016	874.773025	936.441584	1315.272909	1388.732189	0.157343	0.187014	0.203717	0.213082	
-0.009893	3.309719	-0.447458	118.871762	118.677847	118.317819	118.313660	0.000045	26.203125	-0.008167	7.889434	8.444645	8.701785	8.701785	23.854299	0.030065	-0.040427	0.120072	0.120559	0.114852	0.117120	0.003204	0.003302	0.003016	0.003030	912.410338	884.541073	1404.276495	1371.078764	-0.064939	-0.056137	-0.095959	-0.092977	
-0.003357	2.631546	0.190897	119.076665	119.118111	118.597399	118.591383	0.000091	26.643938	0.008523	8.119360	7.868204	8.906317	8.906317	24.172252	-0.003229	0.023613	0.109049	0.108114	0.104586	0.103214	-0.001393	-0.001365	-0.001344	-0.001342	899.393063	911.282796	1337.789170	1351.952160	0.029755	0.035529	0.043109	0.043603	
-0.007661	3.968649	0.137933	119.220811	119.186301	118.748045	118.744480	0.000070	26.418614	-0.001623	8.050714	8.161958	8.750522	8.750522	23.582431	-0.019189	-0.008998	0.137221	0.137421	0.132712	0.133205	-0.001030	-0.001038	-0.000979	-0.000979	871.907620	880.498556	1391.100863	1401.334343	0.017606	0.017006	0.025377	0.025577	
-0.006282	3.300439	0.758037	119.509140	119.518162	119.029000	119.026850	0.000070	26.590835	0.004052	7.761826	7.838920	9.039208	9.039208	24.047163	-0.082560	0.014510	0.118613	0.117874	0.114118	0.113278	-0.005423	-0.005338	-0.005083	-0.005027	857.575815	904.789047	1322.144882	1378.385048	0.112591	0.119933	0.146066	0.152397	
0.006181	3.830385	2.109922	119.938215	119.953296	119.540049	119.539693	0.000059	26.530790	0.000336	7.745852	8.170147	8.839241	8.839241	24.280960	-0.207162	0.041094	0.112559	0.110404	0.108865	0.106575	-0.013724	-0.013119	-0.011451	-0.010796	811.434835	942.848289	1308.245232	1464.784282	0.265257	0.285398	0.352539	0.383979	
-0.001301	2.815348	0.798626	119.734823	119.810765	119.331704	119.333583	0.000041	26.652298	0.003795	7.343192	8.519115	8.799586	8.799586	24.380308	-0.154180	-0.003228	0.104915	0.105794	0.101195	0.101390	-0.005458	-0.005563	-0.005016	-0.004927	885.084203	934.825442	1340.564700	1399.816217	0.126464	0.117298	0.173294	0.183757	
0.011976	2.411368	0.109300	119.629114	119.847962	119.290132	119.296628	-0.000004	26.571197	-0.001035	7.859766	8.287921	8.683177	8.683177	24.406207	-0.061941	0.011482	0.103173	0.104557	0.100047	0.099476	-0.000781	-0.000780	-0.000757	-0.000756	919.752358	926.559957	1359.939215	1368.048393	0.017675	0.017923	0.026939	0.027228	
-0.007580	2.680656	0.061383	119.820044	119.952515	119.398064	119.409638	-0.000004	26.626067	-0.000662	8.102772	8.151039	8.635047	8.635047	24.315359	-0.030142	-0.009523	0.108479	0.110235	0.104575	0.105210	-0.000439	-0.000442	-0.000427	-0.000427	914.522420	918.345584	1370.247960	1374.802093	0.009844	0.009420	0.014076	0.014167	
-0.007809	3.151062	-0.450773	119.883274	119.932197	119.398067	119.410481	-0.000046	26.701064	0.000534	8.055684	8.074846	8.678875	8.678875	24.141012	0.034597	-0.024684	0.116644	0.118494	0.112125	0.113629	0.003220	0.003265	0.003043	0.003055	915.649360	887.573612	1397.626313	1364.182622	-0.066968	-0.062179	-0.096542	-0.093912	
0.010768	2.973358	0.743483	120.324205	120.346252	119.837867	119.848345	-0.000036	26.737691	0.000372	8.101900	7.839356	8.772399	8.772399	24.387320	-0.059107	0.026076	0.110848	0.109603	0.106358	0.105013	-0.005211	-0.005116	-0.004823	-0.004774	879.335665	925.642451	1340.157598	1395.318011	0.111151	0.120010	0.152831	0.158814	
0.000965	3.597494	0.157830	120.325011	120.291039	119.840671	119.848131	-0.000036	26.795887	0.001275	7.802691	8.213572	8.674233	8.674233	23.970064	-0.041122	-0.009572	0.129181	0.129412	0.124635	0.125254	-0.001155	-0.001169	-0.001106	-0.001105	886.226645	896.056841	1390.621332	1402.331012	0.021439	0.020095	0.030867	0.031107	
0.010242	4.135029	0.406588	120.477360	120.540409	120.030947	120.036282	-0.000010	26.682204	-0.004529	7.793093	7.879424	8.848470	8.848470	23.765919	-0.054164	0.021939	0.141243	0.140555	0.137014	0.135785	-0.003054	-0.003016	-0.002880	-0.002872	854.489034	879.812759	1376.029809	1406.195304	0.050740	0.053636	0.070064	0.071375	
0.005000	1.657981	-1.311438	120.172039	120.204056	119.757524	119.762810	-0.000006	26.844873	0.000720	7.580600	7.813546	8.961182	8.961182	25.181337	0.082612	-0.040174	0.072716	0.075092	0.069016	0.071146	0.007339	0.008068	0.005996	0.006517	970.616327	888.935301	1362.962478	1265.664447	-0.284951	-0.234333	-0.399852	-0.351183	
-0.002926	3.297251	-0.704691	120.422107	120.470844	120.060707	120.065800	-0.000005	26.797256	-0.002425	8.444585	8.060835	8.444585	8.444585	24.315562	0.101711	-0.008539	0.114067	0.114996	0.110724	0.111247	0.004912	0.004899	0.004450	0.004486	939.592579	895.701894	1453.370864	1401.088499	-0.093271	-0.094272	-0.144319	-0.139427	
0.003696	2.992619	2.263978	121.433420	121.382750	120.879868	120.883900	-0.000005	26.684307	-0.008127	8.154080	7.762274	8.700963	8.700963	25.099426	-0.141534	0.044440	0.089748	0.086943	0.084781	0.082476	-0.012727	-0.011677	-0.011371	-0.010704	835.412737	976.421333	1292.642616	1460.611353	0.340141	0.384791	0.399215	0.433078	
-0.013621	4.481738	-0.745560	120.801842	120.723793	120.288877	120.289754	0.000013	26.876439	-0.001474	7.542877	8.510074	8.510074	8.510074	23.724551	0.015646	-0.063060	0.143812	0.146785	0.138955	0.142662	0.005410	0.005765	0.004836	0.004886	906.829963	860.393825	1482.950240	1427.635745	-0.085499	-0.072221	-0.133850	-0.128142	
0.013969	2.091592	-1.030790	120.760307	120.901987	120.334160	120.334923	0.000029	27.000988	0.002518	7.861827	7.422428	8.981088	8.981088	24.999523	0.110105	0.010179	0.087133	0.087868	0.083297	0.082766	0.006657	0.006393	0.005766	0.005983	949.200300	884.999020	1362.365973	1285.889727	-0.187430	-0.209376	-0.266605	-0.246005	
0.001873	2.497340	0.276011	121.249291	121.211140	120.846878	120.849711	0.000029	27.010235	0.001709	8.435284	7.920280	8.435284	8.435284	24.715742	0.008076	0.007655	0.104003	0.103238	0.100339	0.099949	-0.001931	-0.001929	-0.001848	-0.001845	926.489112	943.680088	1386.289134	1406.766939	0.042610	0.043025	0.065131	0.066189	
-0.022634	3.173994	0.531226	121.548450	121.453216	120.986785	120.987304	0.000014	27.016129	0.000888	7.979449	8.130871	8.495568	8.495568	24.489783	-0.056084	-0.011953	0.116395	0.116184	0.111236	0.111902	-0.003732	-0.003739	-0.003539	-0.003522	893.604617	926.691267	1381.217706	1420.630358	0.077599	0.076804	0.105075	0.108019	
0.031950	2.806733	0.874063	121.716885	121.717298	121.209225	121.207737	0.000043	27.058805	0.001654	7.762832	8.050974	8.616650	8.616650	24.778360	-0.099343	0.039851	0.106336	0.104171	0.101722	0.099549	-0.005969	-0.005863	-0.005395	-0.005306	887.701467	942.141204	1347.557129	1412.405472	0.130475	0.139364	0.185143	0.194609	
-0.008114	2.381932	1.234511	121.891976	121.938871	121.446639	121.446219	0.000035	27.045735	0.000109	7.750542	8.231030	8.502622	8.502622	25.169713	-0.146098	0.016976	0.090079	0.089602	0.086097	0.085200	-0.007820	-0.007695	-0.006657	-0.006397	894.632077	971.521834	1336.722320	1428.313016	0.194089	0.202285	0.280053	0.302111	
-0.007475	3.435572	-0.349979	121.613084	121.705078	121.169708	121.171922	0.000035	27.190872	0.004744	7.804764	8.373994	8.373994	8.373994	24.362012	-0.017239	-0.024515	0.122492	0.124721	0.118399	0.119794	0.002488	0.002529	0.002342	0.002347	924.529040	902.731118	1443.399345	1417.433769	-0.046272	-0.042739	-0.071666	-0.070229	
-0.015124	2.194872	0.057658	121.849184	121.969329	121.384667	121.390155	0.000008	27.224192	0.004745	7.939036	7.733447	8.664219	8.664219	24.907289	-0.010557	-0.002775	0.100650	0.101885	0.096454	0.096653	-0.000409	-0.000407	-0.000400	-0.000400	926.804356	930.395514	1355.079716	1359.357484	0.010114	0.010684	0.014163	0.014243	
0.019532	3.532468	0.341041	122.072676	122.071552	121.616128	121.622937	-0.000015	27.064495	-0.003058	8.047292	8.067149	8.410724	8.410724	24.383182	-0.038746	0.009533	0.126715	0.126168	0.122501	0.122029	-0.002451	-0.002465	-0.002318	-0.002314	894.240985	915.482261	1407.386179	1432.688681	0.044907	0.043600	0.066195	0.067347	
0.006295	2.464485	-0.114630	122.111440	122.117701	121.605734	121.611054	-0.000015	27.079203	-0.003759	7.692220	7.879750	8.656121	8.656121	24.824743	-0.001556	-0.002136	0.106704	0.106877	0.102120	0.102284	0.000814	0.000817	0.000795	0.000795	925.340550	918.200995	1369.803012	1361.298410	-0.019616	-0.018930	-0.027045	-0.026806	
0.017039	2.878490	0.428062	122.323853	122.358800	121.897425	121.901816	-0.000001	27.134760	-0.002752	8.020764	7.959255	8.449322	8.449322	24.752426	-0.042375	0.024836	0.112607	0.111563	0.108728	0.107412	-0.003025	-0.002999	-0.002847	-0.002838	907.349842	934.011094	1382.367333	1414.126083	0.061382	0.064626	0.092567	0.094741	
-0.003105	3.583792	0.201810	122.437832	122.437867	121.948328	121.952234	0.000002	27.163416	-0.002786	7.799379	8.034008	8.487872	8.487872	24.405967	-0.039293	-0.004392	0.128637	0.128886	0.124125	0.124408	-0.001458	-0.001466	-0.001398	-0.001396	893.598047	906.167509	1406.345198	1421.317879	0.027260	0.026417	0.038223	0.038619	
-0.016624	3.376595	-0.329599	122.406675	122.447200	121.946842	121.950284	0.000006	27.090758	-0.006834	7.694722	7.802725	8.646705	8.646705	24.482582	0.020362	-0.019178	0.124405	0.125853	0.120181	0.121284	0.002383	0.002392	0.002272	0.002277	907.819784	887.291214	1403.609912	1379.156381	-0.046483	-0.045506	-0.066292	-0.065030	
-0.021446	3.323688	-0.704572	122.417613	122.446836	121.999796	122.003503	0.000006	27.249405	-0.001648	7.877554	7.689298	8.612666	8.612666	24.597049	0.078235	-0.029073	0.119001	0.120883	0.115182	0.116825	0.004965	0.005002	0.004554	0.004598	922.678746	878.795499	1419.785306	1367.511801	-0.099229	-0.096247	-0.144663	-0.139022	
-0.004279	2.320477	-0.545345	122.609741	122.586940	122.165208	122.168303	0.000004	27.324744	0.000233	8.014457	7.621960	8.573668	8.573668	25.087648	0.084788	-0.011688	0.099320	0.099740	0.095334	0.095985	0.003736	0.003740	0.003497	0.003523	947.548157	913.582117	1392.231342	1351.771166	-0.092937	-0.092340	-0.133448	-0.128640	
0.001845	2.862750	-0.620371	122.747377	122.677069	122.270072	122.271009	0.000021	27.337745	-0.000269	8.166093	7.877119	8.347370	8.347370	24.895794	0.092767	-0.010472	0.109066	0.108999	0.104753	0.105329	0.004266	0.004288	0.003927	0.003959	946.552107	907.913172	1433.806940	1387.780434	-0.091168	-0.088876	-0.137480	-0.132513	
0.005448	2.214825	-0.825861	122.855688	122.789219	122.320578	122.318993	0.000021	27.510640	0.005756	8.085222	7.758292	8.433057	8.433057	25.286069	0.112969	-0.007428	0.092996	0.092796	0.088236	0.088612	0.005406	0.005422	0.004809	0.004907	966.048163	914.610624	1414.385316	1353.113175	-0.140147	-0.138495	-0.207027	-0.195394	
0.000323	2.380504	0.675086	123.353203	123.280079	122.831515	122.828108	0.000046	27.384020	-0.000135	8.278111	7.853068	8.278111	8.278111	25.274343	-0.026083	0.023908	0.098762	0.096844	0.094115	0.092823	-0.004550	-0.004450	-0.004162	-0.004126	923.952175	965.998943	1382.555815	1432.641715	0.103018	0.114494	0.154223	0.159553	
0.007211	2.474785	0.250195	123.405031	123.312988	122.835790	122.830864	0.000063	27.412077	0.000203	7.826369	8.189090	8.269265	8.269265	25.118300	-0.037591	0.001055	0.105443	0.104562	0.100344	0.100243	-0.001731	-0.001741	-0.001666	-0.001664	934.345175	949.928239	1400.276408	1418.838875	0.039456	0.037789	0.058579	0.059502	
0.000933	2.118709	0.687742	123.572927	123.607569	123.069504	123.064882	0.000065	27.463223	0.001434	7.886532	8.024303	8.318830	8.318830	25.433620	-0.078729	0.022694	0.093791	0.092907	0.089334	0.088108	-0.004604	-0.004512	-0.004174	-0.004121	926.706772	969.541785	1366.619867	1417.644721	0.110697	0.121638	0.168316	0.175952	
0.009600	4.151758	0.680965	123.689339	123.718939	123.197420	123.195624	0.000065	27.388882	-0.002549	7.863938	8.207487	8.207487	8.207487	24.483727	-0.097822	0.014335	0.137084	0.136544	0.132561	0.131736	-0.004879	-0.004878	-0.004456	-0.004428	879.225932	921.638872	1437.757876	1488.279957	0.078738	0.078753	0.116253	0.119753	
-0.012321	4.170530	0.451323	123.748942	123.813675	123.250356	123.251271	0.000040	27.547079	0.002620	7.416215	7.788067	8.626799	8.626799	24.379620	-0.084417	-0.003254	0.141989	0.142772	0.137387	0.137581	-0.003315	-0.003318	-0.003138	-0.003128	863.748516	891.858488	1399.934799	1433.419256	0.056639	0.056471	0.076087	0.077778	
-0.000524	2.052415	-0.130625	123.650831	123.730076	123.274106	123.277808	0.000013	27.664884	0.006028	7.427171	7.666464	8.673810	8.673810	25.298349	-0.014785	-0.008761	0.099501	0.100671	0.096151	0.096647	0.000922	0.000926	0.000900	0.000900	936.934473	928.798679	1359.056074	1349.364757	-0.023881	-0.022857	-0.034592	-0.034284	
-0.002919	2.526321	0.632481	123.947360	124.009197	123.595863	123.601613	0.000013	27.643892	0.003800	8.021680	7.945631	8.239252	8.239252	25.314608	-0.067939	0.011733	0.101974	0.101901	0.098849	0.098279	-0.004292	-0.004253	-0.003950	-0.003917	921.608810	961.001973	1388.691892	1435.616832	0.094971	0.099470	0.142609	0.147799	
-0.002511	2.085422	0.154572	124.041373	124.047518	123.547400	123.553413	-0.000006	27.705374	0.004900	7.771232	8.096985	8.248896	8.248896	25.421870	-0.042633	-0.010132	0.097580	0.098168	0.093209	0.093794	-0.001060	-0.001067	-0.001034	-0.001033	948.833667	958.460948	1395.281907	1406.749876	0.027234	0.025430	0.038541	0.038976	
0.008883	2.263704	-0.151722	124.065604	124.124655	123.588156	123.593720	-0.000003	27.606562	-0.000335	7.958485	8.033412	8.185746	8.185746	25.344911	0.003680	0.003802	0.101496	0.101819	0.097257	0.097106	0.001048	0.001048	0.001012	0.001012	956.075319	946.625539	1416.853535	1405.597004	-0.023986	-0.024047	-0.037793	-0.037402	
0.008243	2.266138	-0.221872	124.194413	124.224395	123.682905	123.688652	-0.000007	27.505673	-0.005640	7.999585	7.918962	8.216596	8.216596	25.370228	0.025306	0.001098	0.101467	0.101675	0.096931	0.096924	0.001528	0.001532	0.001473	0.001475	956.370340	942.551367	1415.659359	1399.198267	-0.036005	-0.035335	-0.054770	-0.053985	
0.011795	3.045112	0.088798	124.405350	124.402029	123.883708	123.888622	-0.000007	27.475808	-0.008039	8.011668	7.896088	8.208363	8.208363	25.044164	0.000308	0.010415	0.117957	0.117360	0.113270	0.112749	-0.000625	-0.000625	-0.000601	-0.000601	926.171175	931.701806	1426.527782	1433.115842	0.012382	0.012471	0.018461	0.018540	
-0.018310	3.271860	-0.661736	124.343430	124.325216	123.816181	123.819511	0.000002	27.729292	0.000999	7.759914	7.810374	8.352058	8.352058	24.987939	0.064415	-0.030565	0.118796	0.120303	0.114052	0.115746	0.004592	0.004657	0.004231	0.004266	935.725929	894.510683	1444.274129	1395.178732	-0.092467	-0.087033	-0.135919	-0.130851	
-0.002985	2.911599	0.241759	124.649868	124.654697	124.179588	124.181690	0.000014	27.772564	0.001704	7.929902	7.572197	8.395278	8.395278	25.147098	-0.000372	0.011903	0.115609	0.115008	0.111400	0.110777	-0.001711	-0.001693	-0.001642	-0.001640	916.048353	931.105956	1398.213249	1416.149791	0.034872	0.037714	0.050551	0.051149	
0.011716	2.036914	0.126221	124.760172	124.702298	124.277769	124.278649	0.000014	27.693619	-0.002431	7.726823	7.855671	8.310543	8.310543	25.551540	-0.014666	0.003005	0.098683	0.098016	0.094435	0.094286	-0.000871	-0.000875	-0.000849	-0.000849	947.086267	954.947750	1386.660970	1396.025529	0.022137	0.021200	0.032421	0.032691	
0.001375	3.007347	-0.037843	124.810023	124.816883	124.348186	124.347868	0.000027	27.783155	0.000248	7.925996	7.995107	8.129138	8.129138	25.148507	-0.000338	0.003774	0.116759	0.116616	0.112627	0.112420	0.000265	0.000265	0.000255	0.000255	935.446306	933.089310	1439.324404	1436.516763	-0.005192	-0.005275	-0.007987	-0.007966	
-0.012310	3.558203	0.292432	125.036924	125.049406	124.527748	124.527927	0.000029	27.690773	-0.004389	7.784816	7.766694	8.304806	8.304806	24.936312	-0.032533	-0.000077	0.128204	0.128321	0.123610	0.123616	-0.002085	-0.002076	-0.001991	-0.001988	900.690005	918.903729	1421.818404	1443.514501	0.038653	0.039565	0.053985	0.054734	
0.002281	4.311538	0.750470	125.252450	125.252359	124.778690	124.779370	0.000025	27.761639	-0.002546	7.568423	7.721470	8.409825	8.409825	24.671037	-0.089781	0.013180	0.142676	0.141930	0.138353	0.137618	-0.005428	-0.005394	-0.005005	-0.004970	861.039748	907.781699	1414.754673	1470.433453	0.088769	0.090656	0.122270	0.125990	
0.001880	1.832902	0.088908	125.165399	125.190940	124.745039	124.746183	0.000025	27.977783	0.005079	7.273799	7.680148	8.548682	8.548682	25.695981	-0.042108	-0.004212	0.095868	0.096311	0.092187	0.092416	-0.000619	-0.000622	-0.000608	-0.000608	942.719621	948.257112	1359.085423	1365.681655	0.017175	0.016352	0.023855	0.024037	
-0.039034	2.564527	0.758692	125.392477	125.466387	125.046809	125.049434	0.000019	27.945201	0.002684	7.938657	7.980957	8.070916	8.070916	25.624117	-0.091980	-0.006873	0.100865	0.101874	0.097830	0.098213	-0.005070	-0.004992	-0.004555	-0.004502	926.103018	973.357033	1405.084249	1461.372997	0.108639	0.116090	0.168234	0.175176	
0.017326	2.362698	-0.005097	125.411281	125.437941	124.917006	124.921138	0.000002	27.793759	-0.004538	7.683235	8.061088	8.123364	8.123364	25.562435	-0.030479	-0.003436	0.103777	0.104193	0.099427	0.099643	0.000035	0.000035	0.000034	0.000034	953.644279	953.326838	1424.306874	1423.928741	-0.000838	-0.000773	-0.001195	-0.001196	
0.004093	3.007658	1.283364	125.827775	125.899358	125.355021	125.359869	0.000002	27.948333	0.000469	7.881637	7.875424	8.125608	8.125608	25.650451	-0.127004	0.033562	0.104615	0.103480	0.100464	0.098752	-0.008303	-0.008005	-0.007177	-0.006994	894.553276	974.485721	1390.872463	1486.087593	0.173482	0.190966	0.248065	0.262066	
-0.013700	2.494429	-0.233750	125.590776	125.609830	125.090175	125.095579	-0.000006	27.731712	-0.009394	7.474275	8.134955	8.143914	8.143914	25.533767	-0.025756	-0.033808	0.105795	0.107751	0.101388	0.103216	0.001597	0.001627	0.001538	0.001540	957.826307	943.267519	1437.703033	1420.360677	-0.037033	-0.032320	-0.055893	-0.054995	
0.022524	2.881697	0.984159	125.948840	126.065821	125.511102	125.517149	-0.000008	28.003784	0.000303	7.908719	7.776905	8.139112	8.139112	25.638128	-0.097001	0.044988	0.106510	0.105170	0.102665	0.100360	-0.006552	-0.006319	-0.005808	-0.005715	906.603261	967.900179	1397.108325	1470.124908	0.134740	0.152254	0.198052	0.207104	
0.021451	2.988756	0.176887	125.917444	125.927226	125.421770	125.428705	-0.000020	28.040084	0.000521	7.543759	8.052035	8.131577	8.131577	25.367096	-0.056423	-0.000043	0.116856	0.116945	0.112460	0.112523	-0.001225	-0.001244	-0.001181	-0.001180	931.335557	942.352728	1435.243668	1448.367266	0.025684	0.023207	0.037193	0.037589	
0.011464	2.263076	0.256664	126.003963	126.093819	125.554521	125.561085	-0.000020	27.920904	-0.005410	7.682483	7.773475	8.212703	8.212703	25.722726	-0.044796	0.017594	0.102633	0.102499	0.098700	0.097841	-0.001767	-0.001758	-0.001700	-0.001698	942.077249	958.063207	1398.939400	1417.981794	0.041029	0.042909	0.061288	0.062279	
0.006235	2.397864	-0.815651	125.860747	125.900603	125.408400	125.415372	-0.000023	27.881656	-0.008156	7.796952	7.927244	8.061620	8.061620	25.787869	0.061135	-0.022038	0.097567	0.099060	0.093622	0.094824	0.005298	0.005437	0.004660	0.004745	980.291976	929.490360	1460.325641	1399.811010	-0.127591	-0.114972	-0.200988	-0.190358	
0.026129	2.042480	0.216333	126.252634	126.286861	125.762541	125.768856	-0.000020	28.190958	0.003104	8.067016	7.686023	8.067016	8.067016	25.896044	0.003445	0.029376	0.097716	0.096495	0.093455	0.091998	-0.001466	-0.001455	-0.001418	-0.001417	959.357513	972.831474	1415.723702	1431.773816	0.035382	0.038063	0.052746	0.053380	
0.004210	1.902193	-0.415093	126.257206	126.204489	125.716833	125.721246	-0.000020	28.253198	0.004582	7.850965	7.966336	7.987733	7.987733	25.980367	0.040382	-0.014016	0.093076	0.093339	0.088398	0.089153	0.002750	0.002786	0.002586	0.002599	985.432100	959.578603	1440.863821	1410.067265	-0.071432	-0.065027	-0.112166	-0.108740	
0.015176	1.923153	0.165532	126.491806	126.498814	125.966780	125.968819	-0.000001	28.111957	-0.001928	7.980074	7.863271	7.980074	7.980074	25.987138	-0.000098	0.019979	0.095696	0.094730	0.091148	0.090143	-0.001117	-0.001111	-0.001081	-0.001080	968.823563	979.133470	1424.217501	1436.498611	0.026954	0.028641	0.042267	0.042646	
-0.018793	2.167197	0.063970	126.595123	126.577086	126.052723	126.053834	0.000012	28.096976	-0.003358	7.882373	7.952118	7.952118	7.952118	25.877999	-0.010862	-0.012859	0.100366	0.100876	0.095652	0.096326	-0.000434	-0.000435	-0.000421	-0.000421	965.531975	969.516239	1434.948908	1439.694944	0.010126	0.009948	0.015817	0.015873	
-0.008084	1.994707	-0.028675	126.671934	126.678489	126.138912	126.139403	0.000019	28.045216	-0.006241	7.852986	7.882097	7.990935	7.990935	25.963478	-0.000221	-0.006216	0.097581	0.097959	0.092963	0.093286	0.000195	0.000195	0.000189	0.000189	970.453748	968.667789	1428.114875	1425.987448	-0.004689	-0.004715	-0.007387	-0.007371	
-0.015528	3.026538	0.221146	126.838390	126.844147	126.317412	126.317970	0.000019	28.250029	0.001111	7.900519	7.883401	7.955416	7.955416	25.548581	-0.024545	-0.005737	0.116881	0.117238	0.112294	0.112603	-0.001528	-0.001525	-0.001459	-0.001458	936.760831	950.534571	1451.206702	1467.613911	0.029791	0.030276	0.045392	0.045886	
0.001130	2.332665	0.104672	126.926246	126.924379	126.395783	126.396391	0.000019	28.189853	-0.002159	7.635775	7.745470	8.135970	8.135970	25.843016	-0.019601	-0.001290	0.105039	0.105090	0.100421	0.100493	-0.000719	-0.000720	-0.000699	-0.000699	949.233324	955.752658	1415.593163	1423.358961	0.016818	0.016606	0.024639	0.024800	
-0.009715	1.905710	-0.084821	126.947686	126.965124	126.479850	126.480612	0.000019	28.109002	-0.006279	7.780842	7.832626	8.009211	8.009211	26.055457	0.001724	-0.008218	0.096037	0.096609	0.091997	0.092424	0.000575	0.000576	0.000559	0.000559	973.771596	968.488668	1425.996657	1419.703658	-0.014069	-0.013999	-0.022638	-0.022508	
-0.020101	2.350336	-0.428946	126.985333	126.998137	126.490962	126.492201	0.000019	28.229616	-0.002375	7.914053	7.868124	7.917290	7.917290	25.930747	0.043734	-0.022744	0.101257	0.102547	0.096970	0.098155	0.002871	0.002883	0.002698	0.002708	977.574813	950.858559	1461.713684	1429.889415	-0.065548	-0.063830	-0.102845	-0.100220	
-0.014928	0.513590	0.552558	127.364627	127.360439	126.833817	126.835139	0.000015	28.370211	0.002316	7.938247	7.715068	7.979057	7.979057	26.916648	-0.037161	0.003254	0.064737	0.064545	0.060300	0.060154	-0.003428	-0.003370	-0.003062	-0.003012	993.792782	1028.208043	1369.091890	1410.087177	0.126289	0.137493	0.197942	0.207806	
0.014254	1.860008	-0.688880	127.173251	127.135499	126.638788	126.639354	0.000019	28.299374	-0.001421	7.880522	7.880522	7.880522	7.880522	26.320315	0.053550	-0.009771	0.086898	0.087068	0.082330	0.082826	0.004333	0.004395	0.003836	0.003892	1020.249634	977.343755	1503.139691	1452.030422	-0.110002	-0.102646	-0.183544	-0.174779	
-0.001711	3.055903	-0.751500	127.259135	127.249681	126.721633	126.721318	0.000028	28.371248	0.000603	7.904910	7.857585	7.904910	7.904910	25.751166	0.094205	-0.014537	0.111540	0.112223	0.106845	0.107605	0.004982	0.005018	0.004517	0.004559	974.959872	928.153769	1506.522774	1450.767577	-0.101232	-0.098217	-0.154122	-0.148588	
0.012178	1.950970	-0.176705	127.513658	127.502940	126.975576	126.975165	0.000028	28.290081	-0.003504	7.898109	7.514272	8.069346	8.069346	26.150702	0.055171	0.013632	0.097473	0.096683	0.092842	0.092144	0.001198	0.001192	0.001162	0.001162	973.198791	962.192969	1425.958178	1412.848097	-0.029723	-0.031216	-0.044771	-0.044286	
-0.002943	1.616210	0.515153	127.794790	127.728196	127.276238	127.275095	0.000029	28.352680	-0.001851	7.887832	7.823222	7.887832	7.887832	26.452765	-0.035096	0.006964	0.087162	0.086247	0.082751	0.082393	-0.003347	-0.003338	-0.003093	-0.003072	970.402595	1002.488138	1411.700428	1449.920566	0.088962	0.090640	0.140087	0.144701	
-0.016698	1.749909	-0.570211	127.629625	127.601768	127.094353	127.092082	0.000042	28.511162	0.003703	7.854562	7.854562	7.854562	7.854562	26.390670	0.042783	-0.021211	0.087604	0.088433	0.083042	0.084086	0.003669	0.003686	0.003323	0.003358	1007.989445	972.474669	1471.288042	1428.983018	-0.094528	-0.092027	-0.156947	-0.150343	
-0.011176	2.543594	-0.482365	127.752606	127.744464	127.218166	127.216089	0.000042	28.436055	-0.000110	7.867257	7.856986	7.867257	7.867257	26.019375	0.065077	-0.017482	0.104275	0.105111	0.099656	0.100540	0.003201	0.003213	0.002997	0.003009	982.200639	952.157202	1486.310051	1450.522458	-0.070528	-0.068999	-0.108651	-0.105915	
-0.008130	3.336656	0.810403	128.182848	128.178243	127.648553	127.647227	0.000040	28.532735	0.002887	7.891086	7.645321	7.945699	7.945699	25.790268	-0.058211	0.017066	0.118747	0.117804	0.114084	0.113173	-0.005478	-0.005369	-0.005006	-0.004964	911.358338	961.833128	1440.632668	1500.757987	0.103786	0.112256	0.149031	0.153791	
0.008044	2.304230	-0.620496	127.935300	127.893120	127.406047	127.404905	0.000035	28.560511	0.003097	7.395522	7.809657	8.058892	8.058892	26.148066	0.040414	-0.023811	0.100252	0.101112	0.095700	0.096909	0.004076	0.004179	0.003740	0.003779	978.377469	939.730798	1453.986500	1407.950778	-0.101220	-0.089120	-0.153403	-0.146870	
-0.025468	2.271780	0.360263	128.206028	128.263837	127.771110	127.770665	0.000031	28.524721	0.000745	7.912108	7.647729	7.912108	7.912108	26.198192	-0.022553	0.003810	0.101180	0.101481	0.097444	0.097246	-0.002426	-0.002389	-0.002297	-0.002292	957.383929	979.822362	1435.085870	1461.814420	0.053256	0.059471	0.083608	0.085202	
-0.016261	1.677710	-0.089252	128.263599	128.234269	127.746957	127.747847	0.000031	28.624147	0.003711	7.694550	7.868391	7.868391	7.868391	26.425082	-0.001653	-0.023908	0.091516	0.092471	0.087119	0.088327	0.000594	0.000598	0.000580	0.000581	988.715801	983.156851	1438.243190	1431.621397	-0.016024	-0.014786	-0.024438	-0.024299	
0.008143	1.501878	0.645664	128.530529	128.553078	128.028489	128.029410	0.000025	28.606159	0.002003	7.825132	7.825132	7.825132	7.825132	26.717781	-0.060280	0.020090	0.082898	0.082095	0.078669	0.077687	-0.004093	-0.004034	-0.003697	-0.003654	976.167336	1016.381612	1418.010422	1465.913466	0.111168	0.119705	0.173762	0.180934	
-0.000020	3.091876	0.494034	128.612470	128.618831	128.088258	128.089823	0.000019	28.487801	-0.003747	7.807613	7.807613	7.807613	7.807613	25.949874	-0.072974	0.010808	0.115426	0.114914	0.110879	0.110329	-0.003314	-0.003299	-0.003096	-0.003085	945.031608	975.801793	1482.125813	1518.779104	0.063508	0.065070	0.096753	0.099035	
0.002974	1.965991	-1.410799	128.239926	128.242673	127.712563	127.714295	0.000019	28.721416	0.004587	7.505321	7.755635	7.977315	7.977315	26.656529	0.089315	-0.041654	0.081405	0.083492	0.076958	0.079028	0.008017	0.008582	0.006275	0.006697	1016.014617	928.145069	1482.293489	1377.623722	-0.240790	-0.206057	-0.376406	-0.338965	
-0.007166	2.870929	-0.116657	128.617147	128.660296	128.158180	128.160424	0.000017	28.573010	-0.002368	7.872584	7.688243	7.872584	7.872584	26.015360	0.046706	-0.001581	0.112335	0.112790	0.108365	0.108467	0.000787	0.000783	0.000757	0.000757	968.517889	961.252047	1495.562224	1486.907190	-0.015897	-0.016476	-0.023696	-0.023588	
0.019320	3.475949	-0.729573	128.614922	128.596414	128.096552	128.099143	0.000009	28.456566	-0.008063	7.691672	7.629279	7.941450	7.941450	25.757822	0.092146	-0.008200	0.123260	0.123535	0.118733	0.119190	0.004936	0.005016	0.004529	0.004566	955.440290	909.999862	1501.328317	1447.199906	-0.095365	-0.089451	-0.139408	-0.134653	
0.025473	1.911321	0.072661	128.899574	128.886240	128.406999	128.408667	0.000017	28.746594	0.002572	7.725452	7.355233	8.067864	8.067864	26.421877	0.028254	0.028254	0.098383	0.096837	0.094185	0.092773	-0.000493	-0.000490	-0.000481	-0.000481	966.668025	971.193604	1415.970909	1421.361756	0.012376	0.013266	0.018183	0.018253	
0.007614	1.441315	-0.354877	128.896978	128.833584	128.418281	128.418547	0.000017	28.626201	-0.003133	7.785180	7.785556	7.785556	7.785556	26.704274	0.044634	-0.003970	0.085938	0.085601	0.081905	0.082104	0.002309	0.002324	0.002176	0.002184	1008.889645	986.786643	1453.317520	1426.988534	-0.063592	-0.060215	-0.105802	-0.102908	
0.007458	3.610438	1.381549	129.443217	129.427834	128.924001	128.922902	0.000032	28.882237	0.006316	7.785978	7.785978	7.785978	7.785978	26.122574	-0.112752	0.035723	0.115856	0.113864	0.111380	0.109518	-0.008848	-0.008553	-0.007763	-0.007617	902.993441	989.041230	1462.549952	1565.049649	0.166354	0.181347	0.229806	0.239880	
-0.007242	2.201521	-0.111422	129.173866	129.169416	128.649568	128.648589	0.000034	28.602203	-0.005696	7.206102	7.906582	7.951566	7.951566	26.346973	-0.032240	-0.022043	0.102567	0.103655	0.098092	0.099205	0.000749	0.000758	0.000729	0.000729	973.361774	966.422004	1449.372508	1441.105889	-0.018241	-0.016387	-0.027317	-0.027104	
-0.027423	1.913581	0.633135	129.366693	129.480616	128.955152	128.956251	0.000034	28.577030	-0.007618	7.766862	7.706603	7.802923	7.802923	26.670676	-0.073600	0.004611	0.091483	0.092213	0.088010	0.087790	-0.004114	-0.004028	-0.003729	-0.003694	963.470705	1002.904585	1425.567343	1472.540783	0.097909	0.109357	0.157145	0.163012	
0.004818	2.318562	-0.652148	129.213554	129.232298	128.716485	128.720308	0.000011	28.715853	-0.003150	7.730507	7.760468	7.760468	7.760468	26.454041	0.038631	-0.021234	0.098464	0.099700	0.094239	0.095343	0.004193	0.004273	0.003814	0.003852	1000.523476	959.905402	1501.191023	1452.806975	-0.099489	-0.090476	-0.155950	-0.149830	
-0.026110	2.066125	-0.286458	129.413060	129.424986	128.900393	128.904268	0.000001	28.750162	-0.002838	7.812616	7.627012	7.812616	7.812616	26.514368	0.043186	-0.020530	0.097676	0.098815	0.093328	0.094394	0.001896	0.001895	0.001820	0.001822	990.609563	972.767964	1469.403825	1448.151000	-0.045712	-0.045955	-0.069902	-0.068775	
-0.024070	2.647454	0.256478	129.663643	129.637950	129.140631	129.143560	0.000008	28.841159	-0.000189	7.765656	7.721926	7.765656	7.765656	26.288688	-0.013938	-0.014641	0.109390	0.109924	0.104915	0.105691	-0.001721	-0.001720	-0.001650	-0.001649	959.428492	975.402871	1468.185095	1487.213696	0.036595	0.036792	0.054812	0.055465	
0.003565	3.090065	-0.469191	129.577653	129.565492	129.053966	129.055555	0.000008	28.941997	0.002951	7.590312	7.711425	7.830624	7.830624	26.074408	0.045640	-0.012673	0.117814	0.118372	0.113296	0.113970	0.003173	0.003199	0.002975	0.002986	964.464374	935.241512	1495.329809	1460.519681	-0.063205	-0.060644	-0.095948	-0.093605	
0.007082	2.258371	0.262315	129.830208	129.847732	129.343223	129.344457	0.000017	28.976407	0.003465	7.685219	7.448541	7.924956	7.924956	26.476612	-0.009718	0.017911	0.103761	0.102999	0.099621	0.098724	-0.001768	-0.001754	-0.001701	-0.001700	959.003432	975.341339	1434.555154	1454.016787	0.040602	0.043457	0.060324	0.061160	
0.016582	2.310229	-0.011183	129.869456	129.835222	129.385063	129.386025	0.000017	28.810555	-0.004032	7.638683	7.759088	7.759088	7.759088	26.449415	-0.002810	0.004955	0.104900	0.104357	0.100779	0.100536	0.000075	0.000075	0.000073	0.000073	975.974271	975.277778	1466.990825	1466.161167	-0.001701	-0.001632	-0.002639	-0.002637	
-0.009051	2.501337	-0.293822	129.891313	129.903159	129.394965	129.395365	0.000017	28.909531	-0.000887	7.694616	7.693272	7.760748	7.760748	26.397758	0.029756	-0.007926	0.106919	0.107426	0.102690	0.103097	0.001967	0.001966	0.001879	0.001881	978.922277	960.622011	1481.235468	1459.436283	-0.042948	-0.042987	-0.066116	-0.065036	
-0.014504	1.615603	-0.172565	130.026906	130.029580	129.521406	129.522148	0.000022	28.873202	-0.003182	7.737063	7.591052	7.787499	7.787499	26.806835	0.028498	-0.010609	0.091102	0.091651	0.086860	0.087391	0.001140	0.001140	0.001107	0.001107	997.891579	987.143648	1450.021943	1437.219061	-0.030056	-0.030245	-0.047055	-0.046528	
-0.007750	1.548489	-0.712496	129.997911	129.974850	129.486685	129.487257	0.000020	29.065591	0.003672	7.717993	7.717993	7.717993	7.717993	27.001054	0.077838	-0.023807	0.082691	0.083664	0.078434	0.079599	0.004406	0.004470	0.003879	0.003943	1026.680020	982.303219	1489.738034	1436.876610	-0.123888	-0.115798	-0.200774	-0.191054	
-0.015293	2.234534	-0.621534	130.116546	130.111153	129.598974	129.599108	0.000025	29.108772	0.004586	7.720273	7.720273	7.720273	7.720273	26.685836	0.089489	-0.022984	0.096494	0.097601	0.092132	0.093281	0.003963	0.003988	0.003647	0.003674	1010.121621	971.410303	1515.299222	1469.186494	-0.094505	-0.091459	-0.144581	-0.139871	
0.002431	2.719786	0.219732	130.423712	130.422384	129.905584	129.905785	0.000025	29.060367	0.001829	7.738149	7.638364	7.738149	7.738149	26.411444	0.009563	0.007597	0.111279	0.110878	0.106864	0.106478	-0.001471	-0.001465	-0.001414	-0.001413	962.870048	976.555734	1480.529766	1496.832087	0.030795	0.031688	0.045483	0.045928	
-0.028317	2.119953	0.700615	130.643262	130.626618	130.124266	130.124456	0.000023	28.881239	-0.006166	7.553856	7.662620	7.781919	7.781919	26.823373	-0.071304	-0.007784	0.095669	0.095917	0.091316	0.091704	-0.004495	-0.004474	-0.004114	-0.004072	957.359433	1000.996220	1432.020494	1484.000417	0.110165	0.112703	0.162515	0.168778	
0.001420	2.630377	-0.258197	130.470146	130.484139	129.986011	129.986304	0.000024	29.036624	-0.000779	7.622038	7.702305	7.702305	7.702305	26.456801	0.004006	-0.006161	0.109417	0.109851	0.105300	0.105616	0.001721	0.001725	0.001639	0.001641	983.610277	967.528827	1503.103849	1483.947705	-0.035669	-0.035121	-0.057288	-0.056464	
0.002666	2.392179	-0.222033	130.578295	130.595116	130.081376	130.082400	0.000024	29.173554	0.003831	7.684134	7.555808	7.762154	7.762154	26.566467	0.026789	0.000281	0.105917	0.106045	0.101708	0.101703	0.001485	0.001484	0.001429	0.001431	979.829025	966.000007	1475.998490	1459.525432	-0.033308	-0.033472	-0.050549	-0.049961	
0.013749	2.158424	-0.405165	130.638079	130.621751	130.136153	130.137376	0.000017	29.108646	0.000350	7.704921	7.596630	7.719100	7.719100	26.719623	0.053297	0.000758	0.100093	0.099918	0.095867	0.095839	0.002661	0.002671	0.002513	0.002521	994.584023	969.348903	1482.199759	1452.139810	-0.063094	-0.061354	-0.098407	-0.096119	
-0.011043	2.072537	-0.318671	130.760136	130.739115	130.248070	130.248660	0.000021	29.112401	-0.000340	7.696937	7.637236	7.696937	7.696937	26.778037	0.051066	-0.012136	0.098396	0.098827	0.094095	0.094705	0.002090	0.002094	0.001997	0.002001	998.027926	978.179972	1484.728646	1461.085863	-0.050215	-0.049461	-0.077524	-0.076108	
0.002769	2.186084	0.848297	131.146364	131.131758	130.631447	130.631488	0.000026	29.154438	0.000536	7.675886	7.673046	7.675886	7.675886	26.964634	-0.064032	0.017785	0.094760	0.093758	0.090462	0.089585	-0.005326	-0.005255	-0.004792	-0.004730	960.065202	1012.900175	1447.605714	1510.542471	0.128418	0.135596	0.188563	0.196049	
-0.014365	2.682934	1.294744	131.348599	131.344629	130.834519	130.834456	0.000026	29.291542	0.005221	7.590222	7.673343	7.673343	7.673343	26.914041	-0.142709	0.016846	0.098487	0.097615	0.094188	0.093352	-0.007949	-0.007746	-0.006784	-0.006602	937.368084	1018.009329	1454.428418	1550.487866	0.173600	0.186219	0.256441	0.271332	
0.011431	2.603592	0.343468	131.189218	131.201976	130.689666	130.690017	0.000025	29.207510	0.001039	7.413671	7.716358	7.716358	7.716358	26.626035	-0.085866	0.008893	0.108824	0.108480	0.104602	0.104155	-0.002272	-0.002275	-0.002157	-0.002153	967.879909	989.272287	1484.887847	1510.370341	0.047901	0.047433	0.074079	0.075524	
-0.001993	2.007320	0.737632	131.347977	131.401095	130.885500	130.887084	0.000017	29.056934	-0.005864	7.515046	7.683237	7.699388	7.699388	27.040330	-0.103448	0.013211	0.093260	0.093050	0.089410	0.088774	-0.004685	-0.004641	-0.004232	-0.004181	964.574173	1010.516516	1438.846703	1493.572993	0.115051	0.120161	0.174731	0.182050	
0.012551	2.173568	-0.488276	131.141978	131.183475	130.668593	130.671777	0.000017	29.046607	-0.007243	7.628329	7.641522	7.641522	7.641522	26.858222	0.015089	-0.003701	0.098526	0.099059	0.094561	0.094772	0.003153	0.003175	0.002928	0.002943	1008.617380	978.205809	1510.804643	1474.578530	-0.073154	-0.070093	-0.118669	-0.115169	
-0.003843	2.059736	-0.462922	131.259403	131.273497	130.759032	130.762780	0.000002	29.219577	-0.001306	7.660710	7.620739	7.660710	7.660710	26.922365	0.053047	-0.013329	0.096651	0.097432	0.092471	0.093162	0.002988	0.003005	0.002809	0.002821	1006.330509	977.498071	1497.067884	1462.722827	-0.073457	-0.070678	-0.112385	-0.109522	
0.018539	1.778220	0.401476	131.576580	131.575419	131.067888	131.071148	0.000002	29.364597	0.003560	7.645023	7.645023	7.645023	7.645023	27.105987	-0.021331	0.017939	0.092625	0.091734	0.088401	0.087550	-0.002584	-0.002578	-0.002456	-0.002449	988.656131	1013.661488	1460.779616	1490.565872	0.066205	0.067438	0.099551	0.101694	
0.007553	2.211585	-1.150670	131.279780	131.281032	130.769743	130.772249	0.000008	29.338680	0.001650	7.627030	7.627030	7.627030	7.627030	27.076051	0.095117	-0.020883	0.090412	0.091449	0.086176	0.087219	0.006896	0.007088	0.005666	0.005865	1029.868387	958.200562	1539.910519	1454.540164	-0.171514	-0.157850	-0.279013	-0.259751	
0.000499	2.252998	-0.384631	131.559444	131.560784	131.050460	131.052432	0.000008	29.314917	-0.000130	7.672478	7.560069	7.672478	7.672478	26.893089	0.075102	-0.005000	0.100562	0.100823	0.096304	0.096569	0.002492	0.002495	0.002375	0.002381	1004.136864	980.180666	1511.022298	1482.485795	-0.058507	-0.058087	-0.087014	-0.085409	
-0.004540	1.441292	-0.957383	131.514296	131.496910	131.003425	131.004774	0.000012	29.231175	-0.004277	7.635809	7.604697	7.635809	7.635809	27.434190	0.111713	-0.024297	0.078025	0.079048	0.073837	0.075009	0.005639	0.005770	0.004693	0.004841	1039.376296	979.747076	1500.497177	1429.467148	-0.170049	-0.157331	-0.274330	-0.256699	
0.008812	2.480442	-1.356897	131.501085	131.492190	130.991079	130.991721	0.000018	29.410241	0.002132	7.630976	7.630976	7.630976	7.630976	27.088141	0.160061	-0.023978	0.091687	0.092793	0.087453	0.088634	0.007909	0.008162	0.006546	0.006776	1037.356749	952.844377	1572.551386	1471.880670	-0.194994	-0.179581	-0.296318	-0.277303	
-0.002035	1.323652	0.212825	131.982505	131.980400	131.473426	131.473817	0.000018	29.306775	-0.002750	7.682885	7.478167	7.682885	7.682885	27.369300	0.034294	0.007537	0.085196	0.084814	0.081010	0.080650	-0.001366	-0.001360	-0.001328	-0.001327	1011.045561	1024.301058	1464.321220	1480.111103	0.038621	0.040730	0.057219	0.057873	
0.012527	1.697381	-0.096953	132.003780	131.969690	131.492491	131.492459	0.000020	29.292998	-0.004037	7.603593	7.603593	7.603593	7.603593	27.189440	0.022484	0.004742	0.092483	0.091969	0.088252	0.088020	0.000625	0.000626	0.000608	0.000608	1017.689974	1011.651373	1501.052885	1493.859733	-0.015784	-0.015433	-0.025144	-0.024987	
0.010227	3.022338	0.180585	132.152098	132.143711	131.643865	131.643251	0.000027	29.399952	-0.000458	7.602896	7.602896	7.602896	7.602896	26.619837	-0.010465	0.013327	0.117336	0.116583	0.113039	0.112354	-0.001202	-0.001198	-0.001151	-0.001151	968.539278	979.786758	1516.989204	1530.387146	0.023460	0.023962	0.035067	0.035328	
-0.036378	1.175558	-0.229391	132.136309	132.133842	131.630040	131.629593	0.000026	29.360558	-0.002751	7.441098	7.533365	7.700969	7.700969	27.421090	0.016397	-0.029502	0.083515	0.084918	0.079364	0.080778	0.001487	0.001491	0.001437	0.001439	1017.086783	1002.799493	1451.830930	1434.811981	-0.044137	-0.042763	-0.069656	-0.068431	
-0.004069	2.085487	-0.840744	132.045561	132.059871	131.577336	131.577455	0.000026	29.421766	-0.001060	7.594662	7.594662	7.594662	7.594662	27.206233	0.088308	-0.022266	0.091493	0.092702	0.087623	0.088711	0.005167	0.005230	0.004527	0.004600	1031.651968	979.287450	1541.971916	1479.595563	-0.126785	-0.120622	-0.202994	-0.193622	
0.010645	2.312534	-0.438566	132.252899	132.256516	131.754684	131.755447	0.000020	29.594206	0.005039	7.598544	7.598544	7.598544	7.598544	27.012329	0.078865	-0.003504	0.101517	0.101722	0.097368	0.097548	0.002822	0.002836	0.002676	0.002684	1007.498281	980.182823	1521.619113	1489.081076	-0.066111	-0.064022	-0.097988	-0.095954	
-0.013121	2.617942	-0.335313	132.371339	132.372762	131.867749	131.868745	0.000018	29.405360	-0.003325	7.596719	7.560381	7.596719	7.596719	26.847817	0.061786	-0.014023	0.108994	0.109713	0.104775	0.105487	0.002205	0.002211	0.002103	0.002106	991.095401	970.210934	1515.680476	1490.803002	-0.047522	-0.046726	-0.071729	-0.070595	
0.010848	0.354003	0.432952	132.651808	132.646826	132.147294	132.148278	0.000018	29.360451	-0.005927	7.617810	7.470840	7.617810	7.617810	27.985678	-0.020124	0.017908	0.066914	0.066041	0.062856	0.062035	-0.002674	-0.002651	-0.002452	-0.002430	1024.427202	1051.392965	1417.031170	1449.152653	0.097307	0.103637	0.157870	0.163752	
-0.004408	2.282811	0.121839	132.665078	132.640406	132.159552	132.160103	0.000018	29.449308	-0.003153	7.565057	7.565057	7.565057	7.565057	27.104905	-0.021765	-0.000661	0.101247	0.101075	0.097051	0.097088	-0.000779	-0.000780	-0.000753	-0.000753	1010.918832	1018.507408	1542.526312	1551.565786	0.017244	0.017229	0.026749	0.026908	
-0.006126	2.166256	-0.160266	132.673822	132.668225	132.170586	132.170657	0.000023	29.560796	0.000565	7.564615	7.564615	7.564615	7.564615	27.088532	0.009654	-0.006298	0.101846	0.102112	0.097666	0.097978	0.001049	0.001050	0.001014	0.001014	1000.227292	990.245330	1501.883426	1489.992963	-0.024089	-0.024040	-0.037704	-0.037360	
0.015359	0.914336	-0.963122	132.557835	132.556559	132.055927	132.056088	0.000023	29.760175	0.007792	7.563784	7.563784	7.563784	7.563784	27.907264	0.088649	-0.010671	0.068487	0.068976	0.064442	0.064940	0.005453	0.005591	0.004362	0.004545	1058.764155	998.777504	1496.840242	1425.384442	-0.188842	-0.174759	-0.315833	-0.292334	
0.004163	2.787735	0.029575	132.891621	132.891511	132.390100	132.390496	0.000023	29.653606	0.002766	7.570314	7.570314	7.570314	7.570314	26.930440	0.028587	0.003551	0.110380	0.110200	0.106189	0.106015	-0.000191	-0.000191	-0.000185	-0.000185	998.058681	999.900729	1555.317599	1557.511838	0.003984	0.003993	0.005753	0.005760	
-0.016770	2.945417	0.083598	132.992068	132.992391	132.490220	132.490828	0.000021	29.600052	-0.000154	7.514353	7.529202	7.580800	7.580800	26.773480	-0.001297	-0.008881	0.117418	0.117873	0.113201	0.113657	-0.000560	-0.000560	-0.000539	-0.000539	967.106198	972.312975	1504.650519	1510.852807	0.011175	0.011212	0.016702	0.016766	
0.006247	1.275583	-0.263525	132.981956	132.984930	132.490445	132.491248	0.000019	29.671896	0.001936	7.433977	7.471003	7.638900	7.638900	27.549468	0.029424	-0.003043	0.086007	0.086178	0.081993	0.082146	0.001701	0.001705	0.001636	0.001639	1019.264555	1002.851302	1463.915780	1444.364395	-0.048919	-0.047682	-0.077463	-0.075988	
-0.001370	1.794827	-0.297583	133.043591	133.050919	132.573981	132.575031	0.000019	29.725848	0.003302	7.545759	7.545759	7.545759	7.545759	27.385178	0.041777	-0.006272	0.092950	0.093315	0.089092	0.089405	0.001896	0.001900	0.001816	0.001818	1025.911532	1007.376992	1520.914914	1498.836662	-0.047328	-0.046486	-0.074529	-0.073291	
0.008301	2.291889	-0.830631	133.009538	133.011980	132.515214	132.516463	0.000017	29.710755	0.001902	7.541570	7.541570	7.541570	7.541570	27.278651	0.096779	-0.012997	0.096772	0.097429	0.092696	0.093341	0.005137	0.005208	0.004579	0.004643	1024.822444	973.087773	1545.250452	1483.624369	-0.123283	-0.116453	-0.189300	-0.181163	
0.013477	1.178326	-1.385333	132.957717	132.959072	132.459529	132.460798	0.000016	29.593215	-0.003590	7.556198	7.508586	7.556198	7.556198	28.018071	0.144703	-0.018307	0.067296	0.068158	0.063297	0.064155	0.007256	0.007585	0.005566	0.005914	1069.580440	983.296985	1529.884172	1427.103751	-0.256199	-0.232431	-0.406893	-0.370774	
-0.000064	1.101261	-0.218583	133.336644	133.329919	132.837007	132.838129	0.000016	29.870634	0.006728	7.547344	7.547344	7.547344	7.547344	27.780865	0.074011	-0.004323	0.079804	0.079955	0.075758	0.075971	0.001357	0.001359	0.001319	0.001320	1054.416526	1040.802416	1524.927130	1508.710071	-0.040400	-0.039657	-0.060767	-0.060032	
0.011455	1.395511	0.981302	133.720147	133.719164	133.220321	133.221236	0.000016	29.606849	-0.004585	7.526012	7.526012	7.526012	7.526012	27.949808	-0.062232	0.025875	0.077075	0.075851	0.073049	0.071845	-0.005672	-0.005564	-0.004935	-0.004831	1002.888491	1064.007465	1475.301271	1548.105888	0.164667	0.175394	0.243602	0.255727	
-0.010735	1.963905	-0.236489	133.495781	133.496041	132.997335	132.998222	0.000018	29.729792	-0.000421	7.504315	7.504315	7.504315	7.504315	27.400724	0.000549	-0.010217	0.095946	0.096447	0.091854	0.092358	0.001502	0.001505	0.001441	0.001442	1029.791233	1015.061847	1545.191761	1527.646190	-0.035064	-0.034503	-0.057174	-0.056359	
-0.006723	1.454500	0.096048	133.657437	133.657996	133.161091	133.162005	0.000017	29.617595	-0.005657	7.516895	7.516895	7.516895	7.516895	27.614297	-0.010058	-0.003638	0.088947	0.089127	0.084903	0.085085	-0.000616	-0.000615	-0.000601	-0.000601	1019.068240	1025.050440	1489.006556	1496.132523	0.016465	0.016577	0.025650	0.025799	
-0.002457	2.480818	-0.081163	133.696885	133.697532	133.200647	133.201591	0.000017	29.811003	0.001331	7.507723	7.507723	7.507723	7.507723	27.171789	0.005412	-0.003763	0.107003	0.107196	0.102894	0.103089	0.000527	0.000527	0.000509	0.000509	1002.237705	997.182577	1535.021883	1529.000239	-0.011368	-0.011311	-0.017403	-0.017335	
-0.001246	2.602822	0.055973	133.812334	133.813016	133.316461	133.317427	0.000017	29.774069	-0.000893	7.505499	7.505499	7.505499	7.505499	27.099380	-0.003990	0.000027	0.111014	0.111018	0.106897	0.106904	-0.000369	-0.000369	-0.000357	-0.000357	983.348190	986.834383	1509.287052	1513.439788	0.007833	0.007860	0.011832	0.011864	
-0.013986	2.469938	0.969267	134.122121	134.122819	133.626619	133.627599	0.000017	29.784801	-0.001207	7.472358	7.498480	7.512633	7.512633	27.433439	-0.097821	0.008808	0.100241	0.099816	0.096176	0.095755	-0.006033	-0.005946	-0.005383	-0.005304	956.676659	1017.046068	1467.920954	1539.832693	0.137563	0.144888	0.200087	0.208475	
0.005612	1.140741	0.198178	134.005638	134.010608	133.516514	133.517561	0.000016	29.937461	0.004156	7.401201	7.508515	7.508515	7.508515	27.828584	-0.055129	0.005258	0.083589	0.083379	0.079634	0.079393	-0.001260	-0.001260	-0.001219	-0.001218	1025.237376	1037.580620	1478.491750	1493.194961	0.035532	0.035532	0.058340	0.059220	
-0.005482	1.678004	-0.753037	133.836241	133.855509	133.359689	133.361068	0.000016	29.751694	-0.004028	7.487913	7.487913	7.487913	7.487913	27.731469	0.053028	-0.018738	0.085436	0.086488	0.081572	0.082475	0.004550	0.004597	0.004013	0.004074	1050.475334	1003.573494	1549.918393	1494.049155	-0.120195	-0.114659	-0.195257	-0.186319	
0.001616	1.371219	-0.508289	133.989199	133.994550	133.499089	133.500822	0.000012	30.054002	0.007292	7.496850	7.496850	7.496850	7.496850	27.827140	0.071435	-0.010998	0.083126	0.083692	0.079164	0.079699	0.003121	0.003141	0.002904	0.002921	1048.655206	1016.997185	1527.188055	1489.477179	-0.089242	-0.085573	-0.137511	-0.133460	
0.010713	1.734292	0.837308	134.410276	134.412490	133.916919	133.918582	0.000012	29.977694	0.003477	7.488846	7.488846	7.488846	7.488846	27.861897	-0.054387	0.021284	0.085942	0.084949	0.081956	0.080962	-0.005007	-0.004951	-0.004516	-0.004460	999.386258	1051.536762	1492.372075	1554.493495	0.133324	0.139684	0.193581	0.200937	
0.015676	1.558508	0.119084	134.310987	134.312343	133.817238	133.818720	0.000012	29.915536	0.000246	7.465478	7.465478	7.465478	7.465478	27.716348	-0.031343	0.014333	0.090674	0.089997	0.086665	0.085991	-0.000755	-0.000755	-0.000733	-0.000733	1027.421847	1034.838802	1516.159006	1524.994046	0.019121	0.019277	0.030967	0.031199	
-0.001413	1.372685	-0.006198	134.355846	134.356872	133.863611	133.864926	0.000013	29.859017	-0.002742	7.471032	7.471032	7.471032	7.471032	27.795903	-0.011229	0.000047	0.087574	0.087580	0.083589	0.083598	0.000039	0.000039	0.000038	0.000038	1032.587404	1032.201399	1507.771980	1507.312172	-0.001058	-0.001057	-0.001683	-0.001682	
0.010896	2.178210	0.845216	134.648525	134.649373	134.156723	134.157908	0.000014	30.028357	0.003317	7.468498	7.468498	7.468498	7.468498	27.683573	-0.085491	0.022802	0.094915	0.093822	0.090915	0.089829	-0.005167	-0.005108	-0.004670	-0.004617	986.289189	1038.932243	1502.394702	1565.102846	0.122831	0.128911	0.180561	0.187259	
-0.002727	0.786741	-0.166644	134.474769	134.475504	133.983120	133.984208	0.000015	29.990117	0.001079	7.452226	7.452226	7.452226	7.452226	28.084832	-0.013207	-0.004087	0.077241	0.077438	0.073303	0.073502	0.001047	0.001048	0.001016	0.001016	1052.629049	1042.249852	1496.046696	1483.683048	-0.031834	-0.031391	-0.054692	-0.053923	
0.021282	1.823054	0.155008	134.631549	134.632212	134.140985	134.142004	0.000015	29.956098	-0.000982	7.461872	7.461872	7.461872	7.461872	27.688013	-0.018424	0.016395	0.094446	0.093661	0.090458	0.089679	-0.000978	-0.000977	-0.000949	-0.000949	1024.946916	1034.601382	1534.322051	1545.822403	0.024003	0.024236	0.036556	0.036842	
0.019721	2.160560	0.705669	134.849108	134.849724	134.358483	134.359453	0.000015	30.141100	0.005720	7.453138	7.453138	7.453138	7.453138	27.670967	-0.076598	0.028148	0.097175	0.095819	0.093183	0.091835	-0.004388	-0.004351	-0.004025	-0.003992	988.320902	1032.272449	1501.177705	1553.532569	0.103147	0.107570	0.153855	0.158912	
-0.013861	0.621589	-0.691266	134.577338	134.577927	134.087062	134.088000	0.000015	30.116593	0.004044	7.441095	7.441095	7.441095	7.441095	28.349960	0.034362	-0.022494	0.067559	0.068597	0.063670	0.064707	0.004038	0.004091	0.003393	0.003480	1073.118968	1030.064441	1510.338616	1459.052278	-0.138379	-0.130236	-0.243096	-0.228301	
0.012285	1.660294	-0.549007	134.688849	134.689425	134.199553	134.200470	0.000015	29.980969	-0.002072	7.456140	7.456140	7.456140	7.456140	27.875254	0.070159	-0.004173	0.087065	0.087269	0.083116	0.083322	0.003331	0.003350	0.003099	0.003116	1058.265793	1024.071709	1570.810627	1530.078804	-0.087972	-0.084956	-0.134644	-0.130840	
0.001200	2.469725	-0.363331	134.815360	134.815930	134.325565	134.326469	0.000016	30.182686	0.005304	7.449929	7.449929	7.449929	7.449929	27.441585	0.062900	-0.005714	0.105242	0.105528	0.101227	0.101514	0.002315	0.002322	0.002208	0.002212	1018.083603	995.454071	1559.501937	1532.545751	-0.051348	-0.050258	-0.076748	-0.075512	
0.023626	1.147500	-0.822781	134.777905	134.778475	134.288092	134.288990	0.000016	30.023654	-0.001749	7.442940	7.442940	7.442940	7.442940	28.173580	0.101413	-0.001259	0.076335	0.076398	0.072423	0.072489	0.004821	0.004898	0.004112	0.004210	1057.054491	1005.808788	1516.984657	1455.941031	-0.151595	-0.142446	-0.244591	-0.231022	
-0.000550	1.773969	-0.353721	134.971522	134.972096	134.482232	134.483127	0.000016	29.913178	-0.006858	7.445012	7.445012	7.445012	7.445012	27.813677	0.071863	-0.005526	0.091726	0.091995	0.087768	0.088039	0.002198	0.002204	0.002104	0.002108	1044.454744	1022.423747	1556.806417	1530.563203	-0.056109	-0.054902	-0.084490	-0.083024	
-0.029713	2.421475	-0.059335	135.122570	135.123151	134.633393	134.634287	0.000016	30.058073	-0.001751	7.434299	7.434299	7.434299	7.434299	27.480013	0.028393	-0.020354	0.105853	0.106857	0.101849	0.102853	0.000382	0.000382	0.000370	0.000370	1008.325321	1004.629727	1543.528216	1539.126043	-0.008427	-0.008398	-0.012593	-0.012560	
0.004640	1.389595	-0.615277	135.058882	135.059470	134.570354	134.571250	0.000016	30.149592	0.001222	7.425970	7.425970	7.425970	7.425970	28.027783	0.073610	-0.011729	0.083942	0.084500	0.080021	0.080580	0.003768	0.003799	0.003399	0.003436	1045.010690	1006.689029	1517.934476	1472.285904	-0.106857	-0.102121	-0.172040	-0.165166	
-0.014397	2.154620	-0.025078	135.281274	135.281869	134.793603	134.794500	0.000015	30.127823	-0.000333	7.429460	7.429460	7.429460	7.429460	27.650063	0.027385	-0.010167	0.100593	0.101091	0.096625	0.097125	0.000160	0.000160	0.000155	0.000155	1020.072919	1018.510962	1546.835601	1544.975006	-0.003717	-0.003712	-0.005518	-0.005512	
-0.028781	1.692473	-0.335843	135.280134	135.280736	134.792592	134.793491	0.000015	30.067812	-0.003416	7.417201	7.417201	7.417201	7.417201	27.855330	0.043023	-0.026587	0.092082	0.093360	0.088147	0.089422	0.002123	0.002128	0.002025	0.002029	1032.469100	1011.551608	1525.045574	1500.128761	-0.054422	-0.053182	-0.085599	-0.083927	
0.029095	1.647208	-0.237193	135.378834	135.379441	134.892013	134.892914	0.000015	30.004167	-0.006642	7.417260	7.417260	7.417260	7.417260	27.894654	0.045399	0.012479	0.092272	0.091681	0.088344	0.087758	0.001496	0.001498	0.001445	0.001447	1035.940395	1021.167172	1531.418055	1513.820266	-0.038654	-0.038054	-0.059713	-0.058934	
-0.021607	1.889825	0.407016	135.615151	135.615763	135.128704	135.129607	0.000015	30.238681	0.002060	7.411822	7.411822	7.411822	7.411822	27.870387	-0.030579	-0.004755	0.094719	0.094952	0.090792	0.091026	-0.002554	-0.002546	-0.002431	-0.002424	1010.322380	1035.672767	1516.266156	1546.463411	0.062801	0.064363	0.093846	0.095688	
-0.031809	0.923404	0.893967	135.811312	135.811928	135.325283	135.326187	0.000015	30.172394	-0.001268	7.398873	7.398873	7.398873	7.398873	28.539698	-0.094519	-0.005398	0.070580	0.070832	0.066748	0.067002	-0.005111	-0.005019	-0.004376	-0.004268	1020.732670	1076.412125	1470.657258	1536.982346	0.162520	0.172954	0.252139	0.266386	
-0.001558	3.312445	0.481199	135.780726	135.781346	135.295688	135.296592	0.000015	30.189388	-0.001260	7.388156	7.388156	7.388156	7.388156	27.301646	-0.081718	0.007013	0.119180	0.118834	0.115182	0.114840	-0.003075	-0.003059	-0.002882	-0.002875	986.421024	1016.391835	1588.069915	1623.770995	0.056256	0.057762	0.084590	0.086152	
-0.013483	1.177805	0.119257	135.762397	135.763020	135.278487	135.279392	0.000015	30.075205	-0.006496	7.215490	7.441629	7.451253	7.451253	28.122083	-0.043836	-0.012471	0.085918	0.086511	0.082047	0.082640	-0.000762	-0.000764	-0.000745	-0.000745	1023.323251	1030.751001	1475.293462	1484.141361	0.022088	0.021448	0.034445	0.034736	
0.004795	1.124503	0.597861	135.928016	135.965377	135.479405	135.480819	0.000013	30.354369	0.003982	7.390765	7.390765	7.390765	7.390765	28.364036	-0.072433	0.015767	0.078626	0.078191	0.075066	0.074348	-0.003593	-0.003556	-0.003278	-0.003248	1031.076109	1068.312997	1501.021901	1545.378297	0.103051	0.109375	0.162061	0.167833	
0.014097	1.468674	-0.015972	135.869916	135.879503	135.392941	135.395117	0.000013	30.247604	-0.001024	7.380277	7.380277	7.380277	7.380277	28.080377	-0.023084	0.007695	0.088869	0.088581	0.085046	0.084701	0.000100	0.000100	0.000097	0.000097	1047.236702	1046.241934	1546.633884	1545.448921	-0.002600	-0.002562	-0.004110	-0.004107	
0.001808	1.933971	-0.989036	135.702925	135.706389	135.221323	135.223425	0.000006	30.416099	0.004996	7.384578	7.384578	7.384578	7.384578	28.049506	0.083895	-0.020325	0.088064	0.089054	0.084203	0.085179	0.005806	0.005920	0.004978	0.005091	1057.450149	995.849444	1579.522308	1506.143856	-0.150826	-0.140711	-0.237614	-0.224841	
0.022935	1.273662	-0.096864	136.000662	136.002511	135.518026	135.519822	0.000008	30.206687	-0.004072	7.393892	7.393892	7.393892	7.393892	28.182873	0.043251	0.012421	0.086063	0.085494	0.082209	0.081641	0.000606	0.000606	0.000593	0.000593	1046.766730	1040.733670	1526.814743	1519.628192	-0.017115	-0.016995	-0.025744	-0.025606	
-0.004256	1.653687	-0.062369	136.084619	136.085869	135.601079	135.602585	0.000010	30.409961	0.003389	7.377730	7.377730	7.377730	7.377730	28.028358	0.020143	-0.002065	0.092382	0.092490	0.088500	0.088610	0.000392	0.000392	0.000382	0.000382	1038.883643	1034.999108	1543.245920	1538.618682	-0.009953	-0.009910	-0.015351	-0.015297	
0.019745	0.445994	0.676487	136.340329	136.341266	135.857383	135.858662	0.000010	30.247190	-0.003775	7.373207	7.373207	7.373207	7.373207	28.795774	-0.054728	0.025205	0.065884	0.064754	0.062109	0.060985	-0.003896	-0.003852	-0.003423	-0.003363	1044.570917	1086.704913	1474.504064	1524.693869	0.138372	0.145396	0.217485	0.227790	
-0.001336	2.021659	-0.589021	136.095560	136.096303	135.613305	135.614416	0.000012	30.154974	-0.008103	7.359345	7.359345	7.359345	7.359345	27.996022	0.037997	-0.011495	0.093507	0.094060	0.089632	0.090187	0.003570	0.003594	0.003287	0.003309	1061.599211	1024.912883	1607.270500	1563.569930	-0.084480	-0.081262	-0.135034	-0.130781	
0.003704	1.592070	0.050955	136.325386	136.326004	135.844230	135.845223	0.000013	30.344710	-0.001144	7.372591	7.372591	7.372591	7.372591	28.091005	0.008800	0.002704	0.091987	0.091864	0.088133	0.088013	-0.000321	-0.000321	-0.000314	-0.000314	1032.127942	1035.301608	1526.998069	1530.778523	0.008381	0.008407	0.012627	0.012659	
0.001140	0.579308	-0.160031	136.346503	136.347042	135.865026	135.865936	0.000013	30.361282	-0.001109	7.360113	7.360113	7.360113	7.360113	28.558907	0.020352	-0.001903	0.074156	0.074247	0.070363	0.070457	0.000989	0.000990	0.000963	0.000964	1068.646495	1058.679189	1512.624288	1500.751282	-0.032043	-0.031641	-0.052874	-0.052224	
0.004538	1.432048	0.884322	136.677907	136.678401	136.196879	136.197736	0.000014	30.449627	0.001800	7.358982	7.358982	7.358982	7.358982	28.491195	-0.075611	0.018348	0.079794	0.078950	0.075994	0.075155	-0.005097	-0.005030	-0.004537	-0.004469	1025.366008	1080.444737	1523.199857	1588.809365	0.143104	0.150663	0.210770	0.219541	
0.007188	0.992032	0.755034	136.716701	136.717174	136.236055	136.236878	0.000014	30.434132	0.000556	7.341097	7.341097	7.341097	7.341097	28.648925	-0.097839	0.020185	0.074193	0.073274	0.070417	0.069504	-0.004380	-0.004329	-0.003859	-0.003795	1039.524537	1086.550745	1512.251906	1568.269290	0.130290	0.137337	0.206720	0.216633	
-0.032833	1.638606	0.553630	136.734464	136.734931	136.255031	136.255836	0.000014	30.549061	0.004533	7.339000	7.339000	7.339000	7.339000	28.281884	-0.094415	-0.010229	0.087568	0.088052	0.083755	0.084239	-0.003349	-0.003330	-0.003111	-0.003093	1032.469895	1066.951936	1546.166236	1587.241071	0.084413	0.087447	0.131210	0.135089	
-0.000934	1.784409	0.186266	136.712344	136.712815	136.233640	136.234436	0.000014	30.455767	0.000182	7.338013	7.338013	7.338013	7.338013	28.099307	-0.051460	0.000648	0.094714	0.094687	0.090881	0.090857	-0.001168	-0.001166	-0.001130	-0.001129	1030.207419	1041.808735	1543.098769	1556.918198	0.028389	0.028736	0.044391	0.044841	
0.014917	2.082191	0.389441	136.833246	136.833726	136.354810	136.355604	0.000014	30.450710	-0.000640	7.339183	7.339183	7.339183	7.339183	28.011907	-0.057311	0.016733	0.099486	0.098689	0.095642	0.094850	-0.002446	-0.002438	-0.002328	-0.002323	1010.999734	1035.255532	1533.458678	1562.352064	0.057109	0.058466	0.086189	0.087786	
-0.004926	1.027570	0.052063	136.819327	136.819820	136.340886	136.341682	0.000014	30.294404	-0.007513	7.332680	7.332680	7.332680	7.332680	28.427745	-0.027045	-0.001217	0.082870	0.082930	0.079083	0.079146	-0.000326	-0.000326	-0.000319	-0.000319	1047.817072	1051.059758	1512.530236	1516.392907	0.009374	0.009411	0.015169	0.015223	
-0.004414	1.232890	-0.963639	136.634410	136.634917	136.156334	136.157133	0.000014	30.435088	-0.002506	7.333427	7.333427	7.333427	7.333427	28.583453	0.077160	-0.023631	0.075001	0.076090	0.071240	0.072327	0.005427	0.005536	0.004537	0.004667	1084.828434	1024.809600	1578.965439	1507.471303	-0.164833	-0.153745	-0.267216	-0.251109	
0.023327	1.864408	0.626159	137.101569	137.102090	136.623635	136.624439	0.000014	30.512246	-0.000039	7.343359	7.343359	7.343359	7.343359	28.279918	-0.032757	0.024235	0.091375	0.090238	0.087570	0.086440	-0.003767	-0.003745	-0.003529	-0.003511	1022.338218	1061.337605	1545.892516	1592.348391	0.095996	0.099177	0.136221	0.139545	
0.012178	2.725302	0.212429	137.069554	137.070087	136.591015	136.591825	0.000014	30.549283	0.000821	7.318289	7.318289	7.318289	7.318289	27.739074	-0.034557	0.014578	0.112169	0.111461	0.108286	0.107582	-0.001357	-0.001355	-0.001301	-0.001300	1003.822688	1017.053510	1567.525013	1583.285503	0.027627	0.027973	0.041967	0.042357	
0.007839	1.312418	-0.122959	137.051304	137.051848	136.573972	136.574788	0.000014	30.386622	-0.006304	7.320018	7.320018	7.320018	7.320018	28.327015	0.001510	0.003823	0.088681	0.088506	0.084889	0.084717	0.000778	0.000779	0.000758	0.000758	1038.445914	1030.787610	1511.714604	1502.592071	-0.021274	-0.021087	-0.034013	-0.033744	
0.017873	1.992323	0.763122	137.341210	137.341764	136.864488	136.865308	0.000014	30.662623	0.004120	7.320962	7.320962	7.320962	7.320962	28.280174	-0.074029	0.026016	0.093314	0.092093	0.089519	0.088304	-0.004598	-0.004556	-0.004208	-0.004171	1007.792832	1055.322774	1529.853546	1586.470976	0.112997	0.117917	0.165126	0.170524	
0.013218	1.571655	1.036040	137.478242	137.478804	137.001574	137.002399	0.000014	30.656367	0.003255	7.305465	7.305465	7.305465	7.305465	28.603810	-0.121291	0.030226	0.082113	0.080723	0.078361	0.076978	-0.005964	-0.005848	-0.005143	-0.005026	1009.466536	1073.994785	1505.707292	1582.573021	0.161119	0.171822	0.244253	0.257265	
-0.007376	1.061927	-0.902250	137.059497	137.060066	136.583759	136.584587	0.000014	30.472380	-0.004717	7.298169	7.298169	7.298169	7.298169	28.726000	0.036385	-0.023523	0.073000	0.074077	0.069275	0.070351	0.005094	0.005190	0.004207	0.004336	1092.243910	1036.048546	1581.988256	1515.048619	-0.155297	-0.144697	-0.265836	-0.248566	
0.022772	2.271555	0.530149	137.483738	137.484312	137.008929	137.009759	0.000014	30.403452	-0.008083	7.320480	7.320480	7.320480	7.320480	28.142929	-0.038055	0.021865	0.099690	0.098653	0.095893	0.094861	-0.003240	-0.003227	-0.003073	-0.003064	1018.096550	1051.116115	1568.562764	1607.895505	0.075377	0.077404	0.106553	0.108580	
-0.010830	1.783541	0.067503	137.439332	137.439910	136.963496	136.964327	0.000014	30.659005	0.001529	7.297827	7.297827	7.297827	7.297827	28.210743	-0.023155	-0.003972	0.096079	0.096272	0.092284	0.092478	-0.000426	-0.000426	-0.000414	-0.000414	1030.268073	1034.472390	1539.725875	1544.734037	0.010388	0.010435	0.016277	0.016338	
-0.002276	0.941459	0.101212	137.512480	137.513060	137.037377	137.038209	0.000014	30.627256	-0.000349	7.300216	7.300216	7.300216	7.300216	28.615228	-0.018825	-0.000317	0.081246	0.081265	0.077510	0.077531	-0.000628	-0.000628	-0.000615	-0.000614	1053.835744	1060.139576	1519.415800	1526.924893	0.018516	0.018650	0.029446	0.029640	
-0.033639	1.450151	-0.997166	137.304971	137.305553	136.830271	136.831103	0.000014	30.638672	-0.000497	7.296307	7.296307	7.296307	7.296307	28.623196	0.080564	-0.043618	0.078319	0.080330	0.074591	0.076597	0.005632	0.005745	0.004741	0.004869	1084.970268	1022.863235	1596.668211	1522.686624	-0.161960	-0.151116	-0.259829	-0.244712	
-0.020967	1.998198	0.838606	137.830347	137.830930	137.355937	137.356768	0.000014	30.524150	-0.005681	7.307342	7.307342	7.307342	7.307342	28.426354	-0.053700	-0.004033	0.090859	0.091052	0.087104	0.087299	-0.004946	-0.004899	-0.004542	-0.004502	1013.155169	1065.386537	1543.886812	1606.104557	0.125336	0.130619	0.174852	0.180095	
-0.004130	0.599379	0.168631	137.731613	137.732196	137.256645	137.257476	0.000014	30.893997	0.008510	7.279433	7.279433	7.279433	7.279433	28.828350	-0.036625	-0.000549	0.074958	0.074987	0.071251	0.071282	-0.001033	-0.001032	-0.001004	-0.001003	1066.710752	1077.213680	1519.707791	1532.218827	0.032256	0.032687	0.054032	0.054743	
0.000811	2.939503	0.644614	137.913026	137.913609	137.439425	137.440254	0.000014	30.616446	-0.003191	7.284675	7.284675	7.284675	7.284675	27.933974	-0.078415	0.011998	0.111140	0.110563	0.107325	0.106751	-0.003992	-0.003966	-0.003725	-0.003709	999.167235	1039.316056	1588.250393	1636.075468	0.080166	0.082848	0.116329	0.118981	
-0.002410	1.831688	0.382152	137.913578	137.914161	137.440454	137.441282	0.000014	30.715320	0.000169	7.239948	7.286764	7.286764	7.286764	28.307952	-0.069075	0.005122	0.096299	0.096062	0.092538	0.092304	-0.002400	-0.002394	-0.002282	-0.002276	1013.699236	1037.501026	1517.785220	1546.137793	0.058723	0.059789	0.090539	0.092419	
0.007459	1.171977	0.602852	138.027499	138.035656	137.561922	137.562855	0.000013	30.632061	-0.003759	7.274998	7.274998	7.274998	7.274998	28.740595	-0.083799	0.016641	0.080951	0.080251	0.077304	0.076551	-0.003604	-0.003577	-0.003298	-0.003269	1034.527999	1072.075757	1512.491246	1557.217948	0.102751	0.107383	0.159777	0.165412	
0.011854	1.585584	0.834799	138.155076	138.157489	137.684160	137.685249	0.000012	30.504131	-0.009481	7.268683	7.268683	7.268683	7.268683	28.676141	-0.109134	0.023583	0.084543	0.083474	0.080846	0.079770	-0.004873	-0.004818	-0.004358	-0.004298	1027.604826	1079.599045	1539.494250	1601.429505	0.128412	0.134708	0.194031	0.202085	
-0.000781	2.000292	0.267648	138.078435	138.079594	137.606927	137.607998	0.000012	30.684872	-0.002851	7.262174	7.262174	7.262174	7.262174	28.293136	-0.067741	0.005736	0.098199	0.097937	0.094449	0.094187	-0.001661	-0.001658	-0.001595	-0.001593	1032.296896	1048.966971	1568.126897	1587.984208	0.038426	0.039053	0.059757	0.060566	
-0.012994	0.202600	-1.228203	137.768409	137.769240	137.297286	137.298292	0.000012	30.809940	0.001560	7.266244	7.266244	7.266244	7.266244	29.395633	0.066439	-0.033619	0.053772	0.055249	0.050168	0.051642	0.005995	0.006295	0.004308	0.004644	1117.445797	1040.948956	1553.300214	1462.177559	-0.264818	-0.237782	-0.460526	-0.412881	
0.014997	2.190548	-0.250507	138.078154	138.078862	137.606978	137.607923	0.000012	30.690383	-0.003808	7.282618	7.282618	7.282618	7.282618	28.285026	0.053413	0.003153	0.098450	0.098307	0.094702	0.094561	0.001519	0.001521	0.001470	0.001471	1062.763422	1047.160956	1633.787211	1615.201631	-0.035569	-0.035117	-0.050875	-0.050409	
-0.004762	0.775271	-0.344151	138.122578	138.123220	137.650303	137.651198	0.000013	30.734977	-0.002608	7.266257	7.266257	7.266257	7.266257	28.856776	0.054064	-0.008628	0.076763	0.077161	0.073081	0.073480	0.002089	0.002094	0.001983	0.001989	1074.170717	1052.735766	1535.579652	1510.046445	-0.065914	-0.064270	-0.105679	-0.103224	
0.006872	0.671151	-0.459065	138.156637	138.157237	137.684789	137.685648	0.000013	30.781613	-0.001322	7.263947	7.263947	7.263947	7.263947	28.981736	0.066577	-0.004162	0.072486	0.072679	0.068824	0.069018	0.002698	0.002710	0.002504	0.002519	1095.814976	1067.222749	1569.302768	1535.243849	-0.087373	-0.084542	-0.140106	-0.135904	
-0.013479	1.170481	-0.129859	138.302607	138.303180	137.831266	137.832098	0.000013	30.910397	0.003254	7.262143	7.262143	7.262143	7.262143	28.719844	0.035726	-0.010687	0.083259	0.083755	0.079567	0.080064	0.000788	0.000789	0.000770	0.000770	1075.395077	1067.306984	1577.774340	1568.139844	-0.022162	-0.021980	-0.033957	-0.033721	
-0.006064	0.390184	0.319387	138.478711	138.479267	138.007636	138.008450	0.000013	30.870119	0.001070	7.254452	7.254452	7.254452	7.254452	29.124052	-0.021075	0.001040	0.069851	0.069808	0.066211	0.066171	-0.001906	-0.001902	-0.001817	-0.001812	1075.512687	1095.405237	1525.014043	1548.709949	0.064513	0.066022	0.102530	0.104785	
-0.002912	1.883814	0.651777	138.624411	138.624957	138.153884	138.154685	0.000013	30.922149	0.002581	7.245205	7.245205	7.245205	7.245205	28.584575	-0.072925	0.009728	0.091392	0.090943	0.087687	0.087242	-0.003875	-0.003850	-0.003590	-0.003568	1035.566037	1076.161023	1576.289958	1624.646502	0.094468	0.098021	0.140866	0.144910	
0.013275	2.054740	-0.875199	138.304423	138.304963	137.834709	137.835501	0.000013	30.932443	0.002426	7.237563	7.237563	7.237563	7.237563	28.456799	0.060377	-0.010811	0.093281	0.093792	0.089568	0.090080	0.005190	0.005264	0.004549	0.004623	1063.961511	1009.451026	1606.810827	1541.878209	-0.126334	-0.119165	-0.202237	-0.192730	
0.020861	1.122150	-0.371154	138.491953	138.492492	138.023048	138.023835	0.000013	30.825597	-0.002412	7.254315	7.254315	7.254315	7.254315	28.787556	0.063092	0.006853	0.082593	0.082283	0.078928	0.078621	0.002250	0.002256	0.002145	0.002151	1070.152787	1047.035999	1555.619763	1528.083160	-0.066336	-0.064758	-0.101195	-0.099131	
0.018983	0.861671	-0.884141	138.429258	138.429795	137.959649	137.960431	0.000013	31.049230	0.005969	7.244454	7.244454	7.244454	7.244454	29.097173	0.103297	-0.003010	0.070366	0.070505	0.066735	0.066875	0.004890	0.004974	0.004136	0.004241	1102.025158	1046.957743	1586.295884	1520.699854	-0.162155	-0.152261	-0.259327	-0.245004	
0.018252	1.656161	0.303977	138.788247	138.788784	138.318763	138.319543	0.000013	30.978330	0.002569	7.247760	7.247760	7.247760	7.247760	28.637015	0.005416	0.018251	0.090878	0.090035	0.087188	0.086349	-0.001838	-0.001835	-0.001777	-0.001775	1051.845110	1070.777900	1581.482251	1604.034897	0.047465	0.048248	0.068537	0.069396	
-0.005109	1.280450	0.096676	138.799584	138.800123	138.330077	138.330856	0.000013	30.761943	-0.006649	7.228978	7.228978	7.228978	7.228978	28.729585	-0.010603	0.000534	0.087042	0.087021	0.083365	0.083346	-0.000595	-0.000595	-0.000581	-0.000581	1056.089678	1062.111026	1552.721483	1559.894082	0.016102	0.016206	0.025274	0.025416	
-0.025890	2.069393	-0.357753	138.745412	138.745953	138.276973	138.277752	0.000013	31.022042	0.003196	7.228387	7.228387	7.228387	7.228387	28.404217	0.031586	-0.024317	0.098479	0.099631	0.094770	0.095920	0.002205	0.002211	0.002104	0.002107	1051.324999	1029.042845	1596.220568	1569.678178	-0.051751	-0.050632	-0.079458	-0.078097	
-0.000019	1.722564	-0.254300	138.832579	138.833122	138.364741	138.365519	0.000013	30.824531	-0.005260	7.231186	7.231186	7.231186	7.231186	28.540447	0.040362	-0.006962	0.094331	0.094661	0.090643	0.090974	0.001578	0.001580	0.001524	0.001525	1048.836039	1032.997338	1564.609456	1545.742474	-0.040064	-0.039437	-0.060866	-0.060092	
0.005679	2.682782	0.154507	138.996989	138.997533	138.529128	138.529905	0.000013	31.079646	0.004389	7.226622	7.226622	7.226622	7.226622	28.135848	-0.001713	0.006499	0.111704	0.111395	0.107962	0.107656	-0.000976	-0.000975	-0.000943	-0.000942	1013.686093	1023.309327	1583.149123	1594.612272	0.020493	0.020663	0.029892	0.030069	
-0.000640	0.454847	0.575732	139.163337	139.163883	138.695681	138.696458	0.000013	30.998329	0.000583	7.218061	7.218061	7.218061	7.218061	29.284595	-0.058443	0.010915	0.069466	0.068984	0.065872	0.065393	-0.003372	-0.003346	-0.003032	-0.002994	1050.284879	1086.143543	1484.446865	1527.161528	0.116922	0.122026	0.185487	0.193111	
0.006491	0.549958	0.523568	139.210137	139.210684	138.743111	138.743887	0.000013	31.015851	0.000733	7.209413	7.209413	7.209413	7.209413	29.283403	-0.072091	0.014195	0.069942	0.069314	0.066353	0.065728	-0.003019	-0.003002	-0.002771	-0.002749	1080.105378	1112.715038	1554.144372	1592.988836	0.096771	0.100389	0.154760	0.160066	
0.020520	1.443406	0.209386	139.190836	139.191383	138.724618	138.725394	0.000013	31.065629	0.002177	7.206969	7.206969	7.206969	7.206969	28.788878	-0.045841	0.018030	0.088264	0.087437	0.084619	0.083797	-0.001264	-0.001262	-0.001224	-0.001223	1065.629935	1078.671243	1589.959894	1605.494635	0.032614	0.033048	0.050794	0.051356	
-0.001395	1.763739	0.114469	139.227015	139.227563	138.761276	138.762050	0.000013	31.125560	0.004029	7.207949	7.207949	7.207949	7.207949	28.605614	-0.029610	0.002551	0.095162	0.095047	0.091499	0.091386	-0.000707	-0.000706	-0.000687	-0.000687	1046.499688	1053.629239	1573.786495	1582.279181	0.017342	0.017464	0.026514	0.026664	
-0.008342	2.411716	-0.504991	139.132653	139.133202	138.666998	138.667772	0.000012	30.995409	-0.001721	7.206060	7.206060	7.206060	7.206060	28.335590	0.041834	-0.016049	0.104407	0.105175	0.100711	0.101478	0.003122	0.003138	0.002932	0.002943	1043.311617	1011.858990	1603.942415	1566.476202	-0.069398	-0.067332	-0.105901	-0.103481	
0.003116	1.453154	-0.442178	139.208391	139.208939	138.742838	138.743610	0.000012	30.967517	-0.003379	7.210953	7.210953	7.210953	7.210953	28.772459	0.062769	-0.007507	0.088433	0.088784	0.084793	0.085145	0.002696	0.002706	0.002545	0.002554	1060.176287	1032.635883	1560.426326	1527.620334	-0.073859	-0.071780	-0.113251	-0.110571	
0.034873	1.517009	-0.488983	139.257680	139.258227	138.791871	138.792641	0.000012	31.197609	0.005284	7.207021	7.207021	7.207021	7.207021	28.794820	0.076545	0.013960	0.088468	0.087829	0.084827	0.084192	0.002937	0.002950	0.002758	0.002770	1071.542842	1041.087228	1588.549392	1552.270817	-0.078981	-0.076594	-0.120819	-0.117800	
0.017595	1.878491	0.370098	139.532080	139.532626	139.066348	139.067117	0.000012	31.149207	0.002807	7.204473	7.204473	7.204473	7.204473	28.658474	-0.012462	0.020703	0.095961	0.094999	0.092302	0.091346	-0.002262	-0.002257	-0.002170	-0.002166	1035.588585	1058.639598	1567.757320	1595.215572	0.055757	0.056902	0.081232	0.082494	
0.015191	2.070588	-0.675443	139.330065	139.330610	138.864555	138.865322	0.000012	30.905241	-0.007489	7.190279	7.190279	7.190279	7.190279	28.581686	0.064217	-0.002271	0.096777	0.096888	0.093113	0.093225	0.004077	0.004111	0.003719	0.003750	1059.282156	1017.213172	1604.005440	1553.893077	-0.097587	-0.093463	-0.152890	-0.147657	
0.015892	1.059234	-0.481544	139.435598	139.436142	138.971028	138.971794	0.000012	31.103985	-0.000074	7.200716	7.200716	7.200716	7.200716	29.030876	0.073843	0.002278	0.080729	0.080630	0.077128	0.077031	0.002872	0.002885	0.002683	0.002697	1078.620168	1048.627892	1565.048058	1529.321408	-0.086343	-0.083624	-0.133469	-0.129811	
0.003369	2.252063	0.150245	139.654054	139.654598	139.189310	139.190074	0.000012	31.102464	-0.000668	7.195233	7.195233	7.195233	7.195233	28.496461	0.009341	0.006207	0.102815	0.102527	0.099145	0.098859	-0.000927	-0.000926	-0.000899	-0.000899	1038.673042	1048.030826	1599.531166	1610.678111	0.021085	0.021254	0.030630	0.030809	
-0.006270	2.149788	0.084747	139.696251	139.696793	139.231606	139.232368	0.000012	31.033232	-0.003970	7.183963	7.183963	7.183963	7.183963	28.490739	-0.007165	-0.001685	0.103184	0.103268	0.099515	0.099600	-0.000532	-0.000532	-0.000516	-0.000516	1029.140684	1034.419045	1568.802962	1575.090520	0.012180	0.012241	0.018378	0.018449	
-0.025059	1.772072	-0.676119	139.562895	139.563436	139.099026	139.099785	0.000012	31.080220	-0.002619	7.181787	7.181787	7.181787	7.181787	28.760579	0.063659	-0.030975	0.091113	0.092552	0.087486	0.088922	0.004055	0.004089	0.003683	0.003718	1062.925859	1020.814782	1586.463130	1536.300625	-0.104319	-0.099806	-0.163293	-0.157416	
0.002634	1.096317	-0.421899	139.684185	139.684725	139.220814	139.221571	0.000012	31.226893	0.002722	7.188641	7.188641	7.188641	7.188641	29.053046	0.068906	-0.008360	0.081588	0.081972	0.078000	0.078384	0.002523	0.002531	0.002385	0.002394	1080.542917	1054.265548	1573.977592	1542.676121	-0.074440	-0.072431	-0.114315	-0.111663	
-0.018380	1.673522	-0.825039	139.642791	139.643329	139.179151	139.179907	0.000012	31.385425	0.008538	7.182376	7.182376	7.182376	7.182376	28.918173	0.102383	-0.028225	0.085855	0.087153	0.082249	0.083545	0.004760	0.004816	0.004244	0.004301	1085.334009	1033.947659	1621.293533	1560.082368	-0.127773	-0.121420	-0.195622	-0.187729	
-0.006866	0.813965	-0.289334	139.834183	139.834720	139.370723	139.371477	0.000012	31.290125	0.004202	7.184515	7.184515	7.184515	7.184515	29.188413	0.067625	-0.011140	0.077666	0.078172	0.074095	0.074601	0.001732	0.001735	0.001669	0.001672	1088.314953	1070.294193	1570.391798	1548.925558	-0.053912	-0.052902	-0.082712	-0.081353	
0.003370	0.808166	-0.636973	139.805558	139.806094	139.342102	139.342853	0.000012	31.134815	-0.002532	7.174661	7.174661	7.174661	7.174661	29.306725	0.086689	-0.010027	0.073122	0.073574	0.069564	0.070017	0.003635	0.003664	0.003264	0.003302	1106.621472	1066.948515	1598.641317	1551.383089	-0.115723	-0.110743	-0.184037	-0.176909	
-0.001891	0.937354	0.455451	140.134932	140.135466	139.672020	139.672770	0.000012	31.184991	-0.001045	7.176132	7.176132	7.176132	7.176132	29.263207	-0.016589	0.006361	0.077617	0.077336	0.074058	0.073779	-0.002663	-0.002654	-0.002522	-0.002513	1072.328342	1100.695468	1568.461646	1602.252425	0.080257	0.082436	0.118780	0.121430	
0.018911	0.670241	-0.071066	140.060807	140.061341	139.598090	139.598837	0.000012	31.188972	-0.001403	7.159224	7.159224	7.159224	7.159224	29.274430	0.003533	0.011667	0.076753	0.076234	0.073196	0.072680	0.000426	0.000426	0.000418	0.000418	1094.775906	1090.349634	1578.224142	1572.951590	-0.012990	-0.012924	-0.021162	-0.021062	
-0.035570	1.366038	0.110795	140.160698	140.161230	139.699006	139.699751	0.000012	31.237202	0.000012	7.163014	7.163014	7.163014	7.163014	28.994579	-0.015322	-0.020252	0.087194	0.088125	0.083613	0.084542	-0.000669	-0.000669	-0.000653	-0.000653	1070.550687	1077.451375	1590.994841	1599.214905	0.017799	0.017919	0.027102	0.027252	
-0.018092	1.654494	-0.479207	140.070132	140.070663	139.608729	139.609472	0.000012	31.229720	-0.000799	7.157874	7.157874	7.157874	7.157874	28.887710	0.044448	-0.023849	0.090426	0.091529	0.086834	0.087935	0.002877	0.002890	0.002703	0.002713	1073.494702	1043.647983	1604.590471	1569.037209	-0.073868	-0.071654	-0.114933	-0.112084	
-0.012752	0.743759	-0.809774	140.043375	140.043905	139.582276	139.583017	0.000012	31.196118	-0.002653	7.162503	7.162503	7.162503	7.162503	29.435333	0.091337	-0.025870	0.069900	0.071052	0.066378	0.067527	0.004499	0.004563	0.003863	0.003946	1105.600700	1055.165070	1586.045744	1525.967074	-0.152107	-0.143642	-0.242100	-0.229861	
-0.013000	2.075539	1.193241	140.601298	140.601826	140.140064	140.140803	0.000012	31.248590	-0.001062	7.163866	7.163866	7.163866	7.163866	29.084751	-0.078667	0.007948	0.087875	0.087516	0.084306	0.083950	-0.006622	-0.006507	-0.005912	-0.005823	1022.012762	1096.332041	1579.423118	1667.951873	0.169653	0.178864	0.231542	0.240018	
0.012072	1.131123	0.404217	140.460920	140.461447	139.999480	140.000217	0.000012	31.226214	-0.002466	7.135395	7.135395	7.135395	7.135395	29.188580	-0.068498	0.015774	0.083099	0.082389	0.079541	0.078835	-0.002415	-0.002407	-0.002280	-0.002272	1062.621806	1087.797866	1562.807620	1592.797217	0.066258	0.068127	0.106711	0.109379	
0.021133	1.971358	-1.064781	140.145080	140.145606	139.685255	139.685991	0.000012	31.426512	0.005044	7.142544	7.142544	7.142544	7.142544	28.945544	0.076344	-0.008404	0.089185	0.089575	0.085612	0.086002	0.006045	0.006165	0.005158	0.005277	1088.406204	1022.087851	1646.063613	1567.065522	-0.152928	-0.142846	-0.241633	-0.228685	
-0.009310	1.378531	-0.213083	140.413787	140.414313	139.954389	139.955122	0.000012	31.371992	0.002363	7.158626	7.158626	7.158626	7.158626	29.030368	0.049015	-0.009558	0.088059	0.088500	0.084499	0.084941	0.001293	0.001294	0.001258	0.001259	1071.367638	1058.096048	1584.433123	1568.624072	-0.035581	-0.035145	-0.052408	-0.051892	
0.013998	0.519619	0.333613	140.608884	140.609407	140.148500	140.149231	0.000012	31.401364	0.003037	7.144893	7.144893	7.144893	7.144893	29.486506	-0.016261	0.014768	0.073259	0.072608	0.069745	0.069097	-0.001974	-0.001970	-0.001886	-0.001881	1079.926591	1100.705173	1545.717657	1570.469000	0.064649	0.066126	0.100383	0.102453	
0.018919	0.354467	-0.776019	140.385431	140.385953	139.925341	139.926070	0.000012	31.322071	-0.000635	7.134988	7.134988	7.134988	7.134988	29.699662	0.065390	-0.001358	0.063508	0.063572	0.060023	0.060088	0.004213	0.004274	0.003538	0.003627	1131.412722	1083.079476	1608.775366	1551.201044	-0.151031	-0.142279	-0.254602	-0.240226	
-0.013176	0.425156	0.513730	140.761088	140.761609	140.301871	140.302598	0.000012	31.318467	-0.001275	7.146356	7.146356	7.146356	7.146356	29.662145	-0.030167	0.000076	0.067734	0.067735	0.064251	0.064253	-0.002906	-0.002892	-0.002708	-0.002692	1095.218414	1127.215330	1575.318179	1613.432745	0.099127	0.102262	0.147723	0.151715	
-0.019667	0.578780	0.543727	140.825111	140.825630	140.365584	140.366309	0.000012	31.430406	0.002707	7.127231	7.127231	7.127231	7.127231	29.601325	-0.066250	-0.003778	0.070330	0.070501	0.066837	0.067009	-0.003096	-0.003079	-0.002847	-0.002825	1089.077768	1122.943045	1576.167226	1616.507375	0.098296	0.101935	0.154818	0.159936	
0.006498	2.246238	0.327525	140.823040	140.823558	140.364377	140.365100	0.000012	31.235706	-0.005573	7.123994	7.123994	7.123994	7.123994	28.772896	-0.056061	0.009076	0.101428	0.101009	0.097841	0.097424	-0.001979	-0.001975	-0.001896	-0.001893	1048.913814	1069.313237	1625.846104	1650.145795	0.043926	0.044728	0.065925	0.066819	
0.013716	1.853507	-0.521712	140.663983	140.664500	140.206022	140.206743	0.000011	31.565200	0.007118	7.124077	7.124077	7.124077	7.124077	28.895308	0.036114	-0.001505	0.095278	0.095351	0.091712	0.091787	0.003160	0.003177	0.002949	0.002963	1063.448545	1030.954439	1598.912501	1560.205684	-0.078040	-0.075478	-0.122013	-0.118726	
0.021974	2.011914	0.183305	140.894191	140.894708	140.436441	140.437160	0.000011	31.526871	0.005098	7.132128	7.132128	7.132128	7.132128	28.822563	-0.005132	0.018151	0.100297	0.099456	0.096722	0.095885	-0.001129	-0.001128	-0.001096	-0.001096	1040.490051	1051.906909	1584.028622	1597.628327	0.026976	0.027246	0.039267	0.039561	
-0.025658	1.142682	-0.258351	140.839210	140.839724	140.381013	140.381730	0.000011	31.589344	0.007110	7.120450	7.120450	7.120450	7.120450	29.202595	0.022125	-0.020101	0.084682	0.085597	0.081153	0.082067	0.001567	0.001570	0.001511	0.001513	1075.855765	1059.764743	1572.690880	1553.523336	-0.044195	-0.043426	-0.069966	-0.068892	
0.011520	0.643549	1.055115	141.219905	141.220418	140.762148	140.762862	0.000011	31.435385	0.000467	7.123246	7.123246	7.123246	7.123246	29.836640	-0.081598	0.022386	0.065436	0.064465	0.061982	0.061016	-0.005546	-0.005425	-0.004726	-0.004603	1058.775263	1124.491555	1532.222096	1610.503016	0.194518	0.207017	0.285118	0.300150	
-0.002970	2.055043	0.283422	141.080829	141.081341	140.623189	140.623902	0.000011	31.511093	0.003012	7.104001	7.104001	7.104001	7.104001	28.912640	-0.059805	0.004754	0.098010	0.097794	0.094448	0.094234	-0.001699	-0.001696	-0.001630	-0.001629	1061.998315	1079.650856	1636.120614	1657.148232	0.038421	0.039061	0.059227	0.059989	
0.000858	0.979467	0.341851	141.145659	141.146170	140.689137	140.689848	0.000011	31.291767	-0.006240	7.111012	7.111012	7.111012	7.111012	29.364538	-0.057230	0.006565	0.081648	0.081357	0.078150	0.077861	-0.002051	-0.002046	-0.001960	-0.001955	1064.018267	1085.309990	1551.142315	1576.504909	0.059632	0.060998	0.092952	0.094809	
0.020473	1.371395	0.828132	141.320777	141.321287	140.864411	140.865120	0.000011	31.338198	-0.004859	7.107713	7.107713	7.107713	7.107713	29.406432	-0.098005	0.028040	0.081929	0.080675	0.078435	0.077187	-0.004708	-0.004657	-0.004230	-0.004176	1050.532903	1102.111925	1569.754262	1631.194936	0.130053	0.136412	0.193739	0.201212	
-0.012846	1.040128	-0.329836	141.083799	141.084308	140.627542	140.628249	0.000011	31.459083	-0.000500	7.098887	7.098887	7.098887	7.098887	29.344551	-0.002440	-0.013509	0.081459	0.082071	0.077962	0.078573	0.001956	0.001961	0.001864	0.001868	1096.728782	1076.185431	1606.166387	1581.695250	-0.055166	-0.053903	-0.090306	-0.088432	
-0.013811	1.437689	0.426163	141.323921	141.324429	140.868251	140.868956	0.000011	31.371108	-0.004492	7.110828	7.110828	7.110828	7.110828	29.243873	-0.045845	-0.003383	0.087258	0.087416	0.083752	0.083911	-0.002529	-0.002521	-0.002411	-0.002405	1060.704237	1087.247208	1585.300687	1616.918541	0.067676	0.069318	0.099664	0.101558	
0.014507	0.694401	1.066581	141.538237	141.538743	141.082132	141.082835	0.000011	31.436774	-0.002338	7.098712	7.098712	7.098712	7.098712	29.871526	-0.106740	0.026620	0.066682	0.065527	0.063245	0.062095	-0.005644	-0.005515	-0.004756	-0.004619	1058.165497	1124.595937	1535.561250	1614.692859	0.190619	0.203741	0.287517	0.304140	
-0.020475	2.393005	-0.191609	141.274481	141.274986	140.818781	140.819482	0.000011	31.524122	0.000685	7.087956	7.087956	7.087956	7.087956	28.781993	-0.020688	-0.016094	0.104021	0.104778	0.100460	0.101216	0.001158	0.001160	0.001113	0.001114	1068.601009	1056.666928	1664.969931	1650.754114	-0.024678	-0.024404	-0.038344	-0.038020	
-0.002045	0.516408	0.321600	141.452677	141.453180	140.997895	140.998594	0.000011	31.518677	0.000000	7.101201	7.101201	7.101201	7.101201	29.627814	-0.040496	0.002335	0.074274	0.074174	0.070820	0.070722	-0.001919	-0.001915	-0.001835	-0.001830	1073.687745	1093.718164	1531.885263	1555.745399	0.063206	0.064626	0.098602	0.100621	
-0.003647	1.220229	0.427493	141.532773	141.533275	141.077596	141.078293	0.000011	31.490018	-0.001613	7.092217	7.092217	7.092217	7.092217	29.396350	-0.058782	0.004879	0.083403	0.083188	0.079919	0.079706	-0.002508	-0.002500	-0.002380	-0.002373	1074.353896	1100.979659	1595.862764	1627.579240	0.068705	0.070502	0.104747	0.106999	
0.014437	1.719819	0.382389	141.572201	141.572702	141.117230	141.117926	0.000011	31.342647	-0.007973	7.088207	7.088207	7.088207	7.088207	29.144957	-0.059364	0.016308	0.093315	0.092573	0.089802	0.089063	-0.002292	-0.002286	-0.002188	-0.002184	1055.838011	1079.654548	1597.585167	1625.955307	0.056608	0.057884	0.085612	0.087129	
0.008885	0.447978	0.426761	141.633929	141.634428	141.179375	141.180068	0.000011	31.494548	-0.002360	7.086225	7.086225	7.086225	7.086225	29.744489	-0.064933	0.014594	0.071700	0.071063	0.068261	0.067627	-0.002491	-0.002482	-0.002329	-0.002317	1082.079074	1108.659278	1546.907855	1578.570061	0.082112	0.084633	0.130974	0.134705	
-0.000583	1.066247	0.532884	141.711252	141.711750	141.256972	141.257664	0.000011	31.440084	-0.005000	7.083121	7.083121	7.083121	7.083121	29.539940	-0.077493	0.009713	0.079604	0.079175	0.076143	0.075716	-0.003074	-0.003060	-0.002869	-0.002853	1078.480418	1111.670321	1594.625305	1634.160953	0.087318	0.090209	0.133746	0.137430	
-0.013925	1.814256	-0.313130	141.550233	141.550731	141.096223	141.096913	0.000011	31.576896	0.000014	7.079243	7.079243	7.079243	7.079243	29.086333	0.004429	-0.015433	0.094621	0.095333	0.091110	0.091822	0.001879	0.001883	0.001801	0.001803	1078.886197	1059.383325	1634.311874	1611.080151	-0.045458	-0.044595	-0.070736	-0.069652	
-0.005596	1.737171	-0.309981	141.601132	141.601628	141.147454	141.148141	0.000011	31.504543	-0.003338	7.087302	7.087302	7.087302	7.087302	29.103711	0.035635	-0.011041	0.094461	0.094972	0.090955	0.091465	0.001879	0.001883	0.001807	0.001810	1068.468881	1049.162149	1605.820693	1582.822610	-0.047382	-0.046522	-0.071373	-0.070344	
-0.011931	0.321049	-0.064041	141.714585	141.715080	141.260561	141.261246	0.000011	31.696529	0.003885	7.084743	7.084743	7.084743	7.084743	29.734665	0.019022	-0.009683	0.072131	0.072561	0.068696	0.069126	0.000384	0.000384	0.000378	0.000378	1099.683568	1095.694865	1559.296403	1554.545080	-0.013044	-0.012984	-0.020785	-0.020696	
-0.022278	1.066418	0.395215	141.879983	141.880476	141.425880	141.426564	0.000011	31.595705	-0.000604	7.079070	7.079070	7.079070	7.079070	29.532544	-0.036161	-0.008770	0.080747	0.081143	0.077288	0.077684	-0.002307	-0.002301	-0.002201	-0.002196	1082.488619	1107.104041	1599.155664	1628.477431	0.065739	0.067297	0.099023	0.100949	
-0.003845	1.188449	0.062186	141.846294	141.846786	141.392534	141.393216	0.000011	31.677705	0.002222	7.070807	7.070807	7.070807	7.070807	29.395483	-0.018705	-0.002839	0.085661	0.085793	0.082188	0.082321	-0.000372	-0.000372	-0.000364	-0.000364	1083.962330	1087.835481	1602.982613	1607.596290	0.010122	0.010162	0.015801	0.015854	
0.009316	0.683144	0.399275	141.979223	141.979714	141.526117	141.526797	0.000011	31.642083	0.000346	7.072480	7.072480	7.072480	7.072480	29.706118	-0.046932	0.012614	0.075657	0.075104	0.072224	0.071674	-0.002333	-0.002326	-0.002211	-0.002203	1083.398701	1108.266963	1568.793557	1598.416508	0.072702	0.074615	0.112460	0.115056	
-0.009966	1.593355	-0.468198	141.812292	141.812781	141.359368	141.360046	0.000011	31.691073	0.001856	7.065832	7.065832	7.065832	7.065832	29.282875	0.030264	-0.015065	0.089297	0.089985	0.085818	0.086505	0.002754	0.002765	0.002592	0.002602	1094.296961	1065.135915	1643.798992	1609.062499	-0.070391	-0.068371	-0.110070	-0.107470	
-0.009182	2.154095	-0.136122	141.943995	141.944484	141.491469	141.492145	0.000011	31.511608	-0.005770	7.074158	7.074158	7.074158	7.074158	28.973670	0.025502	-0.009676	0.102066	0.102519	0.098552	0.099005	0.000831	0.000832	0.000808	0.000808	1057.101286	1048.623139	1622.013959	1611.914833	-0.019279	-0.019138	-0.028229	-0.028076	
-0.003374	1.590946	-0.332414	141.945744	141.946231	141.492916	141.493590	0.000011	31.721739	0.002189	7.067574	7.067574	7.067574	7.067574	29.228275	0.045084	-0.009212	0.092492	0.092916	0.089007	0.089431	0.002014	0.002018	0.001931	0.001934	1070.081249	1049.377320	1596.224512	1571.562096	-0.052265	-0.051205	-0.079829	-0.078508	
0.023911	0.948553	0.423825	142.183549	142.184035	141.730888	141.731560	0.000011	31.636263	-0.001676	7.067494	7.067494	7.067494	7.067494	29.621195	-0.025938	0.022727	0.080519	0.079512	0.077080	0.076077	-0.002495	-0.002487	-0.002369	-0.002361	1070.864636	1097.261981	1565.395477	1596.839862	0.074449	0.076383	0.111495	0.113908	
0.001062	1.865528	-0.487054	142.005025	142.005509	141.552501	141.553171	0.000011	31.555254	-0.005360	7.055651	7.055651	7.055651	7.055651	29.189905	0.039886	-0.006880	0.094438	0.094756	0.090950	0.091269	0.002887	0.002900	0.002715	0.002725	1085.152345	1054.816879	1646.898994	1610.763538	-0.070091	-0.068050	-0.108726	-0.106193	
-0.019426	1.023708	-0.233453	142.115536	142.116019	141.663735	141.664403	0.000011	31.721426	0.000846	7.064531	7.064531	7.064531	7.064531	29.520226	0.037623	-0.017167	0.082805	0.083577	0.079363	0.080134	0.001398	0.001399	0.001356	0.001357	1088.249482	1073.709179	1589.600445	1572.280108	-0.040828	-0.040230	-0.062456	-0.061676	
-0.000166	0.121801	-0.171166	142.181073	142.181555	141.729103	141.729769	0.000010	31.579173	-0.005284	7.059011	7.059011	7.059011	7.059011	29.948019	0.032944	-0.004408	0.068113	0.068308	0.064718	0.064914	0.001005	0.001006	0.000981	0.000981	1119.814587	1109.153733	1581.995817	1569.296661	-0.035634	-0.035191	-0.057702	-0.057010	
0.008226	1.260623	0.157524	142.311398	142.311879	141.859557	141.860221	0.000010	31.837148	0.004596	7.055757	7.055757	7.055757	7.055757	29.493825	-0.004269	0.008157	0.085836	0.085474	0.082389	0.082029	-0.000929	-0.000928	-0.000906	-0.000906	1090.565462	1100.376627	1625.822786	1637.509797	0.025143	0.025372	0.037730	0.038006	
-0.003173	1.711271	0.615568	142.473842	142.474321	142.022297	142.022959	0.000010	31.612881	-0.004811	7.049282	7.049282	7.049282	7.049282	29.390325	-0.065572	0.009576	0.090937	0.090507	0.087479	0.087052	-0.003609	-0.003589	-0.003367	-0.003349	1051.484673	1089.824424	1594.372289	1640.042409	0.091345	0.094484	0.134595	0.138112	
-0.003452	0.497094	0.554561	142.505736	142.506214	142.054686	142.055347	0.000010	31.807171	0.002526	7.041224	7.041224	7.041224	7.041224	29.943840	-0.079175	0.007943	0.070971	0.070628	0.067581	0.067241	-0.003168	-0.003148	-0.002891	-0.002865	1083.468388	1118.008399	1557.692209	1598.836098	0.103359	0.107403	0.164192	0.170051	
0.013852	1.583767	0.318933	142.493278	142.493755	142.042915	142.043574	0.000010	31.879192	0.004976	7.039634	7.039634	7.039634	7.039634	29.402418	-0.059892	0.014702	0.090753	0.090091	0.087305	0.086647	-0.001882	-0.001878	-0.001808	-0.001806	1076.661790	1096.526056	1628.355730	1652.017944	0.047160	0.048042	0.071828	0.072892	
-0.005707	0.223349	-1.510463	142.083093	142.083570	141.633108	141.633766	0.000010	31.815638	0.002004	7.040233	7.040233	7.040233	7.040233	30.341432	0.084624	-0.032226	0.052950	0.054318	0.049615	0.050981	0.006816	0.007256	0.004834	0.005256	1155.531482	1061.454489	1627.574814	1515.510769	-0.302423	-0.268100	-0.511521	-0.455968	
0.003143	0.222856	0.329898	142.590767	142.591242	142.140852	142.141507	0.000010	31.587040	-0.007567	7.060581	7.060581	7.060581	7.060581	30.077603	-0.002116	0.004495	0.066769	0.066578	0.063403	0.063214	-0.001863	-0.001860	-0.001797	-0.001794	1124.407339	1144.954528	1614.730571	1639.206281	0.065866	0.067092	0.095303	0.096782	
-0.010546	1.010633	0.774964	142.753142	142.753616	142.302023	142.302676	0.000010	31.700024	-0.003478	7.035401	7.035401	7.035401	7.035401	29.869708	-0.076520	0.006572	0.075463	0.075178	0.072064	0.071782	-0.004291	-0.004250	-0.003871	-0.003826	1081.744735	1130.012223	1603.824314	1661.320304	0.126410	0.132188	0.189215	0.196186	
0.015346	0.862313	0.442290	142.714158	142.714631	142.263886	142.264537	0.000010	31.918170	0.004821	7.027416	7.027416	7.027416	7.027416	29.796678	-0.070698	0.017892	0.078055	0.077269	0.074653	0.073871	-0.002555	-0.002546	-0.002405	-0.002395	1090.315198	1117.862594	1599.833869	1632.648189	0.074448	0.076614	0.117275	0.120240	
-0.002437	1.317833	-0.393396	142.550272	142.550744	142.101065	142.101715	0.000010	31.860064	0.002074	7.029318	7.029318	7.029318	7.029318	29.533217	0.015207	-0.008290	0.085839	0.086215	0.082417	0.082793	0.002306	0.002313	0.002190	0.002196	1101.954201	1077.452076	1638.880245	1609.693436	-0.061864	-0.060330	-0.097621	-0.095571	
0.010943	0.420023	-1.726601	142.263677	142.264148	141.814741	141.815389	0.000010	31.958000	0.005570	7.037385	7.037385	7.037385	7.037385	30.356452	0.126719	-0.025125	0.053917	0.054985	0.050591	0.051657	0.007526	0.008084	0.005432	0.005906	1160.523977	1052.985134	1648.539986	1520.440253	-0.331255	-0.292143	-0.532435	-0.476016	
-0.028185	1.603501	-0.674434	142.574841	142.575310	142.125452	142.126098	0.000010	31.889002	0.002389	7.051578	7.051578	7.051578	7.051578	29.547531	0.109819	-0.030137	0.085011	0.086365	0.081591	0.082943	0.003793	0.003816	0.003543	0.003562	1118.674156	1076.668025	1690.336160	1640.298666	-0.102989	-0.099606	-0.145834	-0.142304	
0.013355	0.551395	-0.220812	142.737869	142.738336	142.287391	142.288035	0.000010	31.936285	0.003857	7.036175	7.036175	7.036175	7.036175	29.873156	0.065465	0.003456	0.075155	0.075007	0.071762	0.071616	0.001298	0.001300	0.001262	0.001264	1110.468631	1096.715697	1597.091061	1580.708635	-0.042109	-0.041509	-0.064811	-0.063994	
0.026865	-0.426610	0.513572	142.966408	142.966873	142.516327	142.516969	0.000010	31.910766	0.002415	7.028153	7.028153	7.028153	7.028153	30.485655	-0.024703	0.027428	0.055746	0.054591	0.052422	0.051272	-0.002807	-0.002789	-0.002517	-0.002487	1123.142804	1155.129904	1562.439522	1600.542396	0.118760	0.123346	0.190512	0.197742	
0.000563	0.797622	-0.636489	142.723669	142.724133	142.274391	142.275031	0.000010	31.820248	-0.001623	7.016891	7.016891	7.016891	7.016891	29.923083	0.050807	-0.009177	0.072978	0.073383	0.069601	0.070006	0.003522	0.003547	0.003177	0.003210	1143.005972	1103.363166	1674.827924	1627.605611	-0.106753	-0.102307	-0.173121	-0.166688	
0.018503	1.065203	0.168586	142.968829	142.969293	142.520529	142.521167	0.000010	31.919977	0.001952	7.028824	7.028824	7.028824	7.028824	29.705962	0.002012	0.014762	0.083208	0.082555	0.079812	0.079162	-0.000991	-0.000990	-0.000968	-0.000968	1094.824409	1105.324524	1618.639401	1631.147085	0.028280	0.028551	0.041766	0.042087	
0.000698	0.944991	-0.070146	142.956608	142.957070	142.508013	142.508650	0.000010	31.906978	0.001019	7.016728	7.016728	7.016728	7.016728	29.722703	0.007213	0.000841	0.082196	0.082162	0.078800	0.078768	0.000416	0.000416	0.000408	0.000408	1099.477441	1095.108469	1611.439700	1606.235401	-0.011967	-0.011913	-0.018697	-0.018624	
-0.009455	1.902749	-0.516465	142.889201	142.889663	142.441040	142.441675	0.000010	32.050061	0.006331	7.017336	7.017336	7.017336	7.017336	29.354806	0.055119	-0.015873	0.094862	0.095588	0.091428	0.092153	0.003044	0.003057	0.002864	0.002875	1087.869001	1055.701753	1654.951231	1616.633766	-0.074369	-0.072192	-0.112506	-0.109947	
-0.003982	1.483496	0.386512	143.160279	143.160739	142.712365	142.712998	0.000010	31.985660	0.003345	7.020641	7.020641	7.020641	7.020641	29.553419	-0.021577	0.002940	0.089993	0.089864	0.086583	0.086456	-0.002300	-0.002294	-0.002206	-0.002202	1060.979116	1085.052464	1588.611530	1617.287582	0.061294	0.062600	0.089107	0.090570	
-0.017504	1.281409	0.491769	143.232589	143.233048	142.784523	142.785155	0.000010	31.803027	-0.004369	7.007321	7.007321	7.007321	7.007321	29.695587	-0.060682	-0.002718	0.085196	0.085321	0.081801	0.081927	-0.002879	-0.002868	-0.002711	-0.002700	1068.638577	1099.267669	1590.785632	1627.270853	0.078358	0.080693	0.118813	0.121691	
-0.001473	0.501186	-0.284429	143.081723	143.082181	142.634333	142.634963	0.000010	32.045017	0.004904	7.003781	7.003781	7.003781	7.003781	29.973061	0.009650	-0.007554	0.073912	0.074246	0.070554	0.070888	0.001660	0.001662	0.001591	0.001594	1117.899573	1100.184294	1606.748581	1585.646229	-0.052879	-0.051805	-0.086929	-0.085261	
-0.014186	0.673646	-0.220243	143.141673	143.142130	142.694855	142.695483	0.000010	31.946867	0.000574	7.011161	7.011161	7.011161	7.011161	29.916372	0.026113	-0.013869	0.076259	0.076872	0.072900	0.073511	0.001282	0.001284	0.001246	0.001247	1118.946587	1105.229076	1625.400931	1609.060701	-0.039606	-0.039052	-0.061541	-0.060787	
-0.020894	1.159073	0.049015	143.254818	143.255274	142.807754	142.808380	0.000010	31.975080	0.001300	7.008206	7.008206	7.008206	7.008206	29.701833	0.002707	-0.014095	0.084883	0.085514	0.081497	0.082128	-0.000290	-0.000289	-0.000284	-0.000284	1095.814340	1098.867153	1625.221768	1628.858265	0.008011	0.008034	0.012071	0.012100	
-0.006929	1.896237	-0.294532	143.213439	143.213893	142.766356	142.766980	0.000010	31.964136	0.000460	7.002668	7.002668	7.002668	7.002668	29.368042	0.032969	-0.011555	0.096951	0.097481	0.093526	0.094056	0.001760	0.001764	0.001694	0.001696	1080.555567	1062.211077	1645.316313	1623.464448	-0.042398	-0.041690	-0.063988	-0.063160	
-0.043374	1.209662	-0.125644	143.299266	143.299719	142.852535	142.853158	0.000010	32.042358	0.003188	7.004695	7.004695	7.004695	7.004695	29.651556	0.021607	-0.031719	0.086665	0.088088	0.083277	0.084697	0.000754	0.000755	0.000737	0.000737	1084.715921	1076.890390	1600.950901	1591.629168	-0.020925	-0.020766	-0.031765	-0.031564	
0.017311	2.473218	-0.381699	143.279788	143.280240	142.833103	142.833723	0.000010	32.026821	0.002168	7.000485	7.000485	7.000485	7.000485	29.127713	0.052572	0.001169	0.106806	0.106756	0.103356	0.103307	0.002303	0.002309	0.002199	0.002202	1066.231979	1042.458430	1661.247655	1632.928722	-0.050358	-0.049343	-0.074394	-0.073307	
0.023298	0.809640	-0.438778	143.309116	143.309567	142.862644	142.863263	0.000010	31.901137	-0.003257	7.001437	7.001437	7.001437	7.001437	29.888069	0.066722	0.008193	0.079024	0.078667	0.075662	0.075307	0.002574	0.002583	0.002417	0.002428	1098.757060	1071.428395	1587.829445	1555.275676	-0.080423	-0.078095	-0.125571	-0.122347	
0.024170	0.510624	0.262960	143.528675	143.529125	143.082254	143.082871	0.000010	31.872693	-0.004792	6.999997	6.999997	6.999997	6.999997	30.070467	-0.003441	0.022192	0.074426	0.073463	0.071084	0.070125	-0.001526	-0.001524	-0.001478	-0.001477	1105.947937	1122.326009	1598.032248	1617.541725	0.049220	0.050029	0.074718	0.075782	
-0.026225	0.949211	0.303415	143.582544	143.582993	143.136193	143.136808	0.000010	31.994782	-0.000303	6.989271	6.989271	6.989271	6.989271	29.897558	-0.037883	-0.009722	0.080345	0.080777	0.076986	0.077418	-0.001763	-0.001760	-0.001698	-0.001696	1097.894958	1116.792712	1619.227166	1641.738077	0.050535	0.051477	0.077538	0.078752	
0.016889	1.554200	-0.462478	143.432983	143.433430	142.987285	142.987899	0.000010	32.125960	0.004551	6.986643	6.986643	6.986643	6.986643	29.612221	0.037804	0.000701	0.089850	0.089822	0.086464	0.086437	0.002702	0.002713	0.002550	0.002558	1100.503686	1071.698919	1653.799547	1619.487452	-0.069662	-0.067727	-0.108067	-0.105619	
0.039922	-0.058248	0.808777	143.793406	143.793852	143.348179	143.348791	0.000010	32.159000	0.005483	6.993923	6.993923	6.993923	6.993923	30.586972	-0.055728	0.039458	0.058588	0.056926	0.055310	0.053655	-0.004229	-0.004164	-0.003637	-0.003558	1096.717762	1147.091277	1546.136879	1606.141559	0.173359	0.182710	0.261637	0.274246	
0.009300	0.607681	0.089032	143.657843	143.658288	143.212337	143.212947	0.000010	32.012503	-0.000767	6.976354	6.976354	6.976354	6.976354	30.058200	-0.030995	0.011234	0.075593	0.075106	0.072257	0.071773	-0.000512	-0.000512	-0.000501	-0.000501	1128.450577	1133.995826	1648.880212	1655.485685	0.015289	0.015380	0.024615	0.024745	
-0.012752	1.328051	0.756411	143.865131	143.865575	143.420452	143.421061	0.000009	32.062318	0.000839	6.982955	6.982955	6.982955	6.982955	29.917759	-0.087394	0.004966	0.082064	0.081848	0.078720	0.078506	-0.004246	-0.004211	-0.003883	-0.003848	1073.171041	1120.283035	1611.968017	1668.087589	0.117316	0.122205	0.171930	0.177439	
0.025867	-0.587502	-0.368637	143.627241	143.627683	143.182644	143.183251	0.000009	32.149694	0.003949	6.972858	6.972858	6.972858	6.972858	30.619564	0.009553	0.009318	0.055604	0.055215	0.052336	0.051950	0.002064	0.002071	0.001869	0.001886	1156.225040	1133.264996	1593.441488	1566.091599	-0.087726	-0.084880	-0.160432	-0.154538	
0.014400	0.955446	-0.412535	143.657394	143.657836	143.213292	143.213897	0.000009	32.039007	-0.000862	6.984423	6.984423	6.984423	6.984423	29.971111	0.046337	0.003647	0.078549	0.078392	0.075215	0.075060	0.002334	0.002341	0.002221	0.002227	1135.569128	1109.874970	1678.884961	1648.278208	-0.068056	-0.066419	-0.103823	-0.101751	
-0.018725	1.368740	-0.338490	143.720060	143.720501	143.275550	143.276153	0.000009	32.054909	-0.000609	6.982942	6.982942	6.982942	6.982942	29.734619	0.049561	-0.017264	0.087136	0.087909	0.083773	0.084546	0.001979	0.001983	0.001903	0.001906	1103.726404	1082.644036	1648.523037	1623.409825	-0.053406	-0.052375	-0.080175	-0.078935	
0.009867	0.686639	0.341035	143.932639	143.933078	143.487923	143.488524	0.000009	32.089611	0.000396	6.979903	6.979903	6.979903	6.979903	30.075563	-0.016837	0.011086	0.077025	0.076544	0.073697	0.073219	-0.001982	-0.001978	-0.001902	-0.001898	1094.474157	1115.715050	1590.866353	1616.168399	0.061825	0.063122	0.093189	0.094848	
-0.002751	1.324208	0.221300	143.944692	143.945130	143.500112	143.500712	0.000009	32.080462	-0.000351	6.969583	6.969583	6.969583	6.969583	29.779806	-0.030651	0.003081	0.087636	0.087502	0.084277	0.084145	-0.001300	-0.001298	-0.001261	-0.001260	1090.426386	1104.209735	1632.745342	1649.163999	0.034332	0.034781	0.052250	0.052801	
0.000663	0.744520	-0.431188	143.821963	143.822400	143.378055	143.378653	0.000009	32.102314	0.000144	6.968995	6.968995	6.968995	6.968995	30.045820	0.034245	-0.007830	0.076849	0.077194	0.073525	0.073871	0.002486	0.002495	0.002333	0.002343	1118.206926	1091.351011	1623.738156	1591.747523	-0.076379	-0.074174	-0.122370	-0.119188	
-0.011906	1.763338	-0.242964	143.910465	143.910900	143.466907	143.467503	0.000009	32.183122	0.003000	6.974935	6.974935	6.974935	6.974935	29.581260	0.037222	-0.012434	0.094326	0.094891	0.090954	0.091518	0.001435	0.001437	0.001390	0.001391	1092.142544	1077.009860	1660.109484	1642.083505	-0.035651	-0.035186	-0.052565	-0.052044	
-0.011780	1.589645	-0.608968	143.861701	143.862135	143.417881	143.418476	0.000009	32.118371	0.000033	6.970631	6.970631	6.970631	6.970631	29.699088	0.075287	-0.020166	0.089444	0.090350	0.086083	0.086987	0.003541	0.003562	0.003281	0.003301	1095.327464	1057.398801	1641.604754	1596.424321	-0.093608	-0.090278	-0.142169	-0.138110	
-0.016274	2.133185	-0.204713	144.004029	144.004462	143.560289	143.560882	0.000009	32.172320	0.001816	6.973004	6.973004	6.973004	6.973004	29.400841	0.048048	-0.015412	0.101688	0.102396	0.098293	0.099000	0.001231	0.001233	0.001194	0.001194	1071.259669	1058.509414	1648.254237	1633.066197	-0.028770	-0.028467	-0.041675	-0.041355	
-0.001739	0.790781	0.308419	144.174256	144.174688	143.730454	143.731045	0.000009	32.205279	0.002760	6.966099	6.966099	6.966099	6.966099	30.041778	-0.015824	0.003219	0.079874	0.079736	0.076550	0.076413	-0.001819	-0.001816	-0.001752	-0.001749	1083.457191	1102.666615	1575.396018	1598.278188	0.055512	0.056589	0.084221	0.085616	
0.007578	-0.357342	0.113650	144.165993	144.166424	143.722530	143.723119	0.000009	31.914854	-0.009230	6.957863	6.957863	6.957863	6.957863	30.553539	-0.017258	0.007167	0.061808	0.061507	0.058542	0.058243	-0.000656	-0.000656	-0.000644	-0.000644	1138.430240	1145.508785	1589.132586	1597.564514	0.025396	0.025623	0.042816	0.043210	
0.005557	0.958482	0.728058	144.359217	144.359647	143.916411	143.916999	0.000009	32.162303	0.000298	6.958254	6.958254	6.958254	6.958254	30.204756	-0.076604	0.016038	0.075703	0.075010	0.072403	0.071713	-0.003994	-0.003963	-0.003647	-0.003613	1098.082446	1143.428463	1632.665018	1686.680968	0.118146	0.122982	0.174828	0.180498	
0.014076	0.552621	-0.807005	144.016152	144.016581	143.573602	143.574189	0.000009	32.197812	0.001350	6.948911	6.948911	6.948911	6.948911	30.329261	0.048273	-0.006171	0.068263	0.068531	0.064980	0.065249	0.004339	0.004398	0.003692	0.003774	1147.008873	1096.745708	1657.668930	1597.795699	-0.143836	-0.135708	-0.240001	-0.227299	
0.009015	0.443168	0.099804	144.281998	144.282426	143.840035	143.840619	0.000009	32.380088	0.008276	6.965483	6.965483	6.965483	6.965483	30.244432	0.007264	0.007590	0.073534	0.073208	0.070245	0.069922	-0.000576	-0.000575	-0.000566	-0.000566	1125.251832	1131.467962	1628.505914	1635.910536	0.018718	0.018829	0.028050	0.028192	
0.020700	1.478798	-0.268979	144.232892	144.233318	143.790245	143.790827	0.000009	32.242614	0.002410	6.952615	6.952615	6.952615	6.952615	29.781363	0.032626	0.009800	0.089907	0.089473	0.086562	0.086130	0.001571	0.001574	0.001518	0.001519	1106.254607	1089.501625	1665.189977	1645.233908	-0.040652	-0.040023	-0.061863	-0.061097	
0.001593	0.409189	-0.058592	144.324543	144.324968	143.882204	143.882785	0.000009	32.136835	-0.002186	6.955002	6.955002	6.955002	6.955002	30.224053	0.017024	0.001600	0.074445	0.074378	0.071152	0.071087	0.000344	0.000344	0.000339	0.000339	1115.740212	1112.090882	1600.914905	1596.567841	-0.011270	-0.011226	-0.017643	-0.017581	
0.008637	1.176174	-0.155402	144.340834	144.341258	143.898621	143.899200	0.000009	32.086933	-0.004545	6.950572	6.950572	6.950572	6.950572	29.921144	0.023365	0.003446	0.085486	0.085336	0.082160	0.082012	0.000908	0.000908	0.000885	0.000886	1110.349181	1100.670187	1651.552952	1640.023383	-0.024906	-0.024679	-0.037929	-0.037645	
-0.012281	-0.209864	-0.035285	144.410445	144.410868	143.968474	143.969052	0.000009	32.358611	0.005960	6.949783	6.949783	6.949783	6.949783	30.522559	0.010391	-0.008008	0.064365	0.064709	0.061108	0.061452	0.000205	0.000205	0.000203	0.000203	1135.694560	1133.496890	1591.509150	1588.891296	-0.007767	-0.007747	-0.012719	-0.012685	
-0.010648	1.233931	0.060180	144.474158	144.474579	144.032348	144.032924	0.000009	32.205529	-0.000524	6.946422	6.946422	6.946422	6.946422	29.936931	-0.003233	-0.006725	0.085690	0.085991	0.082370	0.082671	-0.000349	-0.000349	-0.000342	-0.000342	1110.529114	1114.277339	1663.040109	1667.504976	0.009398	0.009430	0.014127	0.014165	
0.007140	1.085478	-0.147549	144.461579	144.462000	144.020006	144.020580	0.000009	32.006515	-0.008844	6.943350	6.943350	6.943350	6.943350	29.961471	0.016308	0.001332	0.084885	0.084829	0.081568	0.081514	0.000869	0.000869	0.000848	0.000848	1104.505135	1095.315274	1631.733095	1620.786177	-0.024321	-0.024101	-0.037483	-0.037198	
0.002535	0.972077	0.087632	144.559516	144.559936	144.118220	144.118792	0.000009	32.285578	0.001962	6.943950	6.943950	6.943950	6.943950	30.030620	-0.003778	0.003586	0.083170	0.083015	0.079863	0.079710	-0.000515	-0.000515	-0.000505	-0.000505	1100.942202	1106.400212	1621.386434	1627.887989	0.014801	0.014879	0.022453	0.022552	
-0.000718	1.012636	-0.681781	144.406760	144.407179	143.965533	143.966104	0.000009	32.197000	-0.001938	6.939232	6.939232	6.939232	6.939232	30.127252	0.065709	-0.013164	0.078189	0.078767	0.074894	0.075472	0.003815	0.003846	0.003440	0.003477	1125.738492	1083.274766	1655.127305	1604.544726	-0.113445	-0.108577	-0.178626	-0.172024	
0.003397	1.169052	-0.714460	144.437284	144.437702	143.996327	143.996896	0.000009	32.406482	0.006087	6.946582	6.946582	6.946582	6.946582	30.082667	0.094633	-0.010917	0.080064	0.080545	0.076766	0.077247	0.003981	0.004013	0.003620	0.003655	1125.228673	1080.729561	1666.329738	1613.322617	-0.116740	-0.111951	-0.175975	-0.170099	
-0.030851	1.107520	-0.019730	144.651411	144.651827	144.210157	144.210724	0.000009	32.269852	0.000268	6.945105	6.945105	6.945105	6.945105	29.998281	0.032348	-0.020539	0.084495	0.085404	0.081187	0.082094	0.000116	0.000116	0.000114	0.000114	1104.011905	1102.783041	1636.241456	1634.777640	-0.003275	-0.003272	-0.004821	-0.004817	
-0.011298	0.520208	0.428976	144.802950	144.803365	144.361584	144.362150	0.000009	32.212985	-0.002361	6.934816	6.934816	6.934816	6.934816	30.354851	-0.033016	-0.001990	0.073284	0.073372	0.070012	0.070102	-0.002445	-0.002437	-0.002310	-0.002301	1103.595664	1130.313800	1598.652211	1630.478721	0.078745	0.080883	0.120396	0.123228	
-0.024275	1.354291	-0.168571	144.691024	144.691438	144.250237	144.250801	0.000009	32.098127	-0.007307	6.927550	6.927550	6.927550	6.927550	29.912651	0.004454	-0.019842	0.087911	0.088795	0.084597	0.085479	0.000984	0.000985	0.000957	0.000957	1109.626238	1099.127028	1664.701984	1652.195377	-0.025714	-0.025457	-0.039746	-0.039420	
-0.003042	2.320965	0.639936	144.930417	144.930830	144.490342	144.490904	0.000009	32.261544	-0.001118	6.932903	6.932903	6.932903	6.932903	29.594271	-0.063679	0.006741	0.102033	0.101730	0.098687	0.098386	-0.003758	-0.003737	-0.003532	-0.003518	1045.800494	1085.657974	1634.587690	1682.065722	0.085446	0.088093	0.121140	0.123724	
-0.013720	1.593498	0.009148	144.811928	144.812340	144.371820	144.372381	0.000009	32.149010	-0.005967	6.921417	6.921417	6.921417	6.921417	29.759534	-0.024739	-0.009086	0.094662	0.095072	0.091335	0.091745	-0.000055	-0.000055	-0.000054	-0.000054	1076.334228	1076.903975	1619.543180	1620.221859	0.001376	0.001377	0.002126	0.002127	
0.002391	1.223297	1.088841	145.118556	145.118967	144.679008	144.679567	0.000009	32.149350	-0.006299	6.927090	6.927090	6.927090	6.927090	30.316753	-0.107958	0.017887	0.077405	0.076633	0.074142	0.073373	-0.005841	-0.005735	-0.005105	-0.005005	1057.324141	1125.141050	1579.141421	1659.924586	0.174097	0.184344	0.250052	0.261198	
0.020176	1.002864	0.410652	144.987856	144.988266	144.548283	144.548841	0.000009	32.462511	0.005883	6.912418	6.912418	6.912418	6.912418	30.170458	-0.079194	0.021368	0.081733	0.080801	0.078453	0.077526	-0.002357	-0.002350	-0.002234	-0.002228	1100.044515	1125.621359	1631.411783	1661.878791	0.065577	0.067292	0.103282	0.105583	
0.005703	-0.215976	0.415405	145.024824	145.025233	144.585993	144.586550	0.000009	32.321476	-0.000100	6.918659	6.918659	6.918659	6.918659	30.743266	-0.070676	0.012143	0.061645	0.061137	0.058433	0.057927	-0.002318	-0.002310	-0.002148	-0.002135	1128.817185	1154.690105	1589.434447	1620.254140	0.088172	0.090901	0.144074	0.148443	
-0.008830	0.185414	0.105904	144.985837	144.986244	144.547042	144.547597	0.000009	32.245241	-0.003489	6.916875	6.916875	6.916875	6.916875	30.504532	-0.037498	-0.003725	0.069329	0.069491	0.066093	0.066256	-0.000602	-0.000602	-0.000591	-0.000591	1143.848795	1150.444856	1646.277438	1654.134632	0.019911	0.020053	0.032007	0.032218	
-0.001442	0.485985	0.524530	145.128104	145.128510	144.689315	144.689869	0.000009	32.373923	0.001318	6.918737	6.918737	6.918737	6.918737	30.492189	-0.065520	0.006749	0.071036	0.070750	0.067798	0.067514	-0.002913	-0.002900	-0.002712	-0.002697	1115.838019	1148.507640	1624.446529	1663.362419	0.093997	0.097030	0.143189	0.147131	
-0.002539	1.769240	0.264793	145.101139	145.101545	144.662260	144.662811	0.000009	32.330334	-0.000764	6.911944	6.911944	6.911944	6.911944	29.830286	-0.051352	0.002827	0.094513	0.094390	0.091203	0.091081	-0.001545	-0.001543	-0.001492	-0.001491	1088.778414	1105.270657	1668.139010	1687.784488	0.037243	0.037783	0.055839	0.056456	
-0.009810	0.580081	1.111756	145.349373	145.349777	144.910824	144.911374	0.000008	32.461144	0.004131	6.913233	6.913233	6.913233	6.913233	30.694563	-0.115677	0.010915	0.065684	0.065225	0.062469	0.062012	-0.005705	-0.005570	-0.004817	-0.004682	1076.020694	1145.264813	1565.017230	1647.500479	0.199048	0.212445	0.294561	0.310802	
-0.008858	1.360008	-0.216386	145.054705	145.055108	144.616258	144.616806	0.000008	32.161800	-0.008178	6.901400	6.901400	6.901400	6.901400	30.001551	-0.018587	-0.010520	0.087621	0.088090	0.084334	0.084802	0.001250	0.001251	0.001209	0.001209	1120.641648	1107.164363	1687.136368	1671.082294	-0.032009	-0.031583	-0.050917	-0.050352	
-0.012014	0.394716	0.290154	145.216540	145.216943	144.778769	144.779316	0.000008	32.451258	0.003067	6.915439	6.915439	6.915439	6.915439	30.450378	-0.037823	-0.004505	0.072918	0.073115	0.069684	0.069881	-0.001672	-0.001669	-0.001612	-0.001609	1111.413030	1129.484861	1600.592187	1622.119262	0.055094	0.056118	0.084597	0.085983	
0.035515	-0.153315	0.125094	145.214222	145.214623	144.775979	144.776524	0.000008	32.462674	0.003190	6.907704	6.907704	6.907704	6.907704	30.683496	-0.022381	0.024672	0.065369	0.064327	0.062153	0.061116	-0.000714	-0.000714	-0.000701	-0.000700	1144.073228	1151.864513	1618.666134	1627.947074	0.025941	0.026176	0.042474	0.042849	
-0.007123	0.896466	0.420576	145.324266	145.324666	144.886127	144.886670	0.000008	32.405337	0.000564	6.907826	6.907826	6.907826	6.907826	30.316187	-0.054068	0.004597	0.078664	0.078468	0.075412	0.075217	-0.002374	-0.002368	-0.002262	-0.002256	1113.052571	1139.247568	1650.253681	1681.457030	0.068965	0.070637	0.103704	0.105749	
-0.021428	1.673048	-0.236545	145.196692	145.197091	144.758678	144.759220	0.000008	32.381727	-0.000712	6.902585	6.902585	6.902585	6.902585	29.868162	0.004215	-0.018869	0.093361	0.094207	0.090062	0.090907	0.001386	0.001388	0.001340	0.001341	1102.005725	1087.272889	1673.551186	1656.001505	-0.034234	-0.033771	-0.052345	-0.051785	
0.019199	1.639472	0.021804	145.297089	145.297487	144.859398	144.859938	0.000008	32.338648	-0.002765	6.908656	6.908656	6.908656	6.908656	29.858982	0.002709	0.011149	0.095124	0.094628	0.091825	0.091332	-0.000130	-0.000130	-0.000127	-0.000127	1082.289658	1083.647702	1636.409577	1638.027272	0.003281	0.003285	0.004845	0.004850	
-0.001475	0.544675	-1.117569	145.049663	145.050059	144.611771	144.612310	0.000008	32.381193	-0.001392	6.903867	6.903867	6.903867	6.903867	30.638463	0.094892	-0.021371	0.064750	0.065659	0.061535	0.062443	0.005661	0.005820	0.004520	0.004704	1147.203842	1077.597661	1648.445960	1565.531424	-0.206128	-0.190495	-0.333781	-0.310720	
-0.015623	1.778513	-0.713896	145.186502	145.186898	144.748734	144.749271	0.000008	32.479814	0.002224	6.915667	6.915667	6.915667	6.915667	29.970689	0.104275	-0.023245	0.089448	0.090483	0.086163	0.087196	0.003997	0.004025	0.003712	0.003734	1123.178954	1078.714992	1713.536350	1660.571100	-0.103404	-0.099754	-0.148863	-0.145003	
-0.012705	0.304602	0.843294	145.614142	145.614536	145.175788	145.176323	0.000008	32.410508	-0.000877	6.909136	6.909136	6.909136	6.909136	30.783849	-0.041989	0.003068	0.064362	0.064236	0.061158	0.061033	-0.004436	-0.004377	-0.003915	-0.003850	1095.772313	1148.295674	1575.810754	1638.376319	0.164480	0.172525	0.238104	0.247716	
0.017996	2.270096	0.402471	145.539776	145.540169	145.101464	145.101998	0.000008	32.343406	-0.003889	6.888828	6.888828	6.888828	6.888828	29.730574	-0.054725	0.018957	0.101869	0.101015	0.098550	0.097700	-0.002340	-0.002333	-0.002232	-0.002229	1079.245719	1104.313040	1694.271035	1724.131103	0.051316	0.052388	0.076258	0.077400	
0.009970	0.805028	0.555207	145.610607	145.610999	145.173562	145.174095	0.000008	32.402885	-0.001833	6.892353	6.892353	6.892353	6.892353	30.396326	-0.076496	0.017743	0.078224	0.077460	0.074988	0.074227	-0.003170	-0.003153	-0.002936	-0.002917	1084.482121	1119.062385	1585.894676	1627.086514	0.096222	0.099608	0.147513	0.151926	
0.002793	1.929802	0.478264	145.626984	145.627375	145.190351	145.190882	0.000008	32.510215	0.002139	6.888965	6.888965	6.888965	6.888965	29.890088	-0.077447	0.011179	0.096469	0.095972	0.093181	0.092687	-0.002778	-0.002768	-0.002637	-0.002630	1075.054115	1104.842088	1658.807824	1694.291109	0.065655	0.067330	0.097199	0.099032	
0.007418	0.415311	-0.996249	145.293403	145.293793	144.857000	144.857530	0.000008	32.526013	0.002450	6.888179	6.888179	6.888179	6.888179	30.699876	0.060060	-0.014880	0.064543	0.065176	0.061346	0.061978	0.005143	0.005264	0.004135	0.004289	1147.803599	1085.753664	1642.279933	1568.366360	-0.187046	-0.173734	-0.311892	-0.290887	
0.006303	0.430320	-0.999510	145.327820	145.328209	144.891556	144.892084	0.000008	32.337122	-0.005424	6.904012	6.904012	6.904012	6.904012	30.750129	0.110088	-0.013312	0.063089	0.063654	0.059898	0.060462	0.005039	0.005136	0.004248	0.004358	1170.387740	1108.134692	1691.289150	1617.133629	-0.184454	-0.173420	-0.282266	-0.267754	
-0.021875	1.050929	-0.719997	145.435813	145.436201	144.998677	144.999204	0.000008	32.450729	-0.001200	6.902372	6.902372	6.902372	6.902372	30.367746	0.107096	-0.026302	0.076991	0.078132	0.073754	0.074893	0.003922	0.003952	0.003584	0.003616	1146.298657	1101.454674	1700.809449	1647.391520	-0.117681	-0.113095	-0.174009	-0.168608	
-0.002833	-0.063422	-0.046873	145.640056	145.640442	145.202548	145.203073	0.000008	32.510424	0.000867	6.897259	6.897259	6.897259	6.897259	30.718268	0.043873	-0.003878	0.066678	0.066845	0.063473	0.063641	0.000269	0.000269	0.000266	0.000266	1144.651052	1141.731606	1622.527021	1619.049391	-0.009840	-0.009809	-0.015287	-0.015244	
0.005617	2.158477	0.033913	145.695032	145.695417	145.257743	145.258266	0.000008	32.529328	0.001303	6.887581	6.887581	6.887581	6.887581	29.769527	0.012387	0.004545	0.101275	0.101073	0.097970	0.097769	-0.000198	-0.000198	-0.000193	-0.000193	1091.868412	1093.980626	1700.930779	1703.446838	0.004508	0.004516	0.006561	0.006569	
0.010806	0.506734	-0.227728	145.663155	145.663540	145.226547	145.227069	0.000008	32.465547	-0.001564	6.884973	6.884973	6.884973	6.884973	30.448108	0.029945	0.003703	0.076475	0.076319	0.073249	0.073093	0.001330	0.001332	0.001290	0.001291	1118.032984	1103.849262	1609.136936	1592.241357	-0.042685	-0.042029	-0.067834	-0.066883	
-0.011057	0.585201	0.309981	145.831798	145.832181	145.395644	145.396165	0.000008	32.659642	0.005885	6.886466	6.886466	6.886466	6.886466	30.510045	-0.024118	-0.001430	0.075423	0.075488	0.072207	0.072272	-0.001766	-0.001763	-0.001703	-0.001700	1118.224223	1137.530944	1631.696977	1654.695048	0.055260	0.056284	0.083364	0.084665	
-0.008038	1.114637	-0.407624	145.687351	145.687733	145.251253	145.251771	0.000008	32.464035	-0.002253	6.878480	6.878480	6.878480	6.878480	30.259545	0.033643	-0.013346	0.082992	0.083577	0.079750	0.080335	0.002326	0.002333	0.002209	0.002215	1127.976187	1102.587911	1676.404572	1646.162185	-0.064776	-0.063180	-0.100994	-0.098907	
-0.012639	-0.311103	0.691008	145.995419	145.995800	145.559757	145.560274	0.000008	32.497190	-0.001238	6.885308	6.885308	6.885308	6.885308	31.100925	-0.052749	0.001167	0.056230	0.056184	0.053078	0.053033	-0.003613	-0.003573	-0.003162	-0.003109	1125.323253	1168.361669	1581.945802	1633.212948	0.152061	0.159126	0.232810	0.242702	
-0.019150	0.844773	0.542060	145.993613	145.993994	145.557779	145.558294	0.000008	32.553863	0.000718	6.870748	6.870748	6.870748	6.870748	30.523123	-0.074508	-0.004113	0.076098	0.076277	0.072885	0.073065	-0.002991	-0.002977	-0.002795	-0.002781	1122.704482	1156.465896	1669.832604	1710.049033	0.086682	0.089443	0.132537	0.136002	
0.000985	0.271743	-1.267388	145.573444	145.573823	145.138287	145.138801	0.000008	32.605818	0.002488	6.870837	6.870837	6.870837	6.870837	30.949381	0.074395	-0.025311	0.057782	0.058840	0.054620	0.055676	0.006039	0.006272	0.004574	0.004833	1177.982438	1099.044998	1686.234955	1592.205070	-0.235815	-0.214886	-0.395114	-0.362207	
-0.008361	0.562617	0.196553	145.973095	145.973474	145.538310	145.538823	0.000008	32.502032	-0.001970	6.890682	6.890682	6.890682	6.890682	30.564233	0.005955	-0.004360	0.074494	0.074684	0.071294	0.071484	-0.001109	-0.001108	-0.001086	-0.001085	1136.729763	1148.971770	1665.709032	1680.291649	0.035258	0.035619	0.050568	0.050980	
0.005916	0.723202	-0.186893	145.914633	145.915010	145.478793	145.479304	0.000008	32.583034	0.000961	6.871779	6.871779	6.871779	6.871779	30.438910	0.023176	0.000261	0.078585	0.078577	0.075364	0.075356	0.001072	0.001073	0.001045	0.001045	1133.260637	1121.620250	1660.871452	1647.005481	-0.032016	-0.031643	-0.050031	-0.049527	
0.004364	0.755355	0.222140	146.048669	146.049045	145.613339	145.613849	0.000008	32.474273	-0.003696	6.874562	6.874562	6.874562	6.874562	30.453714	-0.015524	0.006940	0.079196	0.078899	0.075979	0.075684	-0.001277	-0.001276	-0.001243	-0.001242	1116.084177	1129.919856	1639.015837	1655.496829	0.038283	0.038784	0.057691	0.058319	
-0.006432	1.110873	0.089862	146.049477	146.049852	145.614392	145.614900	0.000008	32.580378	0.000243	6.868231	6.868231	6.868231	6.868231	30.275864	-0.016285	-0.002154	0.085343	0.085440	0.082110	0.082208	-0.000522	-0.000522	-0.000510	-0.000510	1110.983337	1116.580279	1654.453991	1661.121041	0.014333	0.014408	0.021826	0.021920	
0.004502	-0.102660	0.116430	146.088846	146.089220	145.654134	145.654641	0.000008	32.688423	0.004262	6.868187	6.868187	6.868187	6.868187	30.816242	-0.017654	0.004530	0.066741	0.066552	0.063566	0.063379	-0.000669	-0.000668	-0.000657	-0.000657	1138.024684	1145.276389	1609.887949	1618.526144	0.024256	0.024458	0.039212	0.039526	
-0.032794	0.799291	1.229601	146.400508	146.400881	145.965974	145.966479	0.000008	32.662020	0.002904	6.866325	6.866325	6.866325	6.866325	30.877538	-0.115545	-0.003120	0.066733	0.066867	0.063567	0.063701	-0.006140	-0.005997	-0.005251	-0.005120	1094.301909	1170.885797	1625.674027	1716.900372	0.201719	0.214782	0.289196	0.303450	
0.008115	1.123125	-0.216590	146.072081	146.072453	145.637689	145.638193	0.000008	32.605494	0.000342	6.851682	6.851682	6.851682	6.851682	30.306437	-0.015488	-0.000792	0.084446	0.084483	0.081221	0.081259	0.001239	0.001241	0.001199	0.001200	1132.327657	1118.837669	1691.852900	1675.783693	-0.033081	-0.032630	-0.053249	-0.052626	
0.013306	0.247529	-0.097552	146.132549	146.132920	145.699045	145.699548	0.000008	32.834160	0.009191	6.867107	6.867107	6.867107	6.867107	30.668247	0.006903	0.006871	0.072259	0.071969	0.069079	0.068790	0.000562	0.000562	0.000553	0.000553	1136.056407	1129.980520	1629.152235	1621.914669	-0.018891	-0.018770	-0.029685	-0.029512	
0.032526	0.352823	-0.187839	146.145050	146.145420	145.711096	145.711596	0.000008	32.578616	-0.001328	6.864240	6.864240	6.864240	6.864240	30.655677	0.025379	0.019217	0.073055	0.072237	0.069868	0.069054	0.001068	0.001069	0.001042	0.001042	1146.305127	1134.605847	1657.156389	1643.220265	-0.034772	-0.034356	-0.054524	-0.053940	
-0.013237	-0.337326	0.958084	146.464620	146.464989	146.030476	146.030975	0.000008	32.541578	-0.003107	6.863663	6.863663	6.863663	6.863663	31.332496	-0.074531	0.007421	0.051921	0.051619	0.048803	0.048503	-0.004655	-0.004555	-0.003885	-0.003774	1128.974651	1188.647542	1595.171232	1666.253281	0.204292	0.216919	0.307992	0.324821	
-0.004905	1.609235	1.022899	146.513758	146.514126	146.079632	146.080130	0.000008	32.643882	0.000688	6.848669	6.848669	6.848669	6.848669	30.443985	-0.122139	0.013691	0.083125	0.082534	0.079916	0.079327	-0.005465	-0.005392	-0.004871	-0.004805	1093.746581	1157.456350	1687.014808	1762.905567	0.140246	0.147627	0.205809	0.213697	
0.010579	0.628746	-0.348391	146.201223	146.201591	145.767960	145.768457	0.000008	32.578997	-0.002201	6.846368	6.846368	6.846368	6.846368	30.553086	-0.005197	-0.000089	0.076658	0.076664	0.073467	0.073475	0.001985	0.001990	0.001885	0.001891	1137.435691	1115.736656	1657.066466	1631.218684	-0.060047	-0.058612	-0.099214	-0.097024	
-0.000492	1.186609	0.055673	146.333776	146.334143	145.901073	145.901568	0.000008	32.609145	-0.001286	6.861005	6.861005	6.861005	6.861005	30.305741	-0.007815	0.000525	0.086443	0.086422	0.083230	0.083211	-0.000322	-0.000322	-0.000316	-0.000316	1112.822497	1116.290011	1663.766348	1667.896833	0.008839	0.008866	0.013066	0.013098	
0.000032	0.716152	-0.345238	146.268215	146.268580	145.834839	145.835333	0.000008	32.732216	0.003344	6.854768	6.854768	6.854768	6.854768	30.523891	0.034013	-0.006243	0.078049	0.078320	0.074855	0.075126	0.001974	0.001979	0.001888	0.001892	1131.042214	1109.539586	1651.006259	1625.392436	-0.060253	-0.058941	-0.094345	-0.092550	
-0.010982	1.772198	0.420002	146.491470	146.491834	146.058053	146.058545	0.000008	32.463334	-0.007703	6.857861	6.857861	6.857861	6.857861	30.126542	-0.033329	-0.000655	0.094057	0.094088	0.090820	0.090852	-0.002423	-0.002417	-0.002324	-0.002320	1084.765723	1110.924911	1664.369930	1695.530625	0.060218	0.061465	0.086011	0.087296	
-0.008163	-0.493219	-0.919147	146.189478	146.189841	145.755959	145.756449	0.000007	32.767562	0.004175	6.847395	6.847395	6.847395	6.847395	31.301597	0.062269	-0.022925	0.050360	0.051301	0.047245	0.048185	0.004473	0.004596	0.003379	0.003551	1176.657786	1119.410029	1628.801099	1560.607857	-0.211904	-0.196021	-0.374542	-0.344930	
0.009492	0.105248	0.269918	146.517347	146.517709	146.084347	146.084836	0.000007	32.359908	-0.012421	6.861564	6.861564	6.861564	6.861564	30.898999	-0.003866	0.008641	0.067090	0.066729	0.063937	0.063578	-0.001490	-0.001488	-0.001447	-0.001445	1157.076079	1173.887517	1672.249234	1692.274935	0.051785	0.052574	0.076505	0.077487	
0.001663	0.857670	0.444505	146.595152	146.595513	146.161620	146.162108	0.000007	32.611483	-0.002647	6.846174	6.846174	6.846174	6.846174	30.589312	-0.047809	0.009372	0.078484	0.078083	0.075294	0.074896	-0.002487	-0.002480	-0.002362	-0.002354	1119.550703	1147.236068	1661.427474	1694.406142	0.072513	0.074365	0.109219	0.111487	
0.019125	0.494870	-0.235153	146.455230	146.455590	146.022223	146.022709	0.000007	32.857162	0.006892	6.842548	6.842548	6.842548	6.842548	30.648955	0.010033	0.008736	0.075344	0.074972	0.072164	0.071795	0.001340	0.001342	0.001298	0.001299	1141.671821	1127.025683	1657.987647	1640.541241	-0.041885	-0.041237	-0.067235	-0.066293	
-0.008896	0.451828	-0.009781	146.542316	146.542675	146.109866	146.110351	0.000007	32.682237	-0.000390	6.849083	6.849083	6.849083	6.849083	30.671614	0.002866	-0.004946	0.074895	0.075110	0.071723	0.071938	0.000056	0.000056	0.000055	0.000055	1137.523458	1136.914284	1652.067049	1651.341404	-0.001779	-0.001778	-0.002735	-0.002734	
0.005363	1.131580	-0.921047	146.347043	146.347401	145.914405	145.914889	0.000007	32.617348	-0.003271	6.844993	6.844993	6.844993	6.844993	30.555550	0.088411	-0.014315	0.077339	0.077957	0.074154	0.074772	0.004924	0.004993	0.004293	0.004369	1148.117132	1090.751030	1705.677290	1637.343075	-0.145694	-0.137784	-0.225963	-0.215797	
0.009118	1.117277	0.180683	146.653628	146.653985	146.221068	146.221549	0.000007	32.791267	0.003402	6.854145	6.854145	6.854145	6.854145	30.413595	0.012956	0.008564	0.085131	0.084761	0.081930	0.081562	-0.001041	-0.001040	-0.001018	-0.001018	1110.883431	1122.137034	1657.405311	1670.810546	0.029457	0.029730	0.042210	0.042510	
-0.007137	0.367943	-0.084268	146.620416	146.620771	146.187405	146.187885	0.000007	32.745770	0.001297	6.839793	6.839793	6.839793	6.839793	30.707925	0.012241	-0.005073	0.074194	0.074413	0.071022	0.071241	0.000485	0.000485	0.000477	0.000477	1135.412965	1130.164449	1638.354185	1632.102178	-0.015663	-0.015576	-0.024838	-0.024713	
0.016260	1.246049	0.044710	146.682109	146.682463	146.249659	146.250139	0.000007	32.734919	0.000580	6.841355	6.841355	6.841355	6.841355	30.351634	0.001540	0.011175	0.087615	0.087129	0.084408	0.083925	-0.000258	-0.000258	-0.000253	-0.000253	1115.977511	1118.762187	1675.158216	1678.475308	0.006931	0.006948	0.010336	0.010356	
0.016361	0.118477	-0.960251	146.461950	146.462304	146.029757	146.030235	0.000007	32.751349	0.000957	6.838460	6.838460	6.838460	6.838460	31.077754	0.084224	-0.005729	0.060251	0.060492	0.057123	0.057364	0.004838	0.004945	0.003911	0.004048	1167.700836	1107.893000	1660.364122	1589.121326	-0.189466	-0.176755	-0.311619	-0.291845	
-0.034703	1.229894	0.310503	146.810263	146.810615	146.378266	146.378742	0.000007	32.768828	0.001376	6.848749	6.848749	6.848749	6.848749	30.453053	-0.006949	-0.017814	0.084309	0.085086	0.081119	0.081894	-0.001752	-0.001750	-0.001701	-0.001699	1118.801981	1138.141226	1687.446458	1710.483271	0.048442	0.049164	0.068332	0.069083	
-0.022893	1.022844	0.384938	146.861585	146.861937	146.429084	146.429559	0.000007	32.875397	0.005359	6.832472	6.832472	6.832472	6.832472	30.516988	-0.043968	-0.010552	0.082574	0.083033	0.079386	0.079845	-0.002201	-0.002195	-0.002105	-0.002100	1104.162353	1128.137632	1641.080795	1669.640028	0.062188	0.063584	0.093881	0.095594	
0.010983	0.099835	-0.637497	146.634649	146.635000	146.202787	146.203261	0.000007	32.792043	0.001747	6.830092	6.830092	6.830092	6.830092	30.992133	0.048349	-0.006475	0.064418	0.064692	0.061283	0.061557	0.003428	0.003458	0.003007	0.003053	1162.851770	1123.146221	1657.833240	1610.536188	-0.124405	-0.118775	-0.207027	-0.198008	
0.018691	0.576678	-0.045764	146.812390	146.812740	146.381055	146.381527	0.000007	33.128336	0.014923	6.840663	6.840663	6.840663	6.840663	30.693717	0.024074	0.011697	0.076457	0.075959	0.073294	0.072799	0.000259	0.000259	0.000255	0.000255	1145.128592	1142.278240	1677.692887	1674.297563	-0.008053	-0.008032	-0.012021	-0.011995	
0.002809	-0.112616	0.708368	147.033133	147.033482	146.601355	146.601826	0.000007	32.836649	0.002980	6.832357	6.832357	6.832357	6.832357	31.221840	-0.058882	0.014482	0.059893	0.059296	0.056781	0.056186	-0.003705	-0.003667	-0.003274	-0.003225	1131.746512	1175.866166	1612.834264	1665.389375	0.143491	0.150037	0.219244	0.228137	
0.012652	-0.381548	0.299273	146.960454	146.960802	146.528870	146.529339	0.000007	32.910205	0.005647	6.822095	6.822095	6.822095	6.822095	31.191189	-0.051158	0.014200	0.060405	0.059819	0.057291	0.056707	-0.001642	-0.001640	-0.001566	-0.001562	1167.035834	1185.675591	1653.031705	1675.235291	0.061682	0.063021	0.102338	0.104527	
-0.005519	0.899381	-0.389866	146.816606	146.816953	146.385768	146.386236	0.000007	32.664224	-0.004464	6.825469	6.825469	6.825469	6.825469	30.607110	0.020975	-0.009779	0.079073	0.079496	0.075906	0.076329	0.002174	0.002180	0.002072	0.002077	1152.868621	1128.586406	1711.440060	1682.515206	-0.062453	-0.061012	-0.097311	-0.095425	
0.017852	1.231107	-1.450983	146.581610	146.581956	146.150911	146.151377	0.000007	32.801614	0.000761	6.832149	6.832149	6.832149	6.832149	30.741413	0.130968	-0.016499	0.072497	0.073202	0.069346	0.070049	0.007150	0.007408	0.005757	0.005996	1160.077477	1069.705084	1724.129158	1616.478014	-0.226637	-0.207830	-0.346953	-0.323685	
0.007377	1.154747	0.038620	146.985290	146.985635	146.554185	146.554650	0.000007	32.753499	-0.001435	6.843115	6.843115	6.843115	6.843115	30.465331	0.042940	0.005596	0.085673	0.085433	0.082489	0.082250	-0.000222	-0.000222	-0.000218	-0.000218	1119.610965	1122.016372	1674.958434	1677.823743	0.006285	0.006297	0.008804	0.008816	
0.009339	1.644561	0.152568	147.046121	147.046465	146.614183	146.614647	0.000007	32.805275	0.000362	6.824303	6.824303	6.824303	6.824303	30.229875	-0.001337	0.010053	0.094682	0.094240	0.091466	0.091027	-0.000891	-0.000890	-0.000868	-0.000867	1094.889298	1104.391796	1667.300910	1678.620238	0.022252	0.022433	0.032783	0.032984	
0.024477	0.601982	1.677226	147.454826	147.455169	147.023581	147.024043	0.000007	32.746182	-0.002272	6.821495	6.821495	6.821495	6.821495	31.312118	-0.126968	0.040535	0.060406	0.058735	0.057305	0.055639	-0.007635	-0.007286	-0.006214	-0.005945	1069.012447	1173.476071	1568.346900	1692.783448	0.290236	0.315845	0.407431	0.434465	
-0.006429	0.308922	0.886388	147.285942	147.286284	146.855301	146.855762	0.000007	32.726099	-0.003343	6.802544	6.802544	6.802544	6.802544	31.152785	-0.127347	0.013908	0.064058	0.063481	0.060947	0.060372	-0.004574	-0.004507	-0.003923	-0.003839	1132.668044	1187.875440	1655.566797	1721.329572	0.150729	0.159568	0.241208	0.253696	
-0.018311	1.148772	0.690309	147.263061	147.263403	146.833678	146.834138	0.000007	32.951755	0.005420	6.810342	6.810342	6.810342	6.810342	30.669404	-0.114990	-0.000583	0.080354	0.080381	0.077204	0.077232	-0.003780	-0.003754	-0.003476	-0.003449	1111.356599	1154.351481	1675.780326	1726.995616	0.103631	0.107659	0.156568	0.161358	
-0.028270	0.499594	-0.495590	146.996343	146.996683	146.567097	146.567555	0.000007	32.948647	0.005033	6.811372	6.811372	6.811372	6.811372	30.821212	0.008220	-0.029911	0.072463	0.073736	0.069331	0.070601	0.002752	0.002765	0.002542	0.002559	1151.948259	1121.081170	1672.635919	1635.867197	-0.087446	-0.084535	-0.143040	-0.138668	
-0.002841	-0.402182	0.051956	147.162692	147.163032	146.733294	146.733752	0.000007	32.840210	0.000434	6.823746	6.823746	6.823746	6.823746	31.178067	-0.000488	-0.004148	0.061930	0.062105	0.058831	0.059006	-0.000293	-0.000293	-0.000290	-0.000290	1163.699312	1166.935290	1637.081644	1640.936325	0.011453	0.011493	0.018165	0.018227	
0.014044	0.637381	-0.191738	147.133128	147.133466	146.702965	146.703420	0.000007	32.857126	0.000846	6.816025	6.816025	6.816025	6.816025	30.745002	0.022108	0.005634	0.076879	0.076641	0.073731	0.073494	0.001078	0.001079	0.001051	0.001051	1153.420269	1141.478159	1696.174271	1681.948890	-0.032514	-0.032143	-0.050200	-0.049713	
-0.000252	0.218425	0.452170	147.322576	147.322914	146.892471	146.892926	0.000007	32.928340	0.003432	6.817414	6.817414	6.817414	6.817414	31.017411	-0.039493	0.007958	0.068844	0.068512	0.065723	0.065393	-0.002496	-0.002488	-0.002350	-0.002339	1132.217966	1160.380722	1634.428522	1667.975856	0.085592	0.087958	0.129716	0.132814	
-0.023180	0.583776	-0.220445	147.183640	147.183976	146.753580	146.754033	0.000007	32.914037	0.002598	6.808634	6.808634	6.808634	6.808634	30.768704	0.006884	-0.018970	0.075894	0.076706	0.072750	0.073561	0.001243	0.001245	0.001207	0.001208	1151.106925	1137.376809	1685.913474	1669.558228	-0.037731	-0.037208	-0.059804	-0.059075	
-0.012173	0.503054	0.637354	147.425658	147.425994	146.996080	146.996531	0.000007	32.805801	-0.001992	6.815069	6.815069	6.815069	6.815069	30.973656	-0.060520	-0.000060	0.070934	0.070939	0.067813	0.067819	-0.003456	-0.003434	-0.003180	-0.003155	1119.412660	1159.109318	1636.717593	1684.004054	0.113324	0.117438	0.167349	0.172320	
0.019556	0.805173	0.213519	147.349323	147.349658	146.919621	146.920071	0.000007	32.623247	-0.009554	6.803854	6.803854	6.803854	6.803854	30.699438	-0.041484	0.015806	0.080281	0.079605	0.077130	0.076457	-0.001211	-0.001210	-0.001177	-0.001176	1130.324347	1143.623068	1673.140637	1688.982007	0.034839	0.035288	0.054061	0.054650	
-0.005056	1.617948	0.292701	147.396177	147.396511	146.966975	146.967424	0.000007	32.844222	-0.000972	6.807387	6.807387	6.807387	6.807387	30.342378	-0.047418	0.002772	0.093058	0.092939	0.089875	0.089757	-0.001689	-0.001686	-0.001632	-0.001630	1097.927302	1116.157777	1675.530128	1697.246179	0.042236	0.042891	0.062311	0.063038	
-0.010109	0.735312	-0.534828	147.218073	147.218406	146.788952	146.789399	0.000007	32.743329	-0.005265	6.805208	6.805208	6.805208	6.805208	30.748597	0.037405	-0.017185	0.076887	0.077624	0.073748	0.074484	0.002999	0.003014	0.002768	0.002787	1137.464502	1104.153487	1660.756681	1621.076766	-0.092370	-0.089195	-0.146887	-0.142426	
0.023649	1.355899	0.326896	147.461675	147.462007	147.032636	147.033082	0.000007	32.822230	-0.002364	6.813451	6.813451	6.813451	6.813451	30.491370	-0.018082	0.019496	0.088565	0.087718	0.085397	0.084554	-0.001868	-0.001864	-0.001806	-0.001804	1105.377583	1125.737851	1670.140208	1694.393258	0.050130	0.050955	0.071876	0.072760	
0.002417	1.479155	-0.750909	147.221986	147.222316	146.792523	146.792968	0.000007	33.280721	0.015719	6.802177	6.802177	6.802177	6.802177	30.472975	0.067270	-0.011220	0.086783	0.087274	0.083613	0.084103	0.004186	0.004224	0.003787	0.003825	1128.250344	1081.481045	1697.897787	1642.186432	-0.111981	-0.107082	-0.173326	-0.167188	
0.016473	1.032545	0.908741	147.663713	147.664043	147.234655	147.235099	0.000007	32.797712	-0.003856	6.813278	6.813278	6.813278	6.813278	30.860606	-0.061761	0.023966	0.077104	0.076086	0.073974	0.072961	-0.004853	-0.004798	-0.004390	-0.004338	1088.155520	1144.755131	1623.116716	1690.537891	0.149591	0.156230	0.208539	0.215388	
0.013309	0.435046	0.196080	147.515342	147.515670	147.085915	147.086357	0.000007	32.761605	-0.005555	6.792857	6.792857	6.792857	6.792857	30.882975	-0.042948	0.014038	0.075031	0.074437	0.071902	0.071311	-0.001111	-0.001110	-0.001081	-0.001080	1137.643043	1149.855623	1656.843325	1671.390889	0.034393	0.034839	0.055191	0.055835	
0.006964	0.217009	0.336444	147.575536	147.575864	147.147002	147.147443	0.000007	32.909298	0.000101	6.799708	6.799708	6.799708	6.799708	31.032067	-0.050633	0.011095	0.070239	0.069775	0.067132	0.066669	-0.001877	-0.001873	-0.001796	-0.001792	1139.827877	1160.782830	1647.086650	1672.048085	0.062663	0.064002	0.097451	0.099295	
-0.013754	2.021958	0.856797	147.733976	147.734303	147.305568	147.306008	0.000007	32.724894	-0.007526	6.796910	6.796910	6.796910	6.796910	30.397613	-0.104749	0.005481	0.093632	0.093394	0.090461	0.090224	-0.004749	-0.004708	-0.004368	-0.004335	1078.984844	1132.349234	1685.851343	1749.418738	0.113561	0.118187	0.161893	0.166456	
-0.021247	0.317682	-0.510652	147.419571	147.419897	146.991243	146.991681	0.000007	32.825920	-0.003735	6.789607	6.789607	6.789607	6.789607	30.976790	0.013376	-0.025039	0.070255	0.071313	0.067145	0.068201	0.002838	0.002852	0.002586	0.002608	1149.605911	1117.800667	1651.858680	1613.972433	-0.094718	-0.091270	-0.158612	-0.153081	
-0.006687	-0.054103	0.037053	147.582851	147.583177	147.154986	147.155423	0.000007	32.968551	0.001723	6.804106	6.804106	6.804106	6.804106	31.111513	0.002114	-0.006335	0.067194	0.067461	0.064100	0.064368	-0.000209	-0.000209	-0.000206	-0.000206	1159.210018	1161.517784	1656.574015	1659.323015	0.007448	0.007465	0.011505	0.011530	
-0.014876	-0.291040	-0.554102	147.464781	147.465105	147.036311	147.036746	0.000007	32.965505	0.001352	6.796557	6.796557	6.796557	6.796557	31.331041	0.053336	-0.020142	0.058585	0.059418	0.055509	0.056340	0.002932	0.002951	0.002614	0.002645	1187.947064	1153.435635	1680.343763	1639.233922	-0.115267	-0.110777	-0.190671	-0.183435	
-0.005261	0.165846	0.925894	147.861633	147.861957	147.433218	147.433653	0.000007	33.026082	0.003527	6.802021	6.802021	6.802021	6.802021	31.367573	-0.063365	0.007963	0.060778	0.060451	0.057704	0.057380	-0.004626	-0.004560	-0.004068	-0.003999	1135.864437	1193.532377	1651.379718	1720.073480	0.172059	0.180578	0.247083	0.256869	
-0.001790	1.297393	0.029819	147.665911	147.666233	147.237305	147.237738	0.000007	32.763500	-0.007224	6.783737	6.783737	6.783737	6.783737	30.549116	-0.025753	-0.000702	0.087572	0.087605	0.084415	0.084449	-0.000169	-0.000169	-0.000165	-0.000165	1134.154500	1136.011753	1717.569435	1719.781787	0.004350	0.004358	0.006728	0.006738	
-0.032672	1.411362	0.730929	147.865701	147.866023	147.437995	147.438427	0.000007	33.099792	0.005982	6.792746	6.792746	6.792746	6.792746	30.640322	-0.086002	-0.010126	0.085598	0.086038	0.082458	0.082898	-0.004068	-0.004039	-0.003759	-0.003732	1085.586265	1131.111122	1644.572709	1698.801691	0.110041	0.114194	0.158766	0.163227	
-0.002332	1.196925	1.046973	147.972722	147.973043	147.544991	147.545421	0.000007	33.021192	0.002594	6.783534	6.783534	6.783534	6.783534	30.885907	-0.126395	0.013782	0.078256	0.077672	0.075140	0.074558	-0.005557	-0.005467	-0.004871	-0.004784	1084.165875	1149.375058	1632.555163	1710.232017	0.159419	0.168563	0.234453	0.244727	
-0.007651	-0.402653	-0.228444	147.679584	147.679904	147.252225	147.252654	0.000006	33.176572	0.008567	6.778621	6.778621	6.778621	6.778621	31.295724	-0.020921	-0.009702	0.061539	0.061943	0.058467	0.058870	0.001275	0.001276	0.001225	0.001227	1174.314155	1160.085821	1651.431119	1634.482399	-0.048286	-0.047419	-0.084866	-0.083259	
0.003026	0.536596	0.071420	147.780261	147.780580	147.353396	147.353824	0.000006	32.892448	-0.003038	6.792087	6.792087	6.792087	6.792087	30.909193	-0.013622	0.001806	0.075788	0.075714	0.072681	0.072607	-0.000401	-0.000401	-0.000394	-0.000394	1151.387549	1155.835842	1690.942992	1696.241776	0.012350	0.012401	0.018651	0.018715	
-0.009948	-0.327518	0.647342	147.953004	147.953322	147.525566	147.525993	0.000006	32.909017	-0.002617	6.787442	6.787442	6.787442	6.787442	31.481255	-0.067052	0.003529	0.057509	0.057366	0.054454	0.054312	-0.003378	-0.003348	-0.002993	-0.002950	1145.667113	1185.985871	1622.386757	1670.414259	0.135983	0.141875	0.211677	0.220100	
-0.012663	0.190807	-0.385658	147.721255	147.721572	147.293730	147.294156	0.000006	32.849830	-0.005226	6.779519	6.779519	6.779519	6.779519	31.109327	0.014859	-0.015889	0.068070	0.068738	0.064979	0.065645	0.002104	0.002110	0.001987	0.001994	1180.434306	1156.414133	1710.034934	1681.422224	-0.069487	-0.067720	-0.113640	-0.110969	
-0.012127	0.938126	-0.320265	147.762888	147.763204	147.335850	147.336274	0.000006	32.993020	0.000263	6.790172	6.790172	6.790172	6.790172	30.750404	0.039123	-0.014829	0.080860	0.081498	0.077736	0.078373	0.001798	0.001801	0.001734	0.001737	1147.269970	1127.322747	1704.866784	1681.105751	-0.051990	-0.051069	-0.077974	-0.076858	
-0.008068	0.876230	-0.081269	147.850681	147.850996	147.423273	147.423696	0.000006	32.778952	-0.008539	6.788245	6.788245	6.788245	6.788245	30.736994	0.022785	-0.007697	0.082127	0.082460	0.078998	0.079331	0.000466	0.000466	0.000457	0.000457	1131.147808	1126.086107	1672.384091	1666.354618	-0.013569	-0.013507	-0.020329	-0.020253	
0.003578	0.690505	0.312528	147.975754	147.976068	147.548199	147.548621	0.000006	33.054208	0.002232	6.784217	6.784217	6.784217	6.784217	30.878658	-0.024549	0.006996	0.078387	0.078091	0.075271	0.074977	-0.001768	-0.001765	-0.001707	-0.001704	1123.535478	1143.000833	1651.923757	1675.110791	0.053684	0.054655	0.080539	0.081742	
0.012025	-0.108240	-0.479436	147.803620	147.803933	147.376277	147.376697	0.000006	32.966324	-0.001522	6.778478	6.778478	6.778478	6.778478	31.267204	0.040430	-0.000296	0.063594	0.063609	0.060519	0.060534	0.002604	0.002616	0.002378	0.002397	1173.930756	1144.069770	1668.267942	1632.697684	-0.096325	-0.093059	-0.159888	-0.154627	
-0.011292	0.045233	-0.212125	147.895695	147.896008	147.468782	147.469201	0.000006	32.984832	-0.001018	6.786379	6.786379	6.786379	6.786379	31.161819	0.035380	-0.010287	0.067647	0.068080	0.064565	0.064997	0.001177	0.001178	0.001147	0.001148	1172.710216	1159.498291	1686.374991	1670.637012	-0.041003	-0.040467	-0.063521	-0.062780	
-0.014726	0.733568	-0.169882	147.933578	147.933889	147.506401	147.506819	0.000006	33.019992	0.000153	6.782138	6.782138	6.782138	6.782138	30.849764	0.029788	-0.013130	0.078660	0.079223	0.075546	0.076107	0.000957	0.000958	0.000935	0.000936	1149.659315	1139.078438	1696.972187	1684.368298	-0.028492	-0.028216	-0.043146	-0.042799	
-0.004540	0.704897	1.124468	148.282934	148.283244	147.855807	147.856223	0.000006	33.092344	0.002811	6.780405	6.780405	6.780405	6.780405	31.240549	-0.089127	0.012527	0.068221	0.067701	0.065144	0.064626	-0.005663	-0.005553	-0.004915	-0.004812	1101.100283	1171.136128	1629.057512	1712.483861	0.189775	0.200822	0.269878	0.281865	
-0.001837	0.576136	-0.228665	147.970377	147.970686	147.543415	147.543830	0.000006	32.856701	-0.006849	6.764406	6.764406	6.764406	6.764406	30.928437	-0.007559	-0.005426	0.076348	0.076581	0.073243	0.073475	0.001282	0.001283	0.001241	0.001242	1158.054245	1143.812184	1699.744997	1682.779925	-0.038177	-0.037607	-0.062348	-0.061509	
0.012567	1.127111	-0.499626	147.925762	147.926071	147.499761	147.500175	0.000006	33.063809	0.001204	6.778711	6.778711	6.778711	6.778711	30.725157	0.050932	-0.001096	0.083235	0.083285	0.080116	0.080166	0.002791	0.002801	0.002631	0.002641	1142.495295	1111.376835	1705.555931	1668.487777	-0.078714	-0.076517	-0.118981	-0.116306	
0.014528	0.829208	0.005589	148.079520	148.079828	147.653177	147.653590	0.000006	33.058640	0.000766	6.780737	6.780737	6.780737	6.780737	30.798571	0.018485	0.010357	0.082022	0.081580	0.078907	0.078467	-0.000032	-0.000032	-0.000032	-0.000032	1128.994441	1129.342514	1666.354323	1666.768946	0.000947	0.000947	0.001403	0.001404	
-0.019346	0.765765	-0.090233	148.082072	148.082379	147.655311	147.655723	0.000006	32.981510	-0.002551	6.773694	6.773694	6.773694	6.773694	30.829332	0.013302	-0.012949	0.080462	0.081018	0.077348	0.077904	0.000516	0.000516	0.000506	0.000506	1135.805017	1130.185004	1672.649419	1665.954887	-0.015238	-0.015157	-0.023296	-0.023191	
0.018266	-0.219091	-0.262689	148.063672	148.063978	147.637167	147.637577	0.000006	33.021646	-0.001177	6.773586	6.773586	6.773586	6.773586	31.297529	0.035712	0.006433	0.064573	0.064308	0.061506	0.061243	0.001465	0.001467	0.001409	0.001412	1168.766590	1152.405392	1654.213396	1634.724018	-0.054886	-0.053884	-0.089114	-0.087549	
-0.010933	1.703872	-0.003307	148.153852	148.154157	147.727514	147.727923	0.000006	32.926765	-0.005202	6.774423	6.774423	6.774423	6.774423	30.467521	0.010928	-0.006064	0.093971	0.094238	0.090822	0.091090	0.000019	0.000019	0.000018	0.000018	1122.114434	1121.908465	1725.480849	1725.235500	-0.000465	-0.000465	-0.000673	-0.000673	
0.015079	0.780325	0.149290	148.217579	148.217883	147.791230	147.791638	0.000006	33.080512	0.000719	6.770290	6.770290	6.770290	6.770290	30.834042	-0.010543	0.012042	0.081821	0.081308	0.078709	0.078198	-0.000861	-0.000860	-0.000842	-0.000842	1118.488557	1127.786843	1644.116932	1655.193003	0.025532	0.025758	0.038705	0.038991	
0.016309	0.975844	-0.419507	148.100108	148.100412	147.673969	147.674376	0.000006	32.966219	-0.004080	6.767375	6.767375	6.767375	6.767375	30.795517	0.041085	0.004412	0.082152	0.081965	0.079038	0.078853	0.002360	0.002367	0.002242	0.002248	1141.382267	1115.253882	1692.720986	1661.596985	-0.067740	-0.066064	-0.104620	-0.102460	
-0.013521	0.446451	0.155610	148.268501	148.268804	147.842631	147.843036	0.000006	33.057238	-0.000666	6.772746	6.772746	6.772746	6.772746	31.018722	-0.004656	-0.005393	0.075379	0.075609	0.072290	0.072520	-0.000883	-0.000883	-0.000866	-0.000865	1136.720834	1146.412752	1654.686205	1666.231169	0.028278	0.028535	0.042478	0.042805	
0.006217	1.022491	-0.202969	148.204778	148.205080	147.778708	147.779112	0.000006	32.964315	-0.004609	6.765037	6.765037	6.765037	6.765037	30.762689	0.021380	-0.000036	0.083977	0.083981	0.080861	0.080865	0.001152	0.001154	0.001121	0.001122	1138.703177	1126.061529	1697.240774	1682.182106	-0.032202	-0.031828	-0.049142	-0.048675	
-0.011192	0.286640	0.819086	148.484277	148.484578	148.058504	148.058907	0.000006	33.077628	-0.000302	6.767954	6.767954	6.767954	6.767954	31.352705	-0.070902	0.005355	0.065696	0.065476	0.062640	0.062421	-0.004267	-0.004218	-0.003786	-0.003730	1119.449285	1170.464872	1623.742192	1684.511705	0.151960	0.159129	0.223500	0.232197	
-0.014456	0.918988	0.307376	148.381554	148.381854	147.955796	147.956198	0.000006	32.939750	-0.006041	6.755190	6.755190	6.755190	6.755190	30.881752	-0.058615	-0.004693	0.080986	0.081189	0.077885	0.078088	-0.001719	-0.001716	-0.001656	-0.001654	1135.337604	1154.482097	1696.091402	1718.896227	0.048009	0.048870	0.073993	0.075084	
-0.007838	0.270324	0.321740	148.407881	148.408181	147.982795	147.983196	0.000006	33.059331	-0.001480	6.759873	6.759873	6.759873	6.759873	31.158558	-0.054637	-0.001127	0.071649	0.071698	0.068579	0.068629	-0.001799	-0.001796	-0.001727	-0.001723	1138.805545	1158.844657	1649.004832	1672.875322	0.059156	0.060364	0.092146	0.093809	
0.000055	0.640265	0.884999	148.573613	148.573912	148.148608	148.149007	0.000006	33.217012	0.004606	6.758656	6.758656	6.758656	6.758656	31.237662	-0.101498	0.013102	0.070426	0.069881	0.067364	0.066821	-0.004614	-0.004558	-0.004098	-0.004039	1119.244569	1174.365476	1655.111144	1720.770894	0.147682	0.154949	0.217987	0.226531	
0.011972	0.836076	0.165404	148.418122	148.418419	147.993127	147.993526	0.000006	33.158587	0.002049	6.751105	6.751105	6.751105	6.751105	30.892020	-0.052410	0.010806	0.081224	0.080765	0.078128	0.077671	-0.000933	-0.000932	-0.000910	-0.000909	1138.650344	1148.952276	1691.999653	1704.271263	0.026368	0.026632	0.041248	0.041595	
-0.000242	0.133798	-0.677599	148.230483	148.230779	147.805924	147.806322	0.000006	33.153871	0.001642	6.758187	6.758187	6.758187	6.758187	31.310589	0.046001	-0.012091	0.064943	0.065447	0.061893	0.062396	0.003587	0.003620	0.003150	0.003197	1173.924545	1131.721285	1683.000120	1632.727807	-0.129209	-0.123329	-0.210247	-0.201332	
-0.012932	0.875194	-0.721083	148.244785	148.245081	147.820040	147.820436	0.000006	33.087007	-0.001251	6.766745	6.766745	6.766745	6.766745	31.002685	0.086046	-0.021274	0.075427	0.076330	0.072346	0.073247	0.003850	0.003880	0.003508	0.003540	1167.320620	1122.408991	1730.444749	1676.946240	-0.117935	-0.113304	-0.176428	-0.170840	
-0.020173	0.451366	0.817241	148.655353	148.655648	148.229970	148.230365	0.000006	33.243539	0.004790	6.766095	6.766095	6.766095	6.766095	31.319620	-0.048528	-0.002777	0.067882	0.067999	0.064826	0.064944	-0.004256	-0.004213	-0.003843	-0.003798	1121.958759	1172.859437	1642.932211	1703.564844	0.146943	0.153161	0.208597	0.215502	
-0.003288	-0.122657	0.815789	148.679693	148.679986	148.254058	148.254451	0.000006	33.227818	0.003941	6.747396	6.747396	6.747396	6.747396	31.602740	-0.090294	0.010042	0.058751	0.058342	0.055720	0.055313	-0.004141	-0.004085	-0.003567	-0.003495	1146.782674	1197.592925	1646.933234	1707.458152	0.155763	0.164119	0.244456	0.256221	
-0.026827	1.182419	0.015738	148.500889	148.501182	148.076247	148.076640	0.000006	33.254089	0.004775	6.746295	6.746295	6.746295	6.746295	30.770752	-0.036283	-0.017721	0.085478	0.086243	0.082374	0.083137	-0.000088	-0.000088	-0.000086	-0.000086	1144.621459	1145.601689	1729.611123	1730.778768	0.002324	0.002326	0.003583	0.003586	
0.028378	0.963974	-0.020796	148.514816	148.515109	148.090749	148.091140	0.000006	33.123874	-0.000647	6.754407	6.754407	6.754407	6.754407	30.817083	-0.005605	0.016025	0.084672	0.083987	0.081575	0.080892	0.000119	0.000119	0.000117	0.000117	1127.469160	1126.173885	1673.757013	1672.214088	-0.003384	-0.003380	-0.005118	-0.005113	
0.008056	0.098716	-0.949987	148.307510	148.307801	147.883135	147.883525	0.000006	33.224453	0.003161	6.753760	6.753760	6.753760	6.753760	31.451660	0.080600	-0.010208	0.060757	0.061180	0.057722	0.058144	0.004750	0.004845	0.003893	0.004015	1181.199857	1122.031300	1687.581093	1617.099803	-0.183789	-0.172087	-0.298273	-0.280662	
-0.018845	0.442421	-0.226937	148.512280	148.512571	148.087738	148.088127	0.000006	33.291154	0.005615	6.763221	6.763221	6.763221	6.763221	31.119694	0.050795	-0.015822	0.073433	0.074101	0.070364	0.071031	0.001257	0.001258	0.001226	0.001227	1167.800387	1153.665964	1709.131667	1692.294813	-0.040430	-0.039931	-0.059690	-0.059086	
-0.002089	0.872848	-0.111471	148.566655	148.566945	148.141543	148.141931	0.000006	33.132070	-0.000964	6.753886	6.753886	6.753886	6.753886	30.897348	0.030709	-0.004162	0.081800	0.081980	0.078705	0.078885	0.000631	0.000631	0.000618	0.000619	1142.840022	1135.897219	1695.991085	1687.720852	-0.018263	-0.018149	-0.027378	-0.027240	
-0.003810	1.408120	-0.066108	148.600709	148.600998	148.175839	148.176226	0.000006	33.088507	-0.002921	6.751424	6.751424	6.751424	6.751424	30.646854	0.017729	-0.003624	0.090903	0.091063	0.087784	0.087944	0.000380	0.000380	0.000372	0.000372	1120.478241	1116.360797	1695.195938	1690.291260	-0.009906	-0.009871	-0.014651	-0.014612	
0.014901	1.179284	-0.064910	148.624068	148.624356	148.199526	148.199912	0.000006	33.276901	0.004402	6.749869	6.749869	6.749869	6.749869	30.733973	0.015108	0.008645	0.088247	0.087876	0.085138	0.084769	0.000375	0.000375	0.000367	0.000367	1119.453699	1115.410875	1673.711693	1668.895901	-0.010235	-0.010198	-0.015327	-0.015283	
0.004801	1.031301	1.063833	148.929440	148.929727	148.505097	148.505481	0.000006	33.222656	0.002020	6.748799	6.748799	6.748799	6.748799	31.167188	-0.093891	0.020627	0.075575	0.074709	0.072511	0.071648	-0.005535	-0.005447	-0.004884	-0.004801	1090.810267	1157.069567	1633.111015	1712.038763	0.169772	0.178931	0.241106	0.250811	
-0.019888	0.029714	-0.764108	148.495668	148.495954	148.071448	148.071831	0.000006	33.201945	0.000981	6.734937	6.734937	6.734937	6.734937	31.451181	0.033935	-0.027164	0.061770	0.062892	0.058737	0.059856	0.003954	0.004004	0.003333	0.003410	1187.410863	1139.819474	1700.267142	1643.576517	-0.143784	-0.135910	-0.246362	-0.233176	
0.030649	0.787428	0.312953	148.785841	148.786127	148.362436	148.362818	0.000006	33.063619	-0.004760	6.754636	6.754636	6.754636	6.754636	31.038150	-0.015767	0.022477	0.079047	0.078096	0.075976	0.075028	-0.001734	-0.001731	-0.001681	-0.001679	1141.615061	1161.106879	1698.424541	1721.643097	0.051831	0.052647	0.074374	0.075278	
0.011612	-0.307038	0.820923	148.938752	148.939037	148.514638	148.515019	0.000006	33.157549	-0.001212	6.741425	6.741425	6.741425	6.741425	31.738325	-0.079507	0.022578	0.056318	0.055404	0.053310	0.052399	-0.004123	-0.004062	-0.003525	-0.003448	1143.433090	1194.563093	1624.396918	1685.302722	0.168579	0.177711	0.260770	0.273521	
0.004024	0.543917	-0.220156	148.700121	148.700405	148.276278	148.276657	0.000006	33.291972	0.003957	6.734510	6.734510	6.734510	6.734510	31.110784	-0.005696	0.000049	0.075433	0.075433	0.072368	0.072368	0.001215	0.001216	0.001179	0.001180	1173.287851	1159.575768	1729.531907	1713.198142	-0.036320	-0.035827	-0.058063	-0.057373	
-0.003661	1.704950	0.578860	148.921352	148.921635	148.498148	148.498527	0.000006	33.154855	-0.001734	6.745327	6.745327	6.745327	6.745327	30.687807	-0.062304	0.006618	0.092020	0.091735	0.088917	0.088633	-0.003241	-0.003228	-0.003069	-0.003059	1098.517696	1134.571144	1692.396495	1735.343182	0.081760	0.083998	0.115829	0.118076	
0.016265	-0.168667	0.218710	148.855652	148.855934	148.432095	148.432473	0.000006	33.233445	0.001204	6.735278	6.735278	6.735278	6.735278	31.404688	-0.043996	0.014432	0.066781	0.066185	0.063745	0.063152	-0.001232	-0.001231	-0.001194	-0.001193	1148.347519	1161.969584	1629.123371	1645.349906	0.044640	0.045340	0.073011	0.074120	
-0.003680	0.530932	0.114425	148.851080	148.851362	148.427833	148.428210	0.000006	33.219439	0.000439	6.738263	6.738263	6.738263	6.738263	31.117268	-0.029041	0.000378	0.076307	0.076293	0.073247	0.073234	-0.000640	-0.000640	-0.000627	-0.000627	1153.390016	1160.516782	1695.946707	1704.436075	0.019499	0.019630	0.029947	0.030118	
-0.002081	-0.202783	0.170278	148.887941	148.888222	148.464743	148.465118	0.000006	33.295439	0.003275	6.738463	6.738463	6.738463	6.738463	31.440901	-0.028627	0.001051	0.065506	0.065465	0.062477	0.062437	-0.000949	-0.000949	-0.000928	-0.000928	1163.162752	1173.768298	1656.220198	1668.853472	0.034561	0.034956	0.055053	0.055642	
0.011376	-0.099110	-0.266259	148.801539	148.801819	148.378292	148.378666	0.000006	33.096638	-0.004881	6.736791	6.736791	6.736791	6.736791	31.411939	0.019413	0.002729	0.065904	0.065793	0.062872	0.062762	0.001462	0.001464	0.001409	0.001411	1183.391443	1166.807903	1695.231227	1675.476997	-0.051824	-0.050912	-0.083661	-0.082284	
-0.011500	1.218854	-0.268684	148.823261	148.823541	148.400086	148.400459	0.000006	33.325126	0.004056	6.740710	6.740710	6.740710	6.740710	30.831368	0.033756	-0.011462	0.085831	0.086325	0.082743	0.083237	0.001506	0.001508	0.001461	0.001462	1146.877913	1130.143335	1729.261566	1709.327421	-0.040814	-0.040239	-0.060471	-0.059809	
0.006090	0.351186	-0.083800	148.892620	148.892899	148.469262	148.469633	0.000006	33.266584	0.001512	6.739723	6.739723	6.739723	6.739723	31.168811	0.022468	0.001925	0.074860	0.074781	0.071804	0.071725	0.000476	0.000476	0.000468	0.000468	1147.790306	1142.570957	1663.166672	1656.949410	-0.015480	-0.015400	-0.023766	-0.023660	
-0.006870	-0.112315	0.854382	149.149665	149.149942	148.726254	148.726624	0.000006	33.241619	0.000310	6.736583	6.736583	6.736583	6.736583	31.705076	-0.070230	0.008620	0.058639	0.058290	0.055634	0.055287	-0.004288	-0.004227	-0.003722	-0.003652	1140.902926	1194.116873	1636.468019	1699.856207	0.168323	0.176971	0.251475	0.262522	
-0.001910	0.743247	1.054362	149.221580	149.221857	148.798340	148.798710	0.000006	33.256366	0.000699	6.724958	6.724958	6.724958	6.724958	31.399696	-0.119620	0.015455	0.069594	0.068954	0.066561	0.065923	-0.005333	-0.005245	-0.004638	-0.004549	1127.207039	1192.876460	1685.572000	1763.797086	0.165432	0.174948	0.245470	0.256495	
-0.020454	0.352201	0.471802	149.096136	149.096412	148.673629	148.673997	0.000006	33.143832	-0.004001	6.721708	6.721708	6.721708	6.721708	31.319175	-0.092600	-0.005401	0.071009	0.071236	0.067973	0.068201	-0.002570	-0.002561	-0.002406	-0.002395	1146.966856	1176.352335	1677.545173	1712.549009	0.081271	0.083710	0.128746	0.132146	
0.003105	0.111983	-0.209732	148.946730	148.947005	148.524746	148.525113	0.000006	33.237779	-0.000440	6.727355	6.727355	6.727355	6.727355	31.323965	-0.008451	-0.003533	0.069811	0.069960	0.066780	0.066929	0.001165	0.001166	0.001132	0.001133	1172.346308	1159.283483	1691.317229	1675.756856	-0.038960	-0.038421	-0.063019	-0.062214	
0.011426	0.035086	-0.498679	148.897068	148.897342	148.474935	148.475301	0.000005	33.194442	-0.002370	6.734101	6.734101	6.734101	6.734101	31.437007	0.048799	-0.001360	0.065653	0.065712	0.062632	0.062691	0.002677	0.002688	0.002472	0.002488	1183.565904	1152.506435	1700.238884	1663.240999	-0.095741	-0.092704	-0.151625	-0.147256	
-0.001557	1.740208	0.464521	149.161060	149.161333	148.738422	148.738787	0.000005	33.306564	0.001917	6.736354	6.736354	6.736354	6.736354	30.713034	-0.031817	0.006573	0.092879	0.092595	0.089782	0.089500	-0.002597	-0.002590	-0.002490	-0.002486	1110.642886	1139.574883	1717.759181	1752.222831	0.064898	0.066260	0.090869	0.092197	
0.004344	0.627313	-0.291025	148.994827	148.995100	148.571836	148.572200	0.000005	33.217657	-0.001837	6.724426	6.724426	6.724426	6.724426	31.080590	0.020383	-0.002197	0.078564	0.078659	0.075502	0.075597	0.001650	0.001653	0.001588	0.001591	1143.358129	1125.232074	1671.145081	1649.553414	-0.050265	-0.049334	-0.079724	-0.078421	
0.001407	-1.032830	0.065969	149.104149	149.104421	148.681701	148.682064	0.000005	33.397698	0.005168	6.731947	6.731947	6.731947	6.731947	31.837562	0.000068	0.002061	0.053779	0.053698	0.050794	0.050713	-0.000367	-0.000367	-0.000363	-0.000363	1187.855226	1191.964030	1635.326360	1640.220747	0.016845	0.016931	0.028369	0.028524	
0.017578	0.365688	0.447177	149.222055	149.222326	148.799489	148.799851	0.000005	33.299881	0.001060	6.726992	6.726992	6.726992	6.726992	31.360163	-0.043896	0.018792	0.071016	0.070235	0.067983	0.067205	-0.002406	-0.002399	-0.002283	-0.002276	1160.279485	1188.131236	1706.171566	1739.348433	0.077085	0.079018	0.115642	0.118032	
-0.030217	0.450196	-0.137962	149.096862	149.097132	148.674428	148.674789	0.000005	33.290768	0.000500	6.721672	6.721672	6.721672	6.721672	31.194152	-0.004966	-0.021010	0.074978	0.075863	0.071932	0.072816	0.000771	0.000772	0.000755	0.000755	1162.135324	1153.542572	1700.358377	1690.122733	-0.023855	-0.023652	-0.037631	-0.037349	
-0.032927	-0.686428	0.212976	149.205144	149.205414	148.783105	148.783465	0.000005	33.201332	-0.003270	6.727321	6.727321	6.727321	6.727321	31.733328	-0.026103	-0.020756	0.057493	0.058339	0.054502	0.055346	-0.001172	-0.001171	-0.001136	-0.001135	1177.182908	1190.447821	1646.254376	1662.055474	0.048748	0.049490	0.079064	0.080253	
0.013795	-0.517035	-1.128404	148.891981	148.892250	148.469795	148.470153	0.000005	33.419010	0.005244	6.722423	6.722423	6.722423	6.722423	31.959933	0.080706	-0.012555	0.047958	0.048462	0.044987	0.045490	0.005080	0.005250	0.003840	0.004040	1230.191841	1159.910824	1734.135154	1650.416758	-0.235703	-0.216976	-0.398129	-0.367324	
0.013845	1.244357	0.761467	149.385222	149.385490	148.963184	148.963541	0.000005	33.408430	0.004628	6.736585	6.736585	6.736585	6.736585	31.115664	-0.044571	0.019066	0.080621	0.079816	0.077568	0.076766	-0.004019	-0.003995	-0.003765	-0.003744	1130.310115	1177.737013	1726.060698	1782.555382	0.114442	0.118051	0.155012	0.158380	
0.003473	0.021900	0.588978	149.365750	149.366017	148.943021	148.943377	0.000005	33.293333	-0.000169	6.714308	6.714308	6.714308	6.714308	31.558150	-0.074720	0.013684	0.065214	0.064653	0.062199	0.061640	-0.003148	-0.003128	-0.002856	-0.002827	1143.984892	1180.668525	1646.683441	1690.380801	0.111097	0.115417	0.175431	0.181598	
-0.006333	0.001710	-0.116771	149.207492	149.207758	148.785628	148.785984	0.000005	33.339464	0.001485	6.715200	6.715200	6.715200	6.715200	31.420607	-0.014916	-0.005817	0.068340	0.068583	0.065320	0.065563	0.000646	0.000646	0.000634	0.000634	1179.450490	1172.177595	1699.723570	1691.060133	-0.021837	-0.021668	-0.035519	-0.035263	
0.013724	0.838520	-0.327717	149.175264	149.175529	148.753879	148.754234	0.000005	33.530256	0.008928	6.722313	6.722313	6.722313	6.722313	31.076008	0.031435	0.002752	0.080134	0.080019	0.077083	0.076969	0.001819	0.001822	0.001752	0.001755	1159.283953	1138.872566	1721.675868	1697.361926	-0.053124	-0.052149	-0.080562	-0.079354	
-0.003582	-0.245683	0.457696	149.393681	149.393946	148.971998	148.972351	0.000005	33.302949	-0.000353	6.723757	6.723757	6.723757	6.723757	31.644158	-0.036583	0.005412	0.062347	0.062128	0.059349	0.059130	-0.002468	-0.002459	-0.002302	-0.002289	1154.178276	1182.685235	1641.859338	1675.816685	0.094907	0.097654	0.145103	0.148870	
0.011974	-0.446978	0.150322	149.338362	149.338626	148.916413	148.916766	0.000005	33.270967	-0.001822	6.713919	6.713919	6.713919	6.713919	31.654942	-0.027886	0.010480	0.061696	0.061269	0.058696	0.058271	-0.000824	-0.000823	-0.000807	-0.000806	1185.834016	1195.196609	1683.015586	1694.168261	0.031003	0.031326	0.050792	0.051307	
-0.015880	-0.347403	0.035740	149.329151	149.329414	148.907659	148.908010	0.000005	33.281250	-0.001599	6.716416	6.716416	6.716416	6.716416	31.599567	-0.015989	-0.009206	0.063087	0.063467	0.060086	0.060466	-0.000197	-0.000197	-0.000194	-0.000194	1187.020304	1189.246310	1690.640307	1693.291914	0.007260	0.007278	0.011693	0.011719	
-0.001036	0.232169	0.904347	149.567177	149.567440	149.145797	149.146147	0.000005	33.495333	0.006778	6.716820	6.716820	6.716820	6.716820	31.653616	-0.087032	0.011439	0.063387	0.062920	0.060391	0.059926	-0.004548	-0.004488	-0.004001	-0.003935	1142.619531	1198.945459	1670.673226	1737.768391	0.161168	0.169213	0.236580	0.246135	
-0.003502	-0.198987	-0.018794	149.357222	149.357484	148.935804	148.936153	0.000005	33.350475	0.000797	6.706113	6.706113	6.706113	6.706113	31.534090	-0.029176	-0.002676	0.065629	0.065741	0.062622	0.062735	0.000104	0.000104	0.000102	0.000102	1184.657980	1183.487398	1696.611727	1695.217336	-0.003624	-0.003619	-0.006031	-0.006024	
0.033107	-0.097650	-0.149537	149.343383	149.343644	148.922540	148.922888	0.000005	33.361146	0.001040	6.715555	6.715555	6.715555	6.715555	31.497089	0.009798	0.018785	0.067225	0.066451	0.064218	0.063446	0.000825	0.000826	0.000809	0.000809	1182.454843	1173.141172	1696.739989	1685.645591	-0.029068	-0.028790	-0.046120	-0.045715	
-0.007980	0.873752	0.540964	149.537663	149.537924	149.116583	149.116930	0.000005	33.382273	0.001701	6.716165	6.716165	6.716165	6.716165	31.199267	-0.054462	0.005211	0.078532	0.078314	0.075495	0.075278	-0.002944	-0.002933	-0.002780	-0.002769	1133.521213	1167.214389	1695.161637	1735.296779	0.086586	0.089003	0.125721	0.128427	
0.001733	0.180098	-0.550580	149.285662	149.285922	148.864347	148.864693	0.000005	33.384032	0.001586	6.707432	6.707432	6.707432	6.707432	31.448811	0.036013	-0.009220	0.067871	0.068255	0.064857	0.065240	0.002963	0.002979	0.002693	0.002717	1177.613827	1143.321757	1698.395275	1657.546732	-0.101431	-0.097703	-0.166046	-0.160370	
0.004069	0.558569	0.244630	149.503529	149.503788	149.082628	149.082973	0.000005	33.158988	-0.007599	6.718776	6.718776	6.718776	6.718776	31.256122	-0.012529	0.005930	0.076339	0.076092	0.073309	0.073063	-0.001357	-0.001356	-0.001322	-0.001321	1149.879311	1165.115727	1694.605871	1712.755413	0.042163	0.042714	0.061763	0.062411	
0.014084	0.378288	1.417497	149.818689	149.818946	149.397378	149.397722	0.000005	33.203111	-0.006017	6.708962	6.708962	6.708962	6.708962	31.820736	-0.117260	0.029658	0.059950	0.058747	0.056969	0.055770	-0.006561	-0.006346	-0.005443	-0.005259	1112.605361	1200.892101	1634.268026	1739.434750	0.245633	0.263967	0.350546	0.370678	
-0.000632	0.975203	-0.118937	149.453660	149.453917	149.032627	149.032970	0.000005	33.327040	-0.001243	6.694838	6.694838	6.694838	6.694838	31.050056	-0.030339	-0.001131	0.082972	0.083022	0.079921	0.079971	0.000662	0.000662	0.000645	0.000645	1160.887618	1153.479795	1742.655683	1733.831521	-0.017816	-0.017688	-0.028516	-0.028344	
0.021017	1.720812	-0.221660	149.445432	149.445689	149.025389	149.025731	0.000005	33.394117	0.001262	6.711207	6.711207	6.711207	6.711207	30.685671	0.015852	0.009567	0.096004	0.095589	0.092923	0.092510	0.001270	0.001271	0.001232	0.001233	1121.256437	1107.450671	1718.793337	1702.347977	-0.031332	-0.030978	-0.046024	-0.045637	
-0.028147	0.973251	0.535108	149.656685	149.656941	149.236171	149.236512	0.000005	33.330601	-0.001459	6.711554	6.711554	6.711554	6.711554	31.123745	-0.054400	-0.008825	0.081712	0.082088	0.078673	0.079048	-0.002988	-0.002976	-0.002818	-0.002807	1107.465834	1140.794246	1648.218924	1687.919562	0.087588	0.090089	0.127165	0.129991	
-0.027503	0.249028	1.090982	149.816231	149.816486	149.395338	149.395678	0.000005	33.291105	-0.003219	6.702078	6.702078	6.702078	6.702078	31.746647	-0.115183	-0.003110	0.061739	0.061867	0.058756	0.058885	-0.005369	-0.005252	-0.004538	-0.004418	1122.427612	1190.377862	1634.718197	1715.660196	0.195231	0.207738	0.290778	0.306107	
0.008863	1.555352	0.660629	149.727162	149.727416	149.306692	149.307031	0.000005	33.215043	-0.006441	6.694939	6.694939	6.694939	6.694939	30.961344	-0.104678	0.015273	0.088414	0.087761	0.085357	0.084707	-0.003612	-0.003591	-0.003362	-0.003345	1118.681023	1159.827374	1724.814635	1773.827963	0.090205	0.093313	0.134559	0.138010	
0.000071	-0.006726	0.824244	149.786297	149.786551	149.366463	149.366801	0.000005	33.402920	0.000898	6.698918	6.698918	6.698918	6.698918	31.746623	-0.113007	0.013652	0.061869	0.061314	0.058893	0.058340	-0.004229	-0.004171	-0.003654	-0.003582	1132.969409	1184.306258	1627.722436	1688.874635	0.157391	0.165814	0.244019	0.255578	
-0.003056	-0.147501	-0.445514	149.488762	149.489014	149.068958	149.069294	0.000005	33.629661	0.009792	6.696255	6.696255	6.696255	6.696255	31.627187	0.004461	-0.010255	0.063273	0.063695	0.060287	0.060709	0.002378	0.002386	0.002198	0.002211	1199.304063	1171.555888	1719.669368	1686.615881	-0.084793	-0.082188	-0.142341	-0.138118	
0.003240	0.782672	0.164263	149.660354	149.660606	149.240640	149.240976	0.000005	33.394246	0.000200	6.709601	6.709601	6.709601	6.709601	31.184290	-0.014773	0.003623	0.079902	0.079750	0.076873	0.076723	-0.000913	-0.000912	-0.000894	-0.000893	1151.553537	1161.784417	1714.780824	1726.967797	0.026834	0.027063	0.039221	0.039484	
0.000886	0.828027	-0.325898	149.559496	149.559747	149.139093	149.139427	0.000005	33.256977	-0.005467	6.701895	6.701895	6.701895	6.701895	31.133715	0.029418	-0.004927	0.080746	0.080957	0.077708	0.077919	0.001823	0.001826	0.001753	0.001756	1152.609596	1132.311488	1706.704583	1682.525579	-0.053258	-0.052247	-0.081962	-0.080662	
0.002829	0.436175	0.591794	149.807736	149.807987	149.387396	149.387730	0.000005	33.387331	-0.000429	6.706437	6.706437	6.706437	6.706437	31.453483	-0.049035	0.010801	0.071862	0.071415	0.068855	0.068410	-0.003190	-0.003173	-0.002965	-0.002947	1133.186875	1170.045936	1658.922222	1702.828552	0.105307	0.108739	0.154188	0.158259	
-0.014780	-0.140697	-0.781152	149.484633	149.484883	149.064163	149.064496	0.000005	33.383918	-0.000742	6.695307	6.695307	6.695307	6.695307	31.742850	0.051449	-0.023662	0.059097	0.060062	0.056118	0.057081	0.003958	0.004011	0.003330	0.003408	1200.923773	1152.270840	1713.987482	1656.032351	-0.151761	-0.143525	-0.254845	-0.241507	
0.002997	0.041004	0.563013	149.838418	149.838667	149.418467	149.418799	0.000005	33.440845	0.001361	6.709802	6.709802	6.709802	6.709802	31.668437	-0.035848	0.008065	0.064747	0.064418	0.061763	0.061436	-0.002956	-0.002943	-0.002756	-0.002740	1162.668532	1197.734968	1687.122165	1728.893129	0.106496	0.109703	0.154354	0.158147	
-0.009940	1.025119	-0.152335	149.680995	149.681243	149.260518	149.260849	0.000005	33.534541	0.004934	6.693925	6.693925	6.693925	6.693925	31.070251	0.002235	-0.008874	0.083749	0.084129	0.080705	0.081084	0.000850	0.000851	0.000829	0.000829	1156.057170	1146.569212	1735.681081	1724.379073	-0.023242	-0.023042	-0.035725	-0.035476	
-0.015305	-0.760092	-0.265304	149.669938	149.670186	149.250002	149.250332	0.000005	33.429429	0.000556	6.700987	6.700987	6.700987	6.700987	31.862381	0.028249	-0.015502	0.056599	0.057228	0.053634	0.054262	0.001454	0.001456	0.001386	0.001389	1190.475776	1173.951674	1654.375812	1634.692383	-0.062753	-0.061502	-0.105504	-0.103333	
-0.004530	0.333425	0.193967	149.804644	149.804891	149.384670	149.384999	0.000005	33.468026	0.001927	6.701471	6.701471	6.701471	6.701471	31.424959	-0.009960	-0.001292	0.072561	0.072617	0.069555	0.069611	-0.001063	-0.001062	-0.001039	-0.001039	1169.777770	1181.858693	1716.252801	1730.643537	0.033986	0.034352	0.050835	0.051287	
-0.010106	1.394793	-0.051926	149.762607	149.762853	149.342491	149.342818	0.000005	33.405009	-0.000766	6.695437	6.695437	6.695437	6.695437	30.902672	0.001289	-0.007846	0.090241	0.090581	0.087183	0.087522	0.000294	0.000294	0.000287	0.000287	1135.738253	1132.504140	1726.799912	1722.947453	-0.007575	-0.007554	-0.011278	-0.011254	
0.000896	-0.170018	0.251067	149.856532	149.856777	149.436702	149.437029	0.000005	33.377362	-0.002043	6.697322	6.697322	6.697322	6.697322	31.616863	-0.025966	0.003870	0.066527	0.066369	0.063539	0.063383	-0.001400	-0.001399	-0.001355	-0.001353	1153.548685	1169.186051	1640.959441	1659.586594	0.051467	0.052321	0.080762	0.082001	
-0.019904	-0.521690	0.170324	149.855459	149.855704	149.435678	149.436003	0.000005	33.353034	-0.003187	6.693112	6.693112	6.693112	6.693112	31.789245	-0.029594	-0.010375	0.060446	0.060870	0.057475	0.057899	-0.000932	-0.000931	-0.000910	-0.000910	1186.431213	1197.039597	1678.540768	1691.177422	0.036030	0.036455	0.058580	0.059248	
-0.002657	0.259169	-0.432067	149.723114	149.723358	149.303546	149.303870	0.000005	33.584071	0.005885	6.693159	6.693159	6.693159	6.693159	31.486555	0.034693	-0.010678	0.069686	0.070131	0.066689	0.067132	0.002326	0.002333	0.002192	0.002200	1189.115363	1162.204692	1732.862465	1700.806609	-0.076437	-0.074422	-0.120674	-0.117868	
-0.001817	0.795932	0.478295	149.969382	149.969625	149.549917	149.550241	0.000005	33.535155	0.003759	6.699079	6.699079	6.699079	6.699079	31.297392	-0.036914	0.005339	0.078257	0.078034	0.075241	0.075019	-0.002613	-0.002605	-0.002488	-0.002481	1137.274121	1167.064030	1694.721658	1730.207250	0.078325	0.080231	0.112837	0.114954	
-0.009460	0.619819	0.274943	149.938298	149.938541	149.518524	149.518846	0.000005	33.372566	-0.002914	6.688061	6.688061	6.688061	6.688061	31.296985	-0.043519	-0.001580	0.077902	0.077970	0.074884	0.074953	-0.001534	-0.001532	-0.001484	-0.001483	1142.841831	1159.966265	1685.753980	1706.152521	0.046013	0.046760	0.070592	0.071554	
0.019906	0.598031	0.472554	150.004828	150.005070	149.585499	149.585820	0.000005	33.324225	-0.005015	6.689456	6.689456	6.689456	6.689456	31.375253	-0.061708	0.020105	0.076144	0.075305	0.073136	0.072299	-0.002591	-0.002582	-0.002448	-0.002439	1137.267090	1166.699411	1677.807983	1712.867618	0.079630	0.081782	0.119891	0.122553	
0.028587	0.578679	-0.434046	149.796622	149.796863	149.377478	149.377799	0.000005	33.621733	0.006718	6.686475	6.686475	6.686475	6.686475	31.328494	0.025045	0.012388	0.076093	0.075576	0.073082	0.072567	0.002382	0.002390	0.002247	0.002255	1168.314336	1141.280439	1715.763285	1683.560642	-0.073167	-0.071216	-0.115897	-0.113203	
0.005980	0.803569	0.041638	149.933495	149.933735	149.514537	149.514856	0.000005	33.321815	-0.005444	6.695778	6.695778	6.695778	6.695778	31.194623	0.003591	0.006331	0.081571	0.081305	0.078549	0.078284	-0.000234	-0.000234	-0.000230	-0.000230	1146.032950	1148.626309	1701.315456	1704.404652	0.006879	0.006894	0.010131	0.010149	
0.005551	-0.632553	-0.486236	149.821410	149.821650	149.402016	149.402335	0.000005	33.433462	-0.001144	6.689652	6.689652	6.689652	6.689652	31.916926	0.049223	-0.003970	0.056094	0.056255	0.053137	0.053299	0.002567	0.002581	0.002295	0.002320	1197.510341	1167.225854	1673.682248	1637.607518	-0.109734	-0.105790	-0.185150	-0.178382	
0.001019	0.939991	-0.494407	149.837148	149.837387	149.417849	149.418166	0.000005	33.432134	-0.001364	6.694674	6.694674	6.694674	6.694674	31.230078	0.067839	-0.007013	0.079368	0.079665	0.076347	0.076645	0.002672	0.002681	0.002532	0.002540	1176.390310	1145.596870	1761.676316	1724.995324	-0.077456	-0.075466	-0.114863	-0.112543	
-0.010793	1.223102	0.758623	150.169509	150.169747	149.750038	149.750354	0.000005	33.534696	0.002573	6.693968	6.693968	6.693968	6.693968	31.216090	-0.053279	0.004339	0.082487	0.082305	0.079463	0.079282	-0.004093	-0.004065	-0.003797	-0.003771	1109.457654	1156.707418	1680.014907	1736.298591	0.116385	0.120531	0.162875	0.167071	
-0.010512	0.195488	0.002069	149.998835	149.999072	149.579285	149.579601	0.000005	33.562961	0.003538	6.679135	6.679135	6.679135	6.679135	31.456602	-0.019933	-0.007225	0.072748	0.073050	0.069748	0.070050	-0.000012	-0.000012	-0.000011	-0.000011	1160.475813	1160.604708	1679.349004	1679.502542	0.000377	0.000377	0.000609	0.000609	
-0.014042	-0.371527	-0.137480	149.979760	149.979997	149.561020	149.561335	0.000005	33.537201	0.002345	6.686748	6.686748	6.686748	6.686748	31.731950	0.007325	-0.012625	0.063195	0.063713	0.060227	0.060744	0.000758	0.000759	0.000744	0.000744	1187.228748	1178.666020	1684.042280	1673.842401	-0.028596	-0.028329	-0.046271	-0.045859	
-0.008290	0.007858	-0.605254	149.881601	149.881837	149.462844	149.463158	0.000005	33.379747	-0.004116	6.687581	6.687581	6.687581	6.687581	31.692935	0.061693	-0.016943	0.063719	0.064414	0.060747	0.061441	0.003160	0.003180	0.002854	0.002882	1199.625275	1161.927896	1728.875021	1683.970091	-0.113986	-0.109683	-0.180673	-0.174524	
0.021544	0.576577	-0.666187	149.884736	149.884971	149.465812	149.466125	0.000005	33.557286	0.002823	6.691967	6.691967	6.691967	6.691967	31.450135	0.090415	0.002423	0.072353	0.072254	0.069356	0.069258	0.003513	0.003536	0.003214	0.003241	1184.947985	1143.455508	1744.115985	1694.690352	-0.113126	-0.108966	-0.170475	-0.165310	
0.032325	0.343062	0.389829	150.167622	150.167857	149.748396	149.748708	0.000005	33.404031	-0.003470	6.691831	6.691831	6.691831	6.691831	31.514380	-0.006794	0.028737	0.072733	0.071542	0.069738	0.068551	-0.002128	-0.002123	-0.002041	-0.002036	1151.243571	1175.523503	1683.464694	1712.386829	0.070347	0.071817	0.102385	0.104116	
0.006638	-0.242399	0.235496	150.147310	150.147544	149.727950	149.728261	0.000005	33.482149	-0.000508	6.679214	6.679214	6.679214	6.679214	31.727923	-0.029382	0.011291	0.065008	0.064547	0.062033	0.061574	-0.001291	-0.001290	-0.001251	-0.001250	1173.809299	1188.476814	1677.302890	1694.774761	0.046769	0.047502	0.074851	0.075947	
0.003159	0.454544	-1.340226	149.769307	149.769540	149.350614	149.350923	0.000005	33.641076	0.005688	6.680122	6.680122	6.680122	6.680122	31.732295	0.097144	-0.021615	0.061508	0.062393	0.058541	0.059423	0.006260	0.006474	0.004925	0.005147	1210.281851	1126.807830	1768.000691	1668.566853	-0.226829	-0.208316	-0.362473	-0.336795	
-0.001630	0.276520	0.485856	150.243288	150.243521	149.824884	149.825193	0.000005	33.558728	0.002235	6.696991	6.696991	6.696991	6.696991	31.611976	-0.014668	0.004456	0.069457	0.069275	0.066479	0.066297	-0.002592	-0.002585	-0.002468	-0.002460	1158.375394	1188.636220	1695.715603	1731.762148	0.089042	0.091136	0.124666	0.126940	
-0.031618	0.804307	0.166675	150.184044	150.184275	149.764754	149.765062	0.000005	33.396283	-0.004424	6.675827	6.675827	6.675827	6.675827	31.262021	-0.026570	-0.017877	0.080532	0.081288	0.077516	0.078270	-0.000928	-0.000928	-0.000906	-0.000906	1150.443054	1160.824153	1714.327706	1726.693620	0.026558	0.026809	0.040467	0.040779	
0.003044	1.138272	0.270982	150.225048	150.225279	149.806468	149.806775	0.000005	33.560287	0.001977	6.678484	6.678484	6.678484	6.678484	31.116149	-0.036310	0.004192	0.086362	0.086186	0.083335	0.083160	-0.001525	-0.001523	-0.001479	-0.001478	1127.873504	1144.751230	1697.772738	1717.877401	0.041588	0.042191	0.061639	0.062335	
-0.021101	1.018645	0.713355	150.353010	150.353241	149.934756	149.935063	0.000005	33.577943	0.002526	6.676643	6.676643	6.676643	6.676643	31.316082	-0.086693	-0.002456	0.080206	0.080311	0.077201	0.077306	-0.003870	-0.003843	-0.003564	-0.003536	1113.096337	1157.526651	1669.127722	1722.052890	0.111873	0.116116	0.163717	0.168504	
-0.003520	-1.568916	0.160350	150.231882	150.232111	149.813767	149.814072	0.000005	33.422809	-0.003836	6.670946	6.670946	6.670946	6.670946	32.317910	-0.047141	-0.001086	0.045906	0.045950	0.042995	0.043040	-0.000875	-0.000874	-0.000841	-0.000840	1206.311822	1216.298961	1631.814887	1643.711517	0.045930	0.046629	0.087617	0.089277	
-0.009226	0.632024	-0.960882	149.967892	149.968121	149.550145	149.550449	0.000005	33.506099	-0.000660	6.676329	6.676329	6.676329	6.676329	31.572840	0.069506	-0.023774	0.068237	0.069221	0.065262	0.066243	0.004803	0.004873	0.004147	0.004226	1211.284992	1151.437819	1796.081139	1724.791485	-0.153473	-0.145116	-0.239473	-0.228578	
-0.007859	1.226663	-0.132430	150.192916	150.193145	149.775037	149.775340	0.000005	33.613862	0.003495	6.688089	6.688089	6.688089	6.688089	31.084027	0.039469	-0.008727	0.086977	0.087351	0.083953	0.084326	0.000741	0.000742	0.000726	0.000727	1147.153084	1138.904851	1734.437481	1724.612228	-0.020294	-0.020166	-0.028846	-0.028711	
-0.003721	0.326118	1.119777	150.525418	150.525645	150.106771	150.107074	0.000004	33.643690	0.004532	6.678058	6.678058	6.678058	6.678058	31.859801	-0.083981	0.013254	0.063309	0.062771	0.060352	0.059816	-0.005474	-0.005359	-0.004694	-0.004583	1118.287050	1188.030768	1633.297602	1716.375971	0.201535	0.213614	0.288687	0.302313	
0.002316	0.810447	0.375384	150.355536	150.355763	149.937085	149.937386	0.000004	33.504229	-0.001203	6.663303	6.663303	6.663303	6.663303	31.342417	-0.068823	0.008256	0.079541	0.079196	0.076537	0.076193	-0.002056	-0.002051	-0.001966	-0.001962	1151.118800	1174.499050	1722.302225	1750.152662	0.058012	0.059277	0.089986	0.091603	
0.019936	1.359969	-0.550387	150.138539	150.138765	149.721095	149.721396	0.000004	33.624401	0.003451	6.670838	6.670838	6.670838	6.670838	31.060782	0.034541	0.002969	0.087646	0.087521	0.084622	0.084498	0.003046	0.003060	0.002854	0.002867	1149.790629	1115.510564	1739.231475	1698.397233	-0.080751	-0.078289	-0.123589	-0.120597	
0.005620	0.799743	0.337666	150.378129	150.378355	149.960721	149.961021	0.000004	33.687572	0.005826	6.680470	6.680470	6.680470	6.680470	31.306417	-0.024157	0.009738	0.080976	0.080568	0.077976	0.077569	-0.001890	-0.001887	-0.001826	-0.001824	1129.125833	1150.156870	1673.726342	1698.778408	0.056680	0.057681	0.081990	0.083124	
0.023145	0.198055	0.215097	150.366227	150.366452	149.948177	149.948476	0.000004	33.295028	-0.010029	6.669811	6.669811	6.669811	6.669811	31.555739	-0.029993	0.019626	0.072554	0.071742	0.069572	0.068763	-0.001196	-0.001195	-0.001164	-0.001163	1156.405879	1169.802894	1677.094477	1693.052934	0.039352	0.039880	0.061338	0.062064	
0.000140	0.645571	-0.189834	150.280633	150.280858	149.862873	149.863171	0.000004	33.449495	-0.004003	6.670354	6.670354	6.670354	6.670354	31.348216	0.008383	-0.001437	0.078600	0.078662	0.075602	0.075664	0.001055	0.001056	0.001029	0.001030	1164.192902	1152.369344	1719.738698	1705.654534	-0.031486	-0.031139	-0.048509	-0.048060	
-0.019709	0.360653	-0.239370	150.284908	150.285132	149.867339	149.867636	0.000004	33.531229	-0.000885	6.674152	6.674152	6.674152	6.674152	31.475150	0.026766	-0.017036	0.073957	0.074668	0.070973	0.071682	0.001329	0.001330	0.001291	0.001292	1167.371129	1152.462320	1700.949922	1683.190623	-0.042882	-0.042273	-0.065926	-0.065119	
-0.019090	0.313954	-1.001699	150.111744	150.111967	149.693999	149.694295	0.000004	33.425648	-0.005260	6.673958	6.673958	6.673958	6.673958	31.735114	0.097317	-0.031604	0.063637	0.064931	0.060677	0.061968	0.004958	0.005051	0.004153	0.004262	1196.098446	1133.709058	1735.843452	1661.525524	-0.179336	-0.168459	-0.281235	-0.266352	
-0.015649	0.248534	-0.010024	150.376600	150.376822	149.958763	149.959058	0.000004	33.430012	-0.005237	6.681671	6.681671	6.681671	6.681671	31.550446	0.035747	-0.012481	0.072142	0.072662	0.069163	0.069682	0.000055	0.000055	0.000055	0.000055	1174.660345	1174.036015	1713.528604	1712.784905	-0.001836	-0.001835	-0.002683	-0.002682	
-0.031994	-0.009597	0.553840	150.535743	150.535965	150.117455	150.117749	0.000004	33.455544	-0.004368	6.669889	6.669889	6.669889	6.669889	31.804218	-0.045280	-0.013492	0.064695	0.065247	0.061736	0.062288	-0.002931	-0.002916	-0.002708	-0.002690	1158.644284	1193.139399	1674.055357	1715.145767	0.104972	0.108428	0.158709	0.163198	
0.014460	1.488853	-0.792569	150.214330	150.214551	149.796470	149.796763	0.000004	33.579109	0.000424	6.662838	6.662838	6.662838	6.662838	31.117272	0.064820	-0.007449	0.085998	0.086317	0.082977	0.083295	0.004250	0.004287	0.003852	0.003888	1167.441139	1118.077142	1780.523326	1721.721178	-0.111059	-0.106281	-0.170822	-0.165066	
-0.006584	0.342913	-0.041546	150.417161	150.417382	149.999962	150.000254	0.000004	33.504182	-0.002722	6.677104	6.677104	6.677104	6.677104	31.477104	0.026816	-0.004844	0.075089	0.075292	0.072107	0.072310	0.000234	0.000234	0.000231	0.000231	1154.963229	1152.375605	1678.879376	1675.797010	-0.007675	-0.007657	-0.011389	-0.011366	
-0.010983	1.490159	-0.513895	150.317641	150.317861	149.899908	149.900200	0.000004	33.510807	-0.002606	6.668073	6.668073	6.668073	6.668073	31.037485	0.061888	-0.016392	0.089347	0.090050	0.086319	0.087022	0.002847	0.002858	0.002693	0.002702	1149.069277	1117.062080	1749.764880	1711.638067	-0.074044	-0.072066	-0.110257	-0.108007	
-0.005045	-0.110206	-0.554815	150.322950	150.323169	149.905376	149.905667	0.000004	33.571545	-0.000325	6.672506	6.672506	6.672506	6.672506	31.785711	0.077655	-0.013516	0.063808	0.064362	0.060853	0.061405	0.002954	0.002971	0.002678	0.002703	1180.920879	1146.365043	1680.731472	1639.568732	-0.112882	-0.108835	-0.178030	-0.172159	
0.002556	0.839581	0.424234	150.584719	150.584937	150.167063	150.167353	0.000004	33.825500	0.009685	6.672267	6.672267	6.672267	6.672267	31.395846	-0.016099	0.007599	0.079333	0.079016	0.076339	0.076023	-0.002310	-0.002305	-0.002218	-0.002213	1146.607036	1173.029835	1716.619470	1748.094176	0.068221	0.069638	0.097438	0.098971	
-0.003541	0.958019	-0.625886	150.338760	150.338978	149.921031	149.921320	0.000004	33.712501	0.005016	6.660654	6.660654	6.660654	6.660654	31.313351	0.056564	-0.013317	0.079969	0.080531	0.076968	0.077529	0.003397	0.003417	0.003123	0.003145	1164.603309	1125.620923	1734.440273	1688.004649	-0.098264	-0.094677	-0.153214	-0.148555	
0.007339	-0.061628	0.875167	150.728483	150.728700	150.311377	150.311665	0.000004	33.569359	-0.000856	6.671567	6.671567	6.671567	6.671567	31.998974	-0.058479	0.016356	0.060174	0.059515	0.057240	0.056583	-0.004354	-0.004294	-0.003825	-0.003761	1143.095802	1197.604302	1645.998326	1710.928579	0.171936	0.180179	0.247805	0.257526	
-0.015701	0.697378	-1.002173	150.276784	150.277001	149.859388	149.859675	0.000004	33.669074	0.002987	6.654280	6.654280	6.654280	6.654280	31.592004	0.066633	-0.028611	0.069689	0.070873	0.066718	0.067899	0.005047	0.005133	0.004266	0.004367	1201.229086	1138.810190	1779.116320	1704.763242	-0.158447	-0.148833	-0.255788	-0.242380	
0.008325	-0.261987	-0.106392	150.514340	150.514556	150.097668	150.097954	0.000004	33.708740	0.004429	6.674315	6.674315	6.674315	6.674315	31.795646	0.037934	0.001854	0.065144	0.065069	0.062195	0.062121	0.000585	0.000586	0.000577	0.000577	1187.274882	1180.648416	1694.299257	1686.405843	-0.021962	-0.021823	-0.033199	-0.033014	
-0.005125	-0.439470	-0.298913	150.485040	150.485255	150.067677	150.067962	0.000004	33.633800	0.001286	6.663751	6.663751	6.663751	6.663751	31.910478	0.043643	-0.007496	0.060914	0.061220	0.057972	0.058277	0.001608	0.001611	0.001539	0.001542	1204.104003	1185.486670	1709.380546	1687.203671	-0.062102	-0.060870	-0.100220	-0.098330	
-0.014945	0.858813	-0.030407	150.567197	150.567411	150.149959	150.150244	0.000004	33.488391	-0.004675	6.665065	6.665065	6.665065	6.665065	31.325364	0.017400	-0.010530	0.081254	0.081699	0.078258	0.078702	0.000168	0.000168	0.000165	0.000165	1163.949574	1162.055747	1741.855271	1739.599354	-0.004821	-0.004813	-0.007104	-0.007095	
-0.015358	-0.442492	0.058505	150.605450	150.605664	150.188316	150.188600	0.000004	33.848087	0.009568	6.661421	6.661421	6.661421	6.661421	31.867994	-0.001110	-0.010095	0.063126	0.063538	0.060181	0.060593	-0.000325	-0.000325	-0.000321	-0.000321	1179.205795	1182.849722	1666.705831	1671.046459	0.012492	0.012542	0.020070	0.020147	
-0.010335	0.248210	-0.024232	150.600134	150.600347	150.183206	150.183489	0.000004	33.559567	-0.002116	6.659724	6.659724	6.659724	6.659724	31.590318	0.002118	-0.008329	0.072467	0.072814	0.069498	0.069844	0.000133	0.000133	0.000131	0.000131	1179.050169	1177.540922	1722.388976	1720.591170	-0.004291	-0.004285	-0.006611	-0.006603	
-0.009151	0.123863	0.881092	150.841916	150.842129	150.425179	150.425461	0.000004	33.641779	0.001030	6.659955	6.659955	6.659955	6.659955	31.936999	-0.080311	0.006031	0.062822	0.062579	0.059886	0.059643	-0.004422	-0.004364	-0.003891	-0.003827	1146.007925	1200.885461	1668.021144	1733.390992	0.161157	0.169063	0.236704	0.246191	
-0.017679	1.596515	0.337293	150.721698	150.721910	150.305013	150.305295	0.000004	33.662102	0.001702	6.649261	6.649261	6.649261	6.649261	31.057475	-0.065305	-0.006447	0.091785	0.092063	0.088767	0.089045	-0.001872	-0.001869	-0.001802	-0.001800	1133.286423	1154.294199	1749.897310	1774.921669	0.045800	0.046594	0.068344	0.069226	
0.001025	0.661089	-0.297429	150.576878	150.577089	150.160788	150.161069	0.000004	33.667985	0.001797	6.654571	6.654571	6.654571	6.654571	31.382731	0.010407	-0.006279	0.079436	0.079701	0.076454	0.076718	0.001669	0.001671	0.001608	0.001610	1152.569346	1134.044420	1693.325929	1671.259129	-0.050328	-0.049417	-0.078695	-0.077468	
-0.001453	0.783737	0.876402	150.886307	150.886518	150.470217	150.470496	0.000004	33.540612	-0.003437	6.660966	6.660966	6.660966	6.660966	31.614170	-0.080253	0.011420	0.074104	0.073632	0.071142	0.070672	-0.004560	-0.004513	-0.004124	-0.004078	1122.161270	1176.746704	1673.171706	1738.193603	0.143578	0.149815	0.203598	0.210264	
-0.005638	-0.703450	0.123952	150.714889	150.715099	150.298364	150.298642	0.000004	33.655177	0.001006	6.647288	6.647288	6.647288	6.647288	32.020516	-0.042587	-0.001522	0.059004	0.059067	0.056078	0.056141	-0.000679	-0.000679	-0.000666	-0.000666	1192.727397	1200.447555	1675.169525	1684.365739	0.027012	0.027266	0.046278	0.046727	
0.018227	1.286221	-0.360297	150.607297	150.607506	150.191324	150.191602	0.000004	33.677007	0.001741	6.654868	6.654868	6.654868	6.654868	31.185369	0.025041	0.005208	0.086731	0.086511	0.083729	0.083510	0.001977	0.001981	0.001901	0.001904	1165.914777	1143.474220	1772.634331	1745.903252	-0.052246	-0.051270	-0.078195	-0.077070	
0.014919	-1.296051	0.100437	150.738625	150.738834	150.322561	150.322837	0.000004	33.549280	-0.003506	6.659617	6.659617	6.659617	6.659617	32.277661	-0.001471	0.012406	0.051010	0.050519	0.048109	0.047620	-0.000554	-0.000554	-0.000546	-0.000546	1196.963508	1203.219106	1633.356964	1640.808601	0.027631	0.027856	0.047276	0.047698	
-0.004981	0.231272	0.009231	150.732182	150.732390	150.315720	150.315996	0.000004	33.635555	-0.000194	6.653809	6.653809	6.653809	6.653809	31.647127	-0.003126	-0.001828	0.071615	0.071692	0.068655	0.068732	-0.000050	-0.000050	-0.000049	-0.000049	1190.727202	1191.302170	1746.655288	1747.340188	0.001603	0.001604	0.002459	0.002460	
-0.014754	0.845134	0.468455	150.861633	150.861841	150.445323	150.445598	0.000004	33.685272	0.001656	6.654102	6.654102	6.654102	6.654102	31.442888	-0.051128	-0.002676	0.079484	0.079598	0.076505	0.076619	-0.002556	-0.002548	-0.002433	-0.002426	1140.975286	1170.152328	1706.437097	1741.192644	0.074668	0.076495	0.109372	0.111455	
-0.004475	0.229693	0.519090	150.889476	150.889683	150.473266	150.473540	0.000004	33.592695	-0.002184	6.648381	6.648381	6.648381	6.648381	31.735463	-0.070654	0.004519	0.069878	0.069694	0.066927	0.066744	-0.002794	-0.002782	-0.002601	-0.002587	1150.077189	1182.407929	1675.139468	1713.651684	0.092989	0.095912	0.142821	0.146680	
0.003629	1.045464	0.685265	150.945244	150.945451	150.529367	150.529641	0.000004	33.557263	-0.003737	6.647151	6.647151	6.647151	6.647151	31.437552	-0.092793	0.012965	0.080594	0.080052	0.077617	0.077077	-0.003675	-0.003652	-0.003404	-0.003382	1131.405516	1174.086234	1709.364275	1760.205334	0.103417	0.107114	0.152227	0.156388	
-0.003430	0.556630	0.946727	151.025250	151.025456	150.609598	150.609871	0.000004	33.621089	-0.001319	6.644684	6.644684	6.644684	6.644684	31.773723	-0.121066	0.013004	0.069726	0.069193	0.066782	0.066251	-0.004845	-0.004777	-0.004247	-0.004174	1127.740394	1186.705931	1667.815891	1738.055344	0.157028	0.165404	0.233986	0.244005	
-0.001844	-1.131323	-0.287265	150.731203	150.731408	150.315754	150.316026	0.000004	33.694217	0.001472	6.641154	6.641154	6.641154	6.641154	32.263605	-0.013250	-0.006726	0.051036	0.051305	0.048139	0.048408	0.001531	0.001534	0.001427	0.001434	1221.858416	1203.966554	1688.823234	1667.510538	-0.069415	-0.067748	-0.127922	-0.124424	
-0.017056	0.370113	0.466715	150.933834	150.934039	150.518659	150.518930	0.000004	33.532351	-0.005135	6.654123	6.654123	6.654123	6.654123	31.711054	-0.053165	-0.005403	0.070812	0.071036	0.067867	0.068091	-0.002474	-0.002467	-0.002352	-0.002345	1172.292211	1201.360883	1732.553235	1767.179692	0.079453	0.081378	0.116141	0.118377	
0.022819	0.163573	-1.258729	150.519302	150.519506	150.103523	150.103794	0.000004	33.566278	-0.003912	6.645172	6.645172	6.645172	6.645172	31.984988	0.085677	-0.009292	0.058648	0.059025	0.055724	0.056100	0.005849	0.006044	0.004550	0.004764	1215.135894	1136.737769	1756.031626	1662.644171	-0.225420	-0.207174	-0.368543	-0.341547	
0.013133	-0.529883	0.291601	150.920737	150.920940	150.505115	150.505385	0.000004	33.555294	-0.004485	6.663511	6.663511	6.663511	6.663511	32.053310	0.000949	0.012876	0.059656	0.059138	0.056738	0.056222	-0.001556	-0.001554	-0.001504	-0.001502	1193.802946	1211.964920	1696.962197	1718.596649	0.062923	0.063959	0.092574	0.093894	
-0.006817	0.354526	0.918460	151.095194	151.095397	150.678723	150.678991	0.000004	33.792161	0.004854	6.645759	6.645759	6.645759	6.645759	31.905563	-0.085721	0.010570	0.065748	0.065319	0.062810	0.062383	-0.004598	-0.004540	-0.004068	-0.004006	1152.336487	1209.541440	1702.007179	1770.149433	0.155324	0.162940	0.227688	0.236538	
-0.029303	0.170452	0.511150	151.006042	151.006244	150.590081	150.590348	0.000004	33.710948	0.001471	6.638094	6.638094	6.638094	6.638094	31.801983	-0.084888	-0.010974	0.068148	0.068599	0.065205	0.065656	-0.002719	-0.002708	-0.002531	-0.002516	1165.607209	1197.443428	1702.794647	1740.717793	0.089335	0.092152	0.140111	0.143967	
0.023394	1.398641	0.434149	150.999717	150.999919	150.584553	150.584820	0.000004	33.755925	0.003139	6.642007	6.642007	6.642007	6.642007	31.212324	-0.071045	0.020255	0.088941	0.088081	0.085947	0.085090	-0.002396	-0.002389	-0.002291	-0.002286	1131.621344	1158.661672	1732.435448	1764.645752	0.061700	0.063061	0.090845	0.092342	
0.021894	-0.066677	0.044338	150.917046	150.917247	150.501965	150.502231	0.000004	33.802593	0.004876	6.642268	6.642268	6.642268	6.642268	31.748942	-0.028767	0.016423	0.069864	0.069191	0.066922	0.066250	-0.000248	-0.000248	-0.000245	-0.000245	1166.160040	1168.921583	1670.441636	1673.731172	0.008632	0.008658	0.013881	0.013920	
0.021052	0.679081	0.125547	150.951941	150.952141	150.536802	150.537068	0.000004	33.560353	-0.004944	6.645910	6.645910	6.645910	6.645910	31.467521	-0.022699	0.017317	0.079703	0.078980	0.076734	0.076013	-0.000695	-0.000695	-0.000682	-0.000682	1159.168675	1166.988198	1721.033675	1730.348252	0.020568	0.020710	0.030840	0.031012	
0.005151	0.337630	-0.553205	150.797371	150.797571	150.382008	150.382273	0.000004	33.639804	-0.001897	6.644373	6.644373	6.644373	6.644373	31.674625	0.047074	-0.004782	0.071087	0.071286	0.068137	0.068336	0.002965	0.002980	0.002729	0.002748	1181.265387	1146.809828	1719.373427	1678.330137	-0.098219	-0.094879	-0.154885	-0.150243	
0.003947	0.130767	-1.009953	150.697569	150.697768	150.282181	150.282444	0.000004	33.780819	0.003614	6.651198	6.651198	6.651198	6.651198	31.950357	0.105119	-0.014073	0.060954	0.061525	0.058029	0.058600	0.004903	0.004999	0.004095	0.004205	1207.200588	1144.297137	1743.631127	1668.700850	-0.186994	-0.175732	-0.290404	-0.275158	
0.001925	0.187369	-0.342860	150.879964	150.880163	150.464212	150.464475	0.000004	33.652812	-0.001638	6.655609	6.655609	6.655609	6.655609	31.729735	0.073473	-0.003795	0.069833	0.069990	0.066885	0.067043	0.001846	0.001849	0.001778	0.001781	1193.080065	1171.725525	1737.763857	1712.326436	-0.062838	-0.061674	-0.093002	-0.091572	
0.000872	-0.307025	0.460145	151.096310	151.096507	150.680126	150.680388	0.000004	33.932969	0.009437	6.647560	6.647560	6.647560	6.647560	32.023699	-0.021139	0.008070	0.061773	0.061448	0.058848	0.058525	-0.002433	-0.002425	-0.002278	-0.002267	1174.922496	1203.581978	1680.680662	1714.819695	0.093203	0.095780	0.141098	0.144527	
0.013415	0.592212	0.208044	151.046780	151.046977	150.630870	150.631131	0.000004	33.626869	-0.002938	6.638039	6.638039	6.638039	6.638039	31.548465	-0.028702	0.012853	0.077516	0.076982	0.074549	0.074017	-0.001139	-0.001138	-0.001110	-0.001109	1167.129701	1180.087449	1732.931630	1748.366836	0.033807	0.034203	0.051561	0.052058	
0.013131	0.390934	0.726012	151.188855	151.189052	150.773649	150.773909	0.000004	33.445521	-0.010321	6.640212	6.640212	6.640212	6.640212	31.803066	-0.080405	0.020993	0.070060	0.069200	0.067122	0.066264	-0.003799	-0.003769	-0.003448	-0.003413	1142.362648	1187.581281	1678.405765	1732.269976	0.125689	0.130786	0.186585	0.192740	
0.010189	1.020897	-0.317979	150.942030	150.942227	150.527007	150.527266	0.000004	33.648470	-0.002330	6.633948	6.633948	6.633948	6.633948	31.336330	0.005142	0.002143	0.083834	0.083745	0.080854	0.080765	0.001755	0.001758	0.001689	0.001691	1165.319145	1145.514282	1750.160297	1726.568843	-0.048126	-0.047255	-0.074771	-0.073661	
0.017476	0.790184	-0.424748	150.928394	150.928590	150.513723	150.513981	0.000004	33.976112	0.010650	6.644807	6.644807	6.644807	6.644807	31.443318	0.048185	0.004741	0.080103	0.079905	0.077135	0.076939	0.002342	0.002348	0.002230	0.002236	1161.148811	1134.694024	1718.738088	1687.225277	-0.070194	-0.068538	-0.105726	-0.103688	
0.008537	0.398624	0.212886	151.103428	151.103623	150.688326	150.688584	0.000004	33.861175	0.005925	6.645401	6.645401	6.645401	6.645401	31.617673	-0.006096	0.010149	0.075504	0.075084	0.072549	0.072131	-0.001181	-0.001180	-0.001153	-0.001152	1155.044434	1168.303737	1691.105811	1706.900226	0.037854	0.038299	0.056039	0.056581	
-0.021403	0.412519	0.529030	151.197067	151.197261	150.781669	150.781926	0.000004	33.659802	-0.002257	6.637702	6.637702	6.637702	6.637702	31.721813	-0.059259	-0.004779	0.072329	0.072527	0.069383	0.069581	-0.002842	-0.002830	-0.002662	-0.002649	1149.950892	1182.900731	1690.617359	1729.867044	0.091155	0.093880	0.136602	0.139963	
-0.028265	-0.640919	0.212729	151.130925	151.131118	150.715867	150.716124	0.000004	33.946619	0.009089	6.633592	6.633592	6.633592	6.633592	32.096328	-0.045583	-0.016576	0.059116	0.059785	0.056208	0.056875	-0.001155	-0.001154	-0.001120	-0.001118	1191.446370	1204.695917	1680.305889	1696.088683	0.045690	0.046384	0.075656	0.076796	
0.001557	0.819672	-0.606831	150.939035	150.939228	150.524394	150.524650	0.000004	33.773523	0.002041	6.636491	6.636491	6.636491	6.636491	31.527069	0.046587	-0.011970	0.076961	0.077461	0.074002	0.074502	0.003223	0.003240	0.002984	0.003002	1188.511706	1150.716125	1773.931730	1728.909824	-0.094885	-0.091684	-0.146046	-0.142009	
-0.027043	0.413025	-0.342725	151.019169	151.019362	150.604524	150.604779	0.000004	33.784840	0.002369	6.644931	6.644931	6.644931	6.644931	31.625905	0.050650	-0.023980	0.073917	0.074912	0.070969	0.071962	0.001878	0.001881	0.001806	0.001809	1174.417027	1153.070907	1717.318399	1691.891007	-0.060804	-0.059636	-0.091313	-0.089848	
-0.005484	1.124538	-0.028888	151.112970	151.113162	150.697812	150.698066	0.000004	33.745826	0.000683	6.641400	6.641400	6.641400	6.641400	31.290346	0.022135	-0.005922	0.086485	0.086737	0.083500	0.083752	0.000162	0.000162	0.000159	0.000159	1148.261479	1146.462260	1731.138764	1728.995542	-0.004436	-0.004429	-0.006467	-0.006459	
-0.011440	0.787764	1.016373	151.387973	151.388165	150.972761	150.973014	0.000004	33.860891	0.005160	6.637283	6.637283	6.637283	6.637283	31.756306	-0.087883	0.007337	0.072766	0.072465	0.069824	0.069524	-0.005193	-0.005117	-0.004597	-0.004524	1114.992043	1178.295338	1662.367535	1737.774103	0.165653	0.174143	0.235891	0.245017	
-0.009027	-0.241240	-1.203073	150.846244	150.846434	150.431293	150.431545	0.000004	33.707982	-0.001081	6.625211	6.625211	6.625211	6.625211	32.219939	0.061739	-0.028822	0.052823	0.053974	0.049927	0.051075	0.005488	0.005684	0.004107	0.004338	1225.722248	1150.790599	1745.832419	1656.574212	-0.231745	-0.212020	-0.399278	-0.366266	
-0.010023	0.101404	-0.669747	150.991082	150.991272	150.576915	150.577167	0.000004	33.650064	-0.003519	6.649031	6.649031	6.649031	6.649031	31.914088	0.087347	-0.018833	0.064131	0.064899	0.061212	0.061978	0.003416	0.003439	0.003112	0.003140	1213.658359	1171.944125	1764.645895	1714.956106	-0.123244	-0.118817	-0.182934	-0.177474	
0.006596	0.001492	-0.161649	151.135205	151.135394	150.720083	150.720334	0.000004	33.725331	-0.000632	6.642627	6.642627	6.642627	6.642627	31.818041	0.049791	0.001193	0.068771	0.068723	0.065835	0.065788	0.000881	0.000882	0.000865	0.000865	1191.395048	1181.326944	1723.708949	1711.715873	-0.030649	-0.030366	-0.046221	-0.045855	
-0.004618	0.296288	-0.593576	151.040763	151.040952	150.625418	150.625668	0.000004	33.660220	-0.003361	6.636305	6.636305	6.636305	6.636305	31.774238	0.075484	-0.012211	0.069300	0.069803	0.066360	0.066862	0.003128	0.003145	0.002868	0.002890	1193.993753	1157.023750	1741.671907	1697.633424	-0.104935	-0.101266	-0.162861	-0.157943	
-0.013537	0.154777	0.490159	151.324332	151.324520	150.909369	150.909618	0.000004	33.761901	0.000583	6.640465	6.640465	6.640465	6.640465	31.867055	-0.024605	-0.002100	0.068395	0.068482	0.065465	0.065553	-0.002609	-0.002600	-0.002464	-0.002454	1162.783667	1193.312502	1694.882989	1731.248785	0.090151	0.092517	0.131353	0.134160	
-0.024514	0.493403	0.442192	151.326435	151.326623	150.911426	150.911674	0.000004	33.818668	0.002731	6.627996	6.627996	6.627996	6.627996	31.691161	-0.056525	-0.009647	0.074184	0.074584	0.071238	0.071637	-0.002388	-0.002381	-0.002267	-0.002260	1157.848278	1185.389556	1711.676965	1744.483998	0.073612	0.075460	0.111655	0.113967	
0.009741	0.581001	0.186956	151.274202	151.274390	150.859804	150.860052	0.000004	33.688760	-0.002586	6.627905	6.627905	6.627905	6.627905	31.571125	-0.037625	0.007704	0.078256	0.077937	0.075303	0.074984	-0.001035	-0.001034	-0.001010	-0.001009	1158.206904	1169.851208	1712.476092	1726.346729	0.030978	0.031312	0.047448	0.047874	
-0.007864	-0.005649	-0.278037	151.170835	151.171022	150.756762	150.757010	0.000004	33.550007	-0.008255	6.630183	6.630183	6.630183	6.630183	31.823939	0.015283	-0.009653	0.068603	0.069000	0.065676	0.066072	0.001521	0.001523	0.001466	0.001468	1185.052357	1167.735198	1706.311602	1685.683489	-0.052703	-0.051765	-0.084102	-0.082732	
0.000945	-0.461348	-1.353606	150.915477	150.915664	150.501354	150.501601	0.000004	34.081998	0.012905	6.634715	6.634715	6.634715	6.634715	32.405576	0.104819	-0.022010	0.047410	0.048279	0.044536	0.045403	0.005739	0.006002	0.004273	0.004535	1238.381527	1154.074124	1749.689562	1649.263004	-0.279456	-0.254471	-0.454695	-0.416935	
-0.016737	-0.281204	0.498950	151.392704	151.392890	150.978281	150.978527	0.000004	33.691294	-0.002843	6.645958	6.645958	6.645958	6.645958	32.120879	-0.013549	-0.005593	0.060361	0.060588	0.057459	0.057685	-0.002569	-0.002561	-0.002425	-0.002415	1193.238700	1224.315053	1722.778511	1759.796508	0.099220	0.101696	0.140592	0.143422	
0.008380	1.063404	0.931878	151.516389	151.516574	151.101206	151.101450	0.000004	33.690125	-0.003011	6.624987	6.624987	6.624987	6.624987	31.650298	-0.091644	0.019177	0.077519	0.076724	0.074566	0.073774	-0.004804	-0.004752	-0.004333	-0.004284	1134.718898	1192.759549	1725.017280	1794.155015	0.137625	0.143932	0.198639	0.205361	
0.010906	-0.000543	0.682401	151.464392	151.464577	151.050018	151.050262	0.000004	33.596031	-0.006894	6.619588	6.619588	6.619588	6.619588	32.024648	-0.097715	0.019317	0.064556	0.063774	0.061644	0.060864	-0.003545	-0.003516	-0.003167	-0.003128	1157.342630	1199.844985	1675.774731	1726.403324	0.124885	0.130312	0.196061	0.203610	
0.000918	-0.064033	-0.873306	151.086968	151.087153	150.673383	150.673626	0.000004	33.918388	0.005884	6.621846	6.621846	6.621846	6.621846	32.066755	0.042299	-0.014597	0.059824	0.060414	0.056923	0.057512	0.004315	0.004381	0.003598	0.003690	1218.633055	1164.240433	1755.318828	1690.526608	-0.161009	-0.151722	-0.267624	-0.253170	
-0.006239	0.045446	0.834449	151.526820	151.527004	151.113374	151.113617	0.000004	33.531330	-0.009714	6.638393	6.638393	6.638393	6.638393	32.112173	-0.062295	0.005841	0.061819	0.061585	0.058922	0.058689	-0.004141	-0.004098	-0.003727	-0.003682	1163.737185	1215.709618	1697.595936	1759.505239	0.155026	0.161402	0.218284	0.225297	
-0.002241	0.575529	-0.337043	151.249663	151.249846	150.835301	150.835543	0.000004	33.871323	0.003768	6.619093	6.619093	6.619093	6.619093	31.616423	0.013040	-0.007743	0.076216	0.076539	0.073267	0.073590	0.001827	0.001830	0.001751	0.001754	1187.206002	1166.213753	1758.310302	1733.304439	-0.054389	-0.053295	-0.086284	-0.084792	
0.000056	-0.128349	0.759350	151.534192	151.534374	151.120429	151.120670	0.000004	33.814910	0.001396	6.631259	6.631259	6.631259	6.631259	32.141833	-0.066312	0.010314	0.060981	0.060567	0.058084	0.057671	-0.003841	-0.003802	-0.003424	-0.003378	1157.408367	1204.703378	1667.328602	1723.666183	0.147997	0.154371	0.217925	0.225786	
0.020634	0.464885	0.673168	151.526968	151.527150	151.112954	151.113194	0.000004	33.918226	0.005412	6.618778	6.618778	6.618778	6.618778	31.835452	-0.087416	0.024651	0.071437	0.070427	0.068509	0.067502	-0.003515	-0.003492	-0.003221	-0.003195	1159.635965	1201.563274	1719.718925	1769.662527	0.110074	0.114234	0.166566	0.171700	
-0.023173	0.335655	-0.231662	151.311867	151.312049	150.898303	150.898543	0.000004	33.766080	-0.000789	6.619099	6.619099	6.619099	6.619099	31.698048	-0.009878	-0.018027	0.073674	0.074420	0.070739	0.071484	0.001269	0.001271	0.001232	0.001233	1182.175033	1167.746298	1730.414142	1713.226705	-0.039836	-0.039265	-0.063541	-0.062734	
0.005287	0.546954	0.057344	151.396461	151.396642	150.983160	150.983399	0.000004	33.867079	0.003138	6.628512	6.628512	6.628512	6.628512	31.601951	-0.007417	0.002325	0.077963	0.077868	0.075020	0.074925	-0.000318	-0.000318	-0.000313	-0.000313	1163.368734	1166.940309	1716.789274	1721.043716	0.009731	0.009761	0.014520	0.014557	
0.001289	0.820234	0.902014	151.621790	151.621970	151.208027	151.208266	0.000003	33.821174	0.001187	6.624797	6.624797	6.624797	6.624797	31.751809	-0.088881	0.014648	0.074726	0.074123	0.071794	0.071192	-0.004668	-0.004617	-0.004203	-0.004152	1126.815650	1182.996313	1686.855133	1753.777258	0.144003	0.150531	0.206368	0.213436	
-0.022139	-0.025833	0.989224	151.656046	151.656225	151.242237	151.242474	0.000003	33.817684	0.000933	6.614949	6.614949	6.614949	6.614949	32.208569	-0.120643	0.001155	0.059450	0.059405	0.056559	0.056514	-0.004836	-0.004747	-0.004097	-0.003996	1151.475856	1213.088229	1670.066334	1743.458686	0.180022	0.190913	0.275682	0.289938	
0.011554	-0.474969	0.003771	151.420602	151.420781	151.007373	151.007610	0.000003	33.754725	-0.001698	6.613454	6.613454	6.613454	6.613454	32.071007	-0.040678	0.006081	0.062442	0.062197	0.059542	0.059299	-0.000020	-0.000020	-0.000020	-0.000020	1207.976723	1208.211586	1723.318165	1723.597932	0.000747	0.000748	0.001258	0.001258	
-0.020715	0.214744	-0.155943	151.392467	151.392646	150.979598	150.979834	0.000003	33.793688	-0.000250	6.623738	6.623738	6.623738	6.623738	31.774587	0.000071	-0.016162	0.071697	0.072364	0.068775	0.069440	0.000849	0.000850	0.000832	0.000832	1190.116005	1180.403339	1739.195674	1727.625995	-0.027561	-0.027311	-0.042495	-0.042163	
0.005088	-0.551453	-0.134834	151.411706	151.411884	150.998375	150.998610	0.000003	33.652492	-0.006010	6.624963	6.624963	6.624963	6.624963	32.098688	0.016711	-0.000512	0.061330	0.061352	0.058433	0.058455	0.000735	0.000735	0.000722	0.000722	1201.405779	1193.007814	1698.933014	1688.929401	-0.028869	-0.028608	-0.046446	-0.046045	
0.022779	0.792183	-0.384717	151.362290	151.362467	150.948629	150.948863	0.000003	33.861827	0.002251	6.624130	6.624130	6.624130	6.624130	31.558847	0.048223	0.008993	0.079331	0.078957	0.076381	0.076009	0.002082	0.002087	0.001997	0.002000	1182.409927	1158.448412	1765.094685	1736.551848	-0.060993	-0.059739	-0.091684	-0.090172	
0.012870	0.064820	0.461784	151.586429	151.586606	151.172714	151.172947	0.000003	33.729291	-0.003164	6.626303	6.626303	6.626303	6.626303	31.935419	-0.030736	0.017123	0.068347	0.067650	0.065431	0.064736	-0.002477	-0.002469	-0.002339	-0.002329	1159.740892	1188.502469	1680.013138	1714.273785	0.087172	0.089452	0.129305	0.132145	
0.022638	0.263893	-0.345942	151.397378	151.397555	150.983541	150.983774	0.000003	33.729006	-0.003288	6.616493	6.616493	6.616493	6.616493	31.778754	0.026452	0.010416	0.072138	0.071711	0.069208	0.068782	0.001871	0.001875	0.001789	0.001793	1190.650965	1169.104458	1739.000317	1713.334226	-0.060355	-0.059076	-0.095833	-0.094037	
0.018705	-0.529019	-0.068033	151.477756	151.477932	151.064395	151.064627	0.000003	33.753097	-0.002435	6.624769	6.624769	6.624769	6.624769	32.095382	0.017532	0.012856	0.062172	0.061655	0.059274	0.058758	0.000372	0.000372	0.000367	0.000367	1198.840980	1194.603672	1697.325607	1692.278148	-0.014546	-0.014481	-0.023054	-0.022957	
-0.001273	0.764759	0.365645	151.599551	151.599727	151.185986	151.186218	0.000003	33.852623	0.001435	6.621239	6.621239	6.621239	6.621239	31.616923	-0.033595	0.006392	0.078982	0.078718	0.076039	0.075775	-0.001982	-0.001978	-0.001910	-0.001907	1159.687025	1182.460674	1736.305972	1763.433829	0.058094	0.059179	0.084953	0.086186	
0.022221	0.210895	0.022459	151.525763	151.525937	151.112221	151.112452	0.000003	33.894393	0.002994	6.615916	6.615916	6.615916	6.615916	31.762226	-0.012229	0.015305	0.073707	0.073077	0.070777	0.070149	-0.000125	-0.000125	-0.000123	-0.000123	1171.172283	1172.571109	1703.895806	1705.562081	0.004035	0.004041	0.006321	0.006329	
0.002802	0.605696	-0.246025	151.469945	151.470119	151.056747	151.056978	0.000003	33.798970	-0.000932	6.619142	6.619142	6.619142	6.619142	31.610406	0.021068	-0.000751	0.078134	0.078166	0.075193	0.075225	0.001354	0.001355	0.001315	0.001316	1173.123390	1157.800100	1733.660470	1715.407443	-0.040920	-0.040351	-0.062409	-0.061689	
-0.020912	0.270608	-1.592779	151.145749	151.145922	150.732530	150.732759	0.000003	33.844794	0.000791	6.621577	6.621577	6.621577	6.621577	32.166998	0.124344	-0.041362	0.056398	0.058057	0.053510	0.055165	0.006919	0.007273	0.005244	0.005565	1219.661846	1120.457914	1765.025976	1646.854748	-0.282992	-0.255846	-0.444720	-0.407993	
-0.000628	0.642053	-0.263068	151.490829	151.491002	151.077421	151.077650	0.000003	33.777734	-0.002001	6.635800	6.635800	6.635800	6.635800	31.643911	0.074329	-0.006649	0.077018	0.077296	0.074079	0.074356	0.001425	0.001427	0.001391	0.001392	1184.747850	1168.363038	1760.863846	1741.346339	-0.044231	-0.043693	-0.062055	-0.061484	
0.029144	-0.531680	-0.683241	151.400555	151.400727	150.986281	150.986509	0.000003	33.800568	-0.001199	6.620668	6.620668	6.620668	6.620668	32.269225	0.092431	0.008348	0.055820	0.055488	0.052931	0.052601	0.003432	0.003468	0.002946	0.003001	1214.084202	1171.529527	1711.629203	1660.938286	-0.146969	-0.140152	-0.239746	-0.229034	
0.003028	-0.074151	0.241519	151.642164	151.642336	151.228308	151.228536	0.000003	33.858776	0.001018	6.624640	6.624640	6.624640	6.624640	31.983302	0.005689	0.007708	0.066947	0.066635	0.064036	0.063724	-0.001295	-0.001294	-0.001263	-0.001262	1191.525560	1206.568213	1729.226476	1747.145210	0.045539	0.046137	0.067294	0.068031	
0.012582	0.515100	-0.811528	151.391357	151.391529	150.977599	150.977825	0.000003	33.664294	-0.006871	6.614061	6.614061	6.614061	6.614061	31.821565	0.079191	-0.005194	0.070333	0.070547	0.067408	0.067622	0.004163	0.004207	0.003667	0.003721	1199.765559	1149.220705	1766.107166	1705.898388	-0.134885	-0.128458	-0.211898	-0.203264	
-0.004846	-0.215642	1.212315	151.907736	151.907907	151.494523	151.494749	0.000003	33.829114	-0.000386	6.625031	6.625031	6.625031	6.625031	32.461219	-0.071505	0.012073	0.053164	0.052688	0.050300	0.049825	-0.005452	-0.005314	-0.004623	-0.004500	1151.743630	1227.250911	1661.023924	1750.967821	0.238999	0.253395	0.332656	0.348302	
-0.004806	1.093748	0.298932	151.692854	151.693025	151.279315	151.279541	0.000003	33.845272	0.000152	6.602468	6.602468	6.602468	6.602468	31.486482	-0.057305	0.002195	0.084032	0.083941	0.081076	0.080986	-0.001623	-0.001620	-0.001567	-0.001565	1163.863854	1182.482370	1771.044115	1793.222398	0.042791	0.043484	0.065543	0.066380	
-0.025502	0.064309	0.503303	151.752449	151.752619	151.339910	151.340135	0.000003	34.113172	0.010762	6.611841	6.611841	6.611841	6.611841	31.973000	-0.074017	-0.009378	0.067719	0.068103	0.064817	0.065200	-0.002697	-0.002686	-0.002512	-0.002498	1156.333772	1187.681246	1673.951902	1711.292856	0.093574	0.096445	0.143658	0.147490	
0.027761	0.548310	0.904693	151.865259	151.865429	151.452763	151.452987	0.000003	33.860098	0.000535	6.609219	6.609219	6.609219	6.609219	31.944800	-0.106237	0.030285	0.070267	0.069031	0.067360	0.066127	-0.004596	-0.004542	-0.004088	-0.004031	1145.113959	1201.461458	1702.697188	1769.818047	0.147371	0.154483	0.216881	0.225104	
-0.009915	-0.149823	-0.749096	151.463209	151.463378	151.050729	151.050953	0.000003	33.853480	0.000166	6.604302	6.604302	6.604302	6.604302	32.124831	0.028732	-0.018700	0.060461	0.061215	0.057573	0.058326	0.003785	0.003828	0.003226	0.003291	1214.709114	1168.052785	1743.339156	1687.762370	-0.140852	-0.133645	-0.237682	-0.226005	
-0.004017	-0.127405	1.287950	151.983159	151.983328	151.570985	151.571207	0.000003	33.803922	-0.001920	6.621856	6.621856	6.621856	6.621856	32.472314	-0.092256	0.011084	0.053308	0.052870	0.050451	0.050015	-0.005718	-0.005567	-0.004852	-0.004723	1156.040423	1236.258509	1679.768484	1775.323868	0.244160	0.259121	0.337135	0.352896	
-0.029574	0.173825	0.092816	151.698684	151.698852	151.285687	151.285908	0.000003	33.774907	-0.003186	6.599165	6.599165	6.599165	6.599165	31.859010	-0.045586	-0.018143	0.070980	0.071725	0.068064	0.068808	-0.000501	-0.000501	-0.000492	-0.000492	1195.566140	1201.347062	1754.459617	1761.345823	0.015681	0.015772	0.025375	0.025507	
0.018855	0.592942	-0.342732	151.598254	151.598422	151.186051	151.186272	0.000003	33.803076	-0.002163	6.611575	6.611575	6.611575	6.611575	31.665141	0.024146	0.004097	0.077282	0.077114	0.074353	0.074185	0.001868	0.001872	0.001795	0.001798	1179.354490	1158.007936	1742.988496	1717.560587	-0.056757	-0.055651	-0.087161	-0.085741	
-0.017287	0.422068	0.103528	151.722602	151.722769	151.310229	151.310449	0.000003	33.848928	-0.000431	6.615943	6.615943	6.615943	6.615943	31.720130	-0.005159	-0.009048	0.076025	0.076401	0.073100	0.073475	-0.000573	-0.000573	-0.000563	-0.000563	1164.344520	1170.792589	1709.629585	1717.310493	0.018091	0.018194	0.026916	0.027042	
0.006194	-0.368060	-0.703120	151.533494	151.533660	151.120662	151.120881	0.000003	33.713926	-0.005936	6.610518	6.610518	6.610518	6.610518	32.222724	0.065042	-0.009068	0.057924	0.058288	0.055042	0.055405	0.003549	0.003586	0.003049	0.003106	1212.516900	1168.724104	1721.570418	1669.404657	-0.143458	-0.136639	-0.235865	-0.225133	
-0.003531	0.435493	0.287668	151.792075	151.792241	151.379363	151.379582	0.000003	33.698202	-0.006668	6.618789	6.618789	6.618789	6.618789	31.794854	-0.007582	0.001737	0.074210	0.074140	0.071289	0.071220	-0.001551	-0.001549	-0.001508	-0.001507	1174.867085	1192.784067	1738.366999	1759.709619	0.049092	0.049797	0.070691	0.071485	
-0.002868	-0.740365	0.086748	151.754613	151.754778	151.341552	151.341770	0.000003	33.620960	-0.009862	6.607495	6.607495	6.607495	6.607495	32.240387	-0.012535	-0.000401	0.059061	0.059078	0.056178	0.056196	-0.000473	-0.000473	-0.000467	-0.000466	1200.229171	1205.632154	1686.863561	1693.299568	0.019183	0.019302	0.031733	0.031929	
0.002631	-0.163957	-0.614043	151.589347	151.589512	151.176702	151.176920	0.000003	33.980133	0.004402	6.609136	6.609136	6.609136	6.609136	32.119283	0.055169	-0.008797	0.061727	0.062083	0.058837	0.059192	0.003144	0.003165	0.002824	0.002854	1219.732706	1181.487944	1756.682435	1711.125466	-0.115998	-0.111537	-0.186134	-0.179596	
0.022192	1.201735	0.222533	151.809792	151.809956	151.397314	151.397531	0.000003	33.832234	-0.001616	6.616342	6.616342	6.616342	6.616342	31.442266	-0.001660	0.017833	0.086723	0.085972	0.083770	0.083022	-0.001222	-0.001221	-0.001193	-0.001192	1153.011487	1166.871635	1754.983721	1771.493859	0.033180	0.033520	0.046931	0.047281	
0.015097	0.277215	-0.840440	151.556616	151.556780	151.143756	151.143973	0.000003	33.815628	-0.002384	6.606718	6.606718	6.606718	6.606718	31.955315	0.077766	-0.003389	0.067054	0.067193	0.064147	0.064286	0.004294	0.004351	0.003688	0.003762	1191.107222	1138.761630	1726.819946	1664.466138	-0.150830	-0.142856	-0.241215	-0.229811	
0.027205	0.509441	0.842337	151.987362	151.987525	151.574832	151.575048	0.000003	34.049434	0.006867	6.617778	6.617778	6.617778	6.617778	31.973506	-0.050732	0.030089	0.070161	0.068934	0.067256	0.066033	-0.004279	-0.004240	-0.003903	-0.003865	1147.582669	1200.046386	1702.839717	1765.334236	0.143532	0.149131	0.199210	0.205001	
0.027263	0.239553	0.365294	151.880976	151.881139	151.468052	151.468268	0.000003	33.968820	0.003540	6.598990	6.598990	6.598990	6.598990	31.890723	-0.055521	0.026694	0.072120	0.071027	0.069205	0.068115	-0.001972	-0.001968	-0.001884	-0.001879	1170.298185	1193.050006	1714.363119	1741.464975	0.063079	0.064478	0.098685	0.100585	
-0.008648	0.479181	0.055477	151.812034	151.812196	151.399887	151.400101	0.000003	33.839227	-0.001744	6.603627	6.603627	6.603627	6.603627	31.715485	-0.028371	-0.002741	0.076947	0.077062	0.074024	0.074138	-0.000306	-0.000306	-0.000301	-0.000300	1170.982118	1174.437406	1727.130415	1731.246338	0.009308	0.009338	0.014315	0.014353	
-0.007082	-0.095608	-0.677902	151.639899	151.640061	151.227947	151.228161	0.000003	33.938698	0.002136	6.606613	6.606613	6.606613	6.606613	32.100235	0.054619	-0.017140	0.062543	0.063236	0.059656	0.060348	0.003483	0.003514	0.003068	0.003112	1204.206345	1161.984186	1727.732754	1677.437929	-0.130251	-0.124575	-0.209624	-0.201211	
-0.014772	0.156860	0.185389	151.867289	151.867451	151.455152	151.455365	0.000003	33.902971	0.000607	6.614119	6.614119	6.614119	6.614119	31.903910	-0.001089	-0.008146	0.070866	0.071201	0.067960	0.068294	-0.001006	-0.001005	-0.000986	-0.000985	1181.931639	1193.478341	1726.818700	1740.573074	0.033658	0.033990	0.049390	0.049789	
-0.018799	-0.945697	0.574032	151.976924	151.977085	151.564282	151.564495	0.000003	33.950837	0.002421	6.604206	6.604206	6.604206	6.604206	32.545311	-0.055661	-0.004708	0.050590	0.050777	0.047738	0.047924	-0.002892	-0.002870	-0.002549	-0.002513	1193.863212	1229.615948	1670.083603	1712.672083	0.132063	0.137376	0.212240	0.220542	
0.020496	0.987030	0.169457	151.885573	151.885734	151.473245	151.473457	0.000003	33.876647	-0.000646	6.599446	6.599446	6.599446	6.599446	31.560409	-0.034373	0.015007	0.083135	0.082508	0.080194	0.079569	-0.000920	-0.000919	-0.000897	-0.000897	1173.339237	1183.893597	1778.352947	1790.925248	0.024989	0.025209	0.037522	0.037780	
0.018317	0.137503	-0.149100	151.815810	151.815970	151.403957	151.404168	0.000003	33.820402	-0.002993	6.603414	6.603414	6.603414	6.603414	31.855865	0.005059	0.010756	0.072506	0.072065	0.069596	0.069157	0.000824	0.000825	0.000808	0.000808	1176.839429	1167.552945	1704.741750	1693.679737	-0.027445	-0.027191	-0.043101	-0.042746	
0.003749	0.305320	-0.308888	151.787137	151.787296	151.375245	151.375456	0.000003	33.905761	0.000324	6.606442	6.606442	6.606442	6.606442	31.824262	0.033920	-0.001322	0.073120	0.073175	0.070208	0.070263	0.001679	0.001682	0.001619	0.001622	1186.005586	1166.766972	1733.733435	1710.816494	-0.054468	-0.053495	-0.083581	-0.082306	
-0.003650	-0.568111	-0.148627	151.838672	151.838831	151.426544	151.426754	0.000003	33.989629	0.003580	6.607693	6.607693	6.607693	6.607693	32.192283	0.027556	-0.004391	0.061151	0.061328	0.058270	0.058448	0.000808	0.000808	0.000793	0.000793	1203.761496	1194.504457	1702.115922	1691.088983	-0.031986	-0.031673	-0.051033	-0.050559	
-0.032924	-0.017494	-0.350873	151.799363	151.799521	151.387063	151.387272	0.000003	34.072110	0.006781	6.605452	6.605452	6.605452	6.605452	32.001134	0.042957	-0.027517	0.066742	0.067863	0.063845	0.064963	0.001871	0.001874	0.001789	0.001793	1206.119756	1184.266112	1747.829509	1721.797558	-0.064889	-0.063535	-0.101025	-0.099168	
0.001499	1.229592	0.015290	151.901513	151.901671	151.489275	151.489483	0.000003	33.892662	-0.000495	6.607169	6.607169	6.607169	6.607169	31.417410	0.015791	-0.001098	0.087840	0.087887	0.084888	0.084935	-0.000085	-0.000085	-0.000083	-0.000083	1155.175037	1156.127378	1755.939808	1757.074232	0.002268	0.002270	0.003274	0.003276	
0.007098	-0.618163	-0.331823	151.825824	151.825982	151.413536	151.413744	0.000003	33.940688	0.001329	6.602718	6.602718	6.602718	6.602718	32.239738	0.041204	-0.000798	0.059571	0.059604	0.056694	0.056727	0.001790	0.001794	0.001686	0.001693	1198.819347	1178.152253	1682.128422	1657.509882	-0.073688	-0.071942	-0.122231	-0.119340	
-0.024640	0.610731	0.680399	152.089015	152.089173	151.676932	151.677140	0.000003	33.859680	-0.002009	6.606016	6.606016	6.606016	6.606016	31.889698	-0.055600	-0.006057	0.072950	0.073200	0.070043	0.070293	-0.003539	-0.003519	-0.003290	-0.003270	1158.395271	1200.772957	1729.631553	1780.111641	0.110882	0.114546	0.158145	0.162107	
0.020128	-0.054866	0.311639	152.007982	152.008139	151.595828	151.596034	0.000003	33.777381	-0.005397	6.594564	6.594564	6.594564	6.594564	32.029760	-0.049344	0.017053	0.068160	0.067467	0.065264	0.064574	-0.001685	-0.001682	-0.001618	-0.001615	1177.456152	1196.866144	1703.081342	1726.202428	0.057709	0.058850	0.091402	0.093030	
0.002185	0.383625	0.374669	152.032602	152.032758	151.621008	151.621214	0.000003	33.962605	0.001917	6.598086	6.598086	6.598086	6.598086	31.863506	-0.057475	0.008525	0.073734	0.073384	0.070827	0.070479	-0.002021	-0.002017	-0.001936	-0.001932	1167.779073	1191.114800	1721.479849	1749.277251	0.063527	0.064866	0.096102	0.097779	
0.002352	0.604391	-0.928925	151.717397	151.717553	151.305903	151.306109	0.000003	33.825254	-0.003672	6.597004	6.597004	6.597004	6.597004	31.877014	0.065478	-0.015412	0.070563	0.071196	0.067659	0.068291	0.004712	0.004780	0.004054	0.004134	1197.433332	1139.576605	1765.328671	1696.410027	-0.152229	-0.143857	-0.240478	-0.229169	
0.001049	0.331186	0.574849	152.103675	152.103830	151.692211	151.692415	0.000003	33.935766	0.000655	6.610726	6.610726	6.610726	6.610726	31.970507	-0.034324	0.007889	0.070627	0.070306	0.067731	0.067411	-0.003027	-0.003014	-0.002846	-0.002833	1158.413871	1194.217520	1702.988003	1745.637131	0.102385	0.105268	0.144543	0.147697	
-0.007152	-0.239365	-0.094321	151.949165	151.949320	151.536968	151.537172	0.000003	34.067728	0.005837	6.593914	6.593914	6.593914	6.593914	32.061724	-0.002977	-0.005978	0.066214	0.066458	0.063322	0.063565	0.000514	0.000514	0.000506	0.000506	1197.508271	1191.633610	1718.235191	1711.237324	-0.018217	-0.018103	-0.029633	-0.029459	
0.002550	0.792504	0.175857	152.025002	152.025157	151.613352	151.613556	0.000003	33.918233	-0.000237	6.600644	6.600644	6.600644	6.600644	31.644646	-0.019049	0.003739	0.081007	0.080853	0.078080	0.077926	-0.000964	-0.000964	-0.000943	-0.000943	1163.837375	1174.790393	1741.964595	1755.011775	0.027892	0.028145	0.041077	0.041369	
-0.010435	-0.088891	0.215285	152.045892	152.046045	151.634241	151.634444	0.000003	33.945369	0.000755	6.597335	6.597335	6.597335	6.597335	32.019366	-0.031257	-0.003308	0.068359	0.068494	0.065466	0.065602	-0.001180	-0.001179	-0.001149	-0.001148	1174.114553	1187.523292	1690.345600	1706.318023	0.041320	0.041876	0.064436	0.065212	
0.003615	0.188821	-0.602395	151.851466	151.851619	151.439899	151.440101	0.000003	33.935219	0.000256	6.596427	6.596427	6.596427	6.596427	31.986677	0.049409	-0.008850	0.067970	0.068332	0.065076	0.065437	0.003147	0.003166	0.002864	0.002889	1203.177879	1165.658592	1751.783121	1707.090334	-0.106787	-0.102876	-0.169263	-0.163780	
0.001204	-0.854744	-0.566154	151.870621	151.870774	151.459167	151.459368	0.000003	33.927831	-0.000132	6.604883	6.604883	6.604883	6.604883	32.478030	0.071604	-0.008256	0.051960	0.052287	0.049110	0.049437	0.002850	0.002871	0.002507	0.002540	1229.372443	1194.110374	1720.074046	1678.070045	-0.130224	-0.125211	-0.211878	-0.203904	
-0.007266	-0.703926	-0.257291	151.959537	151.959690	151.547657	151.547858	0.000003	33.893903	-0.001583	6.604046	6.604046	6.604046	6.604046	32.330568	0.051546	-0.008489	0.057371	0.057711	0.054506	0.054845	0.001356	0.001358	0.001310	0.001312	1230.442927	1214.417931	1744.008465	1724.919570	-0.055170	-0.054279	-0.087021	-0.085709	
0.009297	0.056899	0.488231	152.156517	152.156669	151.744457	151.744657	0.000003	34.083032	0.005888	6.600186	6.600186	6.600186	6.600186	32.092493	-0.030028	0.013105	0.067033	0.066503	0.064143	0.063615	-0.002557	-0.002548	-0.002413	-0.002403	1182.134810	1212.543579	1727.538142	1763.760916	0.088161	0.090484	0.130175	0.132992	
0.009515	0.323200	-0.312456	151.966151	151.966302	151.554269	151.554468	0.000003	33.872810	-0.002614	6.591634	6.591634	6.591634	6.591634	31.858709	0.022375	0.001918	0.073290	0.073212	0.070381	0.070304	0.001689	0.001692	0.001624	0.001627	1192.691921	1173.231037	1749.304238	1726.122530	-0.053405	-0.052404	-0.084289	-0.082910	
0.018008	-0.709215	-0.066523	152.036349	152.036500	151.625031	151.625230	0.000003	33.908791	-0.001266	6.599899	6.599899	6.599899	6.599899	32.283901	0.016688	0.011441	0.059834	0.059377	0.056967	0.056511	0.000362	0.000362	0.000358	0.000358	1206.054097	1201.910802	1697.410855	1692.475382	-0.014785	-0.014719	-0.023746	-0.023643	
0.008975	0.094785	0.190389	152.111762	152.111912	151.700245	151.700444	0.000003	33.925375	-0.000694	6.596835	6.596835	6.596835	6.596835	31.982525	-0.014704	0.010336	0.070331	0.069910	0.067436	0.067016	-0.001027	-0.001026	-0.001005	-0.001004	1188.974868	1200.832977	1736.632255	1750.757575	0.034122	0.034489	0.051647	0.052116	
0.024446	0.649881	-0.863652	151.858154	151.858304	151.446636	151.446834	0.000003	33.970259	0.001009	6.593564	6.593564	6.593564	6.593564	31.863858	0.077850	0.001648	0.072349	0.072282	0.069443	0.069377	0.004419	0.004471	0.003878	0.003939	1197.710798	1143.919457	1771.646655	1707.570677	-0.140102	-0.133152	-0.218268	-0.209175	
-0.004925	0.593386	-0.218956	152.028836	152.028986	151.617537	151.617734	0.000003	34.096066	0.005951	6.604591	6.604591	6.604591	6.604591	31.730679	0.049639	-0.005232	0.077917	0.078135	0.075001	0.075219	0.001201	0.001202	0.001173	0.001174	1175.633822	1161.996449	1738.718186	1722.473415	-0.037103	-0.036687	-0.054046	-0.053565	
0.002183	0.011136	0.676046	152.264398	152.264548	151.852592	151.852789	0.000003	34.072198	0.004905	6.597161	6.597161	6.597161	6.597161	32.179714	-0.048270	0.011570	0.064864	0.064398	0.061984	0.061519	-0.003488	-0.003463	-0.003174	-0.003143	1159.597879	1201.704444	1681.355545	1731.512675	0.127009	0.131809	0.187223	0.193098	
-0.015648	0.964127	-0.693171	151.931418	151.931567	151.519738	151.519934	0.000003	33.813738	-0.005525	6.586952	6.586952	6.586952	6.586952	31.672465	0.049108	-0.022531	0.078847	0.079785	0.075924	0.076859	0.003659	0.003684	0.003338	0.003365	1189.783882	1146.610720	1786.348254	1734.920599	-0.104256	-0.100181	-0.162906	-0.157678	
-0.001332	0.723293	-1.068844	151.845631	151.845780	151.434642	151.434838	0.000003	33.829798	-0.004971	6.601405	6.601405	6.601405	6.601405	31.898345	0.115595	-0.020784	0.070642	0.071494	0.067744	0.068594	0.005317	0.005413	0.004554	0.004655	1192.903141	1126.331759	1761.748372	1682.448873	-0.176536	-0.166319	-0.265007	-0.252591	
0.015690	-0.147144	0.991173	152.372539	152.372687	151.961068	151.961263	0.000003	33.945283	-0.000442	6.605125	6.605125	6.605125	6.605125	32.429314	-0.044191	0.022121	0.057626	0.056747	0.054770	0.053894	-0.004705	-0.004630	-0.004126	-0.004053	1159.058710	1220.792502	1675.926306	1749.463291	0.194397	0.203791	0.269894	0.280078	
-0.007660	-0.007112	-0.035010	152.127135	152.127282	151.715136	151.715330	0.000003	33.859524	-0.003964	6.582264	6.582264	6.582264	6.582264	32.012661	-0.014246	-0.003930	0.069141	0.069302	0.066245	0.066406	0.000189	0.000189	0.000186	0.000186	1203.148328	1200.967757	1751.530772	1748.933288	-0.006200	-0.006186	-0.010052	-0.010032	
-0.004258	-0.480957	-0.159239	152.102516	152.102663	151.691584	151.691778	0.000003	33.933137	-0.001107	6.592908	6.592908	6.592908	6.592908	32.211845	0.012258	-0.006001	0.062317	0.062559	0.059447	0.059689	0.000862	0.000862	0.000844	0.000844	1207.339095	1197.421122	1716.756284	1704.942044	-0.032901	-0.032558	-0.052877	-0.052356	
0.009383	1.172771	-0.027837	152.146086	152.146233	151.735152	151.735345	0.000003	33.896775	-0.002649	6.593953	6.593953	6.593953	6.593953	31.500287	0.008735	0.005322	0.086860	0.086637	0.083924	0.083702	0.000153	0.000153	0.000150	0.000150	1164.370562	1162.636789	1769.367195	1767.301933	-0.004112	-0.004107	-0.005995	-0.005989	
0.012274	-0.634246	-0.743806	151.977264	151.977410	151.566118	151.566310	0.000003	34.017957	0.002110	6.592062	6.592062	6.592062	6.592062	32.449153	0.070599	-0.003828	0.053723	0.053876	0.050873	0.051025	0.003672	0.003724	0.003045	0.003122	1214.518007	1168.191137	1702.127656	1646.943320	-0.164687	-0.155946	-0.275469	-0.260944	
-0.015403	0.750642	0.100259	152.197830	152.197976	151.786716	151.786908	0.000003	33.819991	-0.005896	6.599399	6.599399	6.599399	6.599399	31.720299	0.012311	-0.008140	0.079408	0.079747	0.076493	0.076831	-0.000544	-0.000543	-0.000534	-0.000534	1178.989485	1185.233988	1768.335917	1775.774338	0.015985	0.016061	0.022838	0.022921	
0.007397	-0.124307	1.196156	152.482765	152.482910	152.071283	152.071474	0.000003	33.871685	-0.003917	6.589822	6.589822	6.589822	6.589822	32.506428	-0.092784	0.020647	0.055850	0.055033	0.053001	0.052187	-0.005509	-0.005364	-0.004598	-0.004460	1146.765258	1221.266102	1657.735667	1746.480701	0.226779	0.241783	0.329305	0.346970	
-0.007454	-0.744268	-0.169188	152.149900	152.150045	151.738747	151.738937	0.000003	33.907346	-0.002578	6.577499	6.577499	6.577499	6.577499	32.354276	-0.016586	-0.007031	0.057949	0.058231	0.055091	0.055372	0.000900	0.000900	0.000877	0.000877	1229.655778	1219.118170	1741.473227	1728.920881	-0.034925	-0.034492	-0.060932	-0.060151	
-0.013373	0.966256	-0.317885	152.119958	152.120102	151.709691	151.709881	0.000003	33.837512	-0.005456	6.591901	6.591901	6.591901	6.591901	31.624478	0.026943	-0.014952	0.081982	0.082608	0.079064	0.079688	0.001721	0.001723	0.001664	0.001665	1183.293743	1163.494755	1783.614083	1760.029627	-0.048318	-0.047536	-0.071653	-0.070752	
-0.001894	0.526071	0.213376	152.264075	152.264219	151.853405	151.853594	0.000003	33.963659	-0.000496	6.593182	6.593182	6.593182	6.593182	31.787036	-0.012778	0.000826	0.077797	0.077763	0.074890	0.074857	-0.001179	-0.001178	-0.001151	-0.001151	1156.902786	1170.192613	1705.832018	1721.662792	0.036589	0.037009	0.053927	0.054427	
0.004492	1.517914	0.169739	152.263352	152.263495	151.852306	151.852495	0.000003	34.003622	0.001016	6.586941	6.586941	6.586941	6.586941	31.344409	-0.022303	0.005674	0.093115	0.092874	0.090164	0.089924	-0.000949	-0.000949	-0.000925	-0.000925	1136.174481	1146.746460	1744.532190	1757.125478	0.023913	0.024114	0.034911	0.035127	
-0.010035	0.438987	-0.544427	152.093472	152.093615	151.682655	151.682844	0.000003	33.869708	-0.004426	6.586981	6.586981	6.586981	6.586981	31.858737	0.046721	-0.016094	0.073818	0.074481	0.070918	0.071579	0.002940	0.002954	0.002715	0.002733	1174.635785	1140.726944	1714.155063	1673.763021	-0.095327	-0.092160	-0.149727	-0.145381	
0.020327	0.534505	-0.302966	152.163108	152.163250	151.752432	151.752620	0.000003	33.782812	-0.007986	6.594343	6.594343	6.594343	6.594343	31.793705	0.051929	0.007657	0.076997	0.076682	0.074090	0.073776	0.001653	0.001655	0.001600	0.001602	1179.692685	1160.822916	1739.911624	1717.434049	-0.051545	-0.050706	-0.076670	-0.075654	
-0.002521	-0.403470	1.031688	152.507420	152.507562	152.096373	152.096560	0.000003	33.978324	-0.000252	6.591318	6.591318	6.591318	6.591318	32.586586	-0.070222	0.013665	0.053285	0.052747	0.050446	0.049910	-0.004800	-0.004699	-0.004058	-0.003955	1161.633539	1225.890748	1660.876227	1737.419093	0.210379	0.222626	0.306432	0.321310	
-0.029671	-0.739798	0.114617	152.287439	152.287580	151.876360	151.876546	0.000003	34.048484	0.002469	6.576425	6.576425	6.576425	6.576425	32.376242	-0.040662	-0.017295	0.057983	0.058674	0.055127	0.055816	-0.000610	-0.000610	-0.000599	-0.000599	1223.128938	1230.267698	1736.218697	1744.722352	0.023557	0.023748	0.039944	0.040269	
-0.004679	0.553814	0.049756	152.278078	152.278219	151.867846	151.868032	0.000003	33.927619	-0.002448	6.585938	6.585938	6.585938	6.585938	31.802878	-0.018134	-0.004772	0.077243	0.077441	0.074341	0.074539	-0.000270	-0.000270	-0.000266	-0.000266	1183.693058	1186.792016	1760.198161	1763.889625	0.008082	0.008104	0.012163	0.012189	
-0.018362	-0.053470	-0.825570	152.069461	152.069602	151.659121	151.659306	0.000003	34.061194	0.002812	6.586325	6.586325	6.586325	6.586325	32.224813	0.067881	-0.027298	0.061231	0.062329	0.058367	0.059463	0.004122	0.004177	0.003514	0.003588	1210.251870	1158.832466	1739.838086	1678.587548	-0.156269	-0.148080	-0.250958	-0.238965	
-0.008976	1.406389	0.983411	152.531236	152.531376	152.120711	152.120895	0.000003	33.949224	-0.001750	6.595376	6.595376	6.595376	6.595376	31.715559	-0.069829	0.005171	0.082211	0.081997	0.079299	0.079085	-0.005050	-0.005001	-0.004646	-0.004607	1126.935378	1188.185701	1739.019238	1811.980317	0.141444	0.146955	0.189977	0.194920	
-0.017729	0.106587	-0.643380	152.135421	152.135561	151.724346	151.724531	0.000003	34.032876	0.001511	6.575386	6.575386	6.575386	6.575386	32.075138	0.036476	-0.024368	0.066702	0.067692	0.063820	0.064808	0.003365	0.003391	0.002985	0.003023	1197.652391	1157.580408	1731.943736	1684.210189	-0.116036	-0.111045	-0.193086	-0.185299	
0.013669	0.408609	0.595945	152.451572	152.451711	152.041328	152.041512	0.000003	34.067288	0.002806	6.592528	6.592528	6.592528	6.592528	32.014518	-0.043909	0.015342	0.071752	0.071127	0.068868	0.068245	-0.003124	-0.003110	-0.002929	-0.002915	1161.567271	1198.684857	1716.822269	1761.036553	0.102650	0.105661	0.146139	0.149452	
-0.003394	0.040310	0.983609	152.559816	152.559955	152.149116	152.149299	0.000003	33.844096	-0.006205	6.578820	6.578820	6.578820	6.578820	32.357396	-0.104071	0.013633	0.061111	0.060567	0.058254	0.057712	-0.004796	-0.004716	-0.004124	-0.004036	1157.669724	1218.932396	1688.615825	1761.591615	0.175846	0.185751	0.263200	0.275461	
0.009452	-0.502536	0.523744	152.452246	152.452384	152.041941	152.042124	0.000003	34.157499	0.006249	6.574156	6.574156	6.574156	6.574156	32.413017	-0.087281	0.014740	0.058565	0.057978	0.055716	0.055131	-0.002695	-0.002682	-0.002456	-0.002435	1197.012633	1229.633296	1712.773339	1751.630910	0.102862	0.106462	0.166750	0.172233	
0.007892	-0.425367	-0.402050	152.228606	152.228744	151.818840	151.819022	0.000003	34.017278	0.000561	6.578792	6.578792	6.578792	6.578792	32.288460	0.010273	-0.001293	0.060769	0.060822	0.057914	0.057967	0.002103	0.002109	0.001966	0.001975	1225.430190	1200.389085	1752.765922	1722.937082	-0.078900	-0.076792	-0.130547	-0.127206	
-0.005474	0.890803	-0.297630	152.264089	152.264227	151.854263	151.854445	0.000003	34.088526	0.003331	6.588459	6.588459	6.588459	6.588459	31.678997	0.034494	-0.008268	0.081283	0.081629	0.078373	0.078718	0.001613	0.001615	0.001564	0.001565	1182.724078	1164.186611	1776.612324	1754.530586	-0.046257	-0.045564	-0.067965	-0.067176	
0.000185	0.476391	0.017583	152.353557	152.353695	151.943119	151.943300	0.000003	34.000934	-0.000254	6.586923	6.586923	6.586923	6.586923	31.808908	0.010686	0.000020	0.077672	0.077672	0.074769	0.074769	-0.000097	-0.000097	-0.000096	-0.000096	1165.957652	1167.052768	1715.158753	1716.463250	0.003037	0.003040	0.004529	0.004532	
-0.010157	1.138949	0.327914	152.440340	152.440477	152.029699	152.029879	0.000003	34.028636	0.000772	6.583063	6.583063	6.583063	6.583063	31.575639	-0.032414	-0.001381	0.086222	0.086281	0.083296	0.083355	-0.001809	-0.001806	-0.001749	-0.001748	1142.174047	1162.597723	1729.762460	1754.091040	0.049370	0.050180	0.071773	0.072661	
-0.015217	0.389470	-1.500603	151.991651	151.991787	151.581193	151.581373	0.000003	33.903479	-0.004315	6.579314	6.579314	6.579314	6.579314	32.231110	0.104166	-0.038607	0.060254	0.061805	0.057390	0.058938	0.006760	0.007066	0.005146	0.005442	1212.543493	1119.080618	1762.659658	1651.327148	-0.258703	-0.234647	-0.415381	-0.381626	
0.001366	0.790209	0.028832	152.382203	152.382340	151.972049	151.972228	0.000003	34.117347	0.004160	6.598759	6.598759	6.598759	6.598759	31.726714	0.036361	-0.001332	0.080639	0.080695	0.077730	0.077787	-0.000157	-0.000157	-0.000155	-0.000155	1173.564052	1175.359783	1758.128371	1760.267436	0.004699	0.004705	0.006501	0.006507	
-0.021508	0.166951	-1.176923	152.092826	152.092961	151.681731	151.681910	0.000003	34.011791	-0.000145	6.581817	6.581817	6.581817	6.581817	32.256681	0.108682	-0.034703	0.060197	0.061591	0.057332	0.058721	0.005544	0.005698	0.004441	0.004612	1212.959446	1139.656529	1754.068673	1666.750603	-0.212864	-0.197384	-0.338954	-0.317125	
0.023062	1.167949	-0.564359	152.252955	152.253090	151.842283	151.842461	0.000003	34.012755	-0.000188	6.594377	6.594377	6.594377	6.594377	31.622325	0.100595	0.004643	0.083411	0.083218	0.080489	0.080297	0.003010	0.003021	0.002854	0.002863	1182.563579	1147.413283	1792.007044	1750.136187	-0.085034	-0.082831	-0.120627	-0.118333	
0.002513	-0.073219	1.003253	152.655499	152.655634	152.244480	152.244657	0.000003	34.004861	-0.000585	6.587423	6.587423	6.587423	6.587423	32.436867	-0.054405	0.017064	0.059243	0.058564	0.056391	0.055714	-0.004819	-0.004735	-0.004179	-0.004095	1148.496598	1210.982733	1660.154455	1734.587627	0.193844	0.204035	0.275657	0.287242	
0.003056	0.993433	-0.116034	152.383967	152.384101	151.973067	151.973244	0.000003	33.844576	-0.007078	6.570037	6.570037	6.570037	6.570037	31.629570	-0.007600	0.001049	0.084020	0.083977	0.081097	0.081054	0.000633	0.000633	0.000618	0.000618	1178.768565	1171.541529	1782.153571	1773.544761	-0.017039	-0.016930	-0.026396	-0.026260	
0.014566	-0.590276	-0.017808	152.414334	152.414468	152.004506	152.004683	0.000003	34.146711	0.004930	6.581757	6.581757	6.581757	6.581757	32.288205	0.000804	0.009375	0.062286	0.061910	0.059429	0.059055	0.000098	0.000098	0.000097	0.000097	1194.524507	1193.415332	1684.453366	1683.132123	-0.003881	-0.003876	-0.006253	-0.006245	
0.007710	0.071273	0.021618	152.434107	152.434240	152.024140	152.024316	0.000003	34.006027	-0.000776	6.580421	6.580421	6.580421	6.580421	32.035805	-0.002112	0.006475	0.070736	0.070473	0.067857	0.067595	-0.000117	-0.000117	-0.000116	-0.000116	1194.997823	1196.344256	1742.529789	1744.133653	0.003892	0.003897	0.005959	0.005965	
-0.021388	0.167579	0.058101	152.451984	152.452118	152.041887	152.042062	0.000003	34.185076	0.006308	6.579569	6.579569	6.579569	6.579569	31.983567	-0.009832	-0.012578	0.072222	0.072737	0.069337	0.069852	-0.000318	-0.000318	-0.000313	-0.000313	1183.675690	1187.294436	1727.744900	1732.055533	0.010388	0.010423	0.015882	0.015928	
-0.001039	0.178778	0.797101	152.645286	152.645419	152.235218	152.235392	0.000003	34.015961	-0.000535	6.578799	6.578799	6.578799	6.578799	32.229894	-0.077983	0.009626	0.065826	0.065438	0.062962	0.062576	-0.004040	-0.004000	-0.003624	-0.003580	1158.798036	1208.444341	1697.330215	1756.468647	0.141353	0.147461	0.207573	0.214827	
-0.011847	-0.233036	-0.730913	152.271768	152.271901	151.861760	151.861934	0.000003	34.101294	0.002801	6.570457	6.570457	6.570457	6.570457	32.322084	0.038642	-0.021129	0.059569	0.060416	0.056716	0.057561	0.003666	0.003705	0.003147	0.003206	1224.932663	1179.408786	1758.482064	1704.254249	-0.138011	-0.131245	-0.231320	-0.220500	
-0.015441	0.254273	-0.316673	152.382451	152.382584	151.972921	151.973095	0.000003	34.150402	0.004690	6.586594	6.586594	6.586594	6.586594	31.992347	0.046922	-0.016702	0.071354	0.072038	0.068475	0.069157	0.001694	0.001696	0.001637	0.001640	1201.592255	1181.868761	1762.205878	1738.711350	-0.055782	-0.054842	-0.082858	-0.081711	
0.006172	0.131806	0.289641	152.544902	152.545034	152.134721	152.134894	0.000003	33.945281	-0.003593	6.581793	6.581793	6.581793	6.581793	32.053802	-0.012607	0.007324	0.070930	0.070633	0.068051	0.067754	-0.001566	-0.001564	-0.001518	-0.001516	1176.138063	1194.177921	1715.438306	1736.927294	0.052693	0.053536	0.078359	0.079403	
0.021945	-0.052214	0.207974	152.532865	152.532996	152.122559	152.122731	0.000003	33.930611	-0.004257	6.574789	6.574789	6.574789	6.574789	32.113659	-0.025058	0.018478	0.069076	0.068327	0.066200	0.065453	-0.001127	-0.001126	-0.001099	-0.001098	1185.506755	1198.460110	1717.364949	1732.794921	0.038581	0.039069	0.060031	0.060700	
-0.003780	0.076091	0.900269	152.713291	152.713421	152.303403	152.303575	0.000003	33.959660	-0.003172	6.575311	6.575311	6.575311	6.575311	32.340473	-0.092952	0.012342	0.062708	0.062215	0.059856	0.059364	-0.004447	-0.004389	-0.003908	-0.003844	1162.260286	1218.332233	1698.958749	1765.751373	0.160863	0.168799	0.237139	0.246648	
0.001819	-0.186191	0.299411	152.571339	152.571470	152.161621	152.161793	0.000003	34.047599	0.000270	6.567523	6.567523	6.567523	6.567523	32.212847	-0.064213	0.006139	0.065803	0.065556	0.062941	0.062695	-0.001596	-0.001594	-0.001534	-0.001532	1194.908554	1213.556944	1728.589558	1750.803427	0.055272	0.056328	0.088669	0.090216	
-0.014293	0.048164	0.402834	152.604198	152.604328	152.194935	152.195106	0.000003	34.221010	0.007132	6.573638	6.573638	6.573638	6.573638	32.141200	-0.065789	-0.003440	0.068215	0.068355	0.065350	0.065490	-0.002141	-0.002136	-0.002037	-0.002031	1181.486953	1206.576875	1722.962507	1752.849497	0.072354	0.074050	0.110607	0.112821	
0.009671	-0.040411	-0.434271	152.403873	152.404003	151.994491	151.994662	0.000002	34.014075	-0.001219	6.572211	6.572211	6.572211	6.572211	32.143330	0.023212	-0.002388	0.066763	0.066861	0.063898	0.063995	0.002299	0.002306	0.002154	0.002164	1207.806784	1180.758859	1747.057890	1714.838537	-0.079921	-0.077735	-0.128557	-0.125353	
0.023956	-0.558769	0.538622	152.655268	152.655398	152.245847	152.246017	0.000002	33.969843	-0.003062	6.580864	6.580864	6.580864	6.580864	32.485923	-0.042405	0.023604	0.057771	0.056835	0.054934	0.054000	-0.002757	-0.002743	-0.002533	-0.002513	1191.627723	1225.175045	1697.042574	1737.003976	0.113025	0.116644	0.170411	0.175220	
0.003420	-1.423381	-0.542480	152.394702	152.394831	151.984816	151.984985	0.000002	34.202503	0.006169	6.570013	6.570013	6.570013	6.570013	32.846098	0.032488	-0.004767	0.043831	0.044017	0.041023	0.041209	0.002656	0.002679	0.002212	0.002259	1259.071555	1225.283972	1735.581569	1695.333969	-0.136284	-0.130312	-0.249395	-0.237143	
-0.011111	0.770609	0.238397	152.596755	152.596883	152.187225	152.187394	0.000002	33.932936	-0.004688	6.581271	6.581271	6.581271	6.581271	31.827386	-0.014499	-0.004021	0.078682	0.078849	0.075787	0.075954	-0.001272	-0.001271	-0.001242	-0.001241	1186.236383	1201.084591	1789.360611	1807.047723	0.036972	0.037382	0.052754	0.053191	
-0.016716	-0.864841	0.653130	152.710239	152.710367	152.300333	152.300501	0.000002	34.183446	0.005257	6.572538	6.572538	6.572538	6.572538	32.679876	-0.066645	-0.001915	0.051368	0.051444	0.048546	0.048622	-0.003248	-0.003215	-0.002817	-0.002768	1186.932189	1227.611421	1664.523035	1712.979932	0.147550	0.154188	0.234626	0.244709	
-0.003919	0.721284	0.662845	152.719864	152.719992	152.310184	152.310352	0.000002	34.119576	0.002628	6.567655	6.567655	6.567655	6.567655	31.964768	-0.088400	0.006568	0.075130	0.074861	0.072246	0.071978	-0.003441	-0.003422	-0.003193	-0.003174	1169.276001	1210.560326	1761.518317	1810.695999	0.101185	0.104640	0.149918	0.153880	
0.010872	-0.328738	-0.261065	152.495989	152.496117	152.086750	152.086917	0.000002	34.151579	0.003836	6.567236	6.567236	6.567236	6.567236	32.231926	-0.001993	0.002074	0.064564	0.064481	0.061707	0.061625	0.001408	0.001410	0.001355	0.001357	1204.956446	1188.696397	1721.641143	1702.272255	-0.051378	-0.050465	-0.085191	-0.083731	
-0.001142	0.422286	0.256042	152.632990	152.633117	152.223946	152.224113	0.000002	33.891339	-0.006645	6.576880	6.576880	6.576880	6.576880	31.946599	-0.028245	0.003278	0.075062	0.074928	0.072181	0.072048	-0.001384	-0.001383	-0.001347	-0.001346	1176.484859	1192.432068	1739.763957	1758.760192	0.043339	0.043921	0.063794	0.064480	
-0.005287	-0.185431	-0.056233	152.564492	152.564618	152.154970	152.155137	0.000002	34.090316	0.001241	6.570965	6.570965	6.570965	6.570965	32.151883	-0.004368	-0.004479	0.067561	0.067743	0.064695	0.064877	0.000307	0.000307	0.000303	0.000303	1194.146488	1190.644077	1716.774389	1712.602335	-0.010837	-0.010798	-0.017222	-0.017166	
0.006652	0.885560	-0.738397	152.401415	152.401541	151.991963	151.992129	0.000002	34.000227	-0.002436	6.573929	6.573929	6.573929	6.573929	31.817605	0.072078	-0.008872	0.077532	0.077899	0.074637	0.075004	0.003859	0.003888	0.003512	0.003544	1192.486447	1146.496489	1784.123956	1729.340948	-0.114530	-0.109991	-0.173633	-0.168112	
-0.004330	0.502108	-0.548308	152.457352	152.457478	152.047836	152.048002	0.000002	34.129920	0.002680	6.580972	6.580972	6.580972	6.580972	31.931892	0.081197	-0.011516	0.074016	0.074489	0.071131	0.071604	0.002918	0.002931	0.002730	0.002744	1186.991090	1152.840509	1745.549189	1704.869187	-0.094427	-0.091643	-0.140448	-0.137067	
0.003285	-0.198760	0.079695	152.623725	152.623850	152.213768	152.213932	0.000002	34.263589	0.007953	6.578555	6.578555	6.578555	6.578555	32.177360	0.020532	0.003323	0.067288	0.067154	0.064421	0.064288	-0.000435	-0.000435	-0.000429	-0.000429	1189.839313	1194.802985	1710.448000	1716.360702	0.015731	0.015804	0.023802	0.023898	
-0.003384	0.014517	-0.131695	152.578959	152.579084	152.168926	152.169090	0.000002	34.074018	0.000296	6.571384	6.571384	6.571384	6.571384	32.086680	0.020615	-0.003692	0.069848	0.069999	0.066972	0.067123	0.000714	0.000714	0.000701	0.000701	1197.977783	1189.775346	1739.617378	1729.846677	-0.024095	-0.023906	-0.037507	-0.037248	
-0.003662	0.968828	-0.465982	152.502304	152.502429	152.092677	152.092841	0.000002	34.149824	0.003256	6.573316	6.573316	6.573316	6.573316	31.709262	0.055434	-0.010279	0.081899	0.082328	0.078993	0.079421	0.002516	0.002523	0.002391	0.002398	1179.791071	1150.768034	1772.137982	1737.565885	-0.071650	-0.069903	-0.107117	-0.105060	
-0.004864	-0.242713	1.083946	152.897856	152.897980	152.488320	152.488484	0.000002	33.898111	-0.006885	6.576616	6.576616	6.576616	6.576616	32.603078	-0.072487	0.010695	0.055388	0.054967	0.052561	0.052141	-0.005042	-0.004933	-0.004287	-0.004181	1153.145262	1220.657291	1657.998462	1738.418454	0.215141	0.227632	0.307517	0.321962	
0.009682	-0.613498	-0.825496	152.429068	152.429191	152.019344	152.019507	0.000002	33.987956	-0.003363	6.559577	6.559577	6.559577	6.559577	32.584240	0.046167	-0.008222	0.052388	0.052713	0.049559	0.049883	0.003955	0.004017	0.003212	0.003307	1249.482528	1198.067708	1775.580655	1714.335578	-0.164641	-0.155002	-0.286910	-0.270060	
0.001581	-0.878901	-0.210654	152.587989	152.588112	152.179099	152.179261	0.000002	34.182732	0.004358	6.579782	6.579782	6.579782	6.579782	32.522146	0.039081	-0.002191	0.055616	0.055703	0.052787	0.052875	0.001109	0.001110	0.001080	0.001081	1236.957891	1223.837637	1744.358992	1728.730212	-0.047141	-0.046519	-0.073949	-0.073036	
-0.021172	-0.032367	0.210751	152.703895	152.704018	152.294341	152.294503	0.000002	33.939541	-0.005441	6.572902	6.572902	6.572902	6.572902	32.167488	-0.010938	-0.010562	0.067895	0.068324	0.065031	0.065459	-0.001125	-0.001124	-0.001099	-0.001099	1198.992571	1212.118884	1747.686851	1763.322850	0.038427	0.038877	0.057774	0.058344	
-0.009794	0.841595	0.910655	152.886293	152.886416	152.476668	152.476830	0.000002	34.113191	0.001434	6.567921	6.567921	6.567921	6.567921	32.008722	-0.090562	0.005854	0.074809	0.074570	0.071929	0.071691	-0.004651	-0.004602	-0.004199	-0.004152	1142.792556	1199.511372	1722.750543	1790.313714	0.140629	0.146874	0.201456	0.208120	
0.004350	0.559486	-0.235093	152.606784	152.606906	152.197507	152.197668	0.000002	34.095361	0.000650	6.560076	6.560076	6.560076	6.560076	31.848014	-0.005978	-0.002005	0.078096	0.078179	0.075204	0.075288	0.001286	0.001287	0.001247	0.001248	1181.373408	1166.731000	1747.542818	1730.100854	-0.038201	-0.037662	-0.060642	-0.059902	
-0.009343	0.094071	0.020392	152.676850	152.676972	152.268155	152.268315	0.000002	34.057384	-0.000937	6.572100	6.572100	6.572100	6.572100	32.047361	-0.005055	-0.006169	0.071797	0.072049	0.068928	0.069180	-0.000112	-0.000112	-0.000111	-0.000111	1181.246371	1182.516487	1715.295825	1716.808781	0.003765	0.003770	0.005728	0.005734	
-0.007523	0.225695	-0.888035	152.459029	152.459150	152.049924	152.050084	0.000002	33.961921	-0.004824	6.569067	6.569067	6.569067	6.569067	32.196949	0.079371	-0.021148	0.064994	0.065848	0.062136	0.062988	0.004424	0.004485	0.003799	0.003875	1211.909585	1156.599636	1765.150479	1699.265543	-0.156485	-0.148195	-0.246283	-0.234901	
-0.022647	0.230681	0.072281	152.706688	152.706809	152.297478	152.297637	0.000002	34.217507	0.005330	6.578474	6.578474	6.578474	6.578474	32.022814	0.019019	-0.015083	0.072646	0.073263	0.069771	0.070387	-0.000393	-0.000393	-0.000387	-0.000387	1186.354900	1190.856810	1739.164341	1744.526993	0.012943	0.012991	0.018787	0.018843	
-0.005599	-0.469961	0.275370	152.766760	152.766881	152.357052	152.357210	0.000002	33.882344	-0.008148	6.567793	6.567793	6.567793	6.567793	32.361430	-0.021948	-0.000767	0.062129	0.062161	0.059281	0.059313	-0.001476	-0.001474	-0.001423	-0.001421	1193.809831	1210.960833	1701.574860	1722.005048	0.056463	0.057455	0.088699	0.090135	
-0.002705	1.730957	-0.167729	152.662365	152.662485	152.252987	152.253145	0.000002	34.269278	0.007260	6.565218	6.565218	6.565218	6.565218	31.363681	0.010090	-0.004987	0.095079	0.095292	0.092142	0.092355	0.000925	0.000926	0.000899	0.000900	1158.097119	1147.650352	1799.238162	1786.794026	-0.022289	-0.022110	-0.032679	-0.032488	
0.020304	0.676584	0.269094	152.778485	152.778605	152.369475	152.369633	0.000002	34.135462	0.001839	6.569706	6.569706	6.569706	6.569706	31.807521	-0.023364	0.017342	0.081084	0.080366	0.078190	0.077474	-0.001498	-0.001496	-0.001455	-0.001454	1143.421979	1160.182111	1691.613548	1711.578134	0.045236	0.045895	0.066730	0.067509	
-0.017636	0.241570	-0.394286	152.620812	152.620932	152.211681	152.211838	0.000002	33.930059	-0.006445	6.564698	6.564698	6.564698	6.564698	32.025180	0.029957	-0.016963	0.071925	0.072619	0.069051	0.069744	0.002129	0.002134	0.002020	0.002026	1188.958131	1164.400569	1732.131949	1702.879104	-0.069977	-0.068297	-0.110271	-0.107937	
-0.017137	-0.536437	1.070226	152.993815	152.993934	152.584860	152.585017	0.000002	34.119951	0.001083	6.571492	6.571492	6.571492	6.571492	32.768254	-0.078056	0.000972	0.050536	0.050499	0.047728	0.047691	-0.004856	-0.004745	-0.004076	-0.003966	1170.930187	1237.587689	1670.436552	1749.838636	0.222215	0.235459	0.322215	0.338197	
0.001518	-0.235163	-0.474095	152.616253	152.616372	152.207038	152.207195	0.000002	34.186684	0.003684	6.555445	6.555445	6.555445	6.555445	32.311087	0.020295	-0.008410	0.062583	0.062921	0.059734	0.060071	0.002448	0.002457	0.002260	0.002274	1233.317851	1203.789528	1783.475207	1748.301215	-0.086308	-0.083630	-0.144306	-0.140070	
0.008717	0.260563	0.923020	152.970575	152.970694	152.562075	152.562231	0.000002	34.100003	0.000150	6.571690	6.571690	6.571690	6.571690	32.324174	-0.076513	0.017638	0.065142	0.064434	0.062298	0.061592	-0.004543	-0.004489	-0.004063	-0.004010	1162.483340	1219.972289	1715.685467	1784.166016	0.160331	0.167479	0.226257	0.233963	
-0.028450	0.272354	-0.410334	152.646766	152.646884	152.237775	152.237930	0.000002	34.108236	0.000413	6.556433	6.556433	6.556433	6.556433	32.043757	0.011442	-0.025395	0.071314	0.072351	0.068444	0.069478	0.002185	0.002191	0.002065	0.002072	1204.083800	1178.526713	1766.308494	1735.865020	-0.069342	-0.067586	-0.111967	-0.109443	
-0.003274	0.646020	-0.786009	152.558208	152.558326	152.149701	152.149855	0.000002	33.973100	-0.005059	6.570370	6.570370	6.570370	6.570370	31.976213	0.081915	-0.017926	0.073106	0.073841	0.070232	0.070966	0.004050	0.004087	0.003641	0.003682	1197.226565	1148.271122	1772.535646	1714.220167	-0.128955	-0.123469	-0.194618	-0.187877	
-0.006134	-0.276779	-0.608786	152.611701	152.611819	152.202761	152.202915	0.000002	34.117512	0.000651	6.574179	6.574179	6.574179	6.574179	32.360489	0.088512	-0.014306	0.060811	0.061384	0.057969	0.058541	0.003114	0.003134	0.002810	0.002838	1214.716962	1176.799638	1736.671201	1691.504274	-0.122478	-0.118012	-0.188967	-0.182819	
0.012905	0.154442	-0.412297	152.669359	152.669476	152.259911	152.260064	0.000002	34.092156	-0.000431	6.571881	6.571881	6.571881	6.571881	32.116859	0.075623	0.001972	0.069591	0.069511	0.066722	0.066643	0.002179	0.002184	0.002076	0.002081	1208.439211	1182.759886	1765.506987	1734.917904	-0.073749	-0.072084	-0.110908	-0.108812	
0.013793	0.036096	-0.156752	152.740664	152.740781	152.331163	152.331317	0.000002	33.926762	-0.007115	6.569406	6.569406	6.569406	6.569406	32.111451	0.044145	0.008054	0.070394	0.070067	0.067524	0.067199	0.000850	0.000851	0.000834	0.000834	1196.360627	1186.597545	1737.293520	1725.663786	-0.029004	-0.028745	-0.044030	-0.043693	
-0.008607	0.325801	-0.124345	152.755856	152.755972	152.346511	152.346663	0.000002	34.281689	0.007015	6.566336	6.566336	6.566336	6.566336	31.980394	0.026978	-0.006143	0.074597	0.074850	0.071718	0.071970	0.000678	0.000678	0.000666	0.000666	1187.331639	1179.586965	1743.600417	1734.375000	-0.021560	-0.021410	-0.032638	-0.032449	
0.013432	-0.375733	-0.061900	152.778313	152.778429	152.369206	152.369358	0.000002	34.254640	0.005866	6.565679	6.565679	6.565679	6.565679	32.280862	0.018008	0.007663	0.065030	0.064723	0.062178	0.061872	0.000337	0.000337	0.000333	0.000333	1200.491284	1196.635960	1713.958855	1709.366412	-0.012546	-0.012496	-0.019779	-0.019707	
-0.016612	-0.244161	0.367203	152.892714	152.892829	152.483740	152.483892	0.000002	34.067990	-0.001666	6.564708	6.564708	6.564708	6.564708	32.323238	-0.034439	-0.004388	0.064188	0.064365	0.061342	0.061519	-0.001942	-0.001938	-0.001854	-0.001849	1192.568327	1215.439050	1720.688025	1747.931516	0.070614	0.072136	0.107637	0.109657	
0.017074	0.279222	0.566510	152.949636	152.949752	152.540754	152.540905	0.000002	34.139495	0.001129	6.559786	6.559786	6.559786	6.559786	32.160759	-0.066526	0.019114	0.070440	0.069665	0.067578	0.066805	-0.002962	-0.002949	-0.002762	-0.002746	1173.446494	1208.730723	1730.193347	1772.223746	0.096304	0.099309	0.144403	0.148091	
-0.006860	-0.090256	0.703346	152.990212	152.990327	152.581630	152.581781	0.000002	34.024011	-0.003555	6.557340	6.557340	6.557340	6.557340	32.388288	-0.092563	0.007512	0.062967	0.062667	0.060128	0.059829	-0.003576	-0.003546	-0.003207	-0.003170	1174.317844	1218.124739	1704.748113	1756.930668	0.128937	0.134333	0.197366	0.204462	
0.000897	0.298189	0.851879	153.033859	153.033973	152.625548	152.625699	0.000002	34.226838	0.004495	6.555592	6.555592	6.555592	6.555592	32.280455	-0.111962	0.013241	0.066938	0.066405	0.064091	0.063560	-0.004278	-0.004232	-0.003807	-0.003755	1166.012577	1219.070657	1724.288550	1787.491070	0.141957	0.148598	0.212371	0.220397	
0.016042	-0.229314	0.471999	152.945479	152.945593	152.537360	152.537510	0.000002	34.263242	0.005888	6.553714	6.553714	6.553714	6.553714	32.356144	-0.085674	0.018124	0.063925	0.063199	0.061086	0.060362	-0.002471	-0.002462	-0.002301	-0.002288	1188.895625	1218.293401	1717.189215	1752.207698	0.088167	0.090805	0.139947	0.143732	
-0.003401	0.702921	0.969303	153.076331	153.076445	152.668382	152.668531	0.000002	34.183559	0.002639	6.557502	6.557502	6.557502	6.557502	32.141799	-0.121617	0.013074	0.071836	0.071305	0.068979	0.068450	-0.004865	-0.004804	-0.004335	-0.004275	1150.409058	1210.780691	1728.850137	1800.764524	0.150897	0.158222	0.218612	0.226643	
-0.002083	-1.018512	0.311411	152.919294	152.919407	152.511202	152.511351	0.000002	34.098105	-0.000841	6.551885	6.551885	6.551885	6.551885	32.652676	-0.075397	0.003469	0.053790	0.053654	0.050978	0.050843	-0.001642	-0.001639	-0.001544	-0.001538	1211.131218	1230.526983	1692.921094	1716.025232	0.070645	0.072327	0.121711	0.124757	
0.028871	0.108358	0.507270	152.974327	152.974440	152.566451	152.566600	0.000002	34.225683	0.004201	6.558626	6.558626	6.558626	6.558626	32.240270	-0.074220	0.026099	0.068112	0.067059	0.065264	0.064214	-0.002635	-0.002626	-0.002477	-0.002466	1189.913264	1221.507849	1748.913886	1786.549199	0.087799	0.090257	0.132281	0.135349	
0.007253	0.210576	0.403740	152.956225	152.956338	152.548111	152.548259	0.000002	34.101432	-0.000831	6.556258	6.556258	6.556258	6.556258	32.133367	-0.069074	0.012988	0.071274	0.070747	0.068416	0.067890	-0.002152	-0.002147	-0.002050	-0.002045	1177.879816	1203.026191	1729.081040	1759.035277	0.069758	0.071380	0.106703	0.108798	
-0.002808	-0.525477	-0.361117	152.771712	152.771825	152.363573	152.363721	0.000002	34.269748	0.005839	6.557040	6.557040	6.557040	6.557040	32.412200	0.012163	-0.007612	0.060363	0.060668	0.057531	0.057835	0.001909	0.001913	0.001795	0.001802	1218.447654	1195.955981	1730.693453	1703.901484	-0.074091	-0.072264	-0.122941	-0.119988	
0.000650	0.878497	-0.024409	152.862844	152.862956	152.454688	152.454836	0.000002	34.201916	0.003064	6.564971	6.564971	6.564971	6.564971	31.776644	0.007584	-0.000574	0.082360	0.082384	0.079470	0.079495	0.000133	0.000133	0.000131	0.000131	1178.284361	1176.764073	1774.054480	1772.243521	-0.003779	-0.003774	-0.005496	-0.005491	
-0.022692	-0.366513	0.878768	153.096890	153.097002	152.688286	152.688433	0.000002	34.172557	0.001827	6.561052	6.561052	6.561052	6.561052	32.611082	-0.078269	-0.002405	0.056244	0.056340	0.053425	0.053521	-0.004265	-0.004200	-0.003674	-0.003599	1164.886350	1219.619157	1666.476771	1731.674217	0.177246	0.186456	0.264371	0.276146	
-0.005638	0.905152	0.048629	152.895995	152.896106	152.487385	152.487531	0.000002	34.182500	0.002162	6.551018	6.551018	6.551018	6.551018	31.773987	-0.032372	-0.004324	0.082607	0.082788	0.079714	0.079894	-0.000264	-0.000264	-0.000258	-0.000258	1181.323026	1184.351829	1784.852440	1788.460334	0.007211	0.007230	0.011040	0.011063	
0.017761	1.494072	-1.442612	152.528326	152.528438	152.120314	152.120460	0.000002	33.911190	-0.008751	6.559638	6.559638	6.559638	6.559638	31.770906	0.117053	-0.016920	0.079847	0.080550	0.076959	0.077660	0.007100	0.007313	0.005862	0.006054	1186.645938	1096.794933	1802.878616	1695.848547	-0.203607	-0.188121	-0.308884	-0.290788	
-0.002224	0.206975	0.883584	153.117689	153.117800	152.709491	152.709637	0.000002	34.187655	0.002246	6.575458	6.575458	6.575458	6.575458	32.348507	-0.041897	0.009314	0.065197	0.064824	0.062357	0.061985	-0.004385	-0.004338	-0.003974	-0.003929	1149.021187	1204.053936	1681.502703	1747.057439	0.164236	0.170717	0.222599	0.229163	
-0.014792	-0.441576	0.407454	153.008459	153.008569	152.599231	152.599376	0.000002	34.087145	-0.001838	6.550119	6.550119	6.550119	6.550119	32.445735	-0.058348	-0.002739	0.061006	0.061116	0.058169	0.058279	-0.002136	-0.002130	-0.002004	-0.001995	1198.708479	1224.086170	1718.162991	1748.392770	0.079473	0.081608	0.128315	0.131538	
-0.012770	-0.232793	0.088934	152.932269	152.932379	152.523949	152.524094	0.000002	34.146420	0.000471	6.554823	6.554823	6.554823	6.554823	32.270685	-0.030650	-0.008185	0.066120	0.066451	0.063274	0.063604	-0.000478	-0.000478	-0.000470	-0.000470	1205.906013	1211.445156	1741.867175	1748.465374	0.016723	0.016815	0.026499	0.026631	
0.035486	0.208894	0.625683	153.073179	153.073289	152.665177	152.665321	0.000002	34.073629	-0.002500	6.558073	6.558073	6.558073	6.558073	32.238805	-0.068113	0.031559	0.068962	0.067686	0.066112	0.064841	-0.003239	-0.003221	-0.002994	-0.002974	1171.927008	1210.896776	1722.736567	1769.157160	0.108852	0.112526	0.160996	0.165404	
-0.012013	-0.065235	0.379537	153.018886	153.018995	152.610715	152.610859	0.000002	34.372831	0.009407	6.552022	6.552022	6.552022	6.552022	32.262327	-0.066989	0.000584	0.067178	0.067155	0.064331	0.064308	-0.002017	-0.002013	-0.001920	-0.001914	1186.068317	1209.707235	1722.405379	1750.563941	0.069165	0.070766	0.108112	0.110319	
-0.003208	-0.036016	-0.337307	152.845474	152.845583	152.437542	152.437685	0.000002	34.056327	-0.003313	6.554353	6.554353	6.554353	6.554353	32.201369	0.011927	-0.008738	0.067797	0.068152	0.064948	0.065301	0.001799	0.001802	0.001719	0.001723	1208.307520	1187.298826	1751.288815	1726.263364	-0.061638	-0.060349	-0.098437	-0.096580	
0.000734	-0.768891	-0.175415	152.892745	152.892854	152.484826	152.484969	0.000002	34.108354	-0.001291	6.561794	6.561794	6.561794	6.561794	32.503245	0.023904	-0.002982	0.058323	0.058443	0.055500	0.055619	0.000939	0.000940	0.000918	0.000918	1221.304143	1210.378698	1721.522394	1708.508058	-0.038739	-0.038290	-0.062212	-0.061519	
0.005433	0.526305	-0.072935	152.926296	152.926404	152.517941	152.518083	0.000002	34.117534	-0.000984	6.559762	6.559762	6.559762	6.559762	31.946206	0.016871	0.002515	0.077125	0.077023	0.074249	0.074147	0.000394	0.000394	0.000388	0.000388	1192.103543	1187.560906	1772.144688	1766.733521	-0.011932	-0.011887	-0.017754	-0.017700	
-0.023387	-0.600855	0.538534	153.085849	153.085957	152.677393	152.677535	0.000002	34.030160	-0.004540	6.558331	6.558331	6.558331	6.558331	32.577745	-0.050023	-0.006941	0.057158	0.057434	0.054338	0.054613	-0.002769	-0.002754	-0.002523	-0.002501	1186.877591	1220.419387	1683.420484	1723.375305	0.114454	0.118353	0.176825	0.182309	
0.001738	-0.197332	-0.215284	152.903867	152.903975	152.495493	152.495634	0.000002	34.199996	0.002193	6.551488	6.551488	6.551488	6.551488	32.271612	0.006449	-0.003898	0.065978	0.066136	0.063131	0.063289	0.001146	0.001147	0.001115	0.001116	1218.422562	1205.013894	1762.595224	1746.622886	-0.039812	-0.039275	-0.064116	-0.063325	
-0.014812	-0.539776	-0.364790	152.871935	152.872042	152.463972	152.464113	0.000002	34.282768	0.005445	6.559294	6.559294	6.559294	6.559294	32.448978	0.038719	-0.015941	0.059691	0.060327	0.056863	0.057497	0.001916	0.001921	0.001810	0.001817	1223.101436	1200.381041	1739.235392	1712.170971	-0.075578	-0.073810	-0.120984	-0.118328	
-0.015343	-0.281010	1.647441	153.382587	153.382694	152.974392	152.974532	0.000002	34.261729	0.004545	6.560658	6.560658	6.560658	6.560658	32.946329	-0.105385	0.006898	0.047628	0.047361	0.044840	0.044574	-0.006636	-0.006361	-0.005454	-0.005247	1158.776169	1261.384646	1682.951519	1805.178226	0.310480	0.334246	0.425070	0.449421	
0.012665	1.121423	-0.238114	152.918290	152.918396	152.509853	152.509993	0.000002	34.237023	0.003496	6.538791	6.538791	6.538791	6.538791	31.714542	-0.010757	0.003242	0.084952	0.084818	0.082054	0.081920	0.001278	0.001280	0.001237	0.001238	1194.643897	1179.813324	1823.076540	1805.410436	-0.033009	-0.032571	-0.052260	-0.051699	
-0.010772	0.340795	-0.447017	152.869046	152.869152	152.461718	152.461858	0.000002	33.994729	-0.006252	6.558676	6.558676	6.558676	6.558676	32.040824	0.041655	-0.014400	0.073197	0.073786	0.070337	0.070925	0.002409	0.002416	0.002275	0.002283	1185.153879	1157.312069	1730.942111	1697.777086	-0.079035	-0.076990	-0.121224	-0.118548	
-0.010710	1.323544	0.000744	152.989824	152.989930	152.581986	152.582126	0.000002	34.213843	0.002455	6.560768	6.560768	6.560768	6.560768	31.580134	0.014438	-0.008020	0.089843	0.090181	0.086937	0.087275	-0.000004	-0.000004	-0.000004	-0.000004	1154.266158	1154.312486	1761.538775	1761.593960	0.000109	0.000109	0.000156	0.000156	
0.007211	1.188637	-0.845710	152.785627	152.785733	152.377272	152.377411	0.000002	34.086774	-0.002687	6.555593	6.555593	6.555593	6.555593	31.746969	0.089603	-0.011288	0.082601	0.083072	0.079708	0.080177	0.004473	0.004519	0.004012	0.004059	1170.609818	1117.935989	1760.316765	1697.571963	-0.127616	-0.121784	-0.193137	-0.186146	
-0.011817	0.367949	-0.304336	152.926873	152.926979	152.518643	152.518781	0.000002	34.251063	0.003826	6.564377	6.564377	6.564377	6.564377	32.007705	0.063272	-0.012401	0.074754	0.075263	0.071885	0.072393	0.001660	0.001662	0.001607	0.001609	1180.937962	1161.982818	1728.426856	1705.847584	-0.054250	-0.053363	-0.080070	-0.078997	
0.004737	-0.374965	-0.980411	152.765731	152.765836	152.357126	152.357264	0.000002	33.999069	-0.006314	6.558303	6.558303	6.558303	6.558303	32.587992	0.106458	-0.013384	0.054489	0.055018	0.051669	0.052197	0.004602	0.004700	0.003737	0.003858	1229.891371	1168.827914	1749.782871	1677.044385	-0.198104	-0.185693	-0.317795	-0.299421	
-0.005582	0.840815	0.076884	153.035958	153.036063	152.627470	152.627608	0.000002	34.310687	0.006092	6.565239	6.565239	6.565239	6.565239	31.847024	0.029004	-0.002501	0.081151	0.081255	0.078265	0.078369	-0.000416	-0.000415	-0.000409	-0.000409	1181.487872	1186.276458	1780.577259	1786.281398	0.012060	0.012102	0.016962	0.017005	
-0.016154	0.155324	0.334827	153.108039	153.108143	152.699285	152.699422	0.000002	34.212094	0.002088	6.553628	6.553628	6.553628	6.553628	32.148951	-0.027171	-0.005280	0.071446	0.071661	0.068585	0.068800	-0.001813	-0.001810	-0.001744	-0.001741	1169.764275	1190.618519	1705.231049	1730.072521	0.060481	0.061648	0.091515	0.093011	
0.008661	0.417952	-0.027703	153.022287	153.022391	152.614003	152.614140	0.000002	34.078824	-0.003301	6.550544	6.550544	6.550544	6.550544	31.982162	-0.004916	0.004322	0.076627	0.076450	0.073754	0.073578	0.000151	0.000151	0.000149	0.000149	1182.946819	1181.221399	1744.894267	1742.838955	-0.004652	-0.004645	-0.007150	-0.007141	
0.014905	-0.267497	-0.311747	152.956787	152.956890	152.548944	152.549080	0.000002	34.178338	0.000623	6.554210	6.554210	6.554210	6.554210	32.309672	0.032481	0.005156	0.065273	0.065067	0.062433	0.062227	0.001671	0.001674	0.001601	0.001604	1205.389346	1185.972663	1726.273332	1703.144276	-0.061515	-0.060300	-0.097862	-0.096081	
-0.018517	-0.189115	1.116309	153.320522	153.320625	152.912626	152.912762	0.000002	34.135359	-0.001153	6.557011	6.557011	6.557011	6.557011	32.688767	-0.085395	0.003248	0.055384	0.055257	0.052576	0.052450	-0.005139	-0.005032	-0.004391	-0.004288	1168.615651	1238.143359	1696.231489	1779.052548	0.210685	0.222747	0.300247	0.313864	
-0.000611	0.364114	1.419742	153.403274	153.403377	152.995158	152.995293	0.000002	34.100867	-0.002590	6.541435	6.541435	6.541435	6.541435	32.554815	-0.144551	0.019392	0.060620	0.059850	0.057798	0.057031	-0.006472	-0.006280	-0.005373	-0.005203	1155.662821	1244.089426	1724.332174	1829.665505	0.225372	0.241950	0.329369	0.347906	
-0.003199	0.749851	1.068449	153.319248	153.319351	152.911885	152.912020	0.000002	33.905042	-0.010478	6.537907	6.537907	6.537907	6.537907	32.204536	-0.148429	0.015265	0.071489	0.070870	0.068642	0.068025	-0.005308	-0.005224	-0.004622	-0.004537	1152.071630	1218.618402	1739.201344	1818.471527	0.159252	0.168351	0.238791	0.249356	
-0.007957	0.763664	0.325113	153.138280	153.138383	152.731505	152.731640	0.000002	34.121857	-0.001858	6.541478	6.541478	6.541478	6.541478	31.889314	-0.087515	-0.000234	0.080486	0.080496	0.077616	0.077627	-0.001766	-0.001763	-0.001700	-0.001698	1164.263504	1184.512676	1744.736731	1768.857443	0.050054	0.050973	0.077129	0.078285	
-0.008268	0.098862	-0.482099	152.942694	152.942796	152.535911	152.536046	0.000002	34.202053	0.001297	6.549206	6.549206	6.549206	6.549206	32.183754	0.018581	-0.015196	0.068931	0.069547	0.066088	0.066703	0.002563	0.002573	0.002383	0.002396	1197.996568	1167.969739	1736.674812	1700.907003	-0.087605	-0.084972	-0.139773	-0.135994	
0.009577	0.100936	0.514879	153.199222	153.199324	152.791964	152.792098	0.000002	34.196801	0.001033	6.557593	6.557593	6.557593	6.557593	32.272077	-0.043741	0.012341	0.068350	0.067852	0.065510	0.065014	-0.002698	-0.002688	-0.002541	-0.002531	1175.690809	1207.759319	1718.382106	1756.581955	0.093540	0.096065	0.135981	0.138948	
0.011986	1.438086	-0.153826	153.039836	153.039938	152.631898	152.632031	0.000002	34.218234	0.001834	6.546608	6.546608	6.546608	6.546608	31.550816	0.001550	0.006016	0.091508	0.091255	0.088599	0.088346	0.000847	0.000848	0.000825	0.000825	1162.912349	1153.331524	1785.075253	1773.662623	-0.021389	-0.021222	-0.031935	-0.031747	
-0.006323	-1.260535	-0.110667	153.055354	153.055455	152.647732	152.647865	0.000002	34.274050	0.004012	6.553450	6.553450	6.553450	6.553450	32.716412	0.011666	-0.005305	0.052501	0.052710	0.049698	0.049906	0.000604	0.000604	0.000593	0.000594	1213.270524	1206.377779	1664.805642	1656.595039	-0.029175	-0.028919	-0.050375	-0.049893	
0.010825	1.031569	0.313225	153.168242	153.168343	152.760478	152.760611	0.000002	34.264506	0.003575	6.552778	6.552778	6.552778	6.552778	31.819321	-0.027163	0.011433	0.083317	0.082843	0.080433	0.079960	-0.001679	-0.001677	-0.001629	-0.001627	1172.862361	1192.371155	1785.258584	1808.497363	0.046270	0.046953	0.066528	0.067253	
-0.026350	0.979572	0.603741	153.247084	153.247184	152.839226	152.839358	0.000002	34.267597	0.003643	6.547945	6.547945	6.547945	6.547945	31.873755	-0.075202	-0.006986	0.081642	0.081932	0.078763	0.079052	-0.003248	-0.003233	-0.003045	-0.003031	1138.215547	1175.818676	1715.863861	1760.656521	0.092598	0.095457	0.135166	0.138348	
0.011012	0.107154	-0.343043	153.015707	153.015807	152.608097	152.608228	0.000002	34.232324	0.002178	6.544574	6.544574	6.544574	6.544574	32.147476	0.012290	-0.000613	0.070944	0.070969	0.068091	0.068117	0.001854	0.001858	0.001769	0.001773	1192.977541	1171.611578	1730.758991	1705.307963	-0.061883	-0.060536	-0.099672	-0.097700	
0.028008	-0.200460	0.304802	153.182930	153.183030	152.775628	152.775760	0.000002	34.214756	0.001422	6.554478	6.554478	6.554478	6.554478	32.335169	-0.025161	0.023188	0.066370	0.065438	0.063534	0.062605	-0.001629	-0.001627	-0.001572	-0.001570	1189.317121	1208.301248	1715.695748	1738.309545	0.059011	0.060045	0.088867	0.090206	
0.016518	0.714955	-0.140056	153.079171	153.079271	152.671451	152.671582	0.000002	34.093133	-0.003497	6.547306	6.547306	6.547306	6.547306	31.881215	0.005955	0.010779	0.080571	0.080126	0.077693	0.077249	0.000762	0.000763	0.000746	0.000746	1183.993938	1175.270771	1768.981669	1758.590676	-0.022074	-0.021906	-0.033485	-0.033279	
0.013155	0.477055	-0.516009	152.990355	152.990454	152.582782	152.582913	0.000002	34.200692	0.000751	6.551759	6.551759	6.551759	6.551759	32.029910	0.055541	0.001273	0.074735	0.074684	0.071872	0.071821	0.002756	0.002766	0.002579	0.002591	1188.552555	1156.413675	1747.670434	1709.386761	-0.087844	-0.085275	-0.134384	-0.131085	
0.021769	-0.040497	-0.003583	153.124995	153.125094	152.717315	152.717445	0.000002	34.311526	0.005130	6.555564	6.555564	6.555564	6.555564	32.203063	0.021593	0.015327	0.070182	0.069561	0.067332	0.066714	0.000020	0.000020	0.000019	0.000019	1191.064330	1190.841163	1724.020572	1723.754737	-0.000679	-0.000679	-0.001023	-0.001022	
0.003469	0.040719	0.560532	153.272820	153.272919	152.864845	152.864974	0.000002	34.093912	-0.003629	6.549795	6.549795	6.549795	6.549795	32.327648	-0.049973	0.012657	0.067032	0.066523	0.064191	0.063684	-0.002917	-0.002904	-0.002714	-0.002698	1176.482095	1211.394040	1716.284281	1757.871216	0.101615	0.104774	0.151293	0.155196	
-0.004089	-0.147454	-0.421482	153.032586	153.032685	152.624798	152.624927	0.000002	34.236465	0.002019	6.543476	6.543476	6.543476	6.543476	32.314317	0.024390	-0.009349	0.065356	0.065733	0.062517	0.062893	0.002219	0.002225	0.002080	0.002089	1215.918189	1189.666813	1755.556567	1724.286058	-0.078233	-0.076126	-0.127227	-0.124059	
0.012401	-0.438501	-0.523220	153.011863	153.011961	152.604544	152.604672	0.000002	34.107687	-0.003185	6.553758	6.553758	6.553758	6.553758	32.488997	0.062294	-0.000701	0.059658	0.059686	0.056837	0.056866	0.002684	0.002697	0.002455	0.002474	1226.575978	1193.987976	1750.584847	1711.766181	-0.106055	-0.102619	-0.167408	-0.162439	
0.003986	0.730408	1.079423	153.419834	153.419932	153.012155	153.012283	0.000002	34.361534	0.006916	6.554636	6.554636	6.554636	6.554636	32.254977	-0.076843	0.017710	0.070564	0.069848	0.067720	0.067005	-0.005276	-0.005204	-0.004726	-0.004662	1150.251881	1217.482188	1734.019868	1814.104274	0.170512	0.178466	0.233816	0.241579	
-0.017693	0.083627	0.214321	153.210005	153.210102	152.802045	152.802173	0.000002	34.102109	-0.003515	6.537191	6.537191	6.537191	6.537191	32.186413	-0.052750	-0.007273	0.070871	0.071167	0.068020	0.068315	-0.001158	-0.001157	-0.001126	-0.001125	1187.663885	1201.012572	1733.602872	1749.503761	0.037492	0.037995	0.060005	0.060726	
-0.015222	0.089187	0.075704	153.178454	153.178552	152.771361	152.771488	0.000002	34.281249	0.003599	6.546162	6.546162	6.546162	6.546162	32.161834	-0.027209	-0.010429	0.071405	0.071829	0.068557	0.068981	-0.000411	-0.000411	-0.000405	-0.000405	1189.767092	1194.482207	1734.526644	1740.143265	0.013576	0.013636	0.020980	0.021061	
-0.010079	1.287614	-0.662177	153.000550	153.000647	152.593421	152.593548	0.000002	34.256545	0.002560	6.547493	6.547493	6.547493	6.547493	31.712964	0.057503	-0.019757	0.085110	0.085935	0.082222	0.083046	0.003533	0.003554	0.003280	0.003299	1179.509160	1138.266410	1792.832247	1743.704090	-0.095635	-0.092378	-0.143233	-0.139479	
0.003618	-0.320895	0.854940	153.385984	153.386080	152.978645	152.978771	0.000002	34.331734	0.005515	6.555118	6.555118	6.555118	6.555118	32.636695	-0.056068	0.012607	0.057705	0.057207	0.054896	0.054400	-0.004167	-0.004111	-0.003653	-0.003592	1162.506619	1215.755347	1664.605785	1728.035404	0.174680	0.182857	0.251938	0.261707	
0.004222	-0.301993	0.541476	153.314796	153.314893	152.906971	152.907097	0.000002	34.074350	-0.004833	6.538628	6.538628	6.538628	6.538628	32.501438	-0.073278	0.011943	0.061601	0.061126	0.058777	0.058304	-0.002775	-0.002762	-0.002551	-0.002533	1199.487655	1233.212690	1735.483820	1775.656914	0.100574	0.103948	0.158574	0.163331	
0.005307	-0.941503	-0.992788	152.934614	152.934710	152.527460	152.527586	0.000002	34.166354	-0.001204	6.541679	6.541679	6.541679	6.541679	32.905091	0.051896	-0.012747	0.045497	0.045991	0.042713	0.043207	0.004433	0.004554	0.003355	0.003515	1260.499787	1198.665417	1766.353275	1692.696482	-0.217783	-0.202080	-0.379506	-0.351693	
-0.026975	0.754021	-0.378620	153.093741	153.093836	152.686812	152.686938	0.000002	34.111160	-0.003462	6.557948	6.557948	6.557948	6.557948	31.956469	0.055353	-0.023927	0.077415	0.078400	0.074551	0.075534	0.001997	0.002000	0.001928	0.001931	1207.711619	1184.129815	1815.634107	1787.543580	-0.059327	-0.058284	-0.084853	-0.083729	
0.005789	0.017332	0.115032	153.225540	153.225635	152.817737	152.817863	0.000002	34.009661	-0.007575	6.551118	6.551118	6.551118	6.551118	32.198499	0.009200	0.003817	0.070803	0.070649	0.067953	0.067799	-0.000628	-0.000628	-0.000618	-0.000618	1183.609936	1190.774519	1716.545067	1725.079483	0.021552	0.021693	0.032392	0.032572	
-0.003442	0.424401	-0.503716	153.076189	153.076284	152.668317	152.668442	0.000002	34.225491	0.001006	6.545494	6.545494	6.545494	6.545494	32.081459	0.053952	-0.010262	0.073375	0.073794	0.070515	0.070933	0.002669	0.002679	0.002501	0.002512	1199.082953	1167.709740	1765.877131	1728.505516	-0.084725	-0.082289	-0.130992	-0.127805	
0.000861	0.684095	-0.588245	153.059802	153.059897	152.652315	152.652440	0.000002	34.281469	0.003193	6.551890	6.551890	6.551890	6.551890	31.984309	0.079299	-0.009310	0.076539	0.076922	0.073673	0.074055	0.003112	0.003126	0.002902	0.002918	1191.164552	1154.526569	1768.623662	1724.980678	-0.096034	-0.093057	-0.143054	-0.139499	
0.015055	0.107754	0.733574	153.396819	153.396914	152.989156	152.989280	0.000002	34.216499	0.000543	6.552584	6.552584	6.552584	6.552584	32.384941	-0.041609	0.020324	0.066159	0.065344	0.063326	0.062513	-0.003732	-0.003702	-0.003402	-0.003370	1162.727406	1208.417011	1697.813843	1752.239073	0.134590	0.139634	0.192361	0.198079	
-0.005034	-0.854508	0.124591	153.250661	153.250755	152.842826	152.842949	0.000002	34.055816	-0.005937	6.538173	6.538173	6.538173	6.538173	32.602924	-0.030145	0.000302	0.057623	0.057611	0.054808	0.054797	-0.000666	-0.000666	-0.000654	-0.000653	1219.815269	1227.575266	1719.788990	1729.032660	0.026925	0.027165	0.045383	0.045792	
-0.001606	-0.557166	-0.151540	153.185006	153.185100	152.777900	152.778024	0.000002	34.084557	-0.004837	6.544420	6.544420	6.544420	6.544420	32.475768	0.005683	-0.003865	0.061226	0.061381	0.058406	0.058560	0.000805	0.000806	0.000789	0.000790	1226.960076	1217.521630	1752.093025	1740.849995	-0.030601	-0.030305	-0.049238	-0.048790	
-0.001474	-0.403653	-0.048432	153.216827	153.216921	152.809758	152.809881	0.000002	34.239721	0.001320	6.547213	6.547213	6.547213	6.547213	32.400757	0.007416	-0.002045	0.063940	0.064022	0.061113	0.061196	0.000260	0.000260	0.000256	0.000256	1215.725213	1212.708667	1744.253049	1740.659755	-0.009591	-0.009562	-0.014980	-0.014940	
0.024367	-0.282283	-0.728863	153.052849	153.052943	152.645547	152.645670	0.000002	34.131994	-0.003039	6.545851	6.545851	6.545851	6.545851	32.505411	0.073037	0.003958	0.059499	0.059342	0.056679	0.056523	0.003620	0.003656	0.003155	0.003205	1231.353430	1185.957256	1767.976731	1713.901035	-0.140457	-0.134089	-0.224710	-0.215405	
-0.036089	-0.027752	0.712030	153.418555	153.418648	153.011228	153.011350	0.000002	34.269278	0.002402	6.552878	6.552878	6.552878	6.552878	32.468624	-0.047537	-0.012938	0.062896	0.063414	0.060075	0.060591	-0.003569	-0.003544	-0.003271	-0.003243	1182.750788	1227.098523	1728.145082	1780.971884	0.131048	0.135668	0.186337	0.191516	
0.023795	-0.796486	0.478811	153.367009	153.367102	152.959314	152.959435	0.000002	34.063265	-0.005890	6.537238	6.537238	6.537238	6.537238	32.711961	-0.059836	0.021240	0.055310	0.054475	0.052504	0.051672	-0.002449	-0.002438	-0.002237	-0.002219	1209.743042	1239.565069	1713.585623	1749.109473	0.100959	0.104261	0.164454	0.169640	
-0.003888	0.318178	0.408307	153.352635	153.352728	152.945601	152.945723	0.000002	34.273909	0.002487	6.539446	6.539446	6.539446	6.539446	32.186237	-0.064967	0.005197	0.072127	0.071917	0.069282	0.069072	-0.002151	-0.002146	-0.002054	-0.002050	1189.112334	1214.543138	1762.101905	1792.394953	0.067451	0.068953	0.101961	0.103820	
-0.013275	0.266480	0.266006	153.322300	153.322392	152.915522	152.915643	0.000002	34.160396	-0.002102	6.540046	6.540046	6.540046	6.540046	32.137766	-0.052533	-0.004910	0.073326	0.073527	0.070478	0.070679	-0.001437	-0.001436	-0.001394	-0.001393	1179.028448	1195.596270	1732.265151	1752.000658	0.045771	0.046469	0.070027	0.070929	
-0.011649	1.571107	-0.393196	153.162908	153.163000	152.756125	152.756246	0.000002	34.306225	0.003684	6.541336	6.541336	6.541336	6.541336	31.539681	0.022708	-0.015814	0.092310	0.092979	0.089409	0.090077	0.002158	0.002163	0.002070	0.002073	1162.723986	1138.234322	1789.014421	1759.842455	-0.054111	-0.053046	-0.080339	-0.079159	
-0.001573	-0.092199	0.169246	153.309083	153.309175	152.902218	152.902338	0.000002	34.101346	-0.004560	6.548152	6.548152	6.548152	6.548152	32.248060	-0.009626	0.000198	0.069667	0.069659	0.066828	0.066821	-0.000932	-0.000932	-0.000914	-0.000913	1172.543921	1183.085169	1685.410363	1697.967045	0.033260	0.033594	0.050402	0.050845	
0.008787	0.954711	-1.240862	152.963130	152.963221	152.555855	152.555975	0.000002	34.041573	-0.007000	6.541902	6.541902	6.541902	6.541902	32.074701	0.106307	-0.017012	0.072670	0.073365	0.069814	0.070507	0.006040	0.006182	0.005042	0.005185	1209.148570	1131.863294	1810.758999	1718.697164	-0.187720	-0.175016	-0.289043	-0.273286	
-0.003495	-0.262040	-0.385377	153.181671	153.181763	152.774541	152.774661	0.000002	34.296913	0.003165	6.556727	6.556727	6.556727	6.556727	32.386198	0.077947	-0.008187	0.064051	0.064380	0.061223	0.061551	0.002037	0.002042	0.001941	0.001946	1210.305121	1186.302459	1735.021311	1706.429459	-0.077834	-0.076156	-0.116011	-0.113856	
0.006892	-0.597210	0.348413	153.372890	153.372981	152.965077	152.965196	0.000002	34.173174	-0.001835	6.547357	6.547357	6.547357	6.547357	32.575806	-0.008007	0.009863	0.059537	0.059146	0.056720	0.056330	-0.001826	-0.001822	-0.001742	-0.001738	1205.907848	1227.608274	1718.548088	1744.397527	0.072824	0.074346	0.111149	0.113225	
-0.006695	0.112256	-0.069084	153.273075	153.273166	152.865400	152.865518	0.000002	34.206359	-0.000558	6.539197	6.539197	6.539197	6.539197	32.189554	0.003065	-0.004596	0.071262	0.071449	0.068412	0.068599	0.000371	0.000371	0.000365	0.000365	1205.414337	1201.111558	1765.439729	1760.314280	-0.012042	-0.011994	-0.018729	-0.018664	
0.010726	0.785886	0.515930	153.423206	153.423296	153.016136	153.016255	0.000002	34.224982	0.000139	6.543459	6.543459	6.543459	6.543459	31.993870	-0.050762	0.014448	0.079261	0.078667	0.076397	0.075805	-0.002754	-0.002745	-0.002614	-0.002606	1157.258169	1189.392118	1737.285751	1775.563551	0.081316	0.083396	0.117534	0.119824	
-0.009393	-0.821870	0.200856	153.350119	153.350209	152.943077	152.943195	0.000002	34.240906	0.000728	6.537034	6.537034	6.537034	6.537034	32.607342	-0.041408	-0.002113	0.058118	0.058202	0.055309	0.055394	-0.001080	-0.001079	-0.001048	-0.001047	1204.809718	1217.319720	1692.967482	1707.869335	0.044446	0.045087	0.073948	0.075020	
0.021129	0.888103	0.498502	153.428821	153.428911	153.022071	153.022189	0.000002	34.219121	-0.000190	6.540153	6.540153	6.540153	6.540153	31.966321	-0.062972	0.020754	0.080361	0.079506	0.077497	0.076644	-0.002642	-0.002634	-0.002515	-0.002508	1167.659650	1198.708118	1767.456311	1804.441092	0.075183	0.077020	0.109321	0.111335	
0.013734	1.264564	-0.463731	153.193756	153.193845	152.786993	152.787111	0.000002	34.138949	-0.003443	6.536788	6.536788	6.536788	6.536788	31.686103	0.026532	0.002111	0.087858	0.087771	0.084970	0.084883	0.002533	0.002541	0.002404	0.002411	1168.106314	1139.223516	1772.459510	1738.054465	-0.067267	-0.065594	-0.102336	-0.100337	
0.015209	0.008121	1.305246	153.640680	153.640769	153.234051	153.234168	0.000002	34.160395	-0.002632	6.546832	6.546832	6.546832	6.546832	32.710081	-0.096546	0.027252	0.057372	0.056299	0.054574	0.053503	-0.005891	-0.005726	-0.004970	-0.004829	1138.765580	1220.060964	1655.137938	1751.976594	0.244758	0.260542	0.340812	0.357699	
0.007390	0.607305	0.390914	153.418840	153.418929	153.011744	153.011860	0.000002	34.082856	-0.005781	6.527760	6.527760	6.527760	6.527760	32.057437	-0.075315	0.013031	0.077061	0.076527	0.074203	0.073671	-0.002078	-0.002073	-0.001985	-0.001981	1181.758910	1206.106429	1770.471550	1799.474193	0.060063	0.061391	0.093237	0.094933	
-0.027468	0.433420	0.189651	153.370878	153.370967	152.964563	152.964679	0.000002	34.337862	0.004374	6.537221	6.537221	6.537221	6.537221	32.050189	-0.050372	-0.014807	0.076397	0.077004	0.073545	0.074151	-0.001035	-0.001035	-0.001011	-0.001011	1173.019590	1184.831708	1731.449489	1745.520026	0.031826	0.032168	0.048561	0.048996	
-0.011527	0.357701	0.270626	153.397052	153.397140	152.990675	152.990791	0.000002	34.439196	0.008383	6.539251	6.539251	6.539251	6.539251	32.105689	-0.046131	-0.005682	0.074906	0.075139	0.072059	0.072291	-0.001469	-0.001467	-0.001426	-0.001424	1172.332930	1189.188473	1725.930087	1746.008326	0.046334	0.047034	0.069885	0.070760	
0.012169	0.510450	0.615097	153.488760	153.488848	153.082125	153.082240	0.000002	34.223498	-0.000291	6.538135	6.538135	6.538135	6.538135	32.160508	-0.076122	0.016322	0.074164	0.073500	0.071318	0.070656	-0.003235	-0.003219	-0.003009	-0.002991	1159.124381	1197.434792	1720.811837	1766.447007	0.101439	0.104755	0.149700	0.153588	
-0.033730	-0.339425	-0.349794	153.252550	153.252638	152.845882	152.845997	0.000002	34.302005	0.002804	6.534229	6.534229	6.534229	6.534229	32.413352	0.005379	-0.027773	0.063260	0.064372	0.060438	0.061548	0.001858	0.001862	0.001759	0.001764	1213.864395	1192.077970	1737.043980	1711.092099	-0.068329	-0.066729	-0.112877	-0.110349	
0.012017	-0.192164	0.529815	153.476829	153.476916	153.070380	153.070495	0.000002	34.251987	0.000758	6.544315	6.544315	6.544315	6.544315	32.475606	-0.047474	0.012605	0.063582	0.063079	0.060765	0.060264	-0.002732	-0.002721	-0.002550	-0.002536	1190.092998	1223.091785	1724.535283	1763.843273	0.100616	0.103537	0.148762	0.152370	
-0.026158	0.145885	-0.812443	153.147829	153.147916	152.740939	152.741054	0.000002	34.044598	-0.007583	6.534734	6.534734	6.534734	6.534734	32.349289	0.055135	-0.031058	0.064570	0.065819	0.061742	0.062987	0.004059	0.004105	0.003523	0.003584	1224.612001	1174.010168	1787.488476	1727.211826	-0.140691	-0.133738	-0.226199	-0.216270	
-0.007416	-0.417711	-0.573601	153.211377	153.211464	152.804760	152.804874	0.000002	34.138574	-0.003869	6.548800	6.548800	6.548800	6.548800	32.541451	0.077111	-0.016189	0.059022	0.059665	0.056211	0.056853	0.002911	0.002928	0.002646	0.002669	1228.637384	1192.911453	1755.254601	1712.698049	-0.116536	-0.112569	-0.179905	-0.174428	
-0.017139	-1.179600	0.714218	153.540468	153.540555	153.133285	153.133399	0.000002	34.197460	-0.001561	6.546075	6.546075	6.546075	6.546075	33.043738	-0.036647	-0.002764	0.045428	0.045535	0.042655	0.042763	-0.003362	-0.003321	-0.002894	-0.002841	1215.011580	1259.495607	1699.145993	1752.135144	0.170551	0.178171	0.259639	0.270275	
-0.010866	0.382767	-0.595898	153.218169	153.218255	152.810802	152.810915	0.000002	34.247741	0.000403	6.532038	6.532038	6.532038	6.532038	32.198074	0.044928	-0.018317	0.070316	0.071060	0.067471	0.068213	0.003055	0.003071	0.002815	0.002834	1228.810614	1191.695957	1822.660769	1778.449974	-0.095384	-0.092137	-0.150913	-0.146535	
-0.030118	0.851009	-0.112521	153.341819	153.341905	152.935206	152.935319	0.000002	34.296412	0.002305	6.545800	6.545800	6.545800	6.545800	31.867957	0.026170	-0.022965	0.082176	0.083129	0.079307	0.080257	0.000616	0.000616	0.000604	0.000604	1175.320145	1168.311921	1762.908718	1754.560557	-0.017785	-0.017686	-0.025745	-0.025636	
0.019254	0.583200	0.023480	153.382597	153.382683	152.975615	152.975727	0.000002	34.232101	-0.000313	6.540499	6.540499	6.540499	6.540499	31.963185	0.010504	0.011042	0.079941	0.079487	0.077076	0.076623	-0.000130	-0.000130	-0.000128	-0.000128	1168.479514	1169.941930	1729.701397	1731.443419	0.003920	0.003925	0.005847	0.005853	
-0.009353	0.169222	1.155495	153.670209	153.670294	153.263230	153.263343	0.000002	34.102543	-0.005541	6.538765	6.538765	6.538765	6.538765	32.579480	-0.098287	0.011220	0.061498	0.061053	0.058687	0.058243	-0.005465	-0.005349	-0.004679	-0.004569	1147.288109	1219.256462	1682.488214	1768.216558	0.204547	0.216699	0.292488	0.306027	
0.016292	-0.060032	-0.141268	153.350662	153.350747	152.943850	152.943962	0.000002	34.158710	-0.003339	6.526511	6.526511	6.526511	6.526511	32.279273	-0.017992	0.008099	0.069082	0.068755	0.066246	0.065920	0.000757	0.000757	0.000741	0.000741	1212.450427	1203.651763	1763.691484	1753.210559	-0.025012	-0.024786	-0.041071	-0.040727	
0.006726	-0.154031	1.019350	153.643594	153.643680	153.237511	153.237622	0.000002	34.332737	0.003579	6.540125	6.540125	6.540125	6.540125	32.689257	-0.095138	0.018917	0.057902	0.057156	0.055105	0.054362	-0.004817	-0.004733	-0.004154	-0.004068	1169.767372	1233.256139	1698.838706	1774.466209	0.190759	0.201050	0.275851	0.287825	
-0.015432	0.220404	-0.071311	153.377500	153.377585	152.971021	152.971132	0.000002	34.285613	0.001651	6.527624	6.527624	6.527624	6.527624	32.163841	-0.028394	-0.010796	0.072722	0.073162	0.069879	0.070318	0.000383	0.000383	0.000376	0.000376	1206.009651	1201.568159	1775.780533	1770.489850	-0.011907	-0.011856	-0.018997	-0.018926	
-0.002263	0.253518	0.354516	153.487097	153.487182	153.081008	153.081119	0.000002	34.340198	0.003792	6.538972	6.538972	6.538972	6.538972	32.199156	-0.046439	0.002323	0.072578	0.072485	0.069741	0.069647	-0.001901	-0.001898	-0.001829	-0.001826	1175.949609	1198.030142	1727.202844	1753.505064	0.061935	0.063132	0.092174	0.093634	
0.036171	-0.586779	1.057839	153.669185	153.669270	153.262747	153.262857	0.000002	34.481786	0.009412	6.534289	6.534289	6.534289	6.534289	32.914432	-0.099187	0.038195	0.051212	0.049726	0.048432	0.046950	-0.004823	-0.004709	-0.003985	-0.003864	1177.894506	1243.780479	1680.573250	1759.056291	0.215283	0.229039	0.324537	0.342469	
0.017057	-0.615419	-0.384328	153.313026	153.313110	152.906599	152.906709	0.000002	34.304147	0.002263	6.526543	6.526543	6.526543	6.526543	32.592138	0.002804	0.007296	0.058542	0.058253	0.055736	0.055448	0.001981	0.001987	0.001851	0.001859	1245.315014	1221.377670	1779.324986	1750.810941	-0.075389	-0.073399	-0.128746	-0.125382	
0.008763	-0.055013	0.505973	153.538948	153.539032	153.133006	153.133116	0.000002	34.145497	-0.004125	6.541725	6.541725	6.541725	6.541725	32.423498	-0.049918	0.013791	0.065746	0.065194	0.062929	0.062378	-0.002616	-0.002607	-0.002463	-0.002453	1192.538421	1224.052238	1740.623195	1778.162297	0.092530	0.095000	0.135626	0.138582	
0.019831	0.126345	-0.399101	153.319588	153.319672	152.913048	152.913157	0.000002	34.156147	-0.003742	6.532076	6.532076	6.532076	6.532076	32.241278	0.024900	0.007076	0.070104	0.069818	0.067267	0.066982	0.002113	0.002118	0.002003	0.002009	1210.692062	1185.834630	1768.283845	1738.673797	-0.069755	-0.068075	-0.110849	-0.108487	
0.011027	0.586609	0.524049	153.554068	153.554151	153.147693	153.147803	0.000002	34.157588	-0.003727	6.541447	6.541447	6.541447	6.541447	32.119057	-0.044940	0.016023	0.076002	0.075348	0.073155	0.072503	-0.002774	-0.002765	-0.002631	-0.002622	1163.964223	1196.603883	1734.874418	1773.754619	0.086173	0.088381	0.123307	0.125723	
0.017688	1.068994	1.369672	153.771560	153.771643	153.364851	153.364960	0.000002	34.282942	0.001244	6.531441	6.531441	6.531441	6.531441	32.239294	-0.135320	0.032960	0.073851	0.072513	0.071011	0.069676	-0.006630	-0.006477	-0.005721	-0.005593	1120.879847	1206.187896	1708.814616	1810.433138	0.201132	0.213876	0.282661	0.295366	
0.001035	0.315146	0.293604	153.505981	153.506063	153.099603	153.099712	0.000002	34.277631	0.000988	6.522198	6.522198	6.522198	6.522198	32.151653	-0.080498	0.007406	0.074399	0.074098	0.071555	0.071254	-0.001585	-0.001583	-0.001527	-0.001525	1178.450606	1196.737313	1735.952736	1757.735770	0.048712	0.049595	0.077799	0.079034	
0.001991	-0.188600	0.384338	153.531443	153.531525	153.125783	153.125891	0.000002	34.206942	-0.001879	6.533490	6.533490	6.533490	6.533490	32.414674	-0.068197	0.006984	0.065848	0.065568	0.063032	0.062753	-0.002040	-0.002035	-0.001939	-0.001933	1186.646879	1210.584827	1713.338571	1741.853336	0.072892	0.074591	0.112859	0.115182	
0.007130	0.552618	-0.540621	153.306169	153.306252	152.900197	152.900305	0.000002	34.359714	0.004191	6.532390	6.532390	6.532390	6.532390	32.086487	0.031424	-0.004862	0.074929	0.075128	0.072083	0.072282	0.002847	0.002859	0.002656	0.002669	1203.273974	1169.602180	1784.529787	1744.420114	-0.087265	-0.084596	-0.135566	-0.132092	
-0.018196	0.162983	1.244609	153.757210	153.757292	153.351061	153.351169	0.000002	34.441196	0.007409	6.542008	6.542008	6.542008	6.542008	32.646851	-0.096027	0.003650	0.059757	0.059613	0.056958	0.056814	-0.005729	-0.005598	-0.004928	-0.004814	1148.366990	1225.885631	1686.818017	1779.157836	0.222359	0.235309	0.307238	0.320654	
0.010998	0.432757	0.075542	153.471244	153.471325	153.064545	153.064652	0.000002	34.352371	0.003813	6.522796	6.522796	6.522796	6.522796	32.086071	-0.040216	0.007571	0.076355	0.076046	0.073503	0.073194	-0.000407	-0.000407	-0.000399	-0.000399	1194.385434	1199.090455	1773.353656	1778.958254	0.012070	0.012124	0.019136	0.019210	
-0.006391	1.050355	-0.204348	153.403123	153.403205	152.997201	152.997308	0.000002	34.306877	0.001952	6.534978	6.534978	6.534978	6.534978	31.784865	0.006872	-0.007379	0.085763	0.086071	0.082889	0.083197	0.001123	0.001124	0.001094	0.001095	1169.414836	1156.687316	1764.605771	1749.444812	-0.030864	-0.030536	-0.045976	-0.045596	
0.000298	0.317244	0.119028	153.489876	153.489957	153.083746	153.083853	0.000002	34.305478	0.001855	6.537867	6.537867	6.537867	6.537867	32.103357	-0.010016	0.001366	0.075779	0.075724	0.072933	0.072878	-0.000655	-0.000655	-0.000644	-0.000644	1170.248150	1177.661607	1713.717974	1722.548847	0.021067	0.021207	0.031537	0.031711	
0.002672	0.172779	-1.096557	153.191390	153.191471	152.784884	152.784990	0.000002	34.319286	0.002365	6.534171	6.534171	6.534171	6.534171	32.444114	0.090991	-0.017534	0.062033	0.062734	0.059214	0.059914	0.005226	0.005345	0.004279	0.004415	1221.514215	1153.216735	1775.000524	1693.644906	-0.193929	-0.181081	-0.307999	-0.290079	
-0.011087	-0.728400	-0.391903	153.371782	153.371863	152.965342	152.965448	0.000002	34.247871	-0.000533	6.546928	6.546928	6.546928	6.546928	32.653505	0.071796	-0.013546	0.056546	0.057081	0.053746	0.054280	0.002027	0.002032	0.001909	0.001916	1234.272846	1209.863729	1746.165673	1717.089656	-0.085941	-0.083918	-0.132208	-0.129370	
-0.010579	-0.439219	0.677489	153.645869	153.645949	153.238805	153.238911	0.000002	34.407388	0.005804	6.539216	6.539216	6.539216	6.539216	32.694695	-0.039374	0.001834	0.057404	0.057332	0.054603	0.054531	-0.003353	-0.003328	-0.003034	-0.003003	1199.486130	1241.682551	1727.803604	1778.067770	0.133787	0.138755	0.197047	0.203192	
-0.013224	-0.110291	0.061815	153.495955	153.496035	153.088982	153.089087	0.000002	34.279994	0.000665	6.527548	6.527548	6.527548	6.527548	32.332789	-0.021671	-0.008134	0.067996	0.068324	0.065164	0.065492	-0.000330	-0.000330	-0.000325	-0.000325	1210.993804	1214.843847	1762.218519	1766.804671	0.011103	0.011145	0.017634	0.017693	
0.020796	0.081824	0.596840	153.632278	153.632358	153.226067	153.226172	0.000002	34.204794	-0.002384	6.533930	6.533930	6.533930	6.533930	32.395307	-0.064001	0.021502	0.067478	0.066614	0.064655	0.063794	-0.003085	-0.003069	-0.002857	-0.002838	1178.142612	1215.315914	1724.324856	1768.605508	0.106285	0.109754	0.157949	0.162189	
0.016266	-0.043234	0.041752	153.498615	153.498695	153.092403	153.092507	0.000002	34.392552	0.005086	6.528108	6.528108	6.528108	6.528108	32.286739	-0.026789	0.012844	0.069962	0.069443	0.067130	0.066613	-0.000225	-0.000225	-0.000222	-0.000222	1200.709866	1203.310328	1745.527425	1748.625083	0.007540	0.007560	0.011938	0.011966	
0.003855	0.177590	0.002124	153.492366	153.492445	153.086376	153.086480	0.000002	34.340451	0.002962	6.533800	6.533800	6.533800	6.533800	32.186050	-0.010202	0.003583	0.073078	0.072932	0.070239	0.070095	-0.000012	-0.000012	-0.000011	-0.000011	1192.678015	1192.810298	1746.043058	1746.200634	0.000374	0.000374	0.000571	0.000571	
0.007273	0.055217	-0.318883	153.417319	153.417398	153.011152	153.011255	0.000002	34.308893	0.001660	6.534062	6.534062	6.534062	6.534062	32.261359	0.030674	-0.000154	0.069973	0.069980	0.067141	0.067148	0.001708	0.001711	0.001643	0.001645	1202.964263	1183.103111	1748.217326	1724.558821	-0.057987	-0.056892	-0.090213	-0.088722	
0.007598	0.402765	1.121174	153.782041	153.782120	153.375737	153.375840	0.000002	34.455688	0.007491	6.537266	6.537266	6.537266	6.537266	32.486966	-0.088424	0.020507	0.065482	0.064663	0.062667	0.061850	-0.005374	-0.005282	-0.004713	-0.004629	1150.958515	1220.789203	1709.018450	1792.200417	0.188875	0.198786	0.263573	0.273867	
0.012136	-0.551230	0.320870	153.587078	153.587156	153.180562	153.180665	0.000001	34.207675	-0.002471	6.521744	6.521744	6.521744	6.521744	32.580640	-0.064379	0.014333	0.060948	0.060379	0.058140	0.057573	-0.001690	-0.001687	-0.001609	-0.001604	1208.569372	1228.554305	1727.278064	1751.084016	0.063295	0.064681	0.104683	0.106894	
-0.002541	0.746589	0.111937	153.536867	153.536945	153.131097	153.131200	0.000001	34.235273	-0.001406	6.530039	6.530039	6.530039	6.530039	31.968289	-0.035654	0.000695	0.080641	0.080613	0.077785	0.077757	-0.000605	-0.000605	-0.000593	-0.000593	1182.724508	1189.696342	1776.241233	1784.546047	0.017312	0.017414	0.025915	0.026035	
0.006978	0.507261	-0.366217	153.422461	153.422539	153.016635	153.016737	0.000001	34.461275	0.007596	6.532161	6.532161	6.532161	6.532161	32.055489	0.027246	-0.002008	0.076843	0.076926	0.073995	0.074078	0.001983	0.001987	0.001899	0.001903	1185.663007	1162.853719	1748.427852	1721.257542	-0.061406	-0.060127	-0.094291	-0.092643	
-0.020569	0.362245	-0.155453	153.480040	153.480118	153.073968	153.074070	0.000001	34.327953	0.002223	6.537040	6.537040	6.537040	6.537040	32.101121	0.024307	-0.015864	0.075433	0.076082	0.072588	0.073235	0.000848	0.000849	0.000832	0.000832	1185.636230	1175.954073	1742.193063	1730.659726	-0.026999	-0.026770	-0.040389	-0.040107	
-0.012766	1.165079	-0.443579	153.413365	153.413443	153.006937	153.007039	0.000001	34.236877	-0.001460	6.534589	6.534589	6.534589	6.534589	31.783392	0.055059	-0.017188	0.085681	0.086398	0.082805	0.083520	0.002407	0.002414	0.002299	0.002304	1174.204113	1146.576448	1777.544780	1744.634843	-0.065990	-0.064507	-0.097549	-0.095867	
0.015916	0.678598	0.405835	153.630011	153.630089	153.223564	153.223665	0.000001	34.348700	0.002972	6.537441	6.537441	6.537441	6.537441	32.027606	-0.021154	0.015562	0.079600	0.078961	0.076744	0.076106	-0.002206	-0.002202	-0.002120	-0.002116	1151.475263	1176.752126	1712.787955	1742.897628	0.067256	0.068626	0.096662	0.098182	
-0.007269	0.056073	-0.476124	153.414448	153.414525	153.007875	153.007976	0.000001	34.266325	-0.000363	6.528210	6.528210	6.528210	6.528210	32.296220	0.039367	-0.011755	0.068564	0.069039	0.065732	0.066207	0.002521	0.002531	0.002346	0.002359	1203.091301	1173.436604	1744.020157	1708.695629	-0.086494	-0.083923	-0.138480	-0.134764	
-0.002352	0.381662	0.522954	153.667241	153.667318	153.261098	153.261199	0.000001	34.342730	0.002653	6.537398	6.537398	6.537398	6.537398	32.238064	-0.039273	0.005222	0.072600	0.072389	0.069765	0.069554	-0.002750	-0.002740	-0.002602	-0.002593	1171.210652	1203.782059	1732.862159	1771.661056	0.089317	0.091640	0.128219	0.130814	
0.001228	-0.965015	0.247628	153.604002	153.604079	153.197592	153.197693	0.000001	34.305349	0.001118	6.526620	6.526620	6.526620	6.526620	32.743131	-0.040120	0.004794	0.055610	0.055422	0.052817	0.052630	-0.001313	-0.001311	-0.001261	-0.001259	1214.552008	1229.975177	1702.848832	1721.220833	0.055844	0.056843	0.093283	0.094972	
-0.028482	-0.022683	0.371678	153.637888	153.637964	153.231868	153.231968	0.000001	34.352544	0.002967	6.529316	6.529316	6.529316	6.529316	32.385154	-0.055593	-0.013294	0.067152	0.067687	0.064331	0.064865	-0.001949	-0.001945	-0.001866	-0.001862	1200.447140	1223.596575	1756.231554	1783.807046	0.065949	0.067326	0.100225	0.101992	
-0.010266	-1.066525	0.349083	153.636620	153.636696	153.230695	153.230795	0.000001	34.288998	0.000387	6.527866	6.527866	6.527866	6.527866	32.836843	-0.054647	-0.003616	0.052657	0.052798	0.049875	0.050017	-0.001813	-0.001809	-0.001697	-0.001689	1218.580597	1240.322701	1705.726942	1731.626028	0.080167	0.082162	0.132532	0.135843	
0.010171	-0.063122	-0.479769	153.433435	153.433511	153.027573	153.027672	0.000001	34.373211	0.003718	6.527918	6.527918	6.527918	6.527918	32.395934	0.030727	-0.002413	0.065595	0.065693	0.062777	0.062874	0.002477	0.002485	0.002311	0.002322	1230.927131	1201.045439	1792.794378	1757.199455	-0.085406	-0.082960	-0.135753	-0.132299	
0.002074	0.666795	0.351434	153.645406	153.645482	153.239574	153.239673	0.000001	34.303975	0.000911	6.536572	6.536572	6.536572	6.536572	32.059929	-0.026120	0.006647	0.078436	0.078164	0.075588	0.075316	-0.001884	-0.001881	-0.001823	-0.001821	1171.829265	1193.717851	1753.330534	1779.404109	0.056702	0.057663	0.081152	0.082198	
0.001903	-0.179638	-0.101539	153.537844	153.537920	153.131549	153.131648	0.000001	34.225579	-0.002264	6.527542	6.527542	6.527542	6.527542	32.340534	0.001739	-0.000084	0.068194	0.068198	0.065367	0.065371	0.000552	0.000552	0.000543	0.000543	1198.784416	1192.460207	1725.779938	1718.246571	-0.019387	-0.019262	-0.030909	-0.030727	
0.007079	-0.326825	-1.248133	153.254324	153.254400	152.848285	152.848384	0.000001	34.373361	0.003609	6.532131	6.532131	6.532131	6.532131	32.767122	0.098597	-0.015875	0.052031	0.052654	0.049244	0.049865	0.005497	0.005687	0.004252	0.004454	1246.913250	1169.175091	1782.178879	1689.577572	-0.242174	-0.223172	-0.390296	-0.362444	
-0.004230	0.073251	-0.116503	153.541971	153.542046	153.135870	153.135968	0.000001	34.228053	-0.002242	6.544226	6.544226	6.544226	6.544226	32.286371	0.047373	-0.004634	0.069923	0.070111	0.067093	0.067280	0.000620	0.000620	0.000611	0.000611	1213.785550	1206.529304	1778.503624	1769.860021	-0.021075	-0.020955	-0.030266	-0.030128	
0.009409	0.194505	0.479918	153.697546	153.697621	153.290710	153.290808	0.000001	34.251550	-0.001342	6.531951	6.531951	6.531951	6.531951	32.311630	-0.031753	0.013570	0.070537	0.069990	0.067704	0.067158	-0.002528	-0.002520	-0.002393	-0.002384	1177.329601	1207.220615	1728.755539	1764.361565	0.084352	0.086515	0.124336	0.126927	
-0.016270	-0.203463	0.125212	153.611755	153.611830	153.205239	153.205337	0.000001	34.273532	-0.000502	6.525346	6.525346	6.525346	6.525346	32.381697	-0.027393	-0.007750	0.067195	0.067508	0.064371	0.064683	-0.000675	-0.000675	-0.000663	-0.000663	1199.928235	1207.726908	1732.733005	1742.022745	0.023556	0.023740	0.037324	0.037587	
-0.008773	0.780455	0.556764	153.722476	153.722550	153.316566	153.316663	0.000001	34.309040	0.000881	6.528988	6.528988	6.528988	6.528988	32.074664	-0.066534	0.001420	0.078374	0.078317	0.075527	0.075469	-0.002945	-0.002934	-0.002781	-0.002770	1161.922422	1196.599644	1747.884292	1789.191626	0.086609	0.089007	0.125800	0.128454	
0.020240	0.301441	0.366372	153.679307	153.679381	153.273436	153.273533	0.000001	34.356581	0.002745	6.524267	6.524267	6.524267	6.524267	32.206313	-0.059578	0.018564	0.074013	0.073259	0.071177	0.070424	-0.001973	-0.001969	-0.001889	-0.001885	1171.609939	1194.428906	1722.405384	1749.587223	0.062711	0.064039	0.096018	0.097731	
0.030414	-0.454645	-0.005690	153.589675	153.589749	153.184015	153.184112	0.000001	34.401265	0.004496	6.526101	6.526101	6.526101	6.526101	32.474549	-0.018373	0.021188	0.064570	0.063724	0.061758	0.060914	0.000031	0.000031	0.000030	0.000030	1207.647266	1207.292903	1724.065795	1723.643679	-0.001144	-0.001143	-0.001847	-0.001847	
0.000295	0.234170	0.421905	153.700757	153.700830	153.295110	153.295207	0.000001	34.299530	0.000391	6.529910	6.529910	6.529910	6.529910	32.284081	-0.051986	0.008536	0.071372	0.071027	0.068544	0.068200	-0.002228	-0.002222	-0.002127	-0.002121	1183.745235	1210.022992	1744.023521	1775.325453	0.072647	0.074283	0.107697	0.109665	
0.012183	0.534940	-1.128243	153.317943	153.318016	152.912067	152.912163	0.000001	34.357426	0.002670	6.525184	6.525184	6.525184	6.525184	32.305925	0.081325	-0.012381	0.067559	0.068059	0.064733	0.065231	0.005463	0.005581	0.004531	0.004662	1218.110162	1147.839187	1797.497844	1713.791409	-0.183057	-0.171030	-0.289416	-0.273250	
-0.010594	-0.413222	0.524767	153.734634	153.734708	153.328904	153.329000	0.000001	34.360954	0.002774	6.541503	6.541503	6.541503	6.541503	32.627971	-0.024745	-0.000295	0.060136	0.060149	0.057339	0.057351	-0.002687	-0.002676	-0.002512	-0.002498	1193.004132	1225.688459	1711.864408	1750.797814	0.107662	0.110621	0.154602	0.158116	
-0.007471	0.090052	0.164901	153.651366	153.651439	153.244853	153.244948	0.000001	34.219424	-0.002925	6.523746	6.523746	6.523746	6.523746	32.283253	-0.026837	-0.002710	0.070827	0.070937	0.067994	0.068104	-0.000882	-0.000882	-0.000863	-0.000863	1200.316882	1210.587512	1759.519308	1771.753630	0.028655	0.028929	0.044403	0.044768	
-0.004728	0.760866	-0.079956	153.592001	153.592074	153.186035	153.186130	0.000001	34.209500	-0.003360	6.527303	6.527303	6.527303	6.527303	31.949476	-0.000792	-0.005110	0.081546	0.081758	0.078687	0.078899	0.000437	0.000437	0.000428	0.000428	1179.312291	1174.332355	1764.682353	1758.750277	-0.012568	-0.012515	-0.018871	-0.018807	
0.035464	-0.019263	1.120318	153.896184	153.896256	153.490402	153.490497	0.000001	34.195161	-0.003969	6.529817	6.529817	6.529817	6.529817	32.701610	-0.092506	0.038283	0.059623	0.058111	0.056829	0.055322	-0.005260	-0.005149	-0.004489	-0.004381	1153.085947	1222.863332	1677.816037	1760.934511	0.206949	0.219138	0.297040	0.310930	
-0.016383	-0.715618	0.428299	153.727652	153.727725	153.321729	153.321824	0.000001	34.270020	-0.001011	6.516890	6.516890	6.516890	6.516890	32.728696	-0.079932	-0.001075	0.056810	0.056853	0.054020	0.054063	-0.002204	-0.002197	-0.002043	-0.002031	1216.209925	1242.885882	1732.662417	1764.438684	0.086398	0.088936	0.142986	0.147060	
-0.000875	-0.445275	1.170984	153.915249	153.915321	153.509953	153.510048	0.000001	34.155473	-0.005628	6.524047	6.524047	6.524047	6.524047	32.953784	-0.121598	0.013910	0.051165	0.050624	0.048397	0.047857	-0.005228	-0.005095	-0.004330	-0.004199	1186.576207	1259.509232	1714.191881	1801.069338	0.222638	0.237243	0.329941	0.347859	
0.015145	0.699796	-0.863254	153.411252	153.411324	153.005897	153.005992	0.000001	34.237049	-0.002399	6.516071	6.516071	6.516071	6.516071	32.170612	0.038931	-0.006325	0.072824	0.073081	0.069989	0.070246	0.004343	0.004391	0.003814	0.003870	1225.776196	1172.009654	1835.322464	1771.276026	-0.129757	-0.123313	-0.208239	-0.199506	
-0.021585	-0.357359	1.129121	153.911990	153.912062	153.506952	153.507046	0.000001	34.135530	-0.006493	6.537508	6.537508	6.537508	6.537508	32.890374	-0.082327	-0.000838	0.052881	0.052915	0.050110	0.050144	-0.005088	-0.004977	-0.004350	-0.004247	1168.595918	1238.921568	1682.333993	1766.105557	0.226340	0.238965	0.315544	0.329390	
0.002462	-0.050903	-0.817039	153.432594	153.432665	153.026578	153.026672	0.000001	34.372484	0.002949	6.516204	6.516204	6.516204	6.516204	32.511739	0.046168	-0.014498	0.061553	0.062132	0.058744	0.059321	0.004017	0.004065	0.003434	0.003502	1242.742229	1191.854167	1809.117546	1748.499941	-0.142010	-0.134637	-0.236394	-0.225075	
0.012051	-0.430546	-0.524505	153.506899	153.506970	153.101505	153.101598	0.000001	34.234371	-0.002611	6.536612	6.536612	6.536612	6.536612	32.590514	0.070432	-0.000796	0.059773	0.059805	0.056974	0.057006	0.002674	0.002686	0.002462	0.002479	1232.371800	1199.703772	1763.496166	1724.582174	-0.105851	-0.102600	-0.162843	-0.158395	
-0.003067	0.655003	-1.676748	153.225491	153.225562	152.819436	152.819529	0.000001	34.213236	-0.003492	6.533430	6.533430	6.533430	6.533430	32.445300	0.153667	-0.029406	0.061993	0.063169	0.059179	0.060351	0.007323	0.007649	0.005774	0.006053	1241.211500	1136.777660	1840.747242	1716.346172	-0.264728	-0.241419	-0.399476	-0.371481	
0.008687	0.961850	0.954132	153.887383	153.887453	153.481060	153.481152	0.000001	34.310782	0.000372	6.545459	6.545459	6.545459	6.545459	32.191902	-0.035235	0.015979	0.075896	0.075245	0.073056	0.072407	-0.004773	-0.004731	-0.004422	-0.004388	1146.563046	1205.989775	1742.159399	1812.948222	0.149912	0.155108	0.195154	0.199671	
0.018802	-0.079477	-0.350113	153.567535	153.567606	153.160539	153.160631	0.000001	34.259978	-0.001699	6.517275	6.517275	6.517275	6.517275	32.352510	0.025061	0.007396	0.068156	0.067858	0.065325	0.065028	0.001869	0.001873	0.001775	0.001780	1207.765644	1185.959348	1746.096715	1720.121163	-0.064030	-0.062559	-0.105573	-0.103303	
0.008710	0.173700	0.221494	153.710390	153.710460	153.304593	153.304686	0.000001	34.181829	-0.004860	6.530881	6.530881	6.530881	6.530881	32.258284	-0.014951	0.010220	0.072330	0.071916	0.069499	0.069086	-0.001191	-0.001190	-0.001163	-0.001162	1187.935325	1201.730776	1742.000765	1758.433838	0.039229	0.039694	0.058085	0.058649	
0.007928	0.075835	-0.201483	153.609868	153.609938	153.204014	153.204106	0.000001	34.272757	-0.001258	6.524778	6.524778	6.524778	6.524778	32.265559	0.016426	0.002833	0.071237	0.071123	0.068407	0.068293	0.001087	0.001088	0.001060	0.001061	1200.920937	1188.371833	1749.021413	1734.072983	-0.036152	-0.035718	-0.056470	-0.055877	
0.002587	-0.826711	-0.170652	153.620781	153.620851	153.215052	153.215144	0.000001	34.253341	-0.002070	6.529055	6.529055	6.529055	6.529055	32.667672	0.024110	-0.000401	0.058062	0.058078	0.055267	0.055284	0.000912	0.000912	0.000891	0.000891	1224.654414	1214.025606	1723.867022	1711.206038	-0.037954	-0.037519	-0.061559	-0.060873	
0.015956	-0.202980	-0.024021	153.661872	153.661941	153.256022	153.256113	0.000001	34.332616	0.001066	6.528588	6.528588	6.528588	6.528588	32.406988	0.012561	0.010525	0.067078	0.066655	0.064259	0.063838	0.000128	0.000128	0.000127	0.000127	1215.355866	1213.859744	1761.142885	1759.360712	-0.004504	-0.004498	-0.006909	-0.006901	
-0.002276	0.020737	-0.277365	153.602493	153.602563	153.196580	153.196671	0.000001	34.513790	0.008278	6.526842	6.526842	6.526842	6.526842	32.313722	0.032508	-0.004633	0.069439	0.069626	0.066612	0.066800	0.001481	0.001482	0.001433	0.001434	1209.264341	1191.989088	1759.844162	1739.265967	-0.050205	-0.049393	-0.077777	-0.076683	
-0.025273	0.636824	-0.047932	153.663472	153.663541	153.257643	153.257734	0.000001	34.415346	0.004305	6.529370	6.529370	6.529370	6.529370	32.022457	0.014169	-0.017499	0.079329	0.080049	0.076478	0.077197	0.000261	0.000261	0.000257	0.000257	1182.597084	1179.611715	1762.075891	1758.519734	-0.007778	-0.007759	-0.011466	-0.011444	
-0.005199	-0.111559	0.142320	153.715276	153.715345	153.309355	153.309445	0.000001	34.401482	0.003716	6.526774	6.526774	6.526774	6.526774	32.351468	-0.009619	-0.002898	0.069010	0.069127	0.066187	0.066304	-0.000774	-0.000773	-0.000760	-0.000759	1188.223600	1197.087787	1716.206616	1726.765592	0.027071	0.027300	0.041586	0.041895	
0.000024	-0.418942	0.052495	153.696354	153.696423	153.290515	153.290605	0.000001	34.406311	0.003874	6.524573	6.524573	6.524573	6.524573	32.489812	-0.008741	0.000392	0.064393	0.064378	0.061583	0.061568	-0.000283	-0.000282	-0.000279	-0.000279	1209.237389	1212.506988	1732.131952	1736.026682	0.010431	0.010465	0.016504	0.016554	
-0.008691	0.460203	1.078339	153.956203	153.956272	153.550537	153.550627	0.000001	34.232478	-0.003113	6.525376	6.525376	6.525376	6.525376	32.479530	-0.100894	0.009250	0.066708	0.066338	0.063897	0.063528	-0.005220	-0.005138	-0.004590	-0.004513	1157.635800	1224.798574	1726.781435	1806.785397	0.176058	0.185184	0.249769	0.259483	
0.020851	-0.684704	-0.109421	153.663080	153.663149	153.257442	153.257532	0.000001	34.366360	0.002208	6.514344	6.514344	6.514344	6.514344	32.604380	-0.021489	0.011436	0.060643	0.060189	0.057843	0.057391	0.000585	0.000585	0.000574	0.000575	1225.364555	1218.549428	1739.145628	1731.027482	-0.022406	-0.022231	-0.038374	-0.038071	
-0.001785	-0.053099	-0.001402	153.691953	153.692021	153.286906	153.286995	0.000001	34.319207	0.000290	6.526786	6.526786	6.526786	6.526786	32.343518	-0.008469	-0.000284	0.069163	0.069175	0.066346	0.066358	0.000008	0.000008	0.000007	0.000007	1208.659689	1208.572374	1760.285800	1760.181791	-0.000255	-0.000255	-0.000390	-0.000390	
0.020967	0.286784	0.609260	153.849878	153.849946	153.444450	153.444539	0.000001	34.044594	-0.010728	6.525546	6.525546	6.525546	6.525546	32.345841	-0.061767	0.022784	0.070651	0.069732	0.067829	0.066913	-0.003162	-0.003146	-0.002941	-0.002923	1172.521416	1210.468306	1730.107346	1775.309492	0.104383	0.107716	0.152924	0.156821	
0.002370	0.147561	0.293865	153.774903	153.774970	153.369276	153.369364	0.000001	34.346279	0.001306	6.518847	6.518847	6.518847	6.518847	32.289414	-0.054230	0.007887	0.071698	0.071379	0.068871	0.068553	-0.001575	-0.001573	-0.001521	-0.001519	1186.190600	1204.493562	1738.184088	1759.986485	0.051085	0.051965	0.079050	0.080219	
0.031014	-0.342694	-0.425474	153.597677	153.597745	153.192381	153.192469	0.000001	34.371588	0.002286	6.522033	6.522033	6.522033	6.522033	32.512407	0.027401	0.013425	0.063231	0.062696	0.060425	0.059892	0.002229	0.002236	0.002080	0.002090	1220.184478	1193.684474	1747.969420	1716.402747	-0.083163	-0.080875	-0.135058	-0.131576	
-0.004632	0.462779	-0.042098	153.697415	153.697483	153.292120	153.292208	0.000001	34.308757	-0.000260	6.529562	6.529562	6.529562	6.529562	32.118928	0.012217	-0.001844	0.076646	0.076722	0.073807	0.073882	0.000227	0.000227	0.000224	0.000224	1193.143880	1190.521847	1769.866955	1766.743601	-0.007012	-0.006997	-0.010310	-0.010292	
0.019568	0.015904	0.936839	153.947126	153.947193	153.541377	153.541465	0.000001	34.451920	0.005433	6.525319	6.525319	6.525319	6.525319	32.621350	-0.078816	0.026230	0.062344	0.061303	0.059544	0.058506	-0.004568	-0.004504	-0.004004	-0.003935	1162.911222	1221.260877	1696.304027	1765.809844	0.170769	0.179276	0.247822	0.257739	
-0.006620	0.263968	0.228540	153.773385	153.773452	153.367651	153.367738	0.000001	34.387377	0.002818	6.514730	6.514730	6.514730	6.514730	32.236497	-0.054424	0.001073	0.073309	0.073266	0.070477	0.070434	-0.001223	-0.001221	-0.001189	-0.001188	1193.419995	1207.654273	1761.453338	1778.409140	0.037979	0.038487	0.059395	0.060073	
-0.005508	-1.069197	-0.318490	153.638419	153.638486	153.233321	153.233408	0.000001	34.394746	0.003081	6.522100	6.522100	6.522100	6.522100	32.818841	0.013656	-0.009598	0.053129	0.053505	0.050352	0.050728	0.001667	0.001671	0.001562	0.001568	1234.960593	1215.123934	1720.925954	1697.296624	-0.074703	-0.072941	-0.128273	-0.125109	
-0.009324	0.198695	-0.439618	153.612460	153.612527	153.207262	153.207349	0.000001	34.146281	-0.006889	6.527824	6.527824	6.527824	6.527824	32.303007	0.049518	-0.013846	0.069677	0.070237	0.066855	0.067414	0.002291	0.002297	0.002175	0.002182	1222.024266	1194.643324	1797.233994	1764.617954	-0.075543	-0.073750	-0.114322	-0.112066	
-0.014977	-0.066397	0.351253	153.814900	153.814967	153.409264	153.409351	0.000001	34.248637	-0.002828	6.528930	6.528930	6.528930	6.528930	32.415408	-0.020284	-0.005595	0.067539	0.067764	0.064724	0.064948	-0.001864	-0.001861	-0.001793	-0.001789	1188.912801	1210.790061	1727.515560	1753.575644	0.065694	0.066951	0.097112	0.098659	
0.010885	-0.167070	0.581179	153.876517	153.876584	153.470634	153.470721	0.000001	34.163270	-0.006276	6.520336	6.520336	6.520336	6.520336	32.553768	-0.062821	0.015198	0.063842	0.063237	0.061036	0.060433	-0.002984	-0.002968	-0.002744	-0.002724	1187.875343	1224.073223	1723.442494	1766.561228	0.107691	0.111342	0.164128	0.168906	
-0.004841	0.066933	0.687303	153.905406	153.905472	153.499914	153.500001	0.000001	34.014617	-0.012255	6.517726	6.517726	6.517726	6.517726	32.495515	-0.090001	0.008111	0.065808	0.065484	0.063000	0.062677	-0.003492	-0.003467	-0.003174	-0.003144	1182.420332	1225.228022	1734.737289	1785.729596	0.119536	0.124162	0.180802	0.186622	
-0.011928	0.913944	-0.276821	153.667192	153.667257	153.262055	153.262141	0.000001	34.319987	-0.000071	6.516493	6.516493	6.516493	6.516493	31.927061	-0.003584	-0.013122	0.082669	0.083213	0.079815	0.080357	0.001496	0.001498	0.001448	0.001449	1187.710327	1170.468910	1789.730719	1769.192830	-0.041446	-0.040822	-0.063680	-0.062908	
0.002923	0.381882	0.076416	153.758579	153.758645	153.353628	153.353714	0.000001	34.202161	-0.004815	6.526601	6.526601	6.526601	6.526601	32.130111	-0.008110	0.001655	0.076771	0.076704	0.073935	0.073868	-0.000420	-0.000420	-0.000413	-0.000413	1174.048988	1178.808464	1726.003680	1731.673145	0.013277	0.013333	0.019755	0.019823	
0.021173	0.072820	-0.154513	153.705903	153.705968	153.300464	153.300549	0.000001	34.166387	-0.006278	6.522712	6.522712	6.522712	6.522712	32.271864	0.016052	0.011588	0.071875	0.071406	0.069048	0.068580	0.000839	0.000839	0.000822	0.000822	1195.689593	1186.066003	1739.042003	1727.578430	-0.028044	-0.027788	-0.043457	-0.043111	
0.001335	0.081626	-0.132677	153.714634	153.714699	153.309147	153.309232	0.000001	34.283957	-0.001607	6.524961	6.524961	6.524961	6.524961	32.277030	0.018964	0.000293	0.071536	0.071524	0.068709	0.068698	0.000718	0.000718	0.000705	0.000705	1199.030028	1190.766423	1747.492013	1737.648448	-0.023975	-0.023793	-0.036613	-0.036376	
0.017159	0.148030	0.067210	153.768477	153.768542	153.362910	153.362995	0.000001	34.260088	-0.002594	6.524591	6.524591	6.524591	6.524591	32.254064	0.000947	0.012717	0.072926	0.072411	0.070096	0.069582	-0.000364	-0.000364	-0.000359	-0.000359	1191.160088	1195.346181	1742.207261	1747.193714	0.011967	0.012012	0.018062	0.018119	
-0.007672	-0.132524	0.377460	153.849627	153.849691	153.444030	153.444115	0.000001	34.415393	0.003586	6.522305	6.522305	6.522305	6.522305	32.453183	-0.041156	0.002079	0.066691	0.066608	0.063879	0.063796	-0.002000	-0.001996	-0.001909	-0.001904	1188.414646	1211.924165	1721.625631	1749.630054	0.070796	0.072352	0.107736	0.109777	
-0.020718	0.292057	-0.423868	153.652477	153.652541	153.247001	153.247085	0.000001	34.276626	-0.001997	6.518861	6.518861	6.518861	6.518861	32.237416	0.027332	-0.021297	0.071980	0.072845	0.069152	0.070014	0.002243	0.002249	0.002125	0.002132	1207.867804	1181.467821	1775.598485	1744.150958	-0.071785	-0.070015	-0.112406	-0.110022	
-0.016905	0.181514	0.222850	153.816993	153.817057	153.411763	153.411848	0.000001	34.213659	-0.004546	6.527234	6.527234	6.527234	6.527234	32.269298	-0.014412	-0.009801	0.072301	0.072699	0.069476	0.069873	-0.001202	-0.001201	-0.001174	-0.001174	1184.213073	1198.092949	1734.816702	1751.350341	0.039756	0.040228	0.058623	0.059193	
0.017563	-0.821753	0.759291	153.955824	153.955888	153.550247	153.550331	0.000001	34.483749	0.006226	6.520238	6.520238	6.520238	6.520238	32.956984	-0.070131	0.021314	0.051484	0.050655	0.048714	0.047887	-0.003657	-0.003610	-0.003137	-0.003075	1195.672437	1242.963754	1689.742749	1746.075930	0.164591	0.172643	0.255827	0.267301	
-0.008477	0.800233	0.320289	153.848713	153.848777	153.443313	153.443397	0.000001	34.357561	0.001147	6.514358	6.514358	6.514358	6.514358	32.055541	-0.060303	0.000774	0.079890	0.079859	0.077045	0.077014	-0.001701	-0.001698	-0.001644	-0.001642	1186.288725	1206.237492	1794.340012	1818.102883	0.047678	0.048470	0.071652	0.072582	
0.008854	-0.453464	0.386992	153.867622	153.867685	153.462679	153.462762	0.000001	34.458979	0.005174	6.518896	6.518896	6.518896	6.518896	32.597261	-0.060140	0.011190	0.062281	0.061837	0.059486	0.059043	-0.002046	-0.002041	-0.001931	-0.001924	1190.866280	1214.969488	1699.956991	1728.668611	0.078282	0.080226	0.123401	0.126219	
-0.000847	0.550490	-0.360750	153.684491	153.684554	153.279492	153.279576	0.000001	34.316850	-0.000541	6.518084	6.518084	6.518084	6.518084	32.118450	0.015869	-0.006285	0.076480	0.076738	0.073644	0.073901	0.001921	0.001925	0.001843	0.001846	1203.267666	1180.798851	1789.528265	1762.763525	-0.057746	-0.056592	-0.088972	-0.087499	
-0.001513	-0.735051	0.471774	153.895922	153.895985	153.490889	153.490972	0.000001	34.349209	0.000723	6.525862	6.525862	6.525862	6.525862	32.775366	-0.041649	0.005376	0.056588	0.056377	0.053807	0.053597	-0.002432	-0.002422	-0.002248	-0.002234	1197.743776	1227.127506	1693.161981	1728.163734	0.103485	0.106528	0.158836	0.163094	
0.008857	-0.580097	-0.688455	153.610521	153.610585	153.205069	153.205151	0.000001	34.239480	-0.003697	6.516886	6.516886	6.516886	6.516886	32.746395	0.049403	-0.005785	0.055342	0.055570	0.052556	0.052784	0.003380	0.003413	0.002916	0.002966	1249.562520	1206.683078	1782.529771	1731.451994	-0.136975	-0.130736	-0.228154	-0.218166	
-0.005931	-0.159087	-0.183117	153.739071	153.739134	153.333896	153.333978	0.000001	34.139028	-0.007745	6.529018	6.529018	6.529018	6.529018	32.425231	0.036410	-0.006483	0.066672	0.066932	0.063860	0.064121	0.000970	0.000971	0.000951	0.000951	1221.523462	1210.118295	1773.325345	1759.739567	-0.034303	-0.033961	-0.051424	-0.050989	
-0.004221	0.267924	0.436464	153.899114	153.899177	153.493473	153.493555	0.000001	34.400650	0.002688	6.523546	6.523546	6.523546	6.523546	32.309373	-0.032637	0.003472	0.071812	0.071672	0.068987	0.068847	-0.002305	-0.002299	-0.002199	-0.002193	1180.883763	1208.068264	1741.236935	1773.618977	0.075227	0.076939	0.110262	0.112273	
0.002833	0.646738	0.409042	153.895243	153.895305	153.489618	153.489700	0.000001	34.207746	-0.005060	6.516763	6.516763	6.516763	6.516763	32.115804	-0.054109	0.008289	0.078344	0.078005	0.075502	0.075164	-0.002193	-0.002188	-0.002099	-0.002095	1167.966134	1193.442730	1745.115137	1775.462732	0.065000	0.066415	0.096991	0.098669	
0.015401	-0.747736	0.173770	153.838603	153.838665	153.433424	153.433505	0.000001	34.420797	0.003433	6.516927	6.516927	6.516927	6.516927	32.665916	-0.036607	0.013119	0.059887	0.059368	0.057095	0.056578	-0.000934	-0.000933	-0.000912	-0.000911	1207.290043	1218.113044	1703.707386	1716.599690	0.037569	0.038022	0.061660	0.062389	
0.019562	1.234425	1.098344	154.072793	154.072855	153.667806	153.667887	0.000001	34.423130	0.003497	6.519320	6.519320	6.519320	6.519320	32.141173	-0.114183	0.029644	0.079173	0.077960	0.076337	0.075127	-0.005491	-0.005419	-0.004934	-0.004873	1141.371774	1209.780515	1758.373624	1839.861775	0.155369	0.162795	0.216494	0.223665	
0.013983	-0.359236	-0.474510	153.683184	153.683246	153.278109	153.278190	0.000001	34.285051	-0.002056	6.509394	6.509394	6.509394	6.509394	32.542444	0.007346	0.002071	0.062614	0.062532	0.059813	0.059732	0.002482	0.002493	0.002265	0.002283	1217.708824	1188.154664	1739.911833	1704.707064	-0.092185	-0.089123	-0.157217	-0.152067	
0.004109	-1.074440	0.154076	153.841968	153.842030	153.437373	153.437454	0.000001	34.327563	-0.000383	6.525919	6.525919	6.525919	6.525919	32.832219	-0.013865	0.005286	0.054386	0.054180	0.051613	0.051407	-0.000815	-0.000814	-0.000799	-0.000799	1229.631171	1239.227559	1722.834718	1734.265888	0.036023	0.036388	0.057287	0.057848	
0.009022	0.681679	-1.291770	153.486074	153.486136	153.080837	153.080917	0.000001	34.297840	-0.001602	6.519165	6.519165	6.519165	6.519165	32.353431	0.104889	-0.016388	0.067080	0.067740	0.064263	0.064921	0.006062	0.006217	0.004996	0.005152	1235.874333	1155.418316	1842.810405	1746.971599	-0.199284	-0.185340	-0.307893	-0.290366	
0.007433	-0.242780	-0.458715	153.697069	153.697130	153.291813	153.291893	0.000001	34.455395	0.004670	6.534315	6.534315	6.534315	6.534315	32.512282	0.085222	-0.001893	0.063617	0.063693	0.060812	0.060888	0.002383	0.002390	0.002245	0.002255	1220.444701	1191.874312	1756.009105	1721.976201	-0.090794	-0.088528	-0.134530	-0.131678	
-0.014895	0.189355	0.020495	153.822645	153.822706	153.416658	153.416738	0.000001	34.346987	0.000302	6.525333	6.525333	6.525333	6.525333	32.261268	0.025667	-0.008513	0.072634	0.072980	0.069803	0.070148	-0.000110	-0.000110	-0.000109	-0.000109	1198.608398	1199.884882	1760.128903	1761.649445	0.003604	0.003608	0.005333	0.005338	
-0.019584	-0.053605	0.686860	153.991814	153.991875	153.585929	153.586009	0.000001	34.253910	-0.003452	6.520014	6.520014	6.520014	6.520014	32.560955	-0.059139	-0.003397	0.064034	0.064170	0.061229	0.061365	-0.003488	-0.003463	-0.003169	-0.003139	1176.856463	1219.636535	1712.748120	1763.707528	0.126301	0.131099	0.187314	0.193210	
-0.008760	0.430646	-0.388570	153.725295	153.725356	153.319847	153.319926	0.000001	34.287805	-0.002127	6.512840	6.512840	6.512840	6.512840	32.181970	0.019454	-0.013766	0.074489	0.075050	0.071655	0.072215	0.002064	0.002069	0.001967	0.001972	1206.280127	1182.078601	1784.972714	1756.143978	-0.063278	-0.061851	-0.099658	-0.097738	
-0.018171	0.320118	-0.189922	153.776791	153.776851	153.371910	153.371989	0.000001	34.192915	-0.005951	6.524137	6.524137	6.524137	6.524137	32.187394	0.026617	-0.016184	0.074619	0.075278	0.071789	0.072447	0.001030	0.001031	0.001008	0.001008	1191.642426	1179.813386	1750.357594	1736.266901	-0.033052	-0.032711	-0.049491	-0.049069	
-0.004421	0.262995	0.626650	153.985680	153.985740	153.580420	153.580499	0.000001	34.319101	-0.000932	6.521938	6.521938	6.521938	6.521938	32.383107	-0.052652	0.004891	0.070001	0.069805	0.067185	0.066989	-0.003252	-0.003235	-0.003018	-0.002999	1167.924950	1206.954953	1718.862342	1765.354687	0.109285	0.112844	0.158832	0.162947	
0.005278	-1.114051	0.737447	154.016648	154.016708	153.611257	153.611335	0.000001	34.300670	-0.001699	6.513087	6.513087	6.513087	6.513087	33.100939	-0.082207	0.014135	0.047184	0.046639	0.044428	0.043884	-0.003508	-0.003459	-0.002935	-0.002865	1207.713018	1253.643843	1689.900116	1744.612686	0.168660	0.177477	0.274137	0.288140	
0.010208	-0.515494	-0.132185	153.800997	153.801057	153.396082	153.396161	0.000001	34.275289	-0.002743	6.511778	6.511778	6.511778	6.511778	32.591530	-0.014515	0.004924	0.061884	0.061688	0.059088	0.058893	0.000693	0.000694	0.000680	0.000681	1240.495871	1232.262899	1784.844574	1775.037499	-0.025255	-0.025040	-0.041430	-0.041099	
0.006161	0.662449	-0.475237	153.717769	153.717829	153.313163	153.313241	0.000001	34.345018	0.000019	6.520911	6.520911	6.520911	6.520911	32.108180	0.044023	-0.003303	0.077119	0.077255	0.074284	0.074419	0.002510	0.002517	0.002380	0.002388	1203.621080	1174.021661	1796.438740	1761.180060	-0.075395	-0.073516	-0.113258	-0.110996	
-0.003159	-0.096788	-0.290683	153.768369	153.768429	153.363358	153.363436	0.000001	34.266583	-0.003146	6.524439	6.524439	6.524439	6.524439	32.389090	0.046151	-0.006332	0.068068	0.068323	0.065255	0.065510	0.001559	0.001561	0.001506	0.001508	1203.873124	1185.768346	1738.103853	1716.537532	-0.055500	-0.054562	-0.084860	-0.083608	
-0.005230	1.414617	0.233648	153.903548	153.903608	153.498121	153.498199	0.000001	34.373045	0.001083	6.522298	6.522298	6.522298	6.522298	31.750920	-0.009099	0.000051	0.090625	0.090623	0.087752	0.087750	-0.001277	-0.001275	-0.001244	-0.001243	1155.012152	1169.564571	1777.541899	1794.876668	0.033052	0.033401	0.046836	0.047189	
0.003849	0.048109	-0.448585	153.736110	153.736170	153.330650	153.330727	0.000001	34.392116	0.001816	6.516571	6.516571	6.516571	6.516571	32.338977	0.044005	-0.005383	0.069518	0.069735	0.066697	0.066914	0.002400	0.002408	0.002245	0.002255	1194.216646	1166.277174	1725.344747	1692.063388	-0.083289	-0.080944	-0.132556	-0.129184	
0.020090	-0.401721	0.150019	153.888006	153.888065	153.482878	153.482955	0.000001	34.574746	0.009093	6.523678	6.523678	6.523678	6.523678	32.533424	0.001405	0.015585	0.064595	0.063973	0.061792	0.061173	-0.000804	-0.000804	-0.000790	-0.000790	1205.357212	1214.700930	1728.184545	1739.314736	0.030168	0.030433	0.045923	0.046280	
0.013285	0.056900	0.262333	153.920226	153.920285	153.514873	153.514950	0.000001	34.400706	0.002102	6.517223	6.517223	6.517223	6.517223	32.363730	-0.027456	0.014535	0.070382	0.069796	0.067563	0.066978	-0.001398	-0.001397	-0.001358	-0.001357	1195.307151	1211.646154	1748.917603	1768.380542	0.046532	0.047218	0.070603	0.071482	
0.009619	-0.923398	0.398567	153.956631	153.956690	153.551473	153.551550	0.000001	34.307264	-0.001664	6.515862	6.515862	6.515862	6.515862	32.850005	-0.050267	0.013660	0.054765	0.054230	0.051989	0.051456	-0.002061	-0.002055	-0.001917	-0.001907	1212.510090	1237.334274	1706.399423	1735.969867	0.088597	0.091004	0.143162	0.146934	
0.016942	-0.344790	0.269621	153.927094	153.927153	153.522145	153.522221	0.000001	34.266718	-0.003313	6.514315	6.514315	6.514315	6.514315	32.559424	-0.045062	0.016121	0.064026	0.063383	0.061226	0.060586	-0.001415	-0.001413	-0.001369	-0.001368	1215.631022	1232.423947	1758.210886	1778.214535	0.050712	0.051533	0.079336	0.080480	
-0.009773	0.383653	0.195489	153.911262	153.911320	153.506464	153.506540	0.000001	34.276344	-0.002955	6.515562	6.515562	6.515562	6.515562	32.205665	-0.038866	-0.002338	0.075230	0.075326	0.072402	0.072498	-0.001050	-0.001049	-0.001026	-0.001025	1189.318650	1201.494417	1761.932232	1776.435944	0.032396	0.032740	0.048868	0.049293	
0.004388	0.167593	-0.572308	153.722452	153.722511	153.317643	153.317719	0.000001	34.492802	0.005676	6.516230	6.516230	6.516230	6.516230	32.345576	0.044727	-0.007733	0.069157	0.069470	0.066342	0.066653	0.002985	0.003001	0.002741	0.002761	1208.398940	1172.753567	1761.915165	1719.454574	-0.101075	-0.097623	-0.159089	-0.154327	
-0.014973	0.798479	-0.341407	153.783330	153.783388	153.378463	153.378538	0.000001	34.315048	-0.001461	6.524245	6.524245	6.524245	6.524245	32.015116	0.050663	-0.015375	0.080462	0.081096	0.077617	0.078250	0.001838	0.001841	0.001777	0.001779	1188.314126	1167.050098	1779.382482	1754.052877	-0.054067	-0.053148	-0.078942	-0.077902	
-0.008056	-0.610657	0.490319	153.995697	153.995755	153.590372	153.590448	0.000001	34.366962	0.000587	6.521660	6.521660	6.521660	6.521660	32.739041	-0.031538	0.000888	0.058357	0.058323	0.055572	0.055537	-0.002536	-0.002525	-0.002344	-0.002329	1190.702225	1221.241060	1689.300828	1725.678535	0.105015	0.108171	0.159953	0.164269	
-0.004763	0.476919	0.520387	154.006264	154.006322	153.600858	153.600934	0.000001	34.393594	0.001623	6.512664	6.512664	6.512664	6.512664	32.272267	-0.064224	0.004533	0.073813	0.073629	0.070986	0.070803	-0.002719	-0.002709	-0.002565	-0.002556	1182.143017	1214.554574	1763.997603	1802.606089	0.083325	0.085606	0.124177	0.126880	
-0.014816	0.861609	1.246285	154.189330	154.189388	153.784427	153.784503	0.000001	34.486339	0.005306	6.512218	6.512218	6.512218	6.512218	32.379116	-0.134852	0.008152	0.071614	0.071286	0.068800	0.068473	-0.006055	-0.005934	-0.005255	-0.005147	1134.949613	1212.572670	1717.518636	1809.982835	0.188615	0.199831	0.268023	0.279635	
0.025981	0.252009	-0.866037	153.663801	153.663858	153.259167	153.259242	0.000001	34.328568	-0.001031	6.504466	6.504466	6.504466	6.504466	32.405416	0.035184	-0.000419	0.066923	0.066940	0.064114	0.064131	0.004333	0.004391	0.003688	0.003765	1220.491124	1166.551276	1786.186474	1721.933597	-0.145385	-0.137372	-0.241351	-0.229254	
0.021819	-0.274770	0.774373	154.075368	154.075426	153.671222	153.671297	0.000001	34.288725	-0.002649	6.526734	6.526734	6.526734	6.526734	32.734776	-0.058252	0.024952	0.059518	0.058534	0.056739	0.055757	-0.003796	-0.003761	-0.003419	-0.003379	1184.477650	1232.708368	1712.715984	1770.168175	0.151495	0.157426	0.215290	0.222054	
0.010344	0.360870	0.927571	154.119910	154.119967	153.714781	153.714856	0.000001	34.281272	-0.002975	6.509267	6.509267	6.509267	6.509267	32.500481	-0.106732	0.022805	0.067425	0.066512	0.064619	0.063709	-0.004579	-0.004524	-0.004055	-0.003996	1172.480354	1230.252762	1745.472292	1814.290497	0.149940	0.157275	0.222013	0.230577	
-0.009747	0.140236	0.962869	154.129606	154.129663	153.724876	153.724951	0.000001	34.282314	-0.002960	6.507404	6.507404	6.507404	6.507404	32.611968	-0.126591	0.009333	0.063573	0.063202	0.060780	0.060411	-0.004705	-0.004635	-0.004083	-0.004006	1170.237139	1230.208019	1723.084621	1794.521634	0.163262	0.172090	0.246021	0.256903	
-0.002637	-0.397496	-0.697616	153.716537	153.716594	153.312245	153.312319	0.000001	34.567289	0.008415	6.506986	6.506986	6.506986	6.506986	32.673779	0.020092	-0.015091	0.058233	0.058830	0.055450	0.056045	0.003468	0.003502	0.002987	0.003039	1239.918237	1196.468256	1777.277753	1725.520352	-0.133070	-0.126804	-0.225471	-0.215199	
-0.011030	-0.374182	-0.683880	153.722463	153.722519	153.318325	153.318399	0.000001	34.296628	-0.002436	6.524485	6.524485	6.524485	6.524485	32.673521	0.071677	-0.019101	0.058203	0.058959	0.055421	0.056175	0.003381	0.003409	0.003009	0.003045	1240.733667	1198.139189	1781.372562	1730.634234	-0.134374	-0.129026	-0.207574	-0.200269	
-0.002975	0.320490	0.103203	153.924896	153.924953	153.519852	153.519925	0.000001	34.285849	-0.002894	6.524230	6.524230	6.524230	6.524230	32.240738	0.015003	-0.001508	0.074172	0.074234	0.071346	0.071407	-0.000553	-0.000553	-0.000544	-0.000544	1197.379261	1203.807093	1771.000625	1778.657426	0.017636	0.017726	0.025514	0.025617	
-0.032102	0.852574	-0.843653	153.691835	153.691891	153.286344	153.286417	0.000001	34.418140	0.002369	6.515658	6.515658	6.515658	6.515658	32.114297	0.083208	-0.036108	0.076062	0.077539	0.073223	0.074696	0.004335	0.004379	0.003869	0.003917	1199.328256	1146.782525	1792.788080	1730.195867	-0.130694	-0.124710	-0.199665	-0.192273	
-0.018946	1.237732	-0.781213	153.709239	153.709295	153.304109	153.304182	0.000001	34.157931	-0.008066	6.525561	6.525561	6.525561	6.525561	31.913468	0.107799	-0.027912	0.083121	0.084277	0.080266	0.081420	0.004099	0.004130	0.003771	0.003800	1183.146191	1134.489443	1792.882183	1734.922506	-0.116191	-0.111848	-0.167746	-0.163071	
-0.003659	-1.246727	-0.244381	153.847848	153.847904	153.442391	153.442463	0.000001	34.398355	0.001523	6.524813	6.524813	6.524813	6.524813	32.911825	0.065337	-0.007537	0.051626	0.051920	0.048855	0.049148	0.001298	0.001300	0.001241	0.001244	1227.803159	1212.582255	1692.894514	1674.763449	-0.063555	-0.062435	-0.104534	-0.102644	
-0.014258	0.113495	0.398675	154.011933	154.011989	153.606299	153.606372	0.000001	34.417613	0.002265	6.518934	6.518934	6.518934	6.518934	32.415389	-0.019408	-0.003597	0.068947	0.069092	0.066132	0.066277	-0.002077	-0.002073	-0.001992	-0.001988	1201.082086	1225.912975	1769.869819	1799.448250	0.069131	0.070546	0.101379	0.103046	
0.011633	0.003643	0.144414	153.950557	153.950612	153.545208	153.545281	0.000001	34.284419	-0.003091	6.511983	6.511983	6.511983	6.511983	32.362858	-0.020706	0.009348	0.070517	0.070140	0.067698	0.067322	-0.000777	-0.000777	-0.000762	-0.000762	1196.847095	1205.841726	1744.272691	1754.987049	0.025917	0.026139	0.040267	0.040567	
-0.003678	0.458247	-0.105029	153.889823	153.889878	153.485000	153.485072	0.000001	34.558553	0.007849	6.514577	6.514577	6.514577	6.514577	32.144329	0.003011	-0.003421	0.077110	0.077250	0.074276	0.074416	0.000570	0.000570	0.000559	0.000559	1190.700012	1184.158440	1762.491113	1754.698825	-0.017405	-0.017305	-0.026432	-0.026306	
-0.017730	0.346827	-0.566642	153.777408	153.777463	153.372666	153.372737	0.000001	34.318977	-0.001760	6.517140	6.517140	6.517140	6.517140	32.268726	0.056920	-0.021570	0.071806	0.072681	0.068985	0.069858	0.002975	0.002990	0.002756	0.002773	1201.520034	1166.227577	1762.663620	1720.623421	-0.097554	-0.094412	-0.149943	-0.145855	
0.006472	0.454684	-0.992697	153.674210	153.674265	153.269309	153.269381	0.000001	34.373371	0.000390	6.521909	6.521909	6.521909	6.521909	32.370099	0.112646	-0.013623	0.067894	0.068442	0.065080	0.065627	0.004872	0.004947	0.004207	0.004289	1215.603174	1153.774455	1789.314329	1715.664269	-0.167303	-0.158326	-0.252498	-0.241385	
0.022656	0.628386	0.887935	154.148187	154.148242	153.742954	153.743025	0.000001	34.255602	-0.004348	6.526297	6.526297	6.526297	6.526297	32.361606	-0.042903	0.026611	0.072281	0.071207	0.069463	0.068391	-0.004451	-0.004410	-0.004079	-0.004042	1155.388058	1210.691821	1730.745191	1796.622758	0.145915	0.151427	0.198304	0.203671	
0.003814	-0.186852	0.852613	154.143322	154.143376	153.737705	153.737776	0.000001	34.416273	0.002051	6.506211	6.506211	6.506211	6.506211	32.722083	-0.094475	0.018047	0.060260	0.059547	0.057470	0.056759	-0.004188	-0.004134	-0.003636	-0.003569	1178.333522	1231.437292	1709.394491	1772.651438	0.156095	0.164107	0.240216	0.250845	
0.030888	0.351500	-0.426264	153.823465	153.823519	153.418781	153.418852	0.000001	34.328400	-0.001489	6.506425	6.506425	6.506425	6.506425	32.253986	0.012788	0.013561	0.073330	0.072780	0.070506	0.069957	0.002244	0.002250	0.002123	0.002130	1214.510237	1187.961023	1794.624452	1762.999160	-0.069596	-0.067849	-0.110901	-0.108489	
-0.008475	0.035252	1.423254	154.287893	154.287947	153.883700	153.883771	0.000001	34.361301	-0.000196	6.519952	6.519952	6.519952	6.519952	32.884704	-0.111340	0.013302	0.055912	0.055391	0.053145	0.052626	-0.006230	-0.006043	-0.005253	-0.005100	1151.294858	1239.940153	1687.375748	1792.969581	0.256662	0.273571	0.353029	0.370365	
-0.003453	-0.295277	-0.092767	153.913682	153.913736	153.508870	153.508941	0.000001	34.420326	0.002140	6.500290	6.500290	6.500290	6.500290	32.497402	-0.029924	-0.004113	0.065559	0.065724	0.062757	0.062921	0.000492	0.000492	0.000483	0.000483	1226.642525	1220.864638	1775.260295	1768.377705	-0.016848	-0.016745	-0.028240	-0.028075	
-0.012719	0.169018	-0.264612	153.870653	153.870707	153.466564	153.466634	0.000001	34.197605	-0.006792	6.516128	6.516128	6.516128	6.516128	32.300573	0.016911	-0.013508	0.071562	0.072109	0.068748	0.069294	0.001413	0.001415	0.001371	0.001373	1207.584337	1191.103358	1769.191557	1749.559498	-0.046311	-0.045622	-0.070850	-0.069957	
-0.001196	-0.658107	-0.313317	153.863080	153.863134	153.458580	153.458650	0.000001	34.387079	0.000762	6.517937	6.517937	6.517937	6.517937	32.675945	0.039857	-0.006930	0.059333	0.059608	0.056548	0.056822	0.001651	0.001654	0.001575	0.001579	1225.579892	1206.065380	1735.965308	1712.719719	-0.066835	-0.065480	-0.107012	-0.104957	
-0.010970	0.933105	-0.637123	153.785632	153.785686	153.380716	153.380786	0.000001	34.467267	0.003944	6.518267	6.518267	6.518267	6.518267	32.052155	0.077001	-0.017768	0.079181	0.079911	0.076339	0.077068	0.003323	0.003340	0.003098	0.003114	1203.894106	1164.211825	1815.229139	1767.959804	-0.096293	-0.093230	-0.142452	-0.138950	
-0.017003	-0.404935	-0.094645	153.924313	153.924366	153.519253	153.519323	0.000001	34.496982	0.005107	6.521563	6.521563	6.521563	6.521563	32.520059	0.036711	-0.013466	0.064704	0.065242	0.061902	0.062439	0.000513	0.000513	0.000506	0.000506	1204.449090	1198.554286	1718.927456	1711.905595	-0.019512	-0.019401	-0.029892	-0.029740	
0.009670	-0.938418	0.096214	153.975516	153.975569	153.570241	153.570310	0.000001	34.355599	-0.000575	6.515683	6.515683	6.515683	6.515683	32.784308	0.004397	0.006956	0.056877	0.056604	0.054095	0.053823	-0.000512	-0.000512	-0.000505	-0.000505	1227.065683	1233.058228	1727.231799	1734.370089	0.021545	0.021684	0.034749	0.034966	
-0.018476	-0.732272	-0.501075	153.828256	153.828308	153.423201	153.423271	0.000001	34.226926	-0.005747	6.513518	6.513518	6.513518	6.513518	32.786381	0.047909	-0.019508	0.055280	0.056046	0.052501	0.053266	0.002531	0.002543	0.002297	0.002316	1248.126441	1216.917703	1772.029727	1734.854033	-0.104262	-0.100834	-0.171211	-0.165797	
-0.021422	-0.998369	0.628468	154.112909	154.112961	153.708106	153.708175	0.000001	34.422379	0.002046	6.519757	6.519757	6.519757	6.519757	33.032769	-0.042328	-0.007244	0.049587	0.049868	0.046830	0.047111	-0.003049	-0.003025	-0.002716	-0.002683	1220.230735	1259.373985	1723.048982	1769.676226	0.140806	0.146110	0.213309	0.220524	
-0.015435	-0.170166	-0.043944	153.948510	153.948562	153.543459	153.543528	0.000001	34.388488	0.000665	6.507693	6.507693	6.507693	6.507693	32.461022	-0.010745	-0.012335	0.066830	0.067325	0.064023	0.064517	0.000232	0.000232	0.000229	0.000229	1226.277875	1223.540883	1786.475727	1783.215436	-0.007858	-0.007837	-0.012477	-0.012448	
-0.018263	0.324160	0.014662	153.964137	153.964189	153.559590	153.559658	0.000001	34.384696	0.000489	6.514657	6.514657	6.514657	6.514657	32.221575	-0.006005	-0.013358	0.074844	0.075388	0.072020	0.072563	-0.000079	-0.000079	-0.000078	-0.000078	1193.577348	1194.490529	1760.702710	1761.790486	0.002491	0.002493	0.003747	0.003749	
0.002167	-0.139755	0.326703	154.045561	154.045614	153.640925	153.640993	0.000001	34.324499	-0.001943	6.513984	6.513984	6.513984	6.513984	32.476748	-0.035229	0.004912	0.067331	0.067135	0.064528	0.064332	-0.001741	-0.001739	-0.001675	-0.001672	1189.214117	1209.562357	1721.242502	1745.481223	0.061623	0.062797	0.093826	0.095371	
0.013579	-0.406296	-0.900921	153.741407	153.741459	153.336688	153.336756	0.000001	34.243103	-0.005223	6.510539	6.510539	6.510539	6.510539	32.765858	0.067083	-0.006381	0.055602	0.055853	0.052823	0.053074	0.004287	0.004361	0.003525	0.003625	1242.375148	1186.262587	1775.869358	1709.028355	-0.175860	-0.165544	-0.289642	-0.273666	
-0.004167	0.042336	0.704148	154.144789	154.144841	153.740244	153.740312	0.000001	34.362896	-0.000455	6.523437	6.523437	6.523437	6.523437	32.582053	-0.044981	0.006629	0.064601	0.064337	0.061807	0.061544	-0.003519	-0.003497	-0.003250	-0.003227	1189.026278	1232.883096	1747.135482	1799.377504	0.126660	0.130841	0.177508	0.182012	
-0.012648	0.568075	-0.386064	153.876961	153.877012	153.471808	153.471875	0.000001	34.209300	-0.006624	6.506340	6.506340	6.506340	6.506340	32.148817	0.022797	-0.015018	0.076632	0.077246	0.073797	0.074410	0.002055	0.002060	0.001962	0.001966	1203.115923	1179.070456	1789.963121	1761.320280	-0.061234	-0.059890	-0.095730	-0.093966	
0.004822	0.008825	-1.076885	153.704628	153.704680	153.300074	153.300142	0.000001	34.347015	-0.001139	6.517692	6.517692	6.517692	6.517692	32.621322	0.102143	-0.016028	0.059834	0.060470	0.057044	0.057679	0.005073	0.005185	0.004175	0.004302	1226.710498	1159.638266	1772.711543	1692.815435	-0.198573	-0.185937	-0.309847	-0.292641	
0.009269	-0.127517	-0.900864	153.752624	153.752675	153.347836	153.347904	0.000001	34.377818	0.000069	6.524997	6.524997	6.524997	6.524997	32.651449	0.118415	-0.007620	0.059353	0.059655	0.056564	0.056866	0.004311	0.004371	0.003730	0.003799	1239.208733	1183.099740	1792.735918	1725.899166	-0.169379	-0.161065	-0.254405	-0.243855	
0.004761	0.060374	0.177087	154.026406	154.026457	153.621010	153.621078	0.000001	34.369507	-0.000290	6.522962	6.522962	6.522962	6.522962	32.382333	0.022859	0.006513	0.070343	0.070080	0.067526	0.067264	-0.000944	-0.000943	-0.000926	-0.000926	1201.463440	1212.493069	1759.790210	1772.928650	0.032065	0.032350	0.046246	0.046575	
-0.000557	1.666428	-0.355777	153.896101	153.896152	153.490567	153.490634	0.000001	34.280305	-0.003884	6.511365	6.511365	6.511365	6.511365	31.643658	0.044777	-0.005341	0.094155	0.094380	0.091272	0.091497	0.001945	0.001949	0.001873	0.001875	1166.334531	1144.175505	1805.801488	1779.405766	-0.047864	-0.047044	-0.070260	-0.069382	
0.012674	0.394472	-0.366783	153.894271	153.894322	153.489361	153.489428	0.000001	34.387662	0.000386	6.516889	6.516889	6.516889	6.516889	32.180862	0.056507	0.002451	0.076038	0.075938	0.073207	0.073107	0.001998	0.002002	0.001914	0.001918	1179.105294	1156.260758	1724.985271	1697.772974	-0.064670	-0.063328	-0.097902	-0.096194	
0.000119	0.602486	0.867962	154.206151	154.206202	153.801253	153.801320	0.000001	34.376785	-0.000074	6.516953	6.516953	6.516953	6.516953	32.360117	-0.064394	0.013361	0.072466	0.071926	0.069650	0.069112	-0.004397	-0.004355	-0.003996	-0.003956	1151.009008	1205.068778	1718.703691	1783.099420	0.142237	0.148042	0.199762	0.205831	
0.004788	-0.551578	0.722299	154.172574	154.172625	153.767597	153.767663	0.000001	34.352161	-0.001083	6.503755	6.503755	6.503755	6.503755	32.848181	-0.089634	0.014985	0.056329	0.055742	0.053554	0.052968	-0.003573	-0.003535	-0.003114	-0.003062	1192.238240	1237.225583	1704.245278	1757.833976	0.143579	0.150319	0.227574	0.237363	
-0.005370	0.482909	0.611488	154.145340	154.145390	153.741053	153.741119	0.000001	34.135632	-0.009767	6.505175	6.505175	6.505175	6.505175	32.330516	-0.093549	0.006308	0.072882	0.072627	0.070068	0.069814	-0.003157	-0.003142	-0.002939	-0.002922	1182.486402	1220.572038	1767.860942	1813.228361	0.096596	0.099723	0.144701	0.148423	
-0.010492	-0.286958	0.978782	154.239354	154.239404	153.835337	153.835403	0.000001	34.394830	0.000580	6.506311	6.506311	6.506311	6.506311	32.844875	-0.118991	0.006792	0.056732	0.056466	0.053964	0.053699	-0.004651	-0.004568	-0.003950	-0.003858	1176.183900	1237.145921	1700.018951	1772.636606	0.184167	0.194764	0.278449	0.292057	
-0.001146	0.224053	0.187610	154.044081	154.044131	153.640045	153.640111	0.000001	34.577131	0.007851	6.502335	6.502335	6.502335	6.502335	32.310453	-0.061476	0.001315	0.072742	0.072689	0.069928	0.069876	-0.000998	-0.000998	-0.000974	-0.000974	1202.607718	1214.292713	1776.357060	1790.276168	0.031038	0.031377	0.048670	0.049125	
0.002217	-0.516917	-0.026431	153.992294	153.992345	153.588450	153.588516	0.000001	34.259872	-0.004861	6.510589	6.510589	6.510589	6.510589	32.584607	-0.018078	0.000288	0.063338	0.063327	0.060549	0.060538	0.000142	0.000142	0.000141	0.000141	1213.116515	1211.470294	1729.785951	1727.824981	-0.005382	-0.005373	-0.008634	-0.008620	
-0.000602	-0.388605	-0.501162	153.877188	153.877238	153.472998	153.473063	0.000001	34.350171	-0.001270	6.512777	6.512777	6.512777	6.512777	32.628546	0.043657	-0.008756	0.060933	0.061281	0.058146	0.058493	0.002570	0.002581	0.002366	0.002382	1232.719682	1201.505550	1768.453011	1731.270892	-0.097958	-0.094914	-0.156262	-0.151807	
-0.009982	-0.919859	-0.397273	153.906257	153.906307	153.501752	153.501817	0.000001	34.255209	-0.005091	6.517662	6.517662	6.517662	6.517662	32.847588	0.054938	-0.012945	0.053976	0.054484	0.051206	0.051712	0.002036	0.002042	0.001895	0.001905	1245.228091	1220.484495	1753.026003	1723.551555	-0.088878	-0.086581	-0.142948	-0.139398	
-0.006277	0.201088	0.153574	154.047484	154.047534	153.642609	153.642674	0.000001	34.513060	0.005199	6.516436	6.516436	6.516436	6.516436	32.328347	0.003062	-0.002528	0.072094	0.072197	0.069276	0.069379	-0.000816	-0.000816	-0.000802	-0.000801	1204.368345	1213.933490	1777.161989	1788.555942	0.026411	0.026619	0.038793	0.039039	
0.003888	0.239062	-0.122576	153.981103	153.981153	153.576139	153.576204	0.000001	34.379220	-0.000179	6.510462	6.510462	6.510462	6.510462	32.257060	0.014974	0.000374	0.074059	0.074044	0.071235	0.071220	0.000664	0.000664	0.000651	0.000651	1196.148403	1188.513959	1754.991849	1745.897738	-0.021237	-0.021088	-0.032619	-0.032425	
-0.020191	-0.437963	0.073876	154.031843	154.031892	153.627198	153.627263	0.000001	34.330005	-0.002170	6.513275	6.513275	6.513275	6.513275	32.560205	-0.005074	-0.011978	0.064164	0.064642	0.061368	0.061845	-0.000398	-0.000398	-0.000393	-0.000393	1206.241723	1210.842978	1724.795883	1730.276875	0.014935	0.015003	0.023316	0.023413	
0.017703	1.176209	0.683133	154.186945	154.186994	153.782308	153.782372	0.000001	34.459687	0.002994	6.511119	6.511119	6.511119	6.511119	32.031283	-0.067638	0.020557	0.083492	0.082645	0.080649	0.079804	-0.003587	-0.003568	-0.003362	-0.003346	1152.663358	1195.211336	1765.382835	1816.065774	0.098637	0.101720	0.139943	0.143082	
-0.001923	-0.658151	0.052538	154.031524	154.031572	153.626964	153.627028	0.000001	34.292598	-0.003712	6.504561	6.504561	6.504561	6.504561	32.639527	-0.031085	0.000838	0.061830	0.061797	0.059041	0.059009	-0.000285	-0.000285	-0.000282	-0.000281	1206.107450	1209.379678	1705.278015	1709.175877	0.011113	0.011154	0.018547	0.018616	
-0.028322	0.198337	0.417992	154.124181	154.124230	153.720023	153.720087	0.000001	34.355152	-0.001231	6.511131	6.511131	6.511131	6.511131	32.386543	-0.056938	-0.012875	0.070492	0.071012	0.067685	0.068203	-0.002196	-0.002191	-0.002097	-0.002092	1189.850840	1215.884844	1753.812693	1784.824268	0.071757	0.073355	0.106637	0.108567	
0.001467	0.953235	-0.816026	153.818888	153.818937	153.414561	153.414624	0.000001	34.364210	-0.000890	6.507203	6.507203	6.507203	6.507203	32.084403	0.060907	-0.015968	0.078367	0.079022	0.075532	0.076186	0.004215	0.004254	0.003782	0.003825	1200.135851	1149.310836	1803.807158	1743.264653	-0.122562	-0.117116	-0.188793	-0.182025	
-0.014625	-0.609557	-0.558972	153.885091	153.885139	153.480842	153.480905	0.000001	34.499157	0.004486	6.520139	6.520139	6.520139	6.520139	32.744975	0.075675	-0.019115	0.057012	0.057765	0.054235	0.054986	0.002840	0.002857	0.002558	0.002584	1225.421739	1190.606998	1732.644864	1691.173719	-0.120992	-0.116762	-0.189519	-0.183390	
-0.008824	0.027212	-0.470054	153.911816	153.911864	153.506941	153.507004	0.000001	34.366077	-0.000860	6.517329	6.517329	6.517329	6.517329	32.444494	0.074623	-0.013969	0.067086	0.067647	0.064279	0.064839	0.002434	0.002442	0.002296	0.002305	1225.365425	1196.088770	1788.932814	1754.058609	-0.084418	-0.082258	-0.127390	-0.124649	
0.002556	0.275774	0.549339	154.169265	154.169313	153.764213	153.764276	0.000001	34.388829	0.000026	6.516209	6.516209	6.516209	6.516209	32.398060	-0.028711	0.009045	0.070866	0.070502	0.068053	0.067690	-0.002859	-0.002848	-0.002694	-0.002683	1177.740685	1211.955491	1738.501584	1779.258090	0.095064	0.097661	0.136464	0.139379	
-0.035726	-0.171262	0.074969	154.053107	154.053155	153.648113	153.648175	0.000001	34.432971	0.001768	6.505317	6.505317	6.505317	6.505317	32.449221	-0.022531	-0.021891	0.067751	0.068631	0.064944	0.065821	-0.000404	-0.000404	-0.000398	-0.000398	1203.228902	1207.898240	1740.996507	1746.558598	0.013926	0.013991	0.022104	0.022197	
0.010204	-0.818391	0.381198	154.130345	154.130392	153.725969	153.726032	0.000001	34.580825	0.007661	6.510227	6.510227	6.510227	6.510227	32.831547	-0.043743	0.009813	0.056473	0.056088	0.053702	0.053318	-0.001977	-0.001972	-0.001858	-0.001850	1212.788408	1236.530779	1715.366279	1743.648073	0.082544	0.084592	0.130850	0.133907	
0.028323	-1.082853	-0.279557	153.967944	153.967992	153.563601	153.563663	0.000001	34.310032	-0.003192	6.506947	6.506947	6.506947	6.506947	32.895089	0.015951	0.014654	0.053416	0.052844	0.050649	0.050079	0.001448	0.001450	0.001377	0.001381	1252.181753	1234.769932	1757.370256	1736.629381	-0.062799	-0.061549	-0.107106	-0.104918	
-0.011155	0.201317	1.106033	154.316254	154.316302	153.912026	153.912088	0.000001	34.461996	0.002865	6.513819	6.513819	6.513819	6.513819	32.705091	-0.093975	0.008807	0.061818	0.061470	0.059037	0.058689	-0.005189	-0.005104	-0.004552	-0.004472	1176.156511	1245.044156	1744.918975	1826.977594	0.187338	0.196928	0.262280	0.272321	
0.015249	0.293436	0.151498	154.081026	154.081074	153.676497	153.676559	0.000001	34.224520	-0.006656	6.499095	6.499095	6.499095	6.499095	32.272428	-0.047663	0.012226	0.074485	0.073989	0.071664	0.071169	-0.000812	-0.000811	-0.000794	-0.000794	1197.573516	1207.009348	1770.518623	1781.758540	0.024851	0.025073	0.039202	0.039503	
0.002149	0.691531	-0.833011	153.835035	153.835082	153.431133	153.431195	0.000001	34.463883	0.002899	6.509036	6.509036	6.509036	6.509036	32.215963	0.062589	-0.012657	0.074144	0.074659	0.071324	0.071838	0.004258	0.004302	0.003783	0.003833	1204.318650	1152.435749	1790.048442	1728.245789	-0.132465	-0.126341	-0.204203	-0.196422	
-0.007822	0.163532	-0.798151	153.847126	153.847173	153.443041	153.443102	0.000001	34.299374	-0.003702	6.519445	6.519445	6.519445	6.519445	32.467930	0.097529	-0.018241	0.065782	0.066513	0.062983	0.063712	0.003995	0.004036	0.003546	0.003594	1215.852862	1166.141169	1770.840846	1711.624524	-0.144056	-0.137760	-0.216499	-0.208584	
0.006617	0.205762	0.401171	154.151307	154.151354	153.746477	153.746538	0.000001	34.410243	0.000711	6.518935	6.518935	6.518935	6.518935	32.382145	-0.006129	0.009377	0.071275	0.070897	0.068461	0.068084	-0.002117	-0.002113	-0.002035	-0.002031	1184.965044	1209.951401	1743.606634	1773.370258	0.071012	0.072410	0.101307	0.102869	
-0.001155	0.191696	0.017598	154.058320	154.058367	153.653194	153.653255	0.000001	34.501086	0.004321	6.506071	6.506071	6.506071	6.506071	32.288346	-0.005000	0.000444	0.073558	0.073540	0.070735	0.070717	-0.000095	-0.000095	-0.000094	-0.000094	1194.691758	1195.787815	1751.947590	1753.253208	0.003049	0.003052	0.004719	0.004723	
-0.016719	-0.458081	0.537143	154.188666	154.188713	153.784173	153.784234	0.000001	34.485378	0.003671	6.510009	6.510009	6.510009	6.510009	32.729674	-0.056979	-0.003104	0.059908	0.060031	0.057127	0.057250	-0.002755	-0.002742	-0.002534	-0.002516	1193.302371	1226.757529	1709.060285	1748.911902	0.107890	0.111378	0.165000	0.169714	
0.017414	0.397553	0.305091	154.133208	154.133254	153.728833	153.728894	0.000001	34.401247	0.000285	6.504485	6.504485	6.504485	6.504485	32.270112	-0.049531	0.015188	0.074986	0.074370	0.072166	0.071551	-0.001621	-0.001619	-0.001568	-0.001566	1190.714857	1209.717025	1769.228329	1791.863617	0.049636	0.050461	0.075210	0.076230	
0.027345	1.227719	0.871650	154.276281	154.276327	153.872176	153.872237	0.000001	34.440491	0.001834	6.506826	6.506826	6.506826	6.506826	32.070427	-0.101184	0.032365	0.083040	0.081707	0.080203	0.078874	-0.004531	-0.004491	-0.004149	-0.004113	1136.622877	1190.912334	1741.204884	1805.874214	0.125433	0.130525	0.178325	0.183515	
-0.016741	-0.521930	1.078226	154.330351	154.330397	153.926258	153.926319	0.000001	34.362803	-0.001293	6.500778	6.500778	6.500778	6.500778	33.009053	-0.127942	0.006819	0.052096	0.051832	0.049342	0.049078	-0.004953	-0.004828	-0.004042	-0.003906	1171.645030	1238.800771	1673.408166	1753.403749	0.214637	0.229315	0.330947	0.350900	
0.019351	-0.327774	-0.249349	153.999687	153.999733	153.595890	153.595950	0.000001	34.591194	0.007823	6.498497	6.498497	6.498497	6.498497	32.560065	-0.016515	0.007401	0.064332	0.064038	0.061542	0.061248	0.001306	0.001308	0.001262	0.001264	1236.224565	1220.694241	1788.288245	1769.788601	-0.045657	-0.044921	-0.075748	-0.074598	
0.003644	-0.519763	0.376816	154.157715	154.157761	153.754193	153.754253	0.000001	34.436453	0.001616	6.512463	6.512463	6.512463	6.512463	32.704729	-0.044971	0.008441	0.060732	0.060398	0.057955	0.057623	-0.001962	-0.001958	-0.001866	-0.001861	1208.188613	1231.658032	1730.747088	1758.703743	0.076220	0.077909	0.116081	0.118351	
-0.008346	0.547692	0.320357	154.147888	154.147934	153.743709	153.743769	0.000001	34.357366	-0.001568	6.505772	6.505772	6.505772	6.505772	32.209779	-0.050759	-0.000291	0.076787	0.076800	0.073964	0.073976	-0.001706	-0.001703	-0.001649	-0.001647	1185.406004	1205.358986	1771.119273	1794.887166	0.050976	0.051834	0.076083	0.077101	
0.023076	0.827983	1.040216	154.329470	154.329516	153.925300	153.925360	0.000001	34.430498	0.001337	6.506202	6.506202	6.506202	6.506202	32.337753	-0.112041	0.030036	0.074404	0.073188	0.071590	0.070377	-0.005206	-0.005134	-0.004626	-0.004558	1140.398269	1205.186590	1720.268025	1797.443550	0.160189	0.168230	0.228430	0.236901	
-0.016123	-0.165625	0.970849	154.314269	154.314315	153.910171	153.910231	0.000001	34.447912	0.002014	6.498536	6.498536	6.498536	6.498536	32.792662	-0.128328	0.005994	0.058913	0.058677	0.056140	0.055905	-0.004673	-0.004592	-0.003970	-0.003878	1173.360852	1233.828753	1704.069674	1776.098736	0.175980	0.186263	0.270378	0.283898	
0.004005	0.388141	0.532601	154.205562	154.205607	153.801890	153.801950	0.000001	34.477114	0.003164	6.499176	6.499176	6.499176	6.499176	32.353017	-0.097928	0.010022	0.072630	0.072225	0.069822	0.069418	-0.002773	-0.002763	-0.002600	-0.002588	1185.816615	1218.988925	1764.624630	1804.139320	0.085393	0.087917	0.130535	0.133698	
-0.001372	-1.015313	-0.361878	153.983781	153.983827	153.580281	153.580341	0.000001	34.419641	0.000847	6.503754	6.503754	6.503754	6.503754	32.877545	0.002251	-0.007411	0.053655	0.053945	0.050894	0.051183	0.001879	0.001884	0.001737	0.001747	1238.364859	1215.825793	1731.440046	1704.591623	-0.082360	-0.080146	-0.142938	-0.138908	
-0.007965	-0.496992	-0.463434	153.961123	153.961168	153.557407	153.557466	0.000001	34.450737	0.002073	6.513130	6.513130	6.513130	6.513130	32.695665	0.046992	-0.013165	0.059246	0.059767	0.056468	0.056988	0.002363	0.002371	0.002200	0.002211	1243.430267	1214.565933	1783.063070	1748.680019	-0.091884	-0.089336	-0.144108	-0.140497	
-0.000777	-0.216177	0.011441	154.083689	154.083734	153.679349	153.679408	0.000001	34.472846	0.002937	6.514095	6.514095	6.514095	6.514095	32.496207	0.016052	-0.001072	0.066836	0.066880	0.064037	0.064080	-0.000061	-0.000061	-0.000060	-0.000060	1215.463796	1216.176353	1761.279159	1762.127953	0.002165	0.002167	0.003262	0.003263	
0.025104	-0.423371	-0.395795	153.984721	153.984766	153.580051	153.580110	0.000001	34.331248	-0.002749	6.508919	6.508919	6.508919	6.508919	32.623756	0.048898	0.010348	0.062210	0.061799	0.059418	0.059009	0.002064	0.002070	0.001943	0.001951	1227.697027	1203.045525	1757.916480	1728.551734	-0.078365	-0.076418	-0.125270	-0.122392	
-0.011997	-0.499651	0.334769	154.168958	154.169002	153.764476	153.764535	0.000001	34.357738	-0.001710	6.513115	6.513115	6.513115	6.513115	32.687828	-0.020394	-0.001322	0.061164	0.061217	0.058380	0.058433	-0.001749	-0.001746	-0.001678	-0.001675	1210.890512	1231.741113	1736.956721	1761.793854	0.067446	0.068748	0.101953	0.103671	
-0.010579	-0.300458	0.035757	154.097039	154.097083	153.692449	153.692508	0.000001	34.529160	0.005126	6.505318	6.505318	6.505318	6.505318	32.528747	-0.011825	-0.006885	0.065745	0.066021	0.062947	0.063222	-0.000191	-0.000191	-0.000188	-0.000188	1216.752087	1218.979176	1757.583538	1760.236435	0.006752	0.006767	0.010654	0.010675	
-0.023684	0.547573	0.533676	154.222627	154.222672	153.818374	153.818432	0.000001	34.404431	0.000117	6.508360	6.508360	6.508360	6.508360	32.276690	-0.060442	-0.008631	0.074907	0.075258	0.072089	0.072439	-0.002801	-0.002791	-0.002648	-0.002638	1173.409426	1206.648652	1751.857013	1791.451413	0.086218	0.088535	0.125583	0.128201	
-0.019912	1.020821	0.194508	154.140275	154.140319	153.736045	153.736103	0.000001	34.479565	0.003103	6.503046	6.503046	6.503046	6.503046	31.945670	-0.042934	-0.011811	0.085397	0.085887	0.082551	0.083040	-0.001064	-0.001063	-0.001037	-0.001036	1163.519421	1175.634086	1761.134348	1775.565277	0.028960	0.029253	0.043230	0.043570	
-0.003288	-0.965649	0.658513	154.257609	154.257654	153.853629	153.853686	0.000001	34.203983	-0.007939	6.506524	6.506524	6.506524	6.506524	33.030761	-0.074685	0.005682	0.050887	0.050667	0.048135	0.047916	-0.003242	-0.003207	-0.002797	-0.002747	1193.018185	1234.032703	1669.045248	1717.901536	0.151792	0.158683	0.241407	0.251918	
-0.002989	0.369779	0.457483	154.209848	154.209892	153.805811	153.805868	0.000001	34.531955	0.005161	6.501564	6.501564	6.501564	6.501564	32.354100	-0.073061	0.004649	0.072515	0.072327	0.069705	0.069518	-0.002381	-0.002374	-0.002262	-0.002256	1195.960611	1224.454289	1782.389315	1816.330843	0.073372	0.075166	0.110682	0.112866	
0.007320	-0.139395	0.026116	154.103358	154.103402	153.699526	153.699584	0.000001	34.276279	-0.005085	6.503581	6.503581	6.503581	6.503581	32.440232	-0.027580	0.004705	0.068930	0.068741	0.066128	0.065940	-0.000141	-0.000141	-0.000139	-0.000139	1202.560240	1204.186821	1740.864594	1742.802169	0.004843	0.004851	0.007661	0.007672	
0.002040	-0.255239	0.058739	154.113717	154.113760	153.709892	153.709949	0.000001	34.352916	-0.002037	6.508077	6.508077	6.508077	6.508077	32.502564	-0.016078	0.002366	0.066904	0.066810	0.064109	0.064015	-0.000316	-0.000316	-0.000311	-0.000311	1207.287207	1210.945707	1742.023194	1746.381182	0.011234	0.011273	0.017434	0.017489	
-0.008158	0.163245	-1.419405	153.747028	153.747072	153.342934	153.342991	0.000001	34.552487	0.005926	6.507639	6.507639	6.507639	6.507639	32.687068	0.104751	-0.029863	0.057721	0.058901	0.054941	0.056118	0.006284	0.006522	0.004899	0.005133	1243.859403	1155.453812	1812.204012	1706.895714	-0.245194	-0.224799	-0.387259	-0.359535	
0.007170	-0.801560	0.278747	154.173796	154.173839	153.769598	153.769654	0.000001	34.448939	0.001765	6.523186	6.523186	6.523186	6.523186	32.818682	0.010086	0.006625	0.057123	0.056863	0.054351	0.054092	-0.001452	-0.001451	-0.001408	-0.001406	1222.755199	1240.116566	1734.942391	1755.623164	0.061856	0.062791	0.090153	0.091327	
0.011342	1.001134	0.132524	154.142093	154.142137	153.737037	153.737094	0.000001	34.475592	0.002809	6.505107	6.505107	6.505107	6.505107	31.988640	-0.010077	0.010452	0.084413	0.083981	0.081563	0.081132	-0.000713	-0.000713	-0.000698	-0.000698	1182.441901	1190.695985	1797.759424	1807.591648	0.019441	0.019568	0.028609	0.028751	
0.002192	-0.325275	0.257044	154.173167	154.173210	153.768668	153.768724	0.000001	34.394536	-0.000453	6.506465	6.506465	6.506465	6.506465	32.553655	-0.031941	0.006493	0.065723	0.065464	0.062927	0.062669	-0.001385	-0.001383	-0.001341	-0.001339	1189.436322	1205.445965	1704.016291	1723.086898	0.051064	0.051884	0.079733	0.080893	
-0.001983	1.230307	0.881308	154.331100	154.331143	153.926912	153.926968	0.000001	34.503579	0.003889	6.505140	6.505140	6.505140	6.505140	32.100588	-0.097701	0.012113	0.081989	0.081492	0.079156	0.078659	-0.004541	-0.004502	-0.004164	-0.004129	1144.826333	1199.717351	1759.077848	1824.463755	0.125387	0.130403	0.177370	0.182402	
-0.008720	-0.401448	-0.607167	153.960804	153.960847	153.556743	153.556799	0.000001	34.438359	0.001262	6.498468	6.498468	6.498468	6.498468	32.666917	0.023084	-0.016958	0.060101	0.060772	0.057318	0.057989	0.003103	0.003127	0.002724	0.002762	1221.766685	1183.950171	1741.108367	1696.061525	-0.119982	-0.114907	-0.203718	-0.195249	
-0.006402	0.010961	0.291789	154.186394	154.186437	153.782738	153.782794	0.000001	34.490881	0.003346	6.514115	6.514115	6.514115	6.514115	32.454896	-0.021994	-0.001628	0.068895	0.068961	0.066097	0.066162	-0.001542	-0.001540	-0.001498	-0.001496	1199.696432	1217.870106	1755.180258	1776.828648	0.052868	0.053665	0.077147	0.078089	
0.002114	-0.284829	-0.251341	154.054959	154.055001	153.650646	153.650702	0.000001	34.252381	-0.006214	6.504564	6.504564	6.504564	6.504564	32.529638	0.019574	-0.003222	0.065498	0.065627	0.062702	0.062831	0.001337	0.001338	0.001294	0.001296	1218.189917	1202.535488	1753.663609	1735.016133	-0.048073	-0.047317	-0.076865	-0.075755	
0.020708	0.180209	-0.486976	153.997123	153.997166	153.592952	153.593007	0.000001	34.231180	-0.007081	6.510134	6.510134	6.510134	6.510134	32.381805	0.058844	0.005861	0.070144	0.069908	0.067335	0.067100	0.002543	0.002552	0.002391	0.002401	1215.183386	1184.852787	1779.814670	1743.685011	-0.085179	-0.082868	-0.130078	-0.127096	
0.000250	0.514507	0.163279	154.162475	154.162518	153.758169	153.758224	0.000001	34.455339	0.001867	6.512579	6.512579	6.512579	6.512579	32.186448	0.002031	0.004061	0.077759	0.077593	0.074932	0.074767	-0.000883	-0.000883	-0.000866	-0.000866	1181.392572	1191.562196	1755.278795	1767.392801	0.027159	0.027381	0.039383	0.039634	
0.001367	0.257450	-0.007704	154.122457	154.122499	153.717910	153.717966	0.000001	34.231583	-0.007104	6.505588	6.505588	6.505588	6.505588	32.261348	0.001311	0.001252	0.074920	0.074870	0.072099	0.072048	0.000042	0.000042	0.000041	0.000041	1187.801490	1187.321677	1742.183044	1741.611493	-0.001340	-0.001339	-0.002049	-0.002048	
0.011073	0.425252	0.059440	154.140381	154.140423	153.736119	153.736174	0.000001	34.337840	-0.002872	6.507284	6.507284	6.507284	6.507284	32.198974	-0.004990	0.008424	0.077274	0.076931	0.074449	0.074106	-0.000324	-0.000323	-0.000318	-0.000318	1183.412239	1187.114385	1749.012592	1753.422570	0.010000	0.010032	0.014996	0.015036	
0.015027	0.377219	0.164132	154.168698	154.168740	153.764510	153.764565	0.000001	34.281940	-0.005127	6.506521	6.506521	6.506521	6.506521	32.231392	-0.018753	0.013366	0.076489	0.075945	0.073667	0.073124	-0.000892	-0.000892	-0.000874	-0.000873	1179.578699	1189.801399	1739.853421	1752.030651	0.027906	0.028157	0.041884	0.042193	
0.003043	0.083177	-1.039147	153.869838	153.869880	153.465685	153.465740	0.000001	34.480867	0.002811	6.505322	6.505322	6.505322	6.505322	32.598516	0.083124	-0.015012	0.061735	0.062332	0.058946	0.059542	0.004971	0.005072	0.004101	0.004221	1225.999159	1161.277393	1778.580811	1701.484566	-0.185833	-0.174105	-0.296219	-0.279673	
-0.001825	0.789700	-0.114769	154.102757	154.102799	153.698686	153.698740	0.000001	34.401855	-0.000367	6.517974	6.517974	6.517974	6.517974	32.068068	0.042082	-0.003220	0.081169	0.081302	0.078334	0.078466	0.000619	0.000619	0.000608	0.000609	1189.160360	1182.012117	1786.974205	1778.459253	-0.018196	-0.018100	-0.025711	-0.025610	
0.025708	-0.577679	-0.302362	154.060017	154.060058	153.655298	153.655352	0.000001	34.466472	0.002197	6.508107	6.508107	6.508107	6.508107	32.662047	0.049511	0.012412	0.061524	0.061032	0.058735	0.058245	0.001609	0.001612	0.001538	0.001541	1216.076199	1197.244028	1722.952696	1700.519908	-0.064017	-0.062744	-0.103062	-0.101110	
-0.012178	0.910851	0.609505	154.289023	154.289064	153.884507	153.884561	0.000001	34.417134	0.000204	6.509929	6.509929	6.509929	6.509929	32.158591	-0.047267	0.002702	0.079550	0.079440	0.076720	0.076610	-0.003187	-0.003174	-0.003011	-0.002999	1165.252116	1203.214229	1767.484384	1812.704664	0.092497	0.095057	0.130372	0.132995	
0.006030	0.609059	-0.692043	153.965821	153.965862	153.561392	153.561446	0.000001	34.444080	0.001263	6.500249	6.500249	6.500249	6.500249	32.218158	0.052611	-0.009024	0.075058	0.075426	0.072234	0.072601	0.003612	0.003639	0.003267	0.003299	1198.743149	1155.640263	1775.334925	1723.990982	-0.111424	-0.106922	-0.175662	-0.169628	
-0.013642	-1.037094	-0.129389	154.106954	154.106996	153.703044	153.703098	0.000001	34.371802	-0.001646	6.513911	6.513911	6.513911	6.513911	32.848051	0.031655	-0.011156	0.055371	0.055809	0.052605	0.053042	0.000692	0.000693	0.000681	0.000681	1227.649546	1219.590760	1713.613372	1704.013786	-0.030917	-0.030649	-0.049498	-0.049079	
0.015208	0.103814	-0.313871	154.064752	154.064793	153.660360	153.660413	0.000001	34.390314	-0.000924	6.507926	6.507926	6.507926	6.507926	32.396584	0.046289	0.004452	0.070097	0.069918	0.067288	0.067109	0.001651	0.001653	0.001594	0.001596	1221.576492	1202.027482	1791.892575	1768.605892	-0.054679	-0.053732	-0.083405	-0.082187	
-0.004129	0.502237	-1.040647	153.884605	153.884645	153.480230	153.480284	0.000001	34.467805	0.002156	6.509722	6.509722	6.509722	6.509722	32.407771	0.108743	-0.019194	0.068001	0.068773	0.065195	0.065965	0.005072	0.005158	0.004339	0.004433	1219.663737	1154.848517	1800.551539	1723.343972	-0.171663	-0.161926	-0.261553	-0.249354	
0.010651	0.281818	-0.641229	153.986720	153.986761	153.582335	153.582389	0.000001	34.496863	0.003300	6.517352	6.517352	6.517352	6.517352	32.387633	0.103876	-0.003124	0.069698	0.069824	0.066888	0.067014	0.003292	0.003311	0.003037	0.003059	1213.545055	1173.607025	1780.483553	1732.909570	-0.112562	-0.108835	-0.165476	-0.161039	
-0.020576	-0.021763	-0.760339	153.960398	153.960439	153.555575	153.555628	0.000001	34.341926	-0.002918	6.513025	6.513025	6.513025	6.513025	32.568927	0.105707	-0.024490	0.063136	0.064112	0.060341	0.061314	0.003789	0.003825	0.003358	0.003403	1224.877353	1177.520769	1775.379334	1718.968406	-0.140666	-0.134620	-0.214699	-0.206785	
0.000239	-0.937607	-0.484565	154.031151	154.031192	153.626351	153.626404	0.000001	34.382271	-0.001324	6.514149	6.514149	6.514149	6.514149	32.913742	0.086197	-0.008151	0.052806	0.053124	0.050039	0.050357	0.002442	0.002453	0.002220	0.002238	1246.618705	1216.438290	1751.951113	1716.000353	-0.110006	-0.106585	-0.175240	-0.170047	
-0.003916	-0.203060	0.417555	154.258991	154.259031	153.854195	153.854248	0.000001	34.537144	0.004851	6.511152	6.511152	6.511152	6.511152	32.611835	-0.012815	0.003587	0.064356	0.064213	0.061563	0.061421	-0.002155	-0.002151	-0.002056	-0.002051	1209.138583	1235.145378	1760.713181	1791.692346	0.077669	0.079370	0.113983	0.116036	
-0.014265	1.276673	-0.652728	153.993142	153.993183	153.588495	153.588547	0.000001	34.438227	0.000875	6.501523	6.501523	6.501523	6.501523	31.924023	0.059442	-0.020751	0.084911	0.085772	0.082060	0.082919	0.003445	0.003464	0.003201	0.003219	1193.110044	1152.455818	1820.987227	1772.560115	-0.091968	-0.088884	-0.139078	-0.135483	
0.002481	-0.034599	-0.065465	154.140337	154.140377	153.736285	153.736337	0.000001	34.511742	0.003798	6.512758	6.512758	6.512758	6.512758	32.387383	0.029788	-0.000705	0.070822	0.070851	0.068015	0.068044	0.000358	0.000358	0.000353	0.000353	1189.672381	1185.594984	1719.784916	1714.927940	-0.012522	-0.012476	-0.018772	-0.018712	
-0.012698	1.218862	0.607583	154.312076	154.312116	153.907691	153.907743	0.000001	34.485025	0.002711	6.506518	6.506518	6.506518	6.506518	32.000173	-0.053420	0.001024	0.085022	0.084980	0.082179	0.082137	-0.003231	-0.003217	-0.003054	-0.003043	1148.623336	1186.465756	1758.251576	1803.329278	0.088155	0.090600	0.124694	0.127174	
0.016951	-0.098292	0.155349	154.200367	154.200407	153.796083	153.796135	0.000001	34.192794	-0.008997	6.499274	6.499274	6.499274	6.499274	32.432088	-0.033655	0.013152	0.070041	0.069512	0.067236	0.066708	-0.000845	-0.000845	-0.000828	-0.000828	1186.793729	1196.469420	1714.675879	1726.201513	0.029014	0.029299	0.046052	0.046461	
-0.010005	0.733234	0.283975	154.233114	154.233154	153.829329	153.829381	0.000001	34.288175	-0.005198	6.503987	6.503987	6.503987	6.503987	32.119741	-0.044066	-0.001288	0.080382	0.080436	0.077554	0.077607	-0.001532	-0.001530	-0.001487	-0.001485	1173.221976	1190.908958	1759.950840	1781.019484	0.044516	0.045164	0.065638	0.066382	
0.007891	0.341188	0.385819	154.260899	154.260939	153.857080	153.857132	0.000001	34.452415	0.001355	6.502593	6.502593	6.502593	6.502593	32.306969	-0.054987	0.010552	0.074555	0.074127	0.071742	0.071316	-0.002071	-0.002067	-0.001983	-0.001979	1171.275380	1195.305538	1725.618828	1754.243432	0.065856	0.067268	0.099033	0.100782	
0.015588	0.230766	0.109933	154.193658	154.193697	153.789838	153.789889	0.000001	34.496563	0.003104	6.501421	6.501421	6.501421	6.501421	32.297842	-0.030169	0.012435	0.074429	0.073924	0.071615	0.071112	-0.000596	-0.000596	-0.000585	-0.000585	1188.489412	1195.336409	1744.779367	1752.935476	0.018976	0.019096	0.029187	0.029344	
-0.010731	1.269890	0.590645	154.315445	154.315484	153.911706	153.911757	0.000001	34.385457	-0.001356	6.504260	6.504260	6.504260	6.504260	31.963899	-0.073577	0.002849	0.086315	0.086197	0.083473	0.083355	-0.003160	-0.003147	-0.002988	-0.002978	1145.064900	1181.852375	1754.540306	1798.361362	0.084934	0.087274	0.121150	0.123558	
-0.015190	0.193801	0.017920	154.174510	154.174549	153.770653	153.770704	0.000001	34.334440	-0.003413	6.499119	6.499119	6.499119	6.499119	32.282679	-0.029036	-0.010531	0.074333	0.074761	0.071519	0.071946	-0.000098	-0.000098	-0.000097	-0.000097	1182.071458	1183.187568	1725.404487	1726.733992	0.003161	0.003164	0.004965	0.004969	
0.000711	0.795894	0.110191	154.198639	154.198678	153.794991	153.795042	0.000001	34.458581	0.001536	6.505070	6.505070	6.505070	6.505070	32.051676	-0.020854	0.000639	0.082474	0.082448	0.079641	0.079615	-0.000601	-0.000601	-0.000590	-0.000590	1172.423673	1179.286762	1758.542034	1766.717311	0.017277	0.017374	0.025484	0.025597	
0.014133	-0.043410	0.682536	154.344335	154.344374	153.940486	153.940537	0.000001	34.528091	0.004300	6.504046	6.504046	6.504046	6.504046	32.611281	-0.072518	0.019402	0.065278	0.064505	0.062491	0.061720	-0.003489	-0.003463	-0.003164	-0.003132	1170.425839	1212.936598	1699.864994	1750.503598	0.126487	0.131371	0.188640	0.194735	
-0.008527	0.122807	-0.614591	154.021911	154.021950	153.617988	153.618039	0.000001	34.436030	0.000601	6.497903	6.497903	6.497903	6.497903	32.453670	0.032713	-0.015454	0.067518	0.068138	0.064718	0.065337	0.003155	0.003174	0.002862	0.002888	1223.197599	1184.918705	1788.252164	1742.654535	-0.105937	-0.101979	-0.170485	-0.164815	
-0.004349	0.024472	-0.064164	154.160310	154.160349	153.756714	153.756764	0.000001	34.190541	-0.009234	6.511525	6.511525	6.511525	6.511525	32.394824	0.019195	-0.005007	0.070628	0.070830	0.067825	0.068027	0.000345	0.000345	0.000341	0.000341	1203.936620	1199.940270	1755.029439	1750.269007	-0.011748	-0.011708	-0.017473	-0.017422	
0.000086	0.631920	0.139567	154.215084	154.215123	153.810916	153.810966	0.000001	34.441552	0.000789	6.505664	6.505664	6.505664	6.505664	32.138287	-0.008013	0.001948	0.079699	0.079619	0.076869	0.076790	-0.000757	-0.000757	-0.000742	-0.000742	1179.339096	1188.031839	1760.172617	1770.527369	0.022472	0.022633	0.033117	0.033304	
-0.015817	-0.103073	-0.215826	154.127653	154.127691	153.723475	153.723525	0.000001	34.378824	-0.001738	6.503363	6.503363	6.503363	6.503363	32.439067	0.018780	-0.013931	0.068762	0.069322	0.065959	0.066518	0.001165	0.001166	0.001134	0.001135	1202.613921	1189.171514	1737.066016	1721.053487	-0.040578	-0.040041	-0.063879	-0.063120	
0.027085	-0.025623	-0.209323	154.130673	154.130712	153.726698	153.726749	0.000001	34.639191	0.008660	6.507057	6.507057	6.507057	6.507057	32.422972	0.033024	0.013457	0.069864	0.069323	0.067060	0.066520	0.001121	0.001121	0.001094	0.001094	1209.373102	1196.335740	1758.118653	1742.588612	-0.038379	-0.037920	-0.058787	-0.058179	
0.016303	-0.143096	0.954916	154.424101	154.424140	154.020008	154.020059	0.000001	34.353296	-0.002792	6.506925	6.506925	6.506925	6.506925	32.809957	-0.073646	0.025707	0.059497	0.058485	0.056724	0.055715	-0.004562	-0.004495	-0.003987	-0.003916	1175.815503	1235.291088	1710.713746	1781.560767	0.177688	0.186522	0.256131	0.266334	
0.009285	0.210567	-0.281101	154.117086	154.117125	153.712920	153.712970	0.000001	34.384395	-0.001566	6.494547	6.494547	6.494547	6.494547	32.340833	0.002741	0.002989	0.072276	0.072155	0.069464	0.069344	0.001489	0.001491	0.001438	0.001440	1216.496263	1198.988294	1791.104586	1770.249180	-0.046849	-0.046062	-0.074994	-0.073887	
-0.013000	0.100174	0.777426	154.381507	154.381545	153.977992	153.978042	0.000001	34.371195	-0.002109	6.507503	6.507503	6.507503	6.507503	32.604673	-0.075152	0.002693	0.065418	0.065310	0.062633	0.062526	-0.003898	-0.003864	-0.003529	-0.003492	1172.263728	1220.684603	1718.637031	1776.315736	0.138925	0.144456	0.200263	0.206581	
-0.011173	-0.386996	0.072106	154.208595	154.208633	153.804708	153.804757	0.000001	34.406221	-0.000724	6.496329	6.496329	6.496329	6.496329	32.582217	-0.034995	-0.007029	0.064764	0.065044	0.061975	0.062255	-0.000385	-0.000385	-0.000380	-0.000380	1215.436201	1219.927243	1748.528531	1753.878239	0.013787	0.013852	0.022377	0.022474	
-0.028814	0.098306	-0.273978	154.122367	154.122405	153.718813	153.718862	0.000001	34.525545	0.004034	6.503631	6.503631	6.503631	6.503631	32.384306	0.014691	-0.024764	0.070314	0.071313	0.067511	0.068508	0.001457	0.001459	0.001412	0.001413	1212.368834	1195.304500	1773.076107	1752.749157	-0.048238	-0.047481	-0.074564	-0.073558	
-0.007420	0.808104	-0.106976	154.166696	154.166734	153.762980	153.763029	0.000001	34.391032	-0.001362	6.507267	6.507267	6.507267	6.507267	32.048137	0.018147	-0.009023	0.082171	0.082543	0.079337	0.079708	0.000582	0.000582	0.000571	0.000571	1181.921298	1175.258427	1773.422581	1765.485802	-0.016779	-0.016689	-0.024589	-0.024487	
0.008500	-0.043032	0.982014	154.441525	154.441563	154.037474	154.037523	0.000001	34.478435	0.002117	6.505397	6.505397	6.505397	6.505397	32.761479	-0.080177	0.018656	0.061045	0.060309	0.058270	0.057535	-0.004731	-0.004655	-0.004111	-0.004033	1160.983414	1222.146739	1688.541560	1761.399007	0.182137	0.191640	0.263241	0.274276	
-0.002980	-0.925583	-0.025788	154.191289	154.191326	153.787207	153.787256	0.000001	34.594441	0.006741	6.493813	6.493813	6.493813	6.493813	32.817171	-0.026784	-0.001576	0.057130	0.057192	0.054360	0.054422	0.000137	0.000137	0.000135	0.000135	1237.872113	1236.265952	1747.684174	1745.770924	-0.005504	-0.005493	-0.009469	-0.009451	
0.017348	0.435845	-0.330951	154.114809	154.114846	153.711371	153.711420	0.000001	34.470453	0.001767	6.504366	6.504366	6.504366	6.504366	32.259708	0.027334	0.005678	0.075011	0.074781	0.072197	0.071967	0.001750	0.001753	0.001688	0.001690	1212.158477	1191.545655	1799.525963	1774.972071	-0.054019	-0.053066	-0.081712	-0.080535	
0.012215	-0.041592	0.052487	154.213636	154.213674	153.809944	153.809992	0.000001	34.606648	0.007199	6.507584	6.507584	6.507584	6.507584	32.420525	0.004372	0.009902	0.070449	0.070051	0.067647	0.067250	-0.000284	-0.000284	-0.000280	-0.000280	1196.239268	1199.508356	1736.507142	1740.401263	0.009783	0.009812	0.014756	0.014793	
0.004986	0.082337	-0.467180	154.086311	154.086349	153.682236	153.682285	0.000001	34.351810	-0.003011	6.503414	6.503414	6.503414	6.503414	32.429101	0.048961	-0.003290	0.069017	0.069150	0.066214	0.066346	0.002449	0.002457	0.002299	0.002309	1213.914426	1184.816825	1769.422941	1734.762023	-0.083296	-0.081021	-0.129824	-0.126737	
-0.008083	-0.142344	0.945520	154.440798	154.440835	154.036810	154.036859	0.000001	34.365059	-0.002497	6.508803	6.508803	6.508803	6.508803	32.811487	-0.068700	0.007492	0.059203	0.058908	0.056432	0.056138	-0.004516	-0.004452	-0.003970	-0.003904	1176.273776	1235.164097	1711.476764	1781.626620	0.177156	0.185615	0.252280	0.261818	
0.022128	-0.324406	-0.067718	154.190089	154.190126	153.785891	153.785939	0.000001	34.440890	0.000519	6.493842	6.493842	6.493842	6.493842	32.559609	-0.014717	0.013322	0.065782	0.065250	0.062988	0.062458	0.000360	0.000360	0.000354	0.000354	1224.404687	1220.186950	1768.780534	1763.756387	-0.012574	-0.012519	-0.020587	-0.020504	
-0.012869	0.307510	-1.323580	153.875595	153.875632	153.472080	153.472128	0.000001	34.437279	0.000360	6.504419	6.504419	6.504419	6.504419	32.611241	0.100643	-0.030060	0.061062	0.062256	0.058280	0.059471	0.006035	0.006220	0.004843	0.005031	1238.694708	1156.257447	1816.228856	1718.030002	-0.222521	-0.205811	-0.346893	-0.324914	
-0.004167	-0.386777	0.990166	154.456918	154.456954	154.053201	154.053249	0.000001	34.336569	-0.003683	6.517716	6.517716	6.517716	6.517716	32.968100	-0.049424	0.006841	0.054268	0.054001	0.051512	0.051246	-0.004554	-0.004485	-0.004012	-0.003946	1187.042201	1248.713282	1714.905916	1788.368201	0.198166	0.207162	0.271243	0.280740	
0.010809	-0.202443	-0.523438	154.082817	154.082854	153.678187	153.678235	0.000001	34.367236	-0.002474	6.493158	6.493158	6.493158	6.493158	32.598479	0.035077	-0.001995	0.063465	0.063545	0.060672	0.060752	0.002672	0.002684	0.002449	0.002466	1240.094489	1207.492926	1799.170758	1760.335939	-0.093857	-0.090735	-0.155094	-0.150303	
0.022854	-0.135300	0.553172	154.350331	154.350367	153.946622	153.946670	0.000001	34.704946	0.011019	6.508963	6.508963	6.508963	6.508963	32.632263	-0.040842	0.023111	0.064708	0.063789	0.061923	0.061006	-0.002832	-0.002820	-0.002646	-0.002632	1193.439161	1227.892702	1737.104840	1778.145725	0.103212	0.106190	0.150176	0.153704	
0.014918	-0.729631	0.286244	154.287135	154.287172	153.883136	153.883183	0.000001	34.503292	0.002937	6.497647	6.497647	6.497647	6.497647	32.792996	-0.044679	0.016299	0.058919	0.058278	0.056146	0.055507	-0.001500	-0.001498	-0.001439	-0.001436	1218.896756	1236.725065	1733.068206	1754.305199	0.059281	0.060407	0.096089	0.097831	
0.028392	0.285801	-0.183953	154.169864	154.169900	153.766187	153.766234	0.000001	34.372888	-0.002295	6.500318	6.500318	6.500318	6.500318	32.305435	0.005631	0.016956	0.074102	0.073415	0.071289	0.070604	0.000980	0.000981	0.000958	0.000958	1210.910061	1199.452812	1788.438106	1774.790288	-0.030711	-0.030397	-0.047228	-0.046822	
0.005577	-1.546535	-0.661255	154.052295	154.052331	153.648704	153.648751	0.000001	34.267304	-0.006532	6.505263	6.505263	6.505263	6.505263	33.277673	0.056969	-0.004513	0.041506	0.041679	0.038778	0.038950	0.003085	0.003132	0.002437	0.002515	1260.653471	1219.468146	1725.090793	1676.031039	-0.178191	-0.168849	-0.316634	-0.298447	
0.001320	-0.207108	1.270450	154.537731	154.537767	154.133857	154.133905	0.000001	34.401810	-0.001168	6.510232	6.510232	6.510232	6.510232	33.028044	-0.082787	0.015840	0.053080	0.052464	0.050328	0.049714	-0.005541	-0.005415	-0.004763	-0.004655	1193.924185	1273.052334	1752.763991	1847.021046	0.230043	0.242966	0.315650	0.328861	
-0.004229	-0.070196	0.703024	154.398658	154.398693	153.994378	153.994425	0.000001	34.478309	0.001876	6.489761	6.489761	6.489761	6.489761	32.675052	-0.097070	0.008956	0.063365	0.063010	0.060581	0.060226	-0.003516	-0.003489	-0.003162	-0.003127	1200.161802	1243.948608	1761.173727	1813.332351	0.120328	0.125326	0.187960	0.194665	
-0.008323	-1.053503	0.687471	154.393327	154.393363	153.989987	153.990034	0.000001	34.222408	-0.008374	6.495623	6.495623	6.495623	6.495623	33.127679	-0.096650	0.004301	0.048708	0.048542	0.045968	0.045803	-0.003311	-0.003275	-0.002832	-0.002777	1216.491706	1259.309825	1712.170803	1763.175532	0.151560	0.158754	0.246259	0.257567	
0.001540	0.944748	-0.380766	154.128023	154.128059	153.724874	153.724921	0.000001	34.509843	0.003110	6.495828	6.495828	6.495828	6.495828	32.061093	0.005763	-0.006374	0.081516	0.081779	0.078688	0.078950	0.002009	0.002013	0.001927	0.001930	1209.466765	1185.751302	1835.416237	1807.166496	-0.055086	-0.053991	-0.084177	-0.082857	
-0.005437	-0.493852	-0.181930	154.179296	154.179332	153.776099	153.776145	0.000001	34.595414	0.006520	6.507020	6.507020	6.507020	6.507020	32.618576	0.021857	-0.007035	0.063375	0.063655	0.060594	0.060874	0.000981	0.000981	0.000959	0.000959	1209.843115	1198.511851	1720.314616	1706.816871	-0.038028	-0.037593	-0.059664	-0.059034	
0.020010	-0.070879	-0.249539	154.165818	154.165853	153.762000	153.762046	0.000001	34.390404	-0.001695	6.504854	6.504854	6.504854	6.504854	32.466819	0.036742	0.008941	0.068572	0.068213	0.065773	0.065415	0.001324	0.001326	0.001287	0.001288	1217.301208	1201.759049	1769.923451	1751.409709	-0.045693	-0.045042	-0.070169	-0.069304	
0.010480	0.982923	0.335303	154.313788	154.313824	153.909784	153.909830	0.000001	34.554767	0.004863	6.505436	6.505436	6.505436	6.505436	32.040969	-0.022714	0.013431	0.083909	0.083355	0.081071	0.080518	-0.001807	-0.001804	-0.001750	-0.001748	1165.904311	1186.788154	1767.045181	1791.921910	0.050734	0.051536	0.072544	0.073393	
-0.013074	-0.984329	0.087266	154.253621	154.253657	153.849573	153.849619	0.000001	34.431034	-0.000102	6.499194	6.499194	6.499194	6.499194	32.833378	-0.020032	-0.006126	0.056946	0.057187	0.054178	0.054418	-0.000471	-0.000471	-0.000465	-0.000465	1214.158676	1219.593890	1695.753939	1702.228340	0.020221	0.020350	0.033952	0.034175	
0.010332	0.069908	-0.868038	154.015487	154.015522	153.611758	153.611803	0.000001	34.424222	-0.000389	6.501734	6.501734	6.501734	6.501734	32.589431	0.073851	-0.008669	0.063163	0.063508	0.060376	0.060720	0.004236	0.004289	0.003665	0.003730	1239.303742	1185.239269	1810.577536	1746.176206	-0.151023	-0.143443	-0.237410	-0.227084	
-0.007791	0.545379	-0.065362	154.217977	154.218012	153.814273	153.814319	0.000001	34.270676	-0.006545	6.511793	6.511793	6.511793	6.511793	32.190197	0.032405	-0.005939	0.077817	0.078060	0.074995	0.075238	0.000352	0.000352	0.000347	0.000347	1193.970093	1189.899093	1777.929453	1773.080097	-0.010798	-0.010764	-0.015479	-0.015442	
0.008617	-0.037361	-0.377289	154.143403	154.143438	153.739127	153.739172	0.000001	34.349064	-0.003426	6.503231	6.503231	6.503231	6.503231	32.456558	0.052174	-0.000628	0.068562	0.068588	0.065760	0.065785	0.002005	0.002010	0.001908	0.001913	1207.418612	1183.919686	1748.138257	1720.146454	-0.070099	-0.068521	-0.109278	-0.107104	
-0.023840	0.569663	0.144575	154.274620	154.274655	153.870528	153.870574	0.000001	34.466242	0.001245	6.506393	6.506393	6.506393	6.506393	32.184230	-0.000109	-0.012949	0.078269	0.078799	0.075445	0.075973	-0.000781	-0.000781	-0.000767	-0.000767	1182.740228	1191.744883	1762.256995	1772.983294	0.023646	0.023817	0.034408	0.034603	
-0.006282	0.215712	0.565253	154.381817	154.381852	153.977718	153.977764	0.000001	34.534577	0.003963	6.500848	6.500848	6.500848	6.500848	32.452902	-0.056960	0.003083	0.070410	0.070287	0.067609	0.067485	-0.002958	-0.002945	-0.002759	-0.002743	1171.023806	1206.229783	1719.655825	1761.593010	0.098730	0.101777	0.146643	0.150341	
0.013528	0.063855	0.961873	154.481828	154.481862	154.077983	154.078028	0.000001	34.420169	-0.000628	6.496329	6.496329	6.496329	6.496329	32.716508	-0.105200	0.022792	0.062864	0.061961	0.060085	0.059185	-0.004672	-0.004603	-0.004065	-0.003990	1170.893809	1230.802664	1717.988433	1789.351563	0.167679	0.176520	0.248943	0.259595	
-0.003392	0.498820	-0.671380	154.074172	154.074206	153.670707	153.670752	0.000001	34.588589	0.006095	6.492112	6.492112	6.492112	6.492112	32.309799	0.027018	-0.013547	0.072672	0.073221	0.069863	0.070411	0.003455	0.003479	0.003131	0.003160	1217.979469	1176.163551	1807.353785	1757.542873	-0.106431	-0.102241	-0.170320	-0.164556	
0.005717	1.300514	-0.159794	154.202625	154.202659	153.799539	153.799584	0.000001	34.443621	0.000284	6.509304	6.509304	6.509304	6.509304	31.841657	0.028367	0.000313	0.089635	0.089623	0.086787	0.086774	0.000875	0.000876	0.000856	0.000856	1167.964768	1158.012229	1783.972152	1772.116737	-0.023313	-0.023143	-0.033112	-0.032937	
0.000849	0.154912	0.519893	154.376677	154.376712	153.972811	153.972856	0.000001	34.482490	0.001824	6.503866	6.503866	6.503866	6.503866	32.449739	-0.044034	0.008873	0.070596	0.070239	0.067795	0.067439	-0.002754	-0.002743	-0.002584	-0.002572	1163.852701	1196.233480	1698.016926	1736.588747	0.094489	0.097188	0.139368	0.142644	
0.005579	0.126451	-0.026622	154.241404	154.241438	153.837406	153.837450	0.000001	34.266720	-0.006822	6.496540	6.496540	6.496540	6.496540	32.353797	-0.012464	0.003569	0.072723	0.072579	0.069913	0.069769	0.000144	0.000144	0.000142	0.000142	1199.883469	1198.225363	1756.150906	1754.175778	-0.004644	-0.004637	-0.007263	-0.007253	
0.008710	0.142543	0.190165	154.295933	154.295967	153.892374	153.892418	0.000001	34.316886	-0.004829	6.502248	6.502248	6.502248	6.502248	32.373035	-0.024244	0.008894	0.072572	0.072213	0.069766	0.069408	-0.001024	-0.001024	-0.001002	-0.001002	1189.794527	1201.638648	1742.399938	1756.508595	0.033650	0.034006	0.050695	0.051143	
0.011833	0.396217	1.033373	154.508933	154.508967	154.105274	154.105319	0.000001	34.492055	0.002164	6.499938	6.499938	6.499938	6.499938	32.589493	-0.101909	0.023302	0.067205	0.066275	0.064417	0.063489	-0.005040	-0.004964	-0.004431	-0.004356	1157.237705	1221.599857	1719.230166	1795.898040	0.171314	0.180139	0.245708	0.255392	
0.020326	-0.526619	0.803925	154.452897	154.452931	154.049258	154.049302	0.000001	34.492511	0.002168	6.490968	6.490968	6.490968	6.490968	32.931379	-0.107360	0.026981	0.055810	0.054755	0.053051	0.051999	-0.003901	-0.003851	-0.003353	-0.003287	1195.972784	1246.044110	1716.621649	1776.266363	0.155733	0.163735	0.246127	0.257561	
-0.023531	-0.755258	-0.627693	154.094930	154.094964	153.691810	153.691854	0.000001	34.505873	0.002690	6.493325	6.493325	6.493325	6.493325	32.899529	0.016358	-0.025035	0.053367	0.054345	0.050611	0.051587	0.003090	0.003115	0.002674	0.002717	1257.207274	1218.112323	1785.665145	1739.095436	-0.127750	-0.122212	-0.218901	-0.209444	
-0.022868	-0.009947	1.133086	154.536519	154.536553	154.133520	154.133564	0.000001	34.429892	-0.000361	6.508418	6.508418	6.508418	6.508418	32.864022	-0.091677	-0.003710	0.057945	0.058091	0.055186	0.055332	-0.005198	-0.005104	-0.004538	-0.004453	1181.179224	1251.751848	1738.475153	1822.540912	0.201729	0.212104	0.278981	0.289737	
-0.001551	-0.243225	0.235792	154.316140	154.316174	153.912321	153.912365	0.000001	34.325784	-0.004539	6.489794	6.489794	6.489794	6.489794	32.575476	-0.056145	0.001136	0.065890	0.065845	0.063101	0.063056	-0.001243	-0.001242	-0.001206	-0.001205	1214.362802	1229.048792	1763.135921	1780.629800	0.042612	0.043246	0.068843	0.069777	
0.005548	0.787050	-0.451443	154.143326	154.143360	153.740106	153.740150	0.000001	34.497061	0.002299	6.499091	6.499091	6.499091	6.499091	32.119256	0.027931	-0.004621	0.079701	0.079891	0.076877	0.077066	0.002399	0.002405	0.002280	0.002286	1199.014539	1170.897087	1797.904053	1764.410684	-0.069540	-0.067868	-0.105654	-0.103614	
-0.019578	-0.192085	-0.574984	154.114806	154.114839	153.711486	153.711529	0.000001	34.431024	-0.000355	6.506374	6.506374	6.506374	6.506374	32.592964	0.065233	-0.022319	0.063461	0.064350	0.060678	0.061565	0.002962	0.002979	0.002700	0.002722	1215.642300	1179.830281	1746.767857	1704.108758	-0.111801	-0.107950	-0.173726	-0.168398	
-0.033138	-0.841937	-0.280085	154.191453	154.191486	153.787588	153.787631	0.000001	34.473357	0.001324	6.507582	6.507582	6.507582	6.507582	32.826095	0.050518	-0.027589	0.056333	0.057417	0.053567	0.054648	0.001464	0.001466	0.001406	0.001409	1238.384031	1220.939344	1748.500976	1727.720952	-0.061789	-0.060692	-0.097841	-0.096202	
-0.003586	-1.036760	-0.271327	154.195800	154.195833	153.791637	153.791681	0.000001	34.565085	0.004977	6.504355	6.504355	6.504355	6.504355	32.919095	0.047894	-0.008725	0.053748	0.054089	0.050986	0.051327	0.001407	0.001408	0.001348	0.001351	1250.508808	1233.609623	1757.961750	1737.831525	-0.061350	-0.060243	-0.100003	-0.098237	
-0.005804	0.391735	-0.379826	154.169937	154.169970	153.765863	153.765906	0.000001	34.426681	-0.000574	6.504177	6.504177	6.504177	6.504177	32.309508	0.055983	-0.009961	0.073421	0.073825	0.070608	0.071011	0.001992	0.001996	0.001913	0.001916	1218.003261	1194.346338	1806.765144	1778.585135	-0.062543	-0.061304	-0.093664	-0.092163	
0.000463	-0.085763	0.837280	154.475741	154.475774	154.071744	154.071787	0.000001	34.493512	0.002085	6.505268	6.505268	6.505268	6.505268	32.738129	-0.057935	0.011542	0.061897	0.061440	0.059120	0.058665	-0.004114	-0.004069	-0.003670	-0.003621	1174.498512	1226.647303	1709.376549	1771.495928	0.156013	0.162780	0.224484	0.232288	
0.000522	0.198583	0.030260	154.275780	154.275812	153.871744	153.871787	0.000001	34.353738	-0.003521	6.492371	6.492371	6.492371	6.492371	32.344087	-0.024162	0.001240	0.073237	0.073187	0.070426	0.070376	-0.000162	-0.000162	-0.000159	-0.000159	1204.927410	1206.812115	1774.574991	1776.820042	0.005083	0.005092	0.007994	0.008006	
-0.016254	-0.288719	0.557708	154.407094	154.407127	154.003728	154.003771	0.000001	34.372379	-0.002788	6.500798	6.500798	6.500798	6.500798	32.701222	-0.065727	-0.002692	0.062341	0.062448	0.059566	0.059673	-0.002863	-0.002849	-0.002641	-0.002623	1189.750328	1224.486341	1716.450535	1757.827901	0.107482	0.110959	0.162520	0.167049	
-0.005963	0.830799	0.198393	154.319613	154.319646	153.916131	153.916173	0.000001	34.654705	0.008492	6.495248	6.495248	6.495248	6.495248	32.092283	-0.044034	-0.002020	0.081898	0.081981	0.079069	0.079153	-0.001068	-0.001067	-0.001041	-0.001041	1181.421126	1193.777772	1783.096277	1797.815453	0.029916	0.030224	0.044800	0.045162	
-0.013857	-0.135098	-0.311261	154.192920	154.192952	153.789590	153.789632	0.000001	34.185436	-0.010291	6.498938	6.498938	6.498938	6.498938	32.485040	0.016812	-0.015259	0.067675	0.068287	0.064882	0.065493	0.001668	0.001671	0.001600	0.001603	1205.076684	1185.690226	1736.819859	1713.726807	-0.059002	-0.057856	-0.093788	-0.092131	
-0.006170	1.073255	0.274208	154.341135	154.341168	153.937718	153.937760	0.000001	34.347245	-0.003831	6.504281	6.504281	6.504281	6.504281	31.995764	-0.022698	-0.001417	0.085325	0.085384	0.082489	0.082547	-0.001484	-0.001482	-0.001443	-0.001443	1165.908987	1182.987659	1772.929495	1793.273524	0.040893	0.041415	0.058291	0.058836	
0.013042	0.645558	0.466766	154.391724	154.391757	153.987947	153.987989	0.000001	34.449428	0.000242	6.498029	6.498029	6.498029	6.498029	32.208348	-0.055385	0.015568	0.078863	0.078227	0.076041	0.075407	-0.002511	-0.002504	-0.002387	-0.002380	1156.791742	1185.863572	1723.013627	1757.643845	0.075658	0.077533	0.111904	0.114102	
0.003683	0.498184	0.226343	154.332312	154.332344	153.928712	153.928754	0.000001	34.500518	0.002272	6.495904	6.495904	6.495904	6.495904	32.214857	-0.044482	0.006989	0.078054	0.077769	0.075235	0.074951	-0.001229	-0.001228	-0.001197	-0.001196	1174.644190	1188.741664	1741.425499	1758.218340	0.037195	0.037664	0.056461	0.057046	
-0.014906	-0.149316	0.689453	154.448987	154.449019	154.045630	154.045672	0.000001	34.470216	0.001048	6.498405	6.498405	6.498405	6.498405	32.690748	-0.084191	0.000613	0.063035	0.063011	0.060259	0.060235	-0.003493	-0.003466	-0.003152	-0.003118	1177.975660	1220.917262	1707.100855	1758.252677	0.129000	0.134117	0.194122	0.200649	
-0.003973	0.899998	-0.402462	154.177692	154.177723	153.774288	153.774329	0.000001	34.259954	-0.007375	6.493484	6.493484	6.493484	6.493484	32.065705	0.012462	-0.010785	0.081619	0.082063	0.078789	0.079232	0.002146	0.002151	0.002051	0.002055	1197.938113	1172.871331	1806.588013	1776.728588	-0.059881	-0.058579	-0.092154	-0.090542	
0.012382	0.414812	-0.918737	154.049240	154.049272	153.646054	153.646096	0.000001	34.740352	0.011829	6.504926	6.504926	6.504926	6.504926	32.420066	0.092117	-0.008313	0.068957	0.069292	0.066159	0.066493	0.004582	0.004645	0.003983	0.004054	1208.286172	1151.063940	1772.580047	1704.417209	-0.157322	-0.149266	-0.239838	-0.229589	
-0.004845	0.442830	0.279926	154.352013	154.352045	153.948330	153.948371	0.000001	34.380172	-0.002591	6.510353	6.510353	6.510353	6.510353	32.280560	0.001927	0.001113	0.075878	0.075833	0.073064	0.073019	-0.001500	-0.001499	-0.001462	-0.001461	1180.862734	1198.297504	1751.462991	1772.231202	0.047621	0.048253	0.067362	0.068047	
0.015031	0.051070	-0.037883	154.275408	154.275439	153.871154	153.871195	0.000001	34.601263	0.006237	6.497576	6.497576	6.497576	6.497576	32.385721	0.006257	0.009495	0.072021	0.071638	0.069212	0.068830	0.000205	0.000205	0.000202	0.000202	1197.168298	1194.808840	1743.701333	1740.890758	-0.006816	-0.006800	-0.010596	-0.010576	
-0.010622	0.163811	0.706337	154.461237	154.461269	154.057462	154.057503	0.000001	34.431028	-0.000586	6.500819	6.500819	6.500819	6.500819	32.559049	-0.068878	0.004387	0.067495	0.067320	0.064705	0.064530	-0.003594	-0.003569	-0.003287	-0.003258	1174.107429	1218.100599	1725.870892	1778.275336	0.123663	0.128238	0.180608	0.185953	
0.012441	-0.070589	-0.033613	154.277860	154.277892	153.874203	153.874244	0.000001	34.567271	0.004851	6.492977	6.492977	6.492977	6.492977	32.451899	-0.019112	0.007145	0.069804	0.069517	0.067005	0.066719	0.000181	0.000181	0.000178	0.000178	1208.760961	1206.667407	1758.091761	1755.597931	-0.006039	-0.006026	-0.009630	-0.009612	
-0.020331	-0.545398	-0.385548	154.190020	154.190051	153.786768	153.786809	0.000001	34.238799	-0.008300	6.500703	6.500703	6.500703	6.500703	32.713688	0.030401	-0.019203	0.060117	0.060877	0.057344	0.058102	0.002010	0.002015	0.001890	0.001898	1229.344446	1205.331149	1751.383855	1722.779336	-0.078792	-0.076845	-0.126821	-0.123876	
-0.000835	-0.264308	-0.539028	154.153991	154.154022	153.750526	153.750566	0.000001	34.358241	-0.003535	6.504402	6.504402	6.504402	6.504402	32.645206	0.065600	-0.010603	0.062262	0.062684	0.059482	0.059902	0.002746	0.002759	0.002531	0.002548	1234.460921	1200.888334	1781.557797	1741.566298	-0.102603	-0.099382	-0.159128	-0.154722	
0.008725	0.225174	0.845444	154.502385	154.502416	154.098561	154.098602	0.000001	34.259866	-0.007483	6.505929	6.505929	6.505929	6.505929	32.611937	-0.055471	0.016887	0.066297	0.065624	0.063510	0.062839	-0.004177	-0.004138	-0.003788	-0.003748	1175.985960	1228.643232	1739.053346	1801.778426	0.146059	0.151876	0.205275	0.211485	
-0.008578	-0.249587	-0.518334	154.163413	154.163444	153.759369	153.759410	0.000001	34.455733	0.000337	6.491247	6.491247	6.491247	6.491247	32.618882	0.029994	-0.013814	0.063121	0.063670	0.060334	0.060883	0.002668	0.002680	0.002438	0.002456	1230.317249	1198.033546	1774.623271	1736.167085	-0.096148	-0.092908	-0.159171	-0.154127	
-0.007416	-0.951235	-0.004082	154.291120	154.291151	153.887796	153.887837	0.000001	34.317763	-0.005194	6.505543	6.505543	6.505543	6.505543	32.850772	0.011271	-0.006018	0.056646	0.056882	0.053883	0.054119	0.000022	0.000022	0.000021	0.000021	1233.539608	1233.285383	1736.965280	1736.662448	-0.000922	-0.000922	-0.001458	-0.001458	
0.010494	0.520224	0.543767	154.431304	154.431335	154.027584	154.027625	0.000001	34.413281	-0.001386	6.500136	6.500136	6.500136	6.500136	32.350237	-0.049597	0.014408	0.074381	0.073798	0.071572	0.070991	-0.002823	-0.002813	-0.002669	-0.002660	1183.659217	1217.526936	1771.545380	1811.888439	0.087032	0.089354	0.126047	0.128629	
-0.023147	0.579216	0.552483	154.434469	154.434500	154.030747	154.030788	0.000001	34.335239	-0.004521	6.494236	6.494236	6.494236	6.494236	32.293169	-0.077304	-0.005728	0.075893	0.076126	0.073080	0.073313	-0.002916	-0.002904	-0.002738	-0.002726	1166.563525	1200.974119	1740.575413	1781.565141	0.088390	0.090994	0.131742	0.134828	
0.005266	0.085246	-0.543269	154.160844	154.160875	153.757513	153.757553	0.000001	34.527739	0.003167	6.494103	6.494103	6.494103	6.494103	32.457489	0.029246	-0.007829	0.068508	0.068823	0.065712	0.066026	0.002835	0.002848	0.002605	0.002623	1212.362808	1178.526094	1764.186328	1723.880202	-0.096334	-0.093103	-0.154740	-0.150081	
-0.007571	-0.618509	-0.352799	154.209490	154.209520	153.806342	153.806381	0.000001	34.582824	0.005359	6.505636	6.505636	6.505636	6.505636	32.744357	0.046679	-0.010815	0.059424	0.059851	0.056654	0.057080	0.001842	0.001846	0.001749	0.001754	1230.476661	1208.503067	1748.545477	1722.370641	-0.074290	-0.072670	-0.116617	-0.114271	
0.009888	0.019096	0.594343	154.449458	154.449489	154.045732	154.045772	0.000001	34.409442	-0.001589	6.503578	6.503578	6.503578	6.503578	32.600222	-0.041011	0.014371	0.066265	0.065692	0.063478	0.062906	-0.003029	-0.003014	-0.002823	-0.002807	1192.417751	1229.435547	1749.184435	1793.279848	0.106143	0.109357	0.153819	0.157539	
0.002458	0.769157	0.248042	154.364429	154.364460	153.960516	153.960555	0.000001	34.391300	-0.002328	6.493472	6.493472	6.493472	6.493472	32.128411	-0.041550	0.006581	0.081172	0.080902	0.078343	0.078074	-0.001335	-0.001334	-0.001298	-0.001297	1178.468305	1193.917258	1773.063087	1791.465803	0.037944	0.038440	0.056985	0.057573	
-0.000108	0.704007	1.724512	154.733318	154.733348	154.329934	154.329973	0.000001	34.561724	0.004477	6.497058	6.497058	6.497058	6.497058	32.737682	-0.152117	0.022590	0.063901	0.063006	0.061128	0.060235	-0.007631	-0.007348	-0.006384	-0.006172	1120.007185	1227.415948	1686.347634	1814.292417	0.269585	0.290106	0.369142	0.388856	
-0.010528	-0.999351	-0.425235	154.197413	154.197443	153.794102	153.794142	0.000001	34.504572	0.002179	6.481537	6.481537	6.481537	6.481537	32.941065	-0.013582	-0.014653	0.052941	0.053513	0.050187	0.050758	0.002172	0.002180	0.001950	0.001968	1251.592596	1225.107457	1758.977941	1727.428976	-0.091021	-0.087987	-0.168246	-0.162076	
0.001094	-0.015177	-0.179577	154.257498	154.257528	153.854990	153.855029	0.000001	34.487320	0.001480	6.504091	6.504091	6.504091	6.504091	32.467420	0.015923	-0.003715	0.068934	0.069083	0.066144	0.066293	0.000948	0.000949	0.000929	0.000929	1223.475518	1212.290845	1789.730093	1776.406966	-0.032091	-0.031781	-0.048253	-0.047863	
0.010045	-0.235713	0.447557	154.418573	154.418603	154.015253	154.015292	0.000001	34.628190	0.007103	6.501538	6.501538	6.501538	6.501538	32.643656	-0.039144	0.013034	0.064606	0.064088	0.061826	0.061309	-0.002330	-0.002323	-0.002201	-0.002193	1195.472336	1223.347746	1729.872472	1763.077521	0.085346	0.087493	0.127756	0.130486	
0.015847	-0.844366	-1.374763	153.964626	153.964656	153.560938	153.560977	0.000001	34.501926	0.002040	6.494764	6.494764	6.494764	6.494764	33.192052	0.082773	-0.010801	0.043478	0.043892	0.040742	0.041155	0.005562	0.005843	0.003979	0.004262	1274.081648	1188.456521	1792.308261	1690.312036	-0.290296	-0.262658	-0.494248	-0.448674	
-0.023118	0.759781	0.646820	154.470323	154.470353	154.066947	154.066985	0.000001	34.511811	0.002424	6.513946	6.513946	6.513946	6.513946	32.318243	-0.037426	-0.007407	0.075274	0.075575	0.072466	0.072766	-0.003292	-0.003279	-0.003127	-0.003116	1184.472257	1224.758522	1796.497286	1844.486085	0.101020	0.103555	0.135288	0.137634	
0.009098	-0.906444	0.640765	154.473161	154.473191	154.068921	154.068960	0.000001	34.356290	-0.003811	6.492586	6.492586	6.492586	6.492586	33.041818	-0.070783	0.014522	0.052175	0.051611	0.049422	0.048860	-0.003165	-0.003136	-0.002755	-0.002710	1203.135542	1243.044668	1694.967946	1742.507498	0.140142	0.146330	0.226184	0.235790	
-0.008086	-1.404008	-0.956920	154.072367	154.072397	153.668808	153.668847	0.000001	34.634449	0.007302	6.492485	6.492485	6.492485	6.492485	33.339921	0.045114	-0.019884	0.039405	0.040162	0.036682	0.037437	0.004114	0.004233	0.003011	0.003171	1288.448435	1228.848080	1787.478989	1716.483342	-0.227104	-0.210525	-0.410481	-0.378544	
0.012695	0.488294	-0.555048	154.173457	154.173487	153.770361	153.770399	0.000001	34.509201	0.002282	6.509382	6.509382	6.509382	6.509382	32.347649	0.074014	-0.001080	0.072360	0.072404	0.069556	0.069600	0.002829	0.002839	0.002672	0.002682	1233.850130	1199.279776	1843.436433	1802.256401	-0.089141	-0.086805	-0.128910	-0.126310	
0.000076	0.742963	0.436096	154.425203	154.425232	154.021307	154.021346	0.000001	34.435143	-0.000693	6.505099	6.505099	6.505099	6.505099	32.190563	-0.020348	0.007252	0.079523	0.079226	0.076699	0.076404	-0.002328	-0.002323	-0.002237	-0.002232	1165.670909	1192.832533	1749.170752	1781.525543	0.069746	0.071171	0.098627	0.100132	
-0.010428	-0.435490	0.702090	154.493080	154.493110	154.088989	154.089027	0.000001	34.319348	-0.005339	6.494497	6.494497	6.494497	6.494497	32.841041	-0.075165	0.004288	0.058545	0.058376	0.055776	0.055608	-0.003510	-0.003477	-0.003106	-0.003063	1184.611694	1228.340347	1697.324185	1749.413539	0.139172	0.145217	0.214765	0.223053	
0.023629	0.793875	0.084730	154.338398	154.338427	153.934892	153.934930	0.000001	34.243341	-0.008391	6.491644	6.491644	6.491644	6.491644	32.107915	-0.032789	0.016394	0.081881	0.081208	0.079053	0.078381	-0.000455	-0.000455	-0.000446	-0.000446	1190.238107	1195.515368	1795.368240	1801.654487	0.012733	0.012790	0.019304	0.019373	
0.005944	-1.345312	-0.067771	154.300664	154.300693	153.897599	153.897637	0.000001	34.613297	0.006396	6.498146	6.498146	6.498146	6.498146	33.005122	-0.004614	0.004137	0.051967	0.051806	0.049219	0.049059	0.000364	0.000364	0.000360	0.000360	1230.779472	1226.558453	1695.960470	1690.932413	-0.017411	-0.017319	-0.030214	-0.030041	
0.011439	0.288996	-0.222608	154.264039	154.264068	153.860766	153.860804	0.000001	34.546929	0.003731	6.499728	6.499728	6.499728	6.499728	32.343269	0.022673	0.004528	0.073249	0.073066	0.070443	0.070261	0.001176	0.001177	0.001147	0.001148	1218.537977	1204.673151	1803.748810	1787.233099	-0.037052	-0.036614	-0.055886	-0.055345	
0.022972	0.901422	0.345143	154.407707	154.407736	154.004206	154.004244	0.000001	34.487890	0.001357	6.501278	6.501278	6.501278	6.501278	32.088424	-0.026986	0.021210	0.083124	0.082251	0.080294	0.079423	-0.001863	-0.001860	-0.001802	-0.001800	1164.071891	1185.568653	1756.556848	1782.163683	0.053241	0.054125	0.076452	0.077405	
0.003591	0.495332	0.595753	154.472047	154.472076	154.068387	154.068425	0.000001	34.426513	-0.001110	6.495225	6.495225	6.495225	6.495225	32.342306	-0.071605	0.013635	0.074913	0.074360	0.072104	0.071553	-0.003142	-0.003126	-0.002928	-0.002911	1159.619002	1196.724629	1720.022878	1764.222916	0.098539	0.101688	0.145955	0.149681	
-0.000065	-0.369174	-0.102635	154.297852	154.297880	153.894459	153.894497	0.000001	34.513298	0.002350	6.492520	6.492520	6.492520	6.492520	32.580147	-0.014651	-0.001343	0.065561	0.065615	0.062776	0.062829	0.000552	0.000552	0.000543	0.000543	1212.444668	1206.052213	1738.655525	1731.040865	-0.019971	-0.019837	-0.032512	-0.032306	
-0.021765	-0.668529	1.287430	154.645938	154.645967	154.242839	154.242877	0.000001	34.439815	-0.000600	6.499854	6.499854	6.499854	6.499854	33.246169	-0.105186	0.000823	0.046613	0.046581	0.043885	0.043853	-0.005440	-0.005266	-0.004447	-0.004291	1184.474853	1264.660597	1694.225452	1789.742311	0.262701	0.280997	0.378772	0.400313	
-0.010916	1.441773	0.469688	154.443774	154.443802	154.040386	154.040423	0.000001	34.605829	0.006029	6.485198	6.485198	6.485198	6.485198	31.930870	-0.085246	-0.000910	0.088265	0.088303	0.085422	0.085461	-0.002484	-0.002477	-0.002368	-0.002363	1173.174108	1202.427919	1825.118919	1859.965912	0.061470	0.062879	0.091583	0.093120	
0.023561	0.726297	-0.921596	154.094944	154.094972	153.692174	153.692211	0.000001	34.468326	0.000520	6.493704	6.493704	6.493704	6.493704	32.260711	0.060346	-0.002938	0.074664	0.074784	0.071855	0.071975	0.004700	0.004764	0.004076	0.004150	1195.906111	1138.505842	1772.612957	1704.238043	-0.147088	-0.139217	-0.231051	-0.220640	
0.011247	-0.155587	-0.100887	154.302092	154.302120	153.899213	153.899250	0.000001	34.364573	-0.003640	6.508411	6.508411	6.508411	6.508411	32.494873	0.033186	0.006569	0.068546	0.068282	0.065756	0.065493	0.000544	0.000545	0.000537	0.000537	1204.138400	1197.854785	1739.172291	1731.687280	-0.019567	-0.019459	-0.028997	-0.028862	
0.010767	-0.243457	-0.622870	154.175446	154.175474	153.771630	153.771667	0.000001	34.532690	0.003072	6.499664	6.499664	6.499664	6.499664	32.660159	0.072348	-0.001868	0.062097	0.062172	0.059315	0.059390	0.003152	0.003173	0.002835	0.002864	1229.849709	1191.055170	1771.134022	1724.922160	-0.118759	-0.114270	-0.187662	-0.181276	
0.013405	0.536074	-0.402104	154.231167	154.231195	153.827395	153.827432	0.000001	34.462026	0.000233	6.505030	6.505030	6.505030	6.505030	32.250148	0.068278	0.003624	0.076100	0.075953	0.073283	0.073136	0.002125	0.002129	0.002039	0.002043	1206.862107	1181.817624	1794.728963	1764.896101	-0.065843	-0.064510	-0.096716	-0.095169	
0.002519	0.948193	-0.452451	154.220664	154.220692	153.816736	153.816772	0.000001	34.355732	-0.004031	6.502676	6.502676	6.502676	6.502676	32.046400	0.070795	-0.004222	0.082707	0.082881	0.079871	0.080045	0.002430	0.002437	0.002320	0.002325	1184.837767	1156.657540	1781.473034	1747.904888	-0.069823	-0.068236	-0.102583	-0.100781	
-0.005467	-0.555499	1.065448	154.601330	154.601358	154.197420	154.197456	0.000001	34.358166	-0.003947	6.503122	6.503122	6.503122	6.503122	33.084141	-0.064597	0.010538	0.051623	0.051215	0.048876	0.048469	-0.004824	-0.004715	-0.004060	-0.003953	1172.232120	1238.591977	1671.444423	1750.491955	0.222762	0.235812	0.321237	0.336833	
0.017547	0.005482	0.686188	154.507950	154.507978	154.104052	154.104088	0.000001	34.467566	0.000416	6.487089	6.487089	6.487089	6.487089	32.657258	-0.087058	0.022608	0.064969	0.064070	0.062185	0.061289	-0.003441	-0.003417	-0.003122	-0.003092	1200.362912	1243.101160	1767.512503	1818.422092	0.116025	0.120574	0.178858	0.184763	
-0.021553	0.628814	-0.498767	154.210356	154.210384	153.807319	153.807355	0.000001	34.620366	0.006518	6.491014	6.491014	6.491014	6.491014	32.217906	0.016695	-0.021866	0.076512	0.077404	0.073699	0.074588	0.002627	0.002636	0.002469	0.002479	1207.270193	1176.205217	1800.644693	1763.640249	-0.077935	-0.075747	-0.121841	-0.118987	
0.010976	-0.433249	-0.584401	154.190086	154.190114	153.787262	153.787299	0.000001	34.515897	0.002331	6.503539	6.503539	6.503539	6.503539	32.730749	0.066158	-0.004121	0.059863	0.060026	0.057094	0.057257	0.002971	0.002989	0.002676	0.002703	1225.436087	1189.037533	1746.848600	1703.490824	-0.119351	-0.115046	-0.187626	-0.181443	
0.012939	-0.498766	0.602757	154.490096	154.490124	154.086592	154.086628	0.000001	34.462473	0.000182	6.504390	6.504390	6.504390	6.504390	32.855323	-0.034158	0.017216	0.058318	0.057642	0.055554	0.054880	-0.003010	-0.002993	-0.002763	-0.002742	1205.784091	1243.325960	1733.951071	1778.670759	0.120956	0.124903	0.177310	0.182171	
-0.016594	0.609600	0.535927	154.475313	154.475341	154.071426	154.071462	0.000001	34.498337	0.001604	6.491757	6.491757	6.491757	6.491757	32.309831	-0.069440	-0.001291	0.075713	0.075765	0.072900	0.072953	-0.002796	-0.002786	-0.002638	-0.002628	1181.619698	1214.999150	1774.556327	1814.317763	0.083115	0.085415	0.123508	0.126183	
-0.012007	-0.889975	0.813664	154.544098	154.544125	154.140789	154.140825	0.000001	34.587002	0.005140	6.492387	6.492387	6.492387	6.492387	33.125768	-0.095741	0.002805	0.049763	0.049655	0.047024	0.046916	-0.003855	-0.003795	-0.003235	-0.003157	1197.052496	1247.730369	1688.466857	1748.834087	0.176938	0.186544	0.279617	0.293782	
-0.002057	-0.462091	-0.515737	154.212562	154.212589	153.809533	153.809569	0.000001	34.385614	-0.002925	6.489482	6.489482	6.489482	6.489482	32.747835	0.017017	-0.011259	0.059323	0.059768	0.056555	0.056999	0.002604	0.002616	0.002375	0.002394	1251.760474	1219.638514	1802.148209	1763.884691	-0.097131	-0.093896	-0.161545	-0.156445	
-0.005819	0.677881	0.142750	154.377696	154.377723	153.974881	153.974917	0.000001	34.643344	0.007375	6.503446	6.503446	6.503446	6.503446	32.176851	-0.008977	-0.002760	0.079446	0.079559	0.076629	0.076742	-0.000766	-0.000765	-0.000751	-0.000751	1188.722114	1197.613109	1784.024326	1794.615235	0.022643	0.022796	0.032508	0.032675	
-0.021489	0.228233	0.280749	154.415488	154.415515	154.012009	154.012045	0.000001	34.468489	0.000370	6.496475	6.496475	6.496475	6.496475	32.364045	-0.035213	-0.010269	0.073313	0.073729	0.070509	0.070924	-0.001514	-0.001512	-0.001468	-0.001466	1179.322717	1196.808784	1730.080077	1750.909394	0.049096	0.049867	0.073994	0.074963	
-0.006014	0.252838	0.045536	154.357258	154.357285	153.953803	153.953839	0.000001	34.418439	-0.001644	6.494897	6.494897	6.494897	6.494897	32.318088	-0.016701	-0.004878	0.074543	0.074741	0.071735	0.071932	-0.000247	-0.000247	-0.000243	-0.000243	1191.617535	1194.453698	1751.412374	1754.790796	0.007826	0.007846	0.011987	0.012013	
-0.012813	-1.233841	-0.348748	154.259470	154.259498	153.856203	153.856239	0.000001	34.398658	-0.002445	6.497350	6.497350	6.497350	6.497350	33.029115	0.029001	-0.014906	0.050553	0.051132	0.047806	0.048384	0.001804	0.001809	0.001664	0.001674	1242.823642	1221.102359	1722.785708	1696.911424	-0.085512	-0.083278	-0.147332	-0.143256	
-0.017077	-0.654092	-1.321042	154.017880	154.017907	153.614548	153.614584	0.000001	34.471974	0.000477	6.501470	6.501470	6.501470	6.501470	33.117557	0.106939	-0.032587	0.045767	0.047023	0.043028	0.044281	0.005487	0.005702	0.004177	0.004394	1279.058680	1196.779481	1820.488647	1722.478075	-0.265048	-0.243521	-0.424924	-0.393587	
0.002112	0.453605	-0.115160	154.321320	154.321347	153.917716	153.917751	0.000001	34.471245	0.000436	6.511683	6.511683	6.511683	6.511683	32.290997	0.052262	-0.002058	0.075252	0.075335	0.072439	0.072523	0.000609	0.000609	0.000599	0.000599	1214.201908	1207.029354	1811.584354	1803.040443	-0.019047	-0.018948	-0.026717	-0.026613	
0.020291	-0.241042	-0.467972	154.236335	154.236362	153.832058	153.832093	0.000001	34.574409	0.004549	6.498868	6.498868	6.498868	6.498868	32.603474	0.067975	0.006351	0.064528	0.064275	0.061737	0.061485	0.002440	0.002449	0.002271	0.002283	1218.799013	1189.652085	1752.403220	1717.683545	-0.090396	-0.087807	-0.142485	-0.138797	
0.005915	-0.156309	-0.273887	154.284592	154.284619	153.880705	153.880740	0.000001	34.481456	0.000819	6.502468	6.502468	6.502468	6.502468	32.533899	0.052377	0.001448	0.067040	0.066982	0.064247	0.064189	0.001449	0.001451	0.001404	0.001406	1219.918470	1202.859843	1767.540819	1747.220668	-0.051438	-0.050642	-0.078356	-0.077309	
-0.001231	1.735964	0.573118	154.497898	154.497925	154.094089	154.094124	0.000001	34.392408	-0.002755	6.500423	6.500423	6.500423	6.500423	31.799694	-0.041698	0.008513	0.093335	0.092978	0.090477	0.090121	-0.003078	-0.003068	-0.002935	-0.002928	1140.112827	1175.808621	1782.953615	1825.474267	0.076563	0.078397	0.106001	0.107710	
0.021688	0.487765	0.648787	154.517849	154.517875	154.114119	154.114153	0.000001	34.447966	-0.000544	6.491435	6.491435	6.491435	6.491435	32.357576	-0.078575	0.025232	0.074959	0.073937	0.072150	0.071131	-0.003427	-0.003406	-0.003155	-0.003131	1149.567134	1189.975912	1699.623554	1747.758289	0.108313	0.112235	0.162252	0.167024	
-0.011214	0.314957	0.410442	154.457937	154.457963	154.054736	154.054771	0.000001	34.404514	-0.002293	6.490594	6.490594	6.490594	6.490594	32.373028	-0.073400	0.000783	0.073534	0.073503	0.070732	0.070700	-0.002184	-0.002179	-0.002081	-0.002076	1178.376203	1203.939965	1739.151531	1769.602956	0.068881	0.070483	0.105181	0.107220	
0.005556	0.760580	-0.064298	154.339839	154.339866	153.936934	153.936968	0.000001	34.502727	0.001627	6.493104	6.493104	6.493104	6.493104	32.090987	-0.017711	0.001626	0.082159	0.082092	0.079334	0.079267	0.000350	0.000350	0.000344	0.000344	1181.542648	1177.537911	1769.834139	1765.063717	-0.010014	-0.009980	-0.015161	-0.015119	
0.004924	0.012518	0.805132	154.558525	154.558551	154.155564	154.155599	0.000000	34.447219	-0.000602	6.498073	6.498073	6.498073	6.498073	32.680268	-0.082139	0.014857	0.064413	0.063823	0.061638	0.061050	-0.004028	-0.003986	-0.003599	-0.003553	1166.267700	1216.414162	1699.325327	1759.059542	0.147594	0.154008	0.215759	0.223383	
0.015131	0.438235	0.520462	154.489318	154.489344	154.086039	154.086074	0.000000	34.343954	-0.004743	6.488868	6.488868	6.488868	6.488868	32.374069	-0.080998	0.018763	0.074082	0.073323	0.071278	0.070521	-0.002724	-0.002714	-0.002562	-0.002552	1181.398627	1213.814820	1759.152261	1797.766268	0.083559	0.085936	0.126542	0.129462	
-0.000090	-0.410916	0.590031	154.506467	154.506493	154.103540	154.103574	0.000000	34.517318	0.002182	6.491785	6.491785	6.491785	6.491785	32.789158	-0.087351	0.009935	0.060423	0.060031	0.057658	0.057267	-0.003004	-0.002986	-0.002727	-0.002701	1192.965447	1229.714652	1713.861156	1757.636626	0.114988	0.119191	0.179100	0.184955	
-0.002735	-0.116269	-0.002604	154.359490	154.359516	153.956617	153.956651	0.000000	34.444128	-0.000754	6.491056	6.491056	6.491056	6.491056	32.500686	-0.030914	-0.002070	0.068579	0.068662	0.065790	0.065873	0.000014	0.000014	0.000014	0.000014	1216.050765	1215.888600	1770.564578	1770.371408	-0.000467	-0.000467	-0.000739	-0.000739	
0.008868	0.834877	0.898960	154.585789	154.585815	154.182927	154.182961	0.000000	34.377759	-0.003418	6.497244	6.497244	6.497244	6.497244	32.343828	-0.095892	0.018178	0.075746	0.075008	0.072942	0.072207	-0.004552	-0.004508	-0.004141	-0.004099	1153.391989	1209.382387	1744.295003	1810.990486	0.137880	0.143619	0.194663	0.200576	
0.001823	0.517618	0.252894	154.426300	154.426326	154.023116	154.023150	0.000000	34.631516	0.006723	6.487720	6.487720	6.487720	6.487720	32.233465	-0.061488	0.006009	0.078068	0.077823	0.075253	0.075009	-0.001367	-0.001366	-0.001327	-0.001326	1177.373332	1193.124439	1749.615528	1768.378169	0.040698	0.041285	0.062805	0.063558	
-0.004406	-0.174721	0.255259	154.426579	154.426605	154.023746	154.023780	0.000000	34.425478	-0.001527	6.494436	6.494436	6.494436	6.494436	32.543765	-0.049540	0.000858	0.067687	0.067652	0.064901	0.064867	-0.001369	-0.001367	-0.001327	-0.001326	1192.746479	1208.644943	1723.705628	1742.643798	0.048209	0.048951	0.074761	0.075779	
0.008613	-0.435962	-0.059853	154.349588	154.349614	153.946609	153.946642	0.000000	34.562475	0.003943	6.494417	6.494417	6.494417	6.494417	32.628790	-0.009675	0.004117	0.064438	0.064275	0.061659	0.061496	0.000320	0.000320	0.000316	0.000316	1219.020710	1215.292884	1748.171675	1743.731107	-0.011779	-0.011734	-0.018794	-0.018729	
-0.012928	-0.262257	0.250956	154.428499	154.428525	154.025393	154.025427	0.000000	34.433410	-0.001229	6.497663	6.497663	6.497663	6.497663	32.604926	-0.031743	-0.004508	0.065590	0.065770	0.062808	0.062988	-0.001328	-0.001327	-0.001291	-0.001290	1207.215316	1222.845776	1746.825633	1765.444560	0.047593	0.048281	0.072549	0.073457	
0.010491	-0.271279	-1.014500	154.113788	154.113814	153.710477	153.710510	0.000000	34.652015	0.007505	6.494342	6.494342	6.494342	6.494342	32.821179	0.076657	-0.011258	0.056280	0.056722	0.053516	0.053957	0.004737	0.004836	0.003850	0.003973	1246.142672	1182.956016	1791.986906	1716.719276	-0.190904	-0.178757	-0.310006	-0.291959	
0.015334	0.463703	1.045447	154.629460	154.629486	154.226234	154.226268	0.000000	34.662721	0.007924	6.507625	6.507625	6.507625	6.507625	32.617851	-0.066433	0.022798	0.067099	0.066189	0.064316	0.063409	-0.005010	-0.004947	-0.004517	-0.004461	1168.664655	1233.778838	1749.487666	1827.051355	0.173010	0.180418	0.233024	0.240100	
-0.021495	-0.054141	0.175561	154.415265	154.415290	154.011390	154.011423	0.000000	34.553218	0.003532	6.485893	6.485893	6.485893	6.485893	32.486460	-0.045971	-0.009814	0.069277	0.069672	0.066481	0.066874	-0.000938	-0.000937	-0.000916	-0.000916	1203.588761	1214.523318	1754.565062	1767.590251	0.031035	0.031373	0.049688	0.050174	
-0.003299	0.434726	-0.533556	154.236055	154.236080	153.833013	153.833046	0.000000	34.424048	-0.001644	6.494915	6.494915	6.494915	6.494915	32.317526	0.039041	-0.012938	0.073555	0.074080	0.070750	0.071273	0.002796	0.002808	0.002611	0.002624	1208.423265	1175.191515	1785.672087	1746.086592	-0.088149	-0.085511	-0.136106	-0.132691	
0.002727	0.956044	-0.278751	154.301557	154.301583	153.898528	153.898561	0.000000	34.450956	-0.000577	6.502454	6.502454	6.502454	6.502454	32.026327	0.044731	-0.003326	0.083972	0.084110	0.081141	0.081278	0.001512	0.001514	0.001469	0.001471	1181.243724	1163.882141	1779.538100	1758.857069	-0.042977	-0.042393	-0.062326	-0.061682	
-0.012256	0.521874	0.060728	154.388944	154.388969	153.985387	153.985420	0.000000	34.376640	-0.003560	6.499690	6.499690	6.499690	6.499690	32.190561	0.007707	-0.006883	0.078980	0.079262	0.076160	0.076441	-0.000333	-0.000333	-0.000328	-0.000328	1173.704049	1177.486374	1736.657033	1741.162520	0.010226	0.010259	0.015089	0.015127	
0.001782	-0.306461	0.658375	154.539416	154.539441	154.135776	154.135808	0.000000	34.459902	-0.000241	6.496017	6.496017	6.496017	6.496017	32.770806	-0.060431	0.010315	0.061251	0.060844	0.058479	0.058073	-0.003331	-0.003307	-0.003008	-0.002977	1182.473915	1223.479821	1702.444296	1751.290327	0.128285	0.133216	0.193312	0.199704	
-0.013329	-0.034129	-0.384343	154.279277	154.279302	153.875854	153.875886	0.000000	34.466484	0.000012	6.489686	6.489686	6.489686	6.489686	32.506185	0.016530	-0.015147	0.067581	0.068188	0.064789	0.065395	0.002012	0.002016	0.001909	0.001914	1225.148190	1201.209947	1785.760098	1757.244982	-0.067843	-0.066255	-0.108958	-0.106670	
-0.005626	-0.707544	0.036322	154.384328	154.384353	153.981349	153.981382	0.000000	34.425103	-0.001652	6.500638	6.500638	6.500638	6.500638	32.756839	0.002534	-0.004577	0.060344	0.060525	0.057576	0.057757	-0.000194	-0.000194	-0.000192	-0.000192	1222.248736	1224.511013	1734.821708	1737.516521	0.007756	0.007773	0.012126	0.012151	
0.005413	-0.339379	-0.899263	154.153014	154.153039	153.749638	153.749671	0.000000	34.450015	-0.000665	6.496199	6.496199	6.496199	6.496199	32.822743	0.080723	-0.011702	0.056490	0.056949	0.053725	0.054184	0.004270	0.004337	0.003575	0.003662	1249.032599	1193.023313	1795.676053	1728.958071	-0.171230	-0.161756	-0.274928	-0.261093	
-0.000414	0.147180	0.112035	154.406571	154.406596	154.003186	154.003219	0.000000	34.637799	0.006836	6.505968	6.505968	6.505968	6.505968	32.417296	0.016738	0.001194	0.071720	0.071672	0.068920	0.068872	-0.000596	-0.000596	-0.000587	-0.000587	1206.364223	1213.342172	1775.632301	1783.944399	0.019752	0.019861	0.028421	0.028545	
-0.011044	0.210207	-0.266519	154.314634	154.314659	153.910782	153.910814	0.000000	34.420070	-0.001884	6.495271	6.495271	6.495271	6.495271	32.359238	0.032926	-0.011277	0.072751	0.073208	0.069944	0.070399	0.001428	0.001429	0.001384	0.001386	1204.100471	1187.500731	1765.240160	1745.466633	-0.046291	-0.045587	-0.071319	-0.070394	
-0.034205	-0.005605	0.116685	154.410235	154.410259	154.006714	154.006746	0.000000	34.258219	-0.008369	6.499156	6.499156	6.499156	6.499156	32.451797	-0.003897	-0.021635	0.070147	0.071018	0.067350	0.068219	-0.000629	-0.000629	-0.000619	-0.000619	1196.264860	1203.532429	1741.457203	1750.114295	0.021419	0.021558	0.032221	0.032398	
-0.016842	-0.105795	-0.487566	154.260642	154.260666	153.857139	153.857171	0.000000	34.466444	-0.000050	6.495120	6.495120	6.495120	6.495120	32.556964	0.048410	-0.021651	0.065657	0.066523	0.062870	0.063733	0.002536	0.002545	0.002358	0.002371	1220.597398	1190.230048	1767.082253	1730.908817	-0.090082	-0.087428	-0.142404	-0.138653	
-0.004328	-0.942991	0.470330	154.500648	154.500672	154.097313	154.097345	0.000000	34.515660	0.001909	6.501426	6.501426	6.501426	6.501426	33.003657	-0.028589	0.002048	0.053337	0.053257	0.050587	0.050508	-0.002381	-0.002371	-0.002197	-0.002182	1216.659980	1245.953809	1715.603791	1750.498455	0.105903	0.108973	0.162411	0.166719	
0.000480	0.502506	0.378864	154.479809	154.479834	154.076229	154.076261	0.000000	34.493927	0.001029	6.491310	6.491310	6.491310	6.491310	32.323089	-0.049197	0.005956	0.075450	0.075208	0.072640	0.072399	-0.001990	-0.001986	-0.001913	-0.001910	1193.972561	1217.569536	1787.131693	1815.240292	0.059735	0.060909	0.089150	0.090539	
-0.000353	-1.253550	0.066939	154.401472	154.401497	153.998291	153.998323	0.000000	34.587070	0.004745	6.492192	6.492192	6.492192	6.492192	32.990305	-0.024840	0.000766	0.053062	0.053032	0.050312	0.050282	-0.000358	-0.000358	-0.000354	-0.000354	1230.564653	1234.733858	1707.152508	1712.118844	0.016315	0.016398	0.028118	0.028271	
-0.015749	-0.379673	1.453198	154.748851	154.748876	154.345857	154.345889	0.000000	34.393826	-0.002993	6.495481	6.495481	6.495481	6.495481	33.200327	-0.119654	0.006720	0.048869	0.048610	0.046137	0.045879	-0.006067	-0.005860	-0.004991	-0.004819	1184.026943	1274.537306	1722.485054	1830.300547	0.269663	0.289059	0.381408	0.402648	
-0.017412	0.251558	-0.346139	154.300504	154.300528	153.897364	153.897395	0.000000	34.562873	0.003760	6.480878	6.480878	6.480878	6.480878	32.389741	-0.007974	-0.018737	0.071493	0.072249	0.068693	0.069448	0.001808	0.001811	0.001728	0.001732	1229.436224	1207.877438	1820.100697	1794.419980	-0.055462	-0.054305	-0.090465	-0.088797	
0.010524	-0.122709	-0.694724	154.211966	154.211990	153.809530	153.809562	0.000000	34.495895	0.001074	6.499737	6.499737	6.499737	6.499737	32.635767	0.066711	-0.006442	0.063052	0.063308	0.060278	0.060533	0.003493	0.003522	0.003112	0.003150	1225.630092	1182.360191	1770.332287	1718.789397	-0.130432	-0.125096	-0.203074	-0.195758	
-0.010270	0.089177	0.098745	154.413785	154.413809	154.010702	154.010734	0.000000	34.353239	-0.004641	6.503458	6.503458	6.503458	6.503458	32.429463	0.011764	-0.005114	0.071241	0.071447	0.068444	0.068650	-0.000528	-0.000528	-0.000521	-0.000521	1202.639984	1208.790171	1762.456248	1769.782320	0.017709	0.017799	0.025855	0.025961	
-0.000791	0.024966	0.153269	154.429687	154.429711	154.025988	154.026020	0.000000	34.432995	-0.001462	6.494961	6.494961	6.494961	6.494961	32.447614	-0.012158	0.001477	0.070884	0.070825	0.068085	0.068026	-0.000824	-0.000824	-0.000808	-0.000808	1196.418788	1205.964899	1745.424018	1756.795298	0.027596	0.027837	0.042074	0.042388	
-0.009338	-0.518512	0.385454	154.487741	154.487764	154.084302	154.084333	0.000000	34.535364	0.002623	6.494304	6.494304	6.494304	6.494304	32.761504	-0.045200	-0.000332	0.060987	0.061000	0.058216	0.058229	-0.002013	-0.002008	-0.001905	-0.001899	1204.475175	1228.482592	1723.236888	1751.834404	0.077643	0.079491	0.120912	0.123515	
-0.008351	-0.036625	-0.569704	154.249649	154.249673	153.846428	153.846459	0.000000	34.614151	0.005765	6.491855	6.491855	6.491855	6.491855	32.564051	0.039891	-0.015869	0.065465	0.066099	0.062680	0.063312	0.002914	0.002929	0.002668	0.002688	1230.703249	1195.220054	1791.964623	1749.697219	-0.101250	-0.097790	-0.161376	-0.156470	
-0.015480	-0.012430	-0.588257	154.245522	154.245546	153.842494	153.842525	0.000000	34.415392	-0.002193	6.501884	6.501884	6.501884	6.501884	32.557879	0.071929	-0.020569	0.065545	0.066366	0.062760	0.063580	0.003008	0.003024	0.002768	0.002788	1224.606914	1187.968183	1780.562620	1736.918746	-0.107526	-0.104002	-0.163525	-0.158957	
-0.013827	0.379403	0.193441	154.443513	154.443537	154.040023	154.040054	0.000000	34.524156	0.002147	6.502054	6.502054	6.502054	6.502054	32.314480	0.004385	-0.007548	0.075210	0.075516	0.072401	0.072706	-0.001037	-0.001037	-0.001016	-0.001016	1189.452218	1201.500402	1761.796645	1776.148382	0.032807	0.033122	0.047400	0.047757	
-0.001609	-0.442446	-0.565744	154.255237	154.255261	153.851488	153.851518	0.000000	34.496683	0.001037	6.493718	6.493718	6.493718	6.493718	32.738085	0.057493	-0.011362	0.059930	0.060379	0.057156	0.057604	0.002886	0.002904	0.002592	0.002619	1228.011887	1192.775338	1752.065155	1710.091553	-0.113225	-0.109050	-0.184547	-0.178117	
-0.004838	-0.729569	-0.451289	154.283691	154.283714	153.880327	153.880358	0.000000	34.527208	0.002249	6.501659	6.501659	6.501659	6.501659	32.855563	0.065484	-0.010409	0.056355	0.056763	0.053593	0.054000	0.002297	0.002305	0.002128	0.002140	1245.091275	1216.983384	1767.266639	1733.784660	-0.095763	-0.093092	-0.151182	-0.147271	
0.005614	0.260955	0.748701	154.585798	154.585821	154.182214	154.182245	0.000000	34.366596	-0.004186	6.500451	6.500451	6.500451	6.500451	32.579634	-0.048263	0.013694	0.067867	0.067320	0.065079	0.064534	-0.003747	-0.003720	-0.003447	-0.003420	1184.456623	1231.088396	1757.227647	1812.775181	0.126930	0.131417	0.179574	0.184405	
0.011050	-0.574246	-0.353368	154.311458	154.311481	153.907777	153.907808	0.000000	34.627296	0.006232	6.487735	6.487735	6.487735	6.487735	32.739631	0.019802	0.002014	0.060531	0.060451	0.057756	0.057677	0.001846	0.001850	0.001740	0.001746	1233.000927	1210.991922	1757.618090	1731.401073	-0.070754	-0.069053	-0.118723	-0.115930	
0.015805	-0.439067	-0.434607	154.290117	154.290140	153.887114	153.887144	0.000000	34.569425	0.003909	6.499286	6.499286	6.499286	6.499286	32.714937	0.052350	0.004247	0.061229	0.061061	0.058457	0.058289	0.002237	0.002244	0.002097	0.002106	1236.740005	1209.671159	1774.622582	1742.378308	-0.085781	-0.083551	-0.134293	-0.131147	
-0.031392	-1.096059	-0.049125	154.388892	154.388916	153.985604	153.985635	0.000000	34.500525	0.001144	6.500172	6.500172	6.500172	6.500172	32.937401	0.019677	-0.020290	0.054256	0.055049	0.051502	0.052293	0.000260	0.000260	0.000257	0.000257	1241.798229	1238.738565	1740.912071	1737.267416	-0.011421	-0.011384	-0.018365	-0.018307	
0.012268	0.531448	0.283403	154.473559	154.473582	154.069995	154.070025	0.000000	34.292121	-0.007203	6.496014	6.496014	6.496014	6.496014	32.287792	-0.019866	0.010421	0.076673	0.076249	0.073860	0.073438	-0.001500	-0.001498	-0.001458	-0.001457	1194.122024	1211.773346	1787.140059	1808.166226	0.045197	0.045834	0.066100	0.066823	
0.029717	-0.605914	-0.011714	154.400286	154.400309	153.996866	153.996896	0.000000	34.351996	-0.004817	6.492454	6.492454	6.492454	6.492454	32.698740	-0.003414	0.020333	0.062831	0.062026	0.060054	0.059251	0.000063	0.000063	0.000062	0.000062	1214.387038	1213.657430	1725.376796	1724.507690	-0.002434	-0.002432	-0.003947	-0.003944	
-0.043217	-0.603108	-0.068453	154.386400	154.386423	153.983265	153.983295	0.000000	34.378513	-0.003765	6.495537	6.495537	6.495537	6.495537	32.718906	-0.000130	-0.027546	0.061133	0.062224	0.058362	0.059450	0.000364	0.000364	0.000359	0.000359	1228.537120	1224.273613	1753.946909	1748.868241	-0.013951	-0.013891	-0.022155	-0.022066	
-0.015400	-0.792374	1.637866	154.814296	154.814319	154.411112	154.411142	0.000000	34.344744	-0.005125	6.496115	6.496115	6.496115	6.496115	33.455665	-0.109808	0.004379	0.041259	0.041092	0.038547	0.038381	-0.006235	-0.005937	-0.004981	-0.004754	1181.147116	1283.159245	1686.820600	1808.336938	0.336214	0.364446	0.472548	0.503770	
0.003198	0.392040	0.432008	154.513994	154.514017	154.110723	154.110753	0.000000	34.496135	0.000922	6.478138	6.478138	6.478138	6.478138	32.409690	-0.081427	0.008191	0.072858	0.072528	0.070058	0.069729	-0.002233	-0.002227	-0.002121	-0.002115	1209.333166	1236.240182	1811.859966	1843.911469	0.065995	0.067607	0.103749	0.105859	
0.028627	-0.417365	-0.587062	154.257163	154.257186	153.854830	153.854860	0.000000	34.617066	0.005753	6.490747	6.490747	6.490747	6.490747	32.736946	0.031297	0.008546	0.060373	0.060036	0.057608	0.057271	0.002983	0.003002	0.002660	0.002691	1230.873721	1194.309402	1759.631991	1716.076756	-0.115389	-0.110932	-0.190282	-0.183293	
-0.006354	0.017499	0.181525	154.451441	154.451464	154.048901	154.048931	0.000000	34.450877	-0.000901	6.501548	6.501548	6.501548	6.501548	32.483020	-0.010167	-0.000255	0.069833	0.069843	0.067045	0.067055	-0.000965	-0.000964	-0.000946	-0.000946	1205.090011	1216.396024	1763.974264	1777.441931	0.032740	0.033048	0.047984	0.048352	
0.029518	-0.090596	0.064523	154.425162	154.425184	154.021814	154.021844	0.000000	34.617202	0.005743	6.493364	6.493364	6.493364	6.493364	32.490458	-0.007425	0.020395	0.069821	0.069002	0.067027	0.066210	-0.000347	-0.000347	-0.000342	-0.000342	1203.938132	1207.956847	1749.017661	1753.804734	0.011845	0.011890	0.018315	0.018376	
-0.021361	-0.241319	-0.217064	154.354884	154.354906	153.951634	153.951664	0.000000	34.612975	0.005565	6.494487	6.494487	6.494487	6.494487	32.562653	0.016604	-0.015534	0.066244	0.066865	0.063459	0.064078	0.001157	0.001158	0.001126	0.001127	1217.019907	1203.500387	1755.853736	1739.749352	-0.041260	-0.040718	-0.064892	-0.064124	
0.003022	0.737469	-0.930478	154.177482	154.177504	153.774311	153.774340	0.000000	34.476213	0.000086	6.497446	6.497446	6.497446	6.497446	32.312845	0.094702	-0.015200	0.073257	0.073873	0.070450	0.071065	0.004656	0.004713	0.004108	0.004169	1214.886024	1156.932546	1813.501584	1744.467690	-0.145725	-0.138600	-0.219931	-0.211331	
-0.002165	0.074517	0.886609	154.633216	154.633239	154.229890	154.229920	0.000000	34.490926	0.000665	6.504930	6.504930	6.504930	6.504930	32.717005	-0.049133	0.009661	0.063629	0.063246	0.060854	0.060472	-0.004333	-0.004286	-0.003899	-0.003852	1168.719282	1223.940422	1712.111850	1777.890996	0.162270	0.168985	0.224941	0.232037	
0.001381	-0.228669	0.112972	154.442225	154.442247	154.038417	154.038446	0.000000	34.470245	-0.000172	6.485737	6.485737	6.485737	6.485737	32.565919	-0.029781	0.003100	0.067113	0.066989	0.064323	0.064200	-0.000602	-0.000602	-0.000591	-0.000591	1213.292008	1220.328293	1758.553572	1766.935160	0.020681	0.020827	0.033259	0.033474	
0.012442	0.228867	0.123725	154.443094	154.443116	154.040102	154.040131	0.000000	34.374228	-0.004021	6.493779	6.493779	6.493779	6.493779	32.364375	-0.022572	0.010059	0.073906	0.073499	0.071103	0.070698	-0.000665	-0.000665	-0.000653	-0.000653	1195.947699	1203.653708	1760.813859	1769.993219	0.021209	0.021353	0.032073	0.032255	
-0.008551	-0.470029	-0.155679	154.374805	154.374827	153.971840	153.971869	0.000000	34.306383	-0.006743	6.493725	6.493725	6.493725	6.493725	32.650736	0.007333	-0.007412	0.063667	0.063962	0.060891	0.061185	0.000834	0.000834	0.000817	0.000817	1217.495548	1207.799277	1739.294898	1727.744748	-0.031337	-0.031025	-0.050142	-0.049678	
0.031199	-0.865271	-0.131165	154.381975	154.381997	153.978907	153.978936	0.000000	34.611328	0.005447	6.496600	6.496600	6.496600	6.496600	32.838548	0.020622	0.017972	0.058133	0.057427	0.055370	0.054666	0.000694	0.000694	0.000682	0.000683	1236.135705	1227.966272	1746.064319	1736.332931	-0.028669	-0.028423	-0.046240	-0.045858	
-0.003408	-0.113338	-0.441290	154.305881	154.305903	153.902632	153.902661	0.000000	34.434625	-0.001630	6.496301	6.496301	6.496301	6.496301	32.573901	0.049958	-0.006993	0.065708	0.065988	0.062923	0.063202	0.002283	0.002289	0.002152	0.002161	1231.141607	1203.656482	1790.113370	1757.373225	-0.080341	-0.078306	-0.124534	-0.121789	
0.009299	0.464764	-0.674906	154.248514	154.248536	153.845199	153.845228	0.000000	34.355148	-0.004818	6.499512	6.499512	6.499512	6.499512	32.364933	0.085346	-0.004712	0.072236	0.072426	0.069432	0.069622	0.003463	0.003484	0.003177	0.003201	1214.664924	1172.629355	1797.352104	1747.279544	-0.111847	-0.107863	-0.167756	-0.162905	
-0.010977	0.166000	0.975798	154.662743	154.662765	154.259244	154.259273	0.000000	34.455496	-0.000813	6.501934	6.501934	6.501934	6.501934	32.715744	-0.060717	0.006166	0.063803	0.063559	0.061028	0.060784	-0.004715	-0.004653	-0.004197	-0.004137	1165.031974	1225.808115	1714.611396	1787.007632	0.173398	0.181310	0.241190	0.249520	
0.006739	0.062162	0.629269	154.577709	154.577730	154.173991	154.174019	0.000000	34.485110	0.000361	6.484501	6.484501	6.484501	6.484501	32.605288	-0.082493	0.014322	0.066984	0.066412	0.064197	0.063627	-0.003216	-0.003197	-0.002944	-0.002920	1189.289150	1228.482267	1747.207338	1793.893984	0.107682	0.111612	0.166087	0.171223	
0.005596	-0.443801	-0.779633	154.223716	154.223737	153.820852	153.820880	0.000000	34.463957	-0.000493	6.488078	6.488078	6.488078	6.488078	32.827684	0.041339	-0.009556	0.056857	0.057233	0.054096	0.054471	0.003799	0.003846	0.003205	0.003275	1243.520565	1194.962226	1778.625021	1720.782569	-0.151385	-0.143556	-0.253091	-0.240575	
-0.017082	0.288256	0.234069	154.477899	154.477921	154.075287	154.075315	0.000000	34.447587	-0.001154	6.502971	6.502971	6.502971	6.502971	32.386112	-0.011553	-0.008515	0.073051	0.073396	0.070254	0.070598	-0.001241	-0.001240	-0.001213	-0.001212	1198.887387	1213.466024	1775.246738	1792.612738	0.040007	0.040458	0.057236	0.057737	
-0.018508	0.398114	-0.084853	154.401478	154.401499	153.998072	153.998100	0.000000	34.464555	-0.000484	6.492252	6.492252	6.492252	6.492252	32.265432	0.004128	-0.014721	0.076405	0.077004	0.073592	0.074190	0.000460	0.000460	0.000452	0.000452	1192.404691	1187.119716	1761.599567	1755.304130	-0.014191	-0.014124	-0.021634	-0.021549	
-0.004458	0.115957	0.389411	154.519800	154.519822	154.116575	154.116603	0.000000	34.479963	0.000124	6.495486	6.495486	6.495486	6.495486	32.470559	-0.038692	0.001399	0.070751	0.070694	0.067956	0.067900	-0.002070	-0.002065	-0.001981	-0.001976	1181.646543	1205.900419	1728.645193	1757.536289	0.069631	0.071116	0.103663	0.105491	
0.013929	-0.809503	-0.490437	154.301027	154.301048	153.897819	153.897847	0.000000	34.664516	0.007498	6.490502	6.490502	6.490502	6.490502	32.895566	0.036258	0.000553	0.055403	0.055382	0.052645	0.052624	0.002496	0.002509	0.002245	0.002267	1240.338418	1209.792262	1749.311247	1712.924819	-0.105486	-0.101872	-0.178116	-0.172010	
-0.010085	0.193748	0.387026	154.520528	154.520549	154.117550	154.117578	0.000000	34.628218	0.006038	6.499716	6.499716	6.499716	6.499716	32.472792	-0.028831	-0.000681	0.070640	0.070668	0.067848	0.067875	-0.002022	-0.002018	-0.001946	-0.001942	1198.768042	1222.873423	1771.417980	1800.132189	0.066579	0.067852	0.096162	0.097609	
-0.038600	-0.397209	0.564647	154.567185	154.567207	154.163833	154.163861	0.000000	34.341790	-0.005428	6.490466	6.490466	6.490466	6.490466	32.788390	-0.069590	-0.017442	0.060325	0.061013	0.057558	0.058244	-0.002880	-0.002865	-0.002636	-0.002615	1196.368261	1231.536500	1721.494818	1763.387048	0.109572	0.113320	0.169214	0.174334	
0.030901	0.686019	-0.447494	154.313862	154.313883	153.910791	153.910819	0.000000	34.422004	-0.002227	6.488512	6.488512	6.488512	6.488512	32.205817	0.026986	0.009909	0.078288	0.077883	0.075471	0.075068	0.002361	0.002368	0.002241	0.002247	1208.124780	1180.253258	1808.771524	1775.571106	-0.068976	-0.067288	-0.106537	-0.104402	
0.002097	0.216442	-0.211786	154.373021	154.373042	153.970250	153.970278	0.000000	34.532563	0.002188	6.499172	6.499172	6.499172	6.499172	32.350116	0.031497	-0.000420	0.073679	0.073697	0.070878	0.070895	0.001145	0.001146	0.001118	0.001119	1195.851238	1182.660429	1749.874868	1734.162042	-0.037657	-0.037220	-0.056451	-0.055905	
0.017169	0.118954	-0.483025	154.307679	154.307700	153.904433	153.904460	0.000000	34.500092	0.000881	6.496672	6.496672	6.496672	6.496672	32.457563	0.062185	0.003958	0.069760	0.069601	0.066965	0.066806	0.002533	0.002541	0.002376	0.002386	1211.287791	1181.203255	1766.498286	1730.661737	-0.086367	-0.083988	-0.132664	-0.129531	
0.009534	-0.026902	0.028657	154.436502	154.436523	154.033128	154.033156	0.000000	34.622792	0.005780	6.499436	6.499436	6.499436	6.499436	32.467154	0.018831	0.008083	0.070420	0.070095	0.067624	0.067300	-0.000154	-0.000154	-0.000152	-0.000152	1202.558307	1204.343163	1750.445462	1752.571574	0.005286	0.005295	0.007893	0.007904	
-0.015552	0.995076	-0.036890	154.421548	154.421569	154.018030	154.018058	0.000000	34.468162	-0.000414	6.494010	6.494010	6.494010	6.494010	32.013009	0.008085	-0.009737	0.085134	0.085537	0.082298	0.082700	0.000201	0.000201	0.000197	0.000197	1177.175212	1174.877592	1781.202093	1778.465180	-0.005539	-0.005529	-0.008145	-0.008134	
-0.009301	0.054554	-0.227838	154.374002	154.374023	153.970705	153.970732	0.000000	34.439198	-0.001581	6.494643	6.494643	6.494643	6.494643	32.411198	0.027453	-0.010808	0.071453	0.071889	0.068654	0.069089	0.001235	0.001237	0.001202	0.001203	1194.964131	1180.773573	1733.844530	1716.940809	-0.041915	-0.041349	-0.064905	-0.064138	
0.015546	0.029976	0.369153	154.524103	154.524124	154.120899	154.120927	0.000000	34.566821	0.003516	6.496641	6.496641	6.496641	6.496641	32.513346	-0.026818	0.014987	0.069644	0.069043	0.066853	0.066253	-0.001954	-0.001950	-0.001876	-0.001872	1189.007661	1211.999834	1736.381750	1763.769911	0.066909	0.068247	0.099210	0.100850	
0.012510	0.923866	1.160050	154.723064	154.723084	154.319765	154.319793	0.000000	34.580860	0.004069	6.490320	6.490320	6.490320	6.490320	32.427253	-0.115014	0.026426	0.074097	0.073029	0.071297	0.070233	-0.005692	-0.005599	-0.005020	-0.004938	1143.231914	1215.483949	1737.835879	1823.902144	0.172919	0.182179	0.244062	0.253462	
0.002416	-0.299988	-0.424679	154.326804	154.326825	153.923795	153.923822	0.000000	34.517639	0.001532	6.481966	6.481966	6.481966	6.481966	32.629905	0.001726	-0.004954	0.064064	0.064262	0.061286	0.061482	0.002224	0.002231	0.002066	0.002077	1223.168207	1196.717700	1757.922935	1726.415224	-0.079931	-0.077624	-0.135110	-0.131336	
-0.007080	-0.729839	-0.469671	154.314707	154.314728	153.912304	153.912331	0.000000	34.517525	0.001522	6.498625	6.498625	6.498625	6.498625	32.863530	0.047138	-0.012459	0.056271	0.056759	0.053516	0.054004	0.002390	0.002400	0.002198	0.002212	1242.370362	1213.117575	1760.950243	1726.104469	-0.100017	-0.097046	-0.159603	-0.155150	
0.002394	0.444973	-0.517818	154.305783	154.305803	153.902741	153.902768	0.000000	34.386864	-0.003712	6.499122	6.499122	6.499122	6.499122	32.348283	0.070100	-0.007084	0.073138	0.073425	0.070335	0.070621	0.002686	0.002695	0.002534	0.002543	1219.151535	1186.900013	1809.715761	1771.297910	-0.085031	-0.082771	-0.126377	-0.123686	
0.004119	0.646759	-0.428039	154.329750	154.329770	153.926297	153.926324	0.000000	34.499501	0.000785	6.499512	6.499512	6.499512	6.499512	32.205308	0.069984	-0.003735	0.078137	0.078290	0.075319	0.075471	0.002283	0.002288	0.002182	0.002187	1195.209274	1168.549483	1778.657859	1746.900849	-0.069607	-0.068080	-0.102662	-0.100879	
-0.014324	0.912141	-0.026610	154.431299	154.431319	154.027721	154.027747	0.000000	34.459913	-0.000808	6.498510	6.498510	6.498510	6.498510	32.037638	0.025775	-0.009270	0.084378	0.084761	0.081544	0.081926	0.000146	0.000146	0.000143	0.000143	1171.205688	1169.548343	1761.842731	1759.868511	-0.004148	-0.004143	-0.006002	-0.005996	
0.005154	0.485233	-0.130716	154.406166	154.406186	154.002609	154.002636	0.000000	34.509836	0.001180	6.494234	6.494234	6.494234	6.494234	32.211621	0.024538	0.000681	0.078550	0.078522	0.075731	0.075703	0.000716	0.000716	0.000702	0.000702	1180.996977	1172.855525	1743.479920	1733.781862	-0.022022	-0.021863	-0.033235	-0.033038	
-0.016614	0.524110	-0.925807	154.207634	154.207655	153.804328	153.804354	0.000000	34.549784	0.002769	6.495292	6.495292	6.495292	6.495292	32.402415	0.093006	-0.026589	0.070271	0.071343	0.067472	0.068541	0.004629	0.004692	0.004029	0.004099	1209.918367	1152.255816	1785.074524	1716.387182	-0.153195	-0.145300	-0.235074	-0.225010	
0.005187	-0.500862	0.191950	154.488000	154.488020	154.084754	154.084781	0.000000	34.433077	-0.001907	6.503660	6.503660	6.503660	6.503660	32.705335	0.014133	0.004598	0.062909	0.062726	0.060134	0.059953	-0.001023	-0.001022	-0.001002	-0.001001	1208.659061	1220.614389	1728.005669	1742.246797	0.039867	0.040295	0.059185	0.059735	
-0.032132	0.672317	-0.779459	154.247498	154.247518	153.843801	153.843827	0.000000	34.559929	0.003158	6.491840	6.491840	6.491840	6.491840	32.304777	0.076265	-0.034000	0.073631	0.075011	0.070821	0.072197	0.003968	0.004002	0.003574	0.003612	1216.294408	1167.746931	1815.334804	1757.505291	-0.121776	-0.116646	-0.186756	-0.180347	
0.011274	0.255628	-0.748999	154.254464	154.254485	153.851180	153.851206	0.000000	34.433094	-0.001924	6.501985	6.501985	6.501985	6.501985	32.483651	0.102910	-0.006928	0.068314	0.068592	0.065521	0.065798	0.003790	0.003822	0.003411	0.003448	1214.499096	1167.848801	1777.179219	1721.609621	-0.131973	-0.126653	-0.197578	-0.190993	
-0.027931	-0.712945	0.238649	154.503628	154.503648	154.100059	154.100085	0.000000	34.429132	-0.002091	6.501682	6.501682	6.501682	6.501682	32.816100	0.007509	-0.014400	0.059054	0.059621	0.056287	0.056853	-0.001260	-0.001259	-0.001225	-0.001224	1215.415971	1230.279865	1725.732816	1743.438612	0.051583	0.052308	0.078005	0.078983	
-0.003349	0.224540	0.785576	154.641637	154.641657	154.237876	154.237903	0.000000	34.466244	-0.000617	6.491189	6.491189	6.491189	6.491189	32.613558	-0.071270	0.007786	0.067024	0.066713	0.064238	0.063928	-0.003922	-0.003889	-0.003555	-0.003519	1183.084715	1232.013181	1752.307204	1810.590548	0.131859	0.137172	0.192771	0.198893	
-0.005510	-0.112184	0.845468	154.655919	154.655939	154.252682	154.252708	0.000000	34.631903	0.006002	6.485393	6.485393	6.485393	6.485393	32.789695	-0.103461	0.009090	0.061415	0.061056	0.058647	0.058290	-0.004150	-0.004100	-0.003639	-0.003580	1184.170280	1236.829057	1727.864185	1790.591058	0.150771	0.158129	0.229436	0.238874	
0.023295	0.194440	-1.373269	154.100703	154.100723	153.698048	153.698074	0.000000	34.632446	0.006017	6.484782	6.484782	6.484782	6.484782	32.724920	0.074812	-0.010199	0.059317	0.059720	0.056549	0.056951	0.006170	0.006387	0.004783	0.005011	1250.327962	1164.795921	1829.874039	1727.988699	-0.228794	-0.209727	-0.373476	-0.346063	
-0.005251	-0.405408	-0.526123	154.312743	154.312763	153.910338	153.910364	0.000000	34.486547	0.000176	6.508165	6.508165	6.508165	6.508165	32.745137	0.078478	-0.010871	0.060107	0.060536	0.057342	0.057771	0.002664	0.002675	0.002475	0.002490	1238.230364	1205.461574	1777.983725	1738.949707	-0.105720	-0.102719	-0.156774	-0.152981	
-0.004768	1.345334	0.423358	154.554653	154.554673	154.151053	154.151079	0.000000	34.668153	0.007432	6.499205	6.499205	6.499205	6.499205	31.967024	-0.016830	0.002818	0.087892	0.087775	0.085051	0.084935	-0.002263	-0.002258	-0.002183	-0.002180	1161.804276	1188.172525	1791.545631	1822.955357	0.060008	0.061087	0.083254	0.084294	
-0.010459	0.435104	0.375444	154.543058	154.543077	154.139332	154.139358	0.000000	34.420914	-0.002468	6.489044	6.489044	6.489044	6.489044	32.303553	-0.047160	-0.000776	0.076404	0.076436	0.073592	0.073624	-0.002030	-0.002026	-0.001946	-0.001942	1164.484861	1187.868873	1718.877591	1746.732510	0.063226	0.064558	0.095507	0.097168	
0.019395	-0.405808	1.156183	154.737358	154.737378	154.334276	154.334302	0.000000	34.565598	0.003312	6.489534	6.489534	6.489534	6.489534	33.073070	-0.108578	0.027967	0.053240	0.052154	0.050496	0.049413	-0.005220	-0.005086	-0.004320	-0.004187	1173.066130	1245.077287	1688.486666	1774.265997	0.224046	0.238837	0.331844	0.350101	
0.004584	0.394330	-0.248824	154.386561	154.386581	153.983749	153.983775	0.000000	34.374592	-0.004334	6.481361	6.481361	6.481361	6.481361	32.317947	-0.013421	0.000145	0.074854	0.074848	0.072049	0.072044	0.001314	0.001316	0.001274	0.001275	1218.598229	1203.100603	1812.025971	1793.565276	-0.039337	-0.038769	-0.062669	-0.061894	
0.001534	-0.030866	-0.898690	154.223333	154.223352	153.821016	153.821041	0.000000	34.445404	-0.001507	6.496102	6.496102	6.496102	6.496102	32.672582	0.076919	-0.014137	0.061780	0.062341	0.059010	0.059570	0.004374	0.004438	0.003729	0.003808	1227.324102	1171.350525	1775.798576	1709.123130	-0.165478	-0.156681	-0.258963	-0.246882	
-0.011334	0.551989	0.421147	154.556042	154.556061	154.153159	154.153185	0.000000	34.486623	0.000136	6.502976	6.502976	6.502976	6.502976	32.320313	-0.017427	-0.002219	0.075907	0.075997	0.073102	0.073193	-0.002220	-0.002215	-0.002139	-0.002135	1181.171992	1207.402527	1765.423903	1796.669585	0.069246	0.070564	0.096742	0.098112	
-0.018171	-0.721223	0.290615	154.525865	154.525885	154.122273	154.122299	0.000000	34.394714	-0.003550	6.488971	6.488971	6.488971	6.488971	32.823550	-0.038436	-0.007919	0.059093	0.059405	0.056327	0.056638	-0.001536	-0.001534	-0.001471	-0.001468	1209.079038	1227.179583	1713.110868	1734.672147	0.061548	0.062748	0.099412	0.101269	
0.027983	0.011472	-0.596534	154.303032	154.303052	153.899931	153.899956	0.000000	34.494606	0.000438	6.490255	6.490255	6.490255	6.490255	32.564828	0.048989	0.007115	0.066267	0.065983	0.063482	0.063198	0.003038	0.003055	0.002774	0.002797	1232.132691	1194.978455	1798.284660	1754.026719	-0.104821	-0.101139	-0.165849	-0.160729	
0.006118	0.232495	0.650854	154.615427	154.615446	154.212569	154.212594	0.000000	34.565336	0.003261	6.499629	6.499629	6.499629	6.499629	32.547244	-0.047918	0.014444	0.069150	0.068572	0.066364	0.065787	-0.003324	-0.003306	-0.003093	-0.003074	1179.401141	1219.938615	1741.289195	1789.577232	0.113172	0.116723	0.160526	0.164410	
-0.012265	0.025431	-0.235983	154.396016	154.396035	153.992693	153.992719	0.000000	34.271496	-0.008500	6.486475	6.486475	6.486475	6.486475	32.453852	0.006097	-0.011266	0.070189	0.070642	0.067393	0.067846	0.001260	0.001261	0.001223	0.001224	1212.099594	1197.401732	1767.440732	1749.932711	-0.041698	-0.041099	-0.066484	-0.065632	
0.036686	1.103926	-0.573458	154.310631	154.310650	153.907775	153.907800	0.000000	34.432139	-0.002081	6.495714	6.495714	6.495714	6.495714	32.035892	0.065718	0.013715	0.084064	0.083498	0.081234	0.080670	0.003042	0.003055	0.002864	0.002875	1190.530097	1154.813115	1803.204612	1760.658722	-0.084949	-0.082525	-0.125377	-0.122642	
0.003362	0.461592	-0.761424	154.265502	154.265521	153.862441	153.862466	0.000000	34.512977	0.001145	6.499304	6.499304	6.499304	6.499304	32.376279	0.096016	-0.007873	0.071914	0.072232	0.069113	0.069431	0.003906	0.003940	0.003515	0.003554	1201.228940	1153.804774	1766.128578	1709.637148	-0.130160	-0.124782	-0.195535	-0.188892	
-0.012489	-0.360511	0.078427	154.477156	154.477175	154.073726	154.073751	0.000000	34.495631	0.000443	6.501212	6.501212	6.501212	6.501212	32.621945	0.023796	-0.006589	0.065328	0.065591	0.062546	0.062808	-0.000421	-0.000421	-0.000416	-0.000416	1207.598829	1212.483553	1734.350475	1740.169133	0.015741	0.015810	0.023536	0.023625	
0.023701	0.348960	0.516715	154.588178	154.588197	154.184507	154.184532	0.000000	34.453778	-0.001240	6.492300	6.492300	6.492300	6.492300	32.435221	-0.041572	0.023056	0.072828	0.071899	0.070027	0.069100	-0.002697	-0.002688	-0.002548	-0.002538	1182.156422	1214.339267	1753.100761	1791.436806	0.086190	0.088491	0.126597	0.129278	
0.013079	0.703461	-0.440558	154.348437	154.348456	153.945164	153.945189	0.000000	34.563443	0.003139	6.487637	6.487637	6.487637	6.487637	32.181206	0.030770	0.002890	0.079211	0.079093	0.076391	0.076273	0.002350	0.002357	0.002231	0.002237	1196.687679	1169.248132	1786.222108	1753.536256	-0.068955	-0.067266	-0.106587	-0.104434	
-0.009859	0.769293	-0.107450	154.431430	154.431449	154.028626	154.028651	0.000000	34.282109	-0.008121	6.497718	6.497718	6.497718	6.497718	32.102051	0.020986	-0.007421	0.082242	0.082547	0.079419	0.079723	0.000588	0.000588	0.000577	0.000577	1176.871022	1170.178640	1759.430530	1751.458597	-0.017207	-0.017114	-0.025107	-0.025002	
-0.008089	-0.428160	1.496565	154.834610	154.834629	154.431439	154.431463	0.000000	34.460342	-0.000999	6.494212	6.494212	6.494212	6.494212	33.229264	-0.103613	0.011945	0.048637	0.048177	0.045906	0.045448	-0.006177	-0.005930	-0.005020	-0.004821	1157.016635	1250.228031	1662.427888	1773.460839	0.296189	0.319112	0.417121	0.442510	
0.011063	0.622098	0.607911	154.613015	154.613034	154.209803	154.209828	0.000000	34.445194	-0.001612	6.477287	6.477287	6.477287	6.477287	32.367128	-0.095726	0.017160	0.075140	0.074445	0.072336	0.071643	-0.003127	-0.003112	-0.002909	-0.002893	1190.572516	1228.435355	1796.653334	1841.755359	0.090327	0.093307	0.138774	0.142440	
0.002081	-0.135070	0.371977	154.551870	154.551888	154.149607	154.149632	0.000000	34.522685	0.001483	6.486583	6.486583	6.486583	6.486583	32.585960	-0.073192	0.007815	0.067308	0.066996	0.064530	0.064219	-0.001968	-0.001964	-0.001875	-0.001870	1192.067388	1215.235440	1728.988776	1756.586445	0.068386	0.069932	0.106888	0.109023	
0.003851	-0.331808	-0.303002	154.384530	154.384548	153.982227	153.982252	0.000000	34.330928	-0.006192	6.489133	6.489133	6.489133	6.489133	32.631121	0.006411	-0.002694	0.064468	0.064575	0.061694	0.061801	0.001597	0.001600	0.001533	0.001535	1225.051948	1206.179908	1762.734358	1740.254078	-0.057976	-0.056869	-0.093389	-0.091741	
-0.013009	-0.169364	0.246118	154.522994	154.523013	154.120414	154.120439	0.000000	34.285809	-0.008002	6.496177	6.496177	6.496177	6.496177	32.582570	-0.025138	-0.005222	0.066959	0.067168	0.064180	0.064388	-0.001304	-0.001303	-0.001270	-0.001269	1204.917897	1220.247029	1749.674375	1767.934361	0.046060	0.046686	0.068974	0.069767	
0.018573	0.336863	0.426373	154.570033	154.570051	154.166970	154.166994	0.000000	34.381064	-0.004199	6.490354	6.490354	6.490354	6.490354	32.404881	-0.050539	0.017911	0.073603	0.072880	0.070804	0.070082	-0.002250	-0.002244	-0.002147	-0.002142	1184.100090	1210.656137	1753.587044	1785.220475	0.071187	0.072804	0.106005	0.107949	
0.024938	-0.063197	0.103722	154.489452	154.489470	154.086492	154.086516	0.000000	34.620237	0.005361	6.488386	6.488386	6.488386	6.488386	32.487376	-0.027705	0.019383	0.070348	0.069569	0.067556	0.066779	-0.000559	-0.000559	-0.000549	-0.000549	1199.610094	1206.070245	1743.298760	1750.994059	0.018887	0.019005	0.029529	0.029692	
-0.014005	-0.107023	0.283638	154.534654	154.534672	154.131906	154.131930	0.000000	34.685904	0.007982	6.491773	6.491773	6.491773	6.491773	32.554815	-0.042937	-0.003253	0.067989	0.068119	0.065205	0.065335	-0.001507	-0.001505	-0.001459	-0.001457	1197.692311	1215.358275	1740.724260	1761.767868	0.052239	0.053090	0.079644	0.080758	
0.010761	-0.385571	1.338014	154.799376	154.799395	154.396525	154.396549	0.000000	34.590049	0.004142	6.489867	6.489867	6.489867	6.489867	33.154810	-0.117157	0.023387	0.050974	0.050070	0.048239	0.047338	-0.005775	-0.005590	-0.004733	-0.004568	1174.457523	1257.793770	1698.393195	1797.662917	0.253979	0.272199	0.367594	0.388770	
0.005252	0.647283	0.352486	154.553472	154.553490	154.150650	154.150674	0.000000	34.422583	-0.002563	6.478757	6.478757	6.478757	6.478757	32.267960	-0.078344	0.010150	0.077887	0.077473	0.075077	0.074665	-0.001855	-0.001852	-0.001783	-0.001780	1195.539461	1217.493547	1801.930442	1828.082039	0.052664	0.053679	0.081364	0.082633	
0.002363	-1.006770	-0.366480	154.372438	154.372456	153.970247	153.970271	0.000000	34.465550	-0.000848	6.489078	6.489078	6.489078	6.489078	32.947354	0.009962	-0.004651	0.054130	0.054312	0.051384	0.051565	0.001905	0.001911	0.001761	0.001771	1235.710587	1212.884885	1726.407668	1699.217806	-0.084138	-0.081870	-0.144574	-0.140522	
0.004935	0.279239	-0.546343	154.329254	154.329273	153.926811	153.926835	0.000000	34.418407	-0.002739	6.496684	6.496684	6.496684	6.496684	32.440790	0.059110	-0.005613	0.070270	0.070496	0.067479	0.067705	0.002807	0.002819	0.002627	0.002640	1227.106812	1193.078622	1811.728722	1771.194511	-0.091909	-0.089257	-0.138313	-0.135043	
-0.008335	0.232476	-0.198285	154.418452	154.418470	154.015396	154.015419	0.000000	34.428552	-0.002340	6.498510	6.498510	6.498510	6.498510	32.364187	0.041307	-0.008247	0.073370	0.073704	0.070568	0.070902	0.001065	0.001066	0.001042	0.001042	1202.084081	1189.734196	1764.821711	1750.110589	-0.034795	-0.034429	-0.051647	-0.051201	
-0.001276	-0.250733	0.384724	154.565652	154.565670	154.162245	154.162269	0.000000	34.427305	-0.002398	6.494764	6.494764	6.494764	6.494764	32.651778	-0.025443	0.004561	0.065187	0.065005	0.062406	0.062226	-0.002024	-0.002020	-0.001930	-0.001925	1194.714607	1218.676566	1725.183959	1753.727324	0.074126	0.075753	0.111557	0.113659	
-0.002935	0.173502	0.787436	154.666710	154.666728	154.263399	154.263423	0.000000	34.567786	0.003214	6.488578	6.488578	6.488578	6.488578	32.634634	-0.084439	0.009913	0.066550	0.066155	0.063769	0.063375	-0.003941	-0.003906	-0.003552	-0.003513	1179.392161	1228.436470	1740.224481	1798.645817	0.134063	0.139672	0.198129	0.204781	
-0.010938	0.308373	0.366825	154.561209	154.561227	154.158307	154.158330	0.000000	34.678741	0.007646	6.484331	6.484331	6.484331	6.484331	32.397369	-0.069415	-0.001471	0.073399	0.073459	0.070601	0.070661	-0.001944	-0.001941	-0.001864	-0.001860	1188.314248	1211.161401	1758.385170	1785.600584	0.060586	0.061842	0.093060	0.094670	
0.010628	-0.856428	-0.462224	154.353635	154.353653	153.951144	153.951168	0.000000	34.513732	0.001040	6.488754	6.488754	6.488754	6.488754	32.914206	0.023311	-0.001920	0.055117	0.055192	0.052365	0.052441	0.002365	0.002376	0.002139	0.002158	1238.518835	1209.729907	1742.304015	1708.010788	-0.101137	-0.097828	-0.171449	-0.165785	
0.013042	-0.227576	0.364534	154.561412	154.561430	154.158838	154.158862	0.000000	34.464745	-0.000924	6.497483	6.497483	6.497483	6.497483	32.662853	-0.028273	0.013872	0.064981	0.064430	0.062207	0.061657	-0.001892	-0.001889	-0.001818	-0.001814	1211.465598	1234.170040	1762.038664	1789.084082	0.068166	0.069483	0.100513	0.102123	
-0.034643	1.104285	-0.052547	154.459362	154.459380	154.056236	154.056259	0.000000	34.493780	0.000230	6.488739	6.488739	6.488739	6.488739	31.983294	-0.008950	-0.022726	0.086139	0.087081	0.083304	0.084244	0.000285	0.000285	0.000279	0.000279	1180.647993	1177.375178	1797.339640	1793.441078	-0.007619	-0.007599	-0.011315	-0.011292	
0.023734	0.166653	0.623899	154.628114	154.628132	154.225206	154.225229	0.000000	34.324303	-0.006555	6.493043	6.493043	6.493043	6.493043	32.537388	-0.061388	0.022527	0.069724	0.068821	0.066937	0.066036	-0.003247	-0.003229	-0.002998	-0.002977	1164.512519	1203.371173	1703.409202	1749.697437	0.111744	0.115531	0.164465	0.169008	
-0.014277	-0.257615	1.004097	154.724324	154.724341	154.321358	154.321381	0.000000	34.647648	0.006372	6.485943	6.485943	6.485943	6.485943	32.940027	-0.111786	0.006719	0.056991	0.056728	0.054238	0.053976	-0.004738	-0.004652	-0.004030	-0.003936	1180.858167	1243.396867	1713.130968	1787.626756	0.185539	0.196219	0.278801	0.292249	
0.015502	-1.145435	0.012542	154.476036	154.476054	154.073380	154.073403	0.000000	34.291330	-0.007886	6.481906	6.481906	6.481906	6.481906	32.974485	-0.038757	0.009555	0.054247	0.053875	0.051499	0.051128	-0.000066	-0.000066	-0.000065	-0.000065	1248.115951	1248.897096	1751.898327	1752.828823	0.002790	0.002793	0.004880	0.004885	
-0.015252	-0.484450	-0.975824	154.228586	154.228603	153.826317	153.826340	0.000000	34.484701	-0.000155	6.492331	6.492331	6.492331	6.492331	32.944931	0.066411	-0.025436	0.052820	0.053813	0.050074	0.051064	0.004495	0.004583	0.003674	0.003784	1262.025823	1201.248067	1808.720282	1736.322123	-0.189042	-0.177621	-0.305483	-0.288557	
0.003282	0.327988	0.083342	154.495425	154.495443	154.092743	154.092766	0.000000	34.533351	0.001785	6.502753	6.502753	6.502753	6.502753	32.362011	0.016624	0.001546	0.074176	0.074113	0.071376	0.071314	-0.000443	-0.000443	-0.000436	-0.000436	1206.102885	1211.293726	1789.538461	1795.721765	0.014128	0.014183	0.020095	0.020156	
-0.018423	0.094013	-0.304835	154.401167	154.401184	153.997679	153.997702	0.000000	34.461924	-0.001080	6.491516	6.491516	6.491516	6.491516	32.433311	0.036044	-0.016774	0.070791	0.071467	0.067993	0.068667	0.001628	0.001630	0.001570	0.001572	1206.773735	1187.787524	1759.971765	1737.355485	-0.054409	-0.053443	-0.084365	-0.083066	
0.002121	-0.183432	-0.982468	154.231202	154.231219	153.827984	153.828007	0.000000	34.383192	-0.004236	6.495501	6.495501	6.495501	6.495501	32.787251	0.099613	-0.015977	0.058085	0.058715	0.055319	0.055947	0.004642	0.004729	0.003860	0.003964	1237.555827	1176.364239	1782.151797	1709.260682	-0.185587	-0.174677	-0.291963	-0.276734	
-0.008610	0.446000	0.538810	154.612646	154.612663	154.209436	154.209458	0.000000	34.584346	0.003803	6.502663	6.502663	6.502663	6.502663	32.422696	-0.020144	0.001107	0.072970	0.072925	0.070172	0.070127	-0.002789	-0.002780	-0.002654	-0.002646	1183.885689	1217.444701	1765.606162	1805.581490	0.089948	0.092101	0.124785	0.126998	
0.009115	-0.696037	0.357014	154.569306	154.569323	154.165658	154.165680	0.000000	34.186542	-0.012118	6.486599	6.486599	6.486599	6.486599	32.845573	-0.043150	0.011531	0.059063	0.058610	0.056298	0.055846	-0.001867	-0.001863	-0.001765	-0.001758	1209.420829	1231.656909	1717.880887	1744.368396	0.074335	0.076101	0.119869	0.122578	
0.000484	1.060280	-0.289738	154.406085	154.406102	154.003098	154.003120	0.000000	34.391760	-0.003915	6.488429	6.488429	6.488429	6.488429	32.027910	0.014612	-0.003854	0.084642	0.084801	0.081811	0.081970	0.001551	0.001553	0.001502	0.001503	1194.812640	1176.766751	1816.774056	1795.277883	-0.041956	-0.041340	-0.062888	-0.062175	
-0.036546	-1.218903	0.016176	154.482995	154.483012	154.080289	154.080311	0.000000	34.571828	0.003282	6.495283	6.495283	6.495283	6.495283	32.979876	-0.000224	-0.024164	0.053465	0.054407	0.050719	0.051659	-0.000087	-0.000087	-0.000087	-0.000087	1222.343052	1223.350576	1691.203008	1692.403166	0.004076	0.004081	0.006775	0.006783	
0.022183	0.407227	0.160330	154.520773	154.520790	154.117739	154.117761	0.000000	34.532628	0.001708	6.492039	6.492039	6.492039	6.492039	32.332103	-0.012525	0.014492	0.075608	0.075021	0.072803	0.072217	-0.000851	-0.000851	-0.000834	-0.000834	1202.629291	1212.615227	1791.103304	1802.998501	0.026076	0.026291	0.038640	0.038893	
0.025096	-0.450856	0.096403	154.505215	154.505232	154.102180	154.102202	0.000000	34.511273	0.000847	6.490457	6.490457	6.490457	6.490457	32.658966	-0.013592	0.019525	0.064833	0.064057	0.062056	0.061281	-0.000518	-0.000518	-0.000511	-0.000511	1208.151060	1214.155398	1728.400014	1735.552352	0.019318	0.019436	0.030545	0.030716	
-0.000292	-0.524806	0.449723	154.593909	154.593926	154.191004	154.191026	0.000000	34.740278	0.010001	6.491111	6.491111	6.491111	6.491111	32.817049	-0.052129	0.008399	0.060091	0.059760	0.057328	0.056998	-0.002313	-0.002306	-0.002167	-0.002156	1209.064140	1237.074484	1734.279471	1767.645253	0.089615	0.092034	0.138092	0.141407	
-0.014211	-1.156035	0.263556	154.548066	154.548083	154.145179	154.145202	0.000000	34.697545	0.008286	6.487380	6.487380	6.487380	6.487380	33.036025	-0.047704	-0.005192	0.052487	0.052689	0.049743	0.049945	-0.001367	-0.001366	-0.001309	-0.001306	1236.809060	1253.224264	1734.298800	1753.852509	0.060063	0.061182	0.100132	0.102016	
0.028571	-0.143371	0.032720	154.490381	154.490398	154.087690	154.087712	0.000000	34.468955	-0.000863	6.489306	6.489306	6.489306	6.489306	32.554042	-0.016427	0.018171	0.068137	0.067410	0.065353	0.064628	-0.000173	-0.000173	-0.000171	-0.000171	1223.264422	1225.302355	1784.571446	1786.999022	0.005870	0.005881	0.009095	0.009110	
0.022913	0.193228	0.056882	154.497194	154.497211	154.094496	154.094518	0.000000	34.477092	-0.000543	6.491728	6.491728	6.491728	6.491728	32.384653	-0.011130	0.017779	0.073765	0.073046	0.070966	0.070250	-0.000306	-0.000306	-0.000301	-0.000301	1198.634591	1202.177409	1761.562164	1765.782351	0.009853	0.009884	0.014900	0.014939	
-0.015308	-0.203743	-0.224395	154.427929	154.427946	154.025073	154.025095	0.000000	34.451073	-0.001589	6.491442	6.491442	6.491442	6.491442	32.555754	0.017057	-0.012000	0.067046	0.067526	0.064262	0.064741	0.001200	0.001201	0.001167	0.001168	1213.026902	1199.050805	1750.361906	1733.713650	-0.042595	-0.042015	-0.066899	-0.066082	
0.001032	0.633538	-0.036621	154.475574	154.475591	154.072661	154.072683	0.000000	34.588997	0.003922	6.494361	6.494361	6.494361	6.494361	32.189579	0.011043	-0.000917	0.079741	0.079778	0.076924	0.076962	0.000198	0.000198	0.000195	0.000195	1189.658465	1187.377557	1777.080884	1774.363878	-0.005872	-0.005861	-0.008641	-0.008628	
0.005288	0.795626	0.031762	154.493845	154.493862	154.090766	154.090788	0.000000	34.585164	0.003762	6.492356	6.492356	6.492356	6.492356	32.095960	0.000953	0.004070	0.083121	0.082953	0.080295	0.080128	-0.000174	-0.000174	-0.000171	-0.000171	1172.072680	1174.050938	1755.512205	1757.868697	0.005013	0.005021	0.007400	0.007409	
0.006052	-1.092135	-0.643150	154.325607	154.325624	153.922556	153.922578	0.000000	34.517730	0.001058	6.491591	6.491591	6.491591	6.491591	33.094387	0.058873	-0.006081	0.049101	0.049337	0.046362	0.046596	0.003135	0.003170	0.002608	0.002668	1241.473726	1201.416048	1723.410646	1675.694140	-0.154005	-0.146651	-0.264618	-0.251483	
0.008430	-0.641886	-0.680209	154.316858	154.316875	153.913884	153.913905	0.000000	34.683743	0.007693	6.498676	6.498676	6.498676	6.498676	32.925838	0.084671	-0.004373	0.054445	0.054616	0.051691	0.051862	0.003295	0.003323	0.002908	0.002947	1260.785828	1218.420015	1801.314813	1750.848868	-0.138111	-0.132557	-0.215892	-0.208055	
-0.000662	0.614470	0.496498	154.612893	154.612909	154.209565	154.209587	0.000000	34.418401	-0.002928	6.499044	6.499044	6.499044	6.499044	32.337816	-0.021504	0.007075	0.075909	0.075622	0.073102	0.072816	-0.002585	-0.002578	-0.002472	-0.002466	1184.882406	1215.806061	1780.740618	1817.576721	0.079233	0.080996	0.110977	0.112797	
0.017571	0.662564	-0.848670	154.277739	154.277755	153.874209	153.874231	0.000000	34.608043	0.004650	6.486591	6.486591	6.486591	6.486591	32.318589	0.074688	-0.003327	0.074005	0.074140	0.071195	0.071330	0.004322	0.004370	0.003811	0.003866	1207.561958	1154.703758	1794.016727	1731.052303	-0.134340	-0.127846	-0.210345	-0.201831	
-0.008701	1.110260	-0.075694	154.469768	154.469785	154.066857	154.066878	0.000000	34.413046	-0.003156	6.500705	6.500705	6.500705	6.500705	31.971747	0.033252	-0.006132	0.086948	0.087203	0.084113	0.084367	0.000414	0.000414	0.000406	0.000406	1170.772189	1166.057702	1776.259355	1770.643482	-0.011449	-0.011409	-0.016167	-0.016126	
0.025735	-0.076971	-0.293256	154.417974	154.417991	154.014623	154.014644	0.000000	34.637291	0.005807	6.492600	6.492600	6.492600	6.492600	32.492115	0.046180	0.012073	0.069549	0.069065	0.066756	0.066272	0.001581	0.001583	0.001523	0.001526	1199.336713	1181.071686	1730.096803	1708.339594	-0.055691	-0.054699	-0.086913	-0.085533	
-0.012997	0.055974	0.666471	154.657775	154.657792	154.254560	154.254581	0.000000	34.478463	-0.000553	6.494790	6.494790	6.494790	6.494790	32.638241	-0.052179	0.002799	0.066228	0.066117	0.063449	0.063337	-0.003386	-0.003365	-0.003117	-0.003093	1181.494462	1223.004666	1731.248385	1780.695134	0.119462	0.123565	0.173151	0.177906	
0.005851	0.842302	-0.005604	154.490654	154.490670	154.087463	154.087485	0.000000	34.413167	-0.003172	6.484704	6.484704	6.484704	6.484704	32.097997	-0.016958	0.003317	0.083014	0.082878	0.080188	0.080052	0.000030	0.000030	0.000030	0.000030	1185.541421	1185.192404	1786.907743	1786.491996	-0.000844	-0.000844	-0.001282	-0.001282	
0.035380	0.016137	0.111160	154.518882	154.518898	154.116211	154.116232	0.000000	34.310933	-0.007266	6.491727	6.491727	6.491727	6.491727	32.444926	-0.014666	0.025297	0.072072	0.071053	0.069278	0.068262	-0.000605	-0.000604	-0.000595	-0.000594	1187.991000	1194.914411	1725.611600	1733.858732	0.020479	0.020611	0.031299	0.031474	
-0.017852	-0.800659	-0.145537	154.456078	154.456094	154.053291	154.053312	0.000000	34.521220	0.001140	6.490529	6.490529	6.490529	6.490529	32.815278	0.006561	-0.011636	0.058809	0.059267	0.056048	0.056505	0.000775	0.000775	0.000760	0.000760	1228.580900	1219.516313	1735.111166	1724.313475	-0.031533	-0.031224	-0.051610	-0.051116	
-0.005718	-0.083708	0.363848	154.584015	154.584031	154.181167	154.181188	0.000000	34.632237	0.005575	6.493174	6.493174	6.493174	6.493174	32.594535	-0.035111	0.000351	0.067100	0.067086	0.064319	0.064305	-0.001901	-0.001898	-0.001826	-0.001822	1204.551742	1227.213512	1759.539450	1786.534037	0.065857	0.067151	0.098135	0.099737	
0.007496	0.077303	-0.341834	154.408660	154.408676	154.005670	154.005691	0.000000	34.434861	-0.002326	6.487794	6.487794	6.487794	6.487794	32.461568	0.024513	-0.001204	0.070224	0.070273	0.067431	0.067480	0.001808	0.001811	0.001732	0.001736	1215.426117	1194.135467	1775.817076	1750.455759	-0.060013	-0.058802	-0.094373	-0.092706	
0.004187	0.176510	0.135123	154.527738	154.527754	154.124968	154.124989	0.000000	34.543438	0.002012	6.495175	6.495175	6.495175	6.495175	32.402575	-0.005689	0.005013	0.073125	0.072923	0.070328	0.070126	-0.000727	-0.000727	-0.000715	-0.000714	1193.846581	1202.262544	1752.265673	1762.290726	0.023814	0.023985	0.035286	0.035494	
-0.003791	-0.011391	-0.159276	154.455802	154.455818	154.052761	154.052782	0.000000	34.597373	0.004163	6.490159	6.490159	6.490159	6.490159	32.464866	0.014431	-0.004617	0.070374	0.070560	0.067581	0.067766	0.000856	0.000857	0.000839	0.000839	1206.324598	1196.404296	1754.309639	1742.492625	-0.028944	-0.028672	-0.044984	-0.044615	
0.023669	-0.331013	0.150131	154.533222	154.533238	154.130285	154.130306	0.000000	34.465483	-0.001118	6.493191	6.493191	6.493191	6.493191	32.627590	-0.008451	0.017660	0.066014	0.065310	0.063234	0.062532	-0.000803	-0.000802	-0.000788	-0.000788	1207.241557	1216.592228	1738.157511	1749.295983	0.029284	0.029543	0.044938	0.045288	
-0.000883	0.392195	-1.235179	154.187908	154.187923	153.784901	153.784922	0.000000	34.354963	-0.005545	6.489931	6.489931	6.489931	6.489931	32.596976	0.099599	-0.020456	0.063872	0.064687	0.061091	0.061904	0.005765	0.005914	0.004706	0.004863	1235.712724	1158.781363	1819.624795	1727.984542	-0.203144	-0.188915	-0.317831	-0.299072	
-0.004870	-1.038022	-0.372157	154.403853	154.403869	154.000964	154.000985	0.000000	34.688788	0.007803	6.504487	6.504487	6.504487	6.504487	32.991900	0.073660	-0.009192	0.052833	0.053191	0.050086	0.050443	0.001907	0.001911	0.001791	0.001798	1246.693258	1223.513990	1746.863202	1719.252172	-0.087755	-0.085733	-0.136272	-0.133328	
0.014284	0.755668	0.255849	154.563875	154.563891	154.160274	154.160295	0.000000	34.592914	0.003960	6.495375	6.495375	6.495375	6.495375	32.208558	0.000654	0.013220	0.080011	0.079470	0.077190	0.076651	-0.001358	-0.001356	-0.001324	-0.001323	1190.578510	1206.513700	1797.797887	1816.779807	0.039436	0.039905	0.056364	0.056865	
0.015978	-0.541662	-0.815667	154.295851	154.295867	153.892372	153.892392	0.000000	34.461171	-0.001317	6.488657	6.488657	6.488657	6.488657	32.894361	0.073213	-0.001933	0.055358	0.055434	0.052598	0.052674	0.003939	0.003999	0.003263	0.003348	1235.296877	1184.494223	1751.892382	1691.376514	-0.167514	-0.158295	-0.278148	-0.263399	
0.015353	-0.663983	-0.062184	154.483629	154.483645	154.080666	154.080687	0.000000	34.466791	-0.001098	6.499940	6.499940	6.499940	6.499940	32.779518	0.033619	0.010173	0.060583	0.060182	0.057816	0.057416	0.000328	0.000328	0.000324	0.000324	1235.981448	1232.108419	1764.748207	1760.134675	-0.012964	-0.012918	-0.019699	-0.019637	
-0.003867	0.786375	0.824668	154.707605	154.707620	154.304251	154.304272	0.000000	34.460285	-0.001365	6.492018	6.492018	6.492018	6.492018	32.376387	-0.069805	0.010765	0.075360	0.074924	0.072556	0.072122	-0.004179	-0.004147	-0.003841	-0.003810	1165.512884	1216.876166	1763.722328	1824.906012	0.126256	0.131020	0.178197	0.183104	
0.008175	-0.488546	0.613032	154.654489	154.654505	154.251312	154.251332	0.000000	34.447156	-0.001897	6.482615	6.482615	6.482615	6.482615	32.862188	-0.083409	0.015315	0.059186	0.058584	0.056424	0.055824	-0.003104	-0.003082	-0.002783	-0.002751	1194.423463	1232.605282	1711.049427	1756.531418	0.120494	0.125259	0.191228	0.198155	
0.002268	-0.059412	-0.135544	154.466189	154.466205	154.063669	154.063689	0.000000	34.456926	-0.001510	6.484841	6.484841	6.484841	6.484841	32.506807	-0.015356	-0.000298	0.069151	0.069163	0.066365	0.066377	0.000720	0.000720	0.000706	0.000706	1220.885468	1212.443295	1781.774919	1771.718644	-0.023944	-0.023749	-0.037995	-0.037721	
0.021550	-0.167454	0.654067	154.664026	154.664041	154.261672	154.261692	0.000000	34.528545	0.001351	6.492743	6.492743	6.492743	6.492743	32.739947	-0.066839	0.023399	0.063367	0.062440	0.060601	0.059677	-0.003303	-0.003281	-0.003019	-0.002993	1188.384142	1229.121769	1726.591569	1775.118027	0.122137	0.126483	0.180293	0.185606	
0.004073	0.176739	0.262894	154.568019	154.568034	154.165246	154.165267	0.000000	34.466340	-0.001143	6.484423	6.484423	6.484423	6.484423	32.439351	-0.052557	0.008445	0.072257	0.071917	0.069463	0.069124	-0.001396	-0.001395	-0.001355	-0.001353	1198.331151	1214.705111	1765.471572	1784.976151	0.044493	0.045159	0.068554	0.069421	
0.008971	-0.004856	0.269938	154.569228	154.569243	154.166693	154.166713	0.000000	34.485316	-0.000388	6.488465	6.488465	6.488465	6.488465	32.508359	-0.046714	0.010303	0.070026	0.069613	0.067240	0.066827	-0.001441	-0.001439	-0.001397	-0.001395	1193.894654	1210.707355	1740.923741	1760.950947	0.048611	0.049367	0.074427	0.075420	
0.002518	-0.650162	-0.962638	154.261992	154.262007	153.859411	153.859431	0.000000	34.622105	0.005079	6.488409	6.488409	6.488409	6.488409	33.009812	0.063243	-0.013997	0.051202	0.051746	0.048458	0.049001	0.004431	0.004528	0.003520	0.003647	1251.868909	1191.912396	1773.576583	1702.156684	-0.198399	-0.185556	-0.331120	-0.310466	
-0.020971	1.047784	0.274605	154.571895	154.571911	154.169251	154.169271	0.000000	34.539105	0.001755	6.501350	6.501350	6.501350	6.501350	32.094547	-0.008054	-0.010785	0.083410	0.083854	0.080588	0.081031	-0.001460	-0.001458	-0.001424	-0.001423	1182.623930	1199.727326	1806.190338	1826.563818	0.040806	0.041274	0.056257	0.056712	
-0.000020	-0.353833	0.851494	154.718889	154.718904	154.315532	154.315552	0.000000	34.503896	0.000339	6.488299	6.488299	6.488299	6.488299	32.908595	-0.079199	0.011232	0.058052	0.057611	0.055293	0.054854	-0.004146	-0.004089	-0.003592	-0.003525	1174.864827	1227.898928	1687.896569	1751.070526	0.167039	0.175463	0.251623	0.262533	
0.003200	0.088621	0.665608	154.671451	154.671466	154.268450	154.268470	0.000000	34.525151	0.001184	6.482142	6.482142	6.482142	6.482142	32.634430	-0.092562	0.012569	0.066642	0.066141	0.063863	0.063363	-0.003369	-0.003347	-0.003077	-0.003051	1193.345565	1234.802010	1759.085054	1808.467765	0.112438	0.116637	0.171468	0.176791	
0.025281	-0.155111	-0.405432	154.402843	154.402858	154.000440	154.000460	0.000000	34.550033	0.002175	6.484125	6.484125	6.484125	6.484125	32.583974	0.011361	0.009776	0.066383	0.065993	0.063604	0.063215	0.002120	0.002126	0.001997	0.002005	1224.926580	1199.674830	1774.452587	1744.372829	-0.073931	-0.072049	-0.120022	-0.117220	
-0.003366	0.339049	1.141609	154.790037	154.790052	154.387754	154.387774	0.000000	34.418842	-0.003076	6.495408	6.495408	6.495408	6.495408	32.730970	-0.098291	0.013837	0.064336	0.063787	0.061570	0.061022	-0.005390	-0.005297	-0.004733	-0.004649	1161.809552	1232.913012	1727.203920	1811.902006	0.192095	0.202028	0.266052	0.276187	
-0.012058	-0.506079	0.321209	154.587281	154.587296	154.184390	154.184409	0.000000	34.592175	0.003852	6.479136	6.479136	6.479136	6.479136	32.759664	-0.069738	-0.002608	0.061685	0.061788	0.058918	0.059021	-0.001681	-0.001678	-0.001604	-0.001600	1214.759543	1234.765558	1744.216590	1768.047654	0.061829	0.063145	0.101349	0.103392	
0.028438	0.355782	-0.755134	154.316438	154.316453	153.914121	153.914140	0.000000	34.580000	0.003362	6.487658	6.487658	6.487658	6.487658	32.460540	0.051446	0.004520	0.069734	0.069553	0.066945	0.066764	0.003810	0.003843	0.003405	0.003445	1225.781910	1178.749497	1809.367985	1753.343211	-0.124312	-0.118986	-0.194518	-0.187447	
0.009642	0.174182	0.498605	154.631174	154.631189	154.228760	154.228779	0.000000	34.408016	-0.003522	6.499047	6.499047	6.499047	6.499047	32.517177	-0.033120	0.014474	0.070249	0.069668	0.067463	0.066884	-0.002601	-0.002593	-0.002469	-0.002461	1182.560038	1213.614926	1738.654920	1775.647347	0.088704	0.090869	0.126267	0.128678	
0.022457	0.528983	-0.163609	154.468241	154.468256	154.065074	154.065093	0.000000	34.544299	0.001924	6.485804	6.485804	6.485804	6.485804	32.232843	0.007195	0.013230	0.078529	0.077989	0.075714	0.075176	0.000883	0.000883	0.000863	0.000863	1195.277532	1185.087398	1776.476599	1764.338163	-0.026357	-0.026117	-0.040523	-0.040217	
-0.001843	0.969382	0.708709	154.685227	154.685242	154.282435	154.282455	0.000000	34.539707	0.001735	6.492670	6.492670	6.492670	6.492670	32.211781	-0.070573	0.010753	0.080700	0.080260	0.077886	0.077447	-0.003717	-0.003696	-0.003465	-0.003445	1147.579841	1191.720784	1737.866040	1790.446511	0.108160	0.111726	0.152852	0.156533	
-0.001259	1.244483	-0.323676	154.428439	154.428454	154.025551	154.025570	0.000000	34.579492	0.003321	6.483543	6.483543	6.483543	6.483543	31.907106	0.009203	-0.006461	0.088852	0.089121	0.086011	0.086279	0.001770	0.001773	0.001705	0.001707	1171.639245	1151.479539	1782.286979	1758.272838	-0.046434	-0.045633	-0.070715	-0.069760	
0.005577	-0.179062	0.228644	154.565716	154.565731	154.163203	154.163222	0.000000	34.534997	0.001537	6.494340	6.494340	6.494340	6.494340	32.553670	-0.020653	0.006606	0.068438	0.068174	0.065656	0.065392	-0.001239	-0.001238	-0.001207	-0.001206	1183.925357	1198.166115	1703.886748	1720.850268	0.044758	0.045357	0.067723	0.068511	
0.011376	-0.100027	-0.879332	154.290711	154.290726	153.887830	153.887849	0.000000	34.419459	-0.003089	6.488556	6.488556	6.488556	6.488556	32.715672	0.072706	-0.007123	0.060984	0.061266	0.058213	0.058495	0.004271	0.004333	0.003625	0.003704	1235.731017	1180.963083	1788.315833	1723.076543	-0.160469	-0.151849	-0.257145	-0.244744	
0.025533	0.135973	-0.453027	154.397237	154.397252	153.994431	153.994450	0.000000	34.543700	0.001875	6.500144	6.500144	6.500144	6.500144	32.481946	0.074799	0.010508	0.069709	0.069287	0.066918	0.066498	0.002357	0.002363	0.002239	0.002246	1220.990787	1192.774652	1789.354586	1755.743668	-0.080344	-0.078456	-0.118650	-0.116371	
-0.000237	-0.099120	0.614524	154.666522	154.666536	154.263189	154.263208	0.000000	34.503841	0.000274	6.495652	6.495652	6.495652	6.495652	32.693559	-0.036289	0.010642	0.064640	0.064218	0.061864	0.061442	-0.003129	-0.003112	-0.002895	-0.002875	1187.011241	1225.286009	1728.320176	1773.912888	0.114387	0.118055	0.165962	0.170279	
-0.005650	-0.420134	-0.266546	154.446648	154.446662	154.043272	154.043291	0.000000	34.542125	0.001799	6.484339	6.484339	6.484339	6.484339	32.676688	0.014076	-0.007594	0.063314	0.063615	0.060537	0.060837	0.001404	0.001406	0.001353	0.001355	1229.586886	1212.985426	1765.923599	1746.148024	-0.051352	-0.050467	-0.084053	-0.082687	
-0.013642	-0.335503	-0.046615	154.500330	154.500345	154.097617	154.097636	0.000000	34.410815	-0.003458	6.493583	6.493583	6.493583	6.493583	32.623610	0.009192	-0.010350	0.065359	0.065771	0.062582	0.062993	0.000248	0.000249	0.000245	0.000245	1219.927829	1217.024484	1758.969149	1755.510699	-0.009016	-0.008991	-0.013867	-0.013834	
-0.020553	-0.244650	0.605137	154.664903	154.664918	154.262006	154.262025	0.000000	34.543599	0.001848	6.491310	6.491310	6.491310	6.491310	32.760537	-0.057501	-0.005850	0.062126	0.062357	0.059359	0.059590	-0.003065	-0.003048	-0.002818	-0.002797	1195.550344	1233.240449	1733.830407	1778.726673	0.113911	0.117733	0.169782	0.174567	
0.036572	-0.780741	-0.195893	154.465106	154.465121	154.062159	154.062178	0.000000	34.409633	-0.003516	6.484398	6.484398	6.484398	6.484398	32.828269	0.005464	0.019518	0.059065	0.058297	0.056302	0.055536	0.001031	0.001031	0.001002	0.001003	1239.211515	1227.010627	1757.858003	1743.324366	-0.040822	-0.040275	-0.068386	-0.067479	
0.030429	-0.021286	-1.242107	154.202917	154.202932	153.800360	153.800379	0.000000	34.434118	-0.002541	6.492797	6.492797	6.492797	6.492797	32.815418	0.104070	0.001928	0.057335	0.057260	0.054575	0.054500	0.005586	0.005745	0.004486	0.004654	1253.269155	1175.906343	1821.649172	1729.494976	-0.220340	-0.204598	-0.344966	-0.323720	
0.014473	0.193952	0.609963	154.667554	154.667569	154.264734	154.264753	0.000000	34.631365	0.005344	6.503843	6.503843	6.503843	6.503843	32.578287	-0.023956	0.018977	0.068582	0.067823	0.065799	0.065042	-0.003101	-0.003087	-0.002921	-0.002908	1189.367218	1227.357869	1757.958674	1803.212948	0.107383	0.110269	0.147697	0.150662	
-0.017853	-0.160943	-1.065877	154.251330	154.251344	153.847735	153.847754	0.000000	34.572276	0.002973	6.484285	6.484285	6.484285	6.484285	32.809381	0.077826	-0.028983	0.057254	0.058394	0.054488	0.055625	0.004973	0.005088	0.003996	0.004137	1243.940352	1177.553721	1795.168530	1716.089107	-0.194720	-0.181541	-0.320019	-0.300140	
-0.005350	-0.173049	0.954019	154.754244	154.754258	154.351365	154.351384	0.000000	34.497941	-0.000005	6.501821	6.501821	6.501821	6.501821	32.909280	-0.056604	0.005940	0.058168	0.057935	0.055413	0.055181	-0.004486	-0.004427	-0.003994	-0.003938	1188.417711	1247.837425	1734.847301	1805.627767	0.179113	0.186884	0.246831	0.254987	
0.025027	-0.671527	1.506798	154.895342	154.895356	154.491962	154.491980	0.000000	34.496517	-0.000069	6.480649	6.480649	6.480649	6.480649	33.370325	-0.124232	0.035551	0.045064	0.043706	0.042342	0.040988	-0.006108	-0.005841	-0.004803	-0.004577	1187.782164	1281.630870	1707.308794	1819.100905	0.290382	0.315515	0.431525	0.462349	
-0.003181	0.028912	0.388779	154.613483	154.613497	154.210881	154.210900	0.000000	34.473543	-0.000992	6.474749	6.474749	6.474749	6.474749	32.573197	-0.085921	0.006344	0.068123	0.067869	0.065341	0.065088	-0.002007	-0.002002	-0.001910	-0.001905	1217.867398	1242.081908	1797.984588	1826.828792	0.063971	0.065449	0.102151	0.104207	
0.011001	0.769609	-0.263404	154.449143	154.449157	154.047334	154.047352	0.000000	34.324551	-0.006953	6.486551	6.486551	6.486551	6.486551	32.141422	-0.000933	0.002314	0.081240	0.081145	0.078427	0.078332	0.001417	0.001419	0.001375	0.001376	1193.564298	1177.158588	1790.313063	1770.770664	-0.040588	-0.040015	-0.061717	-0.061017	
0.016678	-0.432556	-0.179311	154.472000	154.472014	154.069825	154.069844	0.000000	34.390958	-0.004300	6.493445	6.493445	6.493445	6.493445	32.648570	0.020752	0.008473	0.064724	0.064387	0.061952	0.061615	0.000965	0.000966	0.000944	0.000945	1210.505406	1199.337278	1726.975807	1713.672388	-0.036665	-0.036255	-0.057514	-0.056925	
0.016115	0.193299	0.145977	154.555224	154.555238	154.152425	154.152443	0.000000	34.401522	-0.003882	6.492491	6.492491	6.492491	6.492491	32.411312	-0.007721	0.014077	0.073210	0.072641	0.070413	0.069846	-0.000781	-0.000781	-0.000767	-0.000767	1198.733668	1207.825635	1764.349590	1775.179897	0.025289	0.025485	0.037616	0.037855	
0.031231	-0.168459	0.005946	154.520941	154.520956	154.117950	154.117968	0.000000	34.380445	-0.004730	6.489004	6.489004	6.489004	6.489004	32.536283	-0.001377	0.022191	0.069012	0.068123	0.066224	0.065337	-0.000032	-0.000032	-0.000032	-0.000032	1205.702726	1206.073053	1744.480883	1744.922014	0.001115	0.001116	0.001737	0.001737	
0.003433	-0.424289	0.534271	154.653050	154.653064	154.250216	154.250234	0.000000	34.388569	-0.004410	6.490449	6.490449	6.490449	6.490449	32.810116	-0.055453	0.012500	0.060802	0.060309	0.058038	0.057547	-0.002728	-0.002715	-0.002521	-0.002504	1199.973806	1233.250109	1725.965110	1765.603676	0.105025	0.108304	0.159464	0.163798	
-0.012258	0.168162	-0.340559	154.434996	154.435010	154.032171	154.032189	0.000000	34.567366	0.002737	6.484894	6.484894	6.484894	6.484894	32.435713	0.014016	-0.013289	0.071017	0.071552	0.068223	0.068757	0.001794	0.001797	0.001720	0.001724	1219.501585	1198.290383	1792.168354	1766.901675	-0.057801	-0.056656	-0.090964	-0.089404	
0.004649	-0.553838	-0.605699	154.368316	154.368330	153.965772	153.965790	0.000000	34.399673	-0.003975	6.494062	6.494062	6.494062	6.494062	32.837602	0.064858	-0.007797	0.057563	0.057870	0.054805	0.055111	0.003038	0.003059	0.002707	0.002738	1235.939133	1198.214074	1758.283665	1713.345763	-0.124942	-0.120181	-0.199170	-0.192122	
0.007541	0.669130	-0.282348	154.450953	154.450967	154.048059	154.048077	0.000000	34.540306	0.001646	6.496865	6.496865	6.496865	6.496865	32.217020	0.053569	0.000908	0.078686	0.078649	0.075873	0.075836	0.001501	0.001502	0.001459	0.001460	1204.946243	1187.360591	1805.377973	1784.430032	-0.044751	-0.044138	-0.064999	-0.064314	
-0.011355	0.210727	-0.017031	154.518648	154.518662	154.115392	154.115410	0.000000	34.515168	0.000634	6.493392	6.493392	6.493392	6.493392	32.361811	0.018985	-0.006899	0.074173	0.074452	0.071369	0.071648	0.000093	0.000093	0.000091	0.000091	1190.278877	1189.218143	1743.210483	1741.946942	-0.003019	-0.003016	-0.004522	-0.004518	
0.013343	-0.285880	0.186878	154.569885	154.569899	154.166691	154.166709	0.000000	34.262061	-0.009496	6.490551	6.490551	6.490551	6.490551	32.614351	-0.011705	0.011242	0.066572	0.066123	0.063789	0.063342	-0.001001	-0.001000	-0.000979	-0.000979	1201.756578	1213.395975	1731.416847	1745.281638	0.036173	0.036575	0.055741	0.056290	
-0.003701	-0.093846	0.114874	154.551945	154.551958	154.148968	154.148986	0.000000	34.565947	0.002654	6.488396	6.488396	6.488396	6.488396	32.527217	-0.017868	0.000375	0.069087	0.069072	0.066300	0.066285	-0.000614	-0.000614	-0.000604	-0.000604	1206.446822	1213.601570	1755.509775	1764.032476	0.020928	0.021068	0.032259	0.032445	
0.010124	0.177989	-0.518926	154.393564	154.393578	153.990795	153.990813	0.000000	34.585114	0.003416	6.489145	6.489145	6.489145	6.489145	32.464163	0.047494	-0.002169	0.070015	0.070102	0.067223	0.067311	0.002703	0.002713	0.002518	0.002531	1216.165072	1183.844503	1780.783998	1742.283897	-0.090081	-0.087389	-0.140157	-0.136553	
0.019511	-0.632374	1.099302	154.798640	154.798654	154.395909	154.395927	0.000000	34.603202	0.004135	6.495806	6.495806	6.495806	6.495806	33.185739	-0.071297	0.026851	0.050056	0.049020	0.047324	0.046291	-0.004873	-0.004760	-0.004101	-0.003993	1185.834422	1254.302856	1694.731981	1776.291238	0.228272	0.241595	0.326754	0.342359	
-0.014467	-0.558979	-0.403654	154.424549	154.424563	154.021457	154.021474	0.000000	34.528939	0.001159	6.478785	6.478785	6.478785	6.478785	32.793876	0.011991	-0.014701	0.059223	0.059802	0.056458	0.057036	0.002063	0.002069	0.001926	0.001935	1252.750766	1227.609739	1799.288667	1769.340800	-0.076888	-0.074822	-0.130042	-0.126651	
0.000270	-0.169806	-0.138778	154.488713	154.488727	154.086359	154.086377	0.000000	34.578970	0.003157	6.494508	6.494508	6.494508	6.494508	32.564217	0.020431	-0.003295	0.067362	0.067494	0.064582	0.064714	0.000736	0.000737	0.000724	0.000724	1221.884101	1213.240523	1774.462654	1764.166467	-0.025813	-0.025614	-0.039158	-0.038899	
-0.002600	0.600886	-0.531876	154.392878	154.392892	153.990088	153.990106	0.000000	34.547572	0.001897	6.491791	6.491791	6.491791	6.491791	32.276923	0.061351	-0.010469	0.076048	0.076474	0.073241	0.073666	0.002791	0.002801	0.002623	0.002634	1206.224211	1173.097072	1795.112132	1755.651249	-0.085522	-0.083115	-0.128767	-0.125841	
-0.000535	-0.103651	-0.550538	154.388756	154.388770	153.985791	153.985809	0.000000	34.502797	0.000101	6.495836	6.495836	6.495836	6.495836	32.600459	0.077320	-0.009307	0.065366	0.065737	0.062585	0.062956	0.002844	0.002858	0.002622	0.002640	1217.221130	1182.931679	1758.294871	1717.449449	-0.104270	-0.100951	-0.159984	-0.155548	
-0.005448	0.072987	-0.247523	154.465770	154.465783	154.062581	154.062599	0.000000	34.626049	0.005025	6.496013	6.496013	6.496013	6.496013	32.461126	0.053242	-0.007193	0.070514	0.070804	0.067720	0.068009	0.001316	0.001318	0.001282	0.001283	1212.788518	1197.371877	1772.587806	1754.223580	-0.044450	-0.043857	-0.066485	-0.065746	
0.009222	-0.276939	-0.823438	154.322625	154.322639	153.919321	153.919338	0.000000	34.567613	0.002681	6.492775	6.492775	6.492775	6.492775	32.785820	0.094804	-0.007331	0.058929	0.059218	0.056162	0.056450	0.004002	0.004054	0.003428	0.003495	1235.981858	1184.695184	1775.502002	1714.409572	-0.158636	-0.150708	-0.250713	-0.239442	
0.018065	0.109464	0.583099	154.674421	154.674434	154.271261	154.271279	0.000000	34.528589	0.001115	6.498807	6.498807	6.498807	6.498807	32.602678	-0.023340	0.020300	0.067856	0.067045	0.065073	0.064264	-0.002976	-0.002963	-0.002797	-0.002783	1191.588193	1227.905683	1754.743687	1798.004899	0.103352	0.106208	0.145869	0.148982	
-0.011703	0.563393	-0.431808	154.422242	154.422255	154.018837	154.018854	0.000000	34.554082	0.002128	6.484004	6.484004	6.484004	6.484004	32.266135	0.033600	-0.013359	0.076554	0.077098	0.073742	0.074284	0.002288	0.002294	0.002172	0.002178	1205.293978	1178.399444	1792.860060	1760.823425	-0.068680	-0.067011	-0.106841	-0.104673	
-0.015459	0.229957	0.152266	154.566634	154.566647	154.163884	154.163901	0.000000	34.330653	-0.006814	6.494612	6.494612	6.494612	6.494612	32.377713	-0.005422	-0.008925	0.073938	0.074299	0.071139	0.071500	-0.000824	-0.000824	-0.000809	-0.000809	1185.961993	1195.445631	1740.579608	1751.876471	0.026887	0.027104	0.039634	0.039895	
0.016216	1.112134	-0.103380	154.504484	154.504497	154.101522	154.101540	0.000000	34.690834	0.007589	6.488523	6.488523	6.488523	6.488523	31.971464	0.011825	0.008025	0.087496	0.087163	0.084660	0.084328	0.000565	0.000565	0.000553	0.000553	1173.365545	1166.926654	1781.111510	1773.441535	-0.015239	-0.015160	-0.022514	-0.022425	
-0.022089	0.382853	-0.229107	154.472870	154.472883	154.070039	154.070057	0.000000	34.477343	-0.000956	6.491141	6.491141	6.491141	6.491141	32.279871	0.025964	-0.017327	0.076368	0.077073	0.073561	0.074264	0.001249	0.001251	0.001217	0.001218	1184.860923	1170.591352	1740.167454	1723.169612	-0.039585	-0.039076	-0.060086	-0.059438	
-0.002399	0.640782	0.586429	154.677533	154.677546	154.274675	154.274692	0.000000	34.477161	-0.000967	6.492468	6.492468	6.492468	6.492468	32.324655	-0.049845	0.005529	0.076766	0.076541	0.073961	0.073737	-0.003085	-0.003072	-0.002904	-0.002892	1161.714330	1198.239208	1736.489971	1779.998224	0.094948	0.097661	0.135894	0.138846	
-0.006258	-0.387370	0.080825	154.551946	154.551959	154.148975	154.148992	0.000000	34.698945	0.007899	6.483867	6.483867	6.483867	6.483867	32.634561	-0.027105	-0.002953	0.065504	0.065622	0.062726	0.062844	-0.000435	-0.000435	-0.000429	-0.000429	1206.691039	1211.725138	1730.225904	1736.222497	0.015800	0.015883	0.025479	0.025604	
-0.006927	1.080080	-1.409537	154.178492	154.178505	153.775937	153.775954	0.000000	34.435464	-0.002644	6.489145	6.489145	6.489145	6.489145	32.319546	0.110533	-0.030904	0.072724	0.073976	0.069923	0.071172	0.006676	0.006866	0.005503	0.005681	1222.701519	1134.910526	1845.196508	1740.620315	-0.205051	-0.189972	-0.312287	-0.294302	
-0.000815	0.343805	0.667688	154.698784	154.698797	154.296163	154.296180	0.000000	34.567543	0.002635	6.504875	6.504875	6.504875	6.504875	32.513306	-0.026308	0.006123	0.070676	0.070430	0.067890	0.067645	-0.003422	-0.003404	-0.003207	-0.003190	1168.438123	1210.024092	1727.966469	1777.503469	0.117667	0.121067	0.159912	0.163317	
-0.031205	0.955744	0.783768	154.731096	154.731109	154.327539	154.327556	0.000000	34.713271	0.008458	6.482970	6.482970	6.482970	6.482970	32.262547	-0.090102	-0.008071	0.078935	0.079264	0.076121	0.076449	-0.004059	-0.004028	-0.003726	-0.003697	1154.084345	1202.900217	1752.656229	1810.805452	0.115906	0.120408	0.168908	0.173820	
0.007044	-0.065935	0.130612	154.565443	154.565456	154.162625	154.162642	0.000000	34.404176	-0.003911	6.481634	6.481634	6.481634	6.481634	32.495231	-0.043666	0.004667	0.070319	0.070132	0.067530	0.067343	-0.000706	-0.000706	-0.000693	-0.000693	1194.555329	1202.690299	1733.137209	1742.827545	0.023763	0.023958	0.037901	0.038181	
0.000296	0.420512	0.152264	154.570371	154.570384	154.168105	154.168121	0.000000	34.542135	0.001605	6.488574	6.488574	6.488574	6.488574	32.302949	-0.031821	0.002429	0.076680	0.076581	0.073878	0.073779	-0.000821	-0.000821	-0.000805	-0.000804	1187.716877	1197.200431	1760.408474	1771.705235	0.025245	0.025451	0.037833	0.038084	
0.011169	0.163151	0.588089	154.680619	154.680632	154.278129	154.278146	0.000000	34.561312	0.002369	6.488356	6.488356	6.488356	6.488356	32.548153	-0.069320	0.016112	0.069605	0.068959	0.066821	0.066177	-0.003054	-0.003039	-0.002837	-0.002819	1175.310187	1211.938489	1724.949503	1768.580953	0.103130	0.106429	0.153073	0.157076	
-0.013324	0.563278	-0.788970	154.336935	154.336947	153.934304	153.934321	0.000000	34.469241	-0.001318	6.483730	6.483730	6.483730	6.483730	32.365105	0.049004	-0.022296	0.072489	0.073391	0.069691	0.070591	0.004018	0.004056	0.003575	0.003620	1214.764457	1165.624574	1802.600198	1744.065014	-0.125641	-0.119968	-0.197712	-0.190176	
-0.004031	0.663850	0.131117	154.566625	154.566638	154.164212	154.164229	0.000000	34.539823	0.001502	6.498190	6.498190	6.498190	6.498190	32.194128	0.004232	-0.002479	0.080193	0.080294	0.077380	0.077482	-0.000711	-0.000711	-0.000699	-0.000699	1177.839408	1186.005866	1759.452104	1769.179948	0.021394	0.021528	0.030450	0.030594	
-0.011582	0.193987	0.198593	154.586163	154.586175	154.183088	154.183105	0.000000	34.533085	0.001228	6.488516	6.488516	6.488516	6.488516	32.395384	-0.021086	-0.004754	0.073572	0.073764	0.070773	0.070964	-0.001075	-0.001075	-0.001051	-0.001050	1183.328687	1195.697749	1733.297965	1748.031929	0.034972	0.035364	0.052961	0.053460	
0.012452	0.623876	0.698677	154.710639	154.710652	154.307729	154.307745	0.000000	34.468491	-0.001361	6.487709	6.487709	6.487709	6.487709	32.381998	-0.075163	0.017991	0.075341	0.074613	0.072541	0.071814	-0.003620	-0.003597	-0.003347	-0.003324	1162.162498	1205.678599	1739.249693	1791.085855	0.111454	0.115363	0.161765	0.166122	
0.017063	-0.071844	0.284292	154.607145	154.607158	154.204451	154.204468	0.000000	34.461149	-0.001659	6.482479	6.482479	6.482479	6.482479	32.542723	-0.055992	0.016787	0.069288	0.068616	0.066503	0.065832	-0.001518	-0.001516	-0.001466	-0.001464	1193.531084	1211.237776	1734.903997	1755.996121	0.051493	0.052385	0.080894	0.082134	
0.024675	0.664234	-0.386303	154.438947	154.438959	154.036598	154.036614	0.000000	34.459907	-0.001711	6.486819	6.486819	6.486819	6.486819	32.210767	0.022224	0.010855	0.079015	0.078572	0.076204	0.075762	0.002060	0.002065	0.001973	0.001977	1199.321343	1175.261018	1790.049621	1761.389081	-0.060896	-0.059620	-0.092955	-0.091368	
-0.011633	-0.479160	0.380243	154.631426	154.631438	154.228996	154.229012	0.000000	34.413853	-0.003556	6.493886	6.493886	6.493886	6.493886	32.762849	-0.034417	-0.000664	0.061924	0.061950	0.059160	0.059186	-0.001999	-0.001994	-0.001900	-0.001894	1196.425842	1220.108710	1709.364987	1737.575902	0.078236	0.079992	0.118367	0.120709	
0.005506	0.284468	-0.182273	154.492496	154.492508	154.089606	154.089622	0.000000	34.325337	-0.007102	6.485794	6.485794	6.485794	6.485794	32.363315	0.008263	0.000110	0.074083	0.074079	0.071282	0.071278	0.000972	0.000973	0.000950	0.000951	1209.971513	1198.618907	1786.385923	1772.862755	-0.030441	-0.030129	-0.046978	-0.046573	
-0.014477	0.890710	0.102965	154.563229	154.563242	154.160567	154.160583	0.000000	34.420727	-0.003290	6.491644	6.491644	6.491644	6.491644	32.084461	-0.009838	-0.007878	0.083750	0.084074	0.080926	0.081250	-0.000561	-0.000561	-0.000550	-0.000550	1172.509138	1178.922190	1766.531451	1774.170646	0.015895	0.015975	0.023123	0.023213	
-0.014630	0.733743	-0.066101	154.522138	154.522151	154.119328	154.119344	0.000000	34.500849	-0.000089	6.488664	6.488664	6.488664	6.488664	32.120271	0.003078	-0.011761	0.082174	0.082657	0.079353	0.079835	0.000363	0.000363	0.000356	0.000356	1173.646318	1169.529292	1750.788091	1745.883910	-0.010572	-0.010535	-0.015829	-0.015784	
0.003817	-0.136354	0.734864	154.722525	154.722538	154.319760	154.319777	0.000000	34.472503	-0.001227	6.490395	6.490395	6.490395	6.490395	32.754434	-0.068067	0.012022	0.063073	0.062597	0.060306	0.059831	-0.003696	-0.003663	-0.003321	-0.003282	1173.370097	1219.140038	1699.752784	1754.273710	0.138924	0.144606	0.205271	0.212258	
0.004714	-0.003194	0.355995	154.628486	154.628498	154.225679	154.225695	0.000000	34.600740	0.003898	6.481977	6.481977	6.481977	6.481977	32.554302	-0.061107	0.009111	0.068902	0.068537	0.066117	0.065753	-0.001871	-0.001868	-0.001792	-0.001788	1200.753862	1222.926509	1758.076330	1784.488277	0.062183	0.063478	0.096593	0.098327	
0.014434	-0.216948	-0.960529	154.298429	154.298441	153.896041	153.896057	0.000000	34.352052	-0.006053	6.485925	6.485925	6.485925	6.485925	32.805572	0.063075	-0.006951	0.058133	0.058407	0.055374	0.055647	0.004561	0.004645	0.003756	0.003863	1241.450941	1181.625795	1788.201216	1716.937800	-0.178901	-0.168089	-0.291251	-0.275129	
-0.022526	-0.243419	0.700061	154.714257	154.714269	154.311872	154.311888	0.000000	34.362874	-0.005623	6.499809	6.499809	6.499809	6.499809	32.824630	-0.047191	-0.005841	0.060391	0.060621	0.057633	0.057862	-0.003456	-0.003432	-0.003169	-0.003143	1198.117103	1241.719380	1742.110947	1794.049762	0.133551	0.138083	0.188415	0.193464	
-0.017818	0.860796	1.337793	154.876506	154.876518	154.473319	154.473335	0.000000	34.365694	-0.005515	6.482316	6.482316	6.482316	6.482316	32.569031	-0.133663	0.006221	0.070074	0.069825	0.067288	0.067040	-0.006341	-0.006202	-0.005474	-0.005355	1148.896431	1232.218953	1749.631149	1848.884522	0.196603	0.208747	0.278402	0.290728	
0.001778	0.465492	-0.091055	154.517457	154.517469	154.114829	154.114845	0.000000	34.495871	-0.000312	6.475533	6.475533	6.475533	6.475533	32.259323	-0.036453	-0.001739	0.077682	0.077753	0.074874	0.074944	0.000492	0.000492	0.000482	0.000482	1196.322145	1190.650943	1775.414963	1768.659455	-0.014506	-0.014426	-0.023243	-0.023133	
-0.020037	-0.128000	-0.463367	154.423027	154.423039	154.021140	154.021155	0.000000	34.455208	-0.001940	6.490588	6.490588	6.490588	6.490588	32.582223	0.033167	-0.021615	0.065953	0.066816	0.063179	0.064040	0.002427	0.002436	0.002268	0.002279	1214.635741	1185.775583	1753.276131	1718.898054	-0.087409	-0.084965	-0.137198	-0.133772	
-0.027974	-0.639789	-0.128361	154.509133	154.509145	154.106705	154.106721	0.000000	34.412474	-0.003652	6.494547	6.494547	6.494547	6.494547	32.762340	0.024436	-0.022288	0.060673	0.061554	0.057911	0.058789	0.000682	0.000682	0.000671	0.000671	1227.849302	1219.854519	1747.659431	1738.136085	-0.026922	-0.026711	-0.041947	-0.041646	
-0.010215	0.162003	0.517402	154.672123	154.672135	154.269143	154.269159	0.000000	34.655078	0.006047	6.490934	6.490934	6.490934	6.490934	32.546383	-0.043118	-0.001332	0.069254	0.069308	0.066468	0.066522	-0.002676	-0.002666	-0.002525	-0.002515	1191.487430	1223.713093	1757.076370	1795.463419	0.089296	0.091672	0.130590	0.133365	
-0.027411	0.671807	0.550649	154.680608	154.680620	154.277636	154.277652	0.000000	34.405483	-0.003941	6.484097	6.484097	6.484097	6.484097	32.306821	-0.073824	-0.010285	0.077060	0.077478	0.074254	0.074671	-0.002897	-0.002886	-0.002728	-0.002717	1170.048209	1204.344565	1755.732071	1796.585720	0.085896	0.088345	0.127128	0.129956	
-0.020454	-0.634197	-1.138825	154.257490	154.257502	153.854941	153.854957	0.000000	34.460432	-0.001747	6.483740	6.483740	6.483740	6.483740	33.059888	0.062081	-0.035260	0.049168	0.050534	0.046430	0.047792	0.005037	0.005204	0.003795	0.003993	1250.830030	1179.899981	1767.640652	1683.149131	-0.234746	-0.216176	-0.399206	-0.368421	
0.003834	0.134870	0.541386	154.677561	154.677573	154.275226	154.275242	0.000000	34.578709	0.002982	6.501539	6.501539	6.501539	6.501539	32.593404	-0.029443	0.006497	0.067906	0.067646	0.065128	0.064869	-0.002757	-0.002748	-0.002617	-0.002608	1200.615131	1234.334550	1774.807309	1814.973713	0.094920	0.097216	0.131752	0.134156	
0.013117	-0.197912	0.289184	154.617810	154.617822	154.214572	154.214587	0.000000	34.577997	0.002948	6.483855	6.483855	6.483855	6.483855	32.615006	-0.039957	0.013550	0.066927	0.066386	0.064144	0.063605	-0.001530	-0.001528	-0.001477	-0.001475	1203.203574	1221.214979	1744.872542	1766.327638	0.053378	0.054308	0.083405	0.084692	
0.022276	-0.050158	-0.314236	154.465218	154.465229	154.062470	154.062486	0.000000	34.393314	-0.004444	6.486383	6.486383	6.486383	6.486383	32.524090	0.020376	0.010460	0.068792	0.068373	0.066005	0.065587	0.001661	0.001664	0.001597	0.001600	1218.645997	1199.074256	1772.656359	1749.342599	-0.056635	-0.055573	-0.089308	-0.087825	
-0.002317	-0.170030	-0.286180	154.472539	154.472551	154.070017	154.070032	0.000000	34.443838	-0.002426	6.492789	6.492789	6.492789	6.492789	32.572864	0.036138	-0.004546	0.066942	0.067124	0.064162	0.064343	0.001516	0.001518	0.001465	0.001467	1218.259392	1200.435111	1762.511819	1741.279625	-0.053969	-0.053076	-0.083012	-0.081812	
-0.011048	-0.374142	0.375335	154.639369	154.639381	154.236523	154.236538	0.000000	34.658850	0.006170	6.492476	6.492476	6.492476	6.492476	32.729420	-0.027404	-0.001844	0.063039	0.063113	0.060270	0.060343	-0.001960	-0.001956	-0.001871	-0.001866	1204.675276	1228.052502	1735.575613	1763.422448	0.073566	0.075136	0.110684	0.112720	
0.008557	-0.251637	-0.490376	154.423617	154.423629	154.020619	154.020635	0.000000	34.620855	0.004646	6.485469	6.485469	6.485469	6.485469	32.667084	0.040838	-0.003149	0.063556	0.063681	0.060780	0.060905	0.002523	0.002532	0.002334	0.002348	1233.082433	1202.540097	1781.113699	1744.731820	-0.091388	-0.088612	-0.147112	-0.143030	
-0.004876	-0.470531	-0.953558	154.307175	154.307187	153.904524	153.904539	0.000000	34.327193	-0.007104	6.494545	6.494545	6.494545	6.494545	32.939513	0.095380	-0.017917	0.053677	0.054376	0.050927	0.051625	0.004424	0.004507	0.003658	0.003759	1251.541104	1192.150145	1788.332721	1717.586507	-0.189924	-0.178961	-0.299764	-0.284140	
0.010421	0.455673	-0.392475	154.449141	154.449153	154.046181	154.046196	0.000000	34.616988	0.004483	6.499445	6.499445	6.499445	6.499445	32.344571	0.076216	0.000709	0.074416	0.074387	0.071613	0.071584	0.002054	0.002058	0.001978	0.001981	1217.293858	1192.849129	1810.303674	1781.185234	-0.064831	-0.063605	-0.093645	-0.092269	
0.036832	-0.081935	0.591443	154.696786	154.696798	154.293363	154.293378	0.000000	34.485810	-0.000770	6.493470	6.493470	6.493470	6.493470	32.675249	-0.029324	0.033992	0.065910	0.064558	0.063130	0.061782	-0.003035	-0.003020	-0.002815	-0.002797	1183.109375	1219.946530	1720.842659	1764.722895	0.110395	0.113862	0.161024	0.165159	
0.000408	-0.638628	1.058382	154.813419	154.813430	154.410139	154.410154	0.000000	34.676554	0.006854	6.483071	6.483071	6.483071	6.483071	33.169462	-0.099986	0.018249	0.050506	0.049801	0.047769	0.047066	-0.004786	-0.004676	-0.003955	-0.003837	1193.692590	1259.612368	1709.666039	1788.189351	0.210418	0.223770	0.319697	0.337245	
0.006703	0.700084	0.744471	154.733573	154.733584	154.330971	154.330986	0.000000	34.452006	-0.002131	6.478177	6.478177	6.478177	6.478177	32.402111	-0.107548	0.016692	0.074806	0.074131	0.072010	0.071336	-0.003783	-0.003756	-0.003471	-0.003445	1182.352135	1228.720454	1789.777769	1845.011479	0.110452	0.114663	0.164811	0.169656	
-0.022130	1.603826	0.267565	154.613420	154.613432	154.211387	154.211402	0.000000	34.398621	-0.004268	6.481510	6.481510	6.481510	6.481510	31.790835	-0.069332	-0.009958	0.094069	0.094487	0.091224	0.091642	-0.001468	-0.001466	-0.001421	-0.001420	1149.223089	1165.887977	1782.257476	1802.108607	0.035844	0.036312	0.052769	0.053272	
0.009324	-0.236801	0.409689	154.649416	154.649428	154.247404	154.247419	0.000000	34.499548	-0.000233	6.486542	6.486542	6.486542	6.486542	32.640065	-0.065062	0.010638	0.066267	0.065844	0.063496	0.063073	-0.002186	-0.002180	-0.002063	-0.002055	1176.399901	1201.916810	1688.291172	1718.686786	0.080367	0.082419	0.124648	0.127498	
0.009007	-0.337256	-0.038401	154.538512	154.538523	154.136185	154.136200	0.000000	34.476154	-0.001171	6.485030	6.485030	6.485030	6.485030	32.624033	-0.018226	0.005539	0.065925	0.065704	0.063150	0.062930	0.000205	0.000205	0.000202	0.000202	1218.605425	1216.213701	1756.257085	1753.408074	-0.007323	-0.007305	-0.011668	-0.011643	
-0.003933	0.311802	-0.171473	154.505484	154.505496	154.103093	154.103108	0.000000	34.515400	0.000396	6.489696	6.489696	6.489696	6.489696	32.347643	0.011224	-0.004969	0.074591	0.074792	0.071792	0.071993	0.000919	0.000919	0.000899	0.000900	1204.658923	1193.978947	1777.756515	1765.034581	-0.028977	-0.028707	-0.043823	-0.043486	
-0.014776	-0.563918	-0.298689	154.474774	154.474785	154.072138	154.072153	0.000000	34.480933	-0.000986	6.491087	6.491087	6.491087	6.491087	32.745392	0.034408	-0.014900	0.061132	0.061721	0.058366	0.058954	0.001578	0.001580	0.001512	0.001515	1223.989781	1205.386387	1740.983580	1718.823309	-0.061989	-0.060810	-0.098844	-0.097084	
0.019809	0.990222	0.923688	154.781181	154.781192	154.378349	154.378364	0.000000	34.500965	-0.000189	6.492384	6.492384	6.492384	6.492384	32.332240	-0.073447	0.024761	0.077625	0.076619	0.074821	0.073817	-0.004654	-0.004610	-0.004261	-0.004223	1155.858255	1213.388844	1763.367332	1831.897482	0.137523	0.142976	0.190073	0.195369	
0.001645	-0.492363	-0.248310	154.488954	154.488966	154.085987	154.086002	0.000000	34.435911	-0.002796	6.479519	6.479519	6.479519	6.479519	32.693968	-0.000807	-0.001674	0.063160	0.063227	0.060387	0.060454	0.001323	0.001325	0.001275	0.001277	1220.018178	1204.552552	1740.075889	1721.653313	-0.049356	-0.048509	-0.083082	-0.081682	
0.009768	-0.239331	0.875373	154.768225	154.768236	154.365901	154.365916	0.000000	34.661184	0.006213	6.491794	6.491794	6.491794	6.491794	32.897233	-0.078678	0.018108	0.058890	0.058179	0.056137	0.055428	-0.004205	-0.004153	-0.003714	-0.003658	1189.134430	1243.655795	1728.491058	1793.436636	0.164068	0.171553	0.237674	0.246433	
0.007794	-0.416415	-0.090101	154.528747	154.528758	154.126093	154.126108	0.000000	34.491567	-0.000575	6.480051	6.480051	6.480051	6.480051	32.669852	-0.018240	0.004457	0.064341	0.064164	0.061568	0.061391	0.000477	0.000477	0.000469	0.000469	1230.226035	1224.614248	1772.684729	1765.999996	-0.017015	-0.016917	-0.027898	-0.027746	
0.001622	-0.631742	1.066496	154.816650	154.816661	154.414379	154.414394	0.000000	34.565198	0.002367	6.490114	6.490114	6.490114	6.490114	33.176405	-0.094295	0.015050	0.050246	0.049665	0.047517	0.046938	-0.004781	-0.004676	-0.004010	-0.003904	1193.088412	1259.513575	1709.202742	1788.328065	0.215986	0.228748	0.316500	0.332102	
-0.021958	-0.243036	-0.068411	154.534523	154.534534	154.131962	154.131977	0.000000	34.605481	0.003976	6.478021	6.478021	6.478021	6.478021	32.607876	-0.028800	-0.015457	0.066007	0.066624	0.063230	0.063845	0.000360	0.000360	0.000354	0.000354	1233.455988	1229.195111	1794.811673	1789.736137	-0.012192	-0.012140	-0.019848	-0.019770	
0.020578	0.195308	-0.050250	154.537656	154.537667	154.135539	154.135553	0.000000	34.453121	-0.002121	6.489869	6.489869	6.489869	6.489869	32.394103	-0.000863	0.010768	0.073591	0.073156	0.070798	0.070364	0.000270	0.000270	0.000266	0.000266	1203.551330	1200.421569	1769.059610	1765.331454	-0.008697	-0.008673	-0.013147	-0.013117	
-0.018628	-0.132092	0.941655	154.787457	154.787468	154.384974	154.384989	0.000000	34.505221	-0.000039	6.489728	6.489728	6.489728	6.489728	32.865136	-0.088003	0.001892	0.059737	0.059663	0.056981	0.056907	-0.004522	-0.004456	-0.003949	-0.003879	1175.056557	1233.706203	1709.653937	1779.517103	0.174457	0.183174	0.253430	0.263658	
0.018121	-0.012464	-0.277343	154.483402	154.483414	154.080677	154.080691	0.000000	34.660792	0.006180	6.479249	6.479249	6.479249	6.479249	32.510634	0.000593	0.006153	0.069274	0.069027	0.066487	0.066240	0.001462	0.001464	0.001411	0.001413	1224.118990	1206.845081	1788.500451	1767.923857	-0.048180	-0.047360	-0.077923	-0.076728	
-0.024312	-0.073129	0.409808	154.653866	154.653877	154.251648	154.251662	0.000000	34.413854	-0.003700	6.492023	6.492023	6.492023	6.492023	32.602879	-0.045542	-0.009475	0.067113	0.067491	0.064338	0.064715	-0.002149	-0.002144	-0.002050	-0.002044	1193.548929	1219.073234	1738.456011	1768.860435	0.075511	0.077187	0.111874	0.113935	
-0.009074	-0.356416	-0.501778	154.428000	154.428011	154.025361	154.025376	0.000000	34.527914	0.000859	6.484847	6.484847	6.484847	6.484847	32.715277	0.034432	-0.016188	0.061761	0.062403	0.058993	0.059633	0.002578	0.002589	0.002366	0.002383	1232.422481	1201.169958	1770.527439	1733.299590	-0.096324	-0.093240	-0.156734	-0.152053	
0.004342	-0.737419	-0.170140	154.510482	154.510493	154.107952	154.107966	0.000000	34.643249	0.005469	6.494353	6.494353	6.494353	6.494353	32.818496	0.032072	-0.000881	0.059290	0.059324	0.056530	0.056565	0.000897	0.000898	0.000879	0.000879	1235.851207	1225.254283	1755.147037	1742.524034	-0.036223	-0.035844	-0.056750	-0.056201	
-0.025101	-1.198210	0.148338	154.591882	154.591893	154.188965	154.188979	0.000000	34.442495	-0.002565	6.490879	6.490879	6.490879	6.490879	33.037147	-0.007460	-0.014068	0.052577	0.053124	0.049834	0.050379	-0.000778	-0.000777	-0.000762	-0.000762	1241.584361	1250.823384	1737.521388	1748.526866	0.034856	0.035206	0.056618	0.057181	
-0.003801	-0.379218	-0.084903	154.533787	154.533798	154.130835	154.130849	0.000000	34.681354	0.006985	6.487465	6.487465	6.487465	6.487465	32.666629	0.007472	-0.005453	0.064284	0.064501	0.061509	0.061725	0.000447	0.000447	0.000441	0.000441	1233.356491	1228.068421	1782.610351	1776.311228	-0.016058	-0.015977	-0.025209	-0.025095	
-0.004476	-0.187510	0.754577	154.743481	154.743492	154.340753	154.340767	0.000000	34.524146	0.000693	6.489908	6.489908	6.489908	6.489908	32.812966	-0.068678	0.007187	0.061225	0.060941	0.058463	0.058180	-0.003727	-0.003694	-0.003352	-0.003314	1190.657395	1237.655139	1732.611718	1788.595197	0.139809	0.145461	0.205377	0.212183	
-0.000876	0.482465	0.081101	154.575786	154.575797	154.173028	154.173042	0.000000	34.348234	-0.006347	6.481097	6.481097	6.481097	6.481097	32.284598	-0.033022	0.000510	0.077290	0.077270	0.074483	0.074463	-0.000435	-0.000434	-0.000426	-0.000426	1197.935353	1202.986609	1785.235970	1791.253001	0.012891	0.012949	0.019839	0.019912	
-0.024258	0.276807	-0.658531	154.389839	154.389849	153.987512	153.987526	0.000000	34.508177	0.000048	6.488138	6.488138	6.488138	6.488138	32.455037	0.051166	-0.027774	0.069775	0.070893	0.066987	0.068102	0.003397	0.003420	0.003081	0.003109	1210.497181	1169.481544	1773.104964	1724.247341	-0.113580	-0.109251	-0.176853	-0.171067	
0.005580	-0.640293	0.423744	154.661544	154.661555	154.259063	154.259077	0.000000	34.591447	0.003376	6.495954	6.495954	6.495954	6.495954	32.871492	-0.022767	0.007332	0.058777	0.058489	0.056022	0.055735	-0.002188	-0.002181	-0.002062	-0.002054	1206.811016	1233.203301	1718.992583	1750.430941	0.089783	0.091974	0.134242	0.137110	
0.009362	0.568549	-0.550697	154.419815	154.419826	154.016778	154.016792	0.000000	34.589541	0.003295	6.484530	6.484530	6.484530	6.484530	32.314965	0.047893	-0.002697	0.075127	0.075237	0.072321	0.072430	0.002862	0.002874	0.002673	0.002686	1217.067805	1182.768446	1814.801982	1773.944758	-0.086619	-0.084007	-0.133751	-0.130427	
0.018209	-0.340444	-0.011450	154.553522	154.553533	154.150860	154.150874	0.000000	34.551694	0.001778	6.494706	6.494706	6.494706	6.494706	32.618592	0.019824	0.012309	0.066341	0.065850	0.063563	0.063074	0.000062	0.000062	0.000061	0.000061	1207.999854	1207.286701	1734.302361	1733.452857	-0.002283	-0.002282	-0.003471	-0.003469	
-0.011137	0.405808	-0.933042	154.324871	154.324882	153.921909	153.921923	0.000000	34.598687	0.003653	6.489072	6.489072	6.489072	6.489072	32.502586	0.090234	-0.021681	0.067883	0.068753	0.065095	0.065962	0.004595	0.004657	0.003986	0.004057	1225.660740	1167.547564	1808.206038	1738.981912	-0.154223	-0.146229	-0.238020	-0.227714	
0.004539	0.132168	0.070043	154.575480	154.575491	154.172610	154.172624	0.000000	34.607704	0.004010	6.498706	6.498706	6.498706	6.498706	32.432921	0.025834	0.002979	0.072411	0.072291	0.069616	0.069497	-0.000377	-0.000377	-0.000372	-0.000372	1198.322415	1202.684964	1756.118016	1761.314663	0.012618	0.012663	0.018231	0.018283	
-0.000575	0.080426	0.202897	154.610645	154.610656	154.207355	154.207369	0.000000	34.628298	0.004829	6.488154	6.488154	6.488154	6.488154	32.465373	-0.013352	0.003449	0.071592	0.071454	0.068797	0.068659	-0.001089	-0.001088	-0.001064	-0.001063	1193.474264	1206.111400	1745.309081	1760.362374	0.036135	0.036546	0.054698	0.055222	
0.005273	-0.469553	-0.051113	154.546267	154.546278	154.143314	154.143328	0.000000	34.483273	-0.000977	6.486685	6.486685	6.486685	6.486685	32.676393	0.001228	0.002856	0.064217	0.064103	0.061442	0.061329	0.000274	0.000274	0.000271	0.000271	1217.280829	1214.097340	1741.898526	1738.106370	-0.010197	-0.010164	-0.016280	-0.016231	
0.035058	-0.843108	-0.534217	154.425357	154.425367	154.022708	154.022722	0.000000	34.674711	0.006677	6.489383	6.489383	6.489383	6.489383	32.962584	0.055386	0.015002	0.054388	0.053803	0.051639	0.051055	0.002675	0.002691	0.002391	0.002416	1248.868387	1215.595425	1763.273076	1723.638490	-0.115450	-0.111340	-0.190019	-0.183437	
-0.030100	-0.460058	-0.804878	154.358391	154.358402	153.955690	153.955704	0.000000	34.393027	-0.004593	6.494465	6.494465	6.494465	6.494465	32.893407	0.086925	-0.029885	0.055269	0.056440	0.052516	0.053684	0.003845	0.003891	0.003315	0.003375	1255.675461	1205.544824	1802.266475	1742.551110	-0.157573	-0.150131	-0.246098	-0.235738	
-0.014913	-0.498486	0.074172	154.579497	154.579507	154.176471	154.176484	0.000000	34.456767	-0.002048	6.497287	6.497287	6.497287	6.497287	32.728021	0.023115	-0.010794	0.062496	0.062924	0.059726	0.060152	-0.000392	-0.000392	-0.000387	-0.000387	1227.219004	1231.838729	1764.117932	1769.620925	0.014890	0.014951	0.022229	0.022308	
0.014957	-0.149480	-0.255024	154.498403	154.498413	154.095077	154.095090	0.000000	34.552184	0.001763	6.487988	6.487988	6.487988	6.487988	32.568778	0.037512	0.005037	0.067446	0.067245	0.064660	0.064459	0.001348	0.001349	0.001307	0.001308	1222.940143	1207.056350	1775.062669	1756.141975	-0.046884	-0.046181	-0.073167	-0.072201	
-0.022556	0.010469	-0.144357	154.525220	154.525231	154.122286	154.122299	0.000000	34.590296	0.003283	6.491404	6.491404	6.491404	6.491404	32.478957	0.025653	-0.016061	0.070160	0.070806	0.067370	0.068014	0.000773	0.000773	0.000759	0.000759	1210.305700	1201.314643	1765.020760	1754.310658	-0.026110	-0.025900	-0.039639	-0.039368	
-0.004503	-0.166605	0.222375	154.617609	154.617620	154.214713	154.214727	0.000000	34.505964	-0.000094	6.490268	6.490268	6.490268	6.490268	32.584500	-0.014070	-0.001001	0.067634	0.067674	0.064852	0.064892	-0.001186	-0.001185	-0.001157	-0.001156	1200.960622	1214.810897	1740.840573	1757.338952	0.041794	0.042322	0.063300	0.063987	
-0.014420	-1.058829	-0.282280	154.491762	154.491773	154.088889	154.088902	0.000000	34.285475	-0.008917	6.486384	6.486384	6.486384	6.486384	32.976445	0.023305	-0.014443	0.053824	0.054387	0.051076	0.051638	0.001472	0.001474	0.001399	0.001403	1244.074630	1226.493256	1742.151707	1721.208862	-0.064457	-0.063160	-0.109136	-0.106888	
0.033427	1.052377	0.328907	154.644293	154.644303	154.241648	154.241662	0.000000	34.396577	-0.004477	6.491674	6.491674	6.491674	6.491674	32.105432	-0.021651	0.025683	0.084301	0.083243	0.081478	0.080423	-0.001748	-0.001745	-0.001695	-0.001694	1179.779506	1200.265017	1802.121445	1826.523683	0.048103	0.048815	0.068239	0.068970	
-0.018383	0.390611	-0.379775	154.468228	154.468238	154.065407	154.065420	0.000000	34.559711	0.002045	6.485258	6.485258	6.485258	6.485258	32.313239	0.028505	-0.016252	0.075246	0.075906	0.072442	0.073101	0.002042	0.002047	0.001949	0.001953	1193.347648	1169.693935	1754.449872	1726.273687	-0.064405	-0.062980	-0.100206	-0.098311	
0.005271	-0.310820	0.205151	154.613948	154.613958	154.211356	154.211369	0.000000	34.472802	-0.001434	6.492663	6.492663	6.492663	6.492663	32.637937	-0.010392	0.005193	0.065984	0.065777	0.063208	0.063002	-0.001098	-0.001098	-0.001073	-0.001073	1200.398443	1213.175994	1726.958972	1742.179527	0.040427	0.040906	0.061175	0.061806	
0.009797	0.654970	0.575504	154.707928	154.707938	154.305080	154.305094	0.000000	34.670697	0.006478	6.486531	6.486531	6.486531	6.486531	32.336194	-0.061564	0.015587	0.076797	0.076164	0.073993	0.073362	-0.003008	-0.002996	-0.002831	-0.002819	1172.514173	1208.358590	1760.248863	1802.946553	0.090354	0.092942	0.131531	0.134421	
-0.011491	-0.831897	-0.000359	154.563580	154.563590	154.160899	154.160913	0.000000	34.449413	-0.002377	6.482591	6.482591	6.482591	6.482591	32.829780	-0.023716	-0.006844	0.059172	0.059441	0.056413	0.056681	0.000002	0.000002	0.000002	0.000002	1221.622329	1221.599947	1721.921763	1721.895101	-0.000078	-0.000078	-0.000131	-0.000131	
0.013161	0.095512	-0.450454	154.450544	154.450554	154.048200	154.048213	0.000000	34.598834	0.003598	6.488650	6.488650	6.488650	6.488650	32.507126	0.039857	0.000386	0.069046	0.069031	0.066261	0.066246	0.002340	0.002347	0.002210	0.002218	1225.494970	1197.439110	1795.547890	1762.127890	-0.078402	-0.076413	-0.121057	-0.118435	
-0.003422	0.874519	-0.250228	154.501693	154.501703	154.099157	154.099171	0.000000	34.554365	0.001816	6.493398	6.493398	6.493398	6.493398	32.106907	0.040034	-0.005488	0.082610	0.082836	0.079789	0.080015	0.001350	0.001351	0.001315	0.001316	1188.300363	1172.715247	1788.414483	1769.849571	-0.038722	-0.038248	-0.056351	-0.055823	
-0.034332	0.649681	-0.234637	154.506928	154.506938	154.104006	154.104019	0.000000	34.585392	0.003053	6.491249	6.491249	6.491249	6.491249	32.177005	0.036106	-0.026498	0.079858	0.080944	0.077042	0.078125	0.001279	0.001280	0.001246	0.001246	1181.847264	1167.233229	1756.185876	1738.777710	-0.038393	-0.037918	-0.057074	-0.056508	
-0.017608	-0.074262	0.311803	154.643846	154.643857	154.240883	154.240896	0.000000	34.499008	-0.000406	6.491037	6.491037	6.491037	6.491037	32.554720	-0.020355	-0.009314	0.068625	0.068998	0.065841	0.066213	-0.001668	-0.001665	-0.001610	-0.001608	1186.563646	1205.983873	1720.736230	1743.869508	0.058572	0.059601	0.087764	0.089071	
0.032670	0.007964	-0.767774	154.374335	154.374345	153.971404	153.971417	0.000000	34.516690	0.000297	6.485284	6.485284	6.485284	6.485284	32.633638	0.069392	0.007093	0.064510	0.064228	0.061731	0.061450	0.003830	0.003869	0.003352	0.003404	1229.360371	1181.540659	1787.173436	1730.210833	-0.136895	-0.130547	-0.218502	-0.209489	
-0.012967	0.142872	-0.000650	154.565551	154.565561	154.162941	154.162954	0.000000	34.542548	0.001328	6.496620	6.496620	6.496620	6.496620	32.429839	0.021876	-0.006813	0.072247	0.072522	0.069454	0.069728	0.000003	0.000003	0.000003	0.000003	1204.214578	1204.174120	1767.462458	1767.414264	-0.000115	-0.000115	-0.000168	-0.000168	
0.010212	-0.087593	-0.327203	154.485968	154.485978	154.082903	154.082916	0.000000	34.531230	0.000871	6.488566	6.488566	6.488566	6.488566	32.541177	0.043734	0.001063	0.068186	0.068144	0.065399	0.065357	0.001735	0.001738	0.001665	0.001668	1214.445354	1194.065960	1760.219691	1735.943858	-0.060524	-0.059350	-0.094393	-0.092778	
-0.024078	-0.835089	-0.068189	154.550231	154.550241	154.147334	154.147347	0.000000	34.487118	-0.000897	6.491922	6.491922	6.491922	6.491922	32.846443	0.019872	-0.016221	0.058359	0.058997	0.055600	0.056236	0.000363	0.000363	0.000359	0.000359	1230.024734	1225.777673	1737.490747	1732.431669	-0.014972	-0.014907	-0.023821	-0.023722	
-0.019439	-0.111401	0.149882	154.605518	154.605528	154.202592	154.202605	0.000000	34.411441	-0.003928	6.489216	6.489216	6.489216	6.489216	32.564411	-0.009710	-0.012099	0.067987	0.068471	0.065203	0.065686	-0.000794	-0.000794	-0.000780	-0.000780	1212.920849	1222.256015	1768.748219	1779.868222	0.027223	0.027449	0.041234	0.041525	
0.000142	-0.202462	0.635817	154.727060	154.727069	154.324227	154.324239	0.000000	34.568648	0.002356	6.486893	6.486893	6.486893	6.486893	32.760818	-0.064308	0.008040	0.062818	0.062500	0.060051	0.059734	-0.003217	-0.003196	-0.002938	-0.002912	1191.650508	1231.251434	1730.023055	1777.195480	0.118321	0.122557	0.177598	0.182961	
-0.005673	0.089880	-0.582124	154.422488	154.422498	154.019839	154.019851	0.000000	34.330869	-0.007158	6.481788	6.481788	6.481788	6.481788	32.539928	0.034107	-0.013950	0.067488	0.068046	0.064704	0.065261	0.002986	0.003002	0.002731	0.002752	1227.639535	1191.382813	1795.813445	1752.624618	-0.100309	-0.096801	-0.160767	-0.155784	
0.011783	-1.114285	0.426441	154.673976	154.673986	154.271677	154.271690	0.000000	34.509226	-0.000026	6.494585	6.494585	6.494585	6.494585	33.099031	-0.028576	0.012699	0.051686	0.051194	0.048951	0.048460	-0.002165	-0.002157	-0.002005	-0.001993	1222.153810	1248.714091	1711.489828	1743.128302	0.100833	0.103571	0.156313	0.160296	
-0.002147	0.491612	-0.859593	154.354667	154.354677	153.951832	153.951845	0.000000	34.448934	-0.002441	6.484005	6.484005	6.484005	6.484005	32.457990	0.068787	-0.015316	0.069684	0.070300	0.066893	0.067507	0.004261	0.004307	0.003761	0.003814	1235.776992	1182.238484	1839.007750	1775.232946	-0.135292	-0.128890	-0.210822	-0.202534	
-0.010546	-0.110865	-0.640566	154.408471	154.408481	154.005901	154.005914	0.000000	34.587969	0.003118	6.497447	6.497447	6.497447	6.497447	32.653093	0.086601	-0.017432	0.063623	0.064316	0.060850	0.061542	0.003241	0.003262	0.002947	0.002973	1225.689324	1185.792581	1773.022341	1725.497541	-0.121022	-0.116715	-0.182760	-0.177205	
0.006927	0.457116	0.549630	154.708323	154.708332	154.305238	154.305250	0.000000	34.591069	0.003237	6.495174	6.495174	6.495174	6.495174	32.428099	-0.024032	0.011533	0.073665	0.073200	0.070868	0.070404	-0.002856	-0.002846	-0.002707	-0.002697	1179.150311	1213.383209	1756.828578	1797.606635	0.091391	0.093732	0.128821	0.131309	
0.007642	-0.516668	-0.327450	154.489624	154.489634	154.086355	154.086368	0.000000	34.341078	-0.006767	6.482580	6.482580	6.482580	6.482580	32.733512	0.025760	0.000389	0.061921	0.061906	0.059149	0.059134	0.001724	0.001728	0.001638	0.001642	1226.035796	1205.641024	1748.482086	1724.187935	-0.065667	-0.064227	-0.108623	-0.106326	
0.009390	0.040785	0.405118	154.671149	154.671158	154.268545	154.268557	0.000000	34.546705	0.001455	6.491773	6.491773	6.491773	6.491773	32.564523	-0.032276	0.012442	0.068928	0.068430	0.066145	0.065649	-0.002117	-0.002112	-0.002026	-0.002022	1197.390417	1222.622601	1756.088878	1786.145329	0.072129	0.073649	0.105801	0.107608	
0.020242	0.053620	0.494859	154.694982	154.694992	154.292217	154.292230	0.000000	34.397215	-0.004528	6.484130	6.484130	6.484130	6.484130	32.578295	-0.060655	0.021932	0.068830	0.067953	0.066048	0.065172	-0.002578	-0.002569	-0.002422	-0.002412	1189.099759	1219.921358	1742.204374	1778.918909	0.086973	0.089393	0.131712	0.134782	
-0.000872	0.837683	-1.039305	154.310763	154.310772	153.908242	153.908255	0.000000	34.638419	0.005118	6.483133	6.483133	6.483133	6.483133	32.322723	0.072095	-0.018121	0.073797	0.074532	0.070996	0.071729	0.005159	0.005241	0.004433	0.004523	1216.034535	1151.302914	1821.266415	1744.158430	-0.157345	-0.148326	-0.244938	-0.233468	
-0.001456	-0.241855	-0.593052	154.422189	154.422198	154.019884	154.019897	0.000000	34.317421	-0.007724	6.499291	6.499291	6.499291	6.499291	32.695285	0.084954	-0.010768	0.062478	0.062905	0.059710	0.060136	0.003018	0.003035	0.002760	0.002782	1223.673823	1186.736407	1759.049261	1715.049595	-0.116770	-0.112879	-0.175944	-0.170884	
0.005680	-0.679926	0.599880	154.723333	154.723343	154.320224	154.320236	0.000000	34.454021	-0.002265	6.494591	6.494591	6.494591	6.494591	32.982822	-0.027160	0.011903	0.055714	0.055249	0.052963	0.052500	-0.002977	-0.002959	-0.002714	-0.002690	1209.705092	1247.067729	1726.855236	1771.361423	0.125816	0.130048	0.186146	0.191530	
-0.012498	0.351963	-0.746261	154.387112	154.387122	153.983841	153.983853	0.000000	34.381597	-0.005167	6.481951	6.481951	6.481951	6.481951	32.480896	0.059370	-0.020410	0.069053	0.069873	0.066260	0.067078	0.003753	0.003785	0.003357	0.003396	1232.451788	1185.971979	1823.428270	1768.061754	-0.120845	-0.115692	-0.190953	-0.184008	
-0.016455	-0.622531	0.214515	154.625610	154.625619	154.223046	154.223058	0.000000	34.435345	-0.003019	6.496089	6.496089	6.496089	6.496089	32.792546	-0.002534	-0.009214	0.060753	0.061117	0.057992	0.058354	-0.001137	-0.001136	-0.001109	-0.001109	1213.628961	1226.989691	1728.895986	1744.811221	0.045366	0.045930	0.068392	0.069145	
0.014770	-0.557066	-0.164765	154.533007	154.533016	154.130027	154.130039	0.000000	34.547285	0.001454	6.486041	6.486041	6.486041	6.486041	32.740540	0.019173	0.006147	0.062106	0.061862	0.059336	0.059093	0.000870	0.000870	0.000852	0.000852	1233.154060	1222.891931	1764.838864	1752.614667	-0.032864	-0.032522	-0.052771	-0.052258	
0.016507	-0.063585	-0.379564	154.478478	154.478488	154.075744	154.075756	0.000000	34.548243	0.001489	6.489942	6.489942	6.489942	6.489942	32.560373	0.047057	0.005902	0.067601	0.067365	0.064818	0.064583	0.001984	0.001989	0.001893	0.001898	1224.871585	1201.230973	1782.821557	1754.660978	-0.068850	-0.067359	-0.106176	-0.104189	
-0.014383	0.497670	-0.616698	154.419915	154.419924	154.017166	154.017179	0.000000	34.678173	0.006683	6.492230	6.492230	6.492230	6.492230	32.359657	0.075895	-0.018134	0.073331	0.074065	0.070531	0.071263	0.003193	0.003210	0.002960	0.002978	1211.548664	1173.138550	1795.214086	1749.460150	-0.101565	-0.098263	-0.152289	-0.148278	
0.004614	0.111443	-0.425573	154.468545	154.468554	154.065617	154.065629	0.000000	34.604306	0.003725	6.494696	6.494696	6.494696	6.494696	32.477026	0.072529	-0.004365	0.070066	0.070242	0.067275	0.067450	0.002243	0.002249	0.002132	0.002138	1209.992566	1183.486349	1764.778158	1733.204085	-0.076920	-0.075128	-0.115557	-0.113298	
0.002958	0.287316	-1.063562	154.310008	154.310017	153.906872	153.906884	0.000000	34.554089	0.001712	6.492652	6.492652	6.492652	6.492652	32.606640	0.119565	-0.015070	0.064506	0.065107	0.061725	0.062324	0.005086	0.005181	0.004300	0.004404	1228.641477	1162.399079	1800.733284	1721.825670	-0.182451	-0.171743	-0.278661	-0.265009	
0.018947	0.345389	-0.047069	154.564394	154.564403	154.161285	154.161297	0.000000	34.548613	0.001488	6.499336	6.499336	6.499336	6.499336	32.343684	0.049500	0.012037	0.075477	0.074989	0.072672	0.072185	0.000253	0.000253	0.000249	0.000249	1199.351151	1196.419540	1772.945043	1769.452923	-0.008111	-0.008092	-0.011588	-0.011567	
-0.018927	-1.097471	-0.646382	154.416144	154.416153	154.012711	154.012723	0.000000	34.507765	-0.000151	6.488625	6.488625	6.488625	6.488625	33.122299	0.072420	-0.020912	0.048546	0.049354	0.045807	0.046613	0.003132	0.003167	0.002624	0.002681	1249.167668	1208.908712	1739.162337	1691.206070	-0.152501	-0.145382	-0.259228	-0.246835	
0.014944	1.130053	-1.075197	154.307942	154.307951	153.904916	153.904928	0.000000	34.403972	-0.004307	6.494869	6.494869	6.494869	6.494869	32.236509	0.127175	-0.008680	0.076841	0.077195	0.074028	0.074381	0.005282	0.005356	0.004672	0.004742	1225.899418	1158.932314	1865.845537	1786.074657	-0.154475	-0.146687	-0.225175	-0.216733	
0.005607	-0.566662	0.698036	154.752398	154.752408	154.349282	154.349294	0.000000	34.451068	-0.002427	6.499421	6.499421	6.499421	6.499421	32.966703	-0.021293	0.013565	0.056461	0.055931	0.053709	0.053180	-0.003432	-0.003403	-0.003093	-0.003059	1189.683322	1233.159505	1696.858200	1748.646813	0.148610	0.154107	0.212735	0.219277	
0.009427	0.292097	0.682914	154.750059	154.750068	154.346589	154.346601	0.000000	34.450902	-0.002439	6.480732	6.480732	6.480732	6.480732	32.564767	-0.074207	0.017888	0.069574	0.068858	0.066786	0.066071	-0.003464	-0.003442	-0.003181	-0.003157	1189.072065	1231.606372	1767.737581	1818.404236	0.111151	0.115192	0.166351	0.171206	
0.015546	0.197767	-0.451184	154.464128	154.464138	154.061517	154.061529	0.000000	34.590107	0.003126	6.480837	6.480837	6.480837	6.480837	32.443748	0.020803	0.003269	0.071287	0.071155	0.068495	0.068363	0.002371	0.002378	0.002228	0.002237	1214.661856	1186.560533	1781.227685	1747.753530	-0.076851	-0.074771	-0.122639	-0.119719	
0.004738	-0.578871	0.254661	154.640199	154.640209	154.238045	154.238057	0.000000	34.506482	-0.000220	6.492832	6.492832	6.492832	6.492832	32.781649	-0.019924	0.007486	0.061536	0.061240	0.058775	0.058480	-0.001347	-0.001346	-0.001307	-0.001305	1210.068137	1225.929309	1726.204386	1745.098136	0.052992	0.053792	0.080794	0.081883	
-0.001843	0.050794	0.200810	154.628809	154.628818	154.226115	154.226127	0.000000	34.431913	-0.003206	6.485420	6.485420	6.485420	6.485420	32.499692	-0.029158	0.002387	0.070565	0.070469	0.067777	0.067682	-0.001066	-0.001066	-0.001042	-0.001041	1204.952699	1217.459868	1767.055320	1781.953797	0.035131	0.035526	0.053522	0.054029	
0.001586	-0.337233	0.352286	154.666185	154.666194	154.263593	154.263605	0.000000	34.691403	0.007171	6.485909	6.485909	6.485909	6.485909	32.702996	-0.046970	0.006286	0.064244	0.063995	0.061474	0.061225	-0.001852	-0.001848	-0.001770	-0.001765	1202.170568	1224.112219	1732.725995	1758.862780	0.067890	0.069324	0.104914	0.106873	
-0.015038	0.365532	0.019114	154.583065	154.583074	154.180573	154.180585	0.000000	34.602091	0.003596	6.484338	6.484338	6.484338	6.484338	32.330270	-0.020323	-0.009673	0.075613	0.076005	0.072812	0.073204	-0.000103	-0.000103	-0.000101	-0.000101	1199.674113	1200.864620	1777.242599	1778.660725	0.003153	0.003157	0.004805	0.004809	
0.012043	-0.194531	-0.744813	154.392047	154.392056	153.989658	153.989670	0.000000	34.299164	-0.008523	6.487827	6.487827	6.487827	6.487827	32.719345	0.065132	-0.005928	0.061585	0.061820	0.058818	0.059053	0.003709	0.003747	0.003232	0.003284	1227.342016	1180.952423	1766.439710	1711.180659	-0.141324	-0.134821	-0.225458	-0.216056	
0.011907	0.330897	0.046931	154.590739	154.590748	154.188208	154.188219	0.000000	34.302623	-0.008387	6.495862	6.495862	6.495862	6.495862	32.359551	0.019075	0.008875	0.075069	0.074709	0.072269	0.071911	-0.000251	-0.000251	-0.000248	-0.000248	1200.247027	1203.170069	1776.330421	1779.812334	0.007999	0.008018	0.011552	0.011573	
0.002252	0.285445	0.565261	154.722107	154.722116	154.319061	154.319072	0.000000	34.393606	-0.004751	6.487505	6.487505	6.487505	6.487505	32.493522	-0.051568	0.011213	0.071592	0.071141	0.068801	0.068351	-0.002949	-0.002936	-0.002761	-0.002747	1174.412035	1209.618511	1732.728609	1774.666388	0.096801	0.099684	0.142255	0.145650	
0.006119	0.856235	-0.201034	154.529889	154.529898	154.127060	154.127072	0.000000	34.492271	-0.000808	6.482001	6.482001	6.482001	6.482001	32.101705	0.003435	0.001102	0.083119	0.083073	0.080295	0.080250	0.001089	0.001090	0.001061	0.001061	1186.852143	1174.331007	1785.221104	1770.305988	-0.030510	-0.030179	-0.046522	-0.046117	
0.017635	0.723921	-0.220679	154.524134	154.524142	154.121768	154.121780	0.000000	34.483560	-0.001159	6.490070	6.490070	6.490070	6.490070	32.143778	0.026845	0.008310	0.081809	0.081467	0.078992	0.078651	0.001205	0.001206	0.001175	0.001175	1179.242808	1165.498133	1757.349586	1740.976998	-0.035573	-0.035161	-0.052859	-0.052372	
-0.029105	0.186481	-0.074622	154.561974	154.561982	154.159361	154.159372	0.000000	34.349148	-0.006538	6.490302	6.490302	6.490302	6.490302	32.377348	0.013623	-0.019158	0.073710	0.074486	0.070914	0.071687	0.000406	0.000406	0.000400	0.000400	1190.529619	1185.881919	1740.029237	1734.492921	-0.013326	-0.013271	-0.020115	-0.020045	
-0.015312	0.375981	-1.303031	154.255476	154.255485	153.852679	153.852691	0.000000	34.407353	-0.004213	6.488716	6.488716	6.488716	6.488716	32.634709	0.113175	-0.034687	0.062825	0.064204	0.060050	0.061426	0.006011	0.006189	0.004850	0.005031	1230.676328	1149.518937	1805.628012	1708.953733	-0.218578	-0.202411	-0.339704	-0.318565	
-0.013095	0.377113	-0.170572	154.538741	154.538749	154.135981	154.135993	0.000000	34.504108	-0.000346	6.501629	6.501629	6.501629	6.501629	32.338658	0.059090	-0.013088	0.074956	0.075487	0.072154	0.072684	0.000913	0.000913	0.000896	0.000897	1203.190621	1192.566816	1780.194821	1767.539797	-0.029330	-0.029094	-0.041570	-0.041312	
0.010804	-0.505181	-0.072056	154.565893	154.565902	154.162471	154.162482	0.000000	34.599138	0.003451	6.489696	6.489696	6.489696	6.489696	32.693796	0.030511	0.005503	0.063838	0.063619	0.061061	0.060843	0.000387	0.000387	0.000382	0.000382	1215.069635	1210.581759	1733.598210	1728.252275	-0.014763	-0.014696	-0.023186	-0.023090	
-0.019727	-0.316702	-0.064891	154.566708	154.566717	154.163593	154.163604	0.000000	34.695043	0.007282	6.488568	6.488568	6.488568	6.488568	32.627934	0.014944	-0.013022	0.065622	0.066141	0.062843	0.063361	0.000346	0.000346	0.000341	0.000341	1220.509238	1216.467593	1761.262786	1756.448400	-0.012427	-0.012380	-0.019296	-0.019231	
-0.011081	-0.866360	-0.141050	154.547561	154.547570	154.144745	154.144756	0.000000	34.590849	0.003111	6.488528	6.488528	6.488528	6.488528	32.870213	0.020458	-0.010712	0.057684	0.058104	0.054927	0.055347	0.000747	0.000747	0.000733	0.000733	1235.778699	1226.993581	1744.930803	1734.466015	-0.030812	-0.030525	-0.050012	-0.049560	
0.024748	0.603269	0.118954	154.612791	154.612800	154.210065	154.210076	0.000000	34.554673	0.001661	6.489326	6.489326	6.489326	6.489326	32.254253	-0.002119	0.017319	0.078905	0.078199	0.076095	0.075390	-0.000636	-0.000636	-0.000624	-0.000624	1195.232900	1202.641765	1790.819018	1799.644422	0.018842	0.018954	0.027588	0.027715	
-0.001894	-0.828259	-0.028655	154.576329	154.576337	154.173579	154.173591	0.000000	34.545878	0.001307	6.486583	6.486583	6.486583	6.486583	32.830307	0.000639	0.000125	0.059380	0.059375	0.056619	0.056614	0.000154	0.000154	0.000153	0.000153	1219.933883	1218.149163	1717.836431	1715.710481	-0.006329	-0.006317	-0.010362	-0.010342	
0.002734	0.421239	-0.539313	154.448553	154.448561	154.045934	154.045945	0.000000	34.634578	0.004852	6.488116	6.488116	6.488116	6.488116	32.385937	0.054897	-0.006941	0.072885	0.073165	0.070088	0.070368	0.002795	0.002806	0.002617	0.002629	1219.445264	1185.854961	1807.710654	1767.698052	-0.088194	-0.085634	-0.134239	-0.131036	
-0.016461	-0.600669	0.291984	154.656825	154.656834	154.254192	154.254204	0.000000	34.463810	-0.001981	6.493487	6.493487	6.493487	6.493487	32.803391	-0.013279	-0.006663	0.060667	0.060930	0.057906	0.058168	-0.001540	-0.001538	-0.001486	-0.001483	1207.749609	1225.935438	1720.527859	1742.190728	0.061441	0.062501	0.093165	0.094594	
-0.008430	-0.841352	0.141508	154.620467	154.620476	154.217521	154.217532	0.000000	34.480073	-0.001334	6.484732	6.484732	6.484732	6.484732	32.880365	-0.020021	-0.004310	0.057982	0.058151	0.055225	0.055393	-0.000746	-0.000745	-0.000732	-0.000732	1231.657217	1240.470826	1746.471467	1756.970193	0.030030	0.030310	0.048660	0.049096	
-0.021931	0.707084	0.263020	154.649960	154.649969	154.247336	154.247347	0.000000	34.273833	-0.009587	6.486265	6.486265	6.486265	6.486265	32.233948	-0.036522	-0.011295	0.079260	0.079721	0.076450	0.076910	-0.001400	-0.001399	-0.001362	-0.001361	1188.242666	1204.624470	1788.949525	1808.463448	0.040575	0.041106	0.059590	0.060191	
0.010302	0.297626	0.096008	154.608453	154.608461	154.205943	154.205955	0.000000	34.488497	-0.001002	6.485020	6.485020	6.485020	6.485020	32.341011	-0.020905	0.006614	0.075762	0.075494	0.072962	0.072694	-0.000522	-0.000522	-0.000513	-0.000513	1184.910489	1190.890221	1742.450287	1749.573314	0.016477	0.016567	0.025127	0.025241	
-0.031914	0.397041	0.279932	154.654464	154.654473	154.252028	154.252040	0.000000	34.601427	0.003513	6.486761	6.486761	6.486761	6.486761	32.342199	-0.041090	-0.016402	0.075576	0.076242	0.072777	0.073441	-0.001506	-0.001504	-0.001462	-0.001460	1179.711918	1197.147059	1745.154064	1765.922717	0.047008	0.047713	0.070048	0.070900	
-0.007326	0.092340	0.684724	154.756134	154.756143	154.353638	154.353649	0.000000	34.494716	-0.000758	6.484827	6.484827	6.484827	6.484827	32.635199	-0.080494	0.003151	0.067013	0.066887	0.064238	0.064113	-0.003495	-0.003471	-0.003188	-0.003159	1175.405083	1218.052097	1721.952482	1772.753393	0.120948	0.125505	0.180097	0.185671	
-0.006862	-0.176785	0.071652	154.602834	154.602843	154.200403	154.200414	0.000000	34.678063	0.006574	6.480562	6.480562	6.480562	6.480562	32.566327	-0.036383	-0.004220	0.068063	0.068232	0.065283	0.065451	-0.000383	-0.000383	-0.000377	-0.000377	1210.679510	1215.142266	1756.214499	1761.530511	0.013105	0.013163	0.020865	0.020948	
0.010838	-0.403092	-0.273113	154.516059	154.516067	154.113900	154.113911	0.000000	34.341835	-0.006876	6.486995	6.486995	6.486995	6.486995	32.681481	0.017971	0.001810	0.063822	0.063750	0.061053	0.060982	0.001442	0.001444	0.001392	0.001394	1225.455506	1208.445040	1758.424624	1738.161842	-0.053541	-0.052632	-0.085203	-0.083875	
0.000969	-0.161312	-0.898479	154.360766	154.360775	153.958384	153.958395	0.000000	34.634034	0.004810	6.490637	6.490637	6.490637	6.490637	32.775831	0.086429	-0.013481	0.059392	0.059924	0.056631	0.057161	0.004309	0.004372	0.003671	0.003748	1241.878994	1185.918520	1795.603057	1728.943221	-0.166619	-0.157847	-0.260753	-0.248687	
0.005280	-1.032634	0.357581	154.675833	154.675841	154.273112	154.273123	0.000000	34.431541	-0.003292	6.497180	6.497180	6.497180	6.497180	33.044260	-0.005274	0.008082	0.053353	0.053038	0.050610	0.050297	-0.001830	-0.001826	-0.001736	-0.001731	1229.275547	1251.546981	1731.490244	1758.019865	0.082283	0.084033	0.124461	0.126860	
-0.012136	0.026042	-0.234815	154.529375	154.529383	154.126171	154.126182	0.000000	34.359204	-0.006190	6.483936	6.483936	6.483936	6.483936	32.508206	0.020877	-0.011009	0.069328	0.069770	0.066538	0.066978	0.001234	0.001236	0.001201	0.001202	1227.254762	1212.629625	1799.625454	1782.204064	-0.040642	-0.040096	-0.063378	-0.062643	
0.006002	0.227680	-0.353511	154.498201	154.498210	154.095507	154.095518	0.000000	34.616570	0.004102	6.490099	6.490099	6.490099	6.490099	32.413692	0.046009	-0.002503	0.072400	0.072502	0.069605	0.069706	0.001875	0.001879	0.001801	0.001805	1209.089485	1187.071558	1774.773583	1748.545938	-0.061355	-0.060162	-0.093090	-0.091574	
0.014123	0.217779	0.301629	154.662883	154.662892	154.260163	154.260174	0.000000	34.661236	0.005885	6.491400	6.491400	6.491400	6.491400	32.437673	-0.014711	0.014188	0.073087	0.072514	0.070293	0.069722	-0.001611	-0.001609	-0.001562	-0.001560	1186.093845	1204.880367	1744.140438	1766.518849	0.052848	0.053680	0.077457	0.078440	
-0.013474	0.767091	-0.371525	154.495286	154.495294	154.092403	154.092414	0.000000	34.592990	0.003152	6.484479	6.484479	6.484479	6.484479	32.164518	0.031384	-0.013886	0.080454	0.081023	0.077637	0.078204	0.001994	0.001998	0.001913	0.001916	1192.885902	1169.746003	1785.542459	1757.978327	-0.057785	-0.056628	-0.087905	-0.086483	
0.012779	-0.178954	-0.130126	154.554894	154.554902	154.152326	154.152337	0.000000	34.454288	-0.002398	6.491526	6.491526	6.491526	6.491526	32.545392	0.027635	0.005422	0.068612	0.068395	0.065828	0.065612	0.000704	0.000704	0.000692	0.000692	1202.790114	1194.685373	1733.496880	1723.842554	-0.025156	-0.024964	-0.038535	-0.038277	
0.012063	0.176196	-0.497320	154.464309	154.464318	154.061534	154.061544	0.000000	34.402874	-0.004458	6.489013	6.489013	6.489013	6.489013	32.474118	0.060949	0.000913	0.070239	0.070202	0.067448	0.067412	0.002594	0.002603	0.002431	0.002442	1216.092822	1185.117957	1781.102953	1744.205848	-0.086793	-0.084367	-0.133204	-0.130043	
-0.012052	0.250864	-0.790360	154.391177	154.391186	153.988390	153.988400	0.000000	34.648255	0.005355	6.492827	6.492827	6.492827	6.492827	32.532682	0.094851	-0.019783	0.067392	0.068185	0.064608	0.065398	0.003961	0.003999	0.003529	0.003573	1221.033131	1171.806709	1789.421988	1730.783719	-0.137236	-0.131304	-0.208059	-0.200559	
0.018466	0.071608	0.079217	154.609511	154.609519	154.206549	154.206560	0.000000	34.519631	0.000206	6.495907	6.495907	6.495907	6.495907	32.466738	0.027693	0.012620	0.071724	0.071216	0.068931	0.068424	-0.000425	-0.000425	-0.000419	-0.000419	1200.592507	1205.526437	1756.070434	1761.947707	0.014374	0.014432	0.020949	0.021018	
0.014189	1.135784	-0.574537	154.447141	154.447149	154.043920	154.043931	0.000000	34.633218	0.004745	6.486726	6.486726	6.486726	6.486726	32.044124	0.068666	0.001395	0.084490	0.084432	0.081659	0.081601	0.003052	0.003065	0.002867	0.002879	1190.090451	1154.306247	1804.935941	1762.309975	-0.084071	-0.081612	-0.125593	-0.122758	
-0.001924	-0.135995	0.486737	154.711510	154.711518	154.308680	154.308691	0.000000	34.519883	0.000209	6.493560	6.493560	6.493560	6.493560	32.650649	-0.027121	0.006846	0.066274	0.066001	0.063498	0.063226	-0.002552	-0.002543	-0.002402	-0.002391	1178.810213	1209.125922	1704.143615	1740.255537	0.094046	0.096537	0.137701	0.140735	
0.010228	0.953823	-0.866834	154.374304	154.374312	153.971326	153.971336	0.000000	34.473433	-0.001653	6.482441	6.482441	6.482441	6.482441	32.219326	0.074012	-0.008492	0.077882	0.078229	0.075068	0.075414	0.004420	0.004466	0.003939	0.003988	1209.714564	1155.725032	1822.678534	1758.366473	-0.128402	-0.122410	-0.197904	-0.190490	
0.004316	-0.980316	-0.955215	154.350891	154.350899	153.948381	153.948392	0.000000	34.472468	-0.001694	6.496622	6.496622	6.496622	6.496622	33.187708	0.103792	-0.011102	0.046227	0.046654	0.043498	0.043924	0.004250	0.004355	0.003354	0.003481	1251.863966	1192.369800	1745.864909	1674.995755	-0.223596	-0.209416	-0.360566	-0.338648	
-0.012085	0.088394	-0.007666	154.590053	154.590061	154.187044	154.187055	0.000000	34.524666	0.000391	6.497599	6.497599	6.497599	6.497599	32.493139	0.036264	-0.007773	0.070309	0.070621	0.067518	0.067830	0.000040	0.000040	0.000040	0.000040	1222.927599	1222.450147	1802.288803	1801.720065	-0.001343	-0.001342	-0.001933	-0.001932	
0.013960	-0.327026	-0.327117	154.511254	154.511262	154.107878	154.107888	0.000000	34.476841	-0.001527	6.487544	6.487544	6.487544	6.487544	32.657807	0.048991	0.003686	0.064598	0.064451	0.061818	0.061672	0.001724	0.001727	0.001649	0.001653	1222.853123	1202.479129	1757.785480	1733.516080	-0.063478	-0.062204	-0.100348	-0.098518	
0.000300	0.068118	-0.432462	154.483853	154.483861	154.080917	154.080927	0.000000	34.674194	0.006364	6.490865	6.490865	6.490865	6.490865	32.514357	0.061055	-0.005468	0.068922	0.069141	0.066134	0.066352	0.002259	0.002265	0.002141	0.002148	1220.424191	1193.488919	1783.010809	1750.925647	-0.076997	-0.075149	-0.117306	-0.114920	
0.004904	1.262112	0.402166	154.693082	154.693090	154.290213	154.290223	0.000000	34.709542	0.007774	6.492008	6.492008	6.492008	6.492008	32.006574	-0.020500	0.009394	0.087657	0.087268	0.084824	0.084436	-0.002164	-0.002160	-0.002089	-0.002086	1157.693530	1182.741852	1775.190540	1805.027976	0.058207	0.059239	0.081550	0.082575	
-0.006976	-1.067906	1.056311	154.857225	154.857233	154.454264	154.454274	0.000000	34.689776	0.006980	6.483215	6.483215	6.483215	6.483215	33.369589	-0.090254	0.010239	0.044346	0.043955	0.041629	0.041239	-0.004608	-0.004469	-0.003648	-0.003502	1185.219448	1251.010257	1655.363007	1733.732690	0.244333	0.261789	0.379748	0.404801	
-0.014326	0.727261	-0.681724	154.421640	154.421648	154.019113	154.019123	0.000000	34.554589	0.001571	6.476336	6.476336	6.476336	6.476336	32.307034	0.032648	-0.021858	0.075015	0.075902	0.072212	0.073098	0.003469	0.003491	0.003173	0.003197	1232.241128	1189.780935	1856.577416	1805.999046	-0.100314	-0.096556	-0.158247	-0.153368	
-0.025309	-0.018142	-0.274926	154.522040	154.522048	154.120108	154.120118	0.000000	34.515630	0.000012	6.494619	6.494619	6.494619	6.494619	32.503340	0.040083	-0.022801	0.069201	0.070116	0.066419	0.067333	0.001469	0.001471	0.001426	0.001427	1207.225335	1190.101976	1752.308492	1731.911232	-0.051296	-0.050517	-0.076979	-0.075989	
0.015679	0.165630	-0.541548	154.458219	154.458227	154.055538	154.055548	0.000000	34.478180	-0.001488	6.490381	6.490381	6.490381	6.490381	32.492123	0.072253	-0.000200	0.069581	0.069589	0.066793	0.066801	0.002810	0.002822	0.002614	0.002629	1216.480868	1182.751348	1779.754920	1739.576484	-0.095248	-0.092370	-0.145400	-0.141683	
-0.006024	-0.442221	0.508665	154.720994	154.721002	154.318108	154.318119	0.000000	34.487541	-0.001117	6.493082	6.493082	6.493082	6.493082	32.823877	-0.027077	0.004128	0.060658	0.060495	0.057896	0.057733	-0.002604	-0.002593	-0.002429	-0.002415	1199.920159	1231.601649	1723.596196	1761.335029	0.102275	0.105163	0.151248	0.154880	
-0.012889	0.174031	0.143583	154.630511	154.630519	154.227491	154.227501	0.000000	34.546743	0.001247	6.482044	6.482044	6.482044	6.482044	32.437809	-0.026376	-0.006216	0.072446	0.072697	0.069651	0.069901	-0.000765	-0.000764	-0.000750	-0.000750	1204.685653	1213.628510	1775.257981	1785.910666	0.024312	0.024508	0.037387	0.037642	
-0.004184	-0.033412	-1.060624	154.328056	154.328063	153.925562	153.925573	0.000000	34.491415	-0.000968	6.485845	6.485845	6.485845	6.485845	32.758674	0.082035	-0.022113	0.059552	0.060425	0.056789	0.057659	0.004994	0.005102	0.004086	0.004214	1236.057443	1169.998015	1789.406930	1710.717269	-0.192037	-0.179666	-0.306882	-0.289295	
-0.036741	0.259219	-0.254573	154.530016	154.530024	154.127596	154.127606	0.000000	34.483378	-0.001291	6.498561	6.498561	6.498561	6.498561	32.406525	0.053490	-0.029118	0.072321	0.073497	0.069529	0.070702	0.001349	0.001350	0.001316	0.001317	1212.782688	1196.926965	1788.118443	1769.231185	-0.044213	-0.043660	-0.063839	-0.063208	
0.018746	-0.254723	-0.096118	154.572084	154.572091	154.168943	154.168953	0.000000	34.447381	-0.002735	6.490056	6.490056	6.490056	6.490056	32.590661	0.033491	0.008595	0.067309	0.066966	0.064526	0.064183	0.000516	0.000517	0.000509	0.000509	1211.076959	1205.090374	1745.623952	1738.492762	-0.018576	-0.018471	-0.028583	-0.028440	
-0.016774	0.203870	0.541246	154.730925	154.730932	154.327894	154.327904	0.000000	34.474331	-0.001661	6.488302	6.488302	6.488302	6.488302	32.537304	-0.046031	-0.001778	0.069950	0.070022	0.067163	0.067235	-0.002807	-0.002796	-0.002639	-0.002627	1184.375397	1218.086122	1746.240924	1786.396971	0.093373	0.095991	0.136668	0.139731	
-0.006992	0.454839	0.140505	154.630602	154.630610	154.227811	154.227821	0.000000	34.597188	0.003251	6.481631	6.481631	6.481631	6.481631	32.296626	-0.031497	-0.003224	0.077195	0.077326	0.074389	0.074520	-0.000758	-0.000757	-0.000742	-0.000742	1188.428813	1197.179987	1764.479445	1774.903800	0.022870	0.023048	0.034902	0.035126	
-0.008466	0.789714	0.450069	154.707038	154.707046	154.304688	154.304698	0.000000	34.491354	-0.000984	6.485836	6.485836	6.485836	6.485836	32.214662	-0.058663	0.000545	0.080547	0.080524	0.077736	0.077714	-0.002411	-0.002405	-0.002304	-0.002298	1162.427136	1190.459022	1746.656520	1780.047963	0.070282	0.071875	0.102564	0.104349	
0.002613	0.316926	-0.600545	154.444980	154.444988	154.042599	154.042609	0.000000	34.454476	-0.002461	6.482618	6.482618	6.482618	6.482618	32.418411	0.040385	-0.009695	0.071730	0.072121	0.068938	0.069328	0.003136	0.003154	0.002870	0.002892	1205.500117	1168.096043	1767.586781	1723.031235	-0.102373	-0.098714	-0.161797	-0.156765	
-0.009515	0.380915	0.458815	154.709548	154.709555	154.307273	154.307283	0.000000	34.721196	0.008207	6.493633	6.493633	6.493633	6.493633	32.419607	-0.034068	-0.000288	0.073716	0.073728	0.070924	0.070936	-0.002420	-0.002414	-0.002313	-0.002307	1176.917535	1205.494141	1743.035132	1777.075443	0.078268	0.080017	0.111686	0.113615	
0.006883	-1.320887	0.718210	154.776328	154.776335	154.373529	154.373539	0.000000	34.503706	-0.000495	6.482511	6.482511	6.482511	6.482511	33.340688	-0.072877	0.014330	0.044784	0.044236	0.042065	0.041518	-0.003376	-0.003327	-0.002797	-0.002726	1215.023633	1259.756332	1687.340560	1740.625927	0.174229	0.183330	0.285032	0.299886	
-0.027493	-0.331730	0.041741	154.606030	154.606038	154.203554	154.203564	0.000000	34.567680	0.002062	6.479722	6.479722	6.479722	6.479722	32.670244	-0.033665	-0.017088	0.064432	0.065112	0.061661	0.062339	-0.000218	-0.000218	-0.000215	-0.000215	1237.527240	1240.127039	1799.114916	1802.211783	0.007562	0.007581	0.012069	0.012096	
0.022077	-0.196053	-0.091144	154.572170	154.572177	154.170074	154.170084	0.000000	34.580436	0.002571	6.486862	6.486862	6.486862	6.486862	32.576105	0.002195	0.010869	0.067832	0.067398	0.065055	0.064621	0.000486	0.000486	0.000479	0.000479	1217.337017	1211.660259	1763.987321	1757.225195	-0.016986	-0.016895	-0.026383	-0.026258	
0.007935	0.210814	0.420873	154.701291	154.701299	154.298941	154.298951	0.000000	34.501980	-0.000568	6.488277	6.488277	6.488277	6.488277	32.487620	-0.043264	0.012690	0.071672	0.071162	0.068885	0.068376	-0.002214	-0.002209	-0.002116	-0.002111	1187.492665	1213.706116	1749.956099	1781.181431	0.072653	0.074257	0.107017	0.108922	
0.008626	-0.526625	0.461974	154.712222	154.712229	154.309635	154.309645	0.000000	34.519859	0.000145	6.482859	6.482859	6.482859	6.482859	32.835934	-0.061947	0.013606	0.060395	0.059859	0.057635	0.057101	-0.002385	-0.002376	-0.002219	-0.002206	1203.524980	1232.298342	1722.747032	1757.021716	0.092257	0.094932	0.144858	0.148682	
0.014929	0.156321	0.278678	154.665814	154.665821	154.263442	154.263452	0.000000	34.384575	-0.005268	6.482406	6.482406	6.482406	6.482406	32.476982	-0.050401	0.014798	0.071820	0.071225	0.069032	0.068438	-0.001473	-0.001472	-0.001428	-0.001427	1201.329578	1218.686652	1770.551574	1791.227234	0.047320	0.048054	0.072183	0.073117	
0.011003	-0.061517	-0.402799	154.495336	154.495343	154.093116	154.093125	0.000000	34.472462	-0.001754	6.484349	6.484349	6.484349	6.484349	32.552767	0.024237	0.001405	0.067877	0.067821	0.065097	0.065041	0.002118	0.002124	0.002004	0.002011	1217.520958	1192.433187	1766.756791	1736.872364	-0.073374	-0.071585	-0.116259	-0.113728	
-0.028786	-0.893898	0.741567	154.781818	154.781825	154.379535	154.379545	0.000000	34.652097	0.005430	6.491510	6.491510	6.491510	6.491510	33.154440	-0.061736	-0.008692	0.050247	0.050583	0.047517	0.047852	-0.003536	-0.003496	-0.003082	-0.003032	1206.753583	1252.941021	1706.601538	1761.619783	0.163768	0.170989	0.245952	0.255550	
0.008161	-1.032905	-0.266385	154.531269	154.531276	154.128558	154.128568	0.000000	34.234481	-0.011277	6.479481	6.479481	6.479481	6.479481	32.986017	0.008041	-0.000825	0.054053	0.054085	0.051306	0.051338	0.001372	0.001373	0.001311	0.001314	1260.358237	1243.766840	1779.291891	1759.528301	-0.057261	-0.056187	-0.098338	-0.096452	
-0.001500	-0.335852	-0.901171	154.371081	154.371089	153.968817	153.968827	0.000000	34.523894	0.000298	6.490009	6.490009	6.490009	6.490009	32.873752	0.081833	-0.015285	0.056273	0.056872	0.053520	0.054118	0.004253	0.004317	0.003597	0.003678	1256.025653	1199.897510	1810.730761	1743.871197	-0.170188	-0.161146	-0.268182	-0.255515	
0.001825	-0.723788	-0.648624	154.435739	154.435747	154.033182	154.033192	0.000000	34.469624	-0.001874	6.496743	6.496743	6.496743	6.496743	32.969069	0.090471	-0.008746	0.053788	0.054129	0.051041	0.051382	0.003161	0.003186	0.002801	0.002836	1255.234287	1214.835651	1783.542951	1735.420297	-0.137135	-0.131846	-0.212890	-0.205445	
-0.016454	0.393589	0.270547	154.667262	154.667270	154.264128	154.264138	0.000000	34.369407	-0.005887	6.494026	6.494026	6.494026	6.494026	32.389748	0.001630	-0.006768	0.074281	0.074555	0.071481	0.071754	-0.001427	-0.001426	-0.001392	-0.001391	1199.238089	1216.088709	1785.948710	1806.021086	0.044868	0.045443	0.064074	0.064704	
0.001492	-0.473127	-0.269077	154.532658	154.532665	154.129439	154.129449	0.000000	34.395551	-0.004845	6.484304	6.484304	6.484304	6.484304	32.705605	0.029985	-0.004154	0.063034	0.063198	0.060260	0.060424	0.001428	0.001429	0.001375	0.001377	1221.877253	1205.118156	1745.040523	1725.077171	-0.053928	-0.052986	-0.087394	-0.085954	
-0.007298	-0.490960	-0.540992	154.463417	154.463424	154.060741	154.060750	0.000000	34.553408	0.001467	6.489961	6.489961	6.489961	6.489961	32.808888	0.063112	-0.013383	0.059031	0.059558	0.056270	0.056796	0.002737	0.002751	0.002495	0.002515	1240.421551	1206.726652	1774.961857	1734.824662	-0.107987	-0.104412	-0.171012	-0.165837	
-0.012988	0.751537	0.598471	154.749125	154.749132	154.346409	154.346418	0.000000	34.559150	0.001694	6.492863	6.492863	6.492863	6.492863	32.325036	-0.039084	-0.000876	0.077121	0.077157	0.074318	0.074354	-0.003105	-0.003092	-0.002938	-0.002927	1174.401808	1211.676706	1773.074987	1817.476660	0.093356	0.095845	0.130522	0.133056	
0.000619	0.046805	1.351123	154.938216	154.938223	154.535254	154.535264	0.000000	34.383566	-0.005333	6.480861	6.480861	6.480861	6.480861	32.965749	-0.122902	0.018574	0.057858	0.057131	0.055107	0.054382	-0.006082	-0.005901	-0.005043	-0.004881	1155.369133	1239.521867	1694.900103	1795.142420	0.235819	0.252613	0.341491	0.360544	
0.022413	0.079180	1.428566	154.956016	154.956023	154.553601	154.553610	0.000000	34.373121	-0.005752	6.472946	6.472946	6.472946	6.472946	32.997333	-0.154600	0.035778	0.057303	0.055905	0.054557	0.053163	-0.006348	-0.006144	-0.005190	-0.005007	1171.602338	1260.578483	1734.255528	1840.243468	0.234328	0.252350	0.347664	0.368700	
-0.007247	-0.202402	0.340158	154.682266	154.682274	154.280573	154.280582	0.000000	34.332400	-0.007380	6.472190	6.472190	6.472190	6.472190	32.656768	-0.092384	0.002506	0.065786	0.065687	0.063019	0.062919	-0.001774	-0.001771	-0.001695	-0.001691	1214.109134	1235.295380	1769.062715	1794.299666	0.059944	0.061231	0.097371	0.099274	
0.031077	0.382589	1.370792	154.939304	154.939311	154.537930	154.537940	0.000000	34.730826	0.008559	6.483644	6.483644	6.483644	6.483644	32.824467	-0.143036	0.038135	0.062807	0.061302	0.060054	0.058552	-0.006259	-0.006097	-0.005315	-0.005176	1155.711297	1241.089089	1724.584034	1826.285633	0.222415	0.236888	0.313876	0.329004	
-0.010733	0.115809	-0.481916	154.477802	154.477810	154.075896	154.075906	0.000000	34.543551	0.001068	6.472867	6.472867	6.472867	6.472867	32.502135	-0.005184	-0.013919	0.069112	0.069671	0.066331	0.066888	0.002505	0.002515	0.002329	0.002341	1225.770902	1195.755471	1796.940392	1761.186161	-0.081034	-0.078578	-0.133928	-0.130230	
-0.007622	-0.433875	-0.913040	154.368598	154.368605	153.966985	153.966995	0.000000	34.569340	0.002100	6.492241	6.492241	6.492241	6.492241	32.911636	0.078340	-0.021101	0.054926	0.055752	0.052182	0.053005	0.004299	0.004372	0.003585	0.003676	1244.269446	1187.402057	1777.199896	1709.459746	-0.182335	-0.172191	-0.287778	-0.273290	
0.000968	-0.222111	-0.740972	154.414512	154.414519	154.012076	154.012085	0.000000	34.570616	0.002150	6.496834	6.496834	6.496834	6.496834	32.766423	0.098432	-0.011528	0.060104	0.060559	0.057341	0.057795	0.003625	0.003657	0.003232	0.003272	1245.668492	1199.518115	1803.034939	1748.060841	-0.139635	-0.133991	-0.210585	-0.203346	
0.003632	-0.818640	0.027633	154.608350	154.608357	154.205205	154.205215	0.000000	34.605605	0.003545	6.494917	6.494917	6.494917	6.494917	32.862467	0.032233	0.003004	0.058619	0.058501	0.055858	0.055741	-0.000146	-0.000146	-0.000145	-0.000145	1233.461165	1235.182252	1748.925820	1750.975970	0.006020	0.006030	0.009243	0.009257	
-0.015102	-0.449644	-0.445435	154.490512	154.490519	154.087239	154.087248	0.000000	34.426353	-0.003629	6.486778	6.486778	6.486778	6.486778	32.763621	0.054135	-0.016329	0.060621	0.061267	0.057853	0.058496	0.002283	0.002291	0.002130	0.002141	1241.123857	1213.380553	1782.700888	1749.653203	-0.086695	-0.084324	-0.138252	-0.134789	
0.013251	-0.134970	-0.336543	154.516789	154.516796	154.113955	154.113964	0.000000	34.676744	0.006383	6.491735	6.491735	6.491735	6.491735	32.591509	0.056665	0.002698	0.066782	0.066674	0.064001	0.063893	0.001763	0.001765	0.001694	0.001697	1226.174164	1205.213062	1780.786427	1755.817668	-0.062303	-0.061131	-0.094887	-0.093355	
0.001279	-0.163780	-0.332420	154.518662	154.518669	154.115778	154.115787	0.000000	34.576195	0.002359	6.490621	6.490621	6.490621	6.490621	32.594138	0.054239	-0.003182	0.066591	0.066719	0.063810	0.063937	0.001750	0.001753	0.001680	0.001684	1221.579314	1200.875014	1768.737351	1744.074492	-0.062395	-0.061203	-0.095872	-0.094276	
0.018460	-0.044866	-0.135862	154.568074	154.568081	154.165170	154.165179	0.000000	34.384543	-0.005311	6.490543	6.490543	6.490543	6.490543	32.512467	0.035496	0.010628	0.069890	0.069463	0.067101	0.066675	0.000726	0.000727	0.000714	0.000714	1212.313371	1203.851405	1764.839557	1754.759706	-0.024874	-0.024686	-0.037675	-0.037433	
-0.011636	0.249194	-0.643075	154.441580	154.441587	154.038689	154.038698	0.000000	34.589493	0.002884	6.488466	6.488466	6.488466	6.488466	32.485060	0.073494	-0.016665	0.069368	0.070038	0.066578	0.067246	0.003299	0.003320	0.003014	0.003038	1217.653253	1177.600270	1786.373208	1738.662294	-0.110726	-0.106734	-0.170145	-0.164960	
-0.000092	-0.169663	-0.357850	154.512855	154.512862	154.110080	154.110089	0.000000	34.744788	0.009094	6.493787	6.493787	6.493787	6.493787	32.600201	0.064298	-0.006202	0.066293	0.066540	0.063513	0.063760	0.001883	0.001886	0.001803	0.001807	1219.299931	1197.011784	1762.678078	1736.128549	-0.068168	-0.066793	-0.103384	-0.101586	
-0.033794	0.581328	-0.001634	154.603036	154.603042	154.200030	154.200039	0.000000	34.461715	-0.002233	6.490785	6.490785	6.490785	6.490785	32.240158	0.019327	-0.022136	0.078503	0.079407	0.075692	0.076594	0.000009	0.000009	0.000009	0.000009	1191.337583	1191.235783	1777.232717	1777.111452	-0.000265	-0.000265	-0.000387	-0.000387	
0.001996	-0.093099	0.013571	154.606888	154.606895	154.203916	154.203925	0.000000	34.533682	0.000643	6.486999	6.486999	6.486999	6.486999	32.511121	0.007396	-0.000566	0.069978	0.070001	0.067189	0.067212	-0.000074	-0.000074	-0.000073	-0.000073	1198.259461	1199.104711	1735.307654	1736.314512	0.002540	0.002542	0.003915	0.003918	
-0.014619	0.044978	0.388638	154.700280	154.700287	154.297561	154.297570	0.000000	34.396047	-0.004865	6.486836	6.486836	6.486836	6.486836	32.548441	-0.039588	-0.003791	0.069332	0.069484	0.066548	0.066700	-0.002049	-0.002045	-0.001960	-0.001956	1191.020286	1215.226012	1742.475462	1771.309202	0.069391	0.070871	0.103830	0.105671	
-0.025026	0.153481	-0.221195	154.547894	154.547901	154.145297	154.145306	0.000000	34.456800	-0.002437	6.482910	6.482910	6.482910	6.482910	32.424582	0.007848	-0.021224	0.072008	0.072864	0.069215	0.070069	0.001183	0.001184	0.001152	0.001153	1208.202702	1194.425905	1770.440784	1754.029932	-0.038322	-0.037828	-0.059845	-0.059177	
-0.003772	-0.934891	-0.398984	154.502956	154.502962	154.100600	154.100609	0.000000	34.523859	0.000244	6.489308	6.489308	6.489308	6.489308	32.959456	0.044828	-0.010984	0.054511	0.054940	0.051765	0.052192	0.002055	0.002061	0.001901	0.001912	1239.497902	1214.647779	1739.568787	1709.967445	-0.090271	-0.087821	-0.148323	-0.144352	
-0.021716	-0.702221	-0.114833	154.575075	154.575082	154.172485	154.172494	0.000000	34.535771	0.000719	6.491192	6.491192	6.491192	6.491192	32.817667	0.026518	-0.016595	0.059450	0.060104	0.056690	0.057343	0.000603	0.000604	0.000595	0.000595	1240.656303	1233.504124	1769.896966	1761.377326	-0.023801	-0.023636	-0.037130	-0.036896	
-0.002376	0.864706	-0.840938	154.394323	154.394330	153.991487	153.991496	0.000000	34.404431	-0.004538	6.488165	6.488165	6.488165	6.488165	32.272021	0.091032	-0.017105	0.076087	0.076783	0.073279	0.073973	0.004259	0.004298	0.003837	0.003878	1216.425976	1164.049395	1830.106068	1767.715347	-0.127076	-0.121611	-0.190761	-0.184320	
-0.008735	-0.202400	-0.162312	154.563888	154.563895	154.161131	154.161140	0.000000	34.393310	-0.004985	6.495776	6.495776	6.495776	6.495776	32.571788	0.049607	-0.008672	0.067526	0.067873	0.064744	0.065090	0.000873	0.000873	0.000857	0.000857	1207.663393	1197.554035	1740.907247	1728.865029	-0.031718	-0.031431	-0.047437	-0.047070	
0.009555	-0.301961	0.380351	154.701052	154.701058	154.297946	154.297955	0.000000	34.336107	-0.007277	6.488639	6.488639	6.488639	6.488639	32.708602	-0.020794	0.011708	0.064409	0.063945	0.061636	0.061172	-0.001988	-0.001984	-0.001898	-0.001893	1202.529553	1226.219185	1737.278745	1765.497716	0.073144	0.074725	0.110281	0.112329	
0.009754	-0.005971	0.977506	154.849796	154.849803	154.446887	154.446896	0.000000	34.568625	0.002021	6.482885	6.482885	6.482885	6.482885	32.838126	-0.094644	0.021454	0.061422	0.060576	0.058660	0.057816	-0.004684	-0.004614	-0.004080	-0.004006	1180.072503	1240.955048	1731.976658	1804.499642	0.171312	0.180206	0.251676	0.262160	
-0.011473	0.239144	-0.184249	154.558466	154.558472	154.156012	154.156021	0.000000	34.582553	0.002576	6.476646	6.476646	6.476646	6.476646	32.395242	-0.016106	-0.009836	0.073282	0.073679	0.070487	0.070884	0.000981	0.000982	0.000957	0.000957	1213.569569	1202.093913	1790.117514	1776.447771	-0.030476	-0.030144	-0.048542	-0.048081	
0.001284	-0.518106	-0.993121	154.355063	154.355069	153.953132	153.953141	0.000000	34.533144	0.000600	6.488860	6.488860	6.488860	6.488860	32.976352	0.078757	-0.016608	0.052852	0.053499	0.050111	0.050756	0.004575	0.004676	0.003684	0.003809	1245.811126	1183.956020	1771.031786	1697.350292	-0.201891	-0.189071	-0.326444	-0.307169	
-0.001122	0.958047	0.732951	154.788371	154.788378	154.385992	154.386001	0.000000	34.549906	0.001269	6.497411	6.497411	6.497411	6.497411	32.299448	-0.044254	0.008002	0.078429	0.078103	0.075625	0.075300	-0.003742	-0.003722	-0.003520	-0.003504	1169.754600	1215.405413	1784.574550	1838.953570	0.110720	0.113951	0.149547	0.152553	
0.000782	0.026577	0.298698	154.681862	154.681868	154.278746	154.278755	0.000000	34.409382	-0.004355	6.479208	6.479208	6.479208	6.479208	32.511445	-0.047707	0.005649	0.070611	0.070384	0.067821	0.067595	-0.001599	-0.001597	-0.001542	-0.001540	1187.920787	1206.524731	1731.758677	1753.919602	0.053235	0.054196	0.083258	0.084575	
0.004075	-0.967416	-0.172146	154.561844	154.561850	154.159414	154.159423	0.000000	34.427785	-0.003621	6.483691	6.483691	6.483691	6.483691	32.916112	0.002093	-0.000188	0.056513	0.056520	0.053762	0.053769	0.000912	0.000912	0.000889	0.000890	1235.948296	1225.226430	1735.847907	1723.076074	-0.038501	-0.038032	-0.064736	-0.063939	
0.008788	-0.918155	-0.649743	154.442733	154.442740	154.040480	154.040488	0.000000	34.557331	0.001560	6.488718	6.488718	6.488718	6.488718	33.058478	0.061236	-0.004320	0.051072	0.051240	0.048335	0.048502	0.003144	0.003173	0.002716	0.002760	1261.836894	1221.368565	1781.060999	1732.855327	-0.140948	-0.134930	-0.231352	-0.221797	
0.020925	-0.097452	0.109982	154.633681	154.633688	154.231137	154.231146	0.000000	34.574936	0.002263	6.493725	6.493725	6.493725	6.493725	32.576244	0.011839	0.015834	0.068352	0.067719	0.065571	0.064939	-0.000580	-0.000579	-0.000571	-0.000571	1220.306191	1227.156235	1784.418438	1792.578176	0.019982	0.020095	0.029334	0.029470	
0.017638	-0.901733	0.370494	154.700090	154.700097	154.297135	154.297144	0.000000	34.369546	-0.005956	6.485702	6.485702	6.485702	6.485702	32.978924	-0.033675	0.019135	0.055821	0.055074	0.053071	0.052326	-0.001914	-0.001910	-0.001801	-0.001793	1219.235085	1242.310758	1721.664820	1749.152446	0.081216	0.083189	0.129314	0.132298	
-0.011617	1.125510	0.616552	154.760809	154.760815	154.358120	154.358129	0.000000	34.668478	0.005999	6.482923	6.482923	6.482923	6.482923	32.162793	-0.076828	0.003210	0.082720	0.082588	0.079903	0.079771	-0.003219	-0.003205	-0.003035	-0.003023	1168.915133	1207.316191	1793.596285	1839.339434	0.087563	0.090072	0.125952	0.128569	
0.019153	0.323554	-0.498518	154.481537	154.481544	154.079173	154.079182	0.000000	34.667111	0.005943	6.480370	6.480370	6.480370	6.480370	32.383042	0.026656	0.003018	0.073411	0.073289	0.070615	0.070494	0.002642	0.002652	0.002463	0.002476	1200.586369	1169.536889	1760.684521	1723.698535	-0.084805	-0.082255	-0.134814	-0.131263	
0.012038	-0.554929	-0.694155	154.432155	154.432162	154.030044	154.030053	0.000000	34.496171	-0.000895	6.492094	6.492094	6.492094	6.492094	32.886927	0.075011	-0.002263	0.056522	0.056611	0.053771	0.053860	0.003418	0.003451	0.002979	0.003026	1237.130875	1193.896432	1758.162383	1706.661729	-0.144134	-0.137890	-0.228437	-0.219303	
0.008259	0.030223	-0.397489	154.508257	154.508264	154.105609	154.105618	0.000000	34.582843	0.002570	6.494167	6.494167	6.494167	6.494167	32.541407	0.067855	0.000434	0.068320	0.068303	0.065536	0.065519	0.002067	0.002071	0.001976	0.001981	1227.370471	1202.613437	1795.528660	1766.038203	-0.071069	-0.069577	-0.105936	-0.104095	
-0.015651	0.364627	-0.683558	154.437779	154.437786	154.034729	154.034738	0.000000	34.374691	-0.005760	6.490976	6.490976	6.490976	6.490976	32.448647	0.088797	-0.020379	0.070467	0.071287	0.067673	0.068491	0.003494	0.003518	0.003189	0.003216	1216.663653	1174.089224	1792.868885	1742.154438	-0.115566	-0.111314	-0.174457	-0.169171	
0.006703	0.105128	0.850751	154.821355	154.821361	154.418353	154.418362	0.000000	34.528243	0.000379	6.493950	6.493950	6.493950	6.493950	32.724954	-0.047157	0.014783	0.064766	0.064179	0.061994	0.061409	-0.004189	-0.004147	-0.003782	-0.003739	1173.108464	1226.096273	1722.961568	1786.080382	0.152653	0.158850	0.214179	0.220857	
-0.000811	0.977236	-0.621951	154.453956	154.453962	154.050852	154.050860	0.000000	34.631696	0.004514	6.477839	6.477839	6.477839	6.477839	32.141835	0.044754	-0.010876	0.080989	0.081435	0.078168	0.078613	0.003260	0.003278	0.003020	0.003038	1203.720554	1164.983236	1819.030910	1772.887210	-0.090855	-0.087772	-0.141236	-0.137366	
0.002523	0.564377	-0.274841	154.538442	154.538448	154.136140	154.136148	0.000000	34.398715	-0.004807	6.493270	6.493270	6.493270	6.493270	32.234122	0.046263	-0.003085	0.078643	0.078769	0.075835	0.075961	0.001490	0.001491	0.001448	0.001449	1186.459613	1169.341567	1757.581862	1737.190932	-0.045989	-0.045338	-0.067536	-0.066774	
0.012795	0.898734	0.396966	154.708539	154.708545	154.305819	154.305828	0.000000	34.577928	0.002360	6.489699	6.489699	6.489699	6.489699	32.151179	-0.024708	0.014745	0.082982	0.082377	0.080163	0.079559	-0.002141	-0.002137	-0.002063	-0.002060	1159.243316	1183.967772	1747.598222	1777.049870	0.061671	0.062843	0.088143	0.089396	
0.002781	0.303736	0.069568	154.626823	154.626829	154.223982	154.223990	0.000000	34.551448	0.001298	6.482563	6.482563	6.482563	6.482563	32.333344	-0.017176	0.004210	0.076097	0.075926	0.073293	0.073123	-0.000380	-0.000379	-0.000373	-0.000373	1183.081656	1187.414568	1738.330151	1743.491494	0.011941	0.011989	0.018364	0.018427	
-0.008297	-0.721785	0.902875	154.834173	154.834179	154.431735	154.431743	0.000000	34.738624	0.008784	6.485996	6.485996	6.485996	6.485996	33.142757	-0.084994	0.007154	0.051279	0.051002	0.048546	0.048270	-0.004213	-0.004140	-0.003562	-0.003478	1190.420456	1246.654740	1691.215797	1758.201796	0.190555	0.200955	0.287857	0.301647	
0.009926	0.355603	-0.396361	154.509815	154.509822	154.107388	154.107397	0.000000	34.620220	0.004046	6.477290	6.477290	6.477290	6.477290	32.395802	0.011750	-0.000700	0.073110	0.073138	0.070315	0.070343	0.002067	0.002072	0.001968	0.001973	1226.393586	1201.706841	1821.003994	1791.597267	-0.063265	-0.061831	-0.100151	-0.098215	
0.020425	-0.629317	0.816926	154.811863	154.811870	154.409859	154.409867	0.000000	34.587714	0.002746	6.490905	6.490905	6.490905	6.490905	33.061079	-0.067390	0.024566	0.054063	0.053108	0.051326	0.050373	-0.003900	-0.003850	-0.003400	-0.003342	1192.475668	1243.356710	1700.906462	1761.515705	0.170762	0.178667	0.251858	0.261807	
-0.009812	-0.272881	0.162857	154.650367	154.650373	154.247850	154.247858	0.000000	34.548741	0.001185	6.478216	6.478216	6.478216	6.478216	32.649999	-0.043774	-0.002235	0.065693	0.065782	0.062919	0.063008	-0.000857	-0.000856	-0.000838	-0.000838	1223.497323	1233.640639	1777.870596	1789.953262	0.029541	0.029834	0.047065	0.047485	
-0.018928	-0.574413	0.316499	154.687251	154.687257	154.285106	154.285114	0.000000	34.657248	0.005525	6.485000	6.485000	6.485000	6.485000	32.810719	-0.049948	-0.008618	0.060600	0.060940	0.057843	0.058182	-0.001656	-0.001653	-0.001587	-0.001584	1214.285763	1233.998463	1737.299313	1760.780983	0.063803	0.065050	0.099893	0.101671	
-0.011715	-0.147201	-0.840553	154.398800	154.398806	153.996553	153.996561	0.000000	34.492462	-0.001067	6.483444	6.483444	6.483444	6.483444	32.752381	0.058653	-0.023722	0.060210	0.061147	0.057447	0.058382	0.004085	0.004137	0.003498	0.003566	1243.642242	1191.289643	1802.202787	1739.840633	-0.152364	-0.144579	-0.244876	-0.233628	
0.018263	0.821032	-0.504762	154.482756	154.482762	154.080476	154.080484	0.000000	34.571962	0.002112	6.495575	6.495575	6.495575	6.495575	32.203787	0.076127	0.002800	0.079391	0.079276	0.076580	0.076466	0.002650	0.002658	0.002522	0.002529	1205.145292	1173.706921	1812.223604	1774.774373	-0.078510	-0.076631	-0.113167	-0.111115	
-0.007317	0.555450	-0.222350	154.555530	154.555537	154.152610	154.152619	0.000000	34.464311	-0.002197	6.492041	6.492041	6.492041	6.492041	32.235098	0.049172	-0.006860	0.078653	0.078933	0.075841	0.076120	0.001207	0.001208	0.001178	0.001178	1186.928604	1173.079847	1759.335513	1742.838942	-0.037080	-0.036653	-0.054558	-0.054057	
-0.008699	0.004178	0.489611	154.733718	154.733724	154.330669	154.330677	0.000000	34.558667	0.001574	6.488993	6.488993	6.488993	6.488993	32.595780	-0.033907	0.001437	0.068114	0.068057	0.065332	0.065275	-0.002566	-0.002557	-0.002418	-0.002408	1180.645586	1211.140307	1719.966019	1756.291178	0.089996	0.092395	0.132916	0.135844	
-0.011573	0.014011	0.433500	154.719486	154.719492	154.316621	154.316629	0.000000	34.492796	-0.001064	6.481514	6.481514	6.481514	6.481514	32.580943	-0.057725	-0.001224	0.068449	0.068498	0.065667	0.065716	-0.002271	-0.002264	-0.002152	-0.002145	1193.034945	1220.034846	1745.419128	1777.581276	0.076536	0.078436	0.117046	0.119513	
0.015623	0.099795	1.321124	154.940268	154.940275	154.537893	154.537901	0.000000	34.546380	0.001078	6.482107	6.482107	6.482107	6.482107	32.939337	-0.126714	0.027442	0.058895	0.057819	0.056145	0.055072	-0.005976	-0.005816	-0.005016	-0.004873	1162.616400	1244.900708	1713.864698	1811.881356	0.226383	0.241522	0.324925	0.341668	
-0.016020	0.413192	-0.524554	154.478752	154.478758	154.076563	154.076571	0.000000	34.457087	-0.002494	6.472848	6.472848	6.472848	6.472848	32.385340	0.004890	-0.019098	0.072869	0.073641	0.070076	0.070846	0.002725	0.002736	0.002532	0.002546	1222.556810	1189.885714	1814.046699	1775.129053	-0.082932	-0.080334	-0.134527	-0.130847	
0.010813	0.577175	0.301498	154.683687	154.683694	154.282031	154.282039	0.000000	34.340720	-0.007147	6.492207	6.492207	6.492207	6.492207	32.280699	-0.027686	0.009541	0.078357	0.077968	0.075557	0.075169	-0.001620	-0.001618	-0.001574	-0.001573	1175.494026	1194.272376	1752.073691	1774.442367	0.049583	0.050311	0.071118	0.071920	
0.003189	0.253750	0.077681	154.630573	154.630579	154.228129	154.228137	0.000000	34.521820	0.000095	6.483584	6.483584	6.483584	6.483584	32.365603	-0.018537	0.003985	0.075045	0.074884	0.072247	0.072086	-0.000422	-0.000422	-0.000415	-0.000415	1188.077881	1192.916119	1744.920176	1750.683461	0.013409	0.013468	0.020517	0.020594	
0.008664	1.073396	0.789128	154.807804	154.807810	154.405368	154.405376	0.000000	34.706713	0.007490	6.485830	6.485830	6.485830	6.485830	32.219925	-0.084363	0.017685	0.081425	0.080701	0.078613	0.077891	-0.004104	-0.004075	-0.003793	-0.003766	1146.256089	1195.405814	1746.178181	1804.725089	0.116841	0.121111	0.165518	0.169892	
-0.011083	-0.206706	0.150929	154.648590	154.648596	154.246154	154.246162	0.000000	34.460531	-0.002359	6.478395	6.478395	6.478395	6.478395	32.574329	-0.048183	-0.004142	0.068118	0.068284	0.065339	0.065504	-0.000815	-0.000815	-0.000799	-0.000798	1196.457258	1205.857658	1725.849370	1737.047079	0.028370	0.028645	0.045585	0.045992	
0.011345	0.025138	-0.723343	154.428936	154.428942	154.026872	154.026879	0.000000	34.486610	-0.001316	6.485073	6.485073	6.485073	6.485073	32.620217	0.054018	-0.005905	0.065066	0.065301	0.062293	0.062527	0.003634	0.003666	0.003225	0.003266	1228.107696	1183.055344	1787.254817	1733.588681	-0.128865	-0.123337	-0.203603	-0.195916	
-0.015528	-1.471349	-0.221847	154.555193	154.555199	154.152960	154.152968	0.000000	34.639491	0.004799	6.494302	6.494302	6.494302	6.494302	33.165325	0.041009	-0.013366	0.048275	0.048790	0.045547	0.046061	0.001155	0.001156	0.001110	0.001112	1254.466845	1240.649408	1731.027498	1714.568237	-0.058121	-0.057202	-0.096386	-0.094810	
0.012935	0.915586	1.567263	155.004355	155.004361	154.601492	154.601499	0.000000	34.667455	0.005914	6.488993	6.488993	6.488993	6.488993	32.681619	-0.113908	0.027007	0.067682	0.066606	0.064907	0.063834	-0.007070	-0.006891	-0.006140	-0.006006	1150.753233	1248.367958	1764.820000	1881.098173	0.229734	0.243639	0.307349	0.319761	
0.007081	-0.884160	0.261970	154.677829	154.677835	154.274974	154.274982	0.000000	34.574440	0.002191	6.470178	6.470178	6.470178	6.470178	32.925739	-0.068418	0.010478	0.057205	0.056795	0.054452	0.054043	-0.001374	-0.001372	-0.001314	-0.001311	1225.352329	1241.668735	1732.974910	1752.410931	0.054601	0.055665	0.095065	0.096987	
0.009037	-0.585509	-0.318502	154.529627	154.529633	154.127861	154.127869	0.000000	34.544391	0.000990	6.483855	6.483855	6.483855	6.483855	32.793238	0.009466	0.000983	0.060274	0.060235	0.057517	0.057478	0.001652	0.001655	0.001578	0.001581	1242.798881	1222.961462	1778.424756	1754.794521	-0.063270	-0.061989	-0.102711	-0.100754	
0.003570	0.250737	0.398068	154.710258	154.710264	154.308276	154.308284	0.000000	34.585557	0.002637	6.490058	6.490058	6.490058	6.490058	32.478621	-0.037900	0.008304	0.071943	0.071609	0.069158	0.068825	-0.002086	-0.002082	-0.002004	-0.002000	1193.742261	1218.535367	1765.910429	1795.443855	0.067823	0.069178	0.098516	0.100069	
-0.027738	-0.133071	-0.001087	154.611923	154.611928	154.209364	154.209372	0.000000	34.441891	-0.003112	6.482476	6.482476	6.482476	6.482476	32.539539	-0.016528	-0.018058	0.068728	0.069452	0.065945	0.066667	0.000006	0.000006	0.000006	0.000006	1207.000415	1206.932734	1750.018635	1749.938013	-0.000200	-0.000200	-0.000315	-0.000315	
0.020723	-0.022012	-0.584349	154.465320	154.465326	154.062946	154.062954	0.000000	34.355189	-0.006581	6.486616	6.486616	6.486616	6.486616	32.595937	0.056108	0.001871	0.066265	0.066191	0.063488	0.063413	0.002997	0.003013	0.002742	0.002763	1223.999960	1187.604657	1778.579623	1735.225720	-0.105796	-0.102158	-0.165712	-0.160710	
0.001341	-0.165933	0.233437	154.670370	154.670375	154.267923	154.267930	0.000000	34.437611	-0.003285	6.492777	6.492777	6.492777	6.492777	32.606569	-0.005793	0.005233	0.067400	0.067191	0.064622	0.064414	-0.001239	-0.001238	-0.001209	-0.001208	1204.150534	1218.689831	1747.973151	1765.292289	0.044079	0.044632	0.065099	0.065781	
-0.005142	0.339644	-0.169527	154.570961	154.570967	154.168110	154.168117	0.000000	34.621119	0.004052	6.484159	6.484159	6.484159	6.484159	32.343849	0.015192	-0.005663	0.075158	0.075388	0.072356	0.072585	0.000910	0.000910	0.000890	0.000890	1203.311691	1192.752920	1777.313296	1764.735741	-0.028346	-0.028079	-0.043371	-0.043030	
0.004582	0.938594	-0.765170	154.421127	154.421133	154.018557	154.018565	0.000000	34.492453	-0.001096	6.488343	6.488343	6.488343	6.488343	32.188615	0.081752	-0.010402	0.079199	0.079624	0.076385	0.076810	0.003970	0.004001	0.003616	0.003648	1197.658368	1150.000834	1798.789749	1742.020332	-0.116941	-0.112300	-0.175191	-0.169721	
-0.011437	0.314653	0.140498	154.648167	154.648173	154.245559	154.245567	0.000000	34.502917	-0.000679	6.494641	6.494641	6.494641	6.494641	32.352698	0.012452	-0.005474	0.075405	0.075627	0.072605	0.072827	-0.000763	-0.000763	-0.000750	-0.000750	1181.703222	1190.453943	1738.381006	1748.804821	0.024719	0.024895	0.035722	0.035924	
-0.003242	-0.429255	-1.118694	154.334771	154.334777	153.931758	153.931765	0.000000	34.636869	0.004676	6.485095	6.485095	6.485095	6.485095	32.973319	0.094793	-0.021373	0.052718	0.053551	0.049969	0.050800	0.005047	0.005191	0.003948	0.004116	1246.027123	1176.350886	1775.377356	1692.379370	-0.221532	-0.205459	-0.362607	-0.338087	
0.001826	-0.175034	-0.326858	154.531704	154.531710	154.129020	154.129028	0.000000	34.550811	0.001231	6.498289	6.498289	6.498289	6.498289	32.626604	0.068848	-0.004267	0.065598	0.065769	0.062822	0.062991	0.001700	0.001702	0.001642	0.001644	1233.392989	1213.035100	1792.968218	1768.718003	-0.061284	-0.060249	-0.090045	-0.088787	
0.012914	0.240921	-0.912475	154.387480	154.387485	153.984297	153.984304	0.000000	34.442462	-0.003106	6.489990	6.489990	6.489990	6.489990	32.589951	0.109037	-0.005896	0.065769	0.066004	0.062985	0.063220	0.004464	0.004523	0.003878	0.003947	1229.737447	1172.905241	1803.492679	1735.794438	-0.156693	-0.148799	-0.239760	-0.229635	
-0.002366	0.555829	0.126164	154.646574	154.646580	154.243538	154.243545	0.000000	34.557952	0.001510	6.496071	6.496071	6.496071	6.496071	32.271716	0.024095	0.001159	0.078227	0.078180	0.075417	0.075370	-0.000679	-0.000679	-0.000667	-0.000667	1187.741060	1195.598987	1771.147826	1780.508150	0.020832	0.020955	0.029527	0.029659	
0.009638	-0.160580	-0.310426	154.538588	154.538594	154.135374	154.135381	0.000000	34.559665	0.001575	6.485171	6.485171	6.485171	6.485171	32.570789	0.042144	0.001750	0.067592	0.067522	0.064807	0.064737	0.001654	0.001657	0.001589	0.001592	1211.129074	1191.794671	1747.508669	1724.477624	-0.058680	-0.057562	-0.092700	-0.091108	
-0.003048	-0.545610	0.770295	154.807493	154.807499	154.404740	154.404748	0.000000	34.413556	-0.004272	6.489712	6.489712	6.489712	6.489712	33.002998	-0.056894	0.009262	0.055590	0.055229	0.052844	0.052484	-0.003727	-0.003687	-0.003294	-0.003247	1196.962449	1244.939145	1716.141405	1773.291006	0.156013	0.162730	0.230488	0.238900	
-0.014939	-0.227749	0.738199	154.800103	154.800109	154.397366	154.397373	0.000000	34.330192	-0.007608	6.478415	6.478415	6.478415	6.478415	32.842180	-0.091160	0.001462	0.060556	0.060498	0.057797	0.057739	-0.003641	-0.003609	-0.003253	-0.003213	1202.565529	1248.543181	1753.958684	1808.727034	0.132261	0.137884	0.202598	0.209932	
-0.018265	0.166298	0.325327	154.695280	154.695286	154.293090	154.293098	0.000000	34.420029	-0.004016	6.478724	6.478724	6.478724	6.478724	32.487328	-0.067374	-0.008084	0.071222	0.071548	0.068437	0.068762	-0.001715	-0.001712	-0.001652	-0.001650	1199.799802	1220.062307	1769.501476	1793.638071	0.054706	0.055716	0.084363	0.085677	
-0.020031	0.597635	-0.004539	154.612485	154.612491	154.210563	154.210570	0.000000	34.620227	0.003993	6.483108	6.483108	6.483108	6.483108	32.220533	-0.023939	-0.015208	0.079368	0.079989	0.076562	0.077182	0.000025	0.000025	0.000024	0.000024	1187.558545	1187.275810	1770.523487	1770.186695	-0.000726	-0.000725	-0.001097	-0.001097	
0.008873	1.149500	-0.595438	154.465401	154.465406	154.063301	154.063309	0.000000	34.474622	-0.001832	6.486579	6.486579	6.486579	6.486579	32.032202	0.055344	-0.006329	0.084862	0.085124	0.082038	0.082299	0.003179	0.003194	0.002977	0.002991	1182.939102	1145.853082	1790.345455	1746.168773	-0.088062	-0.085372	-0.131388	-0.128283	
-0.005449	-0.996227	0.088909	154.637271	154.637277	154.234881	154.234888	0.000000	34.517903	-0.000101	6.492767	6.492767	6.492767	6.492767	32.917834	0.009113	-0.002164	0.056934	0.057019	0.054184	0.054269	-0.000480	-0.000480	-0.000474	-0.000474	1214.169265	1219.706812	1694.817799	1701.414097	0.021248	0.021374	0.033706	0.033901	
-0.022807	0.416956	-0.734880	154.432690	154.432695	154.029849	154.029857	0.000000	34.606505	0.003440	6.485548	6.485548	6.485548	6.485548	32.455818	0.071705	-0.027484	0.070052	0.071158	0.067261	0.068364	0.003709	0.003737	0.003351	0.003385	1228.336559	1182.565623	1820.535908	1766.013797	-0.119305	-0.114527	-0.183397	-0.177315	
-0.012417	-0.385453	0.590646	154.763389	154.763395	154.360746	154.360753	0.000000	34.378397	-0.005686	6.494160	6.494160	6.494160	6.494160	32.839049	-0.032500	-0.002164	0.060334	0.060419	0.057575	0.057661	-0.002986	-0.002970	-0.002755	-0.002736	1194.727656	1231.515177	1719.764401	1763.585513	0.118021	0.121738	0.171441	0.175927	
-0.001872	-0.114487	-0.875036	154.398432	154.398438	153.995474	153.995481	0.000000	34.465083	-0.002222	6.480261	6.480261	6.480261	6.480261	32.749154	0.067316	-0.017213	0.060440	0.061120	0.057672	0.058351	0.004236	0.004295	0.003589	0.003667	1244.696049	1190.195667	1806.205552	1741.284969	-0.156325	-0.147883	-0.254313	-0.241868	
-0.021550	0.027813	-0.512528	154.487277	154.487283	154.084873	154.084881	0.000000	34.338722	-0.007277	6.495605	6.495605	6.495605	6.495605	32.569142	0.074322	-0.022776	0.066802	0.067712	0.064023	0.064931	0.002637	0.002647	0.002475	0.002487	1226.798992	1194.876945	1790.793981	1752.768598	-0.092659	-0.090151	-0.137822	-0.134732	
-0.002955	-1.569807	-0.441483	154.507314	154.507319	154.104407	154.104415	0.000000	34.508653	-0.000482	6.491853	6.491853	6.491853	6.491853	33.285094	0.069644	-0.009930	0.044246	0.044626	0.041523	0.041902	0.002190	0.002202	0.001924	0.001947	1262.424475	1234.927345	1733.217657	1700.463213	-0.118714	-0.114763	-0.204041	-0.196768	
0.009123	0.383640	-1.335252	154.284040	154.284045	153.881004	153.881012	0.000000	34.654904	0.005364	6.491021	6.491021	6.491021	6.491021	32.690168	0.135421	-0.015547	0.061599	0.062215	0.058826	0.059440	0.006021	0.006185	0.004950	0.005110	1259.282101	1176.117883	1865.934058	1766.869257	-0.214751	-0.199868	-0.325015	-0.306857	
-0.009323	0.057043	1.056949	154.882245	154.882250	154.479274	154.479282	0.000000	34.554223	0.001334	6.500429	6.500429	6.500429	6.500429	32.865125	-0.047073	0.006312	0.060473	0.060225	0.057714	0.057466	-0.004931	-0.004860	-0.004400	-0.004337	1175.335643	1241.166159	1729.564817	1807.981799	0.191974	0.200439	0.257423	0.265702	
-0.023011	0.302554	-0.363909	154.528932	154.528937	154.125484	154.125491	0.000000	34.521737	0.000030	6.475289	6.475289	6.475289	6.475289	32.397735	0.018592	-0.021649	0.072755	0.073630	0.069955	0.070827	0.001917	0.001921	0.001830	0.001834	1218.269468	1195.603936	1800.247934	1773.248865	-0.059325	-0.058043	-0.095073	-0.093282	
0.005976	0.528844	-0.079920	154.596443	154.596448	154.194104	154.194111	0.000000	34.368029	-0.006119	6.490123	6.490123	6.490123	6.490123	32.250139	0.017700	0.000679	0.078589	0.078561	0.075782	0.075754	0.000433	0.000433	0.000426	0.000426	1189.057420	1184.079720	1765.705911	1759.776500	-0.013209	-0.013154	-0.019471	-0.019408	
0.000186	-0.314034	0.544116	154.754171	154.754177	154.351646	154.351653	0.000000	34.508336	-0.000508	6.487262	6.487262	6.487262	6.487262	32.770385	-0.048678	0.008503	0.062703	0.062367	0.059939	0.059604	-0.002802	-0.002789	-0.002591	-0.002573	1188.028755	1221.918235	1710.271446	1750.640425	0.106482	0.109839	0.160330	0.164686	
0.010107	0.855007	-0.456263	154.504152	154.504157	154.101530	154.101537	0.000000	34.482073	-0.001560	6.480645	6.480645	6.480645	6.480645	32.165911	0.030571	-0.000934	0.080735	0.080773	0.077918	0.077957	0.002415	0.002422	0.002293	0.002300	1203.263503	1174.845852	1812.510417	1778.659453	-0.068386	-0.066717	-0.104765	-0.102713	
0.013792	0.843597	0.873409	154.835592	154.835597	154.433340	154.433347	0.000000	34.595701	0.002984	6.491148	6.491148	6.491148	6.491148	32.363095	-0.073342	0.021716	0.076914	0.076033	0.074116	0.073237	-0.004464	-0.004424	-0.004086	-0.004050	1143.851222	1198.250259	1724.087064	1788.886925	0.137529	0.142924	0.190834	0.196242	
0.008508	0.320142	0.124993	154.650094	154.650100	154.247458	154.247465	0.000000	34.640348	0.004768	6.477227	6.477227	6.477227	6.477227	32.344362	-0.039865	0.009010	0.075989	0.075624	0.073188	0.072823	-0.000677	-0.000677	-0.000664	-0.000663	1187.291225	1195.076238	1750.233261	1759.506729	0.020900	0.021054	0.032697	0.032903	
-0.010827	0.000617	-0.154314	154.578432	154.578438	154.176308	154.176315	0.000000	34.667072	0.005837	6.485014	6.485014	6.485014	6.485014	32.478508	0.001120	-0.009279	0.070680	0.071053	0.067895	0.068267	0.000832	0.000832	0.000815	0.000815	1204.086697	1194.475486	1750.728231	1739.279405	-0.028061	-0.027806	-0.043618	-0.043271	
-0.005252	0.486286	0.155584	154.656787	154.656793	154.254557	154.254564	0.000000	34.398321	-0.004913	6.488014	6.488014	6.488014	6.488014	32.292319	-0.016105	-0.002107	0.077544	0.077630	0.074741	0.074827	-0.000839	-0.000839	-0.000823	-0.000823	1185.322076	1195.012395	1760.993385	1772.536445	0.025688	0.025895	0.037838	0.038080	
0.005244	1.110582	0.687977	154.790677	154.790682	154.388152	154.388159	0.000000	34.533768	0.000503	6.484725	6.484725	6.484725	6.484725	32.157422	-0.074687	0.013515	0.083322	0.082766	0.080505	0.079951	-0.003631	-0.003611	-0.003392	-0.003375	1146.187075	1189.036735	1746.256554	1797.298856	0.101472	0.104769	0.144862	0.148295	
-0.021805	-0.588249	-0.433695	154.510017	154.510023	154.107558	154.107565	0.000000	34.331981	-0.007570	6.479115	6.479115	6.479115	6.479115	32.795037	0.015062	-0.021732	0.059633	0.060490	0.056873	0.057728	0.002264	0.002273	0.002080	0.002094	1223.131954	1196.119899	1733.212584	1701.035958	-0.089675	-0.086941	-0.151775	-0.147166	
0.006104	0.791337	0.291283	154.690332	154.690337	154.288235	154.288242	0.000000	34.489178	-0.001282	6.490898	6.490898	6.490898	6.490898	32.210266	-0.022973	0.006102	0.080691	0.080441	0.077882	0.077633	-0.001553	-0.001551	-0.001510	-0.001509	1182.463246	1200.605381	1784.648017	1806.258838	0.045083	0.045693	0.064241	0.064888	
0.015006	1.039938	1.041564	154.879700	154.879706	154.477135	154.477141	0.000000	34.696184	0.006997	6.483314	6.483314	6.483314	6.483314	32.337020	-0.105526	0.025858	0.078174	0.077123	0.075372	0.074323	-0.005262	-0.005193	-0.004709	-0.004647	1134.622329	1199.494630	1725.994564	1803.270125	0.154938	0.162466	0.219009	0.226681	
0.009157	0.169524	-0.818318	154.414020	154.414025	154.011587	154.011594	0.000000	34.441244	-0.003202	6.475387	6.475387	6.475387	6.475387	32.567627	0.038684	-0.008050	0.066639	0.066961	0.063860	0.064181	0.004110	0.004160	0.003533	0.003600	1219.967586	1168.999817	1779.480541	1718.767989	-0.140668	-0.133363	-0.231833	-0.220878	
0.022114	0.684405	0.891555	154.840028	154.840034	154.438158	154.438165	0.000000	34.514796	-0.000259	6.494938	6.494938	6.494938	6.494938	32.473217	-0.069342	0.025980	0.073377	0.072330	0.070592	0.069547	-0.004461	-0.004421	-0.004090	-0.004054	1159.735321	1215.264538	1744.793931	1810.940059	0.143024	0.148445	0.195272	0.200552	
-0.031043	0.839538	0.598267	154.769649	154.769654	154.366970	154.366977	0.000000	34.557358	0.001441	6.477033	6.477033	6.477033	6.477033	32.253797	-0.090354	-0.009005	0.079477	0.079845	0.076669	0.077036	-0.003157	-0.003142	-0.002953	-0.002939	1161.798821	1199.061003	1753.816036	1798.202562	0.090091	0.092920	0.134476	0.137761	
-0.019849	0.362011	-0.780490	154.422795	154.422801	154.020617	154.020624	0.000000	34.492895	-0.001138	6.479999	6.479999	6.479999	6.479999	32.460613	0.042525	-0.029654	0.069782	0.070975	0.066996	0.068186	0.003977	0.004017	0.003501	0.003552	1211.060604	1162.448894	1777.982337	1720.076311	-0.131021	-0.124883	-0.209149	-0.200594	
-0.002756	-0.088694	1.128569	154.900035	154.900040	154.498063	154.498070	0.000000	34.531812	0.000419	6.494563	6.494563	6.494563	6.494563	32.955203	-0.079977	0.009409	0.057756	0.057388	0.055012	0.054644	-0.005180	-0.005081	-0.004501	-0.004411	1170.072154	1240.363425	1708.161217	1791.891828	0.210029	0.221039	0.289946	0.301495	
-0.006483	0.169876	-0.217698	154.565950	154.565955	154.163204	154.163211	0.000000	34.516164	-0.000209	6.474523	6.474523	6.474523	6.474523	32.437943	-0.006036	-0.008220	0.071953	0.072285	0.069160	0.069491	0.001152	0.001153	0.001120	0.001121	1220.082095	1206.523079	1797.089094	1780.937661	-0.036161	-0.035688	-0.058162	-0.057491	
0.003579	-0.554756	0.679929	154.787721	154.787727	154.385667	154.385673	0.000000	34.596384	0.003000	6.488552	6.488552	6.488552	6.488552	32.958362	-0.065439	0.010961	0.056919	0.056490	0.054173	0.053746	-0.003364	-0.003336	-0.003011	-0.002975	1195.994701	1238.343087	1710.710039	1761.155225	0.138971	0.144444	0.208250	0.215348	
0.003751	0.112495	0.077250	154.638780	154.638785	154.236413	154.236420	0.000000	34.389621	-0.005271	6.479229	6.479229	6.479229	6.479229	32.466187	-0.031374	0.003944	0.071771	0.071612	0.068982	0.068823	-0.000410	-0.000410	-0.000403	-0.000403	1212.549072	1217.360484	1784.795382	1790.526712	0.013094	0.013152	0.020395	0.020473	
-0.007955	-0.249151	-0.749971	154.430893	154.430898	154.028760	154.028767	0.000000	34.515699	-0.000228	6.485484	6.485484	6.485484	6.485484	32.759892	0.057976	-0.017926	0.060301	0.061009	0.057540	0.058247	0.003712	0.003751	0.003223	0.003277	1233.092853	1186.381991	1773.853036	1718.211292	-0.142615	-0.135981	-0.228597	-0.218911	
0.006397	-0.088998	0.098783	154.643895	154.643900	154.241608	154.241615	0.000000	34.538856	0.000697	6.494221	6.494221	6.494221	6.494221	32.557404	0.011582	0.004544	0.068815	0.068633	0.066035	0.065853	-0.000526	-0.000525	-0.000518	-0.000518	1211.256904	1217.409472	1765.643174	1772.972083	0.018271	0.018365	0.026786	0.026899	
-0.001477	1.049421	-0.672673	154.452808	154.452813	154.049929	154.049936	0.000000	34.389032	-0.005298	6.485267	6.485267	6.485267	6.485267	32.120980	0.070864	-0.011845	0.081663	0.082149	0.078841	0.079327	0.003522	0.003543	0.003260	0.003280	1198.238664	1156.342209	1812.059437	1762.152588	-0.099387	-0.095948	-0.149308	-0.145279	
-0.006577	0.114463	0.006771	154.621797	154.621802	154.219138	154.219145	0.000000	34.732698	0.008447	6.493314	6.493314	6.493314	6.493314	32.421541	0.023971	-0.004493	0.072958	0.073140	0.070164	0.070345	-0.000037	-0.000037	-0.000036	-0.000036	1189.266331	1189.688037	1733.613508	1734.115843	0.001242	0.001243	0.001833	0.001834	
0.012451	0.099133	0.505576	154.747809	154.747814	154.344895	154.344902	0.000000	34.484275	-0.001493	6.486203	6.486203	6.486203	6.486203	32.566986	-0.041888	0.015674	0.069441	0.068814	0.066657	0.066031	-0.002640	-0.002630	-0.002485	-0.002474	1183.196645	1214.685698	1733.858799	1771.368402	0.089669	0.092121	0.132949	0.135929	
-0.009241	-1.106688	-0.316982	154.541500	154.541505	154.138798	154.138804	0.000000	34.491452	-0.001208	6.480920	6.480920	6.480920	6.480920	33.017198	0.015930	-0.010344	0.052942	0.053345	0.050198	0.050600	0.001645	0.001648	0.001541	0.001548	1245.921517	1226.178736	1741.015238	1717.497736	-0.072828	-0.071121	-0.126359	-0.123245	
-0.014137	0.076988	0.063398	154.635667	154.635672	154.233397	154.233404	0.000000	34.553134	0.001259	6.489579	6.489579	6.489579	6.489579	32.491992	-0.001794	-0.009324	0.070631	0.071006	0.067846	0.068220	-0.000336	-0.000336	-0.000331	-0.000331	1215.752400	1219.701043	1788.178160	1792.881763	0.011052	0.011088	0.016421	0.016465	
-0.001900	0.037582	-0.023479	154.615248	154.615253	154.212688	154.212695	0.000000	34.465216	-0.002259	6.485613	6.485613	6.485613	6.485613	32.468945	0.002616	-0.002658	0.071384	0.071491	0.068594	0.068701	0.000126	0.000126	0.000125	0.000125	1203.474737	1202.012403	1756.333980	1754.592055	-0.004209	-0.004204	-0.006451	-0.006444	
0.014175	-0.654821	-0.189170	154.573604	154.573609	154.171067	154.171074	0.000000	34.656045	0.005372	6.486476	6.486476	6.486476	6.486476	32.782438	0.023012	0.006155	0.061027	0.060784	0.058264	0.058021	0.001005	0.001006	0.000981	0.000981	1226.712256	1214.930082	1742.224909	1728.190043	-0.039644	-0.039159	-0.063746	-0.063006	
0.021714	0.181493	0.438899	154.730830	154.730835	154.328307	154.328313	0.000000	34.559203	0.001497	6.488226	6.488226	6.488226	6.488226	32.523955	-0.035740	0.021735	0.070861	0.069988	0.068075	0.067205	-0.002289	-0.002284	-0.002185	-0.002179	1194.018207	1221.354369	1761.818665	1794.381366	0.075541	0.077240	0.110544	0.112531	
0.009856	0.188739	0.677074	154.790843	154.790848	154.388218	154.388225	0.000000	34.580801	0.002360	6.481624	6.481624	6.481624	6.481624	32.599614	-0.079825	0.018712	0.068729	0.067980	0.065949	0.065203	-0.003460	-0.003437	-0.003168	-0.003142	1178.529417	1220.700012	1736.499991	1786.733393	0.115751	0.120016	0.172716	0.177897	
0.002382	-0.415107	-0.147070	154.583929	154.583934	154.181610	154.181617	0.000000	34.551552	0.001189	6.479110	6.479110	6.479110	6.479110	32.672083	-0.013038	-0.000039	0.064559	0.064561	0.061788	0.061790	0.000783	0.000784	0.000768	0.000768	1222.870470	1213.710442	1755.571588	1744.660207	-0.028413	-0.028141	-0.046481	-0.046061	
0.006405	-0.708943	-1.004837	154.368883	154.368888	153.966863	153.966870	0.000000	34.561540	0.001589	6.487787	6.487787	6.487787	6.487787	33.083747	0.078187	-0.011930	0.049620	0.050082	0.046886	0.047347	0.004529	0.004637	0.003597	0.003729	1259.754805	1197.170015	1784.091159	1709.540469	-0.209491	-0.195840	-0.342308	-0.321250	
-0.014434	-0.690087	-0.431173	154.513622	154.513626	154.111240	154.111247	0.000000	34.425320	-0.003861	6.496831	6.496831	6.496831	6.496831	32.890718	0.069827	-0.015803	0.056693	0.057312	0.053941	0.054559	0.002182	0.002188	0.002050	0.002058	1254.010197	1227.155232	1790.076335	1758.086835	-0.089662	-0.087459	-0.136664	-0.133685	
0.009957	-0.446034	0.789712	154.820827	154.820832	154.417752	154.417759	0.000000	34.517315	-0.000184	6.490744	6.490744	6.490744	6.490744	32.978174	-0.046081	0.016339	0.056615	0.055976	0.053864	0.053227	-0.003798	-0.003759	-0.003385	-0.003341	1203.429710	1252.615767	1738.819227	1797.409412	0.154053	0.160445	0.223617	0.231233	
0.009609	0.516742	-0.183794	154.577174	154.577179	154.174138	154.174144	0.000000	34.468161	-0.002154	6.477863	6.477863	6.477863	6.477863	32.287561	0.003076	0.004373	0.077280	0.077102	0.074471	0.074294	0.000978	0.000978	0.000954	0.000954	1210.324841	1198.877472	1806.729851	1793.093802	-0.028794	-0.028500	-0.044733	-0.044354	
-0.016358	1.466191	0.496543	154.745205	154.745210	154.342957	154.342964	0.000000	34.551377	0.001174	6.488086	6.488086	6.488086	6.488086	31.928002	-0.053291	-0.002849	0.090446	0.090565	0.087612	0.087730	-0.002686	-0.002678	-0.002571	-0.002565	1142.362059	1173.288493	1762.697245	1799.536658	0.069743	0.071286	0.098089	0.099612	
-0.003221	1.087794	0.507327	154.749167	154.749172	154.346735	154.346742	0.000000	34.704133	0.007284	6.481015	6.481015	6.481015	6.481015	32.074618	-0.071849	0.005080	0.085654	0.085444	0.082830	0.082621	-0.002754	-0.002745	-0.002613	-0.002605	1141.516610	1173.114719	1729.223219	1766.862729	0.075824	0.077793	0.111332	0.113529	
0.021666	0.874406	0.517647	154.750944	154.750949	154.348706	154.348712	0.000000	34.467669	-0.002175	6.480853	6.480853	6.480853	6.480853	32.186762	-0.076987	0.022236	0.082235	0.081323	0.079422	0.078513	-0.002782	-0.002772	-0.002632	-0.002623	1151.360722	1183.601598	1732.328808	1770.733978	0.079702	0.081853	0.117782	0.120247	
-0.021374	0.833176	0.617156	154.775620	154.775625	154.373533	154.373539	0.000000	34.542029	0.000799	6.480774	6.480774	6.480774	6.480774	32.250604	-0.093836	-0.003030	0.079748	0.079872	0.076943	0.077066	-0.003271	-0.003255	-0.003056	-0.003041	1152.742330	1191.180970	1734.641284	1780.429200	0.095107	0.098134	0.139932	0.143366	
-0.002552	0.281264	-0.319931	154.541281	154.541285	154.139236	154.139242	0.000000	34.524839	0.000112	6.479737	6.479737	6.479737	6.479737	32.367424	0.001856	-0.008954	0.074102	0.074465	0.071308	0.071670	0.001719	0.001722	0.001652	0.001655	1198.811836	1178.885368	1758.504947	1734.768637	-0.054635	-0.053588	-0.086388	-0.084943	
-0.016656	1.136655	0.059150	154.635842	154.635846	154.233863	154.233869	0.000000	34.530551	0.000341	6.489574	6.489574	6.489574	6.489574	31.988878	-0.006669	-0.011072	0.087432	0.087891	0.084605	0.085063	-0.000323	-0.000323	-0.000317	-0.000317	1167.328336	1171.012421	1775.088969	1779.477434	0.008781	0.008805	0.012609	0.012635	
0.006696	0.022230	0.589628	154.770076	154.770081	154.367597	154.367604	0.000000	34.641207	0.004766	6.485599	6.485599	6.485599	6.485599	32.618986	-0.060197	0.012125	0.067819	0.067335	0.065042	0.064559	-0.003071	-0.003054	-0.002836	-0.002816	1169.662771	1206.386919	1701.117106	1744.862728	0.108531	0.112139	0.161838	0.166336	
0.007181	0.110355	-0.364373	154.531412	154.531416	154.128893	154.128899	0.000000	34.375879	-0.005849	6.479977	6.479977	6.479977	6.479977	32.474908	0.016954	-0.001031	0.070639	0.070680	0.067850	0.067891	0.001924	0.001928	0.001836	0.001840	1215.976749	1193.282276	1779.127453	1752.093910	-0.063129	-0.061753	-0.100277	-0.098351	
-0.006038	0.683930	-1.209031	154.319343	154.319348	153.917173	153.917179	0.000000	34.470811	-0.002052	6.489999	6.489999	6.489999	6.489999	32.467746	0.111084	-0.024524	0.068933	0.069919	0.066148	0.067131	0.005773	0.005901	0.004851	0.004980	1222.350083	1147.047316	1816.743846	1727.043566	-0.191956	-0.179674	-0.290115	-0.275212	
0.013865	0.858340	0.292697	154.696288	154.696293	154.293740	154.293746	0.000000	34.695705	0.006943	6.498922	6.498922	6.498922	6.498922	32.169164	0.010496	0.012086	0.082236	0.081741	0.079420	0.078926	-0.001574	-0.001573	-0.001536	-0.001534	1170.642698	1188.872929	1765.317694	1787.033454	0.046378	0.046960	0.063739	0.064315	
-0.012837	-0.733870	-0.602839	154.474458	154.474463	154.071201	154.071207	0.000000	34.485804	-0.001457	6.483074	6.483074	6.483074	6.483074	32.930209	0.058531	-0.017322	0.055129	0.055806	0.052374	0.053050	0.003027	0.003051	0.002629	0.002670	1232.698067	1195.151123	1736.279255	1691.553523	-0.130213	-0.124711	-0.218951	-0.209743	
0.014433	-0.970066	0.239576	154.683161	154.683166	154.280466	154.280472	0.000000	34.408270	-0.004561	6.492411	6.492411	6.492411	6.492411	32.982612	-0.002078	0.011884	0.055446	0.054982	0.052698	0.052236	-0.001244	-0.001243	-0.001207	-0.001205	1235.984238	1250.905861	1747.583791	1765.358354	0.053258	0.054032	0.082140	0.083236	
0.018682	1.571602	0.231076	154.682303	154.682308	154.279460	154.279466	0.000000	34.304518	-0.008713	6.483628	6.483628	6.483628	6.483628	31.863841	-0.024268	0.017205	0.092617	0.091898	0.089772	0.089054	-0.001244	-0.001243	-0.001210	-0.001209	1168.935714	1183.327922	1820.231917	1837.375843	0.030744	0.031065	0.044140	0.044464	
0.011300	-0.337103	0.192903	154.671765	154.671769	154.269230	154.269236	0.000000	34.627444	0.004203	6.483667	6.483667	6.483667	6.483667	32.631201	-0.029918	0.012103	0.066740	0.066258	0.063964	0.063483	-0.001048	-0.001047	-0.001023	-0.001022	1188.037060	1200.051735	1698.201077	1712.512898	0.038670	0.039148	0.061019	0.061712	
0.004274	0.171399	-0.397075	154.524126	154.524131	154.121783	154.121789	0.000000	34.595530	0.002926	6.484103	6.484103	6.484103	6.484103	32.458560	0.030271	-0.002848	0.071091	0.071206	0.068302	0.068416	0.002090	0.002095	0.001990	0.001995	1215.710380	1190.979116	1782.780826	1753.321068	-0.068542	-0.066983	-0.106490	-0.104411	
0.001209	0.037032	0.003514	154.624372	154.624377	154.222050	154.222056	0.000000	34.696009	0.006944	6.490302	6.490302	6.490302	6.490302	32.473048	0.010393	0.000993	0.071385	0.071345	0.068597	0.068557	-0.000019	-0.000019	-0.000019	-0.000019	1201.636450	1201.855312	1753.172945	1753.433652	0.000638	0.000639	0.000955	0.000955	
-0.007448	0.568531	0.198817	154.674350	154.674354	154.271692	154.271698	0.000000	34.531556	0.000364	6.486088	6.486088	6.486088	6.486088	32.263562	-0.018705	-0.001622	0.078637	0.078703	0.075829	0.075895	-0.001073	-0.001072	-0.001048	-0.001048	1181.580058	1193.963116	1761.269586	1776.020223	0.032209	0.032540	0.047545	0.047931	
0.033967	-0.733529	0.043612	154.635265	154.635269	154.232668	154.232674	0.000000	34.614799	0.003692	6.483997	6.483997	6.483997	6.483997	32.800425	-0.007562	0.022751	0.061195	0.060298	0.058433	0.057537	-0.000235	-0.000235	-0.000232	-0.000232	1215.394938	1218.111239	1718.318290	1721.553933	0.009379	0.009406	0.015237	0.015281	
0.010479	0.106198	0.490858	154.746767	154.746771	154.344355	154.344361	0.000000	34.435619	-0.003476	6.485636	6.485636	6.485636	6.485636	32.577019	-0.053671	0.016514	0.069122	0.068461	0.066341	0.065682	-0.002542	-0.002534	-0.002402	-0.002394	1194.992027	1225.564403	1759.014620	1795.432282	0.085086	0.087293	0.125987	0.128639	
0.009035	-0.306581	0.294431	154.697939	154.697944	154.295513	154.295519	0.000000	34.451188	-0.002854	6.480953	6.480953	6.480953	6.480953	32.679721	-0.050164	0.011632	0.065327	0.064865	0.062556	0.062095	-0.001555	-0.001553	-0.001499	-0.001496	1205.489747	1223.827939	1740.677935	1762.522298	0.055720	0.056724	0.087462	0.088875	
0.004096	0.173758	1.025835	154.880135	154.880140	154.477935	154.477941	0.000000	34.531514	0.000359	6.483002	6.483002	6.483002	6.483002	32.776552	-0.109727	0.017833	0.063553	0.062847	0.060791	0.060087	-0.004921	-0.004845	-0.004299	-0.004222	1172.813629	1236.706267	1733.193567	1809.302158	0.174161	0.183268	0.252337	0.262635	
-0.000567	-0.470020	-0.318820	154.544177	154.544182	154.141984	154.141990	0.000000	34.469661	-0.002116	6.475361	6.475361	6.475361	6.475361	32.732520	-0.006262	-0.005618	0.062210	0.062432	0.059445	0.059667	0.001667	0.001670	0.001587	0.001591	1235.107493	1215.250275	1771.889722	1748.235902	-0.061181	-0.059871	-0.102837	-0.100705	
0.003674	1.599520	-0.228959	154.565398	154.565402	154.163588	154.163594	0.000000	34.628787	0.004250	6.489455	6.489455	6.489455	6.489455	31.811432	0.023068	-0.001824	0.093192	0.093268	0.090350	0.090426	0.001242	0.001243	0.001208	0.001208	1174.837501	1160.577101	1821.814350	1804.827433	-0.031023	-0.030704	-0.044311	-0.043989	
0.000666	0.630227	-0.140774	154.589474	154.589479	154.187103	154.187109	0.000000	34.525379	0.000113	6.488555	6.488555	6.488555	6.488555	32.169701	0.023669	-0.001680	0.081189	0.081258	0.078375	0.078444	0.000777	0.000777	0.000762	0.000762	1170.640079	1161.872186	1733.512825	1723.068555	-0.023461	-0.023283	-0.034906	-0.034692	
0.010065	0.238912	0.520563	154.755253	154.755257	154.352601	154.352607	0.000000	34.640250	0.004706	6.487555	6.487555	6.487555	6.487555	32.497123	-0.044404	0.014603	0.071771	0.071184	0.068983	0.068397	-0.002740	-0.002730	-0.002580	-0.002569	1171.350455	1203.772960	1721.019361	1759.640887	0.091349	0.093868	0.133900	0.136878	
0.002764	-0.914868	0.473761	154.743636	154.743641	154.340985	154.340990	0.000000	34.580327	0.002308	6.480602	6.480602	6.480602	6.480602	33.029306	-0.063282	0.010102	0.054331	0.053938	0.051587	0.051195	-0.002412	-0.002401	-0.002200	-0.002182	1213.974108	1243.481656	1712.391989	1747.541234	0.103316	0.106658	0.167581	0.172827	
-0.025736	-0.323955	-0.600655	154.473992	154.473996	154.071730	154.071736	0.000000	34.397005	-0.005026	6.481090	6.481090	6.481090	6.481090	32.763002	0.032491	-0.026971	0.060318	0.061384	0.057557	0.058620	0.003010	0.003029	0.002710	0.002737	1247.679505	1210.268597	1802.733222	1758.169534	-0.111322	-0.107177	-0.180803	-0.174621	
-0.007715	-0.537300	-0.123850	154.593042	154.593046	154.190943	154.190949	0.000000	34.257099	-0.010622	6.492409	6.492409	6.492409	6.492409	32.742546	0.026262	-0.009343	0.062147	0.062516	0.059384	0.059753	0.000655	0.000656	0.000645	0.000646	1230.440823	1222.726983	1761.944336	1752.755648	-0.025153	-0.024972	-0.038534	-0.038287	
0.021638	0.299288	-0.030799	154.618215	154.618220	154.215538	154.215544	0.000000	34.589448	0.002671	6.487400	6.487400	6.487400	6.487400	32.372308	0.015450	0.013248	0.074924	0.074388	0.072125	0.071590	0.000165	0.000165	0.000162	0.000162	1204.231755	1202.313464	1779.854031	1777.568973	-0.005197	-0.005188	-0.007768	-0.007757	
-0.012144	-0.399386	-0.381425	154.530340	154.530344	154.127638	154.127643	0.000000	34.527559	0.000193	6.486354	6.486354	6.486354	6.486354	32.705711	0.042460	-0.012586	0.062847	0.063346	0.060077	0.060575	0.002001	0.002005	0.001890	0.001896	1222.849494	1199.093004	1750.091954	1721.793343	-0.075804	-0.073990	-0.120785	-0.118117	
-0.004264	0.822327	-0.396835	154.526400	154.526405	154.123819	154.123825	0.000000	34.479948	-0.001713	6.490048	6.490048	6.490048	6.490048	32.175417	0.056772	-0.009755	0.080390	0.080790	0.077576	0.077974	0.002108	0.002112	0.002025	0.002029	1200.323163	1175.606847	1805.234730	1775.792778	-0.061253	-0.060051	-0.089905	-0.088544	
-0.015572	0.478043	-0.038084	154.616822	154.616827	154.214086	154.214092	0.000000	34.314494	-0.008333	6.490211	6.490211	6.490211	6.490211	32.261095	0.022940	-0.011117	0.078124	0.078578	0.075316	0.075768	0.000208	0.000208	0.000205	0.000205	1182.435984	1180.064004	1748.593560	1745.768069	-0.006438	-0.006425	-0.009487	-0.009472	
-0.004686	-0.294326	-0.087505	154.604846	154.604850	154.202013	154.202019	0.000000	34.502842	-0.000801	6.486414	6.486414	6.486414	6.486414	32.603931	0.018014	-0.005348	0.066823	0.067036	0.064043	0.064256	0.000472	0.000472	0.000465	0.000466	1207.493960	1202.043843	1734.935018	1728.442865	-0.017110	-0.017018	-0.026763	-0.026634	
-0.009983	-0.088965	1.121624	154.906755	154.906759	154.504101	154.504107	0.000000	34.422881	-0.004001	6.486919	6.486919	6.486919	6.486919	32.950826	-0.090401	0.007945	0.057914	0.057603	0.055164	0.054854	-0.005181	-0.005079	-0.004449	-0.004350	1174.645531	1244.504250	1717.624426	1800.839784	0.203051	0.214515	0.289863	0.302671	
-0.005619	0.442306	-0.781554	154.431086	154.431090	154.028500	154.028506	0.000000	34.688638	0.006628	6.474256	6.474256	6.474256	6.474256	32.453331	0.041585	-0.018557	0.070302	0.071049	0.067512	0.068257	0.003936	0.003973	0.003482	0.003529	1230.120270	1181.442304	1825.110082	1767.125132	-0.123284	-0.117604	-0.199123	-0.191181	
-0.044152	0.754583	0.209290	154.676761	154.676765	154.274865	154.274871	0.000000	34.700018	0.007083	6.494222	6.494222	6.494222	6.494222	32.190586	-0.011128	-0.027679	0.080565	0.081699	0.077758	0.078889	-0.001130	-0.001130	-0.001106	-0.001106	1175.612214	1188.647515	1764.662891	1780.190477	0.033431	0.033755	0.047260	0.047602	
-0.000788	-0.038912	-0.153279	154.588974	154.588978	154.186342	154.186347	0.000000	34.688982	0.006641	6.483879	6.483879	6.483879	6.483879	32.489027	0.015384	-0.006180	0.070469	0.070717	0.067681	0.067928	0.000830	0.000830	0.000813	0.000813	1200.495823	1190.949077	1739.810120	1728.438083	-0.028316	-0.028053	-0.044329	-0.043965	
0.010960	0.443056	0.588904	154.773611	154.773616	154.371084	154.371090	0.000000	34.502226	-0.000831	6.487582	6.487582	6.487582	6.487582	32.446472	-0.052774	0.015418	0.073588	0.072966	0.070796	0.070176	-0.003064	-0.003051	-0.002875	-0.002861	1173.318931	1209.997940	1744.422253	1788.114106	0.097675	0.100540	0.141017	0.144222	
0.015267	1.032105	0.457260	154.741206	154.741210	154.338647	154.338653	0.000000	34.590868	0.002713	6.479830	6.479830	6.479830	6.479830	32.117553	-0.065811	0.018366	0.084420	0.083664	0.081599	0.080845	-0.002453	-0.002446	-0.002341	-0.002336	1160.157184	1188.636936	1762.551055	1796.475994	0.067263	0.068816	0.099157	0.100895	
-0.003615	-0.639205	0.825791	154.832243	154.832248	154.430045	154.430050	0.000000	34.519630	-0.000137	6.481189	6.481189	6.481189	6.481189	33.058477	-0.098345	0.010887	0.054019	0.053595	0.051281	0.050859	-0.003977	-0.003919	-0.003387	-0.003314	1184.094994	1235.528163	1682.575574	1743.842508	0.171682	0.180730	0.266047	0.278703	
-0.016772	-0.698877	0.285714	154.697190	154.697194	154.295110	154.295115	0.000000	34.543816	0.000831	6.477366	6.477366	6.477366	6.477366	32.873033	-0.066245	-0.006853	0.058693	0.058962	0.055941	0.056210	-0.001481	-0.001479	-0.001422	-0.001420	1231.145331	1248.940592	1761.596284	1782.793910	0.056749	0.057806	0.092455	0.094086	
-0.023232	-0.026016	0.104188	154.651126	154.651130	154.249261	154.249266	0.000000	34.526575	0.000142	6.483026	6.483026	6.483026	6.483026	32.528952	-0.035665	-0.015492	0.069398	0.070020	0.066619	0.067239	-0.000553	-0.000553	-0.000544	-0.000544	1212.845578	1219.334749	1774.489373	1782.219242	0.018406	0.018515	0.028324	0.028467	
0.021980	-1.246110	0.453058	154.739075	154.739080	154.337008	154.337013	0.000000	34.388499	-0.005380	6.484955	6.484955	6.484955	6.484955	33.180504	-0.052996	0.019056	0.049667	0.048932	0.046940	0.046207	-0.002283	-0.002272	-0.002067	-0.002049	1224.566504	1252.784578	1706.222132	1739.835360	0.108753	0.112221	0.177204	0.182834	
0.029834	-0.150075	-0.276011	154.557318	154.557322	154.155020	154.155025	0.000000	34.533033	0.000400	6.481269	6.481269	6.481269	6.481269	32.605549	0.011812	0.016592	0.066880	0.066217	0.064103	0.063442	0.001438	0.001439	0.001390	0.001392	1237.524235	1220.333267	1805.296395	1784.818599	-0.048994	-0.048199	-0.077531	-0.076418	
-0.016458	0.659328	0.691359	154.798702	154.798706	154.396521	154.396527	0.000000	34.445565	-0.003099	6.488905	6.488905	6.488905	6.488905	32.395352	-0.068191	0.000879	0.075163	0.075127	0.072370	0.072334	-0.003562	-0.003542	-0.003319	-0.003300	1167.802236	1210.862513	1753.981275	1805.274461	0.109845	0.113392	0.155477	0.159211	
-0.006078	0.172400	-0.754536	154.438441	154.438445	154.035929	154.035935	0.000000	34.663705	0.005626	6.478771	6.478771	6.478771	6.478771	32.551308	0.047752	-0.018571	0.067133	0.067876	0.064351	0.065092	0.003819	0.003856	0.003355	0.003404	1219.661909	1172.666716	1780.917318	1724.936880	-0.130276	-0.124239	-0.210315	-0.201619	
0.028777	-0.313538	0.096146	154.649778	154.649782	154.247628	154.247633	0.000000	34.528697	0.000225	6.493911	6.493911	6.493911	6.493911	32.644547	0.010632	0.019129	0.066293	0.065531	0.063520	0.062760	-0.000514	-0.000514	-0.000507	-0.000507	1211.071834	1217.060143	1746.189605	1753.322849	0.018884	0.018984	0.028094	0.028221	
-0.019052	-0.217746	-0.154944	154.589277	154.589281	154.186538	154.186543	0.000000	34.393637	-0.005179	6.485018	6.485018	6.485018	6.485018	32.593864	0.016565	-0.012851	0.066895	0.067408	0.064115	0.064627	0.000825	0.000826	0.000809	0.000809	1219.128590	1209.478144	1764.106229	1752.610666	-0.029032	-0.028764	-0.045378	-0.045006	
0.003066	-0.772043	0.080091	154.647251	154.647255	154.244642	154.244648	0.000000	34.745994	0.008914	6.487571	6.487571	6.487571	6.487571	32.840317	-0.001529	0.002096	0.059581	0.059499	0.056823	0.056741	-0.000426	-0.000426	-0.000421	-0.000421	1225.297690	1230.286029	1737.089293	1743.031378	0.017163	0.017251	0.027185	0.027315	
0.019503	0.027554	0.331658	154.710502	154.710506	154.307910	154.307915	0.000000	34.466943	-0.002250	6.485133	6.485133	6.485133	6.485133	32.558857	-0.033441	0.018081	0.069499	0.068775	0.066716	0.065993	-0.001741	-0.001738	-0.001679	-0.001677	1203.304026	1223.960871	1765.375065	1789.981395	0.058297	0.059348	0.087504	0.088812	
-0.000924	-0.102814	-0.144110	154.591351	154.591355	154.188860	154.188865	0.000000	34.544494	0.000851	6.482478	6.482478	6.482478	6.482478	32.535687	0.002297	-0.001495	0.069044	0.069104	0.066261	0.066320	0.000771	0.000771	0.000756	0.000756	1213.068369	1204.092660	1761.300906	1750.609086	-0.026323	-0.026095	-0.041437	-0.041118	
-0.033843	0.522249	0.634340	154.785542	154.785546	154.383250	154.383256	0.000000	34.574166	0.002038	6.487479	6.487479	6.487479	6.487479	32.430753	-0.066415	-0.013338	0.073611	0.074150	0.070821	0.071358	-0.003286	-0.003269	-0.003070	-0.003053	1171.171861	1210.680783	1747.882125	1794.944956	0.103371	0.106575	0.148443	0.151961	
0.017863	-0.705978	0.711112	154.805528	154.805533	154.403052	154.403057	0.000000	34.647604	0.004974	6.479325	6.479325	6.479325	6.479325	33.042458	-0.085260	0.020235	0.054530	0.053742	0.051788	0.051003	-0.003487	-0.003450	-0.003033	-0.002982	1198.908802	1243.199361	1704.995971	1757.754665	0.146923	0.153709	0.231867	0.241734	
-0.011062	-0.397004	-0.223265	154.570822	154.570826	154.168670	154.168675	0.000000	34.559759	0.001460	6.478491	6.478491	6.478491	6.478491	32.696607	-0.008828	-0.010093	0.063471	0.063871	0.060704	0.061104	0.001169	0.001170	0.001135	0.001136	1238.314739	1224.408972	1787.614636	1771.050156	-0.041793	-0.041204	-0.068130	-0.067237	
-0.022610	1.024841	0.349192	154.713505	154.713510	154.311588	154.311593	0.000000	34.519000	-0.000169	6.488335	6.488335	6.488335	6.488335	32.114538	-0.041259	-0.011058	0.083722	0.084177	0.080907	0.081361	-0.001868	-0.001865	-0.001809	-0.001807	1171.320330	1193.069249	1782.461771	1808.368975	0.051886	0.052723	0.073962	0.074835	
-0.001748	0.334142	-0.241017	154.567484	154.567488	154.165103	154.165109	0.000000	34.682140	0.006356	6.482338	6.482338	6.482338	6.482338	32.326216	0.012752	-0.007030	0.075693	0.075978	0.072892	0.073177	0.001308	0.001309	0.001270	0.001272	1190.831168	1175.819783	1748.350288	1730.468802	-0.041297	-0.040717	-0.064134	-0.063360	
0.004516	0.218241	0.849604	154.839568	154.839572	154.437263	154.437269	0.000000	34.452672	-0.002824	6.488480	6.488480	6.488480	6.488480	32.663186	-0.075115	0.014361	0.066897	0.066325	0.064125	0.063554	-0.004231	-0.004188	-0.003807	-0.003762	1166.373408	1219.289756	1718.227295	1781.260984	0.148231	0.154525	0.211936	0.218937	
-0.034112	0.271293	-0.988336	154.381038	154.381042	153.978505	153.978510	0.000000	34.575969	0.002107	6.477062	6.477062	6.477062	6.477062	32.593833	0.057431	-0.040291	0.064912	0.066519	0.062135	0.063738	0.004807	0.004888	0.004034	0.004133	1232.390971	1170.833918	1809.491393	1736.164938	-0.164137	-0.154333	-0.265981	-0.251985	
-0.000686	0.101522	-0.181207	154.581201	154.581205	154.179144	154.179149	0.000000	34.477812	-0.001819	6.496329	6.496329	6.496329	6.496329	32.462802	0.042926	-0.006533	0.071272	0.071535	0.068486	0.068748	0.000967	0.000968	0.000949	0.000949	1209.746735	1198.460506	1770.472037	1757.027937	-0.032712	-0.032409	-0.047695	-0.047337	
0.000062	0.502326	0.074367	154.647977	154.647982	154.245154	154.245159	0.000000	34.594298	0.002838	6.487896	6.487896	6.487896	6.487896	32.275157	0.007272	0.001100	0.078121	0.078076	0.075313	0.075268	-0.000402	-0.000402	-0.000396	-0.000396	1186.941384	1191.573201	1763.435158	1768.952556	0.012267	0.012314	0.018092	0.018147	
-0.001565	0.084383	0.301047	154.704123	154.704127	154.301305	154.301311	0.000000	34.573467	0.002003	6.485107	6.485107	6.485107	6.485107	32.493697	-0.029975	0.003841	0.071314	0.071159	0.068524	0.068370	-0.001612	-0.001610	-0.001559	-0.001557	1185.547413	1204.297678	1731.687212	1754.022434	0.053981	0.054896	0.081480	0.082643	
0.005874	-0.848348	-1.031626	154.370511	154.370515	153.967961	153.967967	0.000000	34.446408	-0.003081	6.482751	6.482751	6.482751	6.482751	33.152421	0.071415	-0.013090	0.047435	0.047940	0.044703	0.045207	0.004585	0.004714	0.003505	0.003666	1258.946360	1194.693030	1769.818490	1693.280244	-0.222685	-0.206647	-0.378288	-0.351391	
-0.001824	-1.418310	-0.237753	154.568560	154.568564	154.166241	154.166247	0.000000	34.374565	-0.005955	6.496773	6.496773	6.496773	6.496773	33.168195	0.050386	-0.004832	0.048439	0.048626	0.045710	0.045896	0.001217	0.001218	0.001173	0.001175	1269.855860	1255.047729	1767.647659	1750.008288	-0.059288	-0.058373	-0.094723	-0.093291	
0.014353	-0.880451	-0.428636	154.523196	154.523200	154.120209	154.120214	0.000000	34.618470	0.003798	6.488433	6.488433	6.488433	6.488433	32.975583	0.061849	0.003214	0.054410	0.054285	0.051660	0.051535	0.002159	0.002166	0.002003	0.002014	1261.701901	1235.004914	1790.345094	1758.543777	-0.090937	-0.088477	-0.146407	-0.142656	
0.020700	-0.418034	-0.118804	154.600049	154.600053	154.197157	154.197163	0.000000	34.491603	-0.001279	6.490354	6.490354	6.490354	6.490354	32.700588	0.035793	0.013234	0.064005	0.063480	0.061233	0.060709	0.000626	0.000626	0.000616	0.000616	1233.570545	1226.171026	1778.803207	1769.988936	-0.023080	-0.022924	-0.035309	-0.035100	
-0.022469	-0.583110	-0.443498	154.519241	154.519245	154.116385	154.116390	0.000000	34.427474	-0.003846	6.487122	6.487122	6.487122	6.487122	32.824472	0.053469	-0.019974	0.058781	0.059567	0.056021	0.056805	0.002275	0.002282	0.002113	0.002125	1239.731367	1212.108732	1768.522536	1735.618590	-0.090193	-0.087680	-0.144381	-0.140635	
0.019033	-0.438772	-0.132996	154.596585	154.596589	154.193886	154.193892	0.000000	34.502172	-0.000860	6.490518	6.490518	6.490518	6.490518	32.702956	0.036506	0.009282	0.063826	0.063458	0.061055	0.060688	0.000703	0.000703	0.000692	0.000692	1229.935576	1221.652140	1768.941069	1759.073882	-0.026209	-0.026007	-0.040228	-0.039955	
0.032080	0.322389	0.194617	154.679142	154.679146	154.276341	154.276347	0.000000	34.565609	0.001676	6.487263	6.487263	6.487263	6.487263	32.387715	-0.005868	0.025698	0.075089	0.074048	0.072289	0.071251	-0.001039	-0.001038	-0.001017	-0.001016	1195.376956	1207.498368	1769.558821	1783.997786	0.032741	0.033072	0.048400	0.048793	
-0.013087	-0.125184	-0.854007	154.416761	154.416765	154.014065	154.014070	0.000000	34.575162	0.002056	6.483799	6.483799	6.483799	6.483799	32.735561	0.071898	-0.020686	0.060938	0.061756	0.058171	0.058987	0.004176	0.004234	0.003551	0.003627	1230.596301	1177.405686	1776.044159	1712.683765	-0.158330	-0.149965	-0.254209	-0.242063	
0.007187	-0.173125	0.048869	154.641963	154.641967	154.239523	154.239528	0.000000	34.638991	0.004608	6.494828	6.494828	6.494828	6.494828	32.589244	0.022069	0.004273	0.067752	0.067581	0.064973	0.064803	-0.000260	-0.000260	-0.000257	-0.000257	1214.349959	1217.393709	1763.640578	1767.266279	0.009236	0.009260	0.013567	0.013596	
-0.011425	-1.284087	-0.686945	154.459852	154.459856	154.056927	154.056932	0.000000	34.706094	0.007290	6.485352	6.485352	6.485352	6.485352	33.243975	0.065671	-0.017648	0.045068	0.045745	0.042342	0.043017	0.003240	0.003284	0.002635	0.002706	1262.929396	1220.144037	1751.360577	1700.394871	-0.166815	-0.158324	-0.289192	-0.273775	
0.025689	0.476033	0.454943	154.744369	154.744373	154.341685	154.341690	0.000000	34.640813	0.004677	6.493018	6.493018	6.493018	6.493018	32.430606	-0.019629	0.022172	0.074047	0.073152	0.071252	0.070359	-0.002350	-0.002344	-0.002256	-0.002251	1199.750299	1228.085793	1799.326838	1833.079937	0.073284	0.074780	0.103039	0.104602	
0.006747	-0.455629	-0.274090	154.563320	154.563324	154.160412	154.160417	0.000000	34.524042	0.000004	6.481059	6.481059	6.481059	6.481059	32.705462	0.021003	0.001981	0.063371	0.063292	0.060599	0.060521	0.001453	0.001455	0.001397	0.001400	1222.794628	1205.723325	1748.318391	1727.983140	-0.054332	-0.053356	-0.088762	-0.087249	
-0.025459	-0.002652	-0.379838	154.535326	154.535330	154.132904	154.132909	0.000000	34.477567	-0.001856	6.488666	6.488666	6.488666	6.488666	32.542657	0.043864	-0.022282	0.068011	0.068904	0.065230	0.066121	0.001990	0.001994	0.001900	0.001905	1222.156771	1198.499082	1782.215610	1754.034688	-0.068354	-0.066899	-0.104541	-0.102640	
-0.017567	-1.046274	1.266146	154.947796	154.947799	154.545243	154.545248	0.000000	34.553454	0.001178	6.489832	6.489832	6.489832	6.489832	33.475883	-0.076911	0.000877	0.041461	0.041427	0.038755	0.038722	-0.005133	-0.004952	-0.004132	-0.003973	1194.242883	1273.102943	1682.360805	1776.298516	0.285672	0.306046	0.413156	0.437919	
0.010946	-0.594735	-0.360461	154.541700	154.541704	154.138949	154.138954	0.000000	34.569055	0.001800	6.472537	6.472537	6.472537	6.472537	32.830023	0.010958	0.000029	0.059149	0.059148	0.056389	0.056388	0.001836	0.001840	0.001732	0.001738	1261.399149	1238.948355	1815.829825	1789.086551	-0.067692	-0.066076	-0.115027	-0.112359	
-0.006195	-0.338470	-1.010067	154.376610	154.376614	153.974725	153.974730	0.000000	34.567041	0.001721	6.489571	6.489571	6.489571	6.489571	32.915295	0.088841	-0.019987	0.054886	0.055668	0.052140	0.052919	0.004662	0.004755	0.003845	0.003955	1254.697953	1191.787412	1804.554178	1729.615456	-0.192714	-0.181173	-0.303546	-0.287383	
0.002391	0.359598	-1.403982	154.280296	154.280300	153.877940	153.877945	0.000000	34.513843	-0.000408	6.496502	6.496502	6.496502	6.496502	32.717591	0.146515	-0.021093	0.060574	0.061408	0.057808	0.058640	0.006244	0.006436	0.005115	0.005292	1250.654640	1163.209660	1843.643996	1739.479973	-0.233550	-0.216905	-0.345937	-0.326304	
0.010538	0.280708	1.282243	154.953666	154.953670	154.550588	154.550593	0.000000	34.555962	0.001274	6.500573	6.500573	6.500573	6.500573	32.865737	-0.056253	0.020906	0.061230	0.060407	0.058470	0.057648	-0.005790	-0.005678	-0.005122	-0.005033	1163.092728	1242.955349	1729.048039	1824.179994	0.222518	0.233402	0.291359	0.301289	
-0.026305	-0.036914	-0.295210	154.560718	154.560722	154.157153	154.157158	0.000000	34.393438	-0.005231	6.472302	6.472302	6.472302	6.472302	32.537496	0.006864	-0.021234	0.068377	0.069228	0.065588	0.066437	0.001555	0.001557	0.001494	0.001496	1225.354699	1206.967992	1788.534695	1766.632542	-0.051140	-0.050184	-0.084310	-0.082861	
0.003279	-0.312045	0.272065	154.698385	154.698389	154.296173	154.296178	0.000000	34.524275	0.000002	6.488789	6.488789	6.488789	6.488789	32.680243	-0.024308	0.003975	0.065161	0.065003	0.062392	0.062234	-0.001439	-0.001438	-0.001396	-0.001394	1205.132464	1222.077669	1738.813632	1758.998676	0.052731	0.053549	0.079699	0.080766	
0.001975	-0.158212	0.196164	154.681179	154.681182	154.278793	154.278798	0.000000	34.427060	-0.003887	6.482979	6.482979	6.482979	6.482979	32.594881	-0.029529	0.004422	0.067841	0.067664	0.065063	0.064887	-0.001042	-0.001042	-0.001019	-0.001018	1207.668194	1219.885966	1755.000670	1769.554419	0.036001	0.036413	0.055596	0.056151	
0.021994	-0.325003	-0.160454	154.591538	154.591542	154.189194	154.189199	0.000000	34.546065	0.000873	6.483704	6.483704	6.483704	6.483704	32.638875	0.009022	0.012046	0.065935	0.065455	0.063161	0.062682	0.000855	0.000855	0.000837	0.000838	1220.697383	1210.703762	1758.201129	1746.296778	-0.030771	-0.030467	-0.048768	-0.048331	
-0.001297	-0.527412	-0.238374	154.572101	154.572105	154.169805	154.169810	0.000000	34.538102	0.000554	6.487468	6.487468	6.487468	6.487468	32.744665	0.027210	-0.003132	0.062057	0.062181	0.059293	0.059416	0.001257	0.001258	0.001220	0.001221	1229.951301	1215.104502	1758.437981	1740.752547	-0.048134	-0.047426	-0.076040	-0.075012	
-0.002555	-0.424914	-0.442723	154.521708	154.521712	154.119212	154.119217	0.000000	34.509920	-0.000575	6.488284	6.488284	6.488284	6.488284	32.754298	0.054262	-0.008572	0.061291	0.061630	0.058526	0.058864	0.002277	0.002284	0.002130	0.002140	1236.762892	1209.188538	1775.633507	1742.787074	-0.086892	-0.084576	-0.136583	-0.133292	
-0.001074	-0.036579	-0.225737	154.576361	154.576365	154.173721	154.173726	0.000000	34.500797	-0.000941	6.490407	6.490407	6.490407	6.490407	32.533656	0.043362	-0.004226	0.068952	0.069122	0.066168	0.066337	0.001195	0.001196	0.001166	0.001167	1219.770431	1205.710706	1778.740508	1761.992634	-0.040993	-0.040487	-0.061812	-0.061168	
-0.008057	0.396217	0.346947	154.720126	154.720130	154.317327	154.317332	0.000000	34.366377	-0.006320	6.488112	6.488112	6.488112	6.488112	32.385321	-0.022255	-0.000041	0.074931	0.074933	0.072133	0.072135	-0.001846	-0.001843	-0.001783	-0.001780	1183.478670	1205.087761	1754.996875	1780.737516	0.058152	0.059177	0.084820	0.086000	
0.006832	0.356351	0.224609	154.689462	154.689465	154.286720	154.286725	0.000000	34.441798	-0.003305	6.482079	6.482079	6.482079	6.482079	32.356150	-0.031109	0.007770	0.075846	0.075531	0.073045	0.072730	-0.001211	-0.001210	-0.001180	-0.001179	1183.876271	1197.865717	1748.937038	1765.601196	0.037704	0.038173	0.057105	0.057692	
-0.022448	-0.223775	-0.582128	154.486860	154.486864	154.084489	154.084494	0.000000	34.424248	-0.004007	6.483364	6.483364	6.483364	6.483364	32.685130	0.043693	-0.024392	0.062983	0.063951	0.060214	0.061180	0.002982	0.003000	0.002695	0.002721	1223.850032	1187.593024	1761.266505	1718.077339	-0.110592	-0.106550	-0.177888	-0.171924	
-0.004032	1.111880	1.256637	154.946583	154.946587	154.544314	154.544318	0.000000	34.715811	0.007655	6.491870	6.491870	6.491870	6.491870	32.436037	-0.097089	0.011437	0.075054	0.074591	0.072263	0.071802	-0.006065	-0.005966	-0.005424	-0.005346	1140.351388	1218.619213	1750.419752	1843.651996	0.184639	0.193689	0.247091	0.255201	
0.010780	-0.241878	-0.076473	154.614806	154.614810	154.212084	154.212089	0.000000	34.601587	0.003084	6.472582	6.472582	6.472582	6.472582	32.581531	-0.024936	0.005597	0.067844	0.067620	0.065062	0.064839	0.000412	0.000412	0.000405	0.000405	1211.012709	1206.249691	1747.140959	1741.467275	-0.014164	-0.014091	-0.023578	-0.023463	
0.030574	0.187414	-0.116516	154.601998	154.602002	154.200088	154.200093	0.000000	34.378292	-0.005847	6.486498	6.486498	6.486498	6.486498	32.411866	0.006671	0.018678	0.073609	0.072855	0.070818	0.070066	0.000625	0.000626	0.000615	0.000615	1205.027696	1197.770643	1769.606474	1760.961909	-0.020230	-0.020100	-0.030687	-0.030522	
-0.005854	-0.057769	-0.568003	154.490728	154.490731	154.088529	154.088533	0.000000	34.495913	-0.001142	6.487019	6.487019	6.487019	6.487019	32.606902	0.056639	-0.011099	0.065823	0.066266	0.063049	0.063490	0.002925	0.002940	0.002682	0.002702	1220.591671	1185.214429	1768.809123	1726.667929	-0.104693	-0.101183	-0.163420	-0.158597	
-0.004685	-0.646105	-0.477260	154.513928	154.513931	154.111440	154.111445	0.000000	34.487005	-0.001499	6.491704	6.491704	6.491704	6.491704	32.865367	0.067736	-0.010761	0.057609	0.058031	0.054854	0.055275	0.002432	0.002442	0.002243	0.002258	1239.637440	1209.912022	1762.022682	1726.613912	-0.100196	-0.097256	-0.157518	-0.153260	
0.003136	0.479681	0.154210	154.672820	154.672824	154.270003	154.270007	0.000000	34.559617	0.001403	6.490734	6.490734	6.490734	6.490734	32.326036	0.008109	0.004127	0.076658	0.076491	0.073854	0.073687	-0.000822	-0.000821	-0.000807	-0.000806	1197.339650	1206.944396	1785.849079	1797.290205	0.025200	0.025389	0.036409	0.036620	
-0.001674	-0.199192	-0.065249	154.618221	154.618224	154.215315	154.215319	0.000000	34.561609	0.001481	6.484064	6.484064	6.484064	6.484064	32.564852	0.009370	-0.001589	0.068270	0.068334	0.065487	0.065550	0.000352	0.000352	0.000347	0.000347	1206.177718	1202.113758	1740.833393	1735.992423	-0.012385	-0.012335	-0.019417	-0.019348	
0.000955	-0.068932	-0.430066	154.526121	154.526125	154.123567	154.123572	0.000000	34.455804	-0.002753	6.486359	6.486359	6.486359	6.486359	32.577326	0.047751	-0.006350	0.067130	0.067384	0.064350	0.064603	0.002247	0.002253	0.002121	0.002128	1221.236412	1194.450379	1773.212286	1741.304898	-0.078690	-0.076711	-0.122516	-0.119817	
-0.008429	-0.228420	0.073214	154.652198	154.652201	154.249697	154.249702	0.000000	34.685390	0.006430	6.490222	6.490222	6.490222	6.490222	32.604225	0.008143	-0.004492	0.067157	0.067336	0.064379	0.064558	-0.000392	-0.000392	-0.000386	-0.000386	1210.268362	1214.828408	1751.022893	1756.454797	0.013979	0.014036	0.021066	0.021140	
-0.010800	0.148816	0.221697	154.690134	154.690137	154.287405	154.287410	0.000000	34.436088	-0.003544	6.484923	6.484923	6.484923	6.484923	32.463105	-0.021645	-0.004134	0.072066	0.072232	0.069274	0.069441	-0.001183	-0.001182	-0.001155	-0.001154	1196.231703	1210.039807	1757.474735	1773.922880	0.038574	0.039042	0.058037	0.058621	
-0.003560	-0.465460	-0.285216	154.562844	154.562848	154.160292	154.160297	0.000000	34.482922	-0.001672	6.483336	6.483336	6.483336	6.483336	32.715661	0.022799	-0.007796	0.062842	0.063151	0.060074	0.060382	0.001508	0.001510	0.001449	0.001451	1224.391626	1206.627390	1750.548548	1729.387877	-0.056862	-0.055821	-0.091817	-0.090240	
-0.011200	-0.033726	0.196054	154.682835	154.682838	154.280484	154.280488	0.000000	34.495788	-0.001158	6.488678	6.488678	6.488678	6.488678	32.546936	-0.013608	-0.005054	0.069236	0.069438	0.066454	0.066656	-0.001041	-0.001041	-0.001019	-0.001019	1205.376449	1217.587395	1760.669146	1775.214764	0.035493	0.035868	0.052927	0.053393	
-0.006845	0.313643	0.453948	154.748187	154.748190	154.345618	154.345623	0.000000	34.528127	0.000135	6.483634	6.483634	6.483634	6.483634	32.455645	-0.051952	0.001644	0.072831	0.072765	0.070040	0.069974	-0.002389	-0.002383	-0.002272	-0.002265	1182.788061	1211.061584	1749.640717	1783.319997	0.076351	0.078194	0.113390	0.115597	
0.015915	0.208065	0.340511	154.719285	154.719288	154.316861	154.316866	0.000000	34.543732	0.000758	6.480897	6.480897	6.480897	6.480897	32.457684	-0.052336	0.015362	0.072840	0.072220	0.070049	0.069432	-0.001813	-0.001810	-0.001745	-0.001742	1186.416348	1207.624559	1745.124454	1770.387568	0.058395	0.059517	0.088922	0.090352	
-0.008631	-1.129826	0.144479	154.669723	154.669726	154.267550	154.267555	0.000000	34.367558	-0.006289	6.482106	6.482106	6.482106	6.482106	33.003506	-0.035990	-0.002544	0.054405	0.054504	0.051663	0.051762	-0.000767	-0.000766	-0.000751	-0.000751	1228.862836	1237.861507	1716.247345	1726.966516	0.033730	0.034083	0.056675	0.057284	
-0.000813	-0.461476	-0.985870	154.387195	154.387198	153.985055	153.985059	0.000000	34.681362	0.006263	6.484181	6.484181	6.484181	6.484181	32.967707	0.070730	-0.017490	0.053330	0.054012	0.050587	0.051267	0.004540	0.004630	0.003701	0.003814	1262.608917	1201.205412	1811.607816	1738.464266	-0.189174	-0.177579	-0.307078	-0.289782	
-0.011574	0.336674	-0.421918	154.528544	154.528547	154.126282	154.126287	0.000000	34.537320	0.000502	6.496062	6.496062	6.496062	6.496062	32.422009	0.068230	-0.014597	0.072092	0.072681	0.069301	0.069889	0.002195	0.002200	0.002104	0.002109	1222.302714	1196.024151	1810.001110	1778.698216	-0.071200	-0.069734	-0.103254	-0.101582	
0.010158	0.264675	0.140660	154.671354	154.671358	154.268395	154.268400	0.000000	34.471687	-0.002126	6.490114	6.490114	6.490114	6.490114	32.389918	0.010548	0.008236	0.074608	0.074274	0.071808	0.071476	-0.000758	-0.000758	-0.000745	-0.000745	1190.087768	1198.848562	1751.918763	1762.354578	0.024476	0.024656	0.035944	0.036156	
0.010322	0.206324	1.150583	154.923574	154.923577	154.520606	154.520611	0.000000	34.573346	0.001938	6.484129	6.484129	6.484129	6.484129	32.811024	-0.096416	0.023869	0.062852	0.061910	0.060088	0.059148	-0.005424	-0.005317	-0.004673	-0.004572	1159.246853	1230.909231	1710.812733	1796.176600	0.197444	0.208806	0.282017	0.294503	
0.001666	0.996113	-0.712788	154.456829	154.456833	154.054265	154.054270	0.000000	34.580432	0.002220	6.473559	6.473559	6.473559	6.473559	32.164667	0.034902	-0.011046	0.080238	0.080691	0.077423	0.077874	0.003700	0.003726	0.003370	0.003398	1208.672390	1164.277440	1828.493330	1775.610288	-0.102691	-0.098621	-0.162025	-0.156782	
0.006475	0.357320	0.362104	154.723585	154.723589	154.321769	154.321774	0.000000	34.495017	-0.001195	6.493138	6.493138	6.493138	6.493138	32.390976	-0.024995	0.008768	0.074946	0.074591	0.072155	0.071801	-0.001941	-0.001938	-0.001874	-0.001871	1172.923502	1195.476602	1729.789092	1756.654231	0.063086	0.064221	0.090330	0.091601	
0.011458	0.317848	0.366098	154.727351	154.727354	154.324804	154.324809	0.000000	34.445439	-0.003179	6.481913	6.481913	6.481913	6.481913	32.413664	-0.046876	0.013934	0.074324	0.073761	0.071529	0.070967	-0.001953	-0.001949	-0.001875	-0.001871	1180.685079	1203.486935	1743.006375	1770.167832	0.061831	0.063077	0.093101	0.094643	
-0.018026	0.948133	-0.690656	154.462040	154.462044	154.059651	154.059656	0.000000	34.572281	0.001893	6.481770	6.481770	6.481770	6.481770	32.164657	0.049752	-0.023377	0.080023	0.080981	0.077209	0.078165	0.003617	0.003640	0.003319	0.003343	1197.189366	1154.172865	1800.753665	1749.512624	-0.103899	-0.100035	-0.159038	-0.154295	
-0.014280	0.363573	-0.529028	154.502180	154.502183	154.099991	154.099995	0.000000	34.591581	0.002665	6.492915	6.492915	6.492915	6.492915	32.390000	0.072205	-0.019591	0.072867	0.073659	0.070074	0.070864	0.002785	0.002796	0.002613	0.002625	1200.505615	1167.555899	1763.016585	1723.767048	-0.091970	-0.089374	-0.136856	-0.133693	
-0.016116	0.963238	0.160574	154.676433	154.676436	154.273696	154.273700	0.000000	34.455050	-0.002797	6.491222	6.491222	6.491222	6.491222	32.085042	0.007556	-0.009369	0.084493	0.084879	0.081669	0.082055	-0.000873	-0.000873	-0.000856	-0.000855	1169.556898	1179.557999	1768.073766	1779.987027	0.024659	0.024844	0.035086	0.035282	
0.008710	0.177104	1.067671	154.903540	154.903544	154.500609	154.500614	0.000000	34.695884	0.006834	6.483911	6.483911	6.483911	6.483911	32.775045	-0.090909	0.020168	0.063809	0.063011	0.061042	0.060246	-0.005135	-0.005043	-0.004442	-0.004351	1153.450543	1219.948897	1693.672057	1772.884566	0.187398	0.197818	0.270319	0.282131	
-0.015463	0.457647	-0.112503	154.607511	154.607515	154.204952	154.204956	0.000000	34.714032	0.007558	6.474396	6.474396	6.474396	6.474396	32.296388	-0.022663	-0.011347	0.076877	0.077339	0.074073	0.074534	0.000603	0.000604	0.000591	0.000591	1203.478768	1196.471701	1789.290645	1780.943861	-0.017879	-0.017763	-0.028224	-0.028068	
0.012448	0.128605	0.780806	154.829030	154.829033	154.427172	154.427177	0.000000	34.604303	0.003170	6.486801	6.486801	6.486801	6.486801	32.673012	-0.080483	0.017931	0.066574	0.065861	0.063806	0.063094	-0.003925	-0.003890	-0.003546	-0.003508	1170.047453	1218.678822	1716.444368	1774.373812	0.138489	0.144114	0.200953	0.207457	
-0.005657	0.930347	0.579944	154.780394	154.780397	154.378166	154.378171	0.000000	34.441004	-0.003362	6.477494	6.477494	6.477494	6.477494	32.220822	-0.088975	0.006306	0.080970	0.080712	0.078161	0.077904	-0.003054	-0.003041	-0.002872	-0.002860	1165.980097	1202.101082	1769.821533	1812.848671	0.085432	0.087946	0.126408	0.129245	
0.006035	-0.332655	0.694165	154.807763	154.807766	154.405775	154.405779	0.000000	34.428005	-0.003881	6.479540	6.479540	6.479540	6.479540	32.847080	-0.096847	0.014168	0.060700	0.060142	0.057946	0.057390	-0.003493	-0.003462	-0.003107	-0.003067	1182.982664	1226.217724	1702.340099	1753.841485	0.133760	0.139468	0.206789	0.214578	
0.028171	-0.335845	0.260431	154.699319	154.699323	154.297405	154.297410	0.000000	34.687945	0.006517	6.478387	6.478387	6.478387	6.478387	32.696138	-0.059142	0.022913	0.065026	0.064116	0.062259	0.061351	-0.001369	-0.001367	-0.001325	-0.001323	1215.588161	1231.808756	1758.611196	1777.933088	0.048567	0.049345	0.077048	0.078162	
0.006754	-0.123342	-0.105789	154.607490	154.607493	154.205628	154.205633	0.000000	34.564031	0.001562	6.482933	6.482933	6.482933	6.482933	32.551807	-0.010339	0.004388	0.068744	0.068568	0.065966	0.065791	0.000564	0.000565	0.000555	0.000555	1216.612086	1210.023190	1768.177141	1760.328481	-0.019286	-0.019165	-0.030170	-0.030003	
-0.027752	-0.238222	0.383558	154.730454	154.730457	154.328375	154.328380	0.000000	34.452204	-0.002911	6.486788	6.486788	6.486788	6.486788	32.684774	-0.046815	-0.012395	0.064909	0.065402	0.062141	0.062633	-0.002009	-0.002004	-0.001917	-0.001912	1200.093093	1223.982451	1737.600116	1766.057000	0.072722	0.074301	0.109620	0.111656	
0.003289	-0.321030	0.145759	154.671805	154.671808	154.269405	154.269409	0.000000	34.543252	0.000730	6.481630	6.481630	6.481630	6.481630	32.655765	-0.030262	0.002446	0.065746	0.065648	0.062973	0.062876	-0.000775	-0.000775	-0.000761	-0.000760	1213.791998	1222.870357	1752.749529	1763.563624	0.027613	0.027858	0.043429	0.043775	
-0.005838	-0.831760	0.451879	154.747708	154.747712	154.345456	154.345460	0.000000	34.385818	-0.005567	6.484098	6.484098	6.484098	6.484098	32.989532	-0.056519	0.002676	0.055485	0.055381	0.052741	0.052637	-0.002304	-0.002295	-0.002133	-0.002120	1217.223552	1245.368207	1725.669817	1759.195590	0.096603	0.099395	0.152281	0.156380	
0.009127	0.106480	-1.116247	154.355953	154.355957	153.953676	153.953680	0.000000	34.468300	-0.002268	6.480910	6.480910	6.480910	6.480910	32.735067	0.075928	-0.013904	0.060670	0.061219	0.057905	0.058454	0.005207	0.005321	0.004269	0.004400	1250.838327	1181.314475	1830.936329	1748.119863	-0.189273	-0.176862	-0.302728	-0.285420	
-0.011443	0.362130	0.178628	154.679215	154.679218	154.277070	154.277074	0.000000	34.417149	-0.004314	6.497381	6.497381	6.497381	6.497381	32.380056	0.007008	-0.005567	0.074710	0.074936	0.071916	0.072141	-0.000953	-0.000952	-0.000935	-0.000935	1195.779604	1206.905208	1773.310373	1786.563136	0.030519	0.030771	0.042968	0.043239	
0.018679	0.072858	0.454346	154.750857	154.750860	154.347900	154.347904	0.000000	34.461124	-0.002557	6.483782	6.483782	6.483782	6.483782	32.558552	-0.042230	0.018837	0.069803	0.069048	0.067017	0.066264	-0.002389	-0.002382	-0.002262	-0.002254	1184.250067	1212.548378	1732.389753	1766.098559	0.080894	0.082942	0.121475	0.124039	
0.006682	-0.496072	-0.169438	154.593468	154.593472	154.190824	154.190828	0.000000	34.451982	-0.002925	6.480793	6.480793	6.480793	6.480793	32.712637	0.002695	0.003049	0.063366	0.063245	0.060596	0.060476	0.000902	0.000902	0.000881	0.000882	1224.512253	1213.959034	1751.557443	1738.986501	-0.033607	-0.033237	-0.054732	-0.054161	
-0.005982	0.222047	-0.085246	154.613738	154.613741	154.211517	154.211521	0.000000	34.453951	-0.002846	6.487393	6.487393	6.487393	6.487393	32.405479	0.009209	-0.004896	0.073426	0.073624	0.070634	0.070831	0.000456	0.000456	0.000449	0.000449	1207.108228	1201.798803	1777.844038	1771.519477	-0.014634	-0.014567	-0.021981	-0.021898	
-0.004743	0.788178	-0.059070	154.621222	154.621225	154.218789	154.218793	0.000000	34.497173	-0.001118	6.486533	6.486533	6.486533	6.486533	32.137984	0.009535	-0.004461	0.082421	0.082604	0.079604	0.079787	0.000321	0.000321	0.000316	0.000316	1181.609702	1177.930592	1772.460509	1768.077972	-0.009251	-0.009223	-0.013648	-0.013616	
-0.006827	0.069725	0.973057	154.879412	154.879415	154.476881	154.476886	0.000000	34.605554	0.003217	6.486223	6.486223	6.486223	6.486223	32.787381	-0.085514	0.008867	0.063019	0.062669	0.060256	0.059907	-0.004723	-0.004652	-0.004133	-0.004061	1160.895103	1221.500543	1697.629894	1769.822792	0.175368	0.184257	0.252750	0.262911	
0.001580	-0.254133	-0.304284	154.560150	154.560153	154.157625	154.157629	0.000000	34.502955	-0.000888	6.475398	6.475398	6.475398	6.475398	32.635030	0.001783	-0.004525	0.065514	0.065695	0.062739	0.062919	0.001599	0.001601	0.001532	0.001535	1229.129599	1210.177702	1777.901678	1755.326273	-0.055764	-0.054671	-0.091950	-0.090265	
0.005623	-0.135657	1.170311	154.927032	154.927035	154.525095	154.525099	0.000000	34.494327	-0.001233	6.488791	6.488791	6.488791	6.488791	33.001070	-0.096929	0.018168	0.056641	0.055932	0.053900	0.053192	-0.005317	-0.005203	-0.004553	-0.004448	1175.341881	1248.233002	1716.556712	1803.384252	0.214564	0.226843	0.302580	0.315980	
0.015183	0.735636	0.089820	154.658690	154.658694	154.256322	154.256327	0.000000	34.513985	-0.000447	6.473393	6.473393	6.473393	6.473393	32.199503	-0.042967	0.012104	0.080954	0.080459	0.078142	0.077648	-0.000480	-0.000480	-0.000470	-0.000470	1196.576347	1202.170661	1804.015590	1810.679509	0.013395	0.013461	0.020729	0.020812	
-0.007841	-0.816398	-0.226415	154.577482	154.577486	154.175654	154.175658	0.000000	34.573244	0.001925	6.484648	6.484648	6.484648	6.484648	32.852179	0.007730	-0.008210	0.058518	0.058841	0.055767	0.056089	0.001206	0.001207	0.001166	0.001167	1224.125390	1210.023472	1722.008963	1705.210827	-0.050105	-0.049320	-0.082809	-0.081522	
0.012920	0.384430	0.626800	154.792071	154.792074	154.389977	154.389982	0.000000	34.589803	0.002587	6.488048	6.488048	6.488048	6.488048	32.511097	-0.057743	0.016639	0.071606	0.070937	0.068823	0.068155	-0.003208	-0.003193	-0.003001	-0.002985	1184.798857	1223.838164	1764.874135	1811.377562	0.103386	0.106515	0.148153	0.151589	
0.006511	-0.632818	-0.920515	154.406139	154.406142	154.003644	154.003648	0.000000	34.602811	0.003107	6.479047	6.479047	6.479047	6.479047	33.009152	0.056966	-0.010660	0.052270	0.052685	0.049527	0.049941	0.004298	0.004384	0.003427	0.003546	1250.170413	1192.837456	1772.661403	1704.366670	-0.187573	-0.175680	-0.318605	-0.298816	
0.019328	1.402094	0.735167	154.818817	154.818820	154.416663	154.416668	0.000000	34.625060	0.003997	6.495271	6.495271	6.495271	6.495271	32.102802	-0.051033	0.022049	0.085539	0.084630	0.082719	0.081812	-0.003800	-0.003781	-0.003591	-0.003577	1158.652618	1204.441456	1798.669495	1853.212932	0.102964	0.105848	0.138178	0.140736	
-0.002687	0.515860	0.596906	154.786716	154.786719	154.383896	154.383901	0.000000	34.507379	-0.000712	6.477928	6.477928	6.477928	6.477928	32.389259	-0.080724	0.009608	0.075459	0.075070	0.072660	0.072272	-0.003152	-0.003137	-0.002930	-0.002912	1159.457884	1196.635288	1721.450655	1765.736192	0.097357	0.100580	0.146608	0.150542	
0.022701	0.191151	-0.764556	154.444160	154.444163	154.041892	154.041896	0.000000	34.649306	0.004964	6.479287	6.479287	6.479287	6.479287	32.547447	0.046480	0.001153	0.067693	0.067647	0.064912	0.064866	0.003866	0.003904	0.003395	0.003445	1219.282182	1171.662917	1781.409258	1724.685427	-0.131759	-0.125626	-0.211772	-0.203028	
-0.002098	0.977861	0.082995	154.655726	154.655729	154.253755	154.253759	0.000000	34.550887	0.001029	6.493665	6.493665	6.493665	6.493665	32.081591	0.006658	0.000607	0.084670	0.084645	0.081851	0.081826	-0.000450	-0.000450	-0.000442	-0.000442	1176.344879	1181.514087	1781.448198	1787.605733	0.012688	0.012736	0.017898	0.017947	
0.012765	0.622458	-0.196232	154.588257	154.588260	154.185565	154.185569	0.000000	34.675578	0.006015	6.484764	6.484764	6.484764	6.484764	32.193712	0.024900	0.005392	0.080519	0.080298	0.077704	0.077484	0.001072	0.001073	0.001047	0.001047	1180.630634	1168.408638	1752.415670	1737.856889	-0.032072	-0.031729	-0.048421	-0.047997	
-0.006074	0.613285	1.218795	154.941215	154.941219	154.538631	154.538635	0.000000	34.611157	0.003437	6.487613	6.487613	6.487613	6.487613	32.636775	-0.100963	0.013478	0.068444	0.067906	0.065668	0.065131	-0.005828	-0.005715	-0.005091	-0.004993	1140.175326	1216.086219	1706.796917	1797.221595	0.197411	0.208352	0.273465	0.284471	
0.012052	0.410783	-0.158629	154.597241	154.597244	154.194653	154.194657	0.000000	34.608487	0.003329	6.472813	6.472813	6.472813	6.472813	32.309476	-0.017674	0.005151	0.076705	0.076495	0.073901	0.073692	0.000853	0.000853	0.000833	0.000833	1201.967351	1192.087376	1780.795521	1769.026544	-0.025530	-0.025288	-0.040827	-0.040492	
-0.014559	0.563423	0.162262	154.675106	154.675109	154.273275	154.273279	0.000000	34.601963	0.003069	6.487233	6.487233	6.487233	6.487233	32.251720	-0.025662	-0.006868	0.078931	0.079211	0.076128	0.076408	-0.000881	-0.000880	-0.000863	-0.000863	1177.913350	1188.019603	1752.016268	1764.054786	0.026624	0.026847	0.039179	0.039439	
0.029026	0.814011	-0.118789	154.606619	154.606622	154.204396	154.204400	0.000000	34.696369	0.006845	6.483948	6.483948	6.483948	6.483948	32.114050	0.007751	0.016175	0.083550	0.082884	0.080731	0.080067	0.000649	0.000649	0.000636	0.000636	1178.131063	1170.732440	1765.553121	1756.739918	-0.018552	-0.018436	-0.027765	-0.027627	
0.031371	0.269469	-0.080736	154.616035	154.616038	154.213695	154.213699	0.000000	34.673848	0.005944	6.486832	6.486832	6.486832	6.486832	32.348263	0.013281	0.021364	0.075873	0.075007	0.073074	0.072209	0.000440	0.000440	0.000433	0.000433	1187.578111	1182.549581	1740.618188	1734.628228	-0.014165	-0.014102	-0.021423	-0.021342	
0.003812	-0.719718	0.392447	154.734839	154.734842	154.332361	154.332365	0.000000	34.580104	0.002193	6.486439	6.486439	6.486439	6.486439	32.901862	-0.037583	0.010875	0.058370	0.057944	0.055618	0.055192	-0.002041	-0.002036	-0.001921	-0.001913	1206.710220	1231.153204	1711.160102	1740.276462	0.083979	0.086057	0.130840	0.133823	
-0.015123	-0.541172	-0.490974	154.514120	154.514123	154.111592	154.111596	0.000000	34.533029	0.000309	6.481455	6.481455	6.481455	6.481455	32.825854	0.033084	-0.017532	0.058749	0.059440	0.055991	0.056680	0.002494	0.002504	0.002286	0.002302	1246.232864	1215.653232	1784.468691	1748.042387	-0.096412	-0.093370	-0.157978	-0.153269	
0.004503	-0.071089	-0.591526	154.488241	154.488244	154.085974	154.085978	0.000000	34.614760	0.003578	6.490727	6.490727	6.490727	6.490727	32.643288	0.071732	-0.007604	0.064688	0.064991	0.061916	0.062218	0.002998	0.003014	0.002757	0.002776	1234.285965	1197.443636	1796.009108	1752.122709	-0.107628	-0.104091	-0.164242	-0.159636	
0.006852	-0.670846	-0.013573	154.634151	154.634154	154.231517	154.231521	0.000000	34.656293	0.005238	6.491810	6.491810	6.491810	6.491810	32.795329	0.027518	0.004581	0.060994	0.060813	0.058231	0.058051	0.000072	0.000072	0.000072	0.000072	1226.976872	1226.131527	1746.498872	1745.491901	-0.002866	-0.002863	-0.004412	-0.004408	
-0.004990	0.296868	1.040039	154.898223	154.898227	154.495315	154.495319	0.000000	34.596547	0.002846	6.485684	6.485684	6.485684	6.485684	32.734029	-0.085149	0.011843	0.064941	0.064471	0.062170	0.061702	-0.004986	-0.004913	-0.004400	-0.004329	1172.563450	1237.340788	1743.483011	1820.645453	0.172977	0.181575	0.245351	0.254565	
-0.002190	-0.081262	0.204739	154.688696	154.688699	154.286038	154.286042	0.000000	34.438680	-0.003470	6.474618	6.474618	6.474618	6.474618	32.560945	-0.052397	0.001983	0.068957	0.068878	0.066174	0.066095	-0.001088	-0.001087	-0.001060	-0.001059	1206.959036	1219.710891	1760.252493	1775.442441	0.036143	0.036599	0.057782	0.058435	
-0.011091	-0.094960	0.794039	154.834042	154.834045	154.432124	154.432128	0.000000	34.461353	-0.002562	6.483395	6.483395	6.483395	6.483395	32.795695	-0.093914	0.003673	0.062336	0.062191	0.059578	0.059433	-0.003927	-0.003888	-0.003504	-0.003459	1183.703967	1233.159513	1726.848354	1785.759555	0.143925	0.150174	0.213417	0.221039	
0.002242	0.442566	-0.925417	154.405098	154.405101	154.003036	154.003040	0.000000	34.488531	-0.001475	6.477285	6.477285	6.477285	6.477285	32.497590	0.052399	-0.016334	0.068710	0.069366	0.065927	0.066581	0.004573	0.004635	0.003937	0.004012	1229.835314	1172.197051	1820.376110	1751.717699	-0.148034	-0.140053	-0.236528	-0.225586	
0.006356	0.043284	-0.111332	154.607767	154.607770	154.205876	154.205880	0.000000	34.520837	-0.000181	6.495306	6.495306	6.495306	6.495306	32.479068	0.032259	0.001632	0.071084	0.071018	0.068300	0.068234	0.000598	0.000598	0.000589	0.000589	1206.227057	1199.292889	1760.109788	1751.849842	-0.020424	-0.020305	-0.029887	-0.029746	
-0.013015	-0.120457	-0.390644	154.540746	154.540749	154.138010	154.138014	0.000000	34.449391	-0.003041	6.486777	6.486777	6.486777	6.486777	32.587915	0.050221	-0.014247	0.066727	0.067296	0.063947	0.064514	0.002053	0.002057	0.001949	0.001955	1218.803275	1194.472554	1764.840022	1735.857388	-0.072751	-0.071077	-0.113156	-0.110861	
0.011426	-0.370448	-0.432059	154.529792	154.529795	154.127065	154.127069	0.000000	34.680582	0.006205	6.489611	6.489611	6.489611	6.489611	32.721413	0.063943	0.000044	0.062583	0.062582	0.059814	0.059813	0.002237	0.002244	0.002101	0.002110	1230.176948	1203.266748	1766.597156	1734.541860	-0.084901	-0.082718	-0.132220	-0.129175	
0.017331	0.404628	-0.326229	154.556715	154.556718	154.153957	154.153961	0.000000	34.636411	0.004437	6.490072	6.490072	6.490072	6.490072	32.353073	0.058069	0.007435	0.075018	0.074717	0.072217	0.071916	0.001728	0.001731	0.001670	0.001673	1209.931564	1189.612839	1792.306116	1768.102552	-0.054377	-0.053459	-0.080710	-0.079615	
-0.006485	-0.578922	0.223087	154.694385	154.694388	154.291559	154.291562	0.000000	34.533923	0.000335	6.488940	6.488940	6.488940	6.488940	32.778811	-0.005513	0.000658	0.061865	0.061839	0.059100	0.059074	-0.001187	-0.001186	-0.001156	-0.001155	1208.313064	1222.207737	1721.571348	1738.122613	0.046559	0.047190	0.071677	0.072554	
0.021673	0.416058	1.093841	154.912125	154.912128	154.509336	154.509340	0.000000	34.449714	-0.003035	6.483159	6.483159	6.483159	6.483159	32.697797	-0.097548	0.029698	0.066572	0.065391	0.063799	0.062621	-0.005242	-0.005158	-0.004598	-0.004519	1167.150232	1235.278525	1743.648305	1824.802388	0.176828	0.186119	0.251929	0.261871	
0.000799	-1.003849	0.133851	154.671290	154.671293	154.268837	154.268841	0.000000	34.270371	-0.010209	6.474034	6.474034	6.474034	6.474034	32.951026	-0.050627	0.004543	0.056233	0.056056	0.053485	0.053308	-0.000707	-0.000707	-0.000693	-0.000693	1233.079653	1241.416390	1735.523717	1745.454396	0.029121	0.029409	0.050344	0.050861	
0.016908	1.147376	0.278510	154.705720	154.705723	154.303917	154.303921	0.000000	34.496237	-0.001174	6.484121	6.484121	6.484121	6.484121	32.059142	-0.045387	0.015177	0.086082	0.085454	0.083261	0.082635	-0.001489	-0.001487	-0.001446	-0.001445	1177.991979	1195.338571	1804.913127	1825.576301	0.039751	0.040269	0.057441	0.057989	
-0.006076	0.810299	0.462307	154.752849	154.752852	154.350783	154.350787	0.000000	34.681541	0.006239	6.482662	6.482662	6.482662	6.482662	32.201474	-0.066387	0.004286	0.081386	0.081210	0.078576	0.078401	-0.002493	-0.002486	-0.002376	-0.002369	1154.358008	1183.152139	1731.659444	1765.958870	0.072519	0.074251	0.106522	0.108496	
0.001249	-0.297441	-0.519169	154.507499	154.507502	154.105307	154.105311	0.000000	34.538608	0.000522	6.480691	6.480691	6.480691	6.480691	32.691865	0.029076	-0.008729	0.063216	0.063563	0.060449	0.060794	0.002693	0.002706	0.002454	0.002474	1219.229975	1186.894296	1747.069628	1708.551528	-0.100672	-0.097250	-0.164843	-0.159563	
0.007973	0.288363	0.595193	154.785749	154.785752	154.383653	154.383657	0.000000	34.597365	0.002873	6.490998	6.490998	6.490998	6.490998	32.537382	-0.048265	0.012991	0.070623	0.070102	0.067842	0.067322	-0.003060	-0.003046	-0.002872	-0.002859	1183.486387	1220.557136	1753.059205	1797.217696	0.101572	0.104479	0.144549	0.147732	
-0.006702	0.142905	-0.572585	154.495465	154.495468	154.092866	154.092870	0.000000	34.489604	-0.001439	6.479312	6.479312	6.479312	6.479312	32.515019	0.038663	-0.013776	0.068814	0.069366	0.066029	0.066580	0.002962	0.002978	0.002716	0.002736	1219.096954	1183.434342	1782.478620	1739.997495	-0.098975	-0.095557	-0.158151	-0.153319	
0.007578	-0.033460	0.645950	154.798615	154.798618	154.396383	154.396387	0.000000	34.541092	0.000620	6.491513	6.491513	6.491513	6.491513	32.702521	-0.048422	0.012958	0.065303	0.064789	0.062535	0.062022	-0.003275	-0.003256	-0.003026	-0.003005	1185.253073	1225.485134	1731.055031	1778.979262	0.118690	0.122571	0.170441	0.174884	
0.019305	-0.046261	0.598344	154.788437	154.788440	154.385797	154.385801	0.000000	34.347292	-0.007133	6.478776	6.478776	6.478776	6.478776	32.685708	-0.075003	0.022777	0.065977	0.065071	0.063204	0.062301	-0.003057	-0.003041	-0.002814	-0.002793	1192.788158	1230.055172	1744.558273	1788.950554	0.105685	0.109309	0.161426	0.166113	
0.019041	0.460111	0.250041	154.699722	154.699724	154.297503	154.297506	0.000000	34.636011	0.004416	6.479211	6.479211	6.479211	6.479211	32.332880	-0.052502	0.017979	0.076899	0.076169	0.074099	0.073371	-0.001336	-0.001335	-0.001299	-0.001298	1189.392135	1204.965563	1770.127208	1788.678198	0.040267	0.040817	0.061192	0.061874	
0.023804	-0.651351	-0.544123	154.500827	154.500830	154.098860	154.098863	0.000000	34.349860	-0.007029	6.482923	6.482923	6.482923	6.482923	32.876170	0.035945	0.007763	0.057535	0.057230	0.054783	0.054480	0.002765	0.002781	0.002468	0.002495	1233.559728	1199.669820	1746.776327	1706.406837	-0.114057	-0.109847	-0.189297	-0.182484	
-0.012220	0.949891	-0.246367	154.575749	154.575752	154.173636	154.173640	0.000000	34.592468	0.002675	6.491274	6.491274	6.491274	6.491274	32.113313	0.036405	-0.010412	0.082812	0.083240	0.079995	0.080422	0.001316	0.001317	0.001282	0.001283	1197.393352	1182.048710	1814.158236	1795.879774	-0.037059	-0.036631	-0.053368	-0.052908	
0.025248	0.691046	0.090300	154.661459	154.661462	154.258809	154.258813	0.000000	34.537304	0.000467	6.488127	6.488127	6.488127	6.488127	32.173612	0.006165	0.017533	0.081955	0.081236	0.079138	0.078421	-0.000495	-0.000495	-0.000486	-0.000486	1170.798236	1176.422432	1745.659964	1752.359478	0.014656	0.014724	0.021456	0.021533	
0.008852	-0.044786	-0.507171	154.512064	154.512067	154.109341	154.109345	0.000000	34.465823	-0.002394	6.484538	6.484538	6.484538	6.484538	32.569842	0.053108	-0.000724	0.067391	0.067420	0.064609	0.064637	0.002654	0.002665	0.002457	0.002472	1211.166197	1179.577812	1751.699150	1714.071223	-0.094083	-0.091174	-0.148606	-0.144497	
-0.010070	-0.334233	-0.444575	154.527217	154.527220	154.124715	154.124718	0.000000	34.512850	-0.000513	6.490817	6.490817	6.490817	6.490817	32.708671	0.062659	-0.012830	0.062725	0.063233	0.059956	0.060464	0.002300	0.002308	0.002158	0.002168	1229.035382	1201.345677	1766.880129	1733.896291	-0.086996	-0.084729	-0.134443	-0.131336	
-0.019209	-0.083189	0.461715	154.754816	154.754819	154.352079	154.352083	0.000000	34.494504	-0.001249	6.490175	6.490175	6.490175	6.490175	32.655132	-0.026623	-0.006704	0.066156	0.066423	0.063382	0.063648	-0.002391	-0.002384	-0.002268	-0.002261	1198.232818	1226.990081	1749.024318	1783.279828	0.084689	0.086726	0.123676	0.126099	
-0.010029	0.678054	0.330469	154.722296	154.722298	154.319450	154.319454	0.000000	34.586266	0.002420	6.480623	6.480623	6.480623	6.480623	32.256548	-0.044427	-0.002540	0.079187	0.079291	0.076377	0.076481	-0.001765	-0.001762	-0.001705	-0.001703	1180.043071	1200.625866	1771.074659	1795.592781	0.051393	0.052277	0.076587	0.077624	
-0.009836	-0.485668	0.194392	154.686863	154.686866	154.284515	154.284519	0.000000	34.512682	-0.000524	6.481989	6.481989	6.481989	6.481989	32.719530	-0.037120	-0.004341	0.063638	0.063810	0.060871	0.061043	-0.001042	-0.001041	-0.001017	-0.001016	1203.767698	1215.875122	1719.000679	1733.422982	0.039236	0.039727	0.062497	0.063224	
-0.010256	0.214284	0.037554	154.647551	154.647554	154.245380	154.245384	0.000000	34.443452	-0.003293	6.483465	6.483465	6.483465	6.483465	32.410968	-0.017442	-0.007224	0.073432	0.073724	0.070640	0.070932	-0.000201	-0.000201	-0.000198	-0.000198	1203.705583	1206.044604	1773.525200	1776.311431	0.006396	0.006410	0.009729	0.009746	
-0.018721	0.559711	-0.063182	154.622581	154.622584	154.220353	154.220356	0.000000	34.620770	0.003800	6.485112	6.485112	6.485112	6.485112	32.237721	-0.000384	-0.014440	0.078878	0.079468	0.076072	0.076660	0.000343	0.000343	0.000337	0.000337	1188.099216	1184.163994	1766.769412	1762.081795	-0.010282	-0.010248	-0.015402	-0.015360	
0.001110	-0.291911	-0.781816	154.443265	154.443268	154.040912	154.040916	0.000000	34.622803	0.003880	6.486161	6.486161	6.486161	6.486161	32.789194	0.073499	-0.013948	0.059517	0.060067	0.056757	0.057306	0.003851	0.003897	0.003304	0.003368	1228.346981	1179.652690	1759.266426	1701.262029	-0.152637	-0.145145	-0.244373	-0.233379	
-0.002040	0.595307	-0.003423	154.638168	154.638170	154.235706	154.235710	0.000000	34.487542	-0.001531	6.493705	6.493705	6.493705	6.493705	32.257740	0.026698	-0.001820	0.078575	0.078649	0.075768	0.075842	0.000018	0.000018	0.000018	0.000018	1196.780330	1196.567123	1789.891080	1789.637109	-0.000554	-0.000554	-0.000792	-0.000791	
0.006385	0.009224	0.903602	154.866368	154.866371	154.463461	154.463465	0.000000	34.699420	0.006942	6.485512	6.485512	6.485512	6.485512	32.788748	-0.073317	0.017303	0.063052	0.062368	0.060287	0.059604	-0.004422	-0.004364	-0.003899	-0.003837	1168.296817	1224.576338	1706.186750	1773.226634	0.163779	0.171613	0.237994	0.247136	
-0.028352	1.582069	0.027401	154.646457	154.646460	154.243782	154.243785	0.000000	34.461205	-0.002588	6.475952	6.475952	6.475952	6.475952	31.812930	-0.032644	-0.017535	0.093384	0.094120	0.090537	0.091271	-0.000149	-0.000149	-0.000145	-0.000145	1169.048462	1170.755125	1815.476996	1817.509964	0.003615	0.003620	0.005394	0.005399	
-0.022690	-0.398678	0.066160	154.654386	154.654389	154.252394	154.252397	0.000000	34.608610	0.003309	6.485168	6.485168	6.485168	6.485168	32.636009	-0.019322	-0.016340	0.065897	0.066548	0.063126	0.063776	-0.000362	-0.000362	-0.000357	-0.000357	1192.141605	1196.262254	1698.030064	1702.938561	0.013581	0.013639	0.021463	0.021547	
0.003304	0.585913	0.182006	154.684416	154.684419	154.282223	154.282226	0.000000	34.816896	0.011641	6.484821	6.484821	6.484821	6.484821	32.265079	-0.024277	0.002936	0.078749	0.078629	0.075944	0.075825	-0.000978	-0.000977	-0.000957	-0.000956	1186.582407	1197.918383	1772.849292	1786.352650	0.029111	0.029383	0.043034	0.043351	
0.000765	-0.542493	-0.289840	154.566666	154.566669	154.164314	154.164318	0.000000	34.492611	-0.001331	6.483564	6.483564	6.483564	6.483564	32.744256	0.022284	-0.004315	0.062009	0.062180	0.059245	0.059415	0.001538	0.001540	0.001474	0.001477	1220.644614	1202.592351	1735.965355	1714.461589	-0.059637	-0.058497	-0.096951	-0.095183	
0.021960	-0.038037	0.383785	154.734944	154.734947	154.332626	154.332629	0.000000	34.483594	-0.001692	6.488513	6.488513	6.488513	6.488513	32.605840	-0.029632	0.019930	0.068163	0.067367	0.065386	0.064591	-0.002006	-0.002002	-0.001924	-0.001920	1200.520368	1224.423843	1755.437821	1783.911522	0.069356	0.070765	0.102323	0.104028	
-0.018205	0.212965	-0.574858	154.496128	154.496131	154.093570	154.093574	0.000000	34.424434	-0.004059	6.481447	6.481447	6.481447	6.481447	32.488039	0.043511	-0.020201	0.069577	0.070388	0.066790	0.067599	0.002972	0.002987	0.002736	0.002755	1219.347803	1183.543603	1788.868091	1746.218307	-0.098089	-0.094796	-0.154410	-0.149919	
-0.002255	-0.730529	1.083901	154.909904	154.909907	154.507601	154.507605	0.000000	34.446698	-0.003169	6.491484	6.491484	6.491484	6.491484	33.249351	-0.071479	0.010086	0.048477	0.048089	0.045754	0.045367	-0.004777	-0.004666	-0.004009	-0.003902	1189.699119	1257.208307	1694.173687	1774.590295	0.230344	0.243755	0.330554	0.346447	
0.028084	0.111133	1.039936	154.900426	154.900429	154.497742	154.497746	0.000000	34.644456	0.004740	6.474117	6.474117	6.474117	6.474117	32.832287	-0.113832	0.034197	0.062209	0.060860	0.059448	0.058102	-0.004933	-0.004853	-0.004263	-0.004179	1191.594800	1256.365710	1768.084925	1845.239709	0.169884	0.179346	0.254359	0.265691	
0.017627	0.315627	-0.633993	154.479459	154.479462	154.077480	154.077483	0.000000	34.525870	-0.000003	6.474522	6.474522	6.474522	6.474522	32.463622	0.021642	0.002211	0.070716	0.070627	0.067930	0.067841	0.003251	0.003271	0.002952	0.002978	1225.324387	1185.837050	1808.500254	1761.463136	-0.103218	-0.099300	-0.166887	-0.161327	
0.038719	-0.508956	-0.493749	154.513875	154.513877	154.112280	154.112284	0.000000	34.586351	0.002418	6.492173	6.492173	6.492173	6.492173	32.802415	0.060796	0.018627	0.060217	0.059482	0.057461	0.056729	0.002528	0.002539	0.002333	0.002348	1232.080886	1201.328464	1757.137913	1720.505781	-0.101452	-0.098431	-0.157976	-0.153712	
0.004550	-0.035641	-0.309414	154.562673	154.562676	154.160215	154.160219	0.000000	34.376199	-0.005988	6.490717	6.490717	6.490717	6.490717	32.551585	0.052084	0.001263	0.068379	0.068328	0.065597	0.065547	0.001625	0.001628	0.001571	0.001573	1223.822816	1204.551428	1784.987740	1762.031759	-0.056101	-0.055155	-0.084531	-0.083330	
0.028302	-0.301799	0.043347	154.651384	154.651387	154.248553	154.248556	0.000000	34.469244	-0.002269	6.488683	6.488683	6.488683	6.488683	32.631763	0.015953	0.020301	0.066745	0.065936	0.063966	0.063159	-0.000232	-0.000232	-0.000229	-0.000229	1212.406394	1215.106205	1748.484839	1751.700841	0.008398	0.008419	0.012810	0.012838	
-0.003658	0.642856	0.683790	154.811437	154.811439	154.408648	154.408652	0.000000	34.471998	-0.002160	6.484964	6.484964	6.484964	6.484964	32.400661	-0.064977	0.010053	0.075261	0.074854	0.072463	0.072058	-0.003527	-0.003507	-0.003279	-0.003259	1169.282499	1211.871375	1755.505340	1806.236996	0.107946	0.111524	0.155173	0.159061	
-0.006128	-0.670258	0.769621	154.832381	154.832383	154.429833	154.429837	0.000000	34.665877	0.005594	6.478250	6.478250	6.478250	6.478250	33.055033	-0.093530	0.007737	0.054068	0.053767	0.051328	0.051028	-0.003736	-0.003689	-0.003213	-0.003151	1195.207835	1243.142577	1701.866183	1758.965808	0.157519	0.165348	0.247712	0.258968	
-0.011719	0.525244	1.649255	155.051076	155.051079	154.648998	154.649002	0.000000	34.352498	-0.006941	6.477368	6.477368	6.477368	6.477368	32.891057	-0.164042	0.013806	0.060940	0.060397	0.058188	0.057647	-0.007232	-0.006984	-0.006022	-0.005828	1155.380735	1258.102219	1743.983321	1866.344640	0.251719	0.270714	0.353619	0.372746	
0.009905	-0.767460	-1.027820	154.381297	154.381299	153.979470	153.979473	0.000000	34.572940	0.001878	6.468210	6.468210	6.468210	6.468210	33.112892	0.024505	-0.013072	0.048759	0.049264	0.046029	0.046533	0.004637	0.004763	0.003481	0.003654	1268.767753	1204.751451	1797.569850	1721.313950	-0.205721	-0.190184	-0.371830	-0.342907	
-0.016429	-0.314029	-0.104667	154.610266	154.610269	154.209001	154.209005	0.000000	34.539295	0.000535	6.496303	6.496303	6.496303	6.496303	32.669072	0.019148	-0.013359	0.064574	0.065105	0.061811	0.062341	0.000549	0.000550	0.000542	0.000542	1234.542071	1228.023069	1790.062959	1782.297556	-0.020018	-0.019909	-0.029435	-0.029302	
-0.003525	0.204245	0.759317	154.830388	154.830391	154.427871	154.427874	0.000000	34.364736	-0.006448	6.486658	6.486658	6.486658	6.486658	32.644718	-0.065746	0.007265	0.067296	0.067006	0.064521	0.064232	-0.003809	-0.003779	-0.003475	-0.003443	1179.961054	1227.254017	1743.217223	1799.552364	0.130262	0.135217	0.187726	0.193309	
0.014301	0.494066	0.379843	154.735011	154.735014	154.332327	154.332330	0.000000	34.584954	0.002359	6.477451	6.477451	6.477451	6.477451	32.350343	-0.061527	0.015439	0.076511	0.075885	0.073710	0.073085	-0.002017	-0.002013	-0.001934	-0.001930	1183.179171	1206.837154	1763.585439	1791.766711	0.060627	0.061887	0.092103	0.093661	
-0.002530	1.369473	0.398118	154.737976	154.737979	154.335881	154.335885	0.000000	34.535525	0.000383	6.481452	6.481452	6.481452	6.481452	31.944236	-0.064996	0.005457	0.090014	0.089787	0.087182	0.086955	-0.002163	-0.002158	-0.002080	-0.002077	1149.944923	1174.741120	1767.739453	1797.276559	0.055911	0.056980	0.081132	0.082265	
-0.001781	-1.082606	0.282884	154.709403	154.709405	154.307364	154.307367	0.000000	34.520840	-0.000204	6.481315	6.481315	6.481315	6.481315	33.009414	-0.053088	0.003026	0.054595	0.054477	0.051854	0.051737	-0.001502	-0.001499	-0.001424	-0.001420	1207.845861	1225.464865	1679.719843	1700.707512	0.067480	0.068908	0.113316	0.115796	
0.005727	-0.934179	-0.348509	154.551543	154.551546	154.149468	154.149471	0.000000	34.618497	0.003703	6.482513	6.482513	6.482513	6.482513	32.967759	0.017574	-0.002251	0.054747	0.054835	0.052003	0.052091	0.001785	0.001788	0.001678	0.001684	1255.761411	1234.055035	1775.532796	1749.676269	-0.074723	-0.072964	-0.124661	-0.121762	
-0.010339	-0.120436	0.327313	154.720664	154.720666	154.318516	154.318519	0.000000	34.470611	-0.002212	6.489143	6.489143	6.489143	6.489143	32.636058	-0.029014	-0.002195	0.066634	0.066721	0.063861	0.063949	-0.001707	-0.001704	-0.001649	-0.001646	1211.365290	1231.751504	1769.810863	1794.094820	0.059523	0.060550	0.087932	0.089181	
0.004907	0.512725	0.007910	154.641981	154.641984	154.239443	154.239447	0.000000	34.543826	0.000715	6.482043	6.482043	6.482043	6.482043	32.273003	-0.010095	0.002713	0.078184	0.078073	0.075377	0.075267	-0.000043	-0.000043	-0.000042	-0.000042	1193.990448	1194.483137	1777.326506	1777.913395	0.001275	0.001276	0.001929	0.001930	
-0.005266	0.274922	-0.384246	154.543103	154.543105	154.140763	154.140766	0.000000	34.723093	0.007885	6.485353	6.485353	6.485353	6.485353	32.393506	0.036208	-0.009687	0.073235	0.073627	0.070441	0.070832	0.002049	0.002054	0.001956	0.001961	1201.656874	1177.724683	1762.138308	1733.630401	-0.066545	-0.065090	-0.102325	-0.100424	
0.011852	0.137976	-0.093648	154.616133	154.616135	154.213761	154.213764	0.000000	34.515911	-0.000402	6.489504	6.489504	6.489504	6.489504	32.426311	0.024753	0.005919	0.072971	0.072732	0.070179	0.069941	0.000505	0.000506	0.000498	0.000498	1199.956804	1194.124060	1755.346063	1748.398127	-0.016725	-0.016640	-0.025046	-0.024940	
-0.010916	-1.073727	0.303676	154.716317	154.716319	154.313669	154.313672	0.000000	34.776776	0.010031	6.486435	6.486435	6.486435	6.486435	33.033232	-0.025028	-0.001696	0.053790	0.053856	0.051047	0.051113	-0.001584	-0.001582	-0.001506	-0.001502	1221.433249	1240.347262	1709.849420	1732.379698	0.070769	0.072229	0.113827	0.116122	
0.002676	-0.407687	-1.085157	154.368910	154.368912	153.966304	153.966307	0.000000	34.527094	0.000043	6.482235	6.482235	6.482235	6.482235	32.976291	0.080462	-0.016817	0.052944	0.053600	0.050198	0.050852	0.004909	0.005027	0.003917	0.004060	1265.157760	1197.570318	1818.688652	1738.178829	-0.204441	-0.190613	-0.333742	-0.313036	
-0.012068	-0.428350	0.277131	154.708802	154.708804	154.306474	154.306477	0.000000	34.714715	0.007547	6.496842	6.496842	6.496842	6.496842	32.763895	-0.001223	-0.004995	0.062335	0.062533	0.059573	0.059770	-0.001442	-0.001441	-0.001402	-0.001401	1221.543196	1238.803930	1763.884651	1784.445551	0.054855	0.055635	0.079418	0.080351	
0.012297	-0.551435	-0.382260	154.546322	154.546325	154.143334	154.143337	0.000000	34.516084	-0.000400	6.482544	6.482544	6.482544	6.482544	32.793726	0.040492	0.001345	0.060379	0.060326	0.057614	0.057562	0.001978	0.001983	0.001862	0.001869	1238.898238	1215.089755	1771.203727	1742.843181	-0.076169	-0.074300	-0.123836	-0.120971	
0.004563	-0.282058	0.687766	154.812174	154.812177	154.409596	154.409599	0.000000	34.583399	0.002291	6.489382	6.489382	6.489382	6.489382	32.850100	-0.051678	0.013153	0.060613	0.060095	0.057855	0.057339	-0.003409	-0.003385	-0.003104	-0.003076	1199.184134	1242.020650	1740.748992	1791.775636	0.130229	0.134934	0.189829	0.195442	
-0.023724	-0.505452	-0.822377	154.435475	154.435478	154.032824	154.032827	0.000000	34.380342	-0.005833	6.478215	6.478215	6.478215	6.478215	32.923008	0.051266	-0.029265	0.054860	0.056004	0.052109	0.053251	0.003940	0.003995	0.003284	0.003364	1253.997443	1202.776876	1794.369097	1733.355414	-0.159266	-0.150621	-0.266932	-0.253072	
-0.010070	-0.596137	0.121932	154.669949	154.669951	154.267788	154.267791	0.000000	34.440729	-0.003417	6.494039	6.494039	6.494039	6.494039	32.794015	0.006207	-0.007396	0.061046	0.061338	0.058287	0.058578	-0.000642	-0.000641	-0.000633	-0.000632	1229.286341	1236.880687	1761.618507	1770.664855	0.024978	0.025147	0.037385	0.037605	
0.001912	-0.439007	0.361035	154.732018	154.732020	154.329274	154.329278	0.000000	34.516804	-0.000375	6.484171	6.484171	6.484171	6.484171	32.778598	-0.034407	0.005956	0.062235	0.061999	0.059470	0.059235	-0.001876	-0.001872	-0.001791	-0.001786	1213.623245	1236.109780	1748.630494	1775.416343	0.070075	0.071568	0.107854	0.109880	
-0.023737	0.430146	-0.609604	154.488385	154.488388	154.085816	154.085819	0.000000	34.617038	0.003633	6.481579	6.481579	6.481579	6.481579	32.406137	0.045746	-0.025997	0.072108	0.073158	0.069314	0.070362	0.003143	0.003160	0.002896	0.002916	1219.810512	1181.842233	1807.208490	1761.980865	-0.098897	-0.095523	-0.153751	-0.149348	
0.004505	0.169286	0.545708	154.776597	154.776599	154.374344	154.374347	0.000000	34.515230	-0.000440	6.491810	6.491810	6.491810	6.491810	32.559290	-0.037133	0.008459	0.069749	0.069410	0.066968	0.066630	-0.002835	-0.002824	-0.002670	-0.002658	1179.579324	1213.567932	1733.287209	1773.774270	0.097034	0.099670	0.138888	0.141855	
-0.014654	0.076398	-0.140227	154.606721	154.606724	154.204030	154.204034	0.000000	34.498861	-0.001096	6.479699	6.479699	6.479699	6.479699	32.457527	0.000077	-0.011668	0.071520	0.071990	0.068729	0.069198	0.000752	0.000753	0.000737	0.000737	1208.100984	1199.367130	1766.044759	1755.641035	-0.024569	-0.024364	-0.038673	-0.038390	
-0.000049	0.082017	-0.547533	154.503341	154.503344	154.101055	154.101059	0.000000	34.610006	0.003350	6.486837	6.486837	6.486837	6.486837	32.538123	0.056278	-0.010255	0.068180	0.068591	0.065399	0.065808	0.002836	0.002849	0.002626	0.002642	1217.545412	1183.443128	1774.767206	1734.144736	-0.097820	-0.094742	-0.151298	-0.147192	
-0.001756	0.924006	1.378335	154.985646	154.985649	154.583240	154.583243	0.000000	34.506508	-0.000790	6.491175	6.491175	6.491175	6.491175	32.575974	-0.100620	0.015914	0.070794	0.070156	0.068014	0.067378	-0.006473	-0.006339	-0.005697	-0.005592	1137.183438	1223.031027	1731.337238	1833.598457	0.209776	0.221245	0.280581	0.290988	
0.001245	0.024818	0.059536	154.656958	154.656960	154.254191	154.254194	0.000000	34.528009	0.000068	6.470951	6.470951	6.470951	6.470951	32.478669	-0.042332	0.002102	0.071448	0.071363	0.068657	0.068573	-0.000320	-0.000320	-0.000315	-0.000315	1203.789762	1207.497906	1758.318135	1762.735257	0.010308	0.010347	0.016819	0.016877	
-0.019924	0.241041	-0.552691	154.500810	154.500812	154.098984	154.098987	0.000000	34.581456	0.002207	6.484729	6.484729	6.484729	6.484729	32.464182	0.039018	-0.022843	0.070342	0.071261	0.067558	0.068475	0.002875	0.002888	0.002665	0.002681	1214.035088	1179.611539	1780.629247	1739.624088	-0.095081	-0.092081	-0.147396	-0.143425	
0.011243	0.242701	0.695746	154.814381	154.814383	154.412318	154.412321	0.000000	34.629127	0.004115	6.491272	6.491272	6.491272	6.491272	32.592302	-0.051988	0.015122	0.069059	0.068454	0.066283	0.065679	-0.003540	-0.003517	-0.003272	-0.003248	1174.672473	1218.006020	1733.432394	1785.051100	0.121236	0.125317	0.171833	0.176293	
-0.002467	0.055627	0.788744	154.839097	154.839099	154.436435	154.436438	0.000000	34.632827	0.004261	6.478112	6.478112	6.478112	6.478112	32.719156	-0.094134	0.011373	0.065009	0.064557	0.062239	0.061789	-0.003939	-0.003901	-0.003518	-0.003474	1180.738423	1229.864231	1733.147008	1791.665425	0.136757	0.142802	0.206145	0.213681	
