

================================================================
== Synthesis Summary Report of 'v_frmbuf_wr'
================================================================
+ General Information: 
    * Date:           Wed Jan 21 13:08:05 2026
    * Version:        2025.2 (Build 6295257 on Nov 14 2025)
    * Project:        prj
    * Solution:       sol (Vivado IP Flow Target)
    * Product family: zynquplus
    * Target device:  xczu2cg-sfvc784-1-e
    

* Performance & Resource Estimates: 
+-----------------------------------------------------------+------+---------------+----------+---------+------+----------+---------+-----------+------+---------+---------+-----------+------------+-----+
|                          Modules                          | Issue|               | Iteration|         | Trip |          |       Latency       |      |         |         |           |            |     |
|                          & Loops                          | Type | Violation Type|  Latency | Interval| Count| Pipelined| (cycles)|    (ns)   | Slack|  BRAM   |   DSP   |     FF    |     LUT    | URAM|
+-----------------------------------------------------------+------+---------------+----------+---------+------+----------+---------+-----------+------+---------+---------+-----------+------------+-----+
|+ v_frmbuf_wr                                              |     -|              -|         -|  6227289|     -|        no|  6227288|  3.114e+07|  0.00|  16 (5%)|  1 (~0%)|  4932 (5%)|  8324 (17%)|    -|
| + FrmbufWrHlsDataFlow*                                    |     -|              -|         -|  6227283|     -|  dataflow|  6227285|  3.114e+07|  0.00|  16 (5%)|  1 (~0%)|  3829 (4%)|  7014 (14%)|    -|
|  + AXIvideo2MultiPixStream                                |     -|              -|         -|  1047605|     -|        no|  1047605|  5.238e+06|  0.63|        -|        -|  215 (~0%)|    512 (1%)|    -|
|   + AXIvideo2MultiPixStream_Pipeline_loop_wait_for_start  |     -|              -|         -|        -|     -|       yes|        2|     10.000|  2.67|        -|        -|    4 (~0%)|    47 (~0%)|    -|
|    o loop_wait_for_start                                  |     -|              -|         1|        1|     0|       yes|        0|      0.000|  3.65|        -|        -|          -|           -|    -|
|   + reg_unsigned_short_s                                  |     -|              -|         -|        1|     -|       yes|        1|      5.000|  3.65|        -|        -|   13 (~0%)|     2 (~0%)|    -|
|   + reg_unsigned_short_s                                  |     -|              -|         -|        1|     -|       yes|        1|      5.000|  3.65|        -|        -|   13 (~0%)|     2 (~0%)|    -|
|   o loop_height                                           |     -|              -|       970|        -|  1080|        no|  1047600|  5.238e+06|  3.65|        -|        -|          -|           -|    -|
|    + AXIvideo2MultiPixStream_Pipeline_loop_width          |     -|              -|         -|        -|     -|       yes|      963|  4.815e+03|  0.63|        -|        -|   75 (~0%)|   225 (~0%)|    -|
|     o loop_width                                          |     -|              -|         3|        1|   960|       yes|      961|  4.805e+03|  3.65|        -|        -|          -|           -|    -|
|    + AXIvideo2MultiPixStream_Pipeline_loop_wait_for_eol   |     -|              -|         -|        -|     -|       yes|        2|     10.000|  2.67|        -|        -|    4 (~0%)|    52 (~0%)|    -|
|     o loop_wait_for_eol                                   |     -|              -|         1|        1|     0|       yes|        0|      0.000|  3.65|        -|        -|          -|           -|    -|
|  + MultiPixStream2Bytes                                   |     -|              -|         -|  6227282|     -|        no|  6227282|  3.114e+07|  0.05|        -|  1 (~0%)|  2405 (2%)|   4252 (9%)|    -|
|   o loop_YUYV8                                            |     -|              -|      2886|        -|  1080|        no|  3116880|  1.558e+07|  3.65|        -|        -|          -|           -|    -|
|    + MultiPixStream2Bytes_Pipeline_VITIS_LOOP_821_1       |     -|              -|         -|        -|     -|       yes|     2883|  1.442e+04|  1.34|        -|        -|  280 (~0%)|    596 (1%)|    -|
|     o VITIS_LOOP_821_1                                    |     -|              -|         6|        4|   720|       yes|     2881|  1.440e+04|  3.65|        -|        -|          -|           -|    -|
|   o loop_UYVY8                                            |     -|              -|      2886|        -|  1080|        no|  3116880|  1.558e+07|  3.65|        -|        -|          -|           -|    -|
|    + MultiPixStream2Bytes_Pipeline_VITIS_LOOP_863_5       |     -|              -|         -|        -|     -|       yes|     2883|  1.442e+04|  1.34|        -|        -|  280 (~0%)|    596 (1%)|    -|
|     o VITIS_LOOP_863_5                                    |     -|              -|         6|        4|   720|       yes|     2881|  1.440e+04|  3.65|        -|        -|          -|           -|    -|
|   o loop_Y_UV8_Y_UV8_420                                  |     -|              -|      5766|        -|  1080|        no|  6227280|  3.114e+07|  3.65|        -|        -|          -|           -|    -|
|    + MultiPixStream2Bytes_Pipeline_VITIS_LOOP_904_8       |     -|              -|         -|        -|     -|       yes|     5763|  2.882e+04|  1.34|        -|        -|  554 (~0%)|    972 (2%)|    -|
|     o VITIS_LOOP_904_8                                    |     -|              -|        10|        8|   720|       yes|     5761|  2.880e+04|  3.65|        -|        -|          -|           -|    -|
|   o loop_RGB8_YUV8                                        |     -|              -|      1926|        -|  1080|        no|  2080080|  1.040e+07|  3.65|        -|        -|          -|           -|    -|
|    + MultiPixStream2Bytes_Pipeline_VITIS_LOOP_1090_11     |     -|              -|         -|        -|     -|       yes|     1923|  9.615e+03|  1.34|        -|        -|  815 (~0%)|   1323 (2%)|    -|
|     o VITIS_LOOP_1090_11                                  |     -|              -|        10|        8|   240|       yes|     1921|  9.605e+03|  3.65|        -|        -|          -|           -|    -|
|  + Bytes2AXIMMvideo                                       |     -|              -|         -|  1793881|     -|        no|  1793881|  8.969e+06|  0.00|        -|        -|  790 (~0%)|   2065 (4%)|    -|
|   o loop_Bytes2AXIMMvideo_2planes                         |     -|              -|      1661|        -|  1080|        no|  1793880|  8.969e+06|  3.65|        -|        -|          -|           -|    -|
|    + Bytes2AXIMMvideo_Pipeline_VITIS_LOOP_1599_1          |     -|              -|         -|        -|     -|       yes|      723|  3.615e+03|  0.00|        -|        -|  143 (~0%)|    96 (~0%)|    -|
|     o VITIS_LOOP_1599_1                                   |     -|              -|         3|        1|   720|       yes|      721|  3.605e+03|  3.65|        -|        -|          -|           -|    -|
|    + Bytes2AXIMMvideo_Pipeline_VITIS_LOOP_1609_2          |     -|              -|         -|        -|     -|       yes|      723|  3.615e+03|  0.00|        -|        -|  143 (~0%)|    96 (~0%)|    -|
|     o VITIS_LOOP_1609_2                                   |     -|              -|         3|        1|   720|       yes|      721|  3.605e+03|  3.65|        -|        -|          -|           -|    -|
+-----------------------------------------------------------+------+---------------+----------+---------+------+----------+---------+-----------+------+---------+---------+-----------+------------+-----+
    Name Prefix: '+' for module, 'o' for loop, '*' for dataflow


================================================================
== HW Interfaces
================================================================
* M_AXI
+----------------+------------+------------+---------------+---------+--------+----------+-----------+--------------+--------------+-------------+-------------+
| Interface      | Read/Write | Data Width | Address Width | Latency | Offset | Register | Max Widen | Max Read     | Max Write    | Num Read    | Num Write   |
|                |            | (SW->HW)   |               |         |        |          | Bitwidth  | Burst Length | Burst Length | Outstanding | Outstanding |
+----------------+------------+------------+---------------+---------+--------+----------+-----------+--------------+--------------+-------------+-------------+
| m_axi_mm_video | WRITE_ONLY | 128 -> 128 | 32            | 100     | slave  | 0        | 0         | 16           | 16           | 16          | 4           |
+----------------+------------+------------+---------------+---------+--------+----------+-----------+--------------+--------------+-------------+-------------+

* S_AXILITE Interfaces
+------------+------------+---------------+--------+----------+
| Interface  | Data Width | Address Width | Offset | Register |
+------------+------------+---------------+--------+----------+
| s_axi_CTRL | 32         | 7             | 16     | 0        |
+------------+------------+---------------+--------+----------+

* S_AXILITE Registers
+------------+--------------+--------+-------+--------+----------------------------------+----------------------------------------------------------------------+
| Interface  | Register     | Offset | Width | Access | Description                      | Bit Fields                                                           |
+------------+--------------+--------+-------+--------+----------------------------------+----------------------------------------------------------------------+
| s_axi_CTRL | CTRL         | 0x00   | 32    | RW     | Control signals                  | 0=AP_START 1=AP_DONE 2=AP_IDLE 3=AP_READY 7=AUTO_RESTART 9=INTERRUPT |
| s_axi_CTRL | GIER         | 0x04   | 32    | RW     | Global Interrupt Enable Register | 0=Enable                                                             |
| s_axi_CTRL | IP_IER       | 0x08   | 32    | RW     | IP Interrupt Enable Register     | 0=CHAN0_INT_EN 1=CHAN1_INT_EN                                        |
| s_axi_CTRL | IP_ISR       | 0x0c   | 32    | RW     | IP Interrupt Status Register     | 0=CHAN0_INT_ST 1=CHAN1_INT_ST                                        |
| s_axi_CTRL | width        | 0x10   | 32    | W      | Data signal of width             |                                                                      |
| s_axi_CTRL | height       | 0x18   | 32    | W      | Data signal of height            |                                                                      |
| s_axi_CTRL | stride       | 0x20   | 32    | W      | Data signal of stride            |                                                                      |
| s_axi_CTRL | video_format | 0x28   | 32    | W      | Data signal of video_format      |                                                                      |
| s_axi_CTRL | frm_buffer   | 0x30   | 32    | W      | Data signal of frm_buffer        |                                                                      |
| s_axi_CTRL | frm_buffer2  | 0x3c   | 32    | W      | Data signal of frm_buffer2       |                                                                      |
| s_axi_CTRL | frm_buffer3  | 0x54   | 32    | W      | Data signal of frm_buffer3       |                                                                      |
+------------+--------------+--------+-------+--------+----------------------------------+----------------------------------------------------------------------+

* AXIS
+--------------+-----------+---------------+-------+-------+-----+-------+-------+--------+-------+-------+--------+
| Interface    | Direction | Register Mode | TDATA | TDEST | TID | TKEEP | TLAST | TREADY | TSTRB | TUSER | TVALID |
+--------------+-----------+---------------+-------+-------+-----+-------+-------+--------+-------+-------+--------+
| s_axis_video | in        | both          | 48    | 1     | 1   | 6     | 1     | 1      | 6     | 1     | 1      |
+--------------+-----------+---------------+-------+-------+-----+-------+-------+--------+-------+-------+--------+

* TOP LEVEL CONTROL
+-----------+------------+-----------+
| Interface | Type       | Ports     |
+-----------+------------+-----------+
| ap_clk    | clock      | ap_clk    |
| ap_rst_n  | reset      | ap_rst_n  |
| interrupt | interrupt  | interrupt |
| ap_ctrl   | ap_ctrl_hs |           |
+-----------+------------+-----------+


================================================================
== SW I/O Information
================================================================
* Top Function Arguments
+--------------+-----------+------------------------------------------------------------------------------+
| Argument     | Direction | Datatype                                                                     |
+--------------+-----------+------------------------------------------------------------------------------+
| width        | in        | unsigned short                                                               |
| height       | in        | unsigned short                                                               |
| stride       | in        | unsigned short                                                               |
| video_format | in        | unsigned short                                                               |
| frm_buffer   | out       | ap_uint<128>*                                                                |
| frm_buffer2  | out       | ap_uint<128>*                                                                |
| frm_buffer3  | out       | ap_uint<128>*                                                                |
| s_axis_video | in        | stream<hls::axis<ap_uint<48>, 1UL, 1UL, 1UL, (unsigned char)'8', false>, 0>& |
+--------------+-----------+------------------------------------------------------------------------------+

* SW-to-HW Mapping
+--------------+----------------+-----------+----------+----------------------------------------+
| Argument     | HW Interface   | HW Type   | HW Usage | HW Info                                |
+--------------+----------------+-----------+----------+----------------------------------------+
| width        | s_axi_CTRL     | register  |          | name=width offset=0x10 range=32        |
| height       | s_axi_CTRL     | register  |          | name=height offset=0x18 range=32       |
| stride       | s_axi_CTRL     | register  |          | name=stride offset=0x20 range=32       |
| video_format | s_axi_CTRL     | register  |          | name=video_format offset=0x28 range=32 |
| frm_buffer   | m_axi_mm_video | interface |          | channel=0                              |
| frm_buffer   | s_axi_CTRL     | register  | offset   | name=frm_buffer offset=0x30 range=32   |
| frm_buffer2  | m_axi_mm_video | interface |          | channel=0                              |
| frm_buffer2  | s_axi_CTRL     | register  | offset   | name=frm_buffer2 offset=0x3c range=32  |
| frm_buffer3  | m_axi_mm_video | interface |          | channel=0                              |
| frm_buffer3  | s_axi_CTRL     | register  | offset   | name=frm_buffer3 offset=0x54 range=32  |
| s_axis_video | s_axis_video   | interface |          |                                        |
+--------------+----------------+-----------+----------+----------------------------------------+


================================================================
== M_AXI Burst Information
================================================================
 Note: All burst requests might be further partitioned into multiple requests during RTL generation based on max_read_burst_length or max_write_burst_length settings.

* Inferred Burst Summary
+----------------+-----------+----------+-------+-------------------+----------------------------------------------------------------------------------------------------------------------+
| HW Interface   | Direction | Length   | Width | Loop              | Loop Location                                                                                                        |
+----------------+-----------+----------+-------+-------------------+----------------------------------------------------------------------------------------------------------------------+
| m_axi_mm_video | write     | variable | 128   | VITIS_LOOP_1599_1 | C:/TFG_Vivado/vivado/axu2cga_trd.runs/design_1_v_frmbuf_wr_1_0_synth_1/prj/sol/.autopilot/db/v_frmbuf_wr.cpp:1599:28 |
| m_axi_mm_video | write     | variable | 128   | VITIS_LOOP_1609_2 | C:/TFG_Vivado/vivado/axu2cga_trd.runs/design_1_v_frmbuf_wr_1_0_synth_1/prj/sol/.autopilot/db/v_frmbuf_wr.cpp:1609:32 |
+----------------+-----------+----------+-------+-------------------+----------------------------------------------------------------------------------------------------------------------+

* All M_AXI Variable Accesses
+----------------+----------+----------------------------------------------------------------------------------------------------------------------+-----------+--------------+----------+-------------------------------+----------------------------------------------------------------------------------------------------------------------+------------+--------------------------------------------------------------------------------------------------------+
| HW Interface   | Variable | Access Location                                                                                                      | Direction | Burst Status | Length   | Loop                          | Loop Location                                                                                                        | Resolution | Problem                                                                                                |
+----------------+----------+----------------------------------------------------------------------------------------------------------------------+-----------+--------------+----------+-------------------------------+----------------------------------------------------------------------------------------------------------------------+------------+--------------------------------------------------------------------------------------------------------+
| m_axi_mm_video | dstImg   | C:/TFG_Vivado/vivado/axu2cga_trd.runs/design_1_v_frmbuf_wr_1_0_synth_1/prj/sol/.autopilot/db/v_frmbuf_wr.cpp:1603:31 | write     | Widen Fail   |          | VITIS_LOOP_1599_1             | C:/TFG_Vivado/vivado/axu2cga_trd.runs/design_1_v_frmbuf_wr_1_0_synth_1/prj/sol/.autopilot/db/v_frmbuf_wr.cpp:1599:28 | 214-353    | Could not widen since type i128 size is greater than or equal to the max_widen_bitwidth threshold of 0 |
| m_axi_mm_video | dstImg   | C:/TFG_Vivado/vivado/axu2cga_trd.runs/design_1_v_frmbuf_wr_1_0_synth_1/prj/sol/.autopilot/db/v_frmbuf_wr.cpp:1603:31 | write     | Fail         |          | loop_Bytes2AXIMMvideo_2planes | C:/TFG_Vivado/vivado/axu2cga_trd.runs/design_1_v_frmbuf_wr_1_0_synth_1/prj/sol/.autopilot/db/v_frmbuf_wr.cpp:1594:5  | 214-230    | Stride is incompatible                                                                                 |
| m_axi_mm_video | dstImg   | C:/TFG_Vivado/vivado/axu2cga_trd.runs/design_1_v_frmbuf_wr_1_0_synth_1/prj/sol/.autopilot/db/v_frmbuf_wr.cpp:1603:31 | write     | Inferred     | variable | VITIS_LOOP_1599_1             | C:/TFG_Vivado/vivado/axu2cga_trd.runs/design_1_v_frmbuf_wr_1_0_synth_1/prj/sol/.autopilot/db/v_frmbuf_wr.cpp:1599:28 |            |                                                                                                        |
| m_axi_mm_video | dstImg2  | C:/TFG_Vivado/vivado/axu2cga_trd.runs/design_1_v_frmbuf_wr_1_0_synth_1/prj/sol/.autopilot/db/v_frmbuf_wr.cpp:1615:37 | write     | Widen Fail   |          | VITIS_LOOP_1609_2             | C:/TFG_Vivado/vivado/axu2cga_trd.runs/design_1_v_frmbuf_wr_1_0_synth_1/prj/sol/.autopilot/db/v_frmbuf_wr.cpp:1609:32 | 214-353    | Could not widen since type i128 size is greater than or equal to the max_widen_bitwidth threshold of 0 |
| m_axi_mm_video | dstImg2  | C:/TFG_Vivado/vivado/axu2cga_trd.runs/design_1_v_frmbuf_wr_1_0_synth_1/prj/sol/.autopilot/db/v_frmbuf_wr.cpp:1615:37 | write     | Fail         |          | loop_Bytes2AXIMMvideo_2planes | C:/TFG_Vivado/vivado/axu2cga_trd.runs/design_1_v_frmbuf_wr_1_0_synth_1/prj/sol/.autopilot/db/v_frmbuf_wr.cpp:1594:5  | 214-232    | Access call is in the conditional branch                                                               |
| m_axi_mm_video | dstImg2  | C:/TFG_Vivado/vivado/axu2cga_trd.runs/design_1_v_frmbuf_wr_1_0_synth_1/prj/sol/.autopilot/db/v_frmbuf_wr.cpp:1615:37 | write     | Inferred     | variable | VITIS_LOOP_1609_2             | C:/TFG_Vivado/vivado/axu2cga_trd.runs/design_1_v_frmbuf_wr_1_0_synth_1/prj/sol/.autopilot/db/v_frmbuf_wr.cpp:1609:32 |            |                                                                                                        |
+----------------+----------+----------------------------------------------------------------------------------------------------------------------+-----------+--------------+----------+-------------------------------+----------------------------------------------------------------------------------------------------------------------+------------+--------------------------------------------------------------------------------------------------------+

    * Resolution URL: docs.amd.com/access/sources/dita/topic?Doc_Version=2025.2%20English&url=ug1448-hls-guidance&resourceid=XXX-YYY.html (replace XXX-YYY with column value)

================================================================
== Bind Op Report
================================================================
+-------------------------------------------------------+-----+--------+----------------+-----------+-------------------------+---------+
| Name                                                  | DSP | Pragma | Variable       | Op        | Impl                    | Latency |
+-------------------------------------------------------+-----+--------+----------------+-----------+-------------------------+---------+
| + v_frmbuf_wr                                         | 1   |        |                |           |                         |         |
|   mul_14s_3ns_14_1_1_U179                             |     |        | WidthInBytes   | mul       | auto                    | 0       |
|  + FrmbufWrHlsDataFlow                                | 1   |        |                |           |                         |         |
|   + AXIvideo2MultiPixStream                           | 0   |        |                |           |                         |         |
|     icmp_ln326_fu_288_p2                              |     |        | icmp_ln326     | setne     | auto                    | 0       |
|     xor_ln407_fu_294_p2                               |     |        | xor_ln407      | xor       | auto                    | 0       |
|     icmp_ln322_fu_303_p2                              |     |        | icmp_ln322     | seteq     | auto                    | 0       |
|     i_2_fu_308_p2                                     |     |        | i_2            | add       | fabric                  | 0       |
|     and_ln407_fu_374_p2                               |     |        | and_ln407      | and       | auto                    | 0       |
|     and_ln407_1_fu_318_p2                             |     |        | and_ln407_1    | and       | auto                    | 0       |
|    + AXIvideo2MultiPixStream_Pipeline_loop_width      | 0   |        |                |           |                         |         |
|      icmp_ln361_fu_221_p2                             |     |        | icmp_ln361     | seteq     | auto                    | 0       |
|      icmp_ln326_fu_245_p2                             |     |        | icmp_ln326     | seteq     | auto                    | 0       |
|      j_2_fu_251_p2                                    |     |        | j_2            | add       | fabric                  | 0       |
|      or_ln330_fu_262_p2                               |     |        | or_ln330       | or        | auto                    | 0       |
|      select_ln361_fu_304_p3                           |     |        | select_ln361   | select    | auto_sel                | 0       |
|      select_ln361_1_fu_319_p3                         |     |        | select_ln361_1 | select    | auto_sel                | 0       |
|      select_ln361_2_fu_326_p3                         |     |        | select_ln361_2 | select    | auto_sel                | 0       |
|      sparsemux_5_8_8_1_1_U11                          |     |        | tmp_1          | sparsemux | compactencoding_realdef | 0       |
|      icmp_ln361_1_fu_372_p2                           |     |        | icmp_ln361_1   | seteq     | auto                    | 0       |
|      empty_fu_377_p3                                  |     |        | empty          | select    | auto_sel                | 0       |
|      empty_210_fu_385_p3                              |     |        | empty_210      | select    | auto_sel                | 0       |
|   + MultiPixStream2Bytes                              | 1   |        |                |           |                         |         |
|     grp_fu_420_p2                                     |     |        | add_ln1072     | add       | fabric                  | 0       |
|     add_ln1073_fu_519_p2                              |     |        | add_ln1073     | add       | fabric                  | 0       |
|     mul_10ns_12ns_21_1_1_U132                         | 1   |        | mul_ln1073     | mul       | auto                    | 0       |
|     icmp_ln1077_fu_529_p2                             |     |        | icmp_ln1077    | seteq     | auto                    | 0       |
|     remainPix_6_fu_833_p3                             |     |        | remainPix_6    | select    | auto_sel                | 0       |
|     remainTrx_fu_840_p3                               |     |        | remainTrx      | select    | auto_sel                | 0       |
|     add_ln1095_fu_846_p2                              |     |        | add_ln1095     | add       | fabric                  | 0       |
|     icmp_ln1095_fu_852_p2                             |     |        | icmp_ln1095    | setne     | auto                    | 0       |
|     icmp_ln1095_3_fu_868_p2                           |     |        | icmp_ln1095_3  | setne     | auto                    | 0       |
|     icmp_ln1095_2_fu_874_p2                           |     |        | icmp_ln1095_2  | setgt     | auto                    | 0       |
|     icmp_ln1095_7_fu_890_p2                           |     |        | icmp_ln1095_7  | setne     | auto                    | 0       |
|     icmp_ln1095_4_fu_896_p2                           |     |        | icmp_ln1095_4  | setgt     | auto                    | 0       |
|     icmp_ln1095_5_fu_902_p2                           |     |        | icmp_ln1095_5  | setgt     | auto                    | 0       |
|     icmp_ln1095_6_fu_908_p2                           |     |        | icmp_ln1095_6  | setgt     | auto                    | 0       |
|     icmp_ln1110_fu_922_p2                             |     |        | icmp_ln1110    | seteq     | auto                    | 0       |
|     icmp_ln1086_fu_931_p2                             |     |        | icmp_ln1086    | seteq     | auto                    | 0       |
|     y_11_fu_936_p2                                    |     |        | y_11           | add       | fabric                  | 0       |
|     grp_fu_420_p2                                     |     |        | add_ln888      | add       | fabric                  | 0       |
|     icmp_ln892_fu_600_p2                              |     |        | icmp_ln892     | seteq     | auto                    | 0       |
|     remainPix_5_fu_610_p3                             |     |        | remainPix_5    | select    | auto_sel                | 0       |
|     add_ln909_fu_618_p2                               |     |        | add_ln909      | add       | fabric                  | 0       |
|     icmp_ln909_fu_624_p2                              |     |        | icmp_ln909     | setne     | auto                    | 0       |
|     icmp_ln909_3_fu_640_p2                            |     |        | icmp_ln909_3   | setne     | auto                    | 0       |
|     icmp_ln909_2_fu_646_p2                            |     |        | icmp_ln909_2   | setgt     | auto                    | 0       |
|     icmp_ln909_7_fu_662_p2                            |     |        | icmp_ln909_7   | setne     | auto                    | 0       |
|     icmp_ln909_4_fu_668_p2                            |     |        | icmp_ln909_4   | setgt     | auto                    | 0       |
|     icmp_ln909_5_fu_674_p2                            |     |        | icmp_ln909_5   | setgt     | auto                    | 0       |
|     icmp_ln909_6_fu_680_p2                            |     |        | icmp_ln909_6   | setgt     | auto                    | 0       |
|     icmp_ln900_fu_968_p2                              |     |        | icmp_ln900     | seteq     | auto                    | 0       |
|     y_9_fu_973_p2                                     |     |        | y_9            | add       | fabric                  | 0       |
|     grp_fu_420_p2                                     |     |        | add_ln847      | add       | fabric                  | 0       |
|     grp_fu_446_p2                                     |     |        | icmp_ln851     | seteq     | auto                    | 0       |
|     remainPix_3_fu_699_p3                             |     |        | remainPix_3    | select    | auto_sel                | 0       |
|     add_ln868_fu_707_p2                               |     |        | add_ln868      | add       | fabric                  | 0       |
|     icmp_ln868_fu_713_p2                              |     |        | icmp_ln868     | setne     | auto                    | 0       |
|     icmp_ln868_3_fu_729_p2                            |     |        | icmp_ln868_3   | setne     | auto                    | 0       |
|     icmp_ln868_2_fu_735_p2                            |     |        | icmp_ln868_2   | setgt     | auto                    | 0       |
|     icmp_ln859_fu_1003_p2                             |     |        | icmp_ln859     | seteq     | auto                    | 0       |
|     y_7_fu_1008_p2                                    |     |        | y_7            | add       | fabric                  | 0       |
|     grp_fu_420_p2                                     |     |        | add_ln805      | add       | fabric                  | 0       |
|     grp_fu_446_p2                                     |     |        | icmp_ln809     | seteq     | auto                    | 0       |
|     remainPix_1_fu_754_p3                             |     |        | remainPix_1    | select    | auto_sel                | 0       |
|     add_ln826_fu_762_p2                               |     |        | add_ln826      | add       | fabric                  | 0       |
|     icmp_ln826_fu_768_p2                              |     |        | icmp_ln826     | setne     | auto                    | 0       |
|     icmp_ln826_3_fu_784_p2                            |     |        | icmp_ln826_3   | setne     | auto                    | 0       |
|     icmp_ln826_2_fu_790_p2                            |     |        | icmp_ln826_2   | setgt     | auto                    | 0       |
|     icmp_ln817_fu_1034_p2                             |     |        | icmp_ln817     | seteq     | auto                    | 0       |
|     y_5_fu_1039_p2                                    |     |        | y_5            | add       | fabric                  | 0       |
|    + MultiPixStream2Bytes_Pipeline_VITIS_LOOP_1090_11 | 0   |        |                |           |                         |         |
|      icmp_ln1090_fu_927_p2                            |     |        | icmp_ln1090    | setlt     | auto                    | 0       |
|      x_6_fu_933_p2                                    |     |        | x_6            | add       | fabric                  | 0       |
|      icmp_ln1095_1_fu_939_p2                          |     |        | icmp_ln1095_1  | setlt     | auto                    | 0       |
|      or_ln1095_fu_945_p2                              |     |        | or_ln1095      | or        | auto                    | 0       |
|      or_ln1095_1_fu_951_p2                            |     |        | or_ln1095_1    | or        | auto                    | 0       |
|      or_ln1095_2_fu_957_p2                            |     |        | or_ln1095_2    | or        | auto                    | 0       |
|      or_ln1095_3_fu_1014_p2                           |     |        | or_ln1095_3    | or        | auto                    | 0       |
|      or_ln1095_4_fu_1023_p2                           |     |        | or_ln1095_4    | or        | auto                    | 0       |
|      or_ln1095_5_fu_1027_p2                           |     |        | or_ln1095_5    | or        | auto                    | 0       |
|      or_ln1095_6_fu_1031_p2                           |     |        | or_ln1095_6    | or        | auto                    | 0       |
|      or_ln1095_7_fu_1035_p2                           |     |        | or_ln1095_7    | or        | auto                    | 0       |
|      or_ln1110_fu_963_p2                              |     |        | or_ln1110      | or        | auto                    | 0       |
|      or_ln1110_1_fu_969_p2                            |     |        | or_ln1110_1    | or        | auto                    | 0       |
|    + MultiPixStream2Bytes_Pipeline_VITIS_LOOP_904_8   | 0   |        |                |           |                         |         |
|      icmp_ln904_fu_688_p2                             |     |        | icmp_ln904     | seteq     | auto                    | 0       |
|      x_2_fu_694_p2                                    |     |        | x_2            | add       | fabric                  | 0       |
|      icmp_ln909_1_fu_704_p2                           |     |        | icmp_ln909_1   | setlt     | auto                    | 0       |
|      or_ln909_fu_710_p2                               |     |        | or_ln909       | or        | auto                    | 0       |
|      or_ln909_1_fu_716_p2                             |     |        | or_ln909_1     | or        | auto                    | 0       |
|      or_ln909_2_fu_722_p2                             |     |        | or_ln909_2     | or        | auto                    | 0       |
|      or_ln909_3_fu_771_p2                             |     |        | or_ln909_3     | or        | auto                    | 0       |
|      or_ln909_4_fu_780_p2                             |     |        | or_ln909_4     | or        | auto                    | 0       |
|      or_ln909_5_fu_784_p2                             |     |        | or_ln909_5     | or        | auto                    | 0       |
|      or_ln909_6_fu_788_p2                             |     |        | or_ln909_6     | or        | auto                    | 0       |
|      or_ln909_7_fu_792_p2                             |     |        | or_ln909_7     | or        | auto                    | 0       |
|      icmp_ln925_fu_728_p2                             |     |        | icmp_ln925     | seteq     | auto                    | 0       |
|      and_ln925_fu_734_p2                              |     |        | and_ln925      | and       | auto                    | 0       |
|    + MultiPixStream2Bytes_Pipeline_VITIS_LOOP_863_5   | 0   |        |                |           |                         |         |
|      icmp_ln863_fu_435_p2                             |     |        | icmp_ln863     | seteq     | auto                    | 0       |
|      x_3_fu_441_p2                                    |     |        | x_3            | add       | fabric                  | 0       |
|      icmp_ln868_1_fu_451_p2                           |     |        | icmp_ln868_1   | setlt     | auto                    | 0       |
|      or_ln868_fu_457_p2                               |     |        | or_ln868       | or        | auto                    | 0       |
|      or_ln868_1_fu_463_p2                             |     |        | or_ln868_1     | or        | auto                    | 0       |
|      or_ln868_2_fu_469_p2                             |     |        | or_ln868_2     | or        | auto                    | 0       |
|      or_ln868_3_fu_475_p2                             |     |        | or_ln868_3     | or        | auto                    | 0       |
|    + MultiPixStream2Bytes_Pipeline_VITIS_LOOP_821_1   | 0   |        |                |           |                         |         |
|      icmp_ln821_fu_435_p2                             |     |        | icmp_ln821     | seteq     | auto                    | 0       |
|      x_5_fu_441_p2                                    |     |        | x_5            | add       | fabric                  | 0       |
|      icmp_ln826_1_fu_451_p2                           |     |        | icmp_ln826_1   | setlt     | auto                    | 0       |
|      or_ln826_fu_457_p2                               |     |        | or_ln826       | or        | auto                    | 0       |
|      or_ln826_1_fu_463_p2                             |     |        | or_ln826_1     | or        | auto                    | 0       |
|      or_ln826_2_fu_469_p2                             |     |        | or_ln826_2     | or        | auto                    | 0       |
|      or_ln826_3_fu_475_p2                             |     |        | or_ln826_3     | or        | auto                    | 0       |
|   + Bytes2AXIMMvideo                                  | 0   |        |                |           |                         |         |
|     add_ln1589_fu_251_p2                              |     |        | add_ln1589     | add       | fabric                  | 0       |
|     icmp_ln1607_fu_285_p2                             |     |        | icmp_ln1607    | seteq     | auto                    | 0       |
|     icmp_ln1607_1_fu_291_p2                           |     |        | icmp_ln1607_1  | seteq     | auto                    | 0       |
|     add_ln1607_fu_297_p2                              |     |        | add_ln1607     | add       | fabric                  | 0       |
|     icmp_ln1607_2_fu_351_p2                           |     |        | icmp_ln1607_2  | seteq     | auto                    | 0       |
|     icmp_ln1607_3_fu_357_p2                           |     |        | icmp_ln1607_3  | seteq     | auto                    | 0       |
|     or_ln1607_fu_363_p2                               |     |        | or_ln1607      | or        | auto                    | 0       |
|     or_ln1607_2_fu_369_p2                             |     |        | or_ln1607_2    | or        | auto                    | 0       |
|     or_ln1607_3_fu_375_p2                             |     |        | or_ln1607_3    | or        | auto                    | 0       |
|     icmp_ln1607_4_fu_395_p2                           |     |        | icmp_ln1607_4  | setne     | auto                    | 0       |
|     and_ln1607_fu_401_p2                              |     |        | and_ln1607     | and       | auto                    | 0       |
|     icmp_ln1594_fu_425_p2                             |     |        | icmp_ln1594    | seteq     | auto                    | 0       |
|     y_13_fu_430_p2                                    |     |        | y_13           | add       | fabric                  | 0       |
|     add_ln1599_fu_455_p2                              |     |        | add_ln1599     | add       | fabric                  | 0       |
|     add_ln1605_fu_470_p2                              |     |        | add_ln1605     | add       | fabric                  | 0       |
|     empty_198_fu_485_p2                               |     |        | empty_198      | seteq     | auto                    | 0       |
|     empty_199_fu_490_p2                               |     |        | empty_199      | or        | auto                    | 0       |
|     empty_200_fu_495_p2                               |     |        | empty_200      | seteq     | auto                    | 0       |
|     empty_201_fu_500_p2                               |     |        | empty_201      | or        | auto                    | 0       |
|     empty_202_fu_506_p2                               |     |        | empty_202      | seteq     | auto                    | 0       |
|     empty_203_fu_511_p2                               |     |        | empty_203      | or        | auto                    | 0       |
|     empty_204_fu_517_p2                               |     |        | empty_204      | seteq     | auto                    | 0       |
|     empty_205_fu_522_p2                               |     |        | empty_205      | or        | auto                    | 0       |
|     empty_206_fu_528_p2                               |     |        | empty_206      | seteq     | auto                    | 0       |
|     empty_207_fu_533_p2                               |     |        | empty_207      | or        | auto                    | 0       |
|     add_ln1609_fu_548_p2                              |     |        | add_ln1609     | add       | fabric                  | 0       |
|     offsetUV_1_fu_563_p2                              |     |        | offsetUV_1     | add       | fabric                  | 0       |
|    + Bytes2AXIMMvideo_Pipeline_VITIS_LOOP_1599_1      | 0   |        |                |           |                         |         |
|      icmp_ln1599_fu_112_p2                            |     |        | icmp_ln1599    | seteq     | auto                    | 0       |
|      add_ln1599_fu_118_p2                             |     |        | add_ln1599     | add       | fabric                  | 0       |
|    + Bytes2AXIMMvideo_Pipeline_VITIS_LOOP_1609_2      | 0   |        |                |           |                         |         |
|      icmp_ln1609_fu_112_p2                            |     |        | icmp_ln1609    | seteq     | auto                    | 0       |
|      add_ln1609_fu_118_p2                             |     |        | add_ln1609     | add       | fabric                  | 0       |
+-------------------------------------------------------+-----+--------+----------------+-----------+-------------------------+---------+


================================================================
== Storage Report
================================================================
+------------------------+--------------+-----------+------+------+--------+-------------------+------+---------+------------------+
| Name                   | Usage        | Type      | BRAM | URAM | Pragma | Variable          | Impl | Latency | Bitwidth, Depth, |
|                        |              |           |      |      |        |                   |      |         | Banks            |
+------------------------+--------------+-----------+------+------+--------+-------------------+------+---------+------------------+
| + v_frmbuf_wr          |              |           | 16   | 0    |        |                   |      |         |                  |
|   CTRL_s_axi_U         | interface    | s_axilite |      |      |        |                   |      |         |                  |
|   mm_video_m_axi_U     | interface    | m_axi     |      |      |        |                   |      |         |                  |
|   BYTES_PER_PIXEL_U    | rom_1p       |           |      |      |        | BYTES_PER_PIXEL   | auto | 1       | 3, 45, 1         |
|   MEMORY2LIVE_U        | rom_1p       |           |      |      |        | MEMORY2LIVE       | auto | 1       | 3, 45, 1         |
|  + FrmbufWrHlsDataFlow |              |           | 16   | 0    |        |                   |      |         |                  |
|    img_U               | fifo channel | stream    |      |      |        | img               | srl  | 0       | 48, 2, 1         |
|    bytePlanes_plane0_U | fifo channel | stream    | 8    |      |        | bytePlanes_plane0 | bram | 0       | 128, 241, 1      |
|    bytePlanes_plane1_U | fifo channel | stream    | 8    |      |        | bytePlanes_plane1 | bram | 0       | 128, 241, 1      |
+------------------------+--------------+-----------+------+------+--------+-------------------+------+---------+------------------+


================================================================
== Pragma Report
================================================================
* Valid Pragma Syntax
+----------------------+---------------------------------------------------------------------------------------------------------------------------------------------------------------------------+------------------------------------------------------------------------------------------------------------------------------------------------------------------+
| Type                 | Options                                                                                                                                                                   | Location                                                                                                                                                         |
+----------------------+---------------------------------------------------------------------------------------------------------------------------------------------------------------------------+------------------------------------------------------------------------------------------------------------------------------------------------------------------+
| INLINE               |                                                                                                                                                                           | in axigetbitfields (../../axu2cga_trd.gen/sources_1/bd/design_1/ip/design_1_v_frmbuf_wr_1_0/src/hls/hls_axi_io.h:61)                                             |
| INLINE               |                                                                                                                                                                           | in axigetbitfields (../../axu2cga_trd.gen/sources_1/bd/design_1/ip/design_1_v_frmbuf_wr_1_0/src/hls/hls_axi_io.h:68)                                             |
| INLINE               |                                                                                                                                                                           | in axigetbitfields (../../axu2cga_trd.gen/sources_1/bd/design_1/ip/design_1_v_frmbuf_wr_1_0/src/hls/hls_axi_io.h:76)                                             |
| INLINE               |                                                                                                                                                                           | in axigetbitfields (../../axu2cga_trd.gen/sources_1/bd/design_1/ip/design_1_v_frmbuf_wr_1_0/src/hls/hls_axi_io.h:84)                                             |
| INLINE               |                                                                                                                                                                           | in axisetbitfields (../../axu2cga_trd.gen/sources_1/bd/design_1/ip/design_1_v_frmbuf_wr_1_0/src/hls/hls_axi_io.h:90)                                             |
| INLINE               |                                                                                                                                                                           | in axisetbitfields (../../axu2cga_trd.gen/sources_1/bd/design_1/ip/design_1_v_frmbuf_wr_1_0/src/hls/hls_axi_io.h:97)                                             |
| INLINE               |                                                                                                                                                                           | in axisetbitfields (../../axu2cga_trd.gen/sources_1/bd/design_1/ip/design_1_v_frmbuf_wr_1_0/src/hls/hls_axi_io.h:105)                                            |
| INLINE               |                                                                                                                                                                           | in axisetbitfields (../../axu2cga_trd.gen/sources_1/bd/design_1/ip/design_1_v_frmbuf_wr_1_0/src/hls/hls_axi_io.h:113)                                            |
| INLINE               |                                                                                                                                                                           | in apply (../../axu2cga_trd.gen/sources_1/bd/design_1/ip/design_1_v_frmbuf_wr_1_0/src/hls/hls_video_arithm.h:131)                                                |
| INLINE               |                                                                                                                                                                           | in apply (../../axu2cga_trd.gen/sources_1/bd/design_1/ip/design_1_v_frmbuf_wr_1_0/src/hls/hls_video_arithm.h:145)                                                |
| INLINE               |                                                                                                                                                                           | in apply (../../axu2cga_trd.gen/sources_1/bd/design_1/ip/design_1_v_frmbuf_wr_1_0/src/hls/hls_video_arithm.h:159)                                                |
| INLINE               |                                                                                                                                                                           | in kernel_and_apply (../../axu2cga_trd.gen/sources_1/bd/design_1/ip/design_1_v_frmbuf_wr_1_0/src/hls/hls_video_arithm.h:171)                                     |
| INLINE               |                                                                                                                                                                           | in kernel_and_apply (../../axu2cga_trd.gen/sources_1/bd/design_1/ip/design_1_v_frmbuf_wr_1_0/src/hls/hls_video_arithm.h:177)                                     |
| INLINE               |                                                                                                                                                                           | in apply (../../axu2cga_trd.gen/sources_1/bd/design_1/ip/design_1_v_frmbuf_wr_1_0/src/hls/hls_video_arithm.h:189)                                                |
| INLINE               |                                                                                                                                                                           | in apply (../../axu2cga_trd.gen/sources_1/bd/design_1/ip/design_1_v_frmbuf_wr_1_0/src/hls/hls_video_arithm.h:198)                                                |
| INLINE               |                                                                                                                                                                           | in apply (../../axu2cga_trd.gen/sources_1/bd/design_1/ip/design_1_v_frmbuf_wr_1_0/src/hls/hls_video_arithm.h:207)                                                |
| INLINE               |                                                                                                                                                                           | in apply (../../axu2cga_trd.gen/sources_1/bd/design_1/ip/design_1_v_frmbuf_wr_1_0/src/hls/hls_video_arithm.h:216)                                                |
| INLINE               |                                                                                                                                                                           | in apply (../../axu2cga_trd.gen/sources_1/bd/design_1/ip/design_1_v_frmbuf_wr_1_0/src/hls/hls_video_arithm.h:230)                                                |
| INLINE               |                                                                                                                                                                           | in apply (../../axu2cga_trd.gen/sources_1/bd/design_1/ip/design_1_v_frmbuf_wr_1_0/src/hls/hls_video_arithm.h:241)                                                |
| INLINE               |                                                                                                                                                                           | in apply (../../axu2cga_trd.gen/sources_1/bd/design_1/ip/design_1_v_frmbuf_wr_1_0/src/hls/hls_video_arithm.h:252)                                                |
| INLINE               |                                                                                                                                                                           | in apply (../../axu2cga_trd.gen/sources_1/bd/design_1/ip/design_1_v_frmbuf_wr_1_0/src/hls/hls_video_arithm.h:263)                                                |
| INLINE               |                                                                                                                                                                           | in apply (../../axu2cga_trd.gen/sources_1/bd/design_1/ip/design_1_v_frmbuf_wr_1_0/src/hls/hls_video_arithm.h:276)                                                |
| INLINE               |                                                                                                                                                                           | in apply (../../axu2cga_trd.gen/sources_1/bd/design_1/ip/design_1_v_frmbuf_wr_1_0/src/hls/hls_video_arithm.h:288)                                                |
| INLINE               |                                                                                                                                                                           | in apply (../../axu2cga_trd.gen/sources_1/bd/design_1/ip/design_1_v_frmbuf_wr_1_0/src/hls/hls_video_arithm.h:304)                                                |
| INLINE               |                                                                                                                                                                           | in apply (../../axu2cga_trd.gen/sources_1/bd/design_1/ip/design_1_v_frmbuf_wr_1_0/src/hls/hls_video_arithm.h:334)                                                |
| INLINE               |                                                                                                                                                                           | in apply (../../axu2cga_trd.gen/sources_1/bd/design_1/ip/design_1_v_frmbuf_wr_1_0/src/hls/hls_video_arithm.h:343)                                                |
| LOOP_FLATTEN         | off                                                                                                                                                                       | in arithm_pro (../../axu2cga_trd.gen/sources_1/bd/design_1/ip/design_1_v_frmbuf_wr_1_0/src/hls/hls_video_arithm.h:370)                                           |
| PIPELINE             | ii=1                                                                                                                                                                      | in arithm_pro (../../axu2cga_trd.gen/sources_1/bd/design_1/ip/design_1_v_frmbuf_wr_1_0/src/hls/hls_video_arithm.h:371)                                           |
| LOOP_FLATTEN         | off                                                                                                                                                                       | in arithm_pro (../../axu2cga_trd.gen/sources_1/bd/design_1/ip/design_1_v_frmbuf_wr_1_0/src/hls/hls_video_arithm.h:402)                                           |
| PIPELINE             | ii=1                                                                                                                                                                      | in arithm_pro (../../axu2cga_trd.gen/sources_1/bd/design_1/ip/design_1_v_frmbuf_wr_1_0/src/hls/hls_video_arithm.h:403)                                           |
| LOOP_FLATTEN         | off                                                                                                                                                                       | in arithm_pro (../../axu2cga_trd.gen/sources_1/bd/design_1/ip/design_1_v_frmbuf_wr_1_0/src/hls/hls_video_arithm.h:442)                                           |
| PIPELINE             | ii=1                                                                                                                                                                      | in arithm_pro (../../axu2cga_trd.gen/sources_1/bd/design_1/ip/design_1_v_frmbuf_wr_1_0/src/hls/hls_video_arithm.h:443)                                           |
| LOOP_FLATTEN         | off                                                                                                                                                                       | in arithm_pro (../../axu2cga_trd.gen/sources_1/bd/design_1/ip/design_1_v_frmbuf_wr_1_0/src/hls/hls_video_arithm.h:474)                                           |
| PIPELINE             | ii=1                                                                                                                                                                      | in arithm_pro (../../axu2cga_trd.gen/sources_1/bd/design_1/ip/design_1_v_frmbuf_wr_1_0/src/hls/hls_video_arithm.h:475)                                           |
| LOOP_FLATTEN         | off                                                                                                                                                                       | in arithm_pro (../../axu2cga_trd.gen/sources_1/bd/design_1/ip/design_1_v_frmbuf_wr_1_0/src/hls/hls_video_arithm.h:506)                                           |
| PIPELINE             | ii=1                                                                                                                                                                      | in arithm_pro (../../axu2cga_trd.gen/sources_1/bd/design_1/ip/design_1_v_frmbuf_wr_1_0/src/hls/hls_video_arithm.h:507)                                           |
| UNROLL               |                                                                                                                                                                           | in arithm_pro (../../axu2cga_trd.gen/sources_1/bd/design_1/ip/design_1_v_frmbuf_wr_1_0/src/hls/hls_video_arithm.h:538)                                           |
| LOOP_FLATTEN         | off                                                                                                                                                                       | in arithm_pro (../../axu2cga_trd.gen/sources_1/bd/design_1/ip/design_1_v_frmbuf_wr_1_0/src/hls/hls_video_arithm.h:545)                                           |
| PIPELINE             | ii=1                                                                                                                                                                      | in arithm_pro (../../axu2cga_trd.gen/sources_1/bd/design_1/ip/design_1_v_frmbuf_wr_1_0/src/hls/hls_video_arithm.h:546)                                           |
| UNROLL               |                                                                                                                                                                           | in arithm_pro (../../axu2cga_trd.gen/sources_1/bd/design_1/ip/design_1_v_frmbuf_wr_1_0/src/hls/hls_video_arithm.h:570)                                           |
| LOOP_FLATTEN         | off                                                                                                                                                                       | in arithm_pro (../../axu2cga_trd.gen/sources_1/bd/design_1/ip/design_1_v_frmbuf_wr_1_0/src/hls/hls_video_arithm.h:579)                                           |
| PIPELINE             | ii=1                                                                                                                                                                      | in arithm_pro (../../axu2cga_trd.gen/sources_1/bd/design_1/ip/design_1_v_frmbuf_wr_1_0/src/hls/hls_video_arithm.h:580)                                           |
| ARRAY_PARTITION      | variable=dst_buffer complete dim=1                                                                                                                                        | in reduce_opr (../../axu2cga_trd.gen/sources_1/bd/design_1/ip/design_1_v_frmbuf_wr_1_0/src/hls/hls_video_arithm.h:602)                                           |
| ARRAY_PARTITION      | variable=dst_buffer complete dim=2                                                                                                                                        | in reduce_opr (../../axu2cga_trd.gen/sources_1/bd/design_1/ip/design_1_v_frmbuf_wr_1_0/src/hls/hls_video_arithm.h:603)                                           |
| UNROLL               |                                                                                                                                                                           | in reduce_opr (../../axu2cga_trd.gen/sources_1/bd/design_1/ip/design_1_v_frmbuf_wr_1_0/src/hls/hls_video_arithm.h:610)                                           |
| LOOP_FLATTEN         | off                                                                                                                                                                       | in reduce_opr (../../axu2cga_trd.gen/sources_1/bd/design_1/ip/design_1_v_frmbuf_wr_1_0/src/hls/hls_video_arithm.h:615)                                           |
| PIPELINE             | ii=1                                                                                                                                                                      | in reduce_opr (../../axu2cga_trd.gen/sources_1/bd/design_1/ip/design_1_v_frmbuf_wr_1_0/src/hls/hls_video_arithm.h:616)                                           |
| UNROLL               |                                                                                                                                                                           | in mins (../../axu2cga_trd.gen/sources_1/bd/design_1/ip/design_1_v_frmbuf_wr_1_0/src/hls/hls_video_arithm.h:719)                                                 |
| UNROLL               |                                                                                                                                                                           | in maxs (../../axu2cga_trd.gen/sources_1/bd/design_1/ip/design_1_v_frmbuf_wr_1_0/src/hls/hls_video_arithm.h:739)                                                 |
| UNROLL               |                                                                                                                                                                           | in zero (../../axu2cga_trd.gen/sources_1/bd/design_1/ip/design_1_v_frmbuf_wr_1_0/src/hls/hls_video_arithm.h:943)                                                 |
| UNROLL               |                                                                                                                                                                           | in zero (../../axu2cga_trd.gen/sources_1/bd/design_1/ip/design_1_v_frmbuf_wr_1_0/src/hls/hls_video_arithm.h:955)                                                 |
| UNROLL               |                                                                                                                                                                           | in cmps (../../axu2cga_trd.gen/sources_1/bd/design_1/ip/design_1_v_frmbuf_wr_1_0/src/hls/hls_video_arithm.h:1026)                                                |
| LOOP_FLATTEN         | off                                                                                                                                                                       | in range (../../axu2cga_trd.gen/sources_1/bd/design_1/ip/design_1_v_frmbuf_wr_1_0/src/hls/hls_video_arithm.h:1102)                                               |
| PIPELINE             | ii=1                                                                                                                                                                      | in range (../../axu2cga_trd.gen/sources_1/bd/design_1/ip/design_1_v_frmbuf_wr_1_0/src/hls/hls_video_arithm.h:1103)                                               |
| UNROLL               |                                                                                                                                                                           | in sum (../../axu2cga_trd.gen/sources_1/bd/design_1/ip/design_1_v_frmbuf_wr_1_0/src/hls/hls_video_arithm.h:1122)                                                 |
| UNROLL               |                                                                                                                                                                           | in avg (../../axu2cga_trd.gen/sources_1/bd/design_1/ip/design_1_v_frmbuf_wr_1_0/src/hls/hls_video_arithm.h:1138)                                                 |
| UNROLL               |                                                                                                                                                                           | in avg (../../axu2cga_trd.gen/sources_1/bd/design_1/ip/design_1_v_frmbuf_wr_1_0/src/hls/hls_video_arithm.h:1156)                                                 |
| INLINE               |                                                                                                                                                                           | in get_max_min (../../axu2cga_trd.gen/sources_1/bd/design_1/ip/design_1_v_frmbuf_wr_1_0/src/hls/hls_video_arithm.h:1233)                                         |
| LOOP_FLATTEN         | off                                                                                                                                                                       | in get_max_min (../../axu2cga_trd.gen/sources_1/bd/design_1/ip/design_1_v_frmbuf_wr_1_0/src/hls/hls_video_arithm.h:1248)                                         |
| PIPELINE             | ii=1                                                                                                                                                                      | in get_max_min (../../axu2cga_trd.gen/sources_1/bd/design_1/ip/design_1_v_frmbuf_wr_1_0/src/hls/hls_video_arithm.h:1249)                                         |
| INLINE               |                                                                                                                                                                           | in get_max_min (../../axu2cga_trd.gen/sources_1/bd/design_1/ip/design_1_v_frmbuf_wr_1_0/src/hls/hls_video_arithm.h:1276)                                         |
| LOOP_FLATTEN         | off                                                                                                                                                                       | in get_max_min (../../axu2cga_trd.gen/sources_1/bd/design_1/ip/design_1_v_frmbuf_wr_1_0/src/hls/hls_video_arithm.h:1292)                                         |
| PIPELINE             | ii=1                                                                                                                                                                      | in get_max_min (../../axu2cga_trd.gen/sources_1/bd/design_1/ip/design_1_v_frmbuf_wr_1_0/src/hls/hls_video_arithm.h:1293)                                         |
| INLINE               |                                                                                                                                                                           | in get_max_min (../../axu2cga_trd.gen/sources_1/bd/design_1/ip/design_1_v_frmbuf_wr_1_0/src/hls/hls_video_arithm.h:1328)                                         |
| LOOP_FLATTEN         | off                                                                                                                                                                       | in get_max_min (../../axu2cga_trd.gen/sources_1/bd/design_1/ip/design_1_v_frmbuf_wr_1_0/src/hls/hls_video_arithm.h:1343)                                         |
| PIPELINE             | ii=1                                                                                                                                                                      | in get_max_min (../../axu2cga_trd.gen/sources_1/bd/design_1/ip/design_1_v_frmbuf_wr_1_0/src/hls/hls_video_arithm.h:1344)                                         |
| INLINE               |                                                                                                                                                                           | in get_max_min (../../axu2cga_trd.gen/sources_1/bd/design_1/ip/design_1_v_frmbuf_wr_1_0/src/hls/hls_video_arithm.h:1393)                                         |
| LOOP_FLATTEN         | off                                                                                                                                                                       | in get_max_min (../../axu2cga_trd.gen/sources_1/bd/design_1/ip/design_1_v_frmbuf_wr_1_0/src/hls/hls_video_arithm.h:1409)                                         |
| PIPELINE             | ii=1                                                                                                                                                                      | in get_max_min (../../axu2cga_trd.gen/sources_1/bd/design_1/ip/design_1_v_frmbuf_wr_1_0/src/hls/hls_video_arithm.h:1410)                                         |
| LOOP_FLATTEN         | off                                                                                                                                                                       | in threshold (../../axu2cga_trd.gen/sources_1/bd/design_1/ip/design_1_v_frmbuf_wr_1_0/src/hls/hls_video_arithm.h:1505)                                           |
| PIPELINE             | ii=1                                                                                                                                                                      | in threshold (../../axu2cga_trd.gen/sources_1/bd/design_1/ip/design_1_v_frmbuf_wr_1_0/src/hls/hls_video_arithm.h:1506)                                           |
| LOOP_FLATTEN         | off                                                                                                                                                                       | in consume (../../axu2cga_trd.gen/sources_1/bd/design_1/ip/design_1_v_frmbuf_wr_1_0/src/hls/hls_video_arithm.h:1546)                                             |
| PIPELINE             | ii=1                                                                                                                                                                      | in consume (../../axu2cga_trd.gen/sources_1/bd/design_1/ip/design_1_v_frmbuf_wr_1_0/src/hls/hls_video_arithm.h:1547)                                             |
| LOOP_FLATTEN         | off                                                                                                                                                                       | in duplicate (../../axu2cga_trd.gen/sources_1/bd/design_1/ip/design_1_v_frmbuf_wr_1_0/src/hls/hls_video_arithm.h:1573)                                           |
| PIPELINE             | ii=1                                                                                                                                                                      | in duplicate (../../axu2cga_trd.gen/sources_1/bd/design_1/ip/design_1_v_frmbuf_wr_1_0/src/hls/hls_video_arithm.h:1574)                                           |
| LOOP_FLATTEN         | off                                                                                                                                                                       | in split (../../axu2cga_trd.gen/sources_1/bd/design_1/ip/design_1_v_frmbuf_wr_1_0/src/hls/hls_video_arithm.h:1604)                                               |
| PIPELINE             | ii=1                                                                                                                                                                      | in split (../../axu2cga_trd.gen/sources_1/bd/design_1/ip/design_1_v_frmbuf_wr_1_0/src/hls/hls_video_arithm.h:1605)                                               |
| LOOP_FLATTEN         | off                                                                                                                                                                       | in split (../../axu2cga_trd.gen/sources_1/bd/design_1/ip/design_1_v_frmbuf_wr_1_0/src/hls/hls_video_arithm.h:1637)                                               |
| PIPELINE             | ii=1                                                                                                                                                                      | in split (../../axu2cga_trd.gen/sources_1/bd/design_1/ip/design_1_v_frmbuf_wr_1_0/src/hls/hls_video_arithm.h:1638)                                               |
| LOOP_FLATTEN         | off                                                                                                                                                                       | in split (../../axu2cga_trd.gen/sources_1/bd/design_1/ip/design_1_v_frmbuf_wr_1_0/src/hls/hls_video_arithm.h:1673)                                               |
| PIPELINE             | ii=1                                                                                                                                                                      | in split (../../axu2cga_trd.gen/sources_1/bd/design_1/ip/design_1_v_frmbuf_wr_1_0/src/hls/hls_video_arithm.h:1674)                                               |
| LOOP_FLATTEN         | off                                                                                                                                                                       | in merge (../../axu2cga_trd.gen/sources_1/bd/design_1/ip/design_1_v_frmbuf_wr_1_0/src/hls/hls_video_arithm.h:1706)                                               |
| PIPELINE             | ii=1                                                                                                                                                                      | in merge (../../axu2cga_trd.gen/sources_1/bd/design_1/ip/design_1_v_frmbuf_wr_1_0/src/hls/hls_video_arithm.h:1707)                                               |
| LOOP_FLATTEN         | off                                                                                                                                                                       | in merge (../../axu2cga_trd.gen/sources_1/bd/design_1/ip/design_1_v_frmbuf_wr_1_0/src/hls/hls_video_arithm.h:1739)                                               |
| PIPELINE             | ii=1                                                                                                                                                                      | in merge (../../axu2cga_trd.gen/sources_1/bd/design_1/ip/design_1_v_frmbuf_wr_1_0/src/hls/hls_video_arithm.h:1740)                                               |
| LOOP_FLATTEN         | off                                                                                                                                                                       | in merge (../../axu2cga_trd.gen/sources_1/bd/design_1/ip/design_1_v_frmbuf_wr_1_0/src/hls/hls_video_arithm.h:1775)                                               |
| PIPELINE             | ii=1                                                                                                                                                                      | in merge (../../axu2cga_trd.gen/sources_1/bd/design_1/ip/design_1_v_frmbuf_wr_1_0/src/hls/hls_video_arithm.h:1776)                                               |
| INLINE               |                                                                                                                                                                           | in scalar<n, t> (../../axu2cga_trd.gen/sources_1/bd/design_1/ip/design_1_v_frmbuf_wr_1_0/src/hls/hls_video_core.h:197)                                           |
| ARRAY_PARTITION      | variable=val dim=1 complete                                                                                                                                               | in scalar<n, t> (../../axu2cga_trd.gen/sources_1/bd/design_1/ip/design_1_v_frmbuf_wr_1_0/src/hls/hls_video_core.h:198)                                           |
| INLINE               |                                                                                                                                                                           | in scalar<n, t> (../../axu2cga_trd.gen/sources_1/bd/design_1/ip/design_1_v_frmbuf_wr_1_0/src/hls/hls_video_core.h:202)                                           |
| ARRAY_PARTITION      | variable=val dim=1 complete                                                                                                                                               | in scalar<n, t> (../../axu2cga_trd.gen/sources_1/bd/design_1/ip/design_1_v_frmbuf_wr_1_0/src/hls/hls_video_core.h:203)                                           |
| INLINE               |                                                                                                                                                                           | in scalar<n, t> (../../axu2cga_trd.gen/sources_1/bd/design_1/ip/design_1_v_frmbuf_wr_1_0/src/hls/hls_video_core.h:208)                                           |
| ARRAY_PARTITION      | variable=val dim=1 complete                                                                                                                                               | in scalar<n, t> (../../axu2cga_trd.gen/sources_1/bd/design_1/ip/design_1_v_frmbuf_wr_1_0/src/hls/hls_video_core.h:209)                                           |
| INLINE               |                                                                                                                                                                           | in scalar<n, t> (../../axu2cga_trd.gen/sources_1/bd/design_1/ip/design_1_v_frmbuf_wr_1_0/src/hls/hls_video_core.h:214)                                           |
| ARRAY_PARTITION      | variable=val dim=1 complete                                                                                                                                               | in scalar<n, t> (../../axu2cga_trd.gen/sources_1/bd/design_1/ip/design_1_v_frmbuf_wr_1_0/src/hls/hls_video_core.h:215)                                           |
| INLINE               |                                                                                                                                                                           | in scalar<n, t> (../../axu2cga_trd.gen/sources_1/bd/design_1/ip/design_1_v_frmbuf_wr_1_0/src/hls/hls_video_core.h:220)                                           |
| ARRAY_PARTITION      | variable=val dim=1 complete                                                                                                                                               | in scalar<n, t> (../../axu2cga_trd.gen/sources_1/bd/design_1/ip/design_1_v_frmbuf_wr_1_0/src/hls/hls_video_core.h:221)                                           |
| INLINE               |                                                                                                                                                                           | in operator= (../../axu2cga_trd.gen/sources_1/bd/design_1/ip/design_1_v_frmbuf_wr_1_0/src/hls/hls_video_core.h:231)                                              |
| UNROLL               |                                                                                                                                                                           | in operator= (../../axu2cga_trd.gen/sources_1/bd/design_1/ip/design_1_v_frmbuf_wr_1_0/src/hls/hls_video_core.h:233)                                              |
| INLINE               |                                                                                                                                                                           | in operator= (../../axu2cga_trd.gen/sources_1/bd/design_1/ip/design_1_v_frmbuf_wr_1_0/src/hls/hls_video_core.h:252)                                              |
| UNROLL               |                                                                                                                                                                           | in operator= (../../axu2cga_trd.gen/sources_1/bd/design_1/ip/design_1_v_frmbuf_wr_1_0/src/hls/hls_video_core.h:254)                                              |
| INLINE               |                                                                                                                                                                           | in operator+ (../../axu2cga_trd.gen/sources_1/bd/design_1/ip/design_1_v_frmbuf_wr_1_0/src/hls/hls_video_core.h:261)                                              |
| UNROLL               |                                                                                                                                                                           | in operator+ (../../axu2cga_trd.gen/sources_1/bd/design_1/ip/design_1_v_frmbuf_wr_1_0/src/hls/hls_video_core.h:264)                                              |
| INLINE               |                                                                                                                                                                           | in operator+ (../../axu2cga_trd.gen/sources_1/bd/design_1/ip/design_1_v_frmbuf_wr_1_0/src/hls/hls_video_core.h:272)                                              |
| UNROLL               |                                                                                                                                                                           | in operator+ (../../axu2cga_trd.gen/sources_1/bd/design_1/ip/design_1_v_frmbuf_wr_1_0/src/hls/hls_video_core.h:275)                                              |
| INLINE               |                                                                                                                                                                           | in operator- (../../axu2cga_trd.gen/sources_1/bd/design_1/ip/design_1_v_frmbuf_wr_1_0/src/hls/hls_video_core.h:283)                                              |
| UNROLL               |                                                                                                                                                                           | in operator- (../../axu2cga_trd.gen/sources_1/bd/design_1/ip/design_1_v_frmbuf_wr_1_0/src/hls/hls_video_core.h:286)                                              |
| INLINE               |                                                                                                                                                                           | in operator- (../../axu2cga_trd.gen/sources_1/bd/design_1/ip/design_1_v_frmbuf_wr_1_0/src/hls/hls_video_core.h:294)                                              |
| UNROLL               |                                                                                                                                                                           | in operator- (../../axu2cga_trd.gen/sources_1/bd/design_1/ip/design_1_v_frmbuf_wr_1_0/src/hls/hls_video_core.h:297)                                              |
| INLINE               |                                                                                                                                                                           | in operator* (../../axu2cga_trd.gen/sources_1/bd/design_1/ip/design_1_v_frmbuf_wr_1_0/src/hls/hls_video_core.h:306)                                              |
| UNROLL               |                                                                                                                                                                           | in operator* (../../axu2cga_trd.gen/sources_1/bd/design_1/ip/design_1_v_frmbuf_wr_1_0/src/hls/hls_video_core.h:309)                                              |
| INLINE               |                                                                                                                                                                           | in operator* (../../axu2cga_trd.gen/sources_1/bd/design_1/ip/design_1_v_frmbuf_wr_1_0/src/hls/hls_video_core.h:317)                                              |
| UNROLL               |                                                                                                                                                                           | in operator* (../../axu2cga_trd.gen/sources_1/bd/design_1/ip/design_1_v_frmbuf_wr_1_0/src/hls/hls_video_core.h:320)                                              |
| INLINE               |                                                                                                                                                                           | in operator/ (../../axu2cga_trd.gen/sources_1/bd/design_1/ip/design_1_v_frmbuf_wr_1_0/src/hls/hls_video_core.h:329)                                              |
| UNROLL               |                                                                                                                                                                           | in operator/ (../../axu2cga_trd.gen/sources_1/bd/design_1/ip/design_1_v_frmbuf_wr_1_0/src/hls/hls_video_core.h:332)                                              |
| INLINE               |                                                                                                                                                                           | in operator/ (../../axu2cga_trd.gen/sources_1/bd/design_1/ip/design_1_v_frmbuf_wr_1_0/src/hls/hls_video_core.h:340)                                              |
| UNROLL               |                                                                                                                                                                           | in operator/ (../../axu2cga_trd.gen/sources_1/bd/design_1/ip/design_1_v_frmbuf_wr_1_0/src/hls/hls_video_core.h:343)                                              |
| INLINE               |                                                                                                                                                                           | in scalar_to_yuv422_8 (../../axu2cga_trd.gen/sources_1/bd/design_1/ip/design_1_v_frmbuf_wr_1_0/src/hls/hls_video_core.h:355)                                     |
| INLINE               |                                                                                                                                                                           | in yuv422_8_to_scalar (../../axu2cga_trd.gen/sources_1/bd/design_1/ip/design_1_v_frmbuf_wr_1_0/src/hls/hls_video_core.h:363)                                     |
| INLINE               |                                                                                                                                                                           | in scalar_to_yuv444_8 (../../axu2cga_trd.gen/sources_1/bd/design_1/ip/design_1_v_frmbuf_wr_1_0/src/hls/hls_video_core.h:373)                                     |
| INLINE               |                                                                                                                                                                           | in yuv444_8_to_scalar (../../axu2cga_trd.gen/sources_1/bd/design_1/ip/design_1_v_frmbuf_wr_1_0/src/hls/hls_video_core.h:382)                                     |
| INLINE               |                                                                                                                                                                           | in scalar_to_rgb_8 (../../axu2cga_trd.gen/sources_1/bd/design_1/ip/design_1_v_frmbuf_wr_1_0/src/hls/hls_video_core.h:393)                                        |
| INLINE               |                                                                                                                                                                           | in rgb_8_to_scalar (../../axu2cga_trd.gen/sources_1/bd/design_1/ip/design_1_v_frmbuf_wr_1_0/src/hls/hls_video_core.h:402)                                        |
| INLINE               |                                                                                                                                                                           | in scalar_to_yuva422_8 (../../axu2cga_trd.gen/sources_1/bd/design_1/ip/design_1_v_frmbuf_wr_1_0/src/hls/hls_video_core.h:413)                                    |
| INLINE               |                                                                                                                                                                           | in yuva422_8_to_scalar (../../axu2cga_trd.gen/sources_1/bd/design_1/ip/design_1_v_frmbuf_wr_1_0/src/hls/hls_video_core.h:422)                                    |
| INLINE               |                                                                                                                                                                           | in scalar_to_yuva444_8 (../../axu2cga_trd.gen/sources_1/bd/design_1/ip/design_1_v_frmbuf_wr_1_0/src/hls/hls_video_core.h:433)                                    |
| INLINE               |                                                                                                                                                                           | in yuva444_8_to_scalar (../../axu2cga_trd.gen/sources_1/bd/design_1/ip/design_1_v_frmbuf_wr_1_0/src/hls/hls_video_core.h:443)                                    |
| INLINE               |                                                                                                                                                                           | in scalar_to_rgba_8 (../../axu2cga_trd.gen/sources_1/bd/design_1/ip/design_1_v_frmbuf_wr_1_0/src/hls/hls_video_core.h:455)                                       |
| INLINE               |                                                                                                                                                                           | in rgba_8_to_scalar (../../axu2cga_trd.gen/sources_1/bd/design_1/ip/design_1_v_frmbuf_wr_1_0/src/hls/hls_video_core.h:465)                                       |
| INLINE               |                                                                                                                                                                           | in scalar_to_yuva420_8 (../../axu2cga_trd.gen/sources_1/bd/design_1/ip/design_1_v_frmbuf_wr_1_0/src/hls/hls_video_core.h:477)                                    |
| INLINE               |                                                                                                                                                                           | in yuva420_8_to_scalar (../../axu2cga_trd.gen/sources_1/bd/design_1/ip/design_1_v_frmbuf_wr_1_0/src/hls/hls_video_core.h:485)                                    |
| INLINE               |                                                                                                                                                                           | in scalar_to_yuvd422_8 (../../axu2cga_trd.gen/sources_1/bd/design_1/ip/design_1_v_frmbuf_wr_1_0/src/hls/hls_video_core.h:495)                                    |
| INLINE               |                                                                                                                                                                           | in yuvd422_8_to_scalar (../../axu2cga_trd.gen/sources_1/bd/design_1/ip/design_1_v_frmbuf_wr_1_0/src/hls/hls_video_core.h:504)                                    |
| INLINE               |                                                                                                                                                                           | in scalar_to_yuvd444_8 (../../axu2cga_trd.gen/sources_1/bd/design_1/ip/design_1_v_frmbuf_wr_1_0/src/hls/hls_video_core.h:515)                                    |
| INLINE               |                                                                                                                                                                           | in yuvd444_8_to_scalar (../../axu2cga_trd.gen/sources_1/bd/design_1/ip/design_1_v_frmbuf_wr_1_0/src/hls/hls_video_core.h:525)                                    |
| INLINE               |                                                                                                                                                                           | in scalar_to_rgbd_8 (../../axu2cga_trd.gen/sources_1/bd/design_1/ip/design_1_v_frmbuf_wr_1_0/src/hls/hls_video_core.h:537)                                       |
| INLINE               |                                                                                                                                                                           | in rgbd_8_to_scalar (../../axu2cga_trd.gen/sources_1/bd/design_1/ip/design_1_v_frmbuf_wr_1_0/src/hls/hls_video_core.h:547)                                       |
| INLINE               |                                                                                                                                                                           | in scalar_to_bayer_8 (../../axu2cga_trd.gen/sources_1/bd/design_1/ip/design_1_v_frmbuf_wr_1_0/src/hls/hls_video_core.h:559)                                      |
| INLINE               |                                                                                                                                                                           | in bayer_8_to_scalar (../../axu2cga_trd.gen/sources_1/bd/design_1/ip/design_1_v_frmbuf_wr_1_0/src/hls/hls_video_core.h:566)                                      |
| INLINE               |                                                                                                                                                                           | in scalar_to_luma_8 (../../axu2cga_trd.gen/sources_1/bd/design_1/ip/design_1_v_frmbuf_wr_1_0/src/hls/hls_video_core.h:575)                                       |
| INLINE               |                                                                                                                                                                           | in luma_8_to_scalar (../../axu2cga_trd.gen/sources_1/bd/design_1/ip/design_1_v_frmbuf_wr_1_0/src/hls/hls_video_core.h:582)                                       |
| INLINE               |                                                                                                                                                                           | in read (../../axu2cga_trd.gen/sources_1/bd/design_1/ip/design_1_v_frmbuf_wr_1_0/src/hls/hls_video_core.h:604)                                                   |
| INLINE               |                                                                                                                                                                           | in write (../../axu2cga_trd.gen/sources_1/bd/design_1/ip/design_1_v_frmbuf_wr_1_0/src/hls/hls_video_core.h:611)                                                  |
| AGGREGATE            | variable=data_stream                                                                                                                                                      | in write (../../axu2cga_trd.gen/sources_1/bd/design_1/ip/design_1_v_frmbuf_wr_1_0/src/hls/hls_video_core.h:612)                                                  |
| PROTOCOL             | floating                                                                                                                                                                  | in write (../../axu2cga_trd.gen/sources_1/bd/design_1/ip/design_1_v_frmbuf_wr_1_0/src/hls/hls_video_core.h:618)                                                  |
| UNROLL               |                                                                                                                                                                           | in write (../../axu2cga_trd.gen/sources_1/bd/design_1/ip/design_1_v_frmbuf_wr_1_0/src/hls/hls_video_core.h:620)                                                  |
| INLINE               |                                                                                                                                                                           | in operator>> (../../axu2cga_trd.gen/sources_1/bd/design_1/ip/design_1_v_frmbuf_wr_1_0/src/hls/hls_video_core.h:629)                                             |
| INLINE               |                                                                                                                                                                           | in operator<< (../../axu2cga_trd.gen/sources_1/bd/design_1/ip/design_1_v_frmbuf_wr_1_0/src/hls/hls_video_core.h:636)                                             |
| INLINE               |                                                                                                                                                                           | in mat<rows, cols, t> (../../axu2cga_trd.gen/sources_1/bd/design_1/ip/design_1_v_frmbuf_wr_1_0/src/hls/hls_video_core.h:654)                                     |
| INLINE               |                                                                                                                                                                           | in mat<rows, cols, t> (../../axu2cga_trd.gen/sources_1/bd/design_1/ip/design_1_v_frmbuf_wr_1_0/src/hls/hls_video_core.h:660)                                     |
| INLINE               |                                                                                                                                                                           | in mat<rows, cols, t> (../../axu2cga_trd.gen/sources_1/bd/design_1/ip/design_1_v_frmbuf_wr_1_0/src/hls/hls_video_core.h:666)                                     |
| INLINE               |                                                                                                                                                                           | in init (../../axu2cga_trd.gen/sources_1/bd/design_1/ip/design_1_v_frmbuf_wr_1_0/src/hls/hls_video_core.h:672)                                                   |
| INLINE               |                                                                                                                                                                           | in assignto (../../axu2cga_trd.gen/sources_1/bd/design_1/ip/design_1_v_frmbuf_wr_1_0/src/hls/hls_video_core.h:681)                                               |
| INLINE               |                                                                                                                                                                           | in read (../../axu2cga_trd.gen/sources_1/bd/design_1/ip/design_1_v_frmbuf_wr_1_0/src/hls/hls_video_core.h:688)                                                   |
| PROTOCOL             | floating                                                                                                                                                                  | in read (../../axu2cga_trd.gen/sources_1/bd/design_1/ip/design_1_v_frmbuf_wr_1_0/src/hls/hls_video_core.h:695)                                                   |
| UNROLL               |                                                                                                                                                                           | in read (../../axu2cga_trd.gen/sources_1/bd/design_1/ip/design_1_v_frmbuf_wr_1_0/src/hls/hls_video_core.h:697)                                                   |
| INLINE               |                                                                                                                                                                           | in read (../../axu2cga_trd.gen/sources_1/bd/design_1/ip/design_1_v_frmbuf_wr_1_0/src/hls/hls_video_core.h:706)                                                   |
| INLINE               |                                                                                                                                                                           | in write (../../axu2cga_trd.gen/sources_1/bd/design_1/ip/design_1_v_frmbuf_wr_1_0/src/hls/hls_video_core.h:712)                                                  |
| AGGREGATE            | variable=data_stream                                                                                                                                                      | in write (../../axu2cga_trd.gen/sources_1/bd/design_1/ip/design_1_v_frmbuf_wr_1_0/src/hls/hls_video_core.h:713)                                                  |
| PROTOCOL             | floating                                                                                                                                                                  | in write (../../axu2cga_trd.gen/sources_1/bd/design_1/ip/design_1_v_frmbuf_wr_1_0/src/hls/hls_video_core.h:719)                                                  |
| UNROLL               |                                                                                                                                                                           | in write (../../axu2cga_trd.gen/sources_1/bd/design_1/ip/design_1_v_frmbuf_wr_1_0/src/hls/hls_video_core.h:721)                                                  |
| INLINE               |                                                                                                                                                                           | in operator>> (../../axu2cga_trd.gen/sources_1/bd/design_1/ip/design_1_v_frmbuf_wr_1_0/src/hls/hls_video_core.h:729)                                             |
| INLINE               |                                                                                                                                                                           | in operator<< (../../axu2cga_trd.gen/sources_1/bd/design_1/ip/design_1_v_frmbuf_wr_1_0/src/hls/hls_video_core.h:735)                                             |
| INLINE               |                                                                                                                                                                           | in empty (../../axu2cga_trd.gen/sources_1/bd/design_1/ip/design_1_v_frmbuf_wr_1_0/src/hls/hls_video_core.h:741)                                                  |
| UNROLL               |                                                                                                                                                                           | in empty (../../axu2cga_trd.gen/sources_1/bd/design_1/ip/design_1_v_frmbuf_wr_1_0/src/hls/hls_video_core.h:744)                                                  |
| INLINE               |                                                                                                                                                                           | in type (../../axu2cga_trd.gen/sources_1/bd/design_1/ip/design_1_v_frmbuf_wr_1_0/src/hls/hls_video_core.h:756)                                                   |
| INLINE               |                                                                                                                                                                           | in depth (../../axu2cga_trd.gen/sources_1/bd/design_1/ip/design_1_v_frmbuf_wr_1_0/src/hls/hls_video_core.h:762)                                                  |
| INLINE               |                                                                                                                                                                           | in channels (../../axu2cga_trd.gen/sources_1/bd/design_1/ip/design_1_v_frmbuf_wr_1_0/src/hls/hls_video_core.h:767)                                               |
| INLINE               |                                                                                                                                                                           | in fast_pixel_diff (../../axu2cga_trd.gen/sources_1/bd/design_1/ip/design_1_v_frmbuf_wr_1_0/src/hls/hls_video_fast.h:63)                                         |
| INLINE               |                                                                                                                                                                           | in corescore (../../axu2cga_trd.gen/sources_1/bd/design_1/ip/design_1_v_frmbuf_wr_1_0/src/hls/hls_video_fast.h:105)                                              |
| ARRAY_PARTITION      | variable=flag_d_min2 dim=0                                                                                                                                                | in corescore (../../axu2cga_trd.gen/sources_1/bd/design_1/ip/design_1_v_frmbuf_wr_1_0/src/hls/hls_video_fast.h:113)                                              |
| ARRAY_PARTITION      | variable=flag_d_max2 dim=0                                                                                                                                                | in corescore (../../axu2cga_trd.gen/sources_1/bd/design_1/ip/design_1_v_frmbuf_wr_1_0/src/hls/hls_video_fast.h:114)                                              |
| ARRAY_PARTITION      | variable=flag_d_min4 dim=0                                                                                                                                                | in corescore (../../axu2cga_trd.gen/sources_1/bd/design_1/ip/design_1_v_frmbuf_wr_1_0/src/hls/hls_video_fast.h:115)                                              |
| ARRAY_PARTITION      | variable=flag_d_max4 dim=0                                                                                                                                                | in corescore (../../axu2cga_trd.gen/sources_1/bd/design_1/ip/design_1_v_frmbuf_wr_1_0/src/hls/hls_video_fast.h:116)                                              |
| ARRAY_PARTITION      | variable=flag_val dim=0                                                                                                                                                   | in fast_judge (../../axu2cga_trd.gen/sources_1/bd/design_1/ip/design_1_v_frmbuf_wr_1_0/src/hls/hls_video_fast.h:174)                                             |
| ARRAY_PARTITION      | variable=flag_d dim=0                                                                                                                                                     | in fast_judge (../../axu2cga_trd.gen/sources_1/bd/design_1/ip/design_1_v_frmbuf_wr_1_0/src/hls/hls_video_fast.h:175)                                             |
| INLINE               |                                                                                                                                                                           | in fast_judge (../../axu2cga_trd.gen/sources_1/bd/design_1/ip/design_1_v_frmbuf_wr_1_0/src/hls/hls_video_fast.h:177)                                             |
| INLINE               |                                                                                                                                                                           | in fast_nonmax (../../axu2cga_trd.gen/sources_1/bd/design_1/ip/design_1_v_frmbuf_wr_1_0/src/hls/hls_video_fast.h:207)                                            |
| ARRAY_PARTITION      | variable=flag_val dim=0                                                                                                                                                   | in fast_t_opr (../../axu2cga_trd.gen/sources_1/bd/design_1/ip/design_1_v_frmbuf_wr_1_0/src/hls/hls_video_fast.h:249)                                             |
| ARRAY_PARTITION      | variable=flag_d dim=0                                                                                                                                                     | in fast_t_opr (../../axu2cga_trd.gen/sources_1/bd/design_1/ip/design_1_v_frmbuf_wr_1_0/src/hls/hls_video_fast.h:250)                                             |
| LOOP_FLATTEN         | off                                                                                                                                                                       | in fast_t_opr (../../axu2cga_trd.gen/sources_1/bd/design_1/ip/design_1_v_frmbuf_wr_1_0/src/hls/hls_video_fast.h:260)                                             |
| PIPELINE             | ii=1                                                                                                                                                                      | in fast_t_opr (../../axu2cga_trd.gen/sources_1/bd/design_1/ip/design_1_v_frmbuf_wr_1_0/src/hls/hls_video_fast.h:261)                                             |
| INLINE               |                                                                                                                                                                           | in fastx (../../axu2cga_trd.gen/sources_1/bd/design_1/ip/design_1_v_frmbuf_wr_1_0/src/hls/hls_video_fast.h:338)                                                  |
| ARRAY_PARTITION      | variable=flag_val dim=0                                                                                                                                                   | in fast_t_opr (../../axu2cga_trd.gen/sources_1/bd/design_1/ip/design_1_v_frmbuf_wr_1_0/src/hls/hls_video_fast.h:366)                                             |
| ARRAY_PARTITION      | variable=flag_d dim=0                                                                                                                                                     | in fast_t_opr (../../axu2cga_trd.gen/sources_1/bd/design_1/ip/design_1_v_frmbuf_wr_1_0/src/hls/hls_video_fast.h:367)                                             |
| LOOP_FLATTEN         | off                                                                                                                                                                       | in fast_t_opr (../../axu2cga_trd.gen/sources_1/bd/design_1/ip/design_1_v_frmbuf_wr_1_0/src/hls/hls_video_fast.h:377)                                             |
| PIPELINE             | ii=1                                                                                                                                                                      | in fast_t_opr (../../axu2cga_trd.gen/sources_1/bd/design_1/ip/design_1_v_frmbuf_wr_1_0/src/hls/hls_video_fast.h:378)                                             |
| INLINE               |                                                                                                                                                                           | in fastx (../../axu2cga_trd.gen/sources_1/bd/design_1/ip/design_1_v_frmbuf_wr_1_0/src/hls/hls_video_fast.h:460)                                                  |
| LOOP_FLATTEN         | off                                                                                                                                                                       | in paintmask (../../axu2cga_trd.gen/sources_1/bd/design_1/ip/design_1_v_frmbuf_wr_1_0/src/hls/hls_video_fast.h:488)                                              |
| PIPELINE             | ii=1                                                                                                                                                                      | in paintmask (../../axu2cga_trd.gen/sources_1/bd/design_1/ip/design_1_v_frmbuf_wr_1_0/src/hls/hls_video_fast.h:489)                                              |
| ARRAY_PARTITION      | variable=rect complete dim=1                                                                                                                                              | in haarfeature (../../axu2cga_trd.gen/sources_1/bd/design_1/ip/design_1_v_frmbuf_wr_1_0/src/hls/hls_video_haar.h:73)                                             |
| ARRAY_PARTITION      | variable=haar_feature complete dim=1                                                                                                                                      | in haarclassifier<feature_max> (../../axu2cga_trd.gen/sources_1/bd/design_1/ip/design_1_v_frmbuf_wr_1_0/src/hls/hls_video_haar.h:84)                             |
| ARRAY_PARTITION      | variable=classifier complete dim=1                                                                                                                                        | in haarstageclassifier<stage, classifier_all, feature_max> (../../axu2cga_trd.gen/sources_1/bd/design_1/ip/design_1_v_frmbuf_wr_1_0/src/hls/hls_video_haar.h:99) |
| INLINE               |                                                                                                                                                                           | in intergral_win (../../axu2cga_trd.gen/sources_1/bd/design_1/ip/design_1_v_frmbuf_wr_1_0/src/hls/hls_video_haar.h:188)                                          |
| INLINE               | off                                                                                                                                                                       | in icvevalhidhaarclassifier (../../axu2cga_trd.gen/sources_1/bd/design_1/ip/design_1_v_frmbuf_wr_1_0/src/hls/hls_video_haar.h:205)                               |
| FUNCTION_INSTANTIATE | variable=classifier                                                                                                                                                       | in icvevalhidhaarclassifier (../../axu2cga_trd.gen/sources_1/bd/design_1/ip/design_1_v_frmbuf_wr_1_0/src/hls/hls_video_haar.h:206)                               |
| INLINE               |                                                                                                                                                                           | in runhaarclassifiercascade (../../axu2cga_trd.gen/sources_1/bd/design_1/ip/design_1_v_frmbuf_wr_1_0/src/hls/hls_video_haar.h:241)                               |
| LOOP_FLATTEN         | off                                                                                                                                                                       | in haarclassifierobject_opr (../../axu2cga_trd.gen/sources_1/bd/design_1/ip/design_1_v_frmbuf_wr_1_0/src/hls/hls_video_haar.h:298)                               |
| PIPELINE             |                                                                                                                                                                           | in haarclassifierobject_opr (../../axu2cga_trd.gen/sources_1/bd/design_1/ip/design_1_v_frmbuf_wr_1_0/src/hls/hls_video_haar.h:299)                               |
| DEPENDENCE           | array inter false                                                                                                                                                         | in haarclassifierobject_opr (../../axu2cga_trd.gen/sources_1/bd/design_1/ip/design_1_v_frmbuf_wr_1_0/src/hls/hls_video_haar.h:300)                               |
| EXPRESSION_BALANCE   | off                                                                                                                                                                       | in haarclassifierobject_opr (../../axu2cga_trd.gen/sources_1/bd/design_1/ip/design_1_v_frmbuf_wr_1_0/src/hls/hls_video_haar.h:303)                               |
| INLINE               |                                                                                                                                                                           | in haarclassifierobject (../../axu2cga_trd.gen/sources_1/bd/design_1/ip/design_1_v_frmbuf_wr_1_0/src/hls/hls_video_haar.h:412)                                   |
| PIPELINE             |                                                                                                                                                                           | in combin_mask (../../axu2cga_trd.gen/sources_1/bd/design_1/ip/design_1_v_frmbuf_wr_1_0/src/hls/hls_video_haar.h:476)                                            |
| INLINE               |                                                                                                                                                                           | in haarclassifierobject_group (../../axu2cga_trd.gen/sources_1/bd/design_1/ip/design_1_v_frmbuf_wr_1_0/src/hls/hls_video_haar.h:517)                             |
| INLINE               |                                                                                                                                                                           | in ismax (../../axu2cga_trd.gen/sources_1/bd/design_1/ip/design_1_v_frmbuf_wr_1_0/src/hls/hls_video_harris.h:102)                                                |
| LOOP_TRIPCOUNT       | MAX=ROWS                                                                                                                                                                  | in findmax (../../axu2cga_trd.gen/sources_1/bd/design_1/ip/design_1_v_frmbuf_wr_1_0/src/hls/hls_video_harris.h:129)                                              |
| DEPENDENCE           | ARRAY INTER FALSE                                                                                                                                                         | in findmax (../../axu2cga_trd.gen/sources_1/bd/design_1/ip/design_1_v_frmbuf_wr_1_0/src/hls/hls_video_harris.h:132)                                              |
| LOOP_TRIPCOUNT       | MAX=COLS                                                                                                                                                                  | in findmax (../../axu2cga_trd.gen/sources_1/bd/design_1/ip/design_1_v_frmbuf_wr_1_0/src/hls/hls_video_harris.h:133)                                              |
| LOOP_FLATTEN         | off                                                                                                                                                                       | in findmax (../../axu2cga_trd.gen/sources_1/bd/design_1/ip/design_1_v_frmbuf_wr_1_0/src/hls/hls_video_harris.h:134)                                              |
| PIPELINE             | ii=1                                                                                                                                                                      | in findmax (../../axu2cga_trd.gen/sources_1/bd/design_1/ip/design_1_v_frmbuf_wr_1_0/src/hls/hls_video_harris.h:135)                                              |
| LOOP_TRIPCOUNT       | MAX=ROWS                                                                                                                                                                  | in calcim (../../axu2cga_trd.gen/sources_1/bd/design_1/ip/design_1_v_frmbuf_wr_1_0/src/hls/hls_video_harris.h:198)                                               |
| DEPENDENCE           | ARRAY INTER FALSE                                                                                                                                                         | in calcim (../../axu2cga_trd.gen/sources_1/bd/design_1/ip/design_1_v_frmbuf_wr_1_0/src/hls/hls_video_harris.h:201)                                               |
| LOOP_TRIPCOUNT       | MAX=COLS                                                                                                                                                                  | in calcim (../../axu2cga_trd.gen/sources_1/bd/design_1/ip/design_1_v_frmbuf_wr_1_0/src/hls/hls_video_harris.h:202)                                               |
| LOOP_FLATTEN         | off                                                                                                                                                                       | in calcim (../../axu2cga_trd.gen/sources_1/bd/design_1/ip/design_1_v_frmbuf_wr_1_0/src/hls/hls_video_harris.h:203)                                               |
| PIPELINE             | ii=1                                                                                                                                                                      | in calcim (../../axu2cga_trd.gen/sources_1/bd/design_1/ip/design_1_v_frmbuf_wr_1_0/src/hls/hls_video_harris.h:204)                                               |
| INLINE               |                                                                                                                                                                           | in harris_opr (../../axu2cga_trd.gen/sources_1/bd/design_1/ip/design_1_v_frmbuf_wr_1_0/src/hls/hls_video_harris.h:228)                                           |
| DATAFLOW             |                                                                                                                                                                           | in harris_opr (../../axu2cga_trd.gen/sources_1/bd/design_1/ip/design_1_v_frmbuf_wr_1_0/src/hls/hls_video_harris.h:229)                                           |
| INLINE               |                                                                                                                                                                           | in cornerharris (../../axu2cga_trd.gen/sources_1/bd/design_1/ip/design_1_v_frmbuf_wr_1_0/src/hls/hls_video_harris.h:284)                                         |
| INLINE               |                                                                                                                                                                           | in harris (../../axu2cga_trd.gen/sources_1/bd/design_1/ip/design_1_v_frmbuf_wr_1_0/src/hls/hls_video_harris.h:325)                                               |
| UNROLL               |                                                                                                                                                                           | in equalize (../../axu2cga_trd.gen/sources_1/bd/design_1/ip/design_1_v_frmbuf_wr_1_0/src/hls/hls_video_histogram.h:78)                                           |
| PIPELINE             |                                                                                                                                                                           | in equalize (../../axu2cga_trd.gen/sources_1/bd/design_1/ip/design_1_v_frmbuf_wr_1_0/src/hls/hls_video_histogram.h:94)                                           |
| LOOP_FLATTEN         | OFF                                                                                                                                                                       | in equalize (../../axu2cga_trd.gen/sources_1/bd/design_1/ip/design_1_v_frmbuf_wr_1_0/src/hls/hls_video_histogram.h:95)                                           |
| DEPENDENCE           | array inter false                                                                                                                                                         | in equalize (../../axu2cga_trd.gen/sources_1/bd/design_1/ip/design_1_v_frmbuf_wr_1_0/src/hls/hls_video_histogram.h:96)                                           |
| LATENCY              | min=0 max=1                                                                                                                                                               | in equalize (../../axu2cga_trd.gen/sources_1/bd/design_1/ip/design_1_v_frmbuf_wr_1_0/src/hls/hls_video_histogram.h:112)                                          |
| PIPELINE             |                                                                                                                                                                           | in equalize (../../axu2cga_trd.gen/sources_1/bd/design_1/ip/design_1_v_frmbuf_wr_1_0/src/hls/hls_video_histogram.h:157)                                          |
| PIPELINE             |                                                                                                                                                                           | in equalize (../../axu2cga_trd.gen/sources_1/bd/design_1/ip/design_1_v_frmbuf_wr_1_0/src/hls/hls_video_histogram.h:168)                                          |
| INLINE               |                                                                                                                                                                           | in equalizehist (../../axu2cga_trd.gen/sources_1/bd/design_1/ip/design_1_v_frmbuf_wr_1_0/src/hls/hls_video_histogram.h:192)                                      |
| ARRAY_PARTITION      | variable=addr complete dim=0                                                                                                                                              | in houghpolar (../../axu2cga_trd.gen/sources_1/bd/design_1/ip/design_1_v_frmbuf_wr_1_0/src/hls/hls_video_hough.h:118)                                            |
| ARRAY_PARTITION      | variable=accbuf complete dim=0                                                                                                                                            | in houghpolar (../../axu2cga_trd.gen/sources_1/bd/design_1/ip/design_1_v_frmbuf_wr_1_0/src/hls/hls_video_hough.h:119)                                            |
| ARRAY_PARTITION      | variable=sinval complete dim=0                                                                                                                                            | in houghpolar (../../axu2cga_trd.gen/sources_1/bd/design_1/ip/design_1_v_frmbuf_wr_1_0/src/hls/hls_video_hough.h:125)                                            |
| ARRAY_PARTITION      | variable=cosval complete dim=0                                                                                                                                            | in houghpolar (../../axu2cga_trd.gen/sources_1/bd/design_1/ip/design_1_v_frmbuf_wr_1_0/src/hls/hls_video_hough.h:126)                                            |
| PIPELINE             |                                                                                                                                                                           | in houghpolar (../../axu2cga_trd.gen/sources_1/bd/design_1/ip/design_1_v_frmbuf_wr_1_0/src/hls/hls_video_hough.h:131)                                            |
| PIPELINE             |                                                                                                                                                                           | in houghpolar (../../axu2cga_trd.gen/sources_1/bd/design_1/ip/design_1_v_frmbuf_wr_1_0/src/hls/hls_video_hough.h:149)                                            |
| DEPENDENCE           | array inter false                                                                                                                                                         | in houghpolar (../../axu2cga_trd.gen/sources_1/bd/design_1/ip/design_1_v_frmbuf_wr_1_0/src/hls/hls_video_hough.h:150)                                            |
| ARRAY_PARTITION      | variable=&accum_buf complete dim=1                                                                                                                                        | in sort_insert (../../axu2cga_trd.gen/sources_1/bd/design_1/ip/design_1_v_frmbuf_wr_1_0/src/hls/hls_video_hough.h:192)                                           |
| ARRAY_PARTITION      | variable=lines_val complete dim=1                                                                                                                                         | in sort_insert (../../axu2cga_trd.gen/sources_1/bd/design_1/ip/design_1_v_frmbuf_wr_1_0/src/hls/hls_video_hough.h:193)                                           |
| ARRAY_PARTITION      | variable=lines complete dim=0                                                                                                                                             | in sort_insert (../../axu2cga_trd.gen/sources_1/bd/design_1/ip/design_1_v_frmbuf_wr_1_0/src/hls/hls_video_hough.h:194)                                           |
| ARRAY_PARTITION      | variable=&accum_win complete dim=0                                                                                                                                        | in sort_insert (../../axu2cga_trd.gen/sources_1/bd/design_1/ip/design_1_v_frmbuf_wr_1_0/src/hls/hls_video_hough.h:195)                                           |
| ARRAY_PARTITION      | variable=lines_flag complete dim=0                                                                                                                                        | in sort_insert (../../axu2cga_trd.gen/sources_1/bd/design_1/ip/design_1_v_frmbuf_wr_1_0/src/hls/hls_video_hough.h:196)                                           |
| DEPENDENCE           | array intra false                                                                                                                                                         | in sort_insert (../../axu2cga_trd.gen/sources_1/bd/design_1/ip/design_1_v_frmbuf_wr_1_0/src/hls/hls_video_hough.h:212)                                           |
| DEPENDENCE           | array inter false                                                                                                                                                         | in sort_insert (../../axu2cga_trd.gen/sources_1/bd/design_1/ip/design_1_v_frmbuf_wr_1_0/src/hls/hls_video_hough.h:213)                                           |
| PIPELINE             |                                                                                                                                                                           | in sort_insert (../../axu2cga_trd.gen/sources_1/bd/design_1/ip/design_1_v_frmbuf_wr_1_0/src/hls/hls_video_hough.h:214)                                           |
| ARRAY_PARTITION      | variable=_accum complete dim=1                                                                                                                                            | in houghlines2 (../../axu2cga_trd.gen/sources_1/bd/design_1/ip/design_1_v_frmbuf_wr_1_0/src/hls/hls_video_hough.h:334)                                           |
| INLINE               |                                                                                                                                                                           | in borderinterpolate (../../axu2cga_trd.gen/sources_1/bd/design_1/ip/design_1_v_frmbuf_wr_1_0/src/hls/hls_video_imgbase.h:129)                                   |
| INLINE               |                                                                                                                                                                           | in normalizeanchor (../../axu2cga_trd.gen/sources_1/bd/design_1/ip/design_1_v_frmbuf_wr_1_0/src/hls/hls_video_imgbase.h:175)                                     |
| LOOP_TRIPCOUNT       | min=20 max=2000                                                                                                                                                           | in duplicateimagen (../../axu2cga_trd.gen/sources_1/bd/design_1/ip/design_1_v_frmbuf_wr_1_0/src/hls/hls_video_imgbase.h:202)                                     |
| LOOP_TRIPCOUNT       | min=20 max=2000                                                                                                                                                           | in duplicateimagen (../../axu2cga_trd.gen/sources_1/bd/design_1/ip/design_1_v_frmbuf_wr_1_0/src/hls/hls_video_imgbase.h:204)                                     |
| PIPELINE             |                                                                                                                                                                           | in duplicateimagen (../../axu2cga_trd.gen/sources_1/bd/design_1/ip/design_1_v_frmbuf_wr_1_0/src/hls/hls_video_imgbase.h:206)                                     |
| INLINE               |                                                                                                                                                                           | in apply (../../axu2cga_trd.gen/sources_1/bd/design_1/ip/design_1_v_frmbuf_wr_1_0/src/hls/hls_video_imgproc.h:166)                                               |
| INLINE               |                                                                                                                                                                           | in apply (../../axu2cga_trd.gen/sources_1/bd/design_1/ip/design_1_v_frmbuf_wr_1_0/src/hls/hls_video_imgproc.h:192)                                               |
| INLINE               |                                                                                                                                                                           | in apply (../../axu2cga_trd.gen/sources_1/bd/design_1/ip/design_1_v_frmbuf_wr_1_0/src/hls/hls_video_imgproc.h:294)                                               |
| INLINE               |                                                                                                                                                                           | in apply (../../axu2cga_trd.gen/sources_1/bd/design_1/ip/design_1_v_frmbuf_wr_1_0/src/hls/hls_video_imgproc.h:316)                                               |
| INLINE               |                                                                                                                                                                           | in getstructuringelement (../../axu2cga_trd.gen/sources_1/bd/design_1/ip/design_1_v_frmbuf_wr_1_0/src/hls/hls_video_imgproc.h:330)                               |
| INLINE               |                                                                                                                                                                           | in fill_pixelkernel (../../axu2cga_trd.gen/sources_1/bd/design_1/ip/design_1_v_frmbuf_wr_1_0/src/hls/hls_video_imgproc.h:387)                                    |
| INLINE               |                                                                                                                                                                           | in filter (../../axu2cga_trd.gen/sources_1/bd/design_1/ip/design_1_v_frmbuf_wr_1_0/src/hls/hls_video_imgproc.h:410)                                              |
| ARRAY_PARTITION      | variable=col_buf complete dim=0                                                                                                                                           | in filter (../../axu2cga_trd.gen/sources_1/bd/design_1/ip/design_1_v_frmbuf_wr_1_0/src/hls/hls_video_imgproc.h:427)                                              |
| ARRAY_PARTITION      | variable=&kernel complete dim=0                                                                                                                                           | in filter (../../axu2cga_trd.gen/sources_1/bd/design_1/ip/design_1_v_frmbuf_wr_1_0/src/hls/hls_video_imgproc.h:428)                                              |
| ARRAY_PARTITION      | variable=src_kernel_win complete dim=0                                                                                                                                    | in filter (../../axu2cga_trd.gen/sources_1/bd/design_1/ip/design_1_v_frmbuf_wr_1_0/src/hls/hls_video_imgproc.h:429)                                              |
| ARRAY_PARTITION      | variable=k_buf complete dim=1                                                                                                                                             | in filter (../../axu2cga_trd.gen/sources_1/bd/design_1/ip/design_1_v_frmbuf_wr_1_0/src/hls/hls_video_imgproc.h:430)                                              |
| ARRAY_PARTITION      | variable=right_border_buf complete dim=0                                                                                                                                  | in filter (../../axu2cga_trd.gen/sources_1/bd/design_1/ip/design_1_v_frmbuf_wr_1_0/src/hls/hls_video_imgproc.h:431)                                              |
| DEPENDENCE           | array inter false                                                                                                                                                         | in filter (../../axu2cga_trd.gen/sources_1/bd/design_1/ip/design_1_v_frmbuf_wr_1_0/src/hls/hls_video_imgproc.h:461)                                              |
| LOOP_FLATTEN         | OFF                                                                                                                                                                       | in filter (../../axu2cga_trd.gen/sources_1/bd/design_1/ip/design_1_v_frmbuf_wr_1_0/src/hls/hls_video_imgproc.h:462)                                              |
| PIPELINE             |                                                                                                                                                                           | in filter (../../axu2cga_trd.gen/sources_1/bd/design_1/ip/design_1_v_frmbuf_wr_1_0/src/hls/hls_video_imgproc.h:463)                                              |
| INLINE               |                                                                                                                                                                           | in get_parameters (../../axu2cga_trd.gen/sources_1/bd/design_1/ip/design_1_v_frmbuf_wr_1_0/src/hls/hls_video_imgproc.h:541)                                      |
| INLINE               |                                                                                                                                                                           | in filter (../../axu2cga_trd.gen/sources_1/bd/design_1/ip/design_1_v_frmbuf_wr_1_0/src/hls/hls_video_imgproc.h:603)                                              |
| ARRAY_PARTITION      | variable=&kernel complete dim=0                                                                                                                                           | in filter (../../axu2cga_trd.gen/sources_1/bd/design_1/ip/design_1_v_frmbuf_wr_1_0/src/hls/hls_video_imgproc.h:612)                                              |
| ARRAY_PARTITION      | variable=src_kernel_win complete dim=0                                                                                                                                    | in filter (../../axu2cga_trd.gen/sources_1/bd/design_1/ip/design_1_v_frmbuf_wr_1_0/src/hls/hls_video_imgproc.h:613)                                              |
| ARRAY_PARTITION      | variable=k_buf complete dim=1                                                                                                                                             | in filter (../../axu2cga_trd.gen/sources_1/bd/design_1/ip/design_1_v_frmbuf_wr_1_0/src/hls/hls_video_imgproc.h:614)                                              |
| ARRAY_PARTITION      | variable=col_buf complete dim=0                                                                                                                                           | in filter (../../axu2cga_trd.gen/sources_1/bd/design_1/ip/design_1_v_frmbuf_wr_1_0/src/hls/hls_video_imgproc.h:615)                                              |
| LOOP_FLATTEN         | OFF                                                                                                                                                                       | in filter (../../axu2cga_trd.gen/sources_1/bd/design_1/ip/design_1_v_frmbuf_wr_1_0/src/hls/hls_video_imgproc.h:642)                                              |
| PIPELINE             |                                                                                                                                                                           | in filter (../../axu2cga_trd.gen/sources_1/bd/design_1/ip/design_1_v_frmbuf_wr_1_0/src/hls/hls_video_imgproc.h:643)                                              |
| ARRAY_PARTITION      | variable=col_buf complete dim=0                                                                                                                                           | in column_filter (../../axu2cga_trd.gen/sources_1/bd/design_1/ip/design_1_v_frmbuf_wr_1_0/src/hls/hls_video_imgproc.h:730)                                       |
| ARRAY_PARTITION      | variable=&kernelY complete dim=0                                                                                                                                          | in column_filter (../../axu2cga_trd.gen/sources_1/bd/design_1/ip/design_1_v_frmbuf_wr_1_0/src/hls/hls_video_imgproc.h:731)                                       |
| ARRAY_PARTITION      | variable=src_kernel_winY complete dim=0                                                                                                                                   | in column_filter (../../axu2cga_trd.gen/sources_1/bd/design_1/ip/design_1_v_frmbuf_wr_1_0/src/hls/hls_video_imgproc.h:732)                                       |
| ARRAY_PARTITION      | variable=k_buf complete dim=1                                                                                                                                             | in column_filter (../../axu2cga_trd.gen/sources_1/bd/design_1/ip/design_1_v_frmbuf_wr_1_0/src/hls/hls_video_imgproc.h:733)                                       |
| DEPENDENCE           | array inter false                                                                                                                                                         | in column_filter (../../axu2cga_trd.gen/sources_1/bd/design_1/ip/design_1_v_frmbuf_wr_1_0/src/hls/hls_video_imgproc.h:776)                                       |
| LOOP_FLATTEN         | OFF                                                                                                                                                                       | in column_filter (../../axu2cga_trd.gen/sources_1/bd/design_1/ip/design_1_v_frmbuf_wr_1_0/src/hls/hls_video_imgproc.h:777)                                       |
| PIPELINE             |                                                                                                                                                                           | in column_filter (../../axu2cga_trd.gen/sources_1/bd/design_1/ip/design_1_v_frmbuf_wr_1_0/src/hls/hls_video_imgproc.h:778)                                       |
| ARRAY_PARTITION      | variable=&kernelX complete dim=0                                                                                                                                          | in row_filter (../../axu2cga_trd.gen/sources_1/bd/design_1/ip/design_1_v_frmbuf_wr_1_0/src/hls/hls_video_imgproc.h:864)                                          |
| ARRAY_PARTITION      | variable=src_kernel_winX complete dim=0                                                                                                                                   | in row_filter (../../axu2cga_trd.gen/sources_1/bd/design_1/ip/design_1_v_frmbuf_wr_1_0/src/hls/hls_video_imgproc.h:865)                                          |
| ARRAY_PARTITION      | variable=src_kernel_winX_temp complete dim=0                                                                                                                              | in row_filter (../../axu2cga_trd.gen/sources_1/bd/design_1/ip/design_1_v_frmbuf_wr_1_0/src/hls/hls_video_imgproc.h:866)                                          |
| ARRAY_PARTITION      | variable=row_buf complete dim=0                                                                                                                                           | in row_filter (../../axu2cga_trd.gen/sources_1/bd/design_1/ip/design_1_v_frmbuf_wr_1_0/src/hls/hls_video_imgproc.h:867)                                          |
| ARRAY_PARTITION      | variable=l_border_buf complete dim=1                                                                                                                                      | in row_filter (../../axu2cga_trd.gen/sources_1/bd/design_1/ip/design_1_v_frmbuf_wr_1_0/src/hls/hls_video_imgproc.h:868)                                          |
| ARRAY_PARTITION      | variable=r_border_buf complete dim=1                                                                                                                                      | in row_filter (../../axu2cga_trd.gen/sources_1/bd/design_1/ip/design_1_v_frmbuf_wr_1_0/src/hls/hls_video_imgproc.h:869)                                          |
| DEPENDENCE           | array inter false                                                                                                                                                         | in row_filter (../../axu2cga_trd.gen/sources_1/bd/design_1/ip/design_1_v_frmbuf_wr_1_0/src/hls/hls_video_imgproc.h:925)                                          |
| LOOP_FLATTEN         | OFF                                                                                                                                                                       | in row_filter (../../axu2cga_trd.gen/sources_1/bd/design_1/ip/design_1_v_frmbuf_wr_1_0/src/hls/hls_video_imgproc.h:926)                                          |
| PIPELINE             |                                                                                                                                                                           | in row_filter (../../axu2cga_trd.gen/sources_1/bd/design_1/ip/design_1_v_frmbuf_wr_1_0/src/hls/hls_video_imgproc.h:927)                                          |
| INLINE               |                                                                                                                                                                           | in filter (../../axu2cga_trd.gen/sources_1/bd/design_1/ip/design_1_v_frmbuf_wr_1_0/src/hls/hls_video_imgproc.h:993)                                              |
| DATAFLOW             |                                                                                                                                                                           | in filter (../../axu2cga_trd.gen/sources_1/bd/design_1/ip/design_1_v_frmbuf_wr_1_0/src/hls/hls_video_imgproc.h:994)                                              |
| INLINE               |                                                                                                                                                                           | in filter (../../axu2cga_trd.gen/sources_1/bd/design_1/ip/design_1_v_frmbuf_wr_1_0/src/hls/hls_video_imgproc.h:1016)                                             |
| INLINE               |                                                                                                                                                                           | in filter (../../axu2cga_trd.gen/sources_1/bd/design_1/ip/design_1_v_frmbuf_wr_1_0/src/hls/hls_video_imgproc.h:1037)                                             |
| ARRAY_PARTITION      | variable=&kernelX complete dim=0                                                                                                                                          | in filter (../../axu2cga_trd.gen/sources_1/bd/design_1/ip/design_1_v_frmbuf_wr_1_0/src/hls/hls_video_imgproc.h:1048)                                             |
| ARRAY_PARTITION      | variable=&kernelY complete dim=0                                                                                                                                          | in filter (../../axu2cga_trd.gen/sources_1/bd/design_1/ip/design_1_v_frmbuf_wr_1_0/src/hls/hls_video_imgproc.h:1049)                                             |
| ARRAY_PARTITION      | variable=src_kernel_winX complete dim=0                                                                                                                                   | in filter (../../axu2cga_trd.gen/sources_1/bd/design_1/ip/design_1_v_frmbuf_wr_1_0/src/hls/hls_video_imgproc.h:1050)                                             |
| ARRAY_PARTITION      | variable=src_kernel_winX_temp complete dim=0                                                                                                                              | in filter (../../axu2cga_trd.gen/sources_1/bd/design_1/ip/design_1_v_frmbuf_wr_1_0/src/hls/hls_video_imgproc.h:1051)                                             |
| ARRAY_PARTITION      | variable=src_kernel_winY complete dim=0                                                                                                                                   | in filter (../../axu2cga_trd.gen/sources_1/bd/design_1/ip/design_1_v_frmbuf_wr_1_0/src/hls/hls_video_imgproc.h:1052)                                             |
| ARRAY_PARTITION      | variable=k_buf complete dim=1                                                                                                                                             | in filter (../../axu2cga_trd.gen/sources_1/bd/design_1/ip/design_1_v_frmbuf_wr_1_0/src/hls/hls_video_imgproc.h:1053)                                             |
| LOOP_FLATTEN         | OFF                                                                                                                                                                       | in filter (../../axu2cga_trd.gen/sources_1/bd/design_1/ip/design_1_v_frmbuf_wr_1_0/src/hls/hls_video_imgproc.h:1074)                                             |
| PIPELINE             |                                                                                                                                                                           | in filter (../../axu2cga_trd.gen/sources_1/bd/design_1/ip/design_1_v_frmbuf_wr_1_0/src/hls/hls_video_imgproc.h:1075)                                             |
| INLINE               |                                                                                                                                                                           | in filter (../../axu2cga_trd.gen/sources_1/bd/design_1/ip/design_1_v_frmbuf_wr_1_0/src/hls/hls_video_imgproc.h:1144)                                             |
| DATAFLOW             |                                                                                                                                                                           | in filter_opr_iter (../../axu2cga_trd.gen/sources_1/bd/design_1/ip/design_1_v_frmbuf_wr_1_0/src/hls/hls_video_imgproc.h:1171)                                    |
| ARRAY_PARTITION      | dim=1 type=complete variable=internal                                                                                                                                     | in filter_opr_iter (../../axu2cga_trd.gen/sources_1/bd/design_1/ip/design_1_v_frmbuf_wr_1_0/src/hls/hls_video_imgproc.h:1173)                                    |
| UNROLL               |                                                                                                                                                                           | in filter_opr_iter (../../axu2cga_trd.gen/sources_1/bd/design_1/ip/design_1_v_frmbuf_wr_1_0/src/hls/hls_video_imgproc.h:1177)                                    |
| INLINE               |                                                                                                                                                                           | in morp_opr (../../axu2cga_trd.gen/sources_1/bd/design_1/ip/design_1_v_frmbuf_wr_1_0/src/hls/hls_video_imgproc.h:1188)                                           |
| INLINE               |                                                                                                                                                                           | in morp_opr (../../axu2cga_trd.gen/sources_1/bd/design_1/ip/design_1_v_frmbuf_wr_1_0/src/hls/hls_video_imgproc.h:1210)                                           |
| INLINE               |                                                                                                                                                                           | in erode (../../axu2cga_trd.gen/sources_1/bd/design_1/ip/design_1_v_frmbuf_wr_1_0/src/hls/hls_video_imgproc.h:1255)                                              |
| INLINE               |                                                                                                                                                                           | in dilate (../../axu2cga_trd.gen/sources_1/bd/design_1/ip/design_1_v_frmbuf_wr_1_0/src/hls/hls_video_imgproc.h:1282)                                             |
| INLINE               |                                                                                                                                                                           | in convert (../../axu2cga_trd.gen/sources_1/bd/design_1/ip/design_1_v_frmbuf_wr_1_0/src/hls/hls_video_imgproc.h:1507)                                            |
| INLINE               |                                                                                                                                                                           | in max (../../axu2cga_trd.gen/sources_1/bd/design_1/ip/design_1_v_frmbuf_wr_1_0/src/hls/hls_video_imgproc.h:1523)                                                |
| INLINE               |                                                                                                                                                                           | in min (../../axu2cga_trd.gen/sources_1/bd/design_1/ip/design_1_v_frmbuf_wr_1_0/src/hls/hls_video_imgproc.h:1532)                                                |
| INLINE               |                                                                                                                                                                           | in apply (../../axu2cga_trd.gen/sources_1/bd/design_1/ip/design_1_v_frmbuf_wr_1_0/src/hls/hls_video_imgproc.h:1569)                                              |
| INLINE               |                                                                                                                                                                           | in apply (../../axu2cga_trd.gen/sources_1/bd/design_1/ip/design_1_v_frmbuf_wr_1_0/src/hls/hls_video_imgproc.h:1580)                                              |
| INLINE               |                                                                                                                                                                           | in apply (../../axu2cga_trd.gen/sources_1/bd/design_1/ip/design_1_v_frmbuf_wr_1_0/src/hls/hls_video_imgproc.h:1721)                                              |
| INLINE               |                                                                                                                                                                           | in apply (../../axu2cga_trd.gen/sources_1/bd/design_1/ip/design_1_v_frmbuf_wr_1_0/src/hls/hls_video_imgproc.h:1786)                                              |
| ARRAY_PARTITION      | variable=tab dim=0 complete                                                                                                                                               | in apply (../../axu2cga_trd.gen/sources_1/bd/design_1/ip/design_1_v_frmbuf_wr_1_0/src/hls/hls_video_imgproc.h:1797)                                              |
| INLINE               |                                                                                                                                                                           | in apply (../../axu2cga_trd.gen/sources_1/bd/design_1/ip/design_1_v_frmbuf_wr_1_0/src/hls/hls_video_imgproc.h:1836)                                              |
| INLINE               |                                                                                                                                                                           | in apply (../../axu2cga_trd.gen/sources_1/bd/design_1/ip/design_1_v_frmbuf_wr_1_0/src/hls/hls_video_imgproc.h:1919)                                              |
| ARRAY_PARTITION      | variable=tab dim=0 complete                                                                                                                                               | in apply (../../axu2cga_trd.gen/sources_1/bd/design_1/ip/design_1_v_frmbuf_wr_1_0/src/hls/hls_video_imgproc.h:1930)                                              |
| LOOP_FLATTEN         | OFF                                                                                                                                                                       | in cvtcolor (../../axu2cga_trd.gen/sources_1/bd/design_1/ip/design_1_v_frmbuf_wr_1_0/src/hls/hls_video_imgproc.h:1985)                                           |
| PIPELINE             |                                                                                                                                                                           | in cvtcolor (../../axu2cga_trd.gen/sources_1/bd/design_1/ip/design_1_v_frmbuf_wr_1_0/src/hls/hls_video_imgproc.h:1986)                                           |
| LOOP_FLATTEN         | OFF                                                                                                                                                                       | in integral (../../axu2cga_trd.gen/sources_1/bd/design_1/ip/design_1_v_frmbuf_wr_1_0/src/hls/hls_video_imgproc.h:2012)                                           |
| PIPELINE             |                                                                                                                                                                           | in integral (../../axu2cga_trd.gen/sources_1/bd/design_1/ip/design_1_v_frmbuf_wr_1_0/src/hls/hls_video_imgproc.h:2013)                                           |
| LOOP_FLATTEN         | OFF                                                                                                                                                                       | in integral (../../axu2cga_trd.gen/sources_1/bd/design_1/ip/design_1_v_frmbuf_wr_1_0/src/hls/hls_video_imgproc.h:2052)                                           |
| PIPELINE             |                                                                                                                                                                           | in integral (../../axu2cga_trd.gen/sources_1/bd/design_1/ip/design_1_v_frmbuf_wr_1_0/src/hls/hls_video_imgproc.h:2053)                                           |
| INLINE               | off                                                                                                                                                                       | in init_scale_coefficients (../../axu2cga_trd.gen/sources_1/bd/design_1/ip/design_1_v_frmbuf_wr_1_0/src/hls/hls_video_imgproc.h:2089)                            |
| INLINE               |                                                                                                                                                                           | in scale_operator (../../axu2cga_trd.gen/sources_1/bd/design_1/ip/design_1_v_frmbuf_wr_1_0/src/hls/hls_video_imgproc.h:2120)                                     |
| ARRAY_PARTITION      | variable= temp_in dim=0 complete                                                                                                                                          | in resize_opr_bicubic (../../axu2cga_trd.gen/sources_1/bd/design_1/ip/design_1_v_frmbuf_wr_1_0/src/hls/hls_video_imgproc.h:2160)                                 |
| ARRAY_PARTITION      | variable= temp_out dim=0 complete                                                                                                                                         | in resize_opr_bicubic (../../axu2cga_trd.gen/sources_1/bd/design_1/ip/design_1_v_frmbuf_wr_1_0/src/hls/hls_video_imgproc.h:2161)                                 |
| ARRAY_PARTITION      | variable= h_fir dim=0 complete                                                                                                                                            | in resize_opr_bicubic (../../axu2cga_trd.gen/sources_1/bd/design_1/ip/design_1_v_frmbuf_wr_1_0/src/hls/hls_video_imgproc.h:2162)                                 |
| ARRAY_PARTITION      | variable= v_fir dim=0 complete                                                                                                                                            | in resize_opr_bicubic (../../axu2cga_trd.gen/sources_1/bd/design_1/ip/design_1_v_frmbuf_wr_1_0/src/hls/hls_video_imgproc.h:2163)                                 |
| ARRAY_PARTITION      | variable=hcoeffs dim=2 complete                                                                                                                                           | in resize_opr_bicubic (../../axu2cga_trd.gen/sources_1/bd/design_1/ip/design_1_v_frmbuf_wr_1_0/src/hls/hls_video_imgproc.h:2164)                                 |
| ARRAY_PARTITION      | variable=vcoeffs dim=2 complete                                                                                                                                           | in resize_opr_bicubic (../../axu2cga_trd.gen/sources_1/bd/design_1/ip/design_1_v_frmbuf_wr_1_0/src/hls/hls_video_imgproc.h:2165)                                 |
| PIPELINE             |                                                                                                                                                                           | in resize_opr_bicubic (../../axu2cga_trd.gen/sources_1/bd/design_1/ip/design_1_v_frmbuf_wr_1_0/src/hls/hls_video_imgproc.h:2187)                                 |
| LOOP_FLATTEN         | off                                                                                                                                                                       | in resize_opr_bicubic (../../axu2cga_trd.gen/sources_1/bd/design_1/ip/design_1_v_frmbuf_wr_1_0/src/hls/hls_video_imgproc.h:2188)                                 |
| DEPENDENCE           | array inter false                                                                                                                                                         | in resize_opr_bicubic (../../axu2cga_trd.gen/sources_1/bd/design_1/ip/design_1_v_frmbuf_wr_1_0/src/hls/hls_video_imgproc.h:2189)                                 |
| LOOP_FLATTEN         | OFF                                                                                                                                                                       | in resize_opr_linear (../../axu2cga_trd.gen/sources_1/bd/design_1/ip/design_1_v_frmbuf_wr_1_0/src/hls/hls_video_imgproc.h:2331)                                  |
| DEPENDENCE           | array inter false                                                                                                                                                         | in resize_opr_linear (../../axu2cga_trd.gen/sources_1/bd/design_1/ip/design_1_v_frmbuf_wr_1_0/src/hls/hls_video_imgproc.h:2332)                                  |
| PIPELINE             |                                                                                                                                                                           | in resize_opr_linear (../../axu2cga_trd.gen/sources_1/bd/design_1/ip/design_1_v_frmbuf_wr_1_0/src/hls/hls_video_imgproc.h:2333)                                  |
| LOOP_FLATTEN         | OFF                                                                                                                                                                       | in convertscale (../../axu2cga_trd.gen/sources_1/bd/design_1/ip/design_1_v_frmbuf_wr_1_0/src/hls/hls_video_imgproc.h:2515)                                       |
| PIPELINE             |                                                                                                                                                                           | in convertscale (../../axu2cga_trd.gen/sources_1/bd/design_1/ip/design_1_v_frmbuf_wr_1_0/src/hls/hls_video_imgproc.h:2516)                                       |
| LOOP_FLATTEN         | OFF                                                                                                                                                                       | in convertscaleabs (../../axu2cga_trd.gen/sources_1/bd/design_1/ip/design_1_v_frmbuf_wr_1_0/src/hls/hls_video_imgproc.h:2544)                                    |
| PIPELINE             |                                                                                                                                                                           | in convertscaleabs (../../axu2cga_trd.gen/sources_1/bd/design_1/ip/design_1_v_frmbuf_wr_1_0/src/hls/hls_video_imgproc.h:2545)                                    |
| INLINE               | off                                                                                                                                                                       | in getgaussiankernel (../../axu2cga_trd.gen/sources_1/bd/design_1/ip/design_1_v_frmbuf_wr_1_0/src/hls/hls_video_imgproc.h:2653)                                  |
| INLINE               |                                                                                                                                                                           | in pyrup_opr (../../axu2cga_trd.gen/sources_1/bd/design_1/ip/design_1_v_frmbuf_wr_1_0/src/hls/hls_video_imgproc.h:2790)                                          |
| ARRAY_PARTITION      | variable=col_buf complete dim=0                                                                                                                                           | in pyrup_opr (../../axu2cga_trd.gen/sources_1/bd/design_1/ip/design_1_v_frmbuf_wr_1_0/src/hls/hls_video_imgproc.h:2801)                                          |
| ARRAY_PARTITION      | variable=&kernel complete dim=0                                                                                                                                           | in pyrup_opr (../../axu2cga_trd.gen/sources_1/bd/design_1/ip/design_1_v_frmbuf_wr_1_0/src/hls/hls_video_imgproc.h:2802)                                          |
| ARRAY_PARTITION      | variable=src_kernel_win complete dim=0                                                                                                                                    | in pyrup_opr (../../axu2cga_trd.gen/sources_1/bd/design_1/ip/design_1_v_frmbuf_wr_1_0/src/hls/hls_video_imgproc.h:2803)                                          |
| ARRAY_PARTITION      | variable=k_buf complete dim=1                                                                                                                                             | in pyrup_opr (../../axu2cga_trd.gen/sources_1/bd/design_1/ip/design_1_v_frmbuf_wr_1_0/src/hls/hls_video_imgproc.h:2804)                                          |
| ARRAY_PARTITION      | variable=right_border_buf complete dim=0                                                                                                                                  | in pyrup_opr (../../axu2cga_trd.gen/sources_1/bd/design_1/ip/design_1_v_frmbuf_wr_1_0/src/hls/hls_video_imgproc.h:2805)                                          |
| LOOP_FLATTEN         | OFF                                                                                                                                                                       | in pyrup_opr (../../axu2cga_trd.gen/sources_1/bd/design_1/ip/design_1_v_frmbuf_wr_1_0/src/hls/hls_video_imgproc.h:2817)                                          |
| DEPENDENCE           | array inter false                                                                                                                                                         | in pyrup_opr (../../axu2cga_trd.gen/sources_1/bd/design_1/ip/design_1_v_frmbuf_wr_1_0/src/hls/hls_video_imgproc.h:2818)                                          |
| PIPELINE             |                                                                                                                                                                           | in pyrup_opr (../../axu2cga_trd.gen/sources_1/bd/design_1/ip/design_1_v_frmbuf_wr_1_0/src/hls/hls_video_imgproc.h:2819)                                          |
| INLINE               |                                                                                                                                                                           | in pyrdown_opr (../../axu2cga_trd.gen/sources_1/bd/design_1/ip/design_1_v_frmbuf_wr_1_0/src/hls/hls_video_imgproc.h:2986)                                        |
| ARRAY_PARTITION      | variable=col_buf complete dim=0                                                                                                                                           | in pyrdown_opr (../../axu2cga_trd.gen/sources_1/bd/design_1/ip/design_1_v_frmbuf_wr_1_0/src/hls/hls_video_imgproc.h:2997)                                        |
| ARRAY_PARTITION      | variable=&kernel complete dim=0                                                                                                                                           | in pyrdown_opr (../../axu2cga_trd.gen/sources_1/bd/design_1/ip/design_1_v_frmbuf_wr_1_0/src/hls/hls_video_imgproc.h:2998)                                        |
| ARRAY_PARTITION      | variable=src_kernel_win complete dim=0                                                                                                                                    | in pyrdown_opr (../../axu2cga_trd.gen/sources_1/bd/design_1/ip/design_1_v_frmbuf_wr_1_0/src/hls/hls_video_imgproc.h:2999)                                        |
| ARRAY_PARTITION      | variable=k_buf complete dim=1                                                                                                                                             | in pyrdown_opr (../../axu2cga_trd.gen/sources_1/bd/design_1/ip/design_1_v_frmbuf_wr_1_0/src/hls/hls_video_imgproc.h:3000)                                        |
| ARRAY_PARTITION      | variable=right_border_buf complete dim=0                                                                                                                                  | in pyrdown_opr (../../axu2cga_trd.gen/sources_1/bd/design_1/ip/design_1_v_frmbuf_wr_1_0/src/hls/hls_video_imgproc.h:3001)                                        |
| LOOP_FLATTEN         | OFF                                                                                                                                                                       | in pyrdown_opr (../../axu2cga_trd.gen/sources_1/bd/design_1/ip/design_1_v_frmbuf_wr_1_0/src/hls/hls_video_imgproc.h:3018)                                        |
| DEPENDENCE           | array inter false                                                                                                                                                         | in pyrdown_opr (../../axu2cga_trd.gen/sources_1/bd/design_1/ip/design_1_v_frmbuf_wr_1_0/src/hls/hls_video_imgproc.h:3019)                                        |
| PIPELINE             |                                                                                                                                                                           | in pyrdown_opr (../../axu2cga_trd.gen/sources_1/bd/design_1/ip/design_1_v_frmbuf_wr_1_0/src/hls/hls_video_imgproc.h:3020)                                        |
| PIPELINE             | ii=1                                                                                                                                                                      | in axivideo2mat (../../axu2cga_trd.gen/sources_1/bd/design_1/ip/design_1_v_frmbuf_wr_1_0/src/hls/hls_video_io.h:80)                                              |
| LOOP_TRIPCOUNT       | avg=0 max=0                                                                                                                                                               | in axivideo2mat (../../axu2cga_trd.gen/sources_1/bd/design_1/ip/design_1_v_frmbuf_wr_1_0/src/hls/hls_video_io.h:81)                                              |
| LOOP_FLATTEN         | off                                                                                                                                                                       | in axivideo2mat (../../axu2cga_trd.gen/sources_1/bd/design_1/ip/design_1_v_frmbuf_wr_1_0/src/hls/hls_video_io.h:88)                                              |
| PIPELINE             | ii=1                                                                                                                                                                      | in axivideo2mat (../../axu2cga_trd.gen/sources_1/bd/design_1/ip/design_1_v_frmbuf_wr_1_0/src/hls/hls_video_io.h:89)                                              |
| PIPELINE             | ii=1                                                                                                                                                                      | in axivideo2mat (../../axu2cga_trd.gen/sources_1/bd/design_1/ip/design_1_v_frmbuf_wr_1_0/src/hls/hls_video_io.h:111)                                             |
| LOOP_TRIPCOUNT       | avg=0 max=0                                                                                                                                                               | in axivideo2mat (../../axu2cga_trd.gen/sources_1/bd/design_1/ip/design_1_v_frmbuf_wr_1_0/src/hls/hls_video_io.h:112)                                             |
| LOOP_FLATTEN         | off                                                                                                                                                                       | in mat2axivideo (../../axu2cga_trd.gen/sources_1/bd/design_1/ip/design_1_v_frmbuf_wr_1_0/src/hls/hls_video_io.h:141)                                             |
| PIPELINE             | ii=1                                                                                                                                                                      | in mat2axivideo (../../axu2cga_trd.gen/sources_1/bd/design_1/ip/design_1_v_frmbuf_wr_1_0/src/hls/hls_video_io.h:142)                                             |
| LOOP_FLATTEN         | off                                                                                                                                                                       | in array2mat (../../axu2cga_trd.gen/sources_1/bd/design_1/ip/design_1_v_frmbuf_wr_1_0/src/hls/hls_video_io.h:190)                                                |
| PIPELINE             | ii=1                                                                                                                                                                      | in array2mat (../../axu2cga_trd.gen/sources_1/bd/design_1/ip/design_1_v_frmbuf_wr_1_0/src/hls/hls_video_io.h:191)                                                |
| UNROLL               |                                                                                                                                                                           | in array2mat (../../axu2cga_trd.gen/sources_1/bd/design_1/ip/design_1_v_frmbuf_wr_1_0/src/hls/hls_video_io.h:197)                                                |
| LOOP_FLATTEN         | off                                                                                                                                                                       | in mat2array (../../axu2cga_trd.gen/sources_1/bd/design_1/ip/design_1_v_frmbuf_wr_1_0/src/hls/hls_video_io.h:256)                                                |
| PIPELINE             | ii=1                                                                                                                                                                      | in mat2array (../../axu2cga_trd.gen/sources_1/bd/design_1/ip/design_1_v_frmbuf_wr_1_0/src/hls/hls_video_io.h:257)                                                |
| UNROLL               |                                                                                                                                                                           | in mat2array (../../axu2cga_trd.gen/sources_1/bd/design_1/ip/design_1_v_frmbuf_wr_1_0/src/hls/hls_video_io.h:262)                                                |
| ARRAY_PARTITION      | variable=val dim=1 complete                                                                                                                                               | in window<rows, cols, t> (../../axu2cga_trd.gen/sources_1/bd/design_1/ip/design_1_v_frmbuf_wr_1_0/src/hls/hls_video_mem.h:66)                                    |
| ARRAY_PARTITION      | variable=val dim=2 complete                                                                                                                                               | in window<rows, cols, t> (../../axu2cga_trd.gen/sources_1/bd/design_1/ip/design_1_v_frmbuf_wr_1_0/src/hls/hls_video_mem.h:67)                                    |
| INLINE               |                                                                                                                                                                           | in shift_pixels_left (../../axu2cga_trd.gen/sources_1/bd/design_1/ip/design_1_v_frmbuf_wr_1_0/src/hls/hls_video_mem.h:128)                                       |
| UNROLL               |                                                                                                                                                                           | in shift_pixels_left (../../axu2cga_trd.gen/sources_1/bd/design_1/ip/design_1_v_frmbuf_wr_1_0/src/hls/hls_video_mem.h:138)                                       |
| UNROLL               |                                                                                                                                                                           | in shift_pixels_left (../../axu2cga_trd.gen/sources_1/bd/design_1/ip/design_1_v_frmbuf_wr_1_0/src/hls/hls_video_mem.h:140)                                       |
| INLINE               |                                                                                                                                                                           | in shift_pixels_right (../../axu2cga_trd.gen/sources_1/bd/design_1/ip/design_1_v_frmbuf_wr_1_0/src/hls/hls_video_mem.h:166)                                      |
| UNROLL               |                                                                                                                                                                           | in shift_pixels_right (../../axu2cga_trd.gen/sources_1/bd/design_1/ip/design_1_v_frmbuf_wr_1_0/src/hls/hls_video_mem.h:176)                                      |
| UNROLL               |                                                                                                                                                                           | in shift_pixels_right (../../axu2cga_trd.gen/sources_1/bd/design_1/ip/design_1_v_frmbuf_wr_1_0/src/hls/hls_video_mem.h:178)                                      |
| INLINE               |                                                                                                                                                                           | in shift_pixels_up (../../axu2cga_trd.gen/sources_1/bd/design_1/ip/design_1_v_frmbuf_wr_1_0/src/hls/hls_video_mem.h:204)                                         |
| UNROLL               |                                                                                                                                                                           | in shift_pixels_up (../../axu2cga_trd.gen/sources_1/bd/design_1/ip/design_1_v_frmbuf_wr_1_0/src/hls/hls_video_mem.h:214)                                         |
| UNROLL               |                                                                                                                                                                           | in shift_pixels_up (../../axu2cga_trd.gen/sources_1/bd/design_1/ip/design_1_v_frmbuf_wr_1_0/src/hls/hls_video_mem.h:216)                                         |
| INLINE               |                                                                                                                                                                           | in shift_pixels_down (../../axu2cga_trd.gen/sources_1/bd/design_1/ip/design_1_v_frmbuf_wr_1_0/src/hls/hls_video_mem.h:242)                                       |
| UNROLL               |                                                                                                                                                                           | in shift_pixels_down (../../axu2cga_trd.gen/sources_1/bd/design_1/ip/design_1_v_frmbuf_wr_1_0/src/hls/hls_video_mem.h:252)                                       |
| UNROLL               |                                                                                                                                                                           | in shift_pixels_down (../../axu2cga_trd.gen/sources_1/bd/design_1/ip/design_1_v_frmbuf_wr_1_0/src/hls/hls_video_mem.h:254)                                       |
| INLINE               |                                                                                                                                                                           | in insert_pixel (../../axu2cga_trd.gen/sources_1/bd/design_1/ip/design_1_v_frmbuf_wr_1_0/src/hls/hls_video_mem.h:279)                                            |
| INLINE               |                                                                                                                                                                           | in insert_row (../../axu2cga_trd.gen/sources_1/bd/design_1/ip/design_1_v_frmbuf_wr_1_0/src/hls/hls_video_mem.h:311)                                              |
| UNROLL               |                                                                                                                                                                           | in insert_row (../../axu2cga_trd.gen/sources_1/bd/design_1/ip/design_1_v_frmbuf_wr_1_0/src/hls/hls_video_mem.h:321)                                              |
| INLINE               |                                                                                                                                                                           | in insert_top_row (../../axu2cga_trd.gen/sources_1/bd/design_1/ip/design_1_v_frmbuf_wr_1_0/src/hls/hls_video_mem.h:346)                                          |
| INLINE               |                                                                                                                                                                           | in insert_bottom_row (../../axu2cga_trd.gen/sources_1/bd/design_1/ip/design_1_v_frmbuf_wr_1_0/src/hls/hls_video_mem.h:377)                                       |
| INLINE               |                                                                                                                                                                           | in insert_col (../../axu2cga_trd.gen/sources_1/bd/design_1/ip/design_1_v_frmbuf_wr_1_0/src/hls/hls_video_mem.h:408)                                              |
| UNROLL               |                                                                                                                                                                           | in insert_col (../../axu2cga_trd.gen/sources_1/bd/design_1/ip/design_1_v_frmbuf_wr_1_0/src/hls/hls_video_mem.h:418)                                              |
| INLINE               |                                                                                                                                                                           | in insert_left_col (../../axu2cga_trd.gen/sources_1/bd/design_1/ip/design_1_v_frmbuf_wr_1_0/src/hls/hls_video_mem.h:443)                                         |
| INLINE               |                                                                                                                                                                           | in insert_right_col (../../axu2cga_trd.gen/sources_1/bd/design_1/ip/design_1_v_frmbuf_wr_1_0/src/hls/hls_video_mem.h:474)                                        |
| INLINE               |                                                                                                                                                                           | in getval (../../axu2cga_trd.gen/sources_1/bd/design_1/ip/design_1_v_frmbuf_wr_1_0/src/hls/hls_video_mem.h:505)                                                  |
| INLINE               |                                                                                                                                                                           | in operator() (../../axu2cga_trd.gen/sources_1/bd/design_1/ip/design_1_v_frmbuf_wr_1_0/src/hls/hls_video_mem.h:514)                                              |
| INLINE               |                                                                                                                                                                           | in shift_left (../../axu2cga_trd.gen/sources_1/bd/design_1/ip/design_1_v_frmbuf_wr_1_0/src/hls/hls_video_mem.h:546)                                              |
| INLINE               |                                                                                                                                                                           | in shift_right (../../axu2cga_trd.gen/sources_1/bd/design_1/ip/design_1_v_frmbuf_wr_1_0/src/hls/hls_video_mem.h:556)                                             |
| INLINE               |                                                                                                                                                                           | in shift_up (../../axu2cga_trd.gen/sources_1/bd/design_1/ip/design_1_v_frmbuf_wr_1_0/src/hls/hls_video_mem.h:566)                                                |
| INLINE               |                                                                                                                                                                           | in shift_down (../../axu2cga_trd.gen/sources_1/bd/design_1/ip/design_1_v_frmbuf_wr_1_0/src/hls/hls_video_mem.h:576)                                              |
| INLINE               |                                                                                                                                                                           | in insert (../../axu2cga_trd.gen/sources_1/bd/design_1/ip/design_1_v_frmbuf_wr_1_0/src/hls/hls_video_mem.h:586)                                                  |
| INLINE               |                                                                                                                                                                           | in insert_top (../../axu2cga_trd.gen/sources_1/bd/design_1/ip/design_1_v_frmbuf_wr_1_0/src/hls/hls_video_mem.h:596)                                              |
| INLINE               |                                                                                                                                                                           | in insert_bottom (../../axu2cga_trd.gen/sources_1/bd/design_1/ip/design_1_v_frmbuf_wr_1_0/src/hls/hls_video_mem.h:606)                                           |
| INLINE               |                                                                                                                                                                           | in insert_left (../../axu2cga_trd.gen/sources_1/bd/design_1/ip/design_1_v_frmbuf_wr_1_0/src/hls/hls_video_mem.h:616)                                             |
| INLINE               |                                                                                                                                                                           | in insert_right (../../axu2cga_trd.gen/sources_1/bd/design_1/ip/design_1_v_frmbuf_wr_1_0/src/hls/hls_video_mem.h:626)                                            |
| INLINE               |                                                                                                                                                                           | in linebuffer<rows, cols, type-parameter-0-2, 0> (../../axu2cga_trd.gen/sources_1/bd/design_1/ip/design_1_v_frmbuf_wr_1_0/src/hls/hls_video_mem.h:638)           |
| ARRAY_PARTITION      | variable=val dim=1 complete                                                                                                                                               | in linebuffer<rows, cols, type-parameter-0-2, 0> (../../axu2cga_trd.gen/sources_1/bd/design_1/ip/design_1_v_frmbuf_wr_1_0/src/hls/hls_video_mem.h:639)           |
| DEPENDENCE           | variable=val inter false                                                                                                                                                  | in linebuffer<rows, cols, type-parameter-0-2, 0> (../../axu2cga_trd.gen/sources_1/bd/design_1/ip/design_1_v_frmbuf_wr_1_0/src/hls/hls_video_mem.h:640)           |
| DEPENDENCE           | variable=val intra false                                                                                                                                                  | in linebuffer<rows, cols, type-parameter-0-2, 0> (../../axu2cga_trd.gen/sources_1/bd/design_1/ip/design_1_v_frmbuf_wr_1_0/src/hls/hls_video_mem.h:641)           |
| INLINE               |                                                                                                                                                                           | in shift_pixels_down (../../axu2cga_trd.gen/sources_1/bd/design_1/ip/design_1_v_frmbuf_wr_1_0/src/hls/hls_video_mem.h:692)                                       |
| UNROLL               |                                                                                                                                                                           | in shift_pixels_down (../../axu2cga_trd.gen/sources_1/bd/design_1/ip/design_1_v_frmbuf_wr_1_0/src/hls/hls_video_mem.h:703)                                       |
| INLINE               |                                                                                                                                                                           | in shift_pixels_up (../../axu2cga_trd.gen/sources_1/bd/design_1/ip/design_1_v_frmbuf_wr_1_0/src/hls/hls_video_mem.h:732)                                         |
| UNROLL               |                                                                                                                                                                           | in shift_pixels_up (../../axu2cga_trd.gen/sources_1/bd/design_1/ip/design_1_v_frmbuf_wr_1_0/src/hls/hls_video_mem.h:743)                                         |
| INLINE               |                                                                                                                                                                           | in insert_bottom_row (../../axu2cga_trd.gen/sources_1/bd/design_1/ip/design_1_v_frmbuf_wr_1_0/src/hls/hls_video_mem.h:771)                                       |
| INLINE               |                                                                                                                                                                           | in insert_top_row (../../axu2cga_trd.gen/sources_1/bd/design_1/ip/design_1_v_frmbuf_wr_1_0/src/hls/hls_video_mem.h:803)                                          |
| INLINE               |                                                                                                                                                                           | in get_col (../../axu2cga_trd.gen/sources_1/bd/design_1/ip/design_1_v_frmbuf_wr_1_0/src/hls/hls_video_mem.h:835)                                                 |
| UNROLL               |                                                                                                                                                                           | in get_col (../../axu2cga_trd.gen/sources_1/bd/design_1/ip/design_1_v_frmbuf_wr_1_0/src/hls/hls_video_mem.h:839)                                                 |
| INLINE               |                                                                                                                                                                           | in getval (../../axu2cga_trd.gen/sources_1/bd/design_1/ip/design_1_v_frmbuf_wr_1_0/src/hls/hls_video_mem.h:848)                                                  |
| INLINE               |                                                                                                                                                                           | in operator() (../../axu2cga_trd.gen/sources_1/bd/design_1/ip/design_1_v_frmbuf_wr_1_0/src/hls/hls_video_mem.h:857)                                              |
| INLINE               |                                                                                                                                                                           | in shift_down (../../axu2cga_trd.gen/sources_1/bd/design_1/ip/design_1_v_frmbuf_wr_1_0/src/hls/hls_video_mem.h:867)                                              |
| INLINE               |                                                                                                                                                                           | in shift_up (../../axu2cga_trd.gen/sources_1/bd/design_1/ip/design_1_v_frmbuf_wr_1_0/src/hls/hls_video_mem.h:877)                                                |
| INLINE               |                                                                                                                                                                           | in insert_bottom (../../axu2cga_trd.gen/sources_1/bd/design_1/ip/design_1_v_frmbuf_wr_1_0/src/hls/hls_video_mem.h:887)                                           |
| INLINE               |                                                                                                                                                                           | in insert_top (../../axu2cga_trd.gen/sources_1/bd/design_1/ip/design_1_v_frmbuf_wr_1_0/src/hls/hls_video_mem.h:897)                                              |
| ARRAY_RESHAPE        | variable=val dim=1                                                                                                                                                        | in linebuffer<rows, cols, type-parameter-0-2, 1> (../../axu2cga_trd.gen/sources_1/bd/design_1/ip/design_1_v_frmbuf_wr_1_0/src/hls/hls_video_mem.h:926)           |
| DEPENDENCE           | variable=val inter false                                                                                                                                                  | in linebuffer<rows, cols, type-parameter-0-2, 1> (../../axu2cga_trd.gen/sources_1/bd/design_1/ip/design_1_v_frmbuf_wr_1_0/src/hls/hls_video_mem.h:927)           |
| DEPENDENCE           | variable=val intra false                                                                                                                                                  | in linebuffer<rows, cols, type-parameter-0-2, 1> (../../axu2cga_trd.gen/sources_1/bd/design_1/ip/design_1_v_frmbuf_wr_1_0/src/hls/hls_video_mem.h:928)           |
| INLINE               |                                                                                                                                                                           | in shift_pixels_down (../../axu2cga_trd.gen/sources_1/bd/design_1/ip/design_1_v_frmbuf_wr_1_0/src/hls/hls_video_mem.h:980)                                       |
| UNROLL               |                                                                                                                                                                           | in shift_pixels_down (../../axu2cga_trd.gen/sources_1/bd/design_1/ip/design_1_v_frmbuf_wr_1_0/src/hls/hls_video_mem.h:991)                                       |
| INLINE               |                                                                                                                                                                           | in shift_pixels_up (../../axu2cga_trd.gen/sources_1/bd/design_1/ip/design_1_v_frmbuf_wr_1_0/src/hls/hls_video_mem.h:1020)                                        |
| UNROLL               |                                                                                                                                                                           | in shift_pixels_up (../../axu2cga_trd.gen/sources_1/bd/design_1/ip/design_1_v_frmbuf_wr_1_0/src/hls/hls_video_mem.h:1031)                                        |
| INLINE               |                                                                                                                                                                           | in insert_bottom_row (../../axu2cga_trd.gen/sources_1/bd/design_1/ip/design_1_v_frmbuf_wr_1_0/src/hls/hls_video_mem.h:1059)                                      |
| INLINE               |                                                                                                                                                                           | in insert_top_row (../../axu2cga_trd.gen/sources_1/bd/design_1/ip/design_1_v_frmbuf_wr_1_0/src/hls/hls_video_mem.h:1091)                                         |
| INLINE               |                                                                                                                                                                           | in get_col (../../axu2cga_trd.gen/sources_1/bd/design_1/ip/design_1_v_frmbuf_wr_1_0/src/hls/hls_video_mem.h:1123)                                                |
| UNROLL               |                                                                                                                                                                           | in get_col (../../axu2cga_trd.gen/sources_1/bd/design_1/ip/design_1_v_frmbuf_wr_1_0/src/hls/hls_video_mem.h:1127)                                                |
| INLINE               |                                                                                                                                                                           | in getval (../../axu2cga_trd.gen/sources_1/bd/design_1/ip/design_1_v_frmbuf_wr_1_0/src/hls/hls_video_mem.h:1136)                                                 |
| INLINE               |                                                                                                                                                                           | in operator() (../../axu2cga_trd.gen/sources_1/bd/design_1/ip/design_1_v_frmbuf_wr_1_0/src/hls/hls_video_mem.h:1145)                                             |
| INLINE               |                                                                                                                                                                           | in shift_down (../../axu2cga_trd.gen/sources_1/bd/design_1/ip/design_1_v_frmbuf_wr_1_0/src/hls/hls_video_mem.h:1155)                                             |
| INLINE               |                                                                                                                                                                           | in shift_up (../../axu2cga_trd.gen/sources_1/bd/design_1/ip/design_1_v_frmbuf_wr_1_0/src/hls/hls_video_mem.h:1165)                                               |
| INLINE               |                                                                                                                                                                           | in insert_bottom (../../axu2cga_trd.gen/sources_1/bd/design_1/ip/design_1_v_frmbuf_wr_1_0/src/hls/hls_video_mem.h:1175)                                          |
| INLINE               |                                                                                                                                                                           | in insert_top (../../axu2cga_trd.gen/sources_1/bd/design_1/ip/design_1_v_frmbuf_wr_1_0/src/hls/hls_video_mem.h:1185)                                             |
| ARRAY_PARTITION      | variable=tmp complete dim=0                                                                                                                                               | in prefilternorm (../../axu2cga_trd.gen/sources_1/bd/design_1/ip/design_1_v_frmbuf_wr_1_0/src/hls/hls_video_stereobm.h:167)                                      |
| ARRAY_PARTITION      | variable=tmp complete dim=0                                                                                                                                               | in prefilternorm (../../axu2cga_trd.gen/sources_1/bd/design_1/ip/design_1_v_frmbuf_wr_1_0/src/hls/hls_video_stereobm.h:169)                                      |
| LOOP_FLATTEN         | off                                                                                                                                                                       | in prefilternorm (../../axu2cga_trd.gen/sources_1/bd/design_1/ip/design_1_v_frmbuf_wr_1_0/src/hls/hls_video_stereobm.h:181)                                      |
| PIPELINE             | ii=1                                                                                                                                                                      | in prefilternorm (../../axu2cga_trd.gen/sources_1/bd/design_1/ip/design_1_v_frmbuf_wr_1_0/src/hls/hls_video_stereobm.h:182)                                      |
| PIPELINE             | ii=1                                                                                                                                                                      | in clip (../../axu2cga_trd.gen/sources_1/bd/design_1/ip/design_1_v_frmbuf_wr_1_0/src/hls/hls_video_stereobm.h:232)                                               |
| INLINE               |                                                                                                                                                                           | in absdiff (../../axu2cga_trd.gen/sources_1/bd/design_1/ip/design_1_v_frmbuf_wr_1_0/src/hls/hls_video_stereobm.h:245)                                            |
| INLINE               |                                                                                                                                                                           | in updatetexture (../../axu2cga_trd.gen/sources_1/bd/design_1/ip/design_1_v_frmbuf_wr_1_0/src/hls/hls_video_stereobm.h:268)                                      |
| INLINE               |                                                                                                                                                                           | in sad_compute_inc (../../axu2cga_trd.gen/sources_1/bd/design_1/ip/design_1_v_frmbuf_wr_1_0/src/hls/hls_video_stereobm.h:285)                                    |
| INLINE               |                                                                                                                                                                           | in find (../../axu2cga_trd.gen/sources_1/bd/design_1/ip/design_1_v_frmbuf_wr_1_0/src/hls/hls_video_stereobm.h:310)                                               |
| ARRAY_PARTITION      | variable=a complete dim=0                                                                                                                                                 | in find (../../axu2cga_trd.gen/sources_1/bd/design_1/ip/design_1_v_frmbuf_wr_1_0/src/hls/hls_video_stereobm.h:311)                                               |
| INLINE               |                                                                                                                                                                           | in find (../../axu2cga_trd.gen/sources_1/bd/design_1/ip/design_1_v_frmbuf_wr_1_0/src/hls/hls_video_stereobm.h:339)                                               |
| ARRAY_PARTITION      | variable=a complete dim=0                                                                                                                                                 | in find (../../axu2cga_trd.gen/sources_1/bd/design_1/ip/design_1_v_frmbuf_wr_1_0/src/hls/hls_video_stereobm.h:340)                                               |
| INLINE               |                                                                                                                                                                           | in find (../../axu2cga_trd.gen/sources_1/bd/design_1/ip/design_1_v_frmbuf_wr_1_0/src/hls/hls_video_stereobm.h:351)                                               |
| ARRAY_PARTITION      | variable=a complete dim=0                                                                                                                                                 | in find (../../axu2cga_trd.gen/sources_1/bd/design_1/ip/design_1_v_frmbuf_wr_1_0/src/hls/hls_video_stereobm.h:352)                                               |
| ARRAY_PARTITION      | variable=l_tmp complete dim=0                                                                                                                                             | in sadblockmatching (../../axu2cga_trd.gen/sources_1/bd/design_1/ip/design_1_v_frmbuf_wr_1_0/src/hls/hls_video_stereobm.h:390)                                   |
| ARRAY_PARTITION      | variable=r_tmp complete dim=0                                                                                                                                             | in sadblockmatching (../../axu2cga_trd.gen/sources_1/bd/design_1/ip/design_1_v_frmbuf_wr_1_0/src/hls/hls_video_stereobm.h:392)                                   |
| ARRAY_PARTITION      | variable=sad complete dim=0                                                                                                                                               | in sadblockmatching (../../axu2cga_trd.gen/sources_1/bd/design_1/ip/design_1_v_frmbuf_wr_1_0/src/hls/hls_video_stereobm.h:395)                                   |
| ARRAY_PARTITION      | variable=sad_cols complete dim=0                                                                                                                                          | in sadblockmatching (../../axu2cga_trd.gen/sources_1/bd/design_1/ip/design_1_v_frmbuf_wr_1_0/src/hls/hls_video_stereobm.h:397)                                   |
| LOOP_FLATTEN         | off                                                                                                                                                                       | in sadblockmatching (../../axu2cga_trd.gen/sources_1/bd/design_1/ip/design_1_v_frmbuf_wr_1_0/src/hls/hls_video_stereobm.h:414)                                   |
| PIPELINE             | ii=1                                                                                                                                                                      | in sadblockmatching (../../axu2cga_trd.gen/sources_1/bd/design_1/ip/design_1_v_frmbuf_wr_1_0/src/hls/hls_video_stereobm.h:415)                                   |
| UNROLL               |                                                                                                                                                                           | in sadblockmatching (../../axu2cga_trd.gen/sources_1/bd/design_1/ip/design_1_v_frmbuf_wr_1_0/src/hls/hls_video_stereobm.h:419)                                   |
| UNROLL               |                                                                                                                                                                           | in sadblockmatching (../../axu2cga_trd.gen/sources_1/bd/design_1/ip/design_1_v_frmbuf_wr_1_0/src/hls/hls_video_stereobm.h:422)                                   |
| DATAFLOW             |                                                                                                                                                                           | in findstereocorrespondencebm (../../axu2cga_trd.gen/sources_1/bd/design_1/ip/design_1_v_frmbuf_wr_1_0/src/hls/hls_video_stereobm.h:578)                         |
| LOOP_FLATTEN         | OFF                                                                                                                                                                       | in remap_nearest (../../axu2cga_trd.gen/sources_1/bd/design_1/ip/design_1_v_frmbuf_wr_1_0/src/hls/hls_video_undistort.h:243)                                     |
| PIPELINE             | ii=1                                                                                                                                                                      | in remap_nearest (../../axu2cga_trd.gen/sources_1/bd/design_1/ip/design_1_v_frmbuf_wr_1_0/src/hls/hls_video_undistort.h:246)                                     |
| DEPENDENCE           | array inter false                                                                                                                                                         | in remap_nearest (../../axu2cga_trd.gen/sources_1/bd/design_1/ip/design_1_v_frmbuf_wr_1_0/src/hls/hls_video_undistort.h:247)                                     |
| ARRAY_PARTITION      | complete variable=buf dim=2                                                                                                                                               | in remap_linear (../../axu2cga_trd.gen/sources_1/bd/design_1/ip/design_1_v_frmbuf_wr_1_0/src/hls/hls_video_undistort.h:288)                                      |
| ARRAY_PARTITION      | complete variable=buf dim=4                                                                                                                                               | in remap_linear (../../axu2cga_trd.gen/sources_1/bd/design_1/ip/design_1_v_frmbuf_wr_1_0/src/hls/hls_video_undistort.h:289)                                      |
| LOOP_FLATTEN         | OFF                                                                                                                                                                       | in remap_linear (../../axu2cga_trd.gen/sources_1/bd/design_1/ip/design_1_v_frmbuf_wr_1_0/src/hls/hls_video_undistort.h:303)                                      |
| PIPELINE             | ii=1                                                                                                                                                                      | in remap_linear (../../axu2cga_trd.gen/sources_1/bd/design_1/ip/design_1_v_frmbuf_wr_1_0/src/hls/hls_video_undistort.h:306)                                      |
| DEPENDENCE           | array inter false                                                                                                                                                         | in remap_linear (../../axu2cga_trd.gen/sources_1/bd/design_1/ip/design_1_v_frmbuf_wr_1_0/src/hls/hls_video_undistort.h:307)                                      |
| ARRAY_PARTITION      | variable=distCoeffs complete                                                                                                                                              | in initundistortrectifymapinverse (../../axu2cga_trd.gen/sources_1/bd/design_1/ip/design_1_v_frmbuf_wr_1_0/src/hls/hls_video_undistort.h:687)                    |
| PIPELINE             | ii=1                                                                                                                                                                      | in initundistortrectifymapinverse (../../axu2cga_trd.gen/sources_1/bd/design_1/ip/design_1_v_frmbuf_wr_1_0/src/hls/hls_video_undistort.h:701)                    |
| STREAM               | depth=PLANE_STREAM_DEPTH1 variable=bytePlanes.plane1                                                                                                                      | in frmbufwrhlsdataflow (prj/sol/.autopilot/db/v_frmbuf_wr.cpp:115)                                                                                               |
| BIND_STORAGE         | variable=bytePlanes.plane1 type=fifo impl=bram                                                                                                                            | in frmbufwrhlsdataflow (prj/sol/.autopilot/db/v_frmbuf_wr.cpp:116)                                                                                               |
| STREAM               | depth=PLANE_STREAM_DEPTH0 variable=bytePlanes.plane0                                                                                                                      | in frmbufwrhlsdataflow (prj/sol/.autopilot/db/v_frmbuf_wr.cpp:119)                                                                                               |
| BIND_STORAGE         | variable=bytePlanes.plane0 type=fifo impl=bram                                                                                                                            | in frmbufwrhlsdataflow (prj/sol/.autopilot/db/v_frmbuf_wr.cpp:120)                                                                                               |
| DATAFLOW             |                                                                                                                                                                           | in frmbufwrhlsdataflow (prj/sol/.autopilot/db/v_frmbuf_wr.cpp:122)                                                                                               |
| INTERFACE            | axis port=s_axis_video register                                                                                                                                           | in v_frmbuf_wr (prj/sol/.autopilot/db/v_frmbuf_wr.cpp:175)                                                                                                       |
| INTERFACE            | s_axilite port=width bundle=CTRL offset=0x0010                                                                                                                            | in v_frmbuf_wr (prj/sol/.autopilot/db/v_frmbuf_wr.cpp:177)                                                                                                       |
| INTERFACE            | s_axilite port=height bundle=CTRL offset=0x0018                                                                                                                           | in v_frmbuf_wr (prj/sol/.autopilot/db/v_frmbuf_wr.cpp:178)                                                                                                       |
| INTERFACE            | s_axilite port=stride bundle=CTRL offset=0x0020                                                                                                                           | in v_frmbuf_wr (prj/sol/.autopilot/db/v_frmbuf_wr.cpp:179)                                                                                                       |
| INTERFACE            | s_axilite port=video_format bundle=CTRL offset=0x0028                                                                                                                     | in v_frmbuf_wr (prj/sol/.autopilot/db/v_frmbuf_wr.cpp:180)                                                                                                       |
| INTERFACE            | s_axilite port=return bundle=CTRL                                                                                                                                         | in v_frmbuf_wr (prj/sol/.autopilot/db/v_frmbuf_wr.cpp:185)                                                                                                       |
| STABLE               | variable=width                                                                                                                                                            | in v_frmbuf_wr (prj/sol/.autopilot/db/v_frmbuf_wr.cpp:187)                                                                                                       |
| STABLE               | variable=height                                                                                                                                                           | in v_frmbuf_wr (prj/sol/.autopilot/db/v_frmbuf_wr.cpp:189)                                                                                                       |
| STABLE               | variable=stride                                                                                                                                                           | in v_frmbuf_wr (prj/sol/.autopilot/db/v_frmbuf_wr.cpp:191)                                                                                                       |
| STABLE               | variable=video_format                                                                                                                                                     | in v_frmbuf_wr (prj/sol/.autopilot/db/v_frmbuf_wr.cpp:193)                                                                                                       |
| INTERFACE            | m_axi port=frm_buffer offset=slave bundle=mm_video latency=100 num_write_outstanding=NUM_WRITE_OUTSTANDING max_write_burst_length=MAX_WRITE_BURST_LENGTH depth=1920*1080  | in v_frmbuf_wr (prj/sol/.autopilot/db/v_frmbuf_wr.cpp:208)                                                                                                       |
| INTERFACE            | s_axilite port=frm_buffer bundle=CTRL offset=0x0030                                                                                                                       | in v_frmbuf_wr (prj/sol/.autopilot/db/v_frmbuf_wr.cpp:209)                                                                                                       |
| INTERFACE            | m_axi port=frm_buffer2 offset=slave bundle=mm_video latency=100 num_write_outstanding=NUM_WRITE_OUTSTANDING max_write_burst_length=MAX_WRITE_BURST_LENGTH depth=1920*1080 | in v_frmbuf_wr (prj/sol/.autopilot/db/v_frmbuf_wr.cpp:211)                                                                                                       |
| INTERFACE            | s_axilite port=frm_buffer2 bundle=CTRL offset=0x003C                                                                                                                      | in v_frmbuf_wr (prj/sol/.autopilot/db/v_frmbuf_wr.cpp:212)                                                                                                       |
| INTERFACE            | m_axi port=frm_buffer3 offset=slave bundle=mm_video latency=100 num_write_outstanding=NUM_WRITE_OUTSTANDING max_write_burst_length=MAX_WRITE_BURST_LENGTH depth=1920*1080 | in v_frmbuf_wr (prj/sol/.autopilot/db/v_frmbuf_wr.cpp:214)                                                                                                       |
| INTERFACE            | s_axilite port=frm_buffer3 bundle=CTRL offset=0x0054                                                                                                                      | in v_frmbuf_wr (prj/sol/.autopilot/db/v_frmbuf_wr.cpp:215)                                                                                                       |
| PIPELINE             | ii=1                                                                                                                                                                      | in axivideo2multipixstream (prj/sol/.autopilot/db/v_frmbuf_wr.cpp:312)                                                                                           |
| LOOP_TRIPCOUNT       | avg=0 max=0                                                                                                                                                               | in axivideo2multipixstream (prj/sol/.autopilot/db/v_frmbuf_wr.cpp:313)                                                                                           |
| LOOP_FLATTEN         | off                                                                                                                                                                       | in axivideo2multipixstream (prj/sol/.autopilot/db/v_frmbuf_wr.cpp:328)                                                                                           |
| PIPELINE             | ii=1                                                                                                                                                                      | in axivideo2multipixstream (prj/sol/.autopilot/db/v_frmbuf_wr.cpp:329)                                                                                           |
| ARRAY_PARTITION      | variable=map complete dim=0                                                                                                                                               | in axivideo2multipixstream (prj/sol/.autopilot/db/v_frmbuf_wr.cpp:357)                                                                                           |
| PIPELINE             | ii=1                                                                                                                                                                      | in axivideo2multipixstream (prj/sol/.autopilot/db/v_frmbuf_wr.cpp:409)                                                                                           |
| LOOP_TRIPCOUNT       | avg=0 max=0                                                                                                                                                               | in axivideo2multipixstream (prj/sol/.autopilot/db/v_frmbuf_wr.cpp:410)                                                                                           |
| LOOP_TRIPCOUNT       | max=4320                                                                                                                                                                  | in multipixstream2bytes (prj/sol/.autopilot/db/v_frmbuf_wr.cpp:819)                                                                                              |
| LOOP_FLATTEN         | off                                                                                                                                                                       | in multipixstream2bytes (prj/sol/.autopilot/db/v_frmbuf_wr.cpp:820)                                                                                              |
| PIPELINE             | ii=4                                                                                                                                                                      | in multipixstream2bytes (prj/sol/.autopilot/db/v_frmbuf_wr.cpp:823)                                                                                              |
| LOOP_TRIPCOUNT       | max=4320                                                                                                                                                                  | in multipixstream2bytes (prj/sol/.autopilot/db/v_frmbuf_wr.cpp:861)                                                                                              |
| LOOP_FLATTEN         | off                                                                                                                                                                       | in multipixstream2bytes (prj/sol/.autopilot/db/v_frmbuf_wr.cpp:862)                                                                                              |
| PIPELINE             | ii=4                                                                                                                                                                      | in multipixstream2bytes (prj/sol/.autopilot/db/v_frmbuf_wr.cpp:865)                                                                                              |
| LOOP_TRIPCOUNT       | max=4320                                                                                                                                                                  | in multipixstream2bytes (prj/sol/.autopilot/db/v_frmbuf_wr.cpp:902)                                                                                              |
| LOOP_FLATTEN         | off                                                                                                                                                                       | in multipixstream2bytes (prj/sol/.autopilot/db/v_frmbuf_wr.cpp:903)                                                                                              |
| PIPELINE             | ii=8                                                                                                                                                                      | in multipixstream2bytes (prj/sol/.autopilot/db/v_frmbuf_wr.cpp:906)                                                                                              |
| LOOP_TRIPCOUNT       | max=4320                                                                                                                                                                  | in multipixstream2bytes (prj/sol/.autopilot/db/v_frmbuf_wr.cpp:1088)                                                                                             |
| LOOP_FLATTEN         | off                                                                                                                                                                       | in multipixstream2bytes (prj/sol/.autopilot/db/v_frmbuf_wr.cpp:1089)                                                                                             |
| PIPELINE             | ii=8                                                                                                                                                                      | in multipixstream2bytes (prj/sol/.autopilot/db/v_frmbuf_wr.cpp:1092)                                                                                             |
| LOOP_TRIPCOUNT       | max=4320                                                                                                                                                                  | in bytes2aximmvideo (prj/sol/.autopilot/db/v_frmbuf_wr.cpp:1596)                                                                                                 |
| LOOP_FLATTEN         | off                                                                                                                                                                       | in bytes2aximmvideo (prj/sol/.autopilot/db/v_frmbuf_wr.cpp:1597)                                                                                                 |
| PIPELINE             | ii=1                                                                                                                                                                      | in bytes2aximmvideo (prj/sol/.autopilot/db/v_frmbuf_wr.cpp:1601)                                                                                                 |
| PIPELINE             | ii=1                                                                                                                                                                      | in bytes2aximmvideo (prj/sol/.autopilot/db/v_frmbuf_wr.cpp:1611)                                                                                                 |
+----------------------+---------------------------------------------------------------------------------------------------------------------------------------------------------------------------+------------------------------------------------------------------------------------------------------------------------------------------------------------------+


