Copyright 1986-2022 Xilinx, Inc. All Rights Reserved. Copyright 2022-2025 Advanced Micro Devices, Inc. All Rights Reserved.
--------------------------------------------------------------------------------------------------------------------------------------------------------------------------------------
| Tool Version      : Vivado v.2025.2 (win64) Build 6299465 Fri Nov 14 19:35:11 GMT 2025
| Date              : Wed Jan 21 13:26:15 2026
| Host              : LAPTOP-N1KB207U running 64-bit major release  (build 9200)
| Command           : report_bus_skew -warn_on_violation -file design_1_wrapper_bus_skew_routed.rpt -pb design_1_wrapper_bus_skew_routed.pb -rpx design_1_wrapper_bus_skew_routed.rpx
| Design            : design_1_wrapper
| Device            : xczu2cg-sfvc784
| Speed File        : -1  PRODUCTION 1.30 05-15-2022
| Design State      : Routed
| Temperature Grade : E
--------------------------------------------------------------------------------------------------------------------------------------------------------------------------------------

Bus Skew Report

Table of Contents
-----------------
1. Bus Skew Report Summary
2. Bus Skew Report Per Constraint

1. Bus Skew Report Summary
--------------------------

Id  Position  From                            To                              Corner  Requirement(ns)  Actual(ns)  Slack(ns)
--  --------  ------------------------------  ------------------------------  ------  ---------------  ----------  ---------
1   125       [get_cells [list {design_1_i/mipi_csi2_rx_subsyst_1/inst/rx/mipi_csi2_rx_ctrl_v1_0_14_top_dut/gen_pkt_fifo/pkt_fifo/gnuram_async_fifo.xpm_fifo_base_inst/gen_cdc_pntr.rd_pntr_cdc_inst/src_gray_ff_reg[0]} {design_1_i/mipi_csi2_rx_subsyst_1/inst/rx/mipi_csi2_rx_ctrl_v1_0_14_top_dut/gen_pkt_fifo/pkt_fifo/gnuram_async_fifo.xpm_fifo_base_inst/gen_cdc_pntr.rd_pntr_cdc_inst/src_gray_ff_reg[1]} {design_1_i/mipi_csi2_rx_subsyst_1/inst/rx/mipi_csi2_rx_ctrl_v1_0_14_top_dut/gen_pkt_fifo/pkt_fifo/gnuram_async_fifo.xpm_fifo_base_inst/gen_cdc_pntr.rd_pntr_cdc_inst/src_gray_ff_reg[2]} {design_1_i/mipi_csi2_rx_subsyst_1/inst/rx/mipi_csi2_rx_ctrl_v1_0_14_top_dut/gen_pkt_fifo/pkt_fifo/gnuram_async_fifo.xpm_fifo_base_inst/gen_cdc_pntr.rd_pntr_cdc_inst/src_gray_ff_reg[3]} {design_1_i/mipi_csi2_rx_subsyst_1/inst/rx/mipi_csi2_rx_ctrl_v1_0_14_top_dut/gen_pkt_fifo/pkt_fifo/gnuram_async_fifo.xpm_fifo_base_inst/gen_cdc_pntr.rd_pntr_cdc_inst/src_gray_ff_reg[4]}]]
                                              [get_cells [list {design_1_i/mipi_csi2_rx_subsyst_1/inst/rx/mipi_csi2_rx_ctrl_v1_0_14_top_dut/gen_pkt_fifo/pkt_fifo/gnuram_async_fifo.xpm_fifo_base_inst/gen_cdc_pntr.rd_pntr_cdc_inst/dest_graysync_ff_reg[0][0]} {design_1_i/mipi_csi2_rx_subsyst_1/inst/rx/mipi_csi2_rx_ctrl_v1_0_14_top_dut/gen_pkt_fifo/pkt_fifo/gnuram_async_fifo.xpm_fifo_base_inst/gen_cdc_pntr.rd_pntr_cdc_inst/dest_graysync_ff_reg[0][1]} {design_1_i/mipi_csi2_rx_subsyst_1/inst/rx/mipi_csi2_rx_ctrl_v1_0_14_top_dut/gen_pkt_fifo/pkt_fifo/gnuram_async_fifo.xpm_fifo_base_inst/gen_cdc_pntr.rd_pntr_cdc_inst/dest_graysync_ff_reg[0][2]} {design_1_i/mipi_csi2_rx_subsyst_1/inst/rx/mipi_csi2_rx_ctrl_v1_0_14_top_dut/gen_pkt_fifo/pkt_fifo/gnuram_async_fifo.xpm_fifo_base_inst/gen_cdc_pntr.rd_pntr_cdc_inst/dest_graysync_ff_reg[0][3]} {design_1_i/mipi_csi2_rx_subsyst_1/inst/rx/mipi_csi2_rx_ctrl_v1_0_14_top_dut/gen_pkt_fifo/pkt_fifo/gnuram_async_fifo.xpm_fifo_base_inst/gen_cdc_pntr.rd_pntr_cdc_inst/dest_graysync_ff_reg[0][4]}]]
                                                                              Slow              5.000       0.587      4.413
2   127       [get_cells [list {design_1_i/mipi_csi2_rx_subsyst_1/inst/rx/mipi_csi2_rx_ctrl_v1_0_14_top_dut/gen_pkt_fifo/pkt_fifo/gnuram_async_fifo.xpm_fifo_base_inst/gen_cdc_pntr.wr_pntr_cdc_inst/src_gray_ff_reg[0]} {design_1_i/mipi_csi2_rx_subsyst_1/inst/rx/mipi_csi2_rx_ctrl_v1_0_14_top_dut/gen_pkt_fifo/pkt_fifo/gnuram_async_fifo.xpm_fifo_base_inst/gen_cdc_pntr.wr_pntr_cdc_inst/src_gray_ff_reg[1]} {design_1_i/mipi_csi2_rx_subsyst_1/inst/rx/mipi_csi2_rx_ctrl_v1_0_14_top_dut/gen_pkt_fifo/pkt_fifo/gnuram_async_fifo.xpm_fifo_base_inst/gen_cdc_pntr.wr_pntr_cdc_inst/src_gray_ff_reg[2]} {design_1_i/mipi_csi2_rx_subsyst_1/inst/rx/mipi_csi2_rx_ctrl_v1_0_14_top_dut/gen_pkt_fifo/pkt_fifo/gnuram_async_fifo.xpm_fifo_base_inst/gen_cdc_pntr.wr_pntr_cdc_inst/src_gray_ff_reg[3]} {design_1_i/mipi_csi2_rx_subsyst_1/inst/rx/mipi_csi2_rx_ctrl_v1_0_14_top_dut/gen_pkt_fifo/pkt_fifo/gnuram_async_fifo.xpm_fifo_base_inst/gen_cdc_pntr.wr_pntr_cdc_inst/src_gray_ff_reg[4]}]]
                                              [get_cells [list {design_1_i/mipi_csi2_rx_subsyst_1/inst/rx/mipi_csi2_rx_ctrl_v1_0_14_top_dut/gen_pkt_fifo/pkt_fifo/gnuram_async_fifo.xpm_fifo_base_inst/gen_cdc_pntr.wr_pntr_cdc_inst/dest_graysync_ff_reg[0][0]} {design_1_i/mipi_csi2_rx_subsyst_1/inst/rx/mipi_csi2_rx_ctrl_v1_0_14_top_dut/gen_pkt_fifo/pkt_fifo/gnuram_async_fifo.xpm_fifo_base_inst/gen_cdc_pntr.wr_pntr_cdc_inst/dest_graysync_ff_reg[0][1]} {design_1_i/mipi_csi2_rx_subsyst_1/inst/rx/mipi_csi2_rx_ctrl_v1_0_14_top_dut/gen_pkt_fifo/pkt_fifo/gnuram_async_fifo.xpm_fifo_base_inst/gen_cdc_pntr.wr_pntr_cdc_inst/dest_graysync_ff_reg[0][2]} {design_1_i/mipi_csi2_rx_subsyst_1/inst/rx/mipi_csi2_rx_ctrl_v1_0_14_top_dut/gen_pkt_fifo/pkt_fifo/gnuram_async_fifo.xpm_fifo_base_inst/gen_cdc_pntr.wr_pntr_cdc_inst/dest_graysync_ff_reg[0][3]} {design_1_i/mipi_csi2_rx_subsyst_1/inst/rx/mipi_csi2_rx_ctrl_v1_0_14_top_dut/gen_pkt_fifo/pkt_fifo/gnuram_async_fifo.xpm_fifo_base_inst/gen_cdc_pntr.wr_pntr_cdc_inst/dest_graysync_ff_reg[0][4]}]]
                                                                              Slow              5.000       0.449      4.551
3   129       [get_cells [list {design_1_i/mipi_csi2_rx_subsyst_1/inst/rx/mipi_csi2_rx_ctrl_v1_0_14_top_dut/gen_pkt_fifo/pkt_fifo/gnuram_async_fifo.xpm_fifo_base_inst/gen_cdc_pntr.rd_pntr_cdc_dc_inst/src_gray_ff_reg[0]} {design_1_i/mipi_csi2_rx_subsyst_1/inst/rx/mipi_csi2_rx_ctrl_v1_0_14_top_dut/gen_pkt_fifo/pkt_fifo/gnuram_async_fifo.xpm_fifo_base_inst/gen_cdc_pntr.rd_pntr_cdc_dc_inst/src_gray_ff_reg[1]} {design_1_i/mipi_csi2_rx_subsyst_1/inst/rx/mipi_csi2_rx_ctrl_v1_0_14_top_dut/gen_pkt_fifo/pkt_fifo/gnuram_async_fifo.xpm_fifo_base_inst/gen_cdc_pntr.rd_pntr_cdc_dc_inst/src_gray_ff_reg[2]} {design_1_i/mipi_csi2_rx_subsyst_1/inst/rx/mipi_csi2_rx_ctrl_v1_0_14_top_dut/gen_pkt_fifo/pkt_fifo/gnuram_async_fifo.xpm_fifo_base_inst/gen_cdc_pntr.rd_pntr_cdc_dc_inst/src_gray_ff_reg[3]} {design_1_i/mipi_csi2_rx_subsyst_1/inst/rx/mipi_csi2_rx_ctrl_v1_0_14_top_dut/gen_pkt_fifo/pkt_fifo/gnuram_async_fifo.xpm_fifo_base_inst/gen_cdc_pntr.rd_pntr_cdc_dc_inst/src_gray_ff_reg[4]} {design_1_i/mipi_csi2_rx_subsyst_1/inst/rx/mipi_csi2_rx_ctrl_v1_0_14_top_dut/gen_pkt_fifo/pkt_fifo/gnuram_async_fifo.xpm_fifo_base_inst/gen_cdc_pntr.rd_pntr_cdc_dc_inst/src_gray_ff_reg[5]}]]
                                              [get_cells [list {design_1_i/mipi_csi2_rx_subsyst_1/inst/rx/mipi_csi2_rx_ctrl_v1_0_14_top_dut/gen_pkt_fifo/pkt_fifo/gnuram_async_fifo.xpm_fifo_base_inst/gen_cdc_pntr.rd_pntr_cdc_dc_inst/dest_graysync_ff_reg[0][0]} {design_1_i/mipi_csi2_rx_subsyst_1/inst/rx/mipi_csi2_rx_ctrl_v1_0_14_top_dut/gen_pkt_fifo/pkt_fifo/gnuram_async_fifo.xpm_fifo_base_inst/gen_cdc_pntr.rd_pntr_cdc_dc_inst/dest_graysync_ff_reg[0][1]} {design_1_i/mipi_csi2_rx_subsyst_1/inst/rx/mipi_csi2_rx_ctrl_v1_0_14_top_dut/gen_pkt_fifo/pkt_fifo/gnuram_async_fifo.xpm_fifo_base_inst/gen_cdc_pntr.rd_pntr_cdc_dc_inst/dest_graysync_ff_reg[0][2]} {design_1_i/mipi_csi2_rx_subsyst_1/inst/rx/mipi_csi2_rx_ctrl_v1_0_14_top_dut/gen_pkt_fifo/pkt_fifo/gnuram_async_fifo.xpm_fifo_base_inst/gen_cdc_pntr.rd_pntr_cdc_dc_inst/dest_graysync_ff_reg[0][3]} {design_1_i/mipi_csi2_rx_subsyst_1/inst/rx/mipi_csi2_rx_ctrl_v1_0_14_top_dut/gen_pkt_fifo/pkt_fifo/gnuram_async_fifo.xpm_fifo_base_inst/gen_cdc_pntr.rd_pntr_cdc_dc_inst/dest_graysync_ff_reg[0][4]} {design_1_i/mipi_csi2_rx_subsyst_1/inst/rx/mipi_csi2_rx_ctrl_v1_0_14_top_dut/gen_pkt_fifo/pkt_fifo/gnuram_async_fifo.xpm_fifo_base_inst/gen_cdc_pntr.rd_pntr_cdc_dc_inst/dest_graysync_ff_reg[0][5]}]]
                                                                              Slow              5.000       0.713      4.287
4   131       [get_cells [list {design_1_i/mipi_csi2_rx_subsyst_1/inst/rx/mipi_csi2_rx_ctrl_v1_0_14_top_dut/gen_pkt_fifo/pkt_fifo/gnuram_async_fifo.xpm_fifo_base_inst/gen_cdc_pntr.wr_pntr_cdc_dc_inst/src_gray_ff_reg[0]} {design_1_i/mipi_csi2_rx_subsyst_1/inst/rx/mipi_csi2_rx_ctrl_v1_0_14_top_dut/gen_pkt_fifo/pkt_fifo/gnuram_async_fifo.xpm_fifo_base_inst/gen_cdc_pntr.wr_pntr_cdc_dc_inst/src_gray_ff_reg[1]} {design_1_i/mipi_csi2_rx_subsyst_1/inst/rx/mipi_csi2_rx_ctrl_v1_0_14_top_dut/gen_pkt_fifo/pkt_fifo/gnuram_async_fifo.xpm_fifo_base_inst/gen_cdc_pntr.wr_pntr_cdc_dc_inst/src_gray_ff_reg[2]} {design_1_i/mipi_csi2_rx_subsyst_1/inst/rx/mipi_csi2_rx_ctrl_v1_0_14_top_dut/gen_pkt_fifo/pkt_fifo/gnuram_async_fifo.xpm_fifo_base_inst/gen_cdc_pntr.wr_pntr_cdc_dc_inst/src_gray_ff_reg[3]} {design_1_i/mipi_csi2_rx_subsyst_1/inst/rx/mipi_csi2_rx_ctrl_v1_0_14_top_dut/gen_pkt_fifo/pkt_fifo/gnuram_async_fifo.xpm_fifo_base_inst/gen_cdc_pntr.wr_pntr_cdc_dc_inst/src_gray_ff_reg[4]} {design_1_i/mipi_csi2_rx_subsyst_1/inst/rx/mipi_csi2_rx_ctrl_v1_0_14_top_dut/gen_pkt_fifo/pkt_fifo/gnuram_async_fifo.xpm_fifo_base_inst/gen_cdc_pntr.wr_pntr_cdc_dc_inst/src_gray_ff_reg[5]}]]
                                              [get_cells [list {design_1_i/mipi_csi2_rx_subsyst_1/inst/rx/mipi_csi2_rx_ctrl_v1_0_14_top_dut/gen_pkt_fifo/pkt_fifo/gnuram_async_fifo.xpm_fifo_base_inst/gen_cdc_pntr.wr_pntr_cdc_dc_inst/dest_graysync_ff_reg[0][0]} {design_1_i/mipi_csi2_rx_subsyst_1/inst/rx/mipi_csi2_rx_ctrl_v1_0_14_top_dut/gen_pkt_fifo/pkt_fifo/gnuram_async_fifo.xpm_fifo_base_inst/gen_cdc_pntr.wr_pntr_cdc_dc_inst/dest_graysync_ff_reg[0][1]} {design_1_i/mipi_csi2_rx_subsyst_1/inst/rx/mipi_csi2_rx_ctrl_v1_0_14_top_dut/gen_pkt_fifo/pkt_fifo/gnuram_async_fifo.xpm_fifo_base_inst/gen_cdc_pntr.wr_pntr_cdc_dc_inst/dest_graysync_ff_reg[0][2]} {design_1_i/mipi_csi2_rx_subsyst_1/inst/rx/mipi_csi2_rx_ctrl_v1_0_14_top_dut/gen_pkt_fifo/pkt_fifo/gnuram_async_fifo.xpm_fifo_base_inst/gen_cdc_pntr.wr_pntr_cdc_dc_inst/dest_graysync_ff_reg[0][3]} {design_1_i/mipi_csi2_rx_subsyst_1/inst/rx/mipi_csi2_rx_ctrl_v1_0_14_top_dut/gen_pkt_fifo/pkt_fifo/gnuram_async_fifo.xpm_fifo_base_inst/gen_cdc_pntr.wr_pntr_cdc_dc_inst/dest_graysync_ff_reg[0][4]} {design_1_i/mipi_csi2_rx_subsyst_1/inst/rx/mipi_csi2_rx_ctrl_v1_0_14_top_dut/gen_pkt_fifo/pkt_fifo/gnuram_async_fifo.xpm_fifo_base_inst/gen_cdc_pntr.wr_pntr_cdc_dc_inst/dest_graysync_ff_reg[0][5]}]]
                                                                              Slow              5.000       0.522      4.478
5   133       [get_cells [list {design_1_i/mipi_csi2_rx_subsyst_0/inst/rx/mipi_csi2_rx_ctrl_v1_0_14_top_dut/gen_pkt_fifo/pkt_fifo/gnuram_async_fifo.xpm_fifo_base_inst/gen_cdc_pntr.rd_pntr_cdc_inst/src_gray_ff_reg[0]} {design_1_i/mipi_csi2_rx_subsyst_0/inst/rx/mipi_csi2_rx_ctrl_v1_0_14_top_dut/gen_pkt_fifo/pkt_fifo/gnuram_async_fifo.xpm_fifo_base_inst/gen_cdc_pntr.rd_pntr_cdc_inst/src_gray_ff_reg[1]} {design_1_i/mipi_csi2_rx_subsyst_0/inst/rx/mipi_csi2_rx_ctrl_v1_0_14_top_dut/gen_pkt_fifo/pkt_fifo/gnuram_async_fifo.xpm_fifo_base_inst/gen_cdc_pntr.rd_pntr_cdc_inst/src_gray_ff_reg[2]} {design_1_i/mipi_csi2_rx_subsyst_0/inst/rx/mipi_csi2_rx_ctrl_v1_0_14_top_dut/gen_pkt_fifo/pkt_fifo/gnuram_async_fifo.xpm_fifo_base_inst/gen_cdc_pntr.rd_pntr_cdc_inst/src_gray_ff_reg[3]} {design_1_i/mipi_csi2_rx_subsyst_0/inst/rx/mipi_csi2_rx_ctrl_v1_0_14_top_dut/gen_pkt_fifo/pkt_fifo/gnuram_async_fifo.xpm_fifo_base_inst/gen_cdc_pntr.rd_pntr_cdc_inst/src_gray_ff_reg[4]}]]
                                              [get_cells [list {design_1_i/mipi_csi2_rx_subsyst_0/inst/rx/mipi_csi2_rx_ctrl_v1_0_14_top_dut/gen_pkt_fifo/pkt_fifo/gnuram_async_fifo.xpm_fifo_base_inst/gen_cdc_pntr.rd_pntr_cdc_inst/dest_graysync_ff_reg[0][0]} {design_1_i/mipi_csi2_rx_subsyst_0/inst/rx/mipi_csi2_rx_ctrl_v1_0_14_top_dut/gen_pkt_fifo/pkt_fifo/gnuram_async_fifo.xpm_fifo_base_inst/gen_cdc_pntr.rd_pntr_cdc_inst/dest_graysync_ff_reg[0][1]} {design_1_i/mipi_csi2_rx_subsyst_0/inst/rx/mipi_csi2_rx_ctrl_v1_0_14_top_dut/gen_pkt_fifo/pkt_fifo/gnuram_async_fifo.xpm_fifo_base_inst/gen_cdc_pntr.rd_pntr_cdc_inst/dest_graysync_ff_reg[0][2]} {design_1_i/mipi_csi2_rx_subsyst_0/inst/rx/mipi_csi2_rx_ctrl_v1_0_14_top_dut/gen_pkt_fifo/pkt_fifo/gnuram_async_fifo.xpm_fifo_base_inst/gen_cdc_pntr.rd_pntr_cdc_inst/dest_graysync_ff_reg[0][3]} {design_1_i/mipi_csi2_rx_subsyst_0/inst/rx/mipi_csi2_rx_ctrl_v1_0_14_top_dut/gen_pkt_fifo/pkt_fifo/gnuram_async_fifo.xpm_fifo_base_inst/gen_cdc_pntr.rd_pntr_cdc_inst/dest_graysync_ff_reg[0][4]}]]
                                                                              Slow              5.000       0.528      4.472
6   135       [get_cells [list {design_1_i/mipi_csi2_rx_subsyst_0/inst/rx/mipi_csi2_rx_ctrl_v1_0_14_top_dut/gen_pkt_fifo/pkt_fifo/gnuram_async_fifo.xpm_fifo_base_inst/gen_cdc_pntr.wr_pntr_cdc_inst/src_gray_ff_reg[0]} {design_1_i/mipi_csi2_rx_subsyst_0/inst/rx/mipi_csi2_rx_ctrl_v1_0_14_top_dut/gen_pkt_fifo/pkt_fifo/gnuram_async_fifo.xpm_fifo_base_inst/gen_cdc_pntr.wr_pntr_cdc_inst/src_gray_ff_reg[1]} {design_1_i/mipi_csi2_rx_subsyst_0/inst/rx/mipi_csi2_rx_ctrl_v1_0_14_top_dut/gen_pkt_fifo/pkt_fifo/gnuram_async_fifo.xpm_fifo_base_inst/gen_cdc_pntr.wr_pntr_cdc_inst/src_gray_ff_reg[2]} {design_1_i/mipi_csi2_rx_subsyst_0/inst/rx/mipi_csi2_rx_ctrl_v1_0_14_top_dut/gen_pkt_fifo/pkt_fifo/gnuram_async_fifo.xpm_fifo_base_inst/gen_cdc_pntr.wr_pntr_cdc_inst/src_gray_ff_reg[3]} {design_1_i/mipi_csi2_rx_subsyst_0/inst/rx/mipi_csi2_rx_ctrl_v1_0_14_top_dut/gen_pkt_fifo/pkt_fifo/gnuram_async_fifo.xpm_fifo_base_inst/gen_cdc_pntr.wr_pntr_cdc_inst/src_gray_ff_reg[4]}]]
                                              [get_cells [list {design_1_i/mipi_csi2_rx_subsyst_0/inst/rx/mipi_csi2_rx_ctrl_v1_0_14_top_dut/gen_pkt_fifo/pkt_fifo/gnuram_async_fifo.xpm_fifo_base_inst/gen_cdc_pntr.wr_pntr_cdc_inst/dest_graysync_ff_reg[0][0]} {design_1_i/mipi_csi2_rx_subsyst_0/inst/rx/mipi_csi2_rx_ctrl_v1_0_14_top_dut/gen_pkt_fifo/pkt_fifo/gnuram_async_fifo.xpm_fifo_base_inst/gen_cdc_pntr.wr_pntr_cdc_inst/dest_graysync_ff_reg[0][1]} {design_1_i/mipi_csi2_rx_subsyst_0/inst/rx/mipi_csi2_rx_ctrl_v1_0_14_top_dut/gen_pkt_fifo/pkt_fifo/gnuram_async_fifo.xpm_fifo_base_inst/gen_cdc_pntr.wr_pntr_cdc_inst/dest_graysync_ff_reg[0][2]} {design_1_i/mipi_csi2_rx_subsyst_0/inst/rx/mipi_csi2_rx_ctrl_v1_0_14_top_dut/gen_pkt_fifo/pkt_fifo/gnuram_async_fifo.xpm_fifo_base_inst/gen_cdc_pntr.wr_pntr_cdc_inst/dest_graysync_ff_reg[0][3]} {design_1_i/mipi_csi2_rx_subsyst_0/inst/rx/mipi_csi2_rx_ctrl_v1_0_14_top_dut/gen_pkt_fifo/pkt_fifo/gnuram_async_fifo.xpm_fifo_base_inst/gen_cdc_pntr.wr_pntr_cdc_inst/dest_graysync_ff_reg[0][4]}]]
                                                                              Slow              5.000       0.365      4.635
7   137       [get_cells [list {design_1_i/mipi_csi2_rx_subsyst_0/inst/rx/mipi_csi2_rx_ctrl_v1_0_14_top_dut/gen_pkt_fifo/pkt_fifo/gnuram_async_fifo.xpm_fifo_base_inst/gen_cdc_pntr.rd_pntr_cdc_dc_inst/src_gray_ff_reg[0]} {design_1_i/mipi_csi2_rx_subsyst_0/inst/rx/mipi_csi2_rx_ctrl_v1_0_14_top_dut/gen_pkt_fifo/pkt_fifo/gnuram_async_fifo.xpm_fifo_base_inst/gen_cdc_pntr.rd_pntr_cdc_dc_inst/src_gray_ff_reg[1]} {design_1_i/mipi_csi2_rx_subsyst_0/inst/rx/mipi_csi2_rx_ctrl_v1_0_14_top_dut/gen_pkt_fifo/pkt_fifo/gnuram_async_fifo.xpm_fifo_base_inst/gen_cdc_pntr.rd_pntr_cdc_dc_inst/src_gray_ff_reg[2]} {design_1_i/mipi_csi2_rx_subsyst_0/inst/rx/mipi_csi2_rx_ctrl_v1_0_14_top_dut/gen_pkt_fifo/pkt_fifo/gnuram_async_fifo.xpm_fifo_base_inst/gen_cdc_pntr.rd_pntr_cdc_dc_inst/src_gray_ff_reg[3]} {design_1_i/mipi_csi2_rx_subsyst_0/inst/rx/mipi_csi2_rx_ctrl_v1_0_14_top_dut/gen_pkt_fifo/pkt_fifo/gnuram_async_fifo.xpm_fifo_base_inst/gen_cdc_pntr.rd_pntr_cdc_dc_inst/src_gray_ff_reg[4]} {design_1_i/mipi_csi2_rx_subsyst_0/inst/rx/mipi_csi2_rx_ctrl_v1_0_14_top_dut/gen_pkt_fifo/pkt_fifo/gnuram_async_fifo.xpm_fifo_base_inst/gen_cdc_pntr.rd_pntr_cdc_dc_inst/src_gray_ff_reg[5]}]]
                                              [get_cells [list {design_1_i/mipi_csi2_rx_subsyst_0/inst/rx/mipi_csi2_rx_ctrl_v1_0_14_top_dut/gen_pkt_fifo/pkt_fifo/gnuram_async_fifo.xpm_fifo_base_inst/gen_cdc_pntr.rd_pntr_cdc_dc_inst/dest_graysync_ff_reg[0][0]} {design_1_i/mipi_csi2_rx_subsyst_0/inst/rx/mipi_csi2_rx_ctrl_v1_0_14_top_dut/gen_pkt_fifo/pkt_fifo/gnuram_async_fifo.xpm_fifo_base_inst/gen_cdc_pntr.rd_pntr_cdc_dc_inst/dest_graysync_ff_reg[0][1]} {design_1_i/mipi_csi2_rx_subsyst_0/inst/rx/mipi_csi2_rx_ctrl_v1_0_14_top_dut/gen_pkt_fifo/pkt_fifo/gnuram_async_fifo.xpm_fifo_base_inst/gen_cdc_pntr.rd_pntr_cdc_dc_inst/dest_graysync_ff_reg[0][2]} {design_1_i/mipi_csi2_rx_subsyst_0/inst/rx/mipi_csi2_rx_ctrl_v1_0_14_top_dut/gen_pkt_fifo/pkt_fifo/gnuram_async_fifo.xpm_fifo_base_inst/gen_cdc_pntr.rd_pntr_cdc_dc_inst/dest_graysync_ff_reg[0][3]} {design_1_i/mipi_csi2_rx_subsyst_0/inst/rx/mipi_csi2_rx_ctrl_v1_0_14_top_dut/gen_pkt_fifo/pkt_fifo/gnuram_async_fifo.xpm_fifo_base_inst/gen_cdc_pntr.rd_pntr_cdc_dc_inst/dest_graysync_ff_reg[0][4]} {design_1_i/mipi_csi2_rx_subsyst_0/inst/rx/mipi_csi2_rx_ctrl_v1_0_14_top_dut/gen_pkt_fifo/pkt_fifo/gnuram_async_fifo.xpm_fifo_base_inst/gen_cdc_pntr.rd_pntr_cdc_dc_inst/dest_graysync_ff_reg[0][5]}]]
                                                                              Slow              5.000       0.470      4.530
8   139       [get_cells [list {design_1_i/mipi_csi2_rx_subsyst_0/inst/rx/mipi_csi2_rx_ctrl_v1_0_14_top_dut/gen_pkt_fifo/pkt_fifo/gnuram_async_fifo.xpm_fifo_base_inst/gen_cdc_pntr.wr_pntr_cdc_dc_inst/src_gray_ff_reg[0]} {design_1_i/mipi_csi2_rx_subsyst_0/inst/rx/mipi_csi2_rx_ctrl_v1_0_14_top_dut/gen_pkt_fifo/pkt_fifo/gnuram_async_fifo.xpm_fifo_base_inst/gen_cdc_pntr.wr_pntr_cdc_dc_inst/src_gray_ff_reg[1]} {design_1_i/mipi_csi2_rx_subsyst_0/inst/rx/mipi_csi2_rx_ctrl_v1_0_14_top_dut/gen_pkt_fifo/pkt_fifo/gnuram_async_fifo.xpm_fifo_base_inst/gen_cdc_pntr.wr_pntr_cdc_dc_inst/src_gray_ff_reg[2]} {design_1_i/mipi_csi2_rx_subsyst_0/inst/rx/mipi_csi2_rx_ctrl_v1_0_14_top_dut/gen_pkt_fifo/pkt_fifo/gnuram_async_fifo.xpm_fifo_base_inst/gen_cdc_pntr.wr_pntr_cdc_dc_inst/src_gray_ff_reg[3]} {design_1_i/mipi_csi2_rx_subsyst_0/inst/rx/mipi_csi2_rx_ctrl_v1_0_14_top_dut/gen_pkt_fifo/pkt_fifo/gnuram_async_fifo.xpm_fifo_base_inst/gen_cdc_pntr.wr_pntr_cdc_dc_inst/src_gray_ff_reg[4]} {design_1_i/mipi_csi2_rx_subsyst_0/inst/rx/mipi_csi2_rx_ctrl_v1_0_14_top_dut/gen_pkt_fifo/pkt_fifo/gnuram_async_fifo.xpm_fifo_base_inst/gen_cdc_pntr.wr_pntr_cdc_dc_inst/src_gray_ff_reg[5]}]]
                                              [get_cells [list {design_1_i/mipi_csi2_rx_subsyst_0/inst/rx/mipi_csi2_rx_ctrl_v1_0_14_top_dut/gen_pkt_fifo/pkt_fifo/gnuram_async_fifo.xpm_fifo_base_inst/gen_cdc_pntr.wr_pntr_cdc_dc_inst/dest_graysync_ff_reg[0][0]} {design_1_i/mipi_csi2_rx_subsyst_0/inst/rx/mipi_csi2_rx_ctrl_v1_0_14_top_dut/gen_pkt_fifo/pkt_fifo/gnuram_async_fifo.xpm_fifo_base_inst/gen_cdc_pntr.wr_pntr_cdc_dc_inst/dest_graysync_ff_reg[0][1]} {design_1_i/mipi_csi2_rx_subsyst_0/inst/rx/mipi_csi2_rx_ctrl_v1_0_14_top_dut/gen_pkt_fifo/pkt_fifo/gnuram_async_fifo.xpm_fifo_base_inst/gen_cdc_pntr.wr_pntr_cdc_dc_inst/dest_graysync_ff_reg[0][2]} {design_1_i/mipi_csi2_rx_subsyst_0/inst/rx/mipi_csi2_rx_ctrl_v1_0_14_top_dut/gen_pkt_fifo/pkt_fifo/gnuram_async_fifo.xpm_fifo_base_inst/gen_cdc_pntr.wr_pntr_cdc_dc_inst/dest_graysync_ff_reg[0][3]} {design_1_i/mipi_csi2_rx_subsyst_0/inst/rx/mipi_csi2_rx_ctrl_v1_0_14_top_dut/gen_pkt_fifo/pkt_fifo/gnuram_async_fifo.xpm_fifo_base_inst/gen_cdc_pntr.wr_pntr_cdc_dc_inst/dest_graysync_ff_reg[0][4]} {design_1_i/mipi_csi2_rx_subsyst_0/inst/rx/mipi_csi2_rx_ctrl_v1_0_14_top_dut/gen_pkt_fifo/pkt_fifo/gnuram_async_fifo.xpm_fifo_base_inst/gen_cdc_pntr.wr_pntr_cdc_dc_inst/dest_graysync_ff_reg[0][5]}]]
                                                                              Slow              5.000       0.561      4.439


2. Bus Skew Report Per Constraint
---------------------------------

Id: 1
set_bus_skew -from [get_cells [list {design_1_i/mipi_csi2_rx_subsyst_1/inst/rx/mipi_csi2_rx_ctrl_v1_0_14_top_dut/gen_pkt_fifo/pkt_fifo/gnuram_async_fifo.xpm_fifo_base_inst/gen_cdc_pntr.rd_pntr_cdc_inst/src_gray_ff_reg[0]} {design_1_i/mipi_csi2_rx_subsyst_1/inst/rx/mipi_csi2_rx_ctrl_v1_0_14_top_dut/gen_pkt_fifo/pkt_fifo/gnuram_async_fifo.xpm_fifo_base_inst/gen_cdc_pntr.rd_pntr_cdc_inst/src_gray_ff_reg[1]} {design_1_i/mipi_csi2_rx_subsyst_1/inst/rx/mipi_csi2_rx_ctrl_v1_0_14_top_dut/gen_pkt_fifo/pkt_fifo/gnuram_async_fifo.xpm_fifo_base_inst/gen_cdc_pntr.rd_pntr_cdc_inst/src_gray_ff_reg[2]} {design_1_i/mipi_csi2_rx_subsyst_1/inst/rx/mipi_csi2_rx_ctrl_v1_0_14_top_dut/gen_pkt_fifo/pkt_fifo/gnuram_async_fifo.xpm_fifo_base_inst/gen_cdc_pntr.rd_pntr_cdc_inst/src_gray_ff_reg[3]} {design_1_i/mipi_csi2_rx_subsyst_1/inst/rx/mipi_csi2_rx_ctrl_v1_0_14_top_dut/gen_pkt_fifo/pkt_fifo/gnuram_async_fifo.xpm_fifo_base_inst/gen_cdc_pntr.rd_pntr_cdc_inst/src_gray_ff_reg[4]}]] -to [get_cells [list {design_1_i/mipi_csi2_rx_subsyst_1/inst/rx/mipi_csi2_rx_ctrl_v1_0_14_top_dut/gen_pkt_fifo/pkt_fifo/gnuram_async_fifo.xpm_fifo_base_inst/gen_cdc_pntr.rd_pntr_cdc_inst/dest_graysync_ff_reg[0][0]} {design_1_i/mipi_csi2_rx_subsyst_1/inst/rx/mipi_csi2_rx_ctrl_v1_0_14_top_dut/gen_pkt_fifo/pkt_fifo/gnuram_async_fifo.xpm_fifo_base_inst/gen_cdc_pntr.rd_pntr_cdc_inst/dest_graysync_ff_reg[0][1]} {design_1_i/mipi_csi2_rx_subsyst_1/inst/rx/mipi_csi2_rx_ctrl_v1_0_14_top_dut/gen_pkt_fifo/pkt_fifo/gnuram_async_fifo.xpm_fifo_base_inst/gen_cdc_pntr.rd_pntr_cdc_inst/dest_graysync_ff_reg[0][2]} {design_1_i/mipi_csi2_rx_subsyst_1/inst/rx/mipi_csi2_rx_ctrl_v1_0_14_top_dut/gen_pkt_fifo/pkt_fifo/gnuram_async_fifo.xpm_fifo_base_inst/gen_cdc_pntr.rd_pntr_cdc_inst/dest_graysync_ff_reg[0][3]} {design_1_i/mipi_csi2_rx_subsyst_1/inst/rx/mipi_csi2_rx_ctrl_v1_0_14_top_dut/gen_pkt_fifo/pkt_fifo/gnuram_async_fifo.xpm_fifo_base_inst/gen_cdc_pntr.rd_pntr_cdc_inst/dest_graysync_ff_reg[0][4]}]] 5.000
Requirement: 5.000ns
Endpoints: 5

From Clock            To Clock              Endpoint Pin                    Reference Pin                   Corner  Actual(ns)  Slack(ns)
--------------------  --------------------  ------------------------------  ------------------------------  ------  ----------  ---------
clk_out1_design_1_clk_wiz_0_0
                      mipi_phy_if_1_clk_p_FIFO_WRCLK_OUT
                                            design_1_i/mipi_csi2_rx_subsyst_1/inst/rx/mipi_csi2_rx_ctrl_v1_0_14_top_dut/gen_pkt_fifo/pkt_fifo/gnuram_async_fifo.xpm_fifo_base_inst/gen_cdc_pntr.rd_pntr_cdc_inst/dest_graysync_ff_reg[0][4]/D
                                                                            design_1_i/mipi_csi2_rx_subsyst_1/inst/rx/mipi_csi2_rx_ctrl_v1_0_14_top_dut/gen_pkt_fifo/pkt_fifo/gnuram_async_fifo.xpm_fifo_base_inst/gen_cdc_pntr.rd_pntr_cdc_inst/dest_graysync_ff_reg[0][1]/D
                                                                                                            Slow         0.587      4.413


Slack (MET) :             4.413ns  (requirement - actual skew)
  Endpoint Source:        design_1_wrapper/design_1/design_1_mipi_csi2_rx_subsyst_1_0/design_1_mipi_csi2_rx_subsyst_1_0_bd_115c/bd_115c_rx_0/<hidden>/<hidden>/<hidden>/<hidden>/<hidden>
                            (rising edge-triggered cell FDRE clocked by clk_out1_design_1_clk_wiz_0_0)
  Endpoint Destination:   design_1_wrapper/design_1/design_1_mipi_csi2_rx_subsyst_1_0/design_1_mipi_csi2_rx_subsyst_1_0_bd_115c/bd_115c_rx_0/<hidden>/<hidden>/<hidden>/<hidden>/<hidden>
                            (rising edge-triggered cell FDRE clocked by mipi_phy_if_1_clk_p_FIFO_WRCLK_OUT)
  Reference Source:       design_1_wrapper/design_1/design_1_mipi_csi2_rx_subsyst_1_0/design_1_mipi_csi2_rx_subsyst_1_0_bd_115c/bd_115c_rx_0/<hidden>/<hidden>/<hidden>/<hidden>/<hidden>
                            (rising edge-triggered cell FDRE clocked by clk_out1_design_1_clk_wiz_0_0)
  Reference Destination:  design_1_wrapper/design_1/design_1_mipi_csi2_rx_subsyst_1_0/design_1_mipi_csi2_rx_subsyst_1_0_bd_115c/bd_115c_rx_0/<hidden>/<hidden>/<hidden>/<hidden>/<hidden>
                            (rising edge-triggered cell FDRE clocked by mipi_phy_if_1_clk_p_FIFO_WRCLK_OUT)
  Path Type:              Bus Skew (Max at Slow Process Corner)
  Requirement:            5.000ns
  Endpoint Relative Delay:    2.257ns
  Reference Relative Delay:   0.394ns
  Relative CRPR:              1.277ns
  Actual Bus Skew:            0.587ns  (Endpoint Relative Delay - Reference Relative Delay - Relative CRPR)

Endpoint path:
    Location             Delay type                Incr(ns)  Path(ns)    Netlist Resource(s)
  -------------------------------------------------------------------    -------------------
                         (clock clk_out1_design_1_clk_wiz_0_0 rise edge)
                                                      0.000     0.000 r  
    AB11                                              0.000     0.000 r  pl_ref_clk[0] (IN)
                         net (fo=0)                   0.000     0.000    pl_ref_clk_IBUF[0]_inst/I
    AB11                 INBUF (Prop_INBUF_HDIOB_M_PAD_O)
                                                      1.279     1.279 r  pl_ref_clk_IBUF[0]_inst/INBUF_INST/O
                         net (fo=1, routed)           0.000     1.279    pl_ref_clk_IBUF[0]_inst/OUT
    AB11                 IBUFCTRL (Prop_IBUFCTRL_HDIOB_M_I_O)
                                                      0.000     1.279 r  pl_ref_clk_IBUF[0]_inst/IBUFCTRL_INST/O
                         net (fo=1, routed)           0.211     1.490    design_1_i/util_ds_buf_0/U0/BUFG_I[0]
    BUFGCE_HDIO_X3Y0     BUFGCE (Prop_BUFCE_BUFGCE_HDIO_I_O)
                                                      0.028     1.518 r  design_1_i/util_ds_buf_0/U0/USE_BUFG.GEN_BUFG[0].BUFG_U/O
                         net (fo=1, routed)           0.584     2.102    design_1_i/clk_wiz_0/inst/clk_in1
    MMCM_X0Y0            MMCME4_ADV (Prop_MMCM_CLKIN1_CLKOUT0)
                                                     -0.106     1.996 r  design_1_i/clk_wiz_0/inst/mmcme4_adv_inst/CLKOUT0
                         net (fo=1, routed)           0.257     2.253    design_1_i/clk_wiz_0/inst/clk_out1_design_1_clk_wiz_0_0
    BUFGCE_X0Y13         BUFGCE (Prop_BUFCE_BUFGCE_I_O)
                                                      0.028     2.281 r  design_1_i/clk_wiz_0/inst/clkout1_buf/O
    X0Y1 (CLOCK_ROOT)    net (fo=25838, routed)       2.122     4.403    design_1_wrapper/design_1/design_1_mipi_csi2_rx_subsyst_1_0/design_1_mipi_csi2_rx_subsyst_1_0_bd_115c/bd_115c_rx_0/<hidden>/<hidden>/<hidden>/<hidden>/<hidden>
    SLICE_X32Y132        FDRE                                         r  design_1_wrapper/design_1/design_1_mipi_csi2_rx_subsyst_1_0/design_1_mipi_csi2_rx_subsyst_1_0_bd_115c/bd_115c_rx_0/<hidden>/<hidden>/<hidden>/<hidden>/<hidden>
  -------------------------------------------------------------------    -------------------
    SLICE_X32Y132        FDRE (Prop_EFF_SLICEL_C_Q)
                                                      0.096     4.499 r  design_1_wrapper/design_1/design_1_mipi_csi2_rx_subsyst_1_0/design_1_mipi_csi2_rx_subsyst_1_0_bd_115c/bd_115c_rx_0/<hidden>/<hidden>/<hidden>/<hidden>/<hidden>
                         net (fo=1, routed)           0.501     5.000    design_1_wrapper/design_1/design_1_mipi_csi2_rx_subsyst_1_0/design_1_mipi_csi2_rx_subsyst_1_0_bd_115c/bd_115c_rx_0/<hidden>/<hidden>/<hidden>/<hidden>/<hidden>
    SLICE_X32Y132        FDRE                                         r  design_1_wrapper/design_1/design_1_mipi_csi2_rx_subsyst_1_0/design_1_mipi_csi2_rx_subsyst_1_0_bd_115c/bd_115c_rx_0/<hidden>/<hidden>/<hidden>/<hidden>/<hidden>
  -------------------------------------------------------------------    -------------------

                         (clock mipi_phy_if_1_clk_p_FIFO_WRCLK_OUT rise edge)
                                                      0.000     0.000 r  
    W8                                                0.000     0.000 r  mipi_phy_if_1_clk_p (IN)
                         net (fo=0)                   0.079     0.079    design_1_i/mipi_csi2_rx_subsyst_1/inst/phy/inst/inst/bd_115c_phy_0_rx_support_i/slave_rx.bd_115c_phy_0_rx_hssio_i/inst/top_inst/iobuf_top_inst/io_gen[0].ibufds_dphy/I
    HPIOBDIFFINBUF_X0Y24 DPHY_DIFFINBUF (Prop_DPHY_DIFFINBUF_HPIOBDIFFINBUF_I_HSRX_O)
                                                      0.332     0.411 r  design_1_i/mipi_csi2_rx_subsyst_1/inst/phy/inst/inst/bd_115c_phy_0_rx_support_i/slave_rx.bd_115c_phy_0_rx_hssio_i/inst/top_inst/iobuf_top_inst/io_gen[0].ibufds_dphy/DIFFINBUF_INST/HSRX_O
                         net (fo=1, routed)           0.040     0.451    design_1_i/mipi_csi2_rx_subsyst_1/inst/phy/inst/inst/bd_115c_phy_0_rx_support_i/slave_rx.bd_115c_phy_0_rx_hssio_i/inst/top_inst/iobuf_top_inst/io_gen[0].ibufds_dphy/OUT
    W8                   IBUFCTRL (Prop_IBUFCTRL_HPIOB_M_I_O)
                                                      0.000     0.451 r  design_1_i/mipi_csi2_rx_subsyst_1/inst/phy/inst/inst/bd_115c_phy_0_rx_support_i/slave_rx.bd_115c_phy_0_rx_hssio_i/inst/top_inst/iobuf_top_inst/io_gen[0].ibufds_dphy/IBUFCTRL_INST/O
                         net (fo=1, routed)           0.000     0.451    design_1_i/mipi_csi2_rx_subsyst_1/inst/phy/inst/inst/bd_115c_phy_0_rx_support_i/slave_rx.bd_115c_phy_0_rx_hssio_i/inst/top_inst/bs_top_inst/u_rx_bs/data_to_bs_out[0]
    BITSLICE_RX_TX_X0Y52 RX_BITSLICE (Prop_RX_BITSLICE_BITSLICE_RXTX_RX_DATAIN_RX_BIT_CTRL_OUT[9])
                                                      0.025     0.476 f  design_1_i/mipi_csi2_rx_subsyst_1/inst/phy/inst/inst/bd_115c_phy_0_rx_support_i/slave_rx.bd_115c_phy_0_rx_hssio_i/inst/top_inst/bs_top_inst/u_rx_bs/RX_BS[0].rx_bitslice_if_bs/RX_BIT_CTRL_OUT[9]
                         net (fo=1, routed)           0.003     0.479    design_1_i/mipi_csi2_rx_subsyst_1/inst/phy/inst/inst/bd_115c_phy_0_rx_support_i/slave_rx.bd_115c_phy_0_rx_hssio_i/inst/top_inst/bs_ctrl_top_inst/rx_bs0_rx_bit_ctrl_out[9]
    BITSLICE_CONTROL_X0Y8
                         BITSLICE_CONTROL (Prop_CONTROL_BITSLICE_CONTROL_RX_BIT_CTRL_IN0[9]_RX_BIT_CTRL_OUT0[20])
                                                      0.254     0.733 r  design_1_i/mipi_csi2_rx_subsyst_1/inst/phy/inst/inst/bd_115c_phy_0_rx_support_i/slave_rx.bd_115c_phy_0_rx_hssio_i/inst/top_inst/bs_ctrl_top_inst/BITSLICE_CTRL[0].bs_ctrl_inst/RX_BIT_CTRL_OUT0[20]
                         net (fo=1, routed)           0.006     0.739    design_1_i/mipi_csi2_rx_subsyst_1/inst/phy/inst/inst/bd_115c_phy_0_rx_support_i/slave_rx.bd_115c_phy_0_rx_hssio_i/inst/top_inst/bs_top_inst/u_rx_bs/rx_bs0_rx_bit_ctrl_in[20]
    BITSLICE_RX_TX_X0Y52 RX_BITSLICE (Prop_RX_BITSLICE_BITSLICE_RXTX_RX_RX_BIT_CTRL_IN[20]_FIFO_WRCLK_OUT)
                                                      0.382     1.121 r  design_1_i/mipi_csi2_rx_subsyst_1/inst/phy/inst/inst/bd_115c_phy_0_rx_support_i/slave_rx.bd_115c_phy_0_rx_hssio_i/inst/top_inst/bs_top_inst/u_rx_bs/RX_BS[0].rx_bitslice_if_bs/FIFO_WRCLK_OUT
                         net (fo=1, routed)           0.478     1.599    design_1_i/mipi_csi2_rx_subsyst_1/inst/phy/inst/inst/bd_115c_phy_0_rx_support_i/div4_clk_t
    BUFGCE_X0Y27         BUFGCE (Prop_BUFCE_BUFGCE_I_O)
                                                      0.024     1.623 r  design_1_i/mipi_csi2_rx_subsyst_1/inst/phy/inst/inst/bd_115c_phy_0_rx_support_i/slave_rx.rxbyteclkhs_buf/O
    X1Y1 (CLOCK_ROOT)    net (fo=523, routed)         1.093     2.716    design_1_wrapper/design_1/design_1_mipi_csi2_rx_subsyst_1_0/design_1_mipi_csi2_rx_subsyst_1_0_bd_115c/bd_115c_rx_0/<hidden>/<hidden>/<hidden>/<hidden>/<hidden>
    SLICE_X32Y132        FDRE                                         r  design_1_wrapper/design_1/design_1_mipi_csi2_rx_subsyst_1_0/design_1_mipi_csi2_rx_subsyst_1_0_bd_115c/bd_115c_rx_0/<hidden>/<hidden>/<hidden>/<hidden>/<hidden>
                         clock pessimism              0.000     2.716    
    SLICE_X32Y132        FDRE (Setup_BFF2_SLICEL_C_D)
                                                      0.027     2.743    design_1_wrapper/design_1/design_1_mipi_csi2_rx_subsyst_1_0/design_1_mipi_csi2_rx_subsyst_1_0_bd_115c/bd_115c_rx_0/<hidden>/<hidden>/<hidden>/<hidden>/<hidden>
  -------------------------------------------------------------------
                         data arrival                           5.000    
                         clock arrival                          2.743    
  -------------------------------------------------------------------
                         relative delay                         2.257    

Reference path:
    Location             Delay type                Incr(ns)  Path(ns)    Netlist Resource(s)
  -------------------------------------------------------------------    -------------------
                         (clock clk_out1_design_1_clk_wiz_0_0 rise edge)
                                                      0.000     0.000 r  
    AB11                                              0.000     0.000 r  pl_ref_clk[0] (IN)
                         net (fo=0)                   0.000     0.000    pl_ref_clk_IBUF[0]_inst/I
    AB11                 INBUF (Prop_INBUF_HDIOB_M_PAD_O)
                                                      0.827     0.827 r  pl_ref_clk_IBUF[0]_inst/INBUF_INST/O
                         net (fo=1, routed)           0.000     0.827    pl_ref_clk_IBUF[0]_inst/OUT
    AB11                 IBUFCTRL (Prop_IBUFCTRL_HDIOB_M_I_O)
                                                      0.000     0.827 r  pl_ref_clk_IBUF[0]_inst/IBUFCTRL_INST/O
                         net (fo=1, routed)           0.175     1.002    design_1_i/util_ds_buf_0/U0/BUFG_I[0]
    BUFGCE_HDIO_X3Y0     BUFGCE (Prop_BUFCE_BUFGCE_HDIO_I_O)
                                                      0.024     1.026 r  design_1_i/util_ds_buf_0/U0/USE_BUFG.GEN_BUFG[0].BUFG_U/O
                         net (fo=1, routed)           0.520     1.546    design_1_i/clk_wiz_0/inst/clk_in1
    MMCM_X0Y0            MMCME4_ADV (Prop_MMCM_CLKIN1_CLKOUT0)
                                                      0.644     2.190 r  design_1_i/clk_wiz_0/inst/mmcme4_adv_inst/CLKOUT0
                         net (fo=1, routed)           0.228     2.418    design_1_i/clk_wiz_0/inst/clk_out1_design_1_clk_wiz_0_0
    BUFGCE_X0Y13         BUFGCE (Prop_BUFCE_BUFGCE_I_O)
                                                      0.024     2.442 r  design_1_i/clk_wiz_0/inst/clkout1_buf/O
    X0Y1 (CLOCK_ROOT)    net (fo=25838, routed)       1.890     4.332    design_1_wrapper/design_1/design_1_mipi_csi2_rx_subsyst_1_0/design_1_mipi_csi2_rx_subsyst_1_0_bd_115c/bd_115c_rx_0/<hidden>/<hidden>/<hidden>/<hidden>/<hidden>
    SLICE_X29Y130        FDRE                                         r  design_1_wrapper/design_1/design_1_mipi_csi2_rx_subsyst_1_0/design_1_mipi_csi2_rx_subsyst_1_0_bd_115c/bd_115c_rx_0/<hidden>/<hidden>/<hidden>/<hidden>/<hidden>
  -------------------------------------------------------------------    -------------------
    SLICE_X29Y130        FDRE (Prop_BFF2_SLICEM_C_Q)
                                                      0.071     4.403 r  design_1_wrapper/design_1/design_1_mipi_csi2_rx_subsyst_1_0/design_1_mipi_csi2_rx_subsyst_1_0_bd_115c/bd_115c_rx_0/<hidden>/<hidden>/<hidden>/<hidden>/<hidden>
                         net (fo=1, routed)           0.112     4.515    design_1_wrapper/design_1/design_1_mipi_csi2_rx_subsyst_1_0/design_1_mipi_csi2_rx_subsyst_1_0_bd_115c/bd_115c_rx_0/<hidden>/<hidden>/<hidden>/<hidden>/<hidden>
    SLICE_X32Y130        FDRE                                         r  design_1_wrapper/design_1/design_1_mipi_csi2_rx_subsyst_1_0/design_1_mipi_csi2_rx_subsyst_1_0_bd_115c/bd_115c_rx_0/<hidden>/<hidden>/<hidden>/<hidden>/<hidden>
  -------------------------------------------------------------------    -------------------

                         (clock mipi_phy_if_1_clk_p_FIFO_WRCLK_OUT rise edge)
                                                      0.000     0.000 r  
    W8                                                0.000     0.000 r  mipi_phy_if_1_clk_p (IN)
                         net (fo=0)                   0.100     0.100    design_1_i/mipi_csi2_rx_subsyst_1/inst/phy/inst/inst/bd_115c_phy_0_rx_support_i/slave_rx.bd_115c_phy_0_rx_hssio_i/inst/top_inst/iobuf_top_inst/io_gen[0].ibufds_dphy/I
    HPIOBDIFFINBUF_X0Y24 DPHY_DIFFINBUF (Prop_DPHY_DIFFINBUF_HPIOBDIFFINBUF_I_HSRX_O)
                                                      0.415     0.515 r  design_1_i/mipi_csi2_rx_subsyst_1/inst/phy/inst/inst/bd_115c_phy_0_rx_support_i/slave_rx.bd_115c_phy_0_rx_hssio_i/inst/top_inst/iobuf_top_inst/io_gen[0].ibufds_dphy/DIFFINBUF_INST/HSRX_O
                         net (fo=1, routed)           0.050     0.565    design_1_i/mipi_csi2_rx_subsyst_1/inst/phy/inst/inst/bd_115c_phy_0_rx_support_i/slave_rx.bd_115c_phy_0_rx_hssio_i/inst/top_inst/iobuf_top_inst/io_gen[0].ibufds_dphy/OUT
    W8                   IBUFCTRL (Prop_IBUFCTRL_HPIOB_M_I_O)
                                                      0.000     0.565 r  design_1_i/mipi_csi2_rx_subsyst_1/inst/phy/inst/inst/bd_115c_phy_0_rx_support_i/slave_rx.bd_115c_phy_0_rx_hssio_i/inst/top_inst/iobuf_top_inst/io_gen[0].ibufds_dphy/IBUFCTRL_INST/O
                         net (fo=1, routed)           0.002     0.567    design_1_i/mipi_csi2_rx_subsyst_1/inst/phy/inst/inst/bd_115c_phy_0_rx_support_i/slave_rx.bd_115c_phy_0_rx_hssio_i/inst/top_inst/bs_top_inst/u_rx_bs/data_to_bs_out[0]
    BITSLICE_RX_TX_X0Y52 RX_BITSLICE (Prop_RX_BITSLICE_BITSLICE_RXTX_RX_DATAIN_RX_BIT_CTRL_OUT[9])
                                                      0.050     0.617 f  design_1_i/mipi_csi2_rx_subsyst_1/inst/phy/inst/inst/bd_115c_phy_0_rx_support_i/slave_rx.bd_115c_phy_0_rx_hssio_i/inst/top_inst/bs_top_inst/u_rx_bs/RX_BS[0].rx_bitslice_if_bs/RX_BIT_CTRL_OUT[9]
                         net (fo=1, routed)           0.006     0.623    design_1_i/mipi_csi2_rx_subsyst_1/inst/phy/inst/inst/bd_115c_phy_0_rx_support_i/slave_rx.bd_115c_phy_0_rx_hssio_i/inst/top_inst/bs_ctrl_top_inst/rx_bs0_rx_bit_ctrl_out[9]
    BITSLICE_CONTROL_X0Y8
                         BITSLICE_CONTROL (Prop_CONTROL_BITSLICE_CONTROL_RX_BIT_CTRL_IN0[9]_RX_BIT_CTRL_OUT0[20])
                                                      0.722     1.345 r  design_1_i/mipi_csi2_rx_subsyst_1/inst/phy/inst/inst/bd_115c_phy_0_rx_support_i/slave_rx.bd_115c_phy_0_rx_hssio_i/inst/top_inst/bs_ctrl_top_inst/BITSLICE_CTRL[0].bs_ctrl_inst/RX_BIT_CTRL_OUT0[20]
                         net (fo=1, routed)           0.013     1.358    design_1_i/mipi_csi2_rx_subsyst_1/inst/phy/inst/inst/bd_115c_phy_0_rx_support_i/slave_rx.bd_115c_phy_0_rx_hssio_i/inst/top_inst/bs_top_inst/u_rx_bs/rx_bs0_rx_bit_ctrl_in[20]
    BITSLICE_RX_TX_X0Y52 RX_BITSLICE (Prop_RX_BITSLICE_BITSLICE_RXTX_RX_RX_BIT_CTRL_IN[20]_FIFO_WRCLK_OUT)
                                                      0.805     2.163 r  design_1_i/mipi_csi2_rx_subsyst_1/inst/phy/inst/inst/bd_115c_phy_0_rx_support_i/slave_rx.bd_115c_phy_0_rx_hssio_i/inst/top_inst/bs_top_inst/u_rx_bs/RX_BS[0].rx_bitslice_if_bs/FIFO_WRCLK_OUT
                         net (fo=1, routed)           0.594     2.757    design_1_i/mipi_csi2_rx_subsyst_1/inst/phy/inst/inst/bd_115c_phy_0_rx_support_i/div4_clk_t
    BUFGCE_X0Y27         BUFGCE (Prop_BUFCE_BUFGCE_I_O)
                                                      0.028     2.785 r  design_1_i/mipi_csi2_rx_subsyst_1/inst/phy/inst/inst/bd_115c_phy_0_rx_support_i/slave_rx.rxbyteclkhs_buf/O
    X1Y1 (CLOCK_ROOT)    net (fo=523, routed)         1.281     4.066    design_1_wrapper/design_1/design_1_mipi_csi2_rx_subsyst_1_0/design_1_mipi_csi2_rx_subsyst_1_0_bd_115c/bd_115c_rx_0/<hidden>/<hidden>/<hidden>/<hidden>/<hidden>
    SLICE_X32Y130        FDRE                                         r  design_1_wrapper/design_1/design_1_mipi_csi2_rx_subsyst_1_0/design_1_mipi_csi2_rx_subsyst_1_0_bd_115c/bd_115c_rx_0/<hidden>/<hidden>/<hidden>/<hidden>/<hidden>
                         clock pessimism              0.000     4.066    
    SLICE_X32Y130        FDRE (Hold_DFF2_SLICEL_C_D)
                                                      0.055     4.121    design_1_wrapper/design_1/design_1_mipi_csi2_rx_subsyst_1_0/design_1_mipi_csi2_rx_subsyst_1_0_bd_115c/bd_115c_rx_0/<hidden>/<hidden>/<hidden>/<hidden>/<hidden>
  -------------------------------------------------------------------
                         data arrival                           4.515    
                         clock arrival                          4.121    
  -------------------------------------------------------------------
                         relative delay                         0.394    



Id: 2
set_bus_skew -from [get_cells [list {design_1_i/mipi_csi2_rx_subsyst_1/inst/rx/mipi_csi2_rx_ctrl_v1_0_14_top_dut/gen_pkt_fifo/pkt_fifo/gnuram_async_fifo.xpm_fifo_base_inst/gen_cdc_pntr.wr_pntr_cdc_inst/src_gray_ff_reg[0]} {design_1_i/mipi_csi2_rx_subsyst_1/inst/rx/mipi_csi2_rx_ctrl_v1_0_14_top_dut/gen_pkt_fifo/pkt_fifo/gnuram_async_fifo.xpm_fifo_base_inst/gen_cdc_pntr.wr_pntr_cdc_inst/src_gray_ff_reg[1]} {design_1_i/mipi_csi2_rx_subsyst_1/inst/rx/mipi_csi2_rx_ctrl_v1_0_14_top_dut/gen_pkt_fifo/pkt_fifo/gnuram_async_fifo.xpm_fifo_base_inst/gen_cdc_pntr.wr_pntr_cdc_inst/src_gray_ff_reg[2]} {design_1_i/mipi_csi2_rx_subsyst_1/inst/rx/mipi_csi2_rx_ctrl_v1_0_14_top_dut/gen_pkt_fifo/pkt_fifo/gnuram_async_fifo.xpm_fifo_base_inst/gen_cdc_pntr.wr_pntr_cdc_inst/src_gray_ff_reg[3]} {design_1_i/mipi_csi2_rx_subsyst_1/inst/rx/mipi_csi2_rx_ctrl_v1_0_14_top_dut/gen_pkt_fifo/pkt_fifo/gnuram_async_fifo.xpm_fifo_base_inst/gen_cdc_pntr.wr_pntr_cdc_inst/src_gray_ff_reg[4]}]] -to [get_cells [list {design_1_i/mipi_csi2_rx_subsyst_1/inst/rx/mipi_csi2_rx_ctrl_v1_0_14_top_dut/gen_pkt_fifo/pkt_fifo/gnuram_async_fifo.xpm_fifo_base_inst/gen_cdc_pntr.wr_pntr_cdc_inst/dest_graysync_ff_reg[0][0]} {design_1_i/mipi_csi2_rx_subsyst_1/inst/rx/mipi_csi2_rx_ctrl_v1_0_14_top_dut/gen_pkt_fifo/pkt_fifo/gnuram_async_fifo.xpm_fifo_base_inst/gen_cdc_pntr.wr_pntr_cdc_inst/dest_graysync_ff_reg[0][1]} {design_1_i/mipi_csi2_rx_subsyst_1/inst/rx/mipi_csi2_rx_ctrl_v1_0_14_top_dut/gen_pkt_fifo/pkt_fifo/gnuram_async_fifo.xpm_fifo_base_inst/gen_cdc_pntr.wr_pntr_cdc_inst/dest_graysync_ff_reg[0][2]} {design_1_i/mipi_csi2_rx_subsyst_1/inst/rx/mipi_csi2_rx_ctrl_v1_0_14_top_dut/gen_pkt_fifo/pkt_fifo/gnuram_async_fifo.xpm_fifo_base_inst/gen_cdc_pntr.wr_pntr_cdc_inst/dest_graysync_ff_reg[0][3]} {design_1_i/mipi_csi2_rx_subsyst_1/inst/rx/mipi_csi2_rx_ctrl_v1_0_14_top_dut/gen_pkt_fifo/pkt_fifo/gnuram_async_fifo.xpm_fifo_base_inst/gen_cdc_pntr.wr_pntr_cdc_inst/dest_graysync_ff_reg[0][4]}]] 5.000
Requirement: 5.000ns
Endpoints: 5

From Clock            To Clock              Endpoint Pin                    Reference Pin                   Corner  Actual(ns)  Slack(ns)
--------------------  --------------------  ------------------------------  ------------------------------  ------  ----------  ---------
mipi_phy_if_1_clk_p_FIFO_WRCLK_OUT
                      clk_out1_design_1_clk_wiz_0_0
                                            design_1_i/mipi_csi2_rx_subsyst_1/inst/rx/mipi_csi2_rx_ctrl_v1_0_14_top_dut/gen_pkt_fifo/pkt_fifo/gnuram_async_fifo.xpm_fifo_base_inst/gen_cdc_pntr.wr_pntr_cdc_inst/dest_graysync_ff_reg[0][4]/D
                                                                            design_1_i/mipi_csi2_rx_subsyst_1/inst/rx/mipi_csi2_rx_ctrl_v1_0_14_top_dut/gen_pkt_fifo/pkt_fifo/gnuram_async_fifo.xpm_fifo_base_inst/gen_cdc_pntr.wr_pntr_cdc_inst/dest_graysync_ff_reg[0][0]/D
                                                                                                            Slow         0.449      4.551


Slack (MET) :             4.551ns  (requirement - actual skew)
  Endpoint Source:        design_1_wrapper/design_1/design_1_mipi_csi2_rx_subsyst_1_0/design_1_mipi_csi2_rx_subsyst_1_0_bd_115c/bd_115c_rx_0/<hidden>/<hidden>/<hidden>/<hidden>/<hidden>
                            (rising edge-triggered cell FDRE clocked by mipi_phy_if_1_clk_p_FIFO_WRCLK_OUT)
  Endpoint Destination:   design_1_wrapper/design_1/design_1_mipi_csi2_rx_subsyst_1_0/design_1_mipi_csi2_rx_subsyst_1_0_bd_115c/bd_115c_rx_0/<hidden>/<hidden>/<hidden>/<hidden>/<hidden>
                            (rising edge-triggered cell FDRE clocked by clk_out1_design_1_clk_wiz_0_0)
  Reference Source:       design_1_wrapper/design_1/design_1_mipi_csi2_rx_subsyst_1_0/design_1_mipi_csi2_rx_subsyst_1_0_bd_115c/bd_115c_rx_0/<hidden>/<hidden>/<hidden>/<hidden>/<hidden>
                            (rising edge-triggered cell FDRE clocked by mipi_phy_if_1_clk_p_FIFO_WRCLK_OUT)
  Reference Destination:  design_1_wrapper/design_1/design_1_mipi_csi2_rx_subsyst_1_0/design_1_mipi_csi2_rx_subsyst_1_0_bd_115c/bd_115c_rx_0/<hidden>/<hidden>/<hidden>/<hidden>/<hidden>
                            (rising edge-triggered cell FDRE clocked by clk_out1_design_1_clk_wiz_0_0)
  Path Type:              Bus Skew (Max at Slow Process Corner)
  Requirement:            5.000ns
  Endpoint Relative Delay:    0.193ns
  Reference Relative Delay:  -1.532ns
  Relative CRPR:              1.277ns
  Actual Bus Skew:            0.449ns  (Endpoint Relative Delay - Reference Relative Delay - Relative CRPR)

Endpoint path:
    Location             Delay type                Incr(ns)  Path(ns)    Netlist Resource(s)
  -------------------------------------------------------------------    -------------------
                         (clock mipi_phy_if_1_clk_p_FIFO_WRCLK_OUT rise edge)
                                                      0.000     0.000 r  
    W8                                                0.000     0.000 r  mipi_phy_if_1_clk_p (IN)
                         net (fo=0)                   0.100     0.100    design_1_i/mipi_csi2_rx_subsyst_1/inst/phy/inst/inst/bd_115c_phy_0_rx_support_i/slave_rx.bd_115c_phy_0_rx_hssio_i/inst/top_inst/iobuf_top_inst/io_gen[0].ibufds_dphy/I
    HPIOBDIFFINBUF_X0Y24 DPHY_DIFFINBUF (Prop_DPHY_DIFFINBUF_HPIOBDIFFINBUF_I_HSRX_O)
                                                      0.415     0.515 r  design_1_i/mipi_csi2_rx_subsyst_1/inst/phy/inst/inst/bd_115c_phy_0_rx_support_i/slave_rx.bd_115c_phy_0_rx_hssio_i/inst/top_inst/iobuf_top_inst/io_gen[0].ibufds_dphy/DIFFINBUF_INST/HSRX_O
                         net (fo=1, routed)           0.050     0.565    design_1_i/mipi_csi2_rx_subsyst_1/inst/phy/inst/inst/bd_115c_phy_0_rx_support_i/slave_rx.bd_115c_phy_0_rx_hssio_i/inst/top_inst/iobuf_top_inst/io_gen[0].ibufds_dphy/OUT
    W8                   IBUFCTRL (Prop_IBUFCTRL_HPIOB_M_I_O)
                                                      0.000     0.565 r  design_1_i/mipi_csi2_rx_subsyst_1/inst/phy/inst/inst/bd_115c_phy_0_rx_support_i/slave_rx.bd_115c_phy_0_rx_hssio_i/inst/top_inst/iobuf_top_inst/io_gen[0].ibufds_dphy/IBUFCTRL_INST/O
                         net (fo=1, routed)           0.002     0.567    design_1_i/mipi_csi2_rx_subsyst_1/inst/phy/inst/inst/bd_115c_phy_0_rx_support_i/slave_rx.bd_115c_phy_0_rx_hssio_i/inst/top_inst/bs_top_inst/u_rx_bs/data_to_bs_out[0]
    BITSLICE_RX_TX_X0Y52 RX_BITSLICE (Prop_RX_BITSLICE_BITSLICE_RXTX_RX_DATAIN_RX_BIT_CTRL_OUT[9])
                                                      0.050     0.617 f  design_1_i/mipi_csi2_rx_subsyst_1/inst/phy/inst/inst/bd_115c_phy_0_rx_support_i/slave_rx.bd_115c_phy_0_rx_hssio_i/inst/top_inst/bs_top_inst/u_rx_bs/RX_BS[0].rx_bitslice_if_bs/RX_BIT_CTRL_OUT[9]
                         net (fo=1, routed)           0.006     0.623    design_1_i/mipi_csi2_rx_subsyst_1/inst/phy/inst/inst/bd_115c_phy_0_rx_support_i/slave_rx.bd_115c_phy_0_rx_hssio_i/inst/top_inst/bs_ctrl_top_inst/rx_bs0_rx_bit_ctrl_out[9]
    BITSLICE_CONTROL_X0Y8
                         BITSLICE_CONTROL (Prop_CONTROL_BITSLICE_CONTROL_RX_BIT_CTRL_IN0[9]_RX_BIT_CTRL_OUT0[20])
                                                      0.722     1.345 r  design_1_i/mipi_csi2_rx_subsyst_1/inst/phy/inst/inst/bd_115c_phy_0_rx_support_i/slave_rx.bd_115c_phy_0_rx_hssio_i/inst/top_inst/bs_ctrl_top_inst/BITSLICE_CTRL[0].bs_ctrl_inst/RX_BIT_CTRL_OUT0[20]
                         net (fo=1, routed)           0.013     1.358    design_1_i/mipi_csi2_rx_subsyst_1/inst/phy/inst/inst/bd_115c_phy_0_rx_support_i/slave_rx.bd_115c_phy_0_rx_hssio_i/inst/top_inst/bs_top_inst/u_rx_bs/rx_bs0_rx_bit_ctrl_in[20]
    BITSLICE_RX_TX_X0Y52 RX_BITSLICE (Prop_RX_BITSLICE_BITSLICE_RXTX_RX_RX_BIT_CTRL_IN[20]_FIFO_WRCLK_OUT)
                                                      0.805     2.163 r  design_1_i/mipi_csi2_rx_subsyst_1/inst/phy/inst/inst/bd_115c_phy_0_rx_support_i/slave_rx.bd_115c_phy_0_rx_hssio_i/inst/top_inst/bs_top_inst/u_rx_bs/RX_BS[0].rx_bitslice_if_bs/FIFO_WRCLK_OUT
                         net (fo=1, routed)           0.594     2.757    design_1_i/mipi_csi2_rx_subsyst_1/inst/phy/inst/inst/bd_115c_phy_0_rx_support_i/div4_clk_t
    BUFGCE_X0Y27         BUFGCE (Prop_BUFCE_BUFGCE_I_O)
                                                      0.028     2.785 r  design_1_i/mipi_csi2_rx_subsyst_1/inst/phy/inst/inst/bd_115c_phy_0_rx_support_i/slave_rx.rxbyteclkhs_buf/O
    X1Y1 (CLOCK_ROOT)    net (fo=523, routed)         1.257     4.042    design_1_wrapper/design_1/design_1_mipi_csi2_rx_subsyst_1_0/design_1_mipi_csi2_rx_subsyst_1_0_bd_115c/bd_115c_rx_0/<hidden>/<hidden>/<hidden>/<hidden>/<hidden>
    SLICE_X32Y133        FDRE                                         r  design_1_wrapper/design_1/design_1_mipi_csi2_rx_subsyst_1_0/design_1_mipi_csi2_rx_subsyst_1_0_bd_115c/bd_115c_rx_0/<hidden>/<hidden>/<hidden>/<hidden>/<hidden>
  -------------------------------------------------------------------    -------------------
    SLICE_X32Y133        FDRE (Prop_AFF_SLICEL_C_Q)
                                                      0.096     4.138 r  design_1_wrapper/design_1/design_1_mipi_csi2_rx_subsyst_1_0/design_1_mipi_csi2_rx_subsyst_1_0_bd_115c/bd_115c_rx_0/<hidden>/<hidden>/<hidden>/<hidden>/<hidden>
                         net (fo=1, routed)           0.416     4.554    design_1_wrapper/design_1/design_1_mipi_csi2_rx_subsyst_1_0/design_1_mipi_csi2_rx_subsyst_1_0_bd_115c/bd_115c_rx_0/<hidden>/<hidden>/<hidden>/<hidden>/<hidden>
    SLICE_X32Y134        FDRE                                         r  design_1_wrapper/design_1/design_1_mipi_csi2_rx_subsyst_1_0/design_1_mipi_csi2_rx_subsyst_1_0_bd_115c/bd_115c_rx_0/<hidden>/<hidden>/<hidden>/<hidden>/<hidden>
  -------------------------------------------------------------------    -------------------

                         (clock clk_out1_design_1_clk_wiz_0_0 rise edge)
                                                      0.000     0.000 r  
    AB11                                              0.000     0.000 r  pl_ref_clk[0] (IN)
                         net (fo=0)                   0.000     0.000    pl_ref_clk_IBUF[0]_inst/I
    AB11                 INBUF (Prop_INBUF_HDIOB_M_PAD_O)
                                                      0.827     0.827 r  pl_ref_clk_IBUF[0]_inst/INBUF_INST/O
                         net (fo=1, routed)           0.000     0.827    pl_ref_clk_IBUF[0]_inst/OUT
    AB11                 IBUFCTRL (Prop_IBUFCTRL_HDIOB_M_I_O)
                                                      0.000     0.827 r  pl_ref_clk_IBUF[0]_inst/IBUFCTRL_INST/O
                         net (fo=1, routed)           0.175     1.002    design_1_i/util_ds_buf_0/U0/BUFG_I[0]
    BUFGCE_HDIO_X3Y0     BUFGCE (Prop_BUFCE_BUFGCE_HDIO_I_O)
                                                      0.024     1.026 r  design_1_i/util_ds_buf_0/U0/USE_BUFG.GEN_BUFG[0].BUFG_U/O
                         net (fo=1, routed)           0.520     1.546    design_1_i/clk_wiz_0/inst/clk_in1
    MMCM_X0Y0            MMCME4_ADV (Prop_MMCM_CLKIN1_CLKOUT0)
                                                      0.644     2.190 r  design_1_i/clk_wiz_0/inst/mmcme4_adv_inst/CLKOUT0
                         net (fo=1, routed)           0.228     2.418    design_1_i/clk_wiz_0/inst/clk_out1_design_1_clk_wiz_0_0
    BUFGCE_X0Y13         BUFGCE (Prop_BUFCE_BUFGCE_I_O)
                                                      0.024     2.442 r  design_1_i/clk_wiz_0/inst/clkout1_buf/O
    X0Y1 (CLOCK_ROOT)    net (fo=25838, routed)       1.892     4.334    design_1_wrapper/design_1/design_1_mipi_csi2_rx_subsyst_1_0/design_1_mipi_csi2_rx_subsyst_1_0_bd_115c/bd_115c_rx_0/<hidden>/<hidden>/<hidden>/<hidden>/<hidden>
    SLICE_X32Y134        FDRE                                         r  design_1_wrapper/design_1/design_1_mipi_csi2_rx_subsyst_1_0/design_1_mipi_csi2_rx_subsyst_1_0_bd_115c/bd_115c_rx_0/<hidden>/<hidden>/<hidden>/<hidden>/<hidden>
                         clock pessimism              0.000     4.334    
    SLICE_X32Y134        FDRE (Setup_GFF2_SLICEL_C_D)
                                                      0.027     4.361    design_1_wrapper/design_1/design_1_mipi_csi2_rx_subsyst_1_0/design_1_mipi_csi2_rx_subsyst_1_0_bd_115c/bd_115c_rx_0/<hidden>/<hidden>/<hidden>/<hidden>/<hidden>
  -------------------------------------------------------------------
                         data arrival                           4.554    
                         clock arrival                          4.361    
  -------------------------------------------------------------------
                         relative delay                         0.193    

Reference path:
    Location             Delay type                Incr(ns)  Path(ns)    Netlist Resource(s)
  -------------------------------------------------------------------    -------------------
                         (clock mipi_phy_if_1_clk_p_FIFO_WRCLK_OUT rise edge)
                                                      0.000     0.000 r  
    W8                                                0.000     0.000 r  mipi_phy_if_1_clk_p (IN)
                         net (fo=0)                   0.079     0.079    design_1_i/mipi_csi2_rx_subsyst_1/inst/phy/inst/inst/bd_115c_phy_0_rx_support_i/slave_rx.bd_115c_phy_0_rx_hssio_i/inst/top_inst/iobuf_top_inst/io_gen[0].ibufds_dphy/I
    HPIOBDIFFINBUF_X0Y24 DPHY_DIFFINBUF (Prop_DPHY_DIFFINBUF_HPIOBDIFFINBUF_I_HSRX_O)
                                                      0.332     0.411 r  design_1_i/mipi_csi2_rx_subsyst_1/inst/phy/inst/inst/bd_115c_phy_0_rx_support_i/slave_rx.bd_115c_phy_0_rx_hssio_i/inst/top_inst/iobuf_top_inst/io_gen[0].ibufds_dphy/DIFFINBUF_INST/HSRX_O
                         net (fo=1, routed)           0.040     0.451    design_1_i/mipi_csi2_rx_subsyst_1/inst/phy/inst/inst/bd_115c_phy_0_rx_support_i/slave_rx.bd_115c_phy_0_rx_hssio_i/inst/top_inst/iobuf_top_inst/io_gen[0].ibufds_dphy/OUT
    W8                   IBUFCTRL (Prop_IBUFCTRL_HPIOB_M_I_O)
                                                      0.000     0.451 r  design_1_i/mipi_csi2_rx_subsyst_1/inst/phy/inst/inst/bd_115c_phy_0_rx_support_i/slave_rx.bd_115c_phy_0_rx_hssio_i/inst/top_inst/iobuf_top_inst/io_gen[0].ibufds_dphy/IBUFCTRL_INST/O
                         net (fo=1, routed)           0.000     0.451    design_1_i/mipi_csi2_rx_subsyst_1/inst/phy/inst/inst/bd_115c_phy_0_rx_support_i/slave_rx.bd_115c_phy_0_rx_hssio_i/inst/top_inst/bs_top_inst/u_rx_bs/data_to_bs_out[0]
    BITSLICE_RX_TX_X0Y52 RX_BITSLICE (Prop_RX_BITSLICE_BITSLICE_RXTX_RX_DATAIN_RX_BIT_CTRL_OUT[9])
                                                      0.025     0.476 f  design_1_i/mipi_csi2_rx_subsyst_1/inst/phy/inst/inst/bd_115c_phy_0_rx_support_i/slave_rx.bd_115c_phy_0_rx_hssio_i/inst/top_inst/bs_top_inst/u_rx_bs/RX_BS[0].rx_bitslice_if_bs/RX_BIT_CTRL_OUT[9]
                         net (fo=1, routed)           0.003     0.479    design_1_i/mipi_csi2_rx_subsyst_1/inst/phy/inst/inst/bd_115c_phy_0_rx_support_i/slave_rx.bd_115c_phy_0_rx_hssio_i/inst/top_inst/bs_ctrl_top_inst/rx_bs0_rx_bit_ctrl_out[9]
    BITSLICE_CONTROL_X0Y8
                         BITSLICE_CONTROL (Prop_CONTROL_BITSLICE_CONTROL_RX_BIT_CTRL_IN0[9]_RX_BIT_CTRL_OUT0[20])
                                                      0.254     0.733 r  design_1_i/mipi_csi2_rx_subsyst_1/inst/phy/inst/inst/bd_115c_phy_0_rx_support_i/slave_rx.bd_115c_phy_0_rx_hssio_i/inst/top_inst/bs_ctrl_top_inst/BITSLICE_CTRL[0].bs_ctrl_inst/RX_BIT_CTRL_OUT0[20]
                         net (fo=1, routed)           0.006     0.739    design_1_i/mipi_csi2_rx_subsyst_1/inst/phy/inst/inst/bd_115c_phy_0_rx_support_i/slave_rx.bd_115c_phy_0_rx_hssio_i/inst/top_inst/bs_top_inst/u_rx_bs/rx_bs0_rx_bit_ctrl_in[20]
    BITSLICE_RX_TX_X0Y52 RX_BITSLICE (Prop_RX_BITSLICE_BITSLICE_RXTX_RX_RX_BIT_CTRL_IN[20]_FIFO_WRCLK_OUT)
                                                      0.382     1.121 r  design_1_i/mipi_csi2_rx_subsyst_1/inst/phy/inst/inst/bd_115c_phy_0_rx_support_i/slave_rx.bd_115c_phy_0_rx_hssio_i/inst/top_inst/bs_top_inst/u_rx_bs/RX_BS[0].rx_bitslice_if_bs/FIFO_WRCLK_OUT
                         net (fo=1, routed)           0.478     1.599    design_1_i/mipi_csi2_rx_subsyst_1/inst/phy/inst/inst/bd_115c_phy_0_rx_support_i/div4_clk_t
    BUFGCE_X0Y27         BUFGCE (Prop_BUFCE_BUFGCE_I_O)
                                                      0.024     1.623 r  design_1_i/mipi_csi2_rx_subsyst_1/inst/phy/inst/inst/bd_115c_phy_0_rx_support_i/slave_rx.rxbyteclkhs_buf/O
    X1Y1 (CLOCK_ROOT)    net (fo=523, routed)         1.093     2.716    design_1_wrapper/design_1/design_1_mipi_csi2_rx_subsyst_1_0/design_1_mipi_csi2_rx_subsyst_1_0_bd_115c/bd_115c_rx_0/<hidden>/<hidden>/<hidden>/<hidden>/<hidden>
    SLICE_X32Y132        FDRE                                         r  design_1_wrapper/design_1/design_1_mipi_csi2_rx_subsyst_1_0/design_1_mipi_csi2_rx_subsyst_1_0_bd_115c/bd_115c_rx_0/<hidden>/<hidden>/<hidden>/<hidden>/<hidden>
  -------------------------------------------------------------------    -------------------
    SLICE_X32Y132        FDRE (Prop_CFF_SLICEL_C_Q)
                                                      0.070     2.786 r  design_1_wrapper/design_1/design_1_mipi_csi2_rx_subsyst_1_0/design_1_mipi_csi2_rx_subsyst_1_0_bd_115c/bd_115c_rx_0/<hidden>/<hidden>/<hidden>/<hidden>/<hidden>
                         net (fo=1, routed)           0.163     2.949    design_1_wrapper/design_1/design_1_mipi_csi2_rx_subsyst_1_0/design_1_mipi_csi2_rx_subsyst_1_0_bd_115c/bd_115c_rx_0/<hidden>/<hidden>/<hidden>/<hidden>/<hidden>
    SLICE_X30Y134        FDRE                                         r  design_1_wrapper/design_1/design_1_mipi_csi2_rx_subsyst_1_0/design_1_mipi_csi2_rx_subsyst_1_0_bd_115c/bd_115c_rx_0/<hidden>/<hidden>/<hidden>/<hidden>/<hidden>
  -------------------------------------------------------------------    -------------------

                         (clock clk_out1_design_1_clk_wiz_0_0 rise edge)
                                                      0.000     0.000 r  
    AB11                                              0.000     0.000 r  pl_ref_clk[0] (IN)
                         net (fo=0)                   0.000     0.000    pl_ref_clk_IBUF[0]_inst/I
    AB11                 INBUF (Prop_INBUF_HDIOB_M_PAD_O)
                                                      1.279     1.279 r  pl_ref_clk_IBUF[0]_inst/INBUF_INST/O
                         net (fo=1, routed)           0.000     1.279    pl_ref_clk_IBUF[0]_inst/OUT
    AB11                 IBUFCTRL (Prop_IBUFCTRL_HDIOB_M_I_O)
                                                      0.000     1.279 r  pl_ref_clk_IBUF[0]_inst/IBUFCTRL_INST/O
                         net (fo=1, routed)           0.211     1.490    design_1_i/util_ds_buf_0/U0/BUFG_I[0]
    BUFGCE_HDIO_X3Y0     BUFGCE (Prop_BUFCE_BUFGCE_HDIO_I_O)
                                                      0.028     1.518 r  design_1_i/util_ds_buf_0/U0/USE_BUFG.GEN_BUFG[0].BUFG_U/O
                         net (fo=1, routed)           0.584     2.102    design_1_i/clk_wiz_0/inst/clk_in1
    MMCM_X0Y0            MMCME4_ADV (Prop_MMCM_CLKIN1_CLKOUT0)
                                                     -0.106     1.996 r  design_1_i/clk_wiz_0/inst/mmcme4_adv_inst/CLKOUT0
                         net (fo=1, routed)           0.257     2.253    design_1_i/clk_wiz_0/inst/clk_out1_design_1_clk_wiz_0_0
    BUFGCE_X0Y13         BUFGCE (Prop_BUFCE_BUFGCE_I_O)
                                                      0.028     2.281 r  design_1_i/clk_wiz_0/inst/clkout1_buf/O
    X0Y1 (CLOCK_ROOT)    net (fo=25838, routed)       2.145     4.426    design_1_wrapper/design_1/design_1_mipi_csi2_rx_subsyst_1_0/design_1_mipi_csi2_rx_subsyst_1_0_bd_115c/bd_115c_rx_0/<hidden>/<hidden>/<hidden>/<hidden>/<hidden>
    SLICE_X30Y134        FDRE                                         r  design_1_wrapper/design_1/design_1_mipi_csi2_rx_subsyst_1_0/design_1_mipi_csi2_rx_subsyst_1_0_bd_115c/bd_115c_rx_0/<hidden>/<hidden>/<hidden>/<hidden>/<hidden>
                         clock pessimism              0.000     4.426    
    SLICE_X30Y134        FDRE (Hold_BFF2_SLICEL_C_D)
                                                      0.055     4.481    design_1_wrapper/design_1/design_1_mipi_csi2_rx_subsyst_1_0/design_1_mipi_csi2_rx_subsyst_1_0_bd_115c/bd_115c_rx_0/<hidden>/<hidden>/<hidden>/<hidden>/<hidden>
  -------------------------------------------------------------------
                         data arrival                           2.949    
                         clock arrival                          4.481    
  -------------------------------------------------------------------
                         relative delay                        -1.532    



Id: 3
set_bus_skew -from [get_cells [list {design_1_i/mipi_csi2_rx_subsyst_1/inst/rx/mipi_csi2_rx_ctrl_v1_0_14_top_dut/gen_pkt_fifo/pkt_fifo/gnuram_async_fifo.xpm_fifo_base_inst/gen_cdc_pntr.rd_pntr_cdc_dc_inst/src_gray_ff_reg[0]} {design_1_i/mipi_csi2_rx_subsyst_1/inst/rx/mipi_csi2_rx_ctrl_v1_0_14_top_dut/gen_pkt_fifo/pkt_fifo/gnuram_async_fifo.xpm_fifo_base_inst/gen_cdc_pntr.rd_pntr_cdc_dc_inst/src_gray_ff_reg[1]} {design_1_i/mipi_csi2_rx_subsyst_1/inst/rx/mipi_csi2_rx_ctrl_v1_0_14_top_dut/gen_pkt_fifo/pkt_fifo/gnuram_async_fifo.xpm_fifo_base_inst/gen_cdc_pntr.rd_pntr_cdc_dc_inst/src_gray_ff_reg[2]} {design_1_i/mipi_csi2_rx_subsyst_1/inst/rx/mipi_csi2_rx_ctrl_v1_0_14_top_dut/gen_pkt_fifo/pkt_fifo/gnuram_async_fifo.xpm_fifo_base_inst/gen_cdc_pntr.rd_pntr_cdc_dc_inst/src_gray_ff_reg[3]} {design_1_i/mipi_csi2_rx_subsyst_1/inst/rx/mipi_csi2_rx_ctrl_v1_0_14_top_dut/gen_pkt_fifo/pkt_fifo/gnuram_async_fifo.xpm_fifo_base_inst/gen_cdc_pntr.rd_pntr_cdc_dc_inst/src_gray_ff_reg[4]} {design_1_i/mipi_csi2_rx_subsyst_1/inst/rx/mipi_csi2_rx_ctrl_v1_0_14_top_dut/gen_pkt_fifo/pkt_fifo/gnuram_async_fifo.xpm_fifo_base_inst/gen_cdc_pntr.rd_pntr_cdc_dc_inst/src_gray_ff_reg[5]}]] -to [get_cells [list {design_1_i/mipi_csi2_rx_subsyst_1/inst/rx/mipi_csi2_rx_ctrl_v1_0_14_top_dut/gen_pkt_fifo/pkt_fifo/gnuram_async_fifo.xpm_fifo_base_inst/gen_cdc_pntr.rd_pntr_cdc_dc_inst/dest_graysync_ff_reg[0][0]} {design_1_i/mipi_csi2_rx_subsyst_1/inst/rx/mipi_csi2_rx_ctrl_v1_0_14_top_dut/gen_pkt_fifo/pkt_fifo/gnuram_async_fifo.xpm_fifo_base_inst/gen_cdc_pntr.rd_pntr_cdc_dc_inst/dest_graysync_ff_reg[0][1]} {design_1_i/mipi_csi2_rx_subsyst_1/inst/rx/mipi_csi2_rx_ctrl_v1_0_14_top_dut/gen_pkt_fifo/pkt_fifo/gnuram_async_fifo.xpm_fifo_base_inst/gen_cdc_pntr.rd_pntr_cdc_dc_inst/dest_graysync_ff_reg[0][2]} {design_1_i/mipi_csi2_rx_subsyst_1/inst/rx/mipi_csi2_rx_ctrl_v1_0_14_top_dut/gen_pkt_fifo/pkt_fifo/gnuram_async_fifo.xpm_fifo_base_inst/gen_cdc_pntr.rd_pntr_cdc_dc_inst/dest_graysync_ff_reg[0][3]} {design_1_i/mipi_csi2_rx_subsyst_1/inst/rx/mipi_csi2_rx_ctrl_v1_0_14_top_dut/gen_pkt_fifo/pkt_fifo/gnuram_async_fifo.xpm_fifo_base_inst/gen_cdc_pntr.rd_pntr_cdc_dc_inst/dest_graysync_ff_reg[0][4]} {design_1_i/mipi_csi2_rx_subsyst_1/inst/rx/mipi_csi2_rx_ctrl_v1_0_14_top_dut/gen_pkt_fifo/pkt_fifo/gnuram_async_fifo.xpm_fifo_base_inst/gen_cdc_pntr.rd_pntr_cdc_dc_inst/dest_graysync_ff_reg[0][5]}]] 5.000
Requirement: 5.000ns
Endpoints: 6

From Clock            To Clock              Endpoint Pin                    Reference Pin                   Corner  Actual(ns)  Slack(ns)
--------------------  --------------------  ------------------------------  ------------------------------  ------  ----------  ---------
clk_out1_design_1_clk_wiz_0_0
                      mipi_phy_if_1_clk_p_FIFO_WRCLK_OUT
                                            design_1_i/mipi_csi2_rx_subsyst_1/inst/rx/mipi_csi2_rx_ctrl_v1_0_14_top_dut/gen_pkt_fifo/pkt_fifo/gnuram_async_fifo.xpm_fifo_base_inst/gen_cdc_pntr.rd_pntr_cdc_dc_inst/dest_graysync_ff_reg[0][5]/D
                                                                            design_1_i/mipi_csi2_rx_subsyst_1/inst/rx/mipi_csi2_rx_ctrl_v1_0_14_top_dut/gen_pkt_fifo/pkt_fifo/gnuram_async_fifo.xpm_fifo_base_inst/gen_cdc_pntr.rd_pntr_cdc_dc_inst/dest_graysync_ff_reg[0][0]/D
                                                                                                            Slow         0.713      4.287


Slack (MET) :             4.287ns  (requirement - actual skew)
  Endpoint Source:        design_1_wrapper/design_1/design_1_mipi_csi2_rx_subsyst_1_0/design_1_mipi_csi2_rx_subsyst_1_0_bd_115c/bd_115c_rx_0/<hidden>/<hidden>/<hidden>/<hidden>/<hidden>
                            (rising edge-triggered cell FDRE clocked by clk_out1_design_1_clk_wiz_0_0)
  Endpoint Destination:   design_1_wrapper/design_1/design_1_mipi_csi2_rx_subsyst_1_0/design_1_mipi_csi2_rx_subsyst_1_0_bd_115c/bd_115c_rx_0/<hidden>/<hidden>/<hidden>/<hidden>/<hidden>
                            (rising edge-triggered cell FDRE clocked by mipi_phy_if_1_clk_p_FIFO_WRCLK_OUT)
  Reference Source:       design_1_wrapper/design_1/design_1_mipi_csi2_rx_subsyst_1_0/design_1_mipi_csi2_rx_subsyst_1_0_bd_115c/bd_115c_rx_0/<hidden>/<hidden>/<hidden>/<hidden>/<hidden>
                            (rising edge-triggered cell FDRE clocked by clk_out1_design_1_clk_wiz_0_0)
  Reference Destination:  design_1_wrapper/design_1/design_1_mipi_csi2_rx_subsyst_1_0/design_1_mipi_csi2_rx_subsyst_1_0_bd_115c/bd_115c_rx_0/<hidden>/<hidden>/<hidden>/<hidden>/<hidden>
                            (rising edge-triggered cell FDRE clocked by mipi_phy_if_1_clk_p_FIFO_WRCLK_OUT)
  Path Type:              Bus Skew (Max at Slow Process Corner)
  Requirement:            5.000ns
  Endpoint Relative Delay:    2.301ns
  Reference Relative Delay:   0.379ns
  Relative CRPR:              1.209ns
  Actual Bus Skew:            0.713ns  (Endpoint Relative Delay - Reference Relative Delay - Relative CRPR)

Endpoint path:
    Location             Delay type                Incr(ns)  Path(ns)    Netlist Resource(s)
  -------------------------------------------------------------------    -------------------
                         (clock clk_out1_design_1_clk_wiz_0_0 rise edge)
                                                      0.000     0.000 r  
    AB11                                              0.000     0.000 r  pl_ref_clk[0] (IN)
                         net (fo=0)                   0.000     0.000    pl_ref_clk_IBUF[0]_inst/I
    AB11                 INBUF (Prop_INBUF_HDIOB_M_PAD_O)
                                                      1.279     1.279 r  pl_ref_clk_IBUF[0]_inst/INBUF_INST/O
                         net (fo=1, routed)           0.000     1.279    pl_ref_clk_IBUF[0]_inst/OUT
    AB11                 IBUFCTRL (Prop_IBUFCTRL_HDIOB_M_I_O)
                                                      0.000     1.279 r  pl_ref_clk_IBUF[0]_inst/IBUFCTRL_INST/O
                         net (fo=1, routed)           0.211     1.490    design_1_i/util_ds_buf_0/U0/BUFG_I[0]
    BUFGCE_HDIO_X3Y0     BUFGCE (Prop_BUFCE_BUFGCE_HDIO_I_O)
                                                      0.028     1.518 r  design_1_i/util_ds_buf_0/U0/USE_BUFG.GEN_BUFG[0].BUFG_U/O
                         net (fo=1, routed)           0.584     2.102    design_1_i/clk_wiz_0/inst/clk_in1
    MMCM_X0Y0            MMCME4_ADV (Prop_MMCM_CLKIN1_CLKOUT0)
                                                     -0.106     1.996 r  design_1_i/clk_wiz_0/inst/mmcme4_adv_inst/CLKOUT0
                         net (fo=1, routed)           0.257     2.253    design_1_i/clk_wiz_0/inst/clk_out1_design_1_clk_wiz_0_0
    BUFGCE_X0Y13         BUFGCE (Prop_BUFCE_BUFGCE_I_O)
                                                      0.028     2.281 r  design_1_i/clk_wiz_0/inst/clkout1_buf/O
    X0Y1 (CLOCK_ROOT)    net (fo=25838, routed)       2.143     4.425    design_1_wrapper/design_1/design_1_mipi_csi2_rx_subsyst_1_0/design_1_mipi_csi2_rx_subsyst_1_0_bd_115c/bd_115c_rx_0/<hidden>/<hidden>/<hidden>/<hidden>/<hidden>
    SLICE_X31Y134        FDRE                                         r  design_1_wrapper/design_1/design_1_mipi_csi2_rx_subsyst_1_0/design_1_mipi_csi2_rx_subsyst_1_0_bd_115c/bd_115c_rx_0/<hidden>/<hidden>/<hidden>/<hidden>/<hidden>
  -------------------------------------------------------------------    -------------------
    SLICE_X31Y134        FDRE (Prop_AFF_SLICEM_C_Q)
                                                      0.093     4.518 r  design_1_wrapper/design_1/design_1_mipi_csi2_rx_subsyst_1_0/design_1_mipi_csi2_rx_subsyst_1_0_bd_115c/bd_115c_rx_0/<hidden>/<hidden>/<hidden>/<hidden>/<hidden>
                         net (fo=1, routed)           0.523     5.041    design_1_wrapper/design_1/design_1_mipi_csi2_rx_subsyst_1_0/design_1_mipi_csi2_rx_subsyst_1_0_bd_115c/bd_115c_rx_0/<hidden>/<hidden>/<hidden>/<hidden>/<hidden>
    SLICE_X31Y134        FDRE                                         r  design_1_wrapper/design_1/design_1_mipi_csi2_rx_subsyst_1_0/design_1_mipi_csi2_rx_subsyst_1_0_bd_115c/bd_115c_rx_0/<hidden>/<hidden>/<hidden>/<hidden>/<hidden>
  -------------------------------------------------------------------    -------------------

                         (clock mipi_phy_if_1_clk_p_FIFO_WRCLK_OUT rise edge)
                                                      0.000     0.000 r  
    W8                                                0.000     0.000 r  mipi_phy_if_1_clk_p (IN)
                         net (fo=0)                   0.079     0.079    design_1_i/mipi_csi2_rx_subsyst_1/inst/phy/inst/inst/bd_115c_phy_0_rx_support_i/slave_rx.bd_115c_phy_0_rx_hssio_i/inst/top_inst/iobuf_top_inst/io_gen[0].ibufds_dphy/I
    HPIOBDIFFINBUF_X0Y24 DPHY_DIFFINBUF (Prop_DPHY_DIFFINBUF_HPIOBDIFFINBUF_I_HSRX_O)
                                                      0.332     0.411 r  design_1_i/mipi_csi2_rx_subsyst_1/inst/phy/inst/inst/bd_115c_phy_0_rx_support_i/slave_rx.bd_115c_phy_0_rx_hssio_i/inst/top_inst/iobuf_top_inst/io_gen[0].ibufds_dphy/DIFFINBUF_INST/HSRX_O
                         net (fo=1, routed)           0.040     0.451    design_1_i/mipi_csi2_rx_subsyst_1/inst/phy/inst/inst/bd_115c_phy_0_rx_support_i/slave_rx.bd_115c_phy_0_rx_hssio_i/inst/top_inst/iobuf_top_inst/io_gen[0].ibufds_dphy/OUT
    W8                   IBUFCTRL (Prop_IBUFCTRL_HPIOB_M_I_O)
                                                      0.000     0.451 r  design_1_i/mipi_csi2_rx_subsyst_1/inst/phy/inst/inst/bd_115c_phy_0_rx_support_i/slave_rx.bd_115c_phy_0_rx_hssio_i/inst/top_inst/iobuf_top_inst/io_gen[0].ibufds_dphy/IBUFCTRL_INST/O
                         net (fo=1, routed)           0.000     0.451    design_1_i/mipi_csi2_rx_subsyst_1/inst/phy/inst/inst/bd_115c_phy_0_rx_support_i/slave_rx.bd_115c_phy_0_rx_hssio_i/inst/top_inst/bs_top_inst/u_rx_bs/data_to_bs_out[0]
    BITSLICE_RX_TX_X0Y52 RX_BITSLICE (Prop_RX_BITSLICE_BITSLICE_RXTX_RX_DATAIN_RX_BIT_CTRL_OUT[9])
                                                      0.025     0.476 f  design_1_i/mipi_csi2_rx_subsyst_1/inst/phy/inst/inst/bd_115c_phy_0_rx_support_i/slave_rx.bd_115c_phy_0_rx_hssio_i/inst/top_inst/bs_top_inst/u_rx_bs/RX_BS[0].rx_bitslice_if_bs/RX_BIT_CTRL_OUT[9]
                         net (fo=1, routed)           0.003     0.479    design_1_i/mipi_csi2_rx_subsyst_1/inst/phy/inst/inst/bd_115c_phy_0_rx_support_i/slave_rx.bd_115c_phy_0_rx_hssio_i/inst/top_inst/bs_ctrl_top_inst/rx_bs0_rx_bit_ctrl_out[9]
    BITSLICE_CONTROL_X0Y8
                         BITSLICE_CONTROL (Prop_CONTROL_BITSLICE_CONTROL_RX_BIT_CTRL_IN0[9]_RX_BIT_CTRL_OUT0[20])
                                                      0.254     0.733 r  design_1_i/mipi_csi2_rx_subsyst_1/inst/phy/inst/inst/bd_115c_phy_0_rx_support_i/slave_rx.bd_115c_phy_0_rx_hssio_i/inst/top_inst/bs_ctrl_top_inst/BITSLICE_CTRL[0].bs_ctrl_inst/RX_BIT_CTRL_OUT0[20]
                         net (fo=1, routed)           0.006     0.739    design_1_i/mipi_csi2_rx_subsyst_1/inst/phy/inst/inst/bd_115c_phy_0_rx_support_i/slave_rx.bd_115c_phy_0_rx_hssio_i/inst/top_inst/bs_top_inst/u_rx_bs/rx_bs0_rx_bit_ctrl_in[20]
    BITSLICE_RX_TX_X0Y52 RX_BITSLICE (Prop_RX_BITSLICE_BITSLICE_RXTX_RX_RX_BIT_CTRL_IN[20]_FIFO_WRCLK_OUT)
                                                      0.382     1.121 r  design_1_i/mipi_csi2_rx_subsyst_1/inst/phy/inst/inst/bd_115c_phy_0_rx_support_i/slave_rx.bd_115c_phy_0_rx_hssio_i/inst/top_inst/bs_top_inst/u_rx_bs/RX_BS[0].rx_bitslice_if_bs/FIFO_WRCLK_OUT
                         net (fo=1, routed)           0.478     1.599    design_1_i/mipi_csi2_rx_subsyst_1/inst/phy/inst/inst/bd_115c_phy_0_rx_support_i/div4_clk_t
    BUFGCE_X0Y27         BUFGCE (Prop_BUFCE_BUFGCE_I_O)
                                                      0.024     1.623 r  design_1_i/mipi_csi2_rx_subsyst_1/inst/phy/inst/inst/bd_115c_phy_0_rx_support_i/slave_rx.rxbyteclkhs_buf/O
    X1Y1 (CLOCK_ROOT)    net (fo=523, routed)         1.090     2.713    design_1_wrapper/design_1/design_1_mipi_csi2_rx_subsyst_1_0/design_1_mipi_csi2_rx_subsyst_1_0_bd_115c/bd_115c_rx_0/<hidden>/<hidden>/<hidden>/<hidden>/<hidden>
    SLICE_X31Y134        FDRE                                         r  design_1_wrapper/design_1/design_1_mipi_csi2_rx_subsyst_1_0/design_1_mipi_csi2_rx_subsyst_1_0_bd_115c/bd_115c_rx_0/<hidden>/<hidden>/<hidden>/<hidden>/<hidden>
                         clock pessimism              0.000     2.713    
    SLICE_X31Y134        FDRE (Setup_FFF2_SLICEM_C_D)
                                                      0.027     2.740    design_1_wrapper/design_1/design_1_mipi_csi2_rx_subsyst_1_0/design_1_mipi_csi2_rx_subsyst_1_0_bd_115c/bd_115c_rx_0/<hidden>/<hidden>/<hidden>/<hidden>/<hidden>
  -------------------------------------------------------------------
                         data arrival                           5.041    
                         clock arrival                          2.740    
  -------------------------------------------------------------------
                         relative delay                         2.301    

Reference path:
    Location             Delay type                Incr(ns)  Path(ns)    Netlist Resource(s)
  -------------------------------------------------------------------    -------------------
                         (clock clk_out1_design_1_clk_wiz_0_0 rise edge)
                                                      0.000     0.000 r  
    AB11                                              0.000     0.000 r  pl_ref_clk[0] (IN)
                         net (fo=0)                   0.000     0.000    pl_ref_clk_IBUF[0]_inst/I
    AB11                 INBUF (Prop_INBUF_HDIOB_M_PAD_O)
                                                      0.827     0.827 r  pl_ref_clk_IBUF[0]_inst/INBUF_INST/O
                         net (fo=1, routed)           0.000     0.827    pl_ref_clk_IBUF[0]_inst/OUT
    AB11                 IBUFCTRL (Prop_IBUFCTRL_HDIOB_M_I_O)
                                                      0.000     0.827 r  pl_ref_clk_IBUF[0]_inst/IBUFCTRL_INST/O
                         net (fo=1, routed)           0.175     1.002    design_1_i/util_ds_buf_0/U0/BUFG_I[0]
    BUFGCE_HDIO_X3Y0     BUFGCE (Prop_BUFCE_BUFGCE_HDIO_I_O)
                                                      0.024     1.026 r  design_1_i/util_ds_buf_0/U0/USE_BUFG.GEN_BUFG[0].BUFG_U/O
                         net (fo=1, routed)           0.520     1.546    design_1_i/clk_wiz_0/inst/clk_in1
    MMCM_X0Y0            MMCME4_ADV (Prop_MMCM_CLKIN1_CLKOUT0)
                                                      0.644     2.190 r  design_1_i/clk_wiz_0/inst/mmcme4_adv_inst/CLKOUT0
                         net (fo=1, routed)           0.228     2.418    design_1_i/clk_wiz_0/inst/clk_out1_design_1_clk_wiz_0_0
    BUFGCE_X0Y13         BUFGCE (Prop_BUFCE_BUFGCE_I_O)
                                                      0.024     2.442 r  design_1_i/clk_wiz_0/inst/clkout1_buf/O
    X0Y1 (CLOCK_ROOT)    net (fo=25838, routed)       1.892     4.334    design_1_wrapper/design_1/design_1_mipi_csi2_rx_subsyst_1_0/design_1_mipi_csi2_rx_subsyst_1_0_bd_115c/bd_115c_rx_0/<hidden>/<hidden>/<hidden>/<hidden>/<hidden>
    SLICE_X30Y134        FDRE                                         r  design_1_wrapper/design_1/design_1_mipi_csi2_rx_subsyst_1_0/design_1_mipi_csi2_rx_subsyst_1_0_bd_115c/bd_115c_rx_0/<hidden>/<hidden>/<hidden>/<hidden>/<hidden>
  -------------------------------------------------------------------    -------------------
    SLICE_X30Y134        FDRE (Prop_DFF_SLICEL_C_Q)
                                                      0.070     4.404 r  design_1_wrapper/design_1/design_1_mipi_csi2_rx_subsyst_1_0/design_1_mipi_csi2_rx_subsyst_1_0_bd_115c/bd_115c_rx_0/<hidden>/<hidden>/<hidden>/<hidden>/<hidden>
                         net (fo=1, routed)           0.072     4.476    design_1_wrapper/design_1/design_1_mipi_csi2_rx_subsyst_1_0/design_1_mipi_csi2_rx_subsyst_1_0_bd_115c/bd_115c_rx_0/<hidden>/<hidden>/<hidden>/<hidden>/<hidden>
    SLICE_X30Y133        FDRE                                         r  design_1_wrapper/design_1/design_1_mipi_csi2_rx_subsyst_1_0/design_1_mipi_csi2_rx_subsyst_1_0_bd_115c/bd_115c_rx_0/<hidden>/<hidden>/<hidden>/<hidden>/<hidden>
  -------------------------------------------------------------------    -------------------

                         (clock mipi_phy_if_1_clk_p_FIFO_WRCLK_OUT rise edge)
                                                      0.000     0.000 r  
    W8                                                0.000     0.000 r  mipi_phy_if_1_clk_p (IN)
                         net (fo=0)                   0.100     0.100    design_1_i/mipi_csi2_rx_subsyst_1/inst/phy/inst/inst/bd_115c_phy_0_rx_support_i/slave_rx.bd_115c_phy_0_rx_hssio_i/inst/top_inst/iobuf_top_inst/io_gen[0].ibufds_dphy/I
    HPIOBDIFFINBUF_X0Y24 DPHY_DIFFINBUF (Prop_DPHY_DIFFINBUF_HPIOBDIFFINBUF_I_HSRX_O)
                                                      0.415     0.515 r  design_1_i/mipi_csi2_rx_subsyst_1/inst/phy/inst/inst/bd_115c_phy_0_rx_support_i/slave_rx.bd_115c_phy_0_rx_hssio_i/inst/top_inst/iobuf_top_inst/io_gen[0].ibufds_dphy/DIFFINBUF_INST/HSRX_O
                         net (fo=1, routed)           0.050     0.565    design_1_i/mipi_csi2_rx_subsyst_1/inst/phy/inst/inst/bd_115c_phy_0_rx_support_i/slave_rx.bd_115c_phy_0_rx_hssio_i/inst/top_inst/iobuf_top_inst/io_gen[0].ibufds_dphy/OUT
    W8                   IBUFCTRL (Prop_IBUFCTRL_HPIOB_M_I_O)
                                                      0.000     0.565 r  design_1_i/mipi_csi2_rx_subsyst_1/inst/phy/inst/inst/bd_115c_phy_0_rx_support_i/slave_rx.bd_115c_phy_0_rx_hssio_i/inst/top_inst/iobuf_top_inst/io_gen[0].ibufds_dphy/IBUFCTRL_INST/O
                         net (fo=1, routed)           0.002     0.567    design_1_i/mipi_csi2_rx_subsyst_1/inst/phy/inst/inst/bd_115c_phy_0_rx_support_i/slave_rx.bd_115c_phy_0_rx_hssio_i/inst/top_inst/bs_top_inst/u_rx_bs/data_to_bs_out[0]
    BITSLICE_RX_TX_X0Y52 RX_BITSLICE (Prop_RX_BITSLICE_BITSLICE_RXTX_RX_DATAIN_RX_BIT_CTRL_OUT[9])
                                                      0.050     0.617 f  design_1_i/mipi_csi2_rx_subsyst_1/inst/phy/inst/inst/bd_115c_phy_0_rx_support_i/slave_rx.bd_115c_phy_0_rx_hssio_i/inst/top_inst/bs_top_inst/u_rx_bs/RX_BS[0].rx_bitslice_if_bs/RX_BIT_CTRL_OUT[9]
                         net (fo=1, routed)           0.006     0.623    design_1_i/mipi_csi2_rx_subsyst_1/inst/phy/inst/inst/bd_115c_phy_0_rx_support_i/slave_rx.bd_115c_phy_0_rx_hssio_i/inst/top_inst/bs_ctrl_top_inst/rx_bs0_rx_bit_ctrl_out[9]
    BITSLICE_CONTROL_X0Y8
                         BITSLICE_CONTROL (Prop_CONTROL_BITSLICE_CONTROL_RX_BIT_CTRL_IN0[9]_RX_BIT_CTRL_OUT0[20])
                                                      0.722     1.345 r  design_1_i/mipi_csi2_rx_subsyst_1/inst/phy/inst/inst/bd_115c_phy_0_rx_support_i/slave_rx.bd_115c_phy_0_rx_hssio_i/inst/top_inst/bs_ctrl_top_inst/BITSLICE_CTRL[0].bs_ctrl_inst/RX_BIT_CTRL_OUT0[20]
                         net (fo=1, routed)           0.013     1.358    design_1_i/mipi_csi2_rx_subsyst_1/inst/phy/inst/inst/bd_115c_phy_0_rx_support_i/slave_rx.bd_115c_phy_0_rx_hssio_i/inst/top_inst/bs_top_inst/u_rx_bs/rx_bs0_rx_bit_ctrl_in[20]
    BITSLICE_RX_TX_X0Y52 RX_BITSLICE (Prop_RX_BITSLICE_BITSLICE_RXTX_RX_RX_BIT_CTRL_IN[20]_FIFO_WRCLK_OUT)
                                                      0.805     2.163 r  design_1_i/mipi_csi2_rx_subsyst_1/inst/phy/inst/inst/bd_115c_phy_0_rx_support_i/slave_rx.bd_115c_phy_0_rx_hssio_i/inst/top_inst/bs_top_inst/u_rx_bs/RX_BS[0].rx_bitslice_if_bs/FIFO_WRCLK_OUT
                         net (fo=1, routed)           0.594     2.757    design_1_i/mipi_csi2_rx_subsyst_1/inst/phy/inst/inst/bd_115c_phy_0_rx_support_i/div4_clk_t
    BUFGCE_X0Y27         BUFGCE (Prop_BUFCE_BUFGCE_I_O)
                                                      0.028     2.785 r  design_1_i/mipi_csi2_rx_subsyst_1/inst/phy/inst/inst/bd_115c_phy_0_rx_support_i/slave_rx.rxbyteclkhs_buf/O
    X1Y1 (CLOCK_ROOT)    net (fo=523, routed)         1.257     4.042    design_1_wrapper/design_1/design_1_mipi_csi2_rx_subsyst_1_0/design_1_mipi_csi2_rx_subsyst_1_0_bd_115c/bd_115c_rx_0/<hidden>/<hidden>/<hidden>/<hidden>/<hidden>
    SLICE_X30Y133        FDRE                                         r  design_1_wrapper/design_1/design_1_mipi_csi2_rx_subsyst_1_0/design_1_mipi_csi2_rx_subsyst_1_0_bd_115c/bd_115c_rx_0/<hidden>/<hidden>/<hidden>/<hidden>/<hidden>
                         clock pessimism              0.000     4.042    
    SLICE_X30Y133        FDRE (Hold_DFF2_SLICEL_C_D)
                                                      0.055     4.097    design_1_wrapper/design_1/design_1_mipi_csi2_rx_subsyst_1_0/design_1_mipi_csi2_rx_subsyst_1_0_bd_115c/bd_115c_rx_0/<hidden>/<hidden>/<hidden>/<hidden>/<hidden>
  -------------------------------------------------------------------
                         data arrival                           4.476    
                         clock arrival                          4.097    
  -------------------------------------------------------------------
                         relative delay                         0.379    



Id: 4
set_bus_skew -from [get_cells [list {design_1_i/mipi_csi2_rx_subsyst_1/inst/rx/mipi_csi2_rx_ctrl_v1_0_14_top_dut/gen_pkt_fifo/pkt_fifo/gnuram_async_fifo.xpm_fifo_base_inst/gen_cdc_pntr.wr_pntr_cdc_dc_inst/src_gray_ff_reg[0]} {design_1_i/mipi_csi2_rx_subsyst_1/inst/rx/mipi_csi2_rx_ctrl_v1_0_14_top_dut/gen_pkt_fifo/pkt_fifo/gnuram_async_fifo.xpm_fifo_base_inst/gen_cdc_pntr.wr_pntr_cdc_dc_inst/src_gray_ff_reg[1]} {design_1_i/mipi_csi2_rx_subsyst_1/inst/rx/mipi_csi2_rx_ctrl_v1_0_14_top_dut/gen_pkt_fifo/pkt_fifo/gnuram_async_fifo.xpm_fifo_base_inst/gen_cdc_pntr.wr_pntr_cdc_dc_inst/src_gray_ff_reg[2]} {design_1_i/mipi_csi2_rx_subsyst_1/inst/rx/mipi_csi2_rx_ctrl_v1_0_14_top_dut/gen_pkt_fifo/pkt_fifo/gnuram_async_fifo.xpm_fifo_base_inst/gen_cdc_pntr.wr_pntr_cdc_dc_inst/src_gray_ff_reg[3]} {design_1_i/mipi_csi2_rx_subsyst_1/inst/rx/mipi_csi2_rx_ctrl_v1_0_14_top_dut/gen_pkt_fifo/pkt_fifo/gnuram_async_fifo.xpm_fifo_base_inst/gen_cdc_pntr.wr_pntr_cdc_dc_inst/src_gray_ff_reg[4]} {design_1_i/mipi_csi2_rx_subsyst_1/inst/rx/mipi_csi2_rx_ctrl_v1_0_14_top_dut/gen_pkt_fifo/pkt_fifo/gnuram_async_fifo.xpm_fifo_base_inst/gen_cdc_pntr.wr_pntr_cdc_dc_inst/src_gray_ff_reg[5]}]] -to [get_cells [list {design_1_i/mipi_csi2_rx_subsyst_1/inst/rx/mipi_csi2_rx_ctrl_v1_0_14_top_dut/gen_pkt_fifo/pkt_fifo/gnuram_async_fifo.xpm_fifo_base_inst/gen_cdc_pntr.wr_pntr_cdc_dc_inst/dest_graysync_ff_reg[0][0]} {design_1_i/mipi_csi2_rx_subsyst_1/inst/rx/mipi_csi2_rx_ctrl_v1_0_14_top_dut/gen_pkt_fifo/pkt_fifo/gnuram_async_fifo.xpm_fifo_base_inst/gen_cdc_pntr.wr_pntr_cdc_dc_inst/dest_graysync_ff_reg[0][1]} {design_1_i/mipi_csi2_rx_subsyst_1/inst/rx/mipi_csi2_rx_ctrl_v1_0_14_top_dut/gen_pkt_fifo/pkt_fifo/gnuram_async_fifo.xpm_fifo_base_inst/gen_cdc_pntr.wr_pntr_cdc_dc_inst/dest_graysync_ff_reg[0][2]} {design_1_i/mipi_csi2_rx_subsyst_1/inst/rx/mipi_csi2_rx_ctrl_v1_0_14_top_dut/gen_pkt_fifo/pkt_fifo/gnuram_async_fifo.xpm_fifo_base_inst/gen_cdc_pntr.wr_pntr_cdc_dc_inst/dest_graysync_ff_reg[0][3]} {design_1_i/mipi_csi2_rx_subsyst_1/inst/rx/mipi_csi2_rx_ctrl_v1_0_14_top_dut/gen_pkt_fifo/pkt_fifo/gnuram_async_fifo.xpm_fifo_base_inst/gen_cdc_pntr.wr_pntr_cdc_dc_inst/dest_graysync_ff_reg[0][4]} {design_1_i/mipi_csi2_rx_subsyst_1/inst/rx/mipi_csi2_rx_ctrl_v1_0_14_top_dut/gen_pkt_fifo/pkt_fifo/gnuram_async_fifo.xpm_fifo_base_inst/gen_cdc_pntr.wr_pntr_cdc_dc_inst/dest_graysync_ff_reg[0][5]}]] 5.000
Requirement: 5.000ns
Endpoints: 6

From Clock            To Clock              Endpoint Pin                    Reference Pin                   Corner  Actual(ns)  Slack(ns)
--------------------  --------------------  ------------------------------  ------------------------------  ------  ----------  ---------
mipi_phy_if_1_clk_p_FIFO_WRCLK_OUT
                      clk_out1_design_1_clk_wiz_0_0
                                            design_1_i/mipi_csi2_rx_subsyst_1/inst/rx/mipi_csi2_rx_ctrl_v1_0_14_top_dut/gen_pkt_fifo/pkt_fifo/gnuram_async_fifo.xpm_fifo_base_inst/gen_cdc_pntr.wr_pntr_cdc_dc_inst/dest_graysync_ff_reg[0][5]/D
                                                                            design_1_i/mipi_csi2_rx_subsyst_1/inst/rx/mipi_csi2_rx_ctrl_v1_0_14_top_dut/gen_pkt_fifo/pkt_fifo/gnuram_async_fifo.xpm_fifo_base_inst/gen_cdc_pntr.wr_pntr_cdc_dc_inst/dest_graysync_ff_reg[0][2]/D
                                                                                                            Slow         0.522      4.478


Slack (MET) :             4.478ns  (requirement - actual skew)
  Endpoint Source:        design_1_wrapper/design_1/design_1_mipi_csi2_rx_subsyst_1_0/design_1_mipi_csi2_rx_subsyst_1_0_bd_115c/bd_115c_rx_0/<hidden>/<hidden>/<hidden>/<hidden>/<hidden>
                            (rising edge-triggered cell FDRE clocked by mipi_phy_if_1_clk_p_FIFO_WRCLK_OUT)
  Endpoint Destination:   design_1_wrapper/design_1/design_1_mipi_csi2_rx_subsyst_1_0/design_1_mipi_csi2_rx_subsyst_1_0_bd_115c/bd_115c_rx_0/<hidden>/<hidden>/<hidden>/<hidden>/<hidden>
                            (rising edge-triggered cell FDRE clocked by clk_out1_design_1_clk_wiz_0_0)
  Reference Source:       design_1_wrapper/design_1/design_1_mipi_csi2_rx_subsyst_1_0/design_1_mipi_csi2_rx_subsyst_1_0_bd_115c/bd_115c_rx_0/<hidden>/<hidden>/<hidden>/<hidden>/<hidden>
                            (rising edge-triggered cell FDRE clocked by mipi_phy_if_1_clk_p_FIFO_WRCLK_OUT)
  Reference Destination:  design_1_wrapper/design_1/design_1_mipi_csi2_rx_subsyst_1_0/design_1_mipi_csi2_rx_subsyst_1_0_bd_115c/bd_115c_rx_0/<hidden>/<hidden>/<hidden>/<hidden>/<hidden>
                            (rising edge-triggered cell FDRE clocked by clk_out1_design_1_clk_wiz_0_0)
  Path Type:              Bus Skew (Max at Slow Process Corner)
  Requirement:            5.000ns
  Endpoint Relative Delay:    0.348ns
  Reference Relative Delay:  -1.512ns
  Relative CRPR:              1.339ns
  Actual Bus Skew:            0.522ns  (Endpoint Relative Delay - Reference Relative Delay - Relative CRPR)

Endpoint path:
    Location             Delay type                Incr(ns)  Path(ns)    Netlist Resource(s)
  -------------------------------------------------------------------    -------------------
                         (clock mipi_phy_if_1_clk_p_FIFO_WRCLK_OUT rise edge)
                                                      0.000     0.000 r  
    W8                                                0.000     0.000 r  mipi_phy_if_1_clk_p (IN)
                         net (fo=0)                   0.100     0.100    design_1_i/mipi_csi2_rx_subsyst_1/inst/phy/inst/inst/bd_115c_phy_0_rx_support_i/slave_rx.bd_115c_phy_0_rx_hssio_i/inst/top_inst/iobuf_top_inst/io_gen[0].ibufds_dphy/I
    HPIOBDIFFINBUF_X0Y24 DPHY_DIFFINBUF (Prop_DPHY_DIFFINBUF_HPIOBDIFFINBUF_I_HSRX_O)
                                                      0.415     0.515 r  design_1_i/mipi_csi2_rx_subsyst_1/inst/phy/inst/inst/bd_115c_phy_0_rx_support_i/slave_rx.bd_115c_phy_0_rx_hssio_i/inst/top_inst/iobuf_top_inst/io_gen[0].ibufds_dphy/DIFFINBUF_INST/HSRX_O
                         net (fo=1, routed)           0.050     0.565    design_1_i/mipi_csi2_rx_subsyst_1/inst/phy/inst/inst/bd_115c_phy_0_rx_support_i/slave_rx.bd_115c_phy_0_rx_hssio_i/inst/top_inst/iobuf_top_inst/io_gen[0].ibufds_dphy/OUT
    W8                   IBUFCTRL (Prop_IBUFCTRL_HPIOB_M_I_O)
                                                      0.000     0.565 r  design_1_i/mipi_csi2_rx_subsyst_1/inst/phy/inst/inst/bd_115c_phy_0_rx_support_i/slave_rx.bd_115c_phy_0_rx_hssio_i/inst/top_inst/iobuf_top_inst/io_gen[0].ibufds_dphy/IBUFCTRL_INST/O
                         net (fo=1, routed)           0.002     0.567    design_1_i/mipi_csi2_rx_subsyst_1/inst/phy/inst/inst/bd_115c_phy_0_rx_support_i/slave_rx.bd_115c_phy_0_rx_hssio_i/inst/top_inst/bs_top_inst/u_rx_bs/data_to_bs_out[0]
    BITSLICE_RX_TX_X0Y52 RX_BITSLICE (Prop_RX_BITSLICE_BITSLICE_RXTX_RX_DATAIN_RX_BIT_CTRL_OUT[9])
                                                      0.050     0.617 f  design_1_i/mipi_csi2_rx_subsyst_1/inst/phy/inst/inst/bd_115c_phy_0_rx_support_i/slave_rx.bd_115c_phy_0_rx_hssio_i/inst/top_inst/bs_top_inst/u_rx_bs/RX_BS[0].rx_bitslice_if_bs/RX_BIT_CTRL_OUT[9]
                         net (fo=1, routed)           0.006     0.623    design_1_i/mipi_csi2_rx_subsyst_1/inst/phy/inst/inst/bd_115c_phy_0_rx_support_i/slave_rx.bd_115c_phy_0_rx_hssio_i/inst/top_inst/bs_ctrl_top_inst/rx_bs0_rx_bit_ctrl_out[9]
    BITSLICE_CONTROL_X0Y8
                         BITSLICE_CONTROL (Prop_CONTROL_BITSLICE_CONTROL_RX_BIT_CTRL_IN0[9]_RX_BIT_CTRL_OUT0[20])
                                                      0.722     1.345 r  design_1_i/mipi_csi2_rx_subsyst_1/inst/phy/inst/inst/bd_115c_phy_0_rx_support_i/slave_rx.bd_115c_phy_0_rx_hssio_i/inst/top_inst/bs_ctrl_top_inst/BITSLICE_CTRL[0].bs_ctrl_inst/RX_BIT_CTRL_OUT0[20]
                         net (fo=1, routed)           0.013     1.358    design_1_i/mipi_csi2_rx_subsyst_1/inst/phy/inst/inst/bd_115c_phy_0_rx_support_i/slave_rx.bd_115c_phy_0_rx_hssio_i/inst/top_inst/bs_top_inst/u_rx_bs/rx_bs0_rx_bit_ctrl_in[20]
    BITSLICE_RX_TX_X0Y52 RX_BITSLICE (Prop_RX_BITSLICE_BITSLICE_RXTX_RX_RX_BIT_CTRL_IN[20]_FIFO_WRCLK_OUT)
                                                      0.805     2.163 r  design_1_i/mipi_csi2_rx_subsyst_1/inst/phy/inst/inst/bd_115c_phy_0_rx_support_i/slave_rx.bd_115c_phy_0_rx_hssio_i/inst/top_inst/bs_top_inst/u_rx_bs/RX_BS[0].rx_bitslice_if_bs/FIFO_WRCLK_OUT
                         net (fo=1, routed)           0.594     2.757    design_1_i/mipi_csi2_rx_subsyst_1/inst/phy/inst/inst/bd_115c_phy_0_rx_support_i/div4_clk_t
    BUFGCE_X0Y27         BUFGCE (Prop_BUFCE_BUFGCE_I_O)
                                                      0.028     2.785 r  design_1_i/mipi_csi2_rx_subsyst_1/inst/phy/inst/inst/bd_115c_phy_0_rx_support_i/slave_rx.rxbyteclkhs_buf/O
    X1Y1 (CLOCK_ROOT)    net (fo=523, routed)         1.256     4.041    design_1_wrapper/design_1/design_1_mipi_csi2_rx_subsyst_1_0/design_1_mipi_csi2_rx_subsyst_1_0_bd_115c/bd_115c_rx_0/<hidden>/<hidden>/<hidden>/<hidden>/<hidden>
    SLICE_X31Y134        FDRE                                         r  design_1_wrapper/design_1/design_1_mipi_csi2_rx_subsyst_1_0/design_1_mipi_csi2_rx_subsyst_1_0_bd_115c/bd_115c_rx_0/<hidden>/<hidden>/<hidden>/<hidden>/<hidden>
  -------------------------------------------------------------------    -------------------
    SLICE_X31Y134        FDRE (Prop_FFF_SLICEM_C_Q)
                                                      0.094     4.135 r  design_1_wrapper/design_1/design_1_mipi_csi2_rx_subsyst_1_0/design_1_mipi_csi2_rx_subsyst_1_0_bd_115c/bd_115c_rx_0/<hidden>/<hidden>/<hidden>/<hidden>/<hidden>
                         net (fo=1, routed)           0.575     4.710    design_1_wrapper/design_1/design_1_mipi_csi2_rx_subsyst_1_0/design_1_mipi_csi2_rx_subsyst_1_0_bd_115c/bd_115c_rx_0/<hidden>/<hidden>/<hidden>/<hidden>/<hidden>
    SLICE_X31Y134        FDRE                                         r  design_1_wrapper/design_1/design_1_mipi_csi2_rx_subsyst_1_0/design_1_mipi_csi2_rx_subsyst_1_0_bd_115c/bd_115c_rx_0/<hidden>/<hidden>/<hidden>/<hidden>/<hidden>
  -------------------------------------------------------------------    -------------------

                         (clock clk_out1_design_1_clk_wiz_0_0 rise edge)
                                                      0.000     0.000 r  
    AB11                                              0.000     0.000 r  pl_ref_clk[0] (IN)
                         net (fo=0)                   0.000     0.000    pl_ref_clk_IBUF[0]_inst/I
    AB11                 INBUF (Prop_INBUF_HDIOB_M_PAD_O)
                                                      0.827     0.827 r  pl_ref_clk_IBUF[0]_inst/INBUF_INST/O
                         net (fo=1, routed)           0.000     0.827    pl_ref_clk_IBUF[0]_inst/OUT
    AB11                 IBUFCTRL (Prop_IBUFCTRL_HDIOB_M_I_O)
                                                      0.000     0.827 r  pl_ref_clk_IBUF[0]_inst/IBUFCTRL_INST/O
                         net (fo=1, routed)           0.175     1.002    design_1_i/util_ds_buf_0/U0/BUFG_I[0]
    BUFGCE_HDIO_X3Y0     BUFGCE (Prop_BUFCE_BUFGCE_HDIO_I_O)
                                                      0.024     1.026 r  design_1_i/util_ds_buf_0/U0/USE_BUFG.GEN_BUFG[0].BUFG_U/O
                         net (fo=1, routed)           0.520     1.546    design_1_i/clk_wiz_0/inst/clk_in1
    MMCM_X0Y0            MMCME4_ADV (Prop_MMCM_CLKIN1_CLKOUT0)
                                                      0.644     2.190 r  design_1_i/clk_wiz_0/inst/mmcme4_adv_inst/CLKOUT0
                         net (fo=1, routed)           0.228     2.418    design_1_i/clk_wiz_0/inst/clk_out1_design_1_clk_wiz_0_0
    BUFGCE_X0Y13         BUFGCE (Prop_BUFCE_BUFGCE_I_O)
                                                      0.024     2.442 r  design_1_i/clk_wiz_0/inst/clkout1_buf/O
    X0Y1 (CLOCK_ROOT)    net (fo=25838, routed)       1.893     4.335    design_1_wrapper/design_1/design_1_mipi_csi2_rx_subsyst_1_0/design_1_mipi_csi2_rx_subsyst_1_0_bd_115c/bd_115c_rx_0/<hidden>/<hidden>/<hidden>/<hidden>/<hidden>
    SLICE_X31Y134        FDRE                                         r  design_1_wrapper/design_1/design_1_mipi_csi2_rx_subsyst_1_0/design_1_mipi_csi2_rx_subsyst_1_0_bd_115c/bd_115c_rx_0/<hidden>/<hidden>/<hidden>/<hidden>/<hidden>
                         clock pessimism              0.000     4.335    
    SLICE_X31Y134        FDRE (Setup_CFF2_SLICEM_C_D)
                                                      0.027     4.362    design_1_wrapper/design_1/design_1_mipi_csi2_rx_subsyst_1_0/design_1_mipi_csi2_rx_subsyst_1_0_bd_115c/bd_115c_rx_0/<hidden>/<hidden>/<hidden>/<hidden>/<hidden>
  -------------------------------------------------------------------
                         data arrival                           4.710    
                         clock arrival                          4.362    
  -------------------------------------------------------------------
                         relative delay                         0.348    

Reference path:
    Location             Delay type                Incr(ns)  Path(ns)    Netlist Resource(s)
  -------------------------------------------------------------------    -------------------
                         (clock mipi_phy_if_1_clk_p_FIFO_WRCLK_OUT rise edge)
                                                      0.000     0.000 r  
    W8                                                0.000     0.000 r  mipi_phy_if_1_clk_p (IN)
                         net (fo=0)                   0.079     0.079    design_1_i/mipi_csi2_rx_subsyst_1/inst/phy/inst/inst/bd_115c_phy_0_rx_support_i/slave_rx.bd_115c_phy_0_rx_hssio_i/inst/top_inst/iobuf_top_inst/io_gen[0].ibufds_dphy/I
    HPIOBDIFFINBUF_X0Y24 DPHY_DIFFINBUF (Prop_DPHY_DIFFINBUF_HPIOBDIFFINBUF_I_HSRX_O)
                                                      0.332     0.411 r  design_1_i/mipi_csi2_rx_subsyst_1/inst/phy/inst/inst/bd_115c_phy_0_rx_support_i/slave_rx.bd_115c_phy_0_rx_hssio_i/inst/top_inst/iobuf_top_inst/io_gen[0].ibufds_dphy/DIFFINBUF_INST/HSRX_O
                         net (fo=1, routed)           0.040     0.451    design_1_i/mipi_csi2_rx_subsyst_1/inst/phy/inst/inst/bd_115c_phy_0_rx_support_i/slave_rx.bd_115c_phy_0_rx_hssio_i/inst/top_inst/iobuf_top_inst/io_gen[0].ibufds_dphy/OUT
    W8                   IBUFCTRL (Prop_IBUFCTRL_HPIOB_M_I_O)
                                                      0.000     0.451 r  design_1_i/mipi_csi2_rx_subsyst_1/inst/phy/inst/inst/bd_115c_phy_0_rx_support_i/slave_rx.bd_115c_phy_0_rx_hssio_i/inst/top_inst/iobuf_top_inst/io_gen[0].ibufds_dphy/IBUFCTRL_INST/O
                         net (fo=1, routed)           0.000     0.451    design_1_i/mipi_csi2_rx_subsyst_1/inst/phy/inst/inst/bd_115c_phy_0_rx_support_i/slave_rx.bd_115c_phy_0_rx_hssio_i/inst/top_inst/bs_top_inst/u_rx_bs/data_to_bs_out[0]
    BITSLICE_RX_TX_X0Y52 RX_BITSLICE (Prop_RX_BITSLICE_BITSLICE_RXTX_RX_DATAIN_RX_BIT_CTRL_OUT[9])
                                                      0.025     0.476 f  design_1_i/mipi_csi2_rx_subsyst_1/inst/phy/inst/inst/bd_115c_phy_0_rx_support_i/slave_rx.bd_115c_phy_0_rx_hssio_i/inst/top_inst/bs_top_inst/u_rx_bs/RX_BS[0].rx_bitslice_if_bs/RX_BIT_CTRL_OUT[9]
                         net (fo=1, routed)           0.003     0.479    design_1_i/mipi_csi2_rx_subsyst_1/inst/phy/inst/inst/bd_115c_phy_0_rx_support_i/slave_rx.bd_115c_phy_0_rx_hssio_i/inst/top_inst/bs_ctrl_top_inst/rx_bs0_rx_bit_ctrl_out[9]
    BITSLICE_CONTROL_X0Y8
                         BITSLICE_CONTROL (Prop_CONTROL_BITSLICE_CONTROL_RX_BIT_CTRL_IN0[9]_RX_BIT_CTRL_OUT0[20])
                                                      0.254     0.733 r  design_1_i/mipi_csi2_rx_subsyst_1/inst/phy/inst/inst/bd_115c_phy_0_rx_support_i/slave_rx.bd_115c_phy_0_rx_hssio_i/inst/top_inst/bs_ctrl_top_inst/BITSLICE_CTRL[0].bs_ctrl_inst/RX_BIT_CTRL_OUT0[20]
                         net (fo=1, routed)           0.006     0.739    design_1_i/mipi_csi2_rx_subsyst_1/inst/phy/inst/inst/bd_115c_phy_0_rx_support_i/slave_rx.bd_115c_phy_0_rx_hssio_i/inst/top_inst/bs_top_inst/u_rx_bs/rx_bs0_rx_bit_ctrl_in[20]
    BITSLICE_RX_TX_X0Y52 RX_BITSLICE (Prop_RX_BITSLICE_BITSLICE_RXTX_RX_RX_BIT_CTRL_IN[20]_FIFO_WRCLK_OUT)
                                                      0.382     1.121 r  design_1_i/mipi_csi2_rx_subsyst_1/inst/phy/inst/inst/bd_115c_phy_0_rx_support_i/slave_rx.bd_115c_phy_0_rx_hssio_i/inst/top_inst/bs_top_inst/u_rx_bs/RX_BS[0].rx_bitslice_if_bs/FIFO_WRCLK_OUT
                         net (fo=1, routed)           0.478     1.599    design_1_i/mipi_csi2_rx_subsyst_1/inst/phy/inst/inst/bd_115c_phy_0_rx_support_i/div4_clk_t
    BUFGCE_X0Y27         BUFGCE (Prop_BUFCE_BUFGCE_I_O)
                                                      0.024     1.623 r  design_1_i/mipi_csi2_rx_subsyst_1/inst/phy/inst/inst/bd_115c_phy_0_rx_support_i/slave_rx.rxbyteclkhs_buf/O
    X1Y1 (CLOCK_ROOT)    net (fo=523, routed)         1.088     2.711    design_1_wrapper/design_1/design_1_mipi_csi2_rx_subsyst_1_0/design_1_mipi_csi2_rx_subsyst_1_0_bd_115c/bd_115c_rx_0/<hidden>/<hidden>/<hidden>/<hidden>/<hidden>
    SLICE_X32Y131        FDRE                                         r  design_1_wrapper/design_1/design_1_mipi_csi2_rx_subsyst_1_0/design_1_mipi_csi2_rx_subsyst_1_0_bd_115c/bd_115c_rx_0/<hidden>/<hidden>/<hidden>/<hidden>/<hidden>
  -------------------------------------------------------------------    -------------------
    SLICE_X32Y131        FDRE (Prop_DFF_SLICEL_C_Q)
                                                      0.070     2.781 r  design_1_wrapper/design_1/design_1_mipi_csi2_rx_subsyst_1_0/design_1_mipi_csi2_rx_subsyst_1_0_bd_115c/bd_115c_rx_0/<hidden>/<hidden>/<hidden>/<hidden>/<hidden>
                         net (fo=1, routed)           0.165     2.946    design_1_wrapper/design_1/design_1_mipi_csi2_rx_subsyst_1_0/design_1_mipi_csi2_rx_subsyst_1_0_bd_115c/bd_115c_rx_0/<hidden>/<hidden>/<hidden>/<hidden>/<hidden>
    SLICE_X32Y131        FDRE                                         r  design_1_wrapper/design_1/design_1_mipi_csi2_rx_subsyst_1_0/design_1_mipi_csi2_rx_subsyst_1_0_bd_115c/bd_115c_rx_0/<hidden>/<hidden>/<hidden>/<hidden>/<hidden>
  -------------------------------------------------------------------    -------------------

                         (clock clk_out1_design_1_clk_wiz_0_0 rise edge)
                                                      0.000     0.000 r  
    AB11                                              0.000     0.000 r  pl_ref_clk[0] (IN)
                         net (fo=0)                   0.000     0.000    pl_ref_clk_IBUF[0]_inst/I
    AB11                 INBUF (Prop_INBUF_HDIOB_M_PAD_O)
                                                      1.279     1.279 r  pl_ref_clk_IBUF[0]_inst/INBUF_INST/O
                         net (fo=1, routed)           0.000     1.279    pl_ref_clk_IBUF[0]_inst/OUT
    AB11                 IBUFCTRL (Prop_IBUFCTRL_HDIOB_M_I_O)
                                                      0.000     1.279 r  pl_ref_clk_IBUF[0]_inst/IBUFCTRL_INST/O
                         net (fo=1, routed)           0.211     1.490    design_1_i/util_ds_buf_0/U0/BUFG_I[0]
    BUFGCE_HDIO_X3Y0     BUFGCE (Prop_BUFCE_BUFGCE_HDIO_I_O)
                                                      0.028     1.518 r  design_1_i/util_ds_buf_0/U0/USE_BUFG.GEN_BUFG[0].BUFG_U/O
                         net (fo=1, routed)           0.584     2.102    design_1_i/clk_wiz_0/inst/clk_in1
    MMCM_X0Y0            MMCME4_ADV (Prop_MMCM_CLKIN1_CLKOUT0)
                                                     -0.106     1.996 r  design_1_i/clk_wiz_0/inst/mmcme4_adv_inst/CLKOUT0
                         net (fo=1, routed)           0.257     2.253    design_1_i/clk_wiz_0/inst/clk_out1_design_1_clk_wiz_0_0
    BUFGCE_X0Y13         BUFGCE (Prop_BUFCE_BUFGCE_I_O)
                                                      0.028     2.281 r  design_1_i/clk_wiz_0/inst/clkout1_buf/O
    X0Y1 (CLOCK_ROOT)    net (fo=25838, routed)       2.122     4.403    design_1_wrapper/design_1/design_1_mipi_csi2_rx_subsyst_1_0/design_1_mipi_csi2_rx_subsyst_1_0_bd_115c/bd_115c_rx_0/<hidden>/<hidden>/<hidden>/<hidden>/<hidden>
    SLICE_X32Y131        FDRE                                         r  design_1_wrapper/design_1/design_1_mipi_csi2_rx_subsyst_1_0/design_1_mipi_csi2_rx_subsyst_1_0_bd_115c/bd_115c_rx_0/<hidden>/<hidden>/<hidden>/<hidden>/<hidden>
                         clock pessimism              0.000     4.403    
    SLICE_X32Y131        FDRE (Hold_HFF2_SLICEL_C_D)
                                                      0.055     4.458    design_1_wrapper/design_1/design_1_mipi_csi2_rx_subsyst_1_0/design_1_mipi_csi2_rx_subsyst_1_0_bd_115c/bd_115c_rx_0/<hidden>/<hidden>/<hidden>/<hidden>/<hidden>
  -------------------------------------------------------------------
                         data arrival                           2.946    
                         clock arrival                          4.458    
  -------------------------------------------------------------------
                         relative delay                        -1.512    



Id: 5
set_bus_skew -from [get_cells [list {design_1_i/mipi_csi2_rx_subsyst_0/inst/rx/mipi_csi2_rx_ctrl_v1_0_14_top_dut/gen_pkt_fifo/pkt_fifo/gnuram_async_fifo.xpm_fifo_base_inst/gen_cdc_pntr.rd_pntr_cdc_inst/src_gray_ff_reg[0]} {design_1_i/mipi_csi2_rx_subsyst_0/inst/rx/mipi_csi2_rx_ctrl_v1_0_14_top_dut/gen_pkt_fifo/pkt_fifo/gnuram_async_fifo.xpm_fifo_base_inst/gen_cdc_pntr.rd_pntr_cdc_inst/src_gray_ff_reg[1]} {design_1_i/mipi_csi2_rx_subsyst_0/inst/rx/mipi_csi2_rx_ctrl_v1_0_14_top_dut/gen_pkt_fifo/pkt_fifo/gnuram_async_fifo.xpm_fifo_base_inst/gen_cdc_pntr.rd_pntr_cdc_inst/src_gray_ff_reg[2]} {design_1_i/mipi_csi2_rx_subsyst_0/inst/rx/mipi_csi2_rx_ctrl_v1_0_14_top_dut/gen_pkt_fifo/pkt_fifo/gnuram_async_fifo.xpm_fifo_base_inst/gen_cdc_pntr.rd_pntr_cdc_inst/src_gray_ff_reg[3]} {design_1_i/mipi_csi2_rx_subsyst_0/inst/rx/mipi_csi2_rx_ctrl_v1_0_14_top_dut/gen_pkt_fifo/pkt_fifo/gnuram_async_fifo.xpm_fifo_base_inst/gen_cdc_pntr.rd_pntr_cdc_inst/src_gray_ff_reg[4]}]] -to [get_cells [list {design_1_i/mipi_csi2_rx_subsyst_0/inst/rx/mipi_csi2_rx_ctrl_v1_0_14_top_dut/gen_pkt_fifo/pkt_fifo/gnuram_async_fifo.xpm_fifo_base_inst/gen_cdc_pntr.rd_pntr_cdc_inst/dest_graysync_ff_reg[0][0]} {design_1_i/mipi_csi2_rx_subsyst_0/inst/rx/mipi_csi2_rx_ctrl_v1_0_14_top_dut/gen_pkt_fifo/pkt_fifo/gnuram_async_fifo.xpm_fifo_base_inst/gen_cdc_pntr.rd_pntr_cdc_inst/dest_graysync_ff_reg[0][1]} {design_1_i/mipi_csi2_rx_subsyst_0/inst/rx/mipi_csi2_rx_ctrl_v1_0_14_top_dut/gen_pkt_fifo/pkt_fifo/gnuram_async_fifo.xpm_fifo_base_inst/gen_cdc_pntr.rd_pntr_cdc_inst/dest_graysync_ff_reg[0][2]} {design_1_i/mipi_csi2_rx_subsyst_0/inst/rx/mipi_csi2_rx_ctrl_v1_0_14_top_dut/gen_pkt_fifo/pkt_fifo/gnuram_async_fifo.xpm_fifo_base_inst/gen_cdc_pntr.rd_pntr_cdc_inst/dest_graysync_ff_reg[0][3]} {design_1_i/mipi_csi2_rx_subsyst_0/inst/rx/mipi_csi2_rx_ctrl_v1_0_14_top_dut/gen_pkt_fifo/pkt_fifo/gnuram_async_fifo.xpm_fifo_base_inst/gen_cdc_pntr.rd_pntr_cdc_inst/dest_graysync_ff_reg[0][4]}]] 5.000
Requirement: 5.000ns
Endpoints: 5

From Clock            To Clock              Endpoint Pin                    Reference Pin                   Corner  Actual(ns)  Slack(ns)
--------------------  --------------------  ------------------------------  ------------------------------  ------  ----------  ---------
clk_out1_design_1_clk_wiz_0_0
                      mipi_phy_if_0_clk_p_FIFO_WRCLK_OUT
                                            design_1_i/mipi_csi2_rx_subsyst_0/inst/rx/mipi_csi2_rx_ctrl_v1_0_14_top_dut/gen_pkt_fifo/pkt_fifo/gnuram_async_fifo.xpm_fifo_base_inst/gen_cdc_pntr.rd_pntr_cdc_inst/dest_graysync_ff_reg[0][1]/D
                                                                            design_1_i/mipi_csi2_rx_subsyst_0/inst/rx/mipi_csi2_rx_ctrl_v1_0_14_top_dut/gen_pkt_fifo/pkt_fifo/gnuram_async_fifo.xpm_fifo_base_inst/gen_cdc_pntr.rd_pntr_cdc_inst/dest_graysync_ff_reg[0][4]/D
                                                                                                            Slow         0.528      4.472


Slack (MET) :             4.472ns  (requirement - actual skew)
  Endpoint Source:        design_1_wrapper/design_1/design_1_mipi_csi2_rx_subsyst_0_0/design_1_mipi_csi2_rx_subsyst_0_0_bd_d10d/bd_d10d_rx_0/<hidden>/<hidden>/<hidden>/<hidden>/<hidden>
                            (rising edge-triggered cell FDRE clocked by clk_out1_design_1_clk_wiz_0_0)
  Endpoint Destination:   design_1_wrapper/design_1/design_1_mipi_csi2_rx_subsyst_0_0/design_1_mipi_csi2_rx_subsyst_0_0_bd_d10d/bd_d10d_rx_0/<hidden>/<hidden>/<hidden>/<hidden>/<hidden>
                            (rising edge-triggered cell FDRE clocked by mipi_phy_if_0_clk_p_FIFO_WRCLK_OUT)
  Reference Source:       design_1_wrapper/design_1/design_1_mipi_csi2_rx_subsyst_0_0/design_1_mipi_csi2_rx_subsyst_0_0_bd_d10d/bd_d10d_rx_0/<hidden>/<hidden>/<hidden>/<hidden>/<hidden>
                            (rising edge-triggered cell FDRE clocked by clk_out1_design_1_clk_wiz_0_0)
  Reference Destination:  design_1_wrapper/design_1/design_1_mipi_csi2_rx_subsyst_0_0/design_1_mipi_csi2_rx_subsyst_0_0_bd_d10d/bd_d10d_rx_0/<hidden>/<hidden>/<hidden>/<hidden>/<hidden>
                            (rising edge-triggered cell FDRE clocked by mipi_phy_if_0_clk_p_FIFO_WRCLK_OUT)
  Path Type:              Bus Skew (Max at Slow Process Corner)
  Requirement:            5.000ns
  Endpoint Relative Delay:    1.962ns
  Reference Relative Delay:   0.224ns
  Relative CRPR:              1.210ns
  Actual Bus Skew:            0.528ns  (Endpoint Relative Delay - Reference Relative Delay - Relative CRPR)

Endpoint path:
    Location             Delay type                Incr(ns)  Path(ns)    Netlist Resource(s)
  -------------------------------------------------------------------    -------------------
                         (clock clk_out1_design_1_clk_wiz_0_0 rise edge)
                                                      0.000     0.000 r  
    AB11                                              0.000     0.000 r  pl_ref_clk[0] (IN)
                         net (fo=0)                   0.000     0.000    pl_ref_clk_IBUF[0]_inst/I
    AB11                 INBUF (Prop_INBUF_HDIOB_M_PAD_O)
                                                      1.279     1.279 r  pl_ref_clk_IBUF[0]_inst/INBUF_INST/O
                         net (fo=1, routed)           0.000     1.279    pl_ref_clk_IBUF[0]_inst/OUT
    AB11                 IBUFCTRL (Prop_IBUFCTRL_HDIOB_M_I_O)
                                                      0.000     1.279 r  pl_ref_clk_IBUF[0]_inst/IBUFCTRL_INST/O
                         net (fo=1, routed)           0.211     1.490    design_1_i/util_ds_buf_0/U0/BUFG_I[0]
    BUFGCE_HDIO_X3Y0     BUFGCE (Prop_BUFCE_BUFGCE_HDIO_I_O)
                                                      0.028     1.518 r  design_1_i/util_ds_buf_0/U0/USE_BUFG.GEN_BUFG[0].BUFG_U/O
                         net (fo=1, routed)           0.584     2.102    design_1_i/clk_wiz_0/inst/clk_in1
    MMCM_X0Y0            MMCME4_ADV (Prop_MMCM_CLKIN1_CLKOUT0)
                                                     -0.106     1.996 r  design_1_i/clk_wiz_0/inst/mmcme4_adv_inst/CLKOUT0
                         net (fo=1, routed)           0.257     2.253    design_1_i/clk_wiz_0/inst/clk_out1_design_1_clk_wiz_0_0
    BUFGCE_X0Y13         BUFGCE (Prop_BUFCE_BUFGCE_I_O)
                                                      0.028     2.281 r  design_1_i/clk_wiz_0/inst/clkout1_buf/O
    X0Y1 (CLOCK_ROOT)    net (fo=25838, routed)       2.016     4.297    design_1_wrapper/design_1/design_1_mipi_csi2_rx_subsyst_0_0/design_1_mipi_csi2_rx_subsyst_0_0_bd_d10d/bd_d10d_rx_0/<hidden>/<hidden>/<hidden>/<hidden>/<hidden>
    SLICE_X19Y63         FDRE                                         r  design_1_wrapper/design_1/design_1_mipi_csi2_rx_subsyst_0_0/design_1_mipi_csi2_rx_subsyst_0_0_bd_d10d/bd_d10d_rx_0/<hidden>/<hidden>/<hidden>/<hidden>/<hidden>
  -------------------------------------------------------------------    -------------------
    SLICE_X19Y63         FDRE (Prop_HFF2_SLICEM_C_Q)
                                                      0.095     4.392 r  design_1_wrapper/design_1/design_1_mipi_csi2_rx_subsyst_0_0/design_1_mipi_csi2_rx_subsyst_0_0_bd_d10d/bd_d10d_rx_0/<hidden>/<hidden>/<hidden>/<hidden>/<hidden>
                         net (fo=1, routed)           0.380     4.772    design_1_wrapper/design_1/design_1_mipi_csi2_rx_subsyst_0_0/design_1_mipi_csi2_rx_subsyst_0_0_bd_d10d/bd_d10d_rx_0/<hidden>/<hidden>/<hidden>/<hidden>/<hidden>
    SLICE_X19Y63         FDRE                                         r  design_1_wrapper/design_1/design_1_mipi_csi2_rx_subsyst_0_0/design_1_mipi_csi2_rx_subsyst_0_0_bd_d10d/bd_d10d_rx_0/<hidden>/<hidden>/<hidden>/<hidden>/<hidden>
  -------------------------------------------------------------------    -------------------

                         (clock mipi_phy_if_0_clk_p_FIFO_WRCLK_OUT rise edge)
                                                      0.000     0.000 r  
    AC9                                               0.000     0.000 r  mipi_phy_if_0_clk_p (IN)
                         net (fo=0)                   0.079     0.079    design_1_i/mipi_csi2_rx_subsyst_0/inst/phy/inst/inst/bd_d10d_phy_0_rx_support_i/slave_rx.bd_d10d_phy_0_rx_hssio_i/inst/top_inst/iobuf_top_inst/io_gen[0].ibufds_dphy/I
    HPIOBDIFFINBUF_X0Y0  DPHY_DIFFINBUF (Prop_DPHY_DIFFINBUF_HPIOBDIFFINBUF_I_HSRX_O)
                                                      0.332     0.411 r  design_1_i/mipi_csi2_rx_subsyst_0/inst/phy/inst/inst/bd_d10d_phy_0_rx_support_i/slave_rx.bd_d10d_phy_0_rx_hssio_i/inst/top_inst/iobuf_top_inst/io_gen[0].ibufds_dphy/DIFFINBUF_INST/HSRX_O
                         net (fo=1, routed)           0.040     0.451    design_1_i/mipi_csi2_rx_subsyst_0/inst/phy/inst/inst/bd_d10d_phy_0_rx_support_i/slave_rx.bd_d10d_phy_0_rx_hssio_i/inst/top_inst/iobuf_top_inst/io_gen[0].ibufds_dphy/OUT
    AC9                  IBUFCTRL (Prop_IBUFCTRL_HPIOB_M_I_O)
                                                      0.000     0.451 r  design_1_i/mipi_csi2_rx_subsyst_0/inst/phy/inst/inst/bd_d10d_phy_0_rx_support_i/slave_rx.bd_d10d_phy_0_rx_hssio_i/inst/top_inst/iobuf_top_inst/io_gen[0].ibufds_dphy/IBUFCTRL_INST/O
                         net (fo=1, routed)           0.000     0.451    design_1_i/mipi_csi2_rx_subsyst_0/inst/phy/inst/inst/bd_d10d_phy_0_rx_support_i/slave_rx.bd_d10d_phy_0_rx_hssio_i/inst/top_inst/bs_top_inst/u_rx_bs/data_to_bs_out[0]
    BITSLICE_RX_TX_X0Y0  RX_BITSLICE (Prop_RX_BITSLICE_BITSLICE_RXTX_RX_DATAIN_RX_BIT_CTRL_OUT[9])
                                                      0.025     0.476 f  design_1_i/mipi_csi2_rx_subsyst_0/inst/phy/inst/inst/bd_d10d_phy_0_rx_support_i/slave_rx.bd_d10d_phy_0_rx_hssio_i/inst/top_inst/bs_top_inst/u_rx_bs/RX_BS[0].rx_bitslice_if_bs/RX_BIT_CTRL_OUT[9]
                         net (fo=1, routed)           0.003     0.479    design_1_i/mipi_csi2_rx_subsyst_0/inst/phy/inst/inst/bd_d10d_phy_0_rx_support_i/slave_rx.bd_d10d_phy_0_rx_hssio_i/inst/top_inst/bs_ctrl_top_inst/rx_bs0_rx_bit_ctrl_out[9]
    BITSLICE_CONTROL_X0Y0
                         BITSLICE_CONTROL (Prop_CONTROL_BITSLICE_CONTROL_RX_BIT_CTRL_IN0[9]_RX_BIT_CTRL_OUT0[20])
                                                      0.254     0.733 r  design_1_i/mipi_csi2_rx_subsyst_0/inst/phy/inst/inst/bd_d10d_phy_0_rx_support_i/slave_rx.bd_d10d_phy_0_rx_hssio_i/inst/top_inst/bs_ctrl_top_inst/BITSLICE_CTRL[0].bs_ctrl_inst/RX_BIT_CTRL_OUT0[20]
                         net (fo=1, routed)           0.006     0.739    design_1_i/mipi_csi2_rx_subsyst_0/inst/phy/inst/inst/bd_d10d_phy_0_rx_support_i/slave_rx.bd_d10d_phy_0_rx_hssio_i/inst/top_inst/bs_top_inst/u_rx_bs/rx_bs0_rx_bit_ctrl_in[20]
    BITSLICE_RX_TX_X0Y0  RX_BITSLICE (Prop_RX_BITSLICE_BITSLICE_RXTX_RX_RX_BIT_CTRL_IN[20]_FIFO_WRCLK_OUT)
                                                      0.382     1.121 r  design_1_i/mipi_csi2_rx_subsyst_0/inst/phy/inst/inst/bd_d10d_phy_0_rx_support_i/slave_rx.bd_d10d_phy_0_rx_hssio_i/inst/top_inst/bs_top_inst/u_rx_bs/RX_BS[0].rx_bitslice_if_bs/FIFO_WRCLK_OUT
                         net (fo=1, routed)           0.478     1.599    design_1_i/mipi_csi2_rx_subsyst_0/inst/phy/inst/inst/bd_d10d_phy_0_rx_support_i/div4_clk_t
    BUFGCE_X0Y0          BUFGCE (Prop_BUFCE_BUFGCE_I_O)
                                                      0.024     1.623 r  design_1_i/mipi_csi2_rx_subsyst_0/inst/phy/inst/inst/bd_d10d_phy_0_rx_support_i/slave_rx.rxbyteclkhs_buf/O
    X1Y0 (CLOCK_ROOT)    net (fo=523, routed)         1.160     2.783    design_1_wrapper/design_1/design_1_mipi_csi2_rx_subsyst_0_0/design_1_mipi_csi2_rx_subsyst_0_0_bd_d10d/bd_d10d_rx_0/<hidden>/<hidden>/<hidden>/<hidden>/<hidden>
    SLICE_X19Y63         FDRE                                         r  design_1_wrapper/design_1/design_1_mipi_csi2_rx_subsyst_0_0/design_1_mipi_csi2_rx_subsyst_0_0_bd_d10d/bd_d10d_rx_0/<hidden>/<hidden>/<hidden>/<hidden>/<hidden>
                         clock pessimism              0.000     2.783    
    SLICE_X19Y63         FDRE (Setup_CFF2_SLICEM_C_D)
                                                      0.027     2.810    design_1_wrapper/design_1/design_1_mipi_csi2_rx_subsyst_0_0/design_1_mipi_csi2_rx_subsyst_0_0_bd_d10d/bd_d10d_rx_0/<hidden>/<hidden>/<hidden>/<hidden>/<hidden>
  -------------------------------------------------------------------
                         data arrival                           4.772    
                         clock arrival                          2.810    
  -------------------------------------------------------------------
                         relative delay                         1.962    

Reference path:
    Location             Delay type                Incr(ns)  Path(ns)    Netlist Resource(s)
  -------------------------------------------------------------------    -------------------
                         (clock clk_out1_design_1_clk_wiz_0_0 rise edge)
                                                      0.000     0.000 r  
    AB11                                              0.000     0.000 r  pl_ref_clk[0] (IN)
                         net (fo=0)                   0.000     0.000    pl_ref_clk_IBUF[0]_inst/I
    AB11                 INBUF (Prop_INBUF_HDIOB_M_PAD_O)
                                                      0.827     0.827 r  pl_ref_clk_IBUF[0]_inst/INBUF_INST/O
                         net (fo=1, routed)           0.000     0.827    pl_ref_clk_IBUF[0]_inst/OUT
    AB11                 IBUFCTRL (Prop_IBUFCTRL_HDIOB_M_I_O)
                                                      0.000     0.827 r  pl_ref_clk_IBUF[0]_inst/IBUFCTRL_INST/O
                         net (fo=1, routed)           0.175     1.002    design_1_i/util_ds_buf_0/U0/BUFG_I[0]
    BUFGCE_HDIO_X3Y0     BUFGCE (Prop_BUFCE_BUFGCE_HDIO_I_O)
                                                      0.024     1.026 r  design_1_i/util_ds_buf_0/U0/USE_BUFG.GEN_BUFG[0].BUFG_U/O
                         net (fo=1, routed)           0.520     1.546    design_1_i/clk_wiz_0/inst/clk_in1
    MMCM_X0Y0            MMCME4_ADV (Prop_MMCM_CLKIN1_CLKOUT0)
                                                      0.644     2.190 r  design_1_i/clk_wiz_0/inst/mmcme4_adv_inst/CLKOUT0
                         net (fo=1, routed)           0.228     2.418    design_1_i/clk_wiz_0/inst/clk_out1_design_1_clk_wiz_0_0
    BUFGCE_X0Y13         BUFGCE (Prop_BUFCE_BUFGCE_I_O)
                                                      0.024     2.442 r  design_1_i/clk_wiz_0/inst/clkout1_buf/O
    X0Y1 (CLOCK_ROOT)    net (fo=25838, routed)       1.789     4.231    design_1_wrapper/design_1/design_1_mipi_csi2_rx_subsyst_0_0/design_1_mipi_csi2_rx_subsyst_0_0_bd_d10d/bd_d10d_rx_0/<hidden>/<hidden>/<hidden>/<hidden>/<hidden>
    SLICE_X21Y64         FDRE                                         r  design_1_wrapper/design_1/design_1_mipi_csi2_rx_subsyst_0_0/design_1_mipi_csi2_rx_subsyst_0_0_bd_d10d/bd_d10d_rx_0/<hidden>/<hidden>/<hidden>/<hidden>/<hidden>
  -------------------------------------------------------------------    -------------------
    SLICE_X21Y64         FDRE (Prop_EFF_SLICEL_C_Q)
                                                      0.070     4.301 r  design_1_wrapper/design_1/design_1_mipi_csi2_rx_subsyst_0_0/design_1_mipi_csi2_rx_subsyst_0_0_bd_d10d/bd_d10d_rx_0/<hidden>/<hidden>/<hidden>/<hidden>/<hidden>
                         net (fo=1, routed)           0.102     4.403    design_1_wrapper/design_1/design_1_mipi_csi2_rx_subsyst_0_0/design_1_mipi_csi2_rx_subsyst_0_0_bd_d10d/bd_d10d_rx_0/<hidden>/<hidden>/<hidden>/<hidden>/<hidden>
    SLICE_X21Y64         FDRE                                         r  design_1_wrapper/design_1/design_1_mipi_csi2_rx_subsyst_0_0/design_1_mipi_csi2_rx_subsyst_0_0_bd_d10d/bd_d10d_rx_0/<hidden>/<hidden>/<hidden>/<hidden>/<hidden>
  -------------------------------------------------------------------    -------------------

                         (clock mipi_phy_if_0_clk_p_FIFO_WRCLK_OUT rise edge)
                                                      0.000     0.000 r  
    AC9                                               0.000     0.000 r  mipi_phy_if_0_clk_p (IN)
                         net (fo=0)                   0.100     0.100    design_1_i/mipi_csi2_rx_subsyst_0/inst/phy/inst/inst/bd_d10d_phy_0_rx_support_i/slave_rx.bd_d10d_phy_0_rx_hssio_i/inst/top_inst/iobuf_top_inst/io_gen[0].ibufds_dphy/I
    HPIOBDIFFINBUF_X0Y0  DPHY_DIFFINBUF (Prop_DPHY_DIFFINBUF_HPIOBDIFFINBUF_I_HSRX_O)
                                                      0.415     0.515 r  design_1_i/mipi_csi2_rx_subsyst_0/inst/phy/inst/inst/bd_d10d_phy_0_rx_support_i/slave_rx.bd_d10d_phy_0_rx_hssio_i/inst/top_inst/iobuf_top_inst/io_gen[0].ibufds_dphy/DIFFINBUF_INST/HSRX_O
                         net (fo=1, routed)           0.050     0.565    design_1_i/mipi_csi2_rx_subsyst_0/inst/phy/inst/inst/bd_d10d_phy_0_rx_support_i/slave_rx.bd_d10d_phy_0_rx_hssio_i/inst/top_inst/iobuf_top_inst/io_gen[0].ibufds_dphy/OUT
    AC9                  IBUFCTRL (Prop_IBUFCTRL_HPIOB_M_I_O)
                                                      0.000     0.565 r  design_1_i/mipi_csi2_rx_subsyst_0/inst/phy/inst/inst/bd_d10d_phy_0_rx_support_i/slave_rx.bd_d10d_phy_0_rx_hssio_i/inst/top_inst/iobuf_top_inst/io_gen[0].ibufds_dphy/IBUFCTRL_INST/O
                         net (fo=1, routed)           0.002     0.567    design_1_i/mipi_csi2_rx_subsyst_0/inst/phy/inst/inst/bd_d10d_phy_0_rx_support_i/slave_rx.bd_d10d_phy_0_rx_hssio_i/inst/top_inst/bs_top_inst/u_rx_bs/data_to_bs_out[0]
    BITSLICE_RX_TX_X0Y0  RX_BITSLICE (Prop_RX_BITSLICE_BITSLICE_RXTX_RX_DATAIN_RX_BIT_CTRL_OUT[9])
                                                      0.050     0.617 f  design_1_i/mipi_csi2_rx_subsyst_0/inst/phy/inst/inst/bd_d10d_phy_0_rx_support_i/slave_rx.bd_d10d_phy_0_rx_hssio_i/inst/top_inst/bs_top_inst/u_rx_bs/RX_BS[0].rx_bitslice_if_bs/RX_BIT_CTRL_OUT[9]
                         net (fo=1, routed)           0.006     0.623    design_1_i/mipi_csi2_rx_subsyst_0/inst/phy/inst/inst/bd_d10d_phy_0_rx_support_i/slave_rx.bd_d10d_phy_0_rx_hssio_i/inst/top_inst/bs_ctrl_top_inst/rx_bs0_rx_bit_ctrl_out[9]
    BITSLICE_CONTROL_X0Y0
                         BITSLICE_CONTROL (Prop_CONTROL_BITSLICE_CONTROL_RX_BIT_CTRL_IN0[9]_RX_BIT_CTRL_OUT0[20])
                                                      0.722     1.345 r  design_1_i/mipi_csi2_rx_subsyst_0/inst/phy/inst/inst/bd_d10d_phy_0_rx_support_i/slave_rx.bd_d10d_phy_0_rx_hssio_i/inst/top_inst/bs_ctrl_top_inst/BITSLICE_CTRL[0].bs_ctrl_inst/RX_BIT_CTRL_OUT0[20]
                         net (fo=1, routed)           0.013     1.358    design_1_i/mipi_csi2_rx_subsyst_0/inst/phy/inst/inst/bd_d10d_phy_0_rx_support_i/slave_rx.bd_d10d_phy_0_rx_hssio_i/inst/top_inst/bs_top_inst/u_rx_bs/rx_bs0_rx_bit_ctrl_in[20]
    BITSLICE_RX_TX_X0Y0  RX_BITSLICE (Prop_RX_BITSLICE_BITSLICE_RXTX_RX_RX_BIT_CTRL_IN[20]_FIFO_WRCLK_OUT)
                                                      0.805     2.163 r  design_1_i/mipi_csi2_rx_subsyst_0/inst/phy/inst/inst/bd_d10d_phy_0_rx_support_i/slave_rx.bd_d10d_phy_0_rx_hssio_i/inst/top_inst/bs_top_inst/u_rx_bs/RX_BS[0].rx_bitslice_if_bs/FIFO_WRCLK_OUT
                         net (fo=1, routed)           0.594     2.757    design_1_i/mipi_csi2_rx_subsyst_0/inst/phy/inst/inst/bd_d10d_phy_0_rx_support_i/div4_clk_t
    BUFGCE_X0Y0          BUFGCE (Prop_BUFCE_BUFGCE_I_O)
                                                      0.028     2.785 r  design_1_i/mipi_csi2_rx_subsyst_0/inst/phy/inst/inst/bd_d10d_phy_0_rx_support_i/slave_rx.rxbyteclkhs_buf/O
    X1Y0 (CLOCK_ROOT)    net (fo=523, routed)         1.339     4.124    design_1_wrapper/design_1/design_1_mipi_csi2_rx_subsyst_0_0/design_1_mipi_csi2_rx_subsyst_0_0_bd_d10d/bd_d10d_rx_0/<hidden>/<hidden>/<hidden>/<hidden>/<hidden>
    SLICE_X21Y64         FDRE                                         r  design_1_wrapper/design_1/design_1_mipi_csi2_rx_subsyst_0_0/design_1_mipi_csi2_rx_subsyst_0_0_bd_d10d/bd_d10d_rx_0/<hidden>/<hidden>/<hidden>/<hidden>/<hidden>
                         clock pessimism              0.000     4.124    
    SLICE_X21Y64         FDRE (Hold_DFF2_SLICEL_C_D)
                                                      0.055     4.179    design_1_wrapper/design_1/design_1_mipi_csi2_rx_subsyst_0_0/design_1_mipi_csi2_rx_subsyst_0_0_bd_d10d/bd_d10d_rx_0/<hidden>/<hidden>/<hidden>/<hidden>/<hidden>
  -------------------------------------------------------------------
                         data arrival                           4.403    
                         clock arrival                          4.179    
  -------------------------------------------------------------------
                         relative delay                         0.224    



Id: 6
set_bus_skew -from [get_cells [list {design_1_i/mipi_csi2_rx_subsyst_0/inst/rx/mipi_csi2_rx_ctrl_v1_0_14_top_dut/gen_pkt_fifo/pkt_fifo/gnuram_async_fifo.xpm_fifo_base_inst/gen_cdc_pntr.wr_pntr_cdc_inst/src_gray_ff_reg[0]} {design_1_i/mipi_csi2_rx_subsyst_0/inst/rx/mipi_csi2_rx_ctrl_v1_0_14_top_dut/gen_pkt_fifo/pkt_fifo/gnuram_async_fifo.xpm_fifo_base_inst/gen_cdc_pntr.wr_pntr_cdc_inst/src_gray_ff_reg[1]} {design_1_i/mipi_csi2_rx_subsyst_0/inst/rx/mipi_csi2_rx_ctrl_v1_0_14_top_dut/gen_pkt_fifo/pkt_fifo/gnuram_async_fifo.xpm_fifo_base_inst/gen_cdc_pntr.wr_pntr_cdc_inst/src_gray_ff_reg[2]} {design_1_i/mipi_csi2_rx_subsyst_0/inst/rx/mipi_csi2_rx_ctrl_v1_0_14_top_dut/gen_pkt_fifo/pkt_fifo/gnuram_async_fifo.xpm_fifo_base_inst/gen_cdc_pntr.wr_pntr_cdc_inst/src_gray_ff_reg[3]} {design_1_i/mipi_csi2_rx_subsyst_0/inst/rx/mipi_csi2_rx_ctrl_v1_0_14_top_dut/gen_pkt_fifo/pkt_fifo/gnuram_async_fifo.xpm_fifo_base_inst/gen_cdc_pntr.wr_pntr_cdc_inst/src_gray_ff_reg[4]}]] -to [get_cells [list {design_1_i/mipi_csi2_rx_subsyst_0/inst/rx/mipi_csi2_rx_ctrl_v1_0_14_top_dut/gen_pkt_fifo/pkt_fifo/gnuram_async_fifo.xpm_fifo_base_inst/gen_cdc_pntr.wr_pntr_cdc_inst/dest_graysync_ff_reg[0][0]} {design_1_i/mipi_csi2_rx_subsyst_0/inst/rx/mipi_csi2_rx_ctrl_v1_0_14_top_dut/gen_pkt_fifo/pkt_fifo/gnuram_async_fifo.xpm_fifo_base_inst/gen_cdc_pntr.wr_pntr_cdc_inst/dest_graysync_ff_reg[0][1]} {design_1_i/mipi_csi2_rx_subsyst_0/inst/rx/mipi_csi2_rx_ctrl_v1_0_14_top_dut/gen_pkt_fifo/pkt_fifo/gnuram_async_fifo.xpm_fifo_base_inst/gen_cdc_pntr.wr_pntr_cdc_inst/dest_graysync_ff_reg[0][2]} {design_1_i/mipi_csi2_rx_subsyst_0/inst/rx/mipi_csi2_rx_ctrl_v1_0_14_top_dut/gen_pkt_fifo/pkt_fifo/gnuram_async_fifo.xpm_fifo_base_inst/gen_cdc_pntr.wr_pntr_cdc_inst/dest_graysync_ff_reg[0][3]} {design_1_i/mipi_csi2_rx_subsyst_0/inst/rx/mipi_csi2_rx_ctrl_v1_0_14_top_dut/gen_pkt_fifo/pkt_fifo/gnuram_async_fifo.xpm_fifo_base_inst/gen_cdc_pntr.wr_pntr_cdc_inst/dest_graysync_ff_reg[0][4]}]] 5.000
Requirement: 5.000ns
Endpoints: 5

From Clock            To Clock              Endpoint Pin                    Reference Pin                   Corner  Actual(ns)  Slack(ns)
--------------------  --------------------  ------------------------------  ------------------------------  ------  ----------  ---------
mipi_phy_if_0_clk_p_FIFO_WRCLK_OUT
                      clk_out1_design_1_clk_wiz_0_0
                                            design_1_i/mipi_csi2_rx_subsyst_0/inst/rx/mipi_csi2_rx_ctrl_v1_0_14_top_dut/gen_pkt_fifo/pkt_fifo/gnuram_async_fifo.xpm_fifo_base_inst/gen_cdc_pntr.wr_pntr_cdc_inst/dest_graysync_ff_reg[0][3]/D
                                                                            design_1_i/mipi_csi2_rx_subsyst_0/inst/rx/mipi_csi2_rx_ctrl_v1_0_14_top_dut/gen_pkt_fifo/pkt_fifo/gnuram_async_fifo.xpm_fifo_base_inst/gen_cdc_pntr.wr_pntr_cdc_inst/dest_graysync_ff_reg[0][0]/D
                                                                                                            Slow         0.365      4.635


Slack (MET) :             4.635ns  (requirement - actual skew)
  Endpoint Source:        design_1_wrapper/design_1/design_1_mipi_csi2_rx_subsyst_0_0/design_1_mipi_csi2_rx_subsyst_0_0_bd_d10d/bd_d10d_rx_0/<hidden>/<hidden>/<hidden>/<hidden>/<hidden>
                            (rising edge-triggered cell FDRE clocked by mipi_phy_if_0_clk_p_FIFO_WRCLK_OUT)
  Endpoint Destination:   design_1_wrapper/design_1/design_1_mipi_csi2_rx_subsyst_0_0/design_1_mipi_csi2_rx_subsyst_0_0_bd_d10d/bd_d10d_rx_0/<hidden>/<hidden>/<hidden>/<hidden>/<hidden>
                            (rising edge-triggered cell FDRE clocked by clk_out1_design_1_clk_wiz_0_0)
  Reference Source:       design_1_wrapper/design_1/design_1_mipi_csi2_rx_subsyst_0_0/design_1_mipi_csi2_rx_subsyst_0_0_bd_d10d/bd_d10d_rx_0/<hidden>/<hidden>/<hidden>/<hidden>/<hidden>
                            (rising edge-triggered cell FDRE clocked by mipi_phy_if_0_clk_p_FIFO_WRCLK_OUT)
  Reference Destination:  design_1_wrapper/design_1/design_1_mipi_csi2_rx_subsyst_0_0/design_1_mipi_csi2_rx_subsyst_0_0_bd_d10d/bd_d10d_rx_0/<hidden>/<hidden>/<hidden>/<hidden>/<hidden>
                            (rising edge-triggered cell FDRE clocked by clk_out1_design_1_clk_wiz_0_0)
  Path Type:              Bus Skew (Max at Slow Process Corner)
  Requirement:            5.000ns
  Endpoint Relative Delay:    0.261ns
  Reference Relative Delay:  -1.437ns
  Relative CRPR:              1.334ns
  Actual Bus Skew:            0.365ns  (Endpoint Relative Delay - Reference Relative Delay - Relative CRPR)

Endpoint path:
    Location             Delay type                Incr(ns)  Path(ns)    Netlist Resource(s)
  -------------------------------------------------------------------    -------------------
                         (clock mipi_phy_if_0_clk_p_FIFO_WRCLK_OUT rise edge)
                                                      0.000     0.000 r  
    AC9                                               0.000     0.000 r  mipi_phy_if_0_clk_p (IN)
                         net (fo=0)                   0.100     0.100    design_1_i/mipi_csi2_rx_subsyst_0/inst/phy/inst/inst/bd_d10d_phy_0_rx_support_i/slave_rx.bd_d10d_phy_0_rx_hssio_i/inst/top_inst/iobuf_top_inst/io_gen[0].ibufds_dphy/I
    HPIOBDIFFINBUF_X0Y0  DPHY_DIFFINBUF (Prop_DPHY_DIFFINBUF_HPIOBDIFFINBUF_I_HSRX_O)
                                                      0.415     0.515 r  design_1_i/mipi_csi2_rx_subsyst_0/inst/phy/inst/inst/bd_d10d_phy_0_rx_support_i/slave_rx.bd_d10d_phy_0_rx_hssio_i/inst/top_inst/iobuf_top_inst/io_gen[0].ibufds_dphy/DIFFINBUF_INST/HSRX_O
                         net (fo=1, routed)           0.050     0.565    design_1_i/mipi_csi2_rx_subsyst_0/inst/phy/inst/inst/bd_d10d_phy_0_rx_support_i/slave_rx.bd_d10d_phy_0_rx_hssio_i/inst/top_inst/iobuf_top_inst/io_gen[0].ibufds_dphy/OUT
    AC9                  IBUFCTRL (Prop_IBUFCTRL_HPIOB_M_I_O)
                                                      0.000     0.565 r  design_1_i/mipi_csi2_rx_subsyst_0/inst/phy/inst/inst/bd_d10d_phy_0_rx_support_i/slave_rx.bd_d10d_phy_0_rx_hssio_i/inst/top_inst/iobuf_top_inst/io_gen[0].ibufds_dphy/IBUFCTRL_INST/O
                         net (fo=1, routed)           0.002     0.567    design_1_i/mipi_csi2_rx_subsyst_0/inst/phy/inst/inst/bd_d10d_phy_0_rx_support_i/slave_rx.bd_d10d_phy_0_rx_hssio_i/inst/top_inst/bs_top_inst/u_rx_bs/data_to_bs_out[0]
    BITSLICE_RX_TX_X0Y0  RX_BITSLICE (Prop_RX_BITSLICE_BITSLICE_RXTX_RX_DATAIN_RX_BIT_CTRL_OUT[9])
                                                      0.050     0.617 f  design_1_i/mipi_csi2_rx_subsyst_0/inst/phy/inst/inst/bd_d10d_phy_0_rx_support_i/slave_rx.bd_d10d_phy_0_rx_hssio_i/inst/top_inst/bs_top_inst/u_rx_bs/RX_BS[0].rx_bitslice_if_bs/RX_BIT_CTRL_OUT[9]
                         net (fo=1, routed)           0.006     0.623    design_1_i/mipi_csi2_rx_subsyst_0/inst/phy/inst/inst/bd_d10d_phy_0_rx_support_i/slave_rx.bd_d10d_phy_0_rx_hssio_i/inst/top_inst/bs_ctrl_top_inst/rx_bs0_rx_bit_ctrl_out[9]
    BITSLICE_CONTROL_X0Y0
                         BITSLICE_CONTROL (Prop_CONTROL_BITSLICE_CONTROL_RX_BIT_CTRL_IN0[9]_RX_BIT_CTRL_OUT0[20])
                                                      0.722     1.345 r  design_1_i/mipi_csi2_rx_subsyst_0/inst/phy/inst/inst/bd_d10d_phy_0_rx_support_i/slave_rx.bd_d10d_phy_0_rx_hssio_i/inst/top_inst/bs_ctrl_top_inst/BITSLICE_CTRL[0].bs_ctrl_inst/RX_BIT_CTRL_OUT0[20]
                         net (fo=1, routed)           0.013     1.358    design_1_i/mipi_csi2_rx_subsyst_0/inst/phy/inst/inst/bd_d10d_phy_0_rx_support_i/slave_rx.bd_d10d_phy_0_rx_hssio_i/inst/top_inst/bs_top_inst/u_rx_bs/rx_bs0_rx_bit_ctrl_in[20]
    BITSLICE_RX_TX_X0Y0  RX_BITSLICE (Prop_RX_BITSLICE_BITSLICE_RXTX_RX_RX_BIT_CTRL_IN[20]_FIFO_WRCLK_OUT)
                                                      0.805     2.163 r  design_1_i/mipi_csi2_rx_subsyst_0/inst/phy/inst/inst/bd_d10d_phy_0_rx_support_i/slave_rx.bd_d10d_phy_0_rx_hssio_i/inst/top_inst/bs_top_inst/u_rx_bs/RX_BS[0].rx_bitslice_if_bs/FIFO_WRCLK_OUT
                         net (fo=1, routed)           0.594     2.757    design_1_i/mipi_csi2_rx_subsyst_0/inst/phy/inst/inst/bd_d10d_phy_0_rx_support_i/div4_clk_t
    BUFGCE_X0Y0          BUFGCE (Prop_BUFCE_BUFGCE_I_O)
                                                      0.028     2.785 r  design_1_i/mipi_csi2_rx_subsyst_0/inst/phy/inst/inst/bd_d10d_phy_0_rx_support_i/slave_rx.rxbyteclkhs_buf/O
    X1Y0 (CLOCK_ROOT)    net (fo=523, routed)         1.339     4.124    design_1_wrapper/design_1/design_1_mipi_csi2_rx_subsyst_0_0/design_1_mipi_csi2_rx_subsyst_0_0_bd_d10d/bd_d10d_rx_0/<hidden>/<hidden>/<hidden>/<hidden>/<hidden>
    SLICE_X17Y64         FDRE                                         r  design_1_wrapper/design_1/design_1_mipi_csi2_rx_subsyst_0_0/design_1_mipi_csi2_rx_subsyst_0_0_bd_d10d/bd_d10d_rx_0/<hidden>/<hidden>/<hidden>/<hidden>/<hidden>
  -------------------------------------------------------------------    -------------------
    SLICE_X17Y64         FDRE (Prop_CFF2_SLICEL_C_Q)
                                                      0.097     4.221 r  design_1_wrapper/design_1/design_1_mipi_csi2_rx_subsyst_0_0/design_1_mipi_csi2_rx_subsyst_0_0_bd_d10d/bd_d10d_rx_0/<hidden>/<hidden>/<hidden>/<hidden>/<hidden>
                         net (fo=1, routed)           0.298     4.519    design_1_wrapper/design_1/design_1_mipi_csi2_rx_subsyst_0_0/design_1_mipi_csi2_rx_subsyst_0_0_bd_d10d/bd_d10d_rx_0/<hidden>/<hidden>/<hidden>/<hidden>/<hidden>
    SLICE_X17Y61         FDRE                                         r  design_1_wrapper/design_1/design_1_mipi_csi2_rx_subsyst_0_0/design_1_mipi_csi2_rx_subsyst_0_0_bd_d10d/bd_d10d_rx_0/<hidden>/<hidden>/<hidden>/<hidden>/<hidden>
  -------------------------------------------------------------------    -------------------

                         (clock clk_out1_design_1_clk_wiz_0_0 rise edge)
                                                      0.000     0.000 r  
    AB11                                              0.000     0.000 r  pl_ref_clk[0] (IN)
                         net (fo=0)                   0.000     0.000    pl_ref_clk_IBUF[0]_inst/I
    AB11                 INBUF (Prop_INBUF_HDIOB_M_PAD_O)
                                                      0.827     0.827 r  pl_ref_clk_IBUF[0]_inst/INBUF_INST/O
                         net (fo=1, routed)           0.000     0.827    pl_ref_clk_IBUF[0]_inst/OUT
    AB11                 IBUFCTRL (Prop_IBUFCTRL_HDIOB_M_I_O)
                                                      0.000     0.827 r  pl_ref_clk_IBUF[0]_inst/IBUFCTRL_INST/O
                         net (fo=1, routed)           0.175     1.002    design_1_i/util_ds_buf_0/U0/BUFG_I[0]
    BUFGCE_HDIO_X3Y0     BUFGCE (Prop_BUFCE_BUFGCE_HDIO_I_O)
                                                      0.024     1.026 r  design_1_i/util_ds_buf_0/U0/USE_BUFG.GEN_BUFG[0].BUFG_U/O
                         net (fo=1, routed)           0.520     1.546    design_1_i/clk_wiz_0/inst/clk_in1
    MMCM_X0Y0            MMCME4_ADV (Prop_MMCM_CLKIN1_CLKOUT0)
                                                      0.644     2.190 r  design_1_i/clk_wiz_0/inst/mmcme4_adv_inst/CLKOUT0
                         net (fo=1, routed)           0.228     2.418    design_1_i/clk_wiz_0/inst/clk_out1_design_1_clk_wiz_0_0
    BUFGCE_X0Y13         BUFGCE (Prop_BUFCE_BUFGCE_I_O)
                                                      0.024     2.442 r  design_1_i/clk_wiz_0/inst/clkout1_buf/O
    X0Y1 (CLOCK_ROOT)    net (fo=25838, routed)       1.789     4.231    design_1_wrapper/design_1/design_1_mipi_csi2_rx_subsyst_0_0/design_1_mipi_csi2_rx_subsyst_0_0_bd_d10d/bd_d10d_rx_0/<hidden>/<hidden>/<hidden>/<hidden>/<hidden>
    SLICE_X17Y61         FDRE                                         r  design_1_wrapper/design_1/design_1_mipi_csi2_rx_subsyst_0_0/design_1_mipi_csi2_rx_subsyst_0_0_bd_d10d/bd_d10d_rx_0/<hidden>/<hidden>/<hidden>/<hidden>/<hidden>
                         clock pessimism              0.000     4.231    
    SLICE_X17Y61         FDRE (Setup_CFF2_SLICEL_C_D)
                                                      0.027     4.258    design_1_wrapper/design_1/design_1_mipi_csi2_rx_subsyst_0_0/design_1_mipi_csi2_rx_subsyst_0_0_bd_d10d/bd_d10d_rx_0/<hidden>/<hidden>/<hidden>/<hidden>/<hidden>
  -------------------------------------------------------------------
                         data arrival                           4.519    
                         clock arrival                          4.258    
  -------------------------------------------------------------------
                         relative delay                         0.261    

Reference path:
    Location             Delay type                Incr(ns)  Path(ns)    Netlist Resource(s)
  -------------------------------------------------------------------    -------------------
                         (clock mipi_phy_if_0_clk_p_FIFO_WRCLK_OUT rise edge)
                                                      0.000     0.000 r  
    AC9                                               0.000     0.000 r  mipi_phy_if_0_clk_p (IN)
                         net (fo=0)                   0.079     0.079    design_1_i/mipi_csi2_rx_subsyst_0/inst/phy/inst/inst/bd_d10d_phy_0_rx_support_i/slave_rx.bd_d10d_phy_0_rx_hssio_i/inst/top_inst/iobuf_top_inst/io_gen[0].ibufds_dphy/I
    HPIOBDIFFINBUF_X0Y0  DPHY_DIFFINBUF (Prop_DPHY_DIFFINBUF_HPIOBDIFFINBUF_I_HSRX_O)
                                                      0.332     0.411 r  design_1_i/mipi_csi2_rx_subsyst_0/inst/phy/inst/inst/bd_d10d_phy_0_rx_support_i/slave_rx.bd_d10d_phy_0_rx_hssio_i/inst/top_inst/iobuf_top_inst/io_gen[0].ibufds_dphy/DIFFINBUF_INST/HSRX_O
                         net (fo=1, routed)           0.040     0.451    design_1_i/mipi_csi2_rx_subsyst_0/inst/phy/inst/inst/bd_d10d_phy_0_rx_support_i/slave_rx.bd_d10d_phy_0_rx_hssio_i/inst/top_inst/iobuf_top_inst/io_gen[0].ibufds_dphy/OUT
    AC9                  IBUFCTRL (Prop_IBUFCTRL_HPIOB_M_I_O)
                                                      0.000     0.451 r  design_1_i/mipi_csi2_rx_subsyst_0/inst/phy/inst/inst/bd_d10d_phy_0_rx_support_i/slave_rx.bd_d10d_phy_0_rx_hssio_i/inst/top_inst/iobuf_top_inst/io_gen[0].ibufds_dphy/IBUFCTRL_INST/O
                         net (fo=1, routed)           0.000     0.451    design_1_i/mipi_csi2_rx_subsyst_0/inst/phy/inst/inst/bd_d10d_phy_0_rx_support_i/slave_rx.bd_d10d_phy_0_rx_hssio_i/inst/top_inst/bs_top_inst/u_rx_bs/data_to_bs_out[0]
    BITSLICE_RX_TX_X0Y0  RX_BITSLICE (Prop_RX_BITSLICE_BITSLICE_RXTX_RX_DATAIN_RX_BIT_CTRL_OUT[9])
                                                      0.025     0.476 f  design_1_i/mipi_csi2_rx_subsyst_0/inst/phy/inst/inst/bd_d10d_phy_0_rx_support_i/slave_rx.bd_d10d_phy_0_rx_hssio_i/inst/top_inst/bs_top_inst/u_rx_bs/RX_BS[0].rx_bitslice_if_bs/RX_BIT_CTRL_OUT[9]
                         net (fo=1, routed)           0.003     0.479    design_1_i/mipi_csi2_rx_subsyst_0/inst/phy/inst/inst/bd_d10d_phy_0_rx_support_i/slave_rx.bd_d10d_phy_0_rx_hssio_i/inst/top_inst/bs_ctrl_top_inst/rx_bs0_rx_bit_ctrl_out[9]
    BITSLICE_CONTROL_X0Y0
                         BITSLICE_CONTROL (Prop_CONTROL_BITSLICE_CONTROL_RX_BIT_CTRL_IN0[9]_RX_BIT_CTRL_OUT0[20])
                                                      0.254     0.733 r  design_1_i/mipi_csi2_rx_subsyst_0/inst/phy/inst/inst/bd_d10d_phy_0_rx_support_i/slave_rx.bd_d10d_phy_0_rx_hssio_i/inst/top_inst/bs_ctrl_top_inst/BITSLICE_CTRL[0].bs_ctrl_inst/RX_BIT_CTRL_OUT0[20]
                         net (fo=1, routed)           0.006     0.739    design_1_i/mipi_csi2_rx_subsyst_0/inst/phy/inst/inst/bd_d10d_phy_0_rx_support_i/slave_rx.bd_d10d_phy_0_rx_hssio_i/inst/top_inst/bs_top_inst/u_rx_bs/rx_bs0_rx_bit_ctrl_in[20]
    BITSLICE_RX_TX_X0Y0  RX_BITSLICE (Prop_RX_BITSLICE_BITSLICE_RXTX_RX_RX_BIT_CTRL_IN[20]_FIFO_WRCLK_OUT)
                                                      0.382     1.121 r  design_1_i/mipi_csi2_rx_subsyst_0/inst/phy/inst/inst/bd_d10d_phy_0_rx_support_i/slave_rx.bd_d10d_phy_0_rx_hssio_i/inst/top_inst/bs_top_inst/u_rx_bs/RX_BS[0].rx_bitslice_if_bs/FIFO_WRCLK_OUT
                         net (fo=1, routed)           0.478     1.599    design_1_i/mipi_csi2_rx_subsyst_0/inst/phy/inst/inst/bd_d10d_phy_0_rx_support_i/div4_clk_t
    BUFGCE_X0Y0          BUFGCE (Prop_BUFCE_BUFGCE_I_O)
                                                      0.024     1.623 r  design_1_i/mipi_csi2_rx_subsyst_0/inst/phy/inst/inst/bd_d10d_phy_0_rx_support_i/slave_rx.rxbyteclkhs_buf/O
    X1Y0 (CLOCK_ROOT)    net (fo=523, routed)         1.178     2.801    design_1_wrapper/design_1/design_1_mipi_csi2_rx_subsyst_0_0/design_1_mipi_csi2_rx_subsyst_0_0_bd_d10d/bd_d10d_rx_0/<hidden>/<hidden>/<hidden>/<hidden>/<hidden>
    SLICE_X17Y65         FDRE                                         r  design_1_wrapper/design_1/design_1_mipi_csi2_rx_subsyst_0_0/design_1_mipi_csi2_rx_subsyst_0_0_bd_d10d/bd_d10d_rx_0/<hidden>/<hidden>/<hidden>/<hidden>/<hidden>
  -------------------------------------------------------------------    -------------------
    SLICE_X17Y65         FDRE (Prop_CFF_SLICEL_C_Q)
                                                      0.070     2.871 r  design_1_wrapper/design_1/design_1_mipi_csi2_rx_subsyst_0_0/design_1_mipi_csi2_rx_subsyst_0_0_bd_d10d/bd_d10d_rx_0/<hidden>/<hidden>/<hidden>/<hidden>/<hidden>
                         net (fo=1, routed)           0.075     2.946    design_1_wrapper/design_1/design_1_mipi_csi2_rx_subsyst_0_0/design_1_mipi_csi2_rx_subsyst_0_0_bd_d10d/bd_d10d_rx_0/<hidden>/<hidden>/<hidden>/<hidden>/<hidden>
    SLICE_X17Y63         FDRE                                         r  design_1_wrapper/design_1/design_1_mipi_csi2_rx_subsyst_0_0/design_1_mipi_csi2_rx_subsyst_0_0_bd_d10d/bd_d10d_rx_0/<hidden>/<hidden>/<hidden>/<hidden>/<hidden>
  -------------------------------------------------------------------    -------------------

                         (clock clk_out1_design_1_clk_wiz_0_0 rise edge)
                                                      0.000     0.000 r  
    AB11                                              0.000     0.000 r  pl_ref_clk[0] (IN)
                         net (fo=0)                   0.000     0.000    pl_ref_clk_IBUF[0]_inst/I
    AB11                 INBUF (Prop_INBUF_HDIOB_M_PAD_O)
                                                      1.279     1.279 r  pl_ref_clk_IBUF[0]_inst/INBUF_INST/O
                         net (fo=1, routed)           0.000     1.279    pl_ref_clk_IBUF[0]_inst/OUT
    AB11                 IBUFCTRL (Prop_IBUFCTRL_HDIOB_M_I_O)
                                                      0.000     1.279 r  pl_ref_clk_IBUF[0]_inst/IBUFCTRL_INST/O
                         net (fo=1, routed)           0.211     1.490    design_1_i/util_ds_buf_0/U0/BUFG_I[0]
    BUFGCE_HDIO_X3Y0     BUFGCE (Prop_BUFCE_BUFGCE_HDIO_I_O)
                                                      0.028     1.518 r  design_1_i/util_ds_buf_0/U0/USE_BUFG.GEN_BUFG[0].BUFG_U/O
                         net (fo=1, routed)           0.584     2.102    design_1_i/clk_wiz_0/inst/clk_in1
    MMCM_X0Y0            MMCME4_ADV (Prop_MMCM_CLKIN1_CLKOUT0)
                                                     -0.106     1.996 r  design_1_i/clk_wiz_0/inst/mmcme4_adv_inst/CLKOUT0
                         net (fo=1, routed)           0.257     2.253    design_1_i/clk_wiz_0/inst/clk_out1_design_1_clk_wiz_0_0
    BUFGCE_X0Y13         BUFGCE (Prop_BUFCE_BUFGCE_I_O)
                                                      0.028     2.281 r  design_1_i/clk_wiz_0/inst/clkout1_buf/O
    X0Y1 (CLOCK_ROOT)    net (fo=25838, routed)       2.047     4.328    design_1_wrapper/design_1/design_1_mipi_csi2_rx_subsyst_0_0/design_1_mipi_csi2_rx_subsyst_0_0_bd_d10d/bd_d10d_rx_0/<hidden>/<hidden>/<hidden>/<hidden>/<hidden>
    SLICE_X17Y63         FDRE                                         r  design_1_wrapper/design_1/design_1_mipi_csi2_rx_subsyst_0_0/design_1_mipi_csi2_rx_subsyst_0_0_bd_d10d/bd_d10d_rx_0/<hidden>/<hidden>/<hidden>/<hidden>/<hidden>
                         clock pessimism              0.000     4.328    
    SLICE_X17Y63         FDRE (Hold_HFF2_SLICEL_C_D)
                                                      0.055     4.383    design_1_wrapper/design_1/design_1_mipi_csi2_rx_subsyst_0_0/design_1_mipi_csi2_rx_subsyst_0_0_bd_d10d/bd_d10d_rx_0/<hidden>/<hidden>/<hidden>/<hidden>/<hidden>
  -------------------------------------------------------------------
                         data arrival                           2.946    
                         clock arrival                          4.383    
  -------------------------------------------------------------------
                         relative delay                        -1.437    



Id: 7
set_bus_skew -from [get_cells [list {design_1_i/mipi_csi2_rx_subsyst_0/inst/rx/mipi_csi2_rx_ctrl_v1_0_14_top_dut/gen_pkt_fifo/pkt_fifo/gnuram_async_fifo.xpm_fifo_base_inst/gen_cdc_pntr.rd_pntr_cdc_dc_inst/src_gray_ff_reg[0]} {design_1_i/mipi_csi2_rx_subsyst_0/inst/rx/mipi_csi2_rx_ctrl_v1_0_14_top_dut/gen_pkt_fifo/pkt_fifo/gnuram_async_fifo.xpm_fifo_base_inst/gen_cdc_pntr.rd_pntr_cdc_dc_inst/src_gray_ff_reg[1]} {design_1_i/mipi_csi2_rx_subsyst_0/inst/rx/mipi_csi2_rx_ctrl_v1_0_14_top_dut/gen_pkt_fifo/pkt_fifo/gnuram_async_fifo.xpm_fifo_base_inst/gen_cdc_pntr.rd_pntr_cdc_dc_inst/src_gray_ff_reg[2]} {design_1_i/mipi_csi2_rx_subsyst_0/inst/rx/mipi_csi2_rx_ctrl_v1_0_14_top_dut/gen_pkt_fifo/pkt_fifo/gnuram_async_fifo.xpm_fifo_base_inst/gen_cdc_pntr.rd_pntr_cdc_dc_inst/src_gray_ff_reg[3]} {design_1_i/mipi_csi2_rx_subsyst_0/inst/rx/mipi_csi2_rx_ctrl_v1_0_14_top_dut/gen_pkt_fifo/pkt_fifo/gnuram_async_fifo.xpm_fifo_base_inst/gen_cdc_pntr.rd_pntr_cdc_dc_inst/src_gray_ff_reg[4]} {design_1_i/mipi_csi2_rx_subsyst_0/inst/rx/mipi_csi2_rx_ctrl_v1_0_14_top_dut/gen_pkt_fifo/pkt_fifo/gnuram_async_fifo.xpm_fifo_base_inst/gen_cdc_pntr.rd_pntr_cdc_dc_inst/src_gray_ff_reg[5]}]] -to [get_cells [list {design_1_i/mipi_csi2_rx_subsyst_0/inst/rx/mipi_csi2_rx_ctrl_v1_0_14_top_dut/gen_pkt_fifo/pkt_fifo/gnuram_async_fifo.xpm_fifo_base_inst/gen_cdc_pntr.rd_pntr_cdc_dc_inst/dest_graysync_ff_reg[0][0]} {design_1_i/mipi_csi2_rx_subsyst_0/inst/rx/mipi_csi2_rx_ctrl_v1_0_14_top_dut/gen_pkt_fifo/pkt_fifo/gnuram_async_fifo.xpm_fifo_base_inst/gen_cdc_pntr.rd_pntr_cdc_dc_inst/dest_graysync_ff_reg[0][1]} {design_1_i/mipi_csi2_rx_subsyst_0/inst/rx/mipi_csi2_rx_ctrl_v1_0_14_top_dut/gen_pkt_fifo/pkt_fifo/gnuram_async_fifo.xpm_fifo_base_inst/gen_cdc_pntr.rd_pntr_cdc_dc_inst/dest_graysync_ff_reg[0][2]} {design_1_i/mipi_csi2_rx_subsyst_0/inst/rx/mipi_csi2_rx_ctrl_v1_0_14_top_dut/gen_pkt_fifo/pkt_fifo/gnuram_async_fifo.xpm_fifo_base_inst/gen_cdc_pntr.rd_pntr_cdc_dc_inst/dest_graysync_ff_reg[0][3]} {design_1_i/mipi_csi2_rx_subsyst_0/inst/rx/mipi_csi2_rx_ctrl_v1_0_14_top_dut/gen_pkt_fifo/pkt_fifo/gnuram_async_fifo.xpm_fifo_base_inst/gen_cdc_pntr.rd_pntr_cdc_dc_inst/dest_graysync_ff_reg[0][4]} {design_1_i/mipi_csi2_rx_subsyst_0/inst/rx/mipi_csi2_rx_ctrl_v1_0_14_top_dut/gen_pkt_fifo/pkt_fifo/gnuram_async_fifo.xpm_fifo_base_inst/gen_cdc_pntr.rd_pntr_cdc_dc_inst/dest_graysync_ff_reg[0][5]}]] 5.000
Requirement: 5.000ns
Endpoints: 6

From Clock            To Clock              Endpoint Pin                    Reference Pin                   Corner  Actual(ns)  Slack(ns)
--------------------  --------------------  ------------------------------  ------------------------------  ------  ----------  ---------
clk_out1_design_1_clk_wiz_0_0
                      mipi_phy_if_0_clk_p_FIFO_WRCLK_OUT
                                            design_1_i/mipi_csi2_rx_subsyst_0/inst/rx/mipi_csi2_rx_ctrl_v1_0_14_top_dut/gen_pkt_fifo/pkt_fifo/gnuram_async_fifo.xpm_fifo_base_inst/gen_cdc_pntr.rd_pntr_cdc_dc_inst/dest_graysync_ff_reg[0][4]/D
                                                                            design_1_i/mipi_csi2_rx_subsyst_0/inst/rx/mipi_csi2_rx_ctrl_v1_0_14_top_dut/gen_pkt_fifo/pkt_fifo/gnuram_async_fifo.xpm_fifo_base_inst/gen_cdc_pntr.rd_pntr_cdc_dc_inst/dest_graysync_ff_reg[0][1]/D
                                                                                                            Slow         0.470      4.530


Slack (MET) :             4.530ns  (requirement - actual skew)
  Endpoint Source:        design_1_wrapper/design_1/design_1_mipi_csi2_rx_subsyst_0_0/design_1_mipi_csi2_rx_subsyst_0_0_bd_d10d/bd_d10d_rx_0/<hidden>/<hidden>/<hidden>/<hidden>/<hidden>
                            (rising edge-triggered cell FDRE clocked by clk_out1_design_1_clk_wiz_0_0)
  Endpoint Destination:   design_1_wrapper/design_1/design_1_mipi_csi2_rx_subsyst_0_0/design_1_mipi_csi2_rx_subsyst_0_0_bd_d10d/bd_d10d_rx_0/<hidden>/<hidden>/<hidden>/<hidden>/<hidden>
                            (rising edge-triggered cell FDRE clocked by mipi_phy_if_0_clk_p_FIFO_WRCLK_OUT)
  Reference Source:       design_1_wrapper/design_1/design_1_mipi_csi2_rx_subsyst_0_0/design_1_mipi_csi2_rx_subsyst_0_0_bd_d10d/bd_d10d_rx_0/<hidden>/<hidden>/<hidden>/<hidden>/<hidden>
                            (rising edge-triggered cell FDRE clocked by clk_out1_design_1_clk_wiz_0_0)
  Reference Destination:  design_1_wrapper/design_1/design_1_mipi_csi2_rx_subsyst_0_0/design_1_mipi_csi2_rx_subsyst_0_0_bd_d10d/bd_d10d_rx_0/<hidden>/<hidden>/<hidden>/<hidden>/<hidden>
                            (rising edge-triggered cell FDRE clocked by mipi_phy_if_0_clk_p_FIFO_WRCLK_OUT)
  Path Type:              Bus Skew (Max at Slow Process Corner)
  Requirement:            5.000ns
  Endpoint Relative Delay:    1.977ns
  Reference Relative Delay:   0.174ns
  Relative CRPR:              1.334ns
  Actual Bus Skew:            0.470ns  (Endpoint Relative Delay - Reference Relative Delay - Relative CRPR)

Endpoint path:
    Location             Delay type                Incr(ns)  Path(ns)    Netlist Resource(s)
  -------------------------------------------------------------------    -------------------
                         (clock clk_out1_design_1_clk_wiz_0_0 rise edge)
                                                      0.000     0.000 r  
    AB11                                              0.000     0.000 r  pl_ref_clk[0] (IN)
                         net (fo=0)                   0.000     0.000    pl_ref_clk_IBUF[0]_inst/I
    AB11                 INBUF (Prop_INBUF_HDIOB_M_PAD_O)
                                                      1.279     1.279 r  pl_ref_clk_IBUF[0]_inst/INBUF_INST/O
                         net (fo=1, routed)           0.000     1.279    pl_ref_clk_IBUF[0]_inst/OUT
    AB11                 IBUFCTRL (Prop_IBUFCTRL_HDIOB_M_I_O)
                                                      0.000     1.279 r  pl_ref_clk_IBUF[0]_inst/IBUFCTRL_INST/O
                         net (fo=1, routed)           0.211     1.490    design_1_i/util_ds_buf_0/U0/BUFG_I[0]
    BUFGCE_HDIO_X3Y0     BUFGCE (Prop_BUFCE_BUFGCE_HDIO_I_O)
                                                      0.028     1.518 r  design_1_i/util_ds_buf_0/U0/USE_BUFG.GEN_BUFG[0].BUFG_U/O
                         net (fo=1, routed)           0.584     2.102    design_1_i/clk_wiz_0/inst/clk_in1
    MMCM_X0Y0            MMCME4_ADV (Prop_MMCM_CLKIN1_CLKOUT0)
                                                     -0.106     1.996 r  design_1_i/clk_wiz_0/inst/mmcme4_adv_inst/CLKOUT0
                         net (fo=1, routed)           0.257     2.253    design_1_i/clk_wiz_0/inst/clk_out1_design_1_clk_wiz_0_0
    BUFGCE_X0Y13         BUFGCE (Prop_BUFCE_BUFGCE_I_O)
                                                      0.028     2.281 r  design_1_i/clk_wiz_0/inst/clkout1_buf/O
    X0Y1 (CLOCK_ROOT)    net (fo=25838, routed)       2.016     4.297    design_1_wrapper/design_1/design_1_mipi_csi2_rx_subsyst_0_0/design_1_mipi_csi2_rx_subsyst_0_0_bd_d10d/bd_d10d_rx_0/<hidden>/<hidden>/<hidden>/<hidden>/<hidden>
    SLICE_X17Y60         FDRE                                         r  design_1_wrapper/design_1/design_1_mipi_csi2_rx_subsyst_0_0/design_1_mipi_csi2_rx_subsyst_0_0_bd_d10d/bd_d10d_rx_0/<hidden>/<hidden>/<hidden>/<hidden>/<hidden>
  -------------------------------------------------------------------    -------------------
    SLICE_X17Y60         FDRE (Prop_HFF_SLICEL_C_Q)
                                                      0.096     4.393 r  design_1_wrapper/design_1/design_1_mipi_csi2_rx_subsyst_0_0/design_1_mipi_csi2_rx_subsyst_0_0_bd_d10d/bd_d10d_rx_0/<hidden>/<hidden>/<hidden>/<hidden>/<hidden>
                         net (fo=1, routed)           0.402     4.795    design_1_wrapper/design_1/design_1_mipi_csi2_rx_subsyst_0_0/design_1_mipi_csi2_rx_subsyst_0_0_bd_d10d/bd_d10d_rx_0/<hidden>/<hidden>/<hidden>/<hidden>/<hidden>
    SLICE_X17Y60         FDRE                                         r  design_1_wrapper/design_1/design_1_mipi_csi2_rx_subsyst_0_0/design_1_mipi_csi2_rx_subsyst_0_0_bd_d10d/bd_d10d_rx_0/<hidden>/<hidden>/<hidden>/<hidden>/<hidden>
  -------------------------------------------------------------------    -------------------

                         (clock mipi_phy_if_0_clk_p_FIFO_WRCLK_OUT rise edge)
                                                      0.000     0.000 r  
    AC9                                               0.000     0.000 r  mipi_phy_if_0_clk_p (IN)
                         net (fo=0)                   0.079     0.079    design_1_i/mipi_csi2_rx_subsyst_0/inst/phy/inst/inst/bd_d10d_phy_0_rx_support_i/slave_rx.bd_d10d_phy_0_rx_hssio_i/inst/top_inst/iobuf_top_inst/io_gen[0].ibufds_dphy/I
    HPIOBDIFFINBUF_X0Y0  DPHY_DIFFINBUF (Prop_DPHY_DIFFINBUF_HPIOBDIFFINBUF_I_HSRX_O)
                                                      0.332     0.411 r  design_1_i/mipi_csi2_rx_subsyst_0/inst/phy/inst/inst/bd_d10d_phy_0_rx_support_i/slave_rx.bd_d10d_phy_0_rx_hssio_i/inst/top_inst/iobuf_top_inst/io_gen[0].ibufds_dphy/DIFFINBUF_INST/HSRX_O
                         net (fo=1, routed)           0.040     0.451    design_1_i/mipi_csi2_rx_subsyst_0/inst/phy/inst/inst/bd_d10d_phy_0_rx_support_i/slave_rx.bd_d10d_phy_0_rx_hssio_i/inst/top_inst/iobuf_top_inst/io_gen[0].ibufds_dphy/OUT
    AC9                  IBUFCTRL (Prop_IBUFCTRL_HPIOB_M_I_O)
                                                      0.000     0.451 r  design_1_i/mipi_csi2_rx_subsyst_0/inst/phy/inst/inst/bd_d10d_phy_0_rx_support_i/slave_rx.bd_d10d_phy_0_rx_hssio_i/inst/top_inst/iobuf_top_inst/io_gen[0].ibufds_dphy/IBUFCTRL_INST/O
                         net (fo=1, routed)           0.000     0.451    design_1_i/mipi_csi2_rx_subsyst_0/inst/phy/inst/inst/bd_d10d_phy_0_rx_support_i/slave_rx.bd_d10d_phy_0_rx_hssio_i/inst/top_inst/bs_top_inst/u_rx_bs/data_to_bs_out[0]
    BITSLICE_RX_TX_X0Y0  RX_BITSLICE (Prop_RX_BITSLICE_BITSLICE_RXTX_RX_DATAIN_RX_BIT_CTRL_OUT[9])
                                                      0.025     0.476 f  design_1_i/mipi_csi2_rx_subsyst_0/inst/phy/inst/inst/bd_d10d_phy_0_rx_support_i/slave_rx.bd_d10d_phy_0_rx_hssio_i/inst/top_inst/bs_top_inst/u_rx_bs/RX_BS[0].rx_bitslice_if_bs/RX_BIT_CTRL_OUT[9]
                         net (fo=1, routed)           0.003     0.479    design_1_i/mipi_csi2_rx_subsyst_0/inst/phy/inst/inst/bd_d10d_phy_0_rx_support_i/slave_rx.bd_d10d_phy_0_rx_hssio_i/inst/top_inst/bs_ctrl_top_inst/rx_bs0_rx_bit_ctrl_out[9]
    BITSLICE_CONTROL_X0Y0
                         BITSLICE_CONTROL (Prop_CONTROL_BITSLICE_CONTROL_RX_BIT_CTRL_IN0[9]_RX_BIT_CTRL_OUT0[20])
                                                      0.254     0.733 r  design_1_i/mipi_csi2_rx_subsyst_0/inst/phy/inst/inst/bd_d10d_phy_0_rx_support_i/slave_rx.bd_d10d_phy_0_rx_hssio_i/inst/top_inst/bs_ctrl_top_inst/BITSLICE_CTRL[0].bs_ctrl_inst/RX_BIT_CTRL_OUT0[20]
                         net (fo=1, routed)           0.006     0.739    design_1_i/mipi_csi2_rx_subsyst_0/inst/phy/inst/inst/bd_d10d_phy_0_rx_support_i/slave_rx.bd_d10d_phy_0_rx_hssio_i/inst/top_inst/bs_top_inst/u_rx_bs/rx_bs0_rx_bit_ctrl_in[20]
    BITSLICE_RX_TX_X0Y0  RX_BITSLICE (Prop_RX_BITSLICE_BITSLICE_RXTX_RX_RX_BIT_CTRL_IN[20]_FIFO_WRCLK_OUT)
                                                      0.382     1.121 r  design_1_i/mipi_csi2_rx_subsyst_0/inst/phy/inst/inst/bd_d10d_phy_0_rx_support_i/slave_rx.bd_d10d_phy_0_rx_hssio_i/inst/top_inst/bs_top_inst/u_rx_bs/RX_BS[0].rx_bitslice_if_bs/FIFO_WRCLK_OUT
                         net (fo=1, routed)           0.478     1.599    design_1_i/mipi_csi2_rx_subsyst_0/inst/phy/inst/inst/bd_d10d_phy_0_rx_support_i/div4_clk_t
    BUFGCE_X0Y0          BUFGCE (Prop_BUFCE_BUFGCE_I_O)
                                                      0.024     1.623 r  design_1_i/mipi_csi2_rx_subsyst_0/inst/phy/inst/inst/bd_d10d_phy_0_rx_support_i/slave_rx.rxbyteclkhs_buf/O
    X1Y0 (CLOCK_ROOT)    net (fo=523, routed)         1.168     2.791    design_1_wrapper/design_1/design_1_mipi_csi2_rx_subsyst_0_0/design_1_mipi_csi2_rx_subsyst_0_0_bd_d10d/bd_d10d_rx_0/<hidden>/<hidden>/<hidden>/<hidden>/<hidden>
    SLICE_X17Y60         FDRE                                         r  design_1_wrapper/design_1/design_1_mipi_csi2_rx_subsyst_0_0/design_1_mipi_csi2_rx_subsyst_0_0_bd_d10d/bd_d10d_rx_0/<hidden>/<hidden>/<hidden>/<hidden>/<hidden>
                         clock pessimism              0.000     2.791    
    SLICE_X17Y60         FDRE (Setup_DFF2_SLICEL_C_D)
                                                      0.027     2.818    design_1_wrapper/design_1/design_1_mipi_csi2_rx_subsyst_0_0/design_1_mipi_csi2_rx_subsyst_0_0_bd_d10d/bd_d10d_rx_0/<hidden>/<hidden>/<hidden>/<hidden>/<hidden>
  -------------------------------------------------------------------
                         data arrival                           4.795    
                         clock arrival                          2.818    
  -------------------------------------------------------------------
                         relative delay                         1.977    

Reference path:
    Location             Delay type                Incr(ns)  Path(ns)    Netlist Resource(s)
  -------------------------------------------------------------------    -------------------
                         (clock clk_out1_design_1_clk_wiz_0_0 rise edge)
                                                      0.000     0.000 r  
    AB11                                              0.000     0.000 r  pl_ref_clk[0] (IN)
                         net (fo=0)                   0.000     0.000    pl_ref_clk_IBUF[0]_inst/I
    AB11                 INBUF (Prop_INBUF_HDIOB_M_PAD_O)
                                                      0.827     0.827 r  pl_ref_clk_IBUF[0]_inst/INBUF_INST/O
                         net (fo=1, routed)           0.000     0.827    pl_ref_clk_IBUF[0]_inst/OUT
    AB11                 IBUFCTRL (Prop_IBUFCTRL_HDIOB_M_I_O)
                                                      0.000     0.827 r  pl_ref_clk_IBUF[0]_inst/IBUFCTRL_INST/O
                         net (fo=1, routed)           0.175     1.002    design_1_i/util_ds_buf_0/U0/BUFG_I[0]
    BUFGCE_HDIO_X3Y0     BUFGCE (Prop_BUFCE_BUFGCE_HDIO_I_O)
                                                      0.024     1.026 r  design_1_i/util_ds_buf_0/U0/USE_BUFG.GEN_BUFG[0].BUFG_U/O
                         net (fo=1, routed)           0.520     1.546    design_1_i/clk_wiz_0/inst/clk_in1
    MMCM_X0Y0            MMCME4_ADV (Prop_MMCM_CLKIN1_CLKOUT0)
                                                      0.644     2.190 r  design_1_i/clk_wiz_0/inst/mmcme4_adv_inst/CLKOUT0
                         net (fo=1, routed)           0.228     2.418    design_1_i/clk_wiz_0/inst/clk_out1_design_1_clk_wiz_0_0
    BUFGCE_X0Y13         BUFGCE (Prop_BUFCE_BUFGCE_I_O)
                                                      0.024     2.442 r  design_1_i/clk_wiz_0/inst/clkout1_buf/O
    X0Y1 (CLOCK_ROOT)    net (fo=25838, routed)       1.793     4.235    design_1_wrapper/design_1/design_1_mipi_csi2_rx_subsyst_0_0/design_1_mipi_csi2_rx_subsyst_0_0_bd_d10d/bd_d10d_rx_0/<hidden>/<hidden>/<hidden>/<hidden>/<hidden>
    SLICE_X16Y68         FDRE                                         r  design_1_wrapper/design_1/design_1_mipi_csi2_rx_subsyst_0_0/design_1_mipi_csi2_rx_subsyst_0_0_bd_d10d/bd_d10d_rx_0/<hidden>/<hidden>/<hidden>/<hidden>/<hidden>
  -------------------------------------------------------------------    -------------------
    SLICE_X16Y68         FDRE (Prop_HFF2_SLICEM_C_Q)
                                                      0.071     4.306 r  design_1_wrapper/design_1/design_1_mipi_csi2_rx_subsyst_0_0/design_1_mipi_csi2_rx_subsyst_0_0_bd_d10d/bd_d10d_rx_0/<hidden>/<hidden>/<hidden>/<hidden>/<hidden>
                         net (fo=1, routed)           0.091     4.397    design_1_wrapper/design_1/design_1_mipi_csi2_rx_subsyst_0_0/design_1_mipi_csi2_rx_subsyst_0_0_bd_d10d/bd_d10d_rx_0/<hidden>/<hidden>/<hidden>/<hidden>/<hidden>
    SLICE_X16Y66         FDRE                                         r  design_1_wrapper/design_1/design_1_mipi_csi2_rx_subsyst_0_0/design_1_mipi_csi2_rx_subsyst_0_0_bd_d10d/bd_d10d_rx_0/<hidden>/<hidden>/<hidden>/<hidden>/<hidden>
  -------------------------------------------------------------------    -------------------

                         (clock mipi_phy_if_0_clk_p_FIFO_WRCLK_OUT rise edge)
                                                      0.000     0.000 r  
    AC9                                               0.000     0.000 r  mipi_phy_if_0_clk_p (IN)
                         net (fo=0)                   0.100     0.100    design_1_i/mipi_csi2_rx_subsyst_0/inst/phy/inst/inst/bd_d10d_phy_0_rx_support_i/slave_rx.bd_d10d_phy_0_rx_hssio_i/inst/top_inst/iobuf_top_inst/io_gen[0].ibufds_dphy/I
    HPIOBDIFFINBUF_X0Y0  DPHY_DIFFINBUF (Prop_DPHY_DIFFINBUF_HPIOBDIFFINBUF_I_HSRX_O)
                                                      0.415     0.515 r  design_1_i/mipi_csi2_rx_subsyst_0/inst/phy/inst/inst/bd_d10d_phy_0_rx_support_i/slave_rx.bd_d10d_phy_0_rx_hssio_i/inst/top_inst/iobuf_top_inst/io_gen[0].ibufds_dphy/DIFFINBUF_INST/HSRX_O
                         net (fo=1, routed)           0.050     0.565    design_1_i/mipi_csi2_rx_subsyst_0/inst/phy/inst/inst/bd_d10d_phy_0_rx_support_i/slave_rx.bd_d10d_phy_0_rx_hssio_i/inst/top_inst/iobuf_top_inst/io_gen[0].ibufds_dphy/OUT
    AC9                  IBUFCTRL (Prop_IBUFCTRL_HPIOB_M_I_O)
                                                      0.000     0.565 r  design_1_i/mipi_csi2_rx_subsyst_0/inst/phy/inst/inst/bd_d10d_phy_0_rx_support_i/slave_rx.bd_d10d_phy_0_rx_hssio_i/inst/top_inst/iobuf_top_inst/io_gen[0].ibufds_dphy/IBUFCTRL_INST/O
                         net (fo=1, routed)           0.002     0.567    design_1_i/mipi_csi2_rx_subsyst_0/inst/phy/inst/inst/bd_d10d_phy_0_rx_support_i/slave_rx.bd_d10d_phy_0_rx_hssio_i/inst/top_inst/bs_top_inst/u_rx_bs/data_to_bs_out[0]
    BITSLICE_RX_TX_X0Y0  RX_BITSLICE (Prop_RX_BITSLICE_BITSLICE_RXTX_RX_DATAIN_RX_BIT_CTRL_OUT[9])
                                                      0.050     0.617 f  design_1_i/mipi_csi2_rx_subsyst_0/inst/phy/inst/inst/bd_d10d_phy_0_rx_support_i/slave_rx.bd_d10d_phy_0_rx_hssio_i/inst/top_inst/bs_top_inst/u_rx_bs/RX_BS[0].rx_bitslice_if_bs/RX_BIT_CTRL_OUT[9]
                         net (fo=1, routed)           0.006     0.623    design_1_i/mipi_csi2_rx_subsyst_0/inst/phy/inst/inst/bd_d10d_phy_0_rx_support_i/slave_rx.bd_d10d_phy_0_rx_hssio_i/inst/top_inst/bs_ctrl_top_inst/rx_bs0_rx_bit_ctrl_out[9]
    BITSLICE_CONTROL_X0Y0
                         BITSLICE_CONTROL (Prop_CONTROL_BITSLICE_CONTROL_RX_BIT_CTRL_IN0[9]_RX_BIT_CTRL_OUT0[20])
                                                      0.722     1.345 r  design_1_i/mipi_csi2_rx_subsyst_0/inst/phy/inst/inst/bd_d10d_phy_0_rx_support_i/slave_rx.bd_d10d_phy_0_rx_hssio_i/inst/top_inst/bs_ctrl_top_inst/BITSLICE_CTRL[0].bs_ctrl_inst/RX_BIT_CTRL_OUT0[20]
                         net (fo=1, routed)           0.013     1.358    design_1_i/mipi_csi2_rx_subsyst_0/inst/phy/inst/inst/bd_d10d_phy_0_rx_support_i/slave_rx.bd_d10d_phy_0_rx_hssio_i/inst/top_inst/bs_top_inst/u_rx_bs/rx_bs0_rx_bit_ctrl_in[20]
    BITSLICE_RX_TX_X0Y0  RX_BITSLICE (Prop_RX_BITSLICE_BITSLICE_RXTX_RX_RX_BIT_CTRL_IN[20]_FIFO_WRCLK_OUT)
                                                      0.805     2.163 r  design_1_i/mipi_csi2_rx_subsyst_0/inst/phy/inst/inst/bd_d10d_phy_0_rx_support_i/slave_rx.bd_d10d_phy_0_rx_hssio_i/inst/top_inst/bs_top_inst/u_rx_bs/RX_BS[0].rx_bitslice_if_bs/FIFO_WRCLK_OUT
                         net (fo=1, routed)           0.594     2.757    design_1_i/mipi_csi2_rx_subsyst_0/inst/phy/inst/inst/bd_d10d_phy_0_rx_support_i/div4_clk_t
    BUFGCE_X0Y0          BUFGCE (Prop_BUFCE_BUFGCE_I_O)
                                                      0.028     2.785 r  design_1_i/mipi_csi2_rx_subsyst_0/inst/phy/inst/inst/bd_d10d_phy_0_rx_support_i/slave_rx.rxbyteclkhs_buf/O
    X1Y0 (CLOCK_ROOT)    net (fo=523, routed)         1.384     4.169    design_1_wrapper/design_1/design_1_mipi_csi2_rx_subsyst_0_0/design_1_mipi_csi2_rx_subsyst_0_0_bd_d10d/bd_d10d_rx_0/<hidden>/<hidden>/<hidden>/<hidden>/<hidden>
    SLICE_X16Y66         FDRE                                         r  design_1_wrapper/design_1/design_1_mipi_csi2_rx_subsyst_0_0/design_1_mipi_csi2_rx_subsyst_0_0_bd_d10d/bd_d10d_rx_0/<hidden>/<hidden>/<hidden>/<hidden>/<hidden>
                         clock pessimism              0.000     4.169    
    SLICE_X16Y66         FDRE (Hold_CFF2_SLICEM_C_D)
                                                      0.054     4.223    design_1_wrapper/design_1/design_1_mipi_csi2_rx_subsyst_0_0/design_1_mipi_csi2_rx_subsyst_0_0_bd_d10d/bd_d10d_rx_0/<hidden>/<hidden>/<hidden>/<hidden>/<hidden>
  -------------------------------------------------------------------
                         data arrival                           4.397    
                         clock arrival                          4.223    
  -------------------------------------------------------------------
                         relative delay                         0.174    



Id: 8
set_bus_skew -from [get_cells [list {design_1_i/mipi_csi2_rx_subsyst_0/inst/rx/mipi_csi2_rx_ctrl_v1_0_14_top_dut/gen_pkt_fifo/pkt_fifo/gnuram_async_fifo.xpm_fifo_base_inst/gen_cdc_pntr.wr_pntr_cdc_dc_inst/src_gray_ff_reg[0]} {design_1_i/mipi_csi2_rx_subsyst_0/inst/rx/mipi_csi2_rx_ctrl_v1_0_14_top_dut/gen_pkt_fifo/pkt_fifo/gnuram_async_fifo.xpm_fifo_base_inst/gen_cdc_pntr.wr_pntr_cdc_dc_inst/src_gray_ff_reg[1]} {design_1_i/mipi_csi2_rx_subsyst_0/inst/rx/mipi_csi2_rx_ctrl_v1_0_14_top_dut/gen_pkt_fifo/pkt_fifo/gnuram_async_fifo.xpm_fifo_base_inst/gen_cdc_pntr.wr_pntr_cdc_dc_inst/src_gray_ff_reg[2]} {design_1_i/mipi_csi2_rx_subsyst_0/inst/rx/mipi_csi2_rx_ctrl_v1_0_14_top_dut/gen_pkt_fifo/pkt_fifo/gnuram_async_fifo.xpm_fifo_base_inst/gen_cdc_pntr.wr_pntr_cdc_dc_inst/src_gray_ff_reg[3]} {design_1_i/mipi_csi2_rx_subsyst_0/inst/rx/mipi_csi2_rx_ctrl_v1_0_14_top_dut/gen_pkt_fifo/pkt_fifo/gnuram_async_fifo.xpm_fifo_base_inst/gen_cdc_pntr.wr_pntr_cdc_dc_inst/src_gray_ff_reg[4]} {design_1_i/mipi_csi2_rx_subsyst_0/inst/rx/mipi_csi2_rx_ctrl_v1_0_14_top_dut/gen_pkt_fifo/pkt_fifo/gnuram_async_fifo.xpm_fifo_base_inst/gen_cdc_pntr.wr_pntr_cdc_dc_inst/src_gray_ff_reg[5]}]] -to [get_cells [list {design_1_i/mipi_csi2_rx_subsyst_0/inst/rx/mipi_csi2_rx_ctrl_v1_0_14_top_dut/gen_pkt_fifo/pkt_fifo/gnuram_async_fifo.xpm_fifo_base_inst/gen_cdc_pntr.wr_pntr_cdc_dc_inst/dest_graysync_ff_reg[0][0]} {design_1_i/mipi_csi2_rx_subsyst_0/inst/rx/mipi_csi2_rx_ctrl_v1_0_14_top_dut/gen_pkt_fifo/pkt_fifo/gnuram_async_fifo.xpm_fifo_base_inst/gen_cdc_pntr.wr_pntr_cdc_dc_inst/dest_graysync_ff_reg[0][1]} {design_1_i/mipi_csi2_rx_subsyst_0/inst/rx/mipi_csi2_rx_ctrl_v1_0_14_top_dut/gen_pkt_fifo/pkt_fifo/gnuram_async_fifo.xpm_fifo_base_inst/gen_cdc_pntr.wr_pntr_cdc_dc_inst/dest_graysync_ff_reg[0][2]} {design_1_i/mipi_csi2_rx_subsyst_0/inst/rx/mipi_csi2_rx_ctrl_v1_0_14_top_dut/gen_pkt_fifo/pkt_fifo/gnuram_async_fifo.xpm_fifo_base_inst/gen_cdc_pntr.wr_pntr_cdc_dc_inst/dest_graysync_ff_reg[0][3]} {design_1_i/mipi_csi2_rx_subsyst_0/inst/rx/mipi_csi2_rx_ctrl_v1_0_14_top_dut/gen_pkt_fifo/pkt_fifo/gnuram_async_fifo.xpm_fifo_base_inst/gen_cdc_pntr.wr_pntr_cdc_dc_inst/dest_graysync_ff_reg[0][4]} {design_1_i/mipi_csi2_rx_subsyst_0/inst/rx/mipi_csi2_rx_ctrl_v1_0_14_top_dut/gen_pkt_fifo/pkt_fifo/gnuram_async_fifo.xpm_fifo_base_inst/gen_cdc_pntr.wr_pntr_cdc_dc_inst/dest_graysync_ff_reg[0][5]}]] 5.000
Requirement: 5.000ns
Endpoints: 6

From Clock            To Clock              Endpoint Pin                    Reference Pin                   Corner  Actual(ns)  Slack(ns)
--------------------  --------------------  ------------------------------  ------------------------------  ------  ----------  ---------
mipi_phy_if_0_clk_p_FIFO_WRCLK_OUT
                      clk_out1_design_1_clk_wiz_0_0
                                            design_1_i/mipi_csi2_rx_subsyst_0/inst/rx/mipi_csi2_rx_ctrl_v1_0_14_top_dut/gen_pkt_fifo/pkt_fifo/gnuram_async_fifo.xpm_fifo_base_inst/gen_cdc_pntr.wr_pntr_cdc_dc_inst/dest_graysync_ff_reg[0][4]/D
                                                                            design_1_i/mipi_csi2_rx_subsyst_0/inst/rx/mipi_csi2_rx_ctrl_v1_0_14_top_dut/gen_pkt_fifo/pkt_fifo/gnuram_async_fifo.xpm_fifo_base_inst/gen_cdc_pntr.wr_pntr_cdc_dc_inst/dest_graysync_ff_reg[0][2]/D
                                                                                                            Slow         0.561      4.439


Slack (MET) :             4.439ns  (requirement - actual skew)
  Endpoint Source:        design_1_wrapper/design_1/design_1_mipi_csi2_rx_subsyst_0_0/design_1_mipi_csi2_rx_subsyst_0_0_bd_d10d/bd_d10d_rx_0/<hidden>/<hidden>/<hidden>/<hidden>/<hidden>
                            (rising edge-triggered cell FDRE clocked by mipi_phy_if_0_clk_p_FIFO_WRCLK_OUT)
  Endpoint Destination:   design_1_wrapper/design_1/design_1_mipi_csi2_rx_subsyst_0_0/design_1_mipi_csi2_rx_subsyst_0_0_bd_d10d/bd_d10d_rx_0/<hidden>/<hidden>/<hidden>/<hidden>/<hidden>
                            (rising edge-triggered cell FDRE clocked by clk_out1_design_1_clk_wiz_0_0)
  Reference Source:       design_1_wrapper/design_1/design_1_mipi_csi2_rx_subsyst_0_0/design_1_mipi_csi2_rx_subsyst_0_0_bd_d10d/bd_d10d_rx_0/<hidden>/<hidden>/<hidden>/<hidden>/<hidden>
                            (rising edge-triggered cell FDRE clocked by mipi_phy_if_0_clk_p_FIFO_WRCLK_OUT)
  Reference Destination:  design_1_wrapper/design_1/design_1_mipi_csi2_rx_subsyst_0_0/design_1_mipi_csi2_rx_subsyst_0_0_bd_d10d/bd_d10d_rx_0/<hidden>/<hidden>/<hidden>/<hidden>/<hidden>
                            (rising edge-triggered cell FDRE clocked by clk_out1_design_1_clk_wiz_0_0)
  Path Type:              Bus Skew (Max at Slow Process Corner)
  Requirement:            5.000ns
  Endpoint Relative Delay:    0.373ns
  Reference Relative Delay:  -1.398ns
  Relative CRPR:              1.210ns
  Actual Bus Skew:            0.561ns  (Endpoint Relative Delay - Reference Relative Delay - Relative CRPR)

Endpoint path:
    Location             Delay type                Incr(ns)  Path(ns)    Netlist Resource(s)
  -------------------------------------------------------------------    -------------------
                         (clock mipi_phy_if_0_clk_p_FIFO_WRCLK_OUT rise edge)
                                                      0.000     0.000 r  
    AC9                                               0.000     0.000 r  mipi_phy_if_0_clk_p (IN)
                         net (fo=0)                   0.100     0.100    design_1_i/mipi_csi2_rx_subsyst_0/inst/phy/inst/inst/bd_d10d_phy_0_rx_support_i/slave_rx.bd_d10d_phy_0_rx_hssio_i/inst/top_inst/iobuf_top_inst/io_gen[0].ibufds_dphy/I
    HPIOBDIFFINBUF_X0Y0  DPHY_DIFFINBUF (Prop_DPHY_DIFFINBUF_HPIOBDIFFINBUF_I_HSRX_O)
                                                      0.415     0.515 r  design_1_i/mipi_csi2_rx_subsyst_0/inst/phy/inst/inst/bd_d10d_phy_0_rx_support_i/slave_rx.bd_d10d_phy_0_rx_hssio_i/inst/top_inst/iobuf_top_inst/io_gen[0].ibufds_dphy/DIFFINBUF_INST/HSRX_O
                         net (fo=1, routed)           0.050     0.565    design_1_i/mipi_csi2_rx_subsyst_0/inst/phy/inst/inst/bd_d10d_phy_0_rx_support_i/slave_rx.bd_d10d_phy_0_rx_hssio_i/inst/top_inst/iobuf_top_inst/io_gen[0].ibufds_dphy/OUT
    AC9                  IBUFCTRL (Prop_IBUFCTRL_HPIOB_M_I_O)
                                                      0.000     0.565 r  design_1_i/mipi_csi2_rx_subsyst_0/inst/phy/inst/inst/bd_d10d_phy_0_rx_support_i/slave_rx.bd_d10d_phy_0_rx_hssio_i/inst/top_inst/iobuf_top_inst/io_gen[0].ibufds_dphy/IBUFCTRL_INST/O
                         net (fo=1, routed)           0.002     0.567    design_1_i/mipi_csi2_rx_subsyst_0/inst/phy/inst/inst/bd_d10d_phy_0_rx_support_i/slave_rx.bd_d10d_phy_0_rx_hssio_i/inst/top_inst/bs_top_inst/u_rx_bs/data_to_bs_out[0]
    BITSLICE_RX_TX_X0Y0  RX_BITSLICE (Prop_RX_BITSLICE_BITSLICE_RXTX_RX_DATAIN_RX_BIT_CTRL_OUT[9])
                                                      0.050     0.617 f  design_1_i/mipi_csi2_rx_subsyst_0/inst/phy/inst/inst/bd_d10d_phy_0_rx_support_i/slave_rx.bd_d10d_phy_0_rx_hssio_i/inst/top_inst/bs_top_inst/u_rx_bs/RX_BS[0].rx_bitslice_if_bs/RX_BIT_CTRL_OUT[9]
                         net (fo=1, routed)           0.006     0.623    design_1_i/mipi_csi2_rx_subsyst_0/inst/phy/inst/inst/bd_d10d_phy_0_rx_support_i/slave_rx.bd_d10d_phy_0_rx_hssio_i/inst/top_inst/bs_ctrl_top_inst/rx_bs0_rx_bit_ctrl_out[9]
    BITSLICE_CONTROL_X0Y0
                         BITSLICE_CONTROL (Prop_CONTROL_BITSLICE_CONTROL_RX_BIT_CTRL_IN0[9]_RX_BIT_CTRL_OUT0[20])
                                                      0.722     1.345 r  design_1_i/mipi_csi2_rx_subsyst_0/inst/phy/inst/inst/bd_d10d_phy_0_rx_support_i/slave_rx.bd_d10d_phy_0_rx_hssio_i/inst/top_inst/bs_ctrl_top_inst/BITSLICE_CTRL[0].bs_ctrl_inst/RX_BIT_CTRL_OUT0[20]
                         net (fo=1, routed)           0.013     1.358    design_1_i/mipi_csi2_rx_subsyst_0/inst/phy/inst/inst/bd_d10d_phy_0_rx_support_i/slave_rx.bd_d10d_phy_0_rx_hssio_i/inst/top_inst/bs_top_inst/u_rx_bs/rx_bs0_rx_bit_ctrl_in[20]
    BITSLICE_RX_TX_X0Y0  RX_BITSLICE (Prop_RX_BITSLICE_BITSLICE_RXTX_RX_RX_BIT_CTRL_IN[20]_FIFO_WRCLK_OUT)
                                                      0.805     2.163 r  design_1_i/mipi_csi2_rx_subsyst_0/inst/phy/inst/inst/bd_d10d_phy_0_rx_support_i/slave_rx.bd_d10d_phy_0_rx_hssio_i/inst/top_inst/bs_top_inst/u_rx_bs/RX_BS[0].rx_bitslice_if_bs/FIFO_WRCLK_OUT
                         net (fo=1, routed)           0.594     2.757    design_1_i/mipi_csi2_rx_subsyst_0/inst/phy/inst/inst/bd_d10d_phy_0_rx_support_i/div4_clk_t
    BUFGCE_X0Y0          BUFGCE (Prop_BUFCE_BUFGCE_I_O)
                                                      0.028     2.785 r  design_1_i/mipi_csi2_rx_subsyst_0/inst/phy/inst/inst/bd_d10d_phy_0_rx_support_i/slave_rx.rxbyteclkhs_buf/O
    X1Y0 (CLOCK_ROOT)    net (fo=523, routed)         1.329     4.114    design_1_wrapper/design_1/design_1_mipi_csi2_rx_subsyst_0_0/design_1_mipi_csi2_rx_subsyst_0_0_bd_d10d/bd_d10d_rx_0/<hidden>/<hidden>/<hidden>/<hidden>/<hidden>
    SLICE_X18Y63         FDRE                                         r  design_1_wrapper/design_1/design_1_mipi_csi2_rx_subsyst_0_0/design_1_mipi_csi2_rx_subsyst_0_0_bd_d10d/bd_d10d_rx_0/<hidden>/<hidden>/<hidden>/<hidden>/<hidden>
  -------------------------------------------------------------------    -------------------
    SLICE_X18Y63         FDRE (Prop_HFF2_SLICEL_C_Q)
                                                      0.097     4.211 r  design_1_wrapper/design_1/design_1_mipi_csi2_rx_subsyst_0_0/design_1_mipi_csi2_rx_subsyst_0_0_bd_d10d/bd_d10d_rx_0/<hidden>/<hidden>/<hidden>/<hidden>/<hidden>
                         net (fo=1, routed)           0.414     4.625    design_1_wrapper/design_1/design_1_mipi_csi2_rx_subsyst_0_0/design_1_mipi_csi2_rx_subsyst_0_0_bd_d10d/bd_d10d_rx_0/<hidden>/<hidden>/<hidden>/<hidden>/<hidden>
    SLICE_X18Y63         FDRE                                         r  design_1_wrapper/design_1/design_1_mipi_csi2_rx_subsyst_0_0/design_1_mipi_csi2_rx_subsyst_0_0_bd_d10d/bd_d10d_rx_0/<hidden>/<hidden>/<hidden>/<hidden>/<hidden>
  -------------------------------------------------------------------    -------------------

                         (clock clk_out1_design_1_clk_wiz_0_0 rise edge)
                                                      0.000     0.000 r  
    AB11                                              0.000     0.000 r  pl_ref_clk[0] (IN)
                         net (fo=0)                   0.000     0.000    pl_ref_clk_IBUF[0]_inst/I
    AB11                 INBUF (Prop_INBUF_HDIOB_M_PAD_O)
                                                      0.827     0.827 r  pl_ref_clk_IBUF[0]_inst/INBUF_INST/O
                         net (fo=1, routed)           0.000     0.827    pl_ref_clk_IBUF[0]_inst/OUT
    AB11                 IBUFCTRL (Prop_IBUFCTRL_HDIOB_M_I_O)
                                                      0.000     0.827 r  pl_ref_clk_IBUF[0]_inst/IBUFCTRL_INST/O
                         net (fo=1, routed)           0.175     1.002    design_1_i/util_ds_buf_0/U0/BUFG_I[0]
    BUFGCE_HDIO_X3Y0     BUFGCE (Prop_BUFCE_BUFGCE_HDIO_I_O)
                                                      0.024     1.026 r  design_1_i/util_ds_buf_0/U0/USE_BUFG.GEN_BUFG[0].BUFG_U/O
                         net (fo=1, routed)           0.520     1.546    design_1_i/clk_wiz_0/inst/clk_in1
    MMCM_X0Y0            MMCME4_ADV (Prop_MMCM_CLKIN1_CLKOUT0)
                                                      0.644     2.190 r  design_1_i/clk_wiz_0/inst/mmcme4_adv_inst/CLKOUT0
                         net (fo=1, routed)           0.228     2.418    design_1_i/clk_wiz_0/inst/clk_out1_design_1_clk_wiz_0_0
    BUFGCE_X0Y13         BUFGCE (Prop_BUFCE_BUFGCE_I_O)
                                                      0.024     2.442 r  design_1_i/clk_wiz_0/inst/clkout1_buf/O
    X0Y1 (CLOCK_ROOT)    net (fo=25838, routed)       1.783     4.225    design_1_wrapper/design_1/design_1_mipi_csi2_rx_subsyst_0_0/design_1_mipi_csi2_rx_subsyst_0_0_bd_d10d/bd_d10d_rx_0/<hidden>/<hidden>/<hidden>/<hidden>/<hidden>
    SLICE_X18Y63         FDRE                                         r  design_1_wrapper/design_1/design_1_mipi_csi2_rx_subsyst_0_0/design_1_mipi_csi2_rx_subsyst_0_0_bd_d10d/bd_d10d_rx_0/<hidden>/<hidden>/<hidden>/<hidden>/<hidden>
                         clock pessimism              0.000     4.225    
    SLICE_X18Y63         FDRE (Setup_DFF2_SLICEL_C_D)
                                                      0.027     4.252    design_1_wrapper/design_1/design_1_mipi_csi2_rx_subsyst_0_0/design_1_mipi_csi2_rx_subsyst_0_0_bd_d10d/bd_d10d_rx_0/<hidden>/<hidden>/<hidden>/<hidden>/<hidden>
  -------------------------------------------------------------------
                         data arrival                           4.625    
                         clock arrival                          4.252    
  -------------------------------------------------------------------
                         relative delay                         0.373    

Reference path:
    Location             Delay type                Incr(ns)  Path(ns)    Netlist Resource(s)
  -------------------------------------------------------------------    -------------------
                         (clock mipi_phy_if_0_clk_p_FIFO_WRCLK_OUT rise edge)
                                                      0.000     0.000 r  
    AC9                                               0.000     0.000 r  mipi_phy_if_0_clk_p (IN)
                         net (fo=0)                   0.079     0.079    design_1_i/mipi_csi2_rx_subsyst_0/inst/phy/inst/inst/bd_d10d_phy_0_rx_support_i/slave_rx.bd_d10d_phy_0_rx_hssio_i/inst/top_inst/iobuf_top_inst/io_gen[0].ibufds_dphy/I
    HPIOBDIFFINBUF_X0Y0  DPHY_DIFFINBUF (Prop_DPHY_DIFFINBUF_HPIOBDIFFINBUF_I_HSRX_O)
                                                      0.332     0.411 r  design_1_i/mipi_csi2_rx_subsyst_0/inst/phy/inst/inst/bd_d10d_phy_0_rx_support_i/slave_rx.bd_d10d_phy_0_rx_hssio_i/inst/top_inst/iobuf_top_inst/io_gen[0].ibufds_dphy/DIFFINBUF_INST/HSRX_O
                         net (fo=1, routed)           0.040     0.451    design_1_i/mipi_csi2_rx_subsyst_0/inst/phy/inst/inst/bd_d10d_phy_0_rx_support_i/slave_rx.bd_d10d_phy_0_rx_hssio_i/inst/top_inst/iobuf_top_inst/io_gen[0].ibufds_dphy/OUT
    AC9                  IBUFCTRL (Prop_IBUFCTRL_HPIOB_M_I_O)
                                                      0.000     0.451 r  design_1_i/mipi_csi2_rx_subsyst_0/inst/phy/inst/inst/bd_d10d_phy_0_rx_support_i/slave_rx.bd_d10d_phy_0_rx_hssio_i/inst/top_inst/iobuf_top_inst/io_gen[0].ibufds_dphy/IBUFCTRL_INST/O
                         net (fo=1, routed)           0.000     0.451    design_1_i/mipi_csi2_rx_subsyst_0/inst/phy/inst/inst/bd_d10d_phy_0_rx_support_i/slave_rx.bd_d10d_phy_0_rx_hssio_i/inst/top_inst/bs_top_inst/u_rx_bs/data_to_bs_out[0]
    BITSLICE_RX_TX_X0Y0  RX_BITSLICE (Prop_RX_BITSLICE_BITSLICE_RXTX_RX_DATAIN_RX_BIT_CTRL_OUT[9])
                                                      0.025     0.476 f  design_1_i/mipi_csi2_rx_subsyst_0/inst/phy/inst/inst/bd_d10d_phy_0_rx_support_i/slave_rx.bd_d10d_phy_0_rx_hssio_i/inst/top_inst/bs_top_inst/u_rx_bs/RX_BS[0].rx_bitslice_if_bs/RX_BIT_CTRL_OUT[9]
                         net (fo=1, routed)           0.003     0.479    design_1_i/mipi_csi2_rx_subsyst_0/inst/phy/inst/inst/bd_d10d_phy_0_rx_support_i/slave_rx.bd_d10d_phy_0_rx_hssio_i/inst/top_inst/bs_ctrl_top_inst/rx_bs0_rx_bit_ctrl_out[9]
    BITSLICE_CONTROL_X0Y0
                         BITSLICE_CONTROL (Prop_CONTROL_BITSLICE_CONTROL_RX_BIT_CTRL_IN0[9]_RX_BIT_CTRL_OUT0[20])
                                                      0.254     0.733 r  design_1_i/mipi_csi2_rx_subsyst_0/inst/phy/inst/inst/bd_d10d_phy_0_rx_support_i/slave_rx.bd_d10d_phy_0_rx_hssio_i/inst/top_inst/bs_ctrl_top_inst/BITSLICE_CTRL[0].bs_ctrl_inst/RX_BIT_CTRL_OUT0[20]
                         net (fo=1, routed)           0.006     0.739    design_1_i/mipi_csi2_rx_subsyst_0/inst/phy/inst/inst/bd_d10d_phy_0_rx_support_i/slave_rx.bd_d10d_phy_0_rx_hssio_i/inst/top_inst/bs_top_inst/u_rx_bs/rx_bs0_rx_bit_ctrl_in[20]
    BITSLICE_RX_TX_X0Y0  RX_BITSLICE (Prop_RX_BITSLICE_BITSLICE_RXTX_RX_RX_BIT_CTRL_IN[20]_FIFO_WRCLK_OUT)
                                                      0.382     1.121 r  design_1_i/mipi_csi2_rx_subsyst_0/inst/phy/inst/inst/bd_d10d_phy_0_rx_support_i/slave_rx.bd_d10d_phy_0_rx_hssio_i/inst/top_inst/bs_top_inst/u_rx_bs/RX_BS[0].rx_bitslice_if_bs/FIFO_WRCLK_OUT
                         net (fo=1, routed)           0.478     1.599    design_1_i/mipi_csi2_rx_subsyst_0/inst/phy/inst/inst/bd_d10d_phy_0_rx_support_i/div4_clk_t
    BUFGCE_X0Y0          BUFGCE (Prop_BUFCE_BUFGCE_I_O)
                                                      0.024     1.623 r  design_1_i/mipi_csi2_rx_subsyst_0/inst/phy/inst/inst/bd_d10d_phy_0_rx_support_i/slave_rx.rxbyteclkhs_buf/O
    X1Y0 (CLOCK_ROOT)    net (fo=523, routed)         1.168     2.791    design_1_wrapper/design_1/design_1_mipi_csi2_rx_subsyst_0_0/design_1_mipi_csi2_rx_subsyst_0_0_bd_d10d/bd_d10d_rx_0/<hidden>/<hidden>/<hidden>/<hidden>/<hidden>
    SLICE_X17Y64         FDRE                                         r  design_1_wrapper/design_1/design_1_mipi_csi2_rx_subsyst_0_0/design_1_mipi_csi2_rx_subsyst_0_0_bd_d10d/bd_d10d_rx_0/<hidden>/<hidden>/<hidden>/<hidden>/<hidden>
  -------------------------------------------------------------------    -------------------
    SLICE_X17Y64         FDRE (Prop_DFF_SLICEL_C_Q)
                                                      0.070     2.861 r  design_1_wrapper/design_1/design_1_mipi_csi2_rx_subsyst_0_0/design_1_mipi_csi2_rx_subsyst_0_0_bd_d10d/bd_d10d_rx_0/<hidden>/<hidden>/<hidden>/<hidden>/<hidden>
                         net (fo=1, routed)           0.104     2.965    design_1_wrapper/design_1/design_1_mipi_csi2_rx_subsyst_0_0/design_1_mipi_csi2_rx_subsyst_0_0_bd_d10d/bd_d10d_rx_0/<hidden>/<hidden>/<hidden>/<hidden>/<hidden>
    SLICE_X17Y61         FDRE                                         r  design_1_wrapper/design_1/design_1_mipi_csi2_rx_subsyst_0_0/design_1_mipi_csi2_rx_subsyst_0_0_bd_d10d/bd_d10d_rx_0/<hidden>/<hidden>/<hidden>/<hidden>/<hidden>
  -------------------------------------------------------------------    -------------------

                         (clock clk_out1_design_1_clk_wiz_0_0 rise edge)
                                                      0.000     0.000 r  
    AB11                                              0.000     0.000 r  pl_ref_clk[0] (IN)
                         net (fo=0)                   0.000     0.000    pl_ref_clk_IBUF[0]_inst/I
    AB11                 INBUF (Prop_INBUF_HDIOB_M_PAD_O)
                                                      1.279     1.279 r  pl_ref_clk_IBUF[0]_inst/INBUF_INST/O
                         net (fo=1, routed)           0.000     1.279    pl_ref_clk_IBUF[0]_inst/OUT
    AB11                 IBUFCTRL (Prop_IBUFCTRL_HDIOB_M_I_O)
                                                      0.000     1.279 r  pl_ref_clk_IBUF[0]_inst/IBUFCTRL_INST/O
                         net (fo=1, routed)           0.211     1.490    design_1_i/util_ds_buf_0/U0/BUFG_I[0]
    BUFGCE_HDIO_X3Y0     BUFGCE (Prop_BUFCE_BUFGCE_HDIO_I_O)
                                                      0.028     1.518 r  design_1_i/util_ds_buf_0/U0/USE_BUFG.GEN_BUFG[0].BUFG_U/O
                         net (fo=1, routed)           0.584     2.102    design_1_i/clk_wiz_0/inst/clk_in1
    MMCM_X0Y0            MMCME4_ADV (Prop_MMCM_CLKIN1_CLKOUT0)
                                                     -0.106     1.996 r  design_1_i/clk_wiz_0/inst/mmcme4_adv_inst/CLKOUT0
                         net (fo=1, routed)           0.257     2.253    design_1_i/clk_wiz_0/inst/clk_out1_design_1_clk_wiz_0_0
    BUFGCE_X0Y13         BUFGCE (Prop_BUFCE_BUFGCE_I_O)
                                                      0.028     2.281 r  design_1_i/clk_wiz_0/inst/clkout1_buf/O
    X0Y1 (CLOCK_ROOT)    net (fo=25838, routed)       2.027     4.308    design_1_wrapper/design_1/design_1_mipi_csi2_rx_subsyst_0_0/design_1_mipi_csi2_rx_subsyst_0_0_bd_d10d/bd_d10d_rx_0/<hidden>/<hidden>/<hidden>/<hidden>/<hidden>
    SLICE_X17Y61         FDRE                                         r  design_1_wrapper/design_1/design_1_mipi_csi2_rx_subsyst_0_0/design_1_mipi_csi2_rx_subsyst_0_0_bd_d10d/bd_d10d_rx_0/<hidden>/<hidden>/<hidden>/<hidden>/<hidden>
                         clock pessimism              0.000     4.308    
    SLICE_X17Y61         FDRE (Hold_GFF2_SLICEL_C_D)
                                                      0.055     4.363    design_1_wrapper/design_1/design_1_mipi_csi2_rx_subsyst_0_0/design_1_mipi_csi2_rx_subsyst_0_0_bd_d10d/bd_d10d_rx_0/<hidden>/<hidden>/<hidden>/<hidden>/<hidden>
  -------------------------------------------------------------------
                         data arrival                           2.965    
                         clock arrival                          4.363    
  -------------------------------------------------------------------
                         relative delay                        -1.398    



