

================================================================
== Vitis HLS Report for 'MultiPixStream2Bytes'
================================================================
* Date:           Wed Jan 21 13:08:01 2026

* Version:        2025.2 (Build 6295257 on Nov 14 2025)
* Project:        prj
* Solution:       sol (Vivado IP Flow Target)
* Product family: zynquplus
* Target device:  xczu2cg-sfvc784-1-e


================================================================
== Performance Estimates
================================================================
+ Timing: 
    * Summary: 
    +--------+---------+----------+------------+
    |  Clock |  Target | Estimated| Uncertainty|
    +--------+---------+----------+------------+
    |ap_clk  |  5.00 ns|  3.599 ns|     1.35 ns|
    +--------+---------+----------+------------+

+ Latency: 
    * Summary: 
    +---------+---------+----------+-----------+-----+---------+---------+
    |  Latency (cycles) |  Latency (absolute)  |    Interval   | Pipeline|
    |   min   |   max   |    min   |    max    | min |   max   |   Type  |
    +---------+---------+----------+-----------+-----+---------+---------+
    |        1|  6227282|  5.000 ns|  31.136 ms|    1|  6227282|       no|
    +---------+---------+----------+-----------+-----+---------+---------+

    + Detail: 
        * Instance: 
        +-------------------------------------------------------------+--------------------------------------------------+---------+---------+-----------+-----------+-----+-----+-------------------+
        |                                                             |                                                  |  Latency (cycles) |   Latency (absolute)  |  Interval |      Pipeline     |
        |                           Instance                          |                      Module                      |   min   |   max   |    min    |    max    | min | max |        Type       |
        +-------------------------------------------------------------+--------------------------------------------------+---------+---------+-----------+-----------+-----+-----+-------------------+
        |grp_MultiPixStream2Bytes_Pipeline_VITIS_LOOP_1090_11_fu_314  |MultiPixStream2Bytes_Pipeline_VITIS_LOOP_1090_11  |        3|     1923|  15.000 ns|   9.615 us|    0|    0|  loop pipeline stp|
        |grp_MultiPixStream2Bytes_Pipeline_VITIS_LOOP_904_8_fu_346    |MultiPixStream2Bytes_Pipeline_VITIS_LOOP_904_8    |        3|     5763|  15.000 ns|  28.815 us|    0|    0|  loop pipeline stp|
        |grp_MultiPixStream2Bytes_Pipeline_VITIS_LOOP_863_5_fu_376    |MultiPixStream2Bytes_Pipeline_VITIS_LOOP_863_5    |        3|     2883|  15.000 ns|  14.415 us|    0|    0|  loop pipeline stp|
        |grp_MultiPixStream2Bytes_Pipeline_VITIS_LOOP_821_1_fu_398    |MultiPixStream2Bytes_Pipeline_VITIS_LOOP_821_1    |        3|     2883|  15.000 ns|  14.415 us|    0|    0|  loop pipeline stp|
        +-------------------------------------------------------------+--------------------------------------------------+---------+---------+-----------+-----------+-----+-----+-------------------+

        * Loop: 
        +------------------------+---------+---------+----------+-----------+-----------+-----------+----------+
        |                        |  Latency (cycles) | Iteration|  Initiation Interval  |    Trip   |          |
        |        Loop Name       |   min   |   max   |  Latency |  achieved |   target  |   Count   | Pipelined|
        +------------------------+---------+---------+----------+-----------+-----------+-----------+----------+
        |- loop_YUYV8            |      384|  3116880|  6 ~ 2886|          -|          -|  64 ~ 1080|        no|
        |- loop_UYVY8            |      384|  3116880|  6 ~ 2886|          -|          -|  64 ~ 1080|        no|
        |- loop_Y_UV8_Y_UV8_420  |      384|  6227280|  6 ~ 5766|          -|          -|  64 ~ 1080|        no|
        |- loop_RGB8_YUV8        |      384|  2080080|  6 ~ 1926|          -|          -|  64 ~ 1080|        no|
        +------------------------+---------+---------+----------+-----------+-----------+-----------+----------+



================================================================
== Utilization Estimates
================================================================
* Summary: 
+-----------------+---------+-----+-------+-------+-----+
|       Name      | BRAM_18K| DSP |   FF  |  LUT  | URAM|
+-----------------+---------+-----+-------+-------+-----+
|DSP              |        -|    -|      -|      -|    -|
|Expression       |        -|    -|      0|    569|    -|
|FIFO             |        -|    -|      -|      -|    -|
|Instance         |        -|    1|   1929|   3494|    -|
|Memory           |        -|    -|      -|      -|    -|
|Multiplexer      |        -|    -|      0|    191|    -|
|Register         |        -|    -|    476|      -|    -|
+-----------------+---------+-----+-------+-------+-----+
|Total            |        0|    1|   2405|   4254|    0|
+-----------------+---------+-----+-------+-------+-----+
|Available        |      300|  240|  94464|  47232|    0|
+-----------------+---------+-----+-------+-------+-----+
|Utilization (%)  |        0|   ~0|      2|      9|    0|
+-----------------+---------+-----+-------+-------+-----+

+ Detail: 
    * Instance: 
    +-------------------------------------------------------------+--------------------------------------------------+---------+----+-----+------+-----+
    |                           Instance                          |                      Module                      | BRAM_18K| DSP|  FF |  LUT | URAM|
    +-------------------------------------------------------------+--------------------------------------------------+---------+----+-----+------+-----+
    |grp_MultiPixStream2Bytes_Pipeline_VITIS_LOOP_1090_11_fu_314  |MultiPixStream2Bytes_Pipeline_VITIS_LOOP_1090_11  |        0|   0|  815|  1325|    0|
    |grp_MultiPixStream2Bytes_Pipeline_VITIS_LOOP_821_1_fu_398    |MultiPixStream2Bytes_Pipeline_VITIS_LOOP_821_1    |        0|   0|  280|   596|    0|
    |grp_MultiPixStream2Bytes_Pipeline_VITIS_LOOP_863_5_fu_376    |MultiPixStream2Bytes_Pipeline_VITIS_LOOP_863_5    |        0|   0|  280|   596|    0|
    |grp_MultiPixStream2Bytes_Pipeline_VITIS_LOOP_904_8_fu_346    |MultiPixStream2Bytes_Pipeline_VITIS_LOOP_904_8    |        0|   0|  554|   972|    0|
    |mul_10ns_12ns_21_1_1_U132                                    |mul_10ns_12ns_21_1_1                              |        0|   1|    0|     5|    0|
    +-------------------------------------------------------------+--------------------------------------------------+---------+----+-----+------+-----+
    |Total                                                        |                                                  |        0|   1| 1929|  3494|    0|
    +-------------------------------------------------------------+--------------------------------------------------+---------+----+-----+------+-----+

    * DSP: 
    N/A

    * Memory: 
    N/A

    * FIFO: 
    N/A

    * Expression: 
    +-------------------------+----------+----+---+----+------------+------------+
    |      Variable Name      | Operation| DSP| FF| LUT| Bitwidth P0| Bitwidth P1|
    +-------------------------+----------+----+---+----+------------+------------+
    |add_ln1073_fu_519_p2     |         +|   0|  0|  17|          10|           2|
    |add_ln1081_fu_571_p2     |         +|   0|  0|  18|           9|           7|
    |add_ln1095_fu_846_p2     |         +|   0|  0|  16|           9|           2|
    |add_ln826_fu_762_p2      |         +|   0|  0|  18|          11|           2|
    |add_ln868_fu_707_p2      |         +|   0|  0|  18|          11|           2|
    |add_ln909_fu_618_p2      |         +|   0|  0|  18|          11|           2|
    |grp_fu_420_p2            |         +|   0|  0|  21|          14|           4|
    |y_11_fu_936_p2           |         +|   0|  0|  18|          11|           1|
    |y_5_fu_1039_p2           |         +|   0|  0|  18|          11|           1|
    |y_7_fu_1008_p2           |         +|   0|  0|  18|          11|           1|
    |y_9_fu_973_p2            |         +|   0|  0|  18|          11|           1|
    |sub_ln1081_fu_565_p2     |         -|   0|  0|  18|           9|           9|
    |grp_fu_446_p2            |      icmp|   0|  0|  10|           3|           1|
    |icmp_ln1077_fu_529_p2    |      icmp|   0|  0|  12|           4|           1|
    |icmp_ln1086_fu_931_p2    |      icmp|   0|  0|  18|          11|          11|
    |icmp_ln1095_2_fu_874_p2  |      icmp|   0|  0|  12|           4|           2|
    |icmp_ln1095_3_fu_868_p2  |      icmp|   0|  0|  10|           3|           1|
    |icmp_ln1095_4_fu_896_p2  |      icmp|   0|  0|  12|           4|           3|
    |icmp_ln1095_5_fu_902_p2  |      icmp|   0|  0|  12|           4|           3|
    |icmp_ln1095_6_fu_908_p2  |      icmp|   0|  0|  12|           4|           3|
    |icmp_ln1095_7_fu_890_p2  |      icmp|   0|  0|   9|           2|           1|
    |icmp_ln1095_fu_852_p2    |      icmp|   0|  0|  12|           4|           1|
    |icmp_ln1110_fu_922_p2    |      icmp|   0|  0|   9|           2|           2|
    |icmp_ln817_fu_1034_p2    |      icmp|   0|  0|  18|          11|          11|
    |icmp_ln826_2_fu_790_p2   |      icmp|   0|  0|  10|           3|           2|
    |icmp_ln826_3_fu_784_p2   |      icmp|   0|  0|   9|           2|           1|
    |icmp_ln826_fu_768_p2     |      icmp|   0|  0|  10|           3|           1|
    |icmp_ln859_fu_1003_p2    |      icmp|   0|  0|  18|          11|          11|
    |icmp_ln868_2_fu_735_p2   |      icmp|   0|  0|  10|           3|           2|
    |icmp_ln868_3_fu_729_p2   |      icmp|   0|  0|   9|           2|           1|
    |icmp_ln868_fu_713_p2     |      icmp|   0|  0|  10|           3|           1|
    |icmp_ln892_fu_600_p2     |      icmp|   0|  0|  12|           4|           1|
    |icmp_ln900_fu_968_p2     |      icmp|   0|  0|  18|          11|          11|
    |icmp_ln909_2_fu_646_p2   |      icmp|   0|  0|  12|           4|           2|
    |icmp_ln909_3_fu_640_p2   |      icmp|   0|  0|  10|           3|           1|
    |icmp_ln909_4_fu_668_p2   |      icmp|   0|  0|  12|           4|           3|
    |icmp_ln909_5_fu_674_p2   |      icmp|   0|  0|  12|           4|           3|
    |icmp_ln909_6_fu_680_p2   |      icmp|   0|  0|  12|           4|           3|
    |icmp_ln909_7_fu_662_p2   |      icmp|   0|  0|   9|           2|           1|
    |icmp_ln909_fu_624_p2     |      icmp|   0|  0|  12|           4|           1|
    |ap_block_state1          |        or|   0|  0|   2|           1|           1|
    |remainPix_1_fu_754_p3    |    select|   0|  0|   4|           1|           4|
    |remainPix_3_fu_699_p3    |    select|   0|  0|   4|           1|           4|
    |remainPix_5_fu_610_p3    |    select|   0|  0|   5|           1|           5|
    |remainPix_6_fu_833_p3    |    select|   0|  0|   5|           1|           5|
    |remainTrx_fu_840_p3      |    select|   0|  0|   2|           1|           2|
    +-------------------------+----------+----+---+----+------------+------------+
    |Total                    |          |   0|  0| 569|         257|         140|
    +-------------------------+----------+----+---+----+------------+------------+

    * Multiplexer: 
    +-------------------------+----+-----------+-----+-----------+
    |           Name          | LUT| Input Size| Bits| Total Bits|
    +-------------------------+----+-----------+-----+-----------+
    |ap_NS_fsm                |  65|         15|    1|         15|
    |ap_done                  |   9|          2|    1|          2|
    |bytePlanes_plane0_din    |  20|          4|  128|        512|
    |bytePlanes_plane0_write  |  26|          5|    1|          5|
    |img_read                 |  26|          5|    1|          5|
    |real_start               |   9|          2|    1|          2|
    |y_1_fu_250               |   9|          2|   11|         22|
    |y_2_fu_230               |   9|          2|   11|         22|
    |y_3_fu_202               |   9|          2|   11|         22|
    |y_fu_270                 |   9|          2|   11|         22|
    +-------------------------+----+-----------+-----+-----------+
    |Total                    | 191|         41|  177|        629|
    +-------------------------+----+-----------+-----+-----------+

    * Register: 
    +--------------------------------------------------------------------------+----+----+-----+-----------+
    |                                   Name                                   | FF | LUT| Bits| Const Bits|
    +--------------------------------------------------------------------------+----+----+-----+-----------+
    |Height_val_read_reg_1066                                                  |  11|   0|   11|          0|
    |VideoFormat_val_read_reg_1062                                             |   6|   0|    6|          0|
    |add_ln1073_reg_1122                                                       |  10|   0|   10|          0|
    |add_ln1095_reg_1337                                                       |   9|   0|    9|          0|
    |add_ln826_reg_1312                                                        |  11|   0|   11|          0|
    |add_ln868_reg_1256                                                        |  11|   0|   11|          0|
    |add_ln909_reg_1180                                                        |  11|   0|   11|          0|
    |ap_CS_fsm                                                                 |  14|   0|   14|          0|
    |ap_done_reg                                                               |   1|   0|    1|          0|
    |empty_reg_1074                                                            |   5|   0|    5|          0|
    |grp_MultiPixStream2Bytes_Pipeline_VITIS_LOOP_1090_11_fu_314_ap_start_reg  |   1|   0|    1|          0|
    |grp_MultiPixStream2Bytes_Pipeline_VITIS_LOOP_821_1_fu_398_ap_start_reg    |   1|   0|    1|          0|
    |grp_MultiPixStream2Bytes_Pipeline_VITIS_LOOP_863_5_fu_376_ap_start_reg    |   1|   0|    1|          0|
    |grp_MultiPixStream2Bytes_Pipeline_VITIS_LOOP_904_8_fu_346_ap_start_reg    |   1|   0|    1|          0|
    |icmp_ln1077_reg_1127                                                      |   1|   0|    1|          0|
    |icmp_ln1095_2_reg_1352                                                    |   1|   0|    1|          0|
    |icmp_ln1095_3_reg_1347                                                    |   1|   0|    1|          0|
    |icmp_ln1095_4_reg_1362                                                    |   1|   0|    1|          0|
    |icmp_ln1095_5_reg_1367                                                    |   1|   0|    1|          0|
    |icmp_ln1095_6_reg_1372                                                    |   1|   0|    1|          0|
    |icmp_ln1095_7_reg_1357                                                    |   1|   0|    1|          0|
    |icmp_ln1095_reg_1342                                                      |   1|   0|    1|          0|
    |icmp_ln1110_reg_1382                                                      |   1|   0|    1|          0|
    |icmp_ln809_reg_1307                                                       |   1|   0|    1|          0|
    |icmp_ln826_2_reg_1327                                                     |   1|   0|    1|          0|
    |icmp_ln826_3_reg_1322                                                     |   1|   0|    1|          0|
    |icmp_ln826_reg_1317                                                       |   1|   0|    1|          0|
    |icmp_ln851_reg_1251                                                       |   1|   0|    1|          0|
    |icmp_ln868_2_reg_1271                                                     |   1|   0|    1|          0|
    |icmp_ln868_3_reg_1266                                                     |   1|   0|    1|          0|
    |icmp_ln868_reg_1261                                                       |   1|   0|    1|          0|
    |icmp_ln892_reg_1175                                                       |   1|   0|    1|          0|
    |icmp_ln909_2_reg_1195                                                     |   1|   0|    1|          0|
    |icmp_ln909_3_reg_1190                                                     |   1|   0|    1|          0|
    |icmp_ln909_4_reg_1205                                                     |   1|   0|    1|          0|
    |icmp_ln909_5_reg_1210                                                     |   1|   0|    1|          0|
    |icmp_ln909_6_reg_1215                                                     |   1|   0|    1|          0|
    |icmp_ln909_7_reg_1200                                                     |   1|   0|    1|          0|
    |icmp_ln909_reg_1185                                                       |   1|   0|    1|          0|
    |lshr_ln1_reg_1134                                                         |   3|   0|    3|          0|
    |pix_10_fu_242                                                             |   8|   0|    8|          0|
    |pix_10_load_reg_1433                                                      |   8|   0|    8|          0|
    |pix_11_fu_246                                                             |   8|   0|    8|          0|
    |pix_11_load_reg_1438                                                      |   8|   0|    8|          0|
    |pix_1_fu_278                                                              |   8|   0|    8|          0|
    |pix_1_load_reg_1479                                                       |   8|   0|    8|          0|
    |pix_24_fu_206                                                             |   8|   0|    8|          0|
    |pix_24_load_reg_1390                                                      |   8|   0|    8|          0|
    |pix_25_fu_210                                                             |   8|   0|    8|          0|
    |pix_25_load_reg_1395                                                      |   8|   0|    8|          0|
    |pix_26_fu_214                                                             |   8|   0|    8|          0|
    |pix_26_load_reg_1400                                                      |   8|   0|    8|          0|
    |pix_27_fu_218                                                             |   8|   0|    8|          0|
    |pix_27_load_reg_1405                                                      |   8|   0|    8|          0|
    |pix_28_fu_222                                                             |   8|   0|    8|          0|
    |pix_28_load_reg_1410                                                      |   8|   0|    8|          0|
    |pix_29_fu_226                                                             |   8|   0|    8|          0|
    |pix_29_load_reg_1415                                                      |   8|   0|    8|          0|
    |pix_2_fu_282                                                              |   8|   0|    8|          0|
    |pix_2_load_reg_1484                                                       |   8|   0|    8|          0|
    |pix_3_fu_286                                                              |   8|   0|    8|          0|
    |pix_3_load_reg_1489                                                       |   8|   0|    8|          0|
    |pix_4_fu_254                                                              |   8|   0|    8|          0|
    |pix_4_load_reg_1451                                                       |   8|   0|    8|          0|
    |pix_5_fu_258                                                              |   8|   0|    8|          0|
    |pix_5_load_reg_1456                                                       |   8|   0|    8|          0|
    |pix_6_fu_262                                                              |   8|   0|    8|          0|
    |pix_6_load_reg_1461                                                       |   8|   0|    8|          0|
    |pix_7_fu_266                                                              |   8|   0|    8|          0|
    |pix_7_load_reg_1466                                                       |   8|   0|    8|          0|
    |pix_8_fu_234                                                              |   8|   0|    8|          0|
    |pix_8_load_reg_1423                                                       |   8|   0|    8|          0|
    |pix_9_fu_238                                                              |   8|   0|    8|          0|
    |pix_9_load_reg_1428                                                       |   8|   0|    8|          0|
    |pix_fu_274                                                                |   8|   0|    8|          0|
    |pix_load_reg_1474                                                         |   8|   0|    8|          0|
    |reg_462                                                                   |  10|   0|   10|          0|
    |start_once_reg                                                            |   1|   0|    1|          0|
    |tmp_13_reg_1377                                                           |   1|   0|    1|          0|
    |trunc_ln1_cast_reg_1332                                                   |   8|   0|    8|          0|
    |trunc_ln2_reg_1139                                                        |   2|   0|    2|          0|
    |trunc_ln900_reg_1443                                                      |   1|   0|    1|          0|
    |y_1_fu_250                                                                |  11|   0|   11|          0|
    |y_2_fu_230                                                                |  11|   0|   11|          0|
    |y_3_fu_202                                                                |  11|   0|   11|          0|
    |y_fu_270                                                                  |  11|   0|   11|          0|
    +--------------------------------------------------------------------------+----+----+-----+-----------+
    |Total                                                                     | 476|   0|  476|          0|
    +--------------------------------------------------------------------------+----+----+-----+-----------+



================================================================
== Interface
================================================================
* Summary: 
+----------------------------------+-----+-----+------------+----------------------+--------------+
|             RTL Ports            | Dir | Bits|  Protocol  |     Source Object    |    C Type    |
+----------------------------------+-----+-----+------------+----------------------+--------------+
|ap_clk                            |   in|    1|  ap_ctrl_hs|  MultiPixStream2Bytes|  return value|
|ap_rst                            |   in|    1|  ap_ctrl_hs|  MultiPixStream2Bytes|  return value|
|ap_start                          |   in|    1|  ap_ctrl_hs|  MultiPixStream2Bytes|  return value|
|start_full_n                      |   in|    1|  ap_ctrl_hs|  MultiPixStream2Bytes|  return value|
|ap_done                           |  out|    1|  ap_ctrl_hs|  MultiPixStream2Bytes|  return value|
|ap_continue                       |   in|    1|  ap_ctrl_hs|  MultiPixStream2Bytes|  return value|
|ap_idle                           |  out|    1|  ap_ctrl_hs|  MultiPixStream2Bytes|  return value|
|ap_ready                          |  out|    1|  ap_ctrl_hs|  MultiPixStream2Bytes|  return value|
|start_out                         |  out|    1|  ap_ctrl_hs|  MultiPixStream2Bytes|  return value|
|start_write                       |  out|    1|  ap_ctrl_hs|  MultiPixStream2Bytes|  return value|
|img_dout                          |   in|   48|     ap_fifo|                   img|       pointer|
|img_empty_n                       |   in|    1|     ap_fifo|                   img|       pointer|
|img_read                          |  out|    1|     ap_fifo|                   img|       pointer|
|img_num_data_valid                |   in|    3|     ap_fifo|                   img|       pointer|
|img_fifo_cap                      |   in|    3|     ap_fifo|                   img|       pointer|
|bytePlanes_plane0_din             |  out|  128|     ap_fifo|     bytePlanes_plane0|       pointer|
|bytePlanes_plane0_full_n          |   in|    1|     ap_fifo|     bytePlanes_plane0|       pointer|
|bytePlanes_plane0_write           |  out|    1|     ap_fifo|     bytePlanes_plane0|       pointer|
|bytePlanes_plane0_num_data_valid  |   in|   32|     ap_fifo|     bytePlanes_plane0|       pointer|
|bytePlanes_plane0_fifo_cap        |   in|   32|     ap_fifo|     bytePlanes_plane0|       pointer|
|bytePlanes_plane1_din             |  out|  128|     ap_fifo|     bytePlanes_plane1|       pointer|
|bytePlanes_plane1_full_n          |   in|    1|     ap_fifo|     bytePlanes_plane1|       pointer|
|bytePlanes_plane1_write           |  out|    1|     ap_fifo|     bytePlanes_plane1|       pointer|
|bytePlanes_plane1_num_data_valid  |   in|    9|     ap_fifo|     bytePlanes_plane1|       pointer|
|bytePlanes_plane1_fifo_cap        |   in|    9|     ap_fifo|     bytePlanes_plane1|       pointer|
|Height_val                        |   in|   11|   ap_stable|            Height_val|        scalar|
|WidthInPix_val                    |   in|   11|   ap_stable|        WidthInPix_val|        scalar|
|WidthInBytes_val                  |   in|   14|   ap_stable|      WidthInBytes_val|        scalar|
|VideoFormat_val                   |   in|    6|   ap_stable|       VideoFormat_val|        scalar|
+----------------------------------+-----+-----+------------+----------------------+--------------+

============================================================
+ Verbose Summary: Synthesis Manager
============================================================
InlineROM: 1
ExposeGlobal: 0
============================================================
+ Verbose Summary: CDFG Model
============================================================
IsTopModel: 0
ResetActiveHigh: 1
IsCombinational: 2
IsDatapathOnly: 0
HasWiredReturn: 1
HasMFsm: 0
HasVarLatency: 1
IsPipeline: 0
IsRtlPipelined: 0
IsInstanceOverlapped: 0
IsDontTouch: 0
HasImplIP: 0
IsGatedGlobalClock: 0


============================================================
+ Verbose Summary: Schedule
============================================================
* Number of FSM states : 14
* Pipeline : 0
* Dataflow Pipeline: 0

* FSM state transitions: 
1 --> 2 3 6 9 12 
2 --> 3 
3 --> 4 
4 --> 5 
5 --> 3 
6 --> 7 3 
7 --> 8 
8 --> 6 
9 --> 10 3 
10 --> 11 
11 --> 9 
12 --> 13 3 
13 --> 14 
14 --> 12 

* FSM state operations: 

State 1 <SV = 0> <Delay = 2.18>
ST_1 : Operation 15 [1/1] (0.00ns)   --->   "%VideoFormat_val_read = read i6 @_ssdm_op_Read.ap_auto.i6, i6 %VideoFormat_val"   --->   Operation 15 'read' 'VideoFormat_val_read' <Predicate = true> <Delay = 0.00>
ST_1 : Operation 16 [1/1] (0.00ns)   --->   "%WidthInBytes_val_read = read i14 @_ssdm_op_Read.ap_auto.i14, i14 %WidthInBytes_val"   --->   Operation 16 'read' 'WidthInBytes_val_read' <Predicate = true> <Delay = 0.00>
ST_1 : Operation 17 [1/1] (0.00ns)   --->   "%WidthInPix_val_read = read i11 @_ssdm_op_Read.ap_auto.i11, i11 %WidthInPix_val"   --->   Operation 17 'read' 'WidthInPix_val_read' <Predicate = true> <Delay = 0.00>
ST_1 : Operation 18 [1/1] (0.00ns)   --->   "%Height_val_read = read i11 @_ssdm_op_Read.ap_auto.i11, i11 %Height_val"   --->   Operation 18 'read' 'Height_val_read' <Predicate = true> <Delay = 0.00>
ST_1 : Operation 19 [1/1] (0.00ns)   --->   "%empty = trunc i6 %VideoFormat_val_read"   --->   Operation 19 'trunc' 'empty' <Predicate = true> <Delay = 0.00>
ST_1 : Operation 20 [1/1] (0.00ns)   --->   "%specstablecontent_ln0 = specstablecontent void @_ssdm_op_SpecStableContent, i14 %WidthInBytes_val, i1 1, void @p_str"   --->   Operation 20 'specstablecontent' 'specstablecontent_ln0' <Predicate = true> <Delay = 0.00>
ST_1 : Operation 21 [1/1] (0.00ns)   --->   "%specstablecontent_ln0 = specstablecontent void @_ssdm_op_SpecStableContent, i6 %VideoFormat_val, i1 1, void "   --->   Operation 21 'specstablecontent' 'specstablecontent_ln0' <Predicate = true> <Delay = 0.00>
ST_1 : Operation 22 [1/1] (0.00ns)   --->   "%specstablecontent_ln0 = specstablecontent void @_ssdm_op_SpecStableContent, i11 %Height_val, i1 1, void "   --->   Operation 22 'specstablecontent' 'specstablecontent_ln0' <Predicate = true> <Delay = 0.00>
ST_1 : Operation 23 [1/1] (0.00ns)   --->   "%specstablecontent_ln0 = specstablecontent void @_ssdm_op_SpecStableContent, i11 %WidthInPix_val, i1 1, void "   --->   Operation 23 'specstablecontent' 'specstablecontent_ln0' <Predicate = true> <Delay = 0.00>
ST_1 : Operation 24 [1/1] (0.00ns)   --->   "%specmemcore_ln0 = specmemcore void @_ssdm_op_SpecMemCore, i128 %bytePlanes_plane0, i64 666, i64 8, i64 18446744073709551615, i1 0"   --->   Operation 24 'specmemcore' 'specmemcore_ln0' <Predicate = true> <Delay = 0.00>
ST_1 : Operation 25 [1/1] (0.00ns)   --->   "%specmemcore_ln0 = specmemcore void @_ssdm_op_SpecMemCore, i128 %bytePlanes_plane1, i64 666, i64 8, i64 18446744073709551615, i1 0"   --->   Operation 25 'specmemcore' 'specmemcore_ln0' <Predicate = true> <Delay = 0.00>
ST_1 : Operation 26 [1/1] (0.00ns)   --->   "%specinterface_ln0 = specinterface void @_ssdm_op_SpecInterface, i128 %bytePlanes_plane1, void @empty_11, i32 0, i32 0, void @empty_29, i32 0, i32 0, void @empty_29, void @empty_29, void @empty_29, i32 0, i32 0, i32 0, i32 0, void @empty_29, void @empty_29, i32 4294967295, i32 0, i32 0, i32 0"   --->   Operation 26 'specinterface' 'specinterface_ln0' <Predicate = true> <Delay = 0.00>
ST_1 : Operation 27 [1/1] (0.00ns)   --->   "%specinterface_ln0 = specinterface void @_ssdm_op_SpecInterface, i128 %bytePlanes_plane0, void @empty_11, i32 0, i32 0, void @empty_29, i32 0, i32 0, void @empty_29, void @empty_29, void @empty_29, i32 0, i32 0, i32 0, i32 0, void @empty_29, void @empty_29, i32 4294967295, i32 0, i32 0, i32 0"   --->   Operation 27 'specinterface' 'specinterface_ln0' <Predicate = true> <Delay = 0.00>
ST_1 : Operation 28 [1/1] (0.00ns)   --->   "%specinterface_ln0 = specinterface void @_ssdm_op_SpecInterface, i48 %img, void @empty_11, i32 0, i32 0, void @empty_29, i32 0, i32 0, void @empty_29, void @empty_29, void @empty_29, i32 0, i32 0, i32 0, i32 0, void @empty_29, void @empty_29, i32 4294967295, i32 0, i32 0, i32 0"   --->   Operation 28 'specinterface' 'specinterface_ln0' <Predicate = true> <Delay = 0.00>
ST_1 : Operation 29 [1/1] (0.88ns)   --->   "%switch_ln432 = switch i6 %VideoFormat_val_read, void %if.end496, i6 43, void %if.end509, i6 42, void %if.end508, i6 44, void %if.end507, i6 41, void %if.end506, i6 11, void %if.end505, i6 10, void %if.end505, i6 27, void %if.end504, i6 16, void %if.end503, i6 15, void %if.end503, i6 12, void %if.then32, i6 28, void %if.then92, i6 19, void %if.then186, i6 18, void %if.then186, i6 23, void %if.end499, i6 22, void %if.end499, i6 33, void %if.end498, i6 32, void %if.end498, i6 38, void %if.end497, i6 37, void %if.end497, i6 21, void %if.then325_ifconv, i6 20, void %if.then325_ifconv" [C:/TFG_Vivado/vivado/axu2cga_trd.runs/design_1_v_frmbuf_wr_1_0_synth_1/prj/sol/.autopilot/db/v_frmbuf_wr.cpp:432]   --->   Operation 29 'switch' 'switch_ln432' <Predicate = true> <Delay = 0.88>
ST_1 : Operation 30 [1/1] (0.00ns)   --->   "%y_3 = alloca i32 1" [C:/TFG_Vivado/vivado/axu2cga_trd.runs/design_1_v_frmbuf_wr_1_0_synth_1/prj/sol/.autopilot/db/v_frmbuf_wr.cpp:1086]   --->   Operation 30 'alloca' 'y_3' <Predicate = (VideoFormat_val_read == 20) | (VideoFormat_val_read == 21)> <Delay = 0.00>
ST_1 : Operation 31 [1/1] (0.00ns)   --->   "%pix_24 = alloca i32 1" [C:/TFG_Vivado/vivado/axu2cga_trd.runs/design_1_v_frmbuf_wr_1_0_synth_1/prj/sol/.autopilot/db/v_frmbuf_wr.cpp:431]   --->   Operation 31 'alloca' 'pix_24' <Predicate = (VideoFormat_val_read == 20) | (VideoFormat_val_read == 21)> <Delay = 0.00>
ST_1 : Operation 32 [1/1] (0.00ns)   --->   "%pix_25 = alloca i32 1" [C:/TFG_Vivado/vivado/axu2cga_trd.runs/design_1_v_frmbuf_wr_1_0_synth_1/prj/sol/.autopilot/db/v_frmbuf_wr.cpp:431]   --->   Operation 32 'alloca' 'pix_25' <Predicate = (VideoFormat_val_read == 20) | (VideoFormat_val_read == 21)> <Delay = 0.00>
ST_1 : Operation 33 [1/1] (0.00ns)   --->   "%pix_26 = alloca i32 1" [C:/TFG_Vivado/vivado/axu2cga_trd.runs/design_1_v_frmbuf_wr_1_0_synth_1/prj/sol/.autopilot/db/v_frmbuf_wr.cpp:431]   --->   Operation 33 'alloca' 'pix_26' <Predicate = (VideoFormat_val_read == 20) | (VideoFormat_val_read == 21)> <Delay = 0.00>
ST_1 : Operation 34 [1/1] (0.00ns)   --->   "%pix_27 = alloca i32 1" [C:/TFG_Vivado/vivado/axu2cga_trd.runs/design_1_v_frmbuf_wr_1_0_synth_1/prj/sol/.autopilot/db/v_frmbuf_wr.cpp:431]   --->   Operation 34 'alloca' 'pix_27' <Predicate = (VideoFormat_val_read == 20) | (VideoFormat_val_read == 21)> <Delay = 0.00>
ST_1 : Operation 35 [1/1] (0.00ns)   --->   "%pix_28 = alloca i32 1" [C:/TFG_Vivado/vivado/axu2cga_trd.runs/design_1_v_frmbuf_wr_1_0_synth_1/prj/sol/.autopilot/db/v_frmbuf_wr.cpp:431]   --->   Operation 35 'alloca' 'pix_28' <Predicate = (VideoFormat_val_read == 20) | (VideoFormat_val_read == 21)> <Delay = 0.00>
ST_1 : Operation 36 [1/1] (0.00ns)   --->   "%pix_29 = alloca i32 1" [C:/TFG_Vivado/vivado/axu2cga_trd.runs/design_1_v_frmbuf_wr_1_0_synth_1/prj/sol/.autopilot/db/v_frmbuf_wr.cpp:431]   --->   Operation 36 'alloca' 'pix_29' <Predicate = (VideoFormat_val_read == 20) | (VideoFormat_val_read == 21)> <Delay = 0.00>
ST_1 : Operation 37 [1/1] (0.98ns)   --->   "%add_ln1072 = add i14 %WidthInBytes_val_read, i14 15" [C:/TFG_Vivado/vivado/axu2cga_trd.runs/design_1_v_frmbuf_wr_1_0_synth_1/prj/sol/.autopilot/db/v_frmbuf_wr.cpp:1072]   --->   Operation 37 'add' 'add_ln1072' <Predicate = (VideoFormat_val_read == 20) | (VideoFormat_val_read == 21)> <Delay = 0.98> <CoreInst = "Adder">   --->   Core 1 'Adder' <Latency = 0> <II = 1> <Delay = 0.98> <FuncUnit> <Opcode : 'add' 'sub'> <InPorts = 2> <OutPorts = 1>
ST_1 : Operation 38 [1/1] (0.00ns)   --->   "%trunc_ln = partselect i10 @_ssdm_op_PartSelect.i10.i14.i32.i32, i14 %add_ln1072, i32 4, i32 13" [C:/TFG_Vivado/vivado/axu2cga_trd.runs/design_1_v_frmbuf_wr_1_0_synth_1/prj/sol/.autopilot/db/v_frmbuf_wr.cpp:1072]   --->   Operation 38 'partselect' 'trunc_ln' <Predicate = (VideoFormat_val_read == 20) | (VideoFormat_val_read == 21)> <Delay = 0.00>
ST_1 : Operation 39 [1/1] (0.93ns)   --->   "%add_ln1073 = add i10 %trunc_ln, i10 2" [C:/TFG_Vivado/vivado/axu2cga_trd.runs/design_1_v_frmbuf_wr_1_0_synth_1/prj/sol/.autopilot/db/v_frmbuf_wr.cpp:1073]   --->   Operation 39 'add' 'add_ln1073' <Predicate = (VideoFormat_val_read == 20) | (VideoFormat_val_read == 21)> <Delay = 0.93> <CoreInst = "Adder">   --->   Core 1 'Adder' <Latency = 0> <II = 1> <Delay = 0.93> <FuncUnit> <Opcode : 'add' 'sub'> <InPorts = 2> <OutPorts = 1>
ST_1 : Operation 40 [1/1] (0.00ns)   --->   "%remPix = trunc i11 %WidthInPix_val_read" [C:/TFG_Vivado/vivado/axu2cga_trd.runs/design_1_v_frmbuf_wr_1_0_synth_1/prj/sol/.autopilot/db/v_frmbuf_wr.cpp:1074]   --->   Operation 40 'trunc' 'remPix' <Predicate = (VideoFormat_val_read == 20) | (VideoFormat_val_read == 21)> <Delay = 0.00>
ST_1 : Operation 41 [1/1] (0.86ns)   --->   "%icmp_ln1077 = icmp_eq  i4 %remPix, i4 0" [C:/TFG_Vivado/vivado/axu2cga_trd.runs/design_1_v_frmbuf_wr_1_0_synth_1/prj/sol/.autopilot/db/v_frmbuf_wr.cpp:1077]   --->   Operation 41 'icmp' 'icmp_ln1077' <Predicate = (VideoFormat_val_read == 20) | (VideoFormat_val_read == 21)> <Delay = 0.86> <CoreInst = "Cmp">   --->   Core 9 'Cmp' <Latency = 0> <II = 1> <Delay = 0.86> <FuncUnit> <Opcode : 'seteq' 'setne' 'setle' 'setge' 'setlt' 'setgt'> <InPorts = 2> <OutPorts = 1>
ST_1 : Operation 42 [1/1] (0.00ns)   --->   "%lshr_ln1 = partselect i3 @_ssdm_op_PartSelect.i3.i11.i32.i32, i11 %WidthInPix_val_read, i32 1, i32 3" [C:/TFG_Vivado/vivado/axu2cga_trd.runs/design_1_v_frmbuf_wr_1_0_synth_1/prj/sol/.autopilot/db/v_frmbuf_wr.cpp:1079]   --->   Operation 42 'partselect' 'lshr_ln1' <Predicate = (VideoFormat_val_read == 20) | (VideoFormat_val_read == 21)> <Delay = 0.00>
ST_1 : Operation 43 [1/1] (0.00ns)   --->   "%p_shl = bitconcatenate i9 @_ssdm_op_BitConcatenate.i9.i4.i5, i4 %remPix, i5 0" [C:/TFG_Vivado/vivado/axu2cga_trd.runs/design_1_v_frmbuf_wr_1_0_synth_1/prj/sol/.autopilot/db/v_frmbuf_wr.cpp:1081]   --->   Operation 43 'bitconcatenate' 'p_shl' <Predicate = (VideoFormat_val_read == 20) | (VideoFormat_val_read == 21)> <Delay = 0.00>
ST_1 : Operation 44 [1/1] (0.00ns)   --->   "%tmp_10 = bitconcatenate i7 @_ssdm_op_BitConcatenate.i7.i4.i3, i4 %remPix, i3 0" [C:/TFG_Vivado/vivado/axu2cga_trd.runs/design_1_v_frmbuf_wr_1_0_synth_1/prj/sol/.autopilot/db/v_frmbuf_wr.cpp:1081]   --->   Operation 44 'bitconcatenate' 'tmp_10' <Predicate = (VideoFormat_val_read == 20) | (VideoFormat_val_read == 21)> <Delay = 0.00>
ST_1 : Operation 45 [1/1] (0.00ns)   --->   "%zext_ln1081 = zext i7 %tmp_10" [C:/TFG_Vivado/vivado/axu2cga_trd.runs/design_1_v_frmbuf_wr_1_0_synth_1/prj/sol/.autopilot/db/v_frmbuf_wr.cpp:1081]   --->   Operation 45 'zext' 'zext_ln1081' <Predicate = (VideoFormat_val_read == 20) | (VideoFormat_val_read == 21)> <Delay = 0.00>
ST_1 : Operation 46 [1/1] (0.00ns) (grouped into TernaryAdder)   --->   "%sub_ln1081 = sub i9 %p_shl, i9 %zext_ln1081" [C:/TFG_Vivado/vivado/axu2cga_trd.runs/design_1_v_frmbuf_wr_1_0_synth_1/prj/sol/.autopilot/db/v_frmbuf_wr.cpp:1081]   --->   Operation 46 'sub' 'sub_ln1081' <Predicate = (VideoFormat_val_read == 20) | (VideoFormat_val_read == 21)> <Delay = 0.00> <CoreInst = "TAddSub">   --->   Core 10 'TAddSub' <Latency = 0> <II = 1> <Delay = 0.58> <IPBlock> <Opcode : 'add' 'sub'> <InPorts = 3> <OutPorts = 1> <Sync> <CReg>
ST_1 : Operation 47 [1/1] (1.17ns) (root node of TernaryAdder)   --->   "%add_ln1081 = add i9 %sub_ln1081, i9 127" [C:/TFG_Vivado/vivado/axu2cga_trd.runs/design_1_v_frmbuf_wr_1_0_synth_1/prj/sol/.autopilot/db/v_frmbuf_wr.cpp:1081]   --->   Operation 47 'add' 'add_ln1081' <Predicate = (VideoFormat_val_read == 20) | (VideoFormat_val_read == 21)> <Delay = 1.17> <CoreInst = "TAddSub">   --->   Core 10 'TAddSub' <Latency = 0> <II = 1> <Delay = 0.58> <IPBlock> <Opcode : 'add' 'sub'> <InPorts = 3> <OutPorts = 1> <Sync> <CReg>
ST_1 : Operation 48 [1/1] (0.00ns)   --->   "%trunc_ln2 = partselect i2 @_ssdm_op_PartSelect.i2.i9.i32.i32, i9 %add_ln1081, i32 7, i32 8" [C:/TFG_Vivado/vivado/axu2cga_trd.runs/design_1_v_frmbuf_wr_1_0_synth_1/prj/sol/.autopilot/db/v_frmbuf_wr.cpp:1081]   --->   Operation 48 'partselect' 'trunc_ln2' <Predicate = (VideoFormat_val_read == 20) | (VideoFormat_val_read == 21)> <Delay = 0.00>
ST_1 : Operation 49 [1/1] (0.48ns)   --->   "%store_ln1086 = store i11 0, i11 %y_3" [C:/TFG_Vivado/vivado/axu2cga_trd.runs/design_1_v_frmbuf_wr_1_0_synth_1/prj/sol/.autopilot/db/v_frmbuf_wr.cpp:1086]   --->   Operation 49 'store' 'store_ln1086' <Predicate = (VideoFormat_val_read == 20) | (VideoFormat_val_read == 21)> <Delay = 0.48>
ST_1 : Operation 50 [1/1] (0.00ns)   --->   "%y_2 = alloca i32 1" [C:/TFG_Vivado/vivado/axu2cga_trd.runs/design_1_v_frmbuf_wr_1_0_synth_1/prj/sol/.autopilot/db/v_frmbuf_wr.cpp:900]   --->   Operation 50 'alloca' 'y_2' <Predicate = (VideoFormat_val_read == 18) | (VideoFormat_val_read == 19)> <Delay = 0.00>
ST_1 : Operation 51 [1/1] (0.00ns)   --->   "%pix_8 = alloca i32 1" [C:/TFG_Vivado/vivado/axu2cga_trd.runs/design_1_v_frmbuf_wr_1_0_synth_1/prj/sol/.autopilot/db/v_frmbuf_wr.cpp:431]   --->   Operation 51 'alloca' 'pix_8' <Predicate = (VideoFormat_val_read == 18) | (VideoFormat_val_read == 19)> <Delay = 0.00>
ST_1 : Operation 52 [1/1] (0.00ns)   --->   "%pix_9 = alloca i32 1" [C:/TFG_Vivado/vivado/axu2cga_trd.runs/design_1_v_frmbuf_wr_1_0_synth_1/prj/sol/.autopilot/db/v_frmbuf_wr.cpp:431]   --->   Operation 52 'alloca' 'pix_9' <Predicate = (VideoFormat_val_read == 18) | (VideoFormat_val_read == 19)> <Delay = 0.00>
ST_1 : Operation 53 [1/1] (0.00ns)   --->   "%pix_10 = alloca i32 1" [C:/TFG_Vivado/vivado/axu2cga_trd.runs/design_1_v_frmbuf_wr_1_0_synth_1/prj/sol/.autopilot/db/v_frmbuf_wr.cpp:431]   --->   Operation 53 'alloca' 'pix_10' <Predicate = (VideoFormat_val_read == 18) | (VideoFormat_val_read == 19)> <Delay = 0.00>
ST_1 : Operation 54 [1/1] (0.00ns)   --->   "%pix_11 = alloca i32 1" [C:/TFG_Vivado/vivado/axu2cga_trd.runs/design_1_v_frmbuf_wr_1_0_synth_1/prj/sol/.autopilot/db/v_frmbuf_wr.cpp:431]   --->   Operation 54 'alloca' 'pix_11' <Predicate = (VideoFormat_val_read == 18) | (VideoFormat_val_read == 19)> <Delay = 0.00>
ST_1 : Operation 55 [1/1] (0.00ns)   --->   "%remainPix_4 = trunc i14 %WidthInBytes_val_read" [C:/TFG_Vivado/vivado/axu2cga_trd.runs/design_1_v_frmbuf_wr_1_0_synth_1/prj/sol/.autopilot/db/v_frmbuf_wr.cpp:888]   --->   Operation 55 'trunc' 'remainPix_4' <Predicate = (VideoFormat_val_read == 18) | (VideoFormat_val_read == 19)> <Delay = 0.00>
ST_1 : Operation 56 [1/1] (0.98ns)   --->   "%add_ln888 = add i14 %WidthInBytes_val_read, i14 15" [C:/TFG_Vivado/vivado/axu2cga_trd.runs/design_1_v_frmbuf_wr_1_0_synth_1/prj/sol/.autopilot/db/v_frmbuf_wr.cpp:888]   --->   Operation 56 'add' 'add_ln888' <Predicate = (VideoFormat_val_read == 18) | (VideoFormat_val_read == 19)> <Delay = 0.98> <CoreInst = "Adder">   --->   Core 1 'Adder' <Latency = 0> <II = 1> <Delay = 0.98> <FuncUnit> <Opcode : 'add' 'sub'> <InPorts = 2> <OutPorts = 1>
ST_1 : Operation 57 [1/1] (0.00ns)   --->   "%loopWidth_2 = partselect i10 @_ssdm_op_PartSelect.i10.i14.i32.i32, i14 %add_ln888, i32 4, i32 13" [C:/TFG_Vivado/vivado/axu2cga_trd.runs/design_1_v_frmbuf_wr_1_0_synth_1/prj/sol/.autopilot/db/v_frmbuf_wr.cpp:888]   --->   Operation 57 'partselect' 'loopWidth_2' <Predicate = (VideoFormat_val_read == 18) | (VideoFormat_val_read == 19)> <Delay = 0.00>
ST_1 : Operation 58 [1/1] (0.00ns)   --->   "%zext_ln888 = zext i10 %loopWidth_2" [C:/TFG_Vivado/vivado/axu2cga_trd.runs/design_1_v_frmbuf_wr_1_0_synth_1/prj/sol/.autopilot/db/v_frmbuf_wr.cpp:888]   --->   Operation 58 'zext' 'zext_ln888' <Predicate = (VideoFormat_val_read == 18) | (VideoFormat_val_read == 19)> <Delay = 0.00>
ST_1 : Operation 59 [1/1] (0.86ns)   --->   "%icmp_ln892 = icmp_eq  i4 %remainPix_4, i4 0" [C:/TFG_Vivado/vivado/axu2cga_trd.runs/design_1_v_frmbuf_wr_1_0_synth_1/prj/sol/.autopilot/db/v_frmbuf_wr.cpp:892]   --->   Operation 59 'icmp' 'icmp_ln892' <Predicate = (VideoFormat_val_read == 18) | (VideoFormat_val_read == 19)> <Delay = 0.86> <CoreInst = "Cmp">   --->   Core 9 'Cmp' <Latency = 0> <II = 1> <Delay = 0.86> <FuncUnit> <Opcode : 'seteq' 'setne' 'setle' 'setge' 'setlt' 'setgt'> <InPorts = 2> <OutPorts = 1>
ST_1 : Operation 60 [1/1] (0.00ns)   --->   "%lshr_ln = partselect i3 @_ssdm_op_PartSelect.i3.i14.i32.i32, i14 %WidthInBytes_val_read, i32 1, i32 3" [C:/TFG_Vivado/vivado/axu2cga_trd.runs/design_1_v_frmbuf_wr_1_0_synth_1/prj/sol/.autopilot/db/v_frmbuf_wr.cpp:894]   --->   Operation 60 'partselect' 'lshr_ln' <Predicate = (VideoFormat_val_read == 18) | (VideoFormat_val_read == 19)> <Delay = 0.00>
ST_1 : Operation 61 [1/1] (0.00ns)   --->   "%zext_ln894 = zext i3 %lshr_ln" [C:/TFG_Vivado/vivado/axu2cga_trd.runs/design_1_v_frmbuf_wr_1_0_synth_1/prj/sol/.autopilot/db/v_frmbuf_wr.cpp:894]   --->   Operation 61 'zext' 'zext_ln894' <Predicate = (VideoFormat_val_read == 18) | (VideoFormat_val_read == 19)> <Delay = 0.00>
ST_1 : Operation 62 [1/1] (0.45ns)   --->   "%remainPix_5 = select i1 %icmp_ln892, i4 8, i4 %zext_ln894" [C:/TFG_Vivado/vivado/axu2cga_trd.runs/design_1_v_frmbuf_wr_1_0_synth_1/prj/sol/.autopilot/db/v_frmbuf_wr.cpp:892]   --->   Operation 62 'select' 'remainPix_5' <Predicate = (VideoFormat_val_read == 18) | (VideoFormat_val_read == 19)> <Delay = 0.45> <CoreInst = "Sel">   --->   Core 73 'Sel' <Latency = 0> <II = 1> <Delay = 0.48> <FuncUnit> <Opcode : 'select'> <InPorts = 3> <OutPorts = 1>
ST_1 : Operation 63 [1/1] (0.93ns)   --->   "%add_ln909 = add i11 %zext_ln888, i11 2047" [C:/TFG_Vivado/vivado/axu2cga_trd.runs/design_1_v_frmbuf_wr_1_0_synth_1/prj/sol/.autopilot/db/v_frmbuf_wr.cpp:909]   --->   Operation 63 'add' 'add_ln909' <Predicate = (VideoFormat_val_read == 18) | (VideoFormat_val_read == 19)> <Delay = 0.93> <CoreInst = "Adder">   --->   Core 1 'Adder' <Latency = 0> <II = 1> <Delay = 0.94> <FuncUnit> <Opcode : 'add' 'sub'> <InPorts = 2> <OutPorts = 1>
ST_1 : Operation 64 [1/1] (0.86ns)   --->   "%icmp_ln909 = icmp_ne  i4 %remainPix_5, i4 0" [C:/TFG_Vivado/vivado/axu2cga_trd.runs/design_1_v_frmbuf_wr_1_0_synth_1/prj/sol/.autopilot/db/v_frmbuf_wr.cpp:909]   --->   Operation 64 'icmp' 'icmp_ln909' <Predicate = (VideoFormat_val_read == 18) | (VideoFormat_val_read == 19)> <Delay = 0.86> <CoreInst = "Cmp">   --->   Core 9 'Cmp' <Latency = 0> <II = 1> <Delay = 0.86> <FuncUnit> <Opcode : 'seteq' 'setne' 'setle' 'setge' 'setlt' 'setgt'> <InPorts = 2> <OutPorts = 1>
ST_1 : Operation 65 [1/1] (0.00ns)   --->   "%tmp_8 = partselect i3 @_ssdm_op_PartSelect.i3.i4.i32.i32, i4 %remainPix_5, i32 1, i32 3" [C:/TFG_Vivado/vivado/axu2cga_trd.runs/design_1_v_frmbuf_wr_1_0_synth_1/prj/sol/.autopilot/db/v_frmbuf_wr.cpp:909]   --->   Operation 65 'partselect' 'tmp_8' <Predicate = (VideoFormat_val_read == 18) | (VideoFormat_val_read == 19)> <Delay = 0.00>
ST_1 : Operation 66 [1/1] (0.74ns)   --->   "%icmp_ln909_3 = icmp_ne  i3 %tmp_8, i3 0" [C:/TFG_Vivado/vivado/axu2cga_trd.runs/design_1_v_frmbuf_wr_1_0_synth_1/prj/sol/.autopilot/db/v_frmbuf_wr.cpp:909]   --->   Operation 66 'icmp' 'icmp_ln909_3' <Predicate = (VideoFormat_val_read == 18) | (VideoFormat_val_read == 19)> <Delay = 0.74> <CoreInst = "Cmp">   --->   Core 9 'Cmp' <Latency = 0> <II = 1> <Delay = 0.74> <FuncUnit> <Opcode : 'seteq' 'setne' 'setle' 'setge' 'setlt' 'setgt'> <InPorts = 2> <OutPorts = 1>
ST_1 : Operation 67 [1/1] (0.86ns)   --->   "%icmp_ln909_2 = icmp_ugt  i4 %remainPix_5, i4 2" [C:/TFG_Vivado/vivado/axu2cga_trd.runs/design_1_v_frmbuf_wr_1_0_synth_1/prj/sol/.autopilot/db/v_frmbuf_wr.cpp:909]   --->   Operation 67 'icmp' 'icmp_ln909_2' <Predicate = (VideoFormat_val_read == 18) | (VideoFormat_val_read == 19)> <Delay = 0.86> <CoreInst = "Cmp">   --->   Core 9 'Cmp' <Latency = 0> <II = 1> <Delay = 0.86> <FuncUnit> <Opcode : 'seteq' 'setne' 'setle' 'setge' 'setlt' 'setgt'> <InPorts = 2> <OutPorts = 1>
ST_1 : Operation 68 [1/1] (0.00ns)   --->   "%tmp_9 = partselect i2 @_ssdm_op_PartSelect.i2.i4.i32.i32, i4 %remainPix_5, i32 2, i32 3" [C:/TFG_Vivado/vivado/axu2cga_trd.runs/design_1_v_frmbuf_wr_1_0_synth_1/prj/sol/.autopilot/db/v_frmbuf_wr.cpp:909]   --->   Operation 68 'partselect' 'tmp_9' <Predicate = (VideoFormat_val_read == 18) | (VideoFormat_val_read == 19)> <Delay = 0.00>
ST_1 : Operation 69 [1/1] (0.62ns)   --->   "%icmp_ln909_7 = icmp_ne  i2 %tmp_9, i2 0" [C:/TFG_Vivado/vivado/axu2cga_trd.runs/design_1_v_frmbuf_wr_1_0_synth_1/prj/sol/.autopilot/db/v_frmbuf_wr.cpp:909]   --->   Operation 69 'icmp' 'icmp_ln909_7' <Predicate = (VideoFormat_val_read == 18) | (VideoFormat_val_read == 19)> <Delay = 0.62> <CoreInst = "Cmp">   --->   Core 9 'Cmp' <Latency = 0> <II = 1> <Delay = 0.62> <FuncUnit> <Opcode : 'seteq' 'setne' 'setle' 'setge' 'setlt' 'setgt'> <InPorts = 2> <OutPorts = 1>
ST_1 : Operation 70 [1/1] (0.86ns)   --->   "%icmp_ln909_4 = icmp_ugt  i4 %remainPix_5, i4 4" [C:/TFG_Vivado/vivado/axu2cga_trd.runs/design_1_v_frmbuf_wr_1_0_synth_1/prj/sol/.autopilot/db/v_frmbuf_wr.cpp:909]   --->   Operation 70 'icmp' 'icmp_ln909_4' <Predicate = (VideoFormat_val_read == 18) | (VideoFormat_val_read == 19)> <Delay = 0.86> <CoreInst = "Cmp">   --->   Core 9 'Cmp' <Latency = 0> <II = 1> <Delay = 0.86> <FuncUnit> <Opcode : 'seteq' 'setne' 'setle' 'setge' 'setlt' 'setgt'> <InPorts = 2> <OutPorts = 1>
ST_1 : Operation 71 [1/1] (0.86ns)   --->   "%icmp_ln909_5 = icmp_ugt  i4 %remainPix_5, i4 5" [C:/TFG_Vivado/vivado/axu2cga_trd.runs/design_1_v_frmbuf_wr_1_0_synth_1/prj/sol/.autopilot/db/v_frmbuf_wr.cpp:909]   --->   Operation 71 'icmp' 'icmp_ln909_5' <Predicate = (VideoFormat_val_read == 18) | (VideoFormat_val_read == 19)> <Delay = 0.86> <CoreInst = "Cmp">   --->   Core 9 'Cmp' <Latency = 0> <II = 1> <Delay = 0.86> <FuncUnit> <Opcode : 'seteq' 'setne' 'setle' 'setge' 'setlt' 'setgt'> <InPorts = 2> <OutPorts = 1>
ST_1 : Operation 72 [1/1] (0.86ns)   --->   "%icmp_ln909_6 = icmp_ugt  i4 %remainPix_5, i4 6" [C:/TFG_Vivado/vivado/axu2cga_trd.runs/design_1_v_frmbuf_wr_1_0_synth_1/prj/sol/.autopilot/db/v_frmbuf_wr.cpp:909]   --->   Operation 72 'icmp' 'icmp_ln909_6' <Predicate = (VideoFormat_val_read == 18) | (VideoFormat_val_read == 19)> <Delay = 0.86> <CoreInst = "Cmp">   --->   Core 9 'Cmp' <Latency = 0> <II = 1> <Delay = 0.86> <FuncUnit> <Opcode : 'seteq' 'setne' 'setle' 'setge' 'setlt' 'setgt'> <InPorts = 2> <OutPorts = 1>
ST_1 : Operation 73 [1/1] (0.48ns)   --->   "%store_ln900 = store i11 0, i11 %y_2" [C:/TFG_Vivado/vivado/axu2cga_trd.runs/design_1_v_frmbuf_wr_1_0_synth_1/prj/sol/.autopilot/db/v_frmbuf_wr.cpp:900]   --->   Operation 73 'store' 'store_ln900' <Predicate = (VideoFormat_val_read == 18) | (VideoFormat_val_read == 19)> <Delay = 0.48>
ST_1 : Operation 74 [1/1] (0.00ns)   --->   "%br_ln900 = br void %VITIS_LOOP_904_8" [C:/TFG_Vivado/vivado/axu2cga_trd.runs/design_1_v_frmbuf_wr_1_0_synth_1/prj/sol/.autopilot/db/v_frmbuf_wr.cpp:900]   --->   Operation 74 'br' 'br_ln900' <Predicate = (VideoFormat_val_read == 18) | (VideoFormat_val_read == 19)> <Delay = 0.00>
ST_1 : Operation 75 [1/1] (0.00ns)   --->   "%y_1 = alloca i32 1" [C:/TFG_Vivado/vivado/axu2cga_trd.runs/design_1_v_frmbuf_wr_1_0_synth_1/prj/sol/.autopilot/db/v_frmbuf_wr.cpp:859]   --->   Operation 75 'alloca' 'y_1' <Predicate = (VideoFormat_val_read == 28)> <Delay = 0.00>
ST_1 : Operation 76 [1/1] (0.00ns)   --->   "%pix_4 = alloca i32 1" [C:/TFG_Vivado/vivado/axu2cga_trd.runs/design_1_v_frmbuf_wr_1_0_synth_1/prj/sol/.autopilot/db/v_frmbuf_wr.cpp:431]   --->   Operation 76 'alloca' 'pix_4' <Predicate = (VideoFormat_val_read == 28)> <Delay = 0.00>
ST_1 : Operation 77 [1/1] (0.00ns)   --->   "%pix_5 = alloca i32 1" [C:/TFG_Vivado/vivado/axu2cga_trd.runs/design_1_v_frmbuf_wr_1_0_synth_1/prj/sol/.autopilot/db/v_frmbuf_wr.cpp:431]   --->   Operation 77 'alloca' 'pix_5' <Predicate = (VideoFormat_val_read == 28)> <Delay = 0.00>
ST_1 : Operation 78 [1/1] (0.00ns)   --->   "%pix_6 = alloca i32 1" [C:/TFG_Vivado/vivado/axu2cga_trd.runs/design_1_v_frmbuf_wr_1_0_synth_1/prj/sol/.autopilot/db/v_frmbuf_wr.cpp:431]   --->   Operation 78 'alloca' 'pix_6' <Predicate = (VideoFormat_val_read == 28)> <Delay = 0.00>
ST_1 : Operation 79 [1/1] (0.00ns)   --->   "%pix_7 = alloca i32 1" [C:/TFG_Vivado/vivado/axu2cga_trd.runs/design_1_v_frmbuf_wr_1_0_synth_1/prj/sol/.autopilot/db/v_frmbuf_wr.cpp:431]   --->   Operation 79 'alloca' 'pix_7' <Predicate = (VideoFormat_val_read == 28)> <Delay = 0.00>
ST_1 : Operation 80 [1/1] (0.98ns)   --->   "%add_ln847 = add i14 %WidthInBytes_val_read, i14 15" [C:/TFG_Vivado/vivado/axu2cga_trd.runs/design_1_v_frmbuf_wr_1_0_synth_1/prj/sol/.autopilot/db/v_frmbuf_wr.cpp:847]   --->   Operation 80 'add' 'add_ln847' <Predicate = (VideoFormat_val_read == 28)> <Delay = 0.98> <CoreInst = "Adder">   --->   Core 1 'Adder' <Latency = 0> <II = 1> <Delay = 0.98> <FuncUnit> <Opcode : 'add' 'sub'> <InPorts = 2> <OutPorts = 1>
ST_1 : Operation 81 [1/1] (0.00ns)   --->   "%loopWidth_1 = partselect i10 @_ssdm_op_PartSelect.i10.i14.i32.i32, i14 %add_ln847, i32 4, i32 13" [C:/TFG_Vivado/vivado/axu2cga_trd.runs/design_1_v_frmbuf_wr_1_0_synth_1/prj/sol/.autopilot/db/v_frmbuf_wr.cpp:847]   --->   Operation 81 'partselect' 'loopWidth_1' <Predicate = (VideoFormat_val_read == 28)> <Delay = 0.00>
ST_1 : Operation 82 [1/1] (0.00ns)   --->   "%zext_ln847 = zext i10 %loopWidth_1" [C:/TFG_Vivado/vivado/axu2cga_trd.runs/design_1_v_frmbuf_wr_1_0_synth_1/prj/sol/.autopilot/db/v_frmbuf_wr.cpp:847]   --->   Operation 82 'zext' 'zext_ln847' <Predicate = (VideoFormat_val_read == 28)> <Delay = 0.00>
ST_1 : Operation 83 [1/1] (0.00ns)   --->   "%remainPix_2 = partselect i3 @_ssdm_op_PartSelect.i3.i14.i32.i32, i14 %WidthInBytes_val_read, i32 1, i32 3" [C:/TFG_Vivado/vivado/axu2cga_trd.runs/design_1_v_frmbuf_wr_1_0_synth_1/prj/sol/.autopilot/db/v_frmbuf_wr.cpp:848]   --->   Operation 83 'partselect' 'remainPix_2' <Predicate = (VideoFormat_val_read == 28)> <Delay = 0.00>
ST_1 : Operation 84 [1/1] (0.74ns)   --->   "%icmp_ln851 = icmp_eq  i3 %remainPix_2, i3 0" [C:/TFG_Vivado/vivado/axu2cga_trd.runs/design_1_v_frmbuf_wr_1_0_synth_1/prj/sol/.autopilot/db/v_frmbuf_wr.cpp:851]   --->   Operation 84 'icmp' 'icmp_ln851' <Predicate = (VideoFormat_val_read == 28)> <Delay = 0.74> <CoreInst = "Cmp">   --->   Core 9 'Cmp' <Latency = 0> <II = 1> <Delay = 0.74> <FuncUnit> <Opcode : 'seteq' 'setne' 'setle' 'setge' 'setlt' 'setgt'> <InPorts = 2> <OutPorts = 1>
ST_1 : Operation 85 [1/1] (0.00ns)   --->   "%tmp_5 = partselect i2 @_ssdm_op_PartSelect.i2.i14.i32.i32, i14 %WidthInBytes_val_read, i32 2, i32 3" [C:/TFG_Vivado/vivado/axu2cga_trd.runs/design_1_v_frmbuf_wr_1_0_synth_1/prj/sol/.autopilot/db/v_frmbuf_wr.cpp:853]   --->   Operation 85 'partselect' 'tmp_5' <Predicate = (VideoFormat_val_read == 28)> <Delay = 0.00>
ST_1 : Operation 86 [1/1] (0.00ns)   --->   "%zext_ln853 = zext i2 %tmp_5" [C:/TFG_Vivado/vivado/axu2cga_trd.runs/design_1_v_frmbuf_wr_1_0_synth_1/prj/sol/.autopilot/db/v_frmbuf_wr.cpp:853]   --->   Operation 86 'zext' 'zext_ln853' <Predicate = (VideoFormat_val_read == 28)> <Delay = 0.00>
ST_1 : Operation 87 [1/1] (0.27ns)   --->   "%remainPix_3 = select i1 %icmp_ln851, i3 4, i3 %zext_ln853" [C:/TFG_Vivado/vivado/axu2cga_trd.runs/design_1_v_frmbuf_wr_1_0_synth_1/prj/sol/.autopilot/db/v_frmbuf_wr.cpp:851]   --->   Operation 87 'select' 'remainPix_3' <Predicate = (VideoFormat_val_read == 28)> <Delay = 0.27> <CoreInst = "Sel">   --->   Core 73 'Sel' <Latency = 0> <II = 1> <Delay = 0.45> <FuncUnit> <Opcode : 'select'> <InPorts = 3> <OutPorts = 1>
ST_1 : Operation 88 [1/1] (0.93ns)   --->   "%add_ln868 = add i11 %zext_ln847, i11 2047" [C:/TFG_Vivado/vivado/axu2cga_trd.runs/design_1_v_frmbuf_wr_1_0_synth_1/prj/sol/.autopilot/db/v_frmbuf_wr.cpp:868]   --->   Operation 88 'add' 'add_ln868' <Predicate = (VideoFormat_val_read == 28)> <Delay = 0.93> <CoreInst = "Adder">   --->   Core 1 'Adder' <Latency = 0> <II = 1> <Delay = 0.94> <FuncUnit> <Opcode : 'add' 'sub'> <InPorts = 2> <OutPorts = 1>
ST_1 : Operation 89 [1/1] (0.74ns)   --->   "%icmp_ln868 = icmp_ne  i3 %remainPix_3, i3 0" [C:/TFG_Vivado/vivado/axu2cga_trd.runs/design_1_v_frmbuf_wr_1_0_synth_1/prj/sol/.autopilot/db/v_frmbuf_wr.cpp:868]   --->   Operation 89 'icmp' 'icmp_ln868' <Predicate = (VideoFormat_val_read == 28)> <Delay = 0.74> <CoreInst = "Cmp">   --->   Core 9 'Cmp' <Latency = 0> <II = 1> <Delay = 0.74> <FuncUnit> <Opcode : 'seteq' 'setne' 'setle' 'setge' 'setlt' 'setgt'> <InPorts = 2> <OutPorts = 1>
ST_1 : Operation 90 [1/1] (0.00ns)   --->   "%tmp_7 = partselect i2 @_ssdm_op_PartSelect.i2.i3.i32.i32, i3 %remainPix_3, i32 1, i32 2" [C:/TFG_Vivado/vivado/axu2cga_trd.runs/design_1_v_frmbuf_wr_1_0_synth_1/prj/sol/.autopilot/db/v_frmbuf_wr.cpp:868]   --->   Operation 90 'partselect' 'tmp_7' <Predicate = (VideoFormat_val_read == 28)> <Delay = 0.00>
ST_1 : Operation 91 [1/1] (0.62ns)   --->   "%icmp_ln868_3 = icmp_ne  i2 %tmp_7, i2 0" [C:/TFG_Vivado/vivado/axu2cga_trd.runs/design_1_v_frmbuf_wr_1_0_synth_1/prj/sol/.autopilot/db/v_frmbuf_wr.cpp:868]   --->   Operation 91 'icmp' 'icmp_ln868_3' <Predicate = (VideoFormat_val_read == 28)> <Delay = 0.62> <CoreInst = "Cmp">   --->   Core 9 'Cmp' <Latency = 0> <II = 1> <Delay = 0.62> <FuncUnit> <Opcode : 'seteq' 'setne' 'setle' 'setge' 'setlt' 'setgt'> <InPorts = 2> <OutPorts = 1>
ST_1 : Operation 92 [1/1] (0.74ns)   --->   "%icmp_ln868_2 = icmp_ugt  i3 %remainPix_3, i3 2" [C:/TFG_Vivado/vivado/axu2cga_trd.runs/design_1_v_frmbuf_wr_1_0_synth_1/prj/sol/.autopilot/db/v_frmbuf_wr.cpp:868]   --->   Operation 92 'icmp' 'icmp_ln868_2' <Predicate = (VideoFormat_val_read == 28)> <Delay = 0.74> <CoreInst = "Cmp">   --->   Core 9 'Cmp' <Latency = 0> <II = 1> <Delay = 0.74> <FuncUnit> <Opcode : 'seteq' 'setne' 'setle' 'setge' 'setlt' 'setgt'> <InPorts = 2> <OutPorts = 1>
ST_1 : Operation 93 [1/1] (0.48ns)   --->   "%store_ln859 = store i11 0, i11 %y_1" [C:/TFG_Vivado/vivado/axu2cga_trd.runs/design_1_v_frmbuf_wr_1_0_synth_1/prj/sol/.autopilot/db/v_frmbuf_wr.cpp:859]   --->   Operation 93 'store' 'store_ln859' <Predicate = (VideoFormat_val_read == 28)> <Delay = 0.48>
ST_1 : Operation 94 [1/1] (0.00ns)   --->   "%br_ln859 = br void %VITIS_LOOP_863_5" [C:/TFG_Vivado/vivado/axu2cga_trd.runs/design_1_v_frmbuf_wr_1_0_synth_1/prj/sol/.autopilot/db/v_frmbuf_wr.cpp:859]   --->   Operation 94 'br' 'br_ln859' <Predicate = (VideoFormat_val_read == 28)> <Delay = 0.00>
ST_1 : Operation 95 [1/1] (0.00ns)   --->   "%y = alloca i32 1" [C:/TFG_Vivado/vivado/axu2cga_trd.runs/design_1_v_frmbuf_wr_1_0_synth_1/prj/sol/.autopilot/db/v_frmbuf_wr.cpp:817]   --->   Operation 95 'alloca' 'y' <Predicate = (VideoFormat_val_read == 12)> <Delay = 0.00>
ST_1 : Operation 96 [1/1] (0.00ns)   --->   "%pix = alloca i32 1" [C:/TFG_Vivado/vivado/axu2cga_trd.runs/design_1_v_frmbuf_wr_1_0_synth_1/prj/sol/.autopilot/db/v_frmbuf_wr.cpp:431]   --->   Operation 96 'alloca' 'pix' <Predicate = (VideoFormat_val_read == 12)> <Delay = 0.00>
ST_1 : Operation 97 [1/1] (0.00ns)   --->   "%pix_1 = alloca i32 1" [C:/TFG_Vivado/vivado/axu2cga_trd.runs/design_1_v_frmbuf_wr_1_0_synth_1/prj/sol/.autopilot/db/v_frmbuf_wr.cpp:431]   --->   Operation 97 'alloca' 'pix_1' <Predicate = (VideoFormat_val_read == 12)> <Delay = 0.00>
ST_1 : Operation 98 [1/1] (0.00ns)   --->   "%pix_2 = alloca i32 1" [C:/TFG_Vivado/vivado/axu2cga_trd.runs/design_1_v_frmbuf_wr_1_0_synth_1/prj/sol/.autopilot/db/v_frmbuf_wr.cpp:431]   --->   Operation 98 'alloca' 'pix_2' <Predicate = (VideoFormat_val_read == 12)> <Delay = 0.00>
ST_1 : Operation 99 [1/1] (0.00ns)   --->   "%pix_3 = alloca i32 1" [C:/TFG_Vivado/vivado/axu2cga_trd.runs/design_1_v_frmbuf_wr_1_0_synth_1/prj/sol/.autopilot/db/v_frmbuf_wr.cpp:431]   --->   Operation 99 'alloca' 'pix_3' <Predicate = (VideoFormat_val_read == 12)> <Delay = 0.00>
ST_1 : Operation 100 [1/1] (0.98ns)   --->   "%add_ln805 = add i14 %WidthInBytes_val_read, i14 15" [C:/TFG_Vivado/vivado/axu2cga_trd.runs/design_1_v_frmbuf_wr_1_0_synth_1/prj/sol/.autopilot/db/v_frmbuf_wr.cpp:805]   --->   Operation 100 'add' 'add_ln805' <Predicate = (VideoFormat_val_read == 12)> <Delay = 0.98> <CoreInst = "Adder">   --->   Core 1 'Adder' <Latency = 0> <II = 1> <Delay = 0.98> <FuncUnit> <Opcode : 'add' 'sub'> <InPorts = 2> <OutPorts = 1>
ST_1 : Operation 101 [1/1] (0.00ns)   --->   "%trunc_ln805_1 = partselect i10 @_ssdm_op_PartSelect.i10.i14.i32.i32, i14 %add_ln805, i32 4, i32 13" [C:/TFG_Vivado/vivado/axu2cga_trd.runs/design_1_v_frmbuf_wr_1_0_synth_1/prj/sol/.autopilot/db/v_frmbuf_wr.cpp:805]   --->   Operation 101 'partselect' 'trunc_ln805_1' <Predicate = (VideoFormat_val_read == 12)> <Delay = 0.00>
ST_1 : Operation 102 [1/1] (0.00ns)   --->   "%zext_ln805 = zext i10 %trunc_ln805_1" [C:/TFG_Vivado/vivado/axu2cga_trd.runs/design_1_v_frmbuf_wr_1_0_synth_1/prj/sol/.autopilot/db/v_frmbuf_wr.cpp:805]   --->   Operation 102 'zext' 'zext_ln805' <Predicate = (VideoFormat_val_read == 12)> <Delay = 0.00>
ST_1 : Operation 103 [1/1] (0.00ns)   --->   "%remainPix = partselect i3 @_ssdm_op_PartSelect.i3.i14.i32.i32, i14 %WidthInBytes_val_read, i32 1, i32 3" [C:/TFG_Vivado/vivado/axu2cga_trd.runs/design_1_v_frmbuf_wr_1_0_synth_1/prj/sol/.autopilot/db/v_frmbuf_wr.cpp:806]   --->   Operation 103 'partselect' 'remainPix' <Predicate = (VideoFormat_val_read == 12)> <Delay = 0.00>
ST_1 : Operation 104 [1/1] (0.74ns)   --->   "%icmp_ln809 = icmp_eq  i3 %remainPix, i3 0" [C:/TFG_Vivado/vivado/axu2cga_trd.runs/design_1_v_frmbuf_wr_1_0_synth_1/prj/sol/.autopilot/db/v_frmbuf_wr.cpp:809]   --->   Operation 104 'icmp' 'icmp_ln809' <Predicate = (VideoFormat_val_read == 12)> <Delay = 0.74> <CoreInst = "Cmp">   --->   Core 9 'Cmp' <Latency = 0> <II = 1> <Delay = 0.74> <FuncUnit> <Opcode : 'seteq' 'setne' 'setle' 'setge' 'setlt' 'setgt'> <InPorts = 2> <OutPorts = 1>
ST_1 : Operation 105 [1/1] (0.00ns)   --->   "%tmp_3 = partselect i2 @_ssdm_op_PartSelect.i2.i14.i32.i32, i14 %WidthInBytes_val_read, i32 2, i32 3" [C:/TFG_Vivado/vivado/axu2cga_trd.runs/design_1_v_frmbuf_wr_1_0_synth_1/prj/sol/.autopilot/db/v_frmbuf_wr.cpp:811]   --->   Operation 105 'partselect' 'tmp_3' <Predicate = (VideoFormat_val_read == 12)> <Delay = 0.00>
ST_1 : Operation 106 [1/1] (0.00ns)   --->   "%zext_ln811 = zext i2 %tmp_3" [C:/TFG_Vivado/vivado/axu2cga_trd.runs/design_1_v_frmbuf_wr_1_0_synth_1/prj/sol/.autopilot/db/v_frmbuf_wr.cpp:811]   --->   Operation 106 'zext' 'zext_ln811' <Predicate = (VideoFormat_val_read == 12)> <Delay = 0.00>
ST_1 : Operation 107 [1/1] (0.27ns)   --->   "%remainPix_1 = select i1 %icmp_ln809, i3 4, i3 %zext_ln811" [C:/TFG_Vivado/vivado/axu2cga_trd.runs/design_1_v_frmbuf_wr_1_0_synth_1/prj/sol/.autopilot/db/v_frmbuf_wr.cpp:809]   --->   Operation 107 'select' 'remainPix_1' <Predicate = (VideoFormat_val_read == 12)> <Delay = 0.27> <CoreInst = "Sel">   --->   Core 73 'Sel' <Latency = 0> <II = 1> <Delay = 0.45> <FuncUnit> <Opcode : 'select'> <InPorts = 3> <OutPorts = 1>
ST_1 : Operation 108 [1/1] (0.93ns)   --->   "%add_ln826 = add i11 %zext_ln805, i11 2047" [C:/TFG_Vivado/vivado/axu2cga_trd.runs/design_1_v_frmbuf_wr_1_0_synth_1/prj/sol/.autopilot/db/v_frmbuf_wr.cpp:826]   --->   Operation 108 'add' 'add_ln826' <Predicate = (VideoFormat_val_read == 12)> <Delay = 0.93> <CoreInst = "Adder">   --->   Core 1 'Adder' <Latency = 0> <II = 1> <Delay = 0.94> <FuncUnit> <Opcode : 'add' 'sub'> <InPorts = 2> <OutPorts = 1>
ST_1 : Operation 109 [1/1] (0.74ns)   --->   "%icmp_ln826 = icmp_ne  i3 %remainPix_1, i3 0" [C:/TFG_Vivado/vivado/axu2cga_trd.runs/design_1_v_frmbuf_wr_1_0_synth_1/prj/sol/.autopilot/db/v_frmbuf_wr.cpp:826]   --->   Operation 109 'icmp' 'icmp_ln826' <Predicate = (VideoFormat_val_read == 12)> <Delay = 0.74> <CoreInst = "Cmp">   --->   Core 9 'Cmp' <Latency = 0> <II = 1> <Delay = 0.74> <FuncUnit> <Opcode : 'seteq' 'setne' 'setle' 'setge' 'setlt' 'setgt'> <InPorts = 2> <OutPorts = 1>
ST_1 : Operation 110 [1/1] (0.00ns)   --->   "%tmp_6 = partselect i2 @_ssdm_op_PartSelect.i2.i3.i32.i32, i3 %remainPix_1, i32 1, i32 2" [C:/TFG_Vivado/vivado/axu2cga_trd.runs/design_1_v_frmbuf_wr_1_0_synth_1/prj/sol/.autopilot/db/v_frmbuf_wr.cpp:826]   --->   Operation 110 'partselect' 'tmp_6' <Predicate = (VideoFormat_val_read == 12)> <Delay = 0.00>
ST_1 : Operation 111 [1/1] (0.62ns)   --->   "%icmp_ln826_3 = icmp_ne  i2 %tmp_6, i2 0" [C:/TFG_Vivado/vivado/axu2cga_trd.runs/design_1_v_frmbuf_wr_1_0_synth_1/prj/sol/.autopilot/db/v_frmbuf_wr.cpp:826]   --->   Operation 111 'icmp' 'icmp_ln826_3' <Predicate = (VideoFormat_val_read == 12)> <Delay = 0.62> <CoreInst = "Cmp">   --->   Core 9 'Cmp' <Latency = 0> <II = 1> <Delay = 0.62> <FuncUnit> <Opcode : 'seteq' 'setne' 'setle' 'setge' 'setlt' 'setgt'> <InPorts = 2> <OutPorts = 1>
ST_1 : Operation 112 [1/1] (0.74ns)   --->   "%icmp_ln826_2 = icmp_ugt  i3 %remainPix_1, i3 2" [C:/TFG_Vivado/vivado/axu2cga_trd.runs/design_1_v_frmbuf_wr_1_0_synth_1/prj/sol/.autopilot/db/v_frmbuf_wr.cpp:826]   --->   Operation 112 'icmp' 'icmp_ln826_2' <Predicate = (VideoFormat_val_read == 12)> <Delay = 0.74> <CoreInst = "Cmp">   --->   Core 9 'Cmp' <Latency = 0> <II = 1> <Delay = 0.74> <FuncUnit> <Opcode : 'seteq' 'setne' 'setle' 'setge' 'setlt' 'setgt'> <InPorts = 2> <OutPorts = 1>
ST_1 : Operation 113 [1/1] (0.48ns)   --->   "%store_ln817 = store i11 0, i11 %y" [C:/TFG_Vivado/vivado/axu2cga_trd.runs/design_1_v_frmbuf_wr_1_0_synth_1/prj/sol/.autopilot/db/v_frmbuf_wr.cpp:817]   --->   Operation 113 'store' 'store_ln817' <Predicate = (VideoFormat_val_read == 12)> <Delay = 0.48>
ST_1 : Operation 114 [1/1] (0.00ns)   --->   "%br_ln817 = br void %VITIS_LOOP_821_1" [C:/TFG_Vivado/vivado/axu2cga_trd.runs/design_1_v_frmbuf_wr_1_0_synth_1/prj/sol/.autopilot/db/v_frmbuf_wr.cpp:817]   --->   Operation 114 'br' 'br_ln817' <Predicate = (VideoFormat_val_read == 12)> <Delay = 0.00>

State 2 <SV = 1> <Delay = 3.59>
ST_2 : Operation 115 [1/1] (0.00ns)   --->   "%zext_ln1073 = zext i10 %add_ln1073" [C:/TFG_Vivado/vivado/axu2cga_trd.runs/design_1_v_frmbuf_wr_1_0_synth_1/prj/sol/.autopilot/db/v_frmbuf_wr.cpp:1073]   --->   Operation 115 'zext' 'zext_ln1073' <Predicate = true> <Delay = 0.00>
ST_2 : Operation 116 [1/1] (2.67ns)   --->   "%mul_ln1073 = mul i21 %zext_ln1073, i21 1366" [C:/TFG_Vivado/vivado/axu2cga_trd.runs/design_1_v_frmbuf_wr_1_0_synth_1/prj/sol/.autopilot/db/v_frmbuf_wr.cpp:1073]   --->   Operation 116 'mul' 'mul_ln1073' <Predicate = true> <Delay = 2.67> <CoreInst = "Multiplier">   --->   Core 3 'Multiplier' <Latency = 0> <II = 1> <Delay = 2.67> <FuncUnit> <Opcode : 'mul'> <InPorts = 2> <OutPorts = 1>
ST_2 : Operation 117 [1/1] (0.00ns)   --->   "%trunc_ln1 = partselect i9 @_ssdm_op_PartSelect.i9.i21.i32.i32, i21 %mul_ln1073, i32 12, i32 20" [C:/TFG_Vivado/vivado/axu2cga_trd.runs/design_1_v_frmbuf_wr_1_0_synth_1/prj/sol/.autopilot/db/v_frmbuf_wr.cpp:1073]   --->   Operation 117 'partselect' 'trunc_ln1' <Predicate = true> <Delay = 0.00>
ST_2 : Operation 118 [1/1] (0.00ns)   --->   "%trunc_ln1_cast = partselect i8 @_ssdm_op_PartSelect.i8.i21.i32.i32, i21 %mul_ln1073, i32 12, i32 19" [C:/TFG_Vivado/vivado/axu2cga_trd.runs/design_1_v_frmbuf_wr_1_0_synth_1/prj/sol/.autopilot/db/v_frmbuf_wr.cpp:1074]   --->   Operation 118 'partselect' 'trunc_ln1_cast' <Predicate = true> <Delay = 0.00>
ST_2 : Operation 119 [1/1] (0.00ns)   --->   "%zext_ln1079 = zext i3 %lshr_ln1" [C:/TFG_Vivado/vivado/axu2cga_trd.runs/design_1_v_frmbuf_wr_1_0_synth_1/prj/sol/.autopilot/db/v_frmbuf_wr.cpp:1079]   --->   Operation 119 'zext' 'zext_ln1079' <Predicate = (!icmp_ln1077)> <Delay = 0.00>
ST_2 : Operation 120 [1/1] (0.45ns)   --->   "%remainPix_6 = select i1 %icmp_ln1077, i4 8, i4 %zext_ln1079" [C:/TFG_Vivado/vivado/axu2cga_trd.runs/design_1_v_frmbuf_wr_1_0_synth_1/prj/sol/.autopilot/db/v_frmbuf_wr.cpp:1077]   --->   Operation 120 'select' 'remainPix_6' <Predicate = true> <Delay = 0.45> <CoreInst = "Sel">   --->   Core 73 'Sel' <Latency = 0> <II = 1> <Delay = 0.48> <FuncUnit> <Opcode : 'select'> <InPorts = 3> <OutPorts = 1>
ST_2 : Operation 121 [1/1] (0.26ns)   --->   "%remainTrx = select i1 %icmp_ln1077, i2 3, i2 %trunc_ln2" [C:/TFG_Vivado/vivado/axu2cga_trd.runs/design_1_v_frmbuf_wr_1_0_synth_1/prj/sol/.autopilot/db/v_frmbuf_wr.cpp:1077]   --->   Operation 121 'select' 'remainTrx' <Predicate = true> <Delay = 0.26> <CoreInst = "Sel">   --->   Core 73 'Sel' <Latency = 0> <II = 1> <Delay = 0.26> <FuncUnit> <Opcode : 'select'> <InPorts = 3> <OutPorts = 1>
ST_2 : Operation 122 [1/1] (0.92ns)   --->   "%add_ln1095 = add i9 %trunc_ln1, i9 511" [C:/TFG_Vivado/vivado/axu2cga_trd.runs/design_1_v_frmbuf_wr_1_0_synth_1/prj/sol/.autopilot/db/v_frmbuf_wr.cpp:1095]   --->   Operation 122 'add' 'add_ln1095' <Predicate = true> <Delay = 0.92> <CoreInst = "Adder">   --->   Core 1 'Adder' <Latency = 0> <II = 1> <Delay = 0.92> <FuncUnit> <Opcode : 'add' 'sub'> <InPorts = 2> <OutPorts = 1>
ST_2 : Operation 123 [1/1] (0.86ns)   --->   "%icmp_ln1095 = icmp_ne  i4 %remainPix_6, i4 0" [C:/TFG_Vivado/vivado/axu2cga_trd.runs/design_1_v_frmbuf_wr_1_0_synth_1/prj/sol/.autopilot/db/v_frmbuf_wr.cpp:1095]   --->   Operation 123 'icmp' 'icmp_ln1095' <Predicate = true> <Delay = 0.86> <CoreInst = "Cmp">   --->   Core 9 'Cmp' <Latency = 0> <II = 1> <Delay = 0.86> <FuncUnit> <Opcode : 'seteq' 'setne' 'setle' 'setge' 'setlt' 'setgt'> <InPorts = 2> <OutPorts = 1>
ST_2 : Operation 124 [1/1] (0.00ns)   --->   "%tmp_11 = partselect i3 @_ssdm_op_PartSelect.i3.i4.i32.i32, i4 %remainPix_6, i32 1, i32 3" [C:/TFG_Vivado/vivado/axu2cga_trd.runs/design_1_v_frmbuf_wr_1_0_synth_1/prj/sol/.autopilot/db/v_frmbuf_wr.cpp:1095]   --->   Operation 124 'partselect' 'tmp_11' <Predicate = true> <Delay = 0.00>
ST_2 : Operation 125 [1/1] (0.74ns)   --->   "%icmp_ln1095_3 = icmp_ne  i3 %tmp_11, i3 0" [C:/TFG_Vivado/vivado/axu2cga_trd.runs/design_1_v_frmbuf_wr_1_0_synth_1/prj/sol/.autopilot/db/v_frmbuf_wr.cpp:1095]   --->   Operation 125 'icmp' 'icmp_ln1095_3' <Predicate = true> <Delay = 0.74> <CoreInst = "Cmp">   --->   Core 9 'Cmp' <Latency = 0> <II = 1> <Delay = 0.74> <FuncUnit> <Opcode : 'seteq' 'setne' 'setle' 'setge' 'setlt' 'setgt'> <InPorts = 2> <OutPorts = 1>
ST_2 : Operation 126 [1/1] (0.86ns)   --->   "%icmp_ln1095_2 = icmp_ugt  i4 %remainPix_6, i4 2" [C:/TFG_Vivado/vivado/axu2cga_trd.runs/design_1_v_frmbuf_wr_1_0_synth_1/prj/sol/.autopilot/db/v_frmbuf_wr.cpp:1095]   --->   Operation 126 'icmp' 'icmp_ln1095_2' <Predicate = true> <Delay = 0.86> <CoreInst = "Cmp">   --->   Core 9 'Cmp' <Latency = 0> <II = 1> <Delay = 0.86> <FuncUnit> <Opcode : 'seteq' 'setne' 'setle' 'setge' 'setlt' 'setgt'> <InPorts = 2> <OutPorts = 1>
ST_2 : Operation 127 [1/1] (0.00ns)   --->   "%tmp_12 = partselect i2 @_ssdm_op_PartSelect.i2.i4.i32.i32, i4 %remainPix_6, i32 2, i32 3" [C:/TFG_Vivado/vivado/axu2cga_trd.runs/design_1_v_frmbuf_wr_1_0_synth_1/prj/sol/.autopilot/db/v_frmbuf_wr.cpp:1095]   --->   Operation 127 'partselect' 'tmp_12' <Predicate = true> <Delay = 0.00>
ST_2 : Operation 128 [1/1] (0.62ns)   --->   "%icmp_ln1095_7 = icmp_ne  i2 %tmp_12, i2 0" [C:/TFG_Vivado/vivado/axu2cga_trd.runs/design_1_v_frmbuf_wr_1_0_synth_1/prj/sol/.autopilot/db/v_frmbuf_wr.cpp:1095]   --->   Operation 128 'icmp' 'icmp_ln1095_7' <Predicate = true> <Delay = 0.62> <CoreInst = "Cmp">   --->   Core 9 'Cmp' <Latency = 0> <II = 1> <Delay = 0.62> <FuncUnit> <Opcode : 'seteq' 'setne' 'setle' 'setge' 'setlt' 'setgt'> <InPorts = 2> <OutPorts = 1>
ST_2 : Operation 129 [1/1] (0.86ns)   --->   "%icmp_ln1095_4 = icmp_ugt  i4 %remainPix_6, i4 4" [C:/TFG_Vivado/vivado/axu2cga_trd.runs/design_1_v_frmbuf_wr_1_0_synth_1/prj/sol/.autopilot/db/v_frmbuf_wr.cpp:1095]   --->   Operation 129 'icmp' 'icmp_ln1095_4' <Predicate = true> <Delay = 0.86> <CoreInst = "Cmp">   --->   Core 9 'Cmp' <Latency = 0> <II = 1> <Delay = 0.86> <FuncUnit> <Opcode : 'seteq' 'setne' 'setle' 'setge' 'setlt' 'setgt'> <InPorts = 2> <OutPorts = 1>
ST_2 : Operation 130 [1/1] (0.86ns)   --->   "%icmp_ln1095_5 = icmp_ugt  i4 %remainPix_6, i4 5" [C:/TFG_Vivado/vivado/axu2cga_trd.runs/design_1_v_frmbuf_wr_1_0_synth_1/prj/sol/.autopilot/db/v_frmbuf_wr.cpp:1095]   --->   Operation 130 'icmp' 'icmp_ln1095_5' <Predicate = true> <Delay = 0.86> <CoreInst = "Cmp">   --->   Core 9 'Cmp' <Latency = 0> <II = 1> <Delay = 0.86> <FuncUnit> <Opcode : 'seteq' 'setne' 'setle' 'setge' 'setlt' 'setgt'> <InPorts = 2> <OutPorts = 1>
ST_2 : Operation 131 [1/1] (0.86ns)   --->   "%icmp_ln1095_6 = icmp_ugt  i4 %remainPix_6, i4 6" [C:/TFG_Vivado/vivado/axu2cga_trd.runs/design_1_v_frmbuf_wr_1_0_synth_1/prj/sol/.autopilot/db/v_frmbuf_wr.cpp:1095]   --->   Operation 131 'icmp' 'icmp_ln1095_6' <Predicate = true> <Delay = 0.86> <CoreInst = "Cmp">   --->   Core 9 'Cmp' <Latency = 0> <II = 1> <Delay = 0.86> <FuncUnit> <Opcode : 'seteq' 'setne' 'setle' 'setge' 'setlt' 'setgt'> <InPorts = 2> <OutPorts = 1>
ST_2 : Operation 132 [1/1] (0.00ns)   --->   "%tmp_13 = bitselect i1 @_ssdm_op_BitSelect.i1.i2.i32, i2 %remainTrx, i32 1" [C:/TFG_Vivado/vivado/axu2cga_trd.runs/design_1_v_frmbuf_wr_1_0_synth_1/prj/sol/.autopilot/db/v_frmbuf_wr.cpp:1110]   --->   Operation 132 'bitselect' 'tmp_13' <Predicate = true> <Delay = 0.00>
ST_2 : Operation 133 [1/1] (0.62ns)   --->   "%icmp_ln1110 = icmp_eq  i2 %remainTrx, i2 3" [C:/TFG_Vivado/vivado/axu2cga_trd.runs/design_1_v_frmbuf_wr_1_0_synth_1/prj/sol/.autopilot/db/v_frmbuf_wr.cpp:1110]   --->   Operation 133 'icmp' 'icmp_ln1110' <Predicate = true> <Delay = 0.62> <CoreInst = "Cmp">   --->   Core 9 'Cmp' <Latency = 0> <II = 1> <Delay = 0.62> <FuncUnit> <Opcode : 'seteq' 'setne' 'setle' 'setge' 'setlt' 'setgt'> <InPorts = 2> <OutPorts = 1>
ST_2 : Operation 134 [1/1] (0.00ns)   --->   "%br_ln1086 = br void %VITIS_LOOP_1090_11" [C:/TFG_Vivado/vivado/axu2cga_trd.runs/design_1_v_frmbuf_wr_1_0_synth_1/prj/sol/.autopilot/db/v_frmbuf_wr.cpp:1086]   --->   Operation 134 'br' 'br_ln1086' <Predicate = true> <Delay = 0.00>

State 3 <SV = 2> <Delay = 1.43>
ST_3 : Operation 135 [1/1] (0.00ns)   --->   "%y_10 = load i11 %y_3" [C:/TFG_Vivado/vivado/axu2cga_trd.runs/design_1_v_frmbuf_wr_1_0_synth_1/prj/sol/.autopilot/db/v_frmbuf_wr.cpp:1086]   --->   Operation 135 'load' 'y_10' <Predicate = (VideoFormat_val_read == 20) | (VideoFormat_val_read == 21)> <Delay = 0.00>
ST_3 : Operation 136 [1/1] (0.94ns)   --->   "%icmp_ln1086 = icmp_eq  i11 %y_10, i11 %Height_val_read" [C:/TFG_Vivado/vivado/axu2cga_trd.runs/design_1_v_frmbuf_wr_1_0_synth_1/prj/sol/.autopilot/db/v_frmbuf_wr.cpp:1086]   --->   Operation 136 'icmp' 'icmp_ln1086' <Predicate = (VideoFormat_val_read == 20) | (VideoFormat_val_read == 21)> <Delay = 0.94> <CoreInst = "Cmp">   --->   Core 9 'Cmp' <Latency = 0> <II = 1> <Delay = 0.94> <FuncUnit> <Opcode : 'seteq' 'setne' 'setle' 'setge' 'setlt' 'setgt'> <InPorts = 2> <OutPorts = 1>
ST_3 : Operation 137 [1/1] (0.00ns)   --->   "%speclooptripcount_ln0 = speclooptripcount void @_ssdm_op_SpecLoopTripCount, i64 64, i64 1080, i64 0"   --->   Operation 137 'speclooptripcount' 'speclooptripcount_ln0' <Predicate = (VideoFormat_val_read == 20) | (VideoFormat_val_read == 21)> <Delay = 0.00>
ST_3 : Operation 138 [1/1] (0.94ns)   --->   "%y_11 = add i11 %y_10, i11 1" [C:/TFG_Vivado/vivado/axu2cga_trd.runs/design_1_v_frmbuf_wr_1_0_synth_1/prj/sol/.autopilot/db/v_frmbuf_wr.cpp:1086]   --->   Operation 138 'add' 'y_11' <Predicate = (VideoFormat_val_read == 20) | (VideoFormat_val_read == 21)> <Delay = 0.94> <CoreInst = "Adder">   --->   Core 1 'Adder' <Latency = 0> <II = 1> <Delay = 0.94> <FuncUnit> <Opcode : 'add' 'sub'> <InPorts = 2> <OutPorts = 1>
ST_3 : Operation 139 [1/1] (0.00ns)   --->   "%br_ln1086 = br i1 %icmp_ln1086, void %VITIS_LOOP_1093_12.lr.ph, void %if.end496.loopexit" [C:/TFG_Vivado/vivado/axu2cga_trd.runs/design_1_v_frmbuf_wr_1_0_synth_1/prj/sol/.autopilot/db/v_frmbuf_wr.cpp:1086]   --->   Operation 139 'br' 'br_ln1086' <Predicate = (VideoFormat_val_read == 20) | (VideoFormat_val_read == 21)> <Delay = 0.00>
ST_3 : Operation 140 [1/1] (0.00ns)   --->   "%pix_24_load = load i8 %pix_24"   --->   Operation 140 'load' 'pix_24_load' <Predicate = (VideoFormat_val_read == 20 & !icmp_ln1086) | (VideoFormat_val_read == 21 & !icmp_ln1086)> <Delay = 0.00>
ST_3 : Operation 141 [1/1] (0.00ns)   --->   "%pix_25_load = load i8 %pix_25"   --->   Operation 141 'load' 'pix_25_load' <Predicate = (VideoFormat_val_read == 20 & !icmp_ln1086) | (VideoFormat_val_read == 21 & !icmp_ln1086)> <Delay = 0.00>
ST_3 : Operation 142 [1/1] (0.00ns)   --->   "%pix_26_load = load i8 %pix_26"   --->   Operation 142 'load' 'pix_26_load' <Predicate = (VideoFormat_val_read == 20 & !icmp_ln1086) | (VideoFormat_val_read == 21 & !icmp_ln1086)> <Delay = 0.00>
ST_3 : Operation 143 [1/1] (0.00ns)   --->   "%pix_27_load = load i8 %pix_27"   --->   Operation 143 'load' 'pix_27_load' <Predicate = (VideoFormat_val_read == 20 & !icmp_ln1086) | (VideoFormat_val_read == 21 & !icmp_ln1086)> <Delay = 0.00>
ST_3 : Operation 144 [1/1] (0.00ns)   --->   "%pix_28_load = load i8 %pix_28"   --->   Operation 144 'load' 'pix_28_load' <Predicate = (VideoFormat_val_read == 20 & !icmp_ln1086) | (VideoFormat_val_read == 21 & !icmp_ln1086)> <Delay = 0.00>
ST_3 : Operation 145 [1/1] (0.00ns)   --->   "%pix_29_load = load i8 %pix_29"   --->   Operation 145 'load' 'pix_29_load' <Predicate = (VideoFormat_val_read == 20 & !icmp_ln1086) | (VideoFormat_val_read == 21 & !icmp_ln1086)> <Delay = 0.00>
ST_3 : Operation 146 [1/1] (0.48ns)   --->   "%store_ln1086 = store i11 %y_11, i11 %y_3" [C:/TFG_Vivado/vivado/axu2cga_trd.runs/design_1_v_frmbuf_wr_1_0_synth_1/prj/sol/.autopilot/db/v_frmbuf_wr.cpp:1086]   --->   Operation 146 'store' 'store_ln1086' <Predicate = (VideoFormat_val_read == 20 & !icmp_ln1086) | (VideoFormat_val_read == 21 & !icmp_ln1086)> <Delay = 0.48>
ST_3 : Operation 147 [1/1] (0.00ns)   --->   "%br_ln0 = br void %if.end496"   --->   Operation 147 'br' 'br_ln0' <Predicate = (VideoFormat_val_read == 20 & icmp_ln1086) | (VideoFormat_val_read == 21 & icmp_ln1086)> <Delay = 0.00>
ST_3 : Operation 148 [1/1] (0.00ns)   --->   "%br_ln0 = br void %if.end497"   --->   Operation 148 'br' 'br_ln0' <Predicate = (VideoFormat_val_read != 43 & VideoFormat_val_read != 42 & VideoFormat_val_read != 44 & VideoFormat_val_read != 41 & VideoFormat_val_read != 11 & VideoFormat_val_read != 10 & VideoFormat_val_read != 27 & VideoFormat_val_read != 16 & VideoFormat_val_read != 15 & VideoFormat_val_read != 12 & VideoFormat_val_read != 28 & VideoFormat_val_read != 19 & VideoFormat_val_read != 18 & VideoFormat_val_read != 23 & VideoFormat_val_read != 22 & VideoFormat_val_read != 33 & VideoFormat_val_read != 32 & VideoFormat_val_read != 38 & VideoFormat_val_read != 37 & icmp_ln1086) | (VideoFormat_val_read != 43 & VideoFormat_val_read != 42 & VideoFormat_val_read != 44 & VideoFormat_val_read != 41 & VideoFormat_val_read != 11 & VideoFormat_val_read != 10 & VideoFormat_val_read != 27 & VideoFormat_val_read != 16 & VideoFormat_val_read != 15 & VideoFormat_val_read != 12 & VideoFormat_val_read != 28 & VideoFormat_val_read != 19 & VideoFormat_val_read != 18 & VideoFormat_val_read != 23 & VideoFormat_val_read != 22 & VideoFormat_val_read != 33 & VideoFormat_val_read != 32 & VideoFormat_val_read != 38 & VideoFormat_val_read != 37 & VideoFormat_val_read != 21 & VideoFormat_val_read != 20)> <Delay = 0.00>
ST_3 : Operation 149 [1/1] (0.00ns)   --->   "%br_ln0 = br void %if.end498"   --->   Operation 149 'br' 'br_ln0' <Predicate = (VideoFormat_val_read != 43 & VideoFormat_val_read != 42 & VideoFormat_val_read != 44 & VideoFormat_val_read != 41 & VideoFormat_val_read != 11 & VideoFormat_val_read != 10 & VideoFormat_val_read != 27 & VideoFormat_val_read != 16 & VideoFormat_val_read != 15 & VideoFormat_val_read != 12 & VideoFormat_val_read != 28 & VideoFormat_val_read != 19 & VideoFormat_val_read != 18 & VideoFormat_val_read != 23 & VideoFormat_val_read != 22 & VideoFormat_val_read != 33 & VideoFormat_val_read != 32 & icmp_ln1086) | (VideoFormat_val_read != 43 & VideoFormat_val_read != 42 & VideoFormat_val_read != 44 & VideoFormat_val_read != 41 & VideoFormat_val_read != 11 & VideoFormat_val_read != 10 & VideoFormat_val_read != 27 & VideoFormat_val_read != 16 & VideoFormat_val_read != 15 & VideoFormat_val_read != 12 & VideoFormat_val_read != 28 & VideoFormat_val_read != 19 & VideoFormat_val_read != 18 & VideoFormat_val_read != 23 & VideoFormat_val_read != 22 & VideoFormat_val_read != 33 & VideoFormat_val_read != 32 & VideoFormat_val_read != 21 & VideoFormat_val_read != 20) | (VideoFormat_val_read == 37) | (VideoFormat_val_read == 38)> <Delay = 0.00>
ST_3 : Operation 150 [1/1] (0.00ns)   --->   "%br_ln0 = br void %if.end499"   --->   Operation 150 'br' 'br_ln0' <Predicate = (VideoFormat_val_read != 43 & VideoFormat_val_read != 42 & VideoFormat_val_read != 44 & VideoFormat_val_read != 41 & VideoFormat_val_read != 11 & VideoFormat_val_read != 10 & VideoFormat_val_read != 27 & VideoFormat_val_read != 16 & VideoFormat_val_read != 15 & VideoFormat_val_read != 12 & VideoFormat_val_read != 28 & VideoFormat_val_read != 19 & VideoFormat_val_read != 18 & VideoFormat_val_read != 23 & VideoFormat_val_read != 22 & icmp_ln1086) | (VideoFormat_val_read != 43 & VideoFormat_val_read != 42 & VideoFormat_val_read != 44 & VideoFormat_val_read != 41 & VideoFormat_val_read != 11 & VideoFormat_val_read != 10 & VideoFormat_val_read != 27 & VideoFormat_val_read != 16 & VideoFormat_val_read != 15 & VideoFormat_val_read != 12 & VideoFormat_val_read != 28 & VideoFormat_val_read != 19 & VideoFormat_val_read != 18 & VideoFormat_val_read != 23 & VideoFormat_val_read != 22 & VideoFormat_val_read != 21 & VideoFormat_val_read != 20) | (VideoFormat_val_read == 37) | (VideoFormat_val_read == 38) | (VideoFormat_val_read == 32) | (VideoFormat_val_read == 33)> <Delay = 0.00>
ST_3 : Operation 151 [1/1] (0.00ns)   --->   "%br_ln0 = br void %if.end500"   --->   Operation 151 'br' 'br_ln0' <Predicate = (VideoFormat_val_read != 43 & VideoFormat_val_read != 42 & VideoFormat_val_read != 44 & VideoFormat_val_read != 41 & VideoFormat_val_read != 11 & VideoFormat_val_read != 10 & VideoFormat_val_read != 27 & VideoFormat_val_read != 16 & VideoFormat_val_read != 15 & VideoFormat_val_read != 12 & VideoFormat_val_read != 28 & VideoFormat_val_read != 19 & VideoFormat_val_read != 18 & icmp_ln1086) | (VideoFormat_val_read != 43 & VideoFormat_val_read != 42 & VideoFormat_val_read != 44 & VideoFormat_val_read != 41 & VideoFormat_val_read != 11 & VideoFormat_val_read != 10 & VideoFormat_val_read != 27 & VideoFormat_val_read != 16 & VideoFormat_val_read != 15 & VideoFormat_val_read != 12 & VideoFormat_val_read != 28 & VideoFormat_val_read != 19 & VideoFormat_val_read != 18 & VideoFormat_val_read != 21 & VideoFormat_val_read != 20) | (VideoFormat_val_read == 37) | (VideoFormat_val_read == 38) | (VideoFormat_val_read == 32) | (VideoFormat_val_read == 33) | (VideoFormat_val_read == 22) | (VideoFormat_val_read == 23)> <Delay = 0.00>
ST_3 : Operation 152 [1/1] (0.00ns)   --->   "%br_ln0 = br void %if.end501"   --->   Operation 152 'br' 'br_ln0' <Predicate = (VideoFormat_val_read != 43 & VideoFormat_val_read != 42 & VideoFormat_val_read != 44 & VideoFormat_val_read != 41 & VideoFormat_val_read != 11 & VideoFormat_val_read != 10 & VideoFormat_val_read != 27 & VideoFormat_val_read != 16 & VideoFormat_val_read != 15 & VideoFormat_val_read != 12 & VideoFormat_val_read != 28 & icmp_ln1086) | (VideoFormat_val_read != 43 & VideoFormat_val_read != 42 & VideoFormat_val_read != 44 & VideoFormat_val_read != 41 & VideoFormat_val_read != 11 & VideoFormat_val_read != 10 & VideoFormat_val_read != 27 & VideoFormat_val_read != 16 & VideoFormat_val_read != 15 & VideoFormat_val_read != 12 & VideoFormat_val_read != 28 & VideoFormat_val_read != 21 & VideoFormat_val_read != 20) | (VideoFormat_val_read == 37) | (VideoFormat_val_read == 38) | (VideoFormat_val_read == 32) | (VideoFormat_val_read == 33) | (VideoFormat_val_read == 22) | (VideoFormat_val_read == 23) | (VideoFormat_val_read == 18) | (VideoFormat_val_read == 19)> <Delay = 0.00>
ST_3 : Operation 153 [1/1] (0.00ns)   --->   "%br_ln0 = br void %if.end502"   --->   Operation 153 'br' 'br_ln0' <Predicate = (VideoFormat_val_read != 43 & VideoFormat_val_read != 42 & VideoFormat_val_read != 44 & VideoFormat_val_read != 41 & VideoFormat_val_read != 11 & VideoFormat_val_read != 10 & VideoFormat_val_read != 27 & VideoFormat_val_read != 16 & VideoFormat_val_read != 15 & VideoFormat_val_read != 12 & icmp_ln1086) | (VideoFormat_val_read != 43 & VideoFormat_val_read != 42 & VideoFormat_val_read != 44 & VideoFormat_val_read != 41 & VideoFormat_val_read != 11 & VideoFormat_val_read != 10 & VideoFormat_val_read != 27 & VideoFormat_val_read != 16 & VideoFormat_val_read != 15 & VideoFormat_val_read != 12 & VideoFormat_val_read != 21 & VideoFormat_val_read != 20) | (VideoFormat_val_read == 37) | (VideoFormat_val_read == 38) | (VideoFormat_val_read == 32) | (VideoFormat_val_read == 33) | (VideoFormat_val_read == 22) | (VideoFormat_val_read == 23) | (VideoFormat_val_read == 18) | (VideoFormat_val_read == 19) | (VideoFormat_val_read == 28)> <Delay = 0.00>
ST_3 : Operation 154 [1/1] (0.00ns)   --->   "%br_ln0 = br void %if.end503"   --->   Operation 154 'br' 'br_ln0' <Predicate = (VideoFormat_val_read != 43 & VideoFormat_val_read != 42 & VideoFormat_val_read != 44 & VideoFormat_val_read != 41 & VideoFormat_val_read != 11 & VideoFormat_val_read != 10 & VideoFormat_val_read != 27 & VideoFormat_val_read != 16 & VideoFormat_val_read != 15 & icmp_ln1086) | (VideoFormat_val_read != 43 & VideoFormat_val_read != 42 & VideoFormat_val_read != 44 & VideoFormat_val_read != 41 & VideoFormat_val_read != 11 & VideoFormat_val_read != 10 & VideoFormat_val_read != 27 & VideoFormat_val_read != 16 & VideoFormat_val_read != 15 & VideoFormat_val_read != 21 & VideoFormat_val_read != 20) | (VideoFormat_val_read == 37) | (VideoFormat_val_read == 38) | (VideoFormat_val_read == 32) | (VideoFormat_val_read == 33) | (VideoFormat_val_read == 22) | (VideoFormat_val_read == 23) | (VideoFormat_val_read == 18) | (VideoFormat_val_read == 19) | (VideoFormat_val_read == 28) | (VideoFormat_val_read == 12)> <Delay = 0.00>
ST_3 : Operation 155 [1/1] (0.00ns)   --->   "%br_ln0 = br void %if.end504"   --->   Operation 155 'br' 'br_ln0' <Predicate = (VideoFormat_val_read != 43 & VideoFormat_val_read != 42 & VideoFormat_val_read != 44 & VideoFormat_val_read != 41 & VideoFormat_val_read != 11 & VideoFormat_val_read != 10 & VideoFormat_val_read != 27 & icmp_ln1086) | (VideoFormat_val_read != 43 & VideoFormat_val_read != 42 & VideoFormat_val_read != 44 & VideoFormat_val_read != 41 & VideoFormat_val_read != 11 & VideoFormat_val_read != 10 & VideoFormat_val_read != 27 & VideoFormat_val_read != 21 & VideoFormat_val_read != 20) | (VideoFormat_val_read == 37) | (VideoFormat_val_read == 38) | (VideoFormat_val_read == 32) | (VideoFormat_val_read == 33) | (VideoFormat_val_read == 22) | (VideoFormat_val_read == 23) | (VideoFormat_val_read == 18) | (VideoFormat_val_read == 19) | (VideoFormat_val_read == 28) | (VideoFormat_val_read == 12) | (VideoFormat_val_read == 15) | (VideoFormat_val_read == 16)> <Delay = 0.00>
ST_3 : Operation 156 [1/1] (0.00ns)   --->   "%br_ln0 = br void %if.end505"   --->   Operation 156 'br' 'br_ln0' <Predicate = (VideoFormat_val_read != 43 & VideoFormat_val_read != 42 & VideoFormat_val_read != 44 & VideoFormat_val_read != 41 & VideoFormat_val_read != 11 & VideoFormat_val_read != 10 & icmp_ln1086) | (VideoFormat_val_read != 43 & VideoFormat_val_read != 42 & VideoFormat_val_read != 44 & VideoFormat_val_read != 41 & VideoFormat_val_read != 11 & VideoFormat_val_read != 10 & VideoFormat_val_read != 21 & VideoFormat_val_read != 20) | (VideoFormat_val_read == 37) | (VideoFormat_val_read == 38) | (VideoFormat_val_read == 32) | (VideoFormat_val_read == 33) | (VideoFormat_val_read == 22) | (VideoFormat_val_read == 23) | (VideoFormat_val_read == 18) | (VideoFormat_val_read == 19) | (VideoFormat_val_read == 28) | (VideoFormat_val_read == 12) | (VideoFormat_val_read == 15) | (VideoFormat_val_read == 16) | (VideoFormat_val_read == 27)> <Delay = 0.00>
ST_3 : Operation 157 [1/1] (0.00ns)   --->   "%br_ln0 = br void %if.end506"   --->   Operation 157 'br' 'br_ln0' <Predicate = (VideoFormat_val_read != 43 & VideoFormat_val_read != 42 & VideoFormat_val_read != 44 & VideoFormat_val_read != 41 & icmp_ln1086) | (VideoFormat_val_read != 43 & VideoFormat_val_read != 42 & VideoFormat_val_read != 44 & VideoFormat_val_read != 41 & VideoFormat_val_read != 21 & VideoFormat_val_read != 20) | (VideoFormat_val_read == 37) | (VideoFormat_val_read == 38) | (VideoFormat_val_read == 32) | (VideoFormat_val_read == 33) | (VideoFormat_val_read == 22) | (VideoFormat_val_read == 23) | (VideoFormat_val_read == 18) | (VideoFormat_val_read == 19) | (VideoFormat_val_read == 28) | (VideoFormat_val_read == 12) | (VideoFormat_val_read == 15) | (VideoFormat_val_read == 16) | (VideoFormat_val_read == 27) | (VideoFormat_val_read == 10) | (VideoFormat_val_read == 11)> <Delay = 0.00>
ST_3 : Operation 158 [1/1] (0.00ns)   --->   "%br_ln0 = br void %if.end507"   --->   Operation 158 'br' 'br_ln0' <Predicate = (VideoFormat_val_read != 43 & VideoFormat_val_read != 42 & VideoFormat_val_read != 44 & icmp_ln1086) | (VideoFormat_val_read != 43 & VideoFormat_val_read != 42 & VideoFormat_val_read != 44 & VideoFormat_val_read != 21 & VideoFormat_val_read != 20) | (VideoFormat_val_read == 37) | (VideoFormat_val_read == 38) | (VideoFormat_val_read == 32) | (VideoFormat_val_read == 33) | (VideoFormat_val_read == 22) | (VideoFormat_val_read == 23) | (VideoFormat_val_read == 18) | (VideoFormat_val_read == 19) | (VideoFormat_val_read == 28) | (VideoFormat_val_read == 12) | (VideoFormat_val_read == 15) | (VideoFormat_val_read == 16) | (VideoFormat_val_read == 27) | (VideoFormat_val_read == 10) | (VideoFormat_val_read == 11) | (VideoFormat_val_read == 41)> <Delay = 0.00>
ST_3 : Operation 159 [1/1] (0.00ns)   --->   "%br_ln0 = br void %if.end508"   --->   Operation 159 'br' 'br_ln0' <Predicate = (VideoFormat_val_read != 43 & VideoFormat_val_read != 42 & icmp_ln1086) | (VideoFormat_val_read != 43 & VideoFormat_val_read != 42 & VideoFormat_val_read != 21 & VideoFormat_val_read != 20) | (VideoFormat_val_read == 37) | (VideoFormat_val_read == 38) | (VideoFormat_val_read == 32) | (VideoFormat_val_read == 33) | (VideoFormat_val_read == 22) | (VideoFormat_val_read == 23) | (VideoFormat_val_read == 18) | (VideoFormat_val_read == 19) | (VideoFormat_val_read == 28) | (VideoFormat_val_read == 12) | (VideoFormat_val_read == 15) | (VideoFormat_val_read == 16) | (VideoFormat_val_read == 27) | (VideoFormat_val_read == 10) | (VideoFormat_val_read == 11) | (VideoFormat_val_read == 41) | (VideoFormat_val_read == 44)> <Delay = 0.00>
ST_3 : Operation 160 [1/1] (0.00ns)   --->   "%br_ln0 = br void %if.end509"   --->   Operation 160 'br' 'br_ln0' <Predicate = (VideoFormat_val_read != 43 & icmp_ln1086) | (VideoFormat_val_read != 43 & VideoFormat_val_read != 21 & VideoFormat_val_read != 20) | (VideoFormat_val_read == 37) | (VideoFormat_val_read == 38) | (VideoFormat_val_read == 32) | (VideoFormat_val_read == 33) | (VideoFormat_val_read == 22) | (VideoFormat_val_read == 23) | (VideoFormat_val_read == 18) | (VideoFormat_val_read == 19) | (VideoFormat_val_read == 28) | (VideoFormat_val_read == 12) | (VideoFormat_val_read == 15) | (VideoFormat_val_read == 16) | (VideoFormat_val_read == 27) | (VideoFormat_val_read == 10) | (VideoFormat_val_read == 11) | (VideoFormat_val_read == 41) | (VideoFormat_val_read == 44) | (VideoFormat_val_read == 42)> <Delay = 0.00>
ST_3 : Operation 161 [1/1] (0.00ns)   --->   "%ret_ln1516 = ret" [C:/TFG_Vivado/vivado/axu2cga_trd.runs/design_1_v_frmbuf_wr_1_0_synth_1/prj/sol/.autopilot/db/v_frmbuf_wr.cpp:1516]   --->   Operation 161 'ret' 'ret_ln1516' <Predicate = (icmp_ln1086) | (VideoFormat_val_read != 21 & VideoFormat_val_read != 20) | (VideoFormat_val_read == 37) | (VideoFormat_val_read == 38) | (VideoFormat_val_read == 32) | (VideoFormat_val_read == 33) | (VideoFormat_val_read == 22) | (VideoFormat_val_read == 23) | (VideoFormat_val_read == 18) | (VideoFormat_val_read == 19) | (VideoFormat_val_read == 28) | (VideoFormat_val_read == 12) | (VideoFormat_val_read == 15) | (VideoFormat_val_read == 16) | (VideoFormat_val_read == 27) | (VideoFormat_val_read == 10) | (VideoFormat_val_read == 11) | (VideoFormat_val_read == 41) | (VideoFormat_val_read == 44) | (VideoFormat_val_read == 42) | (VideoFormat_val_read == 43)> <Delay = 0.00>

State 4 <SV = 3> <Delay = 1.74>
ST_4 : Operation 162 [2/2] (1.74ns)   --->   "%call_ln1074 = call void @MultiPixStream2Bytes_Pipeline_VITIS_LOOP_1090_11, i8 %pix_29_load, i8 %pix_28_load, i8 %pix_27_load, i8 %pix_26_load, i8 %pix_25_load, i8 %pix_24_load, i8 %trunc_ln1_cast, i1 %icmp_ln1110, i128 %bytePlanes_plane0, i1 %tmp_13, i1 %icmp_ln1077, i1 %icmp_ln1095_6, i1 %icmp_ln1095_5, i1 %icmp_ln1095_4, i1 %icmp_ln1095_7, i1 %icmp_ln1095_2, i1 %icmp_ln1095_3, i9 %add_ln1095, i1 %icmp_ln1095, i48 %img, i8 %pix_29, i8 %pix_28, i8 %pix_27, i8 %pix_26, i8 %pix_25, i8 %pix_24" [C:/TFG_Vivado/vivado/axu2cga_trd.runs/design_1_v_frmbuf_wr_1_0_synth_1/prj/sol/.autopilot/db/v_frmbuf_wr.cpp:1074]   --->   Operation 162 'call' 'call_ln1074' <Predicate = true> <Delay = 1.74> <CoreType = "Generic">   --->   Generic Core

State 5 <SV = 4> <Delay = 0.00>
ST_5 : Operation 163 [1/1] (0.00ns)   --->   "%specloopname_ln1086 = specloopname void @_ssdm_op_SpecLoopName, void @empty_33" [C:/TFG_Vivado/vivado/axu2cga_trd.runs/design_1_v_frmbuf_wr_1_0_synth_1/prj/sol/.autopilot/db/v_frmbuf_wr.cpp:1086]   --->   Operation 163 'specloopname' 'specloopname_ln1086' <Predicate = true> <Delay = 0.00>
ST_5 : Operation 164 [1/2] (0.00ns)   --->   "%call_ln1074 = call void @MultiPixStream2Bytes_Pipeline_VITIS_LOOP_1090_11, i8 %pix_29_load, i8 %pix_28_load, i8 %pix_27_load, i8 %pix_26_load, i8 %pix_25_load, i8 %pix_24_load, i8 %trunc_ln1_cast, i1 %icmp_ln1110, i128 %bytePlanes_plane0, i1 %tmp_13, i1 %icmp_ln1077, i1 %icmp_ln1095_6, i1 %icmp_ln1095_5, i1 %icmp_ln1095_4, i1 %icmp_ln1095_7, i1 %icmp_ln1095_2, i1 %icmp_ln1095_3, i9 %add_ln1095, i1 %icmp_ln1095, i48 %img, i8 %pix_29, i8 %pix_28, i8 %pix_27, i8 %pix_26, i8 %pix_25, i8 %pix_24" [C:/TFG_Vivado/vivado/axu2cga_trd.runs/design_1_v_frmbuf_wr_1_0_synth_1/prj/sol/.autopilot/db/v_frmbuf_wr.cpp:1074]   --->   Operation 164 'call' 'call_ln1074' <Predicate = true> <Delay = 0.00> <CoreType = "Generic">   --->   Generic Core
ST_5 : Operation 165 [1/1] (0.00ns)   --->   "%br_ln1086 = br void %VITIS_LOOP_1090_11" [C:/TFG_Vivado/vivado/axu2cga_trd.runs/design_1_v_frmbuf_wr_1_0_synth_1/prj/sol/.autopilot/db/v_frmbuf_wr.cpp:1086]   --->   Operation 165 'br' 'br_ln1086' <Predicate = true> <Delay = 0.00>

State 6 <SV = 1> <Delay = 1.43>
ST_6 : Operation 166 [1/1] (0.00ns)   --->   "%y_8 = load i11 %y_2" [C:/TFG_Vivado/vivado/axu2cga_trd.runs/design_1_v_frmbuf_wr_1_0_synth_1/prj/sol/.autopilot/db/v_frmbuf_wr.cpp:900]   --->   Operation 166 'load' 'y_8' <Predicate = true> <Delay = 0.00>
ST_6 : Operation 167 [1/1] (0.94ns)   --->   "%icmp_ln900 = icmp_eq  i11 %y_8, i11 %Height_val_read" [C:/TFG_Vivado/vivado/axu2cga_trd.runs/design_1_v_frmbuf_wr_1_0_synth_1/prj/sol/.autopilot/db/v_frmbuf_wr.cpp:900]   --->   Operation 167 'icmp' 'icmp_ln900' <Predicate = true> <Delay = 0.94> <CoreInst = "Cmp">   --->   Core 9 'Cmp' <Latency = 0> <II = 1> <Delay = 0.94> <FuncUnit> <Opcode : 'seteq' 'setne' 'setle' 'setge' 'setlt' 'setgt'> <InPorts = 2> <OutPorts = 1>
ST_6 : Operation 168 [1/1] (0.00ns)   --->   "%speclooptripcount_ln0 = speclooptripcount void @_ssdm_op_SpecLoopTripCount, i64 64, i64 1080, i64 0"   --->   Operation 168 'speclooptripcount' 'speclooptripcount_ln0' <Predicate = true> <Delay = 0.00>
ST_6 : Operation 169 [1/1] (0.94ns)   --->   "%y_9 = add i11 %y_8, i11 1" [C:/TFG_Vivado/vivado/axu2cga_trd.runs/design_1_v_frmbuf_wr_1_0_synth_1/prj/sol/.autopilot/db/v_frmbuf_wr.cpp:900]   --->   Operation 169 'add' 'y_9' <Predicate = true> <Delay = 0.94> <CoreInst = "Adder">   --->   Core 1 'Adder' <Latency = 0> <II = 1> <Delay = 0.94> <FuncUnit> <Opcode : 'add' 'sub'> <InPorts = 2> <OutPorts = 1>
ST_6 : Operation 170 [1/1] (0.00ns)   --->   "%br_ln900 = br i1 %icmp_ln900, void %VITIS_LOOP_904_8.split, void %if.end500.loopexit" [C:/TFG_Vivado/vivado/axu2cga_trd.runs/design_1_v_frmbuf_wr_1_0_synth_1/prj/sol/.autopilot/db/v_frmbuf_wr.cpp:900]   --->   Operation 170 'br' 'br_ln900' <Predicate = true> <Delay = 0.00>
ST_6 : Operation 171 [1/1] (0.00ns)   --->   "%pix_8_load = load i8 %pix_8"   --->   Operation 171 'load' 'pix_8_load' <Predicate = (!icmp_ln900)> <Delay = 0.00>
ST_6 : Operation 172 [1/1] (0.00ns)   --->   "%pix_9_load = load i8 %pix_9"   --->   Operation 172 'load' 'pix_9_load' <Predicate = (!icmp_ln900)> <Delay = 0.00>
ST_6 : Operation 173 [1/1] (0.00ns)   --->   "%pix_10_load = load i8 %pix_10"   --->   Operation 173 'load' 'pix_10_load' <Predicate = (!icmp_ln900)> <Delay = 0.00>
ST_6 : Operation 174 [1/1] (0.00ns)   --->   "%pix_11_load = load i8 %pix_11"   --->   Operation 174 'load' 'pix_11_load' <Predicate = (!icmp_ln900)> <Delay = 0.00>
ST_6 : Operation 175 [1/1] (0.00ns)   --->   "%trunc_ln900 = trunc i11 %y_8" [C:/TFG_Vivado/vivado/axu2cga_trd.runs/design_1_v_frmbuf_wr_1_0_synth_1/prj/sol/.autopilot/db/v_frmbuf_wr.cpp:900]   --->   Operation 175 'trunc' 'trunc_ln900' <Predicate = (!icmp_ln900)> <Delay = 0.00>
ST_6 : Operation 176 [1/1] (0.48ns)   --->   "%store_ln900 = store i11 %y_9, i11 %y_2" [C:/TFG_Vivado/vivado/axu2cga_trd.runs/design_1_v_frmbuf_wr_1_0_synth_1/prj/sol/.autopilot/db/v_frmbuf_wr.cpp:900]   --->   Operation 176 'store' 'store_ln900' <Predicate = (!icmp_ln900)> <Delay = 0.48>
ST_6 : Operation 177 [1/1] (0.00ns)   --->   "%br_ln0 = br void %if.end500"   --->   Operation 177 'br' 'br_ln0' <Predicate = (icmp_ln900)> <Delay = 0.00>

State 7 <SV = 2> <Delay = 1.76>
ST_7 : Operation 178 [2/2] (1.76ns)   --->   "%call_ln888 = call void @MultiPixStream2Bytes_Pipeline_VITIS_LOOP_904_8, i8 %pix_11_load, i8 %pix_10_load, i8 %pix_9_load, i8 %pix_8_load, i10 %loopWidth_2, i128 %bytePlanes_plane1, i128 %bytePlanes_plane0, i5 %empty, i1 %trunc_ln900, i1 %icmp_ln892, i1 %icmp_ln909_6, i1 %icmp_ln909_5, i1 %icmp_ln909_4, i1 %icmp_ln909_7, i1 %icmp_ln909_2, i1 %icmp_ln909_3, i11 %add_ln909, i1 %icmp_ln909, i48 %img, i8 %pix_11, i8 %pix_10, i8 %pix_9, i8 %pix_8" [C:/TFG_Vivado/vivado/axu2cga_trd.runs/design_1_v_frmbuf_wr_1_0_synth_1/prj/sol/.autopilot/db/v_frmbuf_wr.cpp:888]   --->   Operation 178 'call' 'call_ln888' <Predicate = true> <Delay = 1.76> <CoreType = "Generic">   --->   Generic Core

State 8 <SV = 3> <Delay = 0.00>
ST_8 : Operation 179 [1/1] (0.00ns)   --->   "%specloopname_ln900 = specloopname void @_ssdm_op_SpecLoopName, void @empty_21" [C:/TFG_Vivado/vivado/axu2cga_trd.runs/design_1_v_frmbuf_wr_1_0_synth_1/prj/sol/.autopilot/db/v_frmbuf_wr.cpp:900]   --->   Operation 179 'specloopname' 'specloopname_ln900' <Predicate = true> <Delay = 0.00>
ST_8 : Operation 180 [1/2] (0.00ns)   --->   "%call_ln888 = call void @MultiPixStream2Bytes_Pipeline_VITIS_LOOP_904_8, i8 %pix_11_load, i8 %pix_10_load, i8 %pix_9_load, i8 %pix_8_load, i10 %loopWidth_2, i128 %bytePlanes_plane1, i128 %bytePlanes_plane0, i5 %empty, i1 %trunc_ln900, i1 %icmp_ln892, i1 %icmp_ln909_6, i1 %icmp_ln909_5, i1 %icmp_ln909_4, i1 %icmp_ln909_7, i1 %icmp_ln909_2, i1 %icmp_ln909_3, i11 %add_ln909, i1 %icmp_ln909, i48 %img, i8 %pix_11, i8 %pix_10, i8 %pix_9, i8 %pix_8" [C:/TFG_Vivado/vivado/axu2cga_trd.runs/design_1_v_frmbuf_wr_1_0_synth_1/prj/sol/.autopilot/db/v_frmbuf_wr.cpp:888]   --->   Operation 180 'call' 'call_ln888' <Predicate = true> <Delay = 0.00> <CoreType = "Generic">   --->   Generic Core
ST_8 : Operation 181 [1/1] (0.00ns)   --->   "%br_ln900 = br void %VITIS_LOOP_904_8" [C:/TFG_Vivado/vivado/axu2cga_trd.runs/design_1_v_frmbuf_wr_1_0_synth_1/prj/sol/.autopilot/db/v_frmbuf_wr.cpp:900]   --->   Operation 181 'br' 'br_ln900' <Predicate = true> <Delay = 0.00>

State 9 <SV = 1> <Delay = 1.43>
ST_9 : Operation 182 [1/1] (0.00ns)   --->   "%y_6 = load i11 %y_1" [C:/TFG_Vivado/vivado/axu2cga_trd.runs/design_1_v_frmbuf_wr_1_0_synth_1/prj/sol/.autopilot/db/v_frmbuf_wr.cpp:859]   --->   Operation 182 'load' 'y_6' <Predicate = true> <Delay = 0.00>
ST_9 : Operation 183 [1/1] (0.94ns)   --->   "%icmp_ln859 = icmp_eq  i11 %y_6, i11 %Height_val_read" [C:/TFG_Vivado/vivado/axu2cga_trd.runs/design_1_v_frmbuf_wr_1_0_synth_1/prj/sol/.autopilot/db/v_frmbuf_wr.cpp:859]   --->   Operation 183 'icmp' 'icmp_ln859' <Predicate = true> <Delay = 0.94> <CoreInst = "Cmp">   --->   Core 9 'Cmp' <Latency = 0> <II = 1> <Delay = 0.94> <FuncUnit> <Opcode : 'seteq' 'setne' 'setle' 'setge' 'setlt' 'setgt'> <InPorts = 2> <OutPorts = 1>
ST_9 : Operation 184 [1/1] (0.00ns)   --->   "%speclooptripcount_ln0 = speclooptripcount void @_ssdm_op_SpecLoopTripCount, i64 64, i64 1080, i64 0"   --->   Operation 184 'speclooptripcount' 'speclooptripcount_ln0' <Predicate = true> <Delay = 0.00>
ST_9 : Operation 185 [1/1] (0.94ns)   --->   "%y_7 = add i11 %y_6, i11 1" [C:/TFG_Vivado/vivado/axu2cga_trd.runs/design_1_v_frmbuf_wr_1_0_synth_1/prj/sol/.autopilot/db/v_frmbuf_wr.cpp:859]   --->   Operation 185 'add' 'y_7' <Predicate = true> <Delay = 0.94> <CoreInst = "Adder">   --->   Core 1 'Adder' <Latency = 0> <II = 1> <Delay = 0.94> <FuncUnit> <Opcode : 'add' 'sub'> <InPorts = 2> <OutPorts = 1>
ST_9 : Operation 186 [1/1] (0.00ns)   --->   "%br_ln859 = br i1 %icmp_ln859, void %VITIS_LOOP_866_6.lr.ph, void %if.end501.loopexit" [C:/TFG_Vivado/vivado/axu2cga_trd.runs/design_1_v_frmbuf_wr_1_0_synth_1/prj/sol/.autopilot/db/v_frmbuf_wr.cpp:859]   --->   Operation 186 'br' 'br_ln859' <Predicate = true> <Delay = 0.00>
ST_9 : Operation 187 [1/1] (0.00ns)   --->   "%pix_4_load = load i8 %pix_4"   --->   Operation 187 'load' 'pix_4_load' <Predicate = (!icmp_ln859)> <Delay = 0.00>
ST_9 : Operation 188 [1/1] (0.00ns)   --->   "%pix_5_load = load i8 %pix_5"   --->   Operation 188 'load' 'pix_5_load' <Predicate = (!icmp_ln859)> <Delay = 0.00>
ST_9 : Operation 189 [1/1] (0.00ns)   --->   "%pix_6_load = load i8 %pix_6"   --->   Operation 189 'load' 'pix_6_load' <Predicate = (!icmp_ln859)> <Delay = 0.00>
ST_9 : Operation 190 [1/1] (0.00ns)   --->   "%pix_7_load = load i8 %pix_7"   --->   Operation 190 'load' 'pix_7_load' <Predicate = (!icmp_ln859)> <Delay = 0.00>
ST_9 : Operation 191 [1/1] (0.48ns)   --->   "%store_ln859 = store i11 %y_7, i11 %y_1" [C:/TFG_Vivado/vivado/axu2cga_trd.runs/design_1_v_frmbuf_wr_1_0_synth_1/prj/sol/.autopilot/db/v_frmbuf_wr.cpp:859]   --->   Operation 191 'store' 'store_ln859' <Predicate = (!icmp_ln859)> <Delay = 0.48>
ST_9 : Operation 192 [1/1] (0.00ns)   --->   "%br_ln0 = br void %if.end501"   --->   Operation 192 'br' 'br_ln0' <Predicate = (icmp_ln859)> <Delay = 0.00>

State 10 <SV = 2> <Delay = 1.76>
ST_10 : Operation 193 [2/2] (1.76ns)   --->   "%call_ln847 = call void @MultiPixStream2Bytes_Pipeline_VITIS_LOOP_863_5, i8 %pix_7_load, i8 %pix_6_load, i8 %pix_5_load, i8 %pix_4_load, i10 %loopWidth_1, i128 %bytePlanes_plane0, i1 %icmp_ln851, i1 %icmp_ln868_2, i1 %icmp_ln868_3, i11 %add_ln868, i1 %icmp_ln868, i48 %img, i8 %pix_7, i8 %pix_6, i8 %pix_5, i8 %pix_4" [C:/TFG_Vivado/vivado/axu2cga_trd.runs/design_1_v_frmbuf_wr_1_0_synth_1/prj/sol/.autopilot/db/v_frmbuf_wr.cpp:847]   --->   Operation 193 'call' 'call_ln847' <Predicate = true> <Delay = 1.76> <CoreType = "Generic">   --->   Generic Core

State 11 <SV = 3> <Delay = 0.00>
ST_11 : Operation 194 [1/1] (0.00ns)   --->   "%specloopname_ln859 = specloopname void @_ssdm_op_SpecLoopName, void @empty_19" [C:/TFG_Vivado/vivado/axu2cga_trd.runs/design_1_v_frmbuf_wr_1_0_synth_1/prj/sol/.autopilot/db/v_frmbuf_wr.cpp:859]   --->   Operation 194 'specloopname' 'specloopname_ln859' <Predicate = true> <Delay = 0.00>
ST_11 : Operation 195 [1/2] (0.00ns)   --->   "%call_ln847 = call void @MultiPixStream2Bytes_Pipeline_VITIS_LOOP_863_5, i8 %pix_7_load, i8 %pix_6_load, i8 %pix_5_load, i8 %pix_4_load, i10 %loopWidth_1, i128 %bytePlanes_plane0, i1 %icmp_ln851, i1 %icmp_ln868_2, i1 %icmp_ln868_3, i11 %add_ln868, i1 %icmp_ln868, i48 %img, i8 %pix_7, i8 %pix_6, i8 %pix_5, i8 %pix_4" [C:/TFG_Vivado/vivado/axu2cga_trd.runs/design_1_v_frmbuf_wr_1_0_synth_1/prj/sol/.autopilot/db/v_frmbuf_wr.cpp:847]   --->   Operation 195 'call' 'call_ln847' <Predicate = true> <Delay = 0.00> <CoreType = "Generic">   --->   Generic Core
ST_11 : Operation 196 [1/1] (0.00ns)   --->   "%br_ln859 = br void %VITIS_LOOP_863_5" [C:/TFG_Vivado/vivado/axu2cga_trd.runs/design_1_v_frmbuf_wr_1_0_synth_1/prj/sol/.autopilot/db/v_frmbuf_wr.cpp:859]   --->   Operation 196 'br' 'br_ln859' <Predicate = true> <Delay = 0.00>

State 12 <SV = 1> <Delay = 1.43>
ST_12 : Operation 197 [1/1] (0.00ns)   --->   "%y_4 = load i11 %y" [C:/TFG_Vivado/vivado/axu2cga_trd.runs/design_1_v_frmbuf_wr_1_0_synth_1/prj/sol/.autopilot/db/v_frmbuf_wr.cpp:817]   --->   Operation 197 'load' 'y_4' <Predicate = true> <Delay = 0.00>
ST_12 : Operation 198 [1/1] (0.94ns)   --->   "%icmp_ln817 = icmp_eq  i11 %y_4, i11 %Height_val_read" [C:/TFG_Vivado/vivado/axu2cga_trd.runs/design_1_v_frmbuf_wr_1_0_synth_1/prj/sol/.autopilot/db/v_frmbuf_wr.cpp:817]   --->   Operation 198 'icmp' 'icmp_ln817' <Predicate = true> <Delay = 0.94> <CoreInst = "Cmp">   --->   Core 9 'Cmp' <Latency = 0> <II = 1> <Delay = 0.94> <FuncUnit> <Opcode : 'seteq' 'setne' 'setle' 'setge' 'setlt' 'setgt'> <InPorts = 2> <OutPorts = 1>
ST_12 : Operation 199 [1/1] (0.00ns)   --->   "%speclooptripcount_ln0 = speclooptripcount void @_ssdm_op_SpecLoopTripCount, i64 64, i64 1080, i64 0"   --->   Operation 199 'speclooptripcount' 'speclooptripcount_ln0' <Predicate = true> <Delay = 0.00>
ST_12 : Operation 200 [1/1] (0.94ns)   --->   "%y_5 = add i11 %y_4, i11 1" [C:/TFG_Vivado/vivado/axu2cga_trd.runs/design_1_v_frmbuf_wr_1_0_synth_1/prj/sol/.autopilot/db/v_frmbuf_wr.cpp:817]   --->   Operation 200 'add' 'y_5' <Predicate = true> <Delay = 0.94> <CoreInst = "Adder">   --->   Core 1 'Adder' <Latency = 0> <II = 1> <Delay = 0.94> <FuncUnit> <Opcode : 'add' 'sub'> <InPorts = 2> <OutPorts = 1>
ST_12 : Operation 201 [1/1] (0.00ns)   --->   "%br_ln817 = br i1 %icmp_ln817, void %VITIS_LOOP_824_2.lr.ph, void %if.end502.loopexit" [C:/TFG_Vivado/vivado/axu2cga_trd.runs/design_1_v_frmbuf_wr_1_0_synth_1/prj/sol/.autopilot/db/v_frmbuf_wr.cpp:817]   --->   Operation 201 'br' 'br_ln817' <Predicate = true> <Delay = 0.00>
ST_12 : Operation 202 [1/1] (0.00ns)   --->   "%pix_load = load i8 %pix"   --->   Operation 202 'load' 'pix_load' <Predicate = (!icmp_ln817)> <Delay = 0.00>
ST_12 : Operation 203 [1/1] (0.00ns)   --->   "%pix_1_load = load i8 %pix_1"   --->   Operation 203 'load' 'pix_1_load' <Predicate = (!icmp_ln817)> <Delay = 0.00>
ST_12 : Operation 204 [1/1] (0.00ns)   --->   "%pix_2_load = load i8 %pix_2"   --->   Operation 204 'load' 'pix_2_load' <Predicate = (!icmp_ln817)> <Delay = 0.00>
ST_12 : Operation 205 [1/1] (0.00ns)   --->   "%pix_3_load = load i8 %pix_3"   --->   Operation 205 'load' 'pix_3_load' <Predicate = (!icmp_ln817)> <Delay = 0.00>
ST_12 : Operation 206 [1/1] (0.48ns)   --->   "%store_ln817 = store i11 %y_5, i11 %y" [C:/TFG_Vivado/vivado/axu2cga_trd.runs/design_1_v_frmbuf_wr_1_0_synth_1/prj/sol/.autopilot/db/v_frmbuf_wr.cpp:817]   --->   Operation 206 'store' 'store_ln817' <Predicate = (!icmp_ln817)> <Delay = 0.48>
ST_12 : Operation 207 [1/1] (0.00ns)   --->   "%br_ln0 = br void %if.end502"   --->   Operation 207 'br' 'br_ln0' <Predicate = (icmp_ln817)> <Delay = 0.00>

State 13 <SV = 2> <Delay = 1.76>
ST_13 : Operation 208 [2/2] (1.76ns)   --->   "%call_ln805 = call void @MultiPixStream2Bytes_Pipeline_VITIS_LOOP_821_1, i8 %pix_3_load, i8 %pix_2_load, i8 %pix_1_load, i8 %pix_load, i10 %trunc_ln805_1, i128 %bytePlanes_plane0, i1 %icmp_ln809, i1 %icmp_ln826_2, i1 %icmp_ln826_3, i11 %add_ln826, i1 %icmp_ln826, i48 %img, i8 %pix_3, i8 %pix_2, i8 %pix_1, i8 %pix" [C:/TFG_Vivado/vivado/axu2cga_trd.runs/design_1_v_frmbuf_wr_1_0_synth_1/prj/sol/.autopilot/db/v_frmbuf_wr.cpp:805]   --->   Operation 208 'call' 'call_ln805' <Predicate = true> <Delay = 1.76> <CoreType = "Generic">   --->   Generic Core

State 14 <SV = 3> <Delay = 0.00>
ST_14 : Operation 209 [1/1] (0.00ns)   --->   "%specloopname_ln817 = specloopname void @_ssdm_op_SpecLoopName, void @empty_17" [C:/TFG_Vivado/vivado/axu2cga_trd.runs/design_1_v_frmbuf_wr_1_0_synth_1/prj/sol/.autopilot/db/v_frmbuf_wr.cpp:817]   --->   Operation 209 'specloopname' 'specloopname_ln817' <Predicate = true> <Delay = 0.00>
ST_14 : Operation 210 [1/2] (0.00ns)   --->   "%call_ln805 = call void @MultiPixStream2Bytes_Pipeline_VITIS_LOOP_821_1, i8 %pix_3_load, i8 %pix_2_load, i8 %pix_1_load, i8 %pix_load, i10 %trunc_ln805_1, i128 %bytePlanes_plane0, i1 %icmp_ln809, i1 %icmp_ln826_2, i1 %icmp_ln826_3, i11 %add_ln826, i1 %icmp_ln826, i48 %img, i8 %pix_3, i8 %pix_2, i8 %pix_1, i8 %pix" [C:/TFG_Vivado/vivado/axu2cga_trd.runs/design_1_v_frmbuf_wr_1_0_synth_1/prj/sol/.autopilot/db/v_frmbuf_wr.cpp:805]   --->   Operation 210 'call' 'call_ln805' <Predicate = true> <Delay = 0.00> <CoreType = "Generic">   --->   Generic Core
ST_14 : Operation 211 [1/1] (0.00ns)   --->   "%br_ln817 = br void %VITIS_LOOP_821_1" [C:/TFG_Vivado/vivado/axu2cga_trd.runs/design_1_v_frmbuf_wr_1_0_synth_1/prj/sol/.autopilot/db/v_frmbuf_wr.cpp:817]   --->   Operation 211 'br' 'br_ln817' <Predicate = true> <Delay = 0.00>


============================================================
+ Verbose Summary: Binding
============================================================
STG Binding: 
---------------- STG Properties BEGIN ----------------
- Is combinational: 0
- Is one-state seq: 0
- Is datapath-only: 0
- Is pipelined: 0
- Is top level: 0
Port [ Return ] is wired: 1; IO mode=ap_ctrl_hs:ce=0
Port [ img]:  wired=1; compound=1; hidden=0; nouse=0; global=0; static=0; extern=0; dir=0; type=3; pingpong=0; private_global=0; IO mode=ap_fifo:ce=0
Port [ bytePlanes_plane0]:  wired=1; compound=1; hidden=0; nouse=0; global=0; static=0; extern=0; dir=1; type=3; pingpong=0; private_global=0; IO mode=ap_fifo:ce=0
Port [ bytePlanes_plane1]:  wired=1; compound=1; hidden=0; nouse=0; global=0; static=0; extern=0; dir=1; type=3; pingpong=0; private_global=0; IO mode=ap_fifo:ce=0
Port [ Height_val]:  wired=1; compound=0; hidden=0; nouse=0; global=0; static=0; extern=0; dir=0; type=0; pingpong=0; private_global=0; IO mode=ap_stable:ce=0
Port [ WidthInPix_val]:  wired=1; compound=0; hidden=0; nouse=0; global=0; static=0; extern=0; dir=0; type=0; pingpong=0; private_global=0; IO mode=ap_stable:ce=0
Port [ WidthInBytes_val]:  wired=1; compound=0; hidden=0; nouse=0; global=0; static=0; extern=0; dir=0; type=0; pingpong=0; private_global=0; IO mode=ap_stable:ce=0
Port [ VideoFormat_val]:  wired=1; compound=0; hidden=0; nouse=0; global=0; static=0; extern=0; dir=0; type=0; pingpong=0; private_global=0; IO mode=ap_stable:ce=0
---------------- STG Properties END ------------------

---------------- Datapath Model BEGIN ----------------

<LifeTime>
<method=bitvector/>
VideoFormat_val_read  (read             ) [ 011111111111111]
WidthInBytes_val_read (read             ) [ 000000000000000]
WidthInPix_val_read   (read             ) [ 000000000000000]
Height_val_read       (read             ) [ 001111111111111]
empty                 (trunc            ) [ 000000111000000]
specstablecontent_ln0 (specstablecontent) [ 000000000000000]
specstablecontent_ln0 (specstablecontent) [ 000000000000000]
specstablecontent_ln0 (specstablecontent) [ 000000000000000]
specstablecontent_ln0 (specstablecontent) [ 000000000000000]
specmemcore_ln0       (specmemcore      ) [ 000000000000000]
specmemcore_ln0       (specmemcore      ) [ 000000000000000]
specinterface_ln0     (specinterface    ) [ 000000000000000]
specinterface_ln0     (specinterface    ) [ 000000000000000]
specinterface_ln0     (specinterface    ) [ 000000000000000]
switch_ln432          (switch           ) [ 000000000000000]
y_3                   (alloca           ) [ 011111111111111]
pix_24                (alloca           ) [ 001111111111111]
pix_25                (alloca           ) [ 001111111111111]
pix_26                (alloca           ) [ 001111111111111]
pix_27                (alloca           ) [ 001111111111111]
pix_28                (alloca           ) [ 001111111111111]
pix_29                (alloca           ) [ 001111111111111]
add_ln1072            (add              ) [ 000000000000000]
trunc_ln              (partselect       ) [ 000000000000000]
add_ln1073            (add              ) [ 001000000000000]
remPix                (trunc            ) [ 000000000000000]
icmp_ln1077           (icmp             ) [ 001111111111111]
lshr_ln1              (partselect       ) [ 001000000000000]
p_shl                 (bitconcatenate   ) [ 000000000000000]
tmp_10                (bitconcatenate   ) [ 000000000000000]
zext_ln1081           (zext             ) [ 000000000000000]
sub_ln1081            (sub              ) [ 000000000000000]
add_ln1081            (add              ) [ 000000000000000]
trunc_ln2             (partselect       ) [ 001000000000000]
store_ln1086          (store            ) [ 000000000000000]
y_2                   (alloca           ) [ 010000111000000]
pix_8                 (alloca           ) [ 000000111000000]
pix_9                 (alloca           ) [ 000000111000000]
pix_10                (alloca           ) [ 000000111000000]
pix_11                (alloca           ) [ 000000111000000]
remainPix_4           (trunc            ) [ 000000000000000]
add_ln888             (add              ) [ 000000000000000]
loopWidth_2           (partselect       ) [ 000000111000000]
zext_ln888            (zext             ) [ 000000000000000]
icmp_ln892            (icmp             ) [ 000000111000000]
lshr_ln               (partselect       ) [ 000000000000000]
zext_ln894            (zext             ) [ 000000000000000]
remainPix_5           (select           ) [ 000000000000000]
add_ln909             (add              ) [ 000000111000000]
icmp_ln909            (icmp             ) [ 000000111000000]
tmp_8                 (partselect       ) [ 000000000000000]
icmp_ln909_3          (icmp             ) [ 000000111000000]
icmp_ln909_2          (icmp             ) [ 000000111000000]
tmp_9                 (partselect       ) [ 000000000000000]
icmp_ln909_7          (icmp             ) [ 000000111000000]
icmp_ln909_4          (icmp             ) [ 000000111000000]
icmp_ln909_5          (icmp             ) [ 000000111000000]
icmp_ln909_6          (icmp             ) [ 000000111000000]
store_ln900           (store            ) [ 000000000000000]
br_ln900              (br               ) [ 000000000000000]
y_1                   (alloca           ) [ 010000000111000]
pix_4                 (alloca           ) [ 000000000111000]
pix_5                 (alloca           ) [ 000000000111000]
pix_6                 (alloca           ) [ 000000000111000]
pix_7                 (alloca           ) [ 000000000111000]
add_ln847             (add              ) [ 000000000000000]
loopWidth_1           (partselect       ) [ 000000000111000]
zext_ln847            (zext             ) [ 000000000000000]
remainPix_2           (partselect       ) [ 000000000000000]
icmp_ln851            (icmp             ) [ 000000000111000]
tmp_5                 (partselect       ) [ 000000000000000]
zext_ln853            (zext             ) [ 000000000000000]
remainPix_3           (select           ) [ 000000000000000]
add_ln868             (add              ) [ 000000000111000]
icmp_ln868            (icmp             ) [ 000000000111000]
tmp_7                 (partselect       ) [ 000000000000000]
icmp_ln868_3          (icmp             ) [ 000000000111000]
icmp_ln868_2          (icmp             ) [ 000000000111000]
store_ln859           (store            ) [ 000000000000000]
br_ln859              (br               ) [ 000000000000000]
y                     (alloca           ) [ 010000000000111]
pix                   (alloca           ) [ 000000000000111]
pix_1                 (alloca           ) [ 000000000000111]
pix_2                 (alloca           ) [ 000000000000111]
pix_3                 (alloca           ) [ 000000000000111]
add_ln805             (add              ) [ 000000000000000]
trunc_ln805_1         (partselect       ) [ 000000000000111]
zext_ln805            (zext             ) [ 000000000000000]
remainPix             (partselect       ) [ 000000000000000]
icmp_ln809            (icmp             ) [ 000000000000111]
tmp_3                 (partselect       ) [ 000000000000000]
zext_ln811            (zext             ) [ 000000000000000]
remainPix_1           (select           ) [ 000000000000000]
add_ln826             (add              ) [ 000000000000111]
icmp_ln826            (icmp             ) [ 000000000000111]
tmp_6                 (partselect       ) [ 000000000000000]
icmp_ln826_3          (icmp             ) [ 000000000000111]
icmp_ln826_2          (icmp             ) [ 000000000000111]
store_ln817           (store            ) [ 000000000000000]
br_ln817              (br               ) [ 000000000000000]
zext_ln1073           (zext             ) [ 000000000000000]
mul_ln1073            (mul              ) [ 000000000000000]
trunc_ln1             (partselect       ) [ 000000000000000]
trunc_ln1_cast        (partselect       ) [ 000111000000000]
zext_ln1079           (zext             ) [ 000000000000000]
remainPix_6           (select           ) [ 000000000000000]
remainTrx             (select           ) [ 000000000000000]
add_ln1095            (add              ) [ 000111000000000]
icmp_ln1095           (icmp             ) [ 000111000000000]
tmp_11                (partselect       ) [ 000000000000000]
icmp_ln1095_3         (icmp             ) [ 000111000000000]
icmp_ln1095_2         (icmp             ) [ 000111000000000]
tmp_12                (partselect       ) [ 000000000000000]
icmp_ln1095_7         (icmp             ) [ 000111000000000]
icmp_ln1095_4         (icmp             ) [ 000111000000000]
icmp_ln1095_5         (icmp             ) [ 000111000000000]
icmp_ln1095_6         (icmp             ) [ 000111000000000]
tmp_13                (bitselect        ) [ 000111000000000]
icmp_ln1110           (icmp             ) [ 000111000000000]
br_ln1086             (br               ) [ 000000000000000]
y_10                  (load             ) [ 000000000000000]
icmp_ln1086           (icmp             ) [ 000111000000000]
speclooptripcount_ln0 (speclooptripcount) [ 000000000000000]
y_11                  (add              ) [ 000000000000000]
br_ln1086             (br               ) [ 000000000000000]
pix_24_load           (load             ) [ 000011000000000]
pix_25_load           (load             ) [ 000011000000000]
pix_26_load           (load             ) [ 000011000000000]
pix_27_load           (load             ) [ 000011000000000]
pix_28_load           (load             ) [ 000011000000000]
pix_29_load           (load             ) [ 000011000000000]
store_ln1086          (store            ) [ 000000000000000]
br_ln0                (br               ) [ 000000000000000]
br_ln0                (br               ) [ 000000000000000]
br_ln0                (br               ) [ 000000000000000]
br_ln0                (br               ) [ 000000000000000]
br_ln0                (br               ) [ 000000000000000]
br_ln0                (br               ) [ 000000000000000]
br_ln0                (br               ) [ 000000000000000]
br_ln0                (br               ) [ 000000000000000]
br_ln0                (br               ) [ 000000000000000]
br_ln0                (br               ) [ 000000000000000]
br_ln0                (br               ) [ 000000000000000]
br_ln0                (br               ) [ 000000000000000]
br_ln0                (br               ) [ 000000000000000]
br_ln0                (br               ) [ 000000000000000]
ret_ln1516            (ret              ) [ 000000000000000]
specloopname_ln1086   (specloopname     ) [ 000000000000000]
call_ln1074           (call             ) [ 000000000000000]
br_ln1086             (br               ) [ 000000000000000]
y_8                   (load             ) [ 000000000000000]
icmp_ln900            (icmp             ) [ 000000111000000]
speclooptripcount_ln0 (speclooptripcount) [ 000000000000000]
y_9                   (add              ) [ 000000000000000]
br_ln900              (br               ) [ 000000000000000]
pix_8_load            (load             ) [ 000000011000000]
pix_9_load            (load             ) [ 000000011000000]
pix_10_load           (load             ) [ 000000011000000]
pix_11_load           (load             ) [ 000000011000000]
trunc_ln900           (trunc            ) [ 000000011000000]
store_ln900           (store            ) [ 000000000000000]
br_ln0                (br               ) [ 000000000000000]
specloopname_ln900    (specloopname     ) [ 000000000000000]
call_ln888            (call             ) [ 000000000000000]
br_ln900              (br               ) [ 000000000000000]
y_6                   (load             ) [ 000000000000000]
icmp_ln859            (icmp             ) [ 000000000111000]
speclooptripcount_ln0 (speclooptripcount) [ 000000000000000]
y_7                   (add              ) [ 000000000000000]
br_ln859              (br               ) [ 000000000000000]
pix_4_load            (load             ) [ 000000000011000]
pix_5_load            (load             ) [ 000000000011000]
pix_6_load            (load             ) [ 000000000011000]
pix_7_load            (load             ) [ 000000000011000]
store_ln859           (store            ) [ 000000000000000]
br_ln0                (br               ) [ 000000000000000]
specloopname_ln859    (specloopname     ) [ 000000000000000]
call_ln847            (call             ) [ 000000000000000]
br_ln859              (br               ) [ 000000000000000]
y_4                   (load             ) [ 000000000000000]
icmp_ln817            (icmp             ) [ 000000000000111]
speclooptripcount_ln0 (speclooptripcount) [ 000000000000000]
y_5                   (add              ) [ 000000000000000]
br_ln817              (br               ) [ 000000000000000]
pix_load              (load             ) [ 000000000000011]
pix_1_load            (load             ) [ 000000000000011]
pix_2_load            (load             ) [ 000000000000011]
pix_3_load            (load             ) [ 000000000000011]
store_ln817           (store            ) [ 000000000000000]
br_ln0                (br               ) [ 000000000000000]
specloopname_ln817    (specloopname     ) [ 000000000000000]
call_ln805            (call             ) [ 000000000000000]
br_ln817              (br               ) [ 000000000000000]
</LifeTime>

<model>

<comp_list>
<comp id="0" class="1000" name="img">
<pin_list>
<pin id="1" dir="1" index="0" bw="1" slack="0"/>
</pin_list>
<bind>
<StgValue><ssdm name="img"/></StgValue>
</bind>
</comp>

<comp id="2" class="1000" name="bytePlanes_plane0">
<pin_list>
<pin id="3" dir="1" index="0" bw="1" slack="0"/>
</pin_list>
<bind>
<StgValue><ssdm name="bytePlanes_plane0"/></StgValue>
</bind>
</comp>

<comp id="4" class="1000" name="bytePlanes_plane1">
<pin_list>
<pin id="5" dir="1" index="0" bw="1" slack="0"/>
</pin_list>
<bind>
<StgValue><ssdm name="bytePlanes_plane1"/></StgValue>
</bind>
</comp>

<comp id="6" class="1000" name="Height_val">
<pin_list>
<pin id="7" dir="1" index="0" bw="1" slack="0"/>
</pin_list>
<bind>
<StgValue><ssdm name="Height_val"/></StgValue>
</bind>
</comp>

<comp id="8" class="1000" name="WidthInPix_val">
<pin_list>
<pin id="9" dir="1" index="0" bw="1" slack="0"/>
</pin_list>
<bind>
<StgValue><ssdm name="WidthInPix_val"/></StgValue>
</bind>
</comp>

<comp id="10" class="1000" name="WidthInBytes_val">
<pin_list>
<pin id="11" dir="1" index="0" bw="1" slack="0"/>
</pin_list>
<bind>
<StgValue><ssdm name="WidthInBytes_val"/></StgValue>
</bind>
</comp>

<comp id="12" class="1000" name="VideoFormat_val">
<pin_list>
<pin id="13" dir="1" index="0" bw="1" slack="0"/>
</pin_list>
<bind>
<StgValue><ssdm name="VideoFormat_val"/></StgValue>
</bind>
</comp>

<comp id="14" class="1001" name="const_14">
<pin_list>
<pin id="15" dir="1" index="0" bw="1" slack="0"/>
</pin_list>
<bind>
<StgValue><ssdm name="_ssdm_op_Read.ap_auto.i6"/></StgValue>
</bind>
</comp>

<comp id="16" class="1001" name="const_16">
<pin_list>
<pin id="17" dir="1" index="0" bw="1" slack="0"/>
</pin_list>
<bind>
<StgValue><ssdm name="_ssdm_op_Read.ap_auto.i14"/></StgValue>
</bind>
</comp>

<comp id="18" class="1001" name="const_18">
<pin_list>
<pin id="19" dir="1" index="0" bw="1" slack="0"/>
</pin_list>
<bind>
<StgValue><ssdm name="_ssdm_op_Read.ap_auto.i11"/></StgValue>
</bind>
</comp>

<comp id="20" class="1001" name="const_20">
<pin_list>
<pin id="21" dir="1" index="0" bw="1" slack="2147483647"/>
</pin_list>
<bind>
<StgValue><ssdm name="_ssdm_op_SpecStableContent"/></StgValue>
</bind>
</comp>

<comp id="22" class="1001" name="const_22">
<pin_list>
<pin id="23" dir="1" index="0" bw="1" slack="2147483647"/>
</pin_list>
<bind>
<StgValue><ssdm name=""/></StgValue>
</bind>
</comp>

<comp id="24" class="1001" name="const_24">
<pin_list>
<pin id="25" dir="1" index="0" bw="1" slack="2147483647"/>
</pin_list>
<bind>
<StgValue><ssdm name="p_str"/></StgValue>
</bind>
</comp>

<comp id="26" class="1001" name="const_26">
<pin_list>
<pin id="27" dir="1" index="0" bw="1" slack="2147483647"/>
</pin_list>
<bind>
<StgValue><ssdm name=""/></StgValue>
</bind>
</comp>

<comp id="28" class="1001" name="const_28">
<pin_list>
<pin id="29" dir="1" index="0" bw="1" slack="2147483647"/>
</pin_list>
<bind>
<StgValue><ssdm name="_ssdm_op_SpecMemCore"/></StgValue>
</bind>
</comp>

<comp id="30" class="1001" name="const_30">
<pin_list>
<pin id="31" dir="1" index="0" bw="1" slack="2147483647"/>
</pin_list>
<bind>
<StgValue><ssdm name=""/></StgValue>
</bind>
</comp>

<comp id="32" class="1001" name="const_32">
<pin_list>
<pin id="33" dir="1" index="0" bw="1" slack="2147483647"/>
</pin_list>
<bind>
<StgValue><ssdm name=""/></StgValue>
</bind>
</comp>

<comp id="34" class="1001" name="const_34">
<pin_list>
<pin id="35" dir="1" index="0" bw="1" slack="2147483647"/>
</pin_list>
<bind>
<StgValue><ssdm name=""/></StgValue>
</bind>
</comp>

<comp id="36" class="1001" name="const_36">
<pin_list>
<pin id="37" dir="1" index="0" bw="1" slack="2147483647"/>
</pin_list>
<bind>
<StgValue><ssdm name=""/></StgValue>
</bind>
</comp>

<comp id="38" class="1001" name="const_38">
<pin_list>
<pin id="39" dir="1" index="0" bw="1" slack="2147483647"/>
</pin_list>
<bind>
<StgValue><ssdm name="_ssdm_op_SpecInterface"/></StgValue>
</bind>
</comp>

<comp id="40" class="1001" name="const_40">
<pin_list>
<pin id="41" dir="1" index="0" bw="1" slack="2147483647"/>
</pin_list>
<bind>
<StgValue><ssdm name="empty_11"/></StgValue>
</bind>
</comp>

<comp id="42" class="1001" name="const_42">
<pin_list>
<pin id="43" dir="1" index="0" bw="1" slack="2147483647"/>
</pin_list>
<bind>
<StgValue><ssdm name=""/></StgValue>
</bind>
</comp>

<comp id="44" class="1001" name="const_44">
<pin_list>
<pin id="45" dir="1" index="0" bw="1" slack="2147483647"/>
</pin_list>
<bind>
<StgValue><ssdm name="empty_29"/></StgValue>
</bind>
</comp>

<comp id="46" class="1001" name="const_46">
<pin_list>
<pin id="47" dir="1" index="0" bw="1" slack="2147483647"/>
</pin_list>
<bind>
<StgValue><ssdm name=""/></StgValue>
</bind>
</comp>

<comp id="48" class="1001" name="const_48">
<pin_list>
<pin id="49" dir="1" index="0" bw="1" slack="0"/>
</pin_list>
<bind>
<StgValue><ssdm name=""/></StgValue>
</bind>
</comp>

<comp id="50" class="1001" name="const_50">
<pin_list>
<pin id="51" dir="1" index="0" bw="1" slack="0"/>
</pin_list>
<bind>
<StgValue><ssdm name=""/></StgValue>
</bind>
</comp>

<comp id="52" class="1001" name="const_52">
<pin_list>
<pin id="53" dir="1" index="0" bw="1" slack="0"/>
</pin_list>
<bind>
<StgValue><ssdm name=""/></StgValue>
</bind>
</comp>

<comp id="54" class="1001" name="const_54">
<pin_list>
<pin id="55" dir="1" index="0" bw="1" slack="0"/>
</pin_list>
<bind>
<StgValue><ssdm name=""/></StgValue>
</bind>
</comp>

<comp id="56" class="1001" name="const_56">
<pin_list>
<pin id="57" dir="1" index="0" bw="1" slack="0"/>
</pin_list>
<bind>
<StgValue><ssdm name=""/></StgValue>
</bind>
</comp>

<comp id="58" class="1001" name="const_58">
<pin_list>
<pin id="59" dir="1" index="0" bw="1" slack="0"/>
</pin_list>
<bind>
<StgValue><ssdm name=""/></StgValue>
</bind>
</comp>

<comp id="60" class="1001" name="const_60">
<pin_list>
<pin id="61" dir="1" index="0" bw="1" slack="0"/>
</pin_list>
<bind>
<StgValue><ssdm name=""/></StgValue>
</bind>
</comp>

<comp id="62" class="1001" name="const_62">
<pin_list>
<pin id="63" dir="1" index="0" bw="1" slack="0"/>
</pin_list>
<bind>
<StgValue><ssdm name=""/></StgValue>
</bind>
</comp>

<comp id="64" class="1001" name="const_64">
<pin_list>
<pin id="65" dir="1" index="0" bw="1" slack="0"/>
</pin_list>
<bind>
<StgValue><ssdm name=""/></StgValue>
</bind>
</comp>

<comp id="66" class="1001" name="const_66">
<pin_list>
<pin id="67" dir="1" index="0" bw="1" slack="0"/>
</pin_list>
<bind>
<StgValue><ssdm name=""/></StgValue>
</bind>
</comp>

<comp id="68" class="1001" name="const_68">
<pin_list>
<pin id="69" dir="1" index="0" bw="1" slack="0"/>
</pin_list>
<bind>
<StgValue><ssdm name=""/></StgValue>
</bind>
</comp>

<comp id="70" class="1001" name="const_70">
<pin_list>
<pin id="71" dir="1" index="0" bw="1" slack="0"/>
</pin_list>
<bind>
<StgValue><ssdm name=""/></StgValue>
</bind>
</comp>

<comp id="72" class="1001" name="const_72">
<pin_list>
<pin id="73" dir="1" index="0" bw="1" slack="0"/>
</pin_list>
<bind>
<StgValue><ssdm name=""/></StgValue>
</bind>
</comp>

<comp id="74" class="1001" name="const_74">
<pin_list>
<pin id="75" dir="1" index="0" bw="1" slack="0"/>
</pin_list>
<bind>
<StgValue><ssdm name=""/></StgValue>
</bind>
</comp>

<comp id="76" class="1001" name="const_76">
<pin_list>
<pin id="77" dir="1" index="0" bw="1" slack="0"/>
</pin_list>
<bind>
<StgValue><ssdm name=""/></StgValue>
</bind>
</comp>

<comp id="78" class="1001" name="const_78">
<pin_list>
<pin id="79" dir="1" index="0" bw="1" slack="0"/>
</pin_list>
<bind>
<StgValue><ssdm name=""/></StgValue>
</bind>
</comp>

<comp id="80" class="1001" name="const_80">
<pin_list>
<pin id="81" dir="1" index="0" bw="1" slack="0"/>
</pin_list>
<bind>
<StgValue><ssdm name=""/></StgValue>
</bind>
</comp>

<comp id="82" class="1001" name="const_82">
<pin_list>
<pin id="83" dir="1" index="0" bw="1" slack="0"/>
</pin_list>
<bind>
<StgValue><ssdm name=""/></StgValue>
</bind>
</comp>

<comp id="84" class="1001" name="const_84">
<pin_list>
<pin id="85" dir="1" index="0" bw="1" slack="0"/>
</pin_list>
<bind>
<StgValue><ssdm name=""/></StgValue>
</bind>
</comp>

<comp id="86" class="1001" name="const_86">
<pin_list>
<pin id="87" dir="1" index="0" bw="1" slack="0"/>
</pin_list>
<bind>
<StgValue><ssdm name=""/></StgValue>
</bind>
</comp>

<comp id="88" class="1001" name="const_88">
<pin_list>
<pin id="89" dir="1" index="0" bw="1" slack="0"/>
</pin_list>
<bind>
<StgValue><ssdm name=""/></StgValue>
</bind>
</comp>

<comp id="90" class="1001" name="const_90">
<pin_list>
<pin id="91" dir="1" index="0" bw="1" slack="0"/>
</pin_list>
<bind>
<StgValue><ssdm name=""/></StgValue>
</bind>
</comp>

<comp id="92" class="1001" name="const_92">
<pin_list>
<pin id="93" dir="1" index="0" bw="1" slack="0"/>
</pin_list>
<bind>
<StgValue><ssdm name=""/></StgValue>
</bind>
</comp>

<comp id="94" class="1001" name="const_94">
<pin_list>
<pin id="95" dir="1" index="0" bw="1" slack="0"/>
</pin_list>
<bind>
<StgValue><ssdm name="_ssdm_op_PartSelect.i10.i14.i32.i32"/></StgValue>
</bind>
</comp>

<comp id="96" class="1001" name="const_96">
<pin_list>
<pin id="97" dir="1" index="0" bw="1" slack="0"/>
</pin_list>
<bind>
<StgValue><ssdm name=""/></StgValue>
</bind>
</comp>

<comp id="98" class="1001" name="const_98">
<pin_list>
<pin id="99" dir="1" index="0" bw="1" slack="0"/>
</pin_list>
<bind>
<StgValue><ssdm name=""/></StgValue>
</bind>
</comp>

<comp id="100" class="1001" name="const_100">
<pin_list>
<pin id="101" dir="1" index="0" bw="1" slack="0"/>
</pin_list>
<bind>
<StgValue><ssdm name=""/></StgValue>
</bind>
</comp>

<comp id="102" class="1001" name="const_102">
<pin_list>
<pin id="103" dir="1" index="0" bw="1" slack="0"/>
</pin_list>
<bind>
<StgValue><ssdm name=""/></StgValue>
</bind>
</comp>

<comp id="104" class="1001" name="const_104">
<pin_list>
<pin id="105" dir="1" index="0" bw="1" slack="0"/>
</pin_list>
<bind>
<StgValue><ssdm name="_ssdm_op_PartSelect.i3.i11.i32.i32"/></StgValue>
</bind>
</comp>

<comp id="106" class="1001" name="const_106">
<pin_list>
<pin id="107" dir="1" index="0" bw="1" slack="0"/>
</pin_list>
<bind>
<StgValue><ssdm name=""/></StgValue>
</bind>
</comp>

<comp id="108" class="1001" name="const_108">
<pin_list>
<pin id="109" dir="1" index="0" bw="1" slack="0"/>
</pin_list>
<bind>
<StgValue><ssdm name="_ssdm_op_BitConcatenate.i9.i4.i5"/></StgValue>
</bind>
</comp>

<comp id="110" class="1001" name="const_110">
<pin_list>
<pin id="111" dir="1" index="0" bw="1" slack="0"/>
</pin_list>
<bind>
<StgValue><ssdm name=""/></StgValue>
</bind>
</comp>

<comp id="112" class="1001" name="const_112">
<pin_list>
<pin id="113" dir="1" index="0" bw="1" slack="0"/>
</pin_list>
<bind>
<StgValue><ssdm name="_ssdm_op_BitConcatenate.i7.i4.i3"/></StgValue>
</bind>
</comp>

<comp id="114" class="1001" name="const_114">
<pin_list>
<pin id="115" dir="1" index="0" bw="1" slack="0"/>
</pin_list>
<bind>
<StgValue><ssdm name=""/></StgValue>
</bind>
</comp>

<comp id="116" class="1001" name="const_116">
<pin_list>
<pin id="117" dir="1" index="0" bw="1" slack="0"/>
</pin_list>
<bind>
<StgValue><ssdm name=""/></StgValue>
</bind>
</comp>

<comp id="118" class="1001" name="const_118">
<pin_list>
<pin id="119" dir="1" index="0" bw="1" slack="0"/>
</pin_list>
<bind>
<StgValue><ssdm name="_ssdm_op_PartSelect.i2.i9.i32.i32"/></StgValue>
</bind>
</comp>

<comp id="120" class="1001" name="const_120">
<pin_list>
<pin id="121" dir="1" index="0" bw="1" slack="0"/>
</pin_list>
<bind>
<StgValue><ssdm name=""/></StgValue>
</bind>
</comp>

<comp id="122" class="1001" name="const_122">
<pin_list>
<pin id="123" dir="1" index="0" bw="1" slack="0"/>
</pin_list>
<bind>
<StgValue><ssdm name=""/></StgValue>
</bind>
</comp>

<comp id="124" class="1001" name="const_124">
<pin_list>
<pin id="125" dir="1" index="0" bw="1" slack="0"/>
</pin_list>
<bind>
<StgValue><ssdm name=""/></StgValue>
</bind>
</comp>

<comp id="126" class="1001" name="const_126">
<pin_list>
<pin id="127" dir="1" index="0" bw="1" slack="0"/>
</pin_list>
<bind>
<StgValue><ssdm name="_ssdm_op_PartSelect.i3.i14.i32.i32"/></StgValue>
</bind>
</comp>

<comp id="128" class="1001" name="const_128">
<pin_list>
<pin id="129" dir="1" index="0" bw="1" slack="0"/>
</pin_list>
<bind>
<StgValue><ssdm name=""/></StgValue>
</bind>
</comp>

<comp id="130" class="1001" name="const_130">
<pin_list>
<pin id="131" dir="1" index="0" bw="1" slack="0"/>
</pin_list>
<bind>
<StgValue><ssdm name=""/></StgValue>
</bind>
</comp>

<comp id="132" class="1001" name="const_132">
<pin_list>
<pin id="133" dir="1" index="0" bw="1" slack="0"/>
</pin_list>
<bind>
<StgValue><ssdm name="_ssdm_op_PartSelect.i3.i4.i32.i32"/></StgValue>
</bind>
</comp>

<comp id="134" class="1001" name="const_134">
<pin_list>
<pin id="135" dir="1" index="0" bw="1" slack="0"/>
</pin_list>
<bind>
<StgValue><ssdm name=""/></StgValue>
</bind>
</comp>

<comp id="136" class="1001" name="const_136">
<pin_list>
<pin id="137" dir="1" index="0" bw="1" slack="0"/>
</pin_list>
<bind>
<StgValue><ssdm name="_ssdm_op_PartSelect.i2.i4.i32.i32"/></StgValue>
</bind>
</comp>

<comp id="138" class="1001" name="const_138">
<pin_list>
<pin id="139" dir="1" index="0" bw="1" slack="0"/>
</pin_list>
<bind>
<StgValue><ssdm name=""/></StgValue>
</bind>
</comp>

<comp id="140" class="1001" name="const_140">
<pin_list>
<pin id="141" dir="1" index="0" bw="1" slack="0"/>
</pin_list>
<bind>
<StgValue><ssdm name=""/></StgValue>
</bind>
</comp>

<comp id="142" class="1001" name="const_142">
<pin_list>
<pin id="143" dir="1" index="0" bw="1" slack="0"/>
</pin_list>
<bind>
<StgValue><ssdm name=""/></StgValue>
</bind>
</comp>

<comp id="144" class="1001" name="const_144">
<pin_list>
<pin id="145" dir="1" index="0" bw="1" slack="0"/>
</pin_list>
<bind>
<StgValue><ssdm name=""/></StgValue>
</bind>
</comp>

<comp id="146" class="1001" name="const_146">
<pin_list>
<pin id="147" dir="1" index="0" bw="1" slack="0"/>
</pin_list>
<bind>
<StgValue><ssdm name=""/></StgValue>
</bind>
</comp>

<comp id="148" class="1001" name="const_148">
<pin_list>
<pin id="149" dir="1" index="0" bw="1" slack="0"/>
</pin_list>
<bind>
<StgValue><ssdm name="_ssdm_op_PartSelect.i2.i14.i32.i32"/></StgValue>
</bind>
</comp>

<comp id="150" class="1001" name="const_150">
<pin_list>
<pin id="151" dir="1" index="0" bw="1" slack="0"/>
</pin_list>
<bind>
<StgValue><ssdm name=""/></StgValue>
</bind>
</comp>

<comp id="152" class="1001" name="const_152">
<pin_list>
<pin id="153" dir="1" index="0" bw="1" slack="0"/>
</pin_list>
<bind>
<StgValue><ssdm name="_ssdm_op_PartSelect.i2.i3.i32.i32"/></StgValue>
</bind>
</comp>

<comp id="154" class="1001" name="const_154">
<pin_list>
<pin id="155" dir="1" index="0" bw="1" slack="0"/>
</pin_list>
<bind>
<StgValue><ssdm name=""/></StgValue>
</bind>
</comp>

<comp id="156" class="1001" name="const_156">
<pin_list>
<pin id="157" dir="1" index="0" bw="1" slack="0"/>
</pin_list>
<bind>
<StgValue><ssdm name=""/></StgValue>
</bind>
</comp>

<comp id="158" class="1001" name="const_158">
<pin_list>
<pin id="159" dir="1" index="0" bw="1" slack="0"/>
</pin_list>
<bind>
<StgValue><ssdm name="_ssdm_op_PartSelect.i9.i21.i32.i32"/></StgValue>
</bind>
</comp>

<comp id="160" class="1001" name="const_160">
<pin_list>
<pin id="161" dir="1" index="0" bw="1" slack="0"/>
</pin_list>
<bind>
<StgValue><ssdm name=""/></StgValue>
</bind>
</comp>

<comp id="162" class="1001" name="const_162">
<pin_list>
<pin id="163" dir="1" index="0" bw="1" slack="0"/>
</pin_list>
<bind>
<StgValue><ssdm name=""/></StgValue>
</bind>
</comp>

<comp id="164" class="1001" name="const_164">
<pin_list>
<pin id="165" dir="1" index="0" bw="1" slack="0"/>
</pin_list>
<bind>
<StgValue><ssdm name="_ssdm_op_PartSelect.i8.i21.i32.i32"/></StgValue>
</bind>
</comp>

<comp id="166" class="1001" name="const_166">
<pin_list>
<pin id="167" dir="1" index="0" bw="1" slack="0"/>
</pin_list>
<bind>
<StgValue><ssdm name=""/></StgValue>
</bind>
</comp>

<comp id="168" class="1001" name="const_168">
<pin_list>
<pin id="169" dir="1" index="0" bw="1" slack="0"/>
</pin_list>
<bind>
<StgValue><ssdm name=""/></StgValue>
</bind>
</comp>

<comp id="170" class="1001" name="const_170">
<pin_list>
<pin id="171" dir="1" index="0" bw="1" slack="0"/>
</pin_list>
<bind>
<StgValue><ssdm name=""/></StgValue>
</bind>
</comp>

<comp id="172" class="1001" name="const_172">
<pin_list>
<pin id="173" dir="1" index="0" bw="1" slack="0"/>
</pin_list>
<bind>
<StgValue><ssdm name="_ssdm_op_BitSelect.i1.i2.i32"/></StgValue>
</bind>
</comp>

<comp id="174" class="1001" name="const_174">
<pin_list>
<pin id="175" dir="1" index="0" bw="1" slack="2147483647"/>
</pin_list>
<bind>
<StgValue><ssdm name="_ssdm_op_SpecLoopTripCount"/></StgValue>
</bind>
</comp>

<comp id="176" class="1001" name="const_176">
<pin_list>
<pin id="177" dir="1" index="0" bw="1" slack="2147483647"/>
</pin_list>
<bind>
<StgValue><ssdm name=""/></StgValue>
</bind>
</comp>

<comp id="178" class="1001" name="const_178">
<pin_list>
<pin id="179" dir="1" index="0" bw="1" slack="2147483647"/>
</pin_list>
<bind>
<StgValue><ssdm name=""/></StgValue>
</bind>
</comp>

<comp id="180" class="1001" name="const_180">
<pin_list>
<pin id="181" dir="1" index="0" bw="1" slack="2147483647"/>
</pin_list>
<bind>
<StgValue><ssdm name=""/></StgValue>
</bind>
</comp>

<comp id="182" class="1001" name="const_182">
<pin_list>
<pin id="183" dir="1" index="0" bw="1" slack="0"/>
</pin_list>
<bind>
<StgValue><ssdm name=""/></StgValue>
</bind>
</comp>

<comp id="184" class="1001" name="const_184">
<pin_list>
<pin id="185" dir="1" index="0" bw="1" slack="0"/>
</pin_list>
<bind>
<StgValue><ssdm name="MultiPixStream2Bytes_Pipeline_VITIS_LOOP_1090_11"/></StgValue>
</bind>
</comp>

<comp id="186" class="1001" name="const_186">
<pin_list>
<pin id="187" dir="1" index="0" bw="1" slack="2147483647"/>
</pin_list>
<bind>
<StgValue><ssdm name="_ssdm_op_SpecLoopName"/></StgValue>
</bind>
</comp>

<comp id="188" class="1001" name="const_188">
<pin_list>
<pin id="189" dir="1" index="0" bw="1" slack="2147483647"/>
</pin_list>
<bind>
<StgValue><ssdm name="empty_33"/></StgValue>
</bind>
</comp>

<comp id="190" class="1001" name="const_190">
<pin_list>
<pin id="191" dir="1" index="0" bw="1" slack="0"/>
</pin_list>
<bind>
<StgValue><ssdm name="MultiPixStream2Bytes_Pipeline_VITIS_LOOP_904_8"/></StgValue>
</bind>
</comp>

<comp id="192" class="1001" name="const_192">
<pin_list>
<pin id="193" dir="1" index="0" bw="1" slack="2147483647"/>
</pin_list>
<bind>
<StgValue><ssdm name="empty_21"/></StgValue>
</bind>
</comp>

<comp id="194" class="1001" name="const_194">
<pin_list>
<pin id="195" dir="1" index="0" bw="1" slack="0"/>
</pin_list>
<bind>
<StgValue><ssdm name="MultiPixStream2Bytes_Pipeline_VITIS_LOOP_863_5"/></StgValue>
</bind>
</comp>

<comp id="196" class="1001" name="const_196">
<pin_list>
<pin id="197" dir="1" index="0" bw="1" slack="2147483647"/>
</pin_list>
<bind>
<StgValue><ssdm name="empty_19"/></StgValue>
</bind>
</comp>

<comp id="198" class="1001" name="const_198">
<pin_list>
<pin id="199" dir="1" index="0" bw="1" slack="0"/>
</pin_list>
<bind>
<StgValue><ssdm name="MultiPixStream2Bytes_Pipeline_VITIS_LOOP_821_1"/></StgValue>
</bind>
</comp>

<comp id="200" class="1001" name="const_200">
<pin_list>
<pin id="201" dir="1" index="0" bw="1" slack="2147483647"/>
</pin_list>
<bind>
<StgValue><ssdm name="empty_17"/></StgValue>
</bind>
</comp>

<comp id="202" class="1004" name="y_3_fu_202">
<pin_list>
<pin id="203" dir="0" index="0" bw="1" slack="0"/>
<pin id="204" dir="1" index="1" bw="11" slack="0"/>
</pin_list>
<bind>
<opcode="alloca(26) " fcode="alloca"/>
<opset="y_3/1 "/>
</bind>
</comp>

<comp id="206" class="1004" name="pix_24_fu_206">
<pin_list>
<pin id="207" dir="0" index="0" bw="1" slack="0"/>
<pin id="208" dir="1" index="1" bw="8" slack="2"/>
</pin_list>
<bind>
<opcode="alloca(26) " fcode="alloca"/>
<opset="pix_24/1 "/>
</bind>
</comp>

<comp id="210" class="1004" name="pix_25_fu_210">
<pin_list>
<pin id="211" dir="0" index="0" bw="1" slack="0"/>
<pin id="212" dir="1" index="1" bw="8" slack="2"/>
</pin_list>
<bind>
<opcode="alloca(26) " fcode="alloca"/>
<opset="pix_25/1 "/>
</bind>
</comp>

<comp id="214" class="1004" name="pix_26_fu_214">
<pin_list>
<pin id="215" dir="0" index="0" bw="1" slack="0"/>
<pin id="216" dir="1" index="1" bw="8" slack="2"/>
</pin_list>
<bind>
<opcode="alloca(26) " fcode="alloca"/>
<opset="pix_26/1 "/>
</bind>
</comp>

<comp id="218" class="1004" name="pix_27_fu_218">
<pin_list>
<pin id="219" dir="0" index="0" bw="1" slack="0"/>
<pin id="220" dir="1" index="1" bw="8" slack="2"/>
</pin_list>
<bind>
<opcode="alloca(26) " fcode="alloca"/>
<opset="pix_27/1 "/>
</bind>
</comp>

<comp id="222" class="1004" name="pix_28_fu_222">
<pin_list>
<pin id="223" dir="0" index="0" bw="1" slack="0"/>
<pin id="224" dir="1" index="1" bw="8" slack="2"/>
</pin_list>
<bind>
<opcode="alloca(26) " fcode="alloca"/>
<opset="pix_28/1 "/>
</bind>
</comp>

<comp id="226" class="1004" name="pix_29_fu_226">
<pin_list>
<pin id="227" dir="0" index="0" bw="1" slack="0"/>
<pin id="228" dir="1" index="1" bw="8" slack="2"/>
</pin_list>
<bind>
<opcode="alloca(26) " fcode="alloca"/>
<opset="pix_29/1 "/>
</bind>
</comp>

<comp id="230" class="1004" name="y_2_fu_230">
<pin_list>
<pin id="231" dir="0" index="0" bw="1" slack="0"/>
<pin id="232" dir="1" index="1" bw="11" slack="0"/>
</pin_list>
<bind>
<opcode="alloca(26) " fcode="alloca"/>
<opset="y_2/1 "/>
</bind>
</comp>

<comp id="234" class="1004" name="pix_8_fu_234">
<pin_list>
<pin id="235" dir="0" index="0" bw="1" slack="0"/>
<pin id="236" dir="1" index="1" bw="8" slack="1"/>
</pin_list>
<bind>
<opcode="alloca(26) " fcode="alloca"/>
<opset="pix_8/1 "/>
</bind>
</comp>

<comp id="238" class="1004" name="pix_9_fu_238">
<pin_list>
<pin id="239" dir="0" index="0" bw="1" slack="0"/>
<pin id="240" dir="1" index="1" bw="8" slack="1"/>
</pin_list>
<bind>
<opcode="alloca(26) " fcode="alloca"/>
<opset="pix_9/1 "/>
</bind>
</comp>

<comp id="242" class="1004" name="pix_10_fu_242">
<pin_list>
<pin id="243" dir="0" index="0" bw="1" slack="0"/>
<pin id="244" dir="1" index="1" bw="8" slack="1"/>
</pin_list>
<bind>
<opcode="alloca(26) " fcode="alloca"/>
<opset="pix_10/1 "/>
</bind>
</comp>

<comp id="246" class="1004" name="pix_11_fu_246">
<pin_list>
<pin id="247" dir="0" index="0" bw="1" slack="0"/>
<pin id="248" dir="1" index="1" bw="8" slack="1"/>
</pin_list>
<bind>
<opcode="alloca(26) " fcode="alloca"/>
<opset="pix_11/1 "/>
</bind>
</comp>

<comp id="250" class="1004" name="y_1_fu_250">
<pin_list>
<pin id="251" dir="0" index="0" bw="1" slack="0"/>
<pin id="252" dir="1" index="1" bw="11" slack="0"/>
</pin_list>
<bind>
<opcode="alloca(26) " fcode="alloca"/>
<opset="y_1/1 "/>
</bind>
</comp>

<comp id="254" class="1004" name="pix_4_fu_254">
<pin_list>
<pin id="255" dir="0" index="0" bw="1" slack="0"/>
<pin id="256" dir="1" index="1" bw="8" slack="1"/>
</pin_list>
<bind>
<opcode="alloca(26) " fcode="alloca"/>
<opset="pix_4/1 "/>
</bind>
</comp>

<comp id="258" class="1004" name="pix_5_fu_258">
<pin_list>
<pin id="259" dir="0" index="0" bw="1" slack="0"/>
<pin id="260" dir="1" index="1" bw="8" slack="1"/>
</pin_list>
<bind>
<opcode="alloca(26) " fcode="alloca"/>
<opset="pix_5/1 "/>
</bind>
</comp>

<comp id="262" class="1004" name="pix_6_fu_262">
<pin_list>
<pin id="263" dir="0" index="0" bw="1" slack="0"/>
<pin id="264" dir="1" index="1" bw="8" slack="1"/>
</pin_list>
<bind>
<opcode="alloca(26) " fcode="alloca"/>
<opset="pix_6/1 "/>
</bind>
</comp>

<comp id="266" class="1004" name="pix_7_fu_266">
<pin_list>
<pin id="267" dir="0" index="0" bw="1" slack="0"/>
<pin id="268" dir="1" index="1" bw="8" slack="1"/>
</pin_list>
<bind>
<opcode="alloca(26) " fcode="alloca"/>
<opset="pix_7/1 "/>
</bind>
</comp>

<comp id="270" class="1004" name="y_fu_270">
<pin_list>
<pin id="271" dir="0" index="0" bw="1" slack="0"/>
<pin id="272" dir="1" index="1" bw="11" slack="0"/>
</pin_list>
<bind>
<opcode="alloca(26) " fcode="alloca"/>
<opset="y/1 "/>
</bind>
</comp>

<comp id="274" class="1004" name="pix_fu_274">
<pin_list>
<pin id="275" dir="0" index="0" bw="1" slack="0"/>
<pin id="276" dir="1" index="1" bw="8" slack="1"/>
</pin_list>
<bind>
<opcode="alloca(26) " fcode="alloca"/>
<opset="pix/1 "/>
</bind>
</comp>

<comp id="278" class="1004" name="pix_1_fu_278">
<pin_list>
<pin id="279" dir="0" index="0" bw="1" slack="0"/>
<pin id="280" dir="1" index="1" bw="8" slack="1"/>
</pin_list>
<bind>
<opcode="alloca(26) " fcode="alloca"/>
<opset="pix_1/1 "/>
</bind>
</comp>

<comp id="282" class="1004" name="pix_2_fu_282">
<pin_list>
<pin id="283" dir="0" index="0" bw="1" slack="0"/>
<pin id="284" dir="1" index="1" bw="8" slack="1"/>
</pin_list>
<bind>
<opcode="alloca(26) " fcode="alloca"/>
<opset="pix_2/1 "/>
</bind>
</comp>

<comp id="286" class="1004" name="pix_3_fu_286">
<pin_list>
<pin id="287" dir="0" index="0" bw="1" slack="0"/>
<pin id="288" dir="1" index="1" bw="8" slack="1"/>
</pin_list>
<bind>
<opcode="alloca(26) " fcode="alloca"/>
<opset="pix_3/1 "/>
</bind>
</comp>

<comp id="290" class="1004" name="VideoFormat_val_read_read_fu_290">
<pin_list>
<pin id="291" dir="0" index="0" bw="6" slack="0"/>
<pin id="292" dir="0" index="1" bw="6" slack="0"/>
<pin id="293" dir="1" index="2" bw="6" slack="0"/>
</pin_list>
<bind>
<opcode="read(1150) " fcode="read"/>
<opset="VideoFormat_val_read/1 "/>
</bind>
</comp>

<comp id="296" class="1004" name="WidthInBytes_val_read_read_fu_296">
<pin_list>
<pin id="297" dir="0" index="0" bw="14" slack="0"/>
<pin id="298" dir="0" index="1" bw="14" slack="0"/>
<pin id="299" dir="1" index="2" bw="14" slack="0"/>
</pin_list>
<bind>
<opcode="read(1150) " fcode="read"/>
<opset="WidthInBytes_val_read/1 "/>
</bind>
</comp>

<comp id="302" class="1004" name="WidthInPix_val_read_read_fu_302">
<pin_list>
<pin id="303" dir="0" index="0" bw="11" slack="0"/>
<pin id="304" dir="0" index="1" bw="11" slack="0"/>
<pin id="305" dir="1" index="2" bw="11" slack="0"/>
</pin_list>
<bind>
<opcode="read(1150) " fcode="read"/>
<opset="WidthInPix_val_read/1 "/>
</bind>
</comp>

<comp id="308" class="1004" name="Height_val_read_read_fu_308">
<pin_list>
<pin id="309" dir="0" index="0" bw="11" slack="0"/>
<pin id="310" dir="0" index="1" bw="11" slack="0"/>
<pin id="311" dir="1" index="2" bw="11" slack="1"/>
</pin_list>
<bind>
<opcode="read(1150) " fcode="read"/>
<opset="Height_val_read/1 "/>
</bind>
</comp>

<comp id="314" class="1004" name="grp_MultiPixStream2Bytes_Pipeline_VITIS_LOOP_1090_11_fu_314">
<pin_list>
<pin id="315" dir="0" index="0" bw="0" slack="0"/>
<pin id="316" dir="0" index="1" bw="8" slack="2"/>
<pin id="317" dir="0" index="2" bw="8" slack="2"/>
<pin id="318" dir="0" index="3" bw="8" slack="2"/>
<pin id="319" dir="0" index="4" bw="8" slack="2"/>
<pin id="320" dir="0" index="5" bw="8" slack="2"/>
<pin id="321" dir="0" index="6" bw="8" slack="2"/>
<pin id="322" dir="0" index="7" bw="8" slack="2"/>
<pin id="323" dir="0" index="8" bw="1" slack="2"/>
<pin id="324" dir="0" index="9" bw="128" slack="0"/>
<pin id="325" dir="0" index="10" bw="1" slack="2"/>
<pin id="326" dir="0" index="11" bw="1" slack="3"/>
<pin id="327" dir="0" index="12" bw="1" slack="2"/>
<pin id="328" dir="0" index="13" bw="1" slack="2"/>
<pin id="329" dir="0" index="14" bw="1" slack="2"/>
<pin id="330" dir="0" index="15" bw="1" slack="2"/>
<pin id="331" dir="0" index="16" bw="1" slack="2"/>
<pin id="332" dir="0" index="17" bw="1" slack="2"/>
<pin id="333" dir="0" index="18" bw="9" slack="2"/>
<pin id="334" dir="0" index="19" bw="1" slack="2"/>
<pin id="335" dir="0" index="20" bw="48" slack="0"/>
<pin id="336" dir="0" index="21" bw="8" slack="3"/>
<pin id="337" dir="0" index="22" bw="8" slack="3"/>
<pin id="338" dir="0" index="23" bw="8" slack="3"/>
<pin id="339" dir="0" index="24" bw="8" slack="3"/>
<pin id="340" dir="0" index="25" bw="8" slack="3"/>
<pin id="341" dir="0" index="26" bw="8" slack="3"/>
<pin id="342" dir="1" index="27" bw="0" slack="2147483647"/>
</pin_list>
<bind>
<opcode="call(48) " fcode="call"/>
<opset="call_ln1074/4 "/>
</bind>
</comp>

<comp id="346" class="1004" name="grp_MultiPixStream2Bytes_Pipeline_VITIS_LOOP_904_8_fu_346">
<pin_list>
<pin id="347" dir="0" index="0" bw="0" slack="0"/>
<pin id="348" dir="0" index="1" bw="8" slack="2"/>
<pin id="349" dir="0" index="2" bw="8" slack="2"/>
<pin id="350" dir="0" index="3" bw="8" slack="2"/>
<pin id="351" dir="0" index="4" bw="8" slack="2"/>
<pin id="352" dir="0" index="5" bw="10" slack="2"/>
<pin id="353" dir="0" index="6" bw="128" slack="0"/>
<pin id="354" dir="0" index="7" bw="128" slack="0"/>
<pin id="355" dir="0" index="8" bw="5" slack="2"/>
<pin id="356" dir="0" index="9" bw="1" slack="1"/>
<pin id="357" dir="0" index="10" bw="1" slack="2"/>
<pin id="358" dir="0" index="11" bw="1" slack="2"/>
<pin id="359" dir="0" index="12" bw="1" slack="2"/>
<pin id="360" dir="0" index="13" bw="1" slack="2"/>
<pin id="361" dir="0" index="14" bw="1" slack="2"/>
<pin id="362" dir="0" index="15" bw="1" slack="2"/>
<pin id="363" dir="0" index="16" bw="1" slack="2"/>
<pin id="364" dir="0" index="17" bw="11" slack="2"/>
<pin id="365" dir="0" index="18" bw="1" slack="2"/>
<pin id="366" dir="0" index="19" bw="48" slack="0"/>
<pin id="367" dir="0" index="20" bw="8" slack="2"/>
<pin id="368" dir="0" index="21" bw="8" slack="2"/>
<pin id="369" dir="0" index="22" bw="8" slack="2"/>
<pin id="370" dir="0" index="23" bw="8" slack="2"/>
<pin id="371" dir="1" index="24" bw="0" slack="2147483647"/>
</pin_list>
<bind>
<opcode="call(48) " fcode="call"/>
<opset="call_ln888/7 "/>
</bind>
</comp>

<comp id="376" class="1004" name="grp_MultiPixStream2Bytes_Pipeline_VITIS_LOOP_863_5_fu_376">
<pin_list>
<pin id="377" dir="0" index="0" bw="0" slack="0"/>
<pin id="378" dir="0" index="1" bw="8" slack="2"/>
<pin id="379" dir="0" index="2" bw="8" slack="2"/>
<pin id="380" dir="0" index="3" bw="8" slack="2"/>
<pin id="381" dir="0" index="4" bw="8" slack="2"/>
<pin id="382" dir="0" index="5" bw="10" slack="2"/>
<pin id="383" dir="0" index="6" bw="128" slack="0"/>
<pin id="384" dir="0" index="7" bw="1" slack="2"/>
<pin id="385" dir="0" index="8" bw="1" slack="2"/>
<pin id="386" dir="0" index="9" bw="1" slack="2"/>
<pin id="387" dir="0" index="10" bw="11" slack="2"/>
<pin id="388" dir="0" index="11" bw="1" slack="2"/>
<pin id="389" dir="0" index="12" bw="48" slack="0"/>
<pin id="390" dir="0" index="13" bw="8" slack="2"/>
<pin id="391" dir="0" index="14" bw="8" slack="2"/>
<pin id="392" dir="0" index="15" bw="8" slack="2"/>
<pin id="393" dir="0" index="16" bw="8" slack="2"/>
<pin id="394" dir="1" index="17" bw="0" slack="2147483647"/>
</pin_list>
<bind>
<opcode="call(48) " fcode="call"/>
<opset="call_ln847/10 "/>
</bind>
</comp>

<comp id="398" class="1004" name="grp_MultiPixStream2Bytes_Pipeline_VITIS_LOOP_821_1_fu_398">
<pin_list>
<pin id="399" dir="0" index="0" bw="0" slack="0"/>
<pin id="400" dir="0" index="1" bw="8" slack="2"/>
<pin id="401" dir="0" index="2" bw="8" slack="2"/>
<pin id="402" dir="0" index="3" bw="8" slack="2"/>
<pin id="403" dir="0" index="4" bw="8" slack="2"/>
<pin id="404" dir="0" index="5" bw="10" slack="2"/>
<pin id="405" dir="0" index="6" bw="128" slack="0"/>
<pin id="406" dir="0" index="7" bw="1" slack="2"/>
<pin id="407" dir="0" index="8" bw="1" slack="2"/>
<pin id="408" dir="0" index="9" bw="1" slack="2"/>
<pin id="409" dir="0" index="10" bw="11" slack="2"/>
<pin id="410" dir="0" index="11" bw="1" slack="2"/>
<pin id="411" dir="0" index="12" bw="48" slack="0"/>
<pin id="412" dir="0" index="13" bw="8" slack="2"/>
<pin id="413" dir="0" index="14" bw="8" slack="2"/>
<pin id="414" dir="0" index="15" bw="8" slack="2"/>
<pin id="415" dir="0" index="16" bw="8" slack="2"/>
<pin id="416" dir="1" index="17" bw="0" slack="2147483647"/>
</pin_list>
<bind>
<opcode="call(48) " fcode="call"/>
<opset="call_ln805/13 "/>
</bind>
</comp>

<comp id="420" class="1004" name="grp_fu_420">
<pin_list>
<pin id="421" dir="0" index="0" bw="14" slack="0"/>
<pin id="422" dir="0" index="1" bw="5" slack="0"/>
<pin id="423" dir="1" index="2" bw="14" slack="0"/>
</pin_list>
<bind>
<opcode="add(8) " fcode="add"/>
<opset="add_ln1072/1 add_ln888/1 add_ln847/1 add_ln805/1 "/>
</bind>
</comp>

<comp id="426" class="1004" name="grp_fu_426">
<pin_list>
<pin id="427" dir="0" index="0" bw="10" slack="0"/>
<pin id="428" dir="0" index="1" bw="14" slack="0"/>
<pin id="429" dir="0" index="2" bw="4" slack="0"/>
<pin id="430" dir="0" index="3" bw="5" slack="0"/>
<pin id="431" dir="1" index="4" bw="10" slack="0"/>
</pin_list>
<bind>
<opcode="partselect(1002) " fcode="partselect"/>
<opset="trunc_ln/1 loopWidth_2/1 loopWidth_1/1 trunc_ln805_1/1 "/>
</bind>
</comp>

<comp id="436" class="1004" name="grp_fu_436">
<pin_list>
<pin id="437" dir="0" index="0" bw="3" slack="0"/>
<pin id="438" dir="0" index="1" bw="14" slack="0"/>
<pin id="439" dir="0" index="2" bw="1" slack="0"/>
<pin id="440" dir="0" index="3" bw="3" slack="0"/>
<pin id="441" dir="1" index="4" bw="3" slack="0"/>
</pin_list>
<bind>
<opcode="partselect(1002) " fcode="partselect"/>
<opset="lshr_ln/1 remainPix_2/1 remainPix/1 "/>
</bind>
</comp>

<comp id="446" class="1004" name="grp_fu_446">
<pin_list>
<pin id="447" dir="0" index="0" bw="3" slack="0"/>
<pin id="448" dir="0" index="1" bw="3" slack="0"/>
<pin id="449" dir="1" index="2" bw="1" slack="0"/>
</pin_list>
<bind>
<opcode="icmp(45) " fcode="icmp"/>
<opset="icmp_ln851/1 icmp_ln809/1 "/>
</bind>
</comp>

<comp id="452" class="1004" name="grp_fu_452">
<pin_list>
<pin id="453" dir="0" index="0" bw="2" slack="0"/>
<pin id="454" dir="0" index="1" bw="14" slack="0"/>
<pin id="455" dir="0" index="2" bw="3" slack="0"/>
<pin id="456" dir="0" index="3" bw="3" slack="0"/>
<pin id="457" dir="1" index="4" bw="2" slack="0"/>
</pin_list>
<bind>
<opcode="partselect(1002) " fcode="partselect"/>
<opset="tmp_5/1 tmp_3/1 "/>
</bind>
</comp>

<comp id="462" class="1005" name="reg_462">
<pin_list>
<pin id="463" dir="0" index="0" bw="10" slack="2"/>
<pin id="464" dir="1" index="1" bw="10" slack="2"/>
</pin_list>
<bind>
<opset="loopWidth_2 loopWidth_1 trunc_ln805_1 "/>
</bind>
</comp>

<comp id="469" class="1004" name="empty_fu_469">
<pin_list>
<pin id="470" dir="0" index="0" bw="6" slack="0"/>
<pin id="471" dir="1" index="1" bw="5" slack="2"/>
</pin_list>
<bind>
<opcode="trunc(33) " fcode="trunc"/>
<opset="empty/1 "/>
</bind>
</comp>

<comp id="473" class="1004" name="switch_ln432_fu_473">
<pin_list>
<pin id="474" dir="0" index="0" bw="6" slack="0"/>
<pin id="475" dir="0" index="1" bw="6" slack="0"/>
<pin id="476" dir="0" index="2" bw="6" slack="0"/>
<pin id="477" dir="0" index="3" bw="6" slack="0"/>
<pin id="478" dir="0" index="4" bw="6" slack="0"/>
<pin id="479" dir="0" index="5" bw="5" slack="0"/>
<pin id="480" dir="0" index="6" bw="5" slack="0"/>
<pin id="481" dir="0" index="7" bw="6" slack="0"/>
<pin id="482" dir="0" index="8" bw="6" slack="0"/>
<pin id="483" dir="0" index="9" bw="5" slack="0"/>
<pin id="484" dir="0" index="10" bw="5" slack="0"/>
<pin id="485" dir="0" index="11" bw="6" slack="0"/>
<pin id="486" dir="0" index="12" bw="6" slack="0"/>
<pin id="487" dir="0" index="13" bw="6" slack="0"/>
<pin id="488" dir="0" index="14" bw="6" slack="0"/>
<pin id="489" dir="0" index="15" bw="6" slack="0"/>
<pin id="490" dir="0" index="16" bw="6" slack="0"/>
<pin id="491" dir="0" index="17" bw="6" slack="0"/>
<pin id="492" dir="0" index="18" bw="6" slack="0"/>
<pin id="493" dir="0" index="19" bw="6" slack="0"/>
<pin id="494" dir="0" index="20" bw="6" slack="0"/>
<pin id="495" dir="0" index="21" bw="6" slack="0"/>
<pin id="496" dir="1" index="22" bw="0" slack="2147483647"/>
</pin_list>
<bind>
<opcode="switch(3) " fcode="switch"/>
<opset="switch_ln432/1 "/>
</bind>
</comp>

<comp id="519" class="1004" name="add_ln1073_fu_519">
<pin_list>
<pin id="520" dir="0" index="0" bw="10" slack="0"/>
<pin id="521" dir="0" index="1" bw="3" slack="0"/>
<pin id="522" dir="1" index="2" bw="10" slack="1"/>
</pin_list>
<bind>
<opcode="add(8) " fcode="add"/>
<opset="add_ln1073/1 "/>
</bind>
</comp>

<comp id="525" class="1004" name="remPix_fu_525">
<pin_list>
<pin id="526" dir="0" index="0" bw="11" slack="0"/>
<pin id="527" dir="1" index="1" bw="4" slack="0"/>
</pin_list>
<bind>
<opcode="trunc(33) " fcode="trunc"/>
<opset="remPix/1 "/>
</bind>
</comp>

<comp id="529" class="1004" name="icmp_ln1077_fu_529">
<pin_list>
<pin id="530" dir="0" index="0" bw="4" slack="0"/>
<pin id="531" dir="0" index="1" bw="4" slack="0"/>
<pin id="532" dir="1" index="2" bw="1" slack="1"/>
</pin_list>
<bind>
<opcode="icmp(45) " fcode="icmp"/>
<opset="icmp_ln1077/1 "/>
</bind>
</comp>

<comp id="535" class="1004" name="lshr_ln1_fu_535">
<pin_list>
<pin id="536" dir="0" index="0" bw="3" slack="0"/>
<pin id="537" dir="0" index="1" bw="11" slack="0"/>
<pin id="538" dir="0" index="2" bw="1" slack="0"/>
<pin id="539" dir="0" index="3" bw="3" slack="0"/>
<pin id="540" dir="1" index="4" bw="3" slack="1"/>
</pin_list>
<bind>
<opcode="partselect(1002) " fcode="partselect"/>
<opset="lshr_ln1/1 "/>
</bind>
</comp>

<comp id="545" class="1004" name="p_shl_fu_545">
<pin_list>
<pin id="546" dir="0" index="0" bw="9" slack="0"/>
<pin id="547" dir="0" index="1" bw="4" slack="0"/>
<pin id="548" dir="0" index="2" bw="1" slack="0"/>
<pin id="549" dir="1" index="3" bw="9" slack="0"/>
</pin_list>
<bind>
<opcode="bitconcatenate(1004) " fcode="bitconcatenate"/>
<opset="p_shl/1 "/>
</bind>
</comp>

<comp id="553" class="1004" name="tmp_10_fu_553">
<pin_list>
<pin id="554" dir="0" index="0" bw="7" slack="0"/>
<pin id="555" dir="0" index="1" bw="4" slack="0"/>
<pin id="556" dir="0" index="2" bw="1" slack="0"/>
<pin id="557" dir="1" index="3" bw="7" slack="0"/>
</pin_list>
<bind>
<opcode="bitconcatenate(1004) " fcode="bitconcatenate"/>
<opset="tmp_10/1 "/>
</bind>
</comp>

<comp id="561" class="1004" name="zext_ln1081_fu_561">
<pin_list>
<pin id="562" dir="0" index="0" bw="7" slack="0"/>
<pin id="563" dir="1" index="1" bw="9" slack="0"/>
</pin_list>
<bind>
<opcode="zext(34) " fcode="zext"/>
<opset="zext_ln1081/1 "/>
</bind>
</comp>

<comp id="565" class="1004" name="sub_ln1081_fu_565">
<pin_list>
<pin id="566" dir="0" index="0" bw="9" slack="0"/>
<pin id="567" dir="0" index="1" bw="7" slack="0"/>
<pin id="568" dir="1" index="2" bw="9" slack="0"/>
</pin_list>
<bind>
<opcode="sub(10) " fcode="sub"/>
<opset="sub_ln1081/1 "/>
</bind>
</comp>

<comp id="571" class="1004" name="add_ln1081_fu_571">
<pin_list>
<pin id="572" dir="0" index="0" bw="9" slack="0"/>
<pin id="573" dir="0" index="1" bw="8" slack="0"/>
<pin id="574" dir="1" index="2" bw="9" slack="0"/>
</pin_list>
<bind>
<opcode="add(8) " fcode="add"/>
<opset="add_ln1081/1 "/>
</bind>
</comp>

<comp id="577" class="1004" name="trunc_ln2_fu_577">
<pin_list>
<pin id="578" dir="0" index="0" bw="2" slack="0"/>
<pin id="579" dir="0" index="1" bw="9" slack="0"/>
<pin id="580" dir="0" index="2" bw="4" slack="0"/>
<pin id="581" dir="0" index="3" bw="5" slack="0"/>
<pin id="582" dir="1" index="4" bw="2" slack="1"/>
</pin_list>
<bind>
<opcode="partselect(1002) " fcode="partselect"/>
<opset="trunc_ln2/1 "/>
</bind>
</comp>

<comp id="587" class="1004" name="store_ln1086_store_fu_587">
<pin_list>
<pin id="588" dir="0" index="0" bw="1" slack="0"/>
<pin id="589" dir="0" index="1" bw="11" slack="0"/>
<pin id="590" dir="1" index="2" bw="0" slack="2147483647"/>
</pin_list>
<bind>
<opcode="store(28) " fcode="store"/>
<opset="store_ln1086/1 "/>
</bind>
</comp>

<comp id="592" class="1004" name="remainPix_4_fu_592">
<pin_list>
<pin id="593" dir="0" index="0" bw="14" slack="0"/>
<pin id="594" dir="1" index="1" bw="4" slack="0"/>
</pin_list>
<bind>
<opcode="trunc(33) " fcode="trunc"/>
<opset="remainPix_4/1 "/>
</bind>
</comp>

<comp id="596" class="1004" name="zext_ln888_fu_596">
<pin_list>
<pin id="597" dir="0" index="0" bw="10" slack="0"/>
<pin id="598" dir="1" index="1" bw="11" slack="0"/>
</pin_list>
<bind>
<opcode="zext(34) " fcode="zext"/>
<opset="zext_ln888/1 "/>
</bind>
</comp>

<comp id="600" class="1004" name="icmp_ln892_fu_600">
<pin_list>
<pin id="601" dir="0" index="0" bw="4" slack="0"/>
<pin id="602" dir="0" index="1" bw="4" slack="0"/>
<pin id="603" dir="1" index="2" bw="1" slack="0"/>
</pin_list>
<bind>
<opcode="icmp(45) " fcode="icmp"/>
<opset="icmp_ln892/1 "/>
</bind>
</comp>

<comp id="606" class="1004" name="zext_ln894_fu_606">
<pin_list>
<pin id="607" dir="0" index="0" bw="3" slack="0"/>
<pin id="608" dir="1" index="1" bw="4" slack="0"/>
</pin_list>
<bind>
<opcode="zext(34) " fcode="zext"/>
<opset="zext_ln894/1 "/>
</bind>
</comp>

<comp id="610" class="1004" name="remainPix_5_fu_610">
<pin_list>
<pin id="611" dir="0" index="0" bw="1" slack="0"/>
<pin id="612" dir="0" index="1" bw="4" slack="0"/>
<pin id="613" dir="0" index="2" bw="4" slack="0"/>
<pin id="614" dir="1" index="3" bw="4" slack="0"/>
</pin_list>
<bind>
<opcode="select(49) " fcode="select"/>
<opset="remainPix_5/1 "/>
</bind>
</comp>

<comp id="618" class="1004" name="add_ln909_fu_618">
<pin_list>
<pin id="619" dir="0" index="0" bw="10" slack="0"/>
<pin id="620" dir="0" index="1" bw="1" slack="0"/>
<pin id="621" dir="1" index="2" bw="11" slack="2"/>
</pin_list>
<bind>
<opcode="add(8) " fcode="add"/>
<opset="add_ln909/1 "/>
</bind>
</comp>

<comp id="624" class="1004" name="icmp_ln909_fu_624">
<pin_list>
<pin id="625" dir="0" index="0" bw="4" slack="0"/>
<pin id="626" dir="0" index="1" bw="4" slack="0"/>
<pin id="627" dir="1" index="2" bw="1" slack="2"/>
</pin_list>
<bind>
<opcode="icmp(45) " fcode="icmp"/>
<opset="icmp_ln909/1 "/>
</bind>
</comp>

<comp id="630" class="1004" name="tmp_8_fu_630">
<pin_list>
<pin id="631" dir="0" index="0" bw="3" slack="0"/>
<pin id="632" dir="0" index="1" bw="4" slack="0"/>
<pin id="633" dir="0" index="2" bw="1" slack="0"/>
<pin id="634" dir="0" index="3" bw="3" slack="0"/>
<pin id="635" dir="1" index="4" bw="3" slack="0"/>
</pin_list>
<bind>
<opcode="partselect(1002) " fcode="partselect"/>
<opset="tmp_8/1 "/>
</bind>
</comp>

<comp id="640" class="1004" name="icmp_ln909_3_fu_640">
<pin_list>
<pin id="641" dir="0" index="0" bw="3" slack="0"/>
<pin id="642" dir="0" index="1" bw="3" slack="0"/>
<pin id="643" dir="1" index="2" bw="1" slack="2"/>
</pin_list>
<bind>
<opcode="icmp(45) " fcode="icmp"/>
<opset="icmp_ln909_3/1 "/>
</bind>
</comp>

<comp id="646" class="1004" name="icmp_ln909_2_fu_646">
<pin_list>
<pin id="647" dir="0" index="0" bw="4" slack="0"/>
<pin id="648" dir="0" index="1" bw="4" slack="0"/>
<pin id="649" dir="1" index="2" bw="1" slack="2"/>
</pin_list>
<bind>
<opcode="icmp(45) " fcode="icmp"/>
<opset="icmp_ln909_2/1 "/>
</bind>
</comp>

<comp id="652" class="1004" name="tmp_9_fu_652">
<pin_list>
<pin id="653" dir="0" index="0" bw="2" slack="0"/>
<pin id="654" dir="0" index="1" bw="4" slack="0"/>
<pin id="655" dir="0" index="2" bw="3" slack="0"/>
<pin id="656" dir="0" index="3" bw="3" slack="0"/>
<pin id="657" dir="1" index="4" bw="2" slack="0"/>
</pin_list>
<bind>
<opcode="partselect(1002) " fcode="partselect"/>
<opset="tmp_9/1 "/>
</bind>
</comp>

<comp id="662" class="1004" name="icmp_ln909_7_fu_662">
<pin_list>
<pin id="663" dir="0" index="0" bw="2" slack="0"/>
<pin id="664" dir="0" index="1" bw="2" slack="0"/>
<pin id="665" dir="1" index="2" bw="1" slack="2"/>
</pin_list>
<bind>
<opcode="icmp(45) " fcode="icmp"/>
<opset="icmp_ln909_7/1 "/>
</bind>
</comp>

<comp id="668" class="1004" name="icmp_ln909_4_fu_668">
<pin_list>
<pin id="669" dir="0" index="0" bw="4" slack="0"/>
<pin id="670" dir="0" index="1" bw="4" slack="0"/>
<pin id="671" dir="1" index="2" bw="1" slack="2"/>
</pin_list>
<bind>
<opcode="icmp(45) " fcode="icmp"/>
<opset="icmp_ln909_4/1 "/>
</bind>
</comp>

<comp id="674" class="1004" name="icmp_ln909_5_fu_674">
<pin_list>
<pin id="675" dir="0" index="0" bw="4" slack="0"/>
<pin id="676" dir="0" index="1" bw="4" slack="0"/>
<pin id="677" dir="1" index="2" bw="1" slack="2"/>
</pin_list>
<bind>
<opcode="icmp(45) " fcode="icmp"/>
<opset="icmp_ln909_5/1 "/>
</bind>
</comp>

<comp id="680" class="1004" name="icmp_ln909_6_fu_680">
<pin_list>
<pin id="681" dir="0" index="0" bw="4" slack="0"/>
<pin id="682" dir="0" index="1" bw="4" slack="0"/>
<pin id="683" dir="1" index="2" bw="1" slack="2"/>
</pin_list>
<bind>
<opcode="icmp(45) " fcode="icmp"/>
<opset="icmp_ln909_6/1 "/>
</bind>
</comp>

<comp id="686" class="1004" name="store_ln900_store_fu_686">
<pin_list>
<pin id="687" dir="0" index="0" bw="1" slack="0"/>
<pin id="688" dir="0" index="1" bw="11" slack="0"/>
<pin id="689" dir="1" index="2" bw="0" slack="2147483647"/>
</pin_list>
<bind>
<opcode="store(28) " fcode="store"/>
<opset="store_ln900/1 "/>
</bind>
</comp>

<comp id="691" class="1004" name="zext_ln847_fu_691">
<pin_list>
<pin id="692" dir="0" index="0" bw="10" slack="0"/>
<pin id="693" dir="1" index="1" bw="11" slack="0"/>
</pin_list>
<bind>
<opcode="zext(34) " fcode="zext"/>
<opset="zext_ln847/1 "/>
</bind>
</comp>

<comp id="695" class="1004" name="zext_ln853_fu_695">
<pin_list>
<pin id="696" dir="0" index="0" bw="2" slack="0"/>
<pin id="697" dir="1" index="1" bw="3" slack="0"/>
</pin_list>
<bind>
<opcode="zext(34) " fcode="zext"/>
<opset="zext_ln853/1 "/>
</bind>
</comp>

<comp id="699" class="1004" name="remainPix_3_fu_699">
<pin_list>
<pin id="700" dir="0" index="0" bw="1" slack="0"/>
<pin id="701" dir="0" index="1" bw="3" slack="0"/>
<pin id="702" dir="0" index="2" bw="3" slack="0"/>
<pin id="703" dir="1" index="3" bw="3" slack="0"/>
</pin_list>
<bind>
<opcode="select(49) " fcode="select"/>
<opset="remainPix_3/1 "/>
</bind>
</comp>

<comp id="707" class="1004" name="add_ln868_fu_707">
<pin_list>
<pin id="708" dir="0" index="0" bw="10" slack="0"/>
<pin id="709" dir="0" index="1" bw="1" slack="0"/>
<pin id="710" dir="1" index="2" bw="11" slack="2"/>
</pin_list>
<bind>
<opcode="add(8) " fcode="add"/>
<opset="add_ln868/1 "/>
</bind>
</comp>

<comp id="713" class="1004" name="icmp_ln868_fu_713">
<pin_list>
<pin id="714" dir="0" index="0" bw="3" slack="0"/>
<pin id="715" dir="0" index="1" bw="3" slack="0"/>
<pin id="716" dir="1" index="2" bw="1" slack="2"/>
</pin_list>
<bind>
<opcode="icmp(45) " fcode="icmp"/>
<opset="icmp_ln868/1 "/>
</bind>
</comp>

<comp id="719" class="1004" name="tmp_7_fu_719">
<pin_list>
<pin id="720" dir="0" index="0" bw="2" slack="0"/>
<pin id="721" dir="0" index="1" bw="3" slack="0"/>
<pin id="722" dir="0" index="2" bw="1" slack="0"/>
<pin id="723" dir="0" index="3" bw="3" slack="0"/>
<pin id="724" dir="1" index="4" bw="2" slack="0"/>
</pin_list>
<bind>
<opcode="partselect(1002) " fcode="partselect"/>
<opset="tmp_7/1 "/>
</bind>
</comp>

<comp id="729" class="1004" name="icmp_ln868_3_fu_729">
<pin_list>
<pin id="730" dir="0" index="0" bw="2" slack="0"/>
<pin id="731" dir="0" index="1" bw="2" slack="0"/>
<pin id="732" dir="1" index="2" bw="1" slack="2"/>
</pin_list>
<bind>
<opcode="icmp(45) " fcode="icmp"/>
<opset="icmp_ln868_3/1 "/>
</bind>
</comp>

<comp id="735" class="1004" name="icmp_ln868_2_fu_735">
<pin_list>
<pin id="736" dir="0" index="0" bw="3" slack="0"/>
<pin id="737" dir="0" index="1" bw="3" slack="0"/>
<pin id="738" dir="1" index="2" bw="1" slack="2"/>
</pin_list>
<bind>
<opcode="icmp(45) " fcode="icmp"/>
<opset="icmp_ln868_2/1 "/>
</bind>
</comp>

<comp id="741" class="1004" name="store_ln859_store_fu_741">
<pin_list>
<pin id="742" dir="0" index="0" bw="1" slack="0"/>
<pin id="743" dir="0" index="1" bw="11" slack="0"/>
<pin id="744" dir="1" index="2" bw="0" slack="2147483647"/>
</pin_list>
<bind>
<opcode="store(28) " fcode="store"/>
<opset="store_ln859/1 "/>
</bind>
</comp>

<comp id="746" class="1004" name="zext_ln805_fu_746">
<pin_list>
<pin id="747" dir="0" index="0" bw="10" slack="0"/>
<pin id="748" dir="1" index="1" bw="11" slack="0"/>
</pin_list>
<bind>
<opcode="zext(34) " fcode="zext"/>
<opset="zext_ln805/1 "/>
</bind>
</comp>

<comp id="750" class="1004" name="zext_ln811_fu_750">
<pin_list>
<pin id="751" dir="0" index="0" bw="2" slack="0"/>
<pin id="752" dir="1" index="1" bw="3" slack="0"/>
</pin_list>
<bind>
<opcode="zext(34) " fcode="zext"/>
<opset="zext_ln811/1 "/>
</bind>
</comp>

<comp id="754" class="1004" name="remainPix_1_fu_754">
<pin_list>
<pin id="755" dir="0" index="0" bw="1" slack="0"/>
<pin id="756" dir="0" index="1" bw="3" slack="0"/>
<pin id="757" dir="0" index="2" bw="3" slack="0"/>
<pin id="758" dir="1" index="3" bw="3" slack="0"/>
</pin_list>
<bind>
<opcode="select(49) " fcode="select"/>
<opset="remainPix_1/1 "/>
</bind>
</comp>

<comp id="762" class="1004" name="add_ln826_fu_762">
<pin_list>
<pin id="763" dir="0" index="0" bw="10" slack="0"/>
<pin id="764" dir="0" index="1" bw="1" slack="0"/>
<pin id="765" dir="1" index="2" bw="11" slack="2"/>
</pin_list>
<bind>
<opcode="add(8) " fcode="add"/>
<opset="add_ln826/1 "/>
</bind>
</comp>

<comp id="768" class="1004" name="icmp_ln826_fu_768">
<pin_list>
<pin id="769" dir="0" index="0" bw="3" slack="0"/>
<pin id="770" dir="0" index="1" bw="3" slack="0"/>
<pin id="771" dir="1" index="2" bw="1" slack="2"/>
</pin_list>
<bind>
<opcode="icmp(45) " fcode="icmp"/>
<opset="icmp_ln826/1 "/>
</bind>
</comp>

<comp id="774" class="1004" name="tmp_6_fu_774">
<pin_list>
<pin id="775" dir="0" index="0" bw="2" slack="0"/>
<pin id="776" dir="0" index="1" bw="3" slack="0"/>
<pin id="777" dir="0" index="2" bw="1" slack="0"/>
<pin id="778" dir="0" index="3" bw="3" slack="0"/>
<pin id="779" dir="1" index="4" bw="2" slack="0"/>
</pin_list>
<bind>
<opcode="partselect(1002) " fcode="partselect"/>
<opset="tmp_6/1 "/>
</bind>
</comp>

<comp id="784" class="1004" name="icmp_ln826_3_fu_784">
<pin_list>
<pin id="785" dir="0" index="0" bw="2" slack="0"/>
<pin id="786" dir="0" index="1" bw="2" slack="0"/>
<pin id="787" dir="1" index="2" bw="1" slack="2"/>
</pin_list>
<bind>
<opcode="icmp(45) " fcode="icmp"/>
<opset="icmp_ln826_3/1 "/>
</bind>
</comp>

<comp id="790" class="1004" name="icmp_ln826_2_fu_790">
<pin_list>
<pin id="791" dir="0" index="0" bw="3" slack="0"/>
<pin id="792" dir="0" index="1" bw="3" slack="0"/>
<pin id="793" dir="1" index="2" bw="1" slack="2"/>
</pin_list>
<bind>
<opcode="icmp(45) " fcode="icmp"/>
<opset="icmp_ln826_2/1 "/>
</bind>
</comp>

<comp id="796" class="1004" name="store_ln817_store_fu_796">
<pin_list>
<pin id="797" dir="0" index="0" bw="1" slack="0"/>
<pin id="798" dir="0" index="1" bw="11" slack="0"/>
<pin id="799" dir="1" index="2" bw="0" slack="2147483647"/>
</pin_list>
<bind>
<opcode="store(28) " fcode="store"/>
<opset="store_ln817/1 "/>
</bind>
</comp>

<comp id="801" class="1004" name="zext_ln1073_fu_801">
<pin_list>
<pin id="802" dir="0" index="0" bw="10" slack="1"/>
<pin id="803" dir="1" index="1" bw="21" slack="0"/>
</pin_list>
<bind>
<opcode="zext(34) " fcode="zext"/>
<opset="zext_ln1073/2 "/>
</bind>
</comp>

<comp id="804" class="1004" name="mul_ln1073_fu_804">
<pin_list>
<pin id="805" dir="0" index="0" bw="10" slack="0"/>
<pin id="806" dir="0" index="1" bw="12" slack="0"/>
<pin id="807" dir="1" index="2" bw="21" slack="0"/>
</pin_list>
<bind>
<opcode="mul(12) " fcode="mul"/>
<opset="mul_ln1073/2 "/>
</bind>
</comp>

<comp id="810" class="1004" name="trunc_ln1_fu_810">
<pin_list>
<pin id="811" dir="0" index="0" bw="9" slack="0"/>
<pin id="812" dir="0" index="1" bw="21" slack="0"/>
<pin id="813" dir="0" index="2" bw="5" slack="0"/>
<pin id="814" dir="0" index="3" bw="6" slack="0"/>
<pin id="815" dir="1" index="4" bw="9" slack="0"/>
</pin_list>
<bind>
<opcode="partselect(1002) " fcode="partselect"/>
<opset="trunc_ln1/2 "/>
</bind>
</comp>

<comp id="820" class="1004" name="trunc_ln1_cast_fu_820">
<pin_list>
<pin id="821" dir="0" index="0" bw="8" slack="0"/>
<pin id="822" dir="0" index="1" bw="21" slack="0"/>
<pin id="823" dir="0" index="2" bw="5" slack="0"/>
<pin id="824" dir="0" index="3" bw="6" slack="0"/>
<pin id="825" dir="1" index="4" bw="8" slack="2"/>
</pin_list>
<bind>
<opcode="partselect(1002) " fcode="partselect"/>
<opset="trunc_ln1_cast/2 "/>
</bind>
</comp>

<comp id="830" class="1004" name="zext_ln1079_fu_830">
<pin_list>
<pin id="831" dir="0" index="0" bw="3" slack="1"/>
<pin id="832" dir="1" index="1" bw="4" slack="0"/>
</pin_list>
<bind>
<opcode="zext(34) " fcode="zext"/>
<opset="zext_ln1079/2 "/>
</bind>
</comp>

<comp id="833" class="1004" name="remainPix_6_fu_833">
<pin_list>
<pin id="834" dir="0" index="0" bw="1" slack="1"/>
<pin id="835" dir="0" index="1" bw="4" slack="0"/>
<pin id="836" dir="0" index="2" bw="4" slack="0"/>
<pin id="837" dir="1" index="3" bw="4" slack="0"/>
</pin_list>
<bind>
<opcode="select(49) " fcode="select"/>
<opset="remainPix_6/2 "/>
</bind>
</comp>

<comp id="840" class="1004" name="remainTrx_fu_840">
<pin_list>
<pin id="841" dir="0" index="0" bw="1" slack="1"/>
<pin id="842" dir="0" index="1" bw="2" slack="0"/>
<pin id="843" dir="0" index="2" bw="2" slack="1"/>
<pin id="844" dir="1" index="3" bw="2" slack="0"/>
</pin_list>
<bind>
<opcode="select(49) " fcode="select"/>
<opset="remainTrx/2 "/>
</bind>
</comp>

<comp id="846" class="1004" name="add_ln1095_fu_846">
<pin_list>
<pin id="847" dir="0" index="0" bw="9" slack="0"/>
<pin id="848" dir="0" index="1" bw="1" slack="0"/>
<pin id="849" dir="1" index="2" bw="9" slack="2"/>
</pin_list>
<bind>
<opcode="add(8) " fcode="add"/>
<opset="add_ln1095/2 "/>
</bind>
</comp>

<comp id="852" class="1004" name="icmp_ln1095_fu_852">
<pin_list>
<pin id="853" dir="0" index="0" bw="4" slack="0"/>
<pin id="854" dir="0" index="1" bw="4" slack="0"/>
<pin id="855" dir="1" index="2" bw="1" slack="2"/>
</pin_list>
<bind>
<opcode="icmp(45) " fcode="icmp"/>
<opset="icmp_ln1095/2 "/>
</bind>
</comp>

<comp id="858" class="1004" name="tmp_11_fu_858">
<pin_list>
<pin id="859" dir="0" index="0" bw="3" slack="0"/>
<pin id="860" dir="0" index="1" bw="4" slack="0"/>
<pin id="861" dir="0" index="2" bw="1" slack="0"/>
<pin id="862" dir="0" index="3" bw="3" slack="0"/>
<pin id="863" dir="1" index="4" bw="3" slack="0"/>
</pin_list>
<bind>
<opcode="partselect(1002) " fcode="partselect"/>
<opset="tmp_11/2 "/>
</bind>
</comp>

<comp id="868" class="1004" name="icmp_ln1095_3_fu_868">
<pin_list>
<pin id="869" dir="0" index="0" bw="3" slack="0"/>
<pin id="870" dir="0" index="1" bw="3" slack="0"/>
<pin id="871" dir="1" index="2" bw="1" slack="2"/>
</pin_list>
<bind>
<opcode="icmp(45) " fcode="icmp"/>
<opset="icmp_ln1095_3/2 "/>
</bind>
</comp>

<comp id="874" class="1004" name="icmp_ln1095_2_fu_874">
<pin_list>
<pin id="875" dir="0" index="0" bw="4" slack="0"/>
<pin id="876" dir="0" index="1" bw="4" slack="0"/>
<pin id="877" dir="1" index="2" bw="1" slack="2"/>
</pin_list>
<bind>
<opcode="icmp(45) " fcode="icmp"/>
<opset="icmp_ln1095_2/2 "/>
</bind>
</comp>

<comp id="880" class="1004" name="tmp_12_fu_880">
<pin_list>
<pin id="881" dir="0" index="0" bw="2" slack="0"/>
<pin id="882" dir="0" index="1" bw="4" slack="0"/>
<pin id="883" dir="0" index="2" bw="3" slack="0"/>
<pin id="884" dir="0" index="3" bw="3" slack="0"/>
<pin id="885" dir="1" index="4" bw="2" slack="0"/>
</pin_list>
<bind>
<opcode="partselect(1002) " fcode="partselect"/>
<opset="tmp_12/2 "/>
</bind>
</comp>

<comp id="890" class="1004" name="icmp_ln1095_7_fu_890">
<pin_list>
<pin id="891" dir="0" index="0" bw="2" slack="0"/>
<pin id="892" dir="0" index="1" bw="2" slack="0"/>
<pin id="893" dir="1" index="2" bw="1" slack="2"/>
</pin_list>
<bind>
<opcode="icmp(45) " fcode="icmp"/>
<opset="icmp_ln1095_7/2 "/>
</bind>
</comp>

<comp id="896" class="1004" name="icmp_ln1095_4_fu_896">
<pin_list>
<pin id="897" dir="0" index="0" bw="4" slack="0"/>
<pin id="898" dir="0" index="1" bw="4" slack="0"/>
<pin id="899" dir="1" index="2" bw="1" slack="2"/>
</pin_list>
<bind>
<opcode="icmp(45) " fcode="icmp"/>
<opset="icmp_ln1095_4/2 "/>
</bind>
</comp>

<comp id="902" class="1004" name="icmp_ln1095_5_fu_902">
<pin_list>
<pin id="903" dir="0" index="0" bw="4" slack="0"/>
<pin id="904" dir="0" index="1" bw="4" slack="0"/>
<pin id="905" dir="1" index="2" bw="1" slack="2"/>
</pin_list>
<bind>
<opcode="icmp(45) " fcode="icmp"/>
<opset="icmp_ln1095_5/2 "/>
</bind>
</comp>

<comp id="908" class="1004" name="icmp_ln1095_6_fu_908">
<pin_list>
<pin id="909" dir="0" index="0" bw="4" slack="0"/>
<pin id="910" dir="0" index="1" bw="4" slack="0"/>
<pin id="911" dir="1" index="2" bw="1" slack="2"/>
</pin_list>
<bind>
<opcode="icmp(45) " fcode="icmp"/>
<opset="icmp_ln1095_6/2 "/>
</bind>
</comp>

<comp id="914" class="1004" name="tmp_13_fu_914">
<pin_list>
<pin id="915" dir="0" index="0" bw="1" slack="0"/>
<pin id="916" dir="0" index="1" bw="2" slack="0"/>
<pin id="917" dir="0" index="2" bw="1" slack="0"/>
<pin id="918" dir="1" index="3" bw="1" slack="2"/>
</pin_list>
<bind>
<opcode="bitselect(1000) " fcode="bitselect"/>
<opset="tmp_13/2 "/>
</bind>
</comp>

<comp id="922" class="1004" name="icmp_ln1110_fu_922">
<pin_list>
<pin id="923" dir="0" index="0" bw="2" slack="0"/>
<pin id="924" dir="0" index="1" bw="2" slack="0"/>
<pin id="925" dir="1" index="2" bw="1" slack="2"/>
</pin_list>
<bind>
<opcode="icmp(45) " fcode="icmp"/>
<opset="icmp_ln1110/2 "/>
</bind>
</comp>

<comp id="928" class="1004" name="y_10_load_fu_928">
<pin_list>
<pin id="929" dir="0" index="0" bw="11" slack="2"/>
<pin id="930" dir="1" index="1" bw="11" slack="0"/>
</pin_list>
<bind>
<opcode="load(27) " fcode="load"/>
<opset="y_10/3 "/>
</bind>
</comp>

<comp id="931" class="1004" name="icmp_ln1086_fu_931">
<pin_list>
<pin id="932" dir="0" index="0" bw="11" slack="0"/>
<pin id="933" dir="0" index="1" bw="11" slack="2"/>
<pin id="934" dir="1" index="2" bw="1" slack="2147483647"/>
</pin_list>
<bind>
<opcode="icmp(45) " fcode="icmp"/>
<opset="icmp_ln1086/3 "/>
</bind>
</comp>

<comp id="936" class="1004" name="y_11_fu_936">
<pin_list>
<pin id="937" dir="0" index="0" bw="11" slack="0"/>
<pin id="938" dir="0" index="1" bw="1" slack="0"/>
<pin id="939" dir="1" index="2" bw="11" slack="0"/>
</pin_list>
<bind>
<opcode="add(8) " fcode="add"/>
<opset="y_11/3 "/>
</bind>
</comp>

<comp id="942" class="1004" name="pix_24_load_load_fu_942">
<pin_list>
<pin id="943" dir="0" index="0" bw="8" slack="2"/>
<pin id="944" dir="1" index="1" bw="8" slack="2"/>
</pin_list>
<bind>
<opcode="load(27) " fcode="load"/>
<opset="pix_24_load/3 "/>
</bind>
</comp>

<comp id="945" class="1004" name="pix_25_load_load_fu_945">
<pin_list>
<pin id="946" dir="0" index="0" bw="8" slack="2"/>
<pin id="947" dir="1" index="1" bw="8" slack="2"/>
</pin_list>
<bind>
<opcode="load(27) " fcode="load"/>
<opset="pix_25_load/3 "/>
</bind>
</comp>

<comp id="948" class="1004" name="pix_26_load_load_fu_948">
<pin_list>
<pin id="949" dir="0" index="0" bw="8" slack="2"/>
<pin id="950" dir="1" index="1" bw="8" slack="2"/>
</pin_list>
<bind>
<opcode="load(27) " fcode="load"/>
<opset="pix_26_load/3 "/>
</bind>
</comp>

<comp id="951" class="1004" name="pix_27_load_load_fu_951">
<pin_list>
<pin id="952" dir="0" index="0" bw="8" slack="2"/>
<pin id="953" dir="1" index="1" bw="8" slack="2"/>
</pin_list>
<bind>
<opcode="load(27) " fcode="load"/>
<opset="pix_27_load/3 "/>
</bind>
</comp>

<comp id="954" class="1004" name="pix_28_load_load_fu_954">
<pin_list>
<pin id="955" dir="0" index="0" bw="8" slack="2"/>
<pin id="956" dir="1" index="1" bw="8" slack="2"/>
</pin_list>
<bind>
<opcode="load(27) " fcode="load"/>
<opset="pix_28_load/3 "/>
</bind>
</comp>

<comp id="957" class="1004" name="pix_29_load_load_fu_957">
<pin_list>
<pin id="958" dir="0" index="0" bw="8" slack="2"/>
<pin id="959" dir="1" index="1" bw="8" slack="2"/>
</pin_list>
<bind>
<opcode="load(27) " fcode="load"/>
<opset="pix_29_load/3 "/>
</bind>
</comp>

<comp id="960" class="1004" name="store_ln1086_store_fu_960">
<pin_list>
<pin id="961" dir="0" index="0" bw="11" slack="0"/>
<pin id="962" dir="0" index="1" bw="11" slack="2"/>
<pin id="963" dir="1" index="2" bw="0" slack="2147483647"/>
</pin_list>
<bind>
<opcode="store(28) " fcode="store"/>
<opset="store_ln1086/3 "/>
</bind>
</comp>

<comp id="965" class="1004" name="y_8_load_fu_965">
<pin_list>
<pin id="966" dir="0" index="0" bw="11" slack="1"/>
<pin id="967" dir="1" index="1" bw="11" slack="0"/>
</pin_list>
<bind>
<opcode="load(27) " fcode="load"/>
<opset="y_8/6 "/>
</bind>
</comp>

<comp id="968" class="1004" name="icmp_ln900_fu_968">
<pin_list>
<pin id="969" dir="0" index="0" bw="11" slack="0"/>
<pin id="970" dir="0" index="1" bw="11" slack="1"/>
<pin id="971" dir="1" index="2" bw="1" slack="2147483647"/>
</pin_list>
<bind>
<opcode="icmp(45) " fcode="icmp"/>
<opset="icmp_ln900/6 "/>
</bind>
</comp>

<comp id="973" class="1004" name="y_9_fu_973">
<pin_list>
<pin id="974" dir="0" index="0" bw="11" slack="0"/>
<pin id="975" dir="0" index="1" bw="1" slack="0"/>
<pin id="976" dir="1" index="2" bw="11" slack="0"/>
</pin_list>
<bind>
<opcode="add(8) " fcode="add"/>
<opset="y_9/6 "/>
</bind>
</comp>

<comp id="979" class="1004" name="pix_8_load_load_fu_979">
<pin_list>
<pin id="980" dir="0" index="0" bw="8" slack="1"/>
<pin id="981" dir="1" index="1" bw="8" slack="2"/>
</pin_list>
<bind>
<opcode="load(27) " fcode="load"/>
<opset="pix_8_load/6 "/>
</bind>
</comp>

<comp id="982" class="1004" name="pix_9_load_load_fu_982">
<pin_list>
<pin id="983" dir="0" index="0" bw="8" slack="1"/>
<pin id="984" dir="1" index="1" bw="8" slack="2"/>
</pin_list>
<bind>
<opcode="load(27) " fcode="load"/>
<opset="pix_9_load/6 "/>
</bind>
</comp>

<comp id="985" class="1004" name="pix_10_load_load_fu_985">
<pin_list>
<pin id="986" dir="0" index="0" bw="8" slack="1"/>
<pin id="987" dir="1" index="1" bw="8" slack="2"/>
</pin_list>
<bind>
<opcode="load(27) " fcode="load"/>
<opset="pix_10_load/6 "/>
</bind>
</comp>

<comp id="988" class="1004" name="pix_11_load_load_fu_988">
<pin_list>
<pin id="989" dir="0" index="0" bw="8" slack="1"/>
<pin id="990" dir="1" index="1" bw="8" slack="2"/>
</pin_list>
<bind>
<opcode="load(27) " fcode="load"/>
<opset="pix_11_load/6 "/>
</bind>
</comp>

<comp id="991" class="1004" name="trunc_ln900_fu_991">
<pin_list>
<pin id="992" dir="0" index="0" bw="11" slack="0"/>
<pin id="993" dir="1" index="1" bw="1" slack="1"/>
</pin_list>
<bind>
<opcode="trunc(33) " fcode="trunc"/>
<opset="trunc_ln900/6 "/>
</bind>
</comp>

<comp id="995" class="1004" name="store_ln900_store_fu_995">
<pin_list>
<pin id="996" dir="0" index="0" bw="11" slack="0"/>
<pin id="997" dir="0" index="1" bw="11" slack="1"/>
<pin id="998" dir="1" index="2" bw="0" slack="2147483647"/>
</pin_list>
<bind>
<opcode="store(28) " fcode="store"/>
<opset="store_ln900/6 "/>
</bind>
</comp>

<comp id="1000" class="1004" name="y_6_load_fu_1000">
<pin_list>
<pin id="1001" dir="0" index="0" bw="11" slack="1"/>
<pin id="1002" dir="1" index="1" bw="11" slack="0"/>
</pin_list>
<bind>
<opcode="load(27) " fcode="load"/>
<opset="y_6/9 "/>
</bind>
</comp>

<comp id="1003" class="1004" name="icmp_ln859_fu_1003">
<pin_list>
<pin id="1004" dir="0" index="0" bw="11" slack="0"/>
<pin id="1005" dir="0" index="1" bw="11" slack="1"/>
<pin id="1006" dir="1" index="2" bw="1" slack="2147483647"/>
</pin_list>
<bind>
<opcode="icmp(45) " fcode="icmp"/>
<opset="icmp_ln859/9 "/>
</bind>
</comp>

<comp id="1008" class="1004" name="y_7_fu_1008">
<pin_list>
<pin id="1009" dir="0" index="0" bw="11" slack="0"/>
<pin id="1010" dir="0" index="1" bw="1" slack="0"/>
<pin id="1011" dir="1" index="2" bw="11" slack="0"/>
</pin_list>
<bind>
<opcode="add(8) " fcode="add"/>
<opset="y_7/9 "/>
</bind>
</comp>

<comp id="1014" class="1004" name="pix_4_load_load_fu_1014">
<pin_list>
<pin id="1015" dir="0" index="0" bw="8" slack="1"/>
<pin id="1016" dir="1" index="1" bw="8" slack="2"/>
</pin_list>
<bind>
<opcode="load(27) " fcode="load"/>
<opset="pix_4_load/9 "/>
</bind>
</comp>

<comp id="1017" class="1004" name="pix_5_load_load_fu_1017">
<pin_list>
<pin id="1018" dir="0" index="0" bw="8" slack="1"/>
<pin id="1019" dir="1" index="1" bw="8" slack="2"/>
</pin_list>
<bind>
<opcode="load(27) " fcode="load"/>
<opset="pix_5_load/9 "/>
</bind>
</comp>

<comp id="1020" class="1004" name="pix_6_load_load_fu_1020">
<pin_list>
<pin id="1021" dir="0" index="0" bw="8" slack="1"/>
<pin id="1022" dir="1" index="1" bw="8" slack="2"/>
</pin_list>
<bind>
<opcode="load(27) " fcode="load"/>
<opset="pix_6_load/9 "/>
</bind>
</comp>

<comp id="1023" class="1004" name="pix_7_load_load_fu_1023">
<pin_list>
<pin id="1024" dir="0" index="0" bw="8" slack="1"/>
<pin id="1025" dir="1" index="1" bw="8" slack="2"/>
</pin_list>
<bind>
<opcode="load(27) " fcode="load"/>
<opset="pix_7_load/9 "/>
</bind>
</comp>

<comp id="1026" class="1004" name="store_ln859_store_fu_1026">
<pin_list>
<pin id="1027" dir="0" index="0" bw="11" slack="0"/>
<pin id="1028" dir="0" index="1" bw="11" slack="1"/>
<pin id="1029" dir="1" index="2" bw="0" slack="2147483647"/>
</pin_list>
<bind>
<opcode="store(28) " fcode="store"/>
<opset="store_ln859/9 "/>
</bind>
</comp>

<comp id="1031" class="1004" name="y_4_load_fu_1031">
<pin_list>
<pin id="1032" dir="0" index="0" bw="11" slack="1"/>
<pin id="1033" dir="1" index="1" bw="11" slack="0"/>
</pin_list>
<bind>
<opcode="load(27) " fcode="load"/>
<opset="y_4/12 "/>
</bind>
</comp>

<comp id="1034" class="1004" name="icmp_ln817_fu_1034">
<pin_list>
<pin id="1035" dir="0" index="0" bw="11" slack="0"/>
<pin id="1036" dir="0" index="1" bw="11" slack="1"/>
<pin id="1037" dir="1" index="2" bw="1" slack="2147483647"/>
</pin_list>
<bind>
<opcode="icmp(45) " fcode="icmp"/>
<opset="icmp_ln817/12 "/>
</bind>
</comp>

<comp id="1039" class="1004" name="y_5_fu_1039">
<pin_list>
<pin id="1040" dir="0" index="0" bw="11" slack="0"/>
<pin id="1041" dir="0" index="1" bw="1" slack="0"/>
<pin id="1042" dir="1" index="2" bw="11" slack="0"/>
</pin_list>
<bind>
<opcode="add(8) " fcode="add"/>
<opset="y_5/12 "/>
</bind>
</comp>

<comp id="1045" class="1004" name="pix_load_load_fu_1045">
<pin_list>
<pin id="1046" dir="0" index="0" bw="8" slack="1"/>
<pin id="1047" dir="1" index="1" bw="8" slack="2"/>
</pin_list>
<bind>
<opcode="load(27) " fcode="load"/>
<opset="pix_load/12 "/>
</bind>
</comp>

<comp id="1048" class="1004" name="pix_1_load_load_fu_1048">
<pin_list>
<pin id="1049" dir="0" index="0" bw="8" slack="1"/>
<pin id="1050" dir="1" index="1" bw="8" slack="2"/>
</pin_list>
<bind>
<opcode="load(27) " fcode="load"/>
<opset="pix_1_load/12 "/>
</bind>
</comp>

<comp id="1051" class="1004" name="pix_2_load_load_fu_1051">
<pin_list>
<pin id="1052" dir="0" index="0" bw="8" slack="1"/>
<pin id="1053" dir="1" index="1" bw="8" slack="2"/>
</pin_list>
<bind>
<opcode="load(27) " fcode="load"/>
<opset="pix_2_load/12 "/>
</bind>
</comp>

<comp id="1054" class="1004" name="pix_3_load_load_fu_1054">
<pin_list>
<pin id="1055" dir="0" index="0" bw="8" slack="1"/>
<pin id="1056" dir="1" index="1" bw="8" slack="2"/>
</pin_list>
<bind>
<opcode="load(27) " fcode="load"/>
<opset="pix_3_load/12 "/>
</bind>
</comp>

<comp id="1057" class="1004" name="store_ln817_store_fu_1057">
<pin_list>
<pin id="1058" dir="0" index="0" bw="11" slack="0"/>
<pin id="1059" dir="0" index="1" bw="11" slack="1"/>
<pin id="1060" dir="1" index="2" bw="0" slack="2147483647"/>
</pin_list>
<bind>
<opcode="store(28) " fcode="store"/>
<opset="store_ln817/12 "/>
</bind>
</comp>

<comp id="1062" class="1005" name="VideoFormat_val_read_reg_1062">
<pin_list>
<pin id="1063" dir="0" index="0" bw="6" slack="2"/>
<pin id="1064" dir="1" index="1" bw="6" slack="2147483647"/>
</pin_list>
<bind>
<opset="VideoFormat_val_read "/>
</bind>
</comp>

<comp id="1066" class="1005" name="Height_val_read_reg_1066">
<pin_list>
<pin id="1067" dir="0" index="0" bw="11" slack="1"/>
<pin id="1068" dir="1" index="1" bw="11" slack="1"/>
</pin_list>
<bind>
<opset="Height_val_read "/>
</bind>
</comp>

<comp id="1074" class="1005" name="empty_reg_1074">
<pin_list>
<pin id="1075" dir="0" index="0" bw="5" slack="2"/>
<pin id="1076" dir="1" index="1" bw="5" slack="2"/>
</pin_list>
<bind>
<opset="empty "/>
</bind>
</comp>

<comp id="1079" class="1005" name="y_3_reg_1079">
<pin_list>
<pin id="1080" dir="0" index="0" bw="11" slack="0"/>
<pin id="1081" dir="1" index="1" bw="11" slack="0"/>
</pin_list>
<bind>
<opset="y_3 "/>
</bind>
</comp>

<comp id="1086" class="1005" name="pix_24_reg_1086">
<pin_list>
<pin id="1087" dir="0" index="0" bw="8" slack="2"/>
<pin id="1088" dir="1" index="1" bw="8" slack="2"/>
</pin_list>
<bind>
<opset="pix_24 "/>
</bind>
</comp>

<comp id="1092" class="1005" name="pix_25_reg_1092">
<pin_list>
<pin id="1093" dir="0" index="0" bw="8" slack="2"/>
<pin id="1094" dir="1" index="1" bw="8" slack="2"/>
</pin_list>
<bind>
<opset="pix_25 "/>
</bind>
</comp>

<comp id="1098" class="1005" name="pix_26_reg_1098">
<pin_list>
<pin id="1099" dir="0" index="0" bw="8" slack="2"/>
<pin id="1100" dir="1" index="1" bw="8" slack="2"/>
</pin_list>
<bind>
<opset="pix_26 "/>
</bind>
</comp>

<comp id="1104" class="1005" name="pix_27_reg_1104">
<pin_list>
<pin id="1105" dir="0" index="0" bw="8" slack="2"/>
<pin id="1106" dir="1" index="1" bw="8" slack="2"/>
</pin_list>
<bind>
<opset="pix_27 "/>
</bind>
</comp>

<comp id="1110" class="1005" name="pix_28_reg_1110">
<pin_list>
<pin id="1111" dir="0" index="0" bw="8" slack="2"/>
<pin id="1112" dir="1" index="1" bw="8" slack="2"/>
</pin_list>
<bind>
<opset="pix_28 "/>
</bind>
</comp>

<comp id="1116" class="1005" name="pix_29_reg_1116">
<pin_list>
<pin id="1117" dir="0" index="0" bw="8" slack="2"/>
<pin id="1118" dir="1" index="1" bw="8" slack="2"/>
</pin_list>
<bind>
<opset="pix_29 "/>
</bind>
</comp>

<comp id="1122" class="1005" name="add_ln1073_reg_1122">
<pin_list>
<pin id="1123" dir="0" index="0" bw="10" slack="1"/>
<pin id="1124" dir="1" index="1" bw="10" slack="1"/>
</pin_list>
<bind>
<opset="add_ln1073 "/>
</bind>
</comp>

<comp id="1127" class="1005" name="icmp_ln1077_reg_1127">
<pin_list>
<pin id="1128" dir="0" index="0" bw="1" slack="1"/>
<pin id="1129" dir="1" index="1" bw="1" slack="1"/>
</pin_list>
<bind>
<opset="icmp_ln1077 "/>
</bind>
</comp>

<comp id="1134" class="1005" name="lshr_ln1_reg_1134">
<pin_list>
<pin id="1135" dir="0" index="0" bw="3" slack="1"/>
<pin id="1136" dir="1" index="1" bw="3" slack="1"/>
</pin_list>
<bind>
<opset="lshr_ln1 "/>
</bind>
</comp>

<comp id="1139" class="1005" name="trunc_ln2_reg_1139">
<pin_list>
<pin id="1140" dir="0" index="0" bw="2" slack="1"/>
<pin id="1141" dir="1" index="1" bw="2" slack="1"/>
</pin_list>
<bind>
<opset="trunc_ln2 "/>
</bind>
</comp>

<comp id="1144" class="1005" name="y_2_reg_1144">
<pin_list>
<pin id="1145" dir="0" index="0" bw="11" slack="0"/>
<pin id="1146" dir="1" index="1" bw="11" slack="0"/>
</pin_list>
<bind>
<opset="y_2 "/>
</bind>
</comp>

<comp id="1151" class="1005" name="pix_8_reg_1151">
<pin_list>
<pin id="1152" dir="0" index="0" bw="8" slack="1"/>
<pin id="1153" dir="1" index="1" bw="8" slack="1"/>
</pin_list>
<bind>
<opset="pix_8 "/>
</bind>
</comp>

<comp id="1157" class="1005" name="pix_9_reg_1157">
<pin_list>
<pin id="1158" dir="0" index="0" bw="8" slack="1"/>
<pin id="1159" dir="1" index="1" bw="8" slack="1"/>
</pin_list>
<bind>
<opset="pix_9 "/>
</bind>
</comp>

<comp id="1163" class="1005" name="pix_10_reg_1163">
<pin_list>
<pin id="1164" dir="0" index="0" bw="8" slack="1"/>
<pin id="1165" dir="1" index="1" bw="8" slack="1"/>
</pin_list>
<bind>
<opset="pix_10 "/>
</bind>
</comp>

<comp id="1169" class="1005" name="pix_11_reg_1169">
<pin_list>
<pin id="1170" dir="0" index="0" bw="8" slack="1"/>
<pin id="1171" dir="1" index="1" bw="8" slack="1"/>
</pin_list>
<bind>
<opset="pix_11 "/>
</bind>
</comp>

<comp id="1175" class="1005" name="icmp_ln892_reg_1175">
<pin_list>
<pin id="1176" dir="0" index="0" bw="1" slack="2"/>
<pin id="1177" dir="1" index="1" bw="1" slack="2"/>
</pin_list>
<bind>
<opset="icmp_ln892 "/>
</bind>
</comp>

<comp id="1180" class="1005" name="add_ln909_reg_1180">
<pin_list>
<pin id="1181" dir="0" index="0" bw="11" slack="2"/>
<pin id="1182" dir="1" index="1" bw="11" slack="2"/>
</pin_list>
<bind>
<opset="add_ln909 "/>
</bind>
</comp>

<comp id="1185" class="1005" name="icmp_ln909_reg_1185">
<pin_list>
<pin id="1186" dir="0" index="0" bw="1" slack="2"/>
<pin id="1187" dir="1" index="1" bw="1" slack="2"/>
</pin_list>
<bind>
<opset="icmp_ln909 "/>
</bind>
</comp>

<comp id="1190" class="1005" name="icmp_ln909_3_reg_1190">
<pin_list>
<pin id="1191" dir="0" index="0" bw="1" slack="2"/>
<pin id="1192" dir="1" index="1" bw="1" slack="2"/>
</pin_list>
<bind>
<opset="icmp_ln909_3 "/>
</bind>
</comp>

<comp id="1195" class="1005" name="icmp_ln909_2_reg_1195">
<pin_list>
<pin id="1196" dir="0" index="0" bw="1" slack="2"/>
<pin id="1197" dir="1" index="1" bw="1" slack="2"/>
</pin_list>
<bind>
<opset="icmp_ln909_2 "/>
</bind>
</comp>

<comp id="1200" class="1005" name="icmp_ln909_7_reg_1200">
<pin_list>
<pin id="1201" dir="0" index="0" bw="1" slack="2"/>
<pin id="1202" dir="1" index="1" bw="1" slack="2"/>
</pin_list>
<bind>
<opset="icmp_ln909_7 "/>
</bind>
</comp>

<comp id="1205" class="1005" name="icmp_ln909_4_reg_1205">
<pin_list>
<pin id="1206" dir="0" index="0" bw="1" slack="2"/>
<pin id="1207" dir="1" index="1" bw="1" slack="2"/>
</pin_list>
<bind>
<opset="icmp_ln909_4 "/>
</bind>
</comp>

<comp id="1210" class="1005" name="icmp_ln909_5_reg_1210">
<pin_list>
<pin id="1211" dir="0" index="0" bw="1" slack="2"/>
<pin id="1212" dir="1" index="1" bw="1" slack="2"/>
</pin_list>
<bind>
<opset="icmp_ln909_5 "/>
</bind>
</comp>

<comp id="1215" class="1005" name="icmp_ln909_6_reg_1215">
<pin_list>
<pin id="1216" dir="0" index="0" bw="1" slack="2"/>
<pin id="1217" dir="1" index="1" bw="1" slack="2"/>
</pin_list>
<bind>
<opset="icmp_ln909_6 "/>
</bind>
</comp>

<comp id="1220" class="1005" name="y_1_reg_1220">
<pin_list>
<pin id="1221" dir="0" index="0" bw="11" slack="0"/>
<pin id="1222" dir="1" index="1" bw="11" slack="0"/>
</pin_list>
<bind>
<opset="y_1 "/>
</bind>
</comp>

<comp id="1227" class="1005" name="pix_4_reg_1227">
<pin_list>
<pin id="1228" dir="0" index="0" bw="8" slack="1"/>
<pin id="1229" dir="1" index="1" bw="8" slack="1"/>
</pin_list>
<bind>
<opset="pix_4 "/>
</bind>
</comp>

<comp id="1233" class="1005" name="pix_5_reg_1233">
<pin_list>
<pin id="1234" dir="0" index="0" bw="8" slack="1"/>
<pin id="1235" dir="1" index="1" bw="8" slack="1"/>
</pin_list>
<bind>
<opset="pix_5 "/>
</bind>
</comp>

<comp id="1239" class="1005" name="pix_6_reg_1239">
<pin_list>
<pin id="1240" dir="0" index="0" bw="8" slack="1"/>
<pin id="1241" dir="1" index="1" bw="8" slack="1"/>
</pin_list>
<bind>
<opset="pix_6 "/>
</bind>
</comp>

<comp id="1245" class="1005" name="pix_7_reg_1245">
<pin_list>
<pin id="1246" dir="0" index="0" bw="8" slack="1"/>
<pin id="1247" dir="1" index="1" bw="8" slack="1"/>
</pin_list>
<bind>
<opset="pix_7 "/>
</bind>
</comp>

<comp id="1251" class="1005" name="icmp_ln851_reg_1251">
<pin_list>
<pin id="1252" dir="0" index="0" bw="1" slack="2"/>
<pin id="1253" dir="1" index="1" bw="1" slack="2"/>
</pin_list>
<bind>
<opset="icmp_ln851 "/>
</bind>
</comp>

<comp id="1256" class="1005" name="add_ln868_reg_1256">
<pin_list>
<pin id="1257" dir="0" index="0" bw="11" slack="2"/>
<pin id="1258" dir="1" index="1" bw="11" slack="2"/>
</pin_list>
<bind>
<opset="add_ln868 "/>
</bind>
</comp>

<comp id="1261" class="1005" name="icmp_ln868_reg_1261">
<pin_list>
<pin id="1262" dir="0" index="0" bw="1" slack="2"/>
<pin id="1263" dir="1" index="1" bw="1" slack="2"/>
</pin_list>
<bind>
<opset="icmp_ln868 "/>
</bind>
</comp>

<comp id="1266" class="1005" name="icmp_ln868_3_reg_1266">
<pin_list>
<pin id="1267" dir="0" index="0" bw="1" slack="2"/>
<pin id="1268" dir="1" index="1" bw="1" slack="2"/>
</pin_list>
<bind>
<opset="icmp_ln868_3 "/>
</bind>
</comp>

<comp id="1271" class="1005" name="icmp_ln868_2_reg_1271">
<pin_list>
<pin id="1272" dir="0" index="0" bw="1" slack="2"/>
<pin id="1273" dir="1" index="1" bw="1" slack="2"/>
</pin_list>
<bind>
<opset="icmp_ln868_2 "/>
</bind>
</comp>

<comp id="1276" class="1005" name="y_reg_1276">
<pin_list>
<pin id="1277" dir="0" index="0" bw="11" slack="0"/>
<pin id="1278" dir="1" index="1" bw="11" slack="0"/>
</pin_list>
<bind>
<opset="y "/>
</bind>
</comp>

<comp id="1283" class="1005" name="pix_reg_1283">
<pin_list>
<pin id="1284" dir="0" index="0" bw="8" slack="1"/>
<pin id="1285" dir="1" index="1" bw="8" slack="1"/>
</pin_list>
<bind>
<opset="pix "/>
</bind>
</comp>

<comp id="1289" class="1005" name="pix_1_reg_1289">
<pin_list>
<pin id="1290" dir="0" index="0" bw="8" slack="1"/>
<pin id="1291" dir="1" index="1" bw="8" slack="1"/>
</pin_list>
<bind>
<opset="pix_1 "/>
</bind>
</comp>

<comp id="1295" class="1005" name="pix_2_reg_1295">
<pin_list>
<pin id="1296" dir="0" index="0" bw="8" slack="1"/>
<pin id="1297" dir="1" index="1" bw="8" slack="1"/>
</pin_list>
<bind>
<opset="pix_2 "/>
</bind>
</comp>

<comp id="1301" class="1005" name="pix_3_reg_1301">
<pin_list>
<pin id="1302" dir="0" index="0" bw="8" slack="1"/>
<pin id="1303" dir="1" index="1" bw="8" slack="1"/>
</pin_list>
<bind>
<opset="pix_3 "/>
</bind>
</comp>

<comp id="1307" class="1005" name="icmp_ln809_reg_1307">
<pin_list>
<pin id="1308" dir="0" index="0" bw="1" slack="2"/>
<pin id="1309" dir="1" index="1" bw="1" slack="2"/>
</pin_list>
<bind>
<opset="icmp_ln809 "/>
</bind>
</comp>

<comp id="1312" class="1005" name="add_ln826_reg_1312">
<pin_list>
<pin id="1313" dir="0" index="0" bw="11" slack="2"/>
<pin id="1314" dir="1" index="1" bw="11" slack="2"/>
</pin_list>
<bind>
<opset="add_ln826 "/>
</bind>
</comp>

<comp id="1317" class="1005" name="icmp_ln826_reg_1317">
<pin_list>
<pin id="1318" dir="0" index="0" bw="1" slack="2"/>
<pin id="1319" dir="1" index="1" bw="1" slack="2"/>
</pin_list>
<bind>
<opset="icmp_ln826 "/>
</bind>
</comp>

<comp id="1322" class="1005" name="icmp_ln826_3_reg_1322">
<pin_list>
<pin id="1323" dir="0" index="0" bw="1" slack="2"/>
<pin id="1324" dir="1" index="1" bw="1" slack="2"/>
</pin_list>
<bind>
<opset="icmp_ln826_3 "/>
</bind>
</comp>

<comp id="1327" class="1005" name="icmp_ln826_2_reg_1327">
<pin_list>
<pin id="1328" dir="0" index="0" bw="1" slack="2"/>
<pin id="1329" dir="1" index="1" bw="1" slack="2"/>
</pin_list>
<bind>
<opset="icmp_ln826_2 "/>
</bind>
</comp>

<comp id="1332" class="1005" name="trunc_ln1_cast_reg_1332">
<pin_list>
<pin id="1333" dir="0" index="0" bw="8" slack="2"/>
<pin id="1334" dir="1" index="1" bw="8" slack="2"/>
</pin_list>
<bind>
<opset="trunc_ln1_cast "/>
</bind>
</comp>

<comp id="1337" class="1005" name="add_ln1095_reg_1337">
<pin_list>
<pin id="1338" dir="0" index="0" bw="9" slack="2"/>
<pin id="1339" dir="1" index="1" bw="9" slack="2"/>
</pin_list>
<bind>
<opset="add_ln1095 "/>
</bind>
</comp>

<comp id="1342" class="1005" name="icmp_ln1095_reg_1342">
<pin_list>
<pin id="1343" dir="0" index="0" bw="1" slack="2"/>
<pin id="1344" dir="1" index="1" bw="1" slack="2"/>
</pin_list>
<bind>
<opset="icmp_ln1095 "/>
</bind>
</comp>

<comp id="1347" class="1005" name="icmp_ln1095_3_reg_1347">
<pin_list>
<pin id="1348" dir="0" index="0" bw="1" slack="2"/>
<pin id="1349" dir="1" index="1" bw="1" slack="2"/>
</pin_list>
<bind>
<opset="icmp_ln1095_3 "/>
</bind>
</comp>

<comp id="1352" class="1005" name="icmp_ln1095_2_reg_1352">
<pin_list>
<pin id="1353" dir="0" index="0" bw="1" slack="2"/>
<pin id="1354" dir="1" index="1" bw="1" slack="2"/>
</pin_list>
<bind>
<opset="icmp_ln1095_2 "/>
</bind>
</comp>

<comp id="1357" class="1005" name="icmp_ln1095_7_reg_1357">
<pin_list>
<pin id="1358" dir="0" index="0" bw="1" slack="2"/>
<pin id="1359" dir="1" index="1" bw="1" slack="2"/>
</pin_list>
<bind>
<opset="icmp_ln1095_7 "/>
</bind>
</comp>

<comp id="1362" class="1005" name="icmp_ln1095_4_reg_1362">
<pin_list>
<pin id="1363" dir="0" index="0" bw="1" slack="2"/>
<pin id="1364" dir="1" index="1" bw="1" slack="2"/>
</pin_list>
<bind>
<opset="icmp_ln1095_4 "/>
</bind>
</comp>

<comp id="1367" class="1005" name="icmp_ln1095_5_reg_1367">
<pin_list>
<pin id="1368" dir="0" index="0" bw="1" slack="2"/>
<pin id="1369" dir="1" index="1" bw="1" slack="2"/>
</pin_list>
<bind>
<opset="icmp_ln1095_5 "/>
</bind>
</comp>

<comp id="1372" class="1005" name="icmp_ln1095_6_reg_1372">
<pin_list>
<pin id="1373" dir="0" index="0" bw="1" slack="2"/>
<pin id="1374" dir="1" index="1" bw="1" slack="2"/>
</pin_list>
<bind>
<opset="icmp_ln1095_6 "/>
</bind>
</comp>

<comp id="1377" class="1005" name="tmp_13_reg_1377">
<pin_list>
<pin id="1378" dir="0" index="0" bw="1" slack="2"/>
<pin id="1379" dir="1" index="1" bw="1" slack="2"/>
</pin_list>
<bind>
<opset="tmp_13 "/>
</bind>
</comp>

<comp id="1382" class="1005" name="icmp_ln1110_reg_1382">
<pin_list>
<pin id="1383" dir="0" index="0" bw="1" slack="2"/>
<pin id="1384" dir="1" index="1" bw="1" slack="2"/>
</pin_list>
<bind>
<opset="icmp_ln1110 "/>
</bind>
</comp>

<comp id="1390" class="1005" name="pix_24_load_reg_1390">
<pin_list>
<pin id="1391" dir="0" index="0" bw="8" slack="2"/>
<pin id="1392" dir="1" index="1" bw="8" slack="2"/>
</pin_list>
<bind>
<opset="pix_24_load "/>
</bind>
</comp>

<comp id="1395" class="1005" name="pix_25_load_reg_1395">
<pin_list>
<pin id="1396" dir="0" index="0" bw="8" slack="2"/>
<pin id="1397" dir="1" index="1" bw="8" slack="2"/>
</pin_list>
<bind>
<opset="pix_25_load "/>
</bind>
</comp>

<comp id="1400" class="1005" name="pix_26_load_reg_1400">
<pin_list>
<pin id="1401" dir="0" index="0" bw="8" slack="2"/>
<pin id="1402" dir="1" index="1" bw="8" slack="2"/>
</pin_list>
<bind>
<opset="pix_26_load "/>
</bind>
</comp>

<comp id="1405" class="1005" name="pix_27_load_reg_1405">
<pin_list>
<pin id="1406" dir="0" index="0" bw="8" slack="2"/>
<pin id="1407" dir="1" index="1" bw="8" slack="2"/>
</pin_list>
<bind>
<opset="pix_27_load "/>
</bind>
</comp>

<comp id="1410" class="1005" name="pix_28_load_reg_1410">
<pin_list>
<pin id="1411" dir="0" index="0" bw="8" slack="2"/>
<pin id="1412" dir="1" index="1" bw="8" slack="2"/>
</pin_list>
<bind>
<opset="pix_28_load "/>
</bind>
</comp>

<comp id="1415" class="1005" name="pix_29_load_reg_1415">
<pin_list>
<pin id="1416" dir="0" index="0" bw="8" slack="2"/>
<pin id="1417" dir="1" index="1" bw="8" slack="2"/>
</pin_list>
<bind>
<opset="pix_29_load "/>
</bind>
</comp>

<comp id="1423" class="1005" name="pix_8_load_reg_1423">
<pin_list>
<pin id="1424" dir="0" index="0" bw="8" slack="2"/>
<pin id="1425" dir="1" index="1" bw="8" slack="2"/>
</pin_list>
<bind>
<opset="pix_8_load "/>
</bind>
</comp>

<comp id="1428" class="1005" name="pix_9_load_reg_1428">
<pin_list>
<pin id="1429" dir="0" index="0" bw="8" slack="2"/>
<pin id="1430" dir="1" index="1" bw="8" slack="2"/>
</pin_list>
<bind>
<opset="pix_9_load "/>
</bind>
</comp>

<comp id="1433" class="1005" name="pix_10_load_reg_1433">
<pin_list>
<pin id="1434" dir="0" index="0" bw="8" slack="2"/>
<pin id="1435" dir="1" index="1" bw="8" slack="2"/>
</pin_list>
<bind>
<opset="pix_10_load "/>
</bind>
</comp>

<comp id="1438" class="1005" name="pix_11_load_reg_1438">
<pin_list>
<pin id="1439" dir="0" index="0" bw="8" slack="2"/>
<pin id="1440" dir="1" index="1" bw="8" slack="2"/>
</pin_list>
<bind>
<opset="pix_11_load "/>
</bind>
</comp>

<comp id="1443" class="1005" name="trunc_ln900_reg_1443">
<pin_list>
<pin id="1444" dir="0" index="0" bw="1" slack="1"/>
<pin id="1445" dir="1" index="1" bw="1" slack="1"/>
</pin_list>
<bind>
<opset="trunc_ln900 "/>
</bind>
</comp>

<comp id="1451" class="1005" name="pix_4_load_reg_1451">
<pin_list>
<pin id="1452" dir="0" index="0" bw="8" slack="2"/>
<pin id="1453" dir="1" index="1" bw="8" slack="2"/>
</pin_list>
<bind>
<opset="pix_4_load "/>
</bind>
</comp>

<comp id="1456" class="1005" name="pix_5_load_reg_1456">
<pin_list>
<pin id="1457" dir="0" index="0" bw="8" slack="2"/>
<pin id="1458" dir="1" index="1" bw="8" slack="2"/>
</pin_list>
<bind>
<opset="pix_5_load "/>
</bind>
</comp>

<comp id="1461" class="1005" name="pix_6_load_reg_1461">
<pin_list>
<pin id="1462" dir="0" index="0" bw="8" slack="2"/>
<pin id="1463" dir="1" index="1" bw="8" slack="2"/>
</pin_list>
<bind>
<opset="pix_6_load "/>
</bind>
</comp>

<comp id="1466" class="1005" name="pix_7_load_reg_1466">
<pin_list>
<pin id="1467" dir="0" index="0" bw="8" slack="2"/>
<pin id="1468" dir="1" index="1" bw="8" slack="2"/>
</pin_list>
<bind>
<opset="pix_7_load "/>
</bind>
</comp>

<comp id="1474" class="1005" name="pix_load_reg_1474">
<pin_list>
<pin id="1475" dir="0" index="0" bw="8" slack="2"/>
<pin id="1476" dir="1" index="1" bw="8" slack="2"/>
</pin_list>
<bind>
<opset="pix_load "/>
</bind>
</comp>

<comp id="1479" class="1005" name="pix_1_load_reg_1479">
<pin_list>
<pin id="1480" dir="0" index="0" bw="8" slack="2"/>
<pin id="1481" dir="1" index="1" bw="8" slack="2"/>
</pin_list>
<bind>
<opset="pix_1_load "/>
</bind>
</comp>

<comp id="1484" class="1005" name="pix_2_load_reg_1484">
<pin_list>
<pin id="1485" dir="0" index="0" bw="8" slack="2"/>
<pin id="1486" dir="1" index="1" bw="8" slack="2"/>
</pin_list>
<bind>
<opset="pix_2_load "/>
</bind>
</comp>

<comp id="1489" class="1005" name="pix_3_load_reg_1489">
<pin_list>
<pin id="1490" dir="0" index="0" bw="8" slack="2"/>
<pin id="1491" dir="1" index="1" bw="8" slack="2"/>
</pin_list>
<bind>
<opset="pix_3_load "/>
</bind>
</comp>

</comp_list>

<net_list>
<net id="205"><net_src comp="90" pin="0"/><net_sink comp="202" pin=0"/></net>

<net id="209"><net_src comp="90" pin="0"/><net_sink comp="206" pin=0"/></net>

<net id="213"><net_src comp="90" pin="0"/><net_sink comp="210" pin=0"/></net>

<net id="217"><net_src comp="90" pin="0"/><net_sink comp="214" pin=0"/></net>

<net id="221"><net_src comp="90" pin="0"/><net_sink comp="218" pin=0"/></net>

<net id="225"><net_src comp="90" pin="0"/><net_sink comp="222" pin=0"/></net>

<net id="229"><net_src comp="90" pin="0"/><net_sink comp="226" pin=0"/></net>

<net id="233"><net_src comp="90" pin="0"/><net_sink comp="230" pin=0"/></net>

<net id="237"><net_src comp="90" pin="0"/><net_sink comp="234" pin=0"/></net>

<net id="241"><net_src comp="90" pin="0"/><net_sink comp="238" pin=0"/></net>

<net id="245"><net_src comp="90" pin="0"/><net_sink comp="242" pin=0"/></net>

<net id="249"><net_src comp="90" pin="0"/><net_sink comp="246" pin=0"/></net>

<net id="253"><net_src comp="90" pin="0"/><net_sink comp="250" pin=0"/></net>

<net id="257"><net_src comp="90" pin="0"/><net_sink comp="254" pin=0"/></net>

<net id="261"><net_src comp="90" pin="0"/><net_sink comp="258" pin=0"/></net>

<net id="265"><net_src comp="90" pin="0"/><net_sink comp="262" pin=0"/></net>

<net id="269"><net_src comp="90" pin="0"/><net_sink comp="266" pin=0"/></net>

<net id="273"><net_src comp="90" pin="0"/><net_sink comp="270" pin=0"/></net>

<net id="277"><net_src comp="90" pin="0"/><net_sink comp="274" pin=0"/></net>

<net id="281"><net_src comp="90" pin="0"/><net_sink comp="278" pin=0"/></net>

<net id="285"><net_src comp="90" pin="0"/><net_sink comp="282" pin=0"/></net>

<net id="289"><net_src comp="90" pin="0"/><net_sink comp="286" pin=0"/></net>

<net id="294"><net_src comp="14" pin="0"/><net_sink comp="290" pin=0"/></net>

<net id="295"><net_src comp="12" pin="0"/><net_sink comp="290" pin=1"/></net>

<net id="300"><net_src comp="16" pin="0"/><net_sink comp="296" pin=0"/></net>

<net id="301"><net_src comp="10" pin="0"/><net_sink comp="296" pin=1"/></net>

<net id="306"><net_src comp="18" pin="0"/><net_sink comp="302" pin=0"/></net>

<net id="307"><net_src comp="8" pin="0"/><net_sink comp="302" pin=1"/></net>

<net id="312"><net_src comp="18" pin="0"/><net_sink comp="308" pin=0"/></net>

<net id="313"><net_src comp="6" pin="0"/><net_sink comp="308" pin=1"/></net>

<net id="343"><net_src comp="184" pin="0"/><net_sink comp="314" pin=0"/></net>

<net id="344"><net_src comp="2" pin="0"/><net_sink comp="314" pin=9"/></net>

<net id="345"><net_src comp="0" pin="0"/><net_sink comp="314" pin=20"/></net>

<net id="372"><net_src comp="190" pin="0"/><net_sink comp="346" pin=0"/></net>

<net id="373"><net_src comp="4" pin="0"/><net_sink comp="346" pin=6"/></net>

<net id="374"><net_src comp="2" pin="0"/><net_sink comp="346" pin=7"/></net>

<net id="375"><net_src comp="0" pin="0"/><net_sink comp="346" pin=19"/></net>

<net id="395"><net_src comp="194" pin="0"/><net_sink comp="376" pin=0"/></net>

<net id="396"><net_src comp="2" pin="0"/><net_sink comp="376" pin=6"/></net>

<net id="397"><net_src comp="0" pin="0"/><net_sink comp="376" pin=12"/></net>

<net id="417"><net_src comp="198" pin="0"/><net_sink comp="398" pin=0"/></net>

<net id="418"><net_src comp="2" pin="0"/><net_sink comp="398" pin=6"/></net>

<net id="419"><net_src comp="0" pin="0"/><net_sink comp="398" pin=12"/></net>

<net id="424"><net_src comp="296" pin="2"/><net_sink comp="420" pin=0"/></net>

<net id="425"><net_src comp="92" pin="0"/><net_sink comp="420" pin=1"/></net>

<net id="432"><net_src comp="94" pin="0"/><net_sink comp="426" pin=0"/></net>

<net id="433"><net_src comp="420" pin="2"/><net_sink comp="426" pin=1"/></net>

<net id="434"><net_src comp="96" pin="0"/><net_sink comp="426" pin=2"/></net>

<net id="435"><net_src comp="98" pin="0"/><net_sink comp="426" pin=3"/></net>

<net id="442"><net_src comp="126" pin="0"/><net_sink comp="436" pin=0"/></net>

<net id="443"><net_src comp="296" pin="2"/><net_sink comp="436" pin=1"/></net>

<net id="444"><net_src comp="90" pin="0"/><net_sink comp="436" pin=2"/></net>

<net id="445"><net_src comp="106" pin="0"/><net_sink comp="436" pin=3"/></net>

<net id="450"><net_src comp="436" pin="4"/><net_sink comp="446" pin=0"/></net>

<net id="451"><net_src comp="114" pin="0"/><net_sink comp="446" pin=1"/></net>

<net id="458"><net_src comp="148" pin="0"/><net_sink comp="452" pin=0"/></net>

<net id="459"><net_src comp="296" pin="2"/><net_sink comp="452" pin=1"/></net>

<net id="460"><net_src comp="138" pin="0"/><net_sink comp="452" pin=2"/></net>

<net id="461"><net_src comp="106" pin="0"/><net_sink comp="452" pin=3"/></net>

<net id="465"><net_src comp="426" pin="4"/><net_sink comp="462" pin=0"/></net>

<net id="466"><net_src comp="462" pin="1"/><net_sink comp="346" pin=5"/></net>

<net id="467"><net_src comp="462" pin="1"/><net_sink comp="376" pin=5"/></net>

<net id="468"><net_src comp="462" pin="1"/><net_sink comp="398" pin=5"/></net>

<net id="472"><net_src comp="290" pin="2"/><net_sink comp="469" pin=0"/></net>

<net id="497"><net_src comp="290" pin="2"/><net_sink comp="473" pin=0"/></net>

<net id="498"><net_src comp="48" pin="0"/><net_sink comp="473" pin=1"/></net>

<net id="499"><net_src comp="50" pin="0"/><net_sink comp="473" pin=2"/></net>

<net id="500"><net_src comp="52" pin="0"/><net_sink comp="473" pin=3"/></net>

<net id="501"><net_src comp="54" pin="0"/><net_sink comp="473" pin=4"/></net>

<net id="502"><net_src comp="56" pin="0"/><net_sink comp="473" pin=5"/></net>

<net id="503"><net_src comp="58" pin="0"/><net_sink comp="473" pin=6"/></net>

<net id="504"><net_src comp="60" pin="0"/><net_sink comp="473" pin=7"/></net>

<net id="505"><net_src comp="62" pin="0"/><net_sink comp="473" pin=8"/></net>

<net id="506"><net_src comp="64" pin="0"/><net_sink comp="473" pin=9"/></net>

<net id="507"><net_src comp="66" pin="0"/><net_sink comp="473" pin=10"/></net>

<net id="508"><net_src comp="68" pin="0"/><net_sink comp="473" pin=11"/></net>

<net id="509"><net_src comp="70" pin="0"/><net_sink comp="473" pin=12"/></net>

<net id="510"><net_src comp="72" pin="0"/><net_sink comp="473" pin=13"/></net>

<net id="511"><net_src comp="74" pin="0"/><net_sink comp="473" pin=14"/></net>

<net id="512"><net_src comp="76" pin="0"/><net_sink comp="473" pin=15"/></net>

<net id="513"><net_src comp="78" pin="0"/><net_sink comp="473" pin=16"/></net>

<net id="514"><net_src comp="80" pin="0"/><net_sink comp="473" pin=17"/></net>

<net id="515"><net_src comp="82" pin="0"/><net_sink comp="473" pin=18"/></net>

<net id="516"><net_src comp="84" pin="0"/><net_sink comp="473" pin=19"/></net>

<net id="517"><net_src comp="86" pin="0"/><net_sink comp="473" pin=20"/></net>

<net id="518"><net_src comp="88" pin="0"/><net_sink comp="473" pin=21"/></net>

<net id="523"><net_src comp="426" pin="4"/><net_sink comp="519" pin=0"/></net>

<net id="524"><net_src comp="100" pin="0"/><net_sink comp="519" pin=1"/></net>

<net id="528"><net_src comp="302" pin="2"/><net_sink comp="525" pin=0"/></net>

<net id="533"><net_src comp="525" pin="1"/><net_sink comp="529" pin=0"/></net>

<net id="534"><net_src comp="102" pin="0"/><net_sink comp="529" pin=1"/></net>

<net id="541"><net_src comp="104" pin="0"/><net_sink comp="535" pin=0"/></net>

<net id="542"><net_src comp="302" pin="2"/><net_sink comp="535" pin=1"/></net>

<net id="543"><net_src comp="90" pin="0"/><net_sink comp="535" pin=2"/></net>

<net id="544"><net_src comp="106" pin="0"/><net_sink comp="535" pin=3"/></net>

<net id="550"><net_src comp="108" pin="0"/><net_sink comp="545" pin=0"/></net>

<net id="551"><net_src comp="525" pin="1"/><net_sink comp="545" pin=1"/></net>

<net id="552"><net_src comp="110" pin="0"/><net_sink comp="545" pin=2"/></net>

<net id="558"><net_src comp="112" pin="0"/><net_sink comp="553" pin=0"/></net>

<net id="559"><net_src comp="525" pin="1"/><net_sink comp="553" pin=1"/></net>

<net id="560"><net_src comp="114" pin="0"/><net_sink comp="553" pin=2"/></net>

<net id="564"><net_src comp="553" pin="3"/><net_sink comp="561" pin=0"/></net>

<net id="569"><net_src comp="545" pin="3"/><net_sink comp="565" pin=0"/></net>

<net id="570"><net_src comp="561" pin="1"/><net_sink comp="565" pin=1"/></net>

<net id="575"><net_src comp="565" pin="2"/><net_sink comp="571" pin=0"/></net>

<net id="576"><net_src comp="116" pin="0"/><net_sink comp="571" pin=1"/></net>

<net id="583"><net_src comp="118" pin="0"/><net_sink comp="577" pin=0"/></net>

<net id="584"><net_src comp="571" pin="2"/><net_sink comp="577" pin=1"/></net>

<net id="585"><net_src comp="120" pin="0"/><net_sink comp="577" pin=2"/></net>

<net id="586"><net_src comp="122" pin="0"/><net_sink comp="577" pin=3"/></net>

<net id="591"><net_src comp="124" pin="0"/><net_sink comp="587" pin=0"/></net>

<net id="595"><net_src comp="296" pin="2"/><net_sink comp="592" pin=0"/></net>

<net id="599"><net_src comp="426" pin="4"/><net_sink comp="596" pin=0"/></net>

<net id="604"><net_src comp="592" pin="1"/><net_sink comp="600" pin=0"/></net>

<net id="605"><net_src comp="102" pin="0"/><net_sink comp="600" pin=1"/></net>

<net id="609"><net_src comp="436" pin="4"/><net_sink comp="606" pin=0"/></net>

<net id="615"><net_src comp="600" pin="2"/><net_sink comp="610" pin=0"/></net>

<net id="616"><net_src comp="128" pin="0"/><net_sink comp="610" pin=1"/></net>

<net id="617"><net_src comp="606" pin="1"/><net_sink comp="610" pin=2"/></net>

<net id="622"><net_src comp="596" pin="1"/><net_sink comp="618" pin=0"/></net>

<net id="623"><net_src comp="130" pin="0"/><net_sink comp="618" pin=1"/></net>

<net id="628"><net_src comp="610" pin="3"/><net_sink comp="624" pin=0"/></net>

<net id="629"><net_src comp="102" pin="0"/><net_sink comp="624" pin=1"/></net>

<net id="636"><net_src comp="132" pin="0"/><net_sink comp="630" pin=0"/></net>

<net id="637"><net_src comp="610" pin="3"/><net_sink comp="630" pin=1"/></net>

<net id="638"><net_src comp="90" pin="0"/><net_sink comp="630" pin=2"/></net>

<net id="639"><net_src comp="106" pin="0"/><net_sink comp="630" pin=3"/></net>

<net id="644"><net_src comp="630" pin="4"/><net_sink comp="640" pin=0"/></net>

<net id="645"><net_src comp="114" pin="0"/><net_sink comp="640" pin=1"/></net>

<net id="650"><net_src comp="610" pin="3"/><net_sink comp="646" pin=0"/></net>

<net id="651"><net_src comp="134" pin="0"/><net_sink comp="646" pin=1"/></net>

<net id="658"><net_src comp="136" pin="0"/><net_sink comp="652" pin=0"/></net>

<net id="659"><net_src comp="610" pin="3"/><net_sink comp="652" pin=1"/></net>

<net id="660"><net_src comp="138" pin="0"/><net_sink comp="652" pin=2"/></net>

<net id="661"><net_src comp="106" pin="0"/><net_sink comp="652" pin=3"/></net>

<net id="666"><net_src comp="652" pin="4"/><net_sink comp="662" pin=0"/></net>

<net id="667"><net_src comp="140" pin="0"/><net_sink comp="662" pin=1"/></net>

<net id="672"><net_src comp="610" pin="3"/><net_sink comp="668" pin=0"/></net>

<net id="673"><net_src comp="142" pin="0"/><net_sink comp="668" pin=1"/></net>

<net id="678"><net_src comp="610" pin="3"/><net_sink comp="674" pin=0"/></net>

<net id="679"><net_src comp="144" pin="0"/><net_sink comp="674" pin=1"/></net>

<net id="684"><net_src comp="610" pin="3"/><net_sink comp="680" pin=0"/></net>

<net id="685"><net_src comp="146" pin="0"/><net_sink comp="680" pin=1"/></net>

<net id="690"><net_src comp="124" pin="0"/><net_sink comp="686" pin=0"/></net>

<net id="694"><net_src comp="426" pin="4"/><net_sink comp="691" pin=0"/></net>

<net id="698"><net_src comp="452" pin="4"/><net_sink comp="695" pin=0"/></net>

<net id="704"><net_src comp="446" pin="2"/><net_sink comp="699" pin=0"/></net>

<net id="705"><net_src comp="150" pin="0"/><net_sink comp="699" pin=1"/></net>

<net id="706"><net_src comp="695" pin="1"/><net_sink comp="699" pin=2"/></net>

<net id="711"><net_src comp="691" pin="1"/><net_sink comp="707" pin=0"/></net>

<net id="712"><net_src comp="130" pin="0"/><net_sink comp="707" pin=1"/></net>

<net id="717"><net_src comp="699" pin="3"/><net_sink comp="713" pin=0"/></net>

<net id="718"><net_src comp="114" pin="0"/><net_sink comp="713" pin=1"/></net>

<net id="725"><net_src comp="152" pin="0"/><net_sink comp="719" pin=0"/></net>

<net id="726"><net_src comp="699" pin="3"/><net_sink comp="719" pin=1"/></net>

<net id="727"><net_src comp="90" pin="0"/><net_sink comp="719" pin=2"/></net>

<net id="728"><net_src comp="138" pin="0"/><net_sink comp="719" pin=3"/></net>

<net id="733"><net_src comp="719" pin="4"/><net_sink comp="729" pin=0"/></net>

<net id="734"><net_src comp="140" pin="0"/><net_sink comp="729" pin=1"/></net>

<net id="739"><net_src comp="699" pin="3"/><net_sink comp="735" pin=0"/></net>

<net id="740"><net_src comp="154" pin="0"/><net_sink comp="735" pin=1"/></net>

<net id="745"><net_src comp="124" pin="0"/><net_sink comp="741" pin=0"/></net>

<net id="749"><net_src comp="426" pin="4"/><net_sink comp="746" pin=0"/></net>

<net id="753"><net_src comp="452" pin="4"/><net_sink comp="750" pin=0"/></net>

<net id="759"><net_src comp="446" pin="2"/><net_sink comp="754" pin=0"/></net>

<net id="760"><net_src comp="150" pin="0"/><net_sink comp="754" pin=1"/></net>

<net id="761"><net_src comp="750" pin="1"/><net_sink comp="754" pin=2"/></net>

<net id="766"><net_src comp="746" pin="1"/><net_sink comp="762" pin=0"/></net>

<net id="767"><net_src comp="130" pin="0"/><net_sink comp="762" pin=1"/></net>

<net id="772"><net_src comp="754" pin="3"/><net_sink comp="768" pin=0"/></net>

<net id="773"><net_src comp="114" pin="0"/><net_sink comp="768" pin=1"/></net>

<net id="780"><net_src comp="152" pin="0"/><net_sink comp="774" pin=0"/></net>

<net id="781"><net_src comp="754" pin="3"/><net_sink comp="774" pin=1"/></net>

<net id="782"><net_src comp="90" pin="0"/><net_sink comp="774" pin=2"/></net>

<net id="783"><net_src comp="138" pin="0"/><net_sink comp="774" pin=3"/></net>

<net id="788"><net_src comp="774" pin="4"/><net_sink comp="784" pin=0"/></net>

<net id="789"><net_src comp="140" pin="0"/><net_sink comp="784" pin=1"/></net>

<net id="794"><net_src comp="754" pin="3"/><net_sink comp="790" pin=0"/></net>

<net id="795"><net_src comp="154" pin="0"/><net_sink comp="790" pin=1"/></net>

<net id="800"><net_src comp="124" pin="0"/><net_sink comp="796" pin=0"/></net>

<net id="808"><net_src comp="801" pin="1"/><net_sink comp="804" pin=0"/></net>

<net id="809"><net_src comp="156" pin="0"/><net_sink comp="804" pin=1"/></net>

<net id="816"><net_src comp="158" pin="0"/><net_sink comp="810" pin=0"/></net>

<net id="817"><net_src comp="804" pin="2"/><net_sink comp="810" pin=1"/></net>

<net id="818"><net_src comp="160" pin="0"/><net_sink comp="810" pin=2"/></net>

<net id="819"><net_src comp="162" pin="0"/><net_sink comp="810" pin=3"/></net>

<net id="826"><net_src comp="164" pin="0"/><net_sink comp="820" pin=0"/></net>

<net id="827"><net_src comp="804" pin="2"/><net_sink comp="820" pin=1"/></net>

<net id="828"><net_src comp="160" pin="0"/><net_sink comp="820" pin=2"/></net>

<net id="829"><net_src comp="166" pin="0"/><net_sink comp="820" pin=3"/></net>

<net id="838"><net_src comp="128" pin="0"/><net_sink comp="833" pin=1"/></net>

<net id="839"><net_src comp="830" pin="1"/><net_sink comp="833" pin=2"/></net>

<net id="845"><net_src comp="168" pin="0"/><net_sink comp="840" pin=1"/></net>

<net id="850"><net_src comp="810" pin="4"/><net_sink comp="846" pin=0"/></net>

<net id="851"><net_src comp="170" pin="0"/><net_sink comp="846" pin=1"/></net>

<net id="856"><net_src comp="833" pin="3"/><net_sink comp="852" pin=0"/></net>

<net id="857"><net_src comp="102" pin="0"/><net_sink comp="852" pin=1"/></net>

<net id="864"><net_src comp="132" pin="0"/><net_sink comp="858" pin=0"/></net>

<net id="865"><net_src comp="833" pin="3"/><net_sink comp="858" pin=1"/></net>

<net id="866"><net_src comp="90" pin="0"/><net_sink comp="858" pin=2"/></net>

<net id="867"><net_src comp="106" pin="0"/><net_sink comp="858" pin=3"/></net>

<net id="872"><net_src comp="858" pin="4"/><net_sink comp="868" pin=0"/></net>

<net id="873"><net_src comp="114" pin="0"/><net_sink comp="868" pin=1"/></net>

<net id="878"><net_src comp="833" pin="3"/><net_sink comp="874" pin=0"/></net>

<net id="879"><net_src comp="134" pin="0"/><net_sink comp="874" pin=1"/></net>

<net id="886"><net_src comp="136" pin="0"/><net_sink comp="880" pin=0"/></net>

<net id="887"><net_src comp="833" pin="3"/><net_sink comp="880" pin=1"/></net>

<net id="888"><net_src comp="138" pin="0"/><net_sink comp="880" pin=2"/></net>

<net id="889"><net_src comp="106" pin="0"/><net_sink comp="880" pin=3"/></net>

<net id="894"><net_src comp="880" pin="4"/><net_sink comp="890" pin=0"/></net>

<net id="895"><net_src comp="140" pin="0"/><net_sink comp="890" pin=1"/></net>

<net id="900"><net_src comp="833" pin="3"/><net_sink comp="896" pin=0"/></net>

<net id="901"><net_src comp="142" pin="0"/><net_sink comp="896" pin=1"/></net>

<net id="906"><net_src comp="833" pin="3"/><net_sink comp="902" pin=0"/></net>

<net id="907"><net_src comp="144" pin="0"/><net_sink comp="902" pin=1"/></net>

<net id="912"><net_src comp="833" pin="3"/><net_sink comp="908" pin=0"/></net>

<net id="913"><net_src comp="146" pin="0"/><net_sink comp="908" pin=1"/></net>

<net id="919"><net_src comp="172" pin="0"/><net_sink comp="914" pin=0"/></net>

<net id="920"><net_src comp="840" pin="3"/><net_sink comp="914" pin=1"/></net>

<net id="921"><net_src comp="90" pin="0"/><net_sink comp="914" pin=2"/></net>

<net id="926"><net_src comp="840" pin="3"/><net_sink comp="922" pin=0"/></net>

<net id="927"><net_src comp="168" pin="0"/><net_sink comp="922" pin=1"/></net>

<net id="935"><net_src comp="928" pin="1"/><net_sink comp="931" pin=0"/></net>

<net id="940"><net_src comp="928" pin="1"/><net_sink comp="936" pin=0"/></net>

<net id="941"><net_src comp="182" pin="0"/><net_sink comp="936" pin=1"/></net>

<net id="964"><net_src comp="936" pin="2"/><net_sink comp="960" pin=0"/></net>

<net id="972"><net_src comp="965" pin="1"/><net_sink comp="968" pin=0"/></net>

<net id="977"><net_src comp="965" pin="1"/><net_sink comp="973" pin=0"/></net>

<net id="978"><net_src comp="182" pin="0"/><net_sink comp="973" pin=1"/></net>

<net id="994"><net_src comp="965" pin="1"/><net_sink comp="991" pin=0"/></net>

<net id="999"><net_src comp="973" pin="2"/><net_sink comp="995" pin=0"/></net>

<net id="1007"><net_src comp="1000" pin="1"/><net_sink comp="1003" pin=0"/></net>

<net id="1012"><net_src comp="1000" pin="1"/><net_sink comp="1008" pin=0"/></net>

<net id="1013"><net_src comp="182" pin="0"/><net_sink comp="1008" pin=1"/></net>

<net id="1030"><net_src comp="1008" pin="2"/><net_sink comp="1026" pin=0"/></net>

<net id="1038"><net_src comp="1031" pin="1"/><net_sink comp="1034" pin=0"/></net>

<net id="1043"><net_src comp="1031" pin="1"/><net_sink comp="1039" pin=0"/></net>

<net id="1044"><net_src comp="182" pin="0"/><net_sink comp="1039" pin=1"/></net>

<net id="1061"><net_src comp="1039" pin="2"/><net_sink comp="1057" pin=0"/></net>

<net id="1065"><net_src comp="290" pin="2"/><net_sink comp="1062" pin=0"/></net>

<net id="1069"><net_src comp="308" pin="2"/><net_sink comp="1066" pin=0"/></net>

<net id="1070"><net_src comp="1066" pin="1"/><net_sink comp="931" pin=1"/></net>

<net id="1071"><net_src comp="1066" pin="1"/><net_sink comp="968" pin=1"/></net>

<net id="1072"><net_src comp="1066" pin="1"/><net_sink comp="1003" pin=1"/></net>

<net id="1073"><net_src comp="1066" pin="1"/><net_sink comp="1034" pin=1"/></net>

<net id="1077"><net_src comp="469" pin="1"/><net_sink comp="1074" pin=0"/></net>

<net id="1078"><net_src comp="1074" pin="1"/><net_sink comp="346" pin=8"/></net>

<net id="1082"><net_src comp="202" pin="1"/><net_sink comp="1079" pin=0"/></net>

<net id="1083"><net_src comp="1079" pin="1"/><net_sink comp="587" pin=1"/></net>

<net id="1084"><net_src comp="1079" pin="1"/><net_sink comp="928" pin=0"/></net>

<net id="1085"><net_src comp="1079" pin="1"/><net_sink comp="960" pin=1"/></net>

<net id="1089"><net_src comp="206" pin="1"/><net_sink comp="1086" pin=0"/></net>

<net id="1090"><net_src comp="1086" pin="1"/><net_sink comp="942" pin=0"/></net>

<net id="1091"><net_src comp="1086" pin="1"/><net_sink comp="314" pin=26"/></net>

<net id="1095"><net_src comp="210" pin="1"/><net_sink comp="1092" pin=0"/></net>

<net id="1096"><net_src comp="1092" pin="1"/><net_sink comp="945" pin=0"/></net>

<net id="1097"><net_src comp="1092" pin="1"/><net_sink comp="314" pin=25"/></net>

<net id="1101"><net_src comp="214" pin="1"/><net_sink comp="1098" pin=0"/></net>

<net id="1102"><net_src comp="1098" pin="1"/><net_sink comp="948" pin=0"/></net>

<net id="1103"><net_src comp="1098" pin="1"/><net_sink comp="314" pin=24"/></net>

<net id="1107"><net_src comp="218" pin="1"/><net_sink comp="1104" pin=0"/></net>

<net id="1108"><net_src comp="1104" pin="1"/><net_sink comp="951" pin=0"/></net>

<net id="1109"><net_src comp="1104" pin="1"/><net_sink comp="314" pin=23"/></net>

<net id="1113"><net_src comp="222" pin="1"/><net_sink comp="1110" pin=0"/></net>

<net id="1114"><net_src comp="1110" pin="1"/><net_sink comp="954" pin=0"/></net>

<net id="1115"><net_src comp="1110" pin="1"/><net_sink comp="314" pin=22"/></net>

<net id="1119"><net_src comp="226" pin="1"/><net_sink comp="1116" pin=0"/></net>

<net id="1120"><net_src comp="1116" pin="1"/><net_sink comp="957" pin=0"/></net>

<net id="1121"><net_src comp="1116" pin="1"/><net_sink comp="314" pin=21"/></net>

<net id="1125"><net_src comp="519" pin="2"/><net_sink comp="1122" pin=0"/></net>

<net id="1126"><net_src comp="1122" pin="1"/><net_sink comp="801" pin=0"/></net>

<net id="1130"><net_src comp="529" pin="2"/><net_sink comp="1127" pin=0"/></net>

<net id="1131"><net_src comp="1127" pin="1"/><net_sink comp="833" pin=0"/></net>

<net id="1132"><net_src comp="1127" pin="1"/><net_sink comp="840" pin=0"/></net>

<net id="1133"><net_src comp="1127" pin="1"/><net_sink comp="314" pin=11"/></net>

<net id="1137"><net_src comp="535" pin="4"/><net_sink comp="1134" pin=0"/></net>

<net id="1138"><net_src comp="1134" pin="1"/><net_sink comp="830" pin=0"/></net>

<net id="1142"><net_src comp="577" pin="4"/><net_sink comp="1139" pin=0"/></net>

<net id="1143"><net_src comp="1139" pin="1"/><net_sink comp="840" pin=2"/></net>

<net id="1147"><net_src comp="230" pin="1"/><net_sink comp="1144" pin=0"/></net>

<net id="1148"><net_src comp="1144" pin="1"/><net_sink comp="686" pin=1"/></net>

<net id="1149"><net_src comp="1144" pin="1"/><net_sink comp="965" pin=0"/></net>

<net id="1150"><net_src comp="1144" pin="1"/><net_sink comp="995" pin=1"/></net>

<net id="1154"><net_src comp="234" pin="1"/><net_sink comp="1151" pin=0"/></net>

<net id="1155"><net_src comp="1151" pin="1"/><net_sink comp="979" pin=0"/></net>

<net id="1156"><net_src comp="1151" pin="1"/><net_sink comp="346" pin=23"/></net>

<net id="1160"><net_src comp="238" pin="1"/><net_sink comp="1157" pin=0"/></net>

<net id="1161"><net_src comp="1157" pin="1"/><net_sink comp="982" pin=0"/></net>

<net id="1162"><net_src comp="1157" pin="1"/><net_sink comp="346" pin=22"/></net>

<net id="1166"><net_src comp="242" pin="1"/><net_sink comp="1163" pin=0"/></net>

<net id="1167"><net_src comp="1163" pin="1"/><net_sink comp="985" pin=0"/></net>

<net id="1168"><net_src comp="1163" pin="1"/><net_sink comp="346" pin=21"/></net>

<net id="1172"><net_src comp="246" pin="1"/><net_sink comp="1169" pin=0"/></net>

<net id="1173"><net_src comp="1169" pin="1"/><net_sink comp="988" pin=0"/></net>

<net id="1174"><net_src comp="1169" pin="1"/><net_sink comp="346" pin=20"/></net>

<net id="1178"><net_src comp="600" pin="2"/><net_sink comp="1175" pin=0"/></net>

<net id="1179"><net_src comp="1175" pin="1"/><net_sink comp="346" pin=10"/></net>

<net id="1183"><net_src comp="618" pin="2"/><net_sink comp="1180" pin=0"/></net>

<net id="1184"><net_src comp="1180" pin="1"/><net_sink comp="346" pin=17"/></net>

<net id="1188"><net_src comp="624" pin="2"/><net_sink comp="1185" pin=0"/></net>

<net id="1189"><net_src comp="1185" pin="1"/><net_sink comp="346" pin=18"/></net>

<net id="1193"><net_src comp="640" pin="2"/><net_sink comp="1190" pin=0"/></net>

<net id="1194"><net_src comp="1190" pin="1"/><net_sink comp="346" pin=16"/></net>

<net id="1198"><net_src comp="646" pin="2"/><net_sink comp="1195" pin=0"/></net>

<net id="1199"><net_src comp="1195" pin="1"/><net_sink comp="346" pin=15"/></net>

<net id="1203"><net_src comp="662" pin="2"/><net_sink comp="1200" pin=0"/></net>

<net id="1204"><net_src comp="1200" pin="1"/><net_sink comp="346" pin=14"/></net>

<net id="1208"><net_src comp="668" pin="2"/><net_sink comp="1205" pin=0"/></net>

<net id="1209"><net_src comp="1205" pin="1"/><net_sink comp="346" pin=13"/></net>

<net id="1213"><net_src comp="674" pin="2"/><net_sink comp="1210" pin=0"/></net>

<net id="1214"><net_src comp="1210" pin="1"/><net_sink comp="346" pin=12"/></net>

<net id="1218"><net_src comp="680" pin="2"/><net_sink comp="1215" pin=0"/></net>

<net id="1219"><net_src comp="1215" pin="1"/><net_sink comp="346" pin=11"/></net>

<net id="1223"><net_src comp="250" pin="1"/><net_sink comp="1220" pin=0"/></net>

<net id="1224"><net_src comp="1220" pin="1"/><net_sink comp="741" pin=1"/></net>

<net id="1225"><net_src comp="1220" pin="1"/><net_sink comp="1000" pin=0"/></net>

<net id="1226"><net_src comp="1220" pin="1"/><net_sink comp="1026" pin=1"/></net>

<net id="1230"><net_src comp="254" pin="1"/><net_sink comp="1227" pin=0"/></net>

<net id="1231"><net_src comp="1227" pin="1"/><net_sink comp="1014" pin=0"/></net>

<net id="1232"><net_src comp="1227" pin="1"/><net_sink comp="376" pin=16"/></net>

<net id="1236"><net_src comp="258" pin="1"/><net_sink comp="1233" pin=0"/></net>

<net id="1237"><net_src comp="1233" pin="1"/><net_sink comp="1017" pin=0"/></net>

<net id="1238"><net_src comp="1233" pin="1"/><net_sink comp="376" pin=15"/></net>

<net id="1242"><net_src comp="262" pin="1"/><net_sink comp="1239" pin=0"/></net>

<net id="1243"><net_src comp="1239" pin="1"/><net_sink comp="1020" pin=0"/></net>

<net id="1244"><net_src comp="1239" pin="1"/><net_sink comp="376" pin=14"/></net>

<net id="1248"><net_src comp="266" pin="1"/><net_sink comp="1245" pin=0"/></net>

<net id="1249"><net_src comp="1245" pin="1"/><net_sink comp="1023" pin=0"/></net>

<net id="1250"><net_src comp="1245" pin="1"/><net_sink comp="376" pin=13"/></net>

<net id="1254"><net_src comp="446" pin="2"/><net_sink comp="1251" pin=0"/></net>

<net id="1255"><net_src comp="1251" pin="1"/><net_sink comp="376" pin=7"/></net>

<net id="1259"><net_src comp="707" pin="2"/><net_sink comp="1256" pin=0"/></net>

<net id="1260"><net_src comp="1256" pin="1"/><net_sink comp="376" pin=10"/></net>

<net id="1264"><net_src comp="713" pin="2"/><net_sink comp="1261" pin=0"/></net>

<net id="1265"><net_src comp="1261" pin="1"/><net_sink comp="376" pin=11"/></net>

<net id="1269"><net_src comp="729" pin="2"/><net_sink comp="1266" pin=0"/></net>

<net id="1270"><net_src comp="1266" pin="1"/><net_sink comp="376" pin=9"/></net>

<net id="1274"><net_src comp="735" pin="2"/><net_sink comp="1271" pin=0"/></net>

<net id="1275"><net_src comp="1271" pin="1"/><net_sink comp="376" pin=8"/></net>

<net id="1279"><net_src comp="270" pin="1"/><net_sink comp="1276" pin=0"/></net>

<net id="1280"><net_src comp="1276" pin="1"/><net_sink comp="796" pin=1"/></net>

<net id="1281"><net_src comp="1276" pin="1"/><net_sink comp="1031" pin=0"/></net>

<net id="1282"><net_src comp="1276" pin="1"/><net_sink comp="1057" pin=1"/></net>

<net id="1286"><net_src comp="274" pin="1"/><net_sink comp="1283" pin=0"/></net>

<net id="1287"><net_src comp="1283" pin="1"/><net_sink comp="1045" pin=0"/></net>

<net id="1288"><net_src comp="1283" pin="1"/><net_sink comp="398" pin=16"/></net>

<net id="1292"><net_src comp="278" pin="1"/><net_sink comp="1289" pin=0"/></net>

<net id="1293"><net_src comp="1289" pin="1"/><net_sink comp="1048" pin=0"/></net>

<net id="1294"><net_src comp="1289" pin="1"/><net_sink comp="398" pin=15"/></net>

<net id="1298"><net_src comp="282" pin="1"/><net_sink comp="1295" pin=0"/></net>

<net id="1299"><net_src comp="1295" pin="1"/><net_sink comp="1051" pin=0"/></net>

<net id="1300"><net_src comp="1295" pin="1"/><net_sink comp="398" pin=14"/></net>

<net id="1304"><net_src comp="286" pin="1"/><net_sink comp="1301" pin=0"/></net>

<net id="1305"><net_src comp="1301" pin="1"/><net_sink comp="1054" pin=0"/></net>

<net id="1306"><net_src comp="1301" pin="1"/><net_sink comp="398" pin=13"/></net>

<net id="1310"><net_src comp="446" pin="2"/><net_sink comp="1307" pin=0"/></net>

<net id="1311"><net_src comp="1307" pin="1"/><net_sink comp="398" pin=7"/></net>

<net id="1315"><net_src comp="762" pin="2"/><net_sink comp="1312" pin=0"/></net>

<net id="1316"><net_src comp="1312" pin="1"/><net_sink comp="398" pin=10"/></net>

<net id="1320"><net_src comp="768" pin="2"/><net_sink comp="1317" pin=0"/></net>

<net id="1321"><net_src comp="1317" pin="1"/><net_sink comp="398" pin=11"/></net>

<net id="1325"><net_src comp="784" pin="2"/><net_sink comp="1322" pin=0"/></net>

<net id="1326"><net_src comp="1322" pin="1"/><net_sink comp="398" pin=9"/></net>

<net id="1330"><net_src comp="790" pin="2"/><net_sink comp="1327" pin=0"/></net>

<net id="1331"><net_src comp="1327" pin="1"/><net_sink comp="398" pin=8"/></net>

<net id="1335"><net_src comp="820" pin="4"/><net_sink comp="1332" pin=0"/></net>

<net id="1336"><net_src comp="1332" pin="1"/><net_sink comp="314" pin=7"/></net>

<net id="1340"><net_src comp="846" pin="2"/><net_sink comp="1337" pin=0"/></net>

<net id="1341"><net_src comp="1337" pin="1"/><net_sink comp="314" pin=18"/></net>

<net id="1345"><net_src comp="852" pin="2"/><net_sink comp="1342" pin=0"/></net>

<net id="1346"><net_src comp="1342" pin="1"/><net_sink comp="314" pin=19"/></net>

<net id="1350"><net_src comp="868" pin="2"/><net_sink comp="1347" pin=0"/></net>

<net id="1351"><net_src comp="1347" pin="1"/><net_sink comp="314" pin=17"/></net>

<net id="1355"><net_src comp="874" pin="2"/><net_sink comp="1352" pin=0"/></net>

<net id="1356"><net_src comp="1352" pin="1"/><net_sink comp="314" pin=16"/></net>

<net id="1360"><net_src comp="890" pin="2"/><net_sink comp="1357" pin=0"/></net>

<net id="1361"><net_src comp="1357" pin="1"/><net_sink comp="314" pin=15"/></net>

<net id="1365"><net_src comp="896" pin="2"/><net_sink comp="1362" pin=0"/></net>

<net id="1366"><net_src comp="1362" pin="1"/><net_sink comp="314" pin=14"/></net>

<net id="1370"><net_src comp="902" pin="2"/><net_sink comp="1367" pin=0"/></net>

<net id="1371"><net_src comp="1367" pin="1"/><net_sink comp="314" pin=13"/></net>

<net id="1375"><net_src comp="908" pin="2"/><net_sink comp="1372" pin=0"/></net>

<net id="1376"><net_src comp="1372" pin="1"/><net_sink comp="314" pin=12"/></net>

<net id="1380"><net_src comp="914" pin="3"/><net_sink comp="1377" pin=0"/></net>

<net id="1381"><net_src comp="1377" pin="1"/><net_sink comp="314" pin=10"/></net>

<net id="1385"><net_src comp="922" pin="2"/><net_sink comp="1382" pin=0"/></net>

<net id="1386"><net_src comp="1382" pin="1"/><net_sink comp="314" pin=8"/></net>

<net id="1393"><net_src comp="942" pin="1"/><net_sink comp="1390" pin=0"/></net>

<net id="1394"><net_src comp="1390" pin="1"/><net_sink comp="314" pin=6"/></net>

<net id="1398"><net_src comp="945" pin="1"/><net_sink comp="1395" pin=0"/></net>

<net id="1399"><net_src comp="1395" pin="1"/><net_sink comp="314" pin=5"/></net>

<net id="1403"><net_src comp="948" pin="1"/><net_sink comp="1400" pin=0"/></net>

<net id="1404"><net_src comp="1400" pin="1"/><net_sink comp="314" pin=4"/></net>

<net id="1408"><net_src comp="951" pin="1"/><net_sink comp="1405" pin=0"/></net>

<net id="1409"><net_src comp="1405" pin="1"/><net_sink comp="314" pin=3"/></net>

<net id="1413"><net_src comp="954" pin="1"/><net_sink comp="1410" pin=0"/></net>

<net id="1414"><net_src comp="1410" pin="1"/><net_sink comp="314" pin=2"/></net>

<net id="1418"><net_src comp="957" pin="1"/><net_sink comp="1415" pin=0"/></net>

<net id="1419"><net_src comp="1415" pin="1"/><net_sink comp="314" pin=1"/></net>

<net id="1426"><net_src comp="979" pin="1"/><net_sink comp="1423" pin=0"/></net>

<net id="1427"><net_src comp="1423" pin="1"/><net_sink comp="346" pin=4"/></net>

<net id="1431"><net_src comp="982" pin="1"/><net_sink comp="1428" pin=0"/></net>

<net id="1432"><net_src comp="1428" pin="1"/><net_sink comp="346" pin=3"/></net>

<net id="1436"><net_src comp="985" pin="1"/><net_sink comp="1433" pin=0"/></net>

<net id="1437"><net_src comp="1433" pin="1"/><net_sink comp="346" pin=2"/></net>

<net id="1441"><net_src comp="988" pin="1"/><net_sink comp="1438" pin=0"/></net>

<net id="1442"><net_src comp="1438" pin="1"/><net_sink comp="346" pin=1"/></net>

<net id="1446"><net_src comp="991" pin="1"/><net_sink comp="1443" pin=0"/></net>

<net id="1447"><net_src comp="1443" pin="1"/><net_sink comp="346" pin=9"/></net>

<net id="1454"><net_src comp="1014" pin="1"/><net_sink comp="1451" pin=0"/></net>

<net id="1455"><net_src comp="1451" pin="1"/><net_sink comp="376" pin=4"/></net>

<net id="1459"><net_src comp="1017" pin="1"/><net_sink comp="1456" pin=0"/></net>

<net id="1460"><net_src comp="1456" pin="1"/><net_sink comp="376" pin=3"/></net>

<net id="1464"><net_src comp="1020" pin="1"/><net_sink comp="1461" pin=0"/></net>

<net id="1465"><net_src comp="1461" pin="1"/><net_sink comp="376" pin=2"/></net>

<net id="1469"><net_src comp="1023" pin="1"/><net_sink comp="1466" pin=0"/></net>

<net id="1470"><net_src comp="1466" pin="1"/><net_sink comp="376" pin=1"/></net>

<net id="1477"><net_src comp="1045" pin="1"/><net_sink comp="1474" pin=0"/></net>

<net id="1478"><net_src comp="1474" pin="1"/><net_sink comp="398" pin=4"/></net>

<net id="1482"><net_src comp="1048" pin="1"/><net_sink comp="1479" pin=0"/></net>

<net id="1483"><net_src comp="1479" pin="1"/><net_sink comp="398" pin=3"/></net>

<net id="1487"><net_src comp="1051" pin="1"/><net_sink comp="1484" pin=0"/></net>

<net id="1488"><net_src comp="1484" pin="1"/><net_sink comp="398" pin=2"/></net>

<net id="1492"><net_src comp="1054" pin="1"/><net_sink comp="1489" pin=0"/></net>

<net id="1493"><net_src comp="1489" pin="1"/><net_sink comp="398" pin=1"/></net>

</net_list>

</model> 
---------------- Datapath Model END ------------------

* FSMD analyzer results:
  - Output states:
	Port: bytePlanes_plane0 | {4 5 7 8 10 11 13 14 }
	Port: bytePlanes_plane1 | {7 8 }
 - Input state : 
	Port: MultiPixStream2Bytes : img | {4 5 7 8 10 11 13 14 }
	Port: MultiPixStream2Bytes : Height_val | {1 }
	Port: MultiPixStream2Bytes : WidthInPix_val | {1 }
	Port: MultiPixStream2Bytes : WidthInBytes_val | {1 }
	Port: MultiPixStream2Bytes : VideoFormat_val | {1 }
  - Chain level:
	State 1
		trunc_ln : 1
		add_ln1073 : 2
		icmp_ln1077 : 1
		p_shl : 1
		tmp_10 : 1
		zext_ln1081 : 2
		sub_ln1081 : 3
		add_ln1081 : 4
		trunc_ln2 : 5
		store_ln1086 : 1
		loopWidth_2 : 1
		zext_ln888 : 2
		icmp_ln892 : 1
		zext_ln894 : 1
		remainPix_5 : 2
		add_ln909 : 3
		icmp_ln909 : 3
		tmp_8 : 3
		icmp_ln909_3 : 4
		icmp_ln909_2 : 3
		tmp_9 : 3
		icmp_ln909_7 : 4
		icmp_ln909_4 : 3
		icmp_ln909_5 : 3
		icmp_ln909_6 : 3
		store_ln900 : 1
		loopWidth_1 : 1
		zext_ln847 : 2
		icmp_ln851 : 1
		zext_ln853 : 1
		remainPix_3 : 2
		add_ln868 : 3
		icmp_ln868 : 3
		tmp_7 : 3
		icmp_ln868_3 : 4
		icmp_ln868_2 : 3
		store_ln859 : 1
		trunc_ln805_1 : 1
		zext_ln805 : 2
		icmp_ln809 : 1
		zext_ln811 : 1
		remainPix_1 : 2
		add_ln826 : 3
		icmp_ln826 : 3
		tmp_6 : 3
		icmp_ln826_3 : 4
		icmp_ln826_2 : 3
		store_ln817 : 1
	State 2
		mul_ln1073 : 1
		trunc_ln1 : 2
		trunc_ln1_cast : 2
		remainPix_6 : 1
		add_ln1095 : 3
		icmp_ln1095 : 2
		tmp_11 : 2
		icmp_ln1095_3 : 3
		icmp_ln1095_2 : 2
		tmp_12 : 2
		icmp_ln1095_7 : 3
		icmp_ln1095_4 : 2
		icmp_ln1095_5 : 2
		icmp_ln1095_6 : 2
		tmp_13 : 1
		icmp_ln1110 : 1
	State 3
		icmp_ln1086 : 1
		y_11 : 1
		br_ln1086 : 2
		store_ln1086 : 2
	State 4
	State 5
	State 6
		icmp_ln900 : 1
		y_9 : 1
		br_ln900 : 2
		trunc_ln900 : 1
		store_ln900 : 2
	State 7
	State 8
	State 9
		icmp_ln859 : 1
		y_7 : 1
		br_ln859 : 2
		store_ln859 : 2
	State 10
	State 11
	State 12
		icmp_ln817 : 1
		y_5 : 1
		br_ln817 : 2
		store_ln817 : 2
	State 13
	State 14


============================================================
+ Verbose Summary: Datapath Resource usage 
============================================================

* Functional unit list:
|----------|-------------------------------------------------------------|---------|---------|---------|---------|
| Operation|                       Functional Unit                       |   DSP   |  Delay  |    FF   |   LUT   |
|----------|-------------------------------------------------------------|---------|---------|---------|---------|
|          | grp_MultiPixStream2Bytes_Pipeline_VITIS_LOOP_1090_11_fu_314 |    0    |  0.547  |   457   |    80   |
|   call   |  grp_MultiPixStream2Bytes_Pipeline_VITIS_LOOP_904_8_fu_346  |    0    |    0    |   314   |    82   |
|          |  grp_MultiPixStream2Bytes_Pipeline_VITIS_LOOP_863_5_fu_376  |    0    |    0    |   175   |    60   |
|          |  grp_MultiPixStream2Bytes_Pipeline_VITIS_LOOP_821_1_fu_398  |    0    |    0    |   175   |    60   |
|----------|-------------------------------------------------------------|---------|---------|---------|---------|
|          |                          grp_fu_446                         |    0    |    0    |    0    |    10   |
|          |                      icmp_ln1077_fu_529                     |    0    |    0    |    0    |    12   |
|          |                      icmp_ln892_fu_600                      |    0    |    0    |    0    |    12   |
|          |                      icmp_ln909_fu_624                      |    0    |    0    |    0    |    12   |
|          |                     icmp_ln909_3_fu_640                     |    0    |    0    |    0    |    10   |
|          |                     icmp_ln909_2_fu_646                     |    0    |    0    |    0    |    12   |
|          |                     icmp_ln909_7_fu_662                     |    0    |    0    |    0    |    9    |
|          |                     icmp_ln909_4_fu_668                     |    0    |    0    |    0    |    12   |
|          |                     icmp_ln909_5_fu_674                     |    0    |    0    |    0    |    12   |
|          |                     icmp_ln909_6_fu_680                     |    0    |    0    |    0    |    12   |
|          |                      icmp_ln868_fu_713                      |    0    |    0    |    0    |    10   |
|          |                     icmp_ln868_3_fu_729                     |    0    |    0    |    0    |    9    |
|          |                     icmp_ln868_2_fu_735                     |    0    |    0    |    0    |    10   |
|   icmp   |                      icmp_ln826_fu_768                      |    0    |    0    |    0    |    10   |
|          |                     icmp_ln826_3_fu_784                     |    0    |    0    |    0    |    9    |
|          |                     icmp_ln826_2_fu_790                     |    0    |    0    |    0    |    10   |
|          |                      icmp_ln1095_fu_852                     |    0    |    0    |    0    |    12   |
|          |                     icmp_ln1095_3_fu_868                    |    0    |    0    |    0    |    10   |
|          |                     icmp_ln1095_2_fu_874                    |    0    |    0    |    0    |    12   |
|          |                     icmp_ln1095_7_fu_890                    |    0    |    0    |    0    |    9    |
|          |                     icmp_ln1095_4_fu_896                    |    0    |    0    |    0    |    12   |
|          |                     icmp_ln1095_5_fu_902                    |    0    |    0    |    0    |    12   |
|          |                     icmp_ln1095_6_fu_908                    |    0    |    0    |    0    |    12   |
|          |                      icmp_ln1110_fu_922                     |    0    |    0    |    0    |    9    |
|          |                      icmp_ln1086_fu_931                     |    0    |    0    |    0    |    18   |
|          |                      icmp_ln900_fu_968                      |    0    |    0    |    0    |    18   |
|          |                      icmp_ln859_fu_1003                     |    0    |    0    |    0    |    18   |
|          |                      icmp_ln817_fu_1034                     |    0    |    0    |    0    |    18   |
|----------|-------------------------------------------------------------|---------|---------|---------|---------|
|          |                          grp_fu_420                         |    0    |    0    |    0    |    21   |
|          |                      add_ln1073_fu_519                      |    0    |    0    |    0    |    17   |
|          |                      add_ln1081_fu_571                      |    0    |    0    |    0    |    18   |
|          |                       add_ln909_fu_618                      |    0    |    0    |    0    |    17   |
|          |                       add_ln868_fu_707                      |    0    |    0    |    0    |    17   |
|    add   |                       add_ln826_fu_762                      |    0    |    0    |    0    |    17   |
|          |                      add_ln1095_fu_846                      |    0    |    0    |    0    |    16   |
|          |                         y_11_fu_936                         |    0    |    0    |    0    |    18   |
|          |                          y_9_fu_973                         |    0    |    0    |    0    |    18   |
|          |                         y_7_fu_1008                         |    0    |    0    |    0    |    18   |
|          |                         y_5_fu_1039                         |    0    |    0    |    0    |    18   |
|----------|-------------------------------------------------------------|---------|---------|---------|---------|
|    sub   |                      sub_ln1081_fu_565                      |    0    |    0    |    0    |    18   |
|----------|-------------------------------------------------------------|---------|---------|---------|---------|
|          |                      remainPix_5_fu_610                     |    0    |    0    |    0    |    4    |
|          |                      remainPix_3_fu_699                     |    0    |    0    |    0    |    3    |
|  select  |                      remainPix_1_fu_754                     |    0    |    0    |    0    |    3    |
|          |                      remainPix_6_fu_833                     |    0    |    0    |    0    |    4    |
|          |                       remainTrx_fu_840                      |    0    |    0    |    0    |    2    |
|----------|-------------------------------------------------------------|---------|---------|---------|---------|
|    mul   |                      mul_ln1073_fu_804                      |    1    |    0    |    0    |    5    |
|----------|-------------------------------------------------------------|---------|---------|---------|---------|
|          |               VideoFormat_val_read_read_fu_290              |    0    |    0    |    0    |    0    |
|   read   |              WidthInBytes_val_read_read_fu_296              |    0    |    0    |    0    |    0    |
|          |               WidthInPix_val_read_read_fu_302               |    0    |    0    |    0    |    0    |
|          |                 Height_val_read_read_fu_308                 |    0    |    0    |    0    |    0    |
|----------|-------------------------------------------------------------|---------|---------|---------|---------|
|          |                          grp_fu_426                         |    0    |    0    |    0    |    0    |
|          |                          grp_fu_436                         |    0    |    0    |    0    |    0    |
|          |                          grp_fu_452                         |    0    |    0    |    0    |    0    |
|          |                       lshr_ln1_fu_535                       |    0    |    0    |    0    |    0    |
|          |                       trunc_ln2_fu_577                      |    0    |    0    |    0    |    0    |
|          |                         tmp_8_fu_630                        |    0    |    0    |    0    |    0    |
|partselect|                         tmp_9_fu_652                        |    0    |    0    |    0    |    0    |
|          |                         tmp_7_fu_719                        |    0    |    0    |    0    |    0    |
|          |                         tmp_6_fu_774                        |    0    |    0    |    0    |    0    |
|          |                       trunc_ln1_fu_810                      |    0    |    0    |    0    |    0    |
|          |                    trunc_ln1_cast_fu_820                    |    0    |    0    |    0    |    0    |
|          |                        tmp_11_fu_858                        |    0    |    0    |    0    |    0    |
|          |                        tmp_12_fu_880                        |    0    |    0    |    0    |    0    |
|----------|-------------------------------------------------------------|---------|---------|---------|---------|
|          |                         empty_fu_469                        |    0    |    0    |    0    |    0    |
|   trunc  |                        remPix_fu_525                        |    0    |    0    |    0    |    0    |
|          |                      remainPix_4_fu_592                     |    0    |    0    |    0    |    0    |
|          |                      trunc_ln900_fu_991                     |    0    |    0    |    0    |    0    |
|----------|-------------------------------------------------------------|---------|---------|---------|---------|
|  switch  |                     switch_ln432_fu_473                     |    0    |    0    |    0    |    0    |
|----------|-------------------------------------------------------------|---------|---------|---------|---------|
|bitconcatenate|                         p_shl_fu_545                        |    0    |    0    |    0    |    0    |
|          |                        tmp_10_fu_553                        |    0    |    0    |    0    |    0    |
|----------|-------------------------------------------------------------|---------|---------|---------|---------|
|          |                      zext_ln1081_fu_561                     |    0    |    0    |    0    |    0    |
|          |                      zext_ln888_fu_596                      |    0    |    0    |    0    |    0    |
|          |                      zext_ln894_fu_606                      |    0    |    0    |    0    |    0    |
|          |                      zext_ln847_fu_691                      |    0    |    0    |    0    |    0    |
|   zext   |                      zext_ln853_fu_695                      |    0    |    0    |    0    |    0    |
|          |                      zext_ln805_fu_746                      |    0    |    0    |    0    |    0    |
|          |                      zext_ln811_fu_750                      |    0    |    0    |    0    |    0    |
|          |                      zext_ln1073_fu_801                     |    0    |    0    |    0    |    0    |
|          |                      zext_ln1079_fu_830                     |    0    |    0    |    0    |    0    |
|----------|-------------------------------------------------------------|---------|---------|---------|---------|
| bitselect|                        tmp_13_fu_914                        |    0    |    0    |    0    |    0    |
|----------|-------------------------------------------------------------|---------|---------|---------|---------|
|   Total  |                                                             |    1    |  0.547  |   1121  |   847   |
|----------|-------------------------------------------------------------|---------|---------|---------|---------|

Memories:
N/A

* Register list:
+-----------------------------+--------+
|                             |   FF   |
+-----------------------------+--------+
|   Height_val_read_reg_1066  |   11   |
|VideoFormat_val_read_reg_1062|    6   |
|     add_ln1073_reg_1122     |   10   |
|     add_ln1095_reg_1337     |    9   |
|      add_ln826_reg_1312     |   11   |
|      add_ln868_reg_1256     |   11   |
|      add_ln909_reg_1180     |   11   |
|        empty_reg_1074       |    5   |
|     icmp_ln1077_reg_1127    |    1   |
|    icmp_ln1095_2_reg_1352   |    1   |
|    icmp_ln1095_3_reg_1347   |    1   |
|    icmp_ln1095_4_reg_1362   |    1   |
|    icmp_ln1095_5_reg_1367   |    1   |
|    icmp_ln1095_6_reg_1372   |    1   |
|    icmp_ln1095_7_reg_1357   |    1   |
|     icmp_ln1095_reg_1342    |    1   |
|     icmp_ln1110_reg_1382    |    1   |
|     icmp_ln809_reg_1307     |    1   |
|    icmp_ln826_2_reg_1327    |    1   |
|    icmp_ln826_3_reg_1322    |    1   |
|     icmp_ln826_reg_1317     |    1   |
|     icmp_ln851_reg_1251     |    1   |
|    icmp_ln868_2_reg_1271    |    1   |
|    icmp_ln868_3_reg_1266    |    1   |
|     icmp_ln868_reg_1261     |    1   |
|     icmp_ln892_reg_1175     |    1   |
|    icmp_ln909_2_reg_1195    |    1   |
|    icmp_ln909_3_reg_1190    |    1   |
|    icmp_ln909_4_reg_1205    |    1   |
|    icmp_ln909_5_reg_1210    |    1   |
|    icmp_ln909_6_reg_1215    |    1   |
|    icmp_ln909_7_reg_1200    |    1   |
|     icmp_ln909_reg_1185     |    1   |
|      lshr_ln1_reg_1134      |    3   |
|     pix_10_load_reg_1433    |    8   |
|       pix_10_reg_1163       |    8   |
|     pix_11_load_reg_1438    |    8   |
|       pix_11_reg_1169       |    8   |
|     pix_1_load_reg_1479     |    8   |
|        pix_1_reg_1289       |    8   |
|     pix_24_load_reg_1390    |    8   |
|       pix_24_reg_1086       |    8   |
|     pix_25_load_reg_1395    |    8   |
|       pix_25_reg_1092       |    8   |
|     pix_26_load_reg_1400    |    8   |
|       pix_26_reg_1098       |    8   |
|     pix_27_load_reg_1405    |    8   |
|       pix_27_reg_1104       |    8   |
|     pix_28_load_reg_1410    |    8   |
|       pix_28_reg_1110       |    8   |
|     pix_29_load_reg_1415    |    8   |
|       pix_29_reg_1116       |    8   |
|     pix_2_load_reg_1484     |    8   |
|        pix_2_reg_1295       |    8   |
|     pix_3_load_reg_1489     |    8   |
|        pix_3_reg_1301       |    8   |
|     pix_4_load_reg_1451     |    8   |
|        pix_4_reg_1227       |    8   |
|     pix_5_load_reg_1456     |    8   |
|        pix_5_reg_1233       |    8   |
|     pix_6_load_reg_1461     |    8   |
|        pix_6_reg_1239       |    8   |
|     pix_7_load_reg_1466     |    8   |
|        pix_7_reg_1245       |    8   |
|     pix_8_load_reg_1423     |    8   |
|        pix_8_reg_1151       |    8   |
|     pix_9_load_reg_1428     |    8   |
|        pix_9_reg_1157       |    8   |
|      pix_load_reg_1474      |    8   |
|         pix_reg_1283        |    8   |
|           reg_462           |   10   |
|       tmp_13_reg_1377       |    1   |
|   trunc_ln1_cast_reg_1332   |    8   |
|      trunc_ln2_reg_1139     |    2   |
|     trunc_ln900_reg_1443    |    1   |
|         y_1_reg_1220        |   11   |
|         y_2_reg_1144        |   11   |
|         y_3_reg_1079        |   11   |
|          y_reg_1276         |   11   |
+-----------------------------+--------+
|            Total            |   456  |
+-----------------------------+--------+

* Multiplexer (MUX) list: 
|--------|------|------|------|--------|
|  Comp  |  Pin | Size |  BW  | S x BW |
|--------|------|------|------|--------|
|  Total |      |      |      |    0   |
|--------|------|------|------|--------|



* Summary:
+-----------+--------+--------+--------+--------+
|           |   DSP  |  Delay |   FF   |   LUT  |
+-----------+--------+--------+--------+--------+
|  Function |    1   |    0   |  1121  |   847  |
|   Memory  |    -   |    -   |    -   |    -   |
|Multiplexer|    -   |    -   |    -   |    -   |
|  Register |    -   |    -   |   456  |    -   |
+-----------+--------+--------+--------+--------+
|   Total   |    1   |    0   |  1577  |   847  |
+-----------+--------+--------+--------+--------+
