In file included from C:/TFG_Vivado/vivado/axu2cga_trd.runs/design_1_v_frmbuf_wr_1_0_synth_1/prj/sol/.autopilot/db/v_frmbuf_wr.cpp:51:
In file included from c:/TFG_Vivado/vivado/axu2cga_trd.gen/sources_1/bd/design_1/ip/design_1_v_frmbuf_wr_1_0/src\v_frmbuf_wr.h:49:
In file included from c:/TFG_Vivado/vivado/axu2cga_trd.gen/sources_1/bd/design_1/ip/design_1_v_frmbuf_wr_1_0/src/hls_video.h:62:
In file included from c:/TFG_Vivado/vivado/axu2cga_trd.gen/sources_1/bd/design_1/ip/design_1_v_frmbuf_wr_1_0/src/hls/hls_axi_io.h:53:
C:/AMDDesignTools/2025.2/Vitis/common/technology/autopilot\ap_axi_sdata.h:149:1: warning: HLS pragma dump _XLX_SEP_ PragmaIsValid=1_XLX_SEP_ PragmaType=inline_XLX_SEP_ PragmaContext=hls_XLX_SEP_ PragmaFunction=get_data_XLX_SEP_ PragmaOptions=_XLX_SEP_ [-Wdump-hls-pragmas]
#pragma HLS inline
^
C:/AMDDesignTools/2025.2/Vitis/common/technology/autopilot\ap_axi_sdata.h:154:1: warning: HLS pragma dump _XLX_SEP_ PragmaIsValid=1_XLX_SEP_ PragmaType=inline_XLX_SEP_ PragmaContext=hls_XLX_SEP_ PragmaFunction=set_data_XLX_SEP_ PragmaOptions=_XLX_SEP_ [-Wdump-hls-pragmas]
#pragma HLS inline
^
C:/AMDDesignTools/2025.2/Vitis/common/technology/autopilot\ap_axi_sdata.h:255:1: warning: HLS pragma dump _XLX_SEP_ PragmaIsValid=1_XLX_SEP_ PragmaType=inline_XLX_SEP_ PragmaContext=hls_XLX_SEP_ PragmaFunction=keep_all_XLX_SEP_ PragmaOptions=_XLX_SEP_ [-Wdump-hls-pragmas]
#pragma HLS inline
^
C:/AMDDesignTools/2025.2/Vitis/common/technology/autopilot\ap_axi_sdata.h:372:1: warning: HLS pragma dump _XLX_SEP_ PragmaIsValid=1_XLX_SEP_ PragmaType=inline_XLX_SEP_ PragmaContext=hls_XLX_SEP_ PragmaFunction=empty_XLX_SEP_ PragmaOptions=_XLX_SEP_ [-Wdump-hls-pragmas]
#pragma HLS inline
^
C:/AMDDesignTools/2025.2/Vitis/common/technology/autopilot\ap_axi_sdata.h:380:1: warning: HLS pragma dump _XLX_SEP_ PragmaIsValid=1_XLX_SEP_ PragmaType=inline_XLX_SEP_ PragmaContext=hls_XLX_SEP_ PragmaFunction=full_XLX_SEP_ PragmaOptions=_XLX_SEP_ [-Wdump-hls-pragmas]
#pragma HLS inline
^
C:/AMDDesignTools/2025.2/Vitis/common/technology/autopilot\ap_axi_sdata.h:389:1: warning: HLS pragma dump _XLX_SEP_ PragmaIsValid=1_XLX_SEP_ PragmaType=inline_XLX_SEP_ PragmaContext=hls_XLX_SEP_ PragmaFunction=read_XLX_SEP_ PragmaOptions=_XLX_SEP_ [-Wdump-hls-pragmas]
#pragma HLS inline
^
C:/AMDDesignTools/2025.2/Vitis/common/technology/autopilot\ap_axi_sdata.h:400:1: warning: HLS pragma dump _XLX_SEP_ PragmaIsValid=1_XLX_SEP_ PragmaType=inline_XLX_SEP_ PragmaContext=hls_XLX_SEP_ PragmaFunction=read_XLX_SEP_ PragmaOptions=_XLX_SEP_ [-Wdump-hls-pragmas]
#pragma HLS inline
^
C:/AMDDesignTools/2025.2/Vitis/common/technology/autopilot\ap_axi_sdata.h:412:1: warning: HLS pragma dump _XLX_SEP_ PragmaIsValid=1_XLX_SEP_ PragmaType=inline_XLX_SEP_ PragmaContext=hls_XLX_SEP_ PragmaFunction=write_XLX_SEP_ PragmaOptions=_XLX_SEP_ [-Wdump-hls-pragmas]
#pragma HLS inline
^
C:/AMDDesignTools/2025.2/Vitis/common/technology/autopilot\ap_axi_sdata.h:423:1: warning: HLS pragma dump _XLX_SEP_ PragmaIsValid=1_XLX_SEP_ PragmaType=inline_XLX_SEP_ PragmaContext=hls_XLX_SEP_ PragmaFunction=read_nb_XLX_SEP_ PragmaOptions=_XLX_SEP_ [-Wdump-hls-pragmas]
#pragma HLS inline
^
C:/AMDDesignTools/2025.2/Vitis/common/technology/autopilot\ap_axi_sdata.h:440:1: warning: HLS pragma dump _XLX_SEP_ PragmaIsValid=1_XLX_SEP_ PragmaType=inline_XLX_SEP_ PragmaContext=hls_XLX_SEP_ PragmaFunction=write_nb_XLX_SEP_ PragmaOptions=_XLX_SEP_ [-Wdump-hls-pragmas]
#pragma HLS inline
^
In file included from C:/TFG_Vivado/vivado/axu2cga_trd.runs/design_1_v_frmbuf_wr_1_0_synth_1/prj/sol/.autopilot/db/v_frmbuf_wr.cpp:51:
In file included from c:/TFG_Vivado/vivado/axu2cga_trd.gen/sources_1/bd/design_1/ip/design_1_v_frmbuf_wr_1_0/src\v_frmbuf_wr.h:49:
In file included from c:/TFG_Vivado/vivado/axu2cga_trd.gen/sources_1/bd/design_1/ip/design_1_v_frmbuf_wr_1_0/src/hls_video.h:62:
In file included from c:/TFG_Vivado/vivado/axu2cga_trd.gen/sources_1/bd/design_1/ip/design_1_v_frmbuf_wr_1_0/src/hls/hls_axi_io.h:54:
C:/AMDDesignTools/2025.2/Vitis/common/technology/autopilot\utils/x_hls_utils.h:224:1: warning: HLS pragma dump _XLX_SEP_ PragmaIsValid=1_XLX_SEP_ PragmaType=pipeline_XLX_SEP_ PragmaContext=hls_XLX_SEP_ PragmaFunction=reg_XLX_SEP_ PragmaOptions=II=1_XLX_SEP_ [-Wdump-hls-pragmas]
#pragma HLS PIPELINE II=1
^
C:/AMDDesignTools/2025.2/Vitis/common/technology/autopilot\utils/x_hls_utils.h:225:1: warning: HLS pragma dump _XLX_SEP_ PragmaIsValid=1_XLX_SEP_ PragmaType=latency_XLX_SEP_ PragmaContext=hls_XLX_SEP_ PragmaFunction=reg_XLX_SEP_ PragmaOptions=min=1 max=1_XLX_SEP_ [-Wdump-hls-pragmas]
#pragma HLS LATENCY min=1 max=1
^
C:/AMDDesignTools/2025.2/Vitis/common/technology/autopilot\utils/x_hls_utils.h:226:1: warning: HLS pragma dump _XLX_SEP_ PragmaIsValid=1_XLX_SEP_ PragmaType=inline_XLX_SEP_ PragmaContext=hls_XLX_SEP_ PragmaFunction=reg_XLX_SEP_ PragmaOptions=off_XLX_SEP_ [-Wdump-hls-pragmas]
#pragma HLS INLINE off
^
In file included from C:/TFG_Vivado/vivado/axu2cga_trd.runs/design_1_v_frmbuf_wr_1_0_synth_1/prj/sol/.autopilot/db/v_frmbuf_wr.cpp:51:
In file included from c:/TFG_Vivado/vivado/axu2cga_trd.gen/sources_1/bd/design_1/ip/design_1_v_frmbuf_wr_1_0/src\v_frmbuf_wr.h:49:
In file included from c:/TFG_Vivado/vivado/axu2cga_trd.gen/sources_1/bd/design_1/ip/design_1_v_frmbuf_wr_1_0/src/hls_video.h:62:
c:/TFG_Vivado/vivado/axu2cga_trd.gen/sources_1/bd/design_1/ip/design_1_v_frmbuf_wr_1_0/src/hls/hls_axi_io.h:61:1: warning: HLS pragma dump _XLX_SEP_ PragmaIsValid=1_XLX_SEP_ PragmaType=inline_XLX_SEP_ PragmaContext=hls_XLX_SEP_ PragmaFunction=AXIGetBitFields_XLX_SEP_ PragmaOptions=_XLX_SEP_ [-Wdump-hls-pragmas]
#pragma HLS inline
^
c:/TFG_Vivado/vivado/axu2cga_trd.gen/sources_1/bd/design_1/ip/design_1_v_frmbuf_wr_1_0/src/hls/hls_axi_io.h:68:1: warning: HLS pragma dump _XLX_SEP_ PragmaIsValid=1_XLX_SEP_ PragmaType=inline_XLX_SEP_ PragmaContext=hls_XLX_SEP_ PragmaFunction=AXIGetBitFields_XLX_SEP_ PragmaOptions=_XLX_SEP_ [-Wdump-hls-pragmas]
#pragma HLS inline
^
c:/TFG_Vivado/vivado/axu2cga_trd.gen/sources_1/bd/design_1/ip/design_1_v_frmbuf_wr_1_0/src/hls/hls_axi_io.h:76:1: warning: HLS pragma dump _XLX_SEP_ PragmaIsValid=1_XLX_SEP_ PragmaType=inline_XLX_SEP_ PragmaContext=hls_XLX_SEP_ PragmaFunction=AXIGetBitFields_XLX_SEP_ PragmaOptions=_XLX_SEP_ [-Wdump-hls-pragmas]
#pragma HLS inline
^
c:/TFG_Vivado/vivado/axu2cga_trd.gen/sources_1/bd/design_1/ip/design_1_v_frmbuf_wr_1_0/src/hls/hls_axi_io.h:84:1: warning: HLS pragma dump _XLX_SEP_ PragmaIsValid=1_XLX_SEP_ PragmaType=inline_XLX_SEP_ PragmaContext=hls_XLX_SEP_ PragmaFunction=AXIGetBitFields_XLX_SEP_ PragmaOptions=_XLX_SEP_ [-Wdump-hls-pragmas]
#pragma HLS inline
^
c:/TFG_Vivado/vivado/axu2cga_trd.gen/sources_1/bd/design_1/ip/design_1_v_frmbuf_wr_1_0/src/hls/hls_axi_io.h:90:1: warning: HLS pragma dump _XLX_SEP_ PragmaIsValid=1_XLX_SEP_ PragmaType=inline_XLX_SEP_ PragmaContext=hls_XLX_SEP_ PragmaFunction=AXISetBitFields_XLX_SEP_ PragmaOptions=_XLX_SEP_ [-Wdump-hls-pragmas]
#pragma HLS inline
^
c:/TFG_Vivado/vivado/axu2cga_trd.gen/sources_1/bd/design_1/ip/design_1_v_frmbuf_wr_1_0/src/hls/hls_axi_io.h:97:1: warning: HLS pragma dump _XLX_SEP_ PragmaIsValid=1_XLX_SEP_ PragmaType=inline_XLX_SEP_ PragmaContext=hls_XLX_SEP_ PragmaFunction=AXISetBitFields_XLX_SEP_ PragmaOptions=_XLX_SEP_ [-Wdump-hls-pragmas]
#pragma HLS inline
^
c:/TFG_Vivado/vivado/axu2cga_trd.gen/sources_1/bd/design_1/ip/design_1_v_frmbuf_wr_1_0/src/hls/hls_axi_io.h:105:1: warning: HLS pragma dump _XLX_SEP_ PragmaIsValid=1_XLX_SEP_ PragmaType=inline_XLX_SEP_ PragmaContext=hls_XLX_SEP_ PragmaFunction=AXISetBitFields_XLX_SEP_ PragmaOptions=_XLX_SEP_ [-Wdump-hls-pragmas]
#pragma HLS inline
^
c:/TFG_Vivado/vivado/axu2cga_trd.gen/sources_1/bd/design_1/ip/design_1_v_frmbuf_wr_1_0/src/hls/hls_axi_io.h:113:1: warning: HLS pragma dump _XLX_SEP_ PragmaIsValid=1_XLX_SEP_ PragmaType=inline_XLX_SEP_ PragmaContext=hls_XLX_SEP_ PragmaFunction=AXISetBitFields_XLX_SEP_ PragmaOptions=_XLX_SEP_ [-Wdump-hls-pragmas]
#pragma HLS inline
^
In file included from C:/TFG_Vivado/vivado/axu2cga_trd.runs/design_1_v_frmbuf_wr_1_0_synth_1/prj/sol/.autopilot/db/v_frmbuf_wr.cpp:51:
In file included from c:/TFG_Vivado/vivado/axu2cga_trd.gen/sources_1/bd/design_1/ip/design_1_v_frmbuf_wr_1_0/src\v_frmbuf_wr.h:49:
In file included from c:/TFG_Vivado/vivado/axu2cga_trd.gen/sources_1/bd/design_1/ip/design_1_v_frmbuf_wr_1_0/src/hls_video.h:63:
In file included from C:/AMDDesignTools/2025.2/Vitis/common/technology/autopilot\hls_math.h:1053:
C:/AMDDesignTools/2025.2/Vitis/common/technology/autopilot/etc/hls_hotbm_apfixed.h:90:1: warning: HLS pragma dump _XLX_SEP_ PragmaIsValid=1_XLX_SEP_ PragmaType=array_partition_XLX_SEP_ PragmaContext=hls_XLX_SEP_ PragmaFunction=sin_or_cos_approximation_XLX_SEP_ PragmaOptions=variable=swap_table complete_XLX_SEP_ [-Wdump-hls-pragmas]
#pragma HLS array_partition variable=swap_table complete
^
C:/AMDDesignTools/2025.2/Vitis/common/technology/autopilot/etc/hls_hotbm_apfixed.h:91:1: warning: HLS pragma dump _XLX_SEP_ PragmaIsValid=1_XLX_SEP_ PragmaType=bind_storage_XLX_SEP_ PragmaContext=hls_XLX_SEP_ PragmaFunction=sin_or_cos_approximation_XLX_SEP_ PragmaOptions=variable=fourth_order_double::sin_cos_K0 type=ROM_1P impl=LUTRAM_XLX_SEP_ [-Wdump-hls-pragmas]
#pragma HLS BIND_STORAGE variable=fourth_order_double::sin_cos_K0 type=ROM_1P impl=LUTRAM
^
C:/AMDDesignTools/2025.2/Vitis/common/technology/autopilot/etc/hls_hotbm_apfixed.h:92:1: warning: HLS pragma dump _XLX_SEP_ PragmaIsValid=1_XLX_SEP_ PragmaType=bind_storage_XLX_SEP_ PragmaContext=hls_XLX_SEP_ PragmaFunction=sin_or_cos_approximation_XLX_SEP_ PragmaOptions=variable=fourth_order_double::sin_cos_K1 type=ROM_1P impl=LUTRAM_XLX_SEP_ [-Wdump-hls-pragmas]
#pragma HLS BIND_STORAGE variable=fourth_order_double::sin_cos_K1 type=ROM_1P impl=LUTRAM
^
C:/AMDDesignTools/2025.2/Vitis/common/technology/autopilot/etc/hls_hotbm_apfixed.h:93:1: warning: HLS pragma dump _XLX_SEP_ PragmaIsValid=1_XLX_SEP_ PragmaType=bind_storage_XLX_SEP_ PragmaContext=hls_XLX_SEP_ PragmaFunction=sin_or_cos_approximation_XLX_SEP_ PragmaOptions=variable=fourth_order_double::sin_cos_K2 type=ROM_1P impl=LUTRAM_XLX_SEP_ [-Wdump-hls-pragmas]
#pragma HLS BIND_STORAGE variable=fourth_order_double::sin_cos_K2 type=ROM_1P impl=LUTRAM
^
C:/AMDDesignTools/2025.2/Vitis/common/technology/autopilot/etc/hls_hotbm_apfixed.h:94:1: warning: HLS pragma dump _XLX_SEP_ PragmaIsValid=1_XLX_SEP_ PragmaType=bind_storage_XLX_SEP_ PragmaContext=hls_XLX_SEP_ PragmaFunction=sin_or_cos_approximation_XLX_SEP_ PragmaOptions=variable=fourth_order_double::sin_cos_K3 type=ROM_1P impl=LUTRAM_XLX_SEP_ [-Wdump-hls-pragmas]
#pragma HLS BIND_STORAGE variable=fourth_order_double::sin_cos_K3 type=ROM_1P impl=LUTRAM
^
C:/AMDDesignTools/2025.2/Vitis/common/technology/autopilot/etc/hls_hotbm_apfixed.h:95:1: warning: HLS pragma dump _XLX_SEP_ PragmaIsValid=1_XLX_SEP_ PragmaType=bind_storage_XLX_SEP_ PragmaContext=hls_XLX_SEP_ PragmaFunction=sin_or_cos_approximation_XLX_SEP_ PragmaOptions=variable=fourth_order_double::sin_cos_K4 type=ROM_1P impl=LUTRAM_XLX_SEP_ [-Wdump-hls-pragmas]
#pragma HLS BIND_STORAGE variable=fourth_order_double::sin_cos_K4 type=ROM_1P impl=LUTRAM
^
C:/AMDDesignTools/2025.2/Vitis/common/technology/autopilot/etc/hls_hotbm_apfixed.h:125:1: warning: HLS pragma dump _XLX_SEP_ PragmaIsValid=1_XLX_SEP_ PragmaType=bind_storage_XLX_SEP_ PragmaContext=hls_XLX_SEP_ PragmaFunction=sincos_approximation_XLX_SEP_ PragmaOptions=variable=fourth_order_double::cos_K0 type=ROM_1P impl=LUTRAM_XLX_SEP_ [-Wdump-hls-pragmas]
#pragma HLS BIND_STORAGE variable=fourth_order_double::cos_K0 type=ROM_1P impl=LUTRAM
^
C:/AMDDesignTools/2025.2/Vitis/common/technology/autopilot/etc/hls_hotbm_apfixed.h:126:1: warning: HLS pragma dump _XLX_SEP_ PragmaIsValid=1_XLX_SEP_ PragmaType=bind_storage_XLX_SEP_ PragmaContext=hls_XLX_SEP_ PragmaFunction=sincos_approximation_XLX_SEP_ PragmaOptions=variable=fourth_order_double::cos_K1 type=ROM_1P impl=LUTRAM_XLX_SEP_ [-Wdump-hls-pragmas]
#pragma HLS BIND_STORAGE variable=fourth_order_double::cos_K1 type=ROM_1P impl=LUTRAM
^
C:/AMDDesignTools/2025.2/Vitis/common/technology/autopilot/etc/hls_hotbm_apfixed.h:127:1: warning: HLS pragma dump _XLX_SEP_ PragmaIsValid=1_XLX_SEP_ PragmaType=bind_storage_XLX_SEP_ PragmaContext=hls_XLX_SEP_ PragmaFunction=sincos_approximation_XLX_SEP_ PragmaOptions=variable=fourth_order_double::cos_K2 type=ROM_1P impl=LUTRAM_XLX_SEP_ [-Wdump-hls-pragmas]
#pragma HLS BIND_STORAGE variable=fourth_order_double::cos_K2 type=ROM_1P impl=LUTRAM
^
C:/AMDDesignTools/2025.2/Vitis/common/technology/autopilot/etc/hls_hotbm_apfixed.h:128:1: warning: HLS pragma dump _XLX_SEP_ PragmaIsValid=1_XLX_SEP_ PragmaType=bind_storage_XLX_SEP_ PragmaContext=hls_XLX_SEP_ PragmaFunction=sincos_approximation_XLX_SEP_ PragmaOptions=variable=fourth_order_double::cos_K3 type=ROM_1P impl=LUTRAM_XLX_SEP_ [-Wdump-hls-pragmas]
#pragma HLS BIND_STORAGE variable=fourth_order_double::cos_K3 type=ROM_1P impl=LUTRAM
^
C:/AMDDesignTools/2025.2/Vitis/common/technology/autopilot/etc/hls_hotbm_apfixed.h:129:1: warning: HLS pragma dump _XLX_SEP_ PragmaIsValid=1_XLX_SEP_ PragmaType=bind_storage_XLX_SEP_ PragmaContext=hls_XLX_SEP_ PragmaFunction=sincos_approximation_XLX_SEP_ PragmaOptions=variable=fourth_order_double::cos_K4 type=ROM_1P impl=LUTRAM_XLX_SEP_ [-Wdump-hls-pragmas]
#pragma HLS BIND_STORAGE variable=fourth_order_double::cos_K4 type=ROM_1P impl=LUTRAM
^
C:/AMDDesignTools/2025.2/Vitis/common/technology/autopilot/etc/hls_hotbm_apfixed.h:130:1: warning: HLS pragma dump _XLX_SEP_ PragmaIsValid=1_XLX_SEP_ PragmaType=bind_storage_XLX_SEP_ PragmaContext=hls_XLX_SEP_ PragmaFunction=sincos_approximation_XLX_SEP_ PragmaOptions=variable=fourth_order_double::sin_K0 type=ROM_1P impl=LUTRAM_XLX_SEP_ [-Wdump-hls-pragmas]
#pragma HLS BIND_STORAGE variable=fourth_order_double::sin_K0 type=ROM_1P impl=LUTRAM
^
C:/AMDDesignTools/2025.2/Vitis/common/technology/autopilot/etc/hls_hotbm_apfixed.h:131:1: warning: HLS pragma dump _XLX_SEP_ PragmaIsValid=1_XLX_SEP_ PragmaType=bind_storage_XLX_SEP_ PragmaContext=hls_XLX_SEP_ PragmaFunction=sincos_approximation_XLX_SEP_ PragmaOptions=variable=fourth_order_double::sin_K1 type=ROM_1P impl=LUTRAM_XLX_SEP_ [-Wdump-hls-pragmas]
#pragma HLS BIND_STORAGE variable=fourth_order_double::sin_K1 type=ROM_1P impl=LUTRAM
^
C:/AMDDesignTools/2025.2/Vitis/common/technology/autopilot/etc/hls_hotbm_apfixed.h:132:1: warning: HLS pragma dump _XLX_SEP_ PragmaIsValid=1_XLX_SEP_ PragmaType=bind_storage_XLX_SEP_ PragmaContext=hls_XLX_SEP_ PragmaFunction=sincos_approximation_XLX_SEP_ PragmaOptions=variable=fourth_order_double::sin_K2 type=ROM_1P impl=LUTRAM_XLX_SEP_ [-Wdump-hls-pragmas]
#pragma HLS BIND_STORAGE variable=fourth_order_double::sin_K2 type=ROM_1P impl=LUTRAM
^
C:/AMDDesignTools/2025.2/Vitis/common/technology/autopilot/etc/hls_hotbm_apfixed.h:133:1: warning: HLS pragma dump _XLX_SEP_ PragmaIsValid=1_XLX_SEP_ PragmaType=bind_storage_XLX_SEP_ PragmaContext=hls_XLX_SEP_ PragmaFunction=sincos_approximation_XLX_SEP_ PragmaOptions=variable=fourth_order_double::sin_K3 type=ROM_1P impl=LUTRAM_XLX_SEP_ [-Wdump-hls-pragmas]
#pragma HLS BIND_STORAGE variable=fourth_order_double::sin_K3 type=ROM_1P impl=LUTRAM
^
C:/AMDDesignTools/2025.2/Vitis/common/technology/autopilot/etc/hls_hotbm_apfixed.h:134:1: warning: HLS pragma dump _XLX_SEP_ PragmaIsValid=1_XLX_SEP_ PragmaType=bind_storage_XLX_SEP_ PragmaContext=hls_XLX_SEP_ PragmaFunction=sincos_approximation_XLX_SEP_ PragmaOptions=variable=fourth_order_double::sin_K4 type=ROM_1P impl=LUTRAM_XLX_SEP_ [-Wdump-hls-pragmas]
#pragma HLS BIND_STORAGE variable=fourth_order_double::sin_K4 type=ROM_1P impl=LUTRAM
^
C:/AMDDesignTools/2025.2/Vitis/common/technology/autopilot/etc/hls_hotbm_apfixed.h:183:1: warning: HLS pragma dump _XLX_SEP_ PragmaIsValid=1_XLX_SEP_ PragmaType=array_partition_XLX_SEP_ PragmaContext=hls_XLX_SEP_ PragmaFunction=sin_or_cos_approximation_XLX_SEP_ PragmaOptions=variable=swap_table complete_XLX_SEP_ [-Wdump-hls-pragmas]
#pragma HLS array_partition variable=swap_table complete
^
C:/AMDDesignTools/2025.2/Vitis/common/technology/autopilot/etc/hls_hotbm_apfixed.h:184:1: warning: HLS pragma dump _XLX_SEP_ PragmaIsValid=1_XLX_SEP_ PragmaType=bind_storage_XLX_SEP_ PragmaContext=hls_XLX_SEP_ PragmaFunction=sin_or_cos_approximation_XLX_SEP_ PragmaOptions=variable=second_order_float::sin_cos_K0 type=ROM_1P impl=LUTRAM_XLX_SEP_ [-Wdump-hls-pragmas]
#pragma HLS BIND_STORAGE variable=second_order_float::sin_cos_K0 type=ROM_1P impl=LUTRAM
^
C:/AMDDesignTools/2025.2/Vitis/common/technology/autopilot/etc/hls_hotbm_apfixed.h:185:1: warning: HLS pragma dump _XLX_SEP_ PragmaIsValid=1_XLX_SEP_ PragmaType=bind_storage_XLX_SEP_ PragmaContext=hls_XLX_SEP_ PragmaFunction=sin_or_cos_approximation_XLX_SEP_ PragmaOptions=variable=second_order_float::sin_cos_K1 type=ROM_1P impl=LUTRAM_XLX_SEP_ [-Wdump-hls-pragmas]
#pragma HLS BIND_STORAGE variable=second_order_float::sin_cos_K1 type=ROM_1P impl=LUTRAM
^
C:/AMDDesignTools/2025.2/Vitis/common/technology/autopilot/etc/hls_hotbm_apfixed.h:186:1: warning: HLS pragma dump _XLX_SEP_ PragmaIsValid=1_XLX_SEP_ PragmaType=bind_storage_XLX_SEP_ PragmaContext=hls_XLX_SEP_ PragmaFunction=sin_or_cos_approximation_XLX_SEP_ PragmaOptions=variable=second_order_float::sin_cos_K2 type=ROM_1P impl=LUTRAM_XLX_SEP_ [-Wdump-hls-pragmas]
#pragma HLS BIND_STORAGE variable=second_order_float::sin_cos_K2 type=ROM_1P impl=LUTRAM
^
C:/AMDDesignTools/2025.2/Vitis/common/technology/autopilot/etc/hls_hotbm_apfixed.h:213:1: warning: HLS pragma dump _XLX_SEP_ PragmaIsValid=1_XLX_SEP_ PragmaType=bind_storage_XLX_SEP_ PragmaContext=hls_XLX_SEP_ PragmaFunction=sincos_approximation_XLX_SEP_ PragmaOptions=variable=second_order_float::cos_K0 type=ROM_1P impl=LUTRAM_XLX_SEP_ [-Wdump-hls-pragmas]
#pragma HLS BIND_STORAGE variable=second_order_float::cos_K0 type=ROM_1P impl=LUTRAM
^
C:/AMDDesignTools/2025.2/Vitis/common/technology/autopilot/etc/hls_hotbm_apfixed.h:214:1: warning: HLS pragma dump _XLX_SEP_ PragmaIsValid=1_XLX_SEP_ PragmaType=bind_storage_XLX_SEP_ PragmaContext=hls_XLX_SEP_ PragmaFunction=sincos_approximation_XLX_SEP_ PragmaOptions=variable=second_order_float::cos_K1 type=ROM_1P impl=LUTRAM_XLX_SEP_ [-Wdump-hls-pragmas]
#pragma HLS BIND_STORAGE variable=second_order_float::cos_K1 type=ROM_1P impl=LUTRAM
^
C:/AMDDesignTools/2025.2/Vitis/common/technology/autopilot/etc/hls_hotbm_apfixed.h:215:1: warning: HLS pragma dump _XLX_SEP_ PragmaIsValid=1_XLX_SEP_ PragmaType=bind_storage_XLX_SEP_ PragmaContext=hls_XLX_SEP_ PragmaFunction=sincos_approximation_XLX_SEP_ PragmaOptions=variable=second_order_float::cos_K2 type=ROM_1P impl=LUTRAM_XLX_SEP_ [-Wdump-hls-pragmas]
#pragma HLS BIND_STORAGE variable=second_order_float::cos_K2 type=ROM_1P impl=LUTRAM
^
C:/AMDDesignTools/2025.2/Vitis/common/technology/autopilot/etc/hls_hotbm_apfixed.h:216:1: warning: HLS pragma dump _XLX_SEP_ PragmaIsValid=1_XLX_SEP_ PragmaType=bind_storage_XLX_SEP_ PragmaContext=hls_XLX_SEP_ PragmaFunction=sincos_approximation_XLX_SEP_ PragmaOptions=variable=second_order_float::sin_K0 type=ROM_1P impl=LUTRAM_XLX_SEP_ [-Wdump-hls-pragmas]
#pragma HLS BIND_STORAGE variable=second_order_float::sin_K0 type=ROM_1P impl=LUTRAM
^
C:/AMDDesignTools/2025.2/Vitis/common/technology/autopilot/etc/hls_hotbm_apfixed.h:217:1: warning: HLS pragma dump _XLX_SEP_ PragmaIsValid=1_XLX_SEP_ PragmaType=bind_storage_XLX_SEP_ PragmaContext=hls_XLX_SEP_ PragmaFunction=sincos_approximation_XLX_SEP_ PragmaOptions=variable=second_order_float::sin_K1 type=ROM_1P impl=LUTRAM_XLX_SEP_ [-Wdump-hls-pragmas]
#pragma HLS BIND_STORAGE variable=second_order_float::sin_K1 type=ROM_1P impl=LUTRAM
^
C:/AMDDesignTools/2025.2/Vitis/common/technology/autopilot/etc/hls_hotbm_apfixed.h:218:1: warning: HLS pragma dump _XLX_SEP_ PragmaIsValid=1_XLX_SEP_ PragmaType=bind_storage_XLX_SEP_ PragmaContext=hls_XLX_SEP_ PragmaFunction=sincos_approximation_XLX_SEP_ PragmaOptions=variable=second_order_float::sin_K2 type=ROM_1P impl=LUTRAM_XLX_SEP_ [-Wdump-hls-pragmas]
#pragma HLS BIND_STORAGE variable=second_order_float::sin_K2 type=ROM_1P impl=LUTRAM
^
C:/AMDDesignTools/2025.2/Vitis/common/technology/autopilot/etc/hls_hotbm_apfixed.h:254:1: warning: HLS pragma dump _XLX_SEP_ PragmaIsValid=1_XLX_SEP_ PragmaType=bind_storage_XLX_SEP_ PragmaContext=hls_XLX_SEP_ PragmaFunction=sin_or_cos_approximation_XLX_SEP_ PragmaOptions=variable=first_order_fixed_16::sin_cos_K0 type=ROM_1P impl=LUTRAM_XLX_SEP_ [-Wdump-hls-pragmas]
#pragma HLS BIND_STORAGE variable=first_order_fixed_16::sin_cos_K0 type=ROM_1P impl=LUTRAM
^
C:/AMDDesignTools/2025.2/Vitis/common/technology/autopilot/etc/hls_hotbm_apfixed.h:255:1: warning: HLS pragma dump _XLX_SEP_ PragmaIsValid=1_XLX_SEP_ PragmaType=bind_storage_XLX_SEP_ PragmaContext=hls_XLX_SEP_ PragmaFunction=sin_or_cos_approximation_XLX_SEP_ PragmaOptions=variable=first_order_fixed_16::sin_cos_K1 type=ROM_1P impl=LUTRAM_XLX_SEP_ [-Wdump-hls-pragmas]
#pragma HLS BIND_STORAGE variable=first_order_fixed_16::sin_cos_K1 type=ROM_1P impl=LUTRAM
^
C:/AMDDesignTools/2025.2/Vitis/common/technology/autopilot/etc/hls_hotbm_apfixed.h:284:1: warning: HLS pragma dump _XLX_SEP_ PragmaIsValid=1_XLX_SEP_ PragmaType=array_partition_XLX_SEP_ PragmaContext=hls_XLX_SEP_ PragmaFunction=sinf_or_cosf_XLX_SEP_ PragmaOptions=variable=swap_table complete_XLX_SEP_ [-Wdump-hls-pragmas]
#pragma HLS array_partition variable=swap_table complete
^
C:/AMDDesignTools/2025.2/Vitis/common/technology/autopilot/etc/hls_hotbm_apfixed.h:285:1: warning: HLS pragma dump _XLX_SEP_ PragmaIsValid=1_XLX_SEP_ PragmaType=array_partition_XLX_SEP_ PragmaContext=hls_XLX_SEP_ PragmaFunction=sinf_or_cosf_XLX_SEP_ PragmaOptions=variable=neg_sin_table complete_XLX_SEP_ [-Wdump-hls-pragmas]
#pragma HLS array_partition variable=neg_sin_table complete
^
C:/AMDDesignTools/2025.2/Vitis/common/technology/autopilot/etc/hls_hotbm_apfixed.h:286:1: warning: HLS pragma dump _XLX_SEP_ PragmaIsValid=1_XLX_SEP_ PragmaType=array_partition_XLX_SEP_ PragmaContext=hls_XLX_SEP_ PragmaFunction=sinf_or_cosf_XLX_SEP_ PragmaOptions=variable=neg_cos_table complete_XLX_SEP_ [-Wdump-hls-pragmas]
#pragma HLS array_partition variable=neg_cos_table complete
^
C:/AMDDesignTools/2025.2/Vitis/common/technology/autopilot/etc/hls_hotbm_apfixed.h:356:1: warning: HLS pragma dump _XLX_SEP_ PragmaIsValid=1_XLX_SEP_ PragmaType=array_partition_XLX_SEP_ PragmaContext=hls_XLX_SEP_ PragmaFunction=sinf_or_cosf_XLX_SEP_ PragmaOptions=variable=swap_table complete_XLX_SEP_ [-Wdump-hls-pragmas]
#pragma HLS array_partition variable=swap_table complete
^
C:/AMDDesignTools/2025.2/Vitis/common/technology/autopilot/etc/hls_hotbm_apfixed.h:357:1: warning: HLS pragma dump _XLX_SEP_ PragmaIsValid=1_XLX_SEP_ PragmaType=array_partition_XLX_SEP_ PragmaContext=hls_XLX_SEP_ PragmaFunction=sinf_or_cosf_XLX_SEP_ PragmaOptions=variable=neg_sin_table complete_XLX_SEP_ [-Wdump-hls-pragmas]
#pragma HLS array_partition variable=neg_sin_table complete
^
C:/AMDDesignTools/2025.2/Vitis/common/technology/autopilot/etc/hls_hotbm_apfixed.h:358:1: warning: HLS pragma dump _XLX_SEP_ PragmaIsValid=1_XLX_SEP_ PragmaType=array_partition_XLX_SEP_ PragmaContext=hls_XLX_SEP_ PragmaFunction=sinf_or_cosf_XLX_SEP_ PragmaOptions=variable=neg_cos_table complete_XLX_SEP_ [-Wdump-hls-pragmas]
#pragma HLS array_partition variable=neg_cos_table complete
^
C:/AMDDesignTools/2025.2/Vitis/common/technology/autopilot/etc/hls_hotbm_apfixed.h:427:1: warning: HLS pragma dump _XLX_SEP_ PragmaIsValid=1_XLX_SEP_ PragmaType=array_partition_XLX_SEP_ PragmaContext=hls_XLX_SEP_ PragmaFunction=sinf_or_cosf_XLX_SEP_ PragmaOptions=variable=neg_sin_table complete_XLX_SEP_ [-Wdump-hls-pragmas]
#pragma HLS array_partition variable=neg_sin_table complete
^
C:/AMDDesignTools/2025.2/Vitis/common/technology/autopilot/etc/hls_hotbm_apfixed.h:428:1: warning: HLS pragma dump _XLX_SEP_ PragmaIsValid=1_XLX_SEP_ PragmaType=array_partition_XLX_SEP_ PragmaContext=hls_XLX_SEP_ PragmaFunction=sinf_or_cosf_XLX_SEP_ PragmaOptions=variable=neg_cos_table complete_XLX_SEP_ [-Wdump-hls-pragmas]
#pragma HLS array_partition variable=neg_cos_table complete
^
In file included from C:/TFG_Vivado/vivado/axu2cga_trd.runs/design_1_v_frmbuf_wr_1_0_synth_1/prj/sol/.autopilot/db/v_frmbuf_wr.cpp:51:
In file included from c:/TFG_Vivado/vivado/axu2cga_trd.gen/sources_1/bd/design_1/ip/design_1_v_frmbuf_wr_1_0/src\v_frmbuf_wr.h:49:
In file included from c:/TFG_Vivado/vivado/axu2cga_trd.gen/sources_1/bd/design_1/ip/design_1_v_frmbuf_wr_1_0/src/hls_video.h:63:
In file included from C:/AMDDesignTools/2025.2/Vitis/common/technology/autopilot\hls_math.h:1054:
C:/AMDDesignTools/2025.2/Vitis/common/technology/autopilot/etc/hls_cordic_apfixed.h:62:1: warning: HLS pragma dump _XLX_SEP_ PragmaIsValid=1_XLX_SEP_ PragmaType=pipeline_XLX_SEP_ PragmaContext=hls_XLX_SEP_ PragmaFunction=cordic_circ_apfixed_XLX_SEP_ PragmaOptions=_XLX_SEP_ [-Wdump-hls-pragmas]
#pragma HLS pipeline
^
C:/AMDDesignTools/2025.2/Vitis/common/technology/autopilot/etc/hls_cordic_apfixed.h:120:1: warning: HLS pragma dump _XLX_SEP_ PragmaIsValid=1_XLX_SEP_ PragmaType=pipeline_XLX_SEP_ PragmaContext=hls_XLX_SEP_ PragmaFunction=doublecordic_apfixed_XLX_SEP_ PragmaOptions=II=5_XLX_SEP_ [-Wdump-hls-pragmas]
#pragma HLS pipeline II=5
^
C:/AMDDesignTools/2025.2/Vitis/common/technology/autopilot/etc/hls_cordic_apfixed.h:123:1: warning: HLS pragma dump _XLX_SEP_ PragmaIsValid=1_XLX_SEP_ PragmaType=pipeline_XLX_SEP_ PragmaContext=hls_XLX_SEP_ PragmaFunction=doublecordic_apfixed_XLX_SEP_ PragmaOptions=II=3_XLX_SEP_ [-Wdump-hls-pragmas]
#pragma HLS pipeline II=3
^
C:/AMDDesignTools/2025.2/Vitis/common/technology/autopilot/etc/hls_cordic_apfixed.h:126:1: warning: HLS pragma dump _XLX_SEP_ PragmaIsValid=1_XLX_SEP_ PragmaType=pipeline_XLX_SEP_ PragmaContext=hls_XLX_SEP_ PragmaFunction=doublecordic_apfixed_XLX_SEP_ PragmaOptions=II=1_XLX_SEP_ [-Wdump-hls-pragmas]
#pragma HLS pipeline II=1
^
C:/AMDDesignTools/2025.2/Vitis/common/technology/autopilot/etc/hls_cordic_apfixed.h:129:1: warning: HLS pragma dump _XLX_SEP_ PragmaIsValid=1_XLX_SEP_ PragmaType=pipeline_XLX_SEP_ PragmaContext=hls_XLX_SEP_ PragmaFunction=doublecordic_apfixed_XLX_SEP_ PragmaOptions=II=4_XLX_SEP_ [-Wdump-hls-pragmas]
#pragma HLS pipeline II=4
^
C:/AMDDesignTools/2025.2/Vitis/common/technology/autopilot/etc/hls_cordic_apfixed.h:290:1: warning: HLS pragma dump _XLX_SEP_ PragmaIsValid=1_XLX_SEP_ PragmaType=unroll_XLX_SEP_ PragmaContext=hls_XLX_SEP_ PragmaFunction=generic_tan_XLX_SEP_ PragmaOptions=_XLX_SEP_ [-Wdump-hls-pragmas]
#pragma HLS UNROLL
^
C:/AMDDesignTools/2025.2/Vitis/common/technology/autopilot/etc/hls_cordic_apfixed.h:450:1: warning: HLS pragma dump _XLX_SEP_ PragmaIsValid=1_XLX_SEP_ PragmaType=unroll_XLX_SEP_ PragmaContext=hls_XLX_SEP_ PragmaFunction=generic_tanpi_XLX_SEP_ PragmaOptions=_XLX_SEP_ [-Wdump-hls-pragmas]
#pragma HLS UNROLL
^
C:/AMDDesignTools/2025.2/Vitis/common/technology/autopilot/etc/hls_cordic_apfixed.h:630:1: warning: HLS pragma dump _XLX_SEP_ PragmaIsValid=1_XLX_SEP_ PragmaType=unroll_XLX_SEP_ PragmaContext=hls_XLX_SEP_ PragmaFunction=generic_atan2_XLX_SEP_ PragmaOptions=_XLX_SEP_ [-Wdump-hls-pragmas]
#pragma HLS UNROLL
^
C:/AMDDesignTools/2025.2/Vitis/common/technology/autopilot/etc/hls_cordic_apfixed.h:634:1: warning: HLS pragma dump _XLX_SEP_ PragmaIsValid=1_XLX_SEP_ PragmaType=unroll_XLX_SEP_ PragmaContext=hls_XLX_SEP_ PragmaFunction=generic_atan2_XLX_SEP_ PragmaOptions=_XLX_SEP_ [-Wdump-hls-pragmas]
#pragma HLS UNROLL
^
C:/AMDDesignTools/2025.2/Vitis/common/technology/autopilot/etc/hls_cordic_apfixed.h:841:1: warning: HLS pragma dump _XLX_SEP_ PragmaIsValid=1_XLX_SEP_ PragmaType=unroll_XLX_SEP_ PragmaContext=hls_XLX_SEP_ PragmaFunction=sinh_cosh_range_redux_cordic_XLX_SEP_ PragmaOptions=_XLX_SEP_ [-Wdump-hls-pragmas]
#pragma HLS UNROLL
^
C:/AMDDesignTools/2025.2/Vitis/common/technology/autopilot/etc/hls_cordic_apfixed.h:860:1: warning: HLS pragma dump _XLX_SEP_ PragmaIsValid=1_XLX_SEP_ PragmaType=unroll_XLX_SEP_ PragmaContext=hls_XLX_SEP_ PragmaFunction=sinh_cosh_range_redux_cordic_XLX_SEP_ PragmaOptions=_XLX_SEP_ [-Wdump-hls-pragmas]
#pragma HLS UNROLL
^
In file included from C:/TFG_Vivado/vivado/axu2cga_trd.runs/design_1_v_frmbuf_wr_1_0_synth_1/prj/sol/.autopilot/db/v_frmbuf_wr.cpp:51:
In file included from c:/TFG_Vivado/vivado/axu2cga_trd.gen/sources_1/bd/design_1/ip/design_1_v_frmbuf_wr_1_0/src\v_frmbuf_wr.h:49:
In file included from c:/TFG_Vivado/vivado/axu2cga_trd.gen/sources_1/bd/design_1/ip/design_1_v_frmbuf_wr_1_0/src/hls_video.h:63:
In file included from C:/AMDDesignTools/2025.2/Vitis/common/technology/autopilot\hls_math.h:1055:
C:/AMDDesignTools/2025.2/Vitis/common/technology/autopilot/etc/hls_exp_apfixed.h:15:1: warning: HLS pragma dump _XLX_SEP_ PragmaIsValid=1_XLX_SEP_ PragmaType=pipeline_XLX_SEP_ PragmaContext=hls_XLX_SEP_ PragmaFunction=exp_XLX_SEP_ PragmaOptions=_XLX_SEP_ [-Wdump-hls-pragmas]
#pragma HLS pipeline
^
C:/AMDDesignTools/2025.2/Vitis/common/technology/autopilot/etc/hls_exp_apfixed.h:69:1: warning: HLS pragma dump _XLX_SEP_ PragmaIsValid=1_XLX_SEP_ PragmaType=unroll_XLX_SEP_ PragmaContext=hls_XLX_SEP_ PragmaFunction=exp_XLX_SEP_ PragmaOptions=_XLX_SEP_ [-Wdump-hls-pragmas]
#pragma HLS unroll
^
C:/AMDDesignTools/2025.2/Vitis/common/technology/autopilot/etc/hls_exp_apfixed.h:75:1: warning: HLS pragma dump _XLX_SEP_ PragmaIsValid=1_XLX_SEP_ PragmaType=unroll_XLX_SEP_ PragmaContext=hls_XLX_SEP_ PragmaFunction=exp_XLX_SEP_ PragmaOptions=_XLX_SEP_ [-Wdump-hls-pragmas]
#pragma HLS unroll
^
C:/AMDDesignTools/2025.2/Vitis/common/technology/autopilot/etc/hls_exp_apfixed.h:79:1: warning: HLS pragma dump _XLX_SEP_ PragmaIsValid=1_XLX_SEP_ PragmaType=unroll_XLX_SEP_ PragmaContext=hls_XLX_SEP_ PragmaFunction=exp_XLX_SEP_ PragmaOptions=_XLX_SEP_ [-Wdump-hls-pragmas]
#pragma HLS unroll
^
C:/AMDDesignTools/2025.2/Vitis/common/technology/autopilot/etc/hls_exp_apfixed.h:146:1: warning: HLS pragma dump _XLX_SEP_ PragmaIsValid=1_XLX_SEP_ PragmaType=unroll_XLX_SEP_ PragmaContext=hls_XLX_SEP_ PragmaFunction=exp_XLX_SEP_ PragmaOptions=_XLX_SEP_ [-Wdump-hls-pragmas]
#pragma HLS unroll
^
C:/AMDDesignTools/2025.2/Vitis/common/technology/autopilot/etc/hls_exp_apfixed.h:152:1: warning: HLS pragma dump _XLX_SEP_ PragmaIsValid=1_XLX_SEP_ PragmaType=unroll_XLX_SEP_ PragmaContext=hls_XLX_SEP_ PragmaFunction=exp_XLX_SEP_ PragmaOptions=_XLX_SEP_ [-Wdump-hls-pragmas]
#pragma HLS unroll
^
C:/AMDDesignTools/2025.2/Vitis/common/technology/autopilot/etc/hls_exp_apfixed.h:156:1: warning: HLS pragma dump _XLX_SEP_ PragmaIsValid=1_XLX_SEP_ PragmaType=unroll_XLX_SEP_ PragmaContext=hls_XLX_SEP_ PragmaFunction=exp_XLX_SEP_ PragmaOptions=_XLX_SEP_ [-Wdump-hls-pragmas]
#pragma HLS unroll
^
C:/AMDDesignTools/2025.2/Vitis/common/technology/autopilot/etc/hls_exp_apfixed.h:171:1: warning: HLS pragma dump _XLX_SEP_ PragmaIsValid=1_XLX_SEP_ PragmaType=unroll_XLX_SEP_ PragmaContext=hls_XLX_SEP_ PragmaFunction=exp_XLX_SEP_ PragmaOptions=_XLX_SEP_ [-Wdump-hls-pragmas]
#pragma HLS unroll
^
C:/AMDDesignTools/2025.2/Vitis/common/technology/autopilot/etc/hls_exp_apfixed.h:179:1: warning: HLS pragma dump _XLX_SEP_ PragmaIsValid=1_XLX_SEP_ PragmaType=unroll_XLX_SEP_ PragmaContext=hls_XLX_SEP_ PragmaFunction=exp_XLX_SEP_ PragmaOptions=_XLX_SEP_ [-Wdump-hls-pragmas]
#pragma HLS unroll
^
C:/AMDDesignTools/2025.2/Vitis/common/technology/autopilot/etc/hls_exp_apfixed.h:244:1: warning: HLS pragma dump _XLX_SEP_ PragmaIsValid=1_XLX_SEP_ PragmaType=unroll_XLX_SEP_ PragmaContext=hls_XLX_SEP_ PragmaFunction=exp_XLX_SEP_ PragmaOptions=_XLX_SEP_ [-Wdump-hls-pragmas]
#pragma HLS unroll
^
C:/AMDDesignTools/2025.2/Vitis/common/technology/autopilot/etc/hls_exp_apfixed.h:250:1: warning: HLS pragma dump _XLX_SEP_ PragmaIsValid=1_XLX_SEP_ PragmaType=unroll_XLX_SEP_ PragmaContext=hls_XLX_SEP_ PragmaFunction=exp_XLX_SEP_ PragmaOptions=_XLX_SEP_ [-Wdump-hls-pragmas]
#pragma HLS unroll
^
C:/AMDDesignTools/2025.2/Vitis/common/technology/autopilot/etc/hls_exp_apfixed.h:254:1: warning: HLS pragma dump _XLX_SEP_ PragmaIsValid=1_XLX_SEP_ PragmaType=unroll_XLX_SEP_ PragmaContext=hls_XLX_SEP_ PragmaFunction=exp_XLX_SEP_ PragmaOptions=_XLX_SEP_ [-Wdump-hls-pragmas]
#pragma HLS unroll
^
C:/AMDDesignTools/2025.2/Vitis/common/technology/autopilot/etc/hls_exp_apfixed.h:269:1: warning: HLS pragma dump _XLX_SEP_ PragmaIsValid=1_XLX_SEP_ PragmaType=unroll_XLX_SEP_ PragmaContext=hls_XLX_SEP_ PragmaFunction=exp_XLX_SEP_ PragmaOptions=_XLX_SEP_ [-Wdump-hls-pragmas]
#pragma HLS unroll
^
C:/AMDDesignTools/2025.2/Vitis/common/technology/autopilot/etc/hls_exp_apfixed.h:277:1: warning: HLS pragma dump _XLX_SEP_ PragmaIsValid=1_XLX_SEP_ PragmaType=unroll_XLX_SEP_ PragmaContext=hls_XLX_SEP_ PragmaFunction=exp_XLX_SEP_ PragmaOptions=_XLX_SEP_ [-Wdump-hls-pragmas]
#pragma HLS unroll
^
C:/AMDDesignTools/2025.2/Vitis/common/technology/autopilot/etc/hls_exp_apfixed.h:506:1: warning: HLS pragma dump _XLX_SEP_ PragmaIsValid=1_XLX_SEP_ PragmaType=unroll_XLX_SEP_ PragmaContext=hls_XLX_SEP_ PragmaFunction=exp_XLX_SEP_ PragmaOptions=_XLX_SEP_ [-Wdump-hls-pragmas]
#pragma HLS unroll
^
C:/AMDDesignTools/2025.2/Vitis/common/technology/autopilot/etc/hls_exp_apfixed.h:512:1: warning: HLS pragma dump _XLX_SEP_ PragmaIsValid=1_XLX_SEP_ PragmaType=unroll_XLX_SEP_ PragmaContext=hls_XLX_SEP_ PragmaFunction=exp_XLX_SEP_ PragmaOptions=_XLX_SEP_ [-Wdump-hls-pragmas]
#pragma HLS unroll
^
C:/AMDDesignTools/2025.2/Vitis/common/technology/autopilot/etc/hls_exp_apfixed.h:516:1: warning: HLS pragma dump _XLX_SEP_ PragmaIsValid=1_XLX_SEP_ PragmaType=unroll_XLX_SEP_ PragmaContext=hls_XLX_SEP_ PragmaFunction=exp_XLX_SEP_ PragmaOptions=_XLX_SEP_ [-Wdump-hls-pragmas]
#pragma HLS unroll
^
C:/AMDDesignTools/2025.2/Vitis/common/technology/autopilot/etc/hls_exp_apfixed.h:526:1: warning: HLS pragma dump _XLX_SEP_ PragmaIsValid=1_XLX_SEP_ PragmaType=unroll_XLX_SEP_ PragmaContext=hls_XLX_SEP_ PragmaFunction=exp_XLX_SEP_ PragmaOptions=_XLX_SEP_ [-Wdump-hls-pragmas]
#pragma HLS unroll
^
C:/AMDDesignTools/2025.2/Vitis/common/technology/autopilot/etc/hls_exp_apfixed.h:530:1: warning: HLS pragma dump _XLX_SEP_ PragmaIsValid=1_XLX_SEP_ PragmaType=unroll_XLX_SEP_ PragmaContext=hls_XLX_SEP_ PragmaFunction=exp_XLX_SEP_ PragmaOptions=_XLX_SEP_ [-Wdump-hls-pragmas]
#pragma HLS unroll
^
C:/AMDDesignTools/2025.2/Vitis/common/technology/autopilot/etc/hls_exp_apfixed.h:540:1: warning: HLS pragma dump _XLX_SEP_ PragmaIsValid=1_XLX_SEP_ PragmaType=unroll_XLX_SEP_ PragmaContext=hls_XLX_SEP_ PragmaFunction=exp_XLX_SEP_ PragmaOptions=_XLX_SEP_ [-Wdump-hls-pragmas]
#pragma HLS unroll
^
C:/AMDDesignTools/2025.2/Vitis/common/technology/autopilot/etc/hls_exp_apfixed.h:548:1: warning: HLS pragma dump _XLX_SEP_ PragmaIsValid=1_XLX_SEP_ PragmaType=unroll_XLX_SEP_ PragmaContext=hls_XLX_SEP_ PragmaFunction=exp_XLX_SEP_ PragmaOptions=_XLX_SEP_ [-Wdump-hls-pragmas]
#pragma HLS unroll
^
C:/AMDDesignTools/2025.2/Vitis/common/technology/autopilot/etc/hls_exp_apfixed.h:909:1: warning: HLS pragma dump _XLX_SEP_ PragmaIsValid=1_XLX_SEP_ PragmaType=unroll_XLX_SEP_ PragmaContext=hls_XLX_SEP_ PragmaFunction=exp_XLX_SEP_ PragmaOptions=_XLX_SEP_ [-Wdump-hls-pragmas]
#pragma HLS unroll
^
C:/AMDDesignTools/2025.2/Vitis/common/technology/autopilot/etc/hls_exp_apfixed.h:915:1: warning: HLS pragma dump _XLX_SEP_ PragmaIsValid=1_XLX_SEP_ PragmaType=unroll_XLX_SEP_ PragmaContext=hls_XLX_SEP_ PragmaFunction=exp_XLX_SEP_ PragmaOptions=_XLX_SEP_ [-Wdump-hls-pragmas]
#pragma HLS unroll
^
C:/AMDDesignTools/2025.2/Vitis/common/technology/autopilot/etc/hls_exp_apfixed.h:919:1: warning: HLS pragma dump _XLX_SEP_ PragmaIsValid=1_XLX_SEP_ PragmaType=unroll_XLX_SEP_ PragmaContext=hls_XLX_SEP_ PragmaFunction=exp_XLX_SEP_ PragmaOptions=_XLX_SEP_ [-Wdump-hls-pragmas]
#pragma HLS unroll
^
C:/AMDDesignTools/2025.2/Vitis/common/technology/autopilot/etc/hls_exp_apfixed.h:933:1: warning: HLS pragma dump _XLX_SEP_ PragmaIsValid=1_XLX_SEP_ PragmaType=pipeline_XLX_SEP_ PragmaContext=hls_XLX_SEP_ PragmaFunction=exp_core_XLX_SEP_ PragmaOptions=_XLX_SEP_ [-Wdump-hls-pragmas]
#pragma HLS pipeline
^
C:/AMDDesignTools/2025.2/Vitis/common/technology/autopilot/etc/hls_exp_apfixed.h:1035:1: warning: HLS pragma dump _XLX_SEP_ PragmaIsValid=1_XLX_SEP_ PragmaType=unroll_XLX_SEP_ PragmaContext=hls_XLX_SEP_ PragmaFunction=exp_core_XLX_SEP_ PragmaOptions=_XLX_SEP_ [-Wdump-hls-pragmas]
#pragma HLS unroll
^
C:/AMDDesignTools/2025.2/Vitis/common/technology/autopilot/etc/hls_exp_apfixed.h:1041:1: warning: HLS pragma dump _XLX_SEP_ PragmaIsValid=1_XLX_SEP_ PragmaType=unroll_XLX_SEP_ PragmaContext=hls_XLX_SEP_ PragmaFunction=exp_core_XLX_SEP_ PragmaOptions=_XLX_SEP_ [-Wdump-hls-pragmas]
#pragma HLS unroll
^
C:/AMDDesignTools/2025.2/Vitis/common/technology/autopilot/etc/hls_exp_apfixed.h:1045:1: warning: HLS pragma dump _XLX_SEP_ PragmaIsValid=1_XLX_SEP_ PragmaType=unroll_XLX_SEP_ PragmaContext=hls_XLX_SEP_ PragmaFunction=exp_core_XLX_SEP_ PragmaOptions=_XLX_SEP_ [-Wdump-hls-pragmas]
#pragma HLS unroll
^
C:/AMDDesignTools/2025.2/Vitis/common/technology/autopilot/etc/hls_exp_apfixed.h:1132:1: warning: HLS pragma dump _XLX_SEP_ PragmaIsValid=1_XLX_SEP_ PragmaType=unroll_XLX_SEP_ PragmaContext=hls_XLX_SEP_ PragmaFunction=exp_core_XLX_SEP_ PragmaOptions=_XLX_SEP_ [-Wdump-hls-pragmas]
#pragma HLS unroll
^
C:/AMDDesignTools/2025.2/Vitis/common/technology/autopilot/etc/hls_exp_apfixed.h:1138:1: warning: HLS pragma dump _XLX_SEP_ PragmaIsValid=1_XLX_SEP_ PragmaType=unroll_XLX_SEP_ PragmaContext=hls_XLX_SEP_ PragmaFunction=exp_core_XLX_SEP_ PragmaOptions=_XLX_SEP_ [-Wdump-hls-pragmas]
#pragma HLS unroll
^
C:/AMDDesignTools/2025.2/Vitis/common/technology/autopilot/etc/hls_exp_apfixed.h:1142:1: warning: HLS pragma dump _XLX_SEP_ PragmaIsValid=1_XLX_SEP_ PragmaType=unroll_XLX_SEP_ PragmaContext=hls_XLX_SEP_ PragmaFunction=exp_core_XLX_SEP_ PragmaOptions=_XLX_SEP_ [-Wdump-hls-pragmas]
#pragma HLS unroll
^
C:/AMDDesignTools/2025.2/Vitis/common/technology/autopilot/etc/hls_exp_apfixed.h:1161:1: warning: HLS pragma dump _XLX_SEP_ PragmaIsValid=1_XLX_SEP_ PragmaType=unroll_XLX_SEP_ PragmaContext=hls_XLX_SEP_ PragmaFunction=exp_core_XLX_SEP_ PragmaOptions=_XLX_SEP_ [-Wdump-hls-pragmas]
#pragma HLS unroll
^
C:/AMDDesignTools/2025.2/Vitis/common/technology/autopilot/etc/hls_exp_apfixed.h:1168:1: warning: HLS pragma dump _XLX_SEP_ PragmaIsValid=1_XLX_SEP_ PragmaType=unroll_XLX_SEP_ PragmaContext=hls_XLX_SEP_ PragmaFunction=exp_core_XLX_SEP_ PragmaOptions=_XLX_SEP_ [-Wdump-hls-pragmas]
#pragma HLS unroll
^
C:/AMDDesignTools/2025.2/Vitis/common/technology/autopilot/etc/hls_exp_apfixed.h:1284:1: warning: HLS pragma dump _XLX_SEP_ PragmaIsValid=1_XLX_SEP_ PragmaType=unroll_XLX_SEP_ PragmaContext=hls_XLX_SEP_ PragmaFunction=exp_core_XLX_SEP_ PragmaOptions=_XLX_SEP_ [-Wdump-hls-pragmas]
#pragma HLS unroll
^
C:/AMDDesignTools/2025.2/Vitis/common/technology/autopilot/etc/hls_exp_apfixed.h:1290:1: warning: HLS pragma dump _XLX_SEP_ PragmaIsValid=1_XLX_SEP_ PragmaType=unroll_XLX_SEP_ PragmaContext=hls_XLX_SEP_ PragmaFunction=exp_core_XLX_SEP_ PragmaOptions=_XLX_SEP_ [-Wdump-hls-pragmas]
#pragma HLS unroll
^
C:/AMDDesignTools/2025.2/Vitis/common/technology/autopilot/etc/hls_exp_apfixed.h:1294:1: warning: HLS pragma dump _XLX_SEP_ PragmaIsValid=1_XLX_SEP_ PragmaType=unroll_XLX_SEP_ PragmaContext=hls_XLX_SEP_ PragmaFunction=exp_core_XLX_SEP_ PragmaOptions=_XLX_SEP_ [-Wdump-hls-pragmas]
#pragma HLS unroll
^
C:/AMDDesignTools/2025.2/Vitis/common/technology/autopilot/etc/hls_exp_apfixed.h:1314:1: warning: HLS pragma dump _XLX_SEP_ PragmaIsValid=1_XLX_SEP_ PragmaType=unroll_XLX_SEP_ PragmaContext=hls_XLX_SEP_ PragmaFunction=exp_core_XLX_SEP_ PragmaOptions=_XLX_SEP_ [-Wdump-hls-pragmas]
#pragma HLS unroll
^
C:/AMDDesignTools/2025.2/Vitis/common/technology/autopilot/etc/hls_exp_apfixed.h:1321:1: warning: HLS pragma dump _XLX_SEP_ PragmaIsValid=1_XLX_SEP_ PragmaType=unroll_XLX_SEP_ PragmaContext=hls_XLX_SEP_ PragmaFunction=exp_core_XLX_SEP_ PragmaOptions=_XLX_SEP_ [-Wdump-hls-pragmas]
#pragma HLS unroll
^
C:/AMDDesignTools/2025.2/Vitis/common/technology/autopilot/etc/hls_exp_apfixed.h:1583:1: warning: HLS pragma dump _XLX_SEP_ PragmaIsValid=1_XLX_SEP_ PragmaType=unroll_XLX_SEP_ PragmaContext=hls_XLX_SEP_ PragmaFunction=exp_core_XLX_SEP_ PragmaOptions=_XLX_SEP_ [-Wdump-hls-pragmas]
#pragma HLS unroll
^
C:/AMDDesignTools/2025.2/Vitis/common/technology/autopilot/etc/hls_exp_apfixed.h:1589:1: warning: HLS pragma dump _XLX_SEP_ PragmaIsValid=1_XLX_SEP_ PragmaType=unroll_XLX_SEP_ PragmaContext=hls_XLX_SEP_ PragmaFunction=exp_core_XLX_SEP_ PragmaOptions=_XLX_SEP_ [-Wdump-hls-pragmas]
#pragma HLS unroll
^
C:/AMDDesignTools/2025.2/Vitis/common/technology/autopilot/etc/hls_exp_apfixed.h:1593:1: warning: HLS pragma dump _XLX_SEP_ PragmaIsValid=1_XLX_SEP_ PragmaType=unroll_XLX_SEP_ PragmaContext=hls_XLX_SEP_ PragmaFunction=exp_core_XLX_SEP_ PragmaOptions=_XLX_SEP_ [-Wdump-hls-pragmas]
#pragma HLS unroll
^
C:/AMDDesignTools/2025.2/Vitis/common/technology/autopilot/etc/hls_exp_apfixed.h:1617:1: warning: HLS pragma dump _XLX_SEP_ PragmaIsValid=1_XLX_SEP_ PragmaType=unroll_XLX_SEP_ PragmaContext=hls_XLX_SEP_ PragmaFunction=exp_core_XLX_SEP_ PragmaOptions=_XLX_SEP_ [-Wdump-hls-pragmas]
#pragma HLS unroll
^
C:/AMDDesignTools/2025.2/Vitis/common/technology/autopilot/etc/hls_exp_apfixed.h:1624:1: warning: HLS pragma dump _XLX_SEP_ PragmaIsValid=1_XLX_SEP_ PragmaType=unroll_XLX_SEP_ PragmaContext=hls_XLX_SEP_ PragmaFunction=exp_core_XLX_SEP_ PragmaOptions=_XLX_SEP_ [-Wdump-hls-pragmas]
#pragma HLS unroll
^
C:/AMDDesignTools/2025.2/Vitis/common/technology/autopilot/etc/hls_exp_apfixed.h:2054:1: warning: HLS pragma dump _XLX_SEP_ PragmaIsValid=1_XLX_SEP_ PragmaType=unroll_XLX_SEP_ PragmaContext=hls_XLX_SEP_ PragmaFunction=exp_core_XLX_SEP_ PragmaOptions=_XLX_SEP_ [-Wdump-hls-pragmas]
#pragma HLS unroll
^
C:/AMDDesignTools/2025.2/Vitis/common/technology/autopilot/etc/hls_exp_apfixed.h:2060:1: warning: HLS pragma dump _XLX_SEP_ PragmaIsValid=1_XLX_SEP_ PragmaType=unroll_XLX_SEP_ PragmaContext=hls_XLX_SEP_ PragmaFunction=exp_core_XLX_SEP_ PragmaOptions=_XLX_SEP_ [-Wdump-hls-pragmas]
#pragma HLS unroll
^
C:/AMDDesignTools/2025.2/Vitis/common/technology/autopilot/etc/hls_exp_apfixed.h:2064:1: warning: HLS pragma dump _XLX_SEP_ PragmaIsValid=1_XLX_SEP_ PragmaType=unroll_XLX_SEP_ PragmaContext=hls_XLX_SEP_ PragmaFunction=exp_core_XLX_SEP_ PragmaOptions=_XLX_SEP_ [-Wdump-hls-pragmas]
#pragma HLS unroll
^
C:/AMDDesignTools/2025.2/Vitis/common/technology/autopilot/etc/hls_exp_apfixed.h:2193:1: warning: HLS pragma dump _XLX_SEP_ PragmaIsValid=1_XLX_SEP_ PragmaType=unroll_XLX_SEP_ PragmaContext=hls_XLX_SEP_ PragmaFunction=exp2_XLX_SEP_ PragmaOptions=_XLX_SEP_ [-Wdump-hls-pragmas]
#pragma HLS unroll
^
C:/AMDDesignTools/2025.2/Vitis/common/technology/autopilot/etc/hls_exp_apfixed.h:2200:1: warning: HLS pragma dump _XLX_SEP_ PragmaIsValid=1_XLX_SEP_ PragmaType=unroll_XLX_SEP_ PragmaContext=hls_XLX_SEP_ PragmaFunction=exp2_XLX_SEP_ PragmaOptions=_XLX_SEP_ [-Wdump-hls-pragmas]
#pragma HLS unroll
^
C:/AMDDesignTools/2025.2/Vitis/common/technology/autopilot/etc/hls_exp_apfixed.h:2204:1: warning: HLS pragma dump _XLX_SEP_ PragmaIsValid=1_XLX_SEP_ PragmaType=unroll_XLX_SEP_ PragmaContext=hls_XLX_SEP_ PragmaFunction=exp2_XLX_SEP_ PragmaOptions=_XLX_SEP_ [-Wdump-hls-pragmas]
#pragma HLS unroll
^
C:/AMDDesignTools/2025.2/Vitis/common/technology/autopilot/etc/hls_exp_apfixed.h:2251:1: warning: HLS pragma dump _XLX_SEP_ PragmaIsValid=1_XLX_SEP_ PragmaType=unroll_XLX_SEP_ PragmaContext=hls_XLX_SEP_ PragmaFunction=exp2_XLX_SEP_ PragmaOptions=_XLX_SEP_ [-Wdump-hls-pragmas]
#pragma HLS unroll
^
C:/AMDDesignTools/2025.2/Vitis/common/technology/autopilot/etc/hls_exp_apfixed.h:2258:1: warning: HLS pragma dump _XLX_SEP_ PragmaIsValid=1_XLX_SEP_ PragmaType=unroll_XLX_SEP_ PragmaContext=hls_XLX_SEP_ PragmaFunction=exp2_XLX_SEP_ PragmaOptions=_XLX_SEP_ [-Wdump-hls-pragmas]
#pragma HLS unroll
^
C:/AMDDesignTools/2025.2/Vitis/common/technology/autopilot/etc/hls_exp_apfixed.h:2262:1: warning: HLS pragma dump _XLX_SEP_ PragmaIsValid=1_XLX_SEP_ PragmaType=unroll_XLX_SEP_ PragmaContext=hls_XLX_SEP_ PragmaFunction=exp2_XLX_SEP_ PragmaOptions=_XLX_SEP_ [-Wdump-hls-pragmas]
#pragma HLS unroll
^
C:/AMDDesignTools/2025.2/Vitis/common/technology/autopilot/etc/hls_exp_apfixed.h:2280:1: warning: HLS pragma dump _XLX_SEP_ PragmaIsValid=1_XLX_SEP_ PragmaType=unroll_XLX_SEP_ PragmaContext=hls_XLX_SEP_ PragmaFunction=exp2_XLX_SEP_ PragmaOptions=_XLX_SEP_ [-Wdump-hls-pragmas]
#pragma HLS unroll
^
C:/AMDDesignTools/2025.2/Vitis/common/technology/autopilot/etc/hls_exp_apfixed.h:2335:1: warning: HLS pragma dump _XLX_SEP_ PragmaIsValid=1_XLX_SEP_ PragmaType=unroll_XLX_SEP_ PragmaContext=hls_XLX_SEP_ PragmaFunction=exp2_XLX_SEP_ PragmaOptions=_XLX_SEP_ [-Wdump-hls-pragmas]
#pragma HLS unroll
^
C:/AMDDesignTools/2025.2/Vitis/common/technology/autopilot/etc/hls_exp_apfixed.h:2342:1: warning: HLS pragma dump _XLX_SEP_ PragmaIsValid=1_XLX_SEP_ PragmaType=unroll_XLX_SEP_ PragmaContext=hls_XLX_SEP_ PragmaFunction=exp2_XLX_SEP_ PragmaOptions=_XLX_SEP_ [-Wdump-hls-pragmas]
#pragma HLS unroll
^
C:/AMDDesignTools/2025.2/Vitis/common/technology/autopilot/etc/hls_exp_apfixed.h:2346:1: warning: HLS pragma dump _XLX_SEP_ PragmaIsValid=1_XLX_SEP_ PragmaType=unroll_XLX_SEP_ PragmaContext=hls_XLX_SEP_ PragmaFunction=exp2_XLX_SEP_ PragmaOptions=_XLX_SEP_ [-Wdump-hls-pragmas]
#pragma HLS unroll
^
C:/AMDDesignTools/2025.2/Vitis/common/technology/autopilot/etc/hls_exp_apfixed.h:2364:1: warning: HLS pragma dump _XLX_SEP_ PragmaIsValid=1_XLX_SEP_ PragmaType=unroll_XLX_SEP_ PragmaContext=hls_XLX_SEP_ PragmaFunction=exp2_XLX_SEP_ PragmaOptions=_XLX_SEP_ [-Wdump-hls-pragmas]
#pragma HLS unroll
^
C:/AMDDesignTools/2025.2/Vitis/common/technology/autopilot/etc/hls_exp_apfixed.h:2453:1: warning: HLS pragma dump _XLX_SEP_ PragmaIsValid=1_XLX_SEP_ PragmaType=unroll_XLX_SEP_ PragmaContext=hls_XLX_SEP_ PragmaFunction=exp2_XLX_SEP_ PragmaOptions=_XLX_SEP_ [-Wdump-hls-pragmas]
#pragma HLS unroll
^
C:/AMDDesignTools/2025.2/Vitis/common/technology/autopilot/etc/hls_exp_apfixed.h:2460:1: warning: HLS pragma dump _XLX_SEP_ PragmaIsValid=1_XLX_SEP_ PragmaType=unroll_XLX_SEP_ PragmaContext=hls_XLX_SEP_ PragmaFunction=exp2_XLX_SEP_ PragmaOptions=_XLX_SEP_ [-Wdump-hls-pragmas]
#pragma HLS unroll
^
C:/AMDDesignTools/2025.2/Vitis/common/technology/autopilot/etc/hls_exp_apfixed.h:2464:1: warning: HLS pragma dump _XLX_SEP_ PragmaIsValid=1_XLX_SEP_ PragmaType=unroll_XLX_SEP_ PragmaContext=hls_XLX_SEP_ PragmaFunction=exp2_XLX_SEP_ PragmaOptions=_XLX_SEP_ [-Wdump-hls-pragmas]
#pragma HLS unroll
^
C:/AMDDesignTools/2025.2/Vitis/common/technology/autopilot/etc/hls_exp_apfixed.h:2474:1: warning: HLS pragma dump _XLX_SEP_ PragmaIsValid=1_XLX_SEP_ PragmaType=unroll_XLX_SEP_ PragmaContext=hls_XLX_SEP_ PragmaFunction=exp2_XLX_SEP_ PragmaOptions=_XLX_SEP_ [-Wdump-hls-pragmas]
#pragma HLS unroll
^
C:/AMDDesignTools/2025.2/Vitis/common/technology/autopilot/etc/hls_exp_apfixed.h:2478:1: warning: HLS pragma dump _XLX_SEP_ PragmaIsValid=1_XLX_SEP_ PragmaType=unroll_XLX_SEP_ PragmaContext=hls_XLX_SEP_ PragmaFunction=exp2_XLX_SEP_ PragmaOptions=_XLX_SEP_ [-Wdump-hls-pragmas]
#pragma HLS unroll
^
C:/AMDDesignTools/2025.2/Vitis/common/technology/autopilot/etc/hls_exp_apfixed.h:2489:1: warning: HLS pragma dump _XLX_SEP_ PragmaIsValid=1_XLX_SEP_ PragmaType=unroll_XLX_SEP_ PragmaContext=hls_XLX_SEP_ PragmaFunction=exp2_XLX_SEP_ PragmaOptions=_XLX_SEP_ [-Wdump-hls-pragmas]
#pragma HLS unroll
^
C:/AMDDesignTools/2025.2/Vitis/common/technology/autopilot/etc/hls_exp_apfixed.h:2497:1: warning: HLS pragma dump _XLX_SEP_ PragmaIsValid=1_XLX_SEP_ PragmaType=unroll_XLX_SEP_ PragmaContext=hls_XLX_SEP_ PragmaFunction=exp2_XLX_SEP_ PragmaOptions=_XLX_SEP_ [-Wdump-hls-pragmas]
#pragma HLS unroll
^
C:/AMDDesignTools/2025.2/Vitis/common/technology/autopilot/etc/hls_exp_apfixed.h:2822:1: warning: HLS pragma dump _XLX_SEP_ PragmaIsValid=1_XLX_SEP_ PragmaType=unroll_XLX_SEP_ PragmaContext=hls_XLX_SEP_ PragmaFunction=exp2_XLX_SEP_ PragmaOptions=_XLX_SEP_ [-Wdump-hls-pragmas]
#pragma HLS unroll
^
C:/AMDDesignTools/2025.2/Vitis/common/technology/autopilot/etc/hls_exp_apfixed.h:2829:1: warning: HLS pragma dump _XLX_SEP_ PragmaIsValid=1_XLX_SEP_ PragmaType=unroll_XLX_SEP_ PragmaContext=hls_XLX_SEP_ PragmaFunction=exp2_XLX_SEP_ PragmaOptions=_XLX_SEP_ [-Wdump-hls-pragmas]
#pragma HLS unroll
^
C:/AMDDesignTools/2025.2/Vitis/common/technology/autopilot/etc/hls_exp_apfixed.h:2833:1: warning: HLS pragma dump _XLX_SEP_ PragmaIsValid=1_XLX_SEP_ PragmaType=unroll_XLX_SEP_ PragmaContext=hls_XLX_SEP_ PragmaFunction=exp2_XLX_SEP_ PragmaOptions=_XLX_SEP_ [-Wdump-hls-pragmas]
#pragma HLS unroll
^
C:/AMDDesignTools/2025.2/Vitis/common/technology/autopilot/etc/hls_exp_apfixed.h:2921:1: warning: HLS pragma dump _XLX_SEP_ PragmaIsValid=1_XLX_SEP_ PragmaType=unroll_XLX_SEP_ PragmaContext=hls_XLX_SEP_ PragmaFunction=exp10_XLX_SEP_ PragmaOptions=_XLX_SEP_ [-Wdump-hls-pragmas]
#pragma HLS unroll
^
C:/AMDDesignTools/2025.2/Vitis/common/technology/autopilot/etc/hls_exp_apfixed.h:2928:1: warning: HLS pragma dump _XLX_SEP_ PragmaIsValid=1_XLX_SEP_ PragmaType=unroll_XLX_SEP_ PragmaContext=hls_XLX_SEP_ PragmaFunction=exp10_XLX_SEP_ PragmaOptions=_XLX_SEP_ [-Wdump-hls-pragmas]
#pragma HLS unroll
^
C:/AMDDesignTools/2025.2/Vitis/common/technology/autopilot/etc/hls_exp_apfixed.h:2932:1: warning: HLS pragma dump _XLX_SEP_ PragmaIsValid=1_XLX_SEP_ PragmaType=unroll_XLX_SEP_ PragmaContext=hls_XLX_SEP_ PragmaFunction=exp10_XLX_SEP_ PragmaOptions=_XLX_SEP_ [-Wdump-hls-pragmas]
#pragma HLS unroll
^
C:/AMDDesignTools/2025.2/Vitis/common/technology/autopilot/etc/hls_exp_apfixed.h:2947:1: warning: HLS pragma dump _XLX_SEP_ PragmaIsValid=1_XLX_SEP_ PragmaType=unroll_XLX_SEP_ PragmaContext=hls_XLX_SEP_ PragmaFunction=exp10_XLX_SEP_ PragmaOptions=_XLX_SEP_ [-Wdump-hls-pragmas]
#pragma HLS unroll
^
C:/AMDDesignTools/2025.2/Vitis/common/technology/autopilot/etc/hls_exp_apfixed.h:2979:1: warning: HLS pragma dump _XLX_SEP_ PragmaIsValid=1_XLX_SEP_ PragmaType=unroll_XLX_SEP_ PragmaContext=hls_XLX_SEP_ PragmaFunction=exp10_XLX_SEP_ PragmaOptions=_XLX_SEP_ [-Wdump-hls-pragmas]
#pragma HLS unroll
^
C:/AMDDesignTools/2025.2/Vitis/common/technology/autopilot/etc/hls_exp_apfixed.h:2986:1: warning: HLS pragma dump _XLX_SEP_ PragmaIsValid=1_XLX_SEP_ PragmaType=unroll_XLX_SEP_ PragmaContext=hls_XLX_SEP_ PragmaFunction=exp10_XLX_SEP_ PragmaOptions=_XLX_SEP_ [-Wdump-hls-pragmas]
#pragma HLS unroll
^
C:/AMDDesignTools/2025.2/Vitis/common/technology/autopilot/etc/hls_exp_apfixed.h:2990:1: warning: HLS pragma dump _XLX_SEP_ PragmaIsValid=1_XLX_SEP_ PragmaType=unroll_XLX_SEP_ PragmaContext=hls_XLX_SEP_ PragmaFunction=exp10_XLX_SEP_ PragmaOptions=_XLX_SEP_ [-Wdump-hls-pragmas]
#pragma HLS unroll
^
C:/AMDDesignTools/2025.2/Vitis/common/technology/autopilot/etc/hls_exp_apfixed.h:3005:1: warning: HLS pragma dump _XLX_SEP_ PragmaIsValid=1_XLX_SEP_ PragmaType=unroll_XLX_SEP_ PragmaContext=hls_XLX_SEP_ PragmaFunction=exp10_XLX_SEP_ PragmaOptions=_XLX_SEP_ [-Wdump-hls-pragmas]
#pragma HLS unroll
^
C:/AMDDesignTools/2025.2/Vitis/common/technology/autopilot/etc/hls_exp_apfixed.h:3055:1: warning: HLS pragma dump _XLX_SEP_ PragmaIsValid=1_XLX_SEP_ PragmaType=unroll_XLX_SEP_ PragmaContext=hls_XLX_SEP_ PragmaFunction=exp10_XLX_SEP_ PragmaOptions=_XLX_SEP_ [-Wdump-hls-pragmas]
#pragma HLS unroll
^
C:/AMDDesignTools/2025.2/Vitis/common/technology/autopilot/etc/hls_exp_apfixed.h:3062:1: warning: HLS pragma dump _XLX_SEP_ PragmaIsValid=1_XLX_SEP_ PragmaType=unroll_XLX_SEP_ PragmaContext=hls_XLX_SEP_ PragmaFunction=exp10_XLX_SEP_ PragmaOptions=_XLX_SEP_ [-Wdump-hls-pragmas]
#pragma HLS unroll
^
C:/AMDDesignTools/2025.2/Vitis/common/technology/autopilot/etc/hls_exp_apfixed.h:3066:1: warning: HLS pragma dump _XLX_SEP_ PragmaIsValid=1_XLX_SEP_ PragmaType=unroll_XLX_SEP_ PragmaContext=hls_XLX_SEP_ PragmaFunction=exp10_XLX_SEP_ PragmaOptions=_XLX_SEP_ [-Wdump-hls-pragmas]
#pragma HLS unroll
^
C:/AMDDesignTools/2025.2/Vitis/common/technology/autopilot/etc/hls_exp_apfixed.h:3081:1: warning: HLS pragma dump _XLX_SEP_ PragmaIsValid=1_XLX_SEP_ PragmaType=unroll_XLX_SEP_ PragmaContext=hls_XLX_SEP_ PragmaFunction=exp10_XLX_SEP_ PragmaOptions=_XLX_SEP_ [-Wdump-hls-pragmas]
#pragma HLS unroll
^
C:/AMDDesignTools/2025.2/Vitis/common/technology/autopilot/etc/hls_exp_apfixed.h:3218:1: warning: HLS pragma dump _XLX_SEP_ PragmaIsValid=1_XLX_SEP_ PragmaType=unroll_XLX_SEP_ PragmaContext=hls_XLX_SEP_ PragmaFunction=exp10_XLX_SEP_ PragmaOptions=_XLX_SEP_ [-Wdump-hls-pragmas]
#pragma HLS unroll
^
C:/AMDDesignTools/2025.2/Vitis/common/technology/autopilot/etc/hls_exp_apfixed.h:3225:1: warning: HLS pragma dump _XLX_SEP_ PragmaIsValid=1_XLX_SEP_ PragmaType=unroll_XLX_SEP_ PragmaContext=hls_XLX_SEP_ PragmaFunction=exp10_XLX_SEP_ PragmaOptions=_XLX_SEP_ [-Wdump-hls-pragmas]
#pragma HLS unroll
^
C:/AMDDesignTools/2025.2/Vitis/common/technology/autopilot/etc/hls_exp_apfixed.h:3229:1: warning: HLS pragma dump _XLX_SEP_ PragmaIsValid=1_XLX_SEP_ PragmaType=unroll_XLX_SEP_ PragmaContext=hls_XLX_SEP_ PragmaFunction=exp10_XLX_SEP_ PragmaOptions=_XLX_SEP_ [-Wdump-hls-pragmas]
#pragma HLS unroll
^
C:/AMDDesignTools/2025.2/Vitis/common/technology/autopilot/etc/hls_exp_apfixed.h:3244:1: warning: HLS pragma dump _XLX_SEP_ PragmaIsValid=1_XLX_SEP_ PragmaType=unroll_XLX_SEP_ PragmaContext=hls_XLX_SEP_ PragmaFunction=exp10_XLX_SEP_ PragmaOptions=_XLX_SEP_ [-Wdump-hls-pragmas]
#pragma HLS unroll
^
C:/AMDDesignTools/2025.2/Vitis/common/technology/autopilot/etc/hls_exp_apfixed.h:3404:1: warning: HLS pragma dump _XLX_SEP_ PragmaIsValid=1_XLX_SEP_ PragmaType=unroll_XLX_SEP_ PragmaContext=hls_XLX_SEP_ PragmaFunction=exp10_XLX_SEP_ PragmaOptions=_XLX_SEP_ [-Wdump-hls-pragmas]
#pragma HLS unroll
^
C:/AMDDesignTools/2025.2/Vitis/common/technology/autopilot/etc/hls_exp_apfixed.h:3411:1: warning: HLS pragma dump _XLX_SEP_ PragmaIsValid=1_XLX_SEP_ PragmaType=unroll_XLX_SEP_ PragmaContext=hls_XLX_SEP_ PragmaFunction=exp10_XLX_SEP_ PragmaOptions=_XLX_SEP_ [-Wdump-hls-pragmas]
#pragma HLS unroll
^
C:/AMDDesignTools/2025.2/Vitis/common/technology/autopilot/etc/hls_exp_apfixed.h:3415:1: warning: HLS pragma dump _XLX_SEP_ PragmaIsValid=1_XLX_SEP_ PragmaType=unroll_XLX_SEP_ PragmaContext=hls_XLX_SEP_ PragmaFunction=exp10_XLX_SEP_ PragmaOptions=_XLX_SEP_ [-Wdump-hls-pragmas]
#pragma HLS unroll
^
In file included from C:/TFG_Vivado/vivado/axu2cga_trd.runs/design_1_v_frmbuf_wr_1_0_synth_1/prj/sol/.autopilot/db/v_frmbuf_wr.cpp:51:
In file included from c:/TFG_Vivado/vivado/axu2cga_trd.gen/sources_1/bd/design_1/ip/design_1_v_frmbuf_wr_1_0/src\v_frmbuf_wr.h:49:
In file included from c:/TFG_Vivado/vivado/axu2cga_trd.gen/sources_1/bd/design_1/ip/design_1_v_frmbuf_wr_1_0/src/hls_video.h:63:
In file included from C:/AMDDesignTools/2025.2/Vitis/common/technology/autopilot\hls_math.h:1056:
C:/AMDDesignTools/2025.2/Vitis/common/technology/autopilot/etc/hls_log_apfixed.h:475:1: warning: HLS pragma dump _XLX_SEP_ PragmaIsValid=1_XLX_SEP_ PragmaType=pipeline_XLX_SEP_ PragmaContext=hls_XLX_SEP_ PragmaFunction=log_XLX_SEP_ PragmaOptions=_XLX_SEP_ [-Wdump-hls-pragmas]
#pragma HLS pipeline
^
C:/AMDDesignTools/2025.2/Vitis/common/technology/autopilot/etc/hls_log_apfixed.h:704:1: warning: HLS pragma dump _XLX_SEP_ PragmaIsValid=1_XLX_SEP_ PragmaType=unroll_XLX_SEP_ PragmaContext=hls_XLX_SEP_ PragmaFunction=log_XLX_SEP_ PragmaOptions=_XLX_SEP_ [-Wdump-hls-pragmas]
#pragma HLS unroll
^
C:/AMDDesignTools/2025.2/Vitis/common/technology/autopilot/etc/hls_log_apfixed.h:792:1: warning: HLS pragma dump _XLX_SEP_ PragmaIsValid=1_XLX_SEP_ PragmaType=pipeline_XLX_SEP_ PragmaContext=hls_XLX_SEP_ PragmaFunction=log10_XLX_SEP_ PragmaOptions=_XLX_SEP_ [-Wdump-hls-pragmas]
#pragma HLS pipeline
^
C:/AMDDesignTools/2025.2/Vitis/common/technology/autopilot/etc/hls_log_apfixed.h:922:1: warning: HLS pragma dump _XLX_SEP_ PragmaIsValid=1_XLX_SEP_ PragmaType=unroll_XLX_SEP_ PragmaContext=hls_XLX_SEP_ PragmaFunction=log10_XLX_SEP_ PragmaOptions=_XLX_SEP_ [-Wdump-hls-pragmas]
#pragma HLS unroll
^
C:/AMDDesignTools/2025.2/Vitis/common/technology/autopilot/etc/hls_log_apfixed.h:1068:1: warning: HLS pragma dump _XLX_SEP_ PragmaIsValid=1_XLX_SEP_ PragmaType=pipeline_XLX_SEP_ PragmaContext=hls_XLX_SEP_ PragmaFunction=log2_XLX_SEP_ PragmaOptions=_XLX_SEP_ [-Wdump-hls-pragmas]
#pragma HLS pipeline
^
C:/AMDDesignTools/2025.2/Vitis/common/technology/autopilot/etc/hls_log_apfixed.h:1346:1: warning: HLS pragma dump _XLX_SEP_ PragmaIsValid=1_XLX_SEP_ PragmaType=unroll_XLX_SEP_ PragmaContext=hls_XLX_SEP_ PragmaFunction=log2_XLX_SEP_ PragmaOptions=_XLX_SEP_ [-Wdump-hls-pragmas]
#pragma HLS unroll
^
In file included from C:/TFG_Vivado/vivado/axu2cga_trd.runs/design_1_v_frmbuf_wr_1_0_synth_1/prj/sol/.autopilot/db/v_frmbuf_wr.cpp:51:
In file included from c:/TFG_Vivado/vivado/axu2cga_trd.gen/sources_1/bd/design_1/ip/design_1_v_frmbuf_wr_1_0/src\v_frmbuf_wr.h:49:
In file included from c:/TFG_Vivado/vivado/axu2cga_trd.gen/sources_1/bd/design_1/ip/design_1_v_frmbuf_wr_1_0/src/hls_video.h:63:
In file included from C:/AMDDesignTools/2025.2/Vitis/common/technology/autopilot\hls_math.h:1057:
C:/AMDDesignTools/2025.2/Vitis/common/technology/autopilot/etc/hls_sqrt_apfixed.h:21:1: warning: HLS pragma dump _XLX_SEP_ PragmaIsValid=1_XLX_SEP_ PragmaType=pipeline_XLX_SEP_ PragmaContext=hls_XLX_SEP_ PragmaFunction=sqrt_fixed_XLX_SEP_ PragmaOptions=_XLX_SEP_ [-Wdump-hls-pragmas]
#pragma HLS pipeline
^
C:/AMDDesignTools/2025.2/Vitis/common/technology/autopilot/etc/hls_sqrt_apfixed.h:244:1: warning: HLS pragma dump _XLX_SEP_ PragmaIsValid=1_XLX_SEP_ PragmaType=unroll_XLX_SEP_ PragmaContext=hls_XLX_SEP_ PragmaFunction=sqrt_fixed_XLX_SEP_ PragmaOptions=_XLX_SEP_ [-Wdump-hls-pragmas]
#pragma HLS unroll
^
C:/AMDDesignTools/2025.2/Vitis/common/technology/autopilot/etc/hls_sqrt_apfixed.h:272:1: warning: HLS pragma dump _XLX_SEP_ PragmaIsValid=1_XLX_SEP_ PragmaType=unroll_XLX_SEP_ PragmaContext=hls_XLX_SEP_ PragmaFunction=sqrt_fixed_XLX_SEP_ PragmaOptions=_XLX_SEP_ [-Wdump-hls-pragmas]
#pragma HLS unroll
^
C:/AMDDesignTools/2025.2/Vitis/common/technology/autopilot/etc/hls_sqrt_apfixed.h:370:1: warning: HLS pragma dump _XLX_SEP_ PragmaIsValid=1_XLX_SEP_ PragmaType=pipeline_XLX_SEP_ PragmaContext=hls_XLX_SEP_ PragmaFunction=rsqrt_fixed_XLX_SEP_ PragmaOptions=_XLX_SEP_ [-Wdump-hls-pragmas]
#pragma HLS pipeline
^
C:/AMDDesignTools/2025.2/Vitis/common/technology/autopilot/etc/hls_sqrt_apfixed.h:417:1: warning: HLS pragma dump _XLX_SEP_ PragmaIsValid=1_XLX_SEP_ PragmaType=pipeline_XLX_SEP_ PragmaContext=hls_XLX_SEP_ PragmaFunction=recip_fixed_XLX_SEP_ PragmaOptions=_XLX_SEP_ [-Wdump-hls-pragmas]
#pragma HLS pipeline
^
In file included from C:/TFG_Vivado/vivado/axu2cga_trd.runs/design_1_v_frmbuf_wr_1_0_synth_1/prj/sol/.autopilot/db/v_frmbuf_wr.cpp:51:
In file included from c:/TFG_Vivado/vivado/axu2cga_trd.gen/sources_1/bd/design_1/ip/design_1_v_frmbuf_wr_1_0/src\v_frmbuf_wr.h:49:
In file included from c:/TFG_Vivado/vivado/axu2cga_trd.gen/sources_1/bd/design_1/ip/design_1_v_frmbuf_wr_1_0/src/hls_video.h:63:
In file included from C:/AMDDesignTools/2025.2/Vitis/common/technology/autopilot\hls_math.h:1058:
C:/AMDDesignTools/2025.2/Vitis/common/technology/autopilot/etc/hls_round_copysign_apfixed.h:14:1: warning: HLS pragma dump _XLX_SEP_ PragmaIsValid=1_XLX_SEP_ PragmaType=pipeline_XLX_SEP_ PragmaContext=hls_XLX_SEP_ PragmaFunction=ceil_fixed_XLX_SEP_ PragmaOptions=_XLX_SEP_ [-Wdump-hls-pragmas]
#pragma HLS pipeline
^
C:/AMDDesignTools/2025.2/Vitis/common/technology/autopilot/etc/hls_round_copysign_apfixed.h:31:1: warning: HLS pragma dump _XLX_SEP_ PragmaIsValid=1_XLX_SEP_ PragmaType=pipeline_XLX_SEP_ PragmaContext=hls_XLX_SEP_ PragmaFunction=ceil_fixed_XLX_SEP_ PragmaOptions=_XLX_SEP_ [-Wdump-hls-pragmas]
#pragma HLS pipeline
^
C:/AMDDesignTools/2025.2/Vitis/common/technology/autopilot/etc/hls_round_copysign_apfixed.h:91:1: warning: HLS pragma dump _XLX_SEP_ PragmaIsValid=1_XLX_SEP_ PragmaType=pipeline_XLX_SEP_ PragmaContext=hls_XLX_SEP_ PragmaFunction=trunc_fixed_XLX_SEP_ PragmaOptions=_XLX_SEP_ [-Wdump-hls-pragmas]
#pragma HLS pipeline
^
C:/AMDDesignTools/2025.2/Vitis/common/technology/autopilot/etc/hls_round_copysign_apfixed.h:177:1: warning: HLS pragma dump _XLX_SEP_ PragmaIsValid=1_XLX_SEP_ PragmaType=pipeline_XLX_SEP_ PragmaContext=hls_XLX_SEP_ PragmaFunction=round_fixed_XLX_SEP_ PragmaOptions=_XLX_SEP_ [-Wdump-hls-pragmas]
#pragma HLS pipeline
^
C:/AMDDesignTools/2025.2/Vitis/common/technology/autopilot/etc/hls_round_copysign_apfixed.h:213:1: warning: HLS pragma dump _XLX_SEP_ PragmaIsValid=1_XLX_SEP_ PragmaType=pipeline_XLX_SEP_ PragmaContext=hls_XLX_SEP_ PragmaFunction=rint_fixed_XLX_SEP_ PragmaOptions=_XLX_SEP_ [-Wdump-hls-pragmas]
#pragma HLS pipeline
^
In file included from C:/TFG_Vivado/vivado/axu2cga_trd.runs/design_1_v_frmbuf_wr_1_0_synth_1/prj/sol/.autopilot/db/v_frmbuf_wr.cpp:51:
In file included from c:/TFG_Vivado/vivado/axu2cga_trd.gen/sources_1/bd/design_1/ip/design_1_v_frmbuf_wr_1_0/src\v_frmbuf_wr.h:49:
In file included from c:/TFG_Vivado/vivado/axu2cga_trd.gen/sources_1/bd/design_1/ip/design_1_v_frmbuf_wr_1_0/src/hls_video.h:63:
In file included from C:/AMDDesignTools/2025.2/Vitis/common/technology/autopilot\hls_math.h:1059:
C:/AMDDesignTools/2025.2/Vitis/common/technology/autopilot/etc/hls_pow_apfixed.h:49:1: warning: HLS pragma dump _XLX_SEP_ PragmaIsValid=1_XLX_SEP_ PragmaType=unroll_XLX_SEP_ PragmaContext=hls_XLX_SEP_ PragmaFunction=pow_XLX_SEP_ PragmaOptions=_XLX_SEP_ [-Wdump-hls-pragmas]
#pragma HLS unroll
^
C:/AMDDesignTools/2025.2/Vitis/common/technology/autopilot/etc/hls_pow_apfixed.h:110:1: warning: HLS pragma dump _XLX_SEP_ PragmaIsValid=1_XLX_SEP_ PragmaType=unroll_XLX_SEP_ PragmaContext=hls_XLX_SEP_ PragmaFunction=pow_XLX_SEP_ PragmaOptions=_XLX_SEP_ [-Wdump-hls-pragmas]
#pragma HLS unroll
^
C:/AMDDesignTools/2025.2/Vitis/common/technology/autopilot/etc/hls_pow_apfixed.h:124:1: warning: HLS pragma dump _XLX_SEP_ PragmaIsValid=1_XLX_SEP_ PragmaType=unroll_XLX_SEP_ PragmaContext=hls_XLX_SEP_ PragmaFunction=pow_XLX_SEP_ PragmaOptions=_XLX_SEP_ [-Wdump-hls-pragmas]
#pragma HLS unroll
^
C:/AMDDesignTools/2025.2/Vitis/common/technology/autopilot/etc/hls_pow_apfixed.h:154:1: warning: HLS pragma dump _XLX_SEP_ PragmaIsValid=1_XLX_SEP_ PragmaType=unroll_XLX_SEP_ PragmaContext=hls_XLX_SEP_ PragmaFunction=pow_XLX_SEP_ PragmaOptions=_XLX_SEP_ [-Wdump-hls-pragmas]
#pragma HLS unroll
^
C:/AMDDesignTools/2025.2/Vitis/common/technology/autopilot/etc/hls_pow_apfixed.h:282:1: warning: HLS pragma dump _XLX_SEP_ PragmaIsValid=1_XLX_SEP_ PragmaType=unroll_XLX_SEP_ PragmaContext=hls_XLX_SEP_ PragmaFunction=pown_XLX_SEP_ PragmaOptions=_XLX_SEP_ [-Wdump-hls-pragmas]
#pragma HLS unroll
^
C:/AMDDesignTools/2025.2/Vitis/common/technology/autopilot/etc/hls_pow_apfixed.h:302:1: warning: HLS pragma dump _XLX_SEP_ PragmaIsValid=1_XLX_SEP_ PragmaType=unroll_XLX_SEP_ PragmaContext=hls_XLX_SEP_ PragmaFunction=pown_XLX_SEP_ PragmaOptions=_XLX_SEP_ [-Wdump-hls-pragmas]
#pragma HLS unroll
^
C:/AMDDesignTools/2025.2/Vitis/common/technology/autopilot/etc/hls_pow_apfixed.h:316:1: warning: HLS pragma dump _XLX_SEP_ PragmaIsValid=1_XLX_SEP_ PragmaType=unroll_XLX_SEP_ PragmaContext=hls_XLX_SEP_ PragmaFunction=pown_XLX_SEP_ PragmaOptions=_XLX_SEP_ [-Wdump-hls-pragmas]
#pragma HLS unroll
^
C:/AMDDesignTools/2025.2/Vitis/common/technology/autopilot/etc/hls_pow_apfixed.h:434:1: warning: HLS pragma dump _XLX_SEP_ PragmaIsValid=1_XLX_SEP_ PragmaType=unroll_XLX_SEP_ PragmaContext=hls_XLX_SEP_ PragmaFunction=rootn_XLX_SEP_ PragmaOptions=_XLX_SEP_ [-Wdump-hls-pragmas]
#pragma HLS unroll
^
C:/AMDDesignTools/2025.2/Vitis/common/technology/autopilot/etc/hls_pow_apfixed.h:448:1: warning: HLS pragma dump _XLX_SEP_ PragmaIsValid=1_XLX_SEP_ PragmaType=unroll_XLX_SEP_ PragmaContext=hls_XLX_SEP_ PragmaFunction=rootn_XLX_SEP_ PragmaOptions=_XLX_SEP_ [-Wdump-hls-pragmas]
#pragma HLS unroll
^
In file included from C:/TFG_Vivado/vivado/axu2cga_trd.runs/design_1_v_frmbuf_wr_1_0_synth_1/prj/sol/.autopilot/db/v_frmbuf_wr.cpp:51:
In file included from c:/TFG_Vivado/vivado/axu2cga_trd.gen/sources_1/bd/design_1/ip/design_1_v_frmbuf_wr_1_0/src\v_frmbuf_wr.h:49:
In file included from c:/TFG_Vivado/vivado/axu2cga_trd.gen/sources_1/bd/design_1/ip/design_1_v_frmbuf_wr_1_0/src/hls_video.h:63:
In file included from C:/AMDDesignTools/2025.2/Vitis/common/technology/autopilot\hls_math.h:1060:
C:/AMDDesignTools/2025.2/Vitis/common/technology/autopilot/etc/hls_diff_apfixed.h:23:1: warning: HLS pragma dump _XLX_SEP_ PragmaIsValid=1_XLX_SEP_ PragmaType=pipeline_XLX_SEP_ PragmaContext=hls_XLX_SEP_ PragmaFunction=fdim_fixed_XLX_SEP_ PragmaOptions=II=1_XLX_SEP_ [-Wdump-hls-pragmas]
#pragma HLS PIPELINE II=1
^
C:/AMDDesignTools/2025.2/Vitis/common/technology/autopilot/etc/hls_diff_apfixed.h:34:1: warning: HLS pragma dump _XLX_SEP_ PragmaIsValid=1_XLX_SEP_ PragmaType=unroll_XLX_SEP_ PragmaContext=hls_XLX_SEP_ PragmaFunction=fdim_fixed_XLX_SEP_ PragmaOptions=_XLX_SEP_ [-Wdump-hls-pragmas]
#pragma HLS UNROLL
^
C:/AMDDesignTools/2025.2/Vitis/common/technology/autopilot/etc/hls_diff_apfixed.h:163:1: warning: HLS pragma dump _XLX_SEP_ PragmaIsValid=1_XLX_SEP_ PragmaType=pipeline_XLX_SEP_ PragmaContext=hls_XLX_SEP_ PragmaFunction=maxmag_fixed_XLX_SEP_ PragmaOptions=II=1_XLX_SEP_ [-Wdump-hls-pragmas]
#pragma HLS PIPELINE II=1
^
C:/AMDDesignTools/2025.2/Vitis/common/technology/autopilot/etc/hls_diff_apfixed.h:184:1: warning: HLS pragma dump _XLX_SEP_ PragmaIsValid=1_XLX_SEP_ PragmaType=unroll_XLX_SEP_ PragmaContext=hls_XLX_SEP_ PragmaFunction=maxmag_fixed_XLX_SEP_ PragmaOptions=_XLX_SEP_ [-Wdump-hls-pragmas]
#pragma HLS UNROLL
^
C:/AMDDesignTools/2025.2/Vitis/common/technology/autopilot/etc/hls_diff_apfixed.h:229:1: warning: HLS pragma dump _XLX_SEP_ PragmaIsValid=1_XLX_SEP_ PragmaType=pipeline_XLX_SEP_ PragmaContext=hls_XLX_SEP_ PragmaFunction=minmag_fixed_XLX_SEP_ PragmaOptions=II=1_XLX_SEP_ [-Wdump-hls-pragmas]
#pragma HLS PIPELINE II=1
^
C:/AMDDesignTools/2025.2/Vitis/common/technology/autopilot/etc/hls_diff_apfixed.h:249:1: warning: HLS pragma dump _XLX_SEP_ PragmaIsValid=1_XLX_SEP_ PragmaType=unroll_XLX_SEP_ PragmaContext=hls_XLX_SEP_ PragmaFunction=minmag_fixed_XLX_SEP_ PragmaOptions=_XLX_SEP_ [-Wdump-hls-pragmas]
#pragma HLS UNROLL
^
In file included from C:/TFG_Vivado/vivado/axu2cga_trd.runs/design_1_v_frmbuf_wr_1_0_synth_1/prj/sol/.autopilot/db/v_frmbuf_wr.cpp:51:
In file included from c:/TFG_Vivado/vivado/axu2cga_trd.gen/sources_1/bd/design_1/ip/design_1_v_frmbuf_wr_1_0/src\v_frmbuf_wr.h:49:
In file included from c:/TFG_Vivado/vivado/axu2cga_trd.gen/sources_1/bd/design_1/ip/design_1_v_frmbuf_wr_1_0/src/hls_video.h:63:
In file included from C:/AMDDesignTools/2025.2/Vitis/common/technology/autopilot\hls_math.h:1062:
C:/AMDDesignTools/2025.2/Vitis/common/technology/autopilot/etc/hls_frexp_apfixed.h:45:1: warning: HLS pragma dump _XLX_SEP_ PragmaIsValid=1_XLX_SEP_ PragmaType=pipeline_XLX_SEP_ PragmaContext=hls_XLX_SEP_ PragmaFunction=frexp_XLX_SEP_ PragmaOptions=II=1_XLX_SEP_ [-Wdump-hls-pragmas]
#pragma HLS pipeline II=1
^
In file included from C:/TFG_Vivado/vivado/axu2cga_trd.runs/design_1_v_frmbuf_wr_1_0_synth_1/prj/sol/.autopilot/db/v_frmbuf_wr.cpp:51:
In file included from c:/TFG_Vivado/vivado/axu2cga_trd.gen/sources_1/bd/design_1/ip/design_1_v_frmbuf_wr_1_0/src\v_frmbuf_wr.h:49:
In file included from c:/TFG_Vivado/vivado/axu2cga_trd.gen/sources_1/bd/design_1/ip/design_1_v_frmbuf_wr_1_0/src/hls_video.h:63:
In file included from C:/AMDDesignTools/2025.2/Vitis/common/technology/autopilot\hls_math.h:1064:
C:/AMDDesignTools/2025.2/Vitis/common/technology/autopilot/etc/hls_isequal_isnotequal_apfixed.h:17:1: warning: HLS pragma dump _XLX_SEP_ PragmaIsValid=1_XLX_SEP_ PragmaType=pipeline_XLX_SEP_ PragmaContext=hls_XLX_SEP_ PragmaFunction=generic_isequal_XLX_SEP_ PragmaOptions=_XLX_SEP_ [-Wdump-hls-pragmas]
#pragma HLS pipeline
^
C:/AMDDesignTools/2025.2/Vitis/common/technology/autopilot/etc/hls_isequal_isnotequal_apfixed.h:25:1: warning: HLS pragma dump _XLX_SEP_ PragmaIsValid=1_XLX_SEP_ PragmaType=pipeline_XLX_SEP_ PragmaContext=hls_XLX_SEP_ PragmaFunction=generic_isnotequal_XLX_SEP_ PragmaOptions=_XLX_SEP_ [-Wdump-hls-pragmas]
#pragma HLS pipeline
^
C:/AMDDesignTools/2025.2/Vitis/common/technology/autopilot/etc/hls_isequal_isnotequal_apfixed.h:33:1: warning: HLS pragma dump _XLX_SEP_ PragmaIsValid=1_XLX_SEP_ PragmaType=pipeline_XLX_SEP_ PragmaContext=hls_XLX_SEP_ PragmaFunction=generic_isequal_XLX_SEP_ PragmaOptions=_XLX_SEP_ [-Wdump-hls-pragmas]
#pragma HLS pipeline
^
C:/AMDDesignTools/2025.2/Vitis/common/technology/autopilot/etc/hls_isequal_isnotequal_apfixed.h:41:1: warning: HLS pragma dump _XLX_SEP_ PragmaIsValid=1_XLX_SEP_ PragmaType=pipeline_XLX_SEP_ PragmaContext=hls_XLX_SEP_ PragmaFunction=generic_isnotequal_XLX_SEP_ PragmaOptions=_XLX_SEP_ [-Wdump-hls-pragmas]
#pragma HLS pipeline
^
C:/AMDDesignTools/2025.2/Vitis/common/technology/autopilot/etc/hls_isequal_isnotequal_apfixed.h:49:1: warning: HLS pragma dump _XLX_SEP_ PragmaIsValid=1_XLX_SEP_ PragmaType=pipeline_XLX_SEP_ PragmaContext=hls_XLX_SEP_ PragmaFunction=generic_isequal_XLX_SEP_ PragmaOptions=_XLX_SEP_ [-Wdump-hls-pragmas]
#pragma HLS pipeline
^
C:/AMDDesignTools/2025.2/Vitis/common/technology/autopilot/etc/hls_isequal_isnotequal_apfixed.h:57:1: warning: HLS pragma dump _XLX_SEP_ PragmaIsValid=1_XLX_SEP_ PragmaType=pipeline_XLX_SEP_ PragmaContext=hls_XLX_SEP_ PragmaFunction=generic_isnotequal_XLX_SEP_ PragmaOptions=_XLX_SEP_ [-Wdump-hls-pragmas]
#pragma HLS pipeline
^
C:/AMDDesignTools/2025.2/Vitis/common/technology/autopilot/etc/hls_isequal_isnotequal_apfixed.h:65:1: warning: HLS pragma dump _XLX_SEP_ PragmaIsValid=1_XLX_SEP_ PragmaType=pipeline_XLX_SEP_ PragmaContext=hls_XLX_SEP_ PragmaFunction=generic_isequal_XLX_SEP_ PragmaOptions=_XLX_SEP_ [-Wdump-hls-pragmas]
#pragma HLS pipeline
^
C:/AMDDesignTools/2025.2/Vitis/common/technology/autopilot/etc/hls_isequal_isnotequal_apfixed.h:73:1: warning: HLS pragma dump _XLX_SEP_ PragmaIsValid=1_XLX_SEP_ PragmaType=pipeline_XLX_SEP_ PragmaContext=hls_XLX_SEP_ PragmaFunction=generic_isnotequal_XLX_SEP_ PragmaOptions=_XLX_SEP_ [-Wdump-hls-pragmas]
#pragma HLS pipeline
^
C:/AMDDesignTools/2025.2/Vitis/common/technology/autopilot/etc/hls_isequal_isnotequal_apfixed.h:82:1: warning: HLS pragma dump _XLX_SEP_ PragmaIsValid=1_XLX_SEP_ PragmaType=pipeline_XLX_SEP_ PragmaContext=hls_XLX_SEP_ PragmaFunction=generic_isequal_XLX_SEP_ PragmaOptions=_XLX_SEP_ [-Wdump-hls-pragmas]
#pragma HLS pipeline
^
C:/AMDDesignTools/2025.2/Vitis/common/technology/autopilot/etc/hls_isequal_isnotequal_apfixed.h:90:1: warning: HLS pragma dump _XLX_SEP_ PragmaIsValid=1_XLX_SEP_ PragmaType=pipeline_XLX_SEP_ PragmaContext=hls_XLX_SEP_ PragmaFunction=generic_isnotequal_XLX_SEP_ PragmaOptions=_XLX_SEP_ [-Wdump-hls-pragmas]
#pragma HLS pipeline
^
C:/AMDDesignTools/2025.2/Vitis/common/technology/autopilot/etc/hls_isequal_isnotequal_apfixed.h:98:1: warning: HLS pragma dump _XLX_SEP_ PragmaIsValid=1_XLX_SEP_ PragmaType=pipeline_XLX_SEP_ PragmaContext=hls_XLX_SEP_ PragmaFunction=generic_isequal_XLX_SEP_ PragmaOptions=_XLX_SEP_ [-Wdump-hls-pragmas]
#pragma HLS pipeline
^
C:/AMDDesignTools/2025.2/Vitis/common/technology/autopilot/etc/hls_isequal_isnotequal_apfixed.h:106:1: warning: HLS pragma dump _XLX_SEP_ PragmaIsValid=1_XLX_SEP_ PragmaType=pipeline_XLX_SEP_ PragmaContext=hls_XLX_SEP_ PragmaFunction=generic_isnotequal_XLX_SEP_ PragmaOptions=_XLX_SEP_ [-Wdump-hls-pragmas]
#pragma HLS pipeline
^
C:/AMDDesignTools/2025.2/Vitis/common/technology/autopilot/etc/hls_isequal_isnotequal_apfixed.h:114:1: warning: HLS pragma dump _XLX_SEP_ PragmaIsValid=1_XLX_SEP_ PragmaType=pipeline_XLX_SEP_ PragmaContext=hls_XLX_SEP_ PragmaFunction=generic_isequal_XLX_SEP_ PragmaOptions=_XLX_SEP_ [-Wdump-hls-pragmas]
#pragma HLS pipeline
^
C:/AMDDesignTools/2025.2/Vitis/common/technology/autopilot/etc/hls_isequal_isnotequal_apfixed.h:122:1: warning: HLS pragma dump _XLX_SEP_ PragmaIsValid=1_XLX_SEP_ PragmaType=pipeline_XLX_SEP_ PragmaContext=hls_XLX_SEP_ PragmaFunction=generic_isnotequal_XLX_SEP_ PragmaOptions=_XLX_SEP_ [-Wdump-hls-pragmas]
#pragma HLS pipeline
^
C:/AMDDesignTools/2025.2/Vitis/common/technology/autopilot/etc/hls_isequal_isnotequal_apfixed.h:130:1: warning: HLS pragma dump _XLX_SEP_ PragmaIsValid=1_XLX_SEP_ PragmaType=pipeline_XLX_SEP_ PragmaContext=hls_XLX_SEP_ PragmaFunction=generic_isequal_XLX_SEP_ PragmaOptions=_XLX_SEP_ [-Wdump-hls-pragmas]
#pragma HLS pipeline
^
C:/AMDDesignTools/2025.2/Vitis/common/technology/autopilot/etc/hls_isequal_isnotequal_apfixed.h:138:1: warning: HLS pragma dump _XLX_SEP_ PragmaIsValid=1_XLX_SEP_ PragmaType=pipeline_XLX_SEP_ PragmaContext=hls_XLX_SEP_ PragmaFunction=generic_isnotequal_XLX_SEP_ PragmaOptions=_XLX_SEP_ [-Wdump-hls-pragmas]
#pragma HLS pipeline
^
In file included from C:/TFG_Vivado/vivado/axu2cga_trd.runs/design_1_v_frmbuf_wr_1_0_synth_1/prj/sol/.autopilot/db/v_frmbuf_wr.cpp:51:
In file included from c:/TFG_Vivado/vivado/axu2cga_trd.gen/sources_1/bd/design_1/ip/design_1_v_frmbuf_wr_1_0/src\v_frmbuf_wr.h:49:
In file included from c:/TFG_Vivado/vivado/axu2cga_trd.gen/sources_1/bd/design_1/ip/design_1_v_frmbuf_wr_1_0/src/hls_video.h:63:
In file included from C:/AMDDesignTools/2025.2/Vitis/common/technology/autopilot\hls_math.h:1065:
C:/AMDDesignTools/2025.2/Vitis/common/technology/autopilot/etc/hls_all_any_apfixed.h:15:1: warning: HLS pragma dump _XLX_SEP_ PragmaIsValid=1_XLX_SEP_ PragmaType=pipeline_XLX_SEP_ PragmaContext=hls_XLX_SEP_ PragmaFunction=generic_all_XLX_SEP_ PragmaOptions=II=1_XLX_SEP_ [-Wdump-hls-pragmas]
#pragma HLS pipeline II=1
^
C:/AMDDesignTools/2025.2/Vitis/common/technology/autopilot/etc/hls_all_any_apfixed.h:26:1: warning: HLS pragma dump _XLX_SEP_ PragmaIsValid=1_XLX_SEP_ PragmaType=pipeline_XLX_SEP_ PragmaContext=hls_XLX_SEP_ PragmaFunction=generic_all_XLX_SEP_ PragmaOptions=II=1_XLX_SEP_ [-Wdump-hls-pragmas]
#pragma HLS pipeline II=1
^
C:/AMDDesignTools/2025.2/Vitis/common/technology/autopilot/etc/hls_all_any_apfixed.h:37:1: warning: HLS pragma dump _XLX_SEP_ PragmaIsValid=1_XLX_SEP_ PragmaType=pipeline_XLX_SEP_ PragmaContext=hls_XLX_SEP_ PragmaFunction=generic_all_XLX_SEP_ PragmaOptions=II=1_XLX_SEP_ [-Wdump-hls-pragmas]
#pragma HLS pipeline II=1
^
C:/AMDDesignTools/2025.2/Vitis/common/technology/autopilot/etc/hls_all_any_apfixed.h:48:1: warning: HLS pragma dump _XLX_SEP_ PragmaIsValid=1_XLX_SEP_ PragmaType=pipeline_XLX_SEP_ PragmaContext=hls_XLX_SEP_ PragmaFunction=generic_all_XLX_SEP_ PragmaOptions=II=1_XLX_SEP_ [-Wdump-hls-pragmas]
#pragma HLS pipeline II=1
^
C:/AMDDesignTools/2025.2/Vitis/common/technology/autopilot/etc/hls_all_any_apfixed.h:59:1: warning: HLS pragma dump _XLX_SEP_ PragmaIsValid=1_XLX_SEP_ PragmaType=pipeline_XLX_SEP_ PragmaContext=hls_XLX_SEP_ PragmaFunction=generic_any_XLX_SEP_ PragmaOptions=II=1_XLX_SEP_ [-Wdump-hls-pragmas]
#pragma HLS pipeline II=1
^
C:/AMDDesignTools/2025.2/Vitis/common/technology/autopilot/etc/hls_all_any_apfixed.h:70:1: warning: HLS pragma dump _XLX_SEP_ PragmaIsValid=1_XLX_SEP_ PragmaType=pipeline_XLX_SEP_ PragmaContext=hls_XLX_SEP_ PragmaFunction=generic_any_XLX_SEP_ PragmaOptions=II=1_XLX_SEP_ [-Wdump-hls-pragmas]
#pragma HLS pipeline II=1
^
C:/AMDDesignTools/2025.2/Vitis/common/technology/autopilot/etc/hls_all_any_apfixed.h:81:1: warning: HLS pragma dump _XLX_SEP_ PragmaIsValid=1_XLX_SEP_ PragmaType=pipeline_XLX_SEP_ PragmaContext=hls_XLX_SEP_ PragmaFunction=generic_any_XLX_SEP_ PragmaOptions=II=1_XLX_SEP_ [-Wdump-hls-pragmas]
#pragma HLS pipeline II=1
^
C:/AMDDesignTools/2025.2/Vitis/common/technology/autopilot/etc/hls_all_any_apfixed.h:92:1: warning: HLS pragma dump _XLX_SEP_ PragmaIsValid=1_XLX_SEP_ PragmaType=pipeline_XLX_SEP_ PragmaContext=hls_XLX_SEP_ PragmaFunction=generic_any_XLX_SEP_ PragmaOptions=II=1_XLX_SEP_ [-Wdump-hls-pragmas]
#pragma HLS pipeline II=1
^
In file included from C:/TFG_Vivado/vivado/axu2cga_trd.runs/design_1_v_frmbuf_wr_1_0_synth_1/prj/sol/.autopilot/db/v_frmbuf_wr.cpp:51:
In file included from c:/TFG_Vivado/vivado/axu2cga_trd.gen/sources_1/bd/design_1/ip/design_1_v_frmbuf_wr_1_0/src\v_frmbuf_wr.h:49:
In file included from c:/TFG_Vivado/vivado/axu2cga_trd.gen/sources_1/bd/design_1/ip/design_1_v_frmbuf_wr_1_0/src/hls_video.h:63:
In file included from C:/AMDDesignTools/2025.2/Vitis/common/technology/autopilot\hls_math.h:1066:
C:/AMDDesignTools/2025.2/Vitis/common/technology/autopilot/etc/hls_select_bitselect_apfixed.h:39:1: warning: HLS pragma dump _XLX_SEP_ PragmaIsValid=1_XLX_SEP_ PragmaType=pipeline_XLX_SEP_ PragmaContext=hls_XLX_SEP_ PragmaFunction=generic_bitselect_XLX_SEP_ PragmaOptions=_XLX_SEP_ [-Wdump-hls-pragmas]
#pragma HLS pipeline
^
C:/AMDDesignTools/2025.2/Vitis/common/technology/autopilot/etc/hls_select_bitselect_apfixed.h:47:1: warning: HLS pragma dump _XLX_SEP_ PragmaIsValid=1_XLX_SEP_ PragmaType=pipeline_XLX_SEP_ PragmaContext=hls_XLX_SEP_ PragmaFunction=generic_bitselect_XLX_SEP_ PragmaOptions=_XLX_SEP_ [-Wdump-hls-pragmas]
#pragma HLS pipeline
^
C:/AMDDesignTools/2025.2/Vitis/common/technology/autopilot/etc/hls_select_bitselect_apfixed.h:55:1: warning: HLS pragma dump _XLX_SEP_ PragmaIsValid=1_XLX_SEP_ PragmaType=pipeline_XLX_SEP_ PragmaContext=hls_XLX_SEP_ PragmaFunction=generic_bitselect_XLX_SEP_ PragmaOptions=_XLX_SEP_ [-Wdump-hls-pragmas]
#pragma HLS pipeline
^
C:/AMDDesignTools/2025.2/Vitis/common/technology/autopilot/etc/hls_select_bitselect_apfixed.h:62:1: warning: HLS pragma dump _XLX_SEP_ PragmaIsValid=1_XLX_SEP_ PragmaType=pipeline_XLX_SEP_ PragmaContext=hls_XLX_SEP_ PragmaFunction=generic_bitselect_XLX_SEP_ PragmaOptions=_XLX_SEP_ [-Wdump-hls-pragmas]
#pragma HLS pipeline
^
In file included from C:/TFG_Vivado/vivado/axu2cga_trd.runs/design_1_v_frmbuf_wr_1_0_synth_1/prj/sol/.autopilot/db/v_frmbuf_wr.cpp:51:
In file included from c:/TFG_Vivado/vivado/axu2cga_trd.gen/sources_1/bd/design_1/ip/design_1_v_frmbuf_wr_1_0/src\v_frmbuf_wr.h:49:
In file included from c:/TFG_Vivado/vivado/axu2cga_trd.gen/sources_1/bd/design_1/ip/design_1_v_frmbuf_wr_1_0/src/hls_video.h:63:
In file included from C:/AMDDesignTools/2025.2/Vitis/common/technology/autopilot\hls_math.h:1067:
C:/AMDDesignTools/2025.2/Vitis/common/technology/autopilot/etc/hls_erf_apfixed.h:490:1: warning: HLS pragma dump _XLX_SEP_ PragmaIsValid=1_XLX_SEP_ PragmaType=pipeline_XLX_SEP_ PragmaContext=hls_XLX_SEP_ PragmaFunction=erfc_XLX_SEP_ PragmaOptions=II=1_XLX_SEP_ [-Wdump-hls-pragmas]
#pragma HLS PIPELINE II=1
^
In file included from C:/TFG_Vivado/vivado/axu2cga_trd.runs/design_1_v_frmbuf_wr_1_0_synth_1/prj/sol/.autopilot/db/v_frmbuf_wr.cpp:51:
In file included from c:/TFG_Vivado/vivado/axu2cga_trd.gen/sources_1/bd/design_1/ip/design_1_v_frmbuf_wr_1_0/src\v_frmbuf_wr.h:49:
In file included from c:/TFG_Vivado/vivado/axu2cga_trd.gen/sources_1/bd/design_1/ip/design_1_v_frmbuf_wr_1_0/src/hls_video.h:63:
In file included from C:/AMDDesignTools/2025.2/Vitis/common/technology/autopilot\hls_math.h:1069:
C:/AMDDesignTools/2025.2/Vitis/common/technology/autopilot/etc/hls_lgamma_apfixed.h:17:1: warning: HLS pragma dump _XLX_SEP_ PragmaIsValid=1_XLX_SEP_ PragmaType=pipeline_XLX_SEP_ PragmaContext=hls_XLX_SEP_ PragmaFunction=lgamma_generic_XLX_SEP_ PragmaOptions=_XLX_SEP_ [-Wdump-hls-pragmas]
#pragma HLS pipeline
^
In file included from C:/TFG_Vivado/vivado/axu2cga_trd.runs/design_1_v_frmbuf_wr_1_0_synth_1/prj/sol/.autopilot/db/v_frmbuf_wr.cpp:51:
In file included from c:/TFG_Vivado/vivado/axu2cga_trd.gen/sources_1/bd/design_1/ip/design_1_v_frmbuf_wr_1_0/src\v_frmbuf_wr.h:49:
In file included from c:/TFG_Vivado/vivado/axu2cga_trd.gen/sources_1/bd/design_1/ip/design_1_v_frmbuf_wr_1_0/src/hls_video.h:63:
In file included from C:/AMDDesignTools/2025.2/Vitis/common/technology/autopilot\hls_math.h:1070:
C:/AMDDesignTools/2025.2/Vitis/common/technology/autopilot/etc/hls_tgamma_apfixed.h:18:1: warning: HLS pragma dump _XLX_SEP_ PragmaIsValid=1_XLX_SEP_ PragmaType=pipeline_XLX_SEP_ PragmaContext=hls_XLX_SEP_ PragmaFunction=tgamma_generic_XLX_SEP_ PragmaOptions=_XLX_SEP_ [-Wdump-hls-pragmas]
#pragma HLS pipeline
^
In file included from C:/TFG_Vivado/vivado/axu2cga_trd.runs/design_1_v_frmbuf_wr_1_0_synth_1/prj/sol/.autopilot/db/v_frmbuf_wr.cpp:51:
In file included from c:/TFG_Vivado/vivado/axu2cga_trd.gen/sources_1/bd/design_1/ip/design_1_v_frmbuf_wr_1_0/src\v_frmbuf_wr.h:49:
In file included from c:/TFG_Vivado/vivado/axu2cga_trd.gen/sources_1/bd/design_1/ip/design_1_v_frmbuf_wr_1_0/src/hls_video.h:63:
In file included from C:/AMDDesignTools/2025.2/Vitis/common/technology/autopilot\hls_math.h:1072:
C:/AMDDesignTools/2025.2/Vitis/common/technology/autopilot/etc/hls_mad_apfixed.h:27:1: warning: HLS pragma dump _XLX_SEP_ PragmaIsValid=1_XLX_SEP_ PragmaType=unroll_XLX_SEP_ PragmaContext=hls_XLX_SEP_ PragmaFunction=generic_mad_XLX_SEP_ PragmaOptions=_XLX_SEP_ [-Wdump-hls-pragmas]
#pragma HLS unroll
^
In file included from C:/TFG_Vivado/vivado/axu2cga_trd.runs/design_1_v_frmbuf_wr_1_0_synth_1/prj/sol/.autopilot/db/v_frmbuf_wr.cpp:51:
In file included from c:/TFG_Vivado/vivado/axu2cga_trd.gen/sources_1/bd/design_1/ip/design_1_v_frmbuf_wr_1_0/src\v_frmbuf_wr.h:49:
In file included from c:/TFG_Vivado/vivado/axu2cga_trd.gen/sources_1/bd/design_1/ip/design_1_v_frmbuf_wr_1_0/src/hls_video.h:63:
In file included from C:/AMDDesignTools/2025.2/Vitis/common/technology/autopilot\hls_math.h:1074:
C:/AMDDesignTools/2025.2/Vitis/common/technology/autopilot/etc/hls_hypot_apfixed.h:170:1: warning: HLS pragma dump _XLX_SEP_ PragmaIsValid=1_XLX_SEP_ PragmaType=unroll_XLX_SEP_ PragmaContext=hls_XLX_SEP_ PragmaFunction=hypot_fixed_XLX_SEP_ PragmaOptions=_XLX_SEP_ [-Wdump-hls-pragmas]
#pragma HLS unroll
^
In file included from C:/TFG_Vivado/vivado/axu2cga_trd.runs/design_1_v_frmbuf_wr_1_0_synth_1/prj/sol/.autopilot/db/v_frmbuf_wr.cpp:51:
In file included from c:/TFG_Vivado/vivado/axu2cga_trd.gen/sources_1/bd/design_1/ip/design_1_v_frmbuf_wr_1_0/src\v_frmbuf_wr.h:49:
In file included from c:/TFG_Vivado/vivado/axu2cga_trd.gen/sources_1/bd/design_1/ip/design_1_v_frmbuf_wr_1_0/src/hls_video.h:71:
c:/TFG_Vivado/vivado/axu2cga_trd.gen/sources_1/bd/design_1/ip/design_1_v_frmbuf_wr_1_0/src/hls/hls_video_mem.h:66:1: warning: HLS pragma dump _XLX_SEP_ PragmaIsValid=1_XLX_SEP_ PragmaType=array_partition_XLX_SEP_ PragmaContext=hls_XLX_SEP_ PragmaFunction=Window<ROWS, COLS, T>_XLX_SEP_ PragmaOptions=variable=val dim=1 complete_XLX_SEP_ [-Wdump-hls-pragmas]
#pragma HLS ARRAY_PARTITION variable=val dim=1 complete
^
c:/TFG_Vivado/vivado/axu2cga_trd.gen/sources_1/bd/design_1/ip/design_1_v_frmbuf_wr_1_0/src/hls/hls_video_mem.h:67:1: warning: HLS pragma dump _XLX_SEP_ PragmaIsValid=1_XLX_SEP_ PragmaType=array_partition_XLX_SEP_ PragmaContext=hls_XLX_SEP_ PragmaFunction=Window<ROWS, COLS, T>_XLX_SEP_ PragmaOptions=variable=val dim=2 complete_XLX_SEP_ [-Wdump-hls-pragmas]
#pragma HLS ARRAY_PARTITION variable=val dim=2 complete
^
c:/TFG_Vivado/vivado/axu2cga_trd.gen/sources_1/bd/design_1/ip/design_1_v_frmbuf_wr_1_0/src/hls/hls_video_mem.h:128:1: warning: HLS pragma dump _XLX_SEP_ PragmaIsValid=1_XLX_SEP_ PragmaType=inline_XLX_SEP_ PragmaContext=hls_XLX_SEP_ PragmaFunction=shift_pixels_left_XLX_SEP_ PragmaOptions=_XLX_SEP_ [-Wdump-hls-pragmas]
#pragma HLS inline
^
c:/TFG_Vivado/vivado/axu2cga_trd.gen/sources_1/bd/design_1/ip/design_1_v_frmbuf_wr_1_0/src/hls/hls_video_mem.h:138:1: warning: HLS pragma dump _XLX_SEP_ PragmaIsValid=1_XLX_SEP_ PragmaType=unroll_XLX_SEP_ PragmaContext=hls_XLX_SEP_ PragmaFunction=shift_pixels_left_XLX_SEP_ PragmaOptions=_XLX_SEP_ [-Wdump-hls-pragmas]
#pragma HLS unroll
^
c:/TFG_Vivado/vivado/axu2cga_trd.gen/sources_1/bd/design_1/ip/design_1_v_frmbuf_wr_1_0/src/hls/hls_video_mem.h:140:1: warning: HLS pragma dump _XLX_SEP_ PragmaIsValid=1_XLX_SEP_ PragmaType=unroll_XLX_SEP_ PragmaContext=hls_XLX_SEP_ PragmaFunction=shift_pixels_left_XLX_SEP_ PragmaOptions=_XLX_SEP_ [-Wdump-hls-pragmas]
#pragma HLS unroll
^
c:/TFG_Vivado/vivado/axu2cga_trd.gen/sources_1/bd/design_1/ip/design_1_v_frmbuf_wr_1_0/src/hls/hls_video_mem.h:166:1: warning: HLS pragma dump _XLX_SEP_ PragmaIsValid=1_XLX_SEP_ PragmaType=inline_XLX_SEP_ PragmaContext=hls_XLX_SEP_ PragmaFunction=shift_pixels_right_XLX_SEP_ PragmaOptions=_XLX_SEP_ [-Wdump-hls-pragmas]
#pragma HLS inline
^
c:/TFG_Vivado/vivado/axu2cga_trd.gen/sources_1/bd/design_1/ip/design_1_v_frmbuf_wr_1_0/src/hls/hls_video_mem.h:176:1: warning: HLS pragma dump _XLX_SEP_ PragmaIsValid=1_XLX_SEP_ PragmaType=unroll_XLX_SEP_ PragmaContext=hls_XLX_SEP_ PragmaFunction=shift_pixels_right_XLX_SEP_ PragmaOptions=_XLX_SEP_ [-Wdump-hls-pragmas]
#pragma HLS unroll
^
c:/TFG_Vivado/vivado/axu2cga_trd.gen/sources_1/bd/design_1/ip/design_1_v_frmbuf_wr_1_0/src/hls/hls_video_mem.h:178:1: warning: HLS pragma dump _XLX_SEP_ PragmaIsValid=1_XLX_SEP_ PragmaType=unroll_XLX_SEP_ PragmaContext=hls_XLX_SEP_ PragmaFunction=shift_pixels_right_XLX_SEP_ PragmaOptions=_XLX_SEP_ [-Wdump-hls-pragmas]
#pragma HLS unroll
^
c:/TFG_Vivado/vivado/axu2cga_trd.gen/sources_1/bd/design_1/ip/design_1_v_frmbuf_wr_1_0/src/hls/hls_video_mem.h:204:1: warning: HLS pragma dump _XLX_SEP_ PragmaIsValid=1_XLX_SEP_ PragmaType=inline_XLX_SEP_ PragmaContext=hls_XLX_SEP_ PragmaFunction=shift_pixels_up_XLX_SEP_ PragmaOptions=_XLX_SEP_ [-Wdump-hls-pragmas]
#pragma HLS inline
^
c:/TFG_Vivado/vivado/axu2cga_trd.gen/sources_1/bd/design_1/ip/design_1_v_frmbuf_wr_1_0/src/hls/hls_video_mem.h:214:1: warning: HLS pragma dump _XLX_SEP_ PragmaIsValid=1_XLX_SEP_ PragmaType=unroll_XLX_SEP_ PragmaContext=hls_XLX_SEP_ PragmaFunction=shift_pixels_up_XLX_SEP_ PragmaOptions=_XLX_SEP_ [-Wdump-hls-pragmas]
#pragma HLS unroll
^
c:/TFG_Vivado/vivado/axu2cga_trd.gen/sources_1/bd/design_1/ip/design_1_v_frmbuf_wr_1_0/src/hls/hls_video_mem.h:216:1: warning: HLS pragma dump _XLX_SEP_ PragmaIsValid=1_XLX_SEP_ PragmaType=unroll_XLX_SEP_ PragmaContext=hls_XLX_SEP_ PragmaFunction=shift_pixels_up_XLX_SEP_ PragmaOptions=_XLX_SEP_ [-Wdump-hls-pragmas]
#pragma HLS unroll
^
c:/TFG_Vivado/vivado/axu2cga_trd.gen/sources_1/bd/design_1/ip/design_1_v_frmbuf_wr_1_0/src/hls/hls_video_mem.h:242:1: warning: HLS pragma dump _XLX_SEP_ PragmaIsValid=1_XLX_SEP_ PragmaType=inline_XLX_SEP_ PragmaContext=hls_XLX_SEP_ PragmaFunction=shift_pixels_down_XLX_SEP_ PragmaOptions=_XLX_SEP_ [-Wdump-hls-pragmas]
#pragma HLS inline
^
c:/TFG_Vivado/vivado/axu2cga_trd.gen/sources_1/bd/design_1/ip/design_1_v_frmbuf_wr_1_0/src/hls/hls_video_mem.h:252:1: warning: HLS pragma dump _XLX_SEP_ PragmaIsValid=1_XLX_SEP_ PragmaType=unroll_XLX_SEP_ PragmaContext=hls_XLX_SEP_ PragmaFunction=shift_pixels_down_XLX_SEP_ PragmaOptions=_XLX_SEP_ [-Wdump-hls-pragmas]
#pragma HLS unroll
^
c:/TFG_Vivado/vivado/axu2cga_trd.gen/sources_1/bd/design_1/ip/design_1_v_frmbuf_wr_1_0/src/hls/hls_video_mem.h:254:1: warning: HLS pragma dump _XLX_SEP_ PragmaIsValid=1_XLX_SEP_ PragmaType=unroll_XLX_SEP_ PragmaContext=hls_XLX_SEP_ PragmaFunction=shift_pixels_down_XLX_SEP_ PragmaOptions=_XLX_SEP_ [-Wdump-hls-pragmas]
#pragma HLS unroll
^
c:/TFG_Vivado/vivado/axu2cga_trd.gen/sources_1/bd/design_1/ip/design_1_v_frmbuf_wr_1_0/src/hls/hls_video_mem.h:279:1: warning: HLS pragma dump _XLX_SEP_ PragmaIsValid=1_XLX_SEP_ PragmaType=inline_XLX_SEP_ PragmaContext=hls_XLX_SEP_ PragmaFunction=insert_pixel_XLX_SEP_ PragmaOptions=_XLX_SEP_ [-Wdump-hls-pragmas]
#pragma HLS inline
^
c:/TFG_Vivado/vivado/axu2cga_trd.gen/sources_1/bd/design_1/ip/design_1_v_frmbuf_wr_1_0/src/hls/hls_video_mem.h:311:1: warning: HLS pragma dump _XLX_SEP_ PragmaIsValid=1_XLX_SEP_ PragmaType=inline_XLX_SEP_ PragmaContext=hls_XLX_SEP_ PragmaFunction=insert_row_XLX_SEP_ PragmaOptions=_XLX_SEP_ [-Wdump-hls-pragmas]
#pragma HLS inline
^
c:/TFG_Vivado/vivado/axu2cga_trd.gen/sources_1/bd/design_1/ip/design_1_v_frmbuf_wr_1_0/src/hls/hls_video_mem.h:321:1: warning: HLS pragma dump _XLX_SEP_ PragmaIsValid=1_XLX_SEP_ PragmaType=unroll_XLX_SEP_ PragmaContext=hls_XLX_SEP_ PragmaFunction=insert_row_XLX_SEP_ PragmaOptions=_XLX_SEP_ [-Wdump-hls-pragmas]
#pragma HLS unroll
^
c:/TFG_Vivado/vivado/axu2cga_trd.gen/sources_1/bd/design_1/ip/design_1_v_frmbuf_wr_1_0/src/hls/hls_video_mem.h:346:1: warning: HLS pragma dump _XLX_SEP_ PragmaIsValid=1_XLX_SEP_ PragmaType=inline_XLX_SEP_ PragmaContext=hls_XLX_SEP_ PragmaFunction=insert_top_row_XLX_SEP_ PragmaOptions=_XLX_SEP_ [-Wdump-hls-pragmas]
#pragma HLS inline
^
c:/TFG_Vivado/vivado/axu2cga_trd.gen/sources_1/bd/design_1/ip/design_1_v_frmbuf_wr_1_0/src/hls/hls_video_mem.h:377:1: warning: HLS pragma dump _XLX_SEP_ PragmaIsValid=1_XLX_SEP_ PragmaType=inline_XLX_SEP_ PragmaContext=hls_XLX_SEP_ PragmaFunction=insert_bottom_row_XLX_SEP_ PragmaOptions=_XLX_SEP_ [-Wdump-hls-pragmas]
#pragma HLS inline
^
c:/TFG_Vivado/vivado/axu2cga_trd.gen/sources_1/bd/design_1/ip/design_1_v_frmbuf_wr_1_0/src/hls/hls_video_mem.h:408:1: warning: HLS pragma dump _XLX_SEP_ PragmaIsValid=1_XLX_SEP_ PragmaType=inline_XLX_SEP_ PragmaContext=hls_XLX_SEP_ PragmaFunction=insert_col_XLX_SEP_ PragmaOptions=_XLX_SEP_ [-Wdump-hls-pragmas]
#pragma HLS inline
^
c:/TFG_Vivado/vivado/axu2cga_trd.gen/sources_1/bd/design_1/ip/design_1_v_frmbuf_wr_1_0/src/hls/hls_video_mem.h:418:1: warning: HLS pragma dump _XLX_SEP_ PragmaIsValid=1_XLX_SEP_ PragmaType=unroll_XLX_SEP_ PragmaContext=hls_XLX_SEP_ PragmaFunction=insert_col_XLX_SEP_ PragmaOptions=_XLX_SEP_ [-Wdump-hls-pragmas]
#pragma HLS unroll
^
c:/TFG_Vivado/vivado/axu2cga_trd.gen/sources_1/bd/design_1/ip/design_1_v_frmbuf_wr_1_0/src/hls/hls_video_mem.h:443:1: warning: HLS pragma dump _XLX_SEP_ PragmaIsValid=1_XLX_SEP_ PragmaType=inline_XLX_SEP_ PragmaContext=hls_XLX_SEP_ PragmaFunction=insert_left_col_XLX_SEP_ PragmaOptions=_XLX_SEP_ [-Wdump-hls-pragmas]
#pragma HLS inline
^
c:/TFG_Vivado/vivado/axu2cga_trd.gen/sources_1/bd/design_1/ip/design_1_v_frmbuf_wr_1_0/src/hls/hls_video_mem.h:474:1: warning: HLS pragma dump _XLX_SEP_ PragmaIsValid=1_XLX_SEP_ PragmaType=inline_XLX_SEP_ PragmaContext=hls_XLX_SEP_ PragmaFunction=insert_right_col_XLX_SEP_ PragmaOptions=_XLX_SEP_ [-Wdump-hls-pragmas]
#pragma HLS inline
^
c:/TFG_Vivado/vivado/axu2cga_trd.gen/sources_1/bd/design_1/ip/design_1_v_frmbuf_wr_1_0/src/hls/hls_video_mem.h:505:1: warning: HLS pragma dump _XLX_SEP_ PragmaIsValid=1_XLX_SEP_ PragmaType=inline_XLX_SEP_ PragmaContext=hls_XLX_SEP_ PragmaFunction=getval_XLX_SEP_ PragmaOptions=_XLX_SEP_ [-Wdump-hls-pragmas]
#pragma HLS inline
^
c:/TFG_Vivado/vivado/axu2cga_trd.gen/sources_1/bd/design_1/ip/design_1_v_frmbuf_wr_1_0/src/hls/hls_video_mem.h:514:1: warning: HLS pragma dump _XLX_SEP_ PragmaIsValid=1_XLX_SEP_ PragmaType=inline_XLX_SEP_ PragmaContext=hls_XLX_SEP_ PragmaFunction=operator()_XLX_SEP_ PragmaOptions=_XLX_SEP_ [-Wdump-hls-pragmas]
#pragma HLS inline
^
c:/TFG_Vivado/vivado/axu2cga_trd.gen/sources_1/bd/design_1/ip/design_1_v_frmbuf_wr_1_0/src/hls/hls_video_mem.h:546:1: warning: HLS pragma dump _XLX_SEP_ PragmaIsValid=1_XLX_SEP_ PragmaType=inline_XLX_SEP_ PragmaContext=hls_XLX_SEP_ PragmaFunction=shift_left_XLX_SEP_ PragmaOptions=_XLX_SEP_ [-Wdump-hls-pragmas]
#pragma HLS inline
^
c:/TFG_Vivado/vivado/axu2cga_trd.gen/sources_1/bd/design_1/ip/design_1_v_frmbuf_wr_1_0/src/hls/hls_video_mem.h:556:1: warning: HLS pragma dump _XLX_SEP_ PragmaIsValid=1_XLX_SEP_ PragmaType=inline_XLX_SEP_ PragmaContext=hls_XLX_SEP_ PragmaFunction=shift_right_XLX_SEP_ PragmaOptions=_XLX_SEP_ [-Wdump-hls-pragmas]
#pragma HLS inline
^
c:/TFG_Vivado/vivado/axu2cga_trd.gen/sources_1/bd/design_1/ip/design_1_v_frmbuf_wr_1_0/src/hls/hls_video_mem.h:566:1: warning: HLS pragma dump _XLX_SEP_ PragmaIsValid=1_XLX_SEP_ PragmaType=inline_XLX_SEP_ PragmaContext=hls_XLX_SEP_ PragmaFunction=shift_up_XLX_SEP_ PragmaOptions=_XLX_SEP_ [-Wdump-hls-pragmas]
#pragma HLS inline
^
c:/TFG_Vivado/vivado/axu2cga_trd.gen/sources_1/bd/design_1/ip/design_1_v_frmbuf_wr_1_0/src/hls/hls_video_mem.h:576:1: warning: HLS pragma dump _XLX_SEP_ PragmaIsValid=1_XLX_SEP_ PragmaType=inline_XLX_SEP_ PragmaContext=hls_XLX_SEP_ PragmaFunction=shift_down_XLX_SEP_ PragmaOptions=_XLX_SEP_ [-Wdump-hls-pragmas]
#pragma HLS inline
^
c:/TFG_Vivado/vivado/axu2cga_trd.gen/sources_1/bd/design_1/ip/design_1_v_frmbuf_wr_1_0/src/hls/hls_video_mem.h:586:1: warning: HLS pragma dump _XLX_SEP_ PragmaIsValid=1_XLX_SEP_ PragmaType=inline_XLX_SEP_ PragmaContext=hls_XLX_SEP_ PragmaFunction=insert_XLX_SEP_ PragmaOptions=_XLX_SEP_ [-Wdump-hls-pragmas]
#pragma HLS inline
^
c:/TFG_Vivado/vivado/axu2cga_trd.gen/sources_1/bd/design_1/ip/design_1_v_frmbuf_wr_1_0/src/hls/hls_video_mem.h:596:1: warning: HLS pragma dump _XLX_SEP_ PragmaIsValid=1_XLX_SEP_ PragmaType=inline_XLX_SEP_ PragmaContext=hls_XLX_SEP_ PragmaFunction=insert_top_XLX_SEP_ PragmaOptions=_XLX_SEP_ [-Wdump-hls-pragmas]
#pragma HLS inline
^
c:/TFG_Vivado/vivado/axu2cga_trd.gen/sources_1/bd/design_1/ip/design_1_v_frmbuf_wr_1_0/src/hls/hls_video_mem.h:606:1: warning: HLS pragma dump _XLX_SEP_ PragmaIsValid=1_XLX_SEP_ PragmaType=inline_XLX_SEP_ PragmaContext=hls_XLX_SEP_ PragmaFunction=insert_bottom_XLX_SEP_ PragmaOptions=_XLX_SEP_ [-Wdump-hls-pragmas]
#pragma HLS inline
^
c:/TFG_Vivado/vivado/axu2cga_trd.gen/sources_1/bd/design_1/ip/design_1_v_frmbuf_wr_1_0/src/hls/hls_video_mem.h:616:1: warning: HLS pragma dump _XLX_SEP_ PragmaIsValid=1_XLX_SEP_ PragmaType=inline_XLX_SEP_ PragmaContext=hls_XLX_SEP_ PragmaFunction=insert_left_XLX_SEP_ PragmaOptions=_XLX_SEP_ [-Wdump-hls-pragmas]
#pragma HLS inline
^
c:/TFG_Vivado/vivado/axu2cga_trd.gen/sources_1/bd/design_1/ip/design_1_v_frmbuf_wr_1_0/src/hls/hls_video_mem.h:626:1: warning: HLS pragma dump _XLX_SEP_ PragmaIsValid=1_XLX_SEP_ PragmaType=inline_XLX_SEP_ PragmaContext=hls_XLX_SEP_ PragmaFunction=insert_right_XLX_SEP_ PragmaOptions=_XLX_SEP_ [-Wdump-hls-pragmas]
#pragma HLS inline
^
c:/TFG_Vivado/vivado/axu2cga_trd.gen/sources_1/bd/design_1/ip/design_1_v_frmbuf_wr_1_0/src/hls/hls_video_mem.h:638:1: warning: HLS pragma dump _XLX_SEP_ PragmaIsValid=1_XLX_SEP_ PragmaType=inline_XLX_SEP_ PragmaContext=hls_XLX_SEP_ PragmaFunction=LineBuffer<ROWS, COLS, type-parameter-0-2, 0>_XLX_SEP_ PragmaOptions=_XLX_SEP_ [-Wdump-hls-pragmas]
#pragma HLS inline
^
c:/TFG_Vivado/vivado/axu2cga_trd.gen/sources_1/bd/design_1/ip/design_1_v_frmbuf_wr_1_0/src/hls/hls_video_mem.h:639:1: warning: HLS pragma dump _XLX_SEP_ PragmaIsValid=1_XLX_SEP_ PragmaType=array_partition_XLX_SEP_ PragmaContext=hls_XLX_SEP_ PragmaFunction=LineBuffer<ROWS, COLS, type-parameter-0-2, 0>_XLX_SEP_ PragmaOptions=variable=val dim=1 complete_XLX_SEP_ [-Wdump-hls-pragmas]
#pragma HLS array_partition variable=val dim=1 complete
^
c:/TFG_Vivado/vivado/axu2cga_trd.gen/sources_1/bd/design_1/ip/design_1_v_frmbuf_wr_1_0/src/hls/hls_video_mem.h:640:1: warning: HLS pragma dump _XLX_SEP_ PragmaIsValid=1_XLX_SEP_ PragmaType=dependence_XLX_SEP_ PragmaContext=hls_XLX_SEP_ PragmaFunction=LineBuffer<ROWS, COLS, type-parameter-0-2, 0>_XLX_SEP_ PragmaOptions=variable=val inter false_XLX_SEP_ [-Wdump-hls-pragmas]
#pragma HLS dependence variable=val inter false
^
c:/TFG_Vivado/vivado/axu2cga_trd.gen/sources_1/bd/design_1/ip/design_1_v_frmbuf_wr_1_0/src/hls/hls_video_mem.h:641:1: warning: HLS pragma dump _XLX_SEP_ PragmaIsValid=1_XLX_SEP_ PragmaType=dependence_XLX_SEP_ PragmaContext=hls_XLX_SEP_ PragmaFunction=LineBuffer<ROWS, COLS, type-parameter-0-2, 0>_XLX_SEP_ PragmaOptions=variable=val intra false_XLX_SEP_ [-Wdump-hls-pragmas]
#pragma HLS dependence variable=val intra false
^
c:/TFG_Vivado/vivado/axu2cga_trd.gen/sources_1/bd/design_1/ip/design_1_v_frmbuf_wr_1_0/src/hls/hls_video_mem.h:692:1: warning: HLS pragma dump _XLX_SEP_ PragmaIsValid=1_XLX_SEP_ PragmaType=inline_XLX_SEP_ PragmaContext=hls_XLX_SEP_ PragmaFunction=shift_pixels_down_XLX_SEP_ PragmaOptions=_XLX_SEP_ [-Wdump-hls-pragmas]
#pragma HLS inline
^
c:/TFG_Vivado/vivado/axu2cga_trd.gen/sources_1/bd/design_1/ip/design_1_v_frmbuf_wr_1_0/src/hls/hls_video_mem.h:703:1: warning: HLS pragma dump _XLX_SEP_ PragmaIsValid=1_XLX_SEP_ PragmaType=unroll_XLX_SEP_ PragmaContext=hls_XLX_SEP_ PragmaFunction=shift_pixels_down_XLX_SEP_ PragmaOptions=_XLX_SEP_ [-Wdump-hls-pragmas]
#pragma HLS unroll
^
c:/TFG_Vivado/vivado/axu2cga_trd.gen/sources_1/bd/design_1/ip/design_1_v_frmbuf_wr_1_0/src/hls/hls_video_mem.h:732:1: warning: HLS pragma dump _XLX_SEP_ PragmaIsValid=1_XLX_SEP_ PragmaType=inline_XLX_SEP_ PragmaContext=hls_XLX_SEP_ PragmaFunction=shift_pixels_up_XLX_SEP_ PragmaOptions=_XLX_SEP_ [-Wdump-hls-pragmas]
#pragma HLS inline
^
c:/TFG_Vivado/vivado/axu2cga_trd.gen/sources_1/bd/design_1/ip/design_1_v_frmbuf_wr_1_0/src/hls/hls_video_mem.h:743:1: warning: HLS pragma dump _XLX_SEP_ PragmaIsValid=1_XLX_SEP_ PragmaType=unroll_XLX_SEP_ PragmaContext=hls_XLX_SEP_ PragmaFunction=shift_pixels_up_XLX_SEP_ PragmaOptions=_XLX_SEP_ [-Wdump-hls-pragmas]
#pragma HLS unroll
^
c:/TFG_Vivado/vivado/axu2cga_trd.gen/sources_1/bd/design_1/ip/design_1_v_frmbuf_wr_1_0/src/hls/hls_video_mem.h:771:1: warning: HLS pragma dump _XLX_SEP_ PragmaIsValid=1_XLX_SEP_ PragmaType=inline_XLX_SEP_ PragmaContext=hls_XLX_SEP_ PragmaFunction=insert_bottom_row_XLX_SEP_ PragmaOptions=_XLX_SEP_ [-Wdump-hls-pragmas]
#pragma HLS inline
^
c:/TFG_Vivado/vivado/axu2cga_trd.gen/sources_1/bd/design_1/ip/design_1_v_frmbuf_wr_1_0/src/hls/hls_video_mem.h:803:1: warning: HLS pragma dump _XLX_SEP_ PragmaIsValid=1_XLX_SEP_ PragmaType=inline_XLX_SEP_ PragmaContext=hls_XLX_SEP_ PragmaFunction=insert_top_row_XLX_SEP_ PragmaOptions=_XLX_SEP_ [-Wdump-hls-pragmas]
#pragma HLS inline
^
c:/TFG_Vivado/vivado/axu2cga_trd.gen/sources_1/bd/design_1/ip/design_1_v_frmbuf_wr_1_0/src/hls/hls_video_mem.h:835:1: warning: HLS pragma dump _XLX_SEP_ PragmaIsValid=1_XLX_SEP_ PragmaType=inline_XLX_SEP_ PragmaContext=hls_XLX_SEP_ PragmaFunction=get_col_XLX_SEP_ PragmaOptions=_XLX_SEP_ [-Wdump-hls-pragmas]
#pragma HLS inline
^
c:/TFG_Vivado/vivado/axu2cga_trd.gen/sources_1/bd/design_1/ip/design_1_v_frmbuf_wr_1_0/src/hls/hls_video_mem.h:839:1: warning: HLS pragma dump _XLX_SEP_ PragmaIsValid=1_XLX_SEP_ PragmaType=unroll_XLX_SEP_ PragmaContext=hls_XLX_SEP_ PragmaFunction=get_col_XLX_SEP_ PragmaOptions=_XLX_SEP_ [-Wdump-hls-pragmas]
#pragma HLS unroll
^
c:/TFG_Vivado/vivado/axu2cga_trd.gen/sources_1/bd/design_1/ip/design_1_v_frmbuf_wr_1_0/src/hls/hls_video_mem.h:848:1: warning: HLS pragma dump _XLX_SEP_ PragmaIsValid=1_XLX_SEP_ PragmaType=inline_XLX_SEP_ PragmaContext=hls_XLX_SEP_ PragmaFunction=getval_XLX_SEP_ PragmaOptions=_XLX_SEP_ [-Wdump-hls-pragmas]
#pragma HLS inline
^
c:/TFG_Vivado/vivado/axu2cga_trd.gen/sources_1/bd/design_1/ip/design_1_v_frmbuf_wr_1_0/src/hls/hls_video_mem.h:857:1: warning: HLS pragma dump _XLX_SEP_ PragmaIsValid=1_XLX_SEP_ PragmaType=inline_XLX_SEP_ PragmaContext=hls_XLX_SEP_ PragmaFunction=operator()_XLX_SEP_ PragmaOptions=_XLX_SEP_ [-Wdump-hls-pragmas]
#pragma HLS inline
^
c:/TFG_Vivado/vivado/axu2cga_trd.gen/sources_1/bd/design_1/ip/design_1_v_frmbuf_wr_1_0/src/hls/hls_video_mem.h:867:1: warning: HLS pragma dump _XLX_SEP_ PragmaIsValid=1_XLX_SEP_ PragmaType=inline_XLX_SEP_ PragmaContext=hls_XLX_SEP_ PragmaFunction=shift_down_XLX_SEP_ PragmaOptions=_XLX_SEP_ [-Wdump-hls-pragmas]
#pragma HLS inline
^
c:/TFG_Vivado/vivado/axu2cga_trd.gen/sources_1/bd/design_1/ip/design_1_v_frmbuf_wr_1_0/src/hls/hls_video_mem.h:877:1: warning: HLS pragma dump _XLX_SEP_ PragmaIsValid=1_XLX_SEP_ PragmaType=inline_XLX_SEP_ PragmaContext=hls_XLX_SEP_ PragmaFunction=shift_up_XLX_SEP_ PragmaOptions=_XLX_SEP_ [-Wdump-hls-pragmas]
#pragma HLS inline
^
c:/TFG_Vivado/vivado/axu2cga_trd.gen/sources_1/bd/design_1/ip/design_1_v_frmbuf_wr_1_0/src/hls/hls_video_mem.h:887:1: warning: HLS pragma dump _XLX_SEP_ PragmaIsValid=1_XLX_SEP_ PragmaType=inline_XLX_SEP_ PragmaContext=hls_XLX_SEP_ PragmaFunction=insert_bottom_XLX_SEP_ PragmaOptions=_XLX_SEP_ [-Wdump-hls-pragmas]
#pragma HLS inline
^
c:/TFG_Vivado/vivado/axu2cga_trd.gen/sources_1/bd/design_1/ip/design_1_v_frmbuf_wr_1_0/src/hls/hls_video_mem.h:897:1: warning: HLS pragma dump _XLX_SEP_ PragmaIsValid=1_XLX_SEP_ PragmaType=inline_XLX_SEP_ PragmaContext=hls_XLX_SEP_ PragmaFunction=insert_top_XLX_SEP_ PragmaOptions=_XLX_SEP_ [-Wdump-hls-pragmas]
#pragma HLS inline
^
c:/TFG_Vivado/vivado/axu2cga_trd.gen/sources_1/bd/design_1/ip/design_1_v_frmbuf_wr_1_0/src/hls/hls_video_mem.h:926:1: warning: HLS pragma dump _XLX_SEP_ PragmaIsValid=1_XLX_SEP_ PragmaType=array_reshape_XLX_SEP_ PragmaContext=hls_XLX_SEP_ PragmaFunction=LineBuffer<ROWS, COLS, type-parameter-0-2, 1>_XLX_SEP_ PragmaOptions=variable=val dim=1_XLX_SEP_ [-Wdump-hls-pragmas]
#pragma HLS array_reshape variable=val dim=1
^
c:/TFG_Vivado/vivado/axu2cga_trd.gen/sources_1/bd/design_1/ip/design_1_v_frmbuf_wr_1_0/src/hls/hls_video_mem.h:927:1: warning: HLS pragma dump _XLX_SEP_ PragmaIsValid=1_XLX_SEP_ PragmaType=dependence_XLX_SEP_ PragmaContext=hls_XLX_SEP_ PragmaFunction=LineBuffer<ROWS, COLS, type-parameter-0-2, 1>_XLX_SEP_ PragmaOptions=variable=val inter false_XLX_SEP_ [-Wdump-hls-pragmas]
#pragma HLS dependence variable=val inter false
^
c:/TFG_Vivado/vivado/axu2cga_trd.gen/sources_1/bd/design_1/ip/design_1_v_frmbuf_wr_1_0/src/hls/hls_video_mem.h:928:1: warning: HLS pragma dump _XLX_SEP_ PragmaIsValid=1_XLX_SEP_ PragmaType=dependence_XLX_SEP_ PragmaContext=hls_XLX_SEP_ PragmaFunction=LineBuffer<ROWS, COLS, type-parameter-0-2, 1>_XLX_SEP_ PragmaOptions=variable=val intra false_XLX_SEP_ [-Wdump-hls-pragmas]
#pragma HLS dependence variable=val intra false
^
c:/TFG_Vivado/vivado/axu2cga_trd.gen/sources_1/bd/design_1/ip/design_1_v_frmbuf_wr_1_0/src/hls/hls_video_mem.h:980:1: warning: HLS pragma dump _XLX_SEP_ PragmaIsValid=1_XLX_SEP_ PragmaType=inline_XLX_SEP_ PragmaContext=hls_XLX_SEP_ PragmaFunction=shift_pixels_down_XLX_SEP_ PragmaOptions=_XLX_SEP_ [-Wdump-hls-pragmas]
#pragma HLS inline
^
c:/TFG_Vivado/vivado/axu2cga_trd.gen/sources_1/bd/design_1/ip/design_1_v_frmbuf_wr_1_0/src/hls/hls_video_mem.h:991:1: warning: HLS pragma dump _XLX_SEP_ PragmaIsValid=1_XLX_SEP_ PragmaType=unroll_XLX_SEP_ PragmaContext=hls_XLX_SEP_ PragmaFunction=shift_pixels_down_XLX_SEP_ PragmaOptions=_XLX_SEP_ [-Wdump-hls-pragmas]
#pragma HLS unroll
^
c:/TFG_Vivado/vivado/axu2cga_trd.gen/sources_1/bd/design_1/ip/design_1_v_frmbuf_wr_1_0/src/hls/hls_video_mem.h:1020:1: warning: HLS pragma dump _XLX_SEP_ PragmaIsValid=1_XLX_SEP_ PragmaType=inline_XLX_SEP_ PragmaContext=hls_XLX_SEP_ PragmaFunction=shift_pixels_up_XLX_SEP_ PragmaOptions=_XLX_SEP_ [-Wdump-hls-pragmas]
#pragma HLS inline
^
c:/TFG_Vivado/vivado/axu2cga_trd.gen/sources_1/bd/design_1/ip/design_1_v_frmbuf_wr_1_0/src/hls/hls_video_mem.h:1031:1: warning: HLS pragma dump _XLX_SEP_ PragmaIsValid=1_XLX_SEP_ PragmaType=unroll_XLX_SEP_ PragmaContext=hls_XLX_SEP_ PragmaFunction=shift_pixels_up_XLX_SEP_ PragmaOptions=_XLX_SEP_ [-Wdump-hls-pragmas]
#pragma HLS unroll
^
c:/TFG_Vivado/vivado/axu2cga_trd.gen/sources_1/bd/design_1/ip/design_1_v_frmbuf_wr_1_0/src/hls/hls_video_mem.h:1059:1: warning: HLS pragma dump _XLX_SEP_ PragmaIsValid=1_XLX_SEP_ PragmaType=inline_XLX_SEP_ PragmaContext=hls_XLX_SEP_ PragmaFunction=insert_bottom_row_XLX_SEP_ PragmaOptions=_XLX_SEP_ [-Wdump-hls-pragmas]
#pragma HLS inline
^
c:/TFG_Vivado/vivado/axu2cga_trd.gen/sources_1/bd/design_1/ip/design_1_v_frmbuf_wr_1_0/src/hls/hls_video_mem.h:1091:1: warning: HLS pragma dump _XLX_SEP_ PragmaIsValid=1_XLX_SEP_ PragmaType=inline_XLX_SEP_ PragmaContext=hls_XLX_SEP_ PragmaFunction=insert_top_row_XLX_SEP_ PragmaOptions=_XLX_SEP_ [-Wdump-hls-pragmas]
#pragma HLS inline
^
c:/TFG_Vivado/vivado/axu2cga_trd.gen/sources_1/bd/design_1/ip/design_1_v_frmbuf_wr_1_0/src/hls/hls_video_mem.h:1123:1: warning: HLS pragma dump _XLX_SEP_ PragmaIsValid=1_XLX_SEP_ PragmaType=inline_XLX_SEP_ PragmaContext=hls_XLX_SEP_ PragmaFunction=get_col_XLX_SEP_ PragmaOptions=_XLX_SEP_ [-Wdump-hls-pragmas]
#pragma HLS inline
^
c:/TFG_Vivado/vivado/axu2cga_trd.gen/sources_1/bd/design_1/ip/design_1_v_frmbuf_wr_1_0/src/hls/hls_video_mem.h:1127:1: warning: HLS pragma dump _XLX_SEP_ PragmaIsValid=1_XLX_SEP_ PragmaType=unroll_XLX_SEP_ PragmaContext=hls_XLX_SEP_ PragmaFunction=get_col_XLX_SEP_ PragmaOptions=_XLX_SEP_ [-Wdump-hls-pragmas]
#pragma HLS unroll
^
c:/TFG_Vivado/vivado/axu2cga_trd.gen/sources_1/bd/design_1/ip/design_1_v_frmbuf_wr_1_0/src/hls/hls_video_mem.h:1136:1: warning: HLS pragma dump _XLX_SEP_ PragmaIsValid=1_XLX_SEP_ PragmaType=inline_XLX_SEP_ PragmaContext=hls_XLX_SEP_ PragmaFunction=getval_XLX_SEP_ PragmaOptions=_XLX_SEP_ [-Wdump-hls-pragmas]
#pragma HLS inline
^
c:/TFG_Vivado/vivado/axu2cga_trd.gen/sources_1/bd/design_1/ip/design_1_v_frmbuf_wr_1_0/src/hls/hls_video_mem.h:1145:1: warning: HLS pragma dump _XLX_SEP_ PragmaIsValid=1_XLX_SEP_ PragmaType=inline_XLX_SEP_ PragmaContext=hls_XLX_SEP_ PragmaFunction=operator()_XLX_SEP_ PragmaOptions=_XLX_SEP_ [-Wdump-hls-pragmas]
#pragma HLS inline
^
c:/TFG_Vivado/vivado/axu2cga_trd.gen/sources_1/bd/design_1/ip/design_1_v_frmbuf_wr_1_0/src/hls/hls_video_mem.h:1155:1: warning: HLS pragma dump _XLX_SEP_ PragmaIsValid=1_XLX_SEP_ PragmaType=inline_XLX_SEP_ PragmaContext=hls_XLX_SEP_ PragmaFunction=shift_down_XLX_SEP_ PragmaOptions=_XLX_SEP_ [-Wdump-hls-pragmas]
#pragma HLS inline
^
c:/TFG_Vivado/vivado/axu2cga_trd.gen/sources_1/bd/design_1/ip/design_1_v_frmbuf_wr_1_0/src/hls/hls_video_mem.h:1165:1: warning: HLS pragma dump _XLX_SEP_ PragmaIsValid=1_XLX_SEP_ PragmaType=inline_XLX_SEP_ PragmaContext=hls_XLX_SEP_ PragmaFunction=shift_up_XLX_SEP_ PragmaOptions=_XLX_SEP_ [-Wdump-hls-pragmas]
#pragma HLS inline
^
c:/TFG_Vivado/vivado/axu2cga_trd.gen/sources_1/bd/design_1/ip/design_1_v_frmbuf_wr_1_0/src/hls/hls_video_mem.h:1175:1: warning: HLS pragma dump _XLX_SEP_ PragmaIsValid=1_XLX_SEP_ PragmaType=inline_XLX_SEP_ PragmaContext=hls_XLX_SEP_ PragmaFunction=insert_bottom_XLX_SEP_ PragmaOptions=_XLX_SEP_ [-Wdump-hls-pragmas]
#pragma HLS inline
^
c:/TFG_Vivado/vivado/axu2cga_trd.gen/sources_1/bd/design_1/ip/design_1_v_frmbuf_wr_1_0/src/hls/hls_video_mem.h:1185:1: warning: HLS pragma dump _XLX_SEP_ PragmaIsValid=1_XLX_SEP_ PragmaType=inline_XLX_SEP_ PragmaContext=hls_XLX_SEP_ PragmaFunction=insert_top_XLX_SEP_ PragmaOptions=_XLX_SEP_ [-Wdump-hls-pragmas]
#pragma HLS inline
^
In file included from C:/TFG_Vivado/vivado/axu2cga_trd.runs/design_1_v_frmbuf_wr_1_0_synth_1/prj/sol/.autopilot/db/v_frmbuf_wr.cpp:51:
In file included from c:/TFG_Vivado/vivado/axu2cga_trd.gen/sources_1/bd/design_1/ip/design_1_v_frmbuf_wr_1_0/src\v_frmbuf_wr.h:49:
In file included from c:/TFG_Vivado/vivado/axu2cga_trd.gen/sources_1/bd/design_1/ip/design_1_v_frmbuf_wr_1_0/src/hls_video.h:72:
c:/TFG_Vivado/vivado/axu2cga_trd.gen/sources_1/bd/design_1/ip/design_1_v_frmbuf_wr_1_0/src/hls/hls_video_core.h:197:1: warning: HLS pragma dump _XLX_SEP_ PragmaIsValid=1_XLX_SEP_ PragmaType=inline_XLX_SEP_ PragmaContext=hls_XLX_SEP_ PragmaFunction=Scalar<N, T>_XLX_SEP_ PragmaOptions=_XLX_SEP_ [-Wdump-hls-pragmas]
#pragma HLS inline
^
c:/TFG_Vivado/vivado/axu2cga_trd.gen/sources_1/bd/design_1/ip/design_1_v_frmbuf_wr_1_0/src/hls/hls_video_core.h:198:1: warning: HLS pragma dump _XLX_SEP_ PragmaIsValid=1_XLX_SEP_ PragmaType=array_partition_XLX_SEP_ PragmaContext=hls_XLX_SEP_ PragmaFunction=Scalar<N, T>_XLX_SEP_ PragmaOptions=variable=val dim=1 complete_XLX_SEP_ [-Wdump-hls-pragmas]
#pragma HLS ARRAY_PARTITION variable=val dim=1 complete
^
c:/TFG_Vivado/vivado/axu2cga_trd.gen/sources_1/bd/design_1/ip/design_1_v_frmbuf_wr_1_0/src/hls/hls_video_core.h:202:1: warning: HLS pragma dump _XLX_SEP_ PragmaIsValid=1_XLX_SEP_ PragmaType=inline_XLX_SEP_ PragmaContext=hls_XLX_SEP_ PragmaFunction=Scalar<N, T>_XLX_SEP_ PragmaOptions=_XLX_SEP_ [-Wdump-hls-pragmas]
#pragma HLS inline
^
c:/TFG_Vivado/vivado/axu2cga_trd.gen/sources_1/bd/design_1/ip/design_1_v_frmbuf_wr_1_0/src/hls/hls_video_core.h:203:1: warning: HLS pragma dump _XLX_SEP_ PragmaIsValid=1_XLX_SEP_ PragmaType=array_partition_XLX_SEP_ PragmaContext=hls_XLX_SEP_ PragmaFunction=Scalar<N, T>_XLX_SEP_ PragmaOptions=variable=val dim=1 complete_XLX_SEP_ [-Wdump-hls-pragmas]
#pragma HLS ARRAY_PARTITION variable=val dim=1 complete
^
c:/TFG_Vivado/vivado/axu2cga_trd.gen/sources_1/bd/design_1/ip/design_1_v_frmbuf_wr_1_0/src/hls/hls_video_core.h:208:1: warning: HLS pragma dump _XLX_SEP_ PragmaIsValid=1_XLX_SEP_ PragmaType=inline_XLX_SEP_ PragmaContext=hls_XLX_SEP_ PragmaFunction=Scalar<N, T>_XLX_SEP_ PragmaOptions=_XLX_SEP_ [-Wdump-hls-pragmas]
#pragma HLS inline
^
c:/TFG_Vivado/vivado/axu2cga_trd.gen/sources_1/bd/design_1/ip/design_1_v_frmbuf_wr_1_0/src/hls/hls_video_core.h:209:1: warning: HLS pragma dump _XLX_SEP_ PragmaIsValid=1_XLX_SEP_ PragmaType=array_partition_XLX_SEP_ PragmaContext=hls_XLX_SEP_ PragmaFunction=Scalar<N, T>_XLX_SEP_ PragmaOptions=variable=val dim=1 complete_XLX_SEP_ [-Wdump-hls-pragmas]
#pragma HLS ARRAY_PARTITION variable=val dim=1 complete
^
c:/TFG_Vivado/vivado/axu2cga_trd.gen/sources_1/bd/design_1/ip/design_1_v_frmbuf_wr_1_0/src/hls/hls_video_core.h:214:1: warning: HLS pragma dump _XLX_SEP_ PragmaIsValid=1_XLX_SEP_ PragmaType=inline_XLX_SEP_ PragmaContext=hls_XLX_SEP_ PragmaFunction=Scalar<N, T>_XLX_SEP_ PragmaOptions=_XLX_SEP_ [-Wdump-hls-pragmas]
#pragma HLS inline
^
c:/TFG_Vivado/vivado/axu2cga_trd.gen/sources_1/bd/design_1/ip/design_1_v_frmbuf_wr_1_0/src/hls/hls_video_core.h:215:1: warning: HLS pragma dump _XLX_SEP_ PragmaIsValid=1_XLX_SEP_ PragmaType=array_partition_XLX_SEP_ PragmaContext=hls_XLX_SEP_ PragmaFunction=Scalar<N, T>_XLX_SEP_ PragmaOptions=variable=val dim=1 complete_XLX_SEP_ [-Wdump-hls-pragmas]
#pragma HLS ARRAY_PARTITION variable=val dim=1 complete
^
c:/TFG_Vivado/vivado/axu2cga_trd.gen/sources_1/bd/design_1/ip/design_1_v_frmbuf_wr_1_0/src/hls/hls_video_core.h:220:1: warning: HLS pragma dump _XLX_SEP_ PragmaIsValid=1_XLX_SEP_ PragmaType=inline_XLX_SEP_ PragmaContext=hls_XLX_SEP_ PragmaFunction=Scalar<N, T>_XLX_SEP_ PragmaOptions=_XLX_SEP_ [-Wdump-hls-pragmas]
#pragma HLS inline
^
c:/TFG_Vivado/vivado/axu2cga_trd.gen/sources_1/bd/design_1/ip/design_1_v_frmbuf_wr_1_0/src/hls/hls_video_core.h:221:1: warning: HLS pragma dump _XLX_SEP_ PragmaIsValid=1_XLX_SEP_ PragmaType=array_partition_XLX_SEP_ PragmaContext=hls_XLX_SEP_ PragmaFunction=Scalar<N, T>_XLX_SEP_ PragmaOptions=variable=val dim=1 complete_XLX_SEP_ [-Wdump-hls-pragmas]
#pragma HLS ARRAY_PARTITION variable=val dim=1 complete
^
c:/TFG_Vivado/vivado/axu2cga_trd.gen/sources_1/bd/design_1/ip/design_1_v_frmbuf_wr_1_0/src/hls/hls_video_core.h:231:1: warning: HLS pragma dump _XLX_SEP_ PragmaIsValid=1_XLX_SEP_ PragmaType=inline_XLX_SEP_ PragmaContext=hls_XLX_SEP_ PragmaFunction=operator=_XLX_SEP_ PragmaOptions=_XLX_SEP_ [-Wdump-hls-pragmas]
#pragma HLS inline
^
c:/TFG_Vivado/vivado/axu2cga_trd.gen/sources_1/bd/design_1/ip/design_1_v_frmbuf_wr_1_0/src/hls/hls_video_core.h:233:1: warning: HLS pragma dump _XLX_SEP_ PragmaIsValid=1_XLX_SEP_ PragmaType=unroll_XLX_SEP_ PragmaContext=hls_XLX_SEP_ PragmaFunction=operator=_XLX_SEP_ PragmaOptions=_XLX_SEP_ [-Wdump-hls-pragmas]
#pragma HLS unroll
^
c:/TFG_Vivado/vivado/axu2cga_trd.gen/sources_1/bd/design_1/ip/design_1_v_frmbuf_wr_1_0/src/hls/hls_video_core.h:252:1: warning: HLS pragma dump _XLX_SEP_ PragmaIsValid=1_XLX_SEP_ PragmaType=inline_XLX_SEP_ PragmaContext=hls_XLX_SEP_ PragmaFunction=operator=_XLX_SEP_ PragmaOptions=_XLX_SEP_ [-Wdump-hls-pragmas]
#pragma HLS inline
^
c:/TFG_Vivado/vivado/axu2cga_trd.gen/sources_1/bd/design_1/ip/design_1_v_frmbuf_wr_1_0/src/hls/hls_video_core.h:254:1: warning: HLS pragma dump _XLX_SEP_ PragmaIsValid=1_XLX_SEP_ PragmaType=unroll_XLX_SEP_ PragmaContext=hls_XLX_SEP_ PragmaFunction=operator=_XLX_SEP_ PragmaOptions=_XLX_SEP_ [-Wdump-hls-pragmas]
#pragma HLS unroll
^
c:/TFG_Vivado/vivado/axu2cga_trd.gen/sources_1/bd/design_1/ip/design_1_v_frmbuf_wr_1_0/src/hls/hls_video_core.h:261:1: warning: HLS pragma dump _XLX_SEP_ PragmaIsValid=1_XLX_SEP_ PragmaType=inline_XLX_SEP_ PragmaContext=hls_XLX_SEP_ PragmaFunction=operator+_XLX_SEP_ PragmaOptions=_XLX_SEP_ [-Wdump-hls-pragmas]
#pragma HLS inline
^
c:/TFG_Vivado/vivado/axu2cga_trd.gen/sources_1/bd/design_1/ip/design_1_v_frmbuf_wr_1_0/src/hls/hls_video_core.h:264:1: warning: HLS pragma dump _XLX_SEP_ PragmaIsValid=1_XLX_SEP_ PragmaType=unroll_XLX_SEP_ PragmaContext=hls_XLX_SEP_ PragmaFunction=operator+_XLX_SEP_ PragmaOptions=_XLX_SEP_ [-Wdump-hls-pragmas]
#pragma HLS unroll
^
c:/TFG_Vivado/vivado/axu2cga_trd.gen/sources_1/bd/design_1/ip/design_1_v_frmbuf_wr_1_0/src/hls/hls_video_core.h:272:1: warning: HLS pragma dump _XLX_SEP_ PragmaIsValid=1_XLX_SEP_ PragmaType=inline_XLX_SEP_ PragmaContext=hls_XLX_SEP_ PragmaFunction=operator+_XLX_SEP_ PragmaOptions=_XLX_SEP_ [-Wdump-hls-pragmas]
#pragma HLS inline
^
c:/TFG_Vivado/vivado/axu2cga_trd.gen/sources_1/bd/design_1/ip/design_1_v_frmbuf_wr_1_0/src/hls/hls_video_core.h:275:1: warning: HLS pragma dump _XLX_SEP_ PragmaIsValid=1_XLX_SEP_ PragmaType=unroll_XLX_SEP_ PragmaContext=hls_XLX_SEP_ PragmaFunction=operator+_XLX_SEP_ PragmaOptions=_XLX_SEP_ [-Wdump-hls-pragmas]
#pragma HLS unroll
^
c:/TFG_Vivado/vivado/axu2cga_trd.gen/sources_1/bd/design_1/ip/design_1_v_frmbuf_wr_1_0/src/hls/hls_video_core.h:283:1: warning: HLS pragma dump _XLX_SEP_ PragmaIsValid=1_XLX_SEP_ PragmaType=inline_XLX_SEP_ PragmaContext=hls_XLX_SEP_ PragmaFunction=operator-_XLX_SEP_ PragmaOptions=_XLX_SEP_ [-Wdump-hls-pragmas]
#pragma HLS inline
^
c:/TFG_Vivado/vivado/axu2cga_trd.gen/sources_1/bd/design_1/ip/design_1_v_frmbuf_wr_1_0/src/hls/hls_video_core.h:286:1: warning: HLS pragma dump _XLX_SEP_ PragmaIsValid=1_XLX_SEP_ PragmaType=unroll_XLX_SEP_ PragmaContext=hls_XLX_SEP_ PragmaFunction=operator-_XLX_SEP_ PragmaOptions=_XLX_SEP_ [-Wdump-hls-pragmas]
#pragma HLS unroll
^
c:/TFG_Vivado/vivado/axu2cga_trd.gen/sources_1/bd/design_1/ip/design_1_v_frmbuf_wr_1_0/src/hls/hls_video_core.h:294:1: warning: HLS pragma dump _XLX_SEP_ PragmaIsValid=1_XLX_SEP_ PragmaType=inline_XLX_SEP_ PragmaContext=hls_XLX_SEP_ PragmaFunction=operator-_XLX_SEP_ PragmaOptions=_XLX_SEP_ [-Wdump-hls-pragmas]
#pragma HLS inline
^
c:/TFG_Vivado/vivado/axu2cga_trd.gen/sources_1/bd/design_1/ip/design_1_v_frmbuf_wr_1_0/src/hls/hls_video_core.h:297:1: warning: HLS pragma dump _XLX_SEP_ PragmaIsValid=1_XLX_SEP_ PragmaType=unroll_XLX_SEP_ PragmaContext=hls_XLX_SEP_ PragmaFunction=operator-_XLX_SEP_ PragmaOptions=_XLX_SEP_ [-Wdump-hls-pragmas]
#pragma HLS unroll
^
c:/TFG_Vivado/vivado/axu2cga_trd.gen/sources_1/bd/design_1/ip/design_1_v_frmbuf_wr_1_0/src/hls/hls_video_core.h:306:1: warning: HLS pragma dump _XLX_SEP_ PragmaIsValid=1_XLX_SEP_ PragmaType=inline_XLX_SEP_ PragmaContext=hls_XLX_SEP_ PragmaFunction=operator*_XLX_SEP_ PragmaOptions=_XLX_SEP_ [-Wdump-hls-pragmas]
#pragma HLS inline
^
c:/TFG_Vivado/vivado/axu2cga_trd.gen/sources_1/bd/design_1/ip/design_1_v_frmbuf_wr_1_0/src/hls/hls_video_core.h:309:1: warning: HLS pragma dump _XLX_SEP_ PragmaIsValid=1_XLX_SEP_ PragmaType=unroll_XLX_SEP_ PragmaContext=hls_XLX_SEP_ PragmaFunction=operator*_XLX_SEP_ PragmaOptions=_XLX_SEP_ [-Wdump-hls-pragmas]
#pragma HLS unroll
^
c:/TFG_Vivado/vivado/axu2cga_trd.gen/sources_1/bd/design_1/ip/design_1_v_frmbuf_wr_1_0/src/hls/hls_video_core.h:317:1: warning: HLS pragma dump _XLX_SEP_ PragmaIsValid=1_XLX_SEP_ PragmaType=inline_XLX_SEP_ PragmaContext=hls_XLX_SEP_ PragmaFunction=operator*_XLX_SEP_ PragmaOptions=_XLX_SEP_ [-Wdump-hls-pragmas]
#pragma HLS inline
^
c:/TFG_Vivado/vivado/axu2cga_trd.gen/sources_1/bd/design_1/ip/design_1_v_frmbuf_wr_1_0/src/hls/hls_video_core.h:320:1: warning: HLS pragma dump _XLX_SEP_ PragmaIsValid=1_XLX_SEP_ PragmaType=unroll_XLX_SEP_ PragmaContext=hls_XLX_SEP_ PragmaFunction=operator*_XLX_SEP_ PragmaOptions=_XLX_SEP_ [-Wdump-hls-pragmas]
#pragma HLS unroll
^
c:/TFG_Vivado/vivado/axu2cga_trd.gen/sources_1/bd/design_1/ip/design_1_v_frmbuf_wr_1_0/src/hls/hls_video_core.h:329:1: warning: HLS pragma dump _XLX_SEP_ PragmaIsValid=1_XLX_SEP_ PragmaType=inline_XLX_SEP_ PragmaContext=hls_XLX_SEP_ PragmaFunction=operator/_XLX_SEP_ PragmaOptions=_XLX_SEP_ [-Wdump-hls-pragmas]
#pragma HLS inline
^
c:/TFG_Vivado/vivado/axu2cga_trd.gen/sources_1/bd/design_1/ip/design_1_v_frmbuf_wr_1_0/src/hls/hls_video_core.h:332:1: warning: HLS pragma dump _XLX_SEP_ PragmaIsValid=1_XLX_SEP_ PragmaType=unroll_XLX_SEP_ PragmaContext=hls_XLX_SEP_ PragmaFunction=operator/_XLX_SEP_ PragmaOptions=_XLX_SEP_ [-Wdump-hls-pragmas]
#pragma HLS unroll
^
c:/TFG_Vivado/vivado/axu2cga_trd.gen/sources_1/bd/design_1/ip/design_1_v_frmbuf_wr_1_0/src/hls/hls_video_core.h:340:1: warning: HLS pragma dump _XLX_SEP_ PragmaIsValid=1_XLX_SEP_ PragmaType=inline_XLX_SEP_ PragmaContext=hls_XLX_SEP_ PragmaFunction=operator/_XLX_SEP_ PragmaOptions=_XLX_SEP_ [-Wdump-hls-pragmas]
#pragma HLS inline
^
c:/TFG_Vivado/vivado/axu2cga_trd.gen/sources_1/bd/design_1/ip/design_1_v_frmbuf_wr_1_0/src/hls/hls_video_core.h:343:1: warning: HLS pragma dump _XLX_SEP_ PragmaIsValid=1_XLX_SEP_ PragmaType=unroll_XLX_SEP_ PragmaContext=hls_XLX_SEP_ PragmaFunction=operator/_XLX_SEP_ PragmaOptions=_XLX_SEP_ [-Wdump-hls-pragmas]
#pragma HLS unroll
^
c:/TFG_Vivado/vivado/axu2cga_trd.gen/sources_1/bd/design_1/ip/design_1_v_frmbuf_wr_1_0/src/hls/hls_video_core.h:355:1: warning: HLS pragma dump _XLX_SEP_ PragmaIsValid=1_XLX_SEP_ PragmaType=inline_XLX_SEP_ PragmaContext=hls_XLX_SEP_ PragmaFunction=Scalar_to_yuv422_8_XLX_SEP_ PragmaOptions=_XLX_SEP_ [-Wdump-hls-pragmas]
#pragma HLS inline
^
c:/TFG_Vivado/vivado/axu2cga_trd.gen/sources_1/bd/design_1/ip/design_1_v_frmbuf_wr_1_0/src/hls/hls_video_core.h:363:1: warning: HLS pragma dump _XLX_SEP_ PragmaIsValid=1_XLX_SEP_ PragmaType=inline_XLX_SEP_ PragmaContext=hls_XLX_SEP_ PragmaFunction=yuv422_8_to_Scalar_XLX_SEP_ PragmaOptions=_XLX_SEP_ [-Wdump-hls-pragmas]
#pragma HLS inline
^
c:/TFG_Vivado/vivado/axu2cga_trd.gen/sources_1/bd/design_1/ip/design_1_v_frmbuf_wr_1_0/src/hls/hls_video_core.h:373:1: warning: HLS pragma dump _XLX_SEP_ PragmaIsValid=1_XLX_SEP_ PragmaType=inline_XLX_SEP_ PragmaContext=hls_XLX_SEP_ PragmaFunction=Scalar_to_yuv444_8_XLX_SEP_ PragmaOptions=_XLX_SEP_ [-Wdump-hls-pragmas]
#pragma HLS inline
^
c:/TFG_Vivado/vivado/axu2cga_trd.gen/sources_1/bd/design_1/ip/design_1_v_frmbuf_wr_1_0/src/hls/hls_video_core.h:382:1: warning: HLS pragma dump _XLX_SEP_ PragmaIsValid=1_XLX_SEP_ PragmaType=inline_XLX_SEP_ PragmaContext=hls_XLX_SEP_ PragmaFunction=yuv444_8_to_Scalar_XLX_SEP_ PragmaOptions=_XLX_SEP_ [-Wdump-hls-pragmas]
#pragma HLS inline
^
c:/TFG_Vivado/vivado/axu2cga_trd.gen/sources_1/bd/design_1/ip/design_1_v_frmbuf_wr_1_0/src/hls/hls_video_core.h:393:1: warning: HLS pragma dump _XLX_SEP_ PragmaIsValid=1_XLX_SEP_ PragmaType=inline_XLX_SEP_ PragmaContext=hls_XLX_SEP_ PragmaFunction=Scalar_to_rgb_8_XLX_SEP_ PragmaOptions=_XLX_SEP_ [-Wdump-hls-pragmas]
#pragma HLS inline
^
c:/TFG_Vivado/vivado/axu2cga_trd.gen/sources_1/bd/design_1/ip/design_1_v_frmbuf_wr_1_0/src/hls/hls_video_core.h:402:1: warning: HLS pragma dump _XLX_SEP_ PragmaIsValid=1_XLX_SEP_ PragmaType=inline_XLX_SEP_ PragmaContext=hls_XLX_SEP_ PragmaFunction=rgb_8_to_Scalar_XLX_SEP_ PragmaOptions=_XLX_SEP_ [-Wdump-hls-pragmas]
#pragma HLS inline
^
c:/TFG_Vivado/vivado/axu2cga_trd.gen/sources_1/bd/design_1/ip/design_1_v_frmbuf_wr_1_0/src/hls/hls_video_core.h:413:1: warning: HLS pragma dump _XLX_SEP_ PragmaIsValid=1_XLX_SEP_ PragmaType=inline_XLX_SEP_ PragmaContext=hls_XLX_SEP_ PragmaFunction=Scalar_to_yuva422_8_XLX_SEP_ PragmaOptions=_XLX_SEP_ [-Wdump-hls-pragmas]
#pragma HLS inline
^
c:/TFG_Vivado/vivado/axu2cga_trd.gen/sources_1/bd/design_1/ip/design_1_v_frmbuf_wr_1_0/src/hls/hls_video_core.h:422:1: warning: HLS pragma dump _XLX_SEP_ PragmaIsValid=1_XLX_SEP_ PragmaType=inline_XLX_SEP_ PragmaContext=hls_XLX_SEP_ PragmaFunction=yuva422_8_to_Scalar_XLX_SEP_ PragmaOptions=_XLX_SEP_ [-Wdump-hls-pragmas]
#pragma HLS inline
^
c:/TFG_Vivado/vivado/axu2cga_trd.gen/sources_1/bd/design_1/ip/design_1_v_frmbuf_wr_1_0/src/hls/hls_video_core.h:433:1: warning: HLS pragma dump _XLX_SEP_ PragmaIsValid=1_XLX_SEP_ PragmaType=inline_XLX_SEP_ PragmaContext=hls_XLX_SEP_ PragmaFunction=Scalar_to_yuva444_8_XLX_SEP_ PragmaOptions=_XLX_SEP_ [-Wdump-hls-pragmas]
#pragma HLS inline
^
c:/TFG_Vivado/vivado/axu2cga_trd.gen/sources_1/bd/design_1/ip/design_1_v_frmbuf_wr_1_0/src/hls/hls_video_core.h:443:1: warning: HLS pragma dump _XLX_SEP_ PragmaIsValid=1_XLX_SEP_ PragmaType=inline_XLX_SEP_ PragmaContext=hls_XLX_SEP_ PragmaFunction=yuva444_8_to_Scalar_XLX_SEP_ PragmaOptions=_XLX_SEP_ [-Wdump-hls-pragmas]
#pragma HLS inline
^
c:/TFG_Vivado/vivado/axu2cga_trd.gen/sources_1/bd/design_1/ip/design_1_v_frmbuf_wr_1_0/src/hls/hls_video_core.h:455:1: warning: HLS pragma dump _XLX_SEP_ PragmaIsValid=1_XLX_SEP_ PragmaType=inline_XLX_SEP_ PragmaContext=hls_XLX_SEP_ PragmaFunction=Scalar_to_rgba_8_XLX_SEP_ PragmaOptions=_XLX_SEP_ [-Wdump-hls-pragmas]
#pragma HLS inline
^
c:/TFG_Vivado/vivado/axu2cga_trd.gen/sources_1/bd/design_1/ip/design_1_v_frmbuf_wr_1_0/src/hls/hls_video_core.h:465:1: warning: HLS pragma dump _XLX_SEP_ PragmaIsValid=1_XLX_SEP_ PragmaType=inline_XLX_SEP_ PragmaContext=hls_XLX_SEP_ PragmaFunction=rgba_8_to_Scalar_XLX_SEP_ PragmaOptions=_XLX_SEP_ [-Wdump-hls-pragmas]
#pragma HLS inline
^
c:/TFG_Vivado/vivado/axu2cga_trd.gen/sources_1/bd/design_1/ip/design_1_v_frmbuf_wr_1_0/src/hls/hls_video_core.h:477:1: warning: HLS pragma dump _XLX_SEP_ PragmaIsValid=1_XLX_SEP_ PragmaType=inline_XLX_SEP_ PragmaContext=hls_XLX_SEP_ PragmaFunction=Scalar_to_yuva420_8_XLX_SEP_ PragmaOptions=_XLX_SEP_ [-Wdump-hls-pragmas]
#pragma HLS inline
^
c:/TFG_Vivado/vivado/axu2cga_trd.gen/sources_1/bd/design_1/ip/design_1_v_frmbuf_wr_1_0/src/hls/hls_video_core.h:485:1: warning: HLS pragma dump _XLX_SEP_ PragmaIsValid=1_XLX_SEP_ PragmaType=inline_XLX_SEP_ PragmaContext=hls_XLX_SEP_ PragmaFunction=yuva420_8_to_Scalar_XLX_SEP_ PragmaOptions=_XLX_SEP_ [-Wdump-hls-pragmas]
#pragma HLS inline
^
c:/TFG_Vivado/vivado/axu2cga_trd.gen/sources_1/bd/design_1/ip/design_1_v_frmbuf_wr_1_0/src/hls/hls_video_core.h:495:1: warning: HLS pragma dump _XLX_SEP_ PragmaIsValid=1_XLX_SEP_ PragmaType=inline_XLX_SEP_ PragmaContext=hls_XLX_SEP_ PragmaFunction=Scalar_to_yuvd422_8_XLX_SEP_ PragmaOptions=_XLX_SEP_ [-Wdump-hls-pragmas]
#pragma HLS inline
^
c:/TFG_Vivado/vivado/axu2cga_trd.gen/sources_1/bd/design_1/ip/design_1_v_frmbuf_wr_1_0/src/hls/hls_video_core.h:504:1: warning: HLS pragma dump _XLX_SEP_ PragmaIsValid=1_XLX_SEP_ PragmaType=inline_XLX_SEP_ PragmaContext=hls_XLX_SEP_ PragmaFunction=yuvd422_8_to_Scalar_XLX_SEP_ PragmaOptions=_XLX_SEP_ [-Wdump-hls-pragmas]
#pragma HLS inline
^
c:/TFG_Vivado/vivado/axu2cga_trd.gen/sources_1/bd/design_1/ip/design_1_v_frmbuf_wr_1_0/src/hls/hls_video_core.h:515:1: warning: HLS pragma dump _XLX_SEP_ PragmaIsValid=1_XLX_SEP_ PragmaType=inline_XLX_SEP_ PragmaContext=hls_XLX_SEP_ PragmaFunction=Scalar_to_yuvd444_8_XLX_SEP_ PragmaOptions=_XLX_SEP_ [-Wdump-hls-pragmas]
#pragma HLS inline
^
c:/TFG_Vivado/vivado/axu2cga_trd.gen/sources_1/bd/design_1/ip/design_1_v_frmbuf_wr_1_0/src/hls/hls_video_core.h:525:1: warning: HLS pragma dump _XLX_SEP_ PragmaIsValid=1_XLX_SEP_ PragmaType=inline_XLX_SEP_ PragmaContext=hls_XLX_SEP_ PragmaFunction=yuvd444_8_to_Scalar_XLX_SEP_ PragmaOptions=_XLX_SEP_ [-Wdump-hls-pragmas]
#pragma HLS inline
^
c:/TFG_Vivado/vivado/axu2cga_trd.gen/sources_1/bd/design_1/ip/design_1_v_frmbuf_wr_1_0/src/hls/hls_video_core.h:537:1: warning: HLS pragma dump _XLX_SEP_ PragmaIsValid=1_XLX_SEP_ PragmaType=inline_XLX_SEP_ PragmaContext=hls_XLX_SEP_ PragmaFunction=Scalar_to_rgbd_8_XLX_SEP_ PragmaOptions=_XLX_SEP_ [-Wdump-hls-pragmas]
#pragma HLS inline
^
c:/TFG_Vivado/vivado/axu2cga_trd.gen/sources_1/bd/design_1/ip/design_1_v_frmbuf_wr_1_0/src/hls/hls_video_core.h:547:1: warning: HLS pragma dump _XLX_SEP_ PragmaIsValid=1_XLX_SEP_ PragmaType=inline_XLX_SEP_ PragmaContext=hls_XLX_SEP_ PragmaFunction=rgbd_8_to_Scalar_XLX_SEP_ PragmaOptions=_XLX_SEP_ [-Wdump-hls-pragmas]
#pragma HLS inline
^
c:/TFG_Vivado/vivado/axu2cga_trd.gen/sources_1/bd/design_1/ip/design_1_v_frmbuf_wr_1_0/src/hls/hls_video_core.h:559:1: warning: HLS pragma dump _XLX_SEP_ PragmaIsValid=1_XLX_SEP_ PragmaType=inline_XLX_SEP_ PragmaContext=hls_XLX_SEP_ PragmaFunction=Scalar_to_bayer_8_XLX_SEP_ PragmaOptions=_XLX_SEP_ [-Wdump-hls-pragmas]
#pragma HLS inline
^
c:/TFG_Vivado/vivado/axu2cga_trd.gen/sources_1/bd/design_1/ip/design_1_v_frmbuf_wr_1_0/src/hls/hls_video_core.h:566:1: warning: HLS pragma dump _XLX_SEP_ PragmaIsValid=1_XLX_SEP_ PragmaType=inline_XLX_SEP_ PragmaContext=hls_XLX_SEP_ PragmaFunction=bayer_8_to_Scalar_XLX_SEP_ PragmaOptions=_XLX_SEP_ [-Wdump-hls-pragmas]
#pragma HLS inline
^
c:/TFG_Vivado/vivado/axu2cga_trd.gen/sources_1/bd/design_1/ip/design_1_v_frmbuf_wr_1_0/src/hls/hls_video_core.h:575:1: warning: HLS pragma dump _XLX_SEP_ PragmaIsValid=1_XLX_SEP_ PragmaType=inline_XLX_SEP_ PragmaContext=hls_XLX_SEP_ PragmaFunction=Scalar_to_luma_8_XLX_SEP_ PragmaOptions=_XLX_SEP_ [-Wdump-hls-pragmas]
#pragma HLS inline
^
c:/TFG_Vivado/vivado/axu2cga_trd.gen/sources_1/bd/design_1/ip/design_1_v_frmbuf_wr_1_0/src/hls/hls_video_core.h:582:1: warning: HLS pragma dump _XLX_SEP_ PragmaIsValid=1_XLX_SEP_ PragmaType=inline_XLX_SEP_ PragmaContext=hls_XLX_SEP_ PragmaFunction=luma_8_to_Scalar_XLX_SEP_ PragmaOptions=_XLX_SEP_ [-Wdump-hls-pragmas]
#pragma HLS inline
^
c:/TFG_Vivado/vivado/axu2cga_trd.gen/sources_1/bd/design_1/ip/design_1_v_frmbuf_wr_1_0/src/hls/hls_video_core.h:604:1: warning: HLS pragma dump _XLX_SEP_ PragmaIsValid=1_XLX_SEP_ PragmaType=inline_XLX_SEP_ PragmaContext=hls_XLX_SEP_ PragmaFunction=read_XLX_SEP_ PragmaOptions=_XLX_SEP_ [-Wdump-hls-pragmas]
#pragma HLS inline
^
c:/TFG_Vivado/vivado/axu2cga_trd.gen/sources_1/bd/design_1/ip/design_1_v_frmbuf_wr_1_0/src/hls/hls_video_core.h:611:1: warning: HLS pragma dump _XLX_SEP_ PragmaIsValid=1_XLX_SEP_ PragmaType=inline_XLX_SEP_ PragmaContext=hls_XLX_SEP_ PragmaFunction=write_XLX_SEP_ PragmaOptions=_XLX_SEP_ [-Wdump-hls-pragmas]
#pragma HLS inline
^
c:/TFG_Vivado/vivado/axu2cga_trd.gen/sources_1/bd/design_1/ip/design_1_v_frmbuf_wr_1_0/src/hls/hls_video_core.h:612:1: warning: HLS pragma dump _XLX_SEP_ PragmaIsValid=1_XLX_SEP_ PragmaType=aggregate_XLX_SEP_ PragmaContext=hls_XLX_SEP_ PragmaFunction=write_XLX_SEP_ PragmaOptions=variable=data_stream_XLX_SEP_ [-Wdump-hls-pragmas]
#pragma HLS aggregate variable=data_stream
^
c:/TFG_Vivado/vivado/axu2cga_trd.gen/sources_1/bd/design_1/ip/design_1_v_frmbuf_wr_1_0/src/hls/hls_video_core.h:618:1: warning: HLS pragma dump _XLX_SEP_ PragmaIsValid=1_XLX_SEP_ PragmaType=protocol_XLX_SEP_ PragmaContext=hls_XLX_SEP_ PragmaFunction=write_XLX_SEP_ PragmaOptions=floating_XLX_SEP_ [-Wdump-hls-pragmas]
#pragma HLS protocol floating
^
c:/TFG_Vivado/vivado/axu2cga_trd.gen/sources_1/bd/design_1/ip/design_1_v_frmbuf_wr_1_0/src/hls/hls_video_core.h:620:1: warning: HLS pragma dump _XLX_SEP_ PragmaIsValid=1_XLX_SEP_ PragmaType=unroll_XLX_SEP_ PragmaContext=hls_XLX_SEP_ PragmaFunction=write_XLX_SEP_ PragmaOptions=_XLX_SEP_ [-Wdump-hls-pragmas]
#pragma HLS unroll
^
c:/TFG_Vivado/vivado/axu2cga_trd.gen/sources_1/bd/design_1/ip/design_1_v_frmbuf_wr_1_0/src/hls/hls_video_core.h:629:1: warning: HLS pragma dump _XLX_SEP_ PragmaIsValid=1_XLX_SEP_ PragmaType=inline_XLX_SEP_ PragmaContext=hls_XLX_SEP_ PragmaFunction=operator>>_XLX_SEP_ PragmaOptions=_XLX_SEP_ [-Wdump-hls-pragmas]
#pragma HLS inline
^
c:/TFG_Vivado/vivado/axu2cga_trd.gen/sources_1/bd/design_1/ip/design_1_v_frmbuf_wr_1_0/src/hls/hls_video_core.h:636:1: warning: HLS pragma dump _XLX_SEP_ PragmaIsValid=1_XLX_SEP_ PragmaType=inline_XLX_SEP_ PragmaContext=hls_XLX_SEP_ PragmaFunction=operator<<_XLX_SEP_ PragmaOptions=_XLX_SEP_ [-Wdump-hls-pragmas]
#pragma HLS inline
^
c:/TFG_Vivado/vivado/axu2cga_trd.gen/sources_1/bd/design_1/ip/design_1_v_frmbuf_wr_1_0/src/hls/hls_video_core.h:654:1: warning: HLS pragma dump _XLX_SEP_ PragmaIsValid=1_XLX_SEP_ PragmaType=inline_XLX_SEP_ PragmaContext=hls_XLX_SEP_ PragmaFunction=Mat<ROWS, COLS, T>_XLX_SEP_ PragmaOptions=_XLX_SEP_ [-Wdump-hls-pragmas]
#pragma HLS inline
^
c:/TFG_Vivado/vivado/axu2cga_trd.gen/sources_1/bd/design_1/ip/design_1_v_frmbuf_wr_1_0/src/hls/hls_video_core.h:660:1: warning: HLS pragma dump _XLX_SEP_ PragmaIsValid=1_XLX_SEP_ PragmaType=inline_XLX_SEP_ PragmaContext=hls_XLX_SEP_ PragmaFunction=Mat<ROWS, COLS, T>_XLX_SEP_ PragmaOptions=_XLX_SEP_ [-Wdump-hls-pragmas]
#pragma HLS inline
^
c:/TFG_Vivado/vivado/axu2cga_trd.gen/sources_1/bd/design_1/ip/design_1_v_frmbuf_wr_1_0/src/hls/hls_video_core.h:666:1: warning: HLS pragma dump _XLX_SEP_ PragmaIsValid=1_XLX_SEP_ PragmaType=inline_XLX_SEP_ PragmaContext=hls_XLX_SEP_ PragmaFunction=Mat<ROWS, COLS, T>_XLX_SEP_ PragmaOptions=_XLX_SEP_ [-Wdump-hls-pragmas]
#pragma HLS inline
^
c:/TFG_Vivado/vivado/axu2cga_trd.gen/sources_1/bd/design_1/ip/design_1_v_frmbuf_wr_1_0/src/hls/hls_video_core.h:672:1: warning: HLS pragma dump _XLX_SEP_ PragmaIsValid=1_XLX_SEP_ PragmaType=inline_XLX_SEP_ PragmaContext=hls_XLX_SEP_ PragmaFunction=init_XLX_SEP_ PragmaOptions=_XLX_SEP_ [-Wdump-hls-pragmas]
#pragma HLS inline
^
c:/TFG_Vivado/vivado/axu2cga_trd.gen/sources_1/bd/design_1/ip/design_1_v_frmbuf_wr_1_0/src/hls/hls_video_core.h:681:1: warning: HLS pragma dump _XLX_SEP_ PragmaIsValid=1_XLX_SEP_ PragmaType=inline_XLX_SEP_ PragmaContext=hls_XLX_SEP_ PragmaFunction=assignto_XLX_SEP_ PragmaOptions=_XLX_SEP_ [-Wdump-hls-pragmas]
#pragma HLS inline
^
c:/TFG_Vivado/vivado/axu2cga_trd.gen/sources_1/bd/design_1/ip/design_1_v_frmbuf_wr_1_0/src/hls/hls_video_core.h:688:1: warning: HLS pragma dump _XLX_SEP_ PragmaIsValid=1_XLX_SEP_ PragmaType=inline_XLX_SEP_ PragmaContext=hls_XLX_SEP_ PragmaFunction=read_XLX_SEP_ PragmaOptions=_XLX_SEP_ [-Wdump-hls-pragmas]
#pragma HLS inline
^
c:/TFG_Vivado/vivado/axu2cga_trd.gen/sources_1/bd/design_1/ip/design_1_v_frmbuf_wr_1_0/src/hls/hls_video_core.h:695:1: warning: HLS pragma dump _XLX_SEP_ PragmaIsValid=1_XLX_SEP_ PragmaType=protocol_XLX_SEP_ PragmaContext=hls_XLX_SEP_ PragmaFunction=read_XLX_SEP_ PragmaOptions=floating_XLX_SEP_ [-Wdump-hls-pragmas]
#pragma HLS protocol floating
^
c:/TFG_Vivado/vivado/axu2cga_trd.gen/sources_1/bd/design_1/ip/design_1_v_frmbuf_wr_1_0/src/hls/hls_video_core.h:697:1: warning: HLS pragma dump _XLX_SEP_ PragmaIsValid=1_XLX_SEP_ PragmaType=unroll_XLX_SEP_ PragmaContext=hls_XLX_SEP_ PragmaFunction=read_XLX_SEP_ PragmaOptions=_XLX_SEP_ [-Wdump-hls-pragmas]
#pragma HLS unroll
^
c:/TFG_Vivado/vivado/axu2cga_trd.gen/sources_1/bd/design_1/ip/design_1_v_frmbuf_wr_1_0/src/hls/hls_video_core.h:706:1: warning: HLS pragma dump _XLX_SEP_ PragmaIsValid=1_XLX_SEP_ PragmaType=inline_XLX_SEP_ PragmaContext=hls_XLX_SEP_ PragmaFunction=read_XLX_SEP_ PragmaOptions=_XLX_SEP_ [-Wdump-hls-pragmas]
#pragma HLS inline
^
c:/TFG_Vivado/vivado/axu2cga_trd.gen/sources_1/bd/design_1/ip/design_1_v_frmbuf_wr_1_0/src/hls/hls_video_core.h:712:1: warning: HLS pragma dump _XLX_SEP_ PragmaIsValid=1_XLX_SEP_ PragmaType=inline_XLX_SEP_ PragmaContext=hls_XLX_SEP_ PragmaFunction=write_XLX_SEP_ PragmaOptions=_XLX_SEP_ [-Wdump-hls-pragmas]
#pragma HLS inline
^
c:/TFG_Vivado/vivado/axu2cga_trd.gen/sources_1/bd/design_1/ip/design_1_v_frmbuf_wr_1_0/src/hls/hls_video_core.h:713:1: warning: HLS pragma dump _XLX_SEP_ PragmaIsValid=1_XLX_SEP_ PragmaType=aggregate_XLX_SEP_ PragmaContext=hls_XLX_SEP_ PragmaFunction=write_XLX_SEP_ PragmaOptions=variable=data_stream_XLX_SEP_ [-Wdump-hls-pragmas]
#pragma HLS aggregate variable=data_stream
^
c:/TFG_Vivado/vivado/axu2cga_trd.gen/sources_1/bd/design_1/ip/design_1_v_frmbuf_wr_1_0/src/hls/hls_video_core.h:719:1: warning: HLS pragma dump _XLX_SEP_ PragmaIsValid=1_XLX_SEP_ PragmaType=protocol_XLX_SEP_ PragmaContext=hls_XLX_SEP_ PragmaFunction=write_XLX_SEP_ PragmaOptions=floating_XLX_SEP_ [-Wdump-hls-pragmas]
#pragma HLS protocol floating
^
c:/TFG_Vivado/vivado/axu2cga_trd.gen/sources_1/bd/design_1/ip/design_1_v_frmbuf_wr_1_0/src/hls/hls_video_core.h:721:1: warning: HLS pragma dump _XLX_SEP_ PragmaIsValid=1_XLX_SEP_ PragmaType=unroll_XLX_SEP_ PragmaContext=hls_XLX_SEP_ PragmaFunction=write_XLX_SEP_ PragmaOptions=_XLX_SEP_ [-Wdump-hls-pragmas]
#pragma HLS unroll
^
c:/TFG_Vivado/vivado/axu2cga_trd.gen/sources_1/bd/design_1/ip/design_1_v_frmbuf_wr_1_0/src/hls/hls_video_core.h:729:1: warning: HLS pragma dump _XLX_SEP_ PragmaIsValid=1_XLX_SEP_ PragmaType=inline_XLX_SEP_ PragmaContext=hls_XLX_SEP_ PragmaFunction=operator>>_XLX_SEP_ PragmaOptions=_XLX_SEP_ [-Wdump-hls-pragmas]
#pragma HLS inline
^
c:/TFG_Vivado/vivado/axu2cga_trd.gen/sources_1/bd/design_1/ip/design_1_v_frmbuf_wr_1_0/src/hls/hls_video_core.h:735:1: warning: HLS pragma dump _XLX_SEP_ PragmaIsValid=1_XLX_SEP_ PragmaType=inline_XLX_SEP_ PragmaContext=hls_XLX_SEP_ PragmaFunction=operator<<_XLX_SEP_ PragmaOptions=_XLX_SEP_ [-Wdump-hls-pragmas]
#pragma HLS inline
^
c:/TFG_Vivado/vivado/axu2cga_trd.gen/sources_1/bd/design_1/ip/design_1_v_frmbuf_wr_1_0/src/hls/hls_video_core.h:741:1: warning: HLS pragma dump _XLX_SEP_ PragmaIsValid=1_XLX_SEP_ PragmaType=inline_XLX_SEP_ PragmaContext=hls_XLX_SEP_ PragmaFunction=empty_XLX_SEP_ PragmaOptions=_XLX_SEP_ [-Wdump-hls-pragmas]
#pragma HLS inline
^
c:/TFG_Vivado/vivado/axu2cga_trd.gen/sources_1/bd/design_1/ip/design_1_v_frmbuf_wr_1_0/src/hls/hls_video_core.h:744:1: warning: HLS pragma dump _XLX_SEP_ PragmaIsValid=1_XLX_SEP_ PragmaType=unroll_XLX_SEP_ PragmaContext=hls_XLX_SEP_ PragmaFunction=empty_XLX_SEP_ PragmaOptions=_XLX_SEP_ [-Wdump-hls-pragmas]
#pragma HLS unroll
^
c:/TFG_Vivado/vivado/axu2cga_trd.gen/sources_1/bd/design_1/ip/design_1_v_frmbuf_wr_1_0/src/hls/hls_video_core.h:756:1: warning: HLS pragma dump _XLX_SEP_ PragmaIsValid=1_XLX_SEP_ PragmaType=inline_XLX_SEP_ PragmaContext=hls_XLX_SEP_ PragmaFunction=type_XLX_SEP_ PragmaOptions=_XLX_SEP_ [-Wdump-hls-pragmas]
#pragma HLS inline
^
c:/TFG_Vivado/vivado/axu2cga_trd.gen/sources_1/bd/design_1/ip/design_1_v_frmbuf_wr_1_0/src/hls/hls_video_core.h:762:1: warning: HLS pragma dump _XLX_SEP_ PragmaIsValid=1_XLX_SEP_ PragmaType=inline_XLX_SEP_ PragmaContext=hls_XLX_SEP_ PragmaFunction=depth_XLX_SEP_ PragmaOptions=_XLX_SEP_ [-Wdump-hls-pragmas]
#pragma HLS inline
^
c:/TFG_Vivado/vivado/axu2cga_trd.gen/sources_1/bd/design_1/ip/design_1_v_frmbuf_wr_1_0/src/hls/hls_video_core.h:767:1: warning: HLS pragma dump _XLX_SEP_ PragmaIsValid=1_XLX_SEP_ PragmaType=inline_XLX_SEP_ PragmaContext=hls_XLX_SEP_ PragmaFunction=channels_XLX_SEP_ PragmaOptions=_XLX_SEP_ [-Wdump-hls-pragmas]
#pragma HLS inline
^
In file included from C:/TFG_Vivado/vivado/axu2cga_trd.runs/design_1_v_frmbuf_wr_1_0_synth_1/prj/sol/.autopilot/db/v_frmbuf_wr.cpp:51:
In file included from c:/TFG_Vivado/vivado/axu2cga_trd.gen/sources_1/bd/design_1/ip/design_1_v_frmbuf_wr_1_0/src\v_frmbuf_wr.h:49:
In file included from c:/TFG_Vivado/vivado/axu2cga_trd.gen/sources_1/bd/design_1/ip/design_1_v_frmbuf_wr_1_0/src/hls_video.h:73:
c:/TFG_Vivado/vivado/axu2cga_trd.gen/sources_1/bd/design_1/ip/design_1_v_frmbuf_wr_1_0/src/hls/hls_video_imgbase.h:129:1: warning: HLS pragma dump _XLX_SEP_ PragmaIsValid=1_XLX_SEP_ PragmaType=inline_XLX_SEP_ PragmaContext=hls_XLX_SEP_ PragmaFunction=borderInterpolate_XLX_SEP_ PragmaOptions=_XLX_SEP_ [-Wdump-hls-pragmas]
#pragma HLS INLINE
^
c:/TFG_Vivado/vivado/axu2cga_trd.gen/sources_1/bd/design_1/ip/design_1_v_frmbuf_wr_1_0/src/hls/hls_video_imgbase.h:175:1: warning: HLS pragma dump _XLX_SEP_ PragmaIsValid=1_XLX_SEP_ PragmaType=inline_XLX_SEP_ PragmaContext=hls_XLX_SEP_ PragmaFunction=normalizeAnchor_XLX_SEP_ PragmaOptions=_XLX_SEP_ [-Wdump-hls-pragmas]
#pragma HLS INLINE
^
c:/TFG_Vivado/vivado/axu2cga_trd.gen/sources_1/bd/design_1/ip/design_1_v_frmbuf_wr_1_0/src/hls/hls_video_imgbase.h:202:1: warning: HLS pragma dump _XLX_SEP_ PragmaIsValid=1_XLX_SEP_ PragmaType=loop_tripcount_XLX_SEP_ PragmaContext=hls_XLX_SEP_ PragmaFunction=DuplicateImageN_XLX_SEP_ PragmaOptions=min=20 max=2000_XLX_SEP_ [-Wdump-hls-pragmas]
#pragma HLS LOOP_TRIPCOUNT min=20 max=2000
^
c:/TFG_Vivado/vivado/axu2cga_trd.gen/sources_1/bd/design_1/ip/design_1_v_frmbuf_wr_1_0/src/hls/hls_video_imgbase.h:204:1: warning: HLS pragma dump _XLX_SEP_ PragmaIsValid=1_XLX_SEP_ PragmaType=loop_tripcount_XLX_SEP_ PragmaContext=hls_XLX_SEP_ PragmaFunction=DuplicateImageN_XLX_SEP_ PragmaOptions=min=20 max=2000_XLX_SEP_ [-Wdump-hls-pragmas]
#pragma HLS LOOP_TRIPCOUNT min=20 max=2000
^
c:/TFG_Vivado/vivado/axu2cga_trd.gen/sources_1/bd/design_1/ip/design_1_v_frmbuf_wr_1_0/src/hls/hls_video_imgbase.h:206:1: warning: HLS pragma dump _XLX_SEP_ PragmaIsValid=1_XLX_SEP_ PragmaType=pipeline_XLX_SEP_ PragmaContext=hls_XLX_SEP_ PragmaFunction=DuplicateImageN_XLX_SEP_ PragmaOptions=_XLX_SEP_ [-Wdump-hls-pragmas]
#pragma HLS PIPELINE
^
In file included from C:/TFG_Vivado/vivado/axu2cga_trd.runs/design_1_v_frmbuf_wr_1_0_synth_1/prj/sol/.autopilot/db/v_frmbuf_wr.cpp:51:
In file included from c:/TFG_Vivado/vivado/axu2cga_trd.gen/sources_1/bd/design_1/ip/design_1_v_frmbuf_wr_1_0/src\v_frmbuf_wr.h:49:
In file included from c:/TFG_Vivado/vivado/axu2cga_trd.gen/sources_1/bd/design_1/ip/design_1_v_frmbuf_wr_1_0/src/hls_video.h:74:
c:/TFG_Vivado/vivado/axu2cga_trd.gen/sources_1/bd/design_1/ip/design_1_v_frmbuf_wr_1_0/src/hls/hls_video_io.h:80:1: warning: HLS pragma dump _XLX_SEP_ PragmaIsValid=1_XLX_SEP_ PragmaType=pipeline_XLX_SEP_ PragmaContext=hls_XLX_SEP_ PragmaFunction=AXIvideo2Mat_XLX_SEP_ PragmaOptions=II=1_XLX_SEP_ [-Wdump-hls-pragmas]
#pragma HLS pipeline II=1
^
c:/TFG_Vivado/vivado/axu2cga_trd.gen/sources_1/bd/design_1/ip/design_1_v_frmbuf_wr_1_0/src/hls/hls_video_io.h:81:1: warning: HLS pragma dump _XLX_SEP_ PragmaIsValid=1_XLX_SEP_ PragmaType=loop_tripcount_XLX_SEP_ PragmaContext=hls_XLX_SEP_ PragmaFunction=AXIvideo2Mat_XLX_SEP_ PragmaOptions=avg=0 max=0_XLX_SEP_ [-Wdump-hls-pragmas]
#pragma HLS loop_tripcount avg=0 max=0
^
c:/TFG_Vivado/vivado/axu2cga_trd.gen/sources_1/bd/design_1/ip/design_1_v_frmbuf_wr_1_0/src/hls/hls_video_io.h:88:1: warning: HLS pragma dump _XLX_SEP_ PragmaIsValid=1_XLX_SEP_ PragmaType=loop_flatten_XLX_SEP_ PragmaContext=hls_XLX_SEP_ PragmaFunction=AXIvideo2Mat_XLX_SEP_ PragmaOptions=off_XLX_SEP_ [-Wdump-hls-pragmas]
#pragma HLS loop_flatten off
^
c:/TFG_Vivado/vivado/axu2cga_trd.gen/sources_1/bd/design_1/ip/design_1_v_frmbuf_wr_1_0/src/hls/hls_video_io.h:89:1: warning: HLS pragma dump _XLX_SEP_ PragmaIsValid=1_XLX_SEP_ PragmaType=pipeline_XLX_SEP_ PragmaContext=hls_XLX_SEP_ PragmaFunction=AXIvideo2Mat_XLX_SEP_ PragmaOptions=II=1_XLX_SEP_ [-Wdump-hls-pragmas]
#pragma HLS pipeline II=1
^
c:/TFG_Vivado/vivado/axu2cga_trd.gen/sources_1/bd/design_1/ip/design_1_v_frmbuf_wr_1_0/src/hls/hls_video_io.h:111:1: warning: HLS pragma dump _XLX_SEP_ PragmaIsValid=1_XLX_SEP_ PragmaType=pipeline_XLX_SEP_ PragmaContext=hls_XLX_SEP_ PragmaFunction=AXIvideo2Mat_XLX_SEP_ PragmaOptions=II=1_XLX_SEP_ [-Wdump-hls-pragmas]
#pragma HLS pipeline II=1
^
c:/TFG_Vivado/vivado/axu2cga_trd.gen/sources_1/bd/design_1/ip/design_1_v_frmbuf_wr_1_0/src/hls/hls_video_io.h:112:1: warning: HLS pragma dump _XLX_SEP_ PragmaIsValid=1_XLX_SEP_ PragmaType=loop_tripcount_XLX_SEP_ PragmaContext=hls_XLX_SEP_ PragmaFunction=AXIvideo2Mat_XLX_SEP_ PragmaOptions=avg=0 max=0_XLX_SEP_ [-Wdump-hls-pragmas]
#pragma HLS loop_tripcount avg=0 max=0
^
c:/TFG_Vivado/vivado/axu2cga_trd.gen/sources_1/bd/design_1/ip/design_1_v_frmbuf_wr_1_0/src/hls/hls_video_io.h:141:1: warning: HLS pragma dump _XLX_SEP_ PragmaIsValid=1_XLX_SEP_ PragmaType=loop_flatten_XLX_SEP_ PragmaContext=hls_XLX_SEP_ PragmaFunction=Mat2AXIvideo_XLX_SEP_ PragmaOptions=off_XLX_SEP_ [-Wdump-hls-pragmas]
#pragma HLS loop_flatten off
^
c:/TFG_Vivado/vivado/axu2cga_trd.gen/sources_1/bd/design_1/ip/design_1_v_frmbuf_wr_1_0/src/hls/hls_video_io.h:142:1: warning: HLS pragma dump _XLX_SEP_ PragmaIsValid=1_XLX_SEP_ PragmaType=pipeline_XLX_SEP_ PragmaContext=hls_XLX_SEP_ PragmaFunction=Mat2AXIvideo_XLX_SEP_ PragmaOptions=II=1_XLX_SEP_ [-Wdump-hls-pragmas]
#pragma HLS pipeline II=1
^
c:/TFG_Vivado/vivado/axu2cga_trd.gen/sources_1/bd/design_1/ip/design_1_v_frmbuf_wr_1_0/src/hls/hls_video_io.h:190:1: warning: HLS pragma dump _XLX_SEP_ PragmaIsValid=1_XLX_SEP_ PragmaType=loop_flatten_XLX_SEP_ PragmaContext=hls_XLX_SEP_ PragmaFunction=Array2Mat_XLX_SEP_ PragmaOptions=off_XLX_SEP_ [-Wdump-hls-pragmas]
#pragma HLS loop_flatten off
^
c:/TFG_Vivado/vivado/axu2cga_trd.gen/sources_1/bd/design_1/ip/design_1_v_frmbuf_wr_1_0/src/hls/hls_video_io.h:191:1: warning: HLS pragma dump _XLX_SEP_ PragmaIsValid=1_XLX_SEP_ PragmaType=pipeline_XLX_SEP_ PragmaContext=hls_XLX_SEP_ PragmaFunction=Array2Mat_XLX_SEP_ PragmaOptions=II=1_XLX_SEP_ [-Wdump-hls-pragmas]
#pragma HLS pipeline II=1
^
c:/TFG_Vivado/vivado/axu2cga_trd.gen/sources_1/bd/design_1/ip/design_1_v_frmbuf_wr_1_0/src/hls/hls_video_io.h:197:1: warning: HLS pragma dump _XLX_SEP_ PragmaIsValid=1_XLX_SEP_ PragmaType=unroll_XLX_SEP_ PragmaContext=hls_XLX_SEP_ PragmaFunction=Array2Mat_XLX_SEP_ PragmaOptions=_XLX_SEP_ [-Wdump-hls-pragmas]
#pragma HLS unroll
^
c:/TFG_Vivado/vivado/axu2cga_trd.gen/sources_1/bd/design_1/ip/design_1_v_frmbuf_wr_1_0/src/hls/hls_video_io.h:256:1: warning: HLS pragma dump _XLX_SEP_ PragmaIsValid=1_XLX_SEP_ PragmaType=loop_flatten_XLX_SEP_ PragmaContext=hls_XLX_SEP_ PragmaFunction=Mat2Array_XLX_SEP_ PragmaOptions=off_XLX_SEP_ [-Wdump-hls-pragmas]
#pragma HLS loop_flatten off
^
c:/TFG_Vivado/vivado/axu2cga_trd.gen/sources_1/bd/design_1/ip/design_1_v_frmbuf_wr_1_0/src/hls/hls_video_io.h:257:1: warning: HLS pragma dump _XLX_SEP_ PragmaIsValid=1_XLX_SEP_ PragmaType=pipeline_XLX_SEP_ PragmaContext=hls_XLX_SEP_ PragmaFunction=Mat2Array_XLX_SEP_ PragmaOptions=II=1_XLX_SEP_ [-Wdump-hls-pragmas]
#pragma HLS pipeline II=1
^
c:/TFG_Vivado/vivado/axu2cga_trd.gen/sources_1/bd/design_1/ip/design_1_v_frmbuf_wr_1_0/src/hls/hls_video_io.h:262:1: warning: HLS pragma dump _XLX_SEP_ PragmaIsValid=1_XLX_SEP_ PragmaType=unroll_XLX_SEP_ PragmaContext=hls_XLX_SEP_ PragmaFunction=Mat2Array_XLX_SEP_ PragmaOptions=_XLX_SEP_ [-Wdump-hls-pragmas]
#pragma HLS unroll
^
In file included from C:/TFG_Vivado/vivado/axu2cga_trd.runs/design_1_v_frmbuf_wr_1_0_synth_1/prj/sol/.autopilot/db/v_frmbuf_wr.cpp:51:
In file included from c:/TFG_Vivado/vivado/axu2cga_trd.gen/sources_1/bd/design_1/ip/design_1_v_frmbuf_wr_1_0/src\v_frmbuf_wr.h:49:
In file included from c:/TFG_Vivado/vivado/axu2cga_trd.gen/sources_1/bd/design_1/ip/design_1_v_frmbuf_wr_1_0/src/hls_video.h:76:
c:/TFG_Vivado/vivado/axu2cga_trd.gen/sources_1/bd/design_1/ip/design_1_v_frmbuf_wr_1_0/src/hls/hls_video_arithm.h:131:1: warning: HLS pragma dump _XLX_SEP_ PragmaIsValid=1_XLX_SEP_ PragmaType=inline_XLX_SEP_ PragmaContext=hls_XLX_SEP_ PragmaFunction=apply_XLX_SEP_ PragmaOptions=_XLX_SEP_ [-Wdump-hls-pragmas]
#pragma HLS inline
^
c:/TFG_Vivado/vivado/axu2cga_trd.gen/sources_1/bd/design_1/ip/design_1_v_frmbuf_wr_1_0/src/hls/hls_video_arithm.h:145:1: warning: HLS pragma dump _XLX_SEP_ PragmaIsValid=1_XLX_SEP_ PragmaType=inline_XLX_SEP_ PragmaContext=hls_XLX_SEP_ PragmaFunction=apply_XLX_SEP_ PragmaOptions=_XLX_SEP_ [-Wdump-hls-pragmas]
#pragma HLS inline
^
c:/TFG_Vivado/vivado/axu2cga_trd.gen/sources_1/bd/design_1/ip/design_1_v_frmbuf_wr_1_0/src/hls/hls_video_arithm.h:159:1: warning: HLS pragma dump _XLX_SEP_ PragmaIsValid=1_XLX_SEP_ PragmaType=inline_XLX_SEP_ PragmaContext=hls_XLX_SEP_ PragmaFunction=apply_XLX_SEP_ PragmaOptions=_XLX_SEP_ [-Wdump-hls-pragmas]
#pragma HLS inline
^
c:/TFG_Vivado/vivado/axu2cga_trd.gen/sources_1/bd/design_1/ip/design_1_v_frmbuf_wr_1_0/src/hls/hls_video_arithm.h:171:1: warning: HLS pragma dump _XLX_SEP_ PragmaIsValid=1_XLX_SEP_ PragmaType=inline_XLX_SEP_ PragmaContext=hls_XLX_SEP_ PragmaFunction=kernel_and_apply_XLX_SEP_ PragmaOptions=_XLX_SEP_ [-Wdump-hls-pragmas]
#pragma HLS inline
^
c:/TFG_Vivado/vivado/axu2cga_trd.gen/sources_1/bd/design_1/ip/design_1_v_frmbuf_wr_1_0/src/hls/hls_video_arithm.h:177:1: warning: HLS pragma dump _XLX_SEP_ PragmaIsValid=1_XLX_SEP_ PragmaType=inline_XLX_SEP_ PragmaContext=hls_XLX_SEP_ PragmaFunction=kernel_and_apply_XLX_SEP_ PragmaOptions=_XLX_SEP_ [-Wdump-hls-pragmas]
#pragma HLS inline
^
c:/TFG_Vivado/vivado/axu2cga_trd.gen/sources_1/bd/design_1/ip/design_1_v_frmbuf_wr_1_0/src/hls/hls_video_arithm.h:189:1: warning: HLS pragma dump _XLX_SEP_ PragmaIsValid=1_XLX_SEP_ PragmaType=inline_XLX_SEP_ PragmaContext=hls_XLX_SEP_ PragmaFunction=apply_XLX_SEP_ PragmaOptions=_XLX_SEP_ [-Wdump-hls-pragmas]
#pragma HLS inline
^
c:/TFG_Vivado/vivado/axu2cga_trd.gen/sources_1/bd/design_1/ip/design_1_v_frmbuf_wr_1_0/src/hls/hls_video_arithm.h:198:1: warning: HLS pragma dump _XLX_SEP_ PragmaIsValid=1_XLX_SEP_ PragmaType=inline_XLX_SEP_ PragmaContext=hls_XLX_SEP_ PragmaFunction=apply_XLX_SEP_ PragmaOptions=_XLX_SEP_ [-Wdump-hls-pragmas]
#pragma HLS inline
^
c:/TFG_Vivado/vivado/axu2cga_trd.gen/sources_1/bd/design_1/ip/design_1_v_frmbuf_wr_1_0/src/hls/hls_video_arithm.h:207:1: warning: HLS pragma dump _XLX_SEP_ PragmaIsValid=1_XLX_SEP_ PragmaType=inline_XLX_SEP_ PragmaContext=hls_XLX_SEP_ PragmaFunction=apply_XLX_SEP_ PragmaOptions=_XLX_SEP_ [-Wdump-hls-pragmas]
#pragma HLS inline
^
c:/TFG_Vivado/vivado/axu2cga_trd.gen/sources_1/bd/design_1/ip/design_1_v_frmbuf_wr_1_0/src/hls/hls_video_arithm.h:216:1: warning: HLS pragma dump _XLX_SEP_ PragmaIsValid=1_XLX_SEP_ PragmaType=inline_XLX_SEP_ PragmaContext=hls_XLX_SEP_ PragmaFunction=apply_XLX_SEP_ PragmaOptions=_XLX_SEP_ [-Wdump-hls-pragmas]
#pragma HLS inline
^
c:/TFG_Vivado/vivado/axu2cga_trd.gen/sources_1/bd/design_1/ip/design_1_v_frmbuf_wr_1_0/src/hls/hls_video_arithm.h:230:1: warning: HLS pragma dump _XLX_SEP_ PragmaIsValid=1_XLX_SEP_ PragmaType=inline_XLX_SEP_ PragmaContext=hls_XLX_SEP_ PragmaFunction=apply_XLX_SEP_ PragmaOptions=_XLX_SEP_ [-Wdump-hls-pragmas]
#pragma HLS inline
^
c:/TFG_Vivado/vivado/axu2cga_trd.gen/sources_1/bd/design_1/ip/design_1_v_frmbuf_wr_1_0/src/hls/hls_video_arithm.h:241:1: warning: HLS pragma dump _XLX_SEP_ PragmaIsValid=1_XLX_SEP_ PragmaType=inline_XLX_SEP_ PragmaContext=hls_XLX_SEP_ PragmaFunction=apply_XLX_SEP_ PragmaOptions=_XLX_SEP_ [-Wdump-hls-pragmas]
#pragma HLS inline
^
c:/TFG_Vivado/vivado/axu2cga_trd.gen/sources_1/bd/design_1/ip/design_1_v_frmbuf_wr_1_0/src/hls/hls_video_arithm.h:252:1: warning: HLS pragma dump _XLX_SEP_ PragmaIsValid=1_XLX_SEP_ PragmaType=inline_XLX_SEP_ PragmaContext=hls_XLX_SEP_ PragmaFunction=apply_XLX_SEP_ PragmaOptions=_XLX_SEP_ [-Wdump-hls-pragmas]
#pragma HLS inline
^
c:/TFG_Vivado/vivado/axu2cga_trd.gen/sources_1/bd/design_1/ip/design_1_v_frmbuf_wr_1_0/src/hls/hls_video_arithm.h:263:1: warning: HLS pragma dump _XLX_SEP_ PragmaIsValid=1_XLX_SEP_ PragmaType=inline_XLX_SEP_ PragmaContext=hls_XLX_SEP_ PragmaFunction=apply_XLX_SEP_ PragmaOptions=_XLX_SEP_ [-Wdump-hls-pragmas]
#pragma HLS inline
^
c:/TFG_Vivado/vivado/axu2cga_trd.gen/sources_1/bd/design_1/ip/design_1_v_frmbuf_wr_1_0/src/hls/hls_video_arithm.h:276:1: warning: HLS pragma dump _XLX_SEP_ PragmaIsValid=1_XLX_SEP_ PragmaType=inline_XLX_SEP_ PragmaContext=hls_XLX_SEP_ PragmaFunction=apply_XLX_SEP_ PragmaOptions=_XLX_SEP_ [-Wdump-hls-pragmas]
#pragma HLS inline
^
c:/TFG_Vivado/vivado/axu2cga_trd.gen/sources_1/bd/design_1/ip/design_1_v_frmbuf_wr_1_0/src/hls/hls_video_arithm.h:288:1: warning: HLS pragma dump _XLX_SEP_ PragmaIsValid=1_XLX_SEP_ PragmaType=inline_XLX_SEP_ PragmaContext=hls_XLX_SEP_ PragmaFunction=apply_XLX_SEP_ PragmaOptions=_XLX_SEP_ [-Wdump-hls-pragmas]
#pragma HLS inline
^
c:/TFG_Vivado/vivado/axu2cga_trd.gen/sources_1/bd/design_1/ip/design_1_v_frmbuf_wr_1_0/src/hls/hls_video_arithm.h:304:1: warning: HLS pragma dump _XLX_SEP_ PragmaIsValid=1_XLX_SEP_ PragmaType=inline_XLX_SEP_ PragmaContext=hls_XLX_SEP_ PragmaFunction=apply_XLX_SEP_ PragmaOptions=_XLX_SEP_ [-Wdump-hls-pragmas]
#pragma HLS inline
^
c:/TFG_Vivado/vivado/axu2cga_trd.gen/sources_1/bd/design_1/ip/design_1_v_frmbuf_wr_1_0/src/hls/hls_video_arithm.h:334:1: warning: HLS pragma dump _XLX_SEP_ PragmaIsValid=1_XLX_SEP_ PragmaType=inline_XLX_SEP_ PragmaContext=hls_XLX_SEP_ PragmaFunction=apply_XLX_SEP_ PragmaOptions=_XLX_SEP_ [-Wdump-hls-pragmas]
#pragma HLS inline
^
c:/TFG_Vivado/vivado/axu2cga_trd.gen/sources_1/bd/design_1/ip/design_1_v_frmbuf_wr_1_0/src/hls/hls_video_arithm.h:343:1: warning: HLS pragma dump _XLX_SEP_ PragmaIsValid=1_XLX_SEP_ PragmaType=inline_XLX_SEP_ PragmaContext=hls_XLX_SEP_ PragmaFunction=apply_XLX_SEP_ PragmaOptions=_XLX_SEP_ [-Wdump-hls-pragmas]
#pragma HLS inline
^
c:/TFG_Vivado/vivado/axu2cga_trd.gen/sources_1/bd/design_1/ip/design_1_v_frmbuf_wr_1_0/src/hls/hls_video_arithm.h:370:1: warning: HLS pragma dump _XLX_SEP_ PragmaIsValid=1_XLX_SEP_ PragmaType=loop_flatten_XLX_SEP_ PragmaContext=hls_XLX_SEP_ PragmaFunction=arithm_pro_XLX_SEP_ PragmaOptions=off_XLX_SEP_ [-Wdump-hls-pragmas]
#pragma HLS loop_flatten off
^
c:/TFG_Vivado/vivado/axu2cga_trd.gen/sources_1/bd/design_1/ip/design_1_v_frmbuf_wr_1_0/src/hls/hls_video_arithm.h:371:1: warning: HLS pragma dump _XLX_SEP_ PragmaIsValid=1_XLX_SEP_ PragmaType=pipeline_XLX_SEP_ PragmaContext=hls_XLX_SEP_ PragmaFunction=arithm_pro_XLX_SEP_ PragmaOptions=II=1_XLX_SEP_ [-Wdump-hls-pragmas]
#pragma HLS pipeline II=1
^
c:/TFG_Vivado/vivado/axu2cga_trd.gen/sources_1/bd/design_1/ip/design_1_v_frmbuf_wr_1_0/src/hls/hls_video_arithm.h:402:1: warning: HLS pragma dump _XLX_SEP_ PragmaIsValid=1_XLX_SEP_ PragmaType=loop_flatten_XLX_SEP_ PragmaContext=hls_XLX_SEP_ PragmaFunction=arithm_pro_XLX_SEP_ PragmaOptions=off_XLX_SEP_ [-Wdump-hls-pragmas]
#pragma HLS loop_flatten off
^
c:/TFG_Vivado/vivado/axu2cga_trd.gen/sources_1/bd/design_1/ip/design_1_v_frmbuf_wr_1_0/src/hls/hls_video_arithm.h:403:1: warning: HLS pragma dump _XLX_SEP_ PragmaIsValid=1_XLX_SEP_ PragmaType=pipeline_XLX_SEP_ PragmaContext=hls_XLX_SEP_ PragmaFunction=arithm_pro_XLX_SEP_ PragmaOptions=II=1_XLX_SEP_ [-Wdump-hls-pragmas]
#pragma HLS pipeline II=1
^
c:/TFG_Vivado/vivado/axu2cga_trd.gen/sources_1/bd/design_1/ip/design_1_v_frmbuf_wr_1_0/src/hls/hls_video_arithm.h:442:1: warning: HLS pragma dump _XLX_SEP_ PragmaIsValid=1_XLX_SEP_ PragmaType=loop_flatten_XLX_SEP_ PragmaContext=hls_XLX_SEP_ PragmaFunction=arithm_pro_XLX_SEP_ PragmaOptions=off_XLX_SEP_ [-Wdump-hls-pragmas]
#pragma HLS loop_flatten off
^
c:/TFG_Vivado/vivado/axu2cga_trd.gen/sources_1/bd/design_1/ip/design_1_v_frmbuf_wr_1_0/src/hls/hls_video_arithm.h:443:1: warning: HLS pragma dump _XLX_SEP_ PragmaIsValid=1_XLX_SEP_ PragmaType=pipeline_XLX_SEP_ PragmaContext=hls_XLX_SEP_ PragmaFunction=arithm_pro_XLX_SEP_ PragmaOptions=II=1_XLX_SEP_ [-Wdump-hls-pragmas]
#pragma HLS pipeline II=1
^
c:/TFG_Vivado/vivado/axu2cga_trd.gen/sources_1/bd/design_1/ip/design_1_v_frmbuf_wr_1_0/src/hls/hls_video_arithm.h:474:1: warning: HLS pragma dump _XLX_SEP_ PragmaIsValid=1_XLX_SEP_ PragmaType=loop_flatten_XLX_SEP_ PragmaContext=hls_XLX_SEP_ PragmaFunction=arithm_pro_XLX_SEP_ PragmaOptions=off_XLX_SEP_ [-Wdump-hls-pragmas]
#pragma HLS loop_flatten off
^
c:/TFG_Vivado/vivado/axu2cga_trd.gen/sources_1/bd/design_1/ip/design_1_v_frmbuf_wr_1_0/src/hls/hls_video_arithm.h:475:1: warning: HLS pragma dump _XLX_SEP_ PragmaIsValid=1_XLX_SEP_ PragmaType=pipeline_XLX_SEP_ PragmaContext=hls_XLX_SEP_ PragmaFunction=arithm_pro_XLX_SEP_ PragmaOptions=II=1_XLX_SEP_ [-Wdump-hls-pragmas]
#pragma HLS pipeline II=1
^
c:/TFG_Vivado/vivado/axu2cga_trd.gen/sources_1/bd/design_1/ip/design_1_v_frmbuf_wr_1_0/src/hls/hls_video_arithm.h:506:1: warning: HLS pragma dump _XLX_SEP_ PragmaIsValid=1_XLX_SEP_ PragmaType=loop_flatten_XLX_SEP_ PragmaContext=hls_XLX_SEP_ PragmaFunction=arithm_pro_XLX_SEP_ PragmaOptions=off_XLX_SEP_ [-Wdump-hls-pragmas]
#pragma HLS loop_flatten off
^
c:/TFG_Vivado/vivado/axu2cga_trd.gen/sources_1/bd/design_1/ip/design_1_v_frmbuf_wr_1_0/src/hls/hls_video_arithm.h:507:1: warning: HLS pragma dump _XLX_SEP_ PragmaIsValid=1_XLX_SEP_ PragmaType=pipeline_XLX_SEP_ PragmaContext=hls_XLX_SEP_ PragmaFunction=arithm_pro_XLX_SEP_ PragmaOptions=II=1_XLX_SEP_ [-Wdump-hls-pragmas]
#pragma HLS pipeline II=1
^
c:/TFG_Vivado/vivado/axu2cga_trd.gen/sources_1/bd/design_1/ip/design_1_v_frmbuf_wr_1_0/src/hls/hls_video_arithm.h:538:1: warning: HLS pragma dump _XLX_SEP_ PragmaIsValid=1_XLX_SEP_ PragmaType=unroll_XLX_SEP_ PragmaContext=hls_XLX_SEP_ PragmaFunction=arithm_pro_XLX_SEP_ PragmaOptions=_XLX_SEP_ [-Wdump-hls-pragmas]
#pragma HLS unroll
^
c:/TFG_Vivado/vivado/axu2cga_trd.gen/sources_1/bd/design_1/ip/design_1_v_frmbuf_wr_1_0/src/hls/hls_video_arithm.h:545:1: warning: HLS pragma dump _XLX_SEP_ PragmaIsValid=1_XLX_SEP_ PragmaType=loop_flatten_XLX_SEP_ PragmaContext=hls_XLX_SEP_ PragmaFunction=arithm_pro_XLX_SEP_ PragmaOptions=off_XLX_SEP_ [-Wdump-hls-pragmas]
#pragma HLS loop_flatten off
^
c:/TFG_Vivado/vivado/axu2cga_trd.gen/sources_1/bd/design_1/ip/design_1_v_frmbuf_wr_1_0/src/hls/hls_video_arithm.h:546:1: warning: HLS pragma dump _XLX_SEP_ PragmaIsValid=1_XLX_SEP_ PragmaType=pipeline_XLX_SEP_ PragmaContext=hls_XLX_SEP_ PragmaFunction=arithm_pro_XLX_SEP_ PragmaOptions=II=1_XLX_SEP_ [-Wdump-hls-pragmas]
#pragma HLS pipeline II=1
^
c:/TFG_Vivado/vivado/axu2cga_trd.gen/sources_1/bd/design_1/ip/design_1_v_frmbuf_wr_1_0/src/hls/hls_video_arithm.h:570:1: warning: HLS pragma dump _XLX_SEP_ PragmaIsValid=1_XLX_SEP_ PragmaType=unroll_XLX_SEP_ PragmaContext=hls_XLX_SEP_ PragmaFunction=arithm_pro_XLX_SEP_ PragmaOptions=_XLX_SEP_ [-Wdump-hls-pragmas]
#pragma HLS unroll
^
c:/TFG_Vivado/vivado/axu2cga_trd.gen/sources_1/bd/design_1/ip/design_1_v_frmbuf_wr_1_0/src/hls/hls_video_arithm.h:579:1: warning: HLS pragma dump _XLX_SEP_ PragmaIsValid=1_XLX_SEP_ PragmaType=loop_flatten_XLX_SEP_ PragmaContext=hls_XLX_SEP_ PragmaFunction=arithm_pro_XLX_SEP_ PragmaOptions=off_XLX_SEP_ [-Wdump-hls-pragmas]
#pragma HLS loop_flatten off
^
c:/TFG_Vivado/vivado/axu2cga_trd.gen/sources_1/bd/design_1/ip/design_1_v_frmbuf_wr_1_0/src/hls/hls_video_arithm.h:580:1: warning: HLS pragma dump _XLX_SEP_ PragmaIsValid=1_XLX_SEP_ PragmaType=pipeline_XLX_SEP_ PragmaContext=hls_XLX_SEP_ PragmaFunction=arithm_pro_XLX_SEP_ PragmaOptions=II=1_XLX_SEP_ [-Wdump-hls-pragmas]
#pragma HLS pipeline II=1
^
c:/TFG_Vivado/vivado/axu2cga_trd.gen/sources_1/bd/design_1/ip/design_1_v_frmbuf_wr_1_0/src/hls/hls_video_arithm.h:602:1: warning: HLS pragma dump _XLX_SEP_ PragmaIsValid=1_XLX_SEP_ PragmaType=array_partition_XLX_SEP_ PragmaContext=hls_XLX_SEP_ PragmaFunction=reduce_opr_XLX_SEP_ PragmaOptions=variable=dst_buffer complete dim=1_XLX_SEP_ [-Wdump-hls-pragmas]
#pragma HLS ARRAY_PARTITION variable=dst_buffer complete dim=1
^
c:/TFG_Vivado/vivado/axu2cga_trd.gen/sources_1/bd/design_1/ip/design_1_v_frmbuf_wr_1_0/src/hls/hls_video_arithm.h:603:1: warning: HLS pragma dump _XLX_SEP_ PragmaIsValid=1_XLX_SEP_ PragmaType=array_partition_XLX_SEP_ PragmaContext=hls_XLX_SEP_ PragmaFunction=reduce_opr_XLX_SEP_ PragmaOptions=variable=dst_buffer complete dim=2_XLX_SEP_ [-Wdump-hls-pragmas]
#pragma HLS ARRAY_PARTITION variable=dst_buffer complete dim=2
^
c:/TFG_Vivado/vivado/axu2cga_trd.gen/sources_1/bd/design_1/ip/design_1_v_frmbuf_wr_1_0/src/hls/hls_video_arithm.h:610:1: warning: HLS pragma dump _XLX_SEP_ PragmaIsValid=1_XLX_SEP_ PragmaType=unroll_XLX_SEP_ PragmaContext=hls_XLX_SEP_ PragmaFunction=reduce_opr_XLX_SEP_ PragmaOptions=_XLX_SEP_ [-Wdump-hls-pragmas]
#pragma HLS unroll
^
c:/TFG_Vivado/vivado/axu2cga_trd.gen/sources_1/bd/design_1/ip/design_1_v_frmbuf_wr_1_0/src/hls/hls_video_arithm.h:615:1: warning: HLS pragma dump _XLX_SEP_ PragmaIsValid=1_XLX_SEP_ PragmaType=loop_flatten_XLX_SEP_ PragmaContext=hls_XLX_SEP_ PragmaFunction=reduce_opr_XLX_SEP_ PragmaOptions=off_XLX_SEP_ [-Wdump-hls-pragmas]
#pragma HLS loop_flatten off
^
c:/TFG_Vivado/vivado/axu2cga_trd.gen/sources_1/bd/design_1/ip/design_1_v_frmbuf_wr_1_0/src/hls/hls_video_arithm.h:616:1: warning: HLS pragma dump _XLX_SEP_ PragmaIsValid=1_XLX_SEP_ PragmaType=pipeline_XLX_SEP_ PragmaContext=hls_XLX_SEP_ PragmaFunction=reduce_opr_XLX_SEP_ PragmaOptions=II=1_XLX_SEP_ [-Wdump-hls-pragmas]
#pragma HLS pipeline II=1
^
c:/TFG_Vivado/vivado/axu2cga_trd.gen/sources_1/bd/design_1/ip/design_1_v_frmbuf_wr_1_0/src/hls/hls_video_arithm.h:719:1: warning: HLS pragma dump _XLX_SEP_ PragmaIsValid=1_XLX_SEP_ PragmaType=unroll_XLX_SEP_ PragmaContext=hls_XLX_SEP_ PragmaFunction=MinS_XLX_SEP_ PragmaOptions=_XLX_SEP_ [-Wdump-hls-pragmas]
#pragma HLS unroll
^
c:/TFG_Vivado/vivado/axu2cga_trd.gen/sources_1/bd/design_1/ip/design_1_v_frmbuf_wr_1_0/src/hls/hls_video_arithm.h:739:1: warning: HLS pragma dump _XLX_SEP_ PragmaIsValid=1_XLX_SEP_ PragmaType=unroll_XLX_SEP_ PragmaContext=hls_XLX_SEP_ PragmaFunction=MaxS_XLX_SEP_ PragmaOptions=_XLX_SEP_ [-Wdump-hls-pragmas]
#pragma HLS unroll
^
c:/TFG_Vivado/vivado/axu2cga_trd.gen/sources_1/bd/design_1/ip/design_1_v_frmbuf_wr_1_0/src/hls/hls_video_arithm.h:943:1: warning: HLS pragma dump _XLX_SEP_ PragmaIsValid=1_XLX_SEP_ PragmaType=unroll_XLX_SEP_ PragmaContext=hls_XLX_SEP_ PragmaFunction=Zero_XLX_SEP_ PragmaOptions=_XLX_SEP_ [-Wdump-hls-pragmas]
#pragma HLS unroll
^
c:/TFG_Vivado/vivado/axu2cga_trd.gen/sources_1/bd/design_1/ip/design_1_v_frmbuf_wr_1_0/src/hls/hls_video_arithm.h:955:1: warning: HLS pragma dump _XLX_SEP_ PragmaIsValid=1_XLX_SEP_ PragmaType=unroll_XLX_SEP_ PragmaContext=hls_XLX_SEP_ PragmaFunction=Zero_XLX_SEP_ PragmaOptions=_XLX_SEP_ [-Wdump-hls-pragmas]
#pragma HLS unroll
^
c:/TFG_Vivado/vivado/axu2cga_trd.gen/sources_1/bd/design_1/ip/design_1_v_frmbuf_wr_1_0/src/hls/hls_video_arithm.h:1026:1: warning: HLS pragma dump _XLX_SEP_ PragmaIsValid=1_XLX_SEP_ PragmaType=unroll_XLX_SEP_ PragmaContext=hls_XLX_SEP_ PragmaFunction=CmpS_XLX_SEP_ PragmaOptions=_XLX_SEP_ [-Wdump-hls-pragmas]
#pragma HLS unroll
^
c:/TFG_Vivado/vivado/axu2cga_trd.gen/sources_1/bd/design_1/ip/design_1_v_frmbuf_wr_1_0/src/hls/hls_video_arithm.h:1102:1: warning: HLS pragma dump _XLX_SEP_ PragmaIsValid=1_XLX_SEP_ PragmaType=loop_flatten_XLX_SEP_ PragmaContext=hls_XLX_SEP_ PragmaFunction=Range_XLX_SEP_ PragmaOptions=off_XLX_SEP_ [-Wdump-hls-pragmas]
#pragma HLS loop_flatten off
^
c:/TFG_Vivado/vivado/axu2cga_trd.gen/sources_1/bd/design_1/ip/design_1_v_frmbuf_wr_1_0/src/hls/hls_video_arithm.h:1103:1: warning: HLS pragma dump _XLX_SEP_ PragmaIsValid=1_XLX_SEP_ PragmaType=pipeline_XLX_SEP_ PragmaContext=hls_XLX_SEP_ PragmaFunction=Range_XLX_SEP_ PragmaOptions=II=1_XLX_SEP_ [-Wdump-hls-pragmas]
#pragma HLS pipeline II=1
^
c:/TFG_Vivado/vivado/axu2cga_trd.gen/sources_1/bd/design_1/ip/design_1_v_frmbuf_wr_1_0/src/hls/hls_video_arithm.h:1122:1: warning: HLS pragma dump _XLX_SEP_ PragmaIsValid=1_XLX_SEP_ PragmaType=unroll_XLX_SEP_ PragmaContext=hls_XLX_SEP_ PragmaFunction=Sum_XLX_SEP_ PragmaOptions=_XLX_SEP_ [-Wdump-hls-pragmas]
#pragma HLS unroll
^
c:/TFG_Vivado/vivado/axu2cga_trd.gen/sources_1/bd/design_1/ip/design_1_v_frmbuf_wr_1_0/src/hls/hls_video_arithm.h:1138:1: warning: HLS pragma dump _XLX_SEP_ PragmaIsValid=1_XLX_SEP_ PragmaType=unroll_XLX_SEP_ PragmaContext=hls_XLX_SEP_ PragmaFunction=Avg_XLX_SEP_ PragmaOptions=_XLX_SEP_ [-Wdump-hls-pragmas]
#pragma HLS unroll
^
c:/TFG_Vivado/vivado/axu2cga_trd.gen/sources_1/bd/design_1/ip/design_1_v_frmbuf_wr_1_0/src/hls/hls_video_arithm.h:1156:1: warning: HLS pragma dump _XLX_SEP_ PragmaIsValid=1_XLX_SEP_ PragmaType=unroll_XLX_SEP_ PragmaContext=hls_XLX_SEP_ PragmaFunction=Avg_XLX_SEP_ PragmaOptions=_XLX_SEP_ [-Wdump-hls-pragmas]
#pragma HLS unroll
^
c:/TFG_Vivado/vivado/axu2cga_trd.gen/sources_1/bd/design_1/ip/design_1_v_frmbuf_wr_1_0/src/hls/hls_video_arithm.h:1233:1: warning: HLS pragma dump _XLX_SEP_ PragmaIsValid=1_XLX_SEP_ PragmaType=inline_XLX_SEP_ PragmaContext=hls_XLX_SEP_ PragmaFunction=get_max_min_XLX_SEP_ PragmaOptions=_XLX_SEP_ [-Wdump-hls-pragmas]
#pragma HLS inline
^
c:/TFG_Vivado/vivado/axu2cga_trd.gen/sources_1/bd/design_1/ip/design_1_v_frmbuf_wr_1_0/src/hls/hls_video_arithm.h:1248:1: warning: HLS pragma dump _XLX_SEP_ PragmaIsValid=1_XLX_SEP_ PragmaType=loop_flatten_XLX_SEP_ PragmaContext=hls_XLX_SEP_ PragmaFunction=get_max_min_XLX_SEP_ PragmaOptions=off_XLX_SEP_ [-Wdump-hls-pragmas]
#pragma HLS loop_flatten off
^
c:/TFG_Vivado/vivado/axu2cga_trd.gen/sources_1/bd/design_1/ip/design_1_v_frmbuf_wr_1_0/src/hls/hls_video_arithm.h:1249:1: warning: HLS pragma dump _XLX_SEP_ PragmaIsValid=1_XLX_SEP_ PragmaType=pipeline_XLX_SEP_ PragmaContext=hls_XLX_SEP_ PragmaFunction=get_max_min_XLX_SEP_ PragmaOptions=II=1_XLX_SEP_ [-Wdump-hls-pragmas]
#pragma HLS pipeline II=1
^
c:/TFG_Vivado/vivado/axu2cga_trd.gen/sources_1/bd/design_1/ip/design_1_v_frmbuf_wr_1_0/src/hls/hls_video_arithm.h:1276:1: warning: HLS pragma dump _XLX_SEP_ PragmaIsValid=1_XLX_SEP_ PragmaType=inline_XLX_SEP_ PragmaContext=hls_XLX_SEP_ PragmaFunction=get_max_min_XLX_SEP_ PragmaOptions=_XLX_SEP_ [-Wdump-hls-pragmas]
#pragma HLS inline
^
c:/TFG_Vivado/vivado/axu2cga_trd.gen/sources_1/bd/design_1/ip/design_1_v_frmbuf_wr_1_0/src/hls/hls_video_arithm.h:1292:1: warning: HLS pragma dump _XLX_SEP_ PragmaIsValid=1_XLX_SEP_ PragmaType=loop_flatten_XLX_SEP_ PragmaContext=hls_XLX_SEP_ PragmaFunction=get_max_min_XLX_SEP_ PragmaOptions=off_XLX_SEP_ [-Wdump-hls-pragmas]
#pragma HLS loop_flatten off
^
c:/TFG_Vivado/vivado/axu2cga_trd.gen/sources_1/bd/design_1/ip/design_1_v_frmbuf_wr_1_0/src/hls/hls_video_arithm.h:1293:1: warning: HLS pragma dump _XLX_SEP_ PragmaIsValid=1_XLX_SEP_ PragmaType=pipeline_XLX_SEP_ PragmaContext=hls_XLX_SEP_ PragmaFunction=get_max_min_XLX_SEP_ PragmaOptions=II=1_XLX_SEP_ [-Wdump-hls-pragmas]
#pragma HLS pipeline II=1
^
c:/TFG_Vivado/vivado/axu2cga_trd.gen/sources_1/bd/design_1/ip/design_1_v_frmbuf_wr_1_0/src/hls/hls_video_arithm.h:1328:1: warning: HLS pragma dump _XLX_SEP_ PragmaIsValid=1_XLX_SEP_ PragmaType=inline_XLX_SEP_ PragmaContext=hls_XLX_SEP_ PragmaFunction=get_max_min_XLX_SEP_ PragmaOptions=_XLX_SEP_ [-Wdump-hls-pragmas]
#pragma HLS inline
^
c:/TFG_Vivado/vivado/axu2cga_trd.gen/sources_1/bd/design_1/ip/design_1_v_frmbuf_wr_1_0/src/hls/hls_video_arithm.h:1343:1: warning: HLS pragma dump _XLX_SEP_ PragmaIsValid=1_XLX_SEP_ PragmaType=loop_flatten_XLX_SEP_ PragmaContext=hls_XLX_SEP_ PragmaFunction=get_max_min_XLX_SEP_ PragmaOptions=off_XLX_SEP_ [-Wdump-hls-pragmas]
#pragma HLS loop_flatten off
^
c:/TFG_Vivado/vivado/axu2cga_trd.gen/sources_1/bd/design_1/ip/design_1_v_frmbuf_wr_1_0/src/hls/hls_video_arithm.h:1344:1: warning: HLS pragma dump _XLX_SEP_ PragmaIsValid=1_XLX_SEP_ PragmaType=pipeline_XLX_SEP_ PragmaContext=hls_XLX_SEP_ PragmaFunction=get_max_min_XLX_SEP_ PragmaOptions=II=1_XLX_SEP_ [-Wdump-hls-pragmas]
#pragma HLS pipeline II=1
^
c:/TFG_Vivado/vivado/axu2cga_trd.gen/sources_1/bd/design_1/ip/design_1_v_frmbuf_wr_1_0/src/hls/hls_video_arithm.h:1393:1: warning: HLS pragma dump _XLX_SEP_ PragmaIsValid=1_XLX_SEP_ PragmaType=inline_XLX_SEP_ PragmaContext=hls_XLX_SEP_ PragmaFunction=get_max_min_XLX_SEP_ PragmaOptions=_XLX_SEP_ [-Wdump-hls-pragmas]
#pragma HLS inline
^
c:/TFG_Vivado/vivado/axu2cga_trd.gen/sources_1/bd/design_1/ip/design_1_v_frmbuf_wr_1_0/src/hls/hls_video_arithm.h:1409:1: warning: HLS pragma dump _XLX_SEP_ PragmaIsValid=1_XLX_SEP_ PragmaType=loop_flatten_XLX_SEP_ PragmaContext=hls_XLX_SEP_ PragmaFunction=get_max_min_XLX_SEP_ PragmaOptions=off_XLX_SEP_ [-Wdump-hls-pragmas]
#pragma HLS loop_flatten off
^
c:/TFG_Vivado/vivado/axu2cga_trd.gen/sources_1/bd/design_1/ip/design_1_v_frmbuf_wr_1_0/src/hls/hls_video_arithm.h:1410:1: warning: HLS pragma dump _XLX_SEP_ PragmaIsValid=1_XLX_SEP_ PragmaType=pipeline_XLX_SEP_ PragmaContext=hls_XLX_SEP_ PragmaFunction=get_max_min_XLX_SEP_ PragmaOptions=II=1_XLX_SEP_ [-Wdump-hls-pragmas]
#pragma HLS pipeline II=1
^
c:/TFG_Vivado/vivado/axu2cga_trd.gen/sources_1/bd/design_1/ip/design_1_v_frmbuf_wr_1_0/src/hls/hls_video_arithm.h:1505:1: warning: HLS pragma dump _XLX_SEP_ PragmaIsValid=1_XLX_SEP_ PragmaType=loop_flatten_XLX_SEP_ PragmaContext=hls_XLX_SEP_ PragmaFunction=Threshold_XLX_SEP_ PragmaOptions=off_XLX_SEP_ [-Wdump-hls-pragmas]
#pragma HLS loop_flatten off
^
c:/TFG_Vivado/vivado/axu2cga_trd.gen/sources_1/bd/design_1/ip/design_1_v_frmbuf_wr_1_0/src/hls/hls_video_arithm.h:1506:1: warning: HLS pragma dump _XLX_SEP_ PragmaIsValid=1_XLX_SEP_ PragmaType=pipeline_XLX_SEP_ PragmaContext=hls_XLX_SEP_ PragmaFunction=Threshold_XLX_SEP_ PragmaOptions=II=1_XLX_SEP_ [-Wdump-hls-pragmas]
#pragma HLS pipeline II=1
^
c:/TFG_Vivado/vivado/axu2cga_trd.gen/sources_1/bd/design_1/ip/design_1_v_frmbuf_wr_1_0/src/hls/hls_video_arithm.h:1546:1: warning: HLS pragma dump _XLX_SEP_ PragmaIsValid=1_XLX_SEP_ PragmaType=loop_flatten_XLX_SEP_ PragmaContext=hls_XLX_SEP_ PragmaFunction=Consume_XLX_SEP_ PragmaOptions=off_XLX_SEP_ [-Wdump-hls-pragmas]
#pragma HLS loop_flatten off
^
c:/TFG_Vivado/vivado/axu2cga_trd.gen/sources_1/bd/design_1/ip/design_1_v_frmbuf_wr_1_0/src/hls/hls_video_arithm.h:1547:1: warning: HLS pragma dump _XLX_SEP_ PragmaIsValid=1_XLX_SEP_ PragmaType=pipeline_XLX_SEP_ PragmaContext=hls_XLX_SEP_ PragmaFunction=Consume_XLX_SEP_ PragmaOptions=II=1_XLX_SEP_ [-Wdump-hls-pragmas]
#pragma HLS pipeline II=1
^
c:/TFG_Vivado/vivado/axu2cga_trd.gen/sources_1/bd/design_1/ip/design_1_v_frmbuf_wr_1_0/src/hls/hls_video_arithm.h:1573:1: warning: HLS pragma dump _XLX_SEP_ PragmaIsValid=1_XLX_SEP_ PragmaType=loop_flatten_XLX_SEP_ PragmaContext=hls_XLX_SEP_ PragmaFunction=Duplicate_XLX_SEP_ PragmaOptions=off_XLX_SEP_ [-Wdump-hls-pragmas]
#pragma HLS loop_flatten off
^
c:/TFG_Vivado/vivado/axu2cga_trd.gen/sources_1/bd/design_1/ip/design_1_v_frmbuf_wr_1_0/src/hls/hls_video_arithm.h:1574:1: warning: HLS pragma dump _XLX_SEP_ PragmaIsValid=1_XLX_SEP_ PragmaType=pipeline_XLX_SEP_ PragmaContext=hls_XLX_SEP_ PragmaFunction=Duplicate_XLX_SEP_ PragmaOptions=II=1_XLX_SEP_ [-Wdump-hls-pragmas]
#pragma HLS pipeline II=1
^
c:/TFG_Vivado/vivado/axu2cga_trd.gen/sources_1/bd/design_1/ip/design_1_v_frmbuf_wr_1_0/src/hls/hls_video_arithm.h:1604:1: warning: HLS pragma dump _XLX_SEP_ PragmaIsValid=1_XLX_SEP_ PragmaType=loop_flatten_XLX_SEP_ PragmaContext=hls_XLX_SEP_ PragmaFunction=Split_XLX_SEP_ PragmaOptions=off_XLX_SEP_ [-Wdump-hls-pragmas]
#pragma HLS loop_flatten off
^
c:/TFG_Vivado/vivado/axu2cga_trd.gen/sources_1/bd/design_1/ip/design_1_v_frmbuf_wr_1_0/src/hls/hls_video_arithm.h:1605:1: warning: HLS pragma dump _XLX_SEP_ PragmaIsValid=1_XLX_SEP_ PragmaType=pipeline_XLX_SEP_ PragmaContext=hls_XLX_SEP_ PragmaFunction=Split_XLX_SEP_ PragmaOptions=II=1_XLX_SEP_ [-Wdump-hls-pragmas]
#pragma HLS pipeline II=1
^
c:/TFG_Vivado/vivado/axu2cga_trd.gen/sources_1/bd/design_1/ip/design_1_v_frmbuf_wr_1_0/src/hls/hls_video_arithm.h:1637:1: warning: HLS pragma dump _XLX_SEP_ PragmaIsValid=1_XLX_SEP_ PragmaType=loop_flatten_XLX_SEP_ PragmaContext=hls_XLX_SEP_ PragmaFunction=Split_XLX_SEP_ PragmaOptions=off_XLX_SEP_ [-Wdump-hls-pragmas]
#pragma HLS loop_flatten off
^
c:/TFG_Vivado/vivado/axu2cga_trd.gen/sources_1/bd/design_1/ip/design_1_v_frmbuf_wr_1_0/src/hls/hls_video_arithm.h:1638:1: warning: HLS pragma dump _XLX_SEP_ PragmaIsValid=1_XLX_SEP_ PragmaType=pipeline_XLX_SEP_ PragmaContext=hls_XLX_SEP_ PragmaFunction=Split_XLX_SEP_ PragmaOptions=II=1_XLX_SEP_ [-Wdump-hls-pragmas]
#pragma HLS pipeline II=1
^
c:/TFG_Vivado/vivado/axu2cga_trd.gen/sources_1/bd/design_1/ip/design_1_v_frmbuf_wr_1_0/src/hls/hls_video_arithm.h:1673:1: warning: HLS pragma dump _XLX_SEP_ PragmaIsValid=1_XLX_SEP_ PragmaType=loop_flatten_XLX_SEP_ PragmaContext=hls_XLX_SEP_ PragmaFunction=Split_XLX_SEP_ PragmaOptions=off_XLX_SEP_ [-Wdump-hls-pragmas]
#pragma HLS loop_flatten off
^
c:/TFG_Vivado/vivado/axu2cga_trd.gen/sources_1/bd/design_1/ip/design_1_v_frmbuf_wr_1_0/src/hls/hls_video_arithm.h:1674:1: warning: HLS pragma dump _XLX_SEP_ PragmaIsValid=1_XLX_SEP_ PragmaType=pipeline_XLX_SEP_ PragmaContext=hls_XLX_SEP_ PragmaFunction=Split_XLX_SEP_ PragmaOptions=II=1_XLX_SEP_ [-Wdump-hls-pragmas]
#pragma HLS pipeline II=1
^
c:/TFG_Vivado/vivado/axu2cga_trd.gen/sources_1/bd/design_1/ip/design_1_v_frmbuf_wr_1_0/src/hls/hls_video_arithm.h:1706:1: warning: HLS pragma dump _XLX_SEP_ PragmaIsValid=1_XLX_SEP_ PragmaType=loop_flatten_XLX_SEP_ PragmaContext=hls_XLX_SEP_ PragmaFunction=Merge_XLX_SEP_ PragmaOptions=off_XLX_SEP_ [-Wdump-hls-pragmas]
#pragma HLS loop_flatten off
^
c:/TFG_Vivado/vivado/axu2cga_trd.gen/sources_1/bd/design_1/ip/design_1_v_frmbuf_wr_1_0/src/hls/hls_video_arithm.h:1707:1: warning: HLS pragma dump _XLX_SEP_ PragmaIsValid=1_XLX_SEP_ PragmaType=pipeline_XLX_SEP_ PragmaContext=hls_XLX_SEP_ PragmaFunction=Merge_XLX_SEP_ PragmaOptions=II=1_XLX_SEP_ [-Wdump-hls-pragmas]
#pragma HLS pipeline II=1
^
c:/TFG_Vivado/vivado/axu2cga_trd.gen/sources_1/bd/design_1/ip/design_1_v_frmbuf_wr_1_0/src/hls/hls_video_arithm.h:1739:1: warning: HLS pragma dump _XLX_SEP_ PragmaIsValid=1_XLX_SEP_ PragmaType=loop_flatten_XLX_SEP_ PragmaContext=hls_XLX_SEP_ PragmaFunction=Merge_XLX_SEP_ PragmaOptions=off_XLX_SEP_ [-Wdump-hls-pragmas]
#pragma HLS loop_flatten off
^
c:/TFG_Vivado/vivado/axu2cga_trd.gen/sources_1/bd/design_1/ip/design_1_v_frmbuf_wr_1_0/src/hls/hls_video_arithm.h:1740:1: warning: HLS pragma dump _XLX_SEP_ PragmaIsValid=1_XLX_SEP_ PragmaType=pipeline_XLX_SEP_ PragmaContext=hls_XLX_SEP_ PragmaFunction=Merge_XLX_SEP_ PragmaOptions=II=1_XLX_SEP_ [-Wdump-hls-pragmas]
#pragma HLS pipeline II=1
^
c:/TFG_Vivado/vivado/axu2cga_trd.gen/sources_1/bd/design_1/ip/design_1_v_frmbuf_wr_1_0/src/hls/hls_video_arithm.h:1775:1: warning: HLS pragma dump _XLX_SEP_ PragmaIsValid=1_XLX_SEP_ PragmaType=loop_flatten_XLX_SEP_ PragmaContext=hls_XLX_SEP_ PragmaFunction=Merge_XLX_SEP_ PragmaOptions=off_XLX_SEP_ [-Wdump-hls-pragmas]
#pragma HLS loop_flatten off
^
c:/TFG_Vivado/vivado/axu2cga_trd.gen/sources_1/bd/design_1/ip/design_1_v_frmbuf_wr_1_0/src/hls/hls_video_arithm.h:1776:1: warning: HLS pragma dump _XLX_SEP_ PragmaIsValid=1_XLX_SEP_ PragmaType=pipeline_XLX_SEP_ PragmaContext=hls_XLX_SEP_ PragmaFunction=Merge_XLX_SEP_ PragmaOptions=II=1_XLX_SEP_ [-Wdump-hls-pragmas]
#pragma HLS pipeline II=1
^
In file included from C:/TFG_Vivado/vivado/axu2cga_trd.runs/design_1_v_frmbuf_wr_1_0_synth_1/prj/sol/.autopilot/db/v_frmbuf_wr.cpp:51:
In file included from c:/TFG_Vivado/vivado/axu2cga_trd.gen/sources_1/bd/design_1/ip/design_1_v_frmbuf_wr_1_0/src\v_frmbuf_wr.h:49:
In file included from c:/TFG_Vivado/vivado/axu2cga_trd.gen/sources_1/bd/design_1/ip/design_1_v_frmbuf_wr_1_0/src/hls_video.h:77:
c:/TFG_Vivado/vivado/axu2cga_trd.gen/sources_1/bd/design_1/ip/design_1_v_frmbuf_wr_1_0/src/hls/hls_video_imgproc.h:166:1: warning: HLS pragma dump _XLX_SEP_ PragmaIsValid=1_XLX_SEP_ PragmaType=inline_XLX_SEP_ PragmaContext=hls_XLX_SEP_ PragmaFunction=apply_XLX_SEP_ PragmaOptions=_XLX_SEP_ [-Wdump-hls-pragmas]
#pragma HLS INLINE
^
c:/TFG_Vivado/vivado/axu2cga_trd.gen/sources_1/bd/design_1/ip/design_1_v_frmbuf_wr_1_0/src/hls/hls_video_imgproc.h:192:1: warning: HLS pragma dump _XLX_SEP_ PragmaIsValid=1_XLX_SEP_ PragmaType=inline_XLX_SEP_ PragmaContext=hls_XLX_SEP_ PragmaFunction=apply_XLX_SEP_ PragmaOptions=_XLX_SEP_ [-Wdump-hls-pragmas]
#pragma HLS INLINE
^
c:/TFG_Vivado/vivado/axu2cga_trd.gen/sources_1/bd/design_1/ip/design_1_v_frmbuf_wr_1_0/src/hls/hls_video_imgproc.h:294:1: warning: HLS pragma dump _XLX_SEP_ PragmaIsValid=1_XLX_SEP_ PragmaType=inline_XLX_SEP_ PragmaContext=hls_XLX_SEP_ PragmaFunction=apply_XLX_SEP_ PragmaOptions=_XLX_SEP_ [-Wdump-hls-pragmas]
#pragma HLS INLINE
^
c:/TFG_Vivado/vivado/axu2cga_trd.gen/sources_1/bd/design_1/ip/design_1_v_frmbuf_wr_1_0/src/hls/hls_video_imgproc.h:316:1: warning: HLS pragma dump _XLX_SEP_ PragmaIsValid=1_XLX_SEP_ PragmaType=inline_XLX_SEP_ PragmaContext=hls_XLX_SEP_ PragmaFunction=apply_XLX_SEP_ PragmaOptions=_XLX_SEP_ [-Wdump-hls-pragmas]
#pragma HLS INLINE
^
c:/TFG_Vivado/vivado/axu2cga_trd.gen/sources_1/bd/design_1/ip/design_1_v_frmbuf_wr_1_0/src/hls/hls_video_imgproc.h:330:1: warning: HLS pragma dump _XLX_SEP_ PragmaIsValid=1_XLX_SEP_ PragmaType=inline_XLX_SEP_ PragmaContext=hls_XLX_SEP_ PragmaFunction=getStructuringElement_XLX_SEP_ PragmaOptions=_XLX_SEP_ [-Wdump-hls-pragmas]
#pragma HLS inline
^
c:/TFG_Vivado/vivado/axu2cga_trd.gen/sources_1/bd/design_1/ip/design_1_v_frmbuf_wr_1_0/src/hls/hls_video_imgproc.h:387:1: warning: HLS pragma dump _XLX_SEP_ PragmaIsValid=1_XLX_SEP_ PragmaType=inline_XLX_SEP_ PragmaContext=hls_XLX_SEP_ PragmaFunction=fill_pixelkernel_XLX_SEP_ PragmaOptions=_XLX_SEP_ [-Wdump-hls-pragmas]
#pragma HLS INLINE
^
c:/TFG_Vivado/vivado/axu2cga_trd.gen/sources_1/bd/design_1/ip/design_1_v_frmbuf_wr_1_0/src/hls/hls_video_imgproc.h:410:1: warning: HLS pragma dump _XLX_SEP_ PragmaIsValid=1_XLX_SEP_ PragmaType=inline_XLX_SEP_ PragmaContext=hls_XLX_SEP_ PragmaFunction=filter_XLX_SEP_ PragmaOptions=_XLX_SEP_ [-Wdump-hls-pragmas]
#pragma HLS inline
^
c:/TFG_Vivado/vivado/axu2cga_trd.gen/sources_1/bd/design_1/ip/design_1_v_frmbuf_wr_1_0/src/hls/hls_video_imgproc.h:427:1: warning: HLS pragma dump _XLX_SEP_ PragmaIsValid=1_XLX_SEP_ PragmaType=array_partition_XLX_SEP_ PragmaContext=hls_XLX_SEP_ PragmaFunction=filter_XLX_SEP_ PragmaOptions=variable=col_buf complete dim=0_XLX_SEP_ [-Wdump-hls-pragmas]
#pragma HLS ARRAY_PARTITION variable=col_buf complete dim=0
^
c:/TFG_Vivado/vivado/axu2cga_trd.gen/sources_1/bd/design_1/ip/design_1_v_frmbuf_wr_1_0/src/hls/hls_video_imgproc.h:428:1: warning: HLS pragma dump _XLX_SEP_ PragmaIsValid=1_XLX_SEP_ PragmaType=array_partition_XLX_SEP_ PragmaContext=hls_XLX_SEP_ PragmaFunction=filter_XLX_SEP_ PragmaOptions=variable=&kernel complete dim=0_XLX_SEP_ [-Wdump-hls-pragmas]
#pragma HLS ARRAY_PARTITION variable=&kernel complete dim=0
^
c:/TFG_Vivado/vivado/axu2cga_trd.gen/sources_1/bd/design_1/ip/design_1_v_frmbuf_wr_1_0/src/hls/hls_video_imgproc.h:429:1: warning: HLS pragma dump _XLX_SEP_ PragmaIsValid=1_XLX_SEP_ PragmaType=array_partition_XLX_SEP_ PragmaContext=hls_XLX_SEP_ PragmaFunction=filter_XLX_SEP_ PragmaOptions=variable=src_kernel_win complete dim=0_XLX_SEP_ [-Wdump-hls-pragmas]
#pragma HLS ARRAY_PARTITION variable=src_kernel_win complete dim=0
^
c:/TFG_Vivado/vivado/axu2cga_trd.gen/sources_1/bd/design_1/ip/design_1_v_frmbuf_wr_1_0/src/hls/hls_video_imgproc.h:430:1: warning: HLS pragma dump _XLX_SEP_ PragmaIsValid=1_XLX_SEP_ PragmaType=array_partition_XLX_SEP_ PragmaContext=hls_XLX_SEP_ PragmaFunction=filter_XLX_SEP_ PragmaOptions=variable=k_buf complete dim=1_XLX_SEP_ [-Wdump-hls-pragmas]
#pragma HLS ARRAY_PARTITION variable=k_buf complete dim=1
^
c:/TFG_Vivado/vivado/axu2cga_trd.gen/sources_1/bd/design_1/ip/design_1_v_frmbuf_wr_1_0/src/hls/hls_video_imgproc.h:431:1: warning: HLS pragma dump _XLX_SEP_ PragmaIsValid=1_XLX_SEP_ PragmaType=array_partition_XLX_SEP_ PragmaContext=hls_XLX_SEP_ PragmaFunction=filter_XLX_SEP_ PragmaOptions=variable=right_border_buf complete dim=0_XLX_SEP_ [-Wdump-hls-pragmas]
#pragma HLS ARRAY_PARTITION variable=right_border_buf complete dim=0
^
c:/TFG_Vivado/vivado/axu2cga_trd.gen/sources_1/bd/design_1/ip/design_1_v_frmbuf_wr_1_0/src/hls/hls_video_imgproc.h:461:1: warning: HLS pragma dump _XLX_SEP_ PragmaIsValid=1_XLX_SEP_ PragmaType=dependence_XLX_SEP_ PragmaContext=hls_XLX_SEP_ PragmaFunction=filter_XLX_SEP_ PragmaOptions=array inter false_XLX_SEP_ [-Wdump-hls-pragmas]
#pragma HLS DEPENDENCE array inter false
^
c:/TFG_Vivado/vivado/axu2cga_trd.gen/sources_1/bd/design_1/ip/design_1_v_frmbuf_wr_1_0/src/hls/hls_video_imgproc.h:462:1: warning: HLS pragma dump _XLX_SEP_ PragmaIsValid=1_XLX_SEP_ PragmaType=loop_flatten_XLX_SEP_ PragmaContext=hls_XLX_SEP_ PragmaFunction=filter_XLX_SEP_ PragmaOptions=OFF_XLX_SEP_ [-Wdump-hls-pragmas]
#pragma HLS LOOP_FLATTEN OFF
^
c:/TFG_Vivado/vivado/axu2cga_trd.gen/sources_1/bd/design_1/ip/design_1_v_frmbuf_wr_1_0/src/hls/hls_video_imgproc.h:463:1: warning: HLS pragma dump _XLX_SEP_ PragmaIsValid=1_XLX_SEP_ PragmaType=pipeline_XLX_SEP_ PragmaContext=hls_XLX_SEP_ PragmaFunction=filter_XLX_SEP_ PragmaOptions=_XLX_SEP_ [-Wdump-hls-pragmas]
#pragma HLS PIPELINE
^
c:/TFG_Vivado/vivado/axu2cga_trd.gen/sources_1/bd/design_1/ip/design_1_v_frmbuf_wr_1_0/src/hls/hls_video_imgproc.h:541:1: warning: HLS pragma dump _XLX_SEP_ PragmaIsValid=1_XLX_SEP_ PragmaType=inline_XLX_SEP_ PragmaContext=hls_XLX_SEP_ PragmaFunction=get_parameters_XLX_SEP_ PragmaOptions=_XLX_SEP_ [-Wdump-hls-pragmas]
#pragma HLS inline
^
c:/TFG_Vivado/vivado/axu2cga_trd.gen/sources_1/bd/design_1/ip/design_1_v_frmbuf_wr_1_0/src/hls/hls_video_imgproc.h:603:1: warning: HLS pragma dump _XLX_SEP_ PragmaIsValid=1_XLX_SEP_ PragmaType=inline_XLX_SEP_ PragmaContext=hls_XLX_SEP_ PragmaFunction=filter_XLX_SEP_ PragmaOptions=_XLX_SEP_ [-Wdump-hls-pragmas]
#pragma HLS inline
^
c:/TFG_Vivado/vivado/axu2cga_trd.gen/sources_1/bd/design_1/ip/design_1_v_frmbuf_wr_1_0/src/hls/hls_video_imgproc.h:612:1: warning: HLS pragma dump _XLX_SEP_ PragmaIsValid=1_XLX_SEP_ PragmaType=array_partition_XLX_SEP_ PragmaContext=hls_XLX_SEP_ PragmaFunction=filter_XLX_SEP_ PragmaOptions=variable=&kernel complete dim=0_XLX_SEP_ [-Wdump-hls-pragmas]
#pragma HLS ARRAY_PARTITION variable=&kernel complete dim=0
^
c:/TFG_Vivado/vivado/axu2cga_trd.gen/sources_1/bd/design_1/ip/design_1_v_frmbuf_wr_1_0/src/hls/hls_video_imgproc.h:613:1: warning: HLS pragma dump _XLX_SEP_ PragmaIsValid=1_XLX_SEP_ PragmaType=array_partition_XLX_SEP_ PragmaContext=hls_XLX_SEP_ PragmaFunction=filter_XLX_SEP_ PragmaOptions=variable=src_kernel_win complete dim=0_XLX_SEP_ [-Wdump-hls-pragmas]
#pragma HLS ARRAY_PARTITION variable=src_kernel_win complete dim=0
^
c:/TFG_Vivado/vivado/axu2cga_trd.gen/sources_1/bd/design_1/ip/design_1_v_frmbuf_wr_1_0/src/hls/hls_video_imgproc.h:614:1: warning: HLS pragma dump _XLX_SEP_ PragmaIsValid=1_XLX_SEP_ PragmaType=array_partition_XLX_SEP_ PragmaContext=hls_XLX_SEP_ PragmaFunction=filter_XLX_SEP_ PragmaOptions=variable=k_buf complete dim=1_XLX_SEP_ [-Wdump-hls-pragmas]
#pragma HLS ARRAY_PARTITION variable=k_buf complete dim=1
^
c:/TFG_Vivado/vivado/axu2cga_trd.gen/sources_1/bd/design_1/ip/design_1_v_frmbuf_wr_1_0/src/hls/hls_video_imgproc.h:615:1: warning: HLS pragma dump _XLX_SEP_ PragmaIsValid=1_XLX_SEP_ PragmaType=array_partition_XLX_SEP_ PragmaContext=hls_XLX_SEP_ PragmaFunction=filter_XLX_SEP_ PragmaOptions=variable=col_buf complete dim=0_XLX_SEP_ [-Wdump-hls-pragmas]
#pragma HLS ARRAY_PARTITION variable=col_buf complete dim=0
^
c:/TFG_Vivado/vivado/axu2cga_trd.gen/sources_1/bd/design_1/ip/design_1_v_frmbuf_wr_1_0/src/hls/hls_video_imgproc.h:642:1: warning: HLS pragma dump _XLX_SEP_ PragmaIsValid=1_XLX_SEP_ PragmaType=loop_flatten_XLX_SEP_ PragmaContext=hls_XLX_SEP_ PragmaFunction=filter_XLX_SEP_ PragmaOptions=OFF_XLX_SEP_ [-Wdump-hls-pragmas]
#pragma HLS LOOP_FLATTEN OFF
^
c:/TFG_Vivado/vivado/axu2cga_trd.gen/sources_1/bd/design_1/ip/design_1_v_frmbuf_wr_1_0/src/hls/hls_video_imgproc.h:643:1: warning: HLS pragma dump _XLX_SEP_ PragmaIsValid=1_XLX_SEP_ PragmaType=pipeline_XLX_SEP_ PragmaContext=hls_XLX_SEP_ PragmaFunction=filter_XLX_SEP_ PragmaOptions=_XLX_SEP_ [-Wdump-hls-pragmas]
#pragma HLS PIPELINE
^
c:/TFG_Vivado/vivado/axu2cga_trd.gen/sources_1/bd/design_1/ip/design_1_v_frmbuf_wr_1_0/src/hls/hls_video_imgproc.h:730:1: warning: HLS pragma dump _XLX_SEP_ PragmaIsValid=1_XLX_SEP_ PragmaType=array_partition_XLX_SEP_ PragmaContext=hls_XLX_SEP_ PragmaFunction=column_filter_XLX_SEP_ PragmaOptions=variable=col_buf complete dim=0_XLX_SEP_ [-Wdump-hls-pragmas]
#pragma HLS ARRAY_PARTITION variable=col_buf complete dim=0
^
c:/TFG_Vivado/vivado/axu2cga_trd.gen/sources_1/bd/design_1/ip/design_1_v_frmbuf_wr_1_0/src/hls/hls_video_imgproc.h:731:1: warning: HLS pragma dump _XLX_SEP_ PragmaIsValid=1_XLX_SEP_ PragmaType=array_partition_XLX_SEP_ PragmaContext=hls_XLX_SEP_ PragmaFunction=column_filter_XLX_SEP_ PragmaOptions=variable=&kernelY complete dim=0_XLX_SEP_ [-Wdump-hls-pragmas]
#pragma HLS ARRAY_PARTITION variable=&kernelY complete dim=0
^
c:/TFG_Vivado/vivado/axu2cga_trd.gen/sources_1/bd/design_1/ip/design_1_v_frmbuf_wr_1_0/src/hls/hls_video_imgproc.h:732:1: warning: HLS pragma dump _XLX_SEP_ PragmaIsValid=1_XLX_SEP_ PragmaType=array_partition_XLX_SEP_ PragmaContext=hls_XLX_SEP_ PragmaFunction=column_filter_XLX_SEP_ PragmaOptions=variable=src_kernel_winY complete dim=0_XLX_SEP_ [-Wdump-hls-pragmas]
#pragma HLS ARRAY_PARTITION variable=src_kernel_winY complete dim=0
^
c:/TFG_Vivado/vivado/axu2cga_trd.gen/sources_1/bd/design_1/ip/design_1_v_frmbuf_wr_1_0/src/hls/hls_video_imgproc.h:733:1: warning: HLS pragma dump _XLX_SEP_ PragmaIsValid=1_XLX_SEP_ PragmaType=array_partition_XLX_SEP_ PragmaContext=hls_XLX_SEP_ PragmaFunction=column_filter_XLX_SEP_ PragmaOptions=variable=k_buf complete dim=1_XLX_SEP_ [-Wdump-hls-pragmas]
#pragma HLS ARRAY_PARTITION variable=k_buf complete dim=1
^
c:/TFG_Vivado/vivado/axu2cga_trd.gen/sources_1/bd/design_1/ip/design_1_v_frmbuf_wr_1_0/src/hls/hls_video_imgproc.h:776:1: warning: HLS pragma dump _XLX_SEP_ PragmaIsValid=1_XLX_SEP_ PragmaType=dependence_XLX_SEP_ PragmaContext=hls_XLX_SEP_ PragmaFunction=column_filter_XLX_SEP_ PragmaOptions=array inter false_XLX_SEP_ [-Wdump-hls-pragmas]
#pragma HLS DEPENDENCE array inter false
^
c:/TFG_Vivado/vivado/axu2cga_trd.gen/sources_1/bd/design_1/ip/design_1_v_frmbuf_wr_1_0/src/hls/hls_video_imgproc.h:777:1: warning: HLS pragma dump _XLX_SEP_ PragmaIsValid=1_XLX_SEP_ PragmaType=loop_flatten_XLX_SEP_ PragmaContext=hls_XLX_SEP_ PragmaFunction=column_filter_XLX_SEP_ PragmaOptions=OFF_XLX_SEP_ [-Wdump-hls-pragmas]
#pragma HLS LOOP_FLATTEN OFF
^
c:/TFG_Vivado/vivado/axu2cga_trd.gen/sources_1/bd/design_1/ip/design_1_v_frmbuf_wr_1_0/src/hls/hls_video_imgproc.h:778:1: warning: HLS pragma dump _XLX_SEP_ PragmaIsValid=1_XLX_SEP_ PragmaType=pipeline_XLX_SEP_ PragmaContext=hls_XLX_SEP_ PragmaFunction=column_filter_XLX_SEP_ PragmaOptions=_XLX_SEP_ [-Wdump-hls-pragmas]
#pragma HLS PIPELINE
^
c:/TFG_Vivado/vivado/axu2cga_trd.gen/sources_1/bd/design_1/ip/design_1_v_frmbuf_wr_1_0/src/hls/hls_video_imgproc.h:864:1: warning: HLS pragma dump _XLX_SEP_ PragmaIsValid=1_XLX_SEP_ PragmaType=array_partition_XLX_SEP_ PragmaContext=hls_XLX_SEP_ PragmaFunction=row_filter_XLX_SEP_ PragmaOptions=variable=&kernelX complete dim=0_XLX_SEP_ [-Wdump-hls-pragmas]
#pragma HLS ARRAY_PARTITION variable=&kernelX complete dim=0
^
c:/TFG_Vivado/vivado/axu2cga_trd.gen/sources_1/bd/design_1/ip/design_1_v_frmbuf_wr_1_0/src/hls/hls_video_imgproc.h:865:1: warning: HLS pragma dump _XLX_SEP_ PragmaIsValid=1_XLX_SEP_ PragmaType=array_partition_XLX_SEP_ PragmaContext=hls_XLX_SEP_ PragmaFunction=row_filter_XLX_SEP_ PragmaOptions=variable=src_kernel_winX complete dim=0_XLX_SEP_ [-Wdump-hls-pragmas]
#pragma HLS ARRAY_PARTITION variable=src_kernel_winX complete dim=0
^
c:/TFG_Vivado/vivado/axu2cga_trd.gen/sources_1/bd/design_1/ip/design_1_v_frmbuf_wr_1_0/src/hls/hls_video_imgproc.h:866:1: warning: HLS pragma dump _XLX_SEP_ PragmaIsValid=1_XLX_SEP_ PragmaType=array_partition_XLX_SEP_ PragmaContext=hls_XLX_SEP_ PragmaFunction=row_filter_XLX_SEP_ PragmaOptions=variable=src_kernel_winX_temp complete dim=0_XLX_SEP_ [-Wdump-hls-pragmas]
#pragma HLS ARRAY_PARTITION variable=src_kernel_winX_temp complete dim=0
^
c:/TFG_Vivado/vivado/axu2cga_trd.gen/sources_1/bd/design_1/ip/design_1_v_frmbuf_wr_1_0/src/hls/hls_video_imgproc.h:867:1: warning: HLS pragma dump _XLX_SEP_ PragmaIsValid=1_XLX_SEP_ PragmaType=array_partition_XLX_SEP_ PragmaContext=hls_XLX_SEP_ PragmaFunction=row_filter_XLX_SEP_ PragmaOptions=variable=row_buf complete dim=0_XLX_SEP_ [-Wdump-hls-pragmas]
#pragma HLS ARRAY_PARTITION variable=row_buf complete dim=0
^
c:/TFG_Vivado/vivado/axu2cga_trd.gen/sources_1/bd/design_1/ip/design_1_v_frmbuf_wr_1_0/src/hls/hls_video_imgproc.h:868:1: warning: HLS pragma dump _XLX_SEP_ PragmaIsValid=1_XLX_SEP_ PragmaType=array_partition_XLX_SEP_ PragmaContext=hls_XLX_SEP_ PragmaFunction=row_filter_XLX_SEP_ PragmaOptions=variable=l_border_buf complete dim=1_XLX_SEP_ [-Wdump-hls-pragmas]
#pragma HLS ARRAY_PARTITION variable=l_border_buf complete dim=1
^
c:/TFG_Vivado/vivado/axu2cga_trd.gen/sources_1/bd/design_1/ip/design_1_v_frmbuf_wr_1_0/src/hls/hls_video_imgproc.h:869:1: warning: HLS pragma dump _XLX_SEP_ PragmaIsValid=1_XLX_SEP_ PragmaType=array_partition_XLX_SEP_ PragmaContext=hls_XLX_SEP_ PragmaFunction=row_filter_XLX_SEP_ PragmaOptions=variable=r_border_buf complete dim=1_XLX_SEP_ [-Wdump-hls-pragmas]
#pragma HLS ARRAY_PARTITION variable=r_border_buf complete dim=1
^
c:/TFG_Vivado/vivado/axu2cga_trd.gen/sources_1/bd/design_1/ip/design_1_v_frmbuf_wr_1_0/src/hls/hls_video_imgproc.h:925:1: warning: HLS pragma dump _XLX_SEP_ PragmaIsValid=1_XLX_SEP_ PragmaType=dependence_XLX_SEP_ PragmaContext=hls_XLX_SEP_ PragmaFunction=row_filter_XLX_SEP_ PragmaOptions=array inter false_XLX_SEP_ [-Wdump-hls-pragmas]
#pragma HLS DEPENDENCE array inter false
^
c:/TFG_Vivado/vivado/axu2cga_trd.gen/sources_1/bd/design_1/ip/design_1_v_frmbuf_wr_1_0/src/hls/hls_video_imgproc.h:926:1: warning: HLS pragma dump _XLX_SEP_ PragmaIsValid=1_XLX_SEP_ PragmaType=loop_flatten_XLX_SEP_ PragmaContext=hls_XLX_SEP_ PragmaFunction=row_filter_XLX_SEP_ PragmaOptions=OFF_XLX_SEP_ [-Wdump-hls-pragmas]
#pragma HLS LOOP_FLATTEN OFF
^
c:/TFG_Vivado/vivado/axu2cga_trd.gen/sources_1/bd/design_1/ip/design_1_v_frmbuf_wr_1_0/src/hls/hls_video_imgproc.h:927:1: warning: HLS pragma dump _XLX_SEP_ PragmaIsValid=1_XLX_SEP_ PragmaType=pipeline_XLX_SEP_ PragmaContext=hls_XLX_SEP_ PragmaFunction=row_filter_XLX_SEP_ PragmaOptions=_XLX_SEP_ [-Wdump-hls-pragmas]
#pragma HLS PIPELINE
^
c:/TFG_Vivado/vivado/axu2cga_trd.gen/sources_1/bd/design_1/ip/design_1_v_frmbuf_wr_1_0/src/hls/hls_video_imgproc.h:993:1: warning: HLS pragma dump _XLX_SEP_ PragmaIsValid=1_XLX_SEP_ PragmaType=inline_XLX_SEP_ PragmaContext=hls_XLX_SEP_ PragmaFunction=filter_XLX_SEP_ PragmaOptions=_XLX_SEP_ [-Wdump-hls-pragmas]
#pragma HLS inline
^
c:/TFG_Vivado/vivado/axu2cga_trd.gen/sources_1/bd/design_1/ip/design_1_v_frmbuf_wr_1_0/src/hls/hls_video_imgproc.h:994:1: warning: HLS pragma dump _XLX_SEP_ PragmaIsValid=1_XLX_SEP_ PragmaType=dataflow_XLX_SEP_ PragmaContext=hls_XLX_SEP_ PragmaFunction=filter_XLX_SEP_ PragmaOptions=_XLX_SEP_ [-Wdump-hls-pragmas]
#pragma HLS DATAFLOW
^
c:/TFG_Vivado/vivado/axu2cga_trd.gen/sources_1/bd/design_1/ip/design_1_v_frmbuf_wr_1_0/src/hls/hls_video_imgproc.h:1016:1: warning: HLS pragma dump _XLX_SEP_ PragmaIsValid=1_XLX_SEP_ PragmaType=inline_XLX_SEP_ PragmaContext=hls_XLX_SEP_ PragmaFunction=filter_XLX_SEP_ PragmaOptions=_XLX_SEP_ [-Wdump-hls-pragmas]
#pragma HLS inline
^
c:/TFG_Vivado/vivado/axu2cga_trd.gen/sources_1/bd/design_1/ip/design_1_v_frmbuf_wr_1_0/src/hls/hls_video_imgproc.h:1037:1: warning: HLS pragma dump _XLX_SEP_ PragmaIsValid=1_XLX_SEP_ PragmaType=inline_XLX_SEP_ PragmaContext=hls_XLX_SEP_ PragmaFunction=filter_XLX_SEP_ PragmaOptions=_XLX_SEP_ [-Wdump-hls-pragmas]
#pragma HLS inline
^
c:/TFG_Vivado/vivado/axu2cga_trd.gen/sources_1/bd/design_1/ip/design_1_v_frmbuf_wr_1_0/src/hls/hls_video_imgproc.h:1048:1: warning: HLS pragma dump _XLX_SEP_ PragmaIsValid=1_XLX_SEP_ PragmaType=array_partition_XLX_SEP_ PragmaContext=hls_XLX_SEP_ PragmaFunction=filter_XLX_SEP_ PragmaOptions=variable=&kernelX complete dim=0_XLX_SEP_ [-Wdump-hls-pragmas]
#pragma HLS ARRAY_PARTITION variable=&kernelX complete dim=0
^
c:/TFG_Vivado/vivado/axu2cga_trd.gen/sources_1/bd/design_1/ip/design_1_v_frmbuf_wr_1_0/src/hls/hls_video_imgproc.h:1049:1: warning: HLS pragma dump _XLX_SEP_ PragmaIsValid=1_XLX_SEP_ PragmaType=array_partition_XLX_SEP_ PragmaContext=hls_XLX_SEP_ PragmaFunction=filter_XLX_SEP_ PragmaOptions=variable=&kernelY complete dim=0_XLX_SEP_ [-Wdump-hls-pragmas]
#pragma HLS ARRAY_PARTITION variable=&kernelY complete dim=0
^
c:/TFG_Vivado/vivado/axu2cga_trd.gen/sources_1/bd/design_1/ip/design_1_v_frmbuf_wr_1_0/src/hls/hls_video_imgproc.h:1050:1: warning: HLS pragma dump _XLX_SEP_ PragmaIsValid=1_XLX_SEP_ PragmaType=array_partition_XLX_SEP_ PragmaContext=hls_XLX_SEP_ PragmaFunction=filter_XLX_SEP_ PragmaOptions=variable=src_kernel_winX complete dim=0_XLX_SEP_ [-Wdump-hls-pragmas]
#pragma HLS ARRAY_PARTITION variable=src_kernel_winX complete dim=0
^
c:/TFG_Vivado/vivado/axu2cga_trd.gen/sources_1/bd/design_1/ip/design_1_v_frmbuf_wr_1_0/src/hls/hls_video_imgproc.h:1051:1: warning: HLS pragma dump _XLX_SEP_ PragmaIsValid=1_XLX_SEP_ PragmaType=array_partition_XLX_SEP_ PragmaContext=hls_XLX_SEP_ PragmaFunction=filter_XLX_SEP_ PragmaOptions=variable=src_kernel_winX_temp complete dim=0_XLX_SEP_ [-Wdump-hls-pragmas]
#pragma HLS ARRAY_PARTITION variable=src_kernel_winX_temp complete dim=0
^
c:/TFG_Vivado/vivado/axu2cga_trd.gen/sources_1/bd/design_1/ip/design_1_v_frmbuf_wr_1_0/src/hls/hls_video_imgproc.h:1052:1: warning: HLS pragma dump _XLX_SEP_ PragmaIsValid=1_XLX_SEP_ PragmaType=array_partition_XLX_SEP_ PragmaContext=hls_XLX_SEP_ PragmaFunction=filter_XLX_SEP_ PragmaOptions=variable=src_kernel_winY complete dim=0_XLX_SEP_ [-Wdump-hls-pragmas]
#pragma HLS ARRAY_PARTITION variable=src_kernel_winY complete dim=0
^
c:/TFG_Vivado/vivado/axu2cga_trd.gen/sources_1/bd/design_1/ip/design_1_v_frmbuf_wr_1_0/src/hls/hls_video_imgproc.h:1053:1: warning: HLS pragma dump _XLX_SEP_ PragmaIsValid=1_XLX_SEP_ PragmaType=array_partition_XLX_SEP_ PragmaContext=hls_XLX_SEP_ PragmaFunction=filter_XLX_SEP_ PragmaOptions=variable=k_buf complete dim=1_XLX_SEP_ [-Wdump-hls-pragmas]
#pragma HLS ARRAY_PARTITION variable=k_buf complete dim=1
^
c:/TFG_Vivado/vivado/axu2cga_trd.gen/sources_1/bd/design_1/ip/design_1_v_frmbuf_wr_1_0/src/hls/hls_video_imgproc.h:1074:1: warning: HLS pragma dump _XLX_SEP_ PragmaIsValid=1_XLX_SEP_ PragmaType=loop_flatten_XLX_SEP_ PragmaContext=hls_XLX_SEP_ PragmaFunction=filter_XLX_SEP_ PragmaOptions=OFF_XLX_SEP_ [-Wdump-hls-pragmas]
#pragma HLS LOOP_FLATTEN OFF
^
c:/TFG_Vivado/vivado/axu2cga_trd.gen/sources_1/bd/design_1/ip/design_1_v_frmbuf_wr_1_0/src/hls/hls_video_imgproc.h:1075:1: warning: HLS pragma dump _XLX_SEP_ PragmaIsValid=1_XLX_SEP_ PragmaType=pipeline_XLX_SEP_ PragmaContext=hls_XLX_SEP_ PragmaFunction=filter_XLX_SEP_ PragmaOptions=_XLX_SEP_ [-Wdump-hls-pragmas]
#pragma HLS PIPELINE
^
c:/TFG_Vivado/vivado/axu2cga_trd.gen/sources_1/bd/design_1/ip/design_1_v_frmbuf_wr_1_0/src/hls/hls_video_imgproc.h:1144:1: warning: HLS pragma dump _XLX_SEP_ PragmaIsValid=1_XLX_SEP_ PragmaType=inline_XLX_SEP_ PragmaContext=hls_XLX_SEP_ PragmaFunction=filter_XLX_SEP_ PragmaOptions=_XLX_SEP_ [-Wdump-hls-pragmas]
#pragma HLS inline
^
c:/TFG_Vivado/vivado/axu2cga_trd.gen/sources_1/bd/design_1/ip/design_1_v_frmbuf_wr_1_0/src/hls/hls_video_imgproc.h:1171:1: warning: HLS pragma dump _XLX_SEP_ PragmaIsValid=1_XLX_SEP_ PragmaType=dataflow_XLX_SEP_ PragmaContext=hls_XLX_SEP_ PragmaFunction=filter_opr_iter_XLX_SEP_ PragmaOptions=_XLX_SEP_ [-Wdump-hls-pragmas]
#pragma HLS DATAFLOW
^
c:/TFG_Vivado/vivado/axu2cga_trd.gen/sources_1/bd/design_1/ip/design_1_v_frmbuf_wr_1_0/src/hls/hls_video_imgproc.h:1173:1: warning: HLS pragma dump _XLX_SEP_ PragmaIsValid=1_XLX_SEP_ PragmaType=array_partition_XLX_SEP_ PragmaContext=hls_XLX_SEP_ PragmaFunction=filter_opr_iter_XLX_SEP_ PragmaOptions=dim=1 type=complete variable=internal_XLX_SEP_ [-Wdump-hls-pragmas]
#pragma HLS ARRAY_PARTITION dim=1 type=complete variable=internal
^
c:/TFG_Vivado/vivado/axu2cga_trd.gen/sources_1/bd/design_1/ip/design_1_v_frmbuf_wr_1_0/src/hls/hls_video_imgproc.h:1177:1: warning: HLS pragma dump _XLX_SEP_ PragmaIsValid=1_XLX_SEP_ PragmaType=unroll_XLX_SEP_ PragmaContext=hls_XLX_SEP_ PragmaFunction=filter_opr_iter_XLX_SEP_ PragmaOptions=_XLX_SEP_ [-Wdump-hls-pragmas]
#pragma HLS UNROLL
^
c:/TFG_Vivado/vivado/axu2cga_trd.gen/sources_1/bd/design_1/ip/design_1_v_frmbuf_wr_1_0/src/hls/hls_video_imgproc.h:1188:1: warning: HLS pragma dump _XLX_SEP_ PragmaIsValid=1_XLX_SEP_ PragmaType=inline_XLX_SEP_ PragmaContext=hls_XLX_SEP_ PragmaFunction=morp_opr_XLX_SEP_ PragmaOptions=_XLX_SEP_ [-Wdump-hls-pragmas]
#pragma HLS inline
^
c:/TFG_Vivado/vivado/axu2cga_trd.gen/sources_1/bd/design_1/ip/design_1_v_frmbuf_wr_1_0/src/hls/hls_video_imgproc.h:1210:1: warning: HLS pragma dump _XLX_SEP_ PragmaIsValid=1_XLX_SEP_ PragmaType=inline_XLX_SEP_ PragmaContext=hls_XLX_SEP_ PragmaFunction=morp_opr_XLX_SEP_ PragmaOptions=_XLX_SEP_ [-Wdump-hls-pragmas]
#pragma HLS INLINE
^
c:/TFG_Vivado/vivado/axu2cga_trd.gen/sources_1/bd/design_1/ip/design_1_v_frmbuf_wr_1_0/src/hls/hls_video_imgproc.h:1255:1: warning: HLS pragma dump _XLX_SEP_ PragmaIsValid=1_XLX_SEP_ PragmaType=inline_XLX_SEP_ PragmaContext=hls_XLX_SEP_ PragmaFunction=Erode_XLX_SEP_ PragmaOptions=_XLX_SEP_ [-Wdump-hls-pragmas]
#pragma HLS INLINE
^
c:/TFG_Vivado/vivado/axu2cga_trd.gen/sources_1/bd/design_1/ip/design_1_v_frmbuf_wr_1_0/src/hls/hls_video_imgproc.h:1282:1: warning: HLS pragma dump _XLX_SEP_ PragmaIsValid=1_XLX_SEP_ PragmaType=inline_XLX_SEP_ PragmaContext=hls_XLX_SEP_ PragmaFunction=Dilate_XLX_SEP_ PragmaOptions=_XLX_SEP_ [-Wdump-hls-pragmas]
#pragma HLS INLINE
^
c:/TFG_Vivado/vivado/axu2cga_trd.gen/sources_1/bd/design_1/ip/design_1_v_frmbuf_wr_1_0/src/hls/hls_video_imgproc.h:1507:1: warning: HLS pragma dump _XLX_SEP_ PragmaIsValid=1_XLX_SEP_ PragmaType=inline_XLX_SEP_ PragmaContext=hls_XLX_SEP_ PragmaFunction=convert_XLX_SEP_ PragmaOptions=_XLX_SEP_ [-Wdump-hls-pragmas]
#pragma HLS inline
^
c:/TFG_Vivado/vivado/axu2cga_trd.gen/sources_1/bd/design_1/ip/design_1_v_frmbuf_wr_1_0/src/hls/hls_video_imgproc.h:1523:1: warning: HLS pragma dump _XLX_SEP_ PragmaIsValid=1_XLX_SEP_ PragmaType=inline_XLX_SEP_ PragmaContext=hls_XLX_SEP_ PragmaFunction=max_XLX_SEP_ PragmaOptions=_XLX_SEP_ [-Wdump-hls-pragmas]
#pragma HLS inline
^
c:/TFG_Vivado/vivado/axu2cga_trd.gen/sources_1/bd/design_1/ip/design_1_v_frmbuf_wr_1_0/src/hls/hls_video_imgproc.h:1532:1: warning: HLS pragma dump _XLX_SEP_ PragmaIsValid=1_XLX_SEP_ PragmaType=inline_XLX_SEP_ PragmaContext=hls_XLX_SEP_ PragmaFunction=min_XLX_SEP_ PragmaOptions=_XLX_SEP_ [-Wdump-hls-pragmas]
#pragma HLS inline
^
c:/TFG_Vivado/vivado/axu2cga_trd.gen/sources_1/bd/design_1/ip/design_1_v_frmbuf_wr_1_0/src/hls/hls_video_imgproc.h:1569:1: warning: HLS pragma dump _XLX_SEP_ PragmaIsValid=1_XLX_SEP_ PragmaType=inline_XLX_SEP_ PragmaContext=hls_XLX_SEP_ PragmaFunction=apply_XLX_SEP_ PragmaOptions=_XLX_SEP_ [-Wdump-hls-pragmas]
#pragma HLS inline
^
c:/TFG_Vivado/vivado/axu2cga_trd.gen/sources_1/bd/design_1/ip/design_1_v_frmbuf_wr_1_0/src/hls/hls_video_imgproc.h:1580:1: warning: HLS pragma dump _XLX_SEP_ PragmaIsValid=1_XLX_SEP_ PragmaType=inline_XLX_SEP_ PragmaContext=hls_XLX_SEP_ PragmaFunction=apply_XLX_SEP_ PragmaOptions=_XLX_SEP_ [-Wdump-hls-pragmas]
#pragma HLS inline
^
c:/TFG_Vivado/vivado/axu2cga_trd.gen/sources_1/bd/design_1/ip/design_1_v_frmbuf_wr_1_0/src/hls/hls_video_imgproc.h:1721:1: warning: HLS pragma dump _XLX_SEP_ PragmaIsValid=1_XLX_SEP_ PragmaType=inline_XLX_SEP_ PragmaContext=hls_XLX_SEP_ PragmaFunction=apply_XLX_SEP_ PragmaOptions=_XLX_SEP_ [-Wdump-hls-pragmas]
#pragma HLS inline
^
c:/TFG_Vivado/vivado/axu2cga_trd.gen/sources_1/bd/design_1/ip/design_1_v_frmbuf_wr_1_0/src/hls/hls_video_imgproc.h:1786:1: warning: HLS pragma dump _XLX_SEP_ PragmaIsValid=1_XLX_SEP_ PragmaType=inline_XLX_SEP_ PragmaContext=hls_XLX_SEP_ PragmaFunction=apply_XLX_SEP_ PragmaOptions=_XLX_SEP_ [-Wdump-hls-pragmas]
#pragma HLS inline
^
c:/TFG_Vivado/vivado/axu2cga_trd.gen/sources_1/bd/design_1/ip/design_1_v_frmbuf_wr_1_0/src/hls/hls_video_imgproc.h:1797:1: warning: HLS pragma dump _XLX_SEP_ PragmaIsValid=1_XLX_SEP_ PragmaType=array_partition_XLX_SEP_ PragmaContext=hls_XLX_SEP_ PragmaFunction=apply_XLX_SEP_ PragmaOptions=variable=tab dim=0 complete_XLX_SEP_ [-Wdump-hls-pragmas]
#pragma HLS array_partition variable=tab dim=0 complete
^
c:/TFG_Vivado/vivado/axu2cga_trd.gen/sources_1/bd/design_1/ip/design_1_v_frmbuf_wr_1_0/src/hls/hls_video_imgproc.h:1836:1: warning: HLS pragma dump _XLX_SEP_ PragmaIsValid=1_XLX_SEP_ PragmaType=inline_XLX_SEP_ PragmaContext=hls_XLX_SEP_ PragmaFunction=apply_XLX_SEP_ PragmaOptions=_XLX_SEP_ [-Wdump-hls-pragmas]
#pragma HLS inline
^
c:/TFG_Vivado/vivado/axu2cga_trd.gen/sources_1/bd/design_1/ip/design_1_v_frmbuf_wr_1_0/src/hls/hls_video_imgproc.h:1919:1: warning: HLS pragma dump _XLX_SEP_ PragmaIsValid=1_XLX_SEP_ PragmaType=inline_XLX_SEP_ PragmaContext=hls_XLX_SEP_ PragmaFunction=apply_XLX_SEP_ PragmaOptions=_XLX_SEP_ [-Wdump-hls-pragmas]
#pragma HLS inline
^
c:/TFG_Vivado/vivado/axu2cga_trd.gen/sources_1/bd/design_1/ip/design_1_v_frmbuf_wr_1_0/src/hls/hls_video_imgproc.h:1930:1: warning: HLS pragma dump _XLX_SEP_ PragmaIsValid=1_XLX_SEP_ PragmaType=array_partition_XLX_SEP_ PragmaContext=hls_XLX_SEP_ PragmaFunction=apply_XLX_SEP_ PragmaOptions=variable=tab dim=0 complete_XLX_SEP_ [-Wdump-hls-pragmas]
#pragma HLS array_partition variable=tab dim=0 complete
^
c:/TFG_Vivado/vivado/axu2cga_trd.gen/sources_1/bd/design_1/ip/design_1_v_frmbuf_wr_1_0/src/hls/hls_video_imgproc.h:1985:1: warning: HLS pragma dump _XLX_SEP_ PragmaIsValid=1_XLX_SEP_ PragmaType=loop_flatten_XLX_SEP_ PragmaContext=hls_XLX_SEP_ PragmaFunction=CvtColor_XLX_SEP_ PragmaOptions=OFF_XLX_SEP_ [-Wdump-hls-pragmas]
#pragma HLS LOOP_FLATTEN OFF
^
c:/TFG_Vivado/vivado/axu2cga_trd.gen/sources_1/bd/design_1/ip/design_1_v_frmbuf_wr_1_0/src/hls/hls_video_imgproc.h:1986:1: warning: HLS pragma dump _XLX_SEP_ PragmaIsValid=1_XLX_SEP_ PragmaType=pipeline_XLX_SEP_ PragmaContext=hls_XLX_SEP_ PragmaFunction=CvtColor_XLX_SEP_ PragmaOptions=_XLX_SEP_ [-Wdump-hls-pragmas]
#pragma HLS PIPELINE
^
c:/TFG_Vivado/vivado/axu2cga_trd.gen/sources_1/bd/design_1/ip/design_1_v_frmbuf_wr_1_0/src/hls/hls_video_imgproc.h:2012:1: warning: HLS pragma dump _XLX_SEP_ PragmaIsValid=1_XLX_SEP_ PragmaType=loop_flatten_XLX_SEP_ PragmaContext=hls_XLX_SEP_ PragmaFunction=Integral_XLX_SEP_ PragmaOptions=OFF_XLX_SEP_ [-Wdump-hls-pragmas]
#pragma HLS LOOP_FLATTEN OFF
^
c:/TFG_Vivado/vivado/axu2cga_trd.gen/sources_1/bd/design_1/ip/design_1_v_frmbuf_wr_1_0/src/hls/hls_video_imgproc.h:2013:1: warning: HLS pragma dump _XLX_SEP_ PragmaIsValid=1_XLX_SEP_ PragmaType=pipeline_XLX_SEP_ PragmaContext=hls_XLX_SEP_ PragmaFunction=Integral_XLX_SEP_ PragmaOptions=_XLX_SEP_ [-Wdump-hls-pragmas]
#pragma HLS PIPELINE
^
c:/TFG_Vivado/vivado/axu2cga_trd.gen/sources_1/bd/design_1/ip/design_1_v_frmbuf_wr_1_0/src/hls/hls_video_imgproc.h:2052:1: warning: HLS pragma dump _XLX_SEP_ PragmaIsValid=1_XLX_SEP_ PragmaType=loop_flatten_XLX_SEP_ PragmaContext=hls_XLX_SEP_ PragmaFunction=Integral_XLX_SEP_ PragmaOptions=OFF_XLX_SEP_ [-Wdump-hls-pragmas]
#pragma HLS LOOP_FLATTEN OFF
^
c:/TFG_Vivado/vivado/axu2cga_trd.gen/sources_1/bd/design_1/ip/design_1_v_frmbuf_wr_1_0/src/hls/hls_video_imgproc.h:2053:1: warning: HLS pragma dump _XLX_SEP_ PragmaIsValid=1_XLX_SEP_ PragmaType=pipeline_XLX_SEP_ PragmaContext=hls_XLX_SEP_ PragmaFunction=Integral_XLX_SEP_ PragmaOptions=_XLX_SEP_ [-Wdump-hls-pragmas]
#pragma HLS PIPELINE
^
c:/TFG_Vivado/vivado/axu2cga_trd.gen/sources_1/bd/design_1/ip/design_1_v_frmbuf_wr_1_0/src/hls/hls_video_imgproc.h:2089:1: warning: HLS pragma dump _XLX_SEP_ PragmaIsValid=1_XLX_SEP_ PragmaType=inline_XLX_SEP_ PragmaContext=hls_XLX_SEP_ PragmaFunction=init_scale_coefficients_XLX_SEP_ PragmaOptions=off_XLX_SEP_ [-Wdump-hls-pragmas]
#pragma HLS inline off
^
c:/TFG_Vivado/vivado/axu2cga_trd.gen/sources_1/bd/design_1/ip/design_1_v_frmbuf_wr_1_0/src/hls/hls_video_imgproc.h:2120:1: warning: HLS pragma dump _XLX_SEP_ PragmaIsValid=1_XLX_SEP_ PragmaType=inline_XLX_SEP_ PragmaContext=hls_XLX_SEP_ PragmaFunction=scale_operator_XLX_SEP_ PragmaOptions=_XLX_SEP_ [-Wdump-hls-pragmas]
#pragma HLS inline
^
c:/TFG_Vivado/vivado/axu2cga_trd.gen/sources_1/bd/design_1/ip/design_1_v_frmbuf_wr_1_0/src/hls/hls_video_imgproc.h:2160:1: warning: HLS pragma dump _XLX_SEP_ PragmaIsValid=1_XLX_SEP_ PragmaType=array_partition_XLX_SEP_ PragmaContext=hls_XLX_SEP_ PragmaFunction=Resize_opr_bicubic_XLX_SEP_ PragmaOptions=variable= temp_in dim=0 complete_XLX_SEP_ [-Wdump-hls-pragmas]
#pragma HLS array_partition variable= temp_in dim=0 complete
^
c:/TFG_Vivado/vivado/axu2cga_trd.gen/sources_1/bd/design_1/ip/design_1_v_frmbuf_wr_1_0/src/hls/hls_video_imgproc.h:2161:1: warning: HLS pragma dump _XLX_SEP_ PragmaIsValid=1_XLX_SEP_ PragmaType=array_partition_XLX_SEP_ PragmaContext=hls_XLX_SEP_ PragmaFunction=Resize_opr_bicubic_XLX_SEP_ PragmaOptions=variable= temp_out dim=0 complete_XLX_SEP_ [-Wdump-hls-pragmas]
#pragma HLS array_partition variable= temp_out dim=0 complete
^
c:/TFG_Vivado/vivado/axu2cga_trd.gen/sources_1/bd/design_1/ip/design_1_v_frmbuf_wr_1_0/src/hls/hls_video_imgproc.h:2162:1: warning: HLS pragma dump _XLX_SEP_ PragmaIsValid=1_XLX_SEP_ PragmaType=array_partition_XLX_SEP_ PragmaContext=hls_XLX_SEP_ PragmaFunction=Resize_opr_bicubic_XLX_SEP_ PragmaOptions=variable= h_fir dim=0 complete_XLX_SEP_ [-Wdump-hls-pragmas]
#pragma HLS array_partition variable= h_fir dim=0 complete
^
c:/TFG_Vivado/vivado/axu2cga_trd.gen/sources_1/bd/design_1/ip/design_1_v_frmbuf_wr_1_0/src/hls/hls_video_imgproc.h:2163:1: warning: HLS pragma dump _XLX_SEP_ PragmaIsValid=1_XLX_SEP_ PragmaType=array_partition_XLX_SEP_ PragmaContext=hls_XLX_SEP_ PragmaFunction=Resize_opr_bicubic_XLX_SEP_ PragmaOptions=variable= v_fir dim=0 complete_XLX_SEP_ [-Wdump-hls-pragmas]
#pragma HLS array_partition variable= v_fir dim=0 complete
^
c:/TFG_Vivado/vivado/axu2cga_trd.gen/sources_1/bd/design_1/ip/design_1_v_frmbuf_wr_1_0/src/hls/hls_video_imgproc.h:2164:1: warning: HLS pragma dump _XLX_SEP_ PragmaIsValid=1_XLX_SEP_ PragmaType=array_partition_XLX_SEP_ PragmaContext=hls_XLX_SEP_ PragmaFunction=Resize_opr_bicubic_XLX_SEP_ PragmaOptions=variable=hcoeffs dim=2 complete_XLX_SEP_ [-Wdump-hls-pragmas]
#pragma HLS array_partition variable=hcoeffs dim=2 complete
^
c:/TFG_Vivado/vivado/axu2cga_trd.gen/sources_1/bd/design_1/ip/design_1_v_frmbuf_wr_1_0/src/hls/hls_video_imgproc.h:2165:1: warning: HLS pragma dump _XLX_SEP_ PragmaIsValid=1_XLX_SEP_ PragmaType=array_partition_XLX_SEP_ PragmaContext=hls_XLX_SEP_ PragmaFunction=Resize_opr_bicubic_XLX_SEP_ PragmaOptions=variable=vcoeffs dim=2 complete_XLX_SEP_ [-Wdump-hls-pragmas]
#pragma HLS array_partition variable=vcoeffs dim=2 complete
^
c:/TFG_Vivado/vivado/axu2cga_trd.gen/sources_1/bd/design_1/ip/design_1_v_frmbuf_wr_1_0/src/hls/hls_video_imgproc.h:2187:1: warning: HLS pragma dump _XLX_SEP_ PragmaIsValid=1_XLX_SEP_ PragmaType=pipeline_XLX_SEP_ PragmaContext=hls_XLX_SEP_ PragmaFunction=Resize_opr_bicubic_XLX_SEP_ PragmaOptions=_XLX_SEP_ [-Wdump-hls-pragmas]
#pragma HLS PIPELINE
^
c:/TFG_Vivado/vivado/axu2cga_trd.gen/sources_1/bd/design_1/ip/design_1_v_frmbuf_wr_1_0/src/hls/hls_video_imgproc.h:2188:1: warning: HLS pragma dump _XLX_SEP_ PragmaIsValid=1_XLX_SEP_ PragmaType=loop_flatten_XLX_SEP_ PragmaContext=hls_XLX_SEP_ PragmaFunction=Resize_opr_bicubic_XLX_SEP_ PragmaOptions=off_XLX_SEP_ [-Wdump-hls-pragmas]
#pragma HLS loop_flatten off
^
c:/TFG_Vivado/vivado/axu2cga_trd.gen/sources_1/bd/design_1/ip/design_1_v_frmbuf_wr_1_0/src/hls/hls_video_imgproc.h:2189:1: warning: HLS pragma dump _XLX_SEP_ PragmaIsValid=1_XLX_SEP_ PragmaType=dependence_XLX_SEP_ PragmaContext=hls_XLX_SEP_ PragmaFunction=Resize_opr_bicubic_XLX_SEP_ PragmaOptions=array inter false_XLX_SEP_ [-Wdump-hls-pragmas]
#pragma HLS DEPENDENCE array inter false
^
c:/TFG_Vivado/vivado/axu2cga_trd.gen/sources_1/bd/design_1/ip/design_1_v_frmbuf_wr_1_0/src/hls/hls_video_imgproc.h:2331:1: warning: HLS pragma dump _XLX_SEP_ PragmaIsValid=1_XLX_SEP_ PragmaType=loop_flatten_XLX_SEP_ PragmaContext=hls_XLX_SEP_ PragmaFunction=Resize_opr_linear_XLX_SEP_ PragmaOptions=OFF_XLX_SEP_ [-Wdump-hls-pragmas]
#pragma HLS LOOP_FLATTEN OFF
^
c:/TFG_Vivado/vivado/axu2cga_trd.gen/sources_1/bd/design_1/ip/design_1_v_frmbuf_wr_1_0/src/hls/hls_video_imgproc.h:2332:1: warning: HLS pragma dump _XLX_SEP_ PragmaIsValid=1_XLX_SEP_ PragmaType=dependence_XLX_SEP_ PragmaContext=hls_XLX_SEP_ PragmaFunction=Resize_opr_linear_XLX_SEP_ PragmaOptions=array inter false_XLX_SEP_ [-Wdump-hls-pragmas]
#pragma HLS DEPENDENCE array inter false
^
c:/TFG_Vivado/vivado/axu2cga_trd.gen/sources_1/bd/design_1/ip/design_1_v_frmbuf_wr_1_0/src/hls/hls_video_imgproc.h:2333:1: warning: HLS pragma dump _XLX_SEP_ PragmaIsValid=1_XLX_SEP_ PragmaType=pipeline_XLX_SEP_ PragmaContext=hls_XLX_SEP_ PragmaFunction=Resize_opr_linear_XLX_SEP_ PragmaOptions=_XLX_SEP_ [-Wdump-hls-pragmas]
#pragma HLS PIPELINE
^
c:/TFG_Vivado/vivado/axu2cga_trd.gen/sources_1/bd/design_1/ip/design_1_v_frmbuf_wr_1_0/src/hls/hls_video_imgproc.h:2515:1: warning: HLS pragma dump _XLX_SEP_ PragmaIsValid=1_XLX_SEP_ PragmaType=loop_flatten_XLX_SEP_ PragmaContext=hls_XLX_SEP_ PragmaFunction=ConvertScale_XLX_SEP_ PragmaOptions=OFF_XLX_SEP_ [-Wdump-hls-pragmas]
#pragma HLS LOOP_FLATTEN OFF
^
c:/TFG_Vivado/vivado/axu2cga_trd.gen/sources_1/bd/design_1/ip/design_1_v_frmbuf_wr_1_0/src/hls/hls_video_imgproc.h:2516:1: warning: HLS pragma dump _XLX_SEP_ PragmaIsValid=1_XLX_SEP_ PragmaType=pipeline_XLX_SEP_ PragmaContext=hls_XLX_SEP_ PragmaFunction=ConvertScale_XLX_SEP_ PragmaOptions=_XLX_SEP_ [-Wdump-hls-pragmas]
#pragma HLS PIPELINE
^
c:/TFG_Vivado/vivado/axu2cga_trd.gen/sources_1/bd/design_1/ip/design_1_v_frmbuf_wr_1_0/src/hls/hls_video_imgproc.h:2544:1: warning: HLS pragma dump _XLX_SEP_ PragmaIsValid=1_XLX_SEP_ PragmaType=loop_flatten_XLX_SEP_ PragmaContext=hls_XLX_SEP_ PragmaFunction=ConvertScaleAbs_XLX_SEP_ PragmaOptions=OFF_XLX_SEP_ [-Wdump-hls-pragmas]
#pragma HLS LOOP_FLATTEN OFF
^
c:/TFG_Vivado/vivado/axu2cga_trd.gen/sources_1/bd/design_1/ip/design_1_v_frmbuf_wr_1_0/src/hls/hls_video_imgproc.h:2545:1: warning: HLS pragma dump _XLX_SEP_ PragmaIsValid=1_XLX_SEP_ PragmaType=pipeline_XLX_SEP_ PragmaContext=hls_XLX_SEP_ PragmaFunction=ConvertScaleAbs_XLX_SEP_ PragmaOptions=_XLX_SEP_ [-Wdump-hls-pragmas]
#pragma HLS PIPELINE
^
c:/TFG_Vivado/vivado/axu2cga_trd.gen/sources_1/bd/design_1/ip/design_1_v_frmbuf_wr_1_0/src/hls/hls_video_imgproc.h:2653:1: warning: HLS pragma dump _XLX_SEP_ PragmaIsValid=1_XLX_SEP_ PragmaType=inline_XLX_SEP_ PragmaContext=hls_XLX_SEP_ PragmaFunction=getGaussianKernel_XLX_SEP_ PragmaOptions=off_XLX_SEP_ [-Wdump-hls-pragmas]
#pragma HLS INLINE off
^
c:/TFG_Vivado/vivado/axu2cga_trd.gen/sources_1/bd/design_1/ip/design_1_v_frmbuf_wr_1_0/src/hls/hls_video_imgproc.h:2790:1: warning: HLS pragma dump _XLX_SEP_ PragmaIsValid=1_XLX_SEP_ PragmaType=inline_XLX_SEP_ PragmaContext=hls_XLX_SEP_ PragmaFunction=PyrUp_opr_XLX_SEP_ PragmaOptions=_XLX_SEP_ [-Wdump-hls-pragmas]
#pragma HLS inline
^
c:/TFG_Vivado/vivado/axu2cga_trd.gen/sources_1/bd/design_1/ip/design_1_v_frmbuf_wr_1_0/src/hls/hls_video_imgproc.h:2801:1: warning: HLS pragma dump _XLX_SEP_ PragmaIsValid=1_XLX_SEP_ PragmaType=array_partition_XLX_SEP_ PragmaContext=hls_XLX_SEP_ PragmaFunction=PyrUp_opr_XLX_SEP_ PragmaOptions=variable=col_buf complete dim=0_XLX_SEP_ [-Wdump-hls-pragmas]
#pragma HLS ARRAY_PARTITION variable=col_buf complete dim=0
^
c:/TFG_Vivado/vivado/axu2cga_trd.gen/sources_1/bd/design_1/ip/design_1_v_frmbuf_wr_1_0/src/hls/hls_video_imgproc.h:2802:1: warning: HLS pragma dump _XLX_SEP_ PragmaIsValid=1_XLX_SEP_ PragmaType=array_partition_XLX_SEP_ PragmaContext=hls_XLX_SEP_ PragmaFunction=PyrUp_opr_XLX_SEP_ PragmaOptions=variable=&kernel complete dim=0_XLX_SEP_ [-Wdump-hls-pragmas]
#pragma HLS ARRAY_PARTITION variable=&kernel complete dim=0
^
c:/TFG_Vivado/vivado/axu2cga_trd.gen/sources_1/bd/design_1/ip/design_1_v_frmbuf_wr_1_0/src/hls/hls_video_imgproc.h:2803:1: warning: HLS pragma dump _XLX_SEP_ PragmaIsValid=1_XLX_SEP_ PragmaType=array_partition_XLX_SEP_ PragmaContext=hls_XLX_SEP_ PragmaFunction=PyrUp_opr_XLX_SEP_ PragmaOptions=variable=src_kernel_win complete dim=0_XLX_SEP_ [-Wdump-hls-pragmas]
#pragma HLS ARRAY_PARTITION variable=src_kernel_win complete dim=0
^
c:/TFG_Vivado/vivado/axu2cga_trd.gen/sources_1/bd/design_1/ip/design_1_v_frmbuf_wr_1_0/src/hls/hls_video_imgproc.h:2804:1: warning: HLS pragma dump _XLX_SEP_ PragmaIsValid=1_XLX_SEP_ PragmaType=array_partition_XLX_SEP_ PragmaContext=hls_XLX_SEP_ PragmaFunction=PyrUp_opr_XLX_SEP_ PragmaOptions=variable=k_buf complete dim=1_XLX_SEP_ [-Wdump-hls-pragmas]
#pragma HLS ARRAY_PARTITION variable=k_buf complete dim=1
^
c:/TFG_Vivado/vivado/axu2cga_trd.gen/sources_1/bd/design_1/ip/design_1_v_frmbuf_wr_1_0/src/hls/hls_video_imgproc.h:2805:1: warning: HLS pragma dump _XLX_SEP_ PragmaIsValid=1_XLX_SEP_ PragmaType=array_partition_XLX_SEP_ PragmaContext=hls_XLX_SEP_ PragmaFunction=PyrUp_opr_XLX_SEP_ PragmaOptions=variable=right_border_buf complete dim=0_XLX_SEP_ [-Wdump-hls-pragmas]
#pragma HLS ARRAY_PARTITION variable=right_border_buf complete dim=0
^
c:/TFG_Vivado/vivado/axu2cga_trd.gen/sources_1/bd/design_1/ip/design_1_v_frmbuf_wr_1_0/src/hls/hls_video_imgproc.h:2817:1: warning: HLS pragma dump _XLX_SEP_ PragmaIsValid=1_XLX_SEP_ PragmaType=loop_flatten_XLX_SEP_ PragmaContext=hls_XLX_SEP_ PragmaFunction=PyrUp_opr_XLX_SEP_ PragmaOptions=OFF_XLX_SEP_ [-Wdump-hls-pragmas]
#pragma HLS LOOP_FLATTEN OFF
^
c:/TFG_Vivado/vivado/axu2cga_trd.gen/sources_1/bd/design_1/ip/design_1_v_frmbuf_wr_1_0/src/hls/hls_video_imgproc.h:2818:1: warning: HLS pragma dump _XLX_SEP_ PragmaIsValid=1_XLX_SEP_ PragmaType=dependence_XLX_SEP_ PragmaContext=hls_XLX_SEP_ PragmaFunction=PyrUp_opr_XLX_SEP_ PragmaOptions=array inter false_XLX_SEP_ [-Wdump-hls-pragmas]
#pragma HLS DEPENDENCE array inter false
^
c:/TFG_Vivado/vivado/axu2cga_trd.gen/sources_1/bd/design_1/ip/design_1_v_frmbuf_wr_1_0/src/hls/hls_video_imgproc.h:2819:1: warning: HLS pragma dump _XLX_SEP_ PragmaIsValid=1_XLX_SEP_ PragmaType=pipeline_XLX_SEP_ PragmaContext=hls_XLX_SEP_ PragmaFunction=PyrUp_opr_XLX_SEP_ PragmaOptions=_XLX_SEP_ [-Wdump-hls-pragmas]
#pragma HLS PIPELINE
^
c:/TFG_Vivado/vivado/axu2cga_trd.gen/sources_1/bd/design_1/ip/design_1_v_frmbuf_wr_1_0/src/hls/hls_video_imgproc.h:2986:1: warning: HLS pragma dump _XLX_SEP_ PragmaIsValid=1_XLX_SEP_ PragmaType=inline_XLX_SEP_ PragmaContext=hls_XLX_SEP_ PragmaFunction=PyrDown_opr_XLX_SEP_ PragmaOptions=_XLX_SEP_ [-Wdump-hls-pragmas]
#pragma HLS inline
^
c:/TFG_Vivado/vivado/axu2cga_trd.gen/sources_1/bd/design_1/ip/design_1_v_frmbuf_wr_1_0/src/hls/hls_video_imgproc.h:2997:1: warning: HLS pragma dump _XLX_SEP_ PragmaIsValid=1_XLX_SEP_ PragmaType=array_partition_XLX_SEP_ PragmaContext=hls_XLX_SEP_ PragmaFunction=PyrDown_opr_XLX_SEP_ PragmaOptions=variable=col_buf complete dim=0_XLX_SEP_ [-Wdump-hls-pragmas]
#pragma HLS ARRAY_PARTITION variable=col_buf complete dim=0
^
c:/TFG_Vivado/vivado/axu2cga_trd.gen/sources_1/bd/design_1/ip/design_1_v_frmbuf_wr_1_0/src/hls/hls_video_imgproc.h:2998:1: warning: HLS pragma dump _XLX_SEP_ PragmaIsValid=1_XLX_SEP_ PragmaType=array_partition_XLX_SEP_ PragmaContext=hls_XLX_SEP_ PragmaFunction=PyrDown_opr_XLX_SEP_ PragmaOptions=variable=&kernel complete dim=0_XLX_SEP_ [-Wdump-hls-pragmas]
#pragma HLS ARRAY_PARTITION variable=&kernel complete dim=0
^
c:/TFG_Vivado/vivado/axu2cga_trd.gen/sources_1/bd/design_1/ip/design_1_v_frmbuf_wr_1_0/src/hls/hls_video_imgproc.h:2999:1: warning: HLS pragma dump _XLX_SEP_ PragmaIsValid=1_XLX_SEP_ PragmaType=array_partition_XLX_SEP_ PragmaContext=hls_XLX_SEP_ PragmaFunction=PyrDown_opr_XLX_SEP_ PragmaOptions=variable=src_kernel_win complete dim=0_XLX_SEP_ [-Wdump-hls-pragmas]
#pragma HLS ARRAY_PARTITION variable=src_kernel_win complete dim=0
^
c:/TFG_Vivado/vivado/axu2cga_trd.gen/sources_1/bd/design_1/ip/design_1_v_frmbuf_wr_1_0/src/hls/hls_video_imgproc.h:3000:1: warning: HLS pragma dump _XLX_SEP_ PragmaIsValid=1_XLX_SEP_ PragmaType=array_partition_XLX_SEP_ PragmaContext=hls_XLX_SEP_ PragmaFunction=PyrDown_opr_XLX_SEP_ PragmaOptions=variable=k_buf complete dim=1_XLX_SEP_ [-Wdump-hls-pragmas]
#pragma HLS ARRAY_PARTITION variable=k_buf complete dim=1
^
c:/TFG_Vivado/vivado/axu2cga_trd.gen/sources_1/bd/design_1/ip/design_1_v_frmbuf_wr_1_0/src/hls/hls_video_imgproc.h:3001:1: warning: HLS pragma dump _XLX_SEP_ PragmaIsValid=1_XLX_SEP_ PragmaType=array_partition_XLX_SEP_ PragmaContext=hls_XLX_SEP_ PragmaFunction=PyrDown_opr_XLX_SEP_ PragmaOptions=variable=right_border_buf complete dim=0_XLX_SEP_ [-Wdump-hls-pragmas]
#pragma HLS ARRAY_PARTITION variable=right_border_buf complete dim=0
^
c:/TFG_Vivado/vivado/axu2cga_trd.gen/sources_1/bd/design_1/ip/design_1_v_frmbuf_wr_1_0/src/hls/hls_video_imgproc.h:3018:1: warning: HLS pragma dump _XLX_SEP_ PragmaIsValid=1_XLX_SEP_ PragmaType=loop_flatten_XLX_SEP_ PragmaContext=hls_XLX_SEP_ PragmaFunction=PyrDown_opr_XLX_SEP_ PragmaOptions=OFF_XLX_SEP_ [-Wdump-hls-pragmas]
#pragma HLS LOOP_FLATTEN OFF
^
c:/TFG_Vivado/vivado/axu2cga_trd.gen/sources_1/bd/design_1/ip/design_1_v_frmbuf_wr_1_0/src/hls/hls_video_imgproc.h:3019:1: warning: HLS pragma dump _XLX_SEP_ PragmaIsValid=1_XLX_SEP_ PragmaType=dependence_XLX_SEP_ PragmaContext=hls_XLX_SEP_ PragmaFunction=PyrDown_opr_XLX_SEP_ PragmaOptions=array inter false_XLX_SEP_ [-Wdump-hls-pragmas]
#pragma HLS DEPENDENCE array inter false
^
c:/TFG_Vivado/vivado/axu2cga_trd.gen/sources_1/bd/design_1/ip/design_1_v_frmbuf_wr_1_0/src/hls/hls_video_imgproc.h:3020:1: warning: HLS pragma dump _XLX_SEP_ PragmaIsValid=1_XLX_SEP_ PragmaType=pipeline_XLX_SEP_ PragmaContext=hls_XLX_SEP_ PragmaFunction=PyrDown_opr_XLX_SEP_ PragmaOptions=_XLX_SEP_ [-Wdump-hls-pragmas]
#pragma HLS PIPELINE
^
In file included from C:/TFG_Vivado/vivado/axu2cga_trd.runs/design_1_v_frmbuf_wr_1_0_synth_1/prj/sol/.autopilot/db/v_frmbuf_wr.cpp:51:
In file included from c:/TFG_Vivado/vivado/axu2cga_trd.gen/sources_1/bd/design_1/ip/design_1_v_frmbuf_wr_1_0/src\v_frmbuf_wr.h:49:
In file included from c:/TFG_Vivado/vivado/axu2cga_trd.gen/sources_1/bd/design_1/ip/design_1_v_frmbuf_wr_1_0/src/hls_video.h:78:
c:/TFG_Vivado/vivado/axu2cga_trd.gen/sources_1/bd/design_1/ip/design_1_v_frmbuf_wr_1_0/src/hls/hls_video_histogram.h:78:1: warning: HLS pragma dump _XLX_SEP_ PragmaIsValid=1_XLX_SEP_ PragmaType=unroll_XLX_SEP_ PragmaContext=hls_XLX_SEP_ PragmaFunction=Equalize_XLX_SEP_ PragmaOptions=_XLX_SEP_ [-Wdump-hls-pragmas]
#pragma HLS UNROLL
^
c:/TFG_Vivado/vivado/axu2cga_trd.gen/sources_1/bd/design_1/ip/design_1_v_frmbuf_wr_1_0/src/hls/hls_video_histogram.h:94:1: warning: HLS pragma dump _XLX_SEP_ PragmaIsValid=1_XLX_SEP_ PragmaType=pipeline_XLX_SEP_ PragmaContext=hls_XLX_SEP_ PragmaFunction=Equalize_XLX_SEP_ PragmaOptions=_XLX_SEP_ [-Wdump-hls-pragmas]
#pragma HLS PIPELINE
^
c:/TFG_Vivado/vivado/axu2cga_trd.gen/sources_1/bd/design_1/ip/design_1_v_frmbuf_wr_1_0/src/hls/hls_video_histogram.h:95:1: warning: HLS pragma dump _XLX_SEP_ PragmaIsValid=1_XLX_SEP_ PragmaType=loop_flatten_XLX_SEP_ PragmaContext=hls_XLX_SEP_ PragmaFunction=Equalize_XLX_SEP_ PragmaOptions=OFF_XLX_SEP_ [-Wdump-hls-pragmas]
#pragma HLS LOOP_FLATTEN OFF
^
c:/TFG_Vivado/vivado/axu2cga_trd.gen/sources_1/bd/design_1/ip/design_1_v_frmbuf_wr_1_0/src/hls/hls_video_histogram.h:96:1: warning: HLS pragma dump _XLX_SEP_ PragmaIsValid=1_XLX_SEP_ PragmaType=dependence_XLX_SEP_ PragmaContext=hls_XLX_SEP_ PragmaFunction=Equalize_XLX_SEP_ PragmaOptions=array inter false_XLX_SEP_ [-Wdump-hls-pragmas]
#pragma HLS DEPENDENCE array inter false
^
c:/TFG_Vivado/vivado/axu2cga_trd.gen/sources_1/bd/design_1/ip/design_1_v_frmbuf_wr_1_0/src/hls/hls_video_histogram.h:112:1: warning: HLS pragma dump _XLX_SEP_ PragmaIsValid=1_XLX_SEP_ PragmaType=latency_XLX_SEP_ PragmaContext=hls_XLX_SEP_ PragmaFunction=Equalize_XLX_SEP_ PragmaOptions=min=0 max=1_XLX_SEP_ [-Wdump-hls-pragmas]
#pragma HLS latency min=0 max=1
^
c:/TFG_Vivado/vivado/axu2cga_trd.gen/sources_1/bd/design_1/ip/design_1_v_frmbuf_wr_1_0/src/hls/hls_video_histogram.h:157:1: warning: HLS pragma dump _XLX_SEP_ PragmaIsValid=1_XLX_SEP_ PragmaType=pipeline_XLX_SEP_ PragmaContext=hls_XLX_SEP_ PragmaFunction=Equalize_XLX_SEP_ PragmaOptions=_XLX_SEP_ [-Wdump-hls-pragmas]
#pragma HLS PIPELINE
^
c:/TFG_Vivado/vivado/axu2cga_trd.gen/sources_1/bd/design_1/ip/design_1_v_frmbuf_wr_1_0/src/hls/hls_video_histogram.h:168:1: warning: HLS pragma dump _XLX_SEP_ PragmaIsValid=1_XLX_SEP_ PragmaType=pipeline_XLX_SEP_ PragmaContext=hls_XLX_SEP_ PragmaFunction=Equalize_XLX_SEP_ PragmaOptions=_XLX_SEP_ [-Wdump-hls-pragmas]
#pragma HLS PIPELINE
^
c:/TFG_Vivado/vivado/axu2cga_trd.gen/sources_1/bd/design_1/ip/design_1_v_frmbuf_wr_1_0/src/hls/hls_video_histogram.h:192:1: warning: HLS pragma dump _XLX_SEP_ PragmaIsValid=1_XLX_SEP_ PragmaType=inline_XLX_SEP_ PragmaContext=hls_XLX_SEP_ PragmaFunction=EqualizeHist_XLX_SEP_ PragmaOptions=_XLX_SEP_ [-Wdump-hls-pragmas]
#pragma HLS INLINE
^
In file included from C:/TFG_Vivado/vivado/axu2cga_trd.runs/design_1_v_frmbuf_wr_1_0_synth_1/prj/sol/.autopilot/db/v_frmbuf_wr.cpp:51:
In file included from c:/TFG_Vivado/vivado/axu2cga_trd.gen/sources_1/bd/design_1/ip/design_1_v_frmbuf_wr_1_0/src\v_frmbuf_wr.h:49:
In file included from c:/TFG_Vivado/vivado/axu2cga_trd.gen/sources_1/bd/design_1/ip/design_1_v_frmbuf_wr_1_0/src/hls_video.h:79:
c:/TFG_Vivado/vivado/axu2cga_trd.gen/sources_1/bd/design_1/ip/design_1_v_frmbuf_wr_1_0/src/hls/hls_video_fast.h:63:1: warning: HLS pragma dump _XLX_SEP_ PragmaIsValid=1_XLX_SEP_ PragmaType=inline_XLX_SEP_ PragmaContext=hls_XLX_SEP_ PragmaFunction=fast_pixel_diff_XLX_SEP_ PragmaOptions=_XLX_SEP_ [-Wdump-hls-pragmas]
#pragma HLS INLINE
^
c:/TFG_Vivado/vivado/axu2cga_trd.gen/sources_1/bd/design_1/ip/design_1_v_frmbuf_wr_1_0/src/hls/hls_video_fast.h:105:1: warning: HLS pragma dump _XLX_SEP_ PragmaIsValid=1_XLX_SEP_ PragmaType=inline_XLX_SEP_ PragmaContext=hls_XLX_SEP_ PragmaFunction=coreScore_XLX_SEP_ PragmaOptions=_XLX_SEP_ [-Wdump-hls-pragmas]
#pragma HLS INLINE
^
c:/TFG_Vivado/vivado/axu2cga_trd.gen/sources_1/bd/design_1/ip/design_1_v_frmbuf_wr_1_0/src/hls/hls_video_fast.h:113:1: warning: HLS pragma dump _XLX_SEP_ PragmaIsValid=1_XLX_SEP_ PragmaType=array_partition_XLX_SEP_ PragmaContext=hls_XLX_SEP_ PragmaFunction=coreScore_XLX_SEP_ PragmaOptions=variable=flag_d_min2 dim=0_XLX_SEP_ [-Wdump-hls-pragmas]
#pragma HLS ARRAY_PARTITION variable=flag_d_min2 dim=0
^
c:/TFG_Vivado/vivado/axu2cga_trd.gen/sources_1/bd/design_1/ip/design_1_v_frmbuf_wr_1_0/src/hls/hls_video_fast.h:114:1: warning: HLS pragma dump _XLX_SEP_ PragmaIsValid=1_XLX_SEP_ PragmaType=array_partition_XLX_SEP_ PragmaContext=hls_XLX_SEP_ PragmaFunction=coreScore_XLX_SEP_ PragmaOptions=variable=flag_d_max2 dim=0_XLX_SEP_ [-Wdump-hls-pragmas]
#pragma HLS ARRAY_PARTITION variable=flag_d_max2 dim=0
^
c:/TFG_Vivado/vivado/axu2cga_trd.gen/sources_1/bd/design_1/ip/design_1_v_frmbuf_wr_1_0/src/hls/hls_video_fast.h:115:1: warning: HLS pragma dump _XLX_SEP_ PragmaIsValid=1_XLX_SEP_ PragmaType=array_partition_XLX_SEP_ PragmaContext=hls_XLX_SEP_ PragmaFunction=coreScore_XLX_SEP_ PragmaOptions=variable=flag_d_min4 dim=0_XLX_SEP_ [-Wdump-hls-pragmas]
#pragma HLS ARRAY_PARTITION variable=flag_d_min4 dim=0
^
c:/TFG_Vivado/vivado/axu2cga_trd.gen/sources_1/bd/design_1/ip/design_1_v_frmbuf_wr_1_0/src/hls/hls_video_fast.h:116:1: warning: HLS pragma dump _XLX_SEP_ PragmaIsValid=1_XLX_SEP_ PragmaType=array_partition_XLX_SEP_ PragmaContext=hls_XLX_SEP_ PragmaFunction=coreScore_XLX_SEP_ PragmaOptions=variable=flag_d_max4 dim=0_XLX_SEP_ [-Wdump-hls-pragmas]
#pragma HLS ARRAY_PARTITION variable=flag_d_max4 dim=0
^
c:/TFG_Vivado/vivado/axu2cga_trd.gen/sources_1/bd/design_1/ip/design_1_v_frmbuf_wr_1_0/src/hls/hls_video_fast.h:174:1: warning: HLS pragma dump _XLX_SEP_ PragmaIsValid=1_XLX_SEP_ PragmaType=array_partition_XLX_SEP_ PragmaContext=hls_XLX_SEP_ PragmaFunction=fast_judge_XLX_SEP_ PragmaOptions=variable=flag_val dim=0_XLX_SEP_ [-Wdump-hls-pragmas]
#pragma HLS ARRAY_PARTITION variable=flag_val dim=0
^
c:/TFG_Vivado/vivado/axu2cga_trd.gen/sources_1/bd/design_1/ip/design_1_v_frmbuf_wr_1_0/src/hls/hls_video_fast.h:175:1: warning: HLS pragma dump _XLX_SEP_ PragmaIsValid=1_XLX_SEP_ PragmaType=array_partition_XLX_SEP_ PragmaContext=hls_XLX_SEP_ PragmaFunction=fast_judge_XLX_SEP_ PragmaOptions=variable=flag_d dim=0_XLX_SEP_ [-Wdump-hls-pragmas]
#pragma HLS ARRAY_PARTITION variable=flag_d dim=0
^
c:/TFG_Vivado/vivado/axu2cga_trd.gen/sources_1/bd/design_1/ip/design_1_v_frmbuf_wr_1_0/src/hls/hls_video_fast.h:177:1: warning: HLS pragma dump _XLX_SEP_ PragmaIsValid=1_XLX_SEP_ PragmaType=inline_XLX_SEP_ PragmaContext=hls_XLX_SEP_ PragmaFunction=fast_judge_XLX_SEP_ PragmaOptions=_XLX_SEP_ [-Wdump-hls-pragmas]
#pragma HLS INLINE
^
c:/TFG_Vivado/vivado/axu2cga_trd.gen/sources_1/bd/design_1/ip/design_1_v_frmbuf_wr_1_0/src/hls/hls_video_fast.h:207:1: warning: HLS pragma dump _XLX_SEP_ PragmaIsValid=1_XLX_SEP_ PragmaType=inline_XLX_SEP_ PragmaContext=hls_XLX_SEP_ PragmaFunction=fast_nonmax_XLX_SEP_ PragmaOptions=_XLX_SEP_ [-Wdump-hls-pragmas]
#pragma HLS INLINE
^
c:/TFG_Vivado/vivado/axu2cga_trd.gen/sources_1/bd/design_1/ip/design_1_v_frmbuf_wr_1_0/src/hls/hls_video_fast.h:249:1: warning: HLS pragma dump _XLX_SEP_ PragmaIsValid=1_XLX_SEP_ PragmaType=array_partition_XLX_SEP_ PragmaContext=hls_XLX_SEP_ PragmaFunction=FAST_t_opr_XLX_SEP_ PragmaOptions=variable=flag_val dim=0_XLX_SEP_ [-Wdump-hls-pragmas]
#pragma HLS ARRAY_PARTITION variable=flag_val dim=0
^
c:/TFG_Vivado/vivado/axu2cga_trd.gen/sources_1/bd/design_1/ip/design_1_v_frmbuf_wr_1_0/src/hls/hls_video_fast.h:250:1: warning: HLS pragma dump _XLX_SEP_ PragmaIsValid=1_XLX_SEP_ PragmaType=array_partition_XLX_SEP_ PragmaContext=hls_XLX_SEP_ PragmaFunction=FAST_t_opr_XLX_SEP_ PragmaOptions=variable=flag_d dim=0_XLX_SEP_ [-Wdump-hls-pragmas]
#pragma HLS ARRAY_PARTITION variable=flag_d dim=0
^
c:/TFG_Vivado/vivado/axu2cga_trd.gen/sources_1/bd/design_1/ip/design_1_v_frmbuf_wr_1_0/src/hls/hls_video_fast.h:260:1: warning: HLS pragma dump _XLX_SEP_ PragmaIsValid=1_XLX_SEP_ PragmaType=loop_flatten_XLX_SEP_ PragmaContext=hls_XLX_SEP_ PragmaFunction=FAST_t_opr_XLX_SEP_ PragmaOptions=off_XLX_SEP_ [-Wdump-hls-pragmas]
#pragma HLS LOOP_FLATTEN off
^
c:/TFG_Vivado/vivado/axu2cga_trd.gen/sources_1/bd/design_1/ip/design_1_v_frmbuf_wr_1_0/src/hls/hls_video_fast.h:261:1: warning: HLS pragma dump _XLX_SEP_ PragmaIsValid=1_XLX_SEP_ PragmaType=pipeline_XLX_SEP_ PragmaContext=hls_XLX_SEP_ PragmaFunction=FAST_t_opr_XLX_SEP_ PragmaOptions=II=1_XLX_SEP_ [-Wdump-hls-pragmas]
#pragma HLS PIPELINE II=1
^
c:/TFG_Vivado/vivado/axu2cga_trd.gen/sources_1/bd/design_1/ip/design_1_v_frmbuf_wr_1_0/src/hls/hls_video_fast.h:338:1: warning: HLS pragma dump _XLX_SEP_ PragmaIsValid=1_XLX_SEP_ PragmaType=inline_XLX_SEP_ PragmaContext=hls_XLX_SEP_ PragmaFunction=FASTX_XLX_SEP_ PragmaOptions=_XLX_SEP_ [-Wdump-hls-pragmas]
#pragma HLS INLINE
^
c:/TFG_Vivado/vivado/axu2cga_trd.gen/sources_1/bd/design_1/ip/design_1_v_frmbuf_wr_1_0/src/hls/hls_video_fast.h:366:1: warning: HLS pragma dump _XLX_SEP_ PragmaIsValid=1_XLX_SEP_ PragmaType=array_partition_XLX_SEP_ PragmaContext=hls_XLX_SEP_ PragmaFunction=FAST_t_opr_XLX_SEP_ PragmaOptions=variable=flag_val dim=0_XLX_SEP_ [-Wdump-hls-pragmas]
#pragma HLS ARRAY_PARTITION variable=flag_val dim=0
^
c:/TFG_Vivado/vivado/axu2cga_trd.gen/sources_1/bd/design_1/ip/design_1_v_frmbuf_wr_1_0/src/hls/hls_video_fast.h:367:1: warning: HLS pragma dump _XLX_SEP_ PragmaIsValid=1_XLX_SEP_ PragmaType=array_partition_XLX_SEP_ PragmaContext=hls_XLX_SEP_ PragmaFunction=FAST_t_opr_XLX_SEP_ PragmaOptions=variable=flag_d dim=0_XLX_SEP_ [-Wdump-hls-pragmas]
#pragma HLS ARRAY_PARTITION variable=flag_d dim=0
^
c:/TFG_Vivado/vivado/axu2cga_trd.gen/sources_1/bd/design_1/ip/design_1_v_frmbuf_wr_1_0/src/hls/hls_video_fast.h:377:1: warning: HLS pragma dump _XLX_SEP_ PragmaIsValid=1_XLX_SEP_ PragmaType=loop_flatten_XLX_SEP_ PragmaContext=hls_XLX_SEP_ PragmaFunction=FAST_t_opr_XLX_SEP_ PragmaOptions=off_XLX_SEP_ [-Wdump-hls-pragmas]
#pragma HLS LOOP_FLATTEN off
^
c:/TFG_Vivado/vivado/axu2cga_trd.gen/sources_1/bd/design_1/ip/design_1_v_frmbuf_wr_1_0/src/hls/hls_video_fast.h:378:1: warning: HLS pragma dump _XLX_SEP_ PragmaIsValid=1_XLX_SEP_ PragmaType=pipeline_XLX_SEP_ PragmaContext=hls_XLX_SEP_ PragmaFunction=FAST_t_opr_XLX_SEP_ PragmaOptions=II=1_XLX_SEP_ [-Wdump-hls-pragmas]
#pragma HLS PIPELINE II=1
^
c:/TFG_Vivado/vivado/axu2cga_trd.gen/sources_1/bd/design_1/ip/design_1_v_frmbuf_wr_1_0/src/hls/hls_video_fast.h:460:1: warning: HLS pragma dump _XLX_SEP_ PragmaIsValid=1_XLX_SEP_ PragmaType=inline_XLX_SEP_ PragmaContext=hls_XLX_SEP_ PragmaFunction=FASTX_XLX_SEP_ PragmaOptions=_XLX_SEP_ [-Wdump-hls-pragmas]
#pragma HLS INLINE
^
c:/TFG_Vivado/vivado/axu2cga_trd.gen/sources_1/bd/design_1/ip/design_1_v_frmbuf_wr_1_0/src/hls/hls_video_fast.h:488:1: warning: HLS pragma dump _XLX_SEP_ PragmaIsValid=1_XLX_SEP_ PragmaType=loop_flatten_XLX_SEP_ PragmaContext=hls_XLX_SEP_ PragmaFunction=PaintMask_XLX_SEP_ PragmaOptions=off_XLX_SEP_ [-Wdump-hls-pragmas]
#pragma HLS LOOP_FLATTEN off
^
c:/TFG_Vivado/vivado/axu2cga_trd.gen/sources_1/bd/design_1/ip/design_1_v_frmbuf_wr_1_0/src/hls/hls_video_fast.h:489:1: warning: HLS pragma dump _XLX_SEP_ PragmaIsValid=1_XLX_SEP_ PragmaType=pipeline_XLX_SEP_ PragmaContext=hls_XLX_SEP_ PragmaFunction=PaintMask_XLX_SEP_ PragmaOptions=II=1_XLX_SEP_ [-Wdump-hls-pragmas]
#pragma HLS PIPELINE II=1
^
In file included from C:/TFG_Vivado/vivado/axu2cga_trd.runs/design_1_v_frmbuf_wr_1_0_synth_1/prj/sol/.autopilot/db/v_frmbuf_wr.cpp:51:
In file included from c:/TFG_Vivado/vivado/axu2cga_trd.gen/sources_1/bd/design_1/ip/design_1_v_frmbuf_wr_1_0/src\v_frmbuf_wr.h:49:
In file included from c:/TFG_Vivado/vivado/axu2cga_trd.gen/sources_1/bd/design_1/ip/design_1_v_frmbuf_wr_1_0/src/hls_video.h:80:
c:/TFG_Vivado/vivado/axu2cga_trd.gen/sources_1/bd/design_1/ip/design_1_v_frmbuf_wr_1_0/src/hls/hls_video_undistort.h:243:1: warning: HLS pragma dump _XLX_SEP_ PragmaIsValid=1_XLX_SEP_ PragmaType=loop_flatten_XLX_SEP_ PragmaContext=hls_XLX_SEP_ PragmaFunction=Remap_nearest_XLX_SEP_ PragmaOptions=OFF_XLX_SEP_ [-Wdump-hls-pragmas]
#pragma HLS LOOP_FLATTEN OFF
^
c:/TFG_Vivado/vivado/axu2cga_trd.gen/sources_1/bd/design_1/ip/design_1_v_frmbuf_wr_1_0/src/hls/hls_video_undistort.h:246:1: warning: HLS pragma dump _XLX_SEP_ PragmaIsValid=1_XLX_SEP_ PragmaType=pipeline_XLX_SEP_ PragmaContext=hls_XLX_SEP_ PragmaFunction=Remap_nearest_XLX_SEP_ PragmaOptions=II=1_XLX_SEP_ [-Wdump-hls-pragmas]
#pragma HLS PIPELINE II=1
^
c:/TFG_Vivado/vivado/axu2cga_trd.gen/sources_1/bd/design_1/ip/design_1_v_frmbuf_wr_1_0/src/hls/hls_video_undistort.h:247:1: warning: HLS pragma dump _XLX_SEP_ PragmaIsValid=1_XLX_SEP_ PragmaType=dependence_XLX_SEP_ PragmaContext=hls_XLX_SEP_ PragmaFunction=Remap_nearest_XLX_SEP_ PragmaOptions=array inter false_XLX_SEP_ [-Wdump-hls-pragmas]
#pragma HLS dependence array inter false
^
c:/TFG_Vivado/vivado/axu2cga_trd.gen/sources_1/bd/design_1/ip/design_1_v_frmbuf_wr_1_0/src/hls/hls_video_undistort.h:288:1: warning: HLS pragma dump _XLX_SEP_ PragmaIsValid=1_XLX_SEP_ PragmaType=array_partition_XLX_SEP_ PragmaContext=hls_XLX_SEP_ PragmaFunction=Remap_linear_XLX_SEP_ PragmaOptions=complete variable=buf dim=2_XLX_SEP_ [-Wdump-hls-pragmas]
#pragma HLS array_partition complete variable=buf dim=2
^
c:/TFG_Vivado/vivado/axu2cga_trd.gen/sources_1/bd/design_1/ip/design_1_v_frmbuf_wr_1_0/src/hls/hls_video_undistort.h:289:1: warning: HLS pragma dump _XLX_SEP_ PragmaIsValid=1_XLX_SEP_ PragmaType=array_partition_XLX_SEP_ PragmaContext=hls_XLX_SEP_ PragmaFunction=Remap_linear_XLX_SEP_ PragmaOptions=complete variable=buf dim=4_XLX_SEP_ [-Wdump-hls-pragmas]
#pragma HLS array_partition complete variable=buf dim=4
^
c:/TFG_Vivado/vivado/axu2cga_trd.gen/sources_1/bd/design_1/ip/design_1_v_frmbuf_wr_1_0/src/hls/hls_video_undistort.h:303:1: warning: HLS pragma dump _XLX_SEP_ PragmaIsValid=1_XLX_SEP_ PragmaType=loop_flatten_XLX_SEP_ PragmaContext=hls_XLX_SEP_ PragmaFunction=Remap_linear_XLX_SEP_ PragmaOptions=OFF_XLX_SEP_ [-Wdump-hls-pragmas]
#pragma HLS LOOP_FLATTEN OFF
^
c:/TFG_Vivado/vivado/axu2cga_trd.gen/sources_1/bd/design_1/ip/design_1_v_frmbuf_wr_1_0/src/hls/hls_video_undistort.h:306:1: warning: HLS pragma dump _XLX_SEP_ PragmaIsValid=1_XLX_SEP_ PragmaType=pipeline_XLX_SEP_ PragmaContext=hls_XLX_SEP_ PragmaFunction=Remap_linear_XLX_SEP_ PragmaOptions=II=1_XLX_SEP_ [-Wdump-hls-pragmas]
#pragma HLS PIPELINE II=1
^
c:/TFG_Vivado/vivado/axu2cga_trd.gen/sources_1/bd/design_1/ip/design_1_v_frmbuf_wr_1_0/src/hls/hls_video_undistort.h:307:1: warning: HLS pragma dump _XLX_SEP_ PragmaIsValid=1_XLX_SEP_ PragmaType=dependence_XLX_SEP_ PragmaContext=hls_XLX_SEP_ PragmaFunction=Remap_linear_XLX_SEP_ PragmaOptions=array inter false_XLX_SEP_ [-Wdump-hls-pragmas]
#pragma HLS dependence array inter false
^
c:/TFG_Vivado/vivado/axu2cga_trd.gen/sources_1/bd/design_1/ip/design_1_v_frmbuf_wr_1_0/src/hls/hls_video_undistort.h:687:1: warning: HLS pragma dump _XLX_SEP_ PragmaIsValid=1_XLX_SEP_ PragmaType=array_partition_XLX_SEP_ PragmaContext=hls_XLX_SEP_ PragmaFunction=InitUndistortRectifyMapInverse_XLX_SEP_ PragmaOptions=variable=distCoeffs complete_XLX_SEP_ [-Wdump-hls-pragmas]
#pragma HLS array_partition variable=distCoeffs complete
^
c:/TFG_Vivado/vivado/axu2cga_trd.gen/sources_1/bd/design_1/ip/design_1_v_frmbuf_wr_1_0/src/hls/hls_video_undistort.h:701:1: warning: HLS pragma dump _XLX_SEP_ PragmaIsValid=1_XLX_SEP_ PragmaType=pipeline_XLX_SEP_ PragmaContext=hls_XLX_SEP_ PragmaFunction=InitUndistortRectifyMapInverse_XLX_SEP_ PragmaOptions=II=1_XLX_SEP_ [-Wdump-hls-pragmas]
#pragma HLS PIPELINE II=1
^
In file included from C:/TFG_Vivado/vivado/axu2cga_trd.runs/design_1_v_frmbuf_wr_1_0_synth_1/prj/sol/.autopilot/db/v_frmbuf_wr.cpp:51:
In file included from c:/TFG_Vivado/vivado/axu2cga_trd.gen/sources_1/bd/design_1/ip/design_1_v_frmbuf_wr_1_0/src\v_frmbuf_wr.h:49:
In file included from c:/TFG_Vivado/vivado/axu2cga_trd.gen/sources_1/bd/design_1/ip/design_1_v_frmbuf_wr_1_0/src/hls_video.h:81:
c:/TFG_Vivado/vivado/axu2cga_trd.gen/sources_1/bd/design_1/ip/design_1_v_frmbuf_wr_1_0/src/hls/hls_video_hough.h:118:1: warning: HLS pragma dump _XLX_SEP_ PragmaIsValid=1_XLX_SEP_ PragmaType=array_partition_XLX_SEP_ PragmaContext=hls_XLX_SEP_ PragmaFunction=HoughPolar_XLX_SEP_ PragmaOptions=variable=addr complete dim=0_XLX_SEP_ [-Wdump-hls-pragmas]
#pragma HLS ARRAY_PARTITION variable=addr complete dim=0
^
c:/TFG_Vivado/vivado/axu2cga_trd.gen/sources_1/bd/design_1/ip/design_1_v_frmbuf_wr_1_0/src/hls/hls_video_hough.h:119:1: warning: HLS pragma dump _XLX_SEP_ PragmaIsValid=1_XLX_SEP_ PragmaType=array_partition_XLX_SEP_ PragmaContext=hls_XLX_SEP_ PragmaFunction=HoughPolar_XLX_SEP_ PragmaOptions=variable=accbuf complete dim=0_XLX_SEP_ [-Wdump-hls-pragmas]
#pragma HLS ARRAY_PARTITION variable=accbuf complete dim=0
^
c:/TFG_Vivado/vivado/axu2cga_trd.gen/sources_1/bd/design_1/ip/design_1_v_frmbuf_wr_1_0/src/hls/hls_video_hough.h:125:1: warning: HLS pragma dump _XLX_SEP_ PragmaIsValid=1_XLX_SEP_ PragmaType=array_partition_XLX_SEP_ PragmaContext=hls_XLX_SEP_ PragmaFunction=HoughPolar_XLX_SEP_ PragmaOptions=variable=sinval complete dim=0_XLX_SEP_ [-Wdump-hls-pragmas]
#pragma HLS ARRAY_PARTITION variable=sinval complete dim=0
^
c:/TFG_Vivado/vivado/axu2cga_trd.gen/sources_1/bd/design_1/ip/design_1_v_frmbuf_wr_1_0/src/hls/hls_video_hough.h:126:1: warning: HLS pragma dump _XLX_SEP_ PragmaIsValid=1_XLX_SEP_ PragmaType=array_partition_XLX_SEP_ PragmaContext=hls_XLX_SEP_ PragmaFunction=HoughPolar_XLX_SEP_ PragmaOptions=variable=cosval complete dim=0_XLX_SEP_ [-Wdump-hls-pragmas]
#pragma HLS ARRAY_PARTITION variable=cosval complete dim=0
^
c:/TFG_Vivado/vivado/axu2cga_trd.gen/sources_1/bd/design_1/ip/design_1_v_frmbuf_wr_1_0/src/hls/hls_video_hough.h:131:1: warning: HLS pragma dump _XLX_SEP_ PragmaIsValid=1_XLX_SEP_ PragmaType=pipeline_XLX_SEP_ PragmaContext=hls_XLX_SEP_ PragmaFunction=HoughPolar_XLX_SEP_ PragmaOptions=_XLX_SEP_ [-Wdump-hls-pragmas]
#pragma HLS PIPELINE
^
c:/TFG_Vivado/vivado/axu2cga_trd.gen/sources_1/bd/design_1/ip/design_1_v_frmbuf_wr_1_0/src/hls/hls_video_hough.h:149:1: warning: HLS pragma dump _XLX_SEP_ PragmaIsValid=1_XLX_SEP_ PragmaType=pipeline_XLX_SEP_ PragmaContext=hls_XLX_SEP_ PragmaFunction=HoughPolar_XLX_SEP_ PragmaOptions=_XLX_SEP_ [-Wdump-hls-pragmas]
#pragma HLS PIPELINE
^
c:/TFG_Vivado/vivado/axu2cga_trd.gen/sources_1/bd/design_1/ip/design_1_v_frmbuf_wr_1_0/src/hls/hls_video_hough.h:150:1: warning: HLS pragma dump _XLX_SEP_ PragmaIsValid=1_XLX_SEP_ PragmaType=dependence_XLX_SEP_ PragmaContext=hls_XLX_SEP_ PragmaFunction=HoughPolar_XLX_SEP_ PragmaOptions=array inter false_XLX_SEP_ [-Wdump-hls-pragmas]
#pragma HLS DEPENDENCE array inter false
^
c:/TFG_Vivado/vivado/axu2cga_trd.gen/sources_1/bd/design_1/ip/design_1_v_frmbuf_wr_1_0/src/hls/hls_video_hough.h:192:1: warning: HLS pragma dump _XLX_SEP_ PragmaIsValid=1_XLX_SEP_ PragmaType=array_partition_XLX_SEP_ PragmaContext=hls_XLX_SEP_ PragmaFunction=Sort_insert_XLX_SEP_ PragmaOptions=variable=&accum_buf complete dim=1_XLX_SEP_ [-Wdump-hls-pragmas]
#pragma HLS ARRAY_PARTITION variable=&accum_buf complete dim=1
^
c:/TFG_Vivado/vivado/axu2cga_trd.gen/sources_1/bd/design_1/ip/design_1_v_frmbuf_wr_1_0/src/hls/hls_video_hough.h:193:1: warning: HLS pragma dump _XLX_SEP_ PragmaIsValid=1_XLX_SEP_ PragmaType=array_partition_XLX_SEP_ PragmaContext=hls_XLX_SEP_ PragmaFunction=Sort_insert_XLX_SEP_ PragmaOptions=variable=lines_val complete dim=1_XLX_SEP_ [-Wdump-hls-pragmas]
#pragma HLS ARRAY_PARTITION variable=lines_val complete dim=1
^
c:/TFG_Vivado/vivado/axu2cga_trd.gen/sources_1/bd/design_1/ip/design_1_v_frmbuf_wr_1_0/src/hls/hls_video_hough.h:194:1: warning: HLS pragma dump _XLX_SEP_ PragmaIsValid=1_XLX_SEP_ PragmaType=array_partition_XLX_SEP_ PragmaContext=hls_XLX_SEP_ PragmaFunction=Sort_insert_XLX_SEP_ PragmaOptions=variable=lines complete dim=0_XLX_SEP_ [-Wdump-hls-pragmas]
#pragma HLS ARRAY_PARTITION variable=lines complete dim=0
^
c:/TFG_Vivado/vivado/axu2cga_trd.gen/sources_1/bd/design_1/ip/design_1_v_frmbuf_wr_1_0/src/hls/hls_video_hough.h:195:1: warning: HLS pragma dump _XLX_SEP_ PragmaIsValid=1_XLX_SEP_ PragmaType=array_partition_XLX_SEP_ PragmaContext=hls_XLX_SEP_ PragmaFunction=Sort_insert_XLX_SEP_ PragmaOptions=variable=&accum_win complete dim=0_XLX_SEP_ [-Wdump-hls-pragmas]
#pragma HLS ARRAY_PARTITION variable=&accum_win complete dim=0
^
c:/TFG_Vivado/vivado/axu2cga_trd.gen/sources_1/bd/design_1/ip/design_1_v_frmbuf_wr_1_0/src/hls/hls_video_hough.h:196:1: warning: HLS pragma dump _XLX_SEP_ PragmaIsValid=1_XLX_SEP_ PragmaType=array_partition_XLX_SEP_ PragmaContext=hls_XLX_SEP_ PragmaFunction=Sort_insert_XLX_SEP_ PragmaOptions=variable=lines_flag complete dim=0_XLX_SEP_ [-Wdump-hls-pragmas]
#pragma HLS ARRAY_PARTITION variable=lines_flag complete dim=0
^
c:/TFG_Vivado/vivado/axu2cga_trd.gen/sources_1/bd/design_1/ip/design_1_v_frmbuf_wr_1_0/src/hls/hls_video_hough.h:212:1: warning: HLS pragma dump _XLX_SEP_ PragmaIsValid=1_XLX_SEP_ PragmaType=dependence_XLX_SEP_ PragmaContext=hls_XLX_SEP_ PragmaFunction=Sort_insert_XLX_SEP_ PragmaOptions=array intra false_XLX_SEP_ [-Wdump-hls-pragmas]
#pragma HLS DEPENDENCE array intra false
^
c:/TFG_Vivado/vivado/axu2cga_trd.gen/sources_1/bd/design_1/ip/design_1_v_frmbuf_wr_1_0/src/hls/hls_video_hough.h:213:1: warning: HLS pragma dump _XLX_SEP_ PragmaIsValid=1_XLX_SEP_ PragmaType=dependence_XLX_SEP_ PragmaContext=hls_XLX_SEP_ PragmaFunction=Sort_insert_XLX_SEP_ PragmaOptions=array inter false_XLX_SEP_ [-Wdump-hls-pragmas]
#pragma HLS DEPENDENCE array inter false
^
c:/TFG_Vivado/vivado/axu2cga_trd.gen/sources_1/bd/design_1/ip/design_1_v_frmbuf_wr_1_0/src/hls/hls_video_hough.h:214:1: warning: HLS pragma dump _XLX_SEP_ PragmaIsValid=1_XLX_SEP_ PragmaType=pipeline_XLX_SEP_ PragmaContext=hls_XLX_SEP_ PragmaFunction=Sort_insert_XLX_SEP_ PragmaOptions=_XLX_SEP_ [-Wdump-hls-pragmas]
#pragma HLS PIPELINE
^
c:/TFG_Vivado/vivado/axu2cga_trd.gen/sources_1/bd/design_1/ip/design_1_v_frmbuf_wr_1_0/src/hls/hls_video_hough.h:334:1: warning: HLS pragma dump _XLX_SEP_ PragmaIsValid=1_XLX_SEP_ PragmaType=array_partition_XLX_SEP_ PragmaContext=hls_XLX_SEP_ PragmaFunction=HoughLines2_XLX_SEP_ PragmaOptions=variable=_accum complete dim=1_XLX_SEP_ [-Wdump-hls-pragmas]
#pragma HLS ARRAY_PARTITION variable=_accum complete dim=1
^
In file included from C:/TFG_Vivado/vivado/axu2cga_trd.runs/design_1_v_frmbuf_wr_1_0_synth_1/prj/sol/.autopilot/db/v_frmbuf_wr.cpp:51:
In file included from c:/TFG_Vivado/vivado/axu2cga_trd.gen/sources_1/bd/design_1/ip/design_1_v_frmbuf_wr_1_0/src\v_frmbuf_wr.h:49:
In file included from c:/TFG_Vivado/vivado/axu2cga_trd.gen/sources_1/bd/design_1/ip/design_1_v_frmbuf_wr_1_0/src/hls_video.h:82:
c:/TFG_Vivado/vivado/axu2cga_trd.gen/sources_1/bd/design_1/ip/design_1_v_frmbuf_wr_1_0/src/hls/hls_video_harris.h:102:1: warning: HLS pragma dump _XLX_SEP_ PragmaIsValid=1_XLX_SEP_ PragmaType=inline_XLX_SEP_ PragmaContext=hls_XLX_SEP_ PragmaFunction=IsMax_XLX_SEP_ PragmaOptions=_XLX_SEP_ [-Wdump-hls-pragmas]
#pragma HLS INLINE
^
c:/TFG_Vivado/vivado/axu2cga_trd.gen/sources_1/bd/design_1/ip/design_1_v_frmbuf_wr_1_0/src/hls/hls_video_harris.h:129:1: warning: HLS pragma dump _XLX_SEP_ PragmaIsValid=1_XLX_SEP_ PragmaType=loop_tripcount_XLX_SEP_ PragmaContext=hls_XLX_SEP_ PragmaFunction=FindMax_XLX_SEP_ PragmaOptions=MAX=ROWS_XLX_SEP_ [-Wdump-hls-pragmas]
#pragma HLS LOOP_TRIPCOUNT MAX=ROWS
^
c:/TFG_Vivado/vivado/axu2cga_trd.gen/sources_1/bd/design_1/ip/design_1_v_frmbuf_wr_1_0/src/hls/hls_video_harris.h:132:1: warning: HLS pragma dump _XLX_SEP_ PragmaIsValid=1_XLX_SEP_ PragmaType=dependence_XLX_SEP_ PragmaContext=hls_XLX_SEP_ PragmaFunction=FindMax_XLX_SEP_ PragmaOptions=ARRAY INTER FALSE_XLX_SEP_ [-Wdump-hls-pragmas]
#pragma HLS DEPENDENCE ARRAY INTER FALSE
^
c:/TFG_Vivado/vivado/axu2cga_trd.gen/sources_1/bd/design_1/ip/design_1_v_frmbuf_wr_1_0/src/hls/hls_video_harris.h:133:1: warning: HLS pragma dump _XLX_SEP_ PragmaIsValid=1_XLX_SEP_ PragmaType=loop_tripcount_XLX_SEP_ PragmaContext=hls_XLX_SEP_ PragmaFunction=FindMax_XLX_SEP_ PragmaOptions=MAX=COLS_XLX_SEP_ [-Wdump-hls-pragmas]
#pragma HLS LOOP_TRIPCOUNT MAX=COLS
^
c:/TFG_Vivado/vivado/axu2cga_trd.gen/sources_1/bd/design_1/ip/design_1_v_frmbuf_wr_1_0/src/hls/hls_video_harris.h:134:1: warning: HLS pragma dump _XLX_SEP_ PragmaIsValid=1_XLX_SEP_ PragmaType=loop_flatten_XLX_SEP_ PragmaContext=hls_XLX_SEP_ PragmaFunction=FindMax_XLX_SEP_ PragmaOptions=off_XLX_SEP_ [-Wdump-hls-pragmas]
#pragma HLS LOOP_FLATTEN off
^
c:/TFG_Vivado/vivado/axu2cga_trd.gen/sources_1/bd/design_1/ip/design_1_v_frmbuf_wr_1_0/src/hls/hls_video_harris.h:135:1: warning: HLS pragma dump _XLX_SEP_ PragmaIsValid=1_XLX_SEP_ PragmaType=pipeline_XLX_SEP_ PragmaContext=hls_XLX_SEP_ PragmaFunction=FindMax_XLX_SEP_ PragmaOptions=II=1_XLX_SEP_ [-Wdump-hls-pragmas]
#pragma HLS PIPELINE II=1
^
c:/TFG_Vivado/vivado/axu2cga_trd.gen/sources_1/bd/design_1/ip/design_1_v_frmbuf_wr_1_0/src/hls/hls_video_harris.h:198:1: warning: HLS pragma dump _XLX_SEP_ PragmaIsValid=1_XLX_SEP_ PragmaType=loop_tripcount_XLX_SEP_ PragmaContext=hls_XLX_SEP_ PragmaFunction=CalCim_XLX_SEP_ PragmaOptions=MAX=ROWS_XLX_SEP_ [-Wdump-hls-pragmas]
#pragma HLS LOOP_TRIPCOUNT MAX=ROWS
^
c:/TFG_Vivado/vivado/axu2cga_trd.gen/sources_1/bd/design_1/ip/design_1_v_frmbuf_wr_1_0/src/hls/hls_video_harris.h:201:1: warning: HLS pragma dump _XLX_SEP_ PragmaIsValid=1_XLX_SEP_ PragmaType=dependence_XLX_SEP_ PragmaContext=hls_XLX_SEP_ PragmaFunction=CalCim_XLX_SEP_ PragmaOptions=ARRAY INTER FALSE_XLX_SEP_ [-Wdump-hls-pragmas]
#pragma HLS DEPENDENCE ARRAY INTER FALSE
^
c:/TFG_Vivado/vivado/axu2cga_trd.gen/sources_1/bd/design_1/ip/design_1_v_frmbuf_wr_1_0/src/hls/hls_video_harris.h:202:1: warning: HLS pragma dump _XLX_SEP_ PragmaIsValid=1_XLX_SEP_ PragmaType=loop_tripcount_XLX_SEP_ PragmaContext=hls_XLX_SEP_ PragmaFunction=CalCim_XLX_SEP_ PragmaOptions=MAX=COLS_XLX_SEP_ [-Wdump-hls-pragmas]
#pragma HLS LOOP_TRIPCOUNT MAX=COLS
^
c:/TFG_Vivado/vivado/axu2cga_trd.gen/sources_1/bd/design_1/ip/design_1_v_frmbuf_wr_1_0/src/hls/hls_video_harris.h:203:1: warning: HLS pragma dump _XLX_SEP_ PragmaIsValid=1_XLX_SEP_ PragmaType=loop_flatten_XLX_SEP_ PragmaContext=hls_XLX_SEP_ PragmaFunction=CalCim_XLX_SEP_ PragmaOptions=off_XLX_SEP_ [-Wdump-hls-pragmas]
#pragma HLS LOOP_FLATTEN off
^
c:/TFG_Vivado/vivado/axu2cga_trd.gen/sources_1/bd/design_1/ip/design_1_v_frmbuf_wr_1_0/src/hls/hls_video_harris.h:204:1: warning: HLS pragma dump _XLX_SEP_ PragmaIsValid=1_XLX_SEP_ PragmaType=pipeline_XLX_SEP_ PragmaContext=hls_XLX_SEP_ PragmaFunction=CalCim_XLX_SEP_ PragmaOptions=II=1_XLX_SEP_ [-Wdump-hls-pragmas]
#pragma HLS PIPELINE II=1
^
c:/TFG_Vivado/vivado/axu2cga_trd.gen/sources_1/bd/design_1/ip/design_1_v_frmbuf_wr_1_0/src/hls/hls_video_harris.h:228:1: warning: HLS pragma dump _XLX_SEP_ PragmaIsValid=1_XLX_SEP_ PragmaType=inline_XLX_SEP_ PragmaContext=hls_XLX_SEP_ PragmaFunction=Harris_opr_XLX_SEP_ PragmaOptions=_XLX_SEP_ [-Wdump-hls-pragmas]
#pragma HLS INLINE
^
c:/TFG_Vivado/vivado/axu2cga_trd.gen/sources_1/bd/design_1/ip/design_1_v_frmbuf_wr_1_0/src/hls/hls_video_harris.h:229:1: warning: HLS pragma dump _XLX_SEP_ PragmaIsValid=1_XLX_SEP_ PragmaType=dataflow_XLX_SEP_ PragmaContext=hls_XLX_SEP_ PragmaFunction=Harris_opr_XLX_SEP_ PragmaOptions=_XLX_SEP_ [-Wdump-hls-pragmas]
#pragma HLS dataflow
^
c:/TFG_Vivado/vivado/axu2cga_trd.gen/sources_1/bd/design_1/ip/design_1_v_frmbuf_wr_1_0/src/hls/hls_video_harris.h:284:1: warning: HLS pragma dump _XLX_SEP_ PragmaIsValid=1_XLX_SEP_ PragmaType=inline_XLX_SEP_ PragmaContext=hls_XLX_SEP_ PragmaFunction=CornerHarris_XLX_SEP_ PragmaOptions=_XLX_SEP_ [-Wdump-hls-pragmas]
#pragma HLS INLINE
^
c:/TFG_Vivado/vivado/axu2cga_trd.gen/sources_1/bd/design_1/ip/design_1_v_frmbuf_wr_1_0/src/hls/hls_video_harris.h:325:1: warning: HLS pragma dump _XLX_SEP_ PragmaIsValid=1_XLX_SEP_ PragmaType=inline_XLX_SEP_ PragmaContext=hls_XLX_SEP_ PragmaFunction=Harris_XLX_SEP_ PragmaOptions=_XLX_SEP_ [-Wdump-hls-pragmas]
#pragma HLS INLINE
^
In file included from C:/TFG_Vivado/vivado/axu2cga_trd.runs/design_1_v_frmbuf_wr_1_0_synth_1/prj/sol/.autopilot/db/v_frmbuf_wr.cpp:51:
In file included from c:/TFG_Vivado/vivado/axu2cga_trd.gen/sources_1/bd/design_1/ip/design_1_v_frmbuf_wr_1_0/src\v_frmbuf_wr.h:49:
In file included from c:/TFG_Vivado/vivado/axu2cga_trd.gen/sources_1/bd/design_1/ip/design_1_v_frmbuf_wr_1_0/src/hls_video.h:83:
c:/TFG_Vivado/vivado/axu2cga_trd.gen/sources_1/bd/design_1/ip/design_1_v_frmbuf_wr_1_0/src/hls/hls_video_haar.h:73:1: warning: HLS pragma dump _XLX_SEP_ PragmaIsValid=1_XLX_SEP_ PragmaType=array_partition_XLX_SEP_ PragmaContext=hls_XLX_SEP_ PragmaFunction=HaarFeature_XLX_SEP_ PragmaOptions=variable=rect complete dim=1_XLX_SEP_ [-Wdump-hls-pragmas]
#pragma HLS ARRAY_PARTITION variable=rect complete dim=1
^
c:/TFG_Vivado/vivado/axu2cga_trd.gen/sources_1/bd/design_1/ip/design_1_v_frmbuf_wr_1_0/src/hls/hls_video_haar.h:84:1: warning: HLS pragma dump _XLX_SEP_ PragmaIsValid=1_XLX_SEP_ PragmaType=array_partition_XLX_SEP_ PragmaContext=hls_XLX_SEP_ PragmaFunction=HaarClassifier<FEATURE_MAX>_XLX_SEP_ PragmaOptions=variable=haar_feature complete dim=1_XLX_SEP_ [-Wdump-hls-pragmas]
#pragma HLS ARRAY_PARTITION variable=haar_feature complete dim=1
^
c:/TFG_Vivado/vivado/axu2cga_trd.gen/sources_1/bd/design_1/ip/design_1_v_frmbuf_wr_1_0/src/hls/hls_video_haar.h:99:1: warning: HLS pragma dump _XLX_SEP_ PragmaIsValid=1_XLX_SEP_ PragmaType=array_partition_XLX_SEP_ PragmaContext=hls_XLX_SEP_ PragmaFunction=HaarStageClassifier<STAGE, CLASSIFIER_ALL, FEATURE_MAX>_XLX_SEP_ PragmaOptions=variable=classifier complete dim=1_XLX_SEP_ [-Wdump-hls-pragmas]
#pragma HLS ARRAY_PARTITION variable=classifier complete dim=1
^
c:/TFG_Vivado/vivado/axu2cga_trd.gen/sources_1/bd/design_1/ip/design_1_v_frmbuf_wr_1_0/src/hls/hls_video_haar.h:188:1: warning: HLS pragma dump _XLX_SEP_ PragmaIsValid=1_XLX_SEP_ PragmaType=inline_XLX_SEP_ PragmaContext=hls_XLX_SEP_ PragmaFunction=intergral_win_XLX_SEP_ PragmaOptions=_XLX_SEP_ [-Wdump-hls-pragmas]
#pragma HLS INLINE
^
c:/TFG_Vivado/vivado/axu2cga_trd.gen/sources_1/bd/design_1/ip/design_1_v_frmbuf_wr_1_0/src/hls/hls_video_haar.h:205:1: warning: HLS pragma dump _XLX_SEP_ PragmaIsValid=1_XLX_SEP_ PragmaType=inline_XLX_SEP_ PragmaContext=hls_XLX_SEP_ PragmaFunction=icvEvalHidHaarClassifier_XLX_SEP_ PragmaOptions=off_XLX_SEP_ [-Wdump-hls-pragmas]
#pragma HLS inline off
^
c:/TFG_Vivado/vivado/axu2cga_trd.gen/sources_1/bd/design_1/ip/design_1_v_frmbuf_wr_1_0/src/hls/hls_video_haar.h:206:1: warning: HLS pragma dump _XLX_SEP_ PragmaIsValid=1_XLX_SEP_ PragmaType=function_instantiate_XLX_SEP_ PragmaContext=hls_XLX_SEP_ PragmaFunction=icvEvalHidHaarClassifier_XLX_SEP_ PragmaOptions=variable=classifier_XLX_SEP_ [-Wdump-hls-pragmas]
#pragma HLS function_instantiate variable=classifier
^
c:/TFG_Vivado/vivado/axu2cga_trd.gen/sources_1/bd/design_1/ip/design_1_v_frmbuf_wr_1_0/src/hls/hls_video_haar.h:241:1: warning: HLS pragma dump _XLX_SEP_ PragmaIsValid=1_XLX_SEP_ PragmaType=inline_XLX_SEP_ PragmaContext=hls_XLX_SEP_ PragmaFunction=RunHaarClassifierCascade_XLX_SEP_ PragmaOptions=_XLX_SEP_ [-Wdump-hls-pragmas]
#pragma HLS inline
^
c:/TFG_Vivado/vivado/axu2cga_trd.gen/sources_1/bd/design_1/ip/design_1_v_frmbuf_wr_1_0/src/hls/hls_video_haar.h:298:1: warning: HLS pragma dump _XLX_SEP_ PragmaIsValid=1_XLX_SEP_ PragmaType=loop_flatten_XLX_SEP_ PragmaContext=hls_XLX_SEP_ PragmaFunction=HaarClassifierObject_opr_XLX_SEP_ PragmaOptions=off_XLX_SEP_ [-Wdump-hls-pragmas]
#pragma HLS loop_flatten off
^
c:/TFG_Vivado/vivado/axu2cga_trd.gen/sources_1/bd/design_1/ip/design_1_v_frmbuf_wr_1_0/src/hls/hls_video_haar.h:299:1: warning: HLS pragma dump _XLX_SEP_ PragmaIsValid=1_XLX_SEP_ PragmaType=pipeline_XLX_SEP_ PragmaContext=hls_XLX_SEP_ PragmaFunction=HaarClassifierObject_opr_XLX_SEP_ PragmaOptions=_XLX_SEP_ [-Wdump-hls-pragmas]
#pragma HLS PIPELINE
^
c:/TFG_Vivado/vivado/axu2cga_trd.gen/sources_1/bd/design_1/ip/design_1_v_frmbuf_wr_1_0/src/hls/hls_video_haar.h:300:1: warning: HLS pragma dump _XLX_SEP_ PragmaIsValid=1_XLX_SEP_ PragmaType=dependence_XLX_SEP_ PragmaContext=hls_XLX_SEP_ PragmaFunction=HaarClassifierObject_opr_XLX_SEP_ PragmaOptions=array inter false_XLX_SEP_ [-Wdump-hls-pragmas]
#pragma HLS DEPENDENCE array inter false
^
c:/TFG_Vivado/vivado/axu2cga_trd.gen/sources_1/bd/design_1/ip/design_1_v_frmbuf_wr_1_0/src/hls/hls_video_haar.h:303:1: warning: HLS pragma dump _XLX_SEP_ PragmaIsValid=1_XLX_SEP_ PragmaType=expression_balance_XLX_SEP_ PragmaContext=hls_XLX_SEP_ PragmaFunction=HaarClassifierObject_opr_XLX_SEP_ PragmaOptions=off_XLX_SEP_ [-Wdump-hls-pragmas]
#pragma HLS expression_balance off
^
c:/TFG_Vivado/vivado/axu2cga_trd.gen/sources_1/bd/design_1/ip/design_1_v_frmbuf_wr_1_0/src/hls/hls_video_haar.h:412:1: warning: HLS pragma dump _XLX_SEP_ PragmaIsValid=1_XLX_SEP_ PragmaType=inline_XLX_SEP_ PragmaContext=hls_XLX_SEP_ PragmaFunction=HaarClassifierObject_XLX_SEP_ PragmaOptions=_XLX_SEP_ [-Wdump-hls-pragmas]
#pragma HLS inline
^
c:/TFG_Vivado/vivado/axu2cga_trd.gen/sources_1/bd/design_1/ip/design_1_v_frmbuf_wr_1_0/src/hls/hls_video_haar.h:476:1: warning: HLS pragma dump _XLX_SEP_ PragmaIsValid=1_XLX_SEP_ PragmaType=pipeline_XLX_SEP_ PragmaContext=hls_XLX_SEP_ PragmaFunction=Combin_mask_XLX_SEP_ PragmaOptions=_XLX_SEP_ [-Wdump-hls-pragmas]
#pragma HLS PIPELINE
^
c:/TFG_Vivado/vivado/axu2cga_trd.gen/sources_1/bd/design_1/ip/design_1_v_frmbuf_wr_1_0/src/hls/hls_video_haar.h:517:1: warning: HLS pragma dump _XLX_SEP_ PragmaIsValid=1_XLX_SEP_ PragmaType=inline_XLX_SEP_ PragmaContext=hls_XLX_SEP_ PragmaFunction=HaarClassifierObject_group_XLX_SEP_ PragmaOptions=_XLX_SEP_ [-Wdump-hls-pragmas]
#pragma HLS inline
^
In file included from C:/TFG_Vivado/vivado/axu2cga_trd.runs/design_1_v_frmbuf_wr_1_0_synth_1/prj/sol/.autopilot/db/v_frmbuf_wr.cpp:51:
In file included from c:/TFG_Vivado/vivado/axu2cga_trd.gen/sources_1/bd/design_1/ip/design_1_v_frmbuf_wr_1_0/src\v_frmbuf_wr.h:49:
In file included from c:/TFG_Vivado/vivado/axu2cga_trd.gen/sources_1/bd/design_1/ip/design_1_v_frmbuf_wr_1_0/src/hls_video.h:84:
c:/TFG_Vivado/vivado/axu2cga_trd.gen/sources_1/bd/design_1/ip/design_1_v_frmbuf_wr_1_0/src/hls/hls_video_stereobm.h:167:1: warning: HLS pragma dump _XLX_SEP_ PragmaIsValid=1_XLX_SEP_ PragmaType=array_partition_XLX_SEP_ PragmaContext=hls_XLX_SEP_ PragmaFunction=PreFilterNorm_XLX_SEP_ PragmaOptions=variable=tmp complete dim=0_XLX_SEP_ [-Wdump-hls-pragmas]
#pragma HLS array_partition variable=tmp complete dim=0
^
c:/TFG_Vivado/vivado/axu2cga_trd.gen/sources_1/bd/design_1/ip/design_1_v_frmbuf_wr_1_0/src/hls/hls_video_stereobm.h:169:1: warning: HLS pragma dump _XLX_SEP_ PragmaIsValid=1_XLX_SEP_ PragmaType=array_partition_XLX_SEP_ PragmaContext=hls_XLX_SEP_ PragmaFunction=PreFilterNorm_XLX_SEP_ PragmaOptions=variable=tmp complete dim=0_XLX_SEP_ [-Wdump-hls-pragmas]
#pragma HLS array_partition variable=tmp complete dim=0
^
c:/TFG_Vivado/vivado/axu2cga_trd.gen/sources_1/bd/design_1/ip/design_1_v_frmbuf_wr_1_0/src/hls/hls_video_stereobm.h:181:1: warning: HLS pragma dump _XLX_SEP_ PragmaIsValid=1_XLX_SEP_ PragmaType=loop_flatten_XLX_SEP_ PragmaContext=hls_XLX_SEP_ PragmaFunction=PreFilterNorm_XLX_SEP_ PragmaOptions=off_XLX_SEP_ [-Wdump-hls-pragmas]
#pragma HLS loop_flatten off
^
c:/TFG_Vivado/vivado/axu2cga_trd.gen/sources_1/bd/design_1/ip/design_1_v_frmbuf_wr_1_0/src/hls/hls_video_stereobm.h:182:1: warning: HLS pragma dump _XLX_SEP_ PragmaIsValid=1_XLX_SEP_ PragmaType=pipeline_XLX_SEP_ PragmaContext=hls_XLX_SEP_ PragmaFunction=PreFilterNorm_XLX_SEP_ PragmaOptions=II=1_XLX_SEP_ [-Wdump-hls-pragmas]
#pragma HLS pipeline II=1
^
c:/TFG_Vivado/vivado/axu2cga_trd.gen/sources_1/bd/design_1/ip/design_1_v_frmbuf_wr_1_0/src/hls/hls_video_stereobm.h:232:1: warning: HLS pragma dump _XLX_SEP_ PragmaIsValid=1_XLX_SEP_ PragmaType=pipeline_XLX_SEP_ PragmaContext=hls_XLX_SEP_ PragmaFunction=Clip_XLX_SEP_ PragmaOptions=II=1_XLX_SEP_ [-Wdump-hls-pragmas]
#pragma HLS pipeline II=1
^
c:/TFG_Vivado/vivado/axu2cga_trd.gen/sources_1/bd/design_1/ip/design_1_v_frmbuf_wr_1_0/src/hls/hls_video_stereobm.h:245:1: warning: HLS pragma dump _XLX_SEP_ PragmaIsValid=1_XLX_SEP_ PragmaType=inline_XLX_SEP_ PragmaContext=hls_XLX_SEP_ PragmaFunction=absdiff_XLX_SEP_ PragmaOptions=_XLX_SEP_ [-Wdump-hls-pragmas]
#pragma HLS inline
^
c:/TFG_Vivado/vivado/axu2cga_trd.gen/sources_1/bd/design_1/ip/design_1_v_frmbuf_wr_1_0/src/hls/hls_video_stereobm.h:268:1: warning: HLS pragma dump _XLX_SEP_ PragmaIsValid=1_XLX_SEP_ PragmaType=inline_XLX_SEP_ PragmaContext=hls_XLX_SEP_ PragmaFunction=UpdateTexture_XLX_SEP_ PragmaOptions=_XLX_SEP_ [-Wdump-hls-pragmas]
#pragma HLS inline
^
c:/TFG_Vivado/vivado/axu2cga_trd.gen/sources_1/bd/design_1/ip/design_1_v_frmbuf_wr_1_0/src/hls/hls_video_stereobm.h:285:1: warning: HLS pragma dump _XLX_SEP_ PragmaIsValid=1_XLX_SEP_ PragmaType=inline_XLX_SEP_ PragmaContext=hls_XLX_SEP_ PragmaFunction=SAD_compute_inc_XLX_SEP_ PragmaOptions=_XLX_SEP_ [-Wdump-hls-pragmas]
#pragma HLS inline
^
c:/TFG_Vivado/vivado/axu2cga_trd.gen/sources_1/bd/design_1/ip/design_1_v_frmbuf_wr_1_0/src/hls/hls_video_stereobm.h:310:1: warning: HLS pragma dump _XLX_SEP_ PragmaIsValid=1_XLX_SEP_ PragmaType=inline_XLX_SEP_ PragmaContext=hls_XLX_SEP_ PragmaFunction=find_XLX_SEP_ PragmaOptions=_XLX_SEP_ [-Wdump-hls-pragmas]
#pragma HLS inline
^
c:/TFG_Vivado/vivado/axu2cga_trd.gen/sources_1/bd/design_1/ip/design_1_v_frmbuf_wr_1_0/src/hls/hls_video_stereobm.h:311:1: warning: HLS pragma dump _XLX_SEP_ PragmaIsValid=1_XLX_SEP_ PragmaType=array_partition_XLX_SEP_ PragmaContext=hls_XLX_SEP_ PragmaFunction=find_XLX_SEP_ PragmaOptions=variable=a complete dim=0_XLX_SEP_ [-Wdump-hls-pragmas]
#pragma HLS array_partition variable=a complete dim=0
^
c:/TFG_Vivado/vivado/axu2cga_trd.gen/sources_1/bd/design_1/ip/design_1_v_frmbuf_wr_1_0/src/hls/hls_video_stereobm.h:339:1: warning: HLS pragma dump _XLX_SEP_ PragmaIsValid=1_XLX_SEP_ PragmaType=inline_XLX_SEP_ PragmaContext=hls_XLX_SEP_ PragmaFunction=find_XLX_SEP_ PragmaOptions=_XLX_SEP_ [-Wdump-hls-pragmas]
#pragma HLS inline
^
c:/TFG_Vivado/vivado/axu2cga_trd.gen/sources_1/bd/design_1/ip/design_1_v_frmbuf_wr_1_0/src/hls/hls_video_stereobm.h:340:1: warning: HLS pragma dump _XLX_SEP_ PragmaIsValid=1_XLX_SEP_ PragmaType=array_partition_XLX_SEP_ PragmaContext=hls_XLX_SEP_ PragmaFunction=find_XLX_SEP_ PragmaOptions=variable=a complete dim=0_XLX_SEP_ [-Wdump-hls-pragmas]
#pragma HLS array_partition variable=a complete dim=0
^
c:/TFG_Vivado/vivado/axu2cga_trd.gen/sources_1/bd/design_1/ip/design_1_v_frmbuf_wr_1_0/src/hls/hls_video_stereobm.h:351:1: warning: HLS pragma dump _XLX_SEP_ PragmaIsValid=1_XLX_SEP_ PragmaType=inline_XLX_SEP_ PragmaContext=hls_XLX_SEP_ PragmaFunction=find_XLX_SEP_ PragmaOptions=_XLX_SEP_ [-Wdump-hls-pragmas]
#pragma HLS inline
^
c:/TFG_Vivado/vivado/axu2cga_trd.gen/sources_1/bd/design_1/ip/design_1_v_frmbuf_wr_1_0/src/hls/hls_video_stereobm.h:352:1: warning: HLS pragma dump _XLX_SEP_ PragmaIsValid=1_XLX_SEP_ PragmaType=array_partition_XLX_SEP_ PragmaContext=hls_XLX_SEP_ PragmaFunction=find_XLX_SEP_ PragmaOptions=variable=a complete dim=0_XLX_SEP_ [-Wdump-hls-pragmas]
#pragma HLS array_partition variable=a complete dim=0
^
c:/TFG_Vivado/vivado/axu2cga_trd.gen/sources_1/bd/design_1/ip/design_1_v_frmbuf_wr_1_0/src/hls/hls_video_stereobm.h:390:1: warning: HLS pragma dump _XLX_SEP_ PragmaIsValid=1_XLX_SEP_ PragmaType=array_partition_XLX_SEP_ PragmaContext=hls_XLX_SEP_ PragmaFunction=SADBlockMatching_XLX_SEP_ PragmaOptions=variable=l_tmp complete dim=0_XLX_SEP_ [-Wdump-hls-pragmas]
#pragma HLS array_partition variable=l_tmp complete dim=0
^
c:/TFG_Vivado/vivado/axu2cga_trd.gen/sources_1/bd/design_1/ip/design_1_v_frmbuf_wr_1_0/src/hls/hls_video_stereobm.h:392:1: warning: HLS pragma dump _XLX_SEP_ PragmaIsValid=1_XLX_SEP_ PragmaType=array_partition_XLX_SEP_ PragmaContext=hls_XLX_SEP_ PragmaFunction=SADBlockMatching_XLX_SEP_ PragmaOptions=variable=r_tmp complete dim=0_XLX_SEP_ [-Wdump-hls-pragmas]
#pragma HLS array_partition variable=r_tmp complete dim=0
^
c:/TFG_Vivado/vivado/axu2cga_trd.gen/sources_1/bd/design_1/ip/design_1_v_frmbuf_wr_1_0/src/hls/hls_video_stereobm.h:395:1: warning: HLS pragma dump _XLX_SEP_ PragmaIsValid=1_XLX_SEP_ PragmaType=array_partition_XLX_SEP_ PragmaContext=hls_XLX_SEP_ PragmaFunction=SADBlockMatching_XLX_SEP_ PragmaOptions=variable=sad complete dim=0_XLX_SEP_ [-Wdump-hls-pragmas]
#pragma HLS array_partition variable=sad complete dim=0
^
c:/TFG_Vivado/vivado/axu2cga_trd.gen/sources_1/bd/design_1/ip/design_1_v_frmbuf_wr_1_0/src/hls/hls_video_stereobm.h:397:1: warning: HLS pragma dump _XLX_SEP_ PragmaIsValid=1_XLX_SEP_ PragmaType=array_partition_XLX_SEP_ PragmaContext=hls_XLX_SEP_ PragmaFunction=SADBlockMatching_XLX_SEP_ PragmaOptions=variable=sad_cols complete dim=0_XLX_SEP_ [-Wdump-hls-pragmas]
#pragma HLS array_partition variable=sad_cols complete dim=0
^
c:/TFG_Vivado/vivado/axu2cga_trd.gen/sources_1/bd/design_1/ip/design_1_v_frmbuf_wr_1_0/src/hls/hls_video_stereobm.h:414:1: warning: HLS pragma dump _XLX_SEP_ PragmaIsValid=1_XLX_SEP_ PragmaType=loop_flatten_XLX_SEP_ PragmaContext=hls_XLX_SEP_ PragmaFunction=SADBlockMatching_XLX_SEP_ PragmaOptions=off_XLX_SEP_ [-Wdump-hls-pragmas]
#pragma HLS loop_flatten off
^
c:/TFG_Vivado/vivado/axu2cga_trd.gen/sources_1/bd/design_1/ip/design_1_v_frmbuf_wr_1_0/src/hls/hls_video_stereobm.h:415:1: warning: HLS pragma dump _XLX_SEP_ PragmaIsValid=1_XLX_SEP_ PragmaType=pipeline_XLX_SEP_ PragmaContext=hls_XLX_SEP_ PragmaFunction=SADBlockMatching_XLX_SEP_ PragmaOptions=II=1_XLX_SEP_ [-Wdump-hls-pragmas]
#pragma HLS pipeline II=1
^
c:/TFG_Vivado/vivado/axu2cga_trd.gen/sources_1/bd/design_1/ip/design_1_v_frmbuf_wr_1_0/src/hls/hls_video_stereobm.h:419:1: warning: HLS pragma dump _XLX_SEP_ PragmaIsValid=1_XLX_SEP_ PragmaType=unroll_XLX_SEP_ PragmaContext=hls_XLX_SEP_ PragmaFunction=SADBlockMatching_XLX_SEP_ PragmaOptions=_XLX_SEP_ [-Wdump-hls-pragmas]
#pragma HLS unroll
^
c:/TFG_Vivado/vivado/axu2cga_trd.gen/sources_1/bd/design_1/ip/design_1_v_frmbuf_wr_1_0/src/hls/hls_video_stereobm.h:422:1: warning: HLS pragma dump _XLX_SEP_ PragmaIsValid=1_XLX_SEP_ PragmaType=unroll_XLX_SEP_ PragmaContext=hls_XLX_SEP_ PragmaFunction=SADBlockMatching_XLX_SEP_ PragmaOptions=_XLX_SEP_ [-Wdump-hls-pragmas]
#pragma HLS unroll
^
c:/TFG_Vivado/vivado/axu2cga_trd.gen/sources_1/bd/design_1/ip/design_1_v_frmbuf_wr_1_0/src/hls/hls_video_stereobm.h:578:1: warning: HLS pragma dump _XLX_SEP_ PragmaIsValid=1_XLX_SEP_ PragmaType=dataflow_XLX_SEP_ PragmaContext=hls_XLX_SEP_ PragmaFunction=FindStereoCorrespondenceBM_XLX_SEP_ PragmaOptions=_XLX_SEP_ [-Wdump-hls-pragmas]
#pragma HLS dataflow
^
C:/TFG_Vivado/vivado/axu2cga_trd.runs/design_1_v_frmbuf_wr_1_0_synth_1/prj/sol/.autopilot/db/v_frmbuf_wr.cpp:115:1: warning: HLS pragma dump _XLX_SEP_ PragmaIsValid=1_XLX_SEP_ PragmaType=stream_XLX_SEP_ PragmaContext=hls_XLX_SEP_ PragmaFunction=FrmbufWrHlsDataFlow_XLX_SEP_ PragmaOptions=depth=PLANE_STREAM_DEPTH1 variable=bytePlanes.plane1_XLX_SEP_ [-Wdump-hls-pragmas]
#pragma HLS stream depth=PLANE_STREAM_DEPTH1 variable=bytePlanes.plane1
^
C:/TFG_Vivado/vivado/axu2cga_trd.runs/design_1_v_frmbuf_wr_1_0_synth_1/prj/sol/.autopilot/db/v_frmbuf_wr.cpp:116:1: warning: HLS pragma dump _XLX_SEP_ PragmaIsValid=1_XLX_SEP_ PragmaType=bind_storage_XLX_SEP_ PragmaContext=hls_XLX_SEP_ PragmaFunction=FrmbufWrHlsDataFlow_XLX_SEP_ PragmaOptions=variable=bytePlanes.plane1 type=fifo impl=bram_XLX_SEP_ [-Wdump-hls-pragmas]
#pragma HLS bind_storage variable=bytePlanes.plane1 type=fifo impl=bram
^
C:/TFG_Vivado/vivado/axu2cga_trd.runs/design_1_v_frmbuf_wr_1_0_synth_1/prj/sol/.autopilot/db/v_frmbuf_wr.cpp:119:1: warning: HLS pragma dump _XLX_SEP_ PragmaIsValid=1_XLX_SEP_ PragmaType=stream_XLX_SEP_ PragmaContext=hls_XLX_SEP_ PragmaFunction=FrmbufWrHlsDataFlow_XLX_SEP_ PragmaOptions=depth=PLANE_STREAM_DEPTH0 variable=bytePlanes.plane0_XLX_SEP_ [-Wdump-hls-pragmas]
#pragma HLS stream depth=PLANE_STREAM_DEPTH0 variable=bytePlanes.plane0
^
C:/TFG_Vivado/vivado/axu2cga_trd.runs/design_1_v_frmbuf_wr_1_0_synth_1/prj/sol/.autopilot/db/v_frmbuf_wr.cpp:120:1: warning: HLS pragma dump _XLX_SEP_ PragmaIsValid=1_XLX_SEP_ PragmaType=bind_storage_XLX_SEP_ PragmaContext=hls_XLX_SEP_ PragmaFunction=FrmbufWrHlsDataFlow_XLX_SEP_ PragmaOptions=variable=bytePlanes.plane0 type=fifo impl=bram_XLX_SEP_ [-Wdump-hls-pragmas]
#pragma HLS bind_storage variable=bytePlanes.plane0 type=fifo impl=bram
^
C:/TFG_Vivado/vivado/axu2cga_trd.runs/design_1_v_frmbuf_wr_1_0_synth_1/prj/sol/.autopilot/db/v_frmbuf_wr.cpp:122:1: warning: HLS pragma dump _XLX_SEP_ PragmaIsValid=1_XLX_SEP_ PragmaType=dataflow_XLX_SEP_ PragmaContext=hls_XLX_SEP_ PragmaFunction=FrmbufWrHlsDataFlow_XLX_SEP_ PragmaOptions=_XLX_SEP_ [-Wdump-hls-pragmas]
#pragma HLS DATAFLOW
^
C:/TFG_Vivado/vivado/axu2cga_trd.runs/design_1_v_frmbuf_wr_1_0_synth_1/runhls.tcl:42:1: warning: HLS pragma dump _XLX_SEP_ PragmaIsValid=1_XLX_SEP_ PragmaType=top_XLX_SEP_ PragmaContext=directive_XLX_SEP_ PragmaFunction=v_frmbuf_wr_XLX_SEP_ PragmaOptions=name=v_frmbuf_wr_XLX_SEP_ [-Wdump-hls-pragmas]
#pragma HLSDIRECTIVE TOP name=v_frmbuf_wr
^
C:/TFG_Vivado/vivado/axu2cga_trd.runs/design_1_v_frmbuf_wr_1_0_synth_1/prj/sol/.autopilot/db/v_frmbuf_wr.cpp:175:1: warning: HLS pragma dump _XLX_SEP_ PragmaIsValid=1_XLX_SEP_ PragmaType=interface_XLX_SEP_ PragmaContext=hls_XLX_SEP_ PragmaFunction=v_frmbuf_wr_XLX_SEP_ PragmaOptions=axis port=s_axis_video register_XLX_SEP_ [-Wdump-hls-pragmas]
#pragma HLS INTERFACE axis port=s_axis_video register
^
C:/TFG_Vivado/vivado/axu2cga_trd.runs/design_1_v_frmbuf_wr_1_0_synth_1/prj/sol/.autopilot/db/v_frmbuf_wr.cpp:177:1: warning: HLS pragma dump _XLX_SEP_ PragmaIsValid=1_XLX_SEP_ PragmaType=interface_XLX_SEP_ PragmaContext=hls_XLX_SEP_ PragmaFunction=v_frmbuf_wr_XLX_SEP_ PragmaOptions=s_axilite port=width bundle=CTRL offset=0x0010_XLX_SEP_ [-Wdump-hls-pragmas]
#pragma HLS INTERFACE s_axilite port=width bundle=CTRL offset=0x0010
^
C:/TFG_Vivado/vivado/axu2cga_trd.runs/design_1_v_frmbuf_wr_1_0_synth_1/prj/sol/.autopilot/db/v_frmbuf_wr.cpp:178:1: warning: HLS pragma dump _XLX_SEP_ PragmaIsValid=1_XLX_SEP_ PragmaType=interface_XLX_SEP_ PragmaContext=hls_XLX_SEP_ PragmaFunction=v_frmbuf_wr_XLX_SEP_ PragmaOptions=s_axilite port=height bundle=CTRL offset=0x0018_XLX_SEP_ [-Wdump-hls-pragmas]
#pragma HLS INTERFACE s_axilite port=height bundle=CTRL offset=0x0018
^
C:/TFG_Vivado/vivado/axu2cga_trd.runs/design_1_v_frmbuf_wr_1_0_synth_1/prj/sol/.autopilot/db/v_frmbuf_wr.cpp:179:1: warning: HLS pragma dump _XLX_SEP_ PragmaIsValid=1_XLX_SEP_ PragmaType=interface_XLX_SEP_ PragmaContext=hls_XLX_SEP_ PragmaFunction=v_frmbuf_wr_XLX_SEP_ PragmaOptions=s_axilite port=stride bundle=CTRL offset=0x0020_XLX_SEP_ [-Wdump-hls-pragmas]
#pragma HLS INTERFACE s_axilite port=stride bundle=CTRL offset=0x0020
^
C:/TFG_Vivado/vivado/axu2cga_trd.runs/design_1_v_frmbuf_wr_1_0_synth_1/prj/sol/.autopilot/db/v_frmbuf_wr.cpp:180:1: warning: HLS pragma dump _XLX_SEP_ PragmaIsValid=1_XLX_SEP_ PragmaType=interface_XLX_SEP_ PragmaContext=hls_XLX_SEP_ PragmaFunction=v_frmbuf_wr_XLX_SEP_ PragmaOptions=s_axilite port=video_format bundle=CTRL offset=0x0028_XLX_SEP_ [-Wdump-hls-pragmas]
#pragma HLS INTERFACE s_axilite port=video_format bundle=CTRL offset=0x0028
^
C:/TFG_Vivado/vivado/axu2cga_trd.runs/design_1_v_frmbuf_wr_1_0_synth_1/prj/sol/.autopilot/db/v_frmbuf_wr.cpp:185:1: warning: HLS pragma dump _XLX_SEP_ PragmaIsValid=1_XLX_SEP_ PragmaType=interface_XLX_SEP_ PragmaContext=hls_XLX_SEP_ PragmaFunction=v_frmbuf_wr_XLX_SEP_ PragmaOptions=s_axilite port=return bundle=CTRL_XLX_SEP_ [-Wdump-hls-pragmas]
#pragma HLS INTERFACE s_axilite port=return bundle=CTRL
^
C:/TFG_Vivado/vivado/axu2cga_trd.runs/design_1_v_frmbuf_wr_1_0_synth_1/prj/sol/.autopilot/db/v_frmbuf_wr.cpp:187:1: warning: HLS pragma dump _XLX_SEP_ PragmaIsValid=1_XLX_SEP_ PragmaType=stable_XLX_SEP_ PragmaContext=hls_XLX_SEP_ PragmaFunction=v_frmbuf_wr_XLX_SEP_ PragmaOptions=variable=width_XLX_SEP_ [-Wdump-hls-pragmas]
#pragma HLS stable variable=width
^
C:/TFG_Vivado/vivado/axu2cga_trd.runs/design_1_v_frmbuf_wr_1_0_synth_1/prj/sol/.autopilot/db/v_frmbuf_wr.cpp:189:1: warning: HLS pragma dump _XLX_SEP_ PragmaIsValid=1_XLX_SEP_ PragmaType=stable_XLX_SEP_ PragmaContext=hls_XLX_SEP_ PragmaFunction=v_frmbuf_wr_XLX_SEP_ PragmaOptions=variable=height_XLX_SEP_ [-Wdump-hls-pragmas]
#pragma HLS stable variable=height
^
C:/TFG_Vivado/vivado/axu2cga_trd.runs/design_1_v_frmbuf_wr_1_0_synth_1/prj/sol/.autopilot/db/v_frmbuf_wr.cpp:191:1: warning: HLS pragma dump _XLX_SEP_ PragmaIsValid=1_XLX_SEP_ PragmaType=stable_XLX_SEP_ PragmaContext=hls_XLX_SEP_ PragmaFunction=v_frmbuf_wr_XLX_SEP_ PragmaOptions=variable=stride_XLX_SEP_ [-Wdump-hls-pragmas]
#pragma HLS stable variable=stride
^
C:/TFG_Vivado/vivado/axu2cga_trd.runs/design_1_v_frmbuf_wr_1_0_synth_1/prj/sol/.autopilot/db/v_frmbuf_wr.cpp:193:1: warning: HLS pragma dump _XLX_SEP_ PragmaIsValid=1_XLX_SEP_ PragmaType=stable_XLX_SEP_ PragmaContext=hls_XLX_SEP_ PragmaFunction=v_frmbuf_wr_XLX_SEP_ PragmaOptions=variable=video_format_XLX_SEP_ [-Wdump-hls-pragmas]
#pragma HLS stable variable=video_format
^
C:/TFG_Vivado/vivado/axu2cga_trd.runs/design_1_v_frmbuf_wr_1_0_synth_1/prj/sol/.autopilot/db/v_frmbuf_wr.cpp:208:1: warning: HLS pragma dump _XLX_SEP_ PragmaIsValid=1_XLX_SEP_ PragmaType=interface_XLX_SEP_ PragmaContext=hls_XLX_SEP_ PragmaFunction=v_frmbuf_wr_XLX_SEP_ PragmaOptions=m_axi port=frm_buffer offset=slave bundle=mm_video latency=100 num_write_outstanding=NUM_WRITE_OUTSTANDING max_write_burst_length=MAX_WRITE_BURST_LENGTH depth=1920*1080_XLX_SEP_ [-Wdump-hls-pragmas]
#pragma HLS INTERFACE m_axi port=frm_buffer offset=slave bundle=mm_video latency=100 num_write_outstanding=NUM_WRITE_OUTSTANDING max_write_burst_length=MAX_WRITE_BURST_LENGTH depth=1920*1080
^
C:/TFG_Vivado/vivado/axu2cga_trd.runs/design_1_v_frmbuf_wr_1_0_synth_1/prj/sol/.autopilot/db/v_frmbuf_wr.cpp:209:1: warning: HLS pragma dump _XLX_SEP_ PragmaIsValid=1_XLX_SEP_ PragmaType=interface_XLX_SEP_ PragmaContext=hls_XLX_SEP_ PragmaFunction=v_frmbuf_wr_XLX_SEP_ PragmaOptions=s_axilite port=frm_buffer bundle=CTRL offset=0x0030_XLX_SEP_ [-Wdump-hls-pragmas]
#pragma HLS INTERFACE s_axilite port=frm_buffer bundle=CTRL offset=0x0030
^
C:/TFG_Vivado/vivado/axu2cga_trd.runs/design_1_v_frmbuf_wr_1_0_synth_1/prj/sol/.autopilot/db/v_frmbuf_wr.cpp:211:1: warning: HLS pragma dump _XLX_SEP_ PragmaIsValid=1_XLX_SEP_ PragmaType=interface_XLX_SEP_ PragmaContext=hls_XLX_SEP_ PragmaFunction=v_frmbuf_wr_XLX_SEP_ PragmaOptions=m_axi port=frm_buffer2 offset=slave bundle=mm_video latency=100 num_write_outstanding=NUM_WRITE_OUTSTANDING max_write_burst_length=MAX_WRITE_BURST_LENGTH depth=1920*1080_XLX_SEP_ [-Wdump-hls-pragmas]
#pragma HLS INTERFACE m_axi port=frm_buffer2 offset=slave bundle=mm_video latency=100 num_write_outstanding=NUM_WRITE_OUTSTANDING max_write_burst_length=MAX_WRITE_BURST_LENGTH depth=1920*1080
^
C:/TFG_Vivado/vivado/axu2cga_trd.runs/design_1_v_frmbuf_wr_1_0_synth_1/prj/sol/.autopilot/db/v_frmbuf_wr.cpp:212:1: warning: HLS pragma dump _XLX_SEP_ PragmaIsValid=1_XLX_SEP_ PragmaType=interface_XLX_SEP_ PragmaContext=hls_XLX_SEP_ PragmaFunction=v_frmbuf_wr_XLX_SEP_ PragmaOptions=s_axilite port=frm_buffer2 bundle=CTRL offset=0x003C_XLX_SEP_ [-Wdump-hls-pragmas]
#pragma HLS INTERFACE s_axilite port=frm_buffer2 bundle=CTRL offset=0x003C
^
C:/TFG_Vivado/vivado/axu2cga_trd.runs/design_1_v_frmbuf_wr_1_0_synth_1/prj/sol/.autopilot/db/v_frmbuf_wr.cpp:214:1: warning: HLS pragma dump _XLX_SEP_ PragmaIsValid=1_XLX_SEP_ PragmaType=interface_XLX_SEP_ PragmaContext=hls_XLX_SEP_ PragmaFunction=v_frmbuf_wr_XLX_SEP_ PragmaOptions=m_axi port=frm_buffer3 offset=slave bundle=mm_video latency=100 num_write_outstanding=NUM_WRITE_OUTSTANDING max_write_burst_length=MAX_WRITE_BURST_LENGTH depth=1920*1080_XLX_SEP_ [-Wdump-hls-pragmas]
#pragma HLS INTERFACE m_axi port=frm_buffer3 offset=slave bundle=mm_video latency=100 num_write_outstanding=NUM_WRITE_OUTSTANDING max_write_burst_length=MAX_WRITE_BURST_LENGTH depth=1920*1080
^
C:/TFG_Vivado/vivado/axu2cga_trd.runs/design_1_v_frmbuf_wr_1_0_synth_1/prj/sol/.autopilot/db/v_frmbuf_wr.cpp:215:1: warning: HLS pragma dump _XLX_SEP_ PragmaIsValid=1_XLX_SEP_ PragmaType=interface_XLX_SEP_ PragmaContext=hls_XLX_SEP_ PragmaFunction=v_frmbuf_wr_XLX_SEP_ PragmaOptions=s_axilite port=frm_buffer3 bundle=CTRL offset=0x0054_XLX_SEP_ [-Wdump-hls-pragmas]
#pragma HLS INTERFACE s_axilite port=frm_buffer3 bundle=CTRL offset=0x0054
^
C:/TFG_Vivado/vivado/axu2cga_trd.runs/design_1_v_frmbuf_wr_1_0_synth_1/prj/sol/.autopilot/db/v_frmbuf_wr.cpp:312:1: warning: HLS pragma dump _XLX_SEP_ PragmaIsValid=1_XLX_SEP_ PragmaType=pipeline_XLX_SEP_ PragmaContext=hls_XLX_SEP_ PragmaFunction=AXIvideo2MultiPixStream_XLX_SEP_ PragmaOptions=II=1_XLX_SEP_ [-Wdump-hls-pragmas]
#pragma HLS pipeline II=1
^
C:/TFG_Vivado/vivado/axu2cga_trd.runs/design_1_v_frmbuf_wr_1_0_synth_1/prj/sol/.autopilot/db/v_frmbuf_wr.cpp:313:1: warning: HLS pragma dump _XLX_SEP_ PragmaIsValid=1_XLX_SEP_ PragmaType=loop_tripcount_XLX_SEP_ PragmaContext=hls_XLX_SEP_ PragmaFunction=AXIvideo2MultiPixStream_XLX_SEP_ PragmaOptions=avg=0 max=0_XLX_SEP_ [-Wdump-hls-pragmas]
#pragma HLS loop_tripcount avg=0 max=0
^
C:/TFG_Vivado/vivado/axu2cga_trd.runs/design_1_v_frmbuf_wr_1_0_synth_1/prj/sol/.autopilot/db/v_frmbuf_wr.cpp:328:1: warning: HLS pragma dump _XLX_SEP_ PragmaIsValid=1_XLX_SEP_ PragmaType=loop_flatten_XLX_SEP_ PragmaContext=hls_XLX_SEP_ PragmaFunction=AXIvideo2MultiPixStream_XLX_SEP_ PragmaOptions=off_XLX_SEP_ [-Wdump-hls-pragmas]
#pragma HLS loop_flatten off
^
C:/TFG_Vivado/vivado/axu2cga_trd.runs/design_1_v_frmbuf_wr_1_0_synth_1/prj/sol/.autopilot/db/v_frmbuf_wr.cpp:329:1: warning: HLS pragma dump _XLX_SEP_ PragmaIsValid=1_XLX_SEP_ PragmaType=pipeline_XLX_SEP_ PragmaContext=hls_XLX_SEP_ PragmaFunction=AXIvideo2MultiPixStream_XLX_SEP_ PragmaOptions=II=1_XLX_SEP_ [-Wdump-hls-pragmas]
#pragma HLS pipeline II=1
^
C:/TFG_Vivado/vivado/axu2cga_trd.runs/design_1_v_frmbuf_wr_1_0_synth_1/prj/sol/.autopilot/db/v_frmbuf_wr.cpp:357:1: warning: HLS pragma dump _XLX_SEP_ PragmaIsValid=1_XLX_SEP_ PragmaType=array_partition_XLX_SEP_ PragmaContext=hls_XLX_SEP_ PragmaFunction=AXIvideo2MultiPixStream_XLX_SEP_ PragmaOptions=variable=map complete dim=0_XLX_SEP_ [-Wdump-hls-pragmas]
#pragma HLS ARRAY_PARTITION variable=map complete dim=0
^
C:/TFG_Vivado/vivado/axu2cga_trd.runs/design_1_v_frmbuf_wr_1_0_synth_1/prj/sol/.autopilot/db/v_frmbuf_wr.cpp:409:1: warning: HLS pragma dump _XLX_SEP_ PragmaIsValid=1_XLX_SEP_ PragmaType=pipeline_XLX_SEP_ PragmaContext=hls_XLX_SEP_ PragmaFunction=AXIvideo2MultiPixStream_XLX_SEP_ PragmaOptions=II=1_XLX_SEP_ [-Wdump-hls-pragmas]
#pragma HLS pipeline II=1
^
C:/TFG_Vivado/vivado/axu2cga_trd.runs/design_1_v_frmbuf_wr_1_0_synth_1/prj/sol/.autopilot/db/v_frmbuf_wr.cpp:410:1: warning: HLS pragma dump _XLX_SEP_ PragmaIsValid=1_XLX_SEP_ PragmaType=loop_tripcount_XLX_SEP_ PragmaContext=hls_XLX_SEP_ PragmaFunction=AXIvideo2MultiPixStream_XLX_SEP_ PragmaOptions=avg=0 max=0_XLX_SEP_ [-Wdump-hls-pragmas]
#pragma HLS loop_tripcount avg=0 max=0
^
C:/TFG_Vivado/vivado/axu2cga_trd.runs/design_1_v_frmbuf_wr_1_0_synth_1/prj/sol/.autopilot/db/v_frmbuf_wr.cpp:819:1: warning: HLS pragma dump _XLX_SEP_ PragmaIsValid=1_XLX_SEP_ PragmaType=loop_tripcount_XLX_SEP_ PragmaContext=hls_XLX_SEP_ PragmaFunction=MultiPixStream2Bytes_XLX_SEP_ PragmaOptions=max=4320_XLX_SEP_ [-Wdump-hls-pragmas]
#pragma HLS loop_tripcount max=4320
^
C:/TFG_Vivado/vivado/axu2cga_trd.runs/design_1_v_frmbuf_wr_1_0_synth_1/prj/sol/.autopilot/db/v_frmbuf_wr.cpp:820:1: warning: HLS pragma dump _XLX_SEP_ PragmaIsValid=1_XLX_SEP_ PragmaType=loop_flatten_XLX_SEP_ PragmaContext=hls_XLX_SEP_ PragmaFunction=MultiPixStream2Bytes_XLX_SEP_ PragmaOptions=off_XLX_SEP_ [-Wdump-hls-pragmas]
#pragma HLS loop_flatten off
^
C:/TFG_Vivado/vivado/axu2cga_trd.runs/design_1_v_frmbuf_wr_1_0_synth_1/prj/sol/.autopilot/db/v_frmbuf_wr.cpp:823:1: warning: HLS pragma dump _XLX_SEP_ PragmaIsValid=1_XLX_SEP_ PragmaType=pipeline_XLX_SEP_ PragmaContext=hls_XLX_SEP_ PragmaFunction=MultiPixStream2Bytes_XLX_SEP_ PragmaOptions=II=4_XLX_SEP_ [-Wdump-hls-pragmas]
#pragma HLS pipeline II=4
^
C:/TFG_Vivado/vivado/axu2cga_trd.runs/design_1_v_frmbuf_wr_1_0_synth_1/prj/sol/.autopilot/db/v_frmbuf_wr.cpp:861:1: warning: HLS pragma dump _XLX_SEP_ PragmaIsValid=1_XLX_SEP_ PragmaType=loop_tripcount_XLX_SEP_ PragmaContext=hls_XLX_SEP_ PragmaFunction=MultiPixStream2Bytes_XLX_SEP_ PragmaOptions=max=4320_XLX_SEP_ [-Wdump-hls-pragmas]
#pragma HLS loop_tripcount max=4320
^
C:/TFG_Vivado/vivado/axu2cga_trd.runs/design_1_v_frmbuf_wr_1_0_synth_1/prj/sol/.autopilot/db/v_frmbuf_wr.cpp:862:1: warning: HLS pragma dump _XLX_SEP_ PragmaIsValid=1_XLX_SEP_ PragmaType=loop_flatten_XLX_SEP_ PragmaContext=hls_XLX_SEP_ PragmaFunction=MultiPixStream2Bytes_XLX_SEP_ PragmaOptions=off_XLX_SEP_ [-Wdump-hls-pragmas]
#pragma HLS loop_flatten off
^
C:/TFG_Vivado/vivado/axu2cga_trd.runs/design_1_v_frmbuf_wr_1_0_synth_1/prj/sol/.autopilot/db/v_frmbuf_wr.cpp:865:1: warning: HLS pragma dump _XLX_SEP_ PragmaIsValid=1_XLX_SEP_ PragmaType=pipeline_XLX_SEP_ PragmaContext=hls_XLX_SEP_ PragmaFunction=MultiPixStream2Bytes_XLX_SEP_ PragmaOptions=II=4_XLX_SEP_ [-Wdump-hls-pragmas]
#pragma HLS pipeline II=4
^
C:/TFG_Vivado/vivado/axu2cga_trd.runs/design_1_v_frmbuf_wr_1_0_synth_1/prj/sol/.autopilot/db/v_frmbuf_wr.cpp:902:1: warning: HLS pragma dump _XLX_SEP_ PragmaIsValid=1_XLX_SEP_ PragmaType=loop_tripcount_XLX_SEP_ PragmaContext=hls_XLX_SEP_ PragmaFunction=MultiPixStream2Bytes_XLX_SEP_ PragmaOptions=max=4320_XLX_SEP_ [-Wdump-hls-pragmas]
#pragma HLS loop_tripcount max=4320
^
C:/TFG_Vivado/vivado/axu2cga_trd.runs/design_1_v_frmbuf_wr_1_0_synth_1/prj/sol/.autopilot/db/v_frmbuf_wr.cpp:903:1: warning: HLS pragma dump _XLX_SEP_ PragmaIsValid=1_XLX_SEP_ PragmaType=loop_flatten_XLX_SEP_ PragmaContext=hls_XLX_SEP_ PragmaFunction=MultiPixStream2Bytes_XLX_SEP_ PragmaOptions=off_XLX_SEP_ [-Wdump-hls-pragmas]
#pragma HLS loop_flatten off
^
C:/TFG_Vivado/vivado/axu2cga_trd.runs/design_1_v_frmbuf_wr_1_0_synth_1/prj/sol/.autopilot/db/v_frmbuf_wr.cpp:906:1: warning: HLS pragma dump _XLX_SEP_ PragmaIsValid=1_XLX_SEP_ PragmaType=pipeline_XLX_SEP_ PragmaContext=hls_XLX_SEP_ PragmaFunction=MultiPixStream2Bytes_XLX_SEP_ PragmaOptions=II=8_XLX_SEP_ [-Wdump-hls-pragmas]
#pragma HLS pipeline II=8
^
C:/TFG_Vivado/vivado/axu2cga_trd.runs/design_1_v_frmbuf_wr_1_0_synth_1/prj/sol/.autopilot/db/v_frmbuf_wr.cpp:1088:1: warning: HLS pragma dump _XLX_SEP_ PragmaIsValid=1_XLX_SEP_ PragmaType=loop_tripcount_XLX_SEP_ PragmaContext=hls_XLX_SEP_ PragmaFunction=MultiPixStream2Bytes_XLX_SEP_ PragmaOptions=max=4320_XLX_SEP_ [-Wdump-hls-pragmas]
#pragma HLS loop_tripcount max=4320
^
C:/TFG_Vivado/vivado/axu2cga_trd.runs/design_1_v_frmbuf_wr_1_0_synth_1/prj/sol/.autopilot/db/v_frmbuf_wr.cpp:1089:1: warning: HLS pragma dump _XLX_SEP_ PragmaIsValid=1_XLX_SEP_ PragmaType=loop_flatten_XLX_SEP_ PragmaContext=hls_XLX_SEP_ PragmaFunction=MultiPixStream2Bytes_XLX_SEP_ PragmaOptions=off_XLX_SEP_ [-Wdump-hls-pragmas]
#pragma HLS loop_flatten off
^
C:/TFG_Vivado/vivado/axu2cga_trd.runs/design_1_v_frmbuf_wr_1_0_synth_1/prj/sol/.autopilot/db/v_frmbuf_wr.cpp:1092:1: warning: HLS pragma dump _XLX_SEP_ PragmaIsValid=1_XLX_SEP_ PragmaType=pipeline_XLX_SEP_ PragmaContext=hls_XLX_SEP_ PragmaFunction=MultiPixStream2Bytes_XLX_SEP_ PragmaOptions=II=8_XLX_SEP_ [-Wdump-hls-pragmas]
#pragma HLS pipeline II=8
^
C:/TFG_Vivado/vivado/axu2cga_trd.runs/design_1_v_frmbuf_wr_1_0_synth_1/prj/sol/.autopilot/db/v_frmbuf_wr.cpp:1596:1: warning: HLS pragma dump _XLX_SEP_ PragmaIsValid=1_XLX_SEP_ PragmaType=loop_tripcount_XLX_SEP_ PragmaContext=hls_XLX_SEP_ PragmaFunction=Bytes2AXIMMvideo_XLX_SEP_ PragmaOptions=max=4320_XLX_SEP_ [-Wdump-hls-pragmas]
#pragma HLS loop_tripcount max=4320
^
C:/TFG_Vivado/vivado/axu2cga_trd.runs/design_1_v_frmbuf_wr_1_0_synth_1/prj/sol/.autopilot/db/v_frmbuf_wr.cpp:1597:1: warning: HLS pragma dump _XLX_SEP_ PragmaIsValid=1_XLX_SEP_ PragmaType=loop_flatten_XLX_SEP_ PragmaContext=hls_XLX_SEP_ PragmaFunction=Bytes2AXIMMvideo_XLX_SEP_ PragmaOptions=off_XLX_SEP_ [-Wdump-hls-pragmas]
#pragma HLS loop_flatten off
^
C:/TFG_Vivado/vivado/axu2cga_trd.runs/design_1_v_frmbuf_wr_1_0_synth_1/prj/sol/.autopilot/db/v_frmbuf_wr.cpp:1601:1: warning: HLS pragma dump _XLX_SEP_ PragmaIsValid=1_XLX_SEP_ PragmaType=pipeline_XLX_SEP_ PragmaContext=hls_XLX_SEP_ PragmaFunction=Bytes2AXIMMvideo_XLX_SEP_ PragmaOptions=II=1_XLX_SEP_ [-Wdump-hls-pragmas]
#pragma HLS pipeline II=1
^
C:/TFG_Vivado/vivado/axu2cga_trd.runs/design_1_v_frmbuf_wr_1_0_synth_1/prj/sol/.autopilot/db/v_frmbuf_wr.cpp:1611:1: warning: HLS pragma dump _XLX_SEP_ PragmaIsValid=1_XLX_SEP_ PragmaType=pipeline_XLX_SEP_ PragmaContext=hls_XLX_SEP_ PragmaFunction=Bytes2AXIMMvideo_XLX_SEP_ PragmaOptions=II=1_XLX_SEP_ [-Wdump-hls-pragmas]
#pragma HLS pipeline II=1
^
C:/TFG_Vivado/vivado/axu2cga_trd.runs/design_1_v_frmbuf_wr_1_0_synth_1/prj/sol/.autopilot/db/v_frmbuf_wr.cpp:1576:15: warning: unused parameter 'dstImg3' [-Wunused-parameter]
       AXIMM& dstImg3,
              ^
734 warnings generated.
