

================================================================
== Vitis HLS Report for 'Bytes2AXIMMvideo'
================================================================
* Date:           Wed Jan 21 13:02:26 2026

* Version:        2025.2 (Build 6295257 on Nov 14 2025)
* Project:        prj
* Solution:       sol (Vivado IP Flow Target)
* Product family: zynquplus
* Target device:  xczu2cg-sfvc784-1-e


================================================================
== Performance Estimates
================================================================
+ Timing: 
    * Summary: 
    +--------+---------+----------+------------+
    |  Clock |  Target | Estimated| Uncertainty|
    +--------+---------+----------+------------+
    |ap_clk  |  5.00 ns|  3.650 ns|     1.35 ns|
    +--------+---------+----------+------------+

+ Latency: 
    * Summary: 
    +---------+---------+-----------+----------+------+---------+---------+
    |  Latency (cycles) |  Latency (absolute)  |    Interval    | Pipeline|
    |   min   |   max   |    min    |    max   |  min |   max   |   Type  |
    +---------+---------+-----------+----------+------+---------+---------+
    |     7105|  1793881|  35.525 us|  8.969 ms|  7105|  1793881|       no|
    +---------+---------+-----------+----------+------+---------+---------+

    + Detail: 
        * Instance: 
        N/A

        * Loop: 
        +---------------------------------+---------+---------+------------+-----------+-----------+-----------+----------+
        |                                 |  Latency (cycles) |  Iteration |  Initiation Interval  |    Trip   |          |
        |            Loop Name            |   min   |   max   |   Latency  |  achieved |   target  |   Count   | Pipelined|
        +---------------------------------+---------+---------+------------+-----------+-----------+-----------+----------+
        |- loop_Bytes2AXIMMvideo_2planes  |     7104|  1793880|  111 ~ 1661|          -|          -|  64 ~ 1080|        no|
        +---------------------------------+---------+---------+------------+-----------+-----------+-----------+----------+

============================================================
+ Verbose Summary: Synthesis Manager
============================================================
InlineROM: 1
ExposeGlobal: 0
============================================================
+ Verbose Summary: CDFG Model
============================================================
IsTopModel: 0
ResetActiveHigh: 1
IsCombinational: 2
IsDatapathOnly: 0
HasWiredReturn: 1
HasMFsm: 0
HasVarLatency: 1
IsPipeline: 0
IsRtlPipelined: 0
IsInstanceOverlapped: 0
IsDontTouch: 0
HasImplIP: 0
IsGatedGlobalClock: 0


============================================================
+ Verbose Summary: Schedule
============================================================
* Number of FSM states : 216
* Pipeline : 0
* Dataflow Pipeline: 0

* FSM state transitions: 
1 --> 2 
2 --> 3 
3 --> 4 
4 --> 5 
5 --> 6 
6 --> 7 
7 --> 8 
8 --> 9 
9 --> 10 
10 --> 11 
11 --> 12 
12 --> 13 
13 --> 14 
14 --> 15 
15 --> 16 
16 --> 17 
17 --> 18 
18 --> 19 
19 --> 20 
20 --> 21 
21 --> 22 
22 --> 23 
23 --> 24 
24 --> 25 
25 --> 26 
26 --> 27 
27 --> 28 
28 --> 29 
29 --> 30 
30 --> 31 
31 --> 32 
32 --> 33 
33 --> 34 
34 --> 35 
35 --> 36 
36 --> 37 
37 --> 38 
38 --> 39 
39 --> 40 
40 --> 41 
41 --> 42 
42 --> 43 
43 --> 44 
44 --> 45 
45 --> 46 
46 --> 47 
47 --> 48 
48 --> 49 
49 --> 50 
50 --> 51 
51 --> 52 
52 --> 53 
53 --> 54 
54 --> 55 
55 --> 56 
56 --> 57 
57 --> 58 
58 --> 59 
59 --> 60 
60 --> 61 
61 --> 62 
62 --> 63 
63 --> 64 
64 --> 65 
65 --> 66 
66 --> 67 
67 --> 68 
68 --> 69 
69 --> 70 
70 --> 71 
71 --> 72 
72 --> 73 
73 --> 74 
74 --> 75 
75 --> 76 
76 --> 77 
77 --> 78 
78 --> 79 
79 --> 80 
80 --> 81 
81 --> 82 
82 --> 83 
83 --> 84 
84 --> 85 
85 --> 86 
86 --> 87 
87 --> 88 
88 --> 89 
89 --> 90 
90 --> 91 
91 --> 92 
92 --> 93 
93 --> 94 
94 --> 95 
95 --> 96 
96 --> 97 
97 --> 98 
98 --> 99 
99 --> 100 
100 --> 101 
101 --> 102 
102 --> 103 
103 --> 104 
104 --> 105 
105 --> 106 
106 --> 107 
107 --> 108 
108 --> 109 
109 --> 216 110 
110 --> 111 
111 --> 112 
112 --> 113 
113 --> 114 
114 --> 115 
115 --> 116 
116 --> 117 
117 --> 118 
118 --> 119 
119 --> 120 
120 --> 121 
121 --> 122 
122 --> 123 
123 --> 124 
124 --> 125 
125 --> 126 
126 --> 127 
127 --> 128 
128 --> 129 
129 --> 130 
130 --> 131 
131 --> 132 
132 --> 133 
133 --> 134 
134 --> 135 
135 --> 136 
136 --> 137 
137 --> 138 
138 --> 139 
139 --> 140 
140 --> 141 
141 --> 142 
142 --> 143 
143 --> 144 
144 --> 145 
145 --> 146 
146 --> 147 
147 --> 148 
148 --> 149 
149 --> 150 
150 --> 151 
151 --> 152 
152 --> 153 
153 --> 154 
154 --> 155 
155 --> 156 
156 --> 157 
157 --> 158 
158 --> 159 
159 --> 160 
160 --> 161 
161 --> 162 
162 --> 163 
163 --> 164 
164 --> 165 
165 --> 166 
166 --> 167 
167 --> 168 
168 --> 169 
169 --> 170 
170 --> 171 
171 --> 172 
172 --> 173 
173 --> 174 
174 --> 175 
175 --> 176 
176 --> 177 
177 --> 178 
178 --> 179 
179 --> 180 
180 --> 181 
181 --> 182 
182 --> 183 
183 --> 184 
184 --> 185 
185 --> 186 
186 --> 187 
187 --> 188 
188 --> 189 
189 --> 190 
190 --> 191 
191 --> 192 
192 --> 193 
193 --> 194 
194 --> 195 
195 --> 196 
196 --> 197 
197 --> 198 
198 --> 199 
199 --> 200 
200 --> 201 
201 --> 202 
202 --> 203 
203 --> 204 
204 --> 205 
205 --> 206 
206 --> 207 
207 --> 208 
208 --> 209 
209 --> 210 
210 --> 211 
211 --> 212 
212 --> 213 
213 --> 214 
214 --> 215 
215 --> 216 
216 --> 2 

* FSM state operations: 

State 1 <SV = 0> <Delay = 2.10>
ST_1 : Operation 217 [1/1] (0.00ns)   --->   "%y = alloca i32 1" [C:/TFG_Vivado/vivado/axu2cga_trd.runs/design_1_v_frmbuf_wr_0_0_synth_1/prj/sol/.autopilot/db/v_frmbuf_wr.cpp:1594]   --->   Operation 217 'alloca' 'y' <Predicate = true> <Delay = 0.00>
ST_1 : Operation 218 [1/1] (0.00ns)   --->   "%offsetY = alloca i32 1" [C:/TFG_Vivado/vivado/axu2cga_trd.runs/design_1_v_frmbuf_wr_0_0_synth_1/prj/sol/.autopilot/db/v_frmbuf_wr.cpp:1586]   --->   Operation 218 'alloca' 'offsetY' <Predicate = true> <Delay = 0.00>
ST_1 : Operation 219 [1/1] (0.00ns)   --->   "%offsetUV = alloca i32 1" [C:/TFG_Vivado/vivado/axu2cga_trd.runs/design_1_v_frmbuf_wr_0_0_synth_1/prj/sol/.autopilot/db/v_frmbuf_wr.cpp:1587]   --->   Operation 219 'alloca' 'offsetUV' <Predicate = true> <Delay = 0.00>
ST_1 : Operation 220 [1/1] (0.00ns)   --->   "%specstablecontent_ln0 = specstablecontent void @_ssdm_op_SpecStableContent, i14 %WidthInBytes_val, i1 1, void @p_str"   --->   Operation 220 'specstablecontent' 'specstablecontent_ln0' <Predicate = true> <Delay = 0.00>
ST_1 : Operation 221 [1/1] (0.00ns)   --->   "%specstablecontent_ln0 = specstablecontent void @_ssdm_op_SpecStableContent, i32 %dstImg2, i1 1, void @p_str"   --->   Operation 221 'specstablecontent' 'specstablecontent_ln0' <Predicate = true> <Delay = 0.00>
ST_1 : Operation 222 [1/1] (0.00ns)   --->   "%specstablecontent_ln0 = specstablecontent void @_ssdm_op_SpecStableContent, i32 %dstImg, i1 1, void @p_str"   --->   Operation 222 'specstablecontent' 'specstablecontent_ln0' <Predicate = true> <Delay = 0.00>
ST_1 : Operation 223 [1/1] (0.00ns)   --->   "%VideoFormat_val_read = read i6 @_ssdm_op_Read.ap_auto.i6, i6 %VideoFormat_val"   --->   Operation 223 'read' 'VideoFormat_val_read' <Predicate = true> <Delay = 0.00>
ST_1 : Operation 224 [1/1] (0.00ns)   --->   "%StrideInBytes_val_read = read i16 @_ssdm_op_Read.ap_auto.i16, i16 %StrideInBytes_val"   --->   Operation 224 'read' 'StrideInBytes_val_read' <Predicate = true> <Delay = 0.00>
ST_1 : Operation 225 [1/1] (0.00ns)   --->   "%WidthInBytes_val_read = read i14 @_ssdm_op_Read.ap_auto.i14, i14 %WidthInBytes_val"   --->   Operation 225 'read' 'WidthInBytes_val_read' <Predicate = true> <Delay = 0.00>
ST_1 : Operation 226 [1/1] (0.00ns)   --->   "%Height_val_read = read i11 @_ssdm_op_Read.ap_auto.i11, i11 %Height_val"   --->   Operation 226 'read' 'Height_val_read' <Predicate = true> <Delay = 0.00>
ST_1 : Operation 227 [1/1] (0.00ns)   --->   "%dstImg2_read = read i32 @_ssdm_op_Read.ap_auto.i32, i32 %dstImg2"   --->   Operation 227 'read' 'dstImg2_read' <Predicate = true> <Delay = 0.00>
ST_1 : Operation 228 [1/1] (0.00ns)   --->   "%dstImg_read = read i32 @_ssdm_op_Read.ap_auto.i32, i32 %dstImg"   --->   Operation 228 'read' 'dstImg_read' <Predicate = true> <Delay = 0.00>
ST_1 : Operation 229 [1/1] (0.00ns)   --->   "%VideoFormat_val_cast = zext i6 %VideoFormat_val_read"   --->   Operation 229 'zext' 'VideoFormat_val_cast' <Predicate = true> <Delay = 0.00>
ST_1 : Operation 230 [1/1] (0.00ns)   --->   "%specstablecontent_ln0 = specstablecontent void @_ssdm_op_SpecStableContent, i6 %VideoFormat_val, i1 1, void "   --->   Operation 230 'specstablecontent' 'specstablecontent_ln0' <Predicate = true> <Delay = 0.00>
ST_1 : Operation 231 [1/1] (0.00ns)   --->   "%specstablecontent_ln0 = specstablecontent void @_ssdm_op_SpecStableContent, i16 %StrideInBytes_val, i1 1, void "   --->   Operation 231 'specstablecontent' 'specstablecontent_ln0' <Predicate = true> <Delay = 0.00>
ST_1 : Operation 232 [1/1] (0.00ns)   --->   "%specstablecontent_ln0 = specstablecontent void @_ssdm_op_SpecStableContent, i11 %Height_val, i1 1, void "   --->   Operation 232 'specstablecontent' 'specstablecontent_ln0' <Predicate = true> <Delay = 0.00>
ST_1 : Operation 233 [1/1] (0.00ns)   --->   "%specmemcore_ln0 = specmemcore void @_ssdm_op_SpecMemCore, i128 %bytePlanes_plane0, i64 666, i64 8, i64 18446744073709551615, i1 0"   --->   Operation 233 'specmemcore' 'specmemcore_ln0' <Predicate = true> <Delay = 0.00>
ST_1 : Operation 234 [1/1] (0.00ns)   --->   "%specmemcore_ln0 = specmemcore void @_ssdm_op_SpecMemCore, i128 %bytePlanes_plane1, i64 666, i64 8, i64 18446744073709551615, i1 0"   --->   Operation 234 'specmemcore' 'specmemcore_ln0' <Predicate = true> <Delay = 0.00>
ST_1 : Operation 235 [1/1] (0.00ns)   --->   "%specinterface_ln0 = specinterface void @_ssdm_op_SpecInterface, i128 %bytePlanes_plane1, void @empty_11, i32 0, i32 0, void @empty_29, i32 0, i32 0, void @empty_29, void @empty_29, void @empty_29, i32 0, i32 0, i32 0, i32 0, void @empty_29, void @empty_29, i32 4294967295, i32 0, i32 0, i32 0"   --->   Operation 235 'specinterface' 'specinterface_ln0' <Predicate = true> <Delay = 0.00>
ST_1 : Operation 236 [1/1] (0.00ns)   --->   "%specinterface_ln0 = specinterface void @_ssdm_op_SpecInterface, i128 %bytePlanes_plane0, void @empty_11, i32 0, i32 0, void @empty_29, i32 0, i32 0, void @empty_29, void @empty_29, void @empty_29, i32 0, i32 0, i32 0, i32 0, void @empty_29, void @empty_29, i32 4294967295, i32 0, i32 0, i32 0"   --->   Operation 236 'specinterface' 'specinterface_ln0' <Predicate = true> <Delay = 0.00>
ST_1 : Operation 237 [1/1] (0.00ns)   --->   "%specinterface_ln0 = specinterface void @_ssdm_op_SpecInterface, i128 %mm_video, void @empty_27, i32 0, i32 0, void @empty_29, i32 100, i32 2073600, void @empty_30, void @empty_23, void @empty_29, i32 16, i32 4, i32 16, i32 16, void @empty_29, void @empty_29, i32 4294967295, i32 0, i32 0, i32 16"   --->   Operation 237 'specinterface' 'specinterface_ln0' <Predicate = true> <Delay = 0.00>
ST_1 : Operation 238 [1/1] (0.98ns)   --->   "%add_ln1589 = add i14 %WidthInBytes_val_read, i14 15" [C:/TFG_Vivado/vivado/axu2cga_trd.runs/design_1_v_frmbuf_wr_0_0_synth_1/prj/sol/.autopilot/db/v_frmbuf_wr.cpp:1589]   --->   Operation 238 'add' 'add_ln1589' <Predicate = true> <Delay = 0.98> <CoreInst = "Adder">   --->   Core 1 'Adder' <Latency = 0> <II = 1> <Delay = 0.98> <FuncUnit> <Opcode : 'add' 'sub'> <InPorts = 2> <OutPorts = 1>
ST_1 : Operation 239 [1/1] (0.00ns)   --->   "%loopWidth = partselect i10 @_ssdm_op_PartSelect.i10.i14.i32.i32, i14 %add_ln1589, i32 4, i32 13" [C:/TFG_Vivado/vivado/axu2cga_trd.runs/design_1_v_frmbuf_wr_0_0_synth_1/prj/sol/.autopilot/db/v_frmbuf_wr.cpp:1589]   --->   Operation 239 'partselect' 'loopWidth' <Predicate = true> <Delay = 0.00>
ST_1 : Operation 240 [1/1] (0.00ns)   --->   "%zext_ln1589 = zext i10 %loopWidth" [C:/TFG_Vivado/vivado/axu2cga_trd.runs/design_1_v_frmbuf_wr_0_0_synth_1/prj/sol/.autopilot/db/v_frmbuf_wr.cpp:1589]   --->   Operation 240 'zext' 'zext_ln1589' <Predicate = true> <Delay = 0.00>
ST_1 : Operation 241 [1/1] (0.00ns)   --->   "%lshr_ln = partselect i12 @_ssdm_op_PartSelect.i12.i16.i32.i32, i16 %StrideInBytes_val_read, i32 4, i32 15" [C:/TFG_Vivado/vivado/axu2cga_trd.runs/design_1_v_frmbuf_wr_0_0_synth_1/prj/sol/.autopilot/db/v_frmbuf_wr.cpp:1605]   --->   Operation 241 'partselect' 'lshr_ln' <Predicate = true> <Delay = 0.00>
ST_1 : Operation 242 [1/1] (0.00ns)   --->   "%zext_ln1607 = zext i12 %lshr_ln" [C:/TFG_Vivado/vivado/axu2cga_trd.runs/design_1_v_frmbuf_wr_0_0_synth_1/prj/sol/.autopilot/db/v_frmbuf_wr.cpp:1607]   --->   Operation 242 'zext' 'zext_ln1607' <Predicate = true> <Delay = 0.00>
ST_1 : Operation 243 [1/1] (0.88ns)   --->   "%icmp_ln1607 = icmp_eq  i6 %VideoFormat_val_read, i6 38" [C:/TFG_Vivado/vivado/axu2cga_trd.runs/design_1_v_frmbuf_wr_0_0_synth_1/prj/sol/.autopilot/db/v_frmbuf_wr.cpp:1607]   --->   Operation 243 'icmp' 'icmp_ln1607' <Predicate = true> <Delay = 0.88> <CoreInst = "Cmp">   --->   Core 9 'Cmp' <Latency = 0> <II = 1> <Delay = 0.88> <FuncUnit> <Opcode : 'seteq' 'setne' 'setle' 'setge' 'setlt' 'setgt'> <InPorts = 2> <OutPorts = 1>
ST_1 : Operation 244 [1/1] (0.88ns)   --->   "%icmp_ln1607_1 = icmp_eq  i6 %VideoFormat_val_read, i6 37" [C:/TFG_Vivado/vivado/axu2cga_trd.runs/design_1_v_frmbuf_wr_0_0_synth_1/prj/sol/.autopilot/db/v_frmbuf_wr.cpp:1607]   --->   Operation 244 'icmp' 'icmp_ln1607_1' <Predicate = true> <Delay = 0.88> <CoreInst = "Cmp">   --->   Core 9 'Cmp' <Latency = 0> <II = 1> <Delay = 0.88> <FuncUnit> <Opcode : 'seteq' 'setne' 'setle' 'setge' 'setlt' 'setgt'> <InPorts = 2> <OutPorts = 1>
ST_1 : Operation 245 [1/1] (0.89ns)   --->   "%add_ln1607 = add i7 %VideoFormat_val_cast, i7 87" [C:/TFG_Vivado/vivado/axu2cga_trd.runs/design_1_v_frmbuf_wr_0_0_synth_1/prj/sol/.autopilot/db/v_frmbuf_wr.cpp:1607]   --->   Operation 245 'add' 'add_ln1607' <Predicate = true> <Delay = 0.89> <CoreInst = "Adder">   --->   Core 1 'Adder' <Latency = 0> <II = 1> <Delay = 0.89> <FuncUnit> <Opcode : 'add' 'sub'> <InPorts = 2> <OutPorts = 1>
ST_1 : Operation 246 [1/1] (0.00ns)   --->   "%tmp = partselect i5 @_ssdm_op_PartSelect.i5.i6.i32.i32, i6 %VideoFormat_val_read, i32 1, i32 5" [C:/TFG_Vivado/vivado/axu2cga_trd.runs/design_1_v_frmbuf_wr_0_0_synth_1/prj/sol/.autopilot/db/v_frmbuf_wr.cpp:1607]   --->   Operation 246 'partselect' 'tmp' <Predicate = true> <Delay = 0.00>
ST_1 : Operation 247 [1/1] (0.00ns)   --->   "%or_ln = bitconcatenate i6 @_ssdm_op_BitConcatenate.i6.i5.i1, i5 %tmp, i1 1" [C:/TFG_Vivado/vivado/axu2cga_trd.runs/design_1_v_frmbuf_wr_0_0_synth_1/prj/sol/.autopilot/db/v_frmbuf_wr.cpp:1607]   --->   Operation 247 'bitconcatenate' 'or_ln' <Predicate = true> <Delay = 0.00>
ST_1 : Operation 248 [1/1] (0.00ns)   --->   "%tmp_7 = partselect i3 @_ssdm_op_PartSelect.i3.i6.i32.i32, i6 %VideoFormat_val_read, i32 3, i32 5" [C:/TFG_Vivado/vivado/axu2cga_trd.runs/design_1_v_frmbuf_wr_0_0_synth_1/prj/sol/.autopilot/db/v_frmbuf_wr.cpp:1607]   --->   Operation 248 'partselect' 'tmp_7' <Predicate = true> <Delay = 0.00>
ST_1 : Operation 249 [1/1] (0.00ns)   --->   "%tmp_16 = bitselect i1 @_ssdm_op_BitSelect.i1.i6.i32, i6 %VideoFormat_val_read, i32 1" [C:/TFG_Vivado/vivado/axu2cga_trd.runs/design_1_v_frmbuf_wr_0_0_synth_1/prj/sol/.autopilot/db/v_frmbuf_wr.cpp:1607]   --->   Operation 249 'bitselect' 'tmp_16' <Predicate = true> <Delay = 0.00>
ST_1 : Operation 250 [1/1] (0.00ns)   --->   "%or_ln1607_1 = bitconcatenate i6 @_ssdm_op_BitConcatenate.i6.i3.i1.i1.i1, i3 %tmp_7, i1 1, i1 %tmp_16, i1 1" [C:/TFG_Vivado/vivado/axu2cga_trd.runs/design_1_v_frmbuf_wr_0_0_synth_1/prj/sol/.autopilot/db/v_frmbuf_wr.cpp:1607]   --->   Operation 250 'bitconcatenate' 'or_ln1607_1' <Predicate = true> <Delay = 0.00>
ST_1 : Operation 251 [1/1] (0.88ns)   --->   "%icmp_ln1607_2 = icmp_eq  i6 %or_ln1607_1, i6 23" [C:/TFG_Vivado/vivado/axu2cga_trd.runs/design_1_v_frmbuf_wr_0_0_synth_1/prj/sol/.autopilot/db/v_frmbuf_wr.cpp:1607]   --->   Operation 251 'icmp' 'icmp_ln1607_2' <Predicate = true> <Delay = 0.88> <CoreInst = "Cmp">   --->   Core 9 'Cmp' <Latency = 0> <II = 1> <Delay = 0.88> <FuncUnit> <Opcode : 'seteq' 'setne' 'setle' 'setge' 'setlt' 'setgt'> <InPorts = 2> <OutPorts = 1>
ST_1 : Operation 252 [1/1] (0.88ns)   --->   "%icmp_ln1607_3 = icmp_eq  i6 %or_ln, i6 33" [C:/TFG_Vivado/vivado/axu2cga_trd.runs/design_1_v_frmbuf_wr_0_0_synth_1/prj/sol/.autopilot/db/v_frmbuf_wr.cpp:1607]   --->   Operation 252 'icmp' 'icmp_ln1607_3' <Predicate = true> <Delay = 0.88> <CoreInst = "Cmp">   --->   Core 9 'Cmp' <Latency = 0> <II = 1> <Delay = 0.88> <FuncUnit> <Opcode : 'seteq' 'setne' 'setle' 'setge' 'setlt' 'setgt'> <InPorts = 2> <OutPorts = 1>
ST_1 : Operation 253 [1/1] (0.00ns) (grouped into LUT with out node and_ln1607)   --->   "%or_ln1607 = or i1 %icmp_ln1607_3, i1 %icmp_ln1607_2" [C:/TFG_Vivado/vivado/axu2cga_trd.runs/design_1_v_frmbuf_wr_0_0_synth_1/prj/sol/.autopilot/db/v_frmbuf_wr.cpp:1607]   --->   Operation 253 'or' 'or_ln1607' <Predicate = true> <Delay = 0.00> <CoreInst = "LogicGate">   --->   Core 74 'LogicGate' <Latency = 0> <II = 1> <Delay = 0.33> <FuncUnit> <Opcode : 'and' 'or' 'xor'> <InPorts = 2> <OutPorts = 1>
ST_1 : Operation 254 [1/1] (0.00ns) (grouped into LUT with out node and_ln1607)   --->   "%or_ln1607_2 = or i1 %icmp_ln1607, i1 %icmp_ln1607_1" [C:/TFG_Vivado/vivado/axu2cga_trd.runs/design_1_v_frmbuf_wr_0_0_synth_1/prj/sol/.autopilot/db/v_frmbuf_wr.cpp:1607]   --->   Operation 254 'or' 'or_ln1607_2' <Predicate = true> <Delay = 0.00> <CoreInst = "LogicGate">   --->   Core 74 'LogicGate' <Latency = 0> <II = 1> <Delay = 0.33> <FuncUnit> <Opcode : 'and' 'or' 'xor'> <InPorts = 2> <OutPorts = 1>
ST_1 : Operation 255 [1/1] (0.00ns) (grouped into LUT with out node and_ln1607)   --->   "%or_ln1607_3 = or i1 %or_ln1607_2, i1 %or_ln1607" [C:/TFG_Vivado/vivado/axu2cga_trd.runs/design_1_v_frmbuf_wr_0_0_synth_1/prj/sol/.autopilot/db/v_frmbuf_wr.cpp:1607]   --->   Operation 255 'or' 'or_ln1607_3' <Predicate = true> <Delay = 0.00> <CoreInst = "LogicGate">   --->   Core 74 'LogicGate' <Latency = 0> <II = 1> <Delay = 0.33> <FuncUnit> <Opcode : 'and' 'or' 'xor'> <InPorts = 2> <OutPorts = 1>
ST_1 : Operation 256 [1/1] (0.00ns)   --->   "%zext_ln1599 = zext i12 %lshr_ln" [C:/TFG_Vivado/vivado/axu2cga_trd.runs/design_1_v_frmbuf_wr_0_0_synth_1/prj/sol/.autopilot/db/v_frmbuf_wr.cpp:1599]   --->   Operation 256 'zext' 'zext_ln1599' <Predicate = true> <Delay = 0.00>
ST_1 : Operation 257 [1/1] (0.00ns)   --->   "%tmp_17 = partselect i5 @_ssdm_op_PartSelect.i5.i7.i32.i32, i7 %add_ln1607, i32 2, i32 6" [C:/TFG_Vivado/vivado/axu2cga_trd.runs/design_1_v_frmbuf_wr_0_0_synth_1/prj/sol/.autopilot/db/v_frmbuf_wr.cpp:1607]   --->   Operation 257 'partselect' 'tmp_17' <Predicate = true> <Delay = 0.00>
ST_1 : Operation 258 [1/1] (0.87ns)   --->   "%icmp_ln1607_4 = icmp_ne  i5 %tmp_17, i5 0" [C:/TFG_Vivado/vivado/axu2cga_trd.runs/design_1_v_frmbuf_wr_0_0_synth_1/prj/sol/.autopilot/db/v_frmbuf_wr.cpp:1607]   --->   Operation 258 'icmp' 'icmp_ln1607_4' <Predicate = true> <Delay = 0.87> <CoreInst = "Cmp">   --->   Core 9 'Cmp' <Latency = 0> <II = 1> <Delay = 0.87> <FuncUnit> <Opcode : 'seteq' 'setne' 'setle' 'setge' 'setlt' 'setgt'> <InPorts = 2> <OutPorts = 1>
ST_1 : Operation 259 [1/1] (0.33ns) (out node of the LUT)   --->   "%and_ln1607 = and i1 %or_ln1607_3, i1 %icmp_ln1607_4" [C:/TFG_Vivado/vivado/axu2cga_trd.runs/design_1_v_frmbuf_wr_0_0_synth_1/prj/sol/.autopilot/db/v_frmbuf_wr.cpp:1607]   --->   Operation 259 'and' 'and_ln1607' <Predicate = true> <Delay = 0.33> <CoreInst = "LogicGate">   --->   Core 74 'LogicGate' <Latency = 0> <II = 1> <Delay = 0.33> <FuncUnit> <Opcode : 'and' 'or' 'xor'> <InPorts = 2> <OutPorts = 1>
ST_1 : Operation 260 [1/1] (0.48ns)   --->   "%store_ln1587 = store i32 0, i32 %offsetUV" [C:/TFG_Vivado/vivado/axu2cga_trd.runs/design_1_v_frmbuf_wr_0_0_synth_1/prj/sol/.autopilot/db/v_frmbuf_wr.cpp:1587]   --->   Operation 260 'store' 'store_ln1587' <Predicate = true> <Delay = 0.48>
ST_1 : Operation 261 [1/1] (0.48ns)   --->   "%store_ln1586 = store i23 0, i23 %offsetY" [C:/TFG_Vivado/vivado/axu2cga_trd.runs/design_1_v_frmbuf_wr_0_0_synth_1/prj/sol/.autopilot/db/v_frmbuf_wr.cpp:1586]   --->   Operation 261 'store' 'store_ln1586' <Predicate = true> <Delay = 0.48>
ST_1 : Operation 262 [1/1] (0.48ns)   --->   "%store_ln1594 = store i11 0, i11 %y" [C:/TFG_Vivado/vivado/axu2cga_trd.runs/design_1_v_frmbuf_wr_0_0_synth_1/prj/sol/.autopilot/db/v_frmbuf_wr.cpp:1594]   --->   Operation 262 'store' 'store_ln1594' <Predicate = true> <Delay = 0.48>
ST_1 : Operation 263 [1/1] (0.00ns)   --->   "%br_ln1594 = br void %VITIS_LOOP_1599_1" [C:/TFG_Vivado/vivado/axu2cga_trd.runs/design_1_v_frmbuf_wr_0_0_synth_1/prj/sol/.autopilot/db/v_frmbuf_wr.cpp:1594]   --->   Operation 263 'br' 'br_ln1594' <Predicate = true> <Delay = 0.00>

State 2 <SV = 1> <Delay = 1.20>
ST_2 : Operation 264 [1/1] (0.00ns)   --->   "%y_12 = load i11 %y" [C:/TFG_Vivado/vivado/axu2cga_trd.runs/design_1_v_frmbuf_wr_0_0_synth_1/prj/sol/.autopilot/db/v_frmbuf_wr.cpp:1594]   --->   Operation 264 'load' 'y_12' <Predicate = true> <Delay = 0.00>
ST_2 : Operation 265 [1/1] (0.94ns)   --->   "%icmp_ln1594 = icmp_eq  i11 %y_12, i11 %Height_val_read" [C:/TFG_Vivado/vivado/axu2cga_trd.runs/design_1_v_frmbuf_wr_0_0_synth_1/prj/sol/.autopilot/db/v_frmbuf_wr.cpp:1594]   --->   Operation 265 'icmp' 'icmp_ln1594' <Predicate = true> <Delay = 0.94> <CoreInst = "Cmp">   --->   Core 9 'Cmp' <Latency = 0> <II = 1> <Delay = 0.94> <FuncUnit> <Opcode : 'seteq' 'setne' 'setle' 'setge' 'setlt' 'setgt'> <InPorts = 2> <OutPorts = 1>
ST_2 : Operation 266 [1/1] (0.00ns)   --->   "%speclooptripcount_ln0 = speclooptripcount void @_ssdm_op_SpecLoopTripCount, i64 64, i64 1080, i64 0"   --->   Operation 266 'speclooptripcount' 'speclooptripcount_ln0' <Predicate = true> <Delay = 0.00>
ST_2 : Operation 267 [1/1] (0.94ns)   --->   "%y_13 = add i11 %y_12, i11 1" [C:/TFG_Vivado/vivado/axu2cga_trd.runs/design_1_v_frmbuf_wr_0_0_synth_1/prj/sol/.autopilot/db/v_frmbuf_wr.cpp:1594]   --->   Operation 267 'add' 'y_13' <Predicate = true> <Delay = 0.94> <CoreInst = "Adder">   --->   Core 1 'Adder' <Latency = 0> <II = 1> <Delay = 0.94> <FuncUnit> <Opcode : 'add' 'sub'> <InPorts = 2> <OutPorts = 1>
ST_2 : Operation 268 [1/1] (0.00ns)   --->   "%br_ln1594 = br i1 %icmp_ln1594, void %VITIS_LOOP_1599_1.split, void %for.end78" [C:/TFG_Vivado/vivado/axu2cga_trd.runs/design_1_v_frmbuf_wr_0_0_synth_1/prj/sol/.autopilot/db/v_frmbuf_wr.cpp:1594]   --->   Operation 268 'br' 'br_ln1594' <Predicate = true> <Delay = 0.00>
ST_2 : Operation 269 [1/1] (0.00ns)   --->   "%offsetY_load = load i23 %offsetY" [C:/TFG_Vivado/vivado/axu2cga_trd.runs/design_1_v_frmbuf_wr_0_0_synth_1/prj/sol/.autopilot/db/v_frmbuf_wr.cpp:1605]   --->   Operation 269 'load' 'offsetY_load' <Predicate = (!icmp_ln1594)> <Delay = 0.00>
ST_2 : Operation 270 [1/1] (0.00ns)   --->   "%trunc_ln1594 = trunc i11 %y_12" [C:/TFG_Vivado/vivado/axu2cga_trd.runs/design_1_v_frmbuf_wr_0_0_synth_1/prj/sol/.autopilot/db/v_frmbuf_wr.cpp:1594]   --->   Operation 270 'trunc' 'trunc_ln1594' <Predicate = (!icmp_ln1594)> <Delay = 0.00>
ST_2 : Operation 271 [1/1] (0.00ns)   --->   "%shl_ln = bitconcatenate i27 @_ssdm_op_BitConcatenate.i27.i23.i4, i23 %offsetY_load, i4 0" [C:/TFG_Vivado/vivado/axu2cga_trd.runs/design_1_v_frmbuf_wr_0_0_synth_1/prj/sol/.autopilot/db/v_frmbuf_wr.cpp:1599]   --->   Operation 271 'bitconcatenate' 'shl_ln' <Predicate = (!icmp_ln1594)> <Delay = 0.00>
ST_2 : Operation 272 [1/1] (0.00ns)   --->   "%zext_ln1599_1 = zext i27 %shl_ln" [C:/TFG_Vivado/vivado/axu2cga_trd.runs/design_1_v_frmbuf_wr_0_0_synth_1/prj/sol/.autopilot/db/v_frmbuf_wr.cpp:1599]   --->   Operation 272 'zext' 'zext_ln1599_1' <Predicate = (!icmp_ln1594)> <Delay = 0.00>
ST_2 : Operation 273 [1/1] (1.20ns)   --->   "%add_ln1599 = add i32 %zext_ln1599_1, i32 %dstImg_read" [C:/TFG_Vivado/vivado/axu2cga_trd.runs/design_1_v_frmbuf_wr_0_0_synth_1/prj/sol/.autopilot/db/v_frmbuf_wr.cpp:1599]   --->   Operation 273 'add' 'add_ln1599' <Predicate = (!icmp_ln1594)> <Delay = 1.20> <CoreInst = "Adder">   --->   Core 1 'Adder' <Latency = 0> <II = 1> <Delay = 1.20> <FuncUnit> <Opcode : 'add' 'sub'> <InPorts = 2> <OutPorts = 1>
ST_2 : Operation 274 [1/1] (0.00ns)   --->   "%trunc_ln5 = partselect i28 @_ssdm_op_PartSelect.i28.i32.i32.i32, i32 %add_ln1599, i32 4, i32 31" [C:/TFG_Vivado/vivado/axu2cga_trd.runs/design_1_v_frmbuf_wr_0_0_synth_1/prj/sol/.autopilot/db/v_frmbuf_wr.cpp:1599]   --->   Operation 274 'partselect' 'trunc_ln5' <Predicate = (!icmp_ln1594)> <Delay = 0.00>
ST_2 : Operation 275 [1/1] (1.09ns)   --->   "%add_ln1605 = add i23 %zext_ln1599, i23 %offsetY_load" [C:/TFG_Vivado/vivado/axu2cga_trd.runs/design_1_v_frmbuf_wr_0_0_synth_1/prj/sol/.autopilot/db/v_frmbuf_wr.cpp:1605]   --->   Operation 275 'add' 'add_ln1605' <Predicate = (!icmp_ln1594)> <Delay = 1.09> <CoreInst = "Adder">   --->   Core 1 'Adder' <Latency = 0> <II = 1> <Delay = 1.09> <FuncUnit> <Opcode : 'add' 'sub'> <InPorts = 2> <OutPorts = 1>
ST_2 : Operation 276 [1/1] (0.00ns)   --->   "%ret_ln1629 = ret" [C:/TFG_Vivado/vivado/axu2cga_trd.runs/design_1_v_frmbuf_wr_0_0_synth_1/prj/sol/.autopilot/db/v_frmbuf_wr.cpp:1629]   --->   Operation 276 'ret' 'ret_ln1629' <Predicate = (icmp_ln1594)> <Delay = 0.00>

State 3 <SV = 2> <Delay = 3.65>
ST_3 : Operation 277 [1/1] (0.00ns)   --->   "%sext_ln1599 = sext i28 %trunc_ln5" [C:/TFG_Vivado/vivado/axu2cga_trd.runs/design_1_v_frmbuf_wr_0_0_synth_1/prj/sol/.autopilot/db/v_frmbuf_wr.cpp:1599]   --->   Operation 277 'sext' 'sext_ln1599' <Predicate = true> <Delay = 0.00>
ST_3 : Operation 278 [1/1] (0.00ns)   --->   "%mm_video_addr = getelementptr i128 %mm_video, i32 %sext_ln1599" [C:/TFG_Vivado/vivado/axu2cga_trd.runs/design_1_v_frmbuf_wr_0_0_synth_1/prj/sol/.autopilot/db/v_frmbuf_wr.cpp:1599]   --->   Operation 278 'getelementptr' 'mm_video_addr' <Predicate = true> <Delay = 0.00>
ST_3 : Operation 279 [1/1] ( I:3.65ns O:3.65ns )   --->   "%empty = writereq i1 @_ssdm_op_WriteReq.m_axi.p1i128, i128 %mm_video_addr, i32 %zext_ln1589" [C:/TFG_Vivado/vivado/axu2cga_trd.runs/design_1_v_frmbuf_wr_0_0_synth_1/prj/sol/.autopilot/db/v_frmbuf_wr.cpp:1599]   --->   Operation 279 'writereq' 'empty' <Predicate = true> <Delay = 3.65> <CoreInst = "m_axi">   --->   Core 119 'm_axi' <Latency = 9> <II = 1> <Delay = 1.00> <Adapter> <Opcode : 'readrequnaligned' 'writerequnaligned' 'read' 'write' 'readreq' 'writereq' 'writeresp'>

State 4 <SV = 3> <Delay = 1.42>
ST_4 : Operation 280 [2/2] (1.42ns)   --->   "%call_ln1589 = call void @Bytes2AXIMMvideo_Pipeline_VITIS_LOOP_1599_1, i10 %loopWidth, i128 %mm_video, i28 %trunc_ln5, i128 %bytePlanes_plane0" [C:/TFG_Vivado/vivado/axu2cga_trd.runs/design_1_v_frmbuf_wr_0_0_synth_1/prj/sol/.autopilot/db/v_frmbuf_wr.cpp:1589]   --->   Operation 280 'call' 'call_ln1589' <Predicate = true> <Delay = 1.42> <CoreType = "Generic">   --->   Generic Core

State 5 <SV = 4> <Delay = 0.00>
ST_5 : Operation 281 [1/2] (0.00ns)   --->   "%call_ln1589 = call void @Bytes2AXIMMvideo_Pipeline_VITIS_LOOP_1599_1, i10 %loopWidth, i128 %mm_video, i28 %trunc_ln5, i128 %bytePlanes_plane0" [C:/TFG_Vivado/vivado/axu2cga_trd.runs/design_1_v_frmbuf_wr_0_0_synth_1/prj/sol/.autopilot/db/v_frmbuf_wr.cpp:1589]   --->   Operation 281 'call' 'call_ln1589' <Predicate = true> <Delay = 0.00> <CoreType = "Generic">   --->   Generic Core

State 6 <SV = 5> <Delay = 0.00>
ST_6 : Operation 282 [1/1] (0.00ns)   --->   "%fence_ln1605 = fence void @_ssdm_op_Fence, i128 %bytePlanes_plane0, i32 4294967295, i128 %bytePlanes_plane1, i32 0" [C:/TFG_Vivado/vivado/axu2cga_trd.runs/design_1_v_frmbuf_wr_0_0_synth_1/prj/sol/.autopilot/db/v_frmbuf_wr.cpp:1605]   --->   Operation 282 'fence' 'fence_ln1605' <Predicate = true> <Delay = 0.00>
ST_6 : Operation 283 [104/104] (3.65ns)   --->   "%empty_197 = writeresp i1 @_ssdm_op_WriteResp.m_axi.p1i128, i128 %mm_video_addr" [C:/TFG_Vivado/vivado/axu2cga_trd.runs/design_1_v_frmbuf_wr_0_0_synth_1/prj/sol/.autopilot/db/v_frmbuf_wr.cpp:1605]   --->   Operation 283 'writeresp' 'empty_197' <Predicate = true> <Delay = 3.65> <CoreInst = "m_axi">   --->   Core 119 'm_axi' <Latency = 3> <II = 1> <Delay = 1.00> <Adapter> <Opcode : 'readrequnaligned' 'writerequnaligned' 'read' 'write' 'readreq' 'writereq' 'writeresp'>

State 7 <SV = 6> <Delay = 0.00>
ST_7 : Operation 284 [103/104] (3.65ns)   --->   "%empty_197 = writeresp i1 @_ssdm_op_WriteResp.m_axi.p1i128, i128 %mm_video_addr" [C:/TFG_Vivado/vivado/axu2cga_trd.runs/design_1_v_frmbuf_wr_0_0_synth_1/prj/sol/.autopilot/db/v_frmbuf_wr.cpp:1605]   --->   Operation 284 'writeresp' 'empty_197' <Predicate = true> <Delay = 3.65> <CoreInst = "m_axi">   --->   Core 119 'm_axi' <Latency = 3> <II = 1> <Delay = 1.00> <Adapter> <Opcode : 'readrequnaligned' 'writerequnaligned' 'read' 'write' 'readreq' 'writereq' 'writeresp'>

State 8 <SV = 7> <Delay = 0.00>
ST_8 : Operation 285 [102/104] (3.65ns)   --->   "%empty_197 = writeresp i1 @_ssdm_op_WriteResp.m_axi.p1i128, i128 %mm_video_addr" [C:/TFG_Vivado/vivado/axu2cga_trd.runs/design_1_v_frmbuf_wr_0_0_synth_1/prj/sol/.autopilot/db/v_frmbuf_wr.cpp:1605]   --->   Operation 285 'writeresp' 'empty_197' <Predicate = true> <Delay = 3.65> <CoreInst = "m_axi">   --->   Core 119 'm_axi' <Latency = 3> <II = 1> <Delay = 1.00> <Adapter> <Opcode : 'readrequnaligned' 'writerequnaligned' 'read' 'write' 'readreq' 'writereq' 'writeresp'>

State 9 <SV = 8> <Delay = 0.00>
ST_9 : Operation 286 [101/104] (3.65ns)   --->   "%empty_197 = writeresp i1 @_ssdm_op_WriteResp.m_axi.p1i128, i128 %mm_video_addr" [C:/TFG_Vivado/vivado/axu2cga_trd.runs/design_1_v_frmbuf_wr_0_0_synth_1/prj/sol/.autopilot/db/v_frmbuf_wr.cpp:1605]   --->   Operation 286 'writeresp' 'empty_197' <Predicate = true> <Delay = 3.65> <CoreInst = "m_axi">   --->   Core 119 'm_axi' <Latency = 3> <II = 1> <Delay = 1.00> <Adapter> <Opcode : 'readrequnaligned' 'writerequnaligned' 'read' 'write' 'readreq' 'writereq' 'writeresp'>

State 10 <SV = 9> <Delay = 0.00>
ST_10 : Operation 287 [100/104] (3.65ns)   --->   "%empty_197 = writeresp i1 @_ssdm_op_WriteResp.m_axi.p1i128, i128 %mm_video_addr" [C:/TFG_Vivado/vivado/axu2cga_trd.runs/design_1_v_frmbuf_wr_0_0_synth_1/prj/sol/.autopilot/db/v_frmbuf_wr.cpp:1605]   --->   Operation 287 'writeresp' 'empty_197' <Predicate = true> <Delay = 3.65> <CoreInst = "m_axi">   --->   Core 119 'm_axi' <Latency = 3> <II = 1> <Delay = 1.00> <Adapter> <Opcode : 'readrequnaligned' 'writerequnaligned' 'read' 'write' 'readreq' 'writereq' 'writeresp'>

State 11 <SV = 10> <Delay = 0.00>
ST_11 : Operation 288 [99/104] (3.65ns)   --->   "%empty_197 = writeresp i1 @_ssdm_op_WriteResp.m_axi.p1i128, i128 %mm_video_addr" [C:/TFG_Vivado/vivado/axu2cga_trd.runs/design_1_v_frmbuf_wr_0_0_synth_1/prj/sol/.autopilot/db/v_frmbuf_wr.cpp:1605]   --->   Operation 288 'writeresp' 'empty_197' <Predicate = true> <Delay = 3.65> <CoreInst = "m_axi">   --->   Core 119 'm_axi' <Latency = 3> <II = 1> <Delay = 1.00> <Adapter> <Opcode : 'readrequnaligned' 'writerequnaligned' 'read' 'write' 'readreq' 'writereq' 'writeresp'>

State 12 <SV = 11> <Delay = 0.00>
ST_12 : Operation 289 [98/104] (3.65ns)   --->   "%empty_197 = writeresp i1 @_ssdm_op_WriteResp.m_axi.p1i128, i128 %mm_video_addr" [C:/TFG_Vivado/vivado/axu2cga_trd.runs/design_1_v_frmbuf_wr_0_0_synth_1/prj/sol/.autopilot/db/v_frmbuf_wr.cpp:1605]   --->   Operation 289 'writeresp' 'empty_197' <Predicate = true> <Delay = 3.65> <CoreInst = "m_axi">   --->   Core 119 'm_axi' <Latency = 3> <II = 1> <Delay = 1.00> <Adapter> <Opcode : 'readrequnaligned' 'writerequnaligned' 'read' 'write' 'readreq' 'writereq' 'writeresp'>

State 13 <SV = 12> <Delay = 0.00>
ST_13 : Operation 290 [97/104] (3.65ns)   --->   "%empty_197 = writeresp i1 @_ssdm_op_WriteResp.m_axi.p1i128, i128 %mm_video_addr" [C:/TFG_Vivado/vivado/axu2cga_trd.runs/design_1_v_frmbuf_wr_0_0_synth_1/prj/sol/.autopilot/db/v_frmbuf_wr.cpp:1605]   --->   Operation 290 'writeresp' 'empty_197' <Predicate = true> <Delay = 3.65> <CoreInst = "m_axi">   --->   Core 119 'm_axi' <Latency = 3> <II = 1> <Delay = 1.00> <Adapter> <Opcode : 'readrequnaligned' 'writerequnaligned' 'read' 'write' 'readreq' 'writereq' 'writeresp'>

State 14 <SV = 13> <Delay = 0.00>
ST_14 : Operation 291 [96/104] (3.65ns)   --->   "%empty_197 = writeresp i1 @_ssdm_op_WriteResp.m_axi.p1i128, i128 %mm_video_addr" [C:/TFG_Vivado/vivado/axu2cga_trd.runs/design_1_v_frmbuf_wr_0_0_synth_1/prj/sol/.autopilot/db/v_frmbuf_wr.cpp:1605]   --->   Operation 291 'writeresp' 'empty_197' <Predicate = true> <Delay = 3.65> <CoreInst = "m_axi">   --->   Core 119 'm_axi' <Latency = 3> <II = 1> <Delay = 1.00> <Adapter> <Opcode : 'readrequnaligned' 'writerequnaligned' 'read' 'write' 'readreq' 'writereq' 'writeresp'>

State 15 <SV = 14> <Delay = 0.00>
ST_15 : Operation 292 [95/104] (3.65ns)   --->   "%empty_197 = writeresp i1 @_ssdm_op_WriteResp.m_axi.p1i128, i128 %mm_video_addr" [C:/TFG_Vivado/vivado/axu2cga_trd.runs/design_1_v_frmbuf_wr_0_0_synth_1/prj/sol/.autopilot/db/v_frmbuf_wr.cpp:1605]   --->   Operation 292 'writeresp' 'empty_197' <Predicate = true> <Delay = 3.65> <CoreInst = "m_axi">   --->   Core 119 'm_axi' <Latency = 3> <II = 1> <Delay = 1.00> <Adapter> <Opcode : 'readrequnaligned' 'writerequnaligned' 'read' 'write' 'readreq' 'writereq' 'writeresp'>

State 16 <SV = 15> <Delay = 0.00>
ST_16 : Operation 293 [94/104] (3.65ns)   --->   "%empty_197 = writeresp i1 @_ssdm_op_WriteResp.m_axi.p1i128, i128 %mm_video_addr" [C:/TFG_Vivado/vivado/axu2cga_trd.runs/design_1_v_frmbuf_wr_0_0_synth_1/prj/sol/.autopilot/db/v_frmbuf_wr.cpp:1605]   --->   Operation 293 'writeresp' 'empty_197' <Predicate = true> <Delay = 3.65> <CoreInst = "m_axi">   --->   Core 119 'm_axi' <Latency = 3> <II = 1> <Delay = 1.00> <Adapter> <Opcode : 'readrequnaligned' 'writerequnaligned' 'read' 'write' 'readreq' 'writereq' 'writeresp'>

State 17 <SV = 16> <Delay = 0.00>
ST_17 : Operation 294 [93/104] (3.65ns)   --->   "%empty_197 = writeresp i1 @_ssdm_op_WriteResp.m_axi.p1i128, i128 %mm_video_addr" [C:/TFG_Vivado/vivado/axu2cga_trd.runs/design_1_v_frmbuf_wr_0_0_synth_1/prj/sol/.autopilot/db/v_frmbuf_wr.cpp:1605]   --->   Operation 294 'writeresp' 'empty_197' <Predicate = true> <Delay = 3.65> <CoreInst = "m_axi">   --->   Core 119 'm_axi' <Latency = 3> <II = 1> <Delay = 1.00> <Adapter> <Opcode : 'readrequnaligned' 'writerequnaligned' 'read' 'write' 'readreq' 'writereq' 'writeresp'>

State 18 <SV = 17> <Delay = 0.00>
ST_18 : Operation 295 [92/104] (3.65ns)   --->   "%empty_197 = writeresp i1 @_ssdm_op_WriteResp.m_axi.p1i128, i128 %mm_video_addr" [C:/TFG_Vivado/vivado/axu2cga_trd.runs/design_1_v_frmbuf_wr_0_0_synth_1/prj/sol/.autopilot/db/v_frmbuf_wr.cpp:1605]   --->   Operation 295 'writeresp' 'empty_197' <Predicate = true> <Delay = 3.65> <CoreInst = "m_axi">   --->   Core 119 'm_axi' <Latency = 3> <II = 1> <Delay = 1.00> <Adapter> <Opcode : 'readrequnaligned' 'writerequnaligned' 'read' 'write' 'readreq' 'writereq' 'writeresp'>

State 19 <SV = 18> <Delay = 0.00>
ST_19 : Operation 296 [91/104] (3.65ns)   --->   "%empty_197 = writeresp i1 @_ssdm_op_WriteResp.m_axi.p1i128, i128 %mm_video_addr" [C:/TFG_Vivado/vivado/axu2cga_trd.runs/design_1_v_frmbuf_wr_0_0_synth_1/prj/sol/.autopilot/db/v_frmbuf_wr.cpp:1605]   --->   Operation 296 'writeresp' 'empty_197' <Predicate = true> <Delay = 3.65> <CoreInst = "m_axi">   --->   Core 119 'm_axi' <Latency = 3> <II = 1> <Delay = 1.00> <Adapter> <Opcode : 'readrequnaligned' 'writerequnaligned' 'read' 'write' 'readreq' 'writereq' 'writeresp'>

State 20 <SV = 19> <Delay = 0.00>
ST_20 : Operation 297 [90/104] (3.65ns)   --->   "%empty_197 = writeresp i1 @_ssdm_op_WriteResp.m_axi.p1i128, i128 %mm_video_addr" [C:/TFG_Vivado/vivado/axu2cga_trd.runs/design_1_v_frmbuf_wr_0_0_synth_1/prj/sol/.autopilot/db/v_frmbuf_wr.cpp:1605]   --->   Operation 297 'writeresp' 'empty_197' <Predicate = true> <Delay = 3.65> <CoreInst = "m_axi">   --->   Core 119 'm_axi' <Latency = 3> <II = 1> <Delay = 1.00> <Adapter> <Opcode : 'readrequnaligned' 'writerequnaligned' 'read' 'write' 'readreq' 'writereq' 'writeresp'>

State 21 <SV = 20> <Delay = 0.00>
ST_21 : Operation 298 [89/104] (3.65ns)   --->   "%empty_197 = writeresp i1 @_ssdm_op_WriteResp.m_axi.p1i128, i128 %mm_video_addr" [C:/TFG_Vivado/vivado/axu2cga_trd.runs/design_1_v_frmbuf_wr_0_0_synth_1/prj/sol/.autopilot/db/v_frmbuf_wr.cpp:1605]   --->   Operation 298 'writeresp' 'empty_197' <Predicate = true> <Delay = 3.65> <CoreInst = "m_axi">   --->   Core 119 'm_axi' <Latency = 3> <II = 1> <Delay = 1.00> <Adapter> <Opcode : 'readrequnaligned' 'writerequnaligned' 'read' 'write' 'readreq' 'writereq' 'writeresp'>

State 22 <SV = 21> <Delay = 0.00>
ST_22 : Operation 299 [88/104] (3.65ns)   --->   "%empty_197 = writeresp i1 @_ssdm_op_WriteResp.m_axi.p1i128, i128 %mm_video_addr" [C:/TFG_Vivado/vivado/axu2cga_trd.runs/design_1_v_frmbuf_wr_0_0_synth_1/prj/sol/.autopilot/db/v_frmbuf_wr.cpp:1605]   --->   Operation 299 'writeresp' 'empty_197' <Predicate = true> <Delay = 3.65> <CoreInst = "m_axi">   --->   Core 119 'm_axi' <Latency = 3> <II = 1> <Delay = 1.00> <Adapter> <Opcode : 'readrequnaligned' 'writerequnaligned' 'read' 'write' 'readreq' 'writereq' 'writeresp'>

State 23 <SV = 22> <Delay = 0.00>
ST_23 : Operation 300 [87/104] (3.65ns)   --->   "%empty_197 = writeresp i1 @_ssdm_op_WriteResp.m_axi.p1i128, i128 %mm_video_addr" [C:/TFG_Vivado/vivado/axu2cga_trd.runs/design_1_v_frmbuf_wr_0_0_synth_1/prj/sol/.autopilot/db/v_frmbuf_wr.cpp:1605]   --->   Operation 300 'writeresp' 'empty_197' <Predicate = true> <Delay = 3.65> <CoreInst = "m_axi">   --->   Core 119 'm_axi' <Latency = 3> <II = 1> <Delay = 1.00> <Adapter> <Opcode : 'readrequnaligned' 'writerequnaligned' 'read' 'write' 'readreq' 'writereq' 'writeresp'>

State 24 <SV = 23> <Delay = 0.00>
ST_24 : Operation 301 [86/104] (3.65ns)   --->   "%empty_197 = writeresp i1 @_ssdm_op_WriteResp.m_axi.p1i128, i128 %mm_video_addr" [C:/TFG_Vivado/vivado/axu2cga_trd.runs/design_1_v_frmbuf_wr_0_0_synth_1/prj/sol/.autopilot/db/v_frmbuf_wr.cpp:1605]   --->   Operation 301 'writeresp' 'empty_197' <Predicate = true> <Delay = 3.65> <CoreInst = "m_axi">   --->   Core 119 'm_axi' <Latency = 3> <II = 1> <Delay = 1.00> <Adapter> <Opcode : 'readrequnaligned' 'writerequnaligned' 'read' 'write' 'readreq' 'writereq' 'writeresp'>

State 25 <SV = 24> <Delay = 0.00>
ST_25 : Operation 302 [85/104] (3.65ns)   --->   "%empty_197 = writeresp i1 @_ssdm_op_WriteResp.m_axi.p1i128, i128 %mm_video_addr" [C:/TFG_Vivado/vivado/axu2cga_trd.runs/design_1_v_frmbuf_wr_0_0_synth_1/prj/sol/.autopilot/db/v_frmbuf_wr.cpp:1605]   --->   Operation 302 'writeresp' 'empty_197' <Predicate = true> <Delay = 3.65> <CoreInst = "m_axi">   --->   Core 119 'm_axi' <Latency = 3> <II = 1> <Delay = 1.00> <Adapter> <Opcode : 'readrequnaligned' 'writerequnaligned' 'read' 'write' 'readreq' 'writereq' 'writeresp'>

State 26 <SV = 25> <Delay = 0.00>
ST_26 : Operation 303 [84/104] (3.65ns)   --->   "%empty_197 = writeresp i1 @_ssdm_op_WriteResp.m_axi.p1i128, i128 %mm_video_addr" [C:/TFG_Vivado/vivado/axu2cga_trd.runs/design_1_v_frmbuf_wr_0_0_synth_1/prj/sol/.autopilot/db/v_frmbuf_wr.cpp:1605]   --->   Operation 303 'writeresp' 'empty_197' <Predicate = true> <Delay = 3.65> <CoreInst = "m_axi">   --->   Core 119 'm_axi' <Latency = 3> <II = 1> <Delay = 1.00> <Adapter> <Opcode : 'readrequnaligned' 'writerequnaligned' 'read' 'write' 'readreq' 'writereq' 'writeresp'>

State 27 <SV = 26> <Delay = 0.00>
ST_27 : Operation 304 [83/104] (3.65ns)   --->   "%empty_197 = writeresp i1 @_ssdm_op_WriteResp.m_axi.p1i128, i128 %mm_video_addr" [C:/TFG_Vivado/vivado/axu2cga_trd.runs/design_1_v_frmbuf_wr_0_0_synth_1/prj/sol/.autopilot/db/v_frmbuf_wr.cpp:1605]   --->   Operation 304 'writeresp' 'empty_197' <Predicate = true> <Delay = 3.65> <CoreInst = "m_axi">   --->   Core 119 'm_axi' <Latency = 3> <II = 1> <Delay = 1.00> <Adapter> <Opcode : 'readrequnaligned' 'writerequnaligned' 'read' 'write' 'readreq' 'writereq' 'writeresp'>

State 28 <SV = 27> <Delay = 0.00>
ST_28 : Operation 305 [82/104] (3.65ns)   --->   "%empty_197 = writeresp i1 @_ssdm_op_WriteResp.m_axi.p1i128, i128 %mm_video_addr" [C:/TFG_Vivado/vivado/axu2cga_trd.runs/design_1_v_frmbuf_wr_0_0_synth_1/prj/sol/.autopilot/db/v_frmbuf_wr.cpp:1605]   --->   Operation 305 'writeresp' 'empty_197' <Predicate = true> <Delay = 3.65> <CoreInst = "m_axi">   --->   Core 119 'm_axi' <Latency = 3> <II = 1> <Delay = 1.00> <Adapter> <Opcode : 'readrequnaligned' 'writerequnaligned' 'read' 'write' 'readreq' 'writereq' 'writeresp'>

State 29 <SV = 28> <Delay = 0.00>
ST_29 : Operation 306 [81/104] (3.65ns)   --->   "%empty_197 = writeresp i1 @_ssdm_op_WriteResp.m_axi.p1i128, i128 %mm_video_addr" [C:/TFG_Vivado/vivado/axu2cga_trd.runs/design_1_v_frmbuf_wr_0_0_synth_1/prj/sol/.autopilot/db/v_frmbuf_wr.cpp:1605]   --->   Operation 306 'writeresp' 'empty_197' <Predicate = true> <Delay = 3.65> <CoreInst = "m_axi">   --->   Core 119 'm_axi' <Latency = 3> <II = 1> <Delay = 1.00> <Adapter> <Opcode : 'readrequnaligned' 'writerequnaligned' 'read' 'write' 'readreq' 'writereq' 'writeresp'>

State 30 <SV = 29> <Delay = 0.00>
ST_30 : Operation 307 [80/104] (3.65ns)   --->   "%empty_197 = writeresp i1 @_ssdm_op_WriteResp.m_axi.p1i128, i128 %mm_video_addr" [C:/TFG_Vivado/vivado/axu2cga_trd.runs/design_1_v_frmbuf_wr_0_0_synth_1/prj/sol/.autopilot/db/v_frmbuf_wr.cpp:1605]   --->   Operation 307 'writeresp' 'empty_197' <Predicate = true> <Delay = 3.65> <CoreInst = "m_axi">   --->   Core 119 'm_axi' <Latency = 3> <II = 1> <Delay = 1.00> <Adapter> <Opcode : 'readrequnaligned' 'writerequnaligned' 'read' 'write' 'readreq' 'writereq' 'writeresp'>

State 31 <SV = 30> <Delay = 0.00>
ST_31 : Operation 308 [79/104] (3.65ns)   --->   "%empty_197 = writeresp i1 @_ssdm_op_WriteResp.m_axi.p1i128, i128 %mm_video_addr" [C:/TFG_Vivado/vivado/axu2cga_trd.runs/design_1_v_frmbuf_wr_0_0_synth_1/prj/sol/.autopilot/db/v_frmbuf_wr.cpp:1605]   --->   Operation 308 'writeresp' 'empty_197' <Predicate = true> <Delay = 3.65> <CoreInst = "m_axi">   --->   Core 119 'm_axi' <Latency = 3> <II = 1> <Delay = 1.00> <Adapter> <Opcode : 'readrequnaligned' 'writerequnaligned' 'read' 'write' 'readreq' 'writereq' 'writeresp'>

State 32 <SV = 31> <Delay = 0.00>
ST_32 : Operation 309 [78/104] (3.65ns)   --->   "%empty_197 = writeresp i1 @_ssdm_op_WriteResp.m_axi.p1i128, i128 %mm_video_addr" [C:/TFG_Vivado/vivado/axu2cga_trd.runs/design_1_v_frmbuf_wr_0_0_synth_1/prj/sol/.autopilot/db/v_frmbuf_wr.cpp:1605]   --->   Operation 309 'writeresp' 'empty_197' <Predicate = true> <Delay = 3.65> <CoreInst = "m_axi">   --->   Core 119 'm_axi' <Latency = 3> <II = 1> <Delay = 1.00> <Adapter> <Opcode : 'readrequnaligned' 'writerequnaligned' 'read' 'write' 'readreq' 'writereq' 'writeresp'>

State 33 <SV = 32> <Delay = 0.00>
ST_33 : Operation 310 [77/104] (3.65ns)   --->   "%empty_197 = writeresp i1 @_ssdm_op_WriteResp.m_axi.p1i128, i128 %mm_video_addr" [C:/TFG_Vivado/vivado/axu2cga_trd.runs/design_1_v_frmbuf_wr_0_0_synth_1/prj/sol/.autopilot/db/v_frmbuf_wr.cpp:1605]   --->   Operation 310 'writeresp' 'empty_197' <Predicate = true> <Delay = 3.65> <CoreInst = "m_axi">   --->   Core 119 'm_axi' <Latency = 3> <II = 1> <Delay = 1.00> <Adapter> <Opcode : 'readrequnaligned' 'writerequnaligned' 'read' 'write' 'readreq' 'writereq' 'writeresp'>

State 34 <SV = 33> <Delay = 0.00>
ST_34 : Operation 311 [76/104] (3.65ns)   --->   "%empty_197 = writeresp i1 @_ssdm_op_WriteResp.m_axi.p1i128, i128 %mm_video_addr" [C:/TFG_Vivado/vivado/axu2cga_trd.runs/design_1_v_frmbuf_wr_0_0_synth_1/prj/sol/.autopilot/db/v_frmbuf_wr.cpp:1605]   --->   Operation 311 'writeresp' 'empty_197' <Predicate = true> <Delay = 3.65> <CoreInst = "m_axi">   --->   Core 119 'm_axi' <Latency = 3> <II = 1> <Delay = 1.00> <Adapter> <Opcode : 'readrequnaligned' 'writerequnaligned' 'read' 'write' 'readreq' 'writereq' 'writeresp'>

State 35 <SV = 34> <Delay = 0.00>
ST_35 : Operation 312 [75/104] (3.65ns)   --->   "%empty_197 = writeresp i1 @_ssdm_op_WriteResp.m_axi.p1i128, i128 %mm_video_addr" [C:/TFG_Vivado/vivado/axu2cga_trd.runs/design_1_v_frmbuf_wr_0_0_synth_1/prj/sol/.autopilot/db/v_frmbuf_wr.cpp:1605]   --->   Operation 312 'writeresp' 'empty_197' <Predicate = true> <Delay = 3.65> <CoreInst = "m_axi">   --->   Core 119 'm_axi' <Latency = 3> <II = 1> <Delay = 1.00> <Adapter> <Opcode : 'readrequnaligned' 'writerequnaligned' 'read' 'write' 'readreq' 'writereq' 'writeresp'>

State 36 <SV = 35> <Delay = 0.00>
ST_36 : Operation 313 [74/104] (3.65ns)   --->   "%empty_197 = writeresp i1 @_ssdm_op_WriteResp.m_axi.p1i128, i128 %mm_video_addr" [C:/TFG_Vivado/vivado/axu2cga_trd.runs/design_1_v_frmbuf_wr_0_0_synth_1/prj/sol/.autopilot/db/v_frmbuf_wr.cpp:1605]   --->   Operation 313 'writeresp' 'empty_197' <Predicate = true> <Delay = 3.65> <CoreInst = "m_axi">   --->   Core 119 'm_axi' <Latency = 3> <II = 1> <Delay = 1.00> <Adapter> <Opcode : 'readrequnaligned' 'writerequnaligned' 'read' 'write' 'readreq' 'writereq' 'writeresp'>

State 37 <SV = 36> <Delay = 0.00>
ST_37 : Operation 314 [73/104] (3.65ns)   --->   "%empty_197 = writeresp i1 @_ssdm_op_WriteResp.m_axi.p1i128, i128 %mm_video_addr" [C:/TFG_Vivado/vivado/axu2cga_trd.runs/design_1_v_frmbuf_wr_0_0_synth_1/prj/sol/.autopilot/db/v_frmbuf_wr.cpp:1605]   --->   Operation 314 'writeresp' 'empty_197' <Predicate = true> <Delay = 3.65> <CoreInst = "m_axi">   --->   Core 119 'm_axi' <Latency = 3> <II = 1> <Delay = 1.00> <Adapter> <Opcode : 'readrequnaligned' 'writerequnaligned' 'read' 'write' 'readreq' 'writereq' 'writeresp'>

State 38 <SV = 37> <Delay = 0.00>
ST_38 : Operation 315 [72/104] (3.65ns)   --->   "%empty_197 = writeresp i1 @_ssdm_op_WriteResp.m_axi.p1i128, i128 %mm_video_addr" [C:/TFG_Vivado/vivado/axu2cga_trd.runs/design_1_v_frmbuf_wr_0_0_synth_1/prj/sol/.autopilot/db/v_frmbuf_wr.cpp:1605]   --->   Operation 315 'writeresp' 'empty_197' <Predicate = true> <Delay = 3.65> <CoreInst = "m_axi">   --->   Core 119 'm_axi' <Latency = 3> <II = 1> <Delay = 1.00> <Adapter> <Opcode : 'readrequnaligned' 'writerequnaligned' 'read' 'write' 'readreq' 'writereq' 'writeresp'>

State 39 <SV = 38> <Delay = 0.00>
ST_39 : Operation 316 [71/104] (3.65ns)   --->   "%empty_197 = writeresp i1 @_ssdm_op_WriteResp.m_axi.p1i128, i128 %mm_video_addr" [C:/TFG_Vivado/vivado/axu2cga_trd.runs/design_1_v_frmbuf_wr_0_0_synth_1/prj/sol/.autopilot/db/v_frmbuf_wr.cpp:1605]   --->   Operation 316 'writeresp' 'empty_197' <Predicate = true> <Delay = 3.65> <CoreInst = "m_axi">   --->   Core 119 'm_axi' <Latency = 3> <II = 1> <Delay = 1.00> <Adapter> <Opcode : 'readrequnaligned' 'writerequnaligned' 'read' 'write' 'readreq' 'writereq' 'writeresp'>

State 40 <SV = 39> <Delay = 0.00>
ST_40 : Operation 317 [70/104] (3.65ns)   --->   "%empty_197 = writeresp i1 @_ssdm_op_WriteResp.m_axi.p1i128, i128 %mm_video_addr" [C:/TFG_Vivado/vivado/axu2cga_trd.runs/design_1_v_frmbuf_wr_0_0_synth_1/prj/sol/.autopilot/db/v_frmbuf_wr.cpp:1605]   --->   Operation 317 'writeresp' 'empty_197' <Predicate = true> <Delay = 3.65> <CoreInst = "m_axi">   --->   Core 119 'm_axi' <Latency = 3> <II = 1> <Delay = 1.00> <Adapter> <Opcode : 'readrequnaligned' 'writerequnaligned' 'read' 'write' 'readreq' 'writereq' 'writeresp'>

State 41 <SV = 40> <Delay = 0.00>
ST_41 : Operation 318 [69/104] (3.65ns)   --->   "%empty_197 = writeresp i1 @_ssdm_op_WriteResp.m_axi.p1i128, i128 %mm_video_addr" [C:/TFG_Vivado/vivado/axu2cga_trd.runs/design_1_v_frmbuf_wr_0_0_synth_1/prj/sol/.autopilot/db/v_frmbuf_wr.cpp:1605]   --->   Operation 318 'writeresp' 'empty_197' <Predicate = true> <Delay = 3.65> <CoreInst = "m_axi">   --->   Core 119 'm_axi' <Latency = 3> <II = 1> <Delay = 1.00> <Adapter> <Opcode : 'readrequnaligned' 'writerequnaligned' 'read' 'write' 'readreq' 'writereq' 'writeresp'>

State 42 <SV = 41> <Delay = 0.00>
ST_42 : Operation 319 [68/104] (3.65ns)   --->   "%empty_197 = writeresp i1 @_ssdm_op_WriteResp.m_axi.p1i128, i128 %mm_video_addr" [C:/TFG_Vivado/vivado/axu2cga_trd.runs/design_1_v_frmbuf_wr_0_0_synth_1/prj/sol/.autopilot/db/v_frmbuf_wr.cpp:1605]   --->   Operation 319 'writeresp' 'empty_197' <Predicate = true> <Delay = 3.65> <CoreInst = "m_axi">   --->   Core 119 'm_axi' <Latency = 3> <II = 1> <Delay = 1.00> <Adapter> <Opcode : 'readrequnaligned' 'writerequnaligned' 'read' 'write' 'readreq' 'writereq' 'writeresp'>

State 43 <SV = 42> <Delay = 0.00>
ST_43 : Operation 320 [67/104] (3.65ns)   --->   "%empty_197 = writeresp i1 @_ssdm_op_WriteResp.m_axi.p1i128, i128 %mm_video_addr" [C:/TFG_Vivado/vivado/axu2cga_trd.runs/design_1_v_frmbuf_wr_0_0_synth_1/prj/sol/.autopilot/db/v_frmbuf_wr.cpp:1605]   --->   Operation 320 'writeresp' 'empty_197' <Predicate = true> <Delay = 3.65> <CoreInst = "m_axi">   --->   Core 119 'm_axi' <Latency = 3> <II = 1> <Delay = 1.00> <Adapter> <Opcode : 'readrequnaligned' 'writerequnaligned' 'read' 'write' 'readreq' 'writereq' 'writeresp'>

State 44 <SV = 43> <Delay = 0.00>
ST_44 : Operation 321 [66/104] (3.65ns)   --->   "%empty_197 = writeresp i1 @_ssdm_op_WriteResp.m_axi.p1i128, i128 %mm_video_addr" [C:/TFG_Vivado/vivado/axu2cga_trd.runs/design_1_v_frmbuf_wr_0_0_synth_1/prj/sol/.autopilot/db/v_frmbuf_wr.cpp:1605]   --->   Operation 321 'writeresp' 'empty_197' <Predicate = true> <Delay = 3.65> <CoreInst = "m_axi">   --->   Core 119 'm_axi' <Latency = 3> <II = 1> <Delay = 1.00> <Adapter> <Opcode : 'readrequnaligned' 'writerequnaligned' 'read' 'write' 'readreq' 'writereq' 'writeresp'>

State 45 <SV = 44> <Delay = 0.00>
ST_45 : Operation 322 [65/104] (3.65ns)   --->   "%empty_197 = writeresp i1 @_ssdm_op_WriteResp.m_axi.p1i128, i128 %mm_video_addr" [C:/TFG_Vivado/vivado/axu2cga_trd.runs/design_1_v_frmbuf_wr_0_0_synth_1/prj/sol/.autopilot/db/v_frmbuf_wr.cpp:1605]   --->   Operation 322 'writeresp' 'empty_197' <Predicate = true> <Delay = 3.65> <CoreInst = "m_axi">   --->   Core 119 'm_axi' <Latency = 3> <II = 1> <Delay = 1.00> <Adapter> <Opcode : 'readrequnaligned' 'writerequnaligned' 'read' 'write' 'readreq' 'writereq' 'writeresp'>

State 46 <SV = 45> <Delay = 0.00>
ST_46 : Operation 323 [64/104] (3.65ns)   --->   "%empty_197 = writeresp i1 @_ssdm_op_WriteResp.m_axi.p1i128, i128 %mm_video_addr" [C:/TFG_Vivado/vivado/axu2cga_trd.runs/design_1_v_frmbuf_wr_0_0_synth_1/prj/sol/.autopilot/db/v_frmbuf_wr.cpp:1605]   --->   Operation 323 'writeresp' 'empty_197' <Predicate = true> <Delay = 3.65> <CoreInst = "m_axi">   --->   Core 119 'm_axi' <Latency = 3> <II = 1> <Delay = 1.00> <Adapter> <Opcode : 'readrequnaligned' 'writerequnaligned' 'read' 'write' 'readreq' 'writereq' 'writeresp'>

State 47 <SV = 46> <Delay = 0.00>
ST_47 : Operation 324 [63/104] (3.65ns)   --->   "%empty_197 = writeresp i1 @_ssdm_op_WriteResp.m_axi.p1i128, i128 %mm_video_addr" [C:/TFG_Vivado/vivado/axu2cga_trd.runs/design_1_v_frmbuf_wr_0_0_synth_1/prj/sol/.autopilot/db/v_frmbuf_wr.cpp:1605]   --->   Operation 324 'writeresp' 'empty_197' <Predicate = true> <Delay = 3.65> <CoreInst = "m_axi">   --->   Core 119 'm_axi' <Latency = 3> <II = 1> <Delay = 1.00> <Adapter> <Opcode : 'readrequnaligned' 'writerequnaligned' 'read' 'write' 'readreq' 'writereq' 'writeresp'>

State 48 <SV = 47> <Delay = 0.00>
ST_48 : Operation 325 [62/104] (3.65ns)   --->   "%empty_197 = writeresp i1 @_ssdm_op_WriteResp.m_axi.p1i128, i128 %mm_video_addr" [C:/TFG_Vivado/vivado/axu2cga_trd.runs/design_1_v_frmbuf_wr_0_0_synth_1/prj/sol/.autopilot/db/v_frmbuf_wr.cpp:1605]   --->   Operation 325 'writeresp' 'empty_197' <Predicate = true> <Delay = 3.65> <CoreInst = "m_axi">   --->   Core 119 'm_axi' <Latency = 3> <II = 1> <Delay = 1.00> <Adapter> <Opcode : 'readrequnaligned' 'writerequnaligned' 'read' 'write' 'readreq' 'writereq' 'writeresp'>

State 49 <SV = 48> <Delay = 0.00>
ST_49 : Operation 326 [61/104] (3.65ns)   --->   "%empty_197 = writeresp i1 @_ssdm_op_WriteResp.m_axi.p1i128, i128 %mm_video_addr" [C:/TFG_Vivado/vivado/axu2cga_trd.runs/design_1_v_frmbuf_wr_0_0_synth_1/prj/sol/.autopilot/db/v_frmbuf_wr.cpp:1605]   --->   Operation 326 'writeresp' 'empty_197' <Predicate = true> <Delay = 3.65> <CoreInst = "m_axi">   --->   Core 119 'm_axi' <Latency = 3> <II = 1> <Delay = 1.00> <Adapter> <Opcode : 'readrequnaligned' 'writerequnaligned' 'read' 'write' 'readreq' 'writereq' 'writeresp'>

State 50 <SV = 49> <Delay = 0.00>
ST_50 : Operation 327 [60/104] (3.65ns)   --->   "%empty_197 = writeresp i1 @_ssdm_op_WriteResp.m_axi.p1i128, i128 %mm_video_addr" [C:/TFG_Vivado/vivado/axu2cga_trd.runs/design_1_v_frmbuf_wr_0_0_synth_1/prj/sol/.autopilot/db/v_frmbuf_wr.cpp:1605]   --->   Operation 327 'writeresp' 'empty_197' <Predicate = true> <Delay = 3.65> <CoreInst = "m_axi">   --->   Core 119 'm_axi' <Latency = 3> <II = 1> <Delay = 1.00> <Adapter> <Opcode : 'readrequnaligned' 'writerequnaligned' 'read' 'write' 'readreq' 'writereq' 'writeresp'>

State 51 <SV = 50> <Delay = 0.00>
ST_51 : Operation 328 [59/104] (3.65ns)   --->   "%empty_197 = writeresp i1 @_ssdm_op_WriteResp.m_axi.p1i128, i128 %mm_video_addr" [C:/TFG_Vivado/vivado/axu2cga_trd.runs/design_1_v_frmbuf_wr_0_0_synth_1/prj/sol/.autopilot/db/v_frmbuf_wr.cpp:1605]   --->   Operation 328 'writeresp' 'empty_197' <Predicate = true> <Delay = 3.65> <CoreInst = "m_axi">   --->   Core 119 'm_axi' <Latency = 3> <II = 1> <Delay = 1.00> <Adapter> <Opcode : 'readrequnaligned' 'writerequnaligned' 'read' 'write' 'readreq' 'writereq' 'writeresp'>

State 52 <SV = 51> <Delay = 0.00>
ST_52 : Operation 329 [58/104] (3.65ns)   --->   "%empty_197 = writeresp i1 @_ssdm_op_WriteResp.m_axi.p1i128, i128 %mm_video_addr" [C:/TFG_Vivado/vivado/axu2cga_trd.runs/design_1_v_frmbuf_wr_0_0_synth_1/prj/sol/.autopilot/db/v_frmbuf_wr.cpp:1605]   --->   Operation 329 'writeresp' 'empty_197' <Predicate = true> <Delay = 3.65> <CoreInst = "m_axi">   --->   Core 119 'm_axi' <Latency = 3> <II = 1> <Delay = 1.00> <Adapter> <Opcode : 'readrequnaligned' 'writerequnaligned' 'read' 'write' 'readreq' 'writereq' 'writeresp'>

State 53 <SV = 52> <Delay = 0.00>
ST_53 : Operation 330 [57/104] (3.65ns)   --->   "%empty_197 = writeresp i1 @_ssdm_op_WriteResp.m_axi.p1i128, i128 %mm_video_addr" [C:/TFG_Vivado/vivado/axu2cga_trd.runs/design_1_v_frmbuf_wr_0_0_synth_1/prj/sol/.autopilot/db/v_frmbuf_wr.cpp:1605]   --->   Operation 330 'writeresp' 'empty_197' <Predicate = true> <Delay = 3.65> <CoreInst = "m_axi">   --->   Core 119 'm_axi' <Latency = 3> <II = 1> <Delay = 1.00> <Adapter> <Opcode : 'readrequnaligned' 'writerequnaligned' 'read' 'write' 'readreq' 'writereq' 'writeresp'>

State 54 <SV = 53> <Delay = 0.00>
ST_54 : Operation 331 [56/104] (3.65ns)   --->   "%empty_197 = writeresp i1 @_ssdm_op_WriteResp.m_axi.p1i128, i128 %mm_video_addr" [C:/TFG_Vivado/vivado/axu2cga_trd.runs/design_1_v_frmbuf_wr_0_0_synth_1/prj/sol/.autopilot/db/v_frmbuf_wr.cpp:1605]   --->   Operation 331 'writeresp' 'empty_197' <Predicate = true> <Delay = 3.65> <CoreInst = "m_axi">   --->   Core 119 'm_axi' <Latency = 3> <II = 1> <Delay = 1.00> <Adapter> <Opcode : 'readrequnaligned' 'writerequnaligned' 'read' 'write' 'readreq' 'writereq' 'writeresp'>

State 55 <SV = 54> <Delay = 0.00>
ST_55 : Operation 332 [55/104] (3.65ns)   --->   "%empty_197 = writeresp i1 @_ssdm_op_WriteResp.m_axi.p1i128, i128 %mm_video_addr" [C:/TFG_Vivado/vivado/axu2cga_trd.runs/design_1_v_frmbuf_wr_0_0_synth_1/prj/sol/.autopilot/db/v_frmbuf_wr.cpp:1605]   --->   Operation 332 'writeresp' 'empty_197' <Predicate = true> <Delay = 3.65> <CoreInst = "m_axi">   --->   Core 119 'm_axi' <Latency = 3> <II = 1> <Delay = 1.00> <Adapter> <Opcode : 'readrequnaligned' 'writerequnaligned' 'read' 'write' 'readreq' 'writereq' 'writeresp'>

State 56 <SV = 55> <Delay = 0.00>
ST_56 : Operation 333 [54/104] (3.65ns)   --->   "%empty_197 = writeresp i1 @_ssdm_op_WriteResp.m_axi.p1i128, i128 %mm_video_addr" [C:/TFG_Vivado/vivado/axu2cga_trd.runs/design_1_v_frmbuf_wr_0_0_synth_1/prj/sol/.autopilot/db/v_frmbuf_wr.cpp:1605]   --->   Operation 333 'writeresp' 'empty_197' <Predicate = true> <Delay = 3.65> <CoreInst = "m_axi">   --->   Core 119 'm_axi' <Latency = 3> <II = 1> <Delay = 1.00> <Adapter> <Opcode : 'readrequnaligned' 'writerequnaligned' 'read' 'write' 'readreq' 'writereq' 'writeresp'>

State 57 <SV = 56> <Delay = 0.00>
ST_57 : Operation 334 [53/104] (3.65ns)   --->   "%empty_197 = writeresp i1 @_ssdm_op_WriteResp.m_axi.p1i128, i128 %mm_video_addr" [C:/TFG_Vivado/vivado/axu2cga_trd.runs/design_1_v_frmbuf_wr_0_0_synth_1/prj/sol/.autopilot/db/v_frmbuf_wr.cpp:1605]   --->   Operation 334 'writeresp' 'empty_197' <Predicate = true> <Delay = 3.65> <CoreInst = "m_axi">   --->   Core 119 'm_axi' <Latency = 3> <II = 1> <Delay = 1.00> <Adapter> <Opcode : 'readrequnaligned' 'writerequnaligned' 'read' 'write' 'readreq' 'writereq' 'writeresp'>

State 58 <SV = 57> <Delay = 0.00>
ST_58 : Operation 335 [52/104] (3.65ns)   --->   "%empty_197 = writeresp i1 @_ssdm_op_WriteResp.m_axi.p1i128, i128 %mm_video_addr" [C:/TFG_Vivado/vivado/axu2cga_trd.runs/design_1_v_frmbuf_wr_0_0_synth_1/prj/sol/.autopilot/db/v_frmbuf_wr.cpp:1605]   --->   Operation 335 'writeresp' 'empty_197' <Predicate = true> <Delay = 3.65> <CoreInst = "m_axi">   --->   Core 119 'm_axi' <Latency = 3> <II = 1> <Delay = 1.00> <Adapter> <Opcode : 'readrequnaligned' 'writerequnaligned' 'read' 'write' 'readreq' 'writereq' 'writeresp'>

State 59 <SV = 58> <Delay = 0.00>
ST_59 : Operation 336 [51/104] (3.65ns)   --->   "%empty_197 = writeresp i1 @_ssdm_op_WriteResp.m_axi.p1i128, i128 %mm_video_addr" [C:/TFG_Vivado/vivado/axu2cga_trd.runs/design_1_v_frmbuf_wr_0_0_synth_1/prj/sol/.autopilot/db/v_frmbuf_wr.cpp:1605]   --->   Operation 336 'writeresp' 'empty_197' <Predicate = true> <Delay = 3.65> <CoreInst = "m_axi">   --->   Core 119 'm_axi' <Latency = 3> <II = 1> <Delay = 1.00> <Adapter> <Opcode : 'readrequnaligned' 'writerequnaligned' 'read' 'write' 'readreq' 'writereq' 'writeresp'>

State 60 <SV = 59> <Delay = 0.00>
ST_60 : Operation 337 [50/104] (3.65ns)   --->   "%empty_197 = writeresp i1 @_ssdm_op_WriteResp.m_axi.p1i128, i128 %mm_video_addr" [C:/TFG_Vivado/vivado/axu2cga_trd.runs/design_1_v_frmbuf_wr_0_0_synth_1/prj/sol/.autopilot/db/v_frmbuf_wr.cpp:1605]   --->   Operation 337 'writeresp' 'empty_197' <Predicate = true> <Delay = 3.65> <CoreInst = "m_axi">   --->   Core 119 'm_axi' <Latency = 3> <II = 1> <Delay = 1.00> <Adapter> <Opcode : 'readrequnaligned' 'writerequnaligned' 'read' 'write' 'readreq' 'writereq' 'writeresp'>

State 61 <SV = 60> <Delay = 0.00>
ST_61 : Operation 338 [49/104] (3.65ns)   --->   "%empty_197 = writeresp i1 @_ssdm_op_WriteResp.m_axi.p1i128, i128 %mm_video_addr" [C:/TFG_Vivado/vivado/axu2cga_trd.runs/design_1_v_frmbuf_wr_0_0_synth_1/prj/sol/.autopilot/db/v_frmbuf_wr.cpp:1605]   --->   Operation 338 'writeresp' 'empty_197' <Predicate = true> <Delay = 3.65> <CoreInst = "m_axi">   --->   Core 119 'm_axi' <Latency = 3> <II = 1> <Delay = 1.00> <Adapter> <Opcode : 'readrequnaligned' 'writerequnaligned' 'read' 'write' 'readreq' 'writereq' 'writeresp'>

State 62 <SV = 61> <Delay = 0.00>
ST_62 : Operation 339 [48/104] (3.65ns)   --->   "%empty_197 = writeresp i1 @_ssdm_op_WriteResp.m_axi.p1i128, i128 %mm_video_addr" [C:/TFG_Vivado/vivado/axu2cga_trd.runs/design_1_v_frmbuf_wr_0_0_synth_1/prj/sol/.autopilot/db/v_frmbuf_wr.cpp:1605]   --->   Operation 339 'writeresp' 'empty_197' <Predicate = true> <Delay = 3.65> <CoreInst = "m_axi">   --->   Core 119 'm_axi' <Latency = 3> <II = 1> <Delay = 1.00> <Adapter> <Opcode : 'readrequnaligned' 'writerequnaligned' 'read' 'write' 'readreq' 'writereq' 'writeresp'>

State 63 <SV = 62> <Delay = 0.00>
ST_63 : Operation 340 [47/104] (3.65ns)   --->   "%empty_197 = writeresp i1 @_ssdm_op_WriteResp.m_axi.p1i128, i128 %mm_video_addr" [C:/TFG_Vivado/vivado/axu2cga_trd.runs/design_1_v_frmbuf_wr_0_0_synth_1/prj/sol/.autopilot/db/v_frmbuf_wr.cpp:1605]   --->   Operation 340 'writeresp' 'empty_197' <Predicate = true> <Delay = 3.65> <CoreInst = "m_axi">   --->   Core 119 'm_axi' <Latency = 3> <II = 1> <Delay = 1.00> <Adapter> <Opcode : 'readrequnaligned' 'writerequnaligned' 'read' 'write' 'readreq' 'writereq' 'writeresp'>

State 64 <SV = 63> <Delay = 0.00>
ST_64 : Operation 341 [46/104] (3.65ns)   --->   "%empty_197 = writeresp i1 @_ssdm_op_WriteResp.m_axi.p1i128, i128 %mm_video_addr" [C:/TFG_Vivado/vivado/axu2cga_trd.runs/design_1_v_frmbuf_wr_0_0_synth_1/prj/sol/.autopilot/db/v_frmbuf_wr.cpp:1605]   --->   Operation 341 'writeresp' 'empty_197' <Predicate = true> <Delay = 3.65> <CoreInst = "m_axi">   --->   Core 119 'm_axi' <Latency = 3> <II = 1> <Delay = 1.00> <Adapter> <Opcode : 'readrequnaligned' 'writerequnaligned' 'read' 'write' 'readreq' 'writereq' 'writeresp'>

State 65 <SV = 64> <Delay = 0.00>
ST_65 : Operation 342 [45/104] (3.65ns)   --->   "%empty_197 = writeresp i1 @_ssdm_op_WriteResp.m_axi.p1i128, i128 %mm_video_addr" [C:/TFG_Vivado/vivado/axu2cga_trd.runs/design_1_v_frmbuf_wr_0_0_synth_1/prj/sol/.autopilot/db/v_frmbuf_wr.cpp:1605]   --->   Operation 342 'writeresp' 'empty_197' <Predicate = true> <Delay = 3.65> <CoreInst = "m_axi">   --->   Core 119 'm_axi' <Latency = 3> <II = 1> <Delay = 1.00> <Adapter> <Opcode : 'readrequnaligned' 'writerequnaligned' 'read' 'write' 'readreq' 'writereq' 'writeresp'>

State 66 <SV = 65> <Delay = 0.00>
ST_66 : Operation 343 [44/104] (3.65ns)   --->   "%empty_197 = writeresp i1 @_ssdm_op_WriteResp.m_axi.p1i128, i128 %mm_video_addr" [C:/TFG_Vivado/vivado/axu2cga_trd.runs/design_1_v_frmbuf_wr_0_0_synth_1/prj/sol/.autopilot/db/v_frmbuf_wr.cpp:1605]   --->   Operation 343 'writeresp' 'empty_197' <Predicate = true> <Delay = 3.65> <CoreInst = "m_axi">   --->   Core 119 'm_axi' <Latency = 3> <II = 1> <Delay = 1.00> <Adapter> <Opcode : 'readrequnaligned' 'writerequnaligned' 'read' 'write' 'readreq' 'writereq' 'writeresp'>

State 67 <SV = 66> <Delay = 0.00>
ST_67 : Operation 344 [43/104] (3.65ns)   --->   "%empty_197 = writeresp i1 @_ssdm_op_WriteResp.m_axi.p1i128, i128 %mm_video_addr" [C:/TFG_Vivado/vivado/axu2cga_trd.runs/design_1_v_frmbuf_wr_0_0_synth_1/prj/sol/.autopilot/db/v_frmbuf_wr.cpp:1605]   --->   Operation 344 'writeresp' 'empty_197' <Predicate = true> <Delay = 3.65> <CoreInst = "m_axi">   --->   Core 119 'm_axi' <Latency = 3> <II = 1> <Delay = 1.00> <Adapter> <Opcode : 'readrequnaligned' 'writerequnaligned' 'read' 'write' 'readreq' 'writereq' 'writeresp'>

State 68 <SV = 67> <Delay = 0.00>
ST_68 : Operation 345 [42/104] (3.65ns)   --->   "%empty_197 = writeresp i1 @_ssdm_op_WriteResp.m_axi.p1i128, i128 %mm_video_addr" [C:/TFG_Vivado/vivado/axu2cga_trd.runs/design_1_v_frmbuf_wr_0_0_synth_1/prj/sol/.autopilot/db/v_frmbuf_wr.cpp:1605]   --->   Operation 345 'writeresp' 'empty_197' <Predicate = true> <Delay = 3.65> <CoreInst = "m_axi">   --->   Core 119 'm_axi' <Latency = 3> <II = 1> <Delay = 1.00> <Adapter> <Opcode : 'readrequnaligned' 'writerequnaligned' 'read' 'write' 'readreq' 'writereq' 'writeresp'>

State 69 <SV = 68> <Delay = 0.00>
ST_69 : Operation 346 [41/104] (3.65ns)   --->   "%empty_197 = writeresp i1 @_ssdm_op_WriteResp.m_axi.p1i128, i128 %mm_video_addr" [C:/TFG_Vivado/vivado/axu2cga_trd.runs/design_1_v_frmbuf_wr_0_0_synth_1/prj/sol/.autopilot/db/v_frmbuf_wr.cpp:1605]   --->   Operation 346 'writeresp' 'empty_197' <Predicate = true> <Delay = 3.65> <CoreInst = "m_axi">   --->   Core 119 'm_axi' <Latency = 3> <II = 1> <Delay = 1.00> <Adapter> <Opcode : 'readrequnaligned' 'writerequnaligned' 'read' 'write' 'readreq' 'writereq' 'writeresp'>

State 70 <SV = 69> <Delay = 0.00>
ST_70 : Operation 347 [40/104] (3.65ns)   --->   "%empty_197 = writeresp i1 @_ssdm_op_WriteResp.m_axi.p1i128, i128 %mm_video_addr" [C:/TFG_Vivado/vivado/axu2cga_trd.runs/design_1_v_frmbuf_wr_0_0_synth_1/prj/sol/.autopilot/db/v_frmbuf_wr.cpp:1605]   --->   Operation 347 'writeresp' 'empty_197' <Predicate = true> <Delay = 3.65> <CoreInst = "m_axi">   --->   Core 119 'm_axi' <Latency = 3> <II = 1> <Delay = 1.00> <Adapter> <Opcode : 'readrequnaligned' 'writerequnaligned' 'read' 'write' 'readreq' 'writereq' 'writeresp'>

State 71 <SV = 70> <Delay = 0.00>
ST_71 : Operation 348 [39/104] (3.65ns)   --->   "%empty_197 = writeresp i1 @_ssdm_op_WriteResp.m_axi.p1i128, i128 %mm_video_addr" [C:/TFG_Vivado/vivado/axu2cga_trd.runs/design_1_v_frmbuf_wr_0_0_synth_1/prj/sol/.autopilot/db/v_frmbuf_wr.cpp:1605]   --->   Operation 348 'writeresp' 'empty_197' <Predicate = true> <Delay = 3.65> <CoreInst = "m_axi">   --->   Core 119 'm_axi' <Latency = 3> <II = 1> <Delay = 1.00> <Adapter> <Opcode : 'readrequnaligned' 'writerequnaligned' 'read' 'write' 'readreq' 'writereq' 'writeresp'>

State 72 <SV = 71> <Delay = 0.00>
ST_72 : Operation 349 [38/104] (3.65ns)   --->   "%empty_197 = writeresp i1 @_ssdm_op_WriteResp.m_axi.p1i128, i128 %mm_video_addr" [C:/TFG_Vivado/vivado/axu2cga_trd.runs/design_1_v_frmbuf_wr_0_0_synth_1/prj/sol/.autopilot/db/v_frmbuf_wr.cpp:1605]   --->   Operation 349 'writeresp' 'empty_197' <Predicate = true> <Delay = 3.65> <CoreInst = "m_axi">   --->   Core 119 'm_axi' <Latency = 3> <II = 1> <Delay = 1.00> <Adapter> <Opcode : 'readrequnaligned' 'writerequnaligned' 'read' 'write' 'readreq' 'writereq' 'writeresp'>

State 73 <SV = 72> <Delay = 0.00>
ST_73 : Operation 350 [37/104] (3.65ns)   --->   "%empty_197 = writeresp i1 @_ssdm_op_WriteResp.m_axi.p1i128, i128 %mm_video_addr" [C:/TFG_Vivado/vivado/axu2cga_trd.runs/design_1_v_frmbuf_wr_0_0_synth_1/prj/sol/.autopilot/db/v_frmbuf_wr.cpp:1605]   --->   Operation 350 'writeresp' 'empty_197' <Predicate = true> <Delay = 3.65> <CoreInst = "m_axi">   --->   Core 119 'm_axi' <Latency = 3> <II = 1> <Delay = 1.00> <Adapter> <Opcode : 'readrequnaligned' 'writerequnaligned' 'read' 'write' 'readreq' 'writereq' 'writeresp'>

State 74 <SV = 73> <Delay = 0.00>
ST_74 : Operation 351 [36/104] (3.65ns)   --->   "%empty_197 = writeresp i1 @_ssdm_op_WriteResp.m_axi.p1i128, i128 %mm_video_addr" [C:/TFG_Vivado/vivado/axu2cga_trd.runs/design_1_v_frmbuf_wr_0_0_synth_1/prj/sol/.autopilot/db/v_frmbuf_wr.cpp:1605]   --->   Operation 351 'writeresp' 'empty_197' <Predicate = true> <Delay = 3.65> <CoreInst = "m_axi">   --->   Core 119 'm_axi' <Latency = 3> <II = 1> <Delay = 1.00> <Adapter> <Opcode : 'readrequnaligned' 'writerequnaligned' 'read' 'write' 'readreq' 'writereq' 'writeresp'>

State 75 <SV = 74> <Delay = 0.00>
ST_75 : Operation 352 [35/104] (3.65ns)   --->   "%empty_197 = writeresp i1 @_ssdm_op_WriteResp.m_axi.p1i128, i128 %mm_video_addr" [C:/TFG_Vivado/vivado/axu2cga_trd.runs/design_1_v_frmbuf_wr_0_0_synth_1/prj/sol/.autopilot/db/v_frmbuf_wr.cpp:1605]   --->   Operation 352 'writeresp' 'empty_197' <Predicate = true> <Delay = 3.65> <CoreInst = "m_axi">   --->   Core 119 'm_axi' <Latency = 3> <II = 1> <Delay = 1.00> <Adapter> <Opcode : 'readrequnaligned' 'writerequnaligned' 'read' 'write' 'readreq' 'writereq' 'writeresp'>

State 76 <SV = 75> <Delay = 0.00>
ST_76 : Operation 353 [34/104] (3.65ns)   --->   "%empty_197 = writeresp i1 @_ssdm_op_WriteResp.m_axi.p1i128, i128 %mm_video_addr" [C:/TFG_Vivado/vivado/axu2cga_trd.runs/design_1_v_frmbuf_wr_0_0_synth_1/prj/sol/.autopilot/db/v_frmbuf_wr.cpp:1605]   --->   Operation 353 'writeresp' 'empty_197' <Predicate = true> <Delay = 3.65> <CoreInst = "m_axi">   --->   Core 119 'm_axi' <Latency = 3> <II = 1> <Delay = 1.00> <Adapter> <Opcode : 'readrequnaligned' 'writerequnaligned' 'read' 'write' 'readreq' 'writereq' 'writeresp'>

State 77 <SV = 76> <Delay = 0.00>
ST_77 : Operation 354 [33/104] (3.65ns)   --->   "%empty_197 = writeresp i1 @_ssdm_op_WriteResp.m_axi.p1i128, i128 %mm_video_addr" [C:/TFG_Vivado/vivado/axu2cga_trd.runs/design_1_v_frmbuf_wr_0_0_synth_1/prj/sol/.autopilot/db/v_frmbuf_wr.cpp:1605]   --->   Operation 354 'writeresp' 'empty_197' <Predicate = true> <Delay = 3.65> <CoreInst = "m_axi">   --->   Core 119 'm_axi' <Latency = 3> <II = 1> <Delay = 1.00> <Adapter> <Opcode : 'readrequnaligned' 'writerequnaligned' 'read' 'write' 'readreq' 'writereq' 'writeresp'>

State 78 <SV = 77> <Delay = 0.00>
ST_78 : Operation 355 [32/104] (3.65ns)   --->   "%empty_197 = writeresp i1 @_ssdm_op_WriteResp.m_axi.p1i128, i128 %mm_video_addr" [C:/TFG_Vivado/vivado/axu2cga_trd.runs/design_1_v_frmbuf_wr_0_0_synth_1/prj/sol/.autopilot/db/v_frmbuf_wr.cpp:1605]   --->   Operation 355 'writeresp' 'empty_197' <Predicate = true> <Delay = 3.65> <CoreInst = "m_axi">   --->   Core 119 'm_axi' <Latency = 3> <II = 1> <Delay = 1.00> <Adapter> <Opcode : 'readrequnaligned' 'writerequnaligned' 'read' 'write' 'readreq' 'writereq' 'writeresp'>

State 79 <SV = 78> <Delay = 0.00>
ST_79 : Operation 356 [31/104] (3.65ns)   --->   "%empty_197 = writeresp i1 @_ssdm_op_WriteResp.m_axi.p1i128, i128 %mm_video_addr" [C:/TFG_Vivado/vivado/axu2cga_trd.runs/design_1_v_frmbuf_wr_0_0_synth_1/prj/sol/.autopilot/db/v_frmbuf_wr.cpp:1605]   --->   Operation 356 'writeresp' 'empty_197' <Predicate = true> <Delay = 3.65> <CoreInst = "m_axi">   --->   Core 119 'm_axi' <Latency = 3> <II = 1> <Delay = 1.00> <Adapter> <Opcode : 'readrequnaligned' 'writerequnaligned' 'read' 'write' 'readreq' 'writereq' 'writeresp'>

State 80 <SV = 79> <Delay = 0.00>
ST_80 : Operation 357 [30/104] (3.65ns)   --->   "%empty_197 = writeresp i1 @_ssdm_op_WriteResp.m_axi.p1i128, i128 %mm_video_addr" [C:/TFG_Vivado/vivado/axu2cga_trd.runs/design_1_v_frmbuf_wr_0_0_synth_1/prj/sol/.autopilot/db/v_frmbuf_wr.cpp:1605]   --->   Operation 357 'writeresp' 'empty_197' <Predicate = true> <Delay = 3.65> <CoreInst = "m_axi">   --->   Core 119 'm_axi' <Latency = 3> <II = 1> <Delay = 1.00> <Adapter> <Opcode : 'readrequnaligned' 'writerequnaligned' 'read' 'write' 'readreq' 'writereq' 'writeresp'>

State 81 <SV = 80> <Delay = 0.00>
ST_81 : Operation 358 [29/104] (3.65ns)   --->   "%empty_197 = writeresp i1 @_ssdm_op_WriteResp.m_axi.p1i128, i128 %mm_video_addr" [C:/TFG_Vivado/vivado/axu2cga_trd.runs/design_1_v_frmbuf_wr_0_0_synth_1/prj/sol/.autopilot/db/v_frmbuf_wr.cpp:1605]   --->   Operation 358 'writeresp' 'empty_197' <Predicate = true> <Delay = 3.65> <CoreInst = "m_axi">   --->   Core 119 'm_axi' <Latency = 3> <II = 1> <Delay = 1.00> <Adapter> <Opcode : 'readrequnaligned' 'writerequnaligned' 'read' 'write' 'readreq' 'writereq' 'writeresp'>

State 82 <SV = 81> <Delay = 0.00>
ST_82 : Operation 359 [28/104] (3.65ns)   --->   "%empty_197 = writeresp i1 @_ssdm_op_WriteResp.m_axi.p1i128, i128 %mm_video_addr" [C:/TFG_Vivado/vivado/axu2cga_trd.runs/design_1_v_frmbuf_wr_0_0_synth_1/prj/sol/.autopilot/db/v_frmbuf_wr.cpp:1605]   --->   Operation 359 'writeresp' 'empty_197' <Predicate = true> <Delay = 3.65> <CoreInst = "m_axi">   --->   Core 119 'm_axi' <Latency = 3> <II = 1> <Delay = 1.00> <Adapter> <Opcode : 'readrequnaligned' 'writerequnaligned' 'read' 'write' 'readreq' 'writereq' 'writeresp'>

State 83 <SV = 82> <Delay = 0.00>
ST_83 : Operation 360 [27/104] (3.65ns)   --->   "%empty_197 = writeresp i1 @_ssdm_op_WriteResp.m_axi.p1i128, i128 %mm_video_addr" [C:/TFG_Vivado/vivado/axu2cga_trd.runs/design_1_v_frmbuf_wr_0_0_synth_1/prj/sol/.autopilot/db/v_frmbuf_wr.cpp:1605]   --->   Operation 360 'writeresp' 'empty_197' <Predicate = true> <Delay = 3.65> <CoreInst = "m_axi">   --->   Core 119 'm_axi' <Latency = 3> <II = 1> <Delay = 1.00> <Adapter> <Opcode : 'readrequnaligned' 'writerequnaligned' 'read' 'write' 'readreq' 'writereq' 'writeresp'>

State 84 <SV = 83> <Delay = 0.00>
ST_84 : Operation 361 [26/104] (3.65ns)   --->   "%empty_197 = writeresp i1 @_ssdm_op_WriteResp.m_axi.p1i128, i128 %mm_video_addr" [C:/TFG_Vivado/vivado/axu2cga_trd.runs/design_1_v_frmbuf_wr_0_0_synth_1/prj/sol/.autopilot/db/v_frmbuf_wr.cpp:1605]   --->   Operation 361 'writeresp' 'empty_197' <Predicate = true> <Delay = 3.65> <CoreInst = "m_axi">   --->   Core 119 'm_axi' <Latency = 3> <II = 1> <Delay = 1.00> <Adapter> <Opcode : 'readrequnaligned' 'writerequnaligned' 'read' 'write' 'readreq' 'writereq' 'writeresp'>

State 85 <SV = 84> <Delay = 0.00>
ST_85 : Operation 362 [25/104] (3.65ns)   --->   "%empty_197 = writeresp i1 @_ssdm_op_WriteResp.m_axi.p1i128, i128 %mm_video_addr" [C:/TFG_Vivado/vivado/axu2cga_trd.runs/design_1_v_frmbuf_wr_0_0_synth_1/prj/sol/.autopilot/db/v_frmbuf_wr.cpp:1605]   --->   Operation 362 'writeresp' 'empty_197' <Predicate = true> <Delay = 3.65> <CoreInst = "m_axi">   --->   Core 119 'm_axi' <Latency = 3> <II = 1> <Delay = 1.00> <Adapter> <Opcode : 'readrequnaligned' 'writerequnaligned' 'read' 'write' 'readreq' 'writereq' 'writeresp'>

State 86 <SV = 85> <Delay = 0.00>
ST_86 : Operation 363 [24/104] (3.65ns)   --->   "%empty_197 = writeresp i1 @_ssdm_op_WriteResp.m_axi.p1i128, i128 %mm_video_addr" [C:/TFG_Vivado/vivado/axu2cga_trd.runs/design_1_v_frmbuf_wr_0_0_synth_1/prj/sol/.autopilot/db/v_frmbuf_wr.cpp:1605]   --->   Operation 363 'writeresp' 'empty_197' <Predicate = true> <Delay = 3.65> <CoreInst = "m_axi">   --->   Core 119 'm_axi' <Latency = 3> <II = 1> <Delay = 1.00> <Adapter> <Opcode : 'readrequnaligned' 'writerequnaligned' 'read' 'write' 'readreq' 'writereq' 'writeresp'>

State 87 <SV = 86> <Delay = 0.00>
ST_87 : Operation 364 [23/104] (3.65ns)   --->   "%empty_197 = writeresp i1 @_ssdm_op_WriteResp.m_axi.p1i128, i128 %mm_video_addr" [C:/TFG_Vivado/vivado/axu2cga_trd.runs/design_1_v_frmbuf_wr_0_0_synth_1/prj/sol/.autopilot/db/v_frmbuf_wr.cpp:1605]   --->   Operation 364 'writeresp' 'empty_197' <Predicate = true> <Delay = 3.65> <CoreInst = "m_axi">   --->   Core 119 'm_axi' <Latency = 3> <II = 1> <Delay = 1.00> <Adapter> <Opcode : 'readrequnaligned' 'writerequnaligned' 'read' 'write' 'readreq' 'writereq' 'writeresp'>

State 88 <SV = 87> <Delay = 0.00>
ST_88 : Operation 365 [22/104] (3.65ns)   --->   "%empty_197 = writeresp i1 @_ssdm_op_WriteResp.m_axi.p1i128, i128 %mm_video_addr" [C:/TFG_Vivado/vivado/axu2cga_trd.runs/design_1_v_frmbuf_wr_0_0_synth_1/prj/sol/.autopilot/db/v_frmbuf_wr.cpp:1605]   --->   Operation 365 'writeresp' 'empty_197' <Predicate = true> <Delay = 3.65> <CoreInst = "m_axi">   --->   Core 119 'm_axi' <Latency = 3> <II = 1> <Delay = 1.00> <Adapter> <Opcode : 'readrequnaligned' 'writerequnaligned' 'read' 'write' 'readreq' 'writereq' 'writeresp'>

State 89 <SV = 88> <Delay = 0.00>
ST_89 : Operation 366 [21/104] (3.65ns)   --->   "%empty_197 = writeresp i1 @_ssdm_op_WriteResp.m_axi.p1i128, i128 %mm_video_addr" [C:/TFG_Vivado/vivado/axu2cga_trd.runs/design_1_v_frmbuf_wr_0_0_synth_1/prj/sol/.autopilot/db/v_frmbuf_wr.cpp:1605]   --->   Operation 366 'writeresp' 'empty_197' <Predicate = true> <Delay = 3.65> <CoreInst = "m_axi">   --->   Core 119 'm_axi' <Latency = 3> <II = 1> <Delay = 1.00> <Adapter> <Opcode : 'readrequnaligned' 'writerequnaligned' 'read' 'write' 'readreq' 'writereq' 'writeresp'>

State 90 <SV = 89> <Delay = 0.00>
ST_90 : Operation 367 [20/104] (3.65ns)   --->   "%empty_197 = writeresp i1 @_ssdm_op_WriteResp.m_axi.p1i128, i128 %mm_video_addr" [C:/TFG_Vivado/vivado/axu2cga_trd.runs/design_1_v_frmbuf_wr_0_0_synth_1/prj/sol/.autopilot/db/v_frmbuf_wr.cpp:1605]   --->   Operation 367 'writeresp' 'empty_197' <Predicate = true> <Delay = 3.65> <CoreInst = "m_axi">   --->   Core 119 'm_axi' <Latency = 3> <II = 1> <Delay = 1.00> <Adapter> <Opcode : 'readrequnaligned' 'writerequnaligned' 'read' 'write' 'readreq' 'writereq' 'writeresp'>

State 91 <SV = 90> <Delay = 0.00>
ST_91 : Operation 368 [19/104] (3.65ns)   --->   "%empty_197 = writeresp i1 @_ssdm_op_WriteResp.m_axi.p1i128, i128 %mm_video_addr" [C:/TFG_Vivado/vivado/axu2cga_trd.runs/design_1_v_frmbuf_wr_0_0_synth_1/prj/sol/.autopilot/db/v_frmbuf_wr.cpp:1605]   --->   Operation 368 'writeresp' 'empty_197' <Predicate = true> <Delay = 3.65> <CoreInst = "m_axi">   --->   Core 119 'm_axi' <Latency = 3> <II = 1> <Delay = 1.00> <Adapter> <Opcode : 'readrequnaligned' 'writerequnaligned' 'read' 'write' 'readreq' 'writereq' 'writeresp'>

State 92 <SV = 91> <Delay = 0.00>
ST_92 : Operation 369 [18/104] (3.65ns)   --->   "%empty_197 = writeresp i1 @_ssdm_op_WriteResp.m_axi.p1i128, i128 %mm_video_addr" [C:/TFG_Vivado/vivado/axu2cga_trd.runs/design_1_v_frmbuf_wr_0_0_synth_1/prj/sol/.autopilot/db/v_frmbuf_wr.cpp:1605]   --->   Operation 369 'writeresp' 'empty_197' <Predicate = true> <Delay = 3.65> <CoreInst = "m_axi">   --->   Core 119 'm_axi' <Latency = 3> <II = 1> <Delay = 1.00> <Adapter> <Opcode : 'readrequnaligned' 'writerequnaligned' 'read' 'write' 'readreq' 'writereq' 'writeresp'>

State 93 <SV = 92> <Delay = 0.00>
ST_93 : Operation 370 [17/104] (3.65ns)   --->   "%empty_197 = writeresp i1 @_ssdm_op_WriteResp.m_axi.p1i128, i128 %mm_video_addr" [C:/TFG_Vivado/vivado/axu2cga_trd.runs/design_1_v_frmbuf_wr_0_0_synth_1/prj/sol/.autopilot/db/v_frmbuf_wr.cpp:1605]   --->   Operation 370 'writeresp' 'empty_197' <Predicate = true> <Delay = 3.65> <CoreInst = "m_axi">   --->   Core 119 'm_axi' <Latency = 3> <II = 1> <Delay = 1.00> <Adapter> <Opcode : 'readrequnaligned' 'writerequnaligned' 'read' 'write' 'readreq' 'writereq' 'writeresp'>

State 94 <SV = 93> <Delay = 0.00>
ST_94 : Operation 371 [16/104] (3.65ns)   --->   "%empty_197 = writeresp i1 @_ssdm_op_WriteResp.m_axi.p1i128, i128 %mm_video_addr" [C:/TFG_Vivado/vivado/axu2cga_trd.runs/design_1_v_frmbuf_wr_0_0_synth_1/prj/sol/.autopilot/db/v_frmbuf_wr.cpp:1605]   --->   Operation 371 'writeresp' 'empty_197' <Predicate = true> <Delay = 3.65> <CoreInst = "m_axi">   --->   Core 119 'm_axi' <Latency = 3> <II = 1> <Delay = 1.00> <Adapter> <Opcode : 'readrequnaligned' 'writerequnaligned' 'read' 'write' 'readreq' 'writereq' 'writeresp'>

State 95 <SV = 94> <Delay = 0.00>
ST_95 : Operation 372 [15/104] (3.65ns)   --->   "%empty_197 = writeresp i1 @_ssdm_op_WriteResp.m_axi.p1i128, i128 %mm_video_addr" [C:/TFG_Vivado/vivado/axu2cga_trd.runs/design_1_v_frmbuf_wr_0_0_synth_1/prj/sol/.autopilot/db/v_frmbuf_wr.cpp:1605]   --->   Operation 372 'writeresp' 'empty_197' <Predicate = true> <Delay = 3.65> <CoreInst = "m_axi">   --->   Core 119 'm_axi' <Latency = 3> <II = 1> <Delay = 1.00> <Adapter> <Opcode : 'readrequnaligned' 'writerequnaligned' 'read' 'write' 'readreq' 'writereq' 'writeresp'>

State 96 <SV = 95> <Delay = 0.00>
ST_96 : Operation 373 [14/104] (3.65ns)   --->   "%empty_197 = writeresp i1 @_ssdm_op_WriteResp.m_axi.p1i128, i128 %mm_video_addr" [C:/TFG_Vivado/vivado/axu2cga_trd.runs/design_1_v_frmbuf_wr_0_0_synth_1/prj/sol/.autopilot/db/v_frmbuf_wr.cpp:1605]   --->   Operation 373 'writeresp' 'empty_197' <Predicate = true> <Delay = 3.65> <CoreInst = "m_axi">   --->   Core 119 'm_axi' <Latency = 3> <II = 1> <Delay = 1.00> <Adapter> <Opcode : 'readrequnaligned' 'writerequnaligned' 'read' 'write' 'readreq' 'writereq' 'writeresp'>

State 97 <SV = 96> <Delay = 0.00>
ST_97 : Operation 374 [13/104] (3.65ns)   --->   "%empty_197 = writeresp i1 @_ssdm_op_WriteResp.m_axi.p1i128, i128 %mm_video_addr" [C:/TFG_Vivado/vivado/axu2cga_trd.runs/design_1_v_frmbuf_wr_0_0_synth_1/prj/sol/.autopilot/db/v_frmbuf_wr.cpp:1605]   --->   Operation 374 'writeresp' 'empty_197' <Predicate = true> <Delay = 3.65> <CoreInst = "m_axi">   --->   Core 119 'm_axi' <Latency = 3> <II = 1> <Delay = 1.00> <Adapter> <Opcode : 'readrequnaligned' 'writerequnaligned' 'read' 'write' 'readreq' 'writereq' 'writeresp'>

State 98 <SV = 97> <Delay = 0.00>
ST_98 : Operation 375 [12/104] (3.65ns)   --->   "%empty_197 = writeresp i1 @_ssdm_op_WriteResp.m_axi.p1i128, i128 %mm_video_addr" [C:/TFG_Vivado/vivado/axu2cga_trd.runs/design_1_v_frmbuf_wr_0_0_synth_1/prj/sol/.autopilot/db/v_frmbuf_wr.cpp:1605]   --->   Operation 375 'writeresp' 'empty_197' <Predicate = true> <Delay = 3.65> <CoreInst = "m_axi">   --->   Core 119 'm_axi' <Latency = 3> <II = 1> <Delay = 1.00> <Adapter> <Opcode : 'readrequnaligned' 'writerequnaligned' 'read' 'write' 'readreq' 'writereq' 'writeresp'>

State 99 <SV = 98> <Delay = 0.00>
ST_99 : Operation 376 [11/104] (3.65ns)   --->   "%empty_197 = writeresp i1 @_ssdm_op_WriteResp.m_axi.p1i128, i128 %mm_video_addr" [C:/TFG_Vivado/vivado/axu2cga_trd.runs/design_1_v_frmbuf_wr_0_0_synth_1/prj/sol/.autopilot/db/v_frmbuf_wr.cpp:1605]   --->   Operation 376 'writeresp' 'empty_197' <Predicate = true> <Delay = 3.65> <CoreInst = "m_axi">   --->   Core 119 'm_axi' <Latency = 3> <II = 1> <Delay = 1.00> <Adapter> <Opcode : 'readrequnaligned' 'writerequnaligned' 'read' 'write' 'readreq' 'writereq' 'writeresp'>

State 100 <SV = 99> <Delay = 0.00>
ST_100 : Operation 377 [10/104] (3.65ns)   --->   "%empty_197 = writeresp i1 @_ssdm_op_WriteResp.m_axi.p1i128, i128 %mm_video_addr" [C:/TFG_Vivado/vivado/axu2cga_trd.runs/design_1_v_frmbuf_wr_0_0_synth_1/prj/sol/.autopilot/db/v_frmbuf_wr.cpp:1605]   --->   Operation 377 'writeresp' 'empty_197' <Predicate = true> <Delay = 3.65> <CoreInst = "m_axi">   --->   Core 119 'm_axi' <Latency = 3> <II = 1> <Delay = 1.00> <Adapter> <Opcode : 'readrequnaligned' 'writerequnaligned' 'read' 'write' 'readreq' 'writereq' 'writeresp'>

State 101 <SV = 100> <Delay = 0.00>
ST_101 : Operation 378 [9/104] (3.65ns)   --->   "%empty_197 = writeresp i1 @_ssdm_op_WriteResp.m_axi.p1i128, i128 %mm_video_addr" [C:/TFG_Vivado/vivado/axu2cga_trd.runs/design_1_v_frmbuf_wr_0_0_synth_1/prj/sol/.autopilot/db/v_frmbuf_wr.cpp:1605]   --->   Operation 378 'writeresp' 'empty_197' <Predicate = true> <Delay = 3.65> <CoreInst = "m_axi">   --->   Core 119 'm_axi' <Latency = 3> <II = 1> <Delay = 1.00> <Adapter> <Opcode : 'readrequnaligned' 'writerequnaligned' 'read' 'write' 'readreq' 'writereq' 'writeresp'>

State 102 <SV = 101> <Delay = 0.00>
ST_102 : Operation 379 [8/104] (3.65ns)   --->   "%empty_197 = writeresp i1 @_ssdm_op_WriteResp.m_axi.p1i128, i128 %mm_video_addr" [C:/TFG_Vivado/vivado/axu2cga_trd.runs/design_1_v_frmbuf_wr_0_0_synth_1/prj/sol/.autopilot/db/v_frmbuf_wr.cpp:1605]   --->   Operation 379 'writeresp' 'empty_197' <Predicate = true> <Delay = 3.65> <CoreInst = "m_axi">   --->   Core 119 'm_axi' <Latency = 3> <II = 1> <Delay = 1.00> <Adapter> <Opcode : 'readrequnaligned' 'writerequnaligned' 'read' 'write' 'readreq' 'writereq' 'writeresp'>

State 103 <SV = 102> <Delay = 0.00>
ST_103 : Operation 380 [7/104] (3.65ns)   --->   "%empty_197 = writeresp i1 @_ssdm_op_WriteResp.m_axi.p1i128, i128 %mm_video_addr" [C:/TFG_Vivado/vivado/axu2cga_trd.runs/design_1_v_frmbuf_wr_0_0_synth_1/prj/sol/.autopilot/db/v_frmbuf_wr.cpp:1605]   --->   Operation 380 'writeresp' 'empty_197' <Predicate = true> <Delay = 3.65> <CoreInst = "m_axi">   --->   Core 119 'm_axi' <Latency = 3> <II = 1> <Delay = 1.00> <Adapter> <Opcode : 'readrequnaligned' 'writerequnaligned' 'read' 'write' 'readreq' 'writereq' 'writeresp'>

State 104 <SV = 103> <Delay = 0.00>
ST_104 : Operation 381 [6/104] (3.65ns)   --->   "%empty_197 = writeresp i1 @_ssdm_op_WriteResp.m_axi.p1i128, i128 %mm_video_addr" [C:/TFG_Vivado/vivado/axu2cga_trd.runs/design_1_v_frmbuf_wr_0_0_synth_1/prj/sol/.autopilot/db/v_frmbuf_wr.cpp:1605]   --->   Operation 381 'writeresp' 'empty_197' <Predicate = true> <Delay = 3.65> <CoreInst = "m_axi">   --->   Core 119 'm_axi' <Latency = 3> <II = 1> <Delay = 1.00> <Adapter> <Opcode : 'readrequnaligned' 'writerequnaligned' 'read' 'write' 'readreq' 'writereq' 'writeresp'>

State 105 <SV = 104> <Delay = 0.00>
ST_105 : Operation 382 [5/104] (3.65ns)   --->   "%empty_197 = writeresp i1 @_ssdm_op_WriteResp.m_axi.p1i128, i128 %mm_video_addr" [C:/TFG_Vivado/vivado/axu2cga_trd.runs/design_1_v_frmbuf_wr_0_0_synth_1/prj/sol/.autopilot/db/v_frmbuf_wr.cpp:1605]   --->   Operation 382 'writeresp' 'empty_197' <Predicate = true> <Delay = 3.65> <CoreInst = "m_axi">   --->   Core 119 'm_axi' <Latency = 3> <II = 1> <Delay = 1.00> <Adapter> <Opcode : 'readrequnaligned' 'writerequnaligned' 'read' 'write' 'readreq' 'writereq' 'writeresp'>

State 106 <SV = 105> <Delay = 0.00>
ST_106 : Operation 383 [4/104] (3.65ns)   --->   "%empty_197 = writeresp i1 @_ssdm_op_WriteResp.m_axi.p1i128, i128 %mm_video_addr" [C:/TFG_Vivado/vivado/axu2cga_trd.runs/design_1_v_frmbuf_wr_0_0_synth_1/prj/sol/.autopilot/db/v_frmbuf_wr.cpp:1605]   --->   Operation 383 'writeresp' 'empty_197' <Predicate = true> <Delay = 3.65> <CoreInst = "m_axi">   --->   Core 119 'm_axi' <Latency = 3> <II = 1> <Delay = 1.00> <Adapter> <Opcode : 'readrequnaligned' 'writerequnaligned' 'read' 'write' 'readreq' 'writereq' 'writeresp'>

State 107 <SV = 106> <Delay = 0.00>
ST_107 : Operation 384 [3/104] (3.65ns)   --->   "%empty_197 = writeresp i1 @_ssdm_op_WriteResp.m_axi.p1i128, i128 %mm_video_addr" [C:/TFG_Vivado/vivado/axu2cga_trd.runs/design_1_v_frmbuf_wr_0_0_synth_1/prj/sol/.autopilot/db/v_frmbuf_wr.cpp:1605]   --->   Operation 384 'writeresp' 'empty_197' <Predicate = true> <Delay = 3.65> <CoreInst = "m_axi">   --->   Core 119 'm_axi' <Latency = 3> <II = 1> <Delay = 1.00> <Adapter> <Opcode : 'readrequnaligned' 'writerequnaligned' 'read' 'write' 'readreq' 'writereq' 'writeresp'>

State 108 <SV = 107> <Delay = 0.00>
ST_108 : Operation 385 [2/104] (3.65ns)   --->   "%empty_197 = writeresp i1 @_ssdm_op_WriteResp.m_axi.p1i128, i128 %mm_video_addr" [C:/TFG_Vivado/vivado/axu2cga_trd.runs/design_1_v_frmbuf_wr_0_0_synth_1/prj/sol/.autopilot/db/v_frmbuf_wr.cpp:1605]   --->   Operation 385 'writeresp' 'empty_197' <Predicate = true> <Delay = 3.65> <CoreInst = "m_axi">   --->   Core 119 'm_axi' <Latency = 3> <II = 1> <Delay = 1.00> <Adapter> <Opcode : 'readrequnaligned' 'writerequnaligned' 'read' 'write' 'readreq' 'writereq' 'writeresp'>

State 109 <SV = 108> <Delay = 3.65>
ST_109 : Operation 386 [1/1] (0.00ns)   --->   "%specloopname_ln1594 = specloopname void @_ssdm_op_SpecLoopName, void @empty_1" [C:/TFG_Vivado/vivado/axu2cga_trd.runs/design_1_v_frmbuf_wr_0_0_synth_1/prj/sol/.autopilot/db/v_frmbuf_wr.cpp:1594]   --->   Operation 386 'specloopname' 'specloopname_ln1594' <Predicate = true> <Delay = 0.00>
ST_109 : Operation 387 [1/104] ( I:3.65ns O:3.65ns )   --->   "%empty_197 = writeresp i1 @_ssdm_op_WriteResp.m_axi.p1i128, i128 %mm_video_addr" [C:/TFG_Vivado/vivado/axu2cga_trd.runs/design_1_v_frmbuf_wr_0_0_synth_1/prj/sol/.autopilot/db/v_frmbuf_wr.cpp:1605]   --->   Operation 387 'writeresp' 'empty_197' <Predicate = true> <Delay = 3.65> <CoreInst = "m_axi">   --->   Core 119 'm_axi' <Latency = 3> <II = 1> <Delay = 1.00> <Adapter> <Opcode : 'readrequnaligned' 'writerequnaligned' 'read' 'write' 'readreq' 'writereq' 'writeresp'>
ST_109 : Operation 388 [1/1] (0.00ns)   --->   "%br_ln1607 = br i1 %and_ln1607, void %for.inc76, void %land.lhs.true" [C:/TFG_Vivado/vivado/axu2cga_trd.runs/design_1_v_frmbuf_wr_0_0_synth_1/prj/sol/.autopilot/db/v_frmbuf_wr.cpp:1607]   --->   Operation 388 'br' 'br_ln1607' <Predicate = true> <Delay = 0.00>
ST_109 : Operation 389 [1/1] (0.00ns)   --->   "%br_ln1607 = br i1 %trunc_ln1594, void %for.inc70.lr.ph, void %lor.lhs.false44" [C:/TFG_Vivado/vivado/axu2cga_trd.runs/design_1_v_frmbuf_wr_0_0_synth_1/prj/sol/.autopilot/db/v_frmbuf_wr.cpp:1607]   --->   Operation 389 'br' 'br_ln1607' <Predicate = (and_ln1607)> <Delay = 0.00>
ST_109 : Operation 390 [1/1] (0.88ns)   --->   "%empty_198 = icmp_eq  i6 %VideoFormat_val_read, i6 41"   --->   Operation 390 'icmp' 'empty_198' <Predicate = (and_ln1607 & trunc_ln1594)> <Delay = 0.88> <CoreInst = "Cmp">   --->   Core 9 'Cmp' <Latency = 0> <II = 1> <Delay = 0.88> <FuncUnit> <Opcode : 'seteq' 'setne' 'setle' 'setge' 'setlt' 'setgt'> <InPorts = 2> <OutPorts = 1>
ST_109 : Operation 391 [1/1] (0.00ns) (grouped into LUT with out node empty_207)   --->   "%empty_199 = or i1 %icmp_ln1607, i1 %empty_198" [C:/TFG_Vivado/vivado/axu2cga_trd.runs/design_1_v_frmbuf_wr_0_0_synth_1/prj/sol/.autopilot/db/v_frmbuf_wr.cpp:1607]   --->   Operation 391 'or' 'empty_199' <Predicate = (and_ln1607 & trunc_ln1594)> <Delay = 0.00> <CoreInst = "LogicGate">   --->   Core 74 'LogicGate' <Latency = 0> <II = 1> <Delay = 0.33> <FuncUnit> <Opcode : 'and' 'or' 'xor'> <InPorts = 2> <OutPorts = 1>
ST_109 : Operation 392 [1/1] (0.88ns)   --->   "%empty_200 = icmp_eq  i6 %VideoFormat_val_read, i6 33"   --->   Operation 392 'icmp' 'empty_200' <Predicate = (and_ln1607 & trunc_ln1594)> <Delay = 0.88> <CoreInst = "Cmp">   --->   Core 9 'Cmp' <Latency = 0> <II = 1> <Delay = 0.88> <FuncUnit> <Opcode : 'seteq' 'setne' 'setle' 'setge' 'setlt' 'setgt'> <InPorts = 2> <OutPorts = 1>
ST_109 : Operation 393 [1/1] (0.00ns) (grouped into LUT with out node empty_207)   --->   "%empty_201 = or i1 %empty_200, i1 %empty_199" [C:/TFG_Vivado/vivado/axu2cga_trd.runs/design_1_v_frmbuf_wr_0_0_synth_1/prj/sol/.autopilot/db/v_frmbuf_wr.cpp:1607]   --->   Operation 393 'or' 'empty_201' <Predicate = (and_ln1607 & trunc_ln1594)> <Delay = 0.00> <CoreInst = "LogicGate">   --->   Core 74 'LogicGate' <Latency = 0> <II = 1> <Delay = 0.33> <FuncUnit> <Opcode : 'and' 'or' 'xor'> <InPorts = 2> <OutPorts = 1>
ST_109 : Operation 394 [1/1] (0.88ns)   --->   "%empty_202 = icmp_eq  i6 %VideoFormat_val_read, i6 23"   --->   Operation 394 'icmp' 'empty_202' <Predicate = (and_ln1607 & trunc_ln1594)> <Delay = 0.88> <CoreInst = "Cmp">   --->   Core 9 'Cmp' <Latency = 0> <II = 1> <Delay = 0.88> <FuncUnit> <Opcode : 'seteq' 'setne' 'setle' 'setge' 'setlt' 'setgt'> <InPorts = 2> <OutPorts = 1>
ST_109 : Operation 395 [1/1] (0.00ns) (grouped into LUT with out node empty_207)   --->   "%empty_203 = or i1 %empty_202, i1 %empty_201" [C:/TFG_Vivado/vivado/axu2cga_trd.runs/design_1_v_frmbuf_wr_0_0_synth_1/prj/sol/.autopilot/db/v_frmbuf_wr.cpp:1607]   --->   Operation 395 'or' 'empty_203' <Predicate = (and_ln1607 & trunc_ln1594)> <Delay = 0.00> <CoreInst = "LogicGate">   --->   Core 74 'LogicGate' <Latency = 0> <II = 1> <Delay = 0.33> <FuncUnit> <Opcode : 'and' 'or' 'xor'> <InPorts = 2> <OutPorts = 1>
ST_109 : Operation 396 [1/1] (0.88ns)   --->   "%empty_204 = icmp_eq  i6 %VideoFormat_val_read, i6 19"   --->   Operation 396 'icmp' 'empty_204' <Predicate = (and_ln1607 & trunc_ln1594)> <Delay = 0.88> <CoreInst = "Cmp">   --->   Core 9 'Cmp' <Latency = 0> <II = 1> <Delay = 0.88> <FuncUnit> <Opcode : 'seteq' 'setne' 'setle' 'setge' 'setlt' 'setgt'> <InPorts = 2> <OutPorts = 1>
ST_109 : Operation 397 [1/1] (0.00ns) (grouped into LUT with out node empty_207)   --->   "%empty_205 = or i1 %empty_204, i1 %empty_203" [C:/TFG_Vivado/vivado/axu2cga_trd.runs/design_1_v_frmbuf_wr_0_0_synth_1/prj/sol/.autopilot/db/v_frmbuf_wr.cpp:1607]   --->   Operation 397 'or' 'empty_205' <Predicate = (and_ln1607 & trunc_ln1594)> <Delay = 0.00> <CoreInst = "LogicGate">   --->   Core 74 'LogicGate' <Latency = 0> <II = 1> <Delay = 0.33> <FuncUnit> <Opcode : 'and' 'or' 'xor'> <InPorts = 2> <OutPorts = 1>
ST_109 : Operation 398 [1/1] (0.88ns)   --->   "%empty_206 = icmp_eq  i6 %VideoFormat_val_read, i6 3"   --->   Operation 398 'icmp' 'empty_206' <Predicate = (and_ln1607 & trunc_ln1594)> <Delay = 0.88> <CoreInst = "Cmp">   --->   Core 9 'Cmp' <Latency = 0> <II = 1> <Delay = 0.88> <FuncUnit> <Opcode : 'seteq' 'setne' 'setle' 'setge' 'setlt' 'setgt'> <InPorts = 2> <OutPorts = 1>
ST_109 : Operation 399 [1/1] (0.33ns) (out node of the LUT)   --->   "%empty_207 = or i1 %empty_206, i1 %empty_205" [C:/TFG_Vivado/vivado/axu2cga_trd.runs/design_1_v_frmbuf_wr_0_0_synth_1/prj/sol/.autopilot/db/v_frmbuf_wr.cpp:1607]   --->   Operation 399 'or' 'empty_207' <Predicate = (and_ln1607 & trunc_ln1594)> <Delay = 0.33> <CoreInst = "LogicGate">   --->   Core 74 'LogicGate' <Latency = 0> <II = 1> <Delay = 0.33> <FuncUnit> <Opcode : 'and' 'or' 'xor'> <InPorts = 2> <OutPorts = 1>
ST_109 : Operation 400 [1/1] (0.00ns)   --->   "%br_ln1607 = br i1 %empty_207, void %for.inc70.lr.ph, void %for.inc76" [C:/TFG_Vivado/vivado/axu2cga_trd.runs/design_1_v_frmbuf_wr_0_0_synth_1/prj/sol/.autopilot/db/v_frmbuf_wr.cpp:1607]   --->   Operation 400 'br' 'br_ln1607' <Predicate = (and_ln1607 & trunc_ln1594)> <Delay = 0.00>
ST_109 : Operation 401 [1/1] (0.00ns)   --->   "%offsetUV_load = load i32 %offsetUV" [C:/TFG_Vivado/vivado/axu2cga_trd.runs/design_1_v_frmbuf_wr_0_0_synth_1/prj/sol/.autopilot/db/v_frmbuf_wr.cpp:1617]   --->   Operation 401 'load' 'offsetUV_load' <Predicate = (and_ln1607 & !empty_207) | (and_ln1607 & !trunc_ln1594)> <Delay = 0.00>
ST_109 : Operation 402 [1/1] (0.00ns) (grouped into LUT with out node add_ln1609)   --->   "%shl_ln1609 = shl i32 %offsetUV_load, i32 4" [C:/TFG_Vivado/vivado/axu2cga_trd.runs/design_1_v_frmbuf_wr_0_0_synth_1/prj/sol/.autopilot/db/v_frmbuf_wr.cpp:1609]   --->   Operation 402 'shl' 'shl_ln1609' <Predicate = (and_ln1607 & !empty_207) | (and_ln1607 & !trunc_ln1594)> <Delay = 0.00>
ST_109 : Operation 403 [1/1] (1.20ns) (out node of the LUT)   --->   "%add_ln1609 = add i32 %shl_ln1609, i32 %dstImg2_read" [C:/TFG_Vivado/vivado/axu2cga_trd.runs/design_1_v_frmbuf_wr_0_0_synth_1/prj/sol/.autopilot/db/v_frmbuf_wr.cpp:1609]   --->   Operation 403 'add' 'add_ln1609' <Predicate = (and_ln1607 & !empty_207) | (and_ln1607 & !trunc_ln1594)> <Delay = 1.20> <CoreInst = "Adder">   --->   Core 1 'Adder' <Latency = 0> <II = 1> <Delay = 1.20> <FuncUnit> <Opcode : 'add' 'sub'> <InPorts = 2> <OutPorts = 1>
ST_109 : Operation 404 [1/1] (0.00ns)   --->   "%trunc_ln6 = partselect i28 @_ssdm_op_PartSelect.i28.i32.i32.i32, i32 %add_ln1609, i32 4, i32 31" [C:/TFG_Vivado/vivado/axu2cga_trd.runs/design_1_v_frmbuf_wr_0_0_synth_1/prj/sol/.autopilot/db/v_frmbuf_wr.cpp:1609]   --->   Operation 404 'partselect' 'trunc_ln6' <Predicate = (and_ln1607 & !empty_207) | (and_ln1607 & !trunc_ln1594)> <Delay = 0.00>
ST_109 : Operation 405 [1/1] (0.00ns)   --->   "%fence_ln1609 = fence void @_ssdm_op_Fence, i128 %bytePlanes_plane0, i32 4294967295, i128 %bytePlanes_plane1, i32 0" [C:/TFG_Vivado/vivado/axu2cga_trd.runs/design_1_v_frmbuf_wr_0_0_synth_1/prj/sol/.autopilot/db/v_frmbuf_wr.cpp:1609]   --->   Operation 405 'fence' 'fence_ln1609' <Predicate = (and_ln1607 & !empty_207) | (and_ln1607 & !trunc_ln1594)> <Delay = 0.00>
ST_109 : Operation 406 [1/1] (1.20ns)   --->   "%offsetUV_1 = add i32 %offsetUV_load, i32 %zext_ln1607" [C:/TFG_Vivado/vivado/axu2cga_trd.runs/design_1_v_frmbuf_wr_0_0_synth_1/prj/sol/.autopilot/db/v_frmbuf_wr.cpp:1617]   --->   Operation 406 'add' 'offsetUV_1' <Predicate = (and_ln1607 & !empty_207) | (and_ln1607 & !trunc_ln1594)> <Delay = 1.20> <CoreInst = "Adder">   --->   Core 1 'Adder' <Latency = 0> <II = 1> <Delay = 1.20> <FuncUnit> <Opcode : 'add' 'sub'> <InPorts = 2> <OutPorts = 1>
ST_109 : Operation 407 [1/1] (0.48ns)   --->   "%store_ln1587 = store i32 %offsetUV_1, i32 %offsetUV" [C:/TFG_Vivado/vivado/axu2cga_trd.runs/design_1_v_frmbuf_wr_0_0_synth_1/prj/sol/.autopilot/db/v_frmbuf_wr.cpp:1587]   --->   Operation 407 'store' 'store_ln1587' <Predicate = (and_ln1607 & !empty_207) | (and_ln1607 & !trunc_ln1594)> <Delay = 0.48>

State 110 <SV = 109> <Delay = 3.65>
ST_110 : Operation 408 [1/1] (0.00ns)   --->   "%sext_ln1609 = sext i28 %trunc_ln6" [C:/TFG_Vivado/vivado/axu2cga_trd.runs/design_1_v_frmbuf_wr_0_0_synth_1/prj/sol/.autopilot/db/v_frmbuf_wr.cpp:1609]   --->   Operation 408 'sext' 'sext_ln1609' <Predicate = true> <Delay = 0.00>
ST_110 : Operation 409 [1/1] (0.00ns)   --->   "%mm_video_addr_1 = getelementptr i128 %mm_video, i32 %sext_ln1609" [C:/TFG_Vivado/vivado/axu2cga_trd.runs/design_1_v_frmbuf_wr_0_0_synth_1/prj/sol/.autopilot/db/v_frmbuf_wr.cpp:1609]   --->   Operation 409 'getelementptr' 'mm_video_addr_1' <Predicate = true> <Delay = 0.00>
ST_110 : Operation 410 [1/1] ( I:3.65ns O:3.65ns )   --->   "%empty_208 = writereq i1 @_ssdm_op_WriteReq.m_axi.p1i128, i128 %mm_video_addr_1, i32 %zext_ln1589" [C:/TFG_Vivado/vivado/axu2cga_trd.runs/design_1_v_frmbuf_wr_0_0_synth_1/prj/sol/.autopilot/db/v_frmbuf_wr.cpp:1609]   --->   Operation 410 'writereq' 'empty_208' <Predicate = true> <Delay = 3.65> <CoreInst = "m_axi">   --->   Core 119 'm_axi' <Latency = 9> <II = 1> <Delay = 1.00> <Adapter> <Opcode : 'readrequnaligned' 'writerequnaligned' 'read' 'write' 'readreq' 'writereq' 'writeresp'>

State 111 <SV = 110> <Delay = 1.42>
ST_111 : Operation 411 [2/2] (1.42ns)   --->   "%call_ln1589 = call void @Bytes2AXIMMvideo_Pipeline_VITIS_LOOP_1609_2, i10 %loopWidth, i128 %mm_video, i28 %trunc_ln6, i128 %bytePlanes_plane1" [C:/TFG_Vivado/vivado/axu2cga_trd.runs/design_1_v_frmbuf_wr_0_0_synth_1/prj/sol/.autopilot/db/v_frmbuf_wr.cpp:1589]   --->   Operation 411 'call' 'call_ln1589' <Predicate = true> <Delay = 1.42> <CoreType = "Generic">   --->   Generic Core

State 112 <SV = 111> <Delay = 0.00>
ST_112 : Operation 412 [1/2] (0.00ns)   --->   "%call_ln1589 = call void @Bytes2AXIMMvideo_Pipeline_VITIS_LOOP_1609_2, i10 %loopWidth, i128 %mm_video, i28 %trunc_ln6, i128 %bytePlanes_plane1" [C:/TFG_Vivado/vivado/axu2cga_trd.runs/design_1_v_frmbuf_wr_0_0_synth_1/prj/sol/.autopilot/db/v_frmbuf_wr.cpp:1589]   --->   Operation 412 'call' 'call_ln1589' <Predicate = true> <Delay = 0.00> <CoreType = "Generic">   --->   Generic Core

State 113 <SV = 112> <Delay = 0.00>
ST_113 : Operation 413 [104/104] (3.65ns)   --->   "%empty_209 = writeresp i1 @_ssdm_op_WriteResp.m_axi.p1i128, i128 %mm_video_addr_1" [C:/TFG_Vivado/vivado/axu2cga_trd.runs/design_1_v_frmbuf_wr_0_0_synth_1/prj/sol/.autopilot/db/v_frmbuf_wr.cpp:1617]   --->   Operation 413 'writeresp' 'empty_209' <Predicate = true> <Delay = 3.65> <CoreInst = "m_axi">   --->   Core 119 'm_axi' <Latency = 3> <II = 1> <Delay = 1.00> <Adapter> <Opcode : 'readrequnaligned' 'writerequnaligned' 'read' 'write' 'readreq' 'writereq' 'writeresp'>

State 114 <SV = 113> <Delay = 0.00>
ST_114 : Operation 414 [103/104] (3.65ns)   --->   "%empty_209 = writeresp i1 @_ssdm_op_WriteResp.m_axi.p1i128, i128 %mm_video_addr_1" [C:/TFG_Vivado/vivado/axu2cga_trd.runs/design_1_v_frmbuf_wr_0_0_synth_1/prj/sol/.autopilot/db/v_frmbuf_wr.cpp:1617]   --->   Operation 414 'writeresp' 'empty_209' <Predicate = true> <Delay = 3.65> <CoreInst = "m_axi">   --->   Core 119 'm_axi' <Latency = 3> <II = 1> <Delay = 1.00> <Adapter> <Opcode : 'readrequnaligned' 'writerequnaligned' 'read' 'write' 'readreq' 'writereq' 'writeresp'>

State 115 <SV = 114> <Delay = 0.00>
ST_115 : Operation 415 [102/104] (3.65ns)   --->   "%empty_209 = writeresp i1 @_ssdm_op_WriteResp.m_axi.p1i128, i128 %mm_video_addr_1" [C:/TFG_Vivado/vivado/axu2cga_trd.runs/design_1_v_frmbuf_wr_0_0_synth_1/prj/sol/.autopilot/db/v_frmbuf_wr.cpp:1617]   --->   Operation 415 'writeresp' 'empty_209' <Predicate = true> <Delay = 3.65> <CoreInst = "m_axi">   --->   Core 119 'm_axi' <Latency = 3> <II = 1> <Delay = 1.00> <Adapter> <Opcode : 'readrequnaligned' 'writerequnaligned' 'read' 'write' 'readreq' 'writereq' 'writeresp'>

State 116 <SV = 115> <Delay = 0.00>
ST_116 : Operation 416 [101/104] (3.65ns)   --->   "%empty_209 = writeresp i1 @_ssdm_op_WriteResp.m_axi.p1i128, i128 %mm_video_addr_1" [C:/TFG_Vivado/vivado/axu2cga_trd.runs/design_1_v_frmbuf_wr_0_0_synth_1/prj/sol/.autopilot/db/v_frmbuf_wr.cpp:1617]   --->   Operation 416 'writeresp' 'empty_209' <Predicate = true> <Delay = 3.65> <CoreInst = "m_axi">   --->   Core 119 'm_axi' <Latency = 3> <II = 1> <Delay = 1.00> <Adapter> <Opcode : 'readrequnaligned' 'writerequnaligned' 'read' 'write' 'readreq' 'writereq' 'writeresp'>

State 117 <SV = 116> <Delay = 0.00>
ST_117 : Operation 417 [100/104] (3.65ns)   --->   "%empty_209 = writeresp i1 @_ssdm_op_WriteResp.m_axi.p1i128, i128 %mm_video_addr_1" [C:/TFG_Vivado/vivado/axu2cga_trd.runs/design_1_v_frmbuf_wr_0_0_synth_1/prj/sol/.autopilot/db/v_frmbuf_wr.cpp:1617]   --->   Operation 417 'writeresp' 'empty_209' <Predicate = true> <Delay = 3.65> <CoreInst = "m_axi">   --->   Core 119 'm_axi' <Latency = 3> <II = 1> <Delay = 1.00> <Adapter> <Opcode : 'readrequnaligned' 'writerequnaligned' 'read' 'write' 'readreq' 'writereq' 'writeresp'>

State 118 <SV = 117> <Delay = 0.00>
ST_118 : Operation 418 [99/104] (3.65ns)   --->   "%empty_209 = writeresp i1 @_ssdm_op_WriteResp.m_axi.p1i128, i128 %mm_video_addr_1" [C:/TFG_Vivado/vivado/axu2cga_trd.runs/design_1_v_frmbuf_wr_0_0_synth_1/prj/sol/.autopilot/db/v_frmbuf_wr.cpp:1617]   --->   Operation 418 'writeresp' 'empty_209' <Predicate = true> <Delay = 3.65> <CoreInst = "m_axi">   --->   Core 119 'm_axi' <Latency = 3> <II = 1> <Delay = 1.00> <Adapter> <Opcode : 'readrequnaligned' 'writerequnaligned' 'read' 'write' 'readreq' 'writereq' 'writeresp'>

State 119 <SV = 118> <Delay = 0.00>
ST_119 : Operation 419 [98/104] (3.65ns)   --->   "%empty_209 = writeresp i1 @_ssdm_op_WriteResp.m_axi.p1i128, i128 %mm_video_addr_1" [C:/TFG_Vivado/vivado/axu2cga_trd.runs/design_1_v_frmbuf_wr_0_0_synth_1/prj/sol/.autopilot/db/v_frmbuf_wr.cpp:1617]   --->   Operation 419 'writeresp' 'empty_209' <Predicate = true> <Delay = 3.65> <CoreInst = "m_axi">   --->   Core 119 'm_axi' <Latency = 3> <II = 1> <Delay = 1.00> <Adapter> <Opcode : 'readrequnaligned' 'writerequnaligned' 'read' 'write' 'readreq' 'writereq' 'writeresp'>

State 120 <SV = 119> <Delay = 0.00>
ST_120 : Operation 420 [97/104] (3.65ns)   --->   "%empty_209 = writeresp i1 @_ssdm_op_WriteResp.m_axi.p1i128, i128 %mm_video_addr_1" [C:/TFG_Vivado/vivado/axu2cga_trd.runs/design_1_v_frmbuf_wr_0_0_synth_1/prj/sol/.autopilot/db/v_frmbuf_wr.cpp:1617]   --->   Operation 420 'writeresp' 'empty_209' <Predicate = true> <Delay = 3.65> <CoreInst = "m_axi">   --->   Core 119 'm_axi' <Latency = 3> <II = 1> <Delay = 1.00> <Adapter> <Opcode : 'readrequnaligned' 'writerequnaligned' 'read' 'write' 'readreq' 'writereq' 'writeresp'>

State 121 <SV = 120> <Delay = 0.00>
ST_121 : Operation 421 [96/104] (3.65ns)   --->   "%empty_209 = writeresp i1 @_ssdm_op_WriteResp.m_axi.p1i128, i128 %mm_video_addr_1" [C:/TFG_Vivado/vivado/axu2cga_trd.runs/design_1_v_frmbuf_wr_0_0_synth_1/prj/sol/.autopilot/db/v_frmbuf_wr.cpp:1617]   --->   Operation 421 'writeresp' 'empty_209' <Predicate = true> <Delay = 3.65> <CoreInst = "m_axi">   --->   Core 119 'm_axi' <Latency = 3> <II = 1> <Delay = 1.00> <Adapter> <Opcode : 'readrequnaligned' 'writerequnaligned' 'read' 'write' 'readreq' 'writereq' 'writeresp'>

State 122 <SV = 121> <Delay = 0.00>
ST_122 : Operation 422 [95/104] (3.65ns)   --->   "%empty_209 = writeresp i1 @_ssdm_op_WriteResp.m_axi.p1i128, i128 %mm_video_addr_1" [C:/TFG_Vivado/vivado/axu2cga_trd.runs/design_1_v_frmbuf_wr_0_0_synth_1/prj/sol/.autopilot/db/v_frmbuf_wr.cpp:1617]   --->   Operation 422 'writeresp' 'empty_209' <Predicate = true> <Delay = 3.65> <CoreInst = "m_axi">   --->   Core 119 'm_axi' <Latency = 3> <II = 1> <Delay = 1.00> <Adapter> <Opcode : 'readrequnaligned' 'writerequnaligned' 'read' 'write' 'readreq' 'writereq' 'writeresp'>

State 123 <SV = 122> <Delay = 0.00>
ST_123 : Operation 423 [94/104] (3.65ns)   --->   "%empty_209 = writeresp i1 @_ssdm_op_WriteResp.m_axi.p1i128, i128 %mm_video_addr_1" [C:/TFG_Vivado/vivado/axu2cga_trd.runs/design_1_v_frmbuf_wr_0_0_synth_1/prj/sol/.autopilot/db/v_frmbuf_wr.cpp:1617]   --->   Operation 423 'writeresp' 'empty_209' <Predicate = true> <Delay = 3.65> <CoreInst = "m_axi">   --->   Core 119 'm_axi' <Latency = 3> <II = 1> <Delay = 1.00> <Adapter> <Opcode : 'readrequnaligned' 'writerequnaligned' 'read' 'write' 'readreq' 'writereq' 'writeresp'>

State 124 <SV = 123> <Delay = 0.00>
ST_124 : Operation 424 [93/104] (3.65ns)   --->   "%empty_209 = writeresp i1 @_ssdm_op_WriteResp.m_axi.p1i128, i128 %mm_video_addr_1" [C:/TFG_Vivado/vivado/axu2cga_trd.runs/design_1_v_frmbuf_wr_0_0_synth_1/prj/sol/.autopilot/db/v_frmbuf_wr.cpp:1617]   --->   Operation 424 'writeresp' 'empty_209' <Predicate = true> <Delay = 3.65> <CoreInst = "m_axi">   --->   Core 119 'm_axi' <Latency = 3> <II = 1> <Delay = 1.00> <Adapter> <Opcode : 'readrequnaligned' 'writerequnaligned' 'read' 'write' 'readreq' 'writereq' 'writeresp'>

State 125 <SV = 124> <Delay = 0.00>
ST_125 : Operation 425 [92/104] (3.65ns)   --->   "%empty_209 = writeresp i1 @_ssdm_op_WriteResp.m_axi.p1i128, i128 %mm_video_addr_1" [C:/TFG_Vivado/vivado/axu2cga_trd.runs/design_1_v_frmbuf_wr_0_0_synth_1/prj/sol/.autopilot/db/v_frmbuf_wr.cpp:1617]   --->   Operation 425 'writeresp' 'empty_209' <Predicate = true> <Delay = 3.65> <CoreInst = "m_axi">   --->   Core 119 'm_axi' <Latency = 3> <II = 1> <Delay = 1.00> <Adapter> <Opcode : 'readrequnaligned' 'writerequnaligned' 'read' 'write' 'readreq' 'writereq' 'writeresp'>

State 126 <SV = 125> <Delay = 0.00>
ST_126 : Operation 426 [91/104] (3.65ns)   --->   "%empty_209 = writeresp i1 @_ssdm_op_WriteResp.m_axi.p1i128, i128 %mm_video_addr_1" [C:/TFG_Vivado/vivado/axu2cga_trd.runs/design_1_v_frmbuf_wr_0_0_synth_1/prj/sol/.autopilot/db/v_frmbuf_wr.cpp:1617]   --->   Operation 426 'writeresp' 'empty_209' <Predicate = true> <Delay = 3.65> <CoreInst = "m_axi">   --->   Core 119 'm_axi' <Latency = 3> <II = 1> <Delay = 1.00> <Adapter> <Opcode : 'readrequnaligned' 'writerequnaligned' 'read' 'write' 'readreq' 'writereq' 'writeresp'>

State 127 <SV = 126> <Delay = 0.00>
ST_127 : Operation 427 [90/104] (3.65ns)   --->   "%empty_209 = writeresp i1 @_ssdm_op_WriteResp.m_axi.p1i128, i128 %mm_video_addr_1" [C:/TFG_Vivado/vivado/axu2cga_trd.runs/design_1_v_frmbuf_wr_0_0_synth_1/prj/sol/.autopilot/db/v_frmbuf_wr.cpp:1617]   --->   Operation 427 'writeresp' 'empty_209' <Predicate = true> <Delay = 3.65> <CoreInst = "m_axi">   --->   Core 119 'm_axi' <Latency = 3> <II = 1> <Delay = 1.00> <Adapter> <Opcode : 'readrequnaligned' 'writerequnaligned' 'read' 'write' 'readreq' 'writereq' 'writeresp'>

State 128 <SV = 127> <Delay = 0.00>
ST_128 : Operation 428 [89/104] (3.65ns)   --->   "%empty_209 = writeresp i1 @_ssdm_op_WriteResp.m_axi.p1i128, i128 %mm_video_addr_1" [C:/TFG_Vivado/vivado/axu2cga_trd.runs/design_1_v_frmbuf_wr_0_0_synth_1/prj/sol/.autopilot/db/v_frmbuf_wr.cpp:1617]   --->   Operation 428 'writeresp' 'empty_209' <Predicate = true> <Delay = 3.65> <CoreInst = "m_axi">   --->   Core 119 'm_axi' <Latency = 3> <II = 1> <Delay = 1.00> <Adapter> <Opcode : 'readrequnaligned' 'writerequnaligned' 'read' 'write' 'readreq' 'writereq' 'writeresp'>

State 129 <SV = 128> <Delay = 0.00>
ST_129 : Operation 429 [88/104] (3.65ns)   --->   "%empty_209 = writeresp i1 @_ssdm_op_WriteResp.m_axi.p1i128, i128 %mm_video_addr_1" [C:/TFG_Vivado/vivado/axu2cga_trd.runs/design_1_v_frmbuf_wr_0_0_synth_1/prj/sol/.autopilot/db/v_frmbuf_wr.cpp:1617]   --->   Operation 429 'writeresp' 'empty_209' <Predicate = true> <Delay = 3.65> <CoreInst = "m_axi">   --->   Core 119 'm_axi' <Latency = 3> <II = 1> <Delay = 1.00> <Adapter> <Opcode : 'readrequnaligned' 'writerequnaligned' 'read' 'write' 'readreq' 'writereq' 'writeresp'>

State 130 <SV = 129> <Delay = 0.00>
ST_130 : Operation 430 [87/104] (3.65ns)   --->   "%empty_209 = writeresp i1 @_ssdm_op_WriteResp.m_axi.p1i128, i128 %mm_video_addr_1" [C:/TFG_Vivado/vivado/axu2cga_trd.runs/design_1_v_frmbuf_wr_0_0_synth_1/prj/sol/.autopilot/db/v_frmbuf_wr.cpp:1617]   --->   Operation 430 'writeresp' 'empty_209' <Predicate = true> <Delay = 3.65> <CoreInst = "m_axi">   --->   Core 119 'm_axi' <Latency = 3> <II = 1> <Delay = 1.00> <Adapter> <Opcode : 'readrequnaligned' 'writerequnaligned' 'read' 'write' 'readreq' 'writereq' 'writeresp'>

State 131 <SV = 130> <Delay = 0.00>
ST_131 : Operation 431 [86/104] (3.65ns)   --->   "%empty_209 = writeresp i1 @_ssdm_op_WriteResp.m_axi.p1i128, i128 %mm_video_addr_1" [C:/TFG_Vivado/vivado/axu2cga_trd.runs/design_1_v_frmbuf_wr_0_0_synth_1/prj/sol/.autopilot/db/v_frmbuf_wr.cpp:1617]   --->   Operation 431 'writeresp' 'empty_209' <Predicate = true> <Delay = 3.65> <CoreInst = "m_axi">   --->   Core 119 'm_axi' <Latency = 3> <II = 1> <Delay = 1.00> <Adapter> <Opcode : 'readrequnaligned' 'writerequnaligned' 'read' 'write' 'readreq' 'writereq' 'writeresp'>

State 132 <SV = 131> <Delay = 0.00>
ST_132 : Operation 432 [85/104] (3.65ns)   --->   "%empty_209 = writeresp i1 @_ssdm_op_WriteResp.m_axi.p1i128, i128 %mm_video_addr_1" [C:/TFG_Vivado/vivado/axu2cga_trd.runs/design_1_v_frmbuf_wr_0_0_synth_1/prj/sol/.autopilot/db/v_frmbuf_wr.cpp:1617]   --->   Operation 432 'writeresp' 'empty_209' <Predicate = true> <Delay = 3.65> <CoreInst = "m_axi">   --->   Core 119 'm_axi' <Latency = 3> <II = 1> <Delay = 1.00> <Adapter> <Opcode : 'readrequnaligned' 'writerequnaligned' 'read' 'write' 'readreq' 'writereq' 'writeresp'>

State 133 <SV = 132> <Delay = 0.00>
ST_133 : Operation 433 [84/104] (3.65ns)   --->   "%empty_209 = writeresp i1 @_ssdm_op_WriteResp.m_axi.p1i128, i128 %mm_video_addr_1" [C:/TFG_Vivado/vivado/axu2cga_trd.runs/design_1_v_frmbuf_wr_0_0_synth_1/prj/sol/.autopilot/db/v_frmbuf_wr.cpp:1617]   --->   Operation 433 'writeresp' 'empty_209' <Predicate = true> <Delay = 3.65> <CoreInst = "m_axi">   --->   Core 119 'm_axi' <Latency = 3> <II = 1> <Delay = 1.00> <Adapter> <Opcode : 'readrequnaligned' 'writerequnaligned' 'read' 'write' 'readreq' 'writereq' 'writeresp'>

State 134 <SV = 133> <Delay = 0.00>
ST_134 : Operation 434 [83/104] (3.65ns)   --->   "%empty_209 = writeresp i1 @_ssdm_op_WriteResp.m_axi.p1i128, i128 %mm_video_addr_1" [C:/TFG_Vivado/vivado/axu2cga_trd.runs/design_1_v_frmbuf_wr_0_0_synth_1/prj/sol/.autopilot/db/v_frmbuf_wr.cpp:1617]   --->   Operation 434 'writeresp' 'empty_209' <Predicate = true> <Delay = 3.65> <CoreInst = "m_axi">   --->   Core 119 'm_axi' <Latency = 3> <II = 1> <Delay = 1.00> <Adapter> <Opcode : 'readrequnaligned' 'writerequnaligned' 'read' 'write' 'readreq' 'writereq' 'writeresp'>

State 135 <SV = 134> <Delay = 0.00>
ST_135 : Operation 435 [82/104] (3.65ns)   --->   "%empty_209 = writeresp i1 @_ssdm_op_WriteResp.m_axi.p1i128, i128 %mm_video_addr_1" [C:/TFG_Vivado/vivado/axu2cga_trd.runs/design_1_v_frmbuf_wr_0_0_synth_1/prj/sol/.autopilot/db/v_frmbuf_wr.cpp:1617]   --->   Operation 435 'writeresp' 'empty_209' <Predicate = true> <Delay = 3.65> <CoreInst = "m_axi">   --->   Core 119 'm_axi' <Latency = 3> <II = 1> <Delay = 1.00> <Adapter> <Opcode : 'readrequnaligned' 'writerequnaligned' 'read' 'write' 'readreq' 'writereq' 'writeresp'>

State 136 <SV = 135> <Delay = 0.00>
ST_136 : Operation 436 [81/104] (3.65ns)   --->   "%empty_209 = writeresp i1 @_ssdm_op_WriteResp.m_axi.p1i128, i128 %mm_video_addr_1" [C:/TFG_Vivado/vivado/axu2cga_trd.runs/design_1_v_frmbuf_wr_0_0_synth_1/prj/sol/.autopilot/db/v_frmbuf_wr.cpp:1617]   --->   Operation 436 'writeresp' 'empty_209' <Predicate = true> <Delay = 3.65> <CoreInst = "m_axi">   --->   Core 119 'm_axi' <Latency = 3> <II = 1> <Delay = 1.00> <Adapter> <Opcode : 'readrequnaligned' 'writerequnaligned' 'read' 'write' 'readreq' 'writereq' 'writeresp'>

State 137 <SV = 136> <Delay = 0.00>
ST_137 : Operation 437 [80/104] (3.65ns)   --->   "%empty_209 = writeresp i1 @_ssdm_op_WriteResp.m_axi.p1i128, i128 %mm_video_addr_1" [C:/TFG_Vivado/vivado/axu2cga_trd.runs/design_1_v_frmbuf_wr_0_0_synth_1/prj/sol/.autopilot/db/v_frmbuf_wr.cpp:1617]   --->   Operation 437 'writeresp' 'empty_209' <Predicate = true> <Delay = 3.65> <CoreInst = "m_axi">   --->   Core 119 'm_axi' <Latency = 3> <II = 1> <Delay = 1.00> <Adapter> <Opcode : 'readrequnaligned' 'writerequnaligned' 'read' 'write' 'readreq' 'writereq' 'writeresp'>

State 138 <SV = 137> <Delay = 0.00>
ST_138 : Operation 438 [79/104] (3.65ns)   --->   "%empty_209 = writeresp i1 @_ssdm_op_WriteResp.m_axi.p1i128, i128 %mm_video_addr_1" [C:/TFG_Vivado/vivado/axu2cga_trd.runs/design_1_v_frmbuf_wr_0_0_synth_1/prj/sol/.autopilot/db/v_frmbuf_wr.cpp:1617]   --->   Operation 438 'writeresp' 'empty_209' <Predicate = true> <Delay = 3.65> <CoreInst = "m_axi">   --->   Core 119 'm_axi' <Latency = 3> <II = 1> <Delay = 1.00> <Adapter> <Opcode : 'readrequnaligned' 'writerequnaligned' 'read' 'write' 'readreq' 'writereq' 'writeresp'>

State 139 <SV = 138> <Delay = 0.00>
ST_139 : Operation 439 [78/104] (3.65ns)   --->   "%empty_209 = writeresp i1 @_ssdm_op_WriteResp.m_axi.p1i128, i128 %mm_video_addr_1" [C:/TFG_Vivado/vivado/axu2cga_trd.runs/design_1_v_frmbuf_wr_0_0_synth_1/prj/sol/.autopilot/db/v_frmbuf_wr.cpp:1617]   --->   Operation 439 'writeresp' 'empty_209' <Predicate = true> <Delay = 3.65> <CoreInst = "m_axi">   --->   Core 119 'm_axi' <Latency = 3> <II = 1> <Delay = 1.00> <Adapter> <Opcode : 'readrequnaligned' 'writerequnaligned' 'read' 'write' 'readreq' 'writereq' 'writeresp'>

State 140 <SV = 139> <Delay = 0.00>
ST_140 : Operation 440 [77/104] (3.65ns)   --->   "%empty_209 = writeresp i1 @_ssdm_op_WriteResp.m_axi.p1i128, i128 %mm_video_addr_1" [C:/TFG_Vivado/vivado/axu2cga_trd.runs/design_1_v_frmbuf_wr_0_0_synth_1/prj/sol/.autopilot/db/v_frmbuf_wr.cpp:1617]   --->   Operation 440 'writeresp' 'empty_209' <Predicate = true> <Delay = 3.65> <CoreInst = "m_axi">   --->   Core 119 'm_axi' <Latency = 3> <II = 1> <Delay = 1.00> <Adapter> <Opcode : 'readrequnaligned' 'writerequnaligned' 'read' 'write' 'readreq' 'writereq' 'writeresp'>

State 141 <SV = 140> <Delay = 0.00>
ST_141 : Operation 441 [76/104] (3.65ns)   --->   "%empty_209 = writeresp i1 @_ssdm_op_WriteResp.m_axi.p1i128, i128 %mm_video_addr_1" [C:/TFG_Vivado/vivado/axu2cga_trd.runs/design_1_v_frmbuf_wr_0_0_synth_1/prj/sol/.autopilot/db/v_frmbuf_wr.cpp:1617]   --->   Operation 441 'writeresp' 'empty_209' <Predicate = true> <Delay = 3.65> <CoreInst = "m_axi">   --->   Core 119 'm_axi' <Latency = 3> <II = 1> <Delay = 1.00> <Adapter> <Opcode : 'readrequnaligned' 'writerequnaligned' 'read' 'write' 'readreq' 'writereq' 'writeresp'>

State 142 <SV = 141> <Delay = 0.00>
ST_142 : Operation 442 [75/104] (3.65ns)   --->   "%empty_209 = writeresp i1 @_ssdm_op_WriteResp.m_axi.p1i128, i128 %mm_video_addr_1" [C:/TFG_Vivado/vivado/axu2cga_trd.runs/design_1_v_frmbuf_wr_0_0_synth_1/prj/sol/.autopilot/db/v_frmbuf_wr.cpp:1617]   --->   Operation 442 'writeresp' 'empty_209' <Predicate = true> <Delay = 3.65> <CoreInst = "m_axi">   --->   Core 119 'm_axi' <Latency = 3> <II = 1> <Delay = 1.00> <Adapter> <Opcode : 'readrequnaligned' 'writerequnaligned' 'read' 'write' 'readreq' 'writereq' 'writeresp'>

State 143 <SV = 142> <Delay = 0.00>
ST_143 : Operation 443 [74/104] (3.65ns)   --->   "%empty_209 = writeresp i1 @_ssdm_op_WriteResp.m_axi.p1i128, i128 %mm_video_addr_1" [C:/TFG_Vivado/vivado/axu2cga_trd.runs/design_1_v_frmbuf_wr_0_0_synth_1/prj/sol/.autopilot/db/v_frmbuf_wr.cpp:1617]   --->   Operation 443 'writeresp' 'empty_209' <Predicate = true> <Delay = 3.65> <CoreInst = "m_axi">   --->   Core 119 'm_axi' <Latency = 3> <II = 1> <Delay = 1.00> <Adapter> <Opcode : 'readrequnaligned' 'writerequnaligned' 'read' 'write' 'readreq' 'writereq' 'writeresp'>

State 144 <SV = 143> <Delay = 0.00>
ST_144 : Operation 444 [73/104] (3.65ns)   --->   "%empty_209 = writeresp i1 @_ssdm_op_WriteResp.m_axi.p1i128, i128 %mm_video_addr_1" [C:/TFG_Vivado/vivado/axu2cga_trd.runs/design_1_v_frmbuf_wr_0_0_synth_1/prj/sol/.autopilot/db/v_frmbuf_wr.cpp:1617]   --->   Operation 444 'writeresp' 'empty_209' <Predicate = true> <Delay = 3.65> <CoreInst = "m_axi">   --->   Core 119 'm_axi' <Latency = 3> <II = 1> <Delay = 1.00> <Adapter> <Opcode : 'readrequnaligned' 'writerequnaligned' 'read' 'write' 'readreq' 'writereq' 'writeresp'>

State 145 <SV = 144> <Delay = 0.00>
ST_145 : Operation 445 [72/104] (3.65ns)   --->   "%empty_209 = writeresp i1 @_ssdm_op_WriteResp.m_axi.p1i128, i128 %mm_video_addr_1" [C:/TFG_Vivado/vivado/axu2cga_trd.runs/design_1_v_frmbuf_wr_0_0_synth_1/prj/sol/.autopilot/db/v_frmbuf_wr.cpp:1617]   --->   Operation 445 'writeresp' 'empty_209' <Predicate = true> <Delay = 3.65> <CoreInst = "m_axi">   --->   Core 119 'm_axi' <Latency = 3> <II = 1> <Delay = 1.00> <Adapter> <Opcode : 'readrequnaligned' 'writerequnaligned' 'read' 'write' 'readreq' 'writereq' 'writeresp'>

State 146 <SV = 145> <Delay = 0.00>
ST_146 : Operation 446 [71/104] (3.65ns)   --->   "%empty_209 = writeresp i1 @_ssdm_op_WriteResp.m_axi.p1i128, i128 %mm_video_addr_1" [C:/TFG_Vivado/vivado/axu2cga_trd.runs/design_1_v_frmbuf_wr_0_0_synth_1/prj/sol/.autopilot/db/v_frmbuf_wr.cpp:1617]   --->   Operation 446 'writeresp' 'empty_209' <Predicate = true> <Delay = 3.65> <CoreInst = "m_axi">   --->   Core 119 'm_axi' <Latency = 3> <II = 1> <Delay = 1.00> <Adapter> <Opcode : 'readrequnaligned' 'writerequnaligned' 'read' 'write' 'readreq' 'writereq' 'writeresp'>

State 147 <SV = 146> <Delay = 0.00>
ST_147 : Operation 447 [70/104] (3.65ns)   --->   "%empty_209 = writeresp i1 @_ssdm_op_WriteResp.m_axi.p1i128, i128 %mm_video_addr_1" [C:/TFG_Vivado/vivado/axu2cga_trd.runs/design_1_v_frmbuf_wr_0_0_synth_1/prj/sol/.autopilot/db/v_frmbuf_wr.cpp:1617]   --->   Operation 447 'writeresp' 'empty_209' <Predicate = true> <Delay = 3.65> <CoreInst = "m_axi">   --->   Core 119 'm_axi' <Latency = 3> <II = 1> <Delay = 1.00> <Adapter> <Opcode : 'readrequnaligned' 'writerequnaligned' 'read' 'write' 'readreq' 'writereq' 'writeresp'>

State 148 <SV = 147> <Delay = 0.00>
ST_148 : Operation 448 [69/104] (3.65ns)   --->   "%empty_209 = writeresp i1 @_ssdm_op_WriteResp.m_axi.p1i128, i128 %mm_video_addr_1" [C:/TFG_Vivado/vivado/axu2cga_trd.runs/design_1_v_frmbuf_wr_0_0_synth_1/prj/sol/.autopilot/db/v_frmbuf_wr.cpp:1617]   --->   Operation 448 'writeresp' 'empty_209' <Predicate = true> <Delay = 3.65> <CoreInst = "m_axi">   --->   Core 119 'm_axi' <Latency = 3> <II = 1> <Delay = 1.00> <Adapter> <Opcode : 'readrequnaligned' 'writerequnaligned' 'read' 'write' 'readreq' 'writereq' 'writeresp'>

State 149 <SV = 148> <Delay = 0.00>
ST_149 : Operation 449 [68/104] (3.65ns)   --->   "%empty_209 = writeresp i1 @_ssdm_op_WriteResp.m_axi.p1i128, i128 %mm_video_addr_1" [C:/TFG_Vivado/vivado/axu2cga_trd.runs/design_1_v_frmbuf_wr_0_0_synth_1/prj/sol/.autopilot/db/v_frmbuf_wr.cpp:1617]   --->   Operation 449 'writeresp' 'empty_209' <Predicate = true> <Delay = 3.65> <CoreInst = "m_axi">   --->   Core 119 'm_axi' <Latency = 3> <II = 1> <Delay = 1.00> <Adapter> <Opcode : 'readrequnaligned' 'writerequnaligned' 'read' 'write' 'readreq' 'writereq' 'writeresp'>

State 150 <SV = 149> <Delay = 0.00>
ST_150 : Operation 450 [67/104] (3.65ns)   --->   "%empty_209 = writeresp i1 @_ssdm_op_WriteResp.m_axi.p1i128, i128 %mm_video_addr_1" [C:/TFG_Vivado/vivado/axu2cga_trd.runs/design_1_v_frmbuf_wr_0_0_synth_1/prj/sol/.autopilot/db/v_frmbuf_wr.cpp:1617]   --->   Operation 450 'writeresp' 'empty_209' <Predicate = true> <Delay = 3.65> <CoreInst = "m_axi">   --->   Core 119 'm_axi' <Latency = 3> <II = 1> <Delay = 1.00> <Adapter> <Opcode : 'readrequnaligned' 'writerequnaligned' 'read' 'write' 'readreq' 'writereq' 'writeresp'>

State 151 <SV = 150> <Delay = 0.00>
ST_151 : Operation 451 [66/104] (3.65ns)   --->   "%empty_209 = writeresp i1 @_ssdm_op_WriteResp.m_axi.p1i128, i128 %mm_video_addr_1" [C:/TFG_Vivado/vivado/axu2cga_trd.runs/design_1_v_frmbuf_wr_0_0_synth_1/prj/sol/.autopilot/db/v_frmbuf_wr.cpp:1617]   --->   Operation 451 'writeresp' 'empty_209' <Predicate = true> <Delay = 3.65> <CoreInst = "m_axi">   --->   Core 119 'm_axi' <Latency = 3> <II = 1> <Delay = 1.00> <Adapter> <Opcode : 'readrequnaligned' 'writerequnaligned' 'read' 'write' 'readreq' 'writereq' 'writeresp'>

State 152 <SV = 151> <Delay = 0.00>
ST_152 : Operation 452 [65/104] (3.65ns)   --->   "%empty_209 = writeresp i1 @_ssdm_op_WriteResp.m_axi.p1i128, i128 %mm_video_addr_1" [C:/TFG_Vivado/vivado/axu2cga_trd.runs/design_1_v_frmbuf_wr_0_0_synth_1/prj/sol/.autopilot/db/v_frmbuf_wr.cpp:1617]   --->   Operation 452 'writeresp' 'empty_209' <Predicate = true> <Delay = 3.65> <CoreInst = "m_axi">   --->   Core 119 'm_axi' <Latency = 3> <II = 1> <Delay = 1.00> <Adapter> <Opcode : 'readrequnaligned' 'writerequnaligned' 'read' 'write' 'readreq' 'writereq' 'writeresp'>

State 153 <SV = 152> <Delay = 0.00>
ST_153 : Operation 453 [64/104] (3.65ns)   --->   "%empty_209 = writeresp i1 @_ssdm_op_WriteResp.m_axi.p1i128, i128 %mm_video_addr_1" [C:/TFG_Vivado/vivado/axu2cga_trd.runs/design_1_v_frmbuf_wr_0_0_synth_1/prj/sol/.autopilot/db/v_frmbuf_wr.cpp:1617]   --->   Operation 453 'writeresp' 'empty_209' <Predicate = true> <Delay = 3.65> <CoreInst = "m_axi">   --->   Core 119 'm_axi' <Latency = 3> <II = 1> <Delay = 1.00> <Adapter> <Opcode : 'readrequnaligned' 'writerequnaligned' 'read' 'write' 'readreq' 'writereq' 'writeresp'>

State 154 <SV = 153> <Delay = 0.00>
ST_154 : Operation 454 [63/104] (3.65ns)   --->   "%empty_209 = writeresp i1 @_ssdm_op_WriteResp.m_axi.p1i128, i128 %mm_video_addr_1" [C:/TFG_Vivado/vivado/axu2cga_trd.runs/design_1_v_frmbuf_wr_0_0_synth_1/prj/sol/.autopilot/db/v_frmbuf_wr.cpp:1617]   --->   Operation 454 'writeresp' 'empty_209' <Predicate = true> <Delay = 3.65> <CoreInst = "m_axi">   --->   Core 119 'm_axi' <Latency = 3> <II = 1> <Delay = 1.00> <Adapter> <Opcode : 'readrequnaligned' 'writerequnaligned' 'read' 'write' 'readreq' 'writereq' 'writeresp'>

State 155 <SV = 154> <Delay = 0.00>
ST_155 : Operation 455 [62/104] (3.65ns)   --->   "%empty_209 = writeresp i1 @_ssdm_op_WriteResp.m_axi.p1i128, i128 %mm_video_addr_1" [C:/TFG_Vivado/vivado/axu2cga_trd.runs/design_1_v_frmbuf_wr_0_0_synth_1/prj/sol/.autopilot/db/v_frmbuf_wr.cpp:1617]   --->   Operation 455 'writeresp' 'empty_209' <Predicate = true> <Delay = 3.65> <CoreInst = "m_axi">   --->   Core 119 'm_axi' <Latency = 3> <II = 1> <Delay = 1.00> <Adapter> <Opcode : 'readrequnaligned' 'writerequnaligned' 'read' 'write' 'readreq' 'writereq' 'writeresp'>

State 156 <SV = 155> <Delay = 0.00>
ST_156 : Operation 456 [61/104] (3.65ns)   --->   "%empty_209 = writeresp i1 @_ssdm_op_WriteResp.m_axi.p1i128, i128 %mm_video_addr_1" [C:/TFG_Vivado/vivado/axu2cga_trd.runs/design_1_v_frmbuf_wr_0_0_synth_1/prj/sol/.autopilot/db/v_frmbuf_wr.cpp:1617]   --->   Operation 456 'writeresp' 'empty_209' <Predicate = true> <Delay = 3.65> <CoreInst = "m_axi">   --->   Core 119 'm_axi' <Latency = 3> <II = 1> <Delay = 1.00> <Adapter> <Opcode : 'readrequnaligned' 'writerequnaligned' 'read' 'write' 'readreq' 'writereq' 'writeresp'>

State 157 <SV = 156> <Delay = 0.00>
ST_157 : Operation 457 [60/104] (3.65ns)   --->   "%empty_209 = writeresp i1 @_ssdm_op_WriteResp.m_axi.p1i128, i128 %mm_video_addr_1" [C:/TFG_Vivado/vivado/axu2cga_trd.runs/design_1_v_frmbuf_wr_0_0_synth_1/prj/sol/.autopilot/db/v_frmbuf_wr.cpp:1617]   --->   Operation 457 'writeresp' 'empty_209' <Predicate = true> <Delay = 3.65> <CoreInst = "m_axi">   --->   Core 119 'm_axi' <Latency = 3> <II = 1> <Delay = 1.00> <Adapter> <Opcode : 'readrequnaligned' 'writerequnaligned' 'read' 'write' 'readreq' 'writereq' 'writeresp'>

State 158 <SV = 157> <Delay = 0.00>
ST_158 : Operation 458 [59/104] (3.65ns)   --->   "%empty_209 = writeresp i1 @_ssdm_op_WriteResp.m_axi.p1i128, i128 %mm_video_addr_1" [C:/TFG_Vivado/vivado/axu2cga_trd.runs/design_1_v_frmbuf_wr_0_0_synth_1/prj/sol/.autopilot/db/v_frmbuf_wr.cpp:1617]   --->   Operation 458 'writeresp' 'empty_209' <Predicate = true> <Delay = 3.65> <CoreInst = "m_axi">   --->   Core 119 'm_axi' <Latency = 3> <II = 1> <Delay = 1.00> <Adapter> <Opcode : 'readrequnaligned' 'writerequnaligned' 'read' 'write' 'readreq' 'writereq' 'writeresp'>

State 159 <SV = 158> <Delay = 0.00>
ST_159 : Operation 459 [58/104] (3.65ns)   --->   "%empty_209 = writeresp i1 @_ssdm_op_WriteResp.m_axi.p1i128, i128 %mm_video_addr_1" [C:/TFG_Vivado/vivado/axu2cga_trd.runs/design_1_v_frmbuf_wr_0_0_synth_1/prj/sol/.autopilot/db/v_frmbuf_wr.cpp:1617]   --->   Operation 459 'writeresp' 'empty_209' <Predicate = true> <Delay = 3.65> <CoreInst = "m_axi">   --->   Core 119 'm_axi' <Latency = 3> <II = 1> <Delay = 1.00> <Adapter> <Opcode : 'readrequnaligned' 'writerequnaligned' 'read' 'write' 'readreq' 'writereq' 'writeresp'>

State 160 <SV = 159> <Delay = 0.00>
ST_160 : Operation 460 [57/104] (3.65ns)   --->   "%empty_209 = writeresp i1 @_ssdm_op_WriteResp.m_axi.p1i128, i128 %mm_video_addr_1" [C:/TFG_Vivado/vivado/axu2cga_trd.runs/design_1_v_frmbuf_wr_0_0_synth_1/prj/sol/.autopilot/db/v_frmbuf_wr.cpp:1617]   --->   Operation 460 'writeresp' 'empty_209' <Predicate = true> <Delay = 3.65> <CoreInst = "m_axi">   --->   Core 119 'm_axi' <Latency = 3> <II = 1> <Delay = 1.00> <Adapter> <Opcode : 'readrequnaligned' 'writerequnaligned' 'read' 'write' 'readreq' 'writereq' 'writeresp'>

State 161 <SV = 160> <Delay = 0.00>
ST_161 : Operation 461 [56/104] (3.65ns)   --->   "%empty_209 = writeresp i1 @_ssdm_op_WriteResp.m_axi.p1i128, i128 %mm_video_addr_1" [C:/TFG_Vivado/vivado/axu2cga_trd.runs/design_1_v_frmbuf_wr_0_0_synth_1/prj/sol/.autopilot/db/v_frmbuf_wr.cpp:1617]   --->   Operation 461 'writeresp' 'empty_209' <Predicate = true> <Delay = 3.65> <CoreInst = "m_axi">   --->   Core 119 'm_axi' <Latency = 3> <II = 1> <Delay = 1.00> <Adapter> <Opcode : 'readrequnaligned' 'writerequnaligned' 'read' 'write' 'readreq' 'writereq' 'writeresp'>

State 162 <SV = 161> <Delay = 0.00>
ST_162 : Operation 462 [55/104] (3.65ns)   --->   "%empty_209 = writeresp i1 @_ssdm_op_WriteResp.m_axi.p1i128, i128 %mm_video_addr_1" [C:/TFG_Vivado/vivado/axu2cga_trd.runs/design_1_v_frmbuf_wr_0_0_synth_1/prj/sol/.autopilot/db/v_frmbuf_wr.cpp:1617]   --->   Operation 462 'writeresp' 'empty_209' <Predicate = true> <Delay = 3.65> <CoreInst = "m_axi">   --->   Core 119 'm_axi' <Latency = 3> <II = 1> <Delay = 1.00> <Adapter> <Opcode : 'readrequnaligned' 'writerequnaligned' 'read' 'write' 'readreq' 'writereq' 'writeresp'>

State 163 <SV = 162> <Delay = 0.00>
ST_163 : Operation 463 [54/104] (3.65ns)   --->   "%empty_209 = writeresp i1 @_ssdm_op_WriteResp.m_axi.p1i128, i128 %mm_video_addr_1" [C:/TFG_Vivado/vivado/axu2cga_trd.runs/design_1_v_frmbuf_wr_0_0_synth_1/prj/sol/.autopilot/db/v_frmbuf_wr.cpp:1617]   --->   Operation 463 'writeresp' 'empty_209' <Predicate = true> <Delay = 3.65> <CoreInst = "m_axi">   --->   Core 119 'm_axi' <Latency = 3> <II = 1> <Delay = 1.00> <Adapter> <Opcode : 'readrequnaligned' 'writerequnaligned' 'read' 'write' 'readreq' 'writereq' 'writeresp'>

State 164 <SV = 163> <Delay = 0.00>
ST_164 : Operation 464 [53/104] (3.65ns)   --->   "%empty_209 = writeresp i1 @_ssdm_op_WriteResp.m_axi.p1i128, i128 %mm_video_addr_1" [C:/TFG_Vivado/vivado/axu2cga_trd.runs/design_1_v_frmbuf_wr_0_0_synth_1/prj/sol/.autopilot/db/v_frmbuf_wr.cpp:1617]   --->   Operation 464 'writeresp' 'empty_209' <Predicate = true> <Delay = 3.65> <CoreInst = "m_axi">   --->   Core 119 'm_axi' <Latency = 3> <II = 1> <Delay = 1.00> <Adapter> <Opcode : 'readrequnaligned' 'writerequnaligned' 'read' 'write' 'readreq' 'writereq' 'writeresp'>

State 165 <SV = 164> <Delay = 0.00>
ST_165 : Operation 465 [52/104] (3.65ns)   --->   "%empty_209 = writeresp i1 @_ssdm_op_WriteResp.m_axi.p1i128, i128 %mm_video_addr_1" [C:/TFG_Vivado/vivado/axu2cga_trd.runs/design_1_v_frmbuf_wr_0_0_synth_1/prj/sol/.autopilot/db/v_frmbuf_wr.cpp:1617]   --->   Operation 465 'writeresp' 'empty_209' <Predicate = true> <Delay = 3.65> <CoreInst = "m_axi">   --->   Core 119 'm_axi' <Latency = 3> <II = 1> <Delay = 1.00> <Adapter> <Opcode : 'readrequnaligned' 'writerequnaligned' 'read' 'write' 'readreq' 'writereq' 'writeresp'>

State 166 <SV = 165> <Delay = 0.00>
ST_166 : Operation 466 [51/104] (3.65ns)   --->   "%empty_209 = writeresp i1 @_ssdm_op_WriteResp.m_axi.p1i128, i128 %mm_video_addr_1" [C:/TFG_Vivado/vivado/axu2cga_trd.runs/design_1_v_frmbuf_wr_0_0_synth_1/prj/sol/.autopilot/db/v_frmbuf_wr.cpp:1617]   --->   Operation 466 'writeresp' 'empty_209' <Predicate = true> <Delay = 3.65> <CoreInst = "m_axi">   --->   Core 119 'm_axi' <Latency = 3> <II = 1> <Delay = 1.00> <Adapter> <Opcode : 'readrequnaligned' 'writerequnaligned' 'read' 'write' 'readreq' 'writereq' 'writeresp'>

State 167 <SV = 166> <Delay = 0.00>
ST_167 : Operation 467 [50/104] (3.65ns)   --->   "%empty_209 = writeresp i1 @_ssdm_op_WriteResp.m_axi.p1i128, i128 %mm_video_addr_1" [C:/TFG_Vivado/vivado/axu2cga_trd.runs/design_1_v_frmbuf_wr_0_0_synth_1/prj/sol/.autopilot/db/v_frmbuf_wr.cpp:1617]   --->   Operation 467 'writeresp' 'empty_209' <Predicate = true> <Delay = 3.65> <CoreInst = "m_axi">   --->   Core 119 'm_axi' <Latency = 3> <II = 1> <Delay = 1.00> <Adapter> <Opcode : 'readrequnaligned' 'writerequnaligned' 'read' 'write' 'readreq' 'writereq' 'writeresp'>

State 168 <SV = 167> <Delay = 0.00>
ST_168 : Operation 468 [49/104] (3.65ns)   --->   "%empty_209 = writeresp i1 @_ssdm_op_WriteResp.m_axi.p1i128, i128 %mm_video_addr_1" [C:/TFG_Vivado/vivado/axu2cga_trd.runs/design_1_v_frmbuf_wr_0_0_synth_1/prj/sol/.autopilot/db/v_frmbuf_wr.cpp:1617]   --->   Operation 468 'writeresp' 'empty_209' <Predicate = true> <Delay = 3.65> <CoreInst = "m_axi">   --->   Core 119 'm_axi' <Latency = 3> <II = 1> <Delay = 1.00> <Adapter> <Opcode : 'readrequnaligned' 'writerequnaligned' 'read' 'write' 'readreq' 'writereq' 'writeresp'>

State 169 <SV = 168> <Delay = 0.00>
ST_169 : Operation 469 [48/104] (3.65ns)   --->   "%empty_209 = writeresp i1 @_ssdm_op_WriteResp.m_axi.p1i128, i128 %mm_video_addr_1" [C:/TFG_Vivado/vivado/axu2cga_trd.runs/design_1_v_frmbuf_wr_0_0_synth_1/prj/sol/.autopilot/db/v_frmbuf_wr.cpp:1617]   --->   Operation 469 'writeresp' 'empty_209' <Predicate = true> <Delay = 3.65> <CoreInst = "m_axi">   --->   Core 119 'm_axi' <Latency = 3> <II = 1> <Delay = 1.00> <Adapter> <Opcode : 'readrequnaligned' 'writerequnaligned' 'read' 'write' 'readreq' 'writereq' 'writeresp'>

State 170 <SV = 169> <Delay = 0.00>
ST_170 : Operation 470 [47/104] (3.65ns)   --->   "%empty_209 = writeresp i1 @_ssdm_op_WriteResp.m_axi.p1i128, i128 %mm_video_addr_1" [C:/TFG_Vivado/vivado/axu2cga_trd.runs/design_1_v_frmbuf_wr_0_0_synth_1/prj/sol/.autopilot/db/v_frmbuf_wr.cpp:1617]   --->   Operation 470 'writeresp' 'empty_209' <Predicate = true> <Delay = 3.65> <CoreInst = "m_axi">   --->   Core 119 'm_axi' <Latency = 3> <II = 1> <Delay = 1.00> <Adapter> <Opcode : 'readrequnaligned' 'writerequnaligned' 'read' 'write' 'readreq' 'writereq' 'writeresp'>

State 171 <SV = 170> <Delay = 0.00>
ST_171 : Operation 471 [46/104] (3.65ns)   --->   "%empty_209 = writeresp i1 @_ssdm_op_WriteResp.m_axi.p1i128, i128 %mm_video_addr_1" [C:/TFG_Vivado/vivado/axu2cga_trd.runs/design_1_v_frmbuf_wr_0_0_synth_1/prj/sol/.autopilot/db/v_frmbuf_wr.cpp:1617]   --->   Operation 471 'writeresp' 'empty_209' <Predicate = true> <Delay = 3.65> <CoreInst = "m_axi">   --->   Core 119 'm_axi' <Latency = 3> <II = 1> <Delay = 1.00> <Adapter> <Opcode : 'readrequnaligned' 'writerequnaligned' 'read' 'write' 'readreq' 'writereq' 'writeresp'>

State 172 <SV = 171> <Delay = 0.00>
ST_172 : Operation 472 [45/104] (3.65ns)   --->   "%empty_209 = writeresp i1 @_ssdm_op_WriteResp.m_axi.p1i128, i128 %mm_video_addr_1" [C:/TFG_Vivado/vivado/axu2cga_trd.runs/design_1_v_frmbuf_wr_0_0_synth_1/prj/sol/.autopilot/db/v_frmbuf_wr.cpp:1617]   --->   Operation 472 'writeresp' 'empty_209' <Predicate = true> <Delay = 3.65> <CoreInst = "m_axi">   --->   Core 119 'm_axi' <Latency = 3> <II = 1> <Delay = 1.00> <Adapter> <Opcode : 'readrequnaligned' 'writerequnaligned' 'read' 'write' 'readreq' 'writereq' 'writeresp'>

State 173 <SV = 172> <Delay = 0.00>
ST_173 : Operation 473 [44/104] (3.65ns)   --->   "%empty_209 = writeresp i1 @_ssdm_op_WriteResp.m_axi.p1i128, i128 %mm_video_addr_1" [C:/TFG_Vivado/vivado/axu2cga_trd.runs/design_1_v_frmbuf_wr_0_0_synth_1/prj/sol/.autopilot/db/v_frmbuf_wr.cpp:1617]   --->   Operation 473 'writeresp' 'empty_209' <Predicate = true> <Delay = 3.65> <CoreInst = "m_axi">   --->   Core 119 'm_axi' <Latency = 3> <II = 1> <Delay = 1.00> <Adapter> <Opcode : 'readrequnaligned' 'writerequnaligned' 'read' 'write' 'readreq' 'writereq' 'writeresp'>

State 174 <SV = 173> <Delay = 0.00>
ST_174 : Operation 474 [43/104] (3.65ns)   --->   "%empty_209 = writeresp i1 @_ssdm_op_WriteResp.m_axi.p1i128, i128 %mm_video_addr_1" [C:/TFG_Vivado/vivado/axu2cga_trd.runs/design_1_v_frmbuf_wr_0_0_synth_1/prj/sol/.autopilot/db/v_frmbuf_wr.cpp:1617]   --->   Operation 474 'writeresp' 'empty_209' <Predicate = true> <Delay = 3.65> <CoreInst = "m_axi">   --->   Core 119 'm_axi' <Latency = 3> <II = 1> <Delay = 1.00> <Adapter> <Opcode : 'readrequnaligned' 'writerequnaligned' 'read' 'write' 'readreq' 'writereq' 'writeresp'>

State 175 <SV = 174> <Delay = 0.00>
ST_175 : Operation 475 [42/104] (3.65ns)   --->   "%empty_209 = writeresp i1 @_ssdm_op_WriteResp.m_axi.p1i128, i128 %mm_video_addr_1" [C:/TFG_Vivado/vivado/axu2cga_trd.runs/design_1_v_frmbuf_wr_0_0_synth_1/prj/sol/.autopilot/db/v_frmbuf_wr.cpp:1617]   --->   Operation 475 'writeresp' 'empty_209' <Predicate = true> <Delay = 3.65> <CoreInst = "m_axi">   --->   Core 119 'm_axi' <Latency = 3> <II = 1> <Delay = 1.00> <Adapter> <Opcode : 'readrequnaligned' 'writerequnaligned' 'read' 'write' 'readreq' 'writereq' 'writeresp'>

State 176 <SV = 175> <Delay = 0.00>
ST_176 : Operation 476 [41/104] (3.65ns)   --->   "%empty_209 = writeresp i1 @_ssdm_op_WriteResp.m_axi.p1i128, i128 %mm_video_addr_1" [C:/TFG_Vivado/vivado/axu2cga_trd.runs/design_1_v_frmbuf_wr_0_0_synth_1/prj/sol/.autopilot/db/v_frmbuf_wr.cpp:1617]   --->   Operation 476 'writeresp' 'empty_209' <Predicate = true> <Delay = 3.65> <CoreInst = "m_axi">   --->   Core 119 'm_axi' <Latency = 3> <II = 1> <Delay = 1.00> <Adapter> <Opcode : 'readrequnaligned' 'writerequnaligned' 'read' 'write' 'readreq' 'writereq' 'writeresp'>

State 177 <SV = 176> <Delay = 0.00>
ST_177 : Operation 477 [40/104] (3.65ns)   --->   "%empty_209 = writeresp i1 @_ssdm_op_WriteResp.m_axi.p1i128, i128 %mm_video_addr_1" [C:/TFG_Vivado/vivado/axu2cga_trd.runs/design_1_v_frmbuf_wr_0_0_synth_1/prj/sol/.autopilot/db/v_frmbuf_wr.cpp:1617]   --->   Operation 477 'writeresp' 'empty_209' <Predicate = true> <Delay = 3.65> <CoreInst = "m_axi">   --->   Core 119 'm_axi' <Latency = 3> <II = 1> <Delay = 1.00> <Adapter> <Opcode : 'readrequnaligned' 'writerequnaligned' 'read' 'write' 'readreq' 'writereq' 'writeresp'>

State 178 <SV = 177> <Delay = 0.00>
ST_178 : Operation 478 [39/104] (3.65ns)   --->   "%empty_209 = writeresp i1 @_ssdm_op_WriteResp.m_axi.p1i128, i128 %mm_video_addr_1" [C:/TFG_Vivado/vivado/axu2cga_trd.runs/design_1_v_frmbuf_wr_0_0_synth_1/prj/sol/.autopilot/db/v_frmbuf_wr.cpp:1617]   --->   Operation 478 'writeresp' 'empty_209' <Predicate = true> <Delay = 3.65> <CoreInst = "m_axi">   --->   Core 119 'm_axi' <Latency = 3> <II = 1> <Delay = 1.00> <Adapter> <Opcode : 'readrequnaligned' 'writerequnaligned' 'read' 'write' 'readreq' 'writereq' 'writeresp'>

State 179 <SV = 178> <Delay = 0.00>
ST_179 : Operation 479 [38/104] (3.65ns)   --->   "%empty_209 = writeresp i1 @_ssdm_op_WriteResp.m_axi.p1i128, i128 %mm_video_addr_1" [C:/TFG_Vivado/vivado/axu2cga_trd.runs/design_1_v_frmbuf_wr_0_0_synth_1/prj/sol/.autopilot/db/v_frmbuf_wr.cpp:1617]   --->   Operation 479 'writeresp' 'empty_209' <Predicate = true> <Delay = 3.65> <CoreInst = "m_axi">   --->   Core 119 'm_axi' <Latency = 3> <II = 1> <Delay = 1.00> <Adapter> <Opcode : 'readrequnaligned' 'writerequnaligned' 'read' 'write' 'readreq' 'writereq' 'writeresp'>

State 180 <SV = 179> <Delay = 0.00>
ST_180 : Operation 480 [37/104] (3.65ns)   --->   "%empty_209 = writeresp i1 @_ssdm_op_WriteResp.m_axi.p1i128, i128 %mm_video_addr_1" [C:/TFG_Vivado/vivado/axu2cga_trd.runs/design_1_v_frmbuf_wr_0_0_synth_1/prj/sol/.autopilot/db/v_frmbuf_wr.cpp:1617]   --->   Operation 480 'writeresp' 'empty_209' <Predicate = true> <Delay = 3.65> <CoreInst = "m_axi">   --->   Core 119 'm_axi' <Latency = 3> <II = 1> <Delay = 1.00> <Adapter> <Opcode : 'readrequnaligned' 'writerequnaligned' 'read' 'write' 'readreq' 'writereq' 'writeresp'>

State 181 <SV = 180> <Delay = 0.00>
ST_181 : Operation 481 [36/104] (3.65ns)   --->   "%empty_209 = writeresp i1 @_ssdm_op_WriteResp.m_axi.p1i128, i128 %mm_video_addr_1" [C:/TFG_Vivado/vivado/axu2cga_trd.runs/design_1_v_frmbuf_wr_0_0_synth_1/prj/sol/.autopilot/db/v_frmbuf_wr.cpp:1617]   --->   Operation 481 'writeresp' 'empty_209' <Predicate = true> <Delay = 3.65> <CoreInst = "m_axi">   --->   Core 119 'm_axi' <Latency = 3> <II = 1> <Delay = 1.00> <Adapter> <Opcode : 'readrequnaligned' 'writerequnaligned' 'read' 'write' 'readreq' 'writereq' 'writeresp'>

State 182 <SV = 181> <Delay = 0.00>
ST_182 : Operation 482 [35/104] (3.65ns)   --->   "%empty_209 = writeresp i1 @_ssdm_op_WriteResp.m_axi.p1i128, i128 %mm_video_addr_1" [C:/TFG_Vivado/vivado/axu2cga_trd.runs/design_1_v_frmbuf_wr_0_0_synth_1/prj/sol/.autopilot/db/v_frmbuf_wr.cpp:1617]   --->   Operation 482 'writeresp' 'empty_209' <Predicate = true> <Delay = 3.65> <CoreInst = "m_axi">   --->   Core 119 'm_axi' <Latency = 3> <II = 1> <Delay = 1.00> <Adapter> <Opcode : 'readrequnaligned' 'writerequnaligned' 'read' 'write' 'readreq' 'writereq' 'writeresp'>

State 183 <SV = 182> <Delay = 0.00>
ST_183 : Operation 483 [34/104] (3.65ns)   --->   "%empty_209 = writeresp i1 @_ssdm_op_WriteResp.m_axi.p1i128, i128 %mm_video_addr_1" [C:/TFG_Vivado/vivado/axu2cga_trd.runs/design_1_v_frmbuf_wr_0_0_synth_1/prj/sol/.autopilot/db/v_frmbuf_wr.cpp:1617]   --->   Operation 483 'writeresp' 'empty_209' <Predicate = true> <Delay = 3.65> <CoreInst = "m_axi">   --->   Core 119 'm_axi' <Latency = 3> <II = 1> <Delay = 1.00> <Adapter> <Opcode : 'readrequnaligned' 'writerequnaligned' 'read' 'write' 'readreq' 'writereq' 'writeresp'>

State 184 <SV = 183> <Delay = 0.00>
ST_184 : Operation 484 [33/104] (3.65ns)   --->   "%empty_209 = writeresp i1 @_ssdm_op_WriteResp.m_axi.p1i128, i128 %mm_video_addr_1" [C:/TFG_Vivado/vivado/axu2cga_trd.runs/design_1_v_frmbuf_wr_0_0_synth_1/prj/sol/.autopilot/db/v_frmbuf_wr.cpp:1617]   --->   Operation 484 'writeresp' 'empty_209' <Predicate = true> <Delay = 3.65> <CoreInst = "m_axi">   --->   Core 119 'm_axi' <Latency = 3> <II = 1> <Delay = 1.00> <Adapter> <Opcode : 'readrequnaligned' 'writerequnaligned' 'read' 'write' 'readreq' 'writereq' 'writeresp'>

State 185 <SV = 184> <Delay = 0.00>
ST_185 : Operation 485 [32/104] (3.65ns)   --->   "%empty_209 = writeresp i1 @_ssdm_op_WriteResp.m_axi.p1i128, i128 %mm_video_addr_1" [C:/TFG_Vivado/vivado/axu2cga_trd.runs/design_1_v_frmbuf_wr_0_0_synth_1/prj/sol/.autopilot/db/v_frmbuf_wr.cpp:1617]   --->   Operation 485 'writeresp' 'empty_209' <Predicate = true> <Delay = 3.65> <CoreInst = "m_axi">   --->   Core 119 'm_axi' <Latency = 3> <II = 1> <Delay = 1.00> <Adapter> <Opcode : 'readrequnaligned' 'writerequnaligned' 'read' 'write' 'readreq' 'writereq' 'writeresp'>

State 186 <SV = 185> <Delay = 0.00>
ST_186 : Operation 486 [31/104] (3.65ns)   --->   "%empty_209 = writeresp i1 @_ssdm_op_WriteResp.m_axi.p1i128, i128 %mm_video_addr_1" [C:/TFG_Vivado/vivado/axu2cga_trd.runs/design_1_v_frmbuf_wr_0_0_synth_1/prj/sol/.autopilot/db/v_frmbuf_wr.cpp:1617]   --->   Operation 486 'writeresp' 'empty_209' <Predicate = true> <Delay = 3.65> <CoreInst = "m_axi">   --->   Core 119 'm_axi' <Latency = 3> <II = 1> <Delay = 1.00> <Adapter> <Opcode : 'readrequnaligned' 'writerequnaligned' 'read' 'write' 'readreq' 'writereq' 'writeresp'>

State 187 <SV = 186> <Delay = 0.00>
ST_187 : Operation 487 [30/104] (3.65ns)   --->   "%empty_209 = writeresp i1 @_ssdm_op_WriteResp.m_axi.p1i128, i128 %mm_video_addr_1" [C:/TFG_Vivado/vivado/axu2cga_trd.runs/design_1_v_frmbuf_wr_0_0_synth_1/prj/sol/.autopilot/db/v_frmbuf_wr.cpp:1617]   --->   Operation 487 'writeresp' 'empty_209' <Predicate = true> <Delay = 3.65> <CoreInst = "m_axi">   --->   Core 119 'm_axi' <Latency = 3> <II = 1> <Delay = 1.00> <Adapter> <Opcode : 'readrequnaligned' 'writerequnaligned' 'read' 'write' 'readreq' 'writereq' 'writeresp'>

State 188 <SV = 187> <Delay = 0.00>
ST_188 : Operation 488 [29/104] (3.65ns)   --->   "%empty_209 = writeresp i1 @_ssdm_op_WriteResp.m_axi.p1i128, i128 %mm_video_addr_1" [C:/TFG_Vivado/vivado/axu2cga_trd.runs/design_1_v_frmbuf_wr_0_0_synth_1/prj/sol/.autopilot/db/v_frmbuf_wr.cpp:1617]   --->   Operation 488 'writeresp' 'empty_209' <Predicate = true> <Delay = 3.65> <CoreInst = "m_axi">   --->   Core 119 'm_axi' <Latency = 3> <II = 1> <Delay = 1.00> <Adapter> <Opcode : 'readrequnaligned' 'writerequnaligned' 'read' 'write' 'readreq' 'writereq' 'writeresp'>

State 189 <SV = 188> <Delay = 0.00>
ST_189 : Operation 489 [28/104] (3.65ns)   --->   "%empty_209 = writeresp i1 @_ssdm_op_WriteResp.m_axi.p1i128, i128 %mm_video_addr_1" [C:/TFG_Vivado/vivado/axu2cga_trd.runs/design_1_v_frmbuf_wr_0_0_synth_1/prj/sol/.autopilot/db/v_frmbuf_wr.cpp:1617]   --->   Operation 489 'writeresp' 'empty_209' <Predicate = true> <Delay = 3.65> <CoreInst = "m_axi">   --->   Core 119 'm_axi' <Latency = 3> <II = 1> <Delay = 1.00> <Adapter> <Opcode : 'readrequnaligned' 'writerequnaligned' 'read' 'write' 'readreq' 'writereq' 'writeresp'>

State 190 <SV = 189> <Delay = 0.00>
ST_190 : Operation 490 [27/104] (3.65ns)   --->   "%empty_209 = writeresp i1 @_ssdm_op_WriteResp.m_axi.p1i128, i128 %mm_video_addr_1" [C:/TFG_Vivado/vivado/axu2cga_trd.runs/design_1_v_frmbuf_wr_0_0_synth_1/prj/sol/.autopilot/db/v_frmbuf_wr.cpp:1617]   --->   Operation 490 'writeresp' 'empty_209' <Predicate = true> <Delay = 3.65> <CoreInst = "m_axi">   --->   Core 119 'm_axi' <Latency = 3> <II = 1> <Delay = 1.00> <Adapter> <Opcode : 'readrequnaligned' 'writerequnaligned' 'read' 'write' 'readreq' 'writereq' 'writeresp'>

State 191 <SV = 190> <Delay = 0.00>
ST_191 : Operation 491 [26/104] (3.65ns)   --->   "%empty_209 = writeresp i1 @_ssdm_op_WriteResp.m_axi.p1i128, i128 %mm_video_addr_1" [C:/TFG_Vivado/vivado/axu2cga_trd.runs/design_1_v_frmbuf_wr_0_0_synth_1/prj/sol/.autopilot/db/v_frmbuf_wr.cpp:1617]   --->   Operation 491 'writeresp' 'empty_209' <Predicate = true> <Delay = 3.65> <CoreInst = "m_axi">   --->   Core 119 'm_axi' <Latency = 3> <II = 1> <Delay = 1.00> <Adapter> <Opcode : 'readrequnaligned' 'writerequnaligned' 'read' 'write' 'readreq' 'writereq' 'writeresp'>

State 192 <SV = 191> <Delay = 0.00>
ST_192 : Operation 492 [25/104] (3.65ns)   --->   "%empty_209 = writeresp i1 @_ssdm_op_WriteResp.m_axi.p1i128, i128 %mm_video_addr_1" [C:/TFG_Vivado/vivado/axu2cga_trd.runs/design_1_v_frmbuf_wr_0_0_synth_1/prj/sol/.autopilot/db/v_frmbuf_wr.cpp:1617]   --->   Operation 492 'writeresp' 'empty_209' <Predicate = true> <Delay = 3.65> <CoreInst = "m_axi">   --->   Core 119 'm_axi' <Latency = 3> <II = 1> <Delay = 1.00> <Adapter> <Opcode : 'readrequnaligned' 'writerequnaligned' 'read' 'write' 'readreq' 'writereq' 'writeresp'>

State 193 <SV = 192> <Delay = 0.00>
ST_193 : Operation 493 [24/104] (3.65ns)   --->   "%empty_209 = writeresp i1 @_ssdm_op_WriteResp.m_axi.p1i128, i128 %mm_video_addr_1" [C:/TFG_Vivado/vivado/axu2cga_trd.runs/design_1_v_frmbuf_wr_0_0_synth_1/prj/sol/.autopilot/db/v_frmbuf_wr.cpp:1617]   --->   Operation 493 'writeresp' 'empty_209' <Predicate = true> <Delay = 3.65> <CoreInst = "m_axi">   --->   Core 119 'm_axi' <Latency = 3> <II = 1> <Delay = 1.00> <Adapter> <Opcode : 'readrequnaligned' 'writerequnaligned' 'read' 'write' 'readreq' 'writereq' 'writeresp'>

State 194 <SV = 193> <Delay = 0.00>
ST_194 : Operation 494 [23/104] (3.65ns)   --->   "%empty_209 = writeresp i1 @_ssdm_op_WriteResp.m_axi.p1i128, i128 %mm_video_addr_1" [C:/TFG_Vivado/vivado/axu2cga_trd.runs/design_1_v_frmbuf_wr_0_0_synth_1/prj/sol/.autopilot/db/v_frmbuf_wr.cpp:1617]   --->   Operation 494 'writeresp' 'empty_209' <Predicate = true> <Delay = 3.65> <CoreInst = "m_axi">   --->   Core 119 'm_axi' <Latency = 3> <II = 1> <Delay = 1.00> <Adapter> <Opcode : 'readrequnaligned' 'writerequnaligned' 'read' 'write' 'readreq' 'writereq' 'writeresp'>

State 195 <SV = 194> <Delay = 0.00>
ST_195 : Operation 495 [22/104] (3.65ns)   --->   "%empty_209 = writeresp i1 @_ssdm_op_WriteResp.m_axi.p1i128, i128 %mm_video_addr_1" [C:/TFG_Vivado/vivado/axu2cga_trd.runs/design_1_v_frmbuf_wr_0_0_synth_1/prj/sol/.autopilot/db/v_frmbuf_wr.cpp:1617]   --->   Operation 495 'writeresp' 'empty_209' <Predicate = true> <Delay = 3.65> <CoreInst = "m_axi">   --->   Core 119 'm_axi' <Latency = 3> <II = 1> <Delay = 1.00> <Adapter> <Opcode : 'readrequnaligned' 'writerequnaligned' 'read' 'write' 'readreq' 'writereq' 'writeresp'>

State 196 <SV = 195> <Delay = 0.00>
ST_196 : Operation 496 [21/104] (3.65ns)   --->   "%empty_209 = writeresp i1 @_ssdm_op_WriteResp.m_axi.p1i128, i128 %mm_video_addr_1" [C:/TFG_Vivado/vivado/axu2cga_trd.runs/design_1_v_frmbuf_wr_0_0_synth_1/prj/sol/.autopilot/db/v_frmbuf_wr.cpp:1617]   --->   Operation 496 'writeresp' 'empty_209' <Predicate = true> <Delay = 3.65> <CoreInst = "m_axi">   --->   Core 119 'm_axi' <Latency = 3> <II = 1> <Delay = 1.00> <Adapter> <Opcode : 'readrequnaligned' 'writerequnaligned' 'read' 'write' 'readreq' 'writereq' 'writeresp'>

State 197 <SV = 196> <Delay = 0.00>
ST_197 : Operation 497 [20/104] (3.65ns)   --->   "%empty_209 = writeresp i1 @_ssdm_op_WriteResp.m_axi.p1i128, i128 %mm_video_addr_1" [C:/TFG_Vivado/vivado/axu2cga_trd.runs/design_1_v_frmbuf_wr_0_0_synth_1/prj/sol/.autopilot/db/v_frmbuf_wr.cpp:1617]   --->   Operation 497 'writeresp' 'empty_209' <Predicate = true> <Delay = 3.65> <CoreInst = "m_axi">   --->   Core 119 'm_axi' <Latency = 3> <II = 1> <Delay = 1.00> <Adapter> <Opcode : 'readrequnaligned' 'writerequnaligned' 'read' 'write' 'readreq' 'writereq' 'writeresp'>

State 198 <SV = 197> <Delay = 0.00>
ST_198 : Operation 498 [19/104] (3.65ns)   --->   "%empty_209 = writeresp i1 @_ssdm_op_WriteResp.m_axi.p1i128, i128 %mm_video_addr_1" [C:/TFG_Vivado/vivado/axu2cga_trd.runs/design_1_v_frmbuf_wr_0_0_synth_1/prj/sol/.autopilot/db/v_frmbuf_wr.cpp:1617]   --->   Operation 498 'writeresp' 'empty_209' <Predicate = true> <Delay = 3.65> <CoreInst = "m_axi">   --->   Core 119 'm_axi' <Latency = 3> <II = 1> <Delay = 1.00> <Adapter> <Opcode : 'readrequnaligned' 'writerequnaligned' 'read' 'write' 'readreq' 'writereq' 'writeresp'>

State 199 <SV = 198> <Delay = 0.00>
ST_199 : Operation 499 [18/104] (3.65ns)   --->   "%empty_209 = writeresp i1 @_ssdm_op_WriteResp.m_axi.p1i128, i128 %mm_video_addr_1" [C:/TFG_Vivado/vivado/axu2cga_trd.runs/design_1_v_frmbuf_wr_0_0_synth_1/prj/sol/.autopilot/db/v_frmbuf_wr.cpp:1617]   --->   Operation 499 'writeresp' 'empty_209' <Predicate = true> <Delay = 3.65> <CoreInst = "m_axi">   --->   Core 119 'm_axi' <Latency = 3> <II = 1> <Delay = 1.00> <Adapter> <Opcode : 'readrequnaligned' 'writerequnaligned' 'read' 'write' 'readreq' 'writereq' 'writeresp'>

State 200 <SV = 199> <Delay = 0.00>
ST_200 : Operation 500 [17/104] (3.65ns)   --->   "%empty_209 = writeresp i1 @_ssdm_op_WriteResp.m_axi.p1i128, i128 %mm_video_addr_1" [C:/TFG_Vivado/vivado/axu2cga_trd.runs/design_1_v_frmbuf_wr_0_0_synth_1/prj/sol/.autopilot/db/v_frmbuf_wr.cpp:1617]   --->   Operation 500 'writeresp' 'empty_209' <Predicate = true> <Delay = 3.65> <CoreInst = "m_axi">   --->   Core 119 'm_axi' <Latency = 3> <II = 1> <Delay = 1.00> <Adapter> <Opcode : 'readrequnaligned' 'writerequnaligned' 'read' 'write' 'readreq' 'writereq' 'writeresp'>

State 201 <SV = 200> <Delay = 0.00>
ST_201 : Operation 501 [16/104] (3.65ns)   --->   "%empty_209 = writeresp i1 @_ssdm_op_WriteResp.m_axi.p1i128, i128 %mm_video_addr_1" [C:/TFG_Vivado/vivado/axu2cga_trd.runs/design_1_v_frmbuf_wr_0_0_synth_1/prj/sol/.autopilot/db/v_frmbuf_wr.cpp:1617]   --->   Operation 501 'writeresp' 'empty_209' <Predicate = true> <Delay = 3.65> <CoreInst = "m_axi">   --->   Core 119 'm_axi' <Latency = 3> <II = 1> <Delay = 1.00> <Adapter> <Opcode : 'readrequnaligned' 'writerequnaligned' 'read' 'write' 'readreq' 'writereq' 'writeresp'>

State 202 <SV = 201> <Delay = 0.00>
ST_202 : Operation 502 [15/104] (3.65ns)   --->   "%empty_209 = writeresp i1 @_ssdm_op_WriteResp.m_axi.p1i128, i128 %mm_video_addr_1" [C:/TFG_Vivado/vivado/axu2cga_trd.runs/design_1_v_frmbuf_wr_0_0_synth_1/prj/sol/.autopilot/db/v_frmbuf_wr.cpp:1617]   --->   Operation 502 'writeresp' 'empty_209' <Predicate = true> <Delay = 3.65> <CoreInst = "m_axi">   --->   Core 119 'm_axi' <Latency = 3> <II = 1> <Delay = 1.00> <Adapter> <Opcode : 'readrequnaligned' 'writerequnaligned' 'read' 'write' 'readreq' 'writereq' 'writeresp'>

State 203 <SV = 202> <Delay = 0.00>
ST_203 : Operation 503 [14/104] (3.65ns)   --->   "%empty_209 = writeresp i1 @_ssdm_op_WriteResp.m_axi.p1i128, i128 %mm_video_addr_1" [C:/TFG_Vivado/vivado/axu2cga_trd.runs/design_1_v_frmbuf_wr_0_0_synth_1/prj/sol/.autopilot/db/v_frmbuf_wr.cpp:1617]   --->   Operation 503 'writeresp' 'empty_209' <Predicate = true> <Delay = 3.65> <CoreInst = "m_axi">   --->   Core 119 'm_axi' <Latency = 3> <II = 1> <Delay = 1.00> <Adapter> <Opcode : 'readrequnaligned' 'writerequnaligned' 'read' 'write' 'readreq' 'writereq' 'writeresp'>

State 204 <SV = 203> <Delay = 0.00>
ST_204 : Operation 504 [13/104] (3.65ns)   --->   "%empty_209 = writeresp i1 @_ssdm_op_WriteResp.m_axi.p1i128, i128 %mm_video_addr_1" [C:/TFG_Vivado/vivado/axu2cga_trd.runs/design_1_v_frmbuf_wr_0_0_synth_1/prj/sol/.autopilot/db/v_frmbuf_wr.cpp:1617]   --->   Operation 504 'writeresp' 'empty_209' <Predicate = true> <Delay = 3.65> <CoreInst = "m_axi">   --->   Core 119 'm_axi' <Latency = 3> <II = 1> <Delay = 1.00> <Adapter> <Opcode : 'readrequnaligned' 'writerequnaligned' 'read' 'write' 'readreq' 'writereq' 'writeresp'>

State 205 <SV = 204> <Delay = 0.00>
ST_205 : Operation 505 [12/104] (3.65ns)   --->   "%empty_209 = writeresp i1 @_ssdm_op_WriteResp.m_axi.p1i128, i128 %mm_video_addr_1" [C:/TFG_Vivado/vivado/axu2cga_trd.runs/design_1_v_frmbuf_wr_0_0_synth_1/prj/sol/.autopilot/db/v_frmbuf_wr.cpp:1617]   --->   Operation 505 'writeresp' 'empty_209' <Predicate = true> <Delay = 3.65> <CoreInst = "m_axi">   --->   Core 119 'm_axi' <Latency = 3> <II = 1> <Delay = 1.00> <Adapter> <Opcode : 'readrequnaligned' 'writerequnaligned' 'read' 'write' 'readreq' 'writereq' 'writeresp'>

State 206 <SV = 205> <Delay = 0.00>
ST_206 : Operation 506 [11/104] (3.65ns)   --->   "%empty_209 = writeresp i1 @_ssdm_op_WriteResp.m_axi.p1i128, i128 %mm_video_addr_1" [C:/TFG_Vivado/vivado/axu2cga_trd.runs/design_1_v_frmbuf_wr_0_0_synth_1/prj/sol/.autopilot/db/v_frmbuf_wr.cpp:1617]   --->   Operation 506 'writeresp' 'empty_209' <Predicate = true> <Delay = 3.65> <CoreInst = "m_axi">   --->   Core 119 'm_axi' <Latency = 3> <II = 1> <Delay = 1.00> <Adapter> <Opcode : 'readrequnaligned' 'writerequnaligned' 'read' 'write' 'readreq' 'writereq' 'writeresp'>

State 207 <SV = 206> <Delay = 0.00>
ST_207 : Operation 507 [10/104] (3.65ns)   --->   "%empty_209 = writeresp i1 @_ssdm_op_WriteResp.m_axi.p1i128, i128 %mm_video_addr_1" [C:/TFG_Vivado/vivado/axu2cga_trd.runs/design_1_v_frmbuf_wr_0_0_synth_1/prj/sol/.autopilot/db/v_frmbuf_wr.cpp:1617]   --->   Operation 507 'writeresp' 'empty_209' <Predicate = true> <Delay = 3.65> <CoreInst = "m_axi">   --->   Core 119 'm_axi' <Latency = 3> <II = 1> <Delay = 1.00> <Adapter> <Opcode : 'readrequnaligned' 'writerequnaligned' 'read' 'write' 'readreq' 'writereq' 'writeresp'>

State 208 <SV = 207> <Delay = 0.00>
ST_208 : Operation 508 [9/104] (3.65ns)   --->   "%empty_209 = writeresp i1 @_ssdm_op_WriteResp.m_axi.p1i128, i128 %mm_video_addr_1" [C:/TFG_Vivado/vivado/axu2cga_trd.runs/design_1_v_frmbuf_wr_0_0_synth_1/prj/sol/.autopilot/db/v_frmbuf_wr.cpp:1617]   --->   Operation 508 'writeresp' 'empty_209' <Predicate = true> <Delay = 3.65> <CoreInst = "m_axi">   --->   Core 119 'm_axi' <Latency = 3> <II = 1> <Delay = 1.00> <Adapter> <Opcode : 'readrequnaligned' 'writerequnaligned' 'read' 'write' 'readreq' 'writereq' 'writeresp'>

State 209 <SV = 208> <Delay = 0.00>
ST_209 : Operation 509 [8/104] (3.65ns)   --->   "%empty_209 = writeresp i1 @_ssdm_op_WriteResp.m_axi.p1i128, i128 %mm_video_addr_1" [C:/TFG_Vivado/vivado/axu2cga_trd.runs/design_1_v_frmbuf_wr_0_0_synth_1/prj/sol/.autopilot/db/v_frmbuf_wr.cpp:1617]   --->   Operation 509 'writeresp' 'empty_209' <Predicate = true> <Delay = 3.65> <CoreInst = "m_axi">   --->   Core 119 'm_axi' <Latency = 3> <II = 1> <Delay = 1.00> <Adapter> <Opcode : 'readrequnaligned' 'writerequnaligned' 'read' 'write' 'readreq' 'writereq' 'writeresp'>

State 210 <SV = 209> <Delay = 0.00>
ST_210 : Operation 510 [7/104] (3.65ns)   --->   "%empty_209 = writeresp i1 @_ssdm_op_WriteResp.m_axi.p1i128, i128 %mm_video_addr_1" [C:/TFG_Vivado/vivado/axu2cga_trd.runs/design_1_v_frmbuf_wr_0_0_synth_1/prj/sol/.autopilot/db/v_frmbuf_wr.cpp:1617]   --->   Operation 510 'writeresp' 'empty_209' <Predicate = true> <Delay = 3.65> <CoreInst = "m_axi">   --->   Core 119 'm_axi' <Latency = 3> <II = 1> <Delay = 1.00> <Adapter> <Opcode : 'readrequnaligned' 'writerequnaligned' 'read' 'write' 'readreq' 'writereq' 'writeresp'>

State 211 <SV = 210> <Delay = 0.00>
ST_211 : Operation 511 [6/104] (3.65ns)   --->   "%empty_209 = writeresp i1 @_ssdm_op_WriteResp.m_axi.p1i128, i128 %mm_video_addr_1" [C:/TFG_Vivado/vivado/axu2cga_trd.runs/design_1_v_frmbuf_wr_0_0_synth_1/prj/sol/.autopilot/db/v_frmbuf_wr.cpp:1617]   --->   Operation 511 'writeresp' 'empty_209' <Predicate = true> <Delay = 3.65> <CoreInst = "m_axi">   --->   Core 119 'm_axi' <Latency = 3> <II = 1> <Delay = 1.00> <Adapter> <Opcode : 'readrequnaligned' 'writerequnaligned' 'read' 'write' 'readreq' 'writereq' 'writeresp'>

State 212 <SV = 211> <Delay = 0.00>
ST_212 : Operation 512 [5/104] (3.65ns)   --->   "%empty_209 = writeresp i1 @_ssdm_op_WriteResp.m_axi.p1i128, i128 %mm_video_addr_1" [C:/TFG_Vivado/vivado/axu2cga_trd.runs/design_1_v_frmbuf_wr_0_0_synth_1/prj/sol/.autopilot/db/v_frmbuf_wr.cpp:1617]   --->   Operation 512 'writeresp' 'empty_209' <Predicate = true> <Delay = 3.65> <CoreInst = "m_axi">   --->   Core 119 'm_axi' <Latency = 3> <II = 1> <Delay = 1.00> <Adapter> <Opcode : 'readrequnaligned' 'writerequnaligned' 'read' 'write' 'readreq' 'writereq' 'writeresp'>

State 213 <SV = 212> <Delay = 0.00>
ST_213 : Operation 513 [4/104] (3.65ns)   --->   "%empty_209 = writeresp i1 @_ssdm_op_WriteResp.m_axi.p1i128, i128 %mm_video_addr_1" [C:/TFG_Vivado/vivado/axu2cga_trd.runs/design_1_v_frmbuf_wr_0_0_synth_1/prj/sol/.autopilot/db/v_frmbuf_wr.cpp:1617]   --->   Operation 513 'writeresp' 'empty_209' <Predicate = true> <Delay = 3.65> <CoreInst = "m_axi">   --->   Core 119 'm_axi' <Latency = 3> <II = 1> <Delay = 1.00> <Adapter> <Opcode : 'readrequnaligned' 'writerequnaligned' 'read' 'write' 'readreq' 'writereq' 'writeresp'>

State 214 <SV = 213> <Delay = 0.00>
ST_214 : Operation 514 [3/104] (3.65ns)   --->   "%empty_209 = writeresp i1 @_ssdm_op_WriteResp.m_axi.p1i128, i128 %mm_video_addr_1" [C:/TFG_Vivado/vivado/axu2cga_trd.runs/design_1_v_frmbuf_wr_0_0_synth_1/prj/sol/.autopilot/db/v_frmbuf_wr.cpp:1617]   --->   Operation 514 'writeresp' 'empty_209' <Predicate = true> <Delay = 3.65> <CoreInst = "m_axi">   --->   Core 119 'm_axi' <Latency = 3> <II = 1> <Delay = 1.00> <Adapter> <Opcode : 'readrequnaligned' 'writerequnaligned' 'read' 'write' 'readreq' 'writereq' 'writeresp'>

State 215 <SV = 214> <Delay = 0.00>
ST_215 : Operation 515 [2/104] (3.65ns)   --->   "%empty_209 = writeresp i1 @_ssdm_op_WriteResp.m_axi.p1i128, i128 %mm_video_addr_1" [C:/TFG_Vivado/vivado/axu2cga_trd.runs/design_1_v_frmbuf_wr_0_0_synth_1/prj/sol/.autopilot/db/v_frmbuf_wr.cpp:1617]   --->   Operation 515 'writeresp' 'empty_209' <Predicate = true> <Delay = 3.65> <CoreInst = "m_axi">   --->   Core 119 'm_axi' <Latency = 3> <II = 1> <Delay = 1.00> <Adapter> <Opcode : 'readrequnaligned' 'writerequnaligned' 'read' 'write' 'readreq' 'writereq' 'writeresp'>

State 216 <SV = 215> <Delay = 3.65>
ST_216 : Operation 516 [1/104] ( I:3.65ns O:3.65ns )   --->   "%empty_209 = writeresp i1 @_ssdm_op_WriteResp.m_axi.p1i128, i128 %mm_video_addr_1" [C:/TFG_Vivado/vivado/axu2cga_trd.runs/design_1_v_frmbuf_wr_0_0_synth_1/prj/sol/.autopilot/db/v_frmbuf_wr.cpp:1617]   --->   Operation 516 'writeresp' 'empty_209' <Predicate = (and_ln1607 & !empty_207) | (and_ln1607 & !trunc_ln1594)> <Delay = 3.65> <CoreInst = "m_axi">   --->   Core 119 'm_axi' <Latency = 3> <II = 1> <Delay = 1.00> <Adapter> <Opcode : 'readrequnaligned' 'writerequnaligned' 'read' 'write' 'readreq' 'writereq' 'writeresp'>
ST_216 : Operation 517 [1/1] (0.00ns)   --->   "%br_ln1618 = br void %for.inc76" [C:/TFG_Vivado/vivado/axu2cga_trd.runs/design_1_v_frmbuf_wr_0_0_synth_1/prj/sol/.autopilot/db/v_frmbuf_wr.cpp:1618]   --->   Operation 517 'br' 'br_ln1618' <Predicate = (and_ln1607 & !empty_207) | (and_ln1607 & !trunc_ln1594)> <Delay = 0.00>
ST_216 : Operation 518 [1/1] (0.48ns)   --->   "%store_ln1586 = store i23 %add_ln1605, i23 %offsetY" [C:/TFG_Vivado/vivado/axu2cga_trd.runs/design_1_v_frmbuf_wr_0_0_synth_1/prj/sol/.autopilot/db/v_frmbuf_wr.cpp:1586]   --->   Operation 518 'store' 'store_ln1586' <Predicate = true> <Delay = 0.48>
ST_216 : Operation 519 [1/1] (0.48ns)   --->   "%store_ln1594 = store i11 %y_13, i11 %y" [C:/TFG_Vivado/vivado/axu2cga_trd.runs/design_1_v_frmbuf_wr_0_0_synth_1/prj/sol/.autopilot/db/v_frmbuf_wr.cpp:1594]   --->   Operation 519 'store' 'store_ln1594' <Predicate = true> <Delay = 0.48>
ST_216 : Operation 520 [1/1] (0.00ns)   --->   "%br_ln1594 = br void %VITIS_LOOP_1599_1" [C:/TFG_Vivado/vivado/axu2cga_trd.runs/design_1_v_frmbuf_wr_0_0_synth_1/prj/sol/.autopilot/db/v_frmbuf_wr.cpp:1594]   --->   Operation 520 'br' 'br_ln1594' <Predicate = true> <Delay = 0.00>


============================================================
+ Verbose Summary: Timing violations
============================================================
Target clock period: 5.000ns, clock uncertainty: 1.350ns.

 <State 1>: 2.106ns
The critical path consists of the following:
	wire read operation ('VideoFormat_val_read') on port 'VideoFormat_val' [16]  (0.000 ns)
	'add' operation 7 bit ('add_ln1607', C:/TFG_Vivado/vivado/axu2cga_trd.runs/design_1_v_frmbuf_wr_0_0_synth_1/prj/sol/.autopilot/db/v_frmbuf_wr.cpp:1607) [38]  (0.897 ns)
	'icmp' operation 1 bit ('icmp_ln1607_4', C:/TFG_Vivado/vivado/axu2cga_trd.runs/design_1_v_frmbuf_wr_0_0_synth_1/prj/sol/.autopilot/db/v_frmbuf_wr.cpp:1607) [51]  (0.878 ns)
	'and' operation 1 bit ('and_ln1607', C:/TFG_Vivado/vivado/axu2cga_trd.runs/design_1_v_frmbuf_wr_0_0_synth_1/prj/sol/.autopilot/db/v_frmbuf_wr.cpp:1607) [52]  (0.331 ns)

 <State 2>: 1.203ns
The critical path consists of the following:
	'load' operation 23 bit ('offsetY_load', C:/TFG_Vivado/vivado/axu2cga_trd.runs/design_1_v_frmbuf_wr_0_0_synth_1/prj/sol/.autopilot/db/v_frmbuf_wr.cpp:1605) on local variable 'offsetY', C:/TFG_Vivado/vivado/axu2cga_trd.runs/design_1_v_frmbuf_wr_0_0_synth_1/prj/sol/.autopilot/db/v_frmbuf_wr.cpp:1586 [64]  (0.000 ns)
	'add' operation 32 bit ('add_ln1599', C:/TFG_Vivado/vivado/axu2cga_trd.runs/design_1_v_frmbuf_wr_0_0_synth_1/prj/sol/.autopilot/db/v_frmbuf_wr.cpp:1599) [69]  (1.203 ns)

 <State 3>: 3.650ns
The critical path consists of the following:
	'getelementptr' operation 128 bit ('mm_video_addr', C:/TFG_Vivado/vivado/axu2cga_trd.runs/design_1_v_frmbuf_wr_0_0_synth_1/prj/sol/.autopilot/db/v_frmbuf_wr.cpp:1599) [72]  (0.000 ns)
	bus request operation ('empty', C:/TFG_Vivado/vivado/axu2cga_trd.runs/design_1_v_frmbuf_wr_0_0_synth_1/prj/sol/.autopilot/db/v_frmbuf_wr.cpp:1599) on port 'mm_video' (C:/TFG_Vivado/vivado/axu2cga_trd.runs/design_1_v_frmbuf_wr_0_0_synth_1/prj/sol/.autopilot/db/v_frmbuf_wr.cpp:1599) [73]  (3.650 ns)

 <State 4>: 1.423ns
The critical path consists of the following:
	'call' operation ('call_ln1589', C:/TFG_Vivado/vivado/axu2cga_trd.runs/design_1_v_frmbuf_wr_0_0_synth_1/prj/sol/.autopilot/db/v_frmbuf_wr.cpp:1589) to 'Bytes2AXIMMvideo_Pipeline_VITIS_LOOP_1599_1' [74]  (1.423 ns)

 <State 5>: 0.000ns
The critical path consists of the following:

 <State 6>: 0.000ns
The critical path consists of the following:

 <State 7>: 0.000ns
The critical path consists of the following:

 <State 8>: 0.000ns
The critical path consists of the following:

 <State 9>: 0.000ns
The critical path consists of the following:

 <State 10>: 0.000ns
The critical path consists of the following:

 <State 11>: 0.000ns
The critical path consists of the following:

 <State 12>: 0.000ns
The critical path consists of the following:

 <State 13>: 0.000ns
The critical path consists of the following:

 <State 14>: 0.000ns
The critical path consists of the following:

 <State 15>: 0.000ns
The critical path consists of the following:

 <State 16>: 0.000ns
The critical path consists of the following:

 <State 17>: 0.000ns
The critical path consists of the following:

 <State 18>: 0.000ns
The critical path consists of the following:

 <State 19>: 0.000ns
The critical path consists of the following:

 <State 20>: 0.000ns
The critical path consists of the following:

 <State 21>: 0.000ns
The critical path consists of the following:

 <State 22>: 0.000ns
The critical path consists of the following:

 <State 23>: 0.000ns
The critical path consists of the following:

 <State 24>: 0.000ns
The critical path consists of the following:

 <State 25>: 0.000ns
The critical path consists of the following:

 <State 26>: 0.000ns
The critical path consists of the following:

 <State 27>: 0.000ns
The critical path consists of the following:

 <State 28>: 0.000ns
The critical path consists of the following:

 <State 29>: 0.000ns
The critical path consists of the following:

 <State 30>: 0.000ns
The critical path consists of the following:

 <State 31>: 0.000ns
The critical path consists of the following:

 <State 32>: 0.000ns
The critical path consists of the following:

 <State 33>: 0.000ns
The critical path consists of the following:

 <State 34>: 0.000ns
The critical path consists of the following:

 <State 35>: 0.000ns
The critical path consists of the following:

 <State 36>: 0.000ns
The critical path consists of the following:

 <State 37>: 0.000ns
The critical path consists of the following:

 <State 38>: 0.000ns
The critical path consists of the following:

 <State 39>: 0.000ns
The critical path consists of the following:

 <State 40>: 0.000ns
The critical path consists of the following:

 <State 41>: 0.000ns
The critical path consists of the following:

 <State 42>: 0.000ns
The critical path consists of the following:

 <State 43>: 0.000ns
The critical path consists of the following:

 <State 44>: 0.000ns
The critical path consists of the following:

 <State 45>: 0.000ns
The critical path consists of the following:

 <State 46>: 0.000ns
The critical path consists of the following:

 <State 47>: 0.000ns
The critical path consists of the following:

 <State 48>: 0.000ns
The critical path consists of the following:

 <State 49>: 0.000ns
The critical path consists of the following:

 <State 50>: 0.000ns
The critical path consists of the following:

 <State 51>: 0.000ns
The critical path consists of the following:

 <State 52>: 0.000ns
The critical path consists of the following:

 <State 53>: 0.000ns
The critical path consists of the following:

 <State 54>: 0.000ns
The critical path consists of the following:

 <State 55>: 0.000ns
The critical path consists of the following:

 <State 56>: 0.000ns
The critical path consists of the following:

 <State 57>: 0.000ns
The critical path consists of the following:

 <State 58>: 0.000ns
The critical path consists of the following:

 <State 59>: 0.000ns
The critical path consists of the following:

 <State 60>: 0.000ns
The critical path consists of the following:

 <State 61>: 0.000ns
The critical path consists of the following:

 <State 62>: 0.000ns
The critical path consists of the following:

 <State 63>: 0.000ns
The critical path consists of the following:

 <State 64>: 0.000ns
The critical path consists of the following:

 <State 65>: 0.000ns
The critical path consists of the following:

 <State 66>: 0.000ns
The critical path consists of the following:

 <State 67>: 0.000ns
The critical path consists of the following:

 <State 68>: 0.000ns
The critical path consists of the following:

 <State 69>: 0.000ns
The critical path consists of the following:

 <State 70>: 0.000ns
The critical path consists of the following:

 <State 71>: 0.000ns
The critical path consists of the following:

 <State 72>: 0.000ns
The critical path consists of the following:

 <State 73>: 0.000ns
The critical path consists of the following:

 <State 74>: 0.000ns
The critical path consists of the following:

 <State 75>: 0.000ns
The critical path consists of the following:

 <State 76>: 0.000ns
The critical path consists of the following:

 <State 77>: 0.000ns
The critical path consists of the following:

 <State 78>: 0.000ns
The critical path consists of the following:

 <State 79>: 0.000ns
The critical path consists of the following:

 <State 80>: 0.000ns
The critical path consists of the following:

 <State 81>: 0.000ns
The critical path consists of the following:

 <State 82>: 0.000ns
The critical path consists of the following:

 <State 83>: 0.000ns
The critical path consists of the following:

 <State 84>: 0.000ns
The critical path consists of the following:

 <State 85>: 0.000ns
The critical path consists of the following:

 <State 86>: 0.000ns
The critical path consists of the following:

 <State 87>: 0.000ns
The critical path consists of the following:

 <State 88>: 0.000ns
The critical path consists of the following:

 <State 89>: 0.000ns
The critical path consists of the following:

 <State 90>: 0.000ns
The critical path consists of the following:

 <State 91>: 0.000ns
The critical path consists of the following:

 <State 92>: 0.000ns
The critical path consists of the following:

 <State 93>: 0.000ns
The critical path consists of the following:

 <State 94>: 0.000ns
The critical path consists of the following:

 <State 95>: 0.000ns
The critical path consists of the following:

 <State 96>: 0.000ns
The critical path consists of the following:

 <State 97>: 0.000ns
The critical path consists of the following:

 <State 98>: 0.000ns
The critical path consists of the following:

 <State 99>: 0.000ns
The critical path consists of the following:

 <State 100>: 0.000ns
The critical path consists of the following:

 <State 101>: 0.000ns
The critical path consists of the following:

 <State 102>: 0.000ns
The critical path consists of the following:

 <State 103>: 0.000ns
The critical path consists of the following:

 <State 104>: 0.000ns
The critical path consists of the following:

 <State 105>: 0.000ns
The critical path consists of the following:

 <State 106>: 0.000ns
The critical path consists of the following:

 <State 107>: 0.000ns
The critical path consists of the following:

 <State 108>: 0.000ns
The critical path consists of the following:

 <State 109>: 3.650ns
The critical path consists of the following:
	bus response operation ('empty_197', C:/TFG_Vivado/vivado/axu2cga_trd.runs/design_1_v_frmbuf_wr_0_0_synth_1/prj/sol/.autopilot/db/v_frmbuf_wr.cpp:1605) on port 'mm_video' (C:/TFG_Vivado/vivado/axu2cga_trd.runs/design_1_v_frmbuf_wr_0_0_synth_1/prj/sol/.autopilot/db/v_frmbuf_wr.cpp:1605) [76]  (3.650 ns)

 <State 110>: 3.650ns
The critical path consists of the following:
	'getelementptr' operation 128 bit ('mm_video_addr_1', C:/TFG_Vivado/vivado/axu2cga_trd.runs/design_1_v_frmbuf_wr_0_0_synth_1/prj/sol/.autopilot/db/v_frmbuf_wr.cpp:1609) [99]  (0.000 ns)
	bus request operation ('empty_208', C:/TFG_Vivado/vivado/axu2cga_trd.runs/design_1_v_frmbuf_wr_0_0_synth_1/prj/sol/.autopilot/db/v_frmbuf_wr.cpp:1609) on port 'mm_video' (C:/TFG_Vivado/vivado/axu2cga_trd.runs/design_1_v_frmbuf_wr_0_0_synth_1/prj/sol/.autopilot/db/v_frmbuf_wr.cpp:1609) [100]  (3.650 ns)

 <State 111>: 1.423ns
The critical path consists of the following:
	'call' operation ('call_ln1589', C:/TFG_Vivado/vivado/axu2cga_trd.runs/design_1_v_frmbuf_wr_0_0_synth_1/prj/sol/.autopilot/db/v_frmbuf_wr.cpp:1589) to 'Bytes2AXIMMvideo_Pipeline_VITIS_LOOP_1609_2' [102]  (1.423 ns)

 <State 112>: 0.000ns
The critical path consists of the following:

 <State 113>: 0.000ns
The critical path consists of the following:

 <State 114>: 0.000ns
The critical path consists of the following:

 <State 115>: 0.000ns
The critical path consists of the following:

 <State 116>: 0.000ns
The critical path consists of the following:

 <State 117>: 0.000ns
The critical path consists of the following:

 <State 118>: 0.000ns
The critical path consists of the following:

 <State 119>: 0.000ns
The critical path consists of the following:

 <State 120>: 0.000ns
The critical path consists of the following:

 <State 121>: 0.000ns
The critical path consists of the following:

 <State 122>: 0.000ns
The critical path consists of the following:

 <State 123>: 0.000ns
The critical path consists of the following:

 <State 124>: 0.000ns
The critical path consists of the following:

 <State 125>: 0.000ns
The critical path consists of the following:

 <State 126>: 0.000ns
The critical path consists of the following:

 <State 127>: 0.000ns
The critical path consists of the following:

 <State 128>: 0.000ns
The critical path consists of the following:

 <State 129>: 0.000ns
The critical path consists of the following:

 <State 130>: 0.000ns
The critical path consists of the following:

 <State 131>: 0.000ns
The critical path consists of the following:

 <State 132>: 0.000ns
The critical path consists of the following:

 <State 133>: 0.000ns
The critical path consists of the following:

 <State 134>: 0.000ns
The critical path consists of the following:

 <State 135>: 0.000ns
The critical path consists of the following:

 <State 136>: 0.000ns
The critical path consists of the following:

 <State 137>: 0.000ns
The critical path consists of the following:

 <State 138>: 0.000ns
The critical path consists of the following:

 <State 139>: 0.000ns
The critical path consists of the following:

 <State 140>: 0.000ns
The critical path consists of the following:

 <State 141>: 0.000ns
The critical path consists of the following:

 <State 142>: 0.000ns
The critical path consists of the following:

 <State 143>: 0.000ns
The critical path consists of the following:

 <State 144>: 0.000ns
The critical path consists of the following:

 <State 145>: 0.000ns
The critical path consists of the following:

 <State 146>: 0.000ns
The critical path consists of the following:

 <State 147>: 0.000ns
The critical path consists of the following:

 <State 148>: 0.000ns
The critical path consists of the following:

 <State 149>: 0.000ns
The critical path consists of the following:

 <State 150>: 0.000ns
The critical path consists of the following:

 <State 151>: 0.000ns
The critical path consists of the following:

 <State 152>: 0.000ns
The critical path consists of the following:

 <State 153>: 0.000ns
The critical path consists of the following:

 <State 154>: 0.000ns
The critical path consists of the following:

 <State 155>: 0.000ns
The critical path consists of the following:

 <State 156>: 0.000ns
The critical path consists of the following:

 <State 157>: 0.000ns
The critical path consists of the following:

 <State 158>: 0.000ns
The critical path consists of the following:

 <State 159>: 0.000ns
The critical path consists of the following:

 <State 160>: 0.000ns
The critical path consists of the following:

 <State 161>: 0.000ns
The critical path consists of the following:

 <State 162>: 0.000ns
The critical path consists of the following:

 <State 163>: 0.000ns
The critical path consists of the following:

 <State 164>: 0.000ns
The critical path consists of the following:

 <State 165>: 0.000ns
The critical path consists of the following:

 <State 166>: 0.000ns
The critical path consists of the following:

 <State 167>: 0.000ns
The critical path consists of the following:

 <State 168>: 0.000ns
The critical path consists of the following:

 <State 169>: 0.000ns
The critical path consists of the following:

 <State 170>: 0.000ns
The critical path consists of the following:

 <State 171>: 0.000ns
The critical path consists of the following:

 <State 172>: 0.000ns
The critical path consists of the following:

 <State 173>: 0.000ns
The critical path consists of the following:

 <State 174>: 0.000ns
The critical path consists of the following:

 <State 175>: 0.000ns
The critical path consists of the following:

 <State 176>: 0.000ns
The critical path consists of the following:

 <State 177>: 0.000ns
The critical path consists of the following:

 <State 178>: 0.000ns
The critical path consists of the following:

 <State 179>: 0.000ns
The critical path consists of the following:

 <State 180>: 0.000ns
The critical path consists of the following:

 <State 181>: 0.000ns
The critical path consists of the following:

 <State 182>: 0.000ns
The critical path consists of the following:

 <State 183>: 0.000ns
The critical path consists of the following:

 <State 184>: 0.000ns
The critical path consists of the following:

 <State 185>: 0.000ns
The critical path consists of the following:

 <State 186>: 0.000ns
The critical path consists of the following:

 <State 187>: 0.000ns
The critical path consists of the following:

 <State 188>: 0.000ns
The critical path consists of the following:

 <State 189>: 0.000ns
The critical path consists of the following:

 <State 190>: 0.000ns
The critical path consists of the following:

 <State 191>: 0.000ns
The critical path consists of the following:

 <State 192>: 0.000ns
The critical path consists of the following:

 <State 193>: 0.000ns
The critical path consists of the following:

 <State 194>: 0.000ns
The critical path consists of the following:

 <State 195>: 0.000ns
The critical path consists of the following:

 <State 196>: 0.000ns
The critical path consists of the following:

 <State 197>: 0.000ns
The critical path consists of the following:

 <State 198>: 0.000ns
The critical path consists of the following:

 <State 199>: 0.000ns
The critical path consists of the following:

 <State 200>: 0.000ns
The critical path consists of the following:

 <State 201>: 0.000ns
The critical path consists of the following:

 <State 202>: 0.000ns
The critical path consists of the following:

 <State 203>: 0.000ns
The critical path consists of the following:

 <State 204>: 0.000ns
The critical path consists of the following:

 <State 205>: 0.000ns
The critical path consists of the following:

 <State 206>: 0.000ns
The critical path consists of the following:

 <State 207>: 0.000ns
The critical path consists of the following:

 <State 208>: 0.000ns
The critical path consists of the following:

 <State 209>: 0.000ns
The critical path consists of the following:

 <State 210>: 0.000ns
The critical path consists of the following:

 <State 211>: 0.000ns
The critical path consists of the following:

 <State 212>: 0.000ns
The critical path consists of the following:

 <State 213>: 0.000ns
The critical path consists of the following:

 <State 214>: 0.000ns
The critical path consists of the following:

 <State 215>: 0.000ns
The critical path consists of the following:

 <State 216>: 3.650ns
The critical path consists of the following:
	bus response operation ('empty_209', C:/TFG_Vivado/vivado/axu2cga_trd.runs/design_1_v_frmbuf_wr_0_0_synth_1/prj/sol/.autopilot/db/v_frmbuf_wr.cpp:1617) on port 'mm_video' (C:/TFG_Vivado/vivado/axu2cga_trd.runs/design_1_v_frmbuf_wr_0_0_synth_1/prj/sol/.autopilot/db/v_frmbuf_wr.cpp:1617) [103]  (3.650 ns)


============================================================
+ Verbose Summary: Binding
============================================================
N/A
* FSMD analyzer results:
  - Output states:
 - Input state : 
  - Chain level:
	State 1
	State 2
	State 3
	State 4
	State 5
	State 6
	State 7
	State 8
	State 9
	State 10
	State 11
	State 12
	State 13
	State 14
	State 15
	State 16
	State 17
	State 18
	State 19
	State 20
	State 21
	State 22
	State 23
	State 24
	State 25
	State 26
	State 27
	State 28
	State 29
	State 30
	State 31
	State 32
	State 33
	State 34
	State 35
	State 36
	State 37
	State 38
	State 39
	State 40
	State 41
	State 42
	State 43
	State 44
	State 45
	State 46
	State 47
	State 48
	State 49
	State 50
	State 51
	State 52
	State 53
	State 54
	State 55
	State 56
	State 57
	State 58
	State 59
	State 60
	State 61
	State 62
	State 63
	State 64
	State 65
	State 66
	State 67
	State 68
	State 69
	State 70
	State 71
	State 72
	State 73
	State 74
	State 75
	State 76
	State 77
	State 78
	State 79
	State 80
	State 81
	State 82
	State 83
	State 84
	State 85
	State 86
	State 87
	State 88
	State 89
	State 90
	State 91
	State 92
	State 93
	State 94
	State 95
	State 96
	State 97
	State 98
	State 99
	State 100
	State 101
	State 102
	State 103
	State 104
	State 105
	State 106
	State 107
	State 108
	State 109
	State 110
	State 111
	State 112
	State 113
	State 114
	State 115
	State 116
	State 117
	State 118
	State 119
	State 120
	State 121
	State 122
	State 123
	State 124
	State 125
	State 126
	State 127
	State 128
	State 129
	State 130
	State 131
	State 132
	State 133
	State 134
	State 135
	State 136
	State 137
	State 138
	State 139
	State 140
	State 141
	State 142
	State 143
	State 144
	State 145
	State 146
	State 147
	State 148
	State 149
	State 150
	State 151
	State 152
	State 153
	State 154
	State 155
	State 156
	State 157
	State 158
	State 159
	State 160
	State 161
	State 162
	State 163
	State 164
	State 165
	State 166
	State 167
	State 168
	State 169
	State 170
	State 171
	State 172
	State 173
	State 174
	State 175
	State 176
	State 177
	State 178
	State 179
	State 180
	State 181
	State 182
	State 183
	State 184
	State 185
	State 186
	State 187
	State 188
	State 189
	State 190
	State 191
	State 192
	State 193
	State 194
	State 195
	State 196
	State 197
	State 198
	State 199
	State 200
	State 201
	State 202
	State 203
	State 204
	State 205
	State 206
	State 207
	State 208
	State 209
	State 210
	State 211
	State 212
	State 213
	State 214
	State 215
	State 216


============================================================
+ Verbose Summary: Datapath Resource usage 
============================================================
N/A
