

================================================================
== Vitis HLS Report for 'MultiPixStream2Bytes_Pipeline_VITIS_LOOP_1090_11'
================================================================
* Date:           Wed Jan 21 13:02:23 2026

* Version:        2025.2 (Build 6295257 on Nov 14 2025)
* Project:        prj
* Solution:       sol (Vivado IP Flow Target)
* Product family: zynquplus
* Target device:  xczu2cg-sfvc784-1-e


================================================================
== Performance Estimates
================================================================
+ Timing: 
    * Summary: 
    +--------+---------+----------+------------+
    |  Clock |  Target | Estimated| Uncertainty|
    +--------+---------+----------+------------+
    |ap_clk  |  5.00 ns|  2.314 ns|     1.35 ns|
    +--------+---------+----------+------------+

+ Latency: 
    * Summary: 
    +---------+---------+-----------+----------+-----+-----+-------------------+
    |  Latency (cycles) |  Latency (absolute)  |  Interval |      Pipeline     |
    |   min   |   max   |    min    |    max   | min | max |        Type       |
    +---------+---------+-----------+----------+-----+-----+-------------------+
    |        3|     1923|  15.000 ns|  9.615 us|    0|    0|  loop pipeline stp|
    +---------+---------+-----------+----------+-----+-----+-------------------+

    + Detail: 
        * Instance: 
        N/A

        * Loop: 
        +----------------------+---------+---------+----------+-----------+-----------+---------+----------+
        |                      |  Latency (cycles) | Iteration|  Initiation Interval  |   Trip  |          |
        |       Loop Name      |   min   |   max   |  Latency |  achieved |   target  |  Count  | Pipelined|
        +----------------------+---------+---------+----------+-----------+-----------+---------+----------+
        |- VITIS_LOOP_1090_11  |        1|     1921|        10|          8|          8|  0 ~ 240|       yes|
        +----------------------+---------+---------+----------+-----------+-----------+---------+----------+

============================================================
+ Verbose Summary: Synthesis Manager
============================================================
InlineROM: 1
ExposeGlobal: 0
============================================================
+ Verbose Summary: CDFG Model
============================================================
IsTopModel: 0
ResetActiveHigh: 1
IsCombinational: 0
IsDatapathOnly: 0
HasWiredReturn: 1
HasMFsm: 2
HasVarLatency: 1
IsPipeline: 0
IsRtlPipelined: 0
IsInstanceOverlapped: 0
IsDontTouch: 0
HasImplIP: 0
IsGatedGlobalClock: 0

+ Individual pipeline summary: 
  * Pipeline-0: initiation interval (II) = 8, depth = 10


============================================================
+ Verbose Summary: Schedule
============================================================
* Number of FSM states : 10
* Pipeline : 1
  Pipeline-0 : II = 8, D = 10, States = { 1 2 3 4 5 6 7 8 9 10 }
* Dataflow Pipeline: 0

* FSM state transitions: 
1 --> 2 
2 --> 3 
3 --> 4 
4 --> 5 
5 --> 6 
6 --> 7 
7 --> 8 
8 --> 9 
9 --> 10 
10 --> 

* FSM state operations: 

State 1 <SV = 0> <Delay = 2.22>
ST_1 : Operation 13 [1/1] (0.00ns)   --->   "%x_3 = alloca i32 1" [C:/TFG_Vivado/vivado/axu2cga_trd.runs/design_1_v_frmbuf_wr_0_0_synth_1/prj/sol/.autopilot/db/v_frmbuf_wr.cpp:1090]   --->   Operation 13 'alloca' 'x_3' <Predicate = true> <Delay = 0.00>
ST_1 : Operation 14 [1/1] (0.00ns)   --->   "%pix_30 = alloca i32 1" [C:/TFG_Vivado/vivado/axu2cga_trd.runs/design_1_v_frmbuf_wr_0_0_synth_1/prj/sol/.autopilot/db/v_frmbuf_wr.cpp:431]   --->   Operation 14 'alloca' 'pix_30' <Predicate = true> <Delay = 0.00>
ST_1 : Operation 15 [1/1] (0.00ns)   --->   "%pix_31 = alloca i32 1" [C:/TFG_Vivado/vivado/axu2cga_trd.runs/design_1_v_frmbuf_wr_0_0_synth_1/prj/sol/.autopilot/db/v_frmbuf_wr.cpp:431]   --->   Operation 15 'alloca' 'pix_31' <Predicate = true> <Delay = 0.00>
ST_1 : Operation 16 [1/1] (0.00ns)   --->   "%pix_32 = alloca i32 1" [C:/TFG_Vivado/vivado/axu2cga_trd.runs/design_1_v_frmbuf_wr_0_0_synth_1/prj/sol/.autopilot/db/v_frmbuf_wr.cpp:431]   --->   Operation 16 'alloca' 'pix_32' <Predicate = true> <Delay = 0.00>
ST_1 : Operation 17 [1/1] (0.00ns)   --->   "%pix_33 = alloca i32 1" [C:/TFG_Vivado/vivado/axu2cga_trd.runs/design_1_v_frmbuf_wr_0_0_synth_1/prj/sol/.autopilot/db/v_frmbuf_wr.cpp:431]   --->   Operation 17 'alloca' 'pix_33' <Predicate = true> <Delay = 0.00>
ST_1 : Operation 18 [1/1] (0.00ns)   --->   "%pix_38 = alloca i32 1" [C:/TFG_Vivado/vivado/axu2cga_trd.runs/design_1_v_frmbuf_wr_0_0_synth_1/prj/sol/.autopilot/db/v_frmbuf_wr.cpp:431]   --->   Operation 18 'alloca' 'pix_38' <Predicate = true> <Delay = 0.00>
ST_1 : Operation 19 [1/1] (0.00ns)   --->   "%pix_39 = alloca i32 1" [C:/TFG_Vivado/vivado/axu2cga_trd.runs/design_1_v_frmbuf_wr_0_0_synth_1/prj/sol/.autopilot/db/v_frmbuf_wr.cpp:431]   --->   Operation 19 'alloca' 'pix_39' <Predicate = true> <Delay = 0.00>
ST_1 : Operation 20 [1/1] (0.00ns)   --->   "%icmp_ln1095_read = read i1 @_ssdm_op_Read.ap_auto.i1, i1 %icmp_ln1095"   --->   Operation 20 'read' 'icmp_ln1095_read' <Predicate = true> <Delay = 0.00>
ST_1 : Operation 21 [1/1] (0.00ns)   --->   "%add_ln1095_read = read i9 @_ssdm_op_Read.ap_auto.i9, i9 %add_ln1095"   --->   Operation 21 'read' 'add_ln1095_read' <Predicate = true> <Delay = 0.00>
ST_1 : Operation 22 [1/1] (0.00ns)   --->   "%icmp18_read = read i1 @_ssdm_op_Read.ap_auto.i1, i1 %icmp18"   --->   Operation 22 'read' 'icmp18_read' <Predicate = true> <Delay = 0.00>
ST_1 : Operation 23 [1/1] (0.00ns)   --->   "%icmp_ln1095_2_read = read i1 @_ssdm_op_Read.ap_auto.i1, i1 %icmp_ln1095_2"   --->   Operation 23 'read' 'icmp_ln1095_2_read' <Predicate = true> <Delay = 0.00>
ST_1 : Operation 24 [1/1] (0.00ns)   --->   "%icmp21_read = read i1 @_ssdm_op_Read.ap_auto.i1, i1 %icmp21"   --->   Operation 24 'read' 'icmp21_read' <Predicate = true> <Delay = 0.00>
ST_1 : Operation 25 [1/1] (0.00ns)   --->   "%icmp_ln1095_4_read = read i1 @_ssdm_op_Read.ap_auto.i1, i1 %icmp_ln1095_4"   --->   Operation 25 'read' 'icmp_ln1095_4_read' <Predicate = true> <Delay = 0.00>
ST_1 : Operation 26 [1/1] (0.00ns)   --->   "%icmp_ln1095_5_read = read i1 @_ssdm_op_Read.ap_auto.i1, i1 %icmp_ln1095_5"   --->   Operation 26 'read' 'icmp_ln1095_5_read' <Predicate = true> <Delay = 0.00>
ST_1 : Operation 27 [1/1] (0.00ns)   --->   "%icmp_ln1095_6_read = read i1 @_ssdm_op_Read.ap_auto.i1, i1 %icmp_ln1095_6"   --->   Operation 27 'read' 'icmp_ln1095_6_read' <Predicate = true> <Delay = 0.00>
ST_1 : Operation 28 [1/1] (0.00ns)   --->   "%icmp_ln1077_read = read i1 @_ssdm_op_Read.ap_auto.i1, i1 %icmp_ln1077"   --->   Operation 28 'read' 'icmp_ln1077_read' <Predicate = true> <Delay = 0.00>
ST_1 : Operation 29 [1/1] (0.00ns)   --->   "%tmp_2 = read i1 @_ssdm_op_Read.ap_auto.i1, i1 %empty"   --->   Operation 29 'read' 'tmp_2' <Predicate = true> <Delay = 0.00>
ST_1 : Operation 30 [1/1] (0.00ns)   --->   "%icmp_ln1110_1_read = read i1 @_ssdm_op_Read.ap_auto.i1, i1 %icmp_ln1110_1"   --->   Operation 30 'read' 'icmp_ln1110_1_read' <Predicate = true> <Delay = 0.00>
ST_1 : Operation 31 [1/1] (0.00ns)   --->   "%trunc_ln1_read = read i8 @_ssdm_op_Read.ap_auto.i8, i8 %trunc_ln1"   --->   Operation 31 'read' 'trunc_ln1_read' <Predicate = true> <Delay = 0.00>
ST_1 : Operation 32 [1/1] (0.00ns)   --->   "%pix_24_read = read i8 @_ssdm_op_Read.ap_auto.i8, i8 %pix_24"   --->   Operation 32 'read' 'pix_24_read' <Predicate = true> <Delay = 0.00>
ST_1 : Operation 33 [1/1] (0.00ns)   --->   "%pix_25_read = read i8 @_ssdm_op_Read.ap_auto.i8, i8 %pix_25"   --->   Operation 33 'read' 'pix_25_read' <Predicate = true> <Delay = 0.00>
ST_1 : Operation 34 [1/1] (0.00ns)   --->   "%pix_26_read = read i8 @_ssdm_op_Read.ap_auto.i8, i8 %pix_26"   --->   Operation 34 'read' 'pix_26_read' <Predicate = true> <Delay = 0.00>
ST_1 : Operation 35 [1/1] (0.00ns)   --->   "%pix_27_read = read i8 @_ssdm_op_Read.ap_auto.i8, i8 %pix_27"   --->   Operation 35 'read' 'pix_27_read' <Predicate = true> <Delay = 0.00>
ST_1 : Operation 36 [1/1] (0.00ns)   --->   "%pix_28_read = read i8 @_ssdm_op_Read.ap_auto.i8, i8 %pix_28"   --->   Operation 36 'read' 'pix_28_read' <Predicate = true> <Delay = 0.00>
ST_1 : Operation 37 [1/1] (0.00ns)   --->   "%pix_29_read = read i8 @_ssdm_op_Read.ap_auto.i8, i8 %pix_29"   --->   Operation 37 'read' 'pix_29_read' <Predicate = true> <Delay = 0.00>
ST_1 : Operation 38 [1/1] (0.00ns)   --->   "%specmemcore_ln0 = specmemcore void @_ssdm_op_SpecMemCore, i128 %bytePlanes_plane0, i64 666, i64 8, i64 18446744073709551615, i1 0"   --->   Operation 38 'specmemcore' 'specmemcore_ln0' <Predicate = true> <Delay = 0.00>
ST_1 : Operation 39 [1/1] (0.00ns)   --->   "%specinterface_ln0 = specinterface void @_ssdm_op_SpecInterface, i48 %img, void @empty_11, i32 0, i32 0, void @empty_29, i32 0, i32 0, void @empty_29, void @empty_29, void @empty_29, i32 0, i32 0, i32 0, i32 0, void @empty_29, void @empty_29, i32 4294967295, i32 0, i32 0, i32 0"   --->   Operation 39 'specinterface' 'specinterface_ln0' <Predicate = true> <Delay = 0.00>
ST_1 : Operation 40 [1/1] (0.00ns)   --->   "%specinterface_ln0 = specinterface void @_ssdm_op_SpecInterface, i128 %bytePlanes_plane0, void @empty_11, i32 0, i32 0, void @empty_29, i32 0, i32 0, void @empty_29, void @empty_29, void @empty_29, i32 0, i32 0, i32 0, i32 0, void @empty_29, void @empty_29, i32 4294967295, i32 0, i32 0, i32 0"   --->   Operation 40 'specinterface' 'specinterface_ln0' <Predicate = true> <Delay = 0.00>
ST_1 : Operation 41 [1/1] (0.48ns)   --->   "%store_ln431 = store i8 %pix_29_read, i8 %pix_39" [C:/TFG_Vivado/vivado/axu2cga_trd.runs/design_1_v_frmbuf_wr_0_0_synth_1/prj/sol/.autopilot/db/v_frmbuf_wr.cpp:431]   --->   Operation 41 'store' 'store_ln431' <Predicate = true> <Delay = 0.48>
ST_1 : Operation 42 [1/1] (0.48ns)   --->   "%store_ln431 = store i8 %pix_28_read, i8 %pix_38" [C:/TFG_Vivado/vivado/axu2cga_trd.runs/design_1_v_frmbuf_wr_0_0_synth_1/prj/sol/.autopilot/db/v_frmbuf_wr.cpp:431]   --->   Operation 42 'store' 'store_ln431' <Predicate = true> <Delay = 0.48>
ST_1 : Operation 43 [1/1] (0.48ns)   --->   "%store_ln431 = store i8 %pix_27_read, i8 %pix_33" [C:/TFG_Vivado/vivado/axu2cga_trd.runs/design_1_v_frmbuf_wr_0_0_synth_1/prj/sol/.autopilot/db/v_frmbuf_wr.cpp:431]   --->   Operation 43 'store' 'store_ln431' <Predicate = true> <Delay = 0.48>
ST_1 : Operation 44 [1/1] (0.48ns)   --->   "%store_ln431 = store i8 %pix_26_read, i8 %pix_32" [C:/TFG_Vivado/vivado/axu2cga_trd.runs/design_1_v_frmbuf_wr_0_0_synth_1/prj/sol/.autopilot/db/v_frmbuf_wr.cpp:431]   --->   Operation 44 'store' 'store_ln431' <Predicate = true> <Delay = 0.48>
ST_1 : Operation 45 [1/1] (0.48ns)   --->   "%store_ln431 = store i8 %pix_25_read, i8 %pix_31" [C:/TFG_Vivado/vivado/axu2cga_trd.runs/design_1_v_frmbuf_wr_0_0_synth_1/prj/sol/.autopilot/db/v_frmbuf_wr.cpp:431]   --->   Operation 45 'store' 'store_ln431' <Predicate = true> <Delay = 0.48>
ST_1 : Operation 46 [1/1] (0.48ns)   --->   "%store_ln431 = store i8 %pix_24_read, i8 %pix_30" [C:/TFG_Vivado/vivado/axu2cga_trd.runs/design_1_v_frmbuf_wr_0_0_synth_1/prj/sol/.autopilot/db/v_frmbuf_wr.cpp:431]   --->   Operation 46 'store' 'store_ln431' <Predicate = true> <Delay = 0.48>
ST_1 : Operation 47 [1/1] (0.48ns)   --->   "%store_ln1090 = store i8 0, i8 %x_3" [C:/TFG_Vivado/vivado/axu2cga_trd.runs/design_1_v_frmbuf_wr_0_0_synth_1/prj/sol/.autopilot/db/v_frmbuf_wr.cpp:1090]   --->   Operation 47 'store' 'store_ln1090' <Predicate = true> <Delay = 0.48>
ST_1 : Operation 48 [1/1] (0.00ns)   --->   "%br_ln1090 = br void %VITIS_LOOP_1093_12" [C:/TFG_Vivado/vivado/axu2cga_trd.runs/design_1_v_frmbuf_wr_0_0_synth_1/prj/sol/.autopilot/db/v_frmbuf_wr.cpp:1090]   --->   Operation 48 'br' 'br_ln1090' <Predicate = true> <Delay = 0.00>
ST_1 : Operation 49 [1/1] (0.00ns)   --->   "%x = load i8 %x_3" [C:/TFG_Vivado/vivado/axu2cga_trd.runs/design_1_v_frmbuf_wr_0_0_synth_1/prj/sol/.autopilot/db/v_frmbuf_wr.cpp:1090]   --->   Operation 49 'load' 'x' <Predicate = true> <Delay = 0.00>
ST_1 : Operation 50 [1/1] (0.00ns)   --->   "%zext_ln1090 = zext i8 %x" [C:/TFG_Vivado/vivado/axu2cga_trd.runs/design_1_v_frmbuf_wr_0_0_synth_1/prj/sol/.autopilot/db/v_frmbuf_wr.cpp:1090]   --->   Operation 50 'zext' 'zext_ln1090' <Predicate = true> <Delay = 0.00>
ST_1 : Operation 51 [1/1] (0.90ns)   --->   "%icmp_ln1090 = icmp_ult  i8 %x, i8 %trunc_ln1_read" [C:/TFG_Vivado/vivado/axu2cga_trd.runs/design_1_v_frmbuf_wr_0_0_synth_1/prj/sol/.autopilot/db/v_frmbuf_wr.cpp:1090]   --->   Operation 51 'icmp' 'icmp_ln1090' <Predicate = true> <Delay = 0.90> <CoreInst = "Cmp">   --->   Core 9 'Cmp' <Latency = 0> <II = 1> <Delay = 0.90> <FuncUnit> <Opcode : 'seteq' 'setne' 'setle' 'setge' 'setlt' 'setgt'> <InPorts = 2> <OutPorts = 1>
ST_1 : Operation 52 [1/1] (0.90ns)   --->   "%x_6 = add i8 %x, i8 1" [C:/TFG_Vivado/vivado/axu2cga_trd.runs/design_1_v_frmbuf_wr_0_0_synth_1/prj/sol/.autopilot/db/v_frmbuf_wr.cpp:1090]   --->   Operation 52 'add' 'x_6' <Predicate = true> <Delay = 0.90> <CoreInst = "Adder">   --->   Core 1 'Adder' <Latency = 0> <II = 1> <Delay = 0.90> <FuncUnit> <Opcode : 'add' 'sub'> <InPorts = 2> <OutPorts = 1>
ST_1 : Operation 53 [1/1] (0.00ns)   --->   "%br_ln1090 = br i1 %icmp_ln1090, void %for.inc439.exitStub, void %VITIS_LOOP_1093_12.split" [C:/TFG_Vivado/vivado/axu2cga_trd.runs/design_1_v_frmbuf_wr_0_0_synth_1/prj/sol/.autopilot/db/v_frmbuf_wr.cpp:1090]   --->   Operation 53 'br' 'br_ln1090' <Predicate = true> <Delay = 0.00>
ST_1 : Operation 54 [1/1] (0.00ns)   --->   "%specpipeline_ln1092 = specpipeline void @_ssdm_op_SpecPipeline, i32 8, i32 0, i32 0, i32 0, i32 4294967295, void @empty_29" [C:/TFG_Vivado/vivado/axu2cga_trd.runs/design_1_v_frmbuf_wr_0_0_synth_1/prj/sol/.autopilot/db/v_frmbuf_wr.cpp:1092]   --->   Operation 54 'specpipeline' 'specpipeline_ln1092' <Predicate = (icmp_ln1090)> <Delay = 0.00>
ST_1 : Operation 55 [1/1] (0.00ns)   --->   "%specloopname_ln1090 = specloopname void @_ssdm_op_SpecLoopName, void @empty_22" [C:/TFG_Vivado/vivado/axu2cga_trd.runs/design_1_v_frmbuf_wr_0_0_synth_1/prj/sol/.autopilot/db/v_frmbuf_wr.cpp:1090]   --->   Operation 55 'specloopname' 'specloopname_ln1090' <Predicate = (icmp_ln1090)> <Delay = 0.00>
ST_1 : Operation 56 [1/1] (0.92ns)   --->   "%icmp_ln1095_1 = icmp_slt  i9 %zext_ln1090, i9 %add_ln1095_read" [C:/TFG_Vivado/vivado/axu2cga_trd.runs/design_1_v_frmbuf_wr_0_0_synth_1/prj/sol/.autopilot/db/v_frmbuf_wr.cpp:1095]   --->   Operation 56 'icmp' 'icmp_ln1095_1' <Predicate = (icmp_ln1090)> <Delay = 0.92> <CoreInst = "Cmp">   --->   Core 9 'Cmp' <Latency = 0> <II = 1> <Delay = 0.92> <FuncUnit> <Opcode : 'seteq' 'setne' 'setle' 'setge' 'setlt' 'setgt'> <InPorts = 2> <OutPorts = 1>
ST_1 : Operation 57 [1/1] (0.33ns)   --->   "%or_ln1095 = or i1 %icmp_ln1095_1, i1 %icmp_ln1095_read" [C:/TFG_Vivado/vivado/axu2cga_trd.runs/design_1_v_frmbuf_wr_0_0_synth_1/prj/sol/.autopilot/db/v_frmbuf_wr.cpp:1095]   --->   Operation 57 'or' 'or_ln1095' <Predicate = (icmp_ln1090)> <Delay = 0.33> <CoreInst = "LogicGate">   --->   Core 74 'LogicGate' <Latency = 0> <II = 1> <Delay = 0.33> <FuncUnit> <Opcode : 'and' 'or' 'xor'> <InPorts = 2> <OutPorts = 1>
ST_1 : Operation 58 [1/1] (0.48ns)   --->   "%br_ln1095 = br i1 %or_ln1095, void %for.inc401, void %if.then373" [C:/TFG_Vivado/vivado/axu2cga_trd.runs/design_1_v_frmbuf_wr_0_0_synth_1/prj/sol/.autopilot/db/v_frmbuf_wr.cpp:1095]   --->   Operation 58 'br' 'br_ln1095' <Predicate = (icmp_ln1090)> <Delay = 0.48>
ST_1 : Operation 59 [1/1] (0.48ns)   --->   "%br_ln1096 = br void %for.inc401" [C:/TFG_Vivado/vivado/axu2cga_trd.runs/design_1_v_frmbuf_wr_0_0_synth_1/prj/sol/.autopilot/db/v_frmbuf_wr.cpp:1096]   --->   Operation 59 'br' 'br_ln1096' <Predicate = (icmp_ln1090 & or_ln1095)> <Delay = 0.48>
ST_1 : Operation 60 [1/1] (0.33ns)   --->   "%or_ln1095_1 = or i1 %icmp_ln1095_1, i1 %icmp18_read" [C:/TFG_Vivado/vivado/axu2cga_trd.runs/design_1_v_frmbuf_wr_0_0_synth_1/prj/sol/.autopilot/db/v_frmbuf_wr.cpp:1095]   --->   Operation 60 'or' 'or_ln1095_1' <Predicate = (icmp_ln1090)> <Delay = 0.33> <CoreInst = "LogicGate">   --->   Core 74 'LogicGate' <Latency = 0> <II = 1> <Delay = 0.33> <FuncUnit> <Opcode : 'and' 'or' 'xor'> <InPorts = 2> <OutPorts = 1>
ST_1 : Operation 61 [1/1] (0.48ns)   --->   "%br_ln1095 = br i1 %or_ln1095_1, void %for.inc401.1, void %if.then373.1" [C:/TFG_Vivado/vivado/axu2cga_trd.runs/design_1_v_frmbuf_wr_0_0_synth_1/prj/sol/.autopilot/db/v_frmbuf_wr.cpp:1095]   --->   Operation 61 'br' 'br_ln1095' <Predicate = (icmp_ln1090)> <Delay = 0.48>
ST_1 : Operation 62 [1/1] (0.33ns)   --->   "%or_ln1095_2 = or i1 %icmp_ln1095_1, i1 %icmp_ln1095_2_read" [C:/TFG_Vivado/vivado/axu2cga_trd.runs/design_1_v_frmbuf_wr_0_0_synth_1/prj/sol/.autopilot/db/v_frmbuf_wr.cpp:1095]   --->   Operation 62 'or' 'or_ln1095_2' <Predicate = (icmp_ln1090)> <Delay = 0.33> <CoreInst = "LogicGate">   --->   Core 74 'LogicGate' <Latency = 0> <II = 1> <Delay = 0.33> <FuncUnit> <Opcode : 'and' 'or' 'xor'> <InPorts = 2> <OutPorts = 1>
ST_1 : Operation 63 [1/1] (0.48ns)   --->   "%br_ln1095 = br i1 %or_ln1095_2, void %for.inc401.2, void %if.then373.2" [C:/TFG_Vivado/vivado/axu2cga_trd.runs/design_1_v_frmbuf_wr_0_0_synth_1/prj/sol/.autopilot/db/v_frmbuf_wr.cpp:1095]   --->   Operation 63 'br' 'br_ln1095' <Predicate = (icmp_ln1090)> <Delay = 0.48>
ST_1 : Operation 64 [1/1] (0.33ns)   --->   "%or_ln1110 = or i1 %icmp_ln1095_1, i1 %tmp_2" [C:/TFG_Vivado/vivado/axu2cga_trd.runs/design_1_v_frmbuf_wr_0_0_synth_1/prj/sol/.autopilot/db/v_frmbuf_wr.cpp:1110]   --->   Operation 64 'or' 'or_ln1110' <Predicate = (icmp_ln1090)> <Delay = 0.33> <CoreInst = "LogicGate">   --->   Core 74 'LogicGate' <Latency = 0> <II = 1> <Delay = 0.33> <FuncUnit> <Opcode : 'and' 'or' 'xor'> <InPorts = 2> <OutPorts = 1>
ST_1 : Operation 65 [1/1] (0.00ns)   --->   "%br_ln1110 = br i1 %or_ln1110, void %for.inc433.1, void %if.then424.1" [C:/TFG_Vivado/vivado/axu2cga_trd.runs/design_1_v_frmbuf_wr_0_0_synth_1/prj/sol/.autopilot/db/v_frmbuf_wr.cpp:1110]   --->   Operation 65 'br' 'br_ln1110' <Predicate = (icmp_ln1090)> <Delay = 0.00>
ST_1 : Operation 66 [1/1] (0.33ns)   --->   "%or_ln1110_1 = or i1 %icmp_ln1095_1, i1 %icmp_ln1110_1_read" [C:/TFG_Vivado/vivado/axu2cga_trd.runs/design_1_v_frmbuf_wr_0_0_synth_1/prj/sol/.autopilot/db/v_frmbuf_wr.cpp:1110]   --->   Operation 66 'or' 'or_ln1110_1' <Predicate = (icmp_ln1090)> <Delay = 0.33> <CoreInst = "LogicGate">   --->   Core 74 'LogicGate' <Latency = 0> <II = 1> <Delay = 0.33> <FuncUnit> <Opcode : 'and' 'or' 'xor'> <InPorts = 2> <OutPorts = 1>
ST_1 : Operation 67 [1/1] (0.00ns)   --->   "%br_ln1110 = br i1 %or_ln1110_1, void %for.inc433.2, void %if.then424.2" [C:/TFG_Vivado/vivado/axu2cga_trd.runs/design_1_v_frmbuf_wr_0_0_synth_1/prj/sol/.autopilot/db/v_frmbuf_wr.cpp:1110]   --->   Operation 67 'br' 'br_ln1110' <Predicate = (icmp_ln1090)> <Delay = 0.00>
ST_1 : Operation 68 [1/1] (0.48ns)   --->   "%store_ln1090 = store i8 %x_6, i8 %x_3" [C:/TFG_Vivado/vivado/axu2cga_trd.runs/design_1_v_frmbuf_wr_0_0_synth_1/prj/sol/.autopilot/db/v_frmbuf_wr.cpp:1090]   --->   Operation 68 'store' 'store_ln1090' <Predicate = (icmp_ln1090)> <Delay = 0.48>

State 2 <SV = 1> <Delay = 1.82>
ST_2 : Operation 69 [1/1] (0.00ns)   --->   "%pix = load i8 %pix_30"   --->   Operation 69 'load' 'pix' <Predicate = true> <Delay = 0.00>
ST_2 : Operation 70 [1/1] (0.00ns)   --->   "%pix_113 = load i8 %pix_31"   --->   Operation 70 'load' 'pix_113' <Predicate = true> <Delay = 0.00>
ST_2 : Operation 71 [1/1] (0.00ns)   --->   "%pix_120 = load i8 %pix_32"   --->   Operation 71 'load' 'pix_120' <Predicate = true> <Delay = 0.00>
ST_2 : Operation 72 [1/1] (0.00ns)   --->   "%pix_121 = load i8 %pix_33"   --->   Operation 72 'load' 'pix_121' <Predicate = true> <Delay = 0.00>
ST_2 : Operation 73 [1/1] (0.00ns)   --->   "%pix_122 = load i8 %pix_38"   --->   Operation 73 'load' 'pix_122' <Predicate = true> <Delay = 0.00>
ST_2 : Operation 74 [1/1] (0.00ns)   --->   "%pix_123 = load i8 %pix_39"   --->   Operation 74 'load' 'pix_123' <Predicate = true> <Delay = 0.00>
ST_2 : Operation 75 [1/1] (0.00ns)   --->   "%speclooptripcount_ln0 = speclooptripcount void @_ssdm_op_SpecLoopTripCount, i64 0, i64 240, i64 0"   --->   Operation 75 'speclooptripcount' 'speclooptripcount_ln0' <Predicate = true> <Delay = 0.00>
ST_2 : Operation 76 [1/1] ( I:1.82ns O:1.82ns )   --->   "%img_read = read i48 @_ssdm_op_Read.ap_fifo.volatile.i48P0A, i48 %img" [C:/TFG_Vivado/vivado/axu2cga_trd.runs/design_1_v_frmbuf_wr_0_0_synth_1/prj/sol/.autopilot/db/v_frmbuf_wr.cpp:1096]   --->   Operation 76 'read' 'img_read' <Predicate = (icmp_ln1090 & or_ln1095)> <Delay = 1.82> <CoreInst = "FIFO_SRL">   --->   Core 80 'FIFO_SRL' <Latency = 0> <II = 1> <Delay = 2.16> <Storage> <Opcode : 'read' 'write' 'nbread' 'nbwrite'> <Ports = 0> <Width = 48> <Depth = 2> <FIFO>
ST_2 : Operation 77 [1/1] (0.00ns)   --->   "%pix_124 = trunc i48 %img_read" [C:/TFG_Vivado/vivado/axu2cga_trd.runs/design_1_v_frmbuf_wr_0_0_synth_1/prj/sol/.autopilot/db/v_frmbuf_wr.cpp:1096]   --->   Operation 77 'trunc' 'pix_124' <Predicate = (icmp_ln1090 & or_ln1095)> <Delay = 0.00>
ST_2 : Operation 78 [1/1] (0.00ns)   --->   "%pix_64 = partselect i8 @_ssdm_op_PartSelect.i8.i48.i32.i32, i48 %img_read, i32 8, i32 15" [C:/TFG_Vivado/vivado/axu2cga_trd.runs/design_1_v_frmbuf_wr_0_0_synth_1/prj/sol/.autopilot/db/v_frmbuf_wr.cpp:1096]   --->   Operation 78 'partselect' 'pix_64' <Predicate = (icmp_ln1090 & or_ln1095)> <Delay = 0.00>
ST_2 : Operation 79 [1/1] (0.00ns)   --->   "%pix_65 = partselect i8 @_ssdm_op_PartSelect.i8.i48.i32.i32, i48 %img_read, i32 16, i32 23" [C:/TFG_Vivado/vivado/axu2cga_trd.runs/design_1_v_frmbuf_wr_0_0_synth_1/prj/sol/.autopilot/db/v_frmbuf_wr.cpp:1096]   --->   Operation 79 'partselect' 'pix_65' <Predicate = (icmp_ln1090 & or_ln1095)> <Delay = 0.00>
ST_2 : Operation 80 [1/1] (0.00ns)   --->   "%pix_70 = partselect i8 @_ssdm_op_PartSelect.i8.i48.i32.i32, i48 %img_read, i32 24, i32 31" [C:/TFG_Vivado/vivado/axu2cga_trd.runs/design_1_v_frmbuf_wr_0_0_synth_1/prj/sol/.autopilot/db/v_frmbuf_wr.cpp:1096]   --->   Operation 80 'partselect' 'pix_70' <Predicate = (icmp_ln1090 & or_ln1095)> <Delay = 0.00>
ST_2 : Operation 81 [1/1] (0.00ns)   --->   "%pix_71 = partselect i8 @_ssdm_op_PartSelect.i8.i48.i32.i32, i48 %img_read, i32 32, i32 39" [C:/TFG_Vivado/vivado/axu2cga_trd.runs/design_1_v_frmbuf_wr_0_0_synth_1/prj/sol/.autopilot/db/v_frmbuf_wr.cpp:1096]   --->   Operation 81 'partselect' 'pix_71' <Predicate = (icmp_ln1090 & or_ln1095)> <Delay = 0.00>
ST_2 : Operation 82 [1/1] (0.00ns)   --->   "%pix_72 = partselect i8 @_ssdm_op_PartSelect.i8.i48.i32.i32, i48 %img_read, i32 40, i32 47" [C:/TFG_Vivado/vivado/axu2cga_trd.runs/design_1_v_frmbuf_wr_0_0_synth_1/prj/sol/.autopilot/db/v_frmbuf_wr.cpp:1096]   --->   Operation 82 'partselect' 'pix_72' <Predicate = (icmp_ln1090 & or_ln1095)> <Delay = 0.00>
ST_2 : Operation 83 [1/1] (0.00ns)   --->   "%pix_83 = phi i8 %pix_72, void %if.then373, i8 %pix_123, void %VITIS_LOOP_1093_12.split"   --->   Operation 83 'phi' 'pix_83' <Predicate = (icmp_ln1090)> <Delay = 0.00>
ST_2 : Operation 84 [1/1] (0.00ns)   --->   "%pix_82 = phi i8 %pix_71, void %if.then373, i8 %pix_122, void %VITIS_LOOP_1093_12.split"   --->   Operation 84 'phi' 'pix_82' <Predicate = (icmp_ln1090)> <Delay = 0.00>
ST_2 : Operation 85 [1/1] (0.00ns)   --->   "%pix_81 = phi i8 %pix_70, void %if.then373, i8 %pix_121, void %VITIS_LOOP_1093_12.split"   --->   Operation 85 'phi' 'pix_81' <Predicate = (icmp_ln1090)> <Delay = 0.00>
ST_2 : Operation 86 [1/1] (0.00ns)   --->   "%pix_80 = phi i8 %pix_65, void %if.then373, i8 %pix_120, void %VITIS_LOOP_1093_12.split"   --->   Operation 86 'phi' 'pix_80' <Predicate = (icmp_ln1090)> <Delay = 0.00>
ST_2 : Operation 87 [1/1] (0.00ns)   --->   "%pix_79 = phi i8 %pix_64, void %if.then373, i8 %pix_113, void %VITIS_LOOP_1093_12.split"   --->   Operation 87 'phi' 'pix_79' <Predicate = (icmp_ln1090)> <Delay = 0.00>
ST_2 : Operation 88 [1/1] (0.00ns)   --->   "%pix_78 = phi i8 %pix_124, void %if.then373, i8 %pix, void %VITIS_LOOP_1093_12.split"   --->   Operation 88 'phi' 'pix_78' <Predicate = (icmp_ln1090)> <Delay = 0.00>
ST_2 : Operation 89 [1/1] (0.48ns)   --->   "%br_ln1096 = br void %for.inc401.1" [C:/TFG_Vivado/vivado/axu2cga_trd.runs/design_1_v_frmbuf_wr_0_0_synth_1/prj/sol/.autopilot/db/v_frmbuf_wr.cpp:1096]   --->   Operation 89 'br' 'br_ln1096' <Predicate = (icmp_ln1090 & or_ln1095_1)> <Delay = 0.48>
ST_2 : Operation 212 [1/1] (0.00ns)   --->   "%store_ln0 = store i8 %pix_123, i8 %pix_39_out"   --->   Operation 212 'store' 'store_ln0' <Predicate = (!icmp_ln1090)> <Delay = 0.00>
ST_2 : Operation 213 [1/1] (0.00ns)   --->   "%store_ln0 = store i8 %pix_122, i8 %pix_38_out"   --->   Operation 213 'store' 'store_ln0' <Predicate = (!icmp_ln1090)> <Delay = 0.00>
ST_2 : Operation 214 [1/1] (0.00ns)   --->   "%store_ln0 = store i8 %pix_121, i8 %pix_33_out"   --->   Operation 214 'store' 'store_ln0' <Predicate = (!icmp_ln1090)> <Delay = 0.00>
ST_2 : Operation 215 [1/1] (0.00ns)   --->   "%store_ln0 = store i8 %pix_120, i8 %pix_32_out"   --->   Operation 215 'store' 'store_ln0' <Predicate = (!icmp_ln1090)> <Delay = 0.00>
ST_2 : Operation 216 [1/1] (0.00ns)   --->   "%store_ln0 = store i8 %pix_113, i8 %pix_31_out"   --->   Operation 216 'store' 'store_ln0' <Predicate = (!icmp_ln1090)> <Delay = 0.00>
ST_2 : Operation 217 [1/1] (0.00ns)   --->   "%store_ln0 = store i8 %pix, i8 %pix_30_out"   --->   Operation 217 'store' 'store_ln0' <Predicate = (!icmp_ln1090)> <Delay = 0.00>
ST_2 : Operation 218 [1/1] (0.48ns)   --->   "%ret_ln0 = ret"   --->   Operation 218 'ret' 'ret_ln0' <Predicate = (!icmp_ln1090)> <Delay = 0.48>

State 3 <SV = 2> <Delay = 1.82>
ST_3 : Operation 90 [1/1] ( I:1.82ns O:1.82ns )   --->   "%img_read_14 = read i48 @_ssdm_op_Read.ap_fifo.volatile.i48P0A, i48 %img" [C:/TFG_Vivado/vivado/axu2cga_trd.runs/design_1_v_frmbuf_wr_0_0_synth_1/prj/sol/.autopilot/db/v_frmbuf_wr.cpp:1096]   --->   Operation 90 'read' 'img_read_14' <Predicate = (icmp_ln1090 & or_ln1095_1)> <Delay = 1.82> <CoreInst = "FIFO_SRL">   --->   Core 80 'FIFO_SRL' <Latency = 0> <II = 1> <Delay = 2.16> <Storage> <Opcode : 'read' 'write' 'nbread' 'nbwrite'> <Ports = 0> <Width = 48> <Depth = 2> <FIFO>
ST_3 : Operation 91 [1/1] (0.00ns)   --->   "%pix_125 = trunc i48 %img_read_14" [C:/TFG_Vivado/vivado/axu2cga_trd.runs/design_1_v_frmbuf_wr_0_0_synth_1/prj/sol/.autopilot/db/v_frmbuf_wr.cpp:1096]   --->   Operation 91 'trunc' 'pix_125' <Predicate = (icmp_ln1090 & or_ln1095_1)> <Delay = 0.00>
ST_3 : Operation 92 [1/1] (0.00ns)   --->   "%pix_126 = partselect i8 @_ssdm_op_PartSelect.i8.i48.i32.i32, i48 %img_read_14, i32 8, i32 15" [C:/TFG_Vivado/vivado/axu2cga_trd.runs/design_1_v_frmbuf_wr_0_0_synth_1/prj/sol/.autopilot/db/v_frmbuf_wr.cpp:1096]   --->   Operation 92 'partselect' 'pix_126' <Predicate = (icmp_ln1090 & or_ln1095_1)> <Delay = 0.00>
ST_3 : Operation 93 [1/1] (0.00ns)   --->   "%pix_84 = partselect i8 @_ssdm_op_PartSelect.i8.i48.i32.i32, i48 %img_read_14, i32 16, i32 23" [C:/TFG_Vivado/vivado/axu2cga_trd.runs/design_1_v_frmbuf_wr_0_0_synth_1/prj/sol/.autopilot/db/v_frmbuf_wr.cpp:1096]   --->   Operation 93 'partselect' 'pix_84' <Predicate = (icmp_ln1090 & or_ln1095_1)> <Delay = 0.00>
ST_3 : Operation 94 [1/1] (0.00ns)   --->   "%pix_85 = partselect i8 @_ssdm_op_PartSelect.i8.i48.i32.i32, i48 %img_read_14, i32 24, i32 31" [C:/TFG_Vivado/vivado/axu2cga_trd.runs/design_1_v_frmbuf_wr_0_0_synth_1/prj/sol/.autopilot/db/v_frmbuf_wr.cpp:1096]   --->   Operation 94 'partselect' 'pix_85' <Predicate = (icmp_ln1090 & or_ln1095_1)> <Delay = 0.00>
ST_3 : Operation 95 [1/1] (0.00ns)   --->   "%pix_86 = partselect i8 @_ssdm_op_PartSelect.i8.i48.i32.i32, i48 %img_read_14, i32 32, i32 39" [C:/TFG_Vivado/vivado/axu2cga_trd.runs/design_1_v_frmbuf_wr_0_0_synth_1/prj/sol/.autopilot/db/v_frmbuf_wr.cpp:1096]   --->   Operation 95 'partselect' 'pix_86' <Predicate = (icmp_ln1090 & or_ln1095_1)> <Delay = 0.00>
ST_3 : Operation 96 [1/1] (0.00ns)   --->   "%pix_87 = partselect i8 @_ssdm_op_PartSelect.i8.i48.i32.i32, i48 %img_read_14, i32 40, i32 47" [C:/TFG_Vivado/vivado/axu2cga_trd.runs/design_1_v_frmbuf_wr_0_0_synth_1/prj/sol/.autopilot/db/v_frmbuf_wr.cpp:1096]   --->   Operation 96 'partselect' 'pix_87' <Predicate = (icmp_ln1090 & or_ln1095_1)> <Delay = 0.00>
ST_3 : Operation 97 [1/1] (0.00ns)   --->   "%pix_119 = phi i8 %pix_87, void %if.then373.1, i8 %pix_83, void %for.inc401"   --->   Operation 97 'phi' 'pix_119' <Predicate = (icmp_ln1090)> <Delay = 0.00>
ST_3 : Operation 98 [1/1] (0.00ns)   --->   "%pix_118 = phi i8 %pix_86, void %if.then373.1, i8 %pix_82, void %for.inc401"   --->   Operation 98 'phi' 'pix_118' <Predicate = (icmp_ln1090)> <Delay = 0.00>
ST_3 : Operation 99 [1/1] (0.00ns)   --->   "%pix_117 = phi i8 %pix_85, void %if.then373.1, i8 %pix_81, void %for.inc401"   --->   Operation 99 'phi' 'pix_117' <Predicate = (icmp_ln1090)> <Delay = 0.00>
ST_3 : Operation 100 [1/1] (0.00ns)   --->   "%pix_116 = phi i8 %pix_84, void %if.then373.1, i8 %pix_80, void %for.inc401"   --->   Operation 100 'phi' 'pix_116' <Predicate = (icmp_ln1090)> <Delay = 0.00>
ST_3 : Operation 101 [1/1] (0.00ns)   --->   "%pix_115 = phi i8 %pix_126, void %if.then373.1, i8 %pix_79, void %for.inc401"   --->   Operation 101 'phi' 'pix_115' <Predicate = (icmp_ln1090)> <Delay = 0.00>
ST_3 : Operation 102 [1/1] (0.00ns)   --->   "%pix_114 = phi i8 %pix_125, void %if.then373.1, i8 %pix_78, void %for.inc401"   --->   Operation 102 'phi' 'pix_114' <Predicate = (icmp_ln1090)> <Delay = 0.00>
ST_3 : Operation 103 [1/1] (0.48ns)   --->   "%br_ln1096 = br void %for.inc401.2" [C:/TFG_Vivado/vivado/axu2cga_trd.runs/design_1_v_frmbuf_wr_0_0_synth_1/prj/sol/.autopilot/db/v_frmbuf_wr.cpp:1096]   --->   Operation 103 'br' 'br_ln1096' <Predicate = (icmp_ln1090 & or_ln1095_2)> <Delay = 0.48>
ST_3 : Operation 104 [1/1] (0.33ns)   --->   "%or_ln1095_3 = or i1 %icmp_ln1095_1, i1 %icmp21_read" [C:/TFG_Vivado/vivado/axu2cga_trd.runs/design_1_v_frmbuf_wr_0_0_synth_1/prj/sol/.autopilot/db/v_frmbuf_wr.cpp:1095]   --->   Operation 104 'or' 'or_ln1095_3' <Predicate = (icmp_ln1090)> <Delay = 0.33> <CoreInst = "LogicGate">   --->   Core 74 'LogicGate' <Latency = 0> <II = 1> <Delay = 0.33> <FuncUnit> <Opcode : 'and' 'or' 'xor'> <InPorts = 2> <OutPorts = 1>
ST_3 : Operation 105 [1/1] (0.48ns)   --->   "%br_ln1095 = br i1 %or_ln1095_3, void %for.inc401.3, void %if.then373.3" [C:/TFG_Vivado/vivado/axu2cga_trd.runs/design_1_v_frmbuf_wr_0_0_synth_1/prj/sol/.autopilot/db/v_frmbuf_wr.cpp:1095]   --->   Operation 105 'br' 'br_ln1095' <Predicate = (icmp_ln1090)> <Delay = 0.48>

State 4 <SV = 3> <Delay = 1.82>
ST_4 : Operation 106 [1/1] ( I:1.82ns O:1.82ns )   --->   "%img_read_15 = read i48 @_ssdm_op_Read.ap_fifo.volatile.i48P0A, i48 %img" [C:/TFG_Vivado/vivado/axu2cga_trd.runs/design_1_v_frmbuf_wr_0_0_synth_1/prj/sol/.autopilot/db/v_frmbuf_wr.cpp:1096]   --->   Operation 106 'read' 'img_read_15' <Predicate = (icmp_ln1090 & or_ln1095_2)> <Delay = 1.82> <CoreInst = "FIFO_SRL">   --->   Core 80 'FIFO_SRL' <Latency = 0> <II = 1> <Delay = 2.16> <Storage> <Opcode : 'read' 'write' 'nbread' 'nbwrite'> <Ports = 0> <Width = 48> <Depth = 2> <FIFO>
ST_4 : Operation 107 [1/1] (0.00ns)   --->   "%pix_127 = trunc i48 %img_read_15" [C:/TFG_Vivado/vivado/axu2cga_trd.runs/design_1_v_frmbuf_wr_0_0_synth_1/prj/sol/.autopilot/db/v_frmbuf_wr.cpp:1096]   --->   Operation 107 'trunc' 'pix_127' <Predicate = (icmp_ln1090 & or_ln1095_2)> <Delay = 0.00>
ST_4 : Operation 108 [1/1] (0.00ns)   --->   "%pix_128 = partselect i8 @_ssdm_op_PartSelect.i8.i48.i32.i32, i48 %img_read_15, i32 8, i32 15" [C:/TFG_Vivado/vivado/axu2cga_trd.runs/design_1_v_frmbuf_wr_0_0_synth_1/prj/sol/.autopilot/db/v_frmbuf_wr.cpp:1096]   --->   Operation 108 'partselect' 'pix_128' <Predicate = (icmp_ln1090 & or_ln1095_2)> <Delay = 0.00>
ST_4 : Operation 109 [1/1] (0.00ns)   --->   "%pix_88 = partselect i8 @_ssdm_op_PartSelect.i8.i48.i32.i32, i48 %img_read_15, i32 16, i32 23" [C:/TFG_Vivado/vivado/axu2cga_trd.runs/design_1_v_frmbuf_wr_0_0_synth_1/prj/sol/.autopilot/db/v_frmbuf_wr.cpp:1096]   --->   Operation 109 'partselect' 'pix_88' <Predicate = (icmp_ln1090 & or_ln1095_2)> <Delay = 0.00>
ST_4 : Operation 110 [1/1] (0.00ns)   --->   "%pix_89 = partselect i8 @_ssdm_op_PartSelect.i8.i48.i32.i32, i48 %img_read_15, i32 24, i32 31" [C:/TFG_Vivado/vivado/axu2cga_trd.runs/design_1_v_frmbuf_wr_0_0_synth_1/prj/sol/.autopilot/db/v_frmbuf_wr.cpp:1096]   --->   Operation 110 'partselect' 'pix_89' <Predicate = (icmp_ln1090 & or_ln1095_2)> <Delay = 0.00>
ST_4 : Operation 111 [1/1] (0.00ns)   --->   "%pix_90 = partselect i8 @_ssdm_op_PartSelect.i8.i48.i32.i32, i48 %img_read_15, i32 32, i32 39" [C:/TFG_Vivado/vivado/axu2cga_trd.runs/design_1_v_frmbuf_wr_0_0_synth_1/prj/sol/.autopilot/db/v_frmbuf_wr.cpp:1096]   --->   Operation 111 'partselect' 'pix_90' <Predicate = (icmp_ln1090 & or_ln1095_2)> <Delay = 0.00>
ST_4 : Operation 112 [1/1] (0.00ns)   --->   "%pix_91 = partselect i8 @_ssdm_op_PartSelect.i8.i48.i32.i32, i48 %img_read_15, i32 40, i32 47" [C:/TFG_Vivado/vivado/axu2cga_trd.runs/design_1_v_frmbuf_wr_0_0_synth_1/prj/sol/.autopilot/db/v_frmbuf_wr.cpp:1096]   --->   Operation 112 'partselect' 'pix_91' <Predicate = (icmp_ln1090 & or_ln1095_2)> <Delay = 0.00>
ST_4 : Operation 113 [1/1] (0.00ns)   --->   "%pix_134 = phi i8 %pix_91, void %if.then373.2, i8 %pix_119, void %for.inc401.1"   --->   Operation 113 'phi' 'pix_134' <Predicate = (icmp_ln1090)> <Delay = 0.00>
ST_4 : Operation 114 [1/1] (0.00ns)   --->   "%pix_133 = phi i8 %pix_90, void %if.then373.2, i8 %pix_118, void %for.inc401.1"   --->   Operation 114 'phi' 'pix_133' <Predicate = (icmp_ln1090)> <Delay = 0.00>
ST_4 : Operation 115 [1/1] (0.00ns)   --->   "%pix_132 = phi i8 %pix_89, void %if.then373.2, i8 %pix_117, void %for.inc401.1"   --->   Operation 115 'phi' 'pix_132' <Predicate = (icmp_ln1090)> <Delay = 0.00>
ST_4 : Operation 116 [1/1] (0.00ns)   --->   "%pix_131 = phi i8 %pix_88, void %if.then373.2, i8 %pix_116, void %for.inc401.1"   --->   Operation 116 'phi' 'pix_131' <Predicate = (icmp_ln1090)> <Delay = 0.00>
ST_4 : Operation 117 [1/1] (0.00ns)   --->   "%pix_130 = phi i8 %pix_128, void %if.then373.2, i8 %pix_115, void %for.inc401.1"   --->   Operation 117 'phi' 'pix_130' <Predicate = (icmp_ln1090)> <Delay = 0.00>
ST_4 : Operation 118 [1/1] (0.00ns)   --->   "%pix_129 = phi i8 %pix_127, void %if.then373.2, i8 %pix_114, void %for.inc401.1"   --->   Operation 118 'phi' 'pix_129' <Predicate = (icmp_ln1090)> <Delay = 0.00>
ST_4 : Operation 119 [1/1] (0.48ns)   --->   "%br_ln1096 = br void %for.inc401.3" [C:/TFG_Vivado/vivado/axu2cga_trd.runs/design_1_v_frmbuf_wr_0_0_synth_1/prj/sol/.autopilot/db/v_frmbuf_wr.cpp:1096]   --->   Operation 119 'br' 'br_ln1096' <Predicate = (icmp_ln1090 & or_ln1095_3)> <Delay = 0.48>
ST_4 : Operation 120 [1/1] (0.33ns)   --->   "%or_ln1095_4 = or i1 %icmp_ln1095_1, i1 %icmp_ln1095_4_read" [C:/TFG_Vivado/vivado/axu2cga_trd.runs/design_1_v_frmbuf_wr_0_0_synth_1/prj/sol/.autopilot/db/v_frmbuf_wr.cpp:1095]   --->   Operation 120 'or' 'or_ln1095_4' <Predicate = (icmp_ln1090)> <Delay = 0.33> <CoreInst = "LogicGate">   --->   Core 74 'LogicGate' <Latency = 0> <II = 1> <Delay = 0.33> <FuncUnit> <Opcode : 'and' 'or' 'xor'> <InPorts = 2> <OutPorts = 1>
ST_4 : Operation 121 [1/1] (0.48ns)   --->   "%br_ln1095 = br i1 %or_ln1095_4, void %for.inc401.4, void %if.then373.4" [C:/TFG_Vivado/vivado/axu2cga_trd.runs/design_1_v_frmbuf_wr_0_0_synth_1/prj/sol/.autopilot/db/v_frmbuf_wr.cpp:1095]   --->   Operation 121 'br' 'br_ln1095' <Predicate = (icmp_ln1090)> <Delay = 0.48>
ST_4 : Operation 122 [1/1] (0.33ns)   --->   "%or_ln1095_5 = or i1 %icmp_ln1095_1, i1 %icmp_ln1095_5_read" [C:/TFG_Vivado/vivado/axu2cga_trd.runs/design_1_v_frmbuf_wr_0_0_synth_1/prj/sol/.autopilot/db/v_frmbuf_wr.cpp:1095]   --->   Operation 122 'or' 'or_ln1095_5' <Predicate = (icmp_ln1090)> <Delay = 0.33> <CoreInst = "LogicGate">   --->   Core 74 'LogicGate' <Latency = 0> <II = 1> <Delay = 0.33> <FuncUnit> <Opcode : 'and' 'or' 'xor'> <InPorts = 2> <OutPorts = 1>
ST_4 : Operation 123 [1/1] (0.33ns)   --->   "%or_ln1095_6 = or i1 %icmp_ln1095_1, i1 %icmp_ln1095_6_read" [C:/TFG_Vivado/vivado/axu2cga_trd.runs/design_1_v_frmbuf_wr_0_0_synth_1/prj/sol/.autopilot/db/v_frmbuf_wr.cpp:1095]   --->   Operation 123 'or' 'or_ln1095_6' <Predicate = (icmp_ln1090)> <Delay = 0.33> <CoreInst = "LogicGate">   --->   Core 74 'LogicGate' <Latency = 0> <II = 1> <Delay = 0.33> <FuncUnit> <Opcode : 'and' 'or' 'xor'> <InPorts = 2> <OutPorts = 1>
ST_4 : Operation 124 [1/1] (0.33ns)   --->   "%or_ln1095_7 = or i1 %icmp_ln1095_1, i1 %icmp_ln1077_read" [C:/TFG_Vivado/vivado/axu2cga_trd.runs/design_1_v_frmbuf_wr_0_0_synth_1/prj/sol/.autopilot/db/v_frmbuf_wr.cpp:1095]   --->   Operation 124 'or' 'or_ln1095_7' <Predicate = (icmp_ln1090)> <Delay = 0.33> <CoreInst = "LogicGate">   --->   Core 74 'LogicGate' <Latency = 0> <II = 1> <Delay = 0.33> <FuncUnit> <Opcode : 'and' 'or' 'xor'> <InPorts = 2> <OutPorts = 1>

State 5 <SV = 4> <Delay = 1.82>
ST_5 : Operation 125 [1/1] ( I:1.82ns O:1.82ns )   --->   "%img_read_16 = read i48 @_ssdm_op_Read.ap_fifo.volatile.i48P0A, i48 %img" [C:/TFG_Vivado/vivado/axu2cga_trd.runs/design_1_v_frmbuf_wr_0_0_synth_1/prj/sol/.autopilot/db/v_frmbuf_wr.cpp:1096]   --->   Operation 125 'read' 'img_read_16' <Predicate = (icmp_ln1090 & or_ln1095_3)> <Delay = 1.82> <CoreInst = "FIFO_SRL">   --->   Core 80 'FIFO_SRL' <Latency = 0> <II = 1> <Delay = 2.16> <Storage> <Opcode : 'read' 'write' 'nbread' 'nbwrite'> <Ports = 0> <Width = 48> <Depth = 2> <FIFO>
ST_5 : Operation 126 [1/1] (0.00ns)   --->   "%pix_135 = trunc i48 %img_read_16" [C:/TFG_Vivado/vivado/axu2cga_trd.runs/design_1_v_frmbuf_wr_0_0_synth_1/prj/sol/.autopilot/db/v_frmbuf_wr.cpp:1096]   --->   Operation 126 'trunc' 'pix_135' <Predicate = (icmp_ln1090 & or_ln1095_3)> <Delay = 0.00>
ST_5 : Operation 127 [1/1] (0.00ns)   --->   "%pix_136 = partselect i8 @_ssdm_op_PartSelect.i8.i48.i32.i32, i48 %img_read_16, i32 8, i32 15" [C:/TFG_Vivado/vivado/axu2cga_trd.runs/design_1_v_frmbuf_wr_0_0_synth_1/prj/sol/.autopilot/db/v_frmbuf_wr.cpp:1096]   --->   Operation 127 'partselect' 'pix_136' <Predicate = (icmp_ln1090 & or_ln1095_3)> <Delay = 0.00>
ST_5 : Operation 128 [1/1] (0.00ns)   --->   "%pix_92 = partselect i8 @_ssdm_op_PartSelect.i8.i48.i32.i32, i48 %img_read_16, i32 16, i32 23" [C:/TFG_Vivado/vivado/axu2cga_trd.runs/design_1_v_frmbuf_wr_0_0_synth_1/prj/sol/.autopilot/db/v_frmbuf_wr.cpp:1096]   --->   Operation 128 'partselect' 'pix_92' <Predicate = (icmp_ln1090 & or_ln1095_3)> <Delay = 0.00>
ST_5 : Operation 129 [1/1] (0.00ns)   --->   "%pix_93 = partselect i8 @_ssdm_op_PartSelect.i8.i48.i32.i32, i48 %img_read_16, i32 24, i32 31" [C:/TFG_Vivado/vivado/axu2cga_trd.runs/design_1_v_frmbuf_wr_0_0_synth_1/prj/sol/.autopilot/db/v_frmbuf_wr.cpp:1096]   --->   Operation 129 'partselect' 'pix_93' <Predicate = (icmp_ln1090 & or_ln1095_3)> <Delay = 0.00>
ST_5 : Operation 130 [1/1] (0.00ns)   --->   "%pix_94 = partselect i8 @_ssdm_op_PartSelect.i8.i48.i32.i32, i48 %img_read_16, i32 32, i32 39" [C:/TFG_Vivado/vivado/axu2cga_trd.runs/design_1_v_frmbuf_wr_0_0_synth_1/prj/sol/.autopilot/db/v_frmbuf_wr.cpp:1096]   --->   Operation 130 'partselect' 'pix_94' <Predicate = (icmp_ln1090 & or_ln1095_3)> <Delay = 0.00>
ST_5 : Operation 131 [1/1] (0.00ns)   --->   "%pix_95 = partselect i8 @_ssdm_op_PartSelect.i8.i48.i32.i32, i48 %img_read_16, i32 40, i32 47" [C:/TFG_Vivado/vivado/axu2cga_trd.runs/design_1_v_frmbuf_wr_0_0_synth_1/prj/sol/.autopilot/db/v_frmbuf_wr.cpp:1096]   --->   Operation 131 'partselect' 'pix_95' <Predicate = (icmp_ln1090 & or_ln1095_3)> <Delay = 0.00>
ST_5 : Operation 132 [1/1] (0.00ns)   --->   "%pix_142 = phi i8 %pix_95, void %if.then373.3, i8 %pix_134, void %for.inc401.2"   --->   Operation 132 'phi' 'pix_142' <Predicate = (icmp_ln1090)> <Delay = 0.00>
ST_5 : Operation 133 [1/1] (0.00ns)   --->   "%pix_141 = phi i8 %pix_94, void %if.then373.3, i8 %pix_133, void %for.inc401.2"   --->   Operation 133 'phi' 'pix_141' <Predicate = (icmp_ln1090)> <Delay = 0.00>
ST_5 : Operation 134 [1/1] (0.00ns)   --->   "%pix_140 = phi i8 %pix_93, void %if.then373.3, i8 %pix_132, void %for.inc401.2"   --->   Operation 134 'phi' 'pix_140' <Predicate = (icmp_ln1090)> <Delay = 0.00>
ST_5 : Operation 135 [1/1] (0.00ns)   --->   "%pix_139 = phi i8 %pix_92, void %if.then373.3, i8 %pix_131, void %for.inc401.2"   --->   Operation 135 'phi' 'pix_139' <Predicate = (icmp_ln1090)> <Delay = 0.00>
ST_5 : Operation 136 [1/1] (0.00ns)   --->   "%pix_138 = phi i8 %pix_136, void %if.then373.3, i8 %pix_130, void %for.inc401.2"   --->   Operation 136 'phi' 'pix_138' <Predicate = (icmp_ln1090)> <Delay = 0.00>
ST_5 : Operation 137 [1/1] (0.00ns)   --->   "%pix_137 = phi i8 %pix_135, void %if.then373.3, i8 %pix_129, void %for.inc401.2"   --->   Operation 137 'phi' 'pix_137' <Predicate = (icmp_ln1090)> <Delay = 0.00>
ST_5 : Operation 138 [1/1] (0.48ns)   --->   "%br_ln1096 = br void %for.inc401.4" [C:/TFG_Vivado/vivado/axu2cga_trd.runs/design_1_v_frmbuf_wr_0_0_synth_1/prj/sol/.autopilot/db/v_frmbuf_wr.cpp:1096]   --->   Operation 138 'br' 'br_ln1096' <Predicate = (icmp_ln1090 & or_ln1095_4)> <Delay = 0.48>
ST_5 : Operation 139 [1/1] (0.48ns)   --->   "%br_ln1095 = br i1 %or_ln1095_5, void %for.inc401.5, void %if.then373.5" [C:/TFG_Vivado/vivado/axu2cga_trd.runs/design_1_v_frmbuf_wr_0_0_synth_1/prj/sol/.autopilot/db/v_frmbuf_wr.cpp:1095]   --->   Operation 139 'br' 'br_ln1095' <Predicate = (icmp_ln1090)> <Delay = 0.48>
ST_5 : Operation 140 [1/1] (0.00ns)   --->   "%tmp = bitconcatenate i128 @_ssdm_op_BitConcatenate.i128.i8.i8.i8.i8.i8.i8.i8.i8.i8.i8.i8.i8.i8.i8.i8.i8, i8 %pix_132, i8 %pix_131, i8 %pix_130, i8 %pix_129, i8 %pix_119, i8 %pix_118, i8 %pix_117, i8 %pix_116, i8 %pix_115, i8 %pix_114, i8 %pix_83, i8 %pix_82, i8 %pix_81, i8 %pix_80, i8 %pix_79, i8 %pix_78" [C:/TFG_Vivado/vivado/axu2cga_trd.runs/design_1_v_frmbuf_wr_0_0_synth_1/prj/sol/.autopilot/db/v_frmbuf_wr.cpp:1111]   --->   Operation 140 'bitconcatenate' 'tmp' <Predicate = (icmp_ln1090)> <Delay = 0.00>
ST_5 : Operation 141 [1/1] ( I:1.82ns O:1.82ns )   --->   "%write_ln1111 = write void @_ssdm_op_Write.ap_fifo.volatile.i128P0A, i128 %bytePlanes_plane0, i128 %tmp" [C:/TFG_Vivado/vivado/axu2cga_trd.runs/design_1_v_frmbuf_wr_0_0_synth_1/prj/sol/.autopilot/db/v_frmbuf_wr.cpp:1111]   --->   Operation 141 'write' 'write_ln1111' <Predicate = (icmp_ln1090)> <Delay = 1.82> <CoreInst = "FIFO_BRAM">   --->   Core 78 'FIFO_BRAM' <Latency = 0> <II = 1> <Delay = 1.90> <Storage> <Opcode : 'read' 'write' 'nbread' 'nbwrite'> <Ports = 0> <Width = 128> <Depth = 241> <FIFO>

State 6 <SV = 5> <Delay = 1.82>
ST_6 : Operation 142 [1/1] ( I:1.82ns O:1.82ns )   --->   "%img_read_17 = read i48 @_ssdm_op_Read.ap_fifo.volatile.i48P0A, i48 %img" [C:/TFG_Vivado/vivado/axu2cga_trd.runs/design_1_v_frmbuf_wr_0_0_synth_1/prj/sol/.autopilot/db/v_frmbuf_wr.cpp:1096]   --->   Operation 142 'read' 'img_read_17' <Predicate = (icmp_ln1090 & or_ln1095_4)> <Delay = 1.82> <CoreInst = "FIFO_SRL">   --->   Core 80 'FIFO_SRL' <Latency = 0> <II = 1> <Delay = 2.16> <Storage> <Opcode : 'read' 'write' 'nbread' 'nbwrite'> <Ports = 0> <Width = 48> <Depth = 2> <FIFO>
ST_6 : Operation 143 [1/1] (0.00ns)   --->   "%pix_143 = trunc i48 %img_read_17" [C:/TFG_Vivado/vivado/axu2cga_trd.runs/design_1_v_frmbuf_wr_0_0_synth_1/prj/sol/.autopilot/db/v_frmbuf_wr.cpp:1096]   --->   Operation 143 'trunc' 'pix_143' <Predicate = (icmp_ln1090 & or_ln1095_4)> <Delay = 0.00>
ST_6 : Operation 144 [1/1] (0.00ns)   --->   "%pix_144 = partselect i8 @_ssdm_op_PartSelect.i8.i48.i32.i32, i48 %img_read_17, i32 8, i32 15" [C:/TFG_Vivado/vivado/axu2cga_trd.runs/design_1_v_frmbuf_wr_0_0_synth_1/prj/sol/.autopilot/db/v_frmbuf_wr.cpp:1096]   --->   Operation 144 'partselect' 'pix_144' <Predicate = (icmp_ln1090 & or_ln1095_4)> <Delay = 0.00>
ST_6 : Operation 145 [1/1] (0.00ns)   --->   "%pix_96 = partselect i8 @_ssdm_op_PartSelect.i8.i48.i32.i32, i48 %img_read_17, i32 16, i32 23" [C:/TFG_Vivado/vivado/axu2cga_trd.runs/design_1_v_frmbuf_wr_0_0_synth_1/prj/sol/.autopilot/db/v_frmbuf_wr.cpp:1096]   --->   Operation 145 'partselect' 'pix_96' <Predicate = (icmp_ln1090 & or_ln1095_4)> <Delay = 0.00>
ST_6 : Operation 146 [1/1] (0.00ns)   --->   "%pix_97 = partselect i8 @_ssdm_op_PartSelect.i8.i48.i32.i32, i48 %img_read_17, i32 24, i32 31" [C:/TFG_Vivado/vivado/axu2cga_trd.runs/design_1_v_frmbuf_wr_0_0_synth_1/prj/sol/.autopilot/db/v_frmbuf_wr.cpp:1096]   --->   Operation 146 'partselect' 'pix_97' <Predicate = (icmp_ln1090 & or_ln1095_4)> <Delay = 0.00>
ST_6 : Operation 147 [1/1] (0.00ns)   --->   "%pix_98 = partselect i8 @_ssdm_op_PartSelect.i8.i48.i32.i32, i48 %img_read_17, i32 32, i32 39" [C:/TFG_Vivado/vivado/axu2cga_trd.runs/design_1_v_frmbuf_wr_0_0_synth_1/prj/sol/.autopilot/db/v_frmbuf_wr.cpp:1096]   --->   Operation 147 'partselect' 'pix_98' <Predicate = (icmp_ln1090 & or_ln1095_4)> <Delay = 0.00>
ST_6 : Operation 148 [1/1] (0.00ns)   --->   "%pix_99 = partselect i8 @_ssdm_op_PartSelect.i8.i48.i32.i32, i48 %img_read_17, i32 40, i32 47" [C:/TFG_Vivado/vivado/axu2cga_trd.runs/design_1_v_frmbuf_wr_0_0_synth_1/prj/sol/.autopilot/db/v_frmbuf_wr.cpp:1096]   --->   Operation 148 'partselect' 'pix_99' <Predicate = (icmp_ln1090 & or_ln1095_4)> <Delay = 0.00>
ST_6 : Operation 149 [1/1] (0.00ns)   --->   "%pix_150 = phi i8 %pix_99, void %if.then373.4, i8 %pix_142, void %for.inc401.3"   --->   Operation 149 'phi' 'pix_150' <Predicate = (icmp_ln1090)> <Delay = 0.00>
ST_6 : Operation 150 [1/1] (0.00ns)   --->   "%pix_149 = phi i8 %pix_98, void %if.then373.4, i8 %pix_141, void %for.inc401.3"   --->   Operation 150 'phi' 'pix_149' <Predicate = (icmp_ln1090)> <Delay = 0.00>
ST_6 : Operation 151 [1/1] (0.00ns)   --->   "%pix_148 = phi i8 %pix_97, void %if.then373.4, i8 %pix_140, void %for.inc401.3"   --->   Operation 151 'phi' 'pix_148' <Predicate = (icmp_ln1090)> <Delay = 0.00>
ST_6 : Operation 152 [1/1] (0.00ns)   --->   "%pix_147 = phi i8 %pix_96, void %if.then373.4, i8 %pix_139, void %for.inc401.3"   --->   Operation 152 'phi' 'pix_147' <Predicate = (icmp_ln1090)> <Delay = 0.00>
ST_6 : Operation 153 [1/1] (0.00ns)   --->   "%pix_146 = phi i8 %pix_144, void %if.then373.4, i8 %pix_138, void %for.inc401.3"   --->   Operation 153 'phi' 'pix_146' <Predicate = (icmp_ln1090)> <Delay = 0.00>
ST_6 : Operation 154 [1/1] (0.00ns)   --->   "%pix_145 = phi i8 %pix_143, void %if.then373.4, i8 %pix_137, void %for.inc401.3"   --->   Operation 154 'phi' 'pix_145' <Predicate = (icmp_ln1090)> <Delay = 0.00>
ST_6 : Operation 155 [1/1] (0.48ns)   --->   "%br_ln1096 = br void %for.inc401.5" [C:/TFG_Vivado/vivado/axu2cga_trd.runs/design_1_v_frmbuf_wr_0_0_synth_1/prj/sol/.autopilot/db/v_frmbuf_wr.cpp:1096]   --->   Operation 155 'br' 'br_ln1096' <Predicate = (icmp_ln1090 & or_ln1095_5)> <Delay = 0.48>
ST_6 : Operation 156 [1/1] (0.48ns)   --->   "%br_ln1095 = br i1 %or_ln1095_6, void %for.inc401.6, void %if.then373.6" [C:/TFG_Vivado/vivado/axu2cga_trd.runs/design_1_v_frmbuf_wr_0_0_synth_1/prj/sol/.autopilot/db/v_frmbuf_wr.cpp:1095]   --->   Operation 156 'br' 'br_ln1095' <Predicate = (icmp_ln1090)> <Delay = 0.48>

State 7 <SV = 6> <Delay = 1.82>
ST_7 : Operation 157 [1/1] ( I:1.82ns O:1.82ns )   --->   "%img_read_18 = read i48 @_ssdm_op_Read.ap_fifo.volatile.i48P0A, i48 %img" [C:/TFG_Vivado/vivado/axu2cga_trd.runs/design_1_v_frmbuf_wr_0_0_synth_1/prj/sol/.autopilot/db/v_frmbuf_wr.cpp:1096]   --->   Operation 157 'read' 'img_read_18' <Predicate = (icmp_ln1090 & or_ln1095_5)> <Delay = 1.82> <CoreInst = "FIFO_SRL">   --->   Core 80 'FIFO_SRL' <Latency = 0> <II = 1> <Delay = 2.16> <Storage> <Opcode : 'read' 'write' 'nbread' 'nbwrite'> <Ports = 0> <Width = 48> <Depth = 2> <FIFO>
ST_7 : Operation 158 [1/1] (0.00ns)   --->   "%pix_151 = trunc i48 %img_read_18" [C:/TFG_Vivado/vivado/axu2cga_trd.runs/design_1_v_frmbuf_wr_0_0_synth_1/prj/sol/.autopilot/db/v_frmbuf_wr.cpp:1096]   --->   Operation 158 'trunc' 'pix_151' <Predicate = (icmp_ln1090 & or_ln1095_5)> <Delay = 0.00>
ST_7 : Operation 159 [1/1] (0.00ns)   --->   "%pix_152 = partselect i8 @_ssdm_op_PartSelect.i8.i48.i32.i32, i48 %img_read_18, i32 8, i32 15" [C:/TFG_Vivado/vivado/axu2cga_trd.runs/design_1_v_frmbuf_wr_0_0_synth_1/prj/sol/.autopilot/db/v_frmbuf_wr.cpp:1096]   --->   Operation 159 'partselect' 'pix_152' <Predicate = (icmp_ln1090 & or_ln1095_5)> <Delay = 0.00>
ST_7 : Operation 160 [1/1] (0.00ns)   --->   "%pix_100 = partselect i8 @_ssdm_op_PartSelect.i8.i48.i32.i32, i48 %img_read_18, i32 16, i32 23" [C:/TFG_Vivado/vivado/axu2cga_trd.runs/design_1_v_frmbuf_wr_0_0_synth_1/prj/sol/.autopilot/db/v_frmbuf_wr.cpp:1096]   --->   Operation 160 'partselect' 'pix_100' <Predicate = (icmp_ln1090 & or_ln1095_5)> <Delay = 0.00>
ST_7 : Operation 161 [1/1] (0.00ns)   --->   "%pix_101 = partselect i8 @_ssdm_op_PartSelect.i8.i48.i32.i32, i48 %img_read_18, i32 24, i32 31" [C:/TFG_Vivado/vivado/axu2cga_trd.runs/design_1_v_frmbuf_wr_0_0_synth_1/prj/sol/.autopilot/db/v_frmbuf_wr.cpp:1096]   --->   Operation 161 'partselect' 'pix_101' <Predicate = (icmp_ln1090 & or_ln1095_5)> <Delay = 0.00>
ST_7 : Operation 162 [1/1] (0.00ns)   --->   "%pix_102 = partselect i8 @_ssdm_op_PartSelect.i8.i48.i32.i32, i48 %img_read_18, i32 32, i32 39" [C:/TFG_Vivado/vivado/axu2cga_trd.runs/design_1_v_frmbuf_wr_0_0_synth_1/prj/sol/.autopilot/db/v_frmbuf_wr.cpp:1096]   --->   Operation 162 'partselect' 'pix_102' <Predicate = (icmp_ln1090 & or_ln1095_5)> <Delay = 0.00>
ST_7 : Operation 163 [1/1] (0.00ns)   --->   "%pix_103 = partselect i8 @_ssdm_op_PartSelect.i8.i48.i32.i32, i48 %img_read_18, i32 40, i32 47" [C:/TFG_Vivado/vivado/axu2cga_trd.runs/design_1_v_frmbuf_wr_0_0_synth_1/prj/sol/.autopilot/db/v_frmbuf_wr.cpp:1096]   --->   Operation 163 'partselect' 'pix_103' <Predicate = (icmp_ln1090 & or_ln1095_5)> <Delay = 0.00>
ST_7 : Operation 164 [1/1] (0.00ns)   --->   "%pix_158 = phi i8 %pix_103, void %if.then373.5, i8 %pix_150, void %for.inc401.4"   --->   Operation 164 'phi' 'pix_158' <Predicate = (icmp_ln1090)> <Delay = 0.00>
ST_7 : Operation 165 [1/1] (0.00ns)   --->   "%pix_157 = phi i8 %pix_102, void %if.then373.5, i8 %pix_149, void %for.inc401.4"   --->   Operation 165 'phi' 'pix_157' <Predicate = (icmp_ln1090)> <Delay = 0.00>
ST_7 : Operation 166 [1/1] (0.00ns)   --->   "%pix_156 = phi i8 %pix_101, void %if.then373.5, i8 %pix_148, void %for.inc401.4"   --->   Operation 166 'phi' 'pix_156' <Predicate = (icmp_ln1090)> <Delay = 0.00>
ST_7 : Operation 167 [1/1] (0.00ns)   --->   "%pix_155 = phi i8 %pix_100, void %if.then373.5, i8 %pix_147, void %for.inc401.4"   --->   Operation 167 'phi' 'pix_155' <Predicate = (icmp_ln1090)> <Delay = 0.00>
ST_7 : Operation 168 [1/1] (0.00ns)   --->   "%pix_154 = phi i8 %pix_152, void %if.then373.5, i8 %pix_146, void %for.inc401.4"   --->   Operation 168 'phi' 'pix_154' <Predicate = (icmp_ln1090)> <Delay = 0.00>
ST_7 : Operation 169 [1/1] (0.00ns)   --->   "%pix_153 = phi i8 %pix_151, void %if.then373.5, i8 %pix_145, void %for.inc401.4"   --->   Operation 169 'phi' 'pix_153' <Predicate = (icmp_ln1090)> <Delay = 0.00>
ST_7 : Operation 170 [1/1] (0.48ns)   --->   "%br_ln1096 = br void %for.inc401.6" [C:/TFG_Vivado/vivado/axu2cga_trd.runs/design_1_v_frmbuf_wr_0_0_synth_1/prj/sol/.autopilot/db/v_frmbuf_wr.cpp:1096]   --->   Operation 170 'br' 'br_ln1096' <Predicate = (icmp_ln1090 & or_ln1095_6)> <Delay = 0.48>
ST_7 : Operation 171 [1/1] (0.48ns)   --->   "%br_ln1095 = br i1 %or_ln1095_7, void %for.inc401.7, void %if.then373.7" [C:/TFG_Vivado/vivado/axu2cga_trd.runs/design_1_v_frmbuf_wr_0_0_synth_1/prj/sol/.autopilot/db/v_frmbuf_wr.cpp:1095]   --->   Operation 171 'br' 'br_ln1095' <Predicate = (icmp_ln1090)> <Delay = 0.48>

State 8 <SV = 7> <Delay = 1.82>
ST_8 : Operation 172 [1/1] ( I:1.82ns O:1.82ns )   --->   "%img_read_19 = read i48 @_ssdm_op_Read.ap_fifo.volatile.i48P0A, i48 %img" [C:/TFG_Vivado/vivado/axu2cga_trd.runs/design_1_v_frmbuf_wr_0_0_synth_1/prj/sol/.autopilot/db/v_frmbuf_wr.cpp:1096]   --->   Operation 172 'read' 'img_read_19' <Predicate = (icmp_ln1090 & or_ln1095_6)> <Delay = 1.82> <CoreInst = "FIFO_SRL">   --->   Core 80 'FIFO_SRL' <Latency = 0> <II = 1> <Delay = 2.16> <Storage> <Opcode : 'read' 'write' 'nbread' 'nbwrite'> <Ports = 0> <Width = 48> <Depth = 2> <FIFO>
ST_8 : Operation 173 [1/1] (0.00ns)   --->   "%pix_159 = trunc i48 %img_read_19" [C:/TFG_Vivado/vivado/axu2cga_trd.runs/design_1_v_frmbuf_wr_0_0_synth_1/prj/sol/.autopilot/db/v_frmbuf_wr.cpp:1096]   --->   Operation 173 'trunc' 'pix_159' <Predicate = (icmp_ln1090 & or_ln1095_6)> <Delay = 0.00>
ST_8 : Operation 174 [1/1] (0.00ns)   --->   "%pix_160 = partselect i8 @_ssdm_op_PartSelect.i8.i48.i32.i32, i48 %img_read_19, i32 8, i32 15" [C:/TFG_Vivado/vivado/axu2cga_trd.runs/design_1_v_frmbuf_wr_0_0_synth_1/prj/sol/.autopilot/db/v_frmbuf_wr.cpp:1096]   --->   Operation 174 'partselect' 'pix_160' <Predicate = (icmp_ln1090 & or_ln1095_6)> <Delay = 0.00>
ST_8 : Operation 175 [1/1] (0.00ns)   --->   "%pix_104 = partselect i8 @_ssdm_op_PartSelect.i8.i48.i32.i32, i48 %img_read_19, i32 16, i32 23" [C:/TFG_Vivado/vivado/axu2cga_trd.runs/design_1_v_frmbuf_wr_0_0_synth_1/prj/sol/.autopilot/db/v_frmbuf_wr.cpp:1096]   --->   Operation 175 'partselect' 'pix_104' <Predicate = (icmp_ln1090 & or_ln1095_6)> <Delay = 0.00>
ST_8 : Operation 176 [1/1] (0.00ns)   --->   "%pix_105 = partselect i8 @_ssdm_op_PartSelect.i8.i48.i32.i32, i48 %img_read_19, i32 24, i32 31" [C:/TFG_Vivado/vivado/axu2cga_trd.runs/design_1_v_frmbuf_wr_0_0_synth_1/prj/sol/.autopilot/db/v_frmbuf_wr.cpp:1096]   --->   Operation 176 'partselect' 'pix_105' <Predicate = (icmp_ln1090 & or_ln1095_6)> <Delay = 0.00>
ST_8 : Operation 177 [1/1] (0.00ns)   --->   "%pix_106 = partselect i8 @_ssdm_op_PartSelect.i8.i48.i32.i32, i48 %img_read_19, i32 32, i32 39" [C:/TFG_Vivado/vivado/axu2cga_trd.runs/design_1_v_frmbuf_wr_0_0_synth_1/prj/sol/.autopilot/db/v_frmbuf_wr.cpp:1096]   --->   Operation 177 'partselect' 'pix_106' <Predicate = (icmp_ln1090 & or_ln1095_6)> <Delay = 0.00>
ST_8 : Operation 178 [1/1] (0.00ns)   --->   "%pix_107 = partselect i8 @_ssdm_op_PartSelect.i8.i48.i32.i32, i48 %img_read_19, i32 40, i32 47" [C:/TFG_Vivado/vivado/axu2cga_trd.runs/design_1_v_frmbuf_wr_0_0_synth_1/prj/sol/.autopilot/db/v_frmbuf_wr.cpp:1096]   --->   Operation 178 'partselect' 'pix_107' <Predicate = (icmp_ln1090 & or_ln1095_6)> <Delay = 0.00>
ST_8 : Operation 179 [1/1] (0.00ns)   --->   "%pix_166 = phi i8 %pix_107, void %if.then373.6, i8 %pix_158, void %for.inc401.5"   --->   Operation 179 'phi' 'pix_166' <Predicate = (icmp_ln1090)> <Delay = 0.00>
ST_8 : Operation 180 [1/1] (0.00ns)   --->   "%pix_165 = phi i8 %pix_106, void %if.then373.6, i8 %pix_157, void %for.inc401.5"   --->   Operation 180 'phi' 'pix_165' <Predicate = (icmp_ln1090)> <Delay = 0.00>
ST_8 : Operation 181 [1/1] (0.00ns)   --->   "%pix_164 = phi i8 %pix_105, void %if.then373.6, i8 %pix_156, void %for.inc401.5"   --->   Operation 181 'phi' 'pix_164' <Predicate = (icmp_ln1090)> <Delay = 0.00>
ST_8 : Operation 182 [1/1] (0.00ns)   --->   "%pix_163 = phi i8 %pix_104, void %if.then373.6, i8 %pix_155, void %for.inc401.5"   --->   Operation 182 'phi' 'pix_163' <Predicate = (icmp_ln1090)> <Delay = 0.00>
ST_8 : Operation 183 [1/1] (0.00ns)   --->   "%pix_162 = phi i8 %pix_160, void %if.then373.6, i8 %pix_154, void %for.inc401.5"   --->   Operation 183 'phi' 'pix_162' <Predicate = (icmp_ln1090)> <Delay = 0.00>
ST_8 : Operation 184 [1/1] (0.00ns)   --->   "%pix_161 = phi i8 %pix_159, void %if.then373.6, i8 %pix_153, void %for.inc401.5"   --->   Operation 184 'phi' 'pix_161' <Predicate = (icmp_ln1090)> <Delay = 0.00>
ST_8 : Operation 185 [1/1] (0.48ns)   --->   "%br_ln1096 = br void %for.inc401.7" [C:/TFG_Vivado/vivado/axu2cga_trd.runs/design_1_v_frmbuf_wr_0_0_synth_1/prj/sol/.autopilot/db/v_frmbuf_wr.cpp:1096]   --->   Operation 185 'br' 'br_ln1096' <Predicate = (icmp_ln1090 & or_ln1095_7)> <Delay = 0.48>
ST_8 : Operation 186 [1/1] (0.00ns)   --->   "%tmp_s = bitconcatenate i128 @_ssdm_op_BitConcatenate.i128.i8.i8.i8.i8.i8.i8.i8.i8.i8.i8.i8.i8.i8.i8.i8.i8, i8 %pix_154, i8 %pix_153, i8 %pix_150, i8 %pix_149, i8 %pix_148, i8 %pix_147, i8 %pix_146, i8 %pix_145, i8 %pix_142, i8 %pix_141, i8 %pix_140, i8 %pix_139, i8 %pix_138, i8 %pix_137, i8 %pix_134, i8 %pix_133" [C:/TFG_Vivado/vivado/axu2cga_trd.runs/design_1_v_frmbuf_wr_0_0_synth_1/prj/sol/.autopilot/db/v_frmbuf_wr.cpp:1111]   --->   Operation 186 'bitconcatenate' 'tmp_s' <Predicate = (icmp_ln1090 & or_ln1110)> <Delay = 0.00>
ST_8 : Operation 187 [1/1] ( I:1.82ns O:1.82ns )   --->   "%write_ln1111 = write void @_ssdm_op_Write.ap_fifo.volatile.i128P0A, i128 %bytePlanes_plane0, i128 %tmp_s" [C:/TFG_Vivado/vivado/axu2cga_trd.runs/design_1_v_frmbuf_wr_0_0_synth_1/prj/sol/.autopilot/db/v_frmbuf_wr.cpp:1111]   --->   Operation 187 'write' 'write_ln1111' <Predicate = (icmp_ln1090 & or_ln1110)> <Delay = 1.82> <CoreInst = "FIFO_BRAM">   --->   Core 78 'FIFO_BRAM' <Latency = 0> <II = 1> <Delay = 1.90> <Storage> <Opcode : 'read' 'write' 'nbread' 'nbwrite'> <Ports = 0> <Width = 128> <Depth = 241> <FIFO>
ST_8 : Operation 188 [1/1] (0.00ns)   --->   "%br_ln1111 = br void %for.inc433.1" [C:/TFG_Vivado/vivado/axu2cga_trd.runs/design_1_v_frmbuf_wr_0_0_synth_1/prj/sol/.autopilot/db/v_frmbuf_wr.cpp:1111]   --->   Operation 188 'br' 'br_ln1111' <Predicate = (icmp_ln1090 & or_ln1110)> <Delay = 0.00>

State 9 <SV = 8> <Delay = 2.31>
ST_9 : Operation 189 [1/1] ( I:1.82ns O:1.82ns )   --->   "%img_read_20 = read i48 @_ssdm_op_Read.ap_fifo.volatile.i48P0A, i48 %img" [C:/TFG_Vivado/vivado/axu2cga_trd.runs/design_1_v_frmbuf_wr_0_0_synth_1/prj/sol/.autopilot/db/v_frmbuf_wr.cpp:1096]   --->   Operation 189 'read' 'img_read_20' <Predicate = (icmp_ln1090 & or_ln1095_7)> <Delay = 1.82> <CoreInst = "FIFO_SRL">   --->   Core 80 'FIFO_SRL' <Latency = 0> <II = 1> <Delay = 2.16> <Storage> <Opcode : 'read' 'write' 'nbread' 'nbwrite'> <Ports = 0> <Width = 48> <Depth = 2> <FIFO>
ST_9 : Operation 190 [1/1] (0.00ns)   --->   "%pix_167 = trunc i48 %img_read_20" [C:/TFG_Vivado/vivado/axu2cga_trd.runs/design_1_v_frmbuf_wr_0_0_synth_1/prj/sol/.autopilot/db/v_frmbuf_wr.cpp:1096]   --->   Operation 190 'trunc' 'pix_167' <Predicate = (icmp_ln1090 & or_ln1095_7)> <Delay = 0.00>
ST_9 : Operation 191 [1/1] (0.00ns)   --->   "%pix_168 = partselect i8 @_ssdm_op_PartSelect.i8.i48.i32.i32, i48 %img_read_20, i32 8, i32 15" [C:/TFG_Vivado/vivado/axu2cga_trd.runs/design_1_v_frmbuf_wr_0_0_synth_1/prj/sol/.autopilot/db/v_frmbuf_wr.cpp:1096]   --->   Operation 191 'partselect' 'pix_168' <Predicate = (icmp_ln1090 & or_ln1095_7)> <Delay = 0.00>
ST_9 : Operation 192 [1/1] (0.00ns)   --->   "%pix_108 = partselect i8 @_ssdm_op_PartSelect.i8.i48.i32.i32, i48 %img_read_20, i32 16, i32 23" [C:/TFG_Vivado/vivado/axu2cga_trd.runs/design_1_v_frmbuf_wr_0_0_synth_1/prj/sol/.autopilot/db/v_frmbuf_wr.cpp:1096]   --->   Operation 192 'partselect' 'pix_108' <Predicate = (icmp_ln1090 & or_ln1095_7)> <Delay = 0.00>
ST_9 : Operation 193 [1/1] (0.00ns)   --->   "%pix_109 = partselect i8 @_ssdm_op_PartSelect.i8.i48.i32.i32, i48 %img_read_20, i32 24, i32 31" [C:/TFG_Vivado/vivado/axu2cga_trd.runs/design_1_v_frmbuf_wr_0_0_synth_1/prj/sol/.autopilot/db/v_frmbuf_wr.cpp:1096]   --->   Operation 193 'partselect' 'pix_109' <Predicate = (icmp_ln1090 & or_ln1095_7)> <Delay = 0.00>
ST_9 : Operation 194 [1/1] (0.00ns)   --->   "%pix_110 = partselect i8 @_ssdm_op_PartSelect.i8.i48.i32.i32, i48 %img_read_20, i32 32, i32 39" [C:/TFG_Vivado/vivado/axu2cga_trd.runs/design_1_v_frmbuf_wr_0_0_synth_1/prj/sol/.autopilot/db/v_frmbuf_wr.cpp:1096]   --->   Operation 194 'partselect' 'pix_110' <Predicate = (icmp_ln1090 & or_ln1095_7)> <Delay = 0.00>
ST_9 : Operation 195 [1/1] (0.00ns)   --->   "%pix_111 = partselect i8 @_ssdm_op_PartSelect.i8.i48.i32.i32, i48 %img_read_20, i32 40, i32 47" [C:/TFG_Vivado/vivado/axu2cga_trd.runs/design_1_v_frmbuf_wr_0_0_synth_1/prj/sol/.autopilot/db/v_frmbuf_wr.cpp:1096]   --->   Operation 195 'partselect' 'pix_111' <Predicate = (icmp_ln1090 & or_ln1095_7)> <Delay = 0.00>
ST_9 : Operation 196 [1/1] (0.00ns)   --->   "%pix_174 = phi i8 %pix_111, void %if.then373.7, i8 %pix_166, void %for.inc401.6"   --->   Operation 196 'phi' 'pix_174' <Predicate = true> <Delay = 0.00>
ST_9 : Operation 197 [1/1] (0.00ns)   --->   "%pix_173 = phi i8 %pix_110, void %if.then373.7, i8 %pix_165, void %for.inc401.6"   --->   Operation 197 'phi' 'pix_173' <Predicate = true> <Delay = 0.00>
ST_9 : Operation 198 [1/1] (0.00ns)   --->   "%pix_172 = phi i8 %pix_109, void %if.then373.7, i8 %pix_164, void %for.inc401.6"   --->   Operation 198 'phi' 'pix_172' <Predicate = true> <Delay = 0.00>
ST_9 : Operation 199 [1/1] (0.00ns)   --->   "%pix_171 = phi i8 %pix_108, void %if.then373.7, i8 %pix_163, void %for.inc401.6"   --->   Operation 199 'phi' 'pix_171' <Predicate = true> <Delay = 0.00>
ST_9 : Operation 200 [1/1] (0.00ns)   --->   "%pix_170 = phi i8 %pix_168, void %if.then373.7, i8 %pix_162, void %for.inc401.6"   --->   Operation 200 'phi' 'pix_170' <Predicate = true> <Delay = 0.00>
ST_9 : Operation 201 [1/1] (0.00ns)   --->   "%pix_169 = phi i8 %pix_167, void %if.then373.7, i8 %pix_161, void %for.inc401.6"   --->   Operation 201 'phi' 'pix_169' <Predicate = true> <Delay = 0.00>
ST_9 : Operation 202 [1/1] (0.48ns)   --->   "%store_ln431 = store i8 %pix_174, i8 %pix_39" [C:/TFG_Vivado/vivado/axu2cga_trd.runs/design_1_v_frmbuf_wr_0_0_synth_1/prj/sol/.autopilot/db/v_frmbuf_wr.cpp:431]   --->   Operation 202 'store' 'store_ln431' <Predicate = true> <Delay = 0.48>
ST_9 : Operation 203 [1/1] (0.48ns)   --->   "%store_ln431 = store i8 %pix_173, i8 %pix_38" [C:/TFG_Vivado/vivado/axu2cga_trd.runs/design_1_v_frmbuf_wr_0_0_synth_1/prj/sol/.autopilot/db/v_frmbuf_wr.cpp:431]   --->   Operation 203 'store' 'store_ln431' <Predicate = true> <Delay = 0.48>
ST_9 : Operation 204 [1/1] (0.48ns)   --->   "%store_ln431 = store i8 %pix_172, i8 %pix_33" [C:/TFG_Vivado/vivado/axu2cga_trd.runs/design_1_v_frmbuf_wr_0_0_synth_1/prj/sol/.autopilot/db/v_frmbuf_wr.cpp:431]   --->   Operation 204 'store' 'store_ln431' <Predicate = true> <Delay = 0.48>
ST_9 : Operation 205 [1/1] (0.48ns)   --->   "%store_ln431 = store i8 %pix_171, i8 %pix_32" [C:/TFG_Vivado/vivado/axu2cga_trd.runs/design_1_v_frmbuf_wr_0_0_synth_1/prj/sol/.autopilot/db/v_frmbuf_wr.cpp:431]   --->   Operation 205 'store' 'store_ln431' <Predicate = true> <Delay = 0.48>
ST_9 : Operation 206 [1/1] (0.48ns)   --->   "%store_ln431 = store i8 %pix_170, i8 %pix_31" [C:/TFG_Vivado/vivado/axu2cga_trd.runs/design_1_v_frmbuf_wr_0_0_synth_1/prj/sol/.autopilot/db/v_frmbuf_wr.cpp:431]   --->   Operation 206 'store' 'store_ln431' <Predicate = true> <Delay = 0.48>
ST_9 : Operation 207 [1/1] (0.48ns)   --->   "%store_ln431 = store i8 %pix_169, i8 %pix_30" [C:/TFG_Vivado/vivado/axu2cga_trd.runs/design_1_v_frmbuf_wr_0_0_synth_1/prj/sol/.autopilot/db/v_frmbuf_wr.cpp:431]   --->   Operation 207 'store' 'store_ln431' <Predicate = true> <Delay = 0.48>
ST_9 : Operation 208 [1/1] (0.00ns)   --->   "%br_ln1090 = br void %VITIS_LOOP_1093_12" [C:/TFG_Vivado/vivado/axu2cga_trd.runs/design_1_v_frmbuf_wr_0_0_synth_1/prj/sol/.autopilot/db/v_frmbuf_wr.cpp:1090]   --->   Operation 208 'br' 'br_ln1090' <Predicate = true> <Delay = 0.00>

State 10 <SV = 9> <Delay = 1.82>
ST_10 : Operation 209 [1/1] (0.00ns)   --->   "%tmp_1 = bitconcatenate i128 @_ssdm_op_BitConcatenate.i128.i8.i8.i8.i8.i8.i8.i8.i8.i8.i8.i8.i8.i8.i8.i8.i8, i8 %pix_174, i8 %pix_173, i8 %pix_172, i8 %pix_171, i8 %pix_170, i8 %pix_169, i8 %pix_166, i8 %pix_165, i8 %pix_164, i8 %pix_163, i8 %pix_162, i8 %pix_161, i8 %pix_158, i8 %pix_157, i8 %pix_156, i8 %pix_155" [C:/TFG_Vivado/vivado/axu2cga_trd.runs/design_1_v_frmbuf_wr_0_0_synth_1/prj/sol/.autopilot/db/v_frmbuf_wr.cpp:1111]   --->   Operation 209 'bitconcatenate' 'tmp_1' <Predicate = (or_ln1110_1)> <Delay = 0.00>
ST_10 : Operation 210 [1/1] ( I:1.82ns O:1.82ns )   --->   "%write_ln1111 = write void @_ssdm_op_Write.ap_fifo.volatile.i128P0A, i128 %bytePlanes_plane0, i128 %tmp_1" [C:/TFG_Vivado/vivado/axu2cga_trd.runs/design_1_v_frmbuf_wr_0_0_synth_1/prj/sol/.autopilot/db/v_frmbuf_wr.cpp:1111]   --->   Operation 210 'write' 'write_ln1111' <Predicate = (or_ln1110_1)> <Delay = 1.82> <CoreInst = "FIFO_BRAM">   --->   Core 78 'FIFO_BRAM' <Latency = 0> <II = 1> <Delay = 1.90> <Storage> <Opcode : 'read' 'write' 'nbread' 'nbwrite'> <Ports = 0> <Width = 128> <Depth = 241> <FIFO>
ST_10 : Operation 211 [1/1] (0.00ns)   --->   "%br_ln1111 = br void %for.inc433.2" [C:/TFG_Vivado/vivado/axu2cga_trd.runs/design_1_v_frmbuf_wr_0_0_synth_1/prj/sol/.autopilot/db/v_frmbuf_wr.cpp:1111]   --->   Operation 211 'br' 'br_ln1111' <Predicate = (or_ln1110_1)> <Delay = 0.00>


============================================================
+ Verbose Summary: Binding
============================================================
STG Binding: 
---------------- STG Properties BEGIN ----------------
- Is combinational: 0
- Is one-state seq: 0
- Is datapath-only: 0
- Is pipelined: 0
- Is top level: 0
Port [ Return ] is wired: 1; IO mode=ap_ctrl_hs:ce=0
Port [ pix_29]:  wired=1; compound=0; hidden=0; nouse=0; global=0; static=0; extern=0; dir=0; type=0; pingpong=0; private_global=0; IO mode=ap_none:ce=0
Port [ pix_28]:  wired=1; compound=0; hidden=0; nouse=0; global=0; static=0; extern=0; dir=0; type=0; pingpong=0; private_global=0; IO mode=ap_none:ce=0
Port [ pix_27]:  wired=1; compound=0; hidden=0; nouse=0; global=0; static=0; extern=0; dir=0; type=0; pingpong=0; private_global=0; IO mode=ap_none:ce=0
Port [ pix_26]:  wired=1; compound=0; hidden=0; nouse=0; global=0; static=0; extern=0; dir=0; type=0; pingpong=0; private_global=0; IO mode=ap_none:ce=0
Port [ pix_25]:  wired=1; compound=0; hidden=0; nouse=0; global=0; static=0; extern=0; dir=0; type=0; pingpong=0; private_global=0; IO mode=ap_none:ce=0
Port [ pix_24]:  wired=1; compound=0; hidden=0; nouse=0; global=0; static=0; extern=0; dir=0; type=0; pingpong=0; private_global=0; IO mode=ap_none:ce=0
Port [ trunc_ln1]:  wired=1; compound=0; hidden=0; nouse=0; global=0; static=0; extern=0; dir=0; type=0; pingpong=0; private_global=0; IO mode=ap_stable:ce=0
Port [ icmp_ln1110_1]:  wired=1; compound=0; hidden=0; nouse=0; global=0; static=0; extern=0; dir=0; type=0; pingpong=0; private_global=0; IO mode=ap_stable:ce=0
Port [ bytePlanes_plane0]:  wired=1; compound=1; hidden=0; nouse=0; global=0; static=0; extern=0; dir=1; type=3; pingpong=0; private_global=0; IO mode=ap_fifo:ce=0
Port [ empty]:  wired=1; compound=0; hidden=0; nouse=0; global=0; static=0; extern=0; dir=0; type=0; pingpong=0; private_global=0; IO mode=ap_stable:ce=0
Port [ icmp_ln1077]:  wired=1; compound=0; hidden=0; nouse=0; global=0; static=0; extern=0; dir=0; type=0; pingpong=0; private_global=0; IO mode=ap_stable:ce=0
Port [ icmp_ln1095_6]:  wired=1; compound=0; hidden=0; nouse=0; global=0; static=0; extern=0; dir=0; type=0; pingpong=0; private_global=0; IO mode=ap_stable:ce=0
Port [ icmp_ln1095_5]:  wired=1; compound=0; hidden=0; nouse=0; global=0; static=0; extern=0; dir=0; type=0; pingpong=0; private_global=0; IO mode=ap_stable:ce=0
Port [ icmp_ln1095_4]:  wired=1; compound=0; hidden=0; nouse=0; global=0; static=0; extern=0; dir=0; type=0; pingpong=0; private_global=0; IO mode=ap_stable:ce=0
Port [ icmp21]:  wired=1; compound=0; hidden=0; nouse=0; global=0; static=0; extern=0; dir=0; type=0; pingpong=0; private_global=0; IO mode=ap_stable:ce=0
Port [ icmp_ln1095_2]:  wired=1; compound=0; hidden=0; nouse=0; global=0; static=0; extern=0; dir=0; type=0; pingpong=0; private_global=0; IO mode=ap_stable:ce=0
Port [ icmp18]:  wired=1; compound=0; hidden=0; nouse=0; global=0; static=0; extern=0; dir=0; type=0; pingpong=0; private_global=0; IO mode=ap_stable:ce=0
Port [ add_ln1095]:  wired=1; compound=0; hidden=0; nouse=0; global=0; static=0; extern=0; dir=0; type=0; pingpong=0; private_global=0; IO mode=ap_stable:ce=0
Port [ icmp_ln1095]:  wired=1; compound=0; hidden=0; nouse=0; global=0; static=0; extern=0; dir=0; type=0; pingpong=0; private_global=0; IO mode=ap_stable:ce=0
Port [ img]:  wired=1; compound=1; hidden=0; nouse=0; global=0; static=0; extern=0; dir=0; type=3; pingpong=0; private_global=0; IO mode=ap_fifo:ce=0
Port [ pix_39_out]:  wired=1; compound=0; hidden=0; nouse=0; global=0; static=0; extern=0; dir=1; type=0; pingpong=0; private_global=0; IO mode=ap_vld:ce=0
Port [ pix_38_out]:  wired=1; compound=0; hidden=0; nouse=0; global=0; static=0; extern=0; dir=1; type=0; pingpong=0; private_global=0; IO mode=ap_vld:ce=0
Port [ pix_33_out]:  wired=1; compound=0; hidden=0; nouse=0; global=0; static=0; extern=0; dir=1; type=0; pingpong=0; private_global=0; IO mode=ap_vld:ce=0
Port [ pix_32_out]:  wired=1; compound=0; hidden=0; nouse=0; global=0; static=0; extern=0; dir=1; type=0; pingpong=0; private_global=0; IO mode=ap_vld:ce=0
Port [ pix_31_out]:  wired=1; compound=0; hidden=0; nouse=0; global=0; static=0; extern=0; dir=1; type=0; pingpong=0; private_global=0; IO mode=ap_vld:ce=0
Port [ pix_30_out]:  wired=1; compound=0; hidden=0; nouse=0; global=0; static=0; extern=0; dir=1; type=0; pingpong=0; private_global=0; IO mode=ap_vld:ce=0
---------------- STG Properties END ------------------

---------------- Datapath Model BEGIN ----------------

<LifeTime>
<method=bitvector/>
x_3                   (alloca           ) [ 01000000000]
pix_30                (alloca           ) [ 01111111110]
pix_31                (alloca           ) [ 01111111110]
pix_32                (alloca           ) [ 01111111110]
pix_33                (alloca           ) [ 01111111110]
pix_38                (alloca           ) [ 01111111110]
pix_39                (alloca           ) [ 01111111110]
icmp_ln1095_read      (read             ) [ 00000000000]
add_ln1095_read       (read             ) [ 00000000000]
icmp18_read           (read             ) [ 00000000000]
icmp_ln1095_2_read    (read             ) [ 00000000000]
icmp21_read           (read             ) [ 00110000000]
icmp_ln1095_4_read    (read             ) [ 00111000000]
icmp_ln1095_5_read    (read             ) [ 00111000000]
icmp_ln1095_6_read    (read             ) [ 00111000000]
icmp_ln1077_read      (read             ) [ 00111000000]
tmp_2                 (read             ) [ 00000000000]
icmp_ln1110_1_read    (read             ) [ 00000000000]
trunc_ln1_read        (read             ) [ 00000000000]
pix_24_read           (read             ) [ 00000000000]
pix_25_read           (read             ) [ 00000000000]
pix_26_read           (read             ) [ 00000000000]
pix_27_read           (read             ) [ 00000000000]
pix_28_read           (read             ) [ 00000000000]
pix_29_read           (read             ) [ 00000000000]
specmemcore_ln0       (specmemcore      ) [ 00000000000]
specinterface_ln0     (specinterface    ) [ 00000000000]
specinterface_ln0     (specinterface    ) [ 00000000000]
store_ln431           (store            ) [ 00000000000]
store_ln431           (store            ) [ 00000000000]
store_ln431           (store            ) [ 00000000000]
store_ln431           (store            ) [ 00000000000]
store_ln431           (store            ) [ 00000000000]
store_ln431           (store            ) [ 00000000000]
store_ln1090          (store            ) [ 00000000000]
br_ln1090             (br               ) [ 00000000000]
x                     (load             ) [ 00000000000]
zext_ln1090           (zext             ) [ 00000000000]
icmp_ln1090           (icmp             ) [ 01111111111]
x_6                   (add              ) [ 00000000000]
br_ln1090             (br               ) [ 00000000000]
specpipeline_ln1092   (specpipeline     ) [ 00000000000]
specloopname_ln1090   (specloopname     ) [ 00000000000]
icmp_ln1095_1         (icmp             ) [ 00111000000]
or_ln1095             (or               ) [ 01111111111]
br_ln1095             (br               ) [ 01100000000]
br_ln1096             (br               ) [ 01100000000]
or_ln1095_1           (or               ) [ 01111111111]
br_ln1095             (br               ) [ 01110000000]
or_ln1095_2           (or               ) [ 01111111111]
br_ln1095             (br               ) [ 01111000000]
or_ln1110             (or               ) [ 00111111100]
br_ln1110             (br               ) [ 00000000000]
or_ln1110_1           (or               ) [ 01111111111]
br_ln1110             (br               ) [ 00000000000]
store_ln1090          (store            ) [ 00000000000]
pix                   (load             ) [ 00000000000]
pix_113               (load             ) [ 00000000000]
pix_120               (load             ) [ 00000000000]
pix_121               (load             ) [ 00000000000]
pix_122               (load             ) [ 00000000000]
pix_123               (load             ) [ 00000000000]
speclooptripcount_ln0 (speclooptripcount) [ 00000000000]
img_read              (read             ) [ 00000000000]
pix_124               (trunc            ) [ 00000000000]
pix_64                (partselect       ) [ 00000000000]
pix_65                (partselect       ) [ 00000000000]
pix_70                (partselect       ) [ 00000000000]
pix_71                (partselect       ) [ 00000000000]
pix_72                (partselect       ) [ 00000000000]
pix_83                (phi              ) [ 01111100000]
pix_82                (phi              ) [ 01111100000]
pix_81                (phi              ) [ 01111100000]
pix_80                (phi              ) [ 01111100000]
pix_79                (phi              ) [ 01111100000]
pix_78                (phi              ) [ 01111100000]
br_ln1096             (br               ) [ 01110000000]
img_read_14           (read             ) [ 00000000000]
pix_125               (trunc            ) [ 00000000000]
pix_126               (partselect       ) [ 00000000000]
pix_84                (partselect       ) [ 00000000000]
pix_85                (partselect       ) [ 00000000000]
pix_86                (partselect       ) [ 00000000000]
pix_87                (partselect       ) [ 00000000000]
pix_119               (phi              ) [ 01011100000]
pix_118               (phi              ) [ 01011100000]
pix_117               (phi              ) [ 01011100000]
pix_116               (phi              ) [ 01011100000]
pix_115               (phi              ) [ 01011100000]
pix_114               (phi              ) [ 01011100000]
br_ln1096             (br               ) [ 01011000000]
or_ln1095_3           (or               ) [ 01111111111]
br_ln1095             (br               ) [ 00011100000]
img_read_15           (read             ) [ 00000000000]
pix_127               (trunc            ) [ 00000000000]
pix_128               (partselect       ) [ 00000000000]
pix_88                (partselect       ) [ 00000000000]
pix_89                (partselect       ) [ 00000000000]
pix_90                (partselect       ) [ 00000000000]
pix_91                (partselect       ) [ 00000000000]
pix_134               (phi              ) [ 00111111100]
pix_133               (phi              ) [ 00111111100]
pix_132               (phi              ) [ 00111100000]
pix_131               (phi              ) [ 00111100000]
pix_130               (phi              ) [ 00111100000]
pix_129               (phi              ) [ 00111100000]
br_ln1096             (br               ) [ 00011100000]
or_ln1095_4           (or               ) [ 01101111111]
br_ln1095             (br               ) [ 00001110000]
or_ln1095_5           (or               ) [ 01100111111]
or_ln1095_6           (or               ) [ 01100111111]
or_ln1095_7           (or               ) [ 01100111111]
img_read_16           (read             ) [ 00000000000]
pix_135               (trunc            ) [ 00000000000]
pix_136               (partselect       ) [ 00000000000]
pix_92                (partselect       ) [ 00000000000]
pix_93                (partselect       ) [ 00000000000]
pix_94                (partselect       ) [ 00000000000]
pix_95                (partselect       ) [ 00000000000]
pix_142               (phi              ) [ 00001111100]
pix_141               (phi              ) [ 00001111100]
pix_140               (phi              ) [ 00001111100]
pix_139               (phi              ) [ 00001111100]
pix_138               (phi              ) [ 00001111100]
pix_137               (phi              ) [ 00001111100]
br_ln1096             (br               ) [ 00001110000]
br_ln1095             (br               ) [ 00000111000]
tmp                   (bitconcatenate   ) [ 00000000000]
write_ln1111          (write            ) [ 00000000000]
img_read_17           (read             ) [ 00000000000]
pix_143               (trunc            ) [ 00000000000]
pix_144               (partselect       ) [ 00000000000]
pix_96                (partselect       ) [ 00000000000]
pix_97                (partselect       ) [ 00000000000]
pix_98                (partselect       ) [ 00000000000]
pix_99                (partselect       ) [ 00000000000]
pix_150               (phi              ) [ 00000111100]
pix_149               (phi              ) [ 00000111100]
pix_148               (phi              ) [ 00000111100]
pix_147               (phi              ) [ 00000111100]
pix_146               (phi              ) [ 00000111100]
pix_145               (phi              ) [ 00000111100]
br_ln1096             (br               ) [ 00000111000]
br_ln1095             (br               ) [ 00000011100]
img_read_18           (read             ) [ 00000000000]
pix_151               (trunc            ) [ 00000000000]
pix_152               (partselect       ) [ 00000000000]
pix_100               (partselect       ) [ 00000000000]
pix_101               (partselect       ) [ 00000000000]
pix_102               (partselect       ) [ 00000000000]
pix_103               (partselect       ) [ 00000000000]
pix_158               (phi              ) [ 01100011111]
pix_157               (phi              ) [ 01100011111]
pix_156               (phi              ) [ 01100011111]
pix_155               (phi              ) [ 01100011111]
pix_154               (phi              ) [ 00000011100]
pix_153               (phi              ) [ 00000011100]
br_ln1096             (br               ) [ 00000011100]
br_ln1095             (br               ) [ 01000001110]
img_read_19           (read             ) [ 00000000000]
pix_159               (trunc            ) [ 00000000000]
pix_160               (partselect       ) [ 00000000000]
pix_104               (partselect       ) [ 00000000000]
pix_105               (partselect       ) [ 00000000000]
pix_106               (partselect       ) [ 00000000000]
pix_107               (partselect       ) [ 00000000000]
pix_166               (phi              ) [ 01100001111]
pix_165               (phi              ) [ 01100001111]
pix_164               (phi              ) [ 01100001111]
pix_163               (phi              ) [ 01100001111]
pix_162               (phi              ) [ 01100001111]
pix_161               (phi              ) [ 01100001111]
br_ln1096             (br               ) [ 01000001110]
tmp_s                 (bitconcatenate   ) [ 00000000000]
write_ln1111          (write            ) [ 00000000000]
br_ln1111             (br               ) [ 00000000000]
img_read_20           (read             ) [ 00000000000]
pix_167               (trunc            ) [ 00000000000]
pix_168               (partselect       ) [ 00000000000]
pix_108               (partselect       ) [ 00000000000]
pix_109               (partselect       ) [ 00000000000]
pix_110               (partselect       ) [ 00000000000]
pix_111               (partselect       ) [ 00000000000]
pix_174               (phi              ) [ 01100000011]
pix_173               (phi              ) [ 01100000011]
pix_172               (phi              ) [ 01100000011]
pix_171               (phi              ) [ 01100000011]
pix_170               (phi              ) [ 01100000011]
pix_169               (phi              ) [ 01100000011]
store_ln431           (store            ) [ 00000000000]
store_ln431           (store            ) [ 00000000000]
store_ln431           (store            ) [ 00000000000]
store_ln431           (store            ) [ 00000000000]
store_ln431           (store            ) [ 00000000000]
store_ln431           (store            ) [ 00000000000]
br_ln1090             (br               ) [ 00000000000]
tmp_1                 (bitconcatenate   ) [ 00000000000]
write_ln1111          (write            ) [ 00000000000]
br_ln1111             (br               ) [ 00000000000]
store_ln0             (store            ) [ 00000000000]
store_ln0             (store            ) [ 00000000000]
store_ln0             (store            ) [ 00000000000]
store_ln0             (store            ) [ 00000000000]
store_ln0             (store            ) [ 00000000000]
store_ln0             (store            ) [ 00000000000]
ret_ln0               (ret              ) [ 00000000000]
</LifeTime>

<model>

<comp_list>
<comp id="0" class="1000" name="pix_29">
<pin_list>
<pin id="1" dir="1" index="0" bw="1" slack="0"/>
</pin_list>
<bind>
<StgValue><ssdm name="pix_29"/></StgValue>
</bind>
</comp>

<comp id="2" class="1000" name="pix_28">
<pin_list>
<pin id="3" dir="1" index="0" bw="1" slack="0"/>
</pin_list>
<bind>
<StgValue><ssdm name="pix_28"/></StgValue>
</bind>
</comp>

<comp id="4" class="1000" name="pix_27">
<pin_list>
<pin id="5" dir="1" index="0" bw="1" slack="0"/>
</pin_list>
<bind>
<StgValue><ssdm name="pix_27"/></StgValue>
</bind>
</comp>

<comp id="6" class="1000" name="pix_26">
<pin_list>
<pin id="7" dir="1" index="0" bw="1" slack="0"/>
</pin_list>
<bind>
<StgValue><ssdm name="pix_26"/></StgValue>
</bind>
</comp>

<comp id="8" class="1000" name="pix_25">
<pin_list>
<pin id="9" dir="1" index="0" bw="1" slack="0"/>
</pin_list>
<bind>
<StgValue><ssdm name="pix_25"/></StgValue>
</bind>
</comp>

<comp id="10" class="1000" name="pix_24">
<pin_list>
<pin id="11" dir="1" index="0" bw="1" slack="0"/>
</pin_list>
<bind>
<StgValue><ssdm name="pix_24"/></StgValue>
</bind>
</comp>

<comp id="12" class="1000" name="trunc_ln1">
<pin_list>
<pin id="13" dir="1" index="0" bw="1" slack="0"/>
</pin_list>
<bind>
<StgValue><ssdm name="trunc_ln1"/></StgValue>
</bind>
</comp>

<comp id="14" class="1000" name="icmp_ln1110_1">
<pin_list>
<pin id="15" dir="1" index="0" bw="1" slack="0"/>
</pin_list>
<bind>
<StgValue><ssdm name="icmp_ln1110_1"/></StgValue>
</bind>
</comp>

<comp id="16" class="1000" name="bytePlanes_plane0">
<pin_list>
<pin id="17" dir="1" index="0" bw="1" slack="0"/>
</pin_list>
<bind>
<StgValue><ssdm name="bytePlanes_plane0"/></StgValue>
</bind>
</comp>

<comp id="18" class="1000" name="empty">
<pin_list>
<pin id="19" dir="1" index="0" bw="1" slack="0"/>
</pin_list>
<bind>
<StgValue><ssdm name="empty"/></StgValue>
</bind>
</comp>

<comp id="20" class="1000" name="icmp_ln1077">
<pin_list>
<pin id="21" dir="1" index="0" bw="1" slack="0"/>
</pin_list>
<bind>
<StgValue><ssdm name="icmp_ln1077"/></StgValue>
</bind>
</comp>

<comp id="22" class="1000" name="icmp_ln1095_6">
<pin_list>
<pin id="23" dir="1" index="0" bw="1" slack="0"/>
</pin_list>
<bind>
<StgValue><ssdm name="icmp_ln1095_6"/></StgValue>
</bind>
</comp>

<comp id="24" class="1000" name="icmp_ln1095_5">
<pin_list>
<pin id="25" dir="1" index="0" bw="1" slack="0"/>
</pin_list>
<bind>
<StgValue><ssdm name="icmp_ln1095_5"/></StgValue>
</bind>
</comp>

<comp id="26" class="1000" name="icmp_ln1095_4">
<pin_list>
<pin id="27" dir="1" index="0" bw="1" slack="0"/>
</pin_list>
<bind>
<StgValue><ssdm name="icmp_ln1095_4"/></StgValue>
</bind>
</comp>

<comp id="28" class="1000" name="icmp21">
<pin_list>
<pin id="29" dir="1" index="0" bw="1" slack="0"/>
</pin_list>
<bind>
<StgValue><ssdm name="icmp21"/></StgValue>
</bind>
</comp>

<comp id="30" class="1000" name="icmp_ln1095_2">
<pin_list>
<pin id="31" dir="1" index="0" bw="1" slack="0"/>
</pin_list>
<bind>
<StgValue><ssdm name="icmp_ln1095_2"/></StgValue>
</bind>
</comp>

<comp id="32" class="1000" name="icmp18">
<pin_list>
<pin id="33" dir="1" index="0" bw="1" slack="0"/>
</pin_list>
<bind>
<StgValue><ssdm name="icmp18"/></StgValue>
</bind>
</comp>

<comp id="34" class="1000" name="add_ln1095">
<pin_list>
<pin id="35" dir="1" index="0" bw="1" slack="0"/>
</pin_list>
<bind>
<StgValue><ssdm name="add_ln1095"/></StgValue>
</bind>
</comp>

<comp id="36" class="1000" name="icmp_ln1095">
<pin_list>
<pin id="37" dir="1" index="0" bw="1" slack="0"/>
</pin_list>
<bind>
<StgValue><ssdm name="icmp_ln1095"/></StgValue>
</bind>
</comp>

<comp id="38" class="1000" name="img">
<pin_list>
<pin id="39" dir="1" index="0" bw="1" slack="0"/>
</pin_list>
<bind>
<StgValue><ssdm name="img"/></StgValue>
</bind>
</comp>

<comp id="40" class="1000" name="pix_39_out">
<pin_list>
<pin id="41" dir="1" index="0" bw="1" slack="0"/>
</pin_list>
<bind>
<StgValue><ssdm name="pix_39_out"/></StgValue>
</bind>
</comp>

<comp id="42" class="1000" name="pix_38_out">
<pin_list>
<pin id="43" dir="1" index="0" bw="1" slack="0"/>
</pin_list>
<bind>
<StgValue><ssdm name="pix_38_out"/></StgValue>
</bind>
</comp>

<comp id="44" class="1000" name="pix_33_out">
<pin_list>
<pin id="45" dir="1" index="0" bw="1" slack="0"/>
</pin_list>
<bind>
<StgValue><ssdm name="pix_33_out"/></StgValue>
</bind>
</comp>

<comp id="46" class="1000" name="pix_32_out">
<pin_list>
<pin id="47" dir="1" index="0" bw="1" slack="0"/>
</pin_list>
<bind>
<StgValue><ssdm name="pix_32_out"/></StgValue>
</bind>
</comp>

<comp id="48" class="1000" name="pix_31_out">
<pin_list>
<pin id="49" dir="1" index="0" bw="1" slack="0"/>
</pin_list>
<bind>
<StgValue><ssdm name="pix_31_out"/></StgValue>
</bind>
</comp>

<comp id="50" class="1000" name="pix_30_out">
<pin_list>
<pin id="51" dir="1" index="0" bw="1" slack="0"/>
</pin_list>
<bind>
<StgValue><ssdm name="pix_30_out"/></StgValue>
</bind>
</comp>

<comp id="52" class="1001" name="const_52">
<pin_list>
<pin id="53" dir="1" index="0" bw="1" slack="0"/>
</pin_list>
<bind>
<StgValue><ssdm name=""/></StgValue>
</bind>
</comp>

<comp id="54" class="1001" name="const_54">
<pin_list>
<pin id="55" dir="1" index="0" bw="1" slack="0"/>
</pin_list>
<bind>
<StgValue><ssdm name="_ssdm_op_Read.ap_auto.i1"/></StgValue>
</bind>
</comp>

<comp id="56" class="1001" name="const_56">
<pin_list>
<pin id="57" dir="1" index="0" bw="1" slack="0"/>
</pin_list>
<bind>
<StgValue><ssdm name="_ssdm_op_Read.ap_auto.i9"/></StgValue>
</bind>
</comp>

<comp id="58" class="1001" name="const_58">
<pin_list>
<pin id="59" dir="1" index="0" bw="1" slack="0"/>
</pin_list>
<bind>
<StgValue><ssdm name="_ssdm_op_Read.ap_auto.i8"/></StgValue>
</bind>
</comp>

<comp id="60" class="1001" name="const_60">
<pin_list>
<pin id="61" dir="1" index="0" bw="1" slack="2147483647"/>
</pin_list>
<bind>
<StgValue><ssdm name="_ssdm_op_SpecMemCore"/></StgValue>
</bind>
</comp>

<comp id="62" class="1001" name="const_62">
<pin_list>
<pin id="63" dir="1" index="0" bw="1" slack="2147483647"/>
</pin_list>
<bind>
<StgValue><ssdm name=""/></StgValue>
</bind>
</comp>

<comp id="64" class="1001" name="const_64">
<pin_list>
<pin id="65" dir="1" index="0" bw="1" slack="2147483647"/>
</pin_list>
<bind>
<StgValue><ssdm name=""/></StgValue>
</bind>
</comp>

<comp id="66" class="1001" name="const_66">
<pin_list>
<pin id="67" dir="1" index="0" bw="1" slack="2147483647"/>
</pin_list>
<bind>
<StgValue><ssdm name=""/></StgValue>
</bind>
</comp>

<comp id="68" class="1001" name="const_68">
<pin_list>
<pin id="69" dir="1" index="0" bw="1" slack="2147483647"/>
</pin_list>
<bind>
<StgValue><ssdm name=""/></StgValue>
</bind>
</comp>

<comp id="70" class="1001" name="const_70">
<pin_list>
<pin id="71" dir="1" index="0" bw="1" slack="2147483647"/>
</pin_list>
<bind>
<StgValue><ssdm name="_ssdm_op_SpecInterface"/></StgValue>
</bind>
</comp>

<comp id="72" class="1001" name="const_72">
<pin_list>
<pin id="73" dir="1" index="0" bw="1" slack="2147483647"/>
</pin_list>
<bind>
<StgValue><ssdm name="empty_11"/></StgValue>
</bind>
</comp>

<comp id="74" class="1001" name="const_74">
<pin_list>
<pin id="75" dir="1" index="0" bw="1" slack="2147483647"/>
</pin_list>
<bind>
<StgValue><ssdm name=""/></StgValue>
</bind>
</comp>

<comp id="76" class="1001" name="const_76">
<pin_list>
<pin id="77" dir="1" index="0" bw="1" slack="2147483647"/>
</pin_list>
<bind>
<StgValue><ssdm name="empty_29"/></StgValue>
</bind>
</comp>

<comp id="78" class="1001" name="const_78">
<pin_list>
<pin id="79" dir="1" index="0" bw="1" slack="2147483647"/>
</pin_list>
<bind>
<StgValue><ssdm name=""/></StgValue>
</bind>
</comp>

<comp id="80" class="1001" name="const_80">
<pin_list>
<pin id="81" dir="1" index="0" bw="1" slack="0"/>
</pin_list>
<bind>
<StgValue><ssdm name=""/></StgValue>
</bind>
</comp>

<comp id="82" class="1001" name="const_82">
<pin_list>
<pin id="83" dir="1" index="0" bw="1" slack="0"/>
</pin_list>
<bind>
<StgValue><ssdm name=""/></StgValue>
</bind>
</comp>

<comp id="84" class="1001" name="const_84">
<pin_list>
<pin id="85" dir="1" index="0" bw="1" slack="2147483647"/>
</pin_list>
<bind>
<StgValue><ssdm name="_ssdm_op_SpecPipeline"/></StgValue>
</bind>
</comp>

<comp id="86" class="1001" name="const_86">
<pin_list>
<pin id="87" dir="1" index="0" bw="1" slack="0"/>
</pin_list>
<bind>
<StgValue><ssdm name=""/></StgValue>
</bind>
</comp>

<comp id="88" class="1001" name="const_88">
<pin_list>
<pin id="89" dir="1" index="0" bw="1" slack="2147483647"/>
</pin_list>
<bind>
<StgValue><ssdm name="_ssdm_op_SpecLoopName"/></StgValue>
</bind>
</comp>

<comp id="90" class="1001" name="const_90">
<pin_list>
<pin id="91" dir="1" index="0" bw="1" slack="2147483647"/>
</pin_list>
<bind>
<StgValue><ssdm name="empty_22"/></StgValue>
</bind>
</comp>

<comp id="92" class="1001" name="const_92">
<pin_list>
<pin id="93" dir="1" index="0" bw="1" slack="2147483647"/>
</pin_list>
<bind>
<StgValue><ssdm name="_ssdm_op_SpecLoopTripCount"/></StgValue>
</bind>
</comp>

<comp id="94" class="1001" name="const_94">
<pin_list>
<pin id="95" dir="1" index="0" bw="1" slack="2147483647"/>
</pin_list>
<bind>
<StgValue><ssdm name=""/></StgValue>
</bind>
</comp>

<comp id="96" class="1001" name="const_96">
<pin_list>
<pin id="97" dir="1" index="0" bw="1" slack="2147483647"/>
</pin_list>
<bind>
<StgValue><ssdm name=""/></StgValue>
</bind>
</comp>

<comp id="98" class="1001" name="const_98">
<pin_list>
<pin id="99" dir="1" index="0" bw="1" slack="0"/>
</pin_list>
<bind>
<StgValue><ssdm name="_ssdm_op_Read.ap_fifo.volatile.i48P0A"/></StgValue>
</bind>
</comp>

<comp id="100" class="1001" name="const_100">
<pin_list>
<pin id="101" dir="1" index="0" bw="1" slack="0"/>
</pin_list>
<bind>
<StgValue><ssdm name="_ssdm_op_PartSelect.i8.i48.i32.i32"/></StgValue>
</bind>
</comp>

<comp id="102" class="1001" name="const_102">
<pin_list>
<pin id="103" dir="1" index="0" bw="1" slack="0"/>
</pin_list>
<bind>
<StgValue><ssdm name=""/></StgValue>
</bind>
</comp>

<comp id="104" class="1001" name="const_104">
<pin_list>
<pin id="105" dir="1" index="0" bw="1" slack="0"/>
</pin_list>
<bind>
<StgValue><ssdm name=""/></StgValue>
</bind>
</comp>

<comp id="106" class="1001" name="const_106">
<pin_list>
<pin id="107" dir="1" index="0" bw="1" slack="0"/>
</pin_list>
<bind>
<StgValue><ssdm name=""/></StgValue>
</bind>
</comp>

<comp id="108" class="1001" name="const_108">
<pin_list>
<pin id="109" dir="1" index="0" bw="1" slack="0"/>
</pin_list>
<bind>
<StgValue><ssdm name=""/></StgValue>
</bind>
</comp>

<comp id="110" class="1001" name="const_110">
<pin_list>
<pin id="111" dir="1" index="0" bw="1" slack="0"/>
</pin_list>
<bind>
<StgValue><ssdm name=""/></StgValue>
</bind>
</comp>

<comp id="112" class="1001" name="const_112">
<pin_list>
<pin id="113" dir="1" index="0" bw="1" slack="0"/>
</pin_list>
<bind>
<StgValue><ssdm name=""/></StgValue>
</bind>
</comp>

<comp id="114" class="1001" name="const_114">
<pin_list>
<pin id="115" dir="1" index="0" bw="1" slack="0"/>
</pin_list>
<bind>
<StgValue><ssdm name=""/></StgValue>
</bind>
</comp>

<comp id="116" class="1001" name="const_116">
<pin_list>
<pin id="117" dir="1" index="0" bw="1" slack="0"/>
</pin_list>
<bind>
<StgValue><ssdm name=""/></StgValue>
</bind>
</comp>

<comp id="118" class="1001" name="const_118">
<pin_list>
<pin id="119" dir="1" index="0" bw="1" slack="0"/>
</pin_list>
<bind>
<StgValue><ssdm name=""/></StgValue>
</bind>
</comp>

<comp id="120" class="1001" name="const_120">
<pin_list>
<pin id="121" dir="1" index="0" bw="1" slack="0"/>
</pin_list>
<bind>
<StgValue><ssdm name="_ssdm_op_BitConcatenate.i128.i8.i8.i8.i8.i8.i8.i8.i8.i8.i8.i8.i8.i8.i8.i8.i8"/></StgValue>
</bind>
</comp>

<comp id="122" class="1001" name="const_122">
<pin_list>
<pin id="123" dir="1" index="0" bw="1" slack="0"/>
</pin_list>
<bind>
<StgValue><ssdm name="_ssdm_op_Write.ap_fifo.volatile.i128P0A"/></StgValue>
</bind>
</comp>

<comp id="124" class="1004" name="x_3_fu_124">
<pin_list>
<pin id="125" dir="0" index="0" bw="1" slack="0"/>
<pin id="126" dir="1" index="1" bw="8" slack="0"/>
</pin_list>
<bind>
<opcode="alloca(26) " fcode="alloca"/>
<opset="x_3/1 "/>
</bind>
</comp>

<comp id="128" class="1004" name="pix_30_fu_128">
<pin_list>
<pin id="129" dir="0" index="0" bw="1" slack="0"/>
<pin id="130" dir="1" index="1" bw="8" slack="0"/>
</pin_list>
<bind>
<opcode="alloca(26) " fcode="alloca"/>
<opset="pix_30/1 "/>
</bind>
</comp>

<comp id="132" class="1004" name="pix_31_fu_132">
<pin_list>
<pin id="133" dir="0" index="0" bw="1" slack="0"/>
<pin id="134" dir="1" index="1" bw="8" slack="0"/>
</pin_list>
<bind>
<opcode="alloca(26) " fcode="alloca"/>
<opset="pix_31/1 "/>
</bind>
</comp>

<comp id="136" class="1004" name="pix_32_fu_136">
<pin_list>
<pin id="137" dir="0" index="0" bw="1" slack="0"/>
<pin id="138" dir="1" index="1" bw="8" slack="0"/>
</pin_list>
<bind>
<opcode="alloca(26) " fcode="alloca"/>
<opset="pix_32/1 "/>
</bind>
</comp>

<comp id="140" class="1004" name="pix_33_fu_140">
<pin_list>
<pin id="141" dir="0" index="0" bw="1" slack="0"/>
<pin id="142" dir="1" index="1" bw="8" slack="0"/>
</pin_list>
<bind>
<opcode="alloca(26) " fcode="alloca"/>
<opset="pix_33/1 "/>
</bind>
</comp>

<comp id="144" class="1004" name="pix_38_fu_144">
<pin_list>
<pin id="145" dir="0" index="0" bw="1" slack="0"/>
<pin id="146" dir="1" index="1" bw="8" slack="0"/>
</pin_list>
<bind>
<opcode="alloca(26) " fcode="alloca"/>
<opset="pix_38/1 "/>
</bind>
</comp>

<comp id="148" class="1004" name="pix_39_fu_148">
<pin_list>
<pin id="149" dir="0" index="0" bw="1" slack="0"/>
<pin id="150" dir="1" index="1" bw="8" slack="0"/>
</pin_list>
<bind>
<opcode="alloca(26) " fcode="alloca"/>
<opset="pix_39/1 "/>
</bind>
</comp>

<comp id="152" class="1004" name="icmp_ln1095_read_read_fu_152">
<pin_list>
<pin id="153" dir="0" index="0" bw="1" slack="0"/>
<pin id="154" dir="0" index="1" bw="1" slack="0"/>
<pin id="155" dir="1" index="2" bw="1" slack="0"/>
</pin_list>
<bind>
<opcode="read(1150) " fcode="read"/>
<opset="icmp_ln1095_read/1 "/>
</bind>
</comp>

<comp id="158" class="1004" name="add_ln1095_read_read_fu_158">
<pin_list>
<pin id="159" dir="0" index="0" bw="9" slack="0"/>
<pin id="160" dir="0" index="1" bw="9" slack="0"/>
<pin id="161" dir="1" index="2" bw="9" slack="0"/>
</pin_list>
<bind>
<opcode="read(1150) " fcode="read"/>
<opset="add_ln1095_read/1 "/>
</bind>
</comp>

<comp id="164" class="1004" name="icmp18_read_read_fu_164">
<pin_list>
<pin id="165" dir="0" index="0" bw="1" slack="0"/>
<pin id="166" dir="0" index="1" bw="1" slack="0"/>
<pin id="167" dir="1" index="2" bw="1" slack="0"/>
</pin_list>
<bind>
<opcode="read(1150) " fcode="read"/>
<opset="icmp18_read/1 "/>
</bind>
</comp>

<comp id="170" class="1004" name="icmp_ln1095_2_read_read_fu_170">
<pin_list>
<pin id="171" dir="0" index="0" bw="1" slack="0"/>
<pin id="172" dir="0" index="1" bw="1" slack="0"/>
<pin id="173" dir="1" index="2" bw="1" slack="0"/>
</pin_list>
<bind>
<opcode="read(1150) " fcode="read"/>
<opset="icmp_ln1095_2_read/1 "/>
</bind>
</comp>

<comp id="176" class="1004" name="icmp21_read_read_fu_176">
<pin_list>
<pin id="177" dir="0" index="0" bw="1" slack="0"/>
<pin id="178" dir="0" index="1" bw="1" slack="0"/>
<pin id="179" dir="1" index="2" bw="1" slack="2"/>
</pin_list>
<bind>
<opcode="read(1150) " fcode="read"/>
<opset="icmp21_read/1 "/>
</bind>
</comp>

<comp id="182" class="1004" name="icmp_ln1095_4_read_read_fu_182">
<pin_list>
<pin id="183" dir="0" index="0" bw="1" slack="0"/>
<pin id="184" dir="0" index="1" bw="1" slack="0"/>
<pin id="185" dir="1" index="2" bw="1" slack="3"/>
</pin_list>
<bind>
<opcode="read(1150) " fcode="read"/>
<opset="icmp_ln1095_4_read/1 "/>
</bind>
</comp>

<comp id="188" class="1004" name="icmp_ln1095_5_read_read_fu_188">
<pin_list>
<pin id="189" dir="0" index="0" bw="1" slack="0"/>
<pin id="190" dir="0" index="1" bw="1" slack="0"/>
<pin id="191" dir="1" index="2" bw="1" slack="3"/>
</pin_list>
<bind>
<opcode="read(1150) " fcode="read"/>
<opset="icmp_ln1095_5_read/1 "/>
</bind>
</comp>

<comp id="194" class="1004" name="icmp_ln1095_6_read_read_fu_194">
<pin_list>
<pin id="195" dir="0" index="0" bw="1" slack="0"/>
<pin id="196" dir="0" index="1" bw="1" slack="0"/>
<pin id="197" dir="1" index="2" bw="1" slack="3"/>
</pin_list>
<bind>
<opcode="read(1150) " fcode="read"/>
<opset="icmp_ln1095_6_read/1 "/>
</bind>
</comp>

<comp id="200" class="1004" name="icmp_ln1077_read_read_fu_200">
<pin_list>
<pin id="201" dir="0" index="0" bw="1" slack="0"/>
<pin id="202" dir="0" index="1" bw="1" slack="0"/>
<pin id="203" dir="1" index="2" bw="1" slack="3"/>
</pin_list>
<bind>
<opcode="read(1150) " fcode="read"/>
<opset="icmp_ln1077_read/1 "/>
</bind>
</comp>

<comp id="206" class="1004" name="tmp_2_read_fu_206">
<pin_list>
<pin id="207" dir="0" index="0" bw="1" slack="0"/>
<pin id="208" dir="0" index="1" bw="1" slack="0"/>
<pin id="209" dir="1" index="2" bw="1" slack="0"/>
</pin_list>
<bind>
<opcode="read(1150) " fcode="read"/>
<opset="tmp_2/1 "/>
</bind>
</comp>

<comp id="212" class="1004" name="icmp_ln1110_1_read_read_fu_212">
<pin_list>
<pin id="213" dir="0" index="0" bw="1" slack="0"/>
<pin id="214" dir="0" index="1" bw="1" slack="0"/>
<pin id="215" dir="1" index="2" bw="1" slack="0"/>
</pin_list>
<bind>
<opcode="read(1150) " fcode="read"/>
<opset="icmp_ln1110_1_read/1 "/>
</bind>
</comp>

<comp id="218" class="1004" name="trunc_ln1_read_read_fu_218">
<pin_list>
<pin id="219" dir="0" index="0" bw="8" slack="0"/>
<pin id="220" dir="0" index="1" bw="8" slack="0"/>
<pin id="221" dir="1" index="2" bw="8" slack="0"/>
</pin_list>
<bind>
<opcode="read(1150) " fcode="read"/>
<opset="trunc_ln1_read/1 "/>
</bind>
</comp>

<comp id="224" class="1004" name="pix_24_read_read_fu_224">
<pin_list>
<pin id="225" dir="0" index="0" bw="8" slack="0"/>
<pin id="226" dir="0" index="1" bw="8" slack="0"/>
<pin id="227" dir="1" index="2" bw="8" slack="0"/>
</pin_list>
<bind>
<opcode="read(1150) " fcode="read"/>
<opset="pix_24_read/1 "/>
</bind>
</comp>

<comp id="230" class="1004" name="pix_25_read_read_fu_230">
<pin_list>
<pin id="231" dir="0" index="0" bw="8" slack="0"/>
<pin id="232" dir="0" index="1" bw="8" slack="0"/>
<pin id="233" dir="1" index="2" bw="8" slack="0"/>
</pin_list>
<bind>
<opcode="read(1150) " fcode="read"/>
<opset="pix_25_read/1 "/>
</bind>
</comp>

<comp id="236" class="1004" name="pix_26_read_read_fu_236">
<pin_list>
<pin id="237" dir="0" index="0" bw="8" slack="0"/>
<pin id="238" dir="0" index="1" bw="8" slack="0"/>
<pin id="239" dir="1" index="2" bw="8" slack="0"/>
</pin_list>
<bind>
<opcode="read(1150) " fcode="read"/>
<opset="pix_26_read/1 "/>
</bind>
</comp>

<comp id="242" class="1004" name="pix_27_read_read_fu_242">
<pin_list>
<pin id="243" dir="0" index="0" bw="8" slack="0"/>
<pin id="244" dir="0" index="1" bw="8" slack="0"/>
<pin id="245" dir="1" index="2" bw="8" slack="0"/>
</pin_list>
<bind>
<opcode="read(1150) " fcode="read"/>
<opset="pix_27_read/1 "/>
</bind>
</comp>

<comp id="248" class="1004" name="pix_28_read_read_fu_248">
<pin_list>
<pin id="249" dir="0" index="0" bw="8" slack="0"/>
<pin id="250" dir="0" index="1" bw="8" slack="0"/>
<pin id="251" dir="1" index="2" bw="8" slack="0"/>
</pin_list>
<bind>
<opcode="read(1150) " fcode="read"/>
<opset="pix_28_read/1 "/>
</bind>
</comp>

<comp id="254" class="1004" name="pix_29_read_read_fu_254">
<pin_list>
<pin id="255" dir="0" index="0" bw="8" slack="0"/>
<pin id="256" dir="0" index="1" bw="8" slack="0"/>
<pin id="257" dir="1" index="2" bw="8" slack="0"/>
</pin_list>
<bind>
<opcode="read(1150) " fcode="read"/>
<opset="pix_29_read/1 "/>
</bind>
</comp>

<comp id="260" class="1004" name="grp_read_fu_260">
<pin_list>
<pin id="261" dir="0" index="0" bw="48" slack="0"/>
<pin id="262" dir="0" index="1" bw="48" slack="0"/>
<pin id="263" dir="1" index="2" bw="48" slack="0"/>
</pin_list>
<bind>
<opcode="read(1150) " fcode="read"/>
<opset="img_read/2 img_read_14/3 img_read_15/4 img_read_16/5 img_read_17/6 img_read_18/7 img_read_19/8 img_read_20/9 "/>
</bind>
</comp>

<comp id="266" class="1004" name="grp_write_fu_266">
<pin_list>
<pin id="267" dir="0" index="0" bw="0" slack="0"/>
<pin id="268" dir="0" index="1" bw="128" slack="0"/>
<pin id="269" dir="0" index="2" bw="128" slack="0"/>
<pin id="270" dir="1" index="3" bw="0" slack="2147483647"/>
</pin_list>
<bind>
<opcode="write(1151) " fcode="write"/>
<opset="write_ln1111/5 write_ln1111/8 write_ln1111/10 "/>
</bind>
</comp>

<comp id="273" class="1005" name="pix_83_reg_273">
<pin_list>
<pin id="274" dir="0" index="0" bw="8" slack="1"/>
<pin id="275" dir="1" index="1" bw="8" slack="1"/>
</pin_list>
<bind>
<opset="pix_83 (phireg) "/>
</bind>
</comp>

<comp id="276" class="1004" name="pix_83_phi_fu_276">
<pin_list>
<pin id="277" dir="0" index="0" bw="8" slack="0"/>
<pin id="278" dir="0" index="1" bw="0" slack="2147483647"/>
<pin id="279" dir="0" index="2" bw="8" slack="0"/>
<pin id="280" dir="0" index="3" bw="0" slack="2147483647"/>
<pin id="281" dir="1" index="4" bw="8" slack="1"/>
</pin_list>
<bind>
<opcode="phi(47) " fcode="phi"/>
<opset="pix_83/2 "/>
</bind>
</comp>

<comp id="283" class="1005" name="pix_82_reg_283">
<pin_list>
<pin id="284" dir="0" index="0" bw="8" slack="1"/>
<pin id="285" dir="1" index="1" bw="8" slack="1"/>
</pin_list>
<bind>
<opset="pix_82 (phireg) "/>
</bind>
</comp>

<comp id="286" class="1004" name="pix_82_phi_fu_286">
<pin_list>
<pin id="287" dir="0" index="0" bw="8" slack="0"/>
<pin id="288" dir="0" index="1" bw="0" slack="2147483647"/>
<pin id="289" dir="0" index="2" bw="8" slack="0"/>
<pin id="290" dir="0" index="3" bw="0" slack="2147483647"/>
<pin id="291" dir="1" index="4" bw="8" slack="1"/>
</pin_list>
<bind>
<opcode="phi(47) " fcode="phi"/>
<opset="pix_82/2 "/>
</bind>
</comp>

<comp id="293" class="1005" name="pix_81_reg_293">
<pin_list>
<pin id="294" dir="0" index="0" bw="8" slack="1"/>
<pin id="295" dir="1" index="1" bw="8" slack="1"/>
</pin_list>
<bind>
<opset="pix_81 (phireg) "/>
</bind>
</comp>

<comp id="296" class="1004" name="pix_81_phi_fu_296">
<pin_list>
<pin id="297" dir="0" index="0" bw="8" slack="0"/>
<pin id="298" dir="0" index="1" bw="0" slack="2147483647"/>
<pin id="299" dir="0" index="2" bw="8" slack="0"/>
<pin id="300" dir="0" index="3" bw="0" slack="2147483647"/>
<pin id="301" dir="1" index="4" bw="8" slack="1"/>
</pin_list>
<bind>
<opcode="phi(47) " fcode="phi"/>
<opset="pix_81/2 "/>
</bind>
</comp>

<comp id="303" class="1005" name="pix_80_reg_303">
<pin_list>
<pin id="304" dir="0" index="0" bw="8" slack="1"/>
<pin id="305" dir="1" index="1" bw="8" slack="1"/>
</pin_list>
<bind>
<opset="pix_80 (phireg) "/>
</bind>
</comp>

<comp id="306" class="1004" name="pix_80_phi_fu_306">
<pin_list>
<pin id="307" dir="0" index="0" bw="8" slack="0"/>
<pin id="308" dir="0" index="1" bw="0" slack="2147483647"/>
<pin id="309" dir="0" index="2" bw="8" slack="0"/>
<pin id="310" dir="0" index="3" bw="0" slack="2147483647"/>
<pin id="311" dir="1" index="4" bw="8" slack="1"/>
</pin_list>
<bind>
<opcode="phi(47) " fcode="phi"/>
<opset="pix_80/2 "/>
</bind>
</comp>

<comp id="313" class="1005" name="pix_79_reg_313">
<pin_list>
<pin id="314" dir="0" index="0" bw="8" slack="1"/>
<pin id="315" dir="1" index="1" bw="8" slack="1"/>
</pin_list>
<bind>
<opset="pix_79 (phireg) "/>
</bind>
</comp>

<comp id="316" class="1004" name="pix_79_phi_fu_316">
<pin_list>
<pin id="317" dir="0" index="0" bw="8" slack="0"/>
<pin id="318" dir="0" index="1" bw="0" slack="2147483647"/>
<pin id="319" dir="0" index="2" bw="8" slack="0"/>
<pin id="320" dir="0" index="3" bw="0" slack="2147483647"/>
<pin id="321" dir="1" index="4" bw="8" slack="1"/>
</pin_list>
<bind>
<opcode="phi(47) " fcode="phi"/>
<opset="pix_79/2 "/>
</bind>
</comp>

<comp id="323" class="1005" name="pix_78_reg_323">
<pin_list>
<pin id="324" dir="0" index="0" bw="8" slack="1"/>
<pin id="325" dir="1" index="1" bw="8" slack="1"/>
</pin_list>
<bind>
<opset="pix_78 (phireg) "/>
</bind>
</comp>

<comp id="326" class="1004" name="pix_78_phi_fu_326">
<pin_list>
<pin id="327" dir="0" index="0" bw="8" slack="0"/>
<pin id="328" dir="0" index="1" bw="0" slack="2147483647"/>
<pin id="329" dir="0" index="2" bw="8" slack="0"/>
<pin id="330" dir="0" index="3" bw="0" slack="2147483647"/>
<pin id="331" dir="1" index="4" bw="8" slack="1"/>
</pin_list>
<bind>
<opcode="phi(47) " fcode="phi"/>
<opset="pix_78/2 "/>
</bind>
</comp>

<comp id="333" class="1005" name="pix_119_reg_333">
<pin_list>
<pin id="334" dir="0" index="0" bw="8" slack="1"/>
<pin id="335" dir="1" index="1" bw="8" slack="1"/>
</pin_list>
<bind>
<opset="pix_119 (phireg) "/>
</bind>
</comp>

<comp id="336" class="1004" name="pix_119_phi_fu_336">
<pin_list>
<pin id="337" dir="0" index="0" bw="8" slack="0"/>
<pin id="338" dir="0" index="1" bw="0" slack="2147483647"/>
<pin id="339" dir="0" index="2" bw="8" slack="1"/>
<pin id="340" dir="0" index="3" bw="0" slack="2147483647"/>
<pin id="341" dir="1" index="4" bw="8" slack="1"/>
</pin_list>
<bind>
<opcode="phi(47) " fcode="phi"/>
<opset="pix_119/3 "/>
</bind>
</comp>

<comp id="344" class="1005" name="pix_118_reg_344">
<pin_list>
<pin id="345" dir="0" index="0" bw="8" slack="1"/>
<pin id="346" dir="1" index="1" bw="8" slack="1"/>
</pin_list>
<bind>
<opset="pix_118 (phireg) "/>
</bind>
</comp>

<comp id="347" class="1004" name="pix_118_phi_fu_347">
<pin_list>
<pin id="348" dir="0" index="0" bw="8" slack="0"/>
<pin id="349" dir="0" index="1" bw="0" slack="2147483647"/>
<pin id="350" dir="0" index="2" bw="8" slack="1"/>
<pin id="351" dir="0" index="3" bw="0" slack="2147483647"/>
<pin id="352" dir="1" index="4" bw="8" slack="1"/>
</pin_list>
<bind>
<opcode="phi(47) " fcode="phi"/>
<opset="pix_118/3 "/>
</bind>
</comp>

<comp id="355" class="1005" name="pix_117_reg_355">
<pin_list>
<pin id="356" dir="0" index="0" bw="8" slack="1"/>
<pin id="357" dir="1" index="1" bw="8" slack="1"/>
</pin_list>
<bind>
<opset="pix_117 (phireg) "/>
</bind>
</comp>

<comp id="358" class="1004" name="pix_117_phi_fu_358">
<pin_list>
<pin id="359" dir="0" index="0" bw="8" slack="0"/>
<pin id="360" dir="0" index="1" bw="0" slack="2147483647"/>
<pin id="361" dir="0" index="2" bw="8" slack="1"/>
<pin id="362" dir="0" index="3" bw="0" slack="2147483647"/>
<pin id="363" dir="1" index="4" bw="8" slack="1"/>
</pin_list>
<bind>
<opcode="phi(47) " fcode="phi"/>
<opset="pix_117/3 "/>
</bind>
</comp>

<comp id="366" class="1005" name="pix_116_reg_366">
<pin_list>
<pin id="367" dir="0" index="0" bw="8" slack="1"/>
<pin id="368" dir="1" index="1" bw="8" slack="1"/>
</pin_list>
<bind>
<opset="pix_116 (phireg) "/>
</bind>
</comp>

<comp id="369" class="1004" name="pix_116_phi_fu_369">
<pin_list>
<pin id="370" dir="0" index="0" bw="8" slack="0"/>
<pin id="371" dir="0" index="1" bw="0" slack="2147483647"/>
<pin id="372" dir="0" index="2" bw="8" slack="1"/>
<pin id="373" dir="0" index="3" bw="0" slack="2147483647"/>
<pin id="374" dir="1" index="4" bw="8" slack="1"/>
</pin_list>
<bind>
<opcode="phi(47) " fcode="phi"/>
<opset="pix_116/3 "/>
</bind>
</comp>

<comp id="377" class="1005" name="pix_115_reg_377">
<pin_list>
<pin id="378" dir="0" index="0" bw="8" slack="1"/>
<pin id="379" dir="1" index="1" bw="8" slack="1"/>
</pin_list>
<bind>
<opset="pix_115 (phireg) "/>
</bind>
</comp>

<comp id="380" class="1004" name="pix_115_phi_fu_380">
<pin_list>
<pin id="381" dir="0" index="0" bw="8" slack="0"/>
<pin id="382" dir="0" index="1" bw="0" slack="2147483647"/>
<pin id="383" dir="0" index="2" bw="8" slack="1"/>
<pin id="384" dir="0" index="3" bw="0" slack="2147483647"/>
<pin id="385" dir="1" index="4" bw="8" slack="1"/>
</pin_list>
<bind>
<opcode="phi(47) " fcode="phi"/>
<opset="pix_115/3 "/>
</bind>
</comp>

<comp id="388" class="1005" name="pix_114_reg_388">
<pin_list>
<pin id="389" dir="0" index="0" bw="8" slack="1"/>
<pin id="390" dir="1" index="1" bw="8" slack="1"/>
</pin_list>
<bind>
<opset="pix_114 (phireg) "/>
</bind>
</comp>

<comp id="391" class="1004" name="pix_114_phi_fu_391">
<pin_list>
<pin id="392" dir="0" index="0" bw="8" slack="0"/>
<pin id="393" dir="0" index="1" bw="0" slack="2147483647"/>
<pin id="394" dir="0" index="2" bw="8" slack="1"/>
<pin id="395" dir="0" index="3" bw="0" slack="2147483647"/>
<pin id="396" dir="1" index="4" bw="8" slack="1"/>
</pin_list>
<bind>
<opcode="phi(47) " fcode="phi"/>
<opset="pix_114/3 "/>
</bind>
</comp>

<comp id="399" class="1005" name="pix_134_reg_399">
<pin_list>
<pin id="400" dir="0" index="0" bw="8" slack="1"/>
<pin id="401" dir="1" index="1" bw="8" slack="1"/>
</pin_list>
<bind>
<opset="pix_134 (phireg) "/>
</bind>
</comp>

<comp id="402" class="1004" name="pix_134_phi_fu_402">
<pin_list>
<pin id="403" dir="0" index="0" bw="8" slack="0"/>
<pin id="404" dir="0" index="1" bw="0" slack="2147483647"/>
<pin id="405" dir="0" index="2" bw="8" slack="1"/>
<pin id="406" dir="0" index="3" bw="0" slack="2147483647"/>
<pin id="407" dir="1" index="4" bw="8" slack="1"/>
</pin_list>
<bind>
<opcode="phi(47) " fcode="phi"/>
<opset="pix_134/4 "/>
</bind>
</comp>

<comp id="410" class="1005" name="pix_133_reg_410">
<pin_list>
<pin id="411" dir="0" index="0" bw="8" slack="1"/>
<pin id="412" dir="1" index="1" bw="8" slack="1"/>
</pin_list>
<bind>
<opset="pix_133 (phireg) "/>
</bind>
</comp>

<comp id="413" class="1004" name="pix_133_phi_fu_413">
<pin_list>
<pin id="414" dir="0" index="0" bw="8" slack="0"/>
<pin id="415" dir="0" index="1" bw="0" slack="2147483647"/>
<pin id="416" dir="0" index="2" bw="8" slack="1"/>
<pin id="417" dir="0" index="3" bw="0" slack="2147483647"/>
<pin id="418" dir="1" index="4" bw="8" slack="1"/>
</pin_list>
<bind>
<opcode="phi(47) " fcode="phi"/>
<opset="pix_133/4 "/>
</bind>
</comp>

<comp id="421" class="1005" name="pix_132_reg_421">
<pin_list>
<pin id="422" dir="0" index="0" bw="8" slack="1"/>
<pin id="423" dir="1" index="1" bw="8" slack="1"/>
</pin_list>
<bind>
<opset="pix_132 (phireg) "/>
</bind>
</comp>

<comp id="424" class="1004" name="pix_132_phi_fu_424">
<pin_list>
<pin id="425" dir="0" index="0" bw="8" slack="0"/>
<pin id="426" dir="0" index="1" bw="0" slack="2147483647"/>
<pin id="427" dir="0" index="2" bw="8" slack="1"/>
<pin id="428" dir="0" index="3" bw="0" slack="2147483647"/>
<pin id="429" dir="1" index="4" bw="8" slack="1"/>
</pin_list>
<bind>
<opcode="phi(47) " fcode="phi"/>
<opset="pix_132/4 "/>
</bind>
</comp>

<comp id="432" class="1005" name="pix_131_reg_432">
<pin_list>
<pin id="433" dir="0" index="0" bw="8" slack="1"/>
<pin id="434" dir="1" index="1" bw="8" slack="1"/>
</pin_list>
<bind>
<opset="pix_131 (phireg) "/>
</bind>
</comp>

<comp id="435" class="1004" name="pix_131_phi_fu_435">
<pin_list>
<pin id="436" dir="0" index="0" bw="8" slack="0"/>
<pin id="437" dir="0" index="1" bw="0" slack="2147483647"/>
<pin id="438" dir="0" index="2" bw="8" slack="1"/>
<pin id="439" dir="0" index="3" bw="0" slack="2147483647"/>
<pin id="440" dir="1" index="4" bw="8" slack="1"/>
</pin_list>
<bind>
<opcode="phi(47) " fcode="phi"/>
<opset="pix_131/4 "/>
</bind>
</comp>

<comp id="443" class="1005" name="pix_130_reg_443">
<pin_list>
<pin id="444" dir="0" index="0" bw="8" slack="1"/>
<pin id="445" dir="1" index="1" bw="8" slack="1"/>
</pin_list>
<bind>
<opset="pix_130 (phireg) "/>
</bind>
</comp>

<comp id="446" class="1004" name="pix_130_phi_fu_446">
<pin_list>
<pin id="447" dir="0" index="0" bw="8" slack="0"/>
<pin id="448" dir="0" index="1" bw="0" slack="2147483647"/>
<pin id="449" dir="0" index="2" bw="8" slack="1"/>
<pin id="450" dir="0" index="3" bw="0" slack="2147483647"/>
<pin id="451" dir="1" index="4" bw="8" slack="1"/>
</pin_list>
<bind>
<opcode="phi(47) " fcode="phi"/>
<opset="pix_130/4 "/>
</bind>
</comp>

<comp id="454" class="1005" name="pix_129_reg_454">
<pin_list>
<pin id="455" dir="0" index="0" bw="8" slack="1"/>
<pin id="456" dir="1" index="1" bw="8" slack="1"/>
</pin_list>
<bind>
<opset="pix_129 (phireg) "/>
</bind>
</comp>

<comp id="457" class="1004" name="pix_129_phi_fu_457">
<pin_list>
<pin id="458" dir="0" index="0" bw="8" slack="0"/>
<pin id="459" dir="0" index="1" bw="0" slack="2147483647"/>
<pin id="460" dir="0" index="2" bw="8" slack="1"/>
<pin id="461" dir="0" index="3" bw="0" slack="2147483647"/>
<pin id="462" dir="1" index="4" bw="8" slack="1"/>
</pin_list>
<bind>
<opcode="phi(47) " fcode="phi"/>
<opset="pix_129/4 "/>
</bind>
</comp>

<comp id="465" class="1005" name="pix_142_reg_465">
<pin_list>
<pin id="466" dir="0" index="0" bw="8" slack="1"/>
<pin id="467" dir="1" index="1" bw="8" slack="1"/>
</pin_list>
<bind>
<opset="pix_142 (phireg) "/>
</bind>
</comp>

<comp id="468" class="1004" name="pix_142_phi_fu_468">
<pin_list>
<pin id="469" dir="0" index="0" bw="8" slack="0"/>
<pin id="470" dir="0" index="1" bw="0" slack="2147483647"/>
<pin id="471" dir="0" index="2" bw="8" slack="1"/>
<pin id="472" dir="0" index="3" bw="0" slack="2147483647"/>
<pin id="473" dir="1" index="4" bw="8" slack="1"/>
</pin_list>
<bind>
<opcode="phi(47) " fcode="phi"/>
<opset="pix_142/5 "/>
</bind>
</comp>

<comp id="476" class="1005" name="pix_141_reg_476">
<pin_list>
<pin id="477" dir="0" index="0" bw="8" slack="1"/>
<pin id="478" dir="1" index="1" bw="8" slack="1"/>
</pin_list>
<bind>
<opset="pix_141 (phireg) "/>
</bind>
</comp>

<comp id="479" class="1004" name="pix_141_phi_fu_479">
<pin_list>
<pin id="480" dir="0" index="0" bw="8" slack="0"/>
<pin id="481" dir="0" index="1" bw="0" slack="2147483647"/>
<pin id="482" dir="0" index="2" bw="8" slack="1"/>
<pin id="483" dir="0" index="3" bw="0" slack="2147483647"/>
<pin id="484" dir="1" index="4" bw="8" slack="1"/>
</pin_list>
<bind>
<opcode="phi(47) " fcode="phi"/>
<opset="pix_141/5 "/>
</bind>
</comp>

<comp id="487" class="1005" name="pix_140_reg_487">
<pin_list>
<pin id="488" dir="0" index="0" bw="8" slack="1"/>
<pin id="489" dir="1" index="1" bw="8" slack="1"/>
</pin_list>
<bind>
<opset="pix_140 (phireg) "/>
</bind>
</comp>

<comp id="490" class="1004" name="pix_140_phi_fu_490">
<pin_list>
<pin id="491" dir="0" index="0" bw="8" slack="0"/>
<pin id="492" dir="0" index="1" bw="0" slack="2147483647"/>
<pin id="493" dir="0" index="2" bw="8" slack="1"/>
<pin id="494" dir="0" index="3" bw="0" slack="2147483647"/>
<pin id="495" dir="1" index="4" bw="8" slack="1"/>
</pin_list>
<bind>
<opcode="phi(47) " fcode="phi"/>
<opset="pix_140/5 "/>
</bind>
</comp>

<comp id="498" class="1005" name="pix_139_reg_498">
<pin_list>
<pin id="499" dir="0" index="0" bw="8" slack="1"/>
<pin id="500" dir="1" index="1" bw="8" slack="1"/>
</pin_list>
<bind>
<opset="pix_139 (phireg) "/>
</bind>
</comp>

<comp id="501" class="1004" name="pix_139_phi_fu_501">
<pin_list>
<pin id="502" dir="0" index="0" bw="8" slack="0"/>
<pin id="503" dir="0" index="1" bw="0" slack="2147483647"/>
<pin id="504" dir="0" index="2" bw="8" slack="1"/>
<pin id="505" dir="0" index="3" bw="0" slack="2147483647"/>
<pin id="506" dir="1" index="4" bw="8" slack="1"/>
</pin_list>
<bind>
<opcode="phi(47) " fcode="phi"/>
<opset="pix_139/5 "/>
</bind>
</comp>

<comp id="509" class="1005" name="pix_138_reg_509">
<pin_list>
<pin id="510" dir="0" index="0" bw="8" slack="1"/>
<pin id="511" dir="1" index="1" bw="8" slack="1"/>
</pin_list>
<bind>
<opset="pix_138 (phireg) "/>
</bind>
</comp>

<comp id="512" class="1004" name="pix_138_phi_fu_512">
<pin_list>
<pin id="513" dir="0" index="0" bw="8" slack="0"/>
<pin id="514" dir="0" index="1" bw="0" slack="2147483647"/>
<pin id="515" dir="0" index="2" bw="8" slack="1"/>
<pin id="516" dir="0" index="3" bw="0" slack="2147483647"/>
<pin id="517" dir="1" index="4" bw="8" slack="1"/>
</pin_list>
<bind>
<opcode="phi(47) " fcode="phi"/>
<opset="pix_138/5 "/>
</bind>
</comp>

<comp id="520" class="1005" name="pix_137_reg_520">
<pin_list>
<pin id="521" dir="0" index="0" bw="8" slack="1"/>
<pin id="522" dir="1" index="1" bw="8" slack="1"/>
</pin_list>
<bind>
<opset="pix_137 (phireg) "/>
</bind>
</comp>

<comp id="523" class="1004" name="pix_137_phi_fu_523">
<pin_list>
<pin id="524" dir="0" index="0" bw="8" slack="0"/>
<pin id="525" dir="0" index="1" bw="0" slack="2147483647"/>
<pin id="526" dir="0" index="2" bw="8" slack="1"/>
<pin id="527" dir="0" index="3" bw="0" slack="2147483647"/>
<pin id="528" dir="1" index="4" bw="8" slack="1"/>
</pin_list>
<bind>
<opcode="phi(47) " fcode="phi"/>
<opset="pix_137/5 "/>
</bind>
</comp>

<comp id="531" class="1005" name="pix_150_reg_531">
<pin_list>
<pin id="532" dir="0" index="0" bw="8" slack="1"/>
<pin id="533" dir="1" index="1" bw="8" slack="1"/>
</pin_list>
<bind>
<opset="pix_150 (phireg) "/>
</bind>
</comp>

<comp id="534" class="1004" name="pix_150_phi_fu_534">
<pin_list>
<pin id="535" dir="0" index="0" bw="8" slack="0"/>
<pin id="536" dir="0" index="1" bw="0" slack="2147483647"/>
<pin id="537" dir="0" index="2" bw="8" slack="1"/>
<pin id="538" dir="0" index="3" bw="0" slack="2147483647"/>
<pin id="539" dir="1" index="4" bw="8" slack="1"/>
</pin_list>
<bind>
<opcode="phi(47) " fcode="phi"/>
<opset="pix_150/6 "/>
</bind>
</comp>

<comp id="542" class="1005" name="pix_149_reg_542">
<pin_list>
<pin id="543" dir="0" index="0" bw="8" slack="1"/>
<pin id="544" dir="1" index="1" bw="8" slack="1"/>
</pin_list>
<bind>
<opset="pix_149 (phireg) "/>
</bind>
</comp>

<comp id="545" class="1004" name="pix_149_phi_fu_545">
<pin_list>
<pin id="546" dir="0" index="0" bw="8" slack="0"/>
<pin id="547" dir="0" index="1" bw="0" slack="2147483647"/>
<pin id="548" dir="0" index="2" bw="8" slack="1"/>
<pin id="549" dir="0" index="3" bw="0" slack="2147483647"/>
<pin id="550" dir="1" index="4" bw="8" slack="1"/>
</pin_list>
<bind>
<opcode="phi(47) " fcode="phi"/>
<opset="pix_149/6 "/>
</bind>
</comp>

<comp id="553" class="1005" name="pix_148_reg_553">
<pin_list>
<pin id="554" dir="0" index="0" bw="8" slack="1"/>
<pin id="555" dir="1" index="1" bw="8" slack="1"/>
</pin_list>
<bind>
<opset="pix_148 (phireg) "/>
</bind>
</comp>

<comp id="556" class="1004" name="pix_148_phi_fu_556">
<pin_list>
<pin id="557" dir="0" index="0" bw="8" slack="0"/>
<pin id="558" dir="0" index="1" bw="0" slack="2147483647"/>
<pin id="559" dir="0" index="2" bw="8" slack="1"/>
<pin id="560" dir="0" index="3" bw="0" slack="2147483647"/>
<pin id="561" dir="1" index="4" bw="8" slack="1"/>
</pin_list>
<bind>
<opcode="phi(47) " fcode="phi"/>
<opset="pix_148/6 "/>
</bind>
</comp>

<comp id="564" class="1005" name="pix_147_reg_564">
<pin_list>
<pin id="565" dir="0" index="0" bw="8" slack="1"/>
<pin id="566" dir="1" index="1" bw="8" slack="1"/>
</pin_list>
<bind>
<opset="pix_147 (phireg) "/>
</bind>
</comp>

<comp id="567" class="1004" name="pix_147_phi_fu_567">
<pin_list>
<pin id="568" dir="0" index="0" bw="8" slack="0"/>
<pin id="569" dir="0" index="1" bw="0" slack="2147483647"/>
<pin id="570" dir="0" index="2" bw="8" slack="1"/>
<pin id="571" dir="0" index="3" bw="0" slack="2147483647"/>
<pin id="572" dir="1" index="4" bw="8" slack="1"/>
</pin_list>
<bind>
<opcode="phi(47) " fcode="phi"/>
<opset="pix_147/6 "/>
</bind>
</comp>

<comp id="575" class="1005" name="pix_146_reg_575">
<pin_list>
<pin id="576" dir="0" index="0" bw="8" slack="1"/>
<pin id="577" dir="1" index="1" bw="8" slack="1"/>
</pin_list>
<bind>
<opset="pix_146 (phireg) "/>
</bind>
</comp>

<comp id="578" class="1004" name="pix_146_phi_fu_578">
<pin_list>
<pin id="579" dir="0" index="0" bw="8" slack="0"/>
<pin id="580" dir="0" index="1" bw="0" slack="2147483647"/>
<pin id="581" dir="0" index="2" bw="8" slack="1"/>
<pin id="582" dir="0" index="3" bw="0" slack="2147483647"/>
<pin id="583" dir="1" index="4" bw="8" slack="1"/>
</pin_list>
<bind>
<opcode="phi(47) " fcode="phi"/>
<opset="pix_146/6 "/>
</bind>
</comp>

<comp id="586" class="1005" name="pix_145_reg_586">
<pin_list>
<pin id="587" dir="0" index="0" bw="8" slack="1"/>
<pin id="588" dir="1" index="1" bw="8" slack="1"/>
</pin_list>
<bind>
<opset="pix_145 (phireg) "/>
</bind>
</comp>

<comp id="589" class="1004" name="pix_145_phi_fu_589">
<pin_list>
<pin id="590" dir="0" index="0" bw="8" slack="0"/>
<pin id="591" dir="0" index="1" bw="0" slack="2147483647"/>
<pin id="592" dir="0" index="2" bw="8" slack="1"/>
<pin id="593" dir="0" index="3" bw="0" slack="2147483647"/>
<pin id="594" dir="1" index="4" bw="8" slack="1"/>
</pin_list>
<bind>
<opcode="phi(47) " fcode="phi"/>
<opset="pix_145/6 "/>
</bind>
</comp>

<comp id="597" class="1005" name="pix_158_reg_597">
<pin_list>
<pin id="598" dir="0" index="0" bw="8" slack="1"/>
<pin id="599" dir="1" index="1" bw="8" slack="1"/>
</pin_list>
<bind>
<opset="pix_158 (phireg) "/>
</bind>
</comp>

<comp id="600" class="1004" name="pix_158_phi_fu_600">
<pin_list>
<pin id="601" dir="0" index="0" bw="8" slack="0"/>
<pin id="602" dir="0" index="1" bw="0" slack="2147483647"/>
<pin id="603" dir="0" index="2" bw="8" slack="1"/>
<pin id="604" dir="0" index="3" bw="0" slack="2147483647"/>
<pin id="605" dir="1" index="4" bw="8" slack="1"/>
</pin_list>
<bind>
<opcode="phi(47) " fcode="phi"/>
<opset="pix_158/7 "/>
</bind>
</comp>

<comp id="608" class="1005" name="pix_157_reg_608">
<pin_list>
<pin id="609" dir="0" index="0" bw="8" slack="1"/>
<pin id="610" dir="1" index="1" bw="8" slack="1"/>
</pin_list>
<bind>
<opset="pix_157 (phireg) "/>
</bind>
</comp>

<comp id="611" class="1004" name="pix_157_phi_fu_611">
<pin_list>
<pin id="612" dir="0" index="0" bw="8" slack="0"/>
<pin id="613" dir="0" index="1" bw="0" slack="2147483647"/>
<pin id="614" dir="0" index="2" bw="8" slack="1"/>
<pin id="615" dir="0" index="3" bw="0" slack="2147483647"/>
<pin id="616" dir="1" index="4" bw="8" slack="1"/>
</pin_list>
<bind>
<opcode="phi(47) " fcode="phi"/>
<opset="pix_157/7 "/>
</bind>
</comp>

<comp id="619" class="1005" name="pix_156_reg_619">
<pin_list>
<pin id="620" dir="0" index="0" bw="8" slack="1"/>
<pin id="621" dir="1" index="1" bw="8" slack="1"/>
</pin_list>
<bind>
<opset="pix_156 (phireg) "/>
</bind>
</comp>

<comp id="622" class="1004" name="pix_156_phi_fu_622">
<pin_list>
<pin id="623" dir="0" index="0" bw="8" slack="0"/>
<pin id="624" dir="0" index="1" bw="0" slack="2147483647"/>
<pin id="625" dir="0" index="2" bw="8" slack="1"/>
<pin id="626" dir="0" index="3" bw="0" slack="2147483647"/>
<pin id="627" dir="1" index="4" bw="8" slack="1"/>
</pin_list>
<bind>
<opcode="phi(47) " fcode="phi"/>
<opset="pix_156/7 "/>
</bind>
</comp>

<comp id="630" class="1005" name="pix_155_reg_630">
<pin_list>
<pin id="631" dir="0" index="0" bw="8" slack="1"/>
<pin id="632" dir="1" index="1" bw="8" slack="1"/>
</pin_list>
<bind>
<opset="pix_155 (phireg) "/>
</bind>
</comp>

<comp id="633" class="1004" name="pix_155_phi_fu_633">
<pin_list>
<pin id="634" dir="0" index="0" bw="8" slack="0"/>
<pin id="635" dir="0" index="1" bw="0" slack="2147483647"/>
<pin id="636" dir="0" index="2" bw="8" slack="1"/>
<pin id="637" dir="0" index="3" bw="0" slack="2147483647"/>
<pin id="638" dir="1" index="4" bw="8" slack="1"/>
</pin_list>
<bind>
<opcode="phi(47) " fcode="phi"/>
<opset="pix_155/7 "/>
</bind>
</comp>

<comp id="641" class="1005" name="pix_154_reg_641">
<pin_list>
<pin id="642" dir="0" index="0" bw="8" slack="1"/>
<pin id="643" dir="1" index="1" bw="8" slack="1"/>
</pin_list>
<bind>
<opset="pix_154 (phireg) "/>
</bind>
</comp>

<comp id="644" class="1004" name="pix_154_phi_fu_644">
<pin_list>
<pin id="645" dir="0" index="0" bw="8" slack="0"/>
<pin id="646" dir="0" index="1" bw="0" slack="2147483647"/>
<pin id="647" dir="0" index="2" bw="8" slack="1"/>
<pin id="648" dir="0" index="3" bw="0" slack="2147483647"/>
<pin id="649" dir="1" index="4" bw="8" slack="1"/>
</pin_list>
<bind>
<opcode="phi(47) " fcode="phi"/>
<opset="pix_154/7 "/>
</bind>
</comp>

<comp id="652" class="1005" name="pix_153_reg_652">
<pin_list>
<pin id="653" dir="0" index="0" bw="8" slack="1"/>
<pin id="654" dir="1" index="1" bw="8" slack="1"/>
</pin_list>
<bind>
<opset="pix_153 (phireg) "/>
</bind>
</comp>

<comp id="655" class="1004" name="pix_153_phi_fu_655">
<pin_list>
<pin id="656" dir="0" index="0" bw="8" slack="0"/>
<pin id="657" dir="0" index="1" bw="0" slack="2147483647"/>
<pin id="658" dir="0" index="2" bw="8" slack="1"/>
<pin id="659" dir="0" index="3" bw="0" slack="2147483647"/>
<pin id="660" dir="1" index="4" bw="8" slack="1"/>
</pin_list>
<bind>
<opcode="phi(47) " fcode="phi"/>
<opset="pix_153/7 "/>
</bind>
</comp>

<comp id="663" class="1005" name="pix_166_reg_663">
<pin_list>
<pin id="664" dir="0" index="0" bw="8" slack="1"/>
<pin id="665" dir="1" index="1" bw="8" slack="1"/>
</pin_list>
<bind>
<opset="pix_166 (phireg) "/>
</bind>
</comp>

<comp id="666" class="1004" name="pix_166_phi_fu_666">
<pin_list>
<pin id="667" dir="0" index="0" bw="8" slack="0"/>
<pin id="668" dir="0" index="1" bw="0" slack="2147483647"/>
<pin id="669" dir="0" index="2" bw="8" slack="1"/>
<pin id="670" dir="0" index="3" bw="0" slack="2147483647"/>
<pin id="671" dir="1" index="4" bw="8" slack="1"/>
</pin_list>
<bind>
<opcode="phi(47) " fcode="phi"/>
<opset="pix_166/8 "/>
</bind>
</comp>

<comp id="674" class="1005" name="pix_165_reg_674">
<pin_list>
<pin id="675" dir="0" index="0" bw="8" slack="1"/>
<pin id="676" dir="1" index="1" bw="8" slack="1"/>
</pin_list>
<bind>
<opset="pix_165 (phireg) "/>
</bind>
</comp>

<comp id="677" class="1004" name="pix_165_phi_fu_677">
<pin_list>
<pin id="678" dir="0" index="0" bw="8" slack="0"/>
<pin id="679" dir="0" index="1" bw="0" slack="2147483647"/>
<pin id="680" dir="0" index="2" bw="8" slack="1"/>
<pin id="681" dir="0" index="3" bw="0" slack="2147483647"/>
<pin id="682" dir="1" index="4" bw="8" slack="1"/>
</pin_list>
<bind>
<opcode="phi(47) " fcode="phi"/>
<opset="pix_165/8 "/>
</bind>
</comp>

<comp id="685" class="1005" name="pix_164_reg_685">
<pin_list>
<pin id="686" dir="0" index="0" bw="8" slack="1"/>
<pin id="687" dir="1" index="1" bw="8" slack="1"/>
</pin_list>
<bind>
<opset="pix_164 (phireg) "/>
</bind>
</comp>

<comp id="688" class="1004" name="pix_164_phi_fu_688">
<pin_list>
<pin id="689" dir="0" index="0" bw="8" slack="0"/>
<pin id="690" dir="0" index="1" bw="0" slack="2147483647"/>
<pin id="691" dir="0" index="2" bw="8" slack="1"/>
<pin id="692" dir="0" index="3" bw="0" slack="2147483647"/>
<pin id="693" dir="1" index="4" bw="8" slack="1"/>
</pin_list>
<bind>
<opcode="phi(47) " fcode="phi"/>
<opset="pix_164/8 "/>
</bind>
</comp>

<comp id="696" class="1005" name="pix_163_reg_696">
<pin_list>
<pin id="697" dir="0" index="0" bw="8" slack="1"/>
<pin id="698" dir="1" index="1" bw="8" slack="1"/>
</pin_list>
<bind>
<opset="pix_163 (phireg) "/>
</bind>
</comp>

<comp id="699" class="1004" name="pix_163_phi_fu_699">
<pin_list>
<pin id="700" dir="0" index="0" bw="8" slack="0"/>
<pin id="701" dir="0" index="1" bw="0" slack="2147483647"/>
<pin id="702" dir="0" index="2" bw="8" slack="1"/>
<pin id="703" dir="0" index="3" bw="0" slack="2147483647"/>
<pin id="704" dir="1" index="4" bw="8" slack="1"/>
</pin_list>
<bind>
<opcode="phi(47) " fcode="phi"/>
<opset="pix_163/8 "/>
</bind>
</comp>

<comp id="707" class="1005" name="pix_162_reg_707">
<pin_list>
<pin id="708" dir="0" index="0" bw="8" slack="1"/>
<pin id="709" dir="1" index="1" bw="8" slack="1"/>
</pin_list>
<bind>
<opset="pix_162 (phireg) "/>
</bind>
</comp>

<comp id="710" class="1004" name="pix_162_phi_fu_710">
<pin_list>
<pin id="711" dir="0" index="0" bw="8" slack="0"/>
<pin id="712" dir="0" index="1" bw="0" slack="2147483647"/>
<pin id="713" dir="0" index="2" bw="8" slack="1"/>
<pin id="714" dir="0" index="3" bw="0" slack="2147483647"/>
<pin id="715" dir="1" index="4" bw="8" slack="1"/>
</pin_list>
<bind>
<opcode="phi(47) " fcode="phi"/>
<opset="pix_162/8 "/>
</bind>
</comp>

<comp id="718" class="1005" name="pix_161_reg_718">
<pin_list>
<pin id="719" dir="0" index="0" bw="8" slack="1"/>
<pin id="720" dir="1" index="1" bw="8" slack="1"/>
</pin_list>
<bind>
<opset="pix_161 (phireg) "/>
</bind>
</comp>

<comp id="721" class="1004" name="pix_161_phi_fu_721">
<pin_list>
<pin id="722" dir="0" index="0" bw="8" slack="0"/>
<pin id="723" dir="0" index="1" bw="0" slack="2147483647"/>
<pin id="724" dir="0" index="2" bw="8" slack="1"/>
<pin id="725" dir="0" index="3" bw="0" slack="2147483647"/>
<pin id="726" dir="1" index="4" bw="8" slack="1"/>
</pin_list>
<bind>
<opcode="phi(47) " fcode="phi"/>
<opset="pix_161/8 "/>
</bind>
</comp>

<comp id="729" class="1005" name="pix_174_reg_729">
<pin_list>
<pin id="730" dir="0" index="0" bw="8" slack="1"/>
<pin id="731" dir="1" index="1" bw="8" slack="1"/>
</pin_list>
<bind>
<opset="pix_174 (phireg) "/>
</bind>
</comp>

<comp id="732" class="1004" name="pix_174_phi_fu_732">
<pin_list>
<pin id="733" dir="0" index="0" bw="8" slack="0"/>
<pin id="734" dir="0" index="1" bw="0" slack="2147483647"/>
<pin id="735" dir="0" index="2" bw="8" slack="1"/>
<pin id="736" dir="0" index="3" bw="0" slack="2147483647"/>
<pin id="737" dir="1" index="4" bw="8" slack="0"/>
</pin_list>
<bind>
<opcode="phi(47) " fcode="phi"/>
<opset="pix_174/9 "/>
</bind>
</comp>

<comp id="740" class="1005" name="pix_173_reg_740">
<pin_list>
<pin id="741" dir="0" index="0" bw="8" slack="1"/>
<pin id="742" dir="1" index="1" bw="8" slack="1"/>
</pin_list>
<bind>
<opset="pix_173 (phireg) "/>
</bind>
</comp>

<comp id="743" class="1004" name="pix_173_phi_fu_743">
<pin_list>
<pin id="744" dir="0" index="0" bw="8" slack="0"/>
<pin id="745" dir="0" index="1" bw="0" slack="2147483647"/>
<pin id="746" dir="0" index="2" bw="8" slack="1"/>
<pin id="747" dir="0" index="3" bw="0" slack="2147483647"/>
<pin id="748" dir="1" index="4" bw="8" slack="0"/>
</pin_list>
<bind>
<opcode="phi(47) " fcode="phi"/>
<opset="pix_173/9 "/>
</bind>
</comp>

<comp id="751" class="1005" name="pix_172_reg_751">
<pin_list>
<pin id="752" dir="0" index="0" bw="8" slack="1"/>
<pin id="753" dir="1" index="1" bw="8" slack="1"/>
</pin_list>
<bind>
<opset="pix_172 (phireg) "/>
</bind>
</comp>

<comp id="754" class="1004" name="pix_172_phi_fu_754">
<pin_list>
<pin id="755" dir="0" index="0" bw="8" slack="0"/>
<pin id="756" dir="0" index="1" bw="0" slack="2147483647"/>
<pin id="757" dir="0" index="2" bw="8" slack="1"/>
<pin id="758" dir="0" index="3" bw="0" slack="2147483647"/>
<pin id="759" dir="1" index="4" bw="8" slack="0"/>
</pin_list>
<bind>
<opcode="phi(47) " fcode="phi"/>
<opset="pix_172/9 "/>
</bind>
</comp>

<comp id="762" class="1005" name="pix_171_reg_762">
<pin_list>
<pin id="763" dir="0" index="0" bw="8" slack="1"/>
<pin id="764" dir="1" index="1" bw="8" slack="1"/>
</pin_list>
<bind>
<opset="pix_171 (phireg) "/>
</bind>
</comp>

<comp id="765" class="1004" name="pix_171_phi_fu_765">
<pin_list>
<pin id="766" dir="0" index="0" bw="8" slack="0"/>
<pin id="767" dir="0" index="1" bw="0" slack="2147483647"/>
<pin id="768" dir="0" index="2" bw="8" slack="1"/>
<pin id="769" dir="0" index="3" bw="0" slack="2147483647"/>
<pin id="770" dir="1" index="4" bw="8" slack="0"/>
</pin_list>
<bind>
<opcode="phi(47) " fcode="phi"/>
<opset="pix_171/9 "/>
</bind>
</comp>

<comp id="773" class="1005" name="pix_170_reg_773">
<pin_list>
<pin id="774" dir="0" index="0" bw="8" slack="1"/>
<pin id="775" dir="1" index="1" bw="8" slack="1"/>
</pin_list>
<bind>
<opset="pix_170 (phireg) "/>
</bind>
</comp>

<comp id="776" class="1004" name="pix_170_phi_fu_776">
<pin_list>
<pin id="777" dir="0" index="0" bw="8" slack="0"/>
<pin id="778" dir="0" index="1" bw="0" slack="2147483647"/>
<pin id="779" dir="0" index="2" bw="8" slack="1"/>
<pin id="780" dir="0" index="3" bw="0" slack="2147483647"/>
<pin id="781" dir="1" index="4" bw="8" slack="0"/>
</pin_list>
<bind>
<opcode="phi(47) " fcode="phi"/>
<opset="pix_170/9 "/>
</bind>
</comp>

<comp id="784" class="1005" name="pix_169_reg_784">
<pin_list>
<pin id="785" dir="0" index="0" bw="8" slack="1"/>
<pin id="786" dir="1" index="1" bw="8" slack="1"/>
</pin_list>
<bind>
<opset="pix_169 (phireg) "/>
</bind>
</comp>

<comp id="787" class="1004" name="pix_169_phi_fu_787">
<pin_list>
<pin id="788" dir="0" index="0" bw="8" slack="0"/>
<pin id="789" dir="0" index="1" bw="0" slack="2147483647"/>
<pin id="790" dir="0" index="2" bw="8" slack="1"/>
<pin id="791" dir="0" index="3" bw="0" slack="2147483647"/>
<pin id="792" dir="1" index="4" bw="8" slack="0"/>
</pin_list>
<bind>
<opcode="phi(47) " fcode="phi"/>
<opset="pix_169/9 "/>
</bind>
</comp>

<comp id="795" class="1004" name="grp_fu_795">
<pin_list>
<pin id="796" dir="0" index="0" bw="8" slack="0"/>
<pin id="797" dir="0" index="1" bw="48" slack="0"/>
<pin id="798" dir="0" index="2" bw="5" slack="0"/>
<pin id="799" dir="0" index="3" bw="5" slack="0"/>
<pin id="800" dir="1" index="4" bw="8" slack="0"/>
</pin_list>
<bind>
<opcode="partselect(1002) " fcode="partselect"/>
<opset="pix_64/2 pix_126/3 pix_128/4 pix_136/5 pix_144/6 pix_152/7 pix_160/8 pix_168/9 "/>
</bind>
</comp>

<comp id="813" class="1004" name="grp_fu_813">
<pin_list>
<pin id="814" dir="0" index="0" bw="8" slack="0"/>
<pin id="815" dir="0" index="1" bw="48" slack="0"/>
<pin id="816" dir="0" index="2" bw="6" slack="0"/>
<pin id="817" dir="0" index="3" bw="6" slack="0"/>
<pin id="818" dir="1" index="4" bw="8" slack="0"/>
</pin_list>
<bind>
<opcode="partselect(1002) " fcode="partselect"/>
<opset="pix_65/2 pix_84/3 pix_88/4 pix_92/5 pix_96/6 pix_100/7 pix_104/8 pix_108/9 "/>
</bind>
</comp>

<comp id="831" class="1004" name="grp_fu_831">
<pin_list>
<pin id="832" dir="0" index="0" bw="8" slack="0"/>
<pin id="833" dir="0" index="1" bw="48" slack="0"/>
<pin id="834" dir="0" index="2" bw="6" slack="0"/>
<pin id="835" dir="0" index="3" bw="6" slack="0"/>
<pin id="836" dir="1" index="4" bw="8" slack="0"/>
</pin_list>
<bind>
<opcode="partselect(1002) " fcode="partselect"/>
<opset="pix_70/2 pix_85/3 pix_89/4 pix_93/5 pix_97/6 pix_101/7 pix_105/8 pix_109/9 "/>
</bind>
</comp>

<comp id="849" class="1004" name="grp_fu_849">
<pin_list>
<pin id="850" dir="0" index="0" bw="8" slack="0"/>
<pin id="851" dir="0" index="1" bw="48" slack="0"/>
<pin id="852" dir="0" index="2" bw="7" slack="0"/>
<pin id="853" dir="0" index="3" bw="7" slack="0"/>
<pin id="854" dir="1" index="4" bw="8" slack="0"/>
</pin_list>
<bind>
<opcode="partselect(1002) " fcode="partselect"/>
<opset="pix_71/2 pix_86/3 pix_90/4 pix_94/5 pix_98/6 pix_102/7 pix_106/8 pix_110/9 "/>
</bind>
</comp>

<comp id="867" class="1004" name="grp_fu_867">
<pin_list>
<pin id="868" dir="0" index="0" bw="8" slack="0"/>
<pin id="869" dir="0" index="1" bw="48" slack="0"/>
<pin id="870" dir="0" index="2" bw="7" slack="0"/>
<pin id="871" dir="0" index="3" bw="7" slack="0"/>
<pin id="872" dir="1" index="4" bw="8" slack="0"/>
</pin_list>
<bind>
<opcode="partselect(1002) " fcode="partselect"/>
<opset="pix_72/2 pix_87/3 pix_91/4 pix_95/5 pix_99/6 pix_103/7 pix_107/8 pix_111/9 "/>
</bind>
</comp>

<comp id="885" class="1004" name="store_ln431_store_fu_885">
<pin_list>
<pin id="886" dir="0" index="0" bw="8" slack="0"/>
<pin id="887" dir="0" index="1" bw="8" slack="0"/>
<pin id="888" dir="1" index="2" bw="0" slack="2147483647"/>
</pin_list>
<bind>
<opcode="store(28) " fcode="store"/>
<opset="store_ln431/1 "/>
</bind>
</comp>

<comp id="890" class="1004" name="store_ln431_store_fu_890">
<pin_list>
<pin id="891" dir="0" index="0" bw="8" slack="0"/>
<pin id="892" dir="0" index="1" bw="8" slack="0"/>
<pin id="893" dir="1" index="2" bw="0" slack="2147483647"/>
</pin_list>
<bind>
<opcode="store(28) " fcode="store"/>
<opset="store_ln431/1 "/>
</bind>
</comp>

<comp id="895" class="1004" name="store_ln431_store_fu_895">
<pin_list>
<pin id="896" dir="0" index="0" bw="8" slack="0"/>
<pin id="897" dir="0" index="1" bw="8" slack="0"/>
<pin id="898" dir="1" index="2" bw="0" slack="2147483647"/>
</pin_list>
<bind>
<opcode="store(28) " fcode="store"/>
<opset="store_ln431/1 "/>
</bind>
</comp>

<comp id="900" class="1004" name="store_ln431_store_fu_900">
<pin_list>
<pin id="901" dir="0" index="0" bw="8" slack="0"/>
<pin id="902" dir="0" index="1" bw="8" slack="0"/>
<pin id="903" dir="1" index="2" bw="0" slack="2147483647"/>
</pin_list>
<bind>
<opcode="store(28) " fcode="store"/>
<opset="store_ln431/1 "/>
</bind>
</comp>

<comp id="905" class="1004" name="store_ln431_store_fu_905">
<pin_list>
<pin id="906" dir="0" index="0" bw="8" slack="0"/>
<pin id="907" dir="0" index="1" bw="8" slack="0"/>
<pin id="908" dir="1" index="2" bw="0" slack="2147483647"/>
</pin_list>
<bind>
<opcode="store(28) " fcode="store"/>
<opset="store_ln431/1 "/>
</bind>
</comp>

<comp id="910" class="1004" name="store_ln431_store_fu_910">
<pin_list>
<pin id="911" dir="0" index="0" bw="8" slack="0"/>
<pin id="912" dir="0" index="1" bw="8" slack="0"/>
<pin id="913" dir="1" index="2" bw="0" slack="2147483647"/>
</pin_list>
<bind>
<opcode="store(28) " fcode="store"/>
<opset="store_ln431/1 "/>
</bind>
</comp>

<comp id="915" class="1004" name="store_ln1090_store_fu_915">
<pin_list>
<pin id="916" dir="0" index="0" bw="1" slack="0"/>
<pin id="917" dir="0" index="1" bw="8" slack="0"/>
<pin id="918" dir="1" index="2" bw="0" slack="2147483647"/>
</pin_list>
<bind>
<opcode="store(28) " fcode="store"/>
<opset="store_ln1090/1 "/>
</bind>
</comp>

<comp id="920" class="1004" name="x_load_fu_920">
<pin_list>
<pin id="921" dir="0" index="0" bw="8" slack="0"/>
<pin id="922" dir="1" index="1" bw="8" slack="0"/>
</pin_list>
<bind>
<opcode="load(27) " fcode="load"/>
<opset="x/1 "/>
</bind>
</comp>

<comp id="923" class="1004" name="zext_ln1090_fu_923">
<pin_list>
<pin id="924" dir="0" index="0" bw="8" slack="0"/>
<pin id="925" dir="1" index="1" bw="9" slack="0"/>
</pin_list>
<bind>
<opcode="zext(34) " fcode="zext"/>
<opset="zext_ln1090/1 "/>
</bind>
</comp>

<comp id="927" class="1004" name="icmp_ln1090_fu_927">
<pin_list>
<pin id="928" dir="0" index="0" bw="8" slack="0"/>
<pin id="929" dir="0" index="1" bw="8" slack="0"/>
<pin id="930" dir="1" index="2" bw="1" slack="1"/>
</pin_list>
<bind>
<opcode="icmp(45) " fcode="icmp"/>
<opset="icmp_ln1090/1 "/>
</bind>
</comp>

<comp id="933" class="1004" name="x_6_fu_933">
<pin_list>
<pin id="934" dir="0" index="0" bw="8" slack="0"/>
<pin id="935" dir="0" index="1" bw="1" slack="0"/>
<pin id="936" dir="1" index="2" bw="8" slack="0"/>
</pin_list>
<bind>
<opcode="add(8) " fcode="add"/>
<opset="x_6/1 "/>
</bind>
</comp>

<comp id="939" class="1004" name="icmp_ln1095_1_fu_939">
<pin_list>
<pin id="940" dir="0" index="0" bw="8" slack="0"/>
<pin id="941" dir="0" index="1" bw="9" slack="0"/>
<pin id="942" dir="1" index="2" bw="1" slack="0"/>
</pin_list>
<bind>
<opcode="icmp(45) " fcode="icmp"/>
<opset="icmp_ln1095_1/1 "/>
</bind>
</comp>

<comp id="945" class="1004" name="or_ln1095_fu_945">
<pin_list>
<pin id="946" dir="0" index="0" bw="1" slack="0"/>
<pin id="947" dir="0" index="1" bw="1" slack="0"/>
<pin id="948" dir="1" index="2" bw="1" slack="1"/>
</pin_list>
<bind>
<opcode="or(24) " fcode="or"/>
<opset="or_ln1095/1 "/>
</bind>
</comp>

<comp id="951" class="1004" name="or_ln1095_1_fu_951">
<pin_list>
<pin id="952" dir="0" index="0" bw="1" slack="0"/>
<pin id="953" dir="0" index="1" bw="1" slack="0"/>
<pin id="954" dir="1" index="2" bw="1" slack="1"/>
</pin_list>
<bind>
<opcode="or(24) " fcode="or"/>
<opset="or_ln1095_1/1 "/>
</bind>
</comp>

<comp id="957" class="1004" name="or_ln1095_2_fu_957">
<pin_list>
<pin id="958" dir="0" index="0" bw="1" slack="0"/>
<pin id="959" dir="0" index="1" bw="1" slack="0"/>
<pin id="960" dir="1" index="2" bw="1" slack="1"/>
</pin_list>
<bind>
<opcode="or(24) " fcode="or"/>
<opset="or_ln1095_2/1 "/>
</bind>
</comp>

<comp id="963" class="1004" name="or_ln1110_fu_963">
<pin_list>
<pin id="964" dir="0" index="0" bw="1" slack="0"/>
<pin id="965" dir="0" index="1" bw="1" slack="0"/>
<pin id="966" dir="1" index="2" bw="1" slack="7"/>
</pin_list>
<bind>
<opcode="or(24) " fcode="or"/>
<opset="or_ln1110/1 "/>
</bind>
</comp>

<comp id="969" class="1004" name="or_ln1110_1_fu_969">
<pin_list>
<pin id="970" dir="0" index="0" bw="1" slack="0"/>
<pin id="971" dir="0" index="1" bw="1" slack="0"/>
<pin id="972" dir="1" index="2" bw="1" slack="9"/>
</pin_list>
<bind>
<opcode="or(24) " fcode="or"/>
<opset="or_ln1110_1/1 "/>
</bind>
</comp>

<comp id="975" class="1004" name="store_ln1090_store_fu_975">
<pin_list>
<pin id="976" dir="0" index="0" bw="8" slack="0"/>
<pin id="977" dir="0" index="1" bw="8" slack="0"/>
<pin id="978" dir="1" index="2" bw="0" slack="2147483647"/>
</pin_list>
<bind>
<opcode="store(28) " fcode="store"/>
<opset="store_ln1090/1 "/>
</bind>
</comp>

<comp id="980" class="1004" name="pix_load_fu_980">
<pin_list>
<pin id="981" dir="0" index="0" bw="8" slack="1"/>
<pin id="982" dir="1" index="1" bw="8" slack="0"/>
</pin_list>
<bind>
<opcode="load(27) " fcode="load"/>
<opset="pix/2 "/>
</bind>
</comp>

<comp id="984" class="1004" name="pix_113_load_fu_984">
<pin_list>
<pin id="985" dir="0" index="0" bw="8" slack="1"/>
<pin id="986" dir="1" index="1" bw="8" slack="0"/>
</pin_list>
<bind>
<opcode="load(27) " fcode="load"/>
<opset="pix_113/2 "/>
</bind>
</comp>

<comp id="988" class="1004" name="pix_120_load_fu_988">
<pin_list>
<pin id="989" dir="0" index="0" bw="8" slack="1"/>
<pin id="990" dir="1" index="1" bw="8" slack="0"/>
</pin_list>
<bind>
<opcode="load(27) " fcode="load"/>
<opset="pix_120/2 "/>
</bind>
</comp>

<comp id="992" class="1004" name="pix_121_load_fu_992">
<pin_list>
<pin id="993" dir="0" index="0" bw="8" slack="1"/>
<pin id="994" dir="1" index="1" bw="8" slack="0"/>
</pin_list>
<bind>
<opcode="load(27) " fcode="load"/>
<opset="pix_121/2 "/>
</bind>
</comp>

<comp id="996" class="1004" name="pix_122_load_fu_996">
<pin_list>
<pin id="997" dir="0" index="0" bw="8" slack="1"/>
<pin id="998" dir="1" index="1" bw="8" slack="0"/>
</pin_list>
<bind>
<opcode="load(27) " fcode="load"/>
<opset="pix_122/2 "/>
</bind>
</comp>

<comp id="1000" class="1004" name="pix_123_load_fu_1000">
<pin_list>
<pin id="1001" dir="0" index="0" bw="8" slack="1"/>
<pin id="1002" dir="1" index="1" bw="8" slack="0"/>
</pin_list>
<bind>
<opcode="load(27) " fcode="load"/>
<opset="pix_123/2 "/>
</bind>
</comp>

<comp id="1004" class="1004" name="pix_124_fu_1004">
<pin_list>
<pin id="1005" dir="0" index="0" bw="48" slack="0"/>
<pin id="1006" dir="1" index="1" bw="8" slack="0"/>
</pin_list>
<bind>
<opcode="trunc(33) " fcode="trunc"/>
<opset="pix_124/2 "/>
</bind>
</comp>

<comp id="1009" class="1004" name="pix_125_fu_1009">
<pin_list>
<pin id="1010" dir="0" index="0" bw="48" slack="0"/>
<pin id="1011" dir="1" index="1" bw="8" slack="0"/>
</pin_list>
<bind>
<opcode="trunc(33) " fcode="trunc"/>
<opset="pix_125/3 "/>
</bind>
</comp>

<comp id="1014" class="1004" name="or_ln1095_3_fu_1014">
<pin_list>
<pin id="1015" dir="0" index="0" bw="1" slack="2"/>
<pin id="1016" dir="0" index="1" bw="1" slack="2"/>
<pin id="1017" dir="1" index="2" bw="1" slack="1"/>
</pin_list>
<bind>
<opcode="or(24) " fcode="or"/>
<opset="or_ln1095_3/3 "/>
</bind>
</comp>

<comp id="1018" class="1004" name="pix_127_fu_1018">
<pin_list>
<pin id="1019" dir="0" index="0" bw="48" slack="0"/>
<pin id="1020" dir="1" index="1" bw="8" slack="0"/>
</pin_list>
<bind>
<opcode="trunc(33) " fcode="trunc"/>
<opset="pix_127/4 "/>
</bind>
</comp>

<comp id="1023" class="1004" name="or_ln1095_4_fu_1023">
<pin_list>
<pin id="1024" dir="0" index="0" bw="1" slack="3"/>
<pin id="1025" dir="0" index="1" bw="1" slack="3"/>
<pin id="1026" dir="1" index="2" bw="1" slack="1"/>
</pin_list>
<bind>
<opcode="or(24) " fcode="or"/>
<opset="or_ln1095_4/4 "/>
</bind>
</comp>

<comp id="1027" class="1004" name="or_ln1095_5_fu_1027">
<pin_list>
<pin id="1028" dir="0" index="0" bw="1" slack="3"/>
<pin id="1029" dir="0" index="1" bw="1" slack="3"/>
<pin id="1030" dir="1" index="2" bw="1" slack="1"/>
</pin_list>
<bind>
<opcode="or(24) " fcode="or"/>
<opset="or_ln1095_5/4 "/>
</bind>
</comp>

<comp id="1031" class="1004" name="or_ln1095_6_fu_1031">
<pin_list>
<pin id="1032" dir="0" index="0" bw="1" slack="3"/>
<pin id="1033" dir="0" index="1" bw="1" slack="3"/>
<pin id="1034" dir="1" index="2" bw="1" slack="2"/>
</pin_list>
<bind>
<opcode="or(24) " fcode="or"/>
<opset="or_ln1095_6/4 "/>
</bind>
</comp>

<comp id="1035" class="1004" name="or_ln1095_7_fu_1035">
<pin_list>
<pin id="1036" dir="0" index="0" bw="1" slack="3"/>
<pin id="1037" dir="0" index="1" bw="1" slack="3"/>
<pin id="1038" dir="1" index="2" bw="1" slack="3"/>
</pin_list>
<bind>
<opcode="or(24) " fcode="or"/>
<opset="or_ln1095_7/4 "/>
</bind>
</comp>

<comp id="1039" class="1004" name="pix_135_fu_1039">
<pin_list>
<pin id="1040" dir="0" index="0" bw="48" slack="0"/>
<pin id="1041" dir="1" index="1" bw="8" slack="0"/>
</pin_list>
<bind>
<opcode="trunc(33) " fcode="trunc"/>
<opset="pix_135/5 "/>
</bind>
</comp>

<comp id="1044" class="1004" name="tmp_fu_1044">
<pin_list>
<pin id="1045" dir="0" index="0" bw="128" slack="0"/>
<pin id="1046" dir="0" index="1" bw="8" slack="1"/>
<pin id="1047" dir="0" index="2" bw="8" slack="1"/>
<pin id="1048" dir="0" index="3" bw="8" slack="1"/>
<pin id="1049" dir="0" index="4" bw="8" slack="1"/>
<pin id="1050" dir="0" index="5" bw="8" slack="2"/>
<pin id="1051" dir="0" index="6" bw="8" slack="2"/>
<pin id="1052" dir="0" index="7" bw="8" slack="2"/>
<pin id="1053" dir="0" index="8" bw="8" slack="2"/>
<pin id="1054" dir="0" index="9" bw="8" slack="2"/>
<pin id="1055" dir="0" index="10" bw="8" slack="2"/>
<pin id="1056" dir="0" index="11" bw="8" slack="3"/>
<pin id="1057" dir="0" index="12" bw="8" slack="3"/>
<pin id="1058" dir="0" index="13" bw="8" slack="3"/>
<pin id="1059" dir="0" index="14" bw="8" slack="3"/>
<pin id="1060" dir="0" index="15" bw="8" slack="3"/>
<pin id="1061" dir="0" index="16" bw="8" slack="3"/>
<pin id="1062" dir="1" index="17" bw="128" slack="0"/>
</pin_list>
<bind>
<opcode="bitconcatenate(1004) " fcode="bitconcatenate"/>
<opset="tmp/5 "/>
</bind>
</comp>

<comp id="1081" class="1004" name="pix_143_fu_1081">
<pin_list>
<pin id="1082" dir="0" index="0" bw="48" slack="0"/>
<pin id="1083" dir="1" index="1" bw="8" slack="0"/>
</pin_list>
<bind>
<opcode="trunc(33) " fcode="trunc"/>
<opset="pix_143/6 "/>
</bind>
</comp>

<comp id="1086" class="1004" name="pix_151_fu_1086">
<pin_list>
<pin id="1087" dir="0" index="0" bw="48" slack="0"/>
<pin id="1088" dir="1" index="1" bw="8" slack="0"/>
</pin_list>
<bind>
<opcode="trunc(33) " fcode="trunc"/>
<opset="pix_151/7 "/>
</bind>
</comp>

<comp id="1091" class="1004" name="pix_159_fu_1091">
<pin_list>
<pin id="1092" dir="0" index="0" bw="48" slack="0"/>
<pin id="1093" dir="1" index="1" bw="8" slack="0"/>
</pin_list>
<bind>
<opcode="trunc(33) " fcode="trunc"/>
<opset="pix_159/8 "/>
</bind>
</comp>

<comp id="1096" class="1004" name="tmp_s_fu_1096">
<pin_list>
<pin id="1097" dir="0" index="0" bw="128" slack="0"/>
<pin id="1098" dir="0" index="1" bw="8" slack="1"/>
<pin id="1099" dir="0" index="2" bw="8" slack="1"/>
<pin id="1100" dir="0" index="3" bw="8" slack="2"/>
<pin id="1101" dir="0" index="4" bw="8" slack="2"/>
<pin id="1102" dir="0" index="5" bw="8" slack="2"/>
<pin id="1103" dir="0" index="6" bw="8" slack="2"/>
<pin id="1104" dir="0" index="7" bw="8" slack="2"/>
<pin id="1105" dir="0" index="8" bw="8" slack="2"/>
<pin id="1106" dir="0" index="9" bw="8" slack="3"/>
<pin id="1107" dir="0" index="10" bw="8" slack="3"/>
<pin id="1108" dir="0" index="11" bw="8" slack="3"/>
<pin id="1109" dir="0" index="12" bw="8" slack="3"/>
<pin id="1110" dir="0" index="13" bw="8" slack="3"/>
<pin id="1111" dir="0" index="14" bw="8" slack="3"/>
<pin id="1112" dir="0" index="15" bw="8" slack="4"/>
<pin id="1113" dir="0" index="16" bw="8" slack="4"/>
<pin id="1114" dir="1" index="17" bw="128" slack="0"/>
</pin_list>
<bind>
<opcode="bitconcatenate(1004) " fcode="bitconcatenate"/>
<opset="tmp_s/8 "/>
</bind>
</comp>

<comp id="1133" class="1004" name="pix_167_fu_1133">
<pin_list>
<pin id="1134" dir="0" index="0" bw="48" slack="0"/>
<pin id="1135" dir="1" index="1" bw="8" slack="0"/>
</pin_list>
<bind>
<opcode="trunc(33) " fcode="trunc"/>
<opset="pix_167/9 "/>
</bind>
</comp>

<comp id="1138" class="1004" name="store_ln431_store_fu_1138">
<pin_list>
<pin id="1139" dir="0" index="0" bw="8" slack="0"/>
<pin id="1140" dir="0" index="1" bw="8" slack="8"/>
<pin id="1141" dir="1" index="2" bw="0" slack="2147483647"/>
</pin_list>
<bind>
<opcode="store(28) " fcode="store"/>
<opset="store_ln431/9 "/>
</bind>
</comp>

<comp id="1143" class="1004" name="store_ln431_store_fu_1143">
<pin_list>
<pin id="1144" dir="0" index="0" bw="8" slack="0"/>
<pin id="1145" dir="0" index="1" bw="8" slack="8"/>
<pin id="1146" dir="1" index="2" bw="0" slack="2147483647"/>
</pin_list>
<bind>
<opcode="store(28) " fcode="store"/>
<opset="store_ln431/9 "/>
</bind>
</comp>

<comp id="1148" class="1004" name="store_ln431_store_fu_1148">
<pin_list>
<pin id="1149" dir="0" index="0" bw="8" slack="0"/>
<pin id="1150" dir="0" index="1" bw="8" slack="8"/>
<pin id="1151" dir="1" index="2" bw="0" slack="2147483647"/>
</pin_list>
<bind>
<opcode="store(28) " fcode="store"/>
<opset="store_ln431/9 "/>
</bind>
</comp>

<comp id="1153" class="1004" name="store_ln431_store_fu_1153">
<pin_list>
<pin id="1154" dir="0" index="0" bw="8" slack="0"/>
<pin id="1155" dir="0" index="1" bw="8" slack="8"/>
<pin id="1156" dir="1" index="2" bw="0" slack="2147483647"/>
</pin_list>
<bind>
<opcode="store(28) " fcode="store"/>
<opset="store_ln431/9 "/>
</bind>
</comp>

<comp id="1158" class="1004" name="store_ln431_store_fu_1158">
<pin_list>
<pin id="1159" dir="0" index="0" bw="8" slack="0"/>
<pin id="1160" dir="0" index="1" bw="8" slack="8"/>
<pin id="1161" dir="1" index="2" bw="0" slack="2147483647"/>
</pin_list>
<bind>
<opcode="store(28) " fcode="store"/>
<opset="store_ln431/9 "/>
</bind>
</comp>

<comp id="1163" class="1004" name="store_ln431_store_fu_1163">
<pin_list>
<pin id="1164" dir="0" index="0" bw="8" slack="0"/>
<pin id="1165" dir="0" index="1" bw="8" slack="8"/>
<pin id="1166" dir="1" index="2" bw="0" slack="2147483647"/>
</pin_list>
<bind>
<opcode="store(28) " fcode="store"/>
<opset="store_ln431/9 "/>
</bind>
</comp>

<comp id="1168" class="1004" name="tmp_1_fu_1168">
<pin_list>
<pin id="1169" dir="0" index="0" bw="128" slack="0"/>
<pin id="1170" dir="0" index="1" bw="8" slack="1"/>
<pin id="1171" dir="0" index="2" bw="8" slack="1"/>
<pin id="1172" dir="0" index="3" bw="8" slack="1"/>
<pin id="1173" dir="0" index="4" bw="8" slack="1"/>
<pin id="1174" dir="0" index="5" bw="8" slack="1"/>
<pin id="1175" dir="0" index="6" bw="8" slack="1"/>
<pin id="1176" dir="0" index="7" bw="8" slack="2"/>
<pin id="1177" dir="0" index="8" bw="8" slack="2"/>
<pin id="1178" dir="0" index="9" bw="8" slack="2"/>
<pin id="1179" dir="0" index="10" bw="8" slack="2"/>
<pin id="1180" dir="0" index="11" bw="8" slack="2"/>
<pin id="1181" dir="0" index="12" bw="8" slack="2"/>
<pin id="1182" dir="0" index="13" bw="8" slack="3"/>
<pin id="1183" dir="0" index="14" bw="8" slack="3"/>
<pin id="1184" dir="0" index="15" bw="8" slack="3"/>
<pin id="1185" dir="0" index="16" bw="8" slack="3"/>
<pin id="1186" dir="1" index="17" bw="128" slack="0"/>
</pin_list>
<bind>
<opcode="bitconcatenate(1004) " fcode="bitconcatenate"/>
<opset="tmp_1/10 "/>
</bind>
</comp>

<comp id="1205" class="1004" name="store_ln0_store_fu_1205">
<pin_list>
<pin id="1206" dir="0" index="0" bw="8" slack="0"/>
<pin id="1207" dir="0" index="1" bw="8" slack="0"/>
<pin id="1208" dir="1" index="2" bw="0" slack="2147483647"/>
</pin_list>
<bind>
<opcode="store(28) " fcode="store"/>
<opset="store_ln0/2 "/>
</bind>
</comp>

<comp id="1211" class="1004" name="store_ln0_store_fu_1211">
<pin_list>
<pin id="1212" dir="0" index="0" bw="8" slack="0"/>
<pin id="1213" dir="0" index="1" bw="8" slack="0"/>
<pin id="1214" dir="1" index="2" bw="0" slack="2147483647"/>
</pin_list>
<bind>
<opcode="store(28) " fcode="store"/>
<opset="store_ln0/2 "/>
</bind>
</comp>

<comp id="1217" class="1004" name="store_ln0_store_fu_1217">
<pin_list>
<pin id="1218" dir="0" index="0" bw="8" slack="0"/>
<pin id="1219" dir="0" index="1" bw="8" slack="0"/>
<pin id="1220" dir="1" index="2" bw="0" slack="2147483647"/>
</pin_list>
<bind>
<opcode="store(28) " fcode="store"/>
<opset="store_ln0/2 "/>
</bind>
</comp>

<comp id="1223" class="1004" name="store_ln0_store_fu_1223">
<pin_list>
<pin id="1224" dir="0" index="0" bw="8" slack="0"/>
<pin id="1225" dir="0" index="1" bw="8" slack="0"/>
<pin id="1226" dir="1" index="2" bw="0" slack="2147483647"/>
</pin_list>
<bind>
<opcode="store(28) " fcode="store"/>
<opset="store_ln0/2 "/>
</bind>
</comp>

<comp id="1229" class="1004" name="store_ln0_store_fu_1229">
<pin_list>
<pin id="1230" dir="0" index="0" bw="8" slack="0"/>
<pin id="1231" dir="0" index="1" bw="8" slack="0"/>
<pin id="1232" dir="1" index="2" bw="0" slack="2147483647"/>
</pin_list>
<bind>
<opcode="store(28) " fcode="store"/>
<opset="store_ln0/2 "/>
</bind>
</comp>

<comp id="1235" class="1004" name="store_ln0_store_fu_1235">
<pin_list>
<pin id="1236" dir="0" index="0" bw="8" slack="0"/>
<pin id="1237" dir="0" index="1" bw="8" slack="0"/>
<pin id="1238" dir="1" index="2" bw="0" slack="2147483647"/>
</pin_list>
<bind>
<opcode="store(28) " fcode="store"/>
<opset="store_ln0/2 "/>
</bind>
</comp>

<comp id="1241" class="1005" name="x_3_reg_1241">
<pin_list>
<pin id="1242" dir="0" index="0" bw="8" slack="0"/>
<pin id="1243" dir="1" index="1" bw="8" slack="0"/>
</pin_list>
<bind>
<opset="x_3 "/>
</bind>
</comp>

<comp id="1248" class="1005" name="pix_30_reg_1248">
<pin_list>
<pin id="1249" dir="0" index="0" bw="8" slack="0"/>
<pin id="1250" dir="1" index="1" bw="8" slack="0"/>
</pin_list>
<bind>
<opset="pix_30 "/>
</bind>
</comp>

<comp id="1255" class="1005" name="pix_31_reg_1255">
<pin_list>
<pin id="1256" dir="0" index="0" bw="8" slack="0"/>
<pin id="1257" dir="1" index="1" bw="8" slack="0"/>
</pin_list>
<bind>
<opset="pix_31 "/>
</bind>
</comp>

<comp id="1262" class="1005" name="pix_32_reg_1262">
<pin_list>
<pin id="1263" dir="0" index="0" bw="8" slack="0"/>
<pin id="1264" dir="1" index="1" bw="8" slack="0"/>
</pin_list>
<bind>
<opset="pix_32 "/>
</bind>
</comp>

<comp id="1269" class="1005" name="pix_33_reg_1269">
<pin_list>
<pin id="1270" dir="0" index="0" bw="8" slack="0"/>
<pin id="1271" dir="1" index="1" bw="8" slack="0"/>
</pin_list>
<bind>
<opset="pix_33 "/>
</bind>
</comp>

<comp id="1276" class="1005" name="pix_38_reg_1276">
<pin_list>
<pin id="1277" dir="0" index="0" bw="8" slack="0"/>
<pin id="1278" dir="1" index="1" bw="8" slack="0"/>
</pin_list>
<bind>
<opset="pix_38 "/>
</bind>
</comp>

<comp id="1283" class="1005" name="pix_39_reg_1283">
<pin_list>
<pin id="1284" dir="0" index="0" bw="8" slack="0"/>
<pin id="1285" dir="1" index="1" bw="8" slack="0"/>
</pin_list>
<bind>
<opset="pix_39 "/>
</bind>
</comp>

<comp id="1290" class="1005" name="icmp21_read_reg_1290">
<pin_list>
<pin id="1291" dir="0" index="0" bw="1" slack="2"/>
<pin id="1292" dir="1" index="1" bw="1" slack="2"/>
</pin_list>
<bind>
<opset="icmp21_read "/>
</bind>
</comp>

<comp id="1295" class="1005" name="icmp_ln1095_4_read_reg_1295">
<pin_list>
<pin id="1296" dir="0" index="0" bw="1" slack="3"/>
<pin id="1297" dir="1" index="1" bw="1" slack="3"/>
</pin_list>
<bind>
<opset="icmp_ln1095_4_read "/>
</bind>
</comp>

<comp id="1300" class="1005" name="icmp_ln1095_5_read_reg_1300">
<pin_list>
<pin id="1301" dir="0" index="0" bw="1" slack="3"/>
<pin id="1302" dir="1" index="1" bw="1" slack="3"/>
</pin_list>
<bind>
<opset="icmp_ln1095_5_read "/>
</bind>
</comp>

<comp id="1305" class="1005" name="icmp_ln1095_6_read_reg_1305">
<pin_list>
<pin id="1306" dir="0" index="0" bw="1" slack="3"/>
<pin id="1307" dir="1" index="1" bw="1" slack="3"/>
</pin_list>
<bind>
<opset="icmp_ln1095_6_read "/>
</bind>
</comp>

<comp id="1310" class="1005" name="icmp_ln1077_read_reg_1310">
<pin_list>
<pin id="1311" dir="0" index="0" bw="1" slack="3"/>
<pin id="1312" dir="1" index="1" bw="1" slack="3"/>
</pin_list>
<bind>
<opset="icmp_ln1077_read "/>
</bind>
</comp>

<comp id="1315" class="1005" name="icmp_ln1090_reg_1315">
<pin_list>
<pin id="1316" dir="0" index="0" bw="1" slack="1"/>
<pin id="1317" dir="1" index="1" bw="1" slack="2147483647"/>
</pin_list>
<bind>
<opset="icmp_ln1090 "/>
</bind>
</comp>

<comp id="1319" class="1005" name="icmp_ln1095_1_reg_1319">
<pin_list>
<pin id="1320" dir="0" index="0" bw="1" slack="2"/>
<pin id="1321" dir="1" index="1" bw="1" slack="2"/>
</pin_list>
<bind>
<opset="icmp_ln1095_1 "/>
</bind>
</comp>

<comp id="1328" class="1005" name="or_ln1095_reg_1328">
<pin_list>
<pin id="1329" dir="0" index="0" bw="1" slack="1"/>
<pin id="1330" dir="1" index="1" bw="1" slack="2147483647"/>
</pin_list>
<bind>
<opset="or_ln1095 "/>
</bind>
</comp>

<comp id="1332" class="1005" name="or_ln1095_1_reg_1332">
<pin_list>
<pin id="1333" dir="0" index="0" bw="1" slack="1"/>
<pin id="1334" dir="1" index="1" bw="1" slack="2147483647"/>
</pin_list>
<bind>
<opset="or_ln1095_1 "/>
</bind>
</comp>

<comp id="1336" class="1005" name="or_ln1095_2_reg_1336">
<pin_list>
<pin id="1337" dir="0" index="0" bw="1" slack="1"/>
<pin id="1338" dir="1" index="1" bw="1" slack="2147483647"/>
</pin_list>
<bind>
<opset="or_ln1095_2 "/>
</bind>
</comp>

<comp id="1340" class="1005" name="or_ln1110_reg_1340">
<pin_list>
<pin id="1341" dir="0" index="0" bw="1" slack="7"/>
<pin id="1342" dir="1" index="1" bw="1" slack="2147483647"/>
</pin_list>
<bind>
<opset="or_ln1110 "/>
</bind>
</comp>

<comp id="1344" class="1005" name="or_ln1110_1_reg_1344">
<pin_list>
<pin id="1345" dir="0" index="0" bw="1" slack="9"/>
<pin id="1346" dir="1" index="1" bw="1" slack="2147483647"/>
</pin_list>
<bind>
<opset="or_ln1110_1 "/>
</bind>
</comp>

<comp id="1348" class="1005" name="or_ln1095_3_reg_1348">
<pin_list>
<pin id="1349" dir="0" index="0" bw="1" slack="1"/>
<pin id="1350" dir="1" index="1" bw="1" slack="2147483647"/>
</pin_list>
<bind>
<opset="or_ln1095_3 "/>
</bind>
</comp>

<comp id="1352" class="1005" name="or_ln1095_4_reg_1352">
<pin_list>
<pin id="1353" dir="0" index="0" bw="1" slack="1"/>
<pin id="1354" dir="1" index="1" bw="1" slack="2147483647"/>
</pin_list>
<bind>
<opset="or_ln1095_4 "/>
</bind>
</comp>

<comp id="1356" class="1005" name="or_ln1095_5_reg_1356">
<pin_list>
<pin id="1357" dir="0" index="0" bw="1" slack="1"/>
<pin id="1358" dir="1" index="1" bw="1" slack="2147483647"/>
</pin_list>
<bind>
<opset="or_ln1095_5 "/>
</bind>
</comp>

<comp id="1360" class="1005" name="or_ln1095_6_reg_1360">
<pin_list>
<pin id="1361" dir="0" index="0" bw="1" slack="2"/>
<pin id="1362" dir="1" index="1" bw="1" slack="2147483647"/>
</pin_list>
<bind>
<opset="or_ln1095_6 "/>
</bind>
</comp>

<comp id="1364" class="1005" name="or_ln1095_7_reg_1364">
<pin_list>
<pin id="1365" dir="0" index="0" bw="1" slack="3"/>
<pin id="1366" dir="1" index="1" bw="1" slack="2147483647"/>
</pin_list>
<bind>
<opset="or_ln1095_7 "/>
</bind>
</comp>

</comp_list>

<net_list>
<net id="127"><net_src comp="52" pin="0"/><net_sink comp="124" pin=0"/></net>

<net id="131"><net_src comp="52" pin="0"/><net_sink comp="128" pin=0"/></net>

<net id="135"><net_src comp="52" pin="0"/><net_sink comp="132" pin=0"/></net>

<net id="139"><net_src comp="52" pin="0"/><net_sink comp="136" pin=0"/></net>

<net id="143"><net_src comp="52" pin="0"/><net_sink comp="140" pin=0"/></net>

<net id="147"><net_src comp="52" pin="0"/><net_sink comp="144" pin=0"/></net>

<net id="151"><net_src comp="52" pin="0"/><net_sink comp="148" pin=0"/></net>

<net id="156"><net_src comp="54" pin="0"/><net_sink comp="152" pin=0"/></net>

<net id="157"><net_src comp="36" pin="0"/><net_sink comp="152" pin=1"/></net>

<net id="162"><net_src comp="56" pin="0"/><net_sink comp="158" pin=0"/></net>

<net id="163"><net_src comp="34" pin="0"/><net_sink comp="158" pin=1"/></net>

<net id="168"><net_src comp="54" pin="0"/><net_sink comp="164" pin=0"/></net>

<net id="169"><net_src comp="32" pin="0"/><net_sink comp="164" pin=1"/></net>

<net id="174"><net_src comp="54" pin="0"/><net_sink comp="170" pin=0"/></net>

<net id="175"><net_src comp="30" pin="0"/><net_sink comp="170" pin=1"/></net>

<net id="180"><net_src comp="54" pin="0"/><net_sink comp="176" pin=0"/></net>

<net id="181"><net_src comp="28" pin="0"/><net_sink comp="176" pin=1"/></net>

<net id="186"><net_src comp="54" pin="0"/><net_sink comp="182" pin=0"/></net>

<net id="187"><net_src comp="26" pin="0"/><net_sink comp="182" pin=1"/></net>

<net id="192"><net_src comp="54" pin="0"/><net_sink comp="188" pin=0"/></net>

<net id="193"><net_src comp="24" pin="0"/><net_sink comp="188" pin=1"/></net>

<net id="198"><net_src comp="54" pin="0"/><net_sink comp="194" pin=0"/></net>

<net id="199"><net_src comp="22" pin="0"/><net_sink comp="194" pin=1"/></net>

<net id="204"><net_src comp="54" pin="0"/><net_sink comp="200" pin=0"/></net>

<net id="205"><net_src comp="20" pin="0"/><net_sink comp="200" pin=1"/></net>

<net id="210"><net_src comp="54" pin="0"/><net_sink comp="206" pin=0"/></net>

<net id="211"><net_src comp="18" pin="0"/><net_sink comp="206" pin=1"/></net>

<net id="216"><net_src comp="54" pin="0"/><net_sink comp="212" pin=0"/></net>

<net id="217"><net_src comp="14" pin="0"/><net_sink comp="212" pin=1"/></net>

<net id="222"><net_src comp="58" pin="0"/><net_sink comp="218" pin=0"/></net>

<net id="223"><net_src comp="12" pin="0"/><net_sink comp="218" pin=1"/></net>

<net id="228"><net_src comp="58" pin="0"/><net_sink comp="224" pin=0"/></net>

<net id="229"><net_src comp="10" pin="0"/><net_sink comp="224" pin=1"/></net>

<net id="234"><net_src comp="58" pin="0"/><net_sink comp="230" pin=0"/></net>

<net id="235"><net_src comp="8" pin="0"/><net_sink comp="230" pin=1"/></net>

<net id="240"><net_src comp="58" pin="0"/><net_sink comp="236" pin=0"/></net>

<net id="241"><net_src comp="6" pin="0"/><net_sink comp="236" pin=1"/></net>

<net id="246"><net_src comp="58" pin="0"/><net_sink comp="242" pin=0"/></net>

<net id="247"><net_src comp="4" pin="0"/><net_sink comp="242" pin=1"/></net>

<net id="252"><net_src comp="58" pin="0"/><net_sink comp="248" pin=0"/></net>

<net id="253"><net_src comp="2" pin="0"/><net_sink comp="248" pin=1"/></net>

<net id="258"><net_src comp="58" pin="0"/><net_sink comp="254" pin=0"/></net>

<net id="259"><net_src comp="0" pin="0"/><net_sink comp="254" pin=1"/></net>

<net id="264"><net_src comp="98" pin="0"/><net_sink comp="260" pin=0"/></net>

<net id="265"><net_src comp="38" pin="0"/><net_sink comp="260" pin=1"/></net>

<net id="271"><net_src comp="122" pin="0"/><net_sink comp="266" pin=0"/></net>

<net id="272"><net_src comp="16" pin="0"/><net_sink comp="266" pin=1"/></net>

<net id="282"><net_src comp="276" pin="4"/><net_sink comp="273" pin=0"/></net>

<net id="292"><net_src comp="286" pin="4"/><net_sink comp="283" pin=0"/></net>

<net id="302"><net_src comp="296" pin="4"/><net_sink comp="293" pin=0"/></net>

<net id="312"><net_src comp="306" pin="4"/><net_sink comp="303" pin=0"/></net>

<net id="322"><net_src comp="316" pin="4"/><net_sink comp="313" pin=0"/></net>

<net id="332"><net_src comp="326" pin="4"/><net_sink comp="323" pin=0"/></net>

<net id="342"><net_src comp="273" pin="1"/><net_sink comp="336" pin=2"/></net>

<net id="343"><net_src comp="336" pin="4"/><net_sink comp="333" pin=0"/></net>

<net id="353"><net_src comp="283" pin="1"/><net_sink comp="347" pin=2"/></net>

<net id="354"><net_src comp="347" pin="4"/><net_sink comp="344" pin=0"/></net>

<net id="364"><net_src comp="293" pin="1"/><net_sink comp="358" pin=2"/></net>

<net id="365"><net_src comp="358" pin="4"/><net_sink comp="355" pin=0"/></net>

<net id="375"><net_src comp="303" pin="1"/><net_sink comp="369" pin=2"/></net>

<net id="376"><net_src comp="369" pin="4"/><net_sink comp="366" pin=0"/></net>

<net id="386"><net_src comp="313" pin="1"/><net_sink comp="380" pin=2"/></net>

<net id="387"><net_src comp="380" pin="4"/><net_sink comp="377" pin=0"/></net>

<net id="397"><net_src comp="323" pin="1"/><net_sink comp="391" pin=2"/></net>

<net id="398"><net_src comp="391" pin="4"/><net_sink comp="388" pin=0"/></net>

<net id="408"><net_src comp="333" pin="1"/><net_sink comp="402" pin=2"/></net>

<net id="409"><net_src comp="402" pin="4"/><net_sink comp="399" pin=0"/></net>

<net id="419"><net_src comp="344" pin="1"/><net_sink comp="413" pin=2"/></net>

<net id="420"><net_src comp="413" pin="4"/><net_sink comp="410" pin=0"/></net>

<net id="430"><net_src comp="355" pin="1"/><net_sink comp="424" pin=2"/></net>

<net id="431"><net_src comp="424" pin="4"/><net_sink comp="421" pin=0"/></net>

<net id="441"><net_src comp="366" pin="1"/><net_sink comp="435" pin=2"/></net>

<net id="442"><net_src comp="435" pin="4"/><net_sink comp="432" pin=0"/></net>

<net id="452"><net_src comp="377" pin="1"/><net_sink comp="446" pin=2"/></net>

<net id="453"><net_src comp="446" pin="4"/><net_sink comp="443" pin=0"/></net>

<net id="463"><net_src comp="388" pin="1"/><net_sink comp="457" pin=2"/></net>

<net id="464"><net_src comp="457" pin="4"/><net_sink comp="454" pin=0"/></net>

<net id="474"><net_src comp="399" pin="1"/><net_sink comp="468" pin=2"/></net>

<net id="475"><net_src comp="468" pin="4"/><net_sink comp="465" pin=0"/></net>

<net id="485"><net_src comp="410" pin="1"/><net_sink comp="479" pin=2"/></net>

<net id="486"><net_src comp="479" pin="4"/><net_sink comp="476" pin=0"/></net>

<net id="496"><net_src comp="421" pin="1"/><net_sink comp="490" pin=2"/></net>

<net id="497"><net_src comp="490" pin="4"/><net_sink comp="487" pin=0"/></net>

<net id="507"><net_src comp="432" pin="1"/><net_sink comp="501" pin=2"/></net>

<net id="508"><net_src comp="501" pin="4"/><net_sink comp="498" pin=0"/></net>

<net id="518"><net_src comp="443" pin="1"/><net_sink comp="512" pin=2"/></net>

<net id="519"><net_src comp="512" pin="4"/><net_sink comp="509" pin=0"/></net>

<net id="529"><net_src comp="454" pin="1"/><net_sink comp="523" pin=2"/></net>

<net id="530"><net_src comp="523" pin="4"/><net_sink comp="520" pin=0"/></net>

<net id="540"><net_src comp="465" pin="1"/><net_sink comp="534" pin=2"/></net>

<net id="541"><net_src comp="534" pin="4"/><net_sink comp="531" pin=0"/></net>

<net id="551"><net_src comp="476" pin="1"/><net_sink comp="545" pin=2"/></net>

<net id="552"><net_src comp="545" pin="4"/><net_sink comp="542" pin=0"/></net>

<net id="562"><net_src comp="487" pin="1"/><net_sink comp="556" pin=2"/></net>

<net id="563"><net_src comp="556" pin="4"/><net_sink comp="553" pin=0"/></net>

<net id="573"><net_src comp="498" pin="1"/><net_sink comp="567" pin=2"/></net>

<net id="574"><net_src comp="567" pin="4"/><net_sink comp="564" pin=0"/></net>

<net id="584"><net_src comp="509" pin="1"/><net_sink comp="578" pin=2"/></net>

<net id="585"><net_src comp="578" pin="4"/><net_sink comp="575" pin=0"/></net>

<net id="595"><net_src comp="520" pin="1"/><net_sink comp="589" pin=2"/></net>

<net id="596"><net_src comp="589" pin="4"/><net_sink comp="586" pin=0"/></net>

<net id="606"><net_src comp="531" pin="1"/><net_sink comp="600" pin=2"/></net>

<net id="607"><net_src comp="600" pin="4"/><net_sink comp="597" pin=0"/></net>

<net id="617"><net_src comp="542" pin="1"/><net_sink comp="611" pin=2"/></net>

<net id="618"><net_src comp="611" pin="4"/><net_sink comp="608" pin=0"/></net>

<net id="628"><net_src comp="553" pin="1"/><net_sink comp="622" pin=2"/></net>

<net id="629"><net_src comp="622" pin="4"/><net_sink comp="619" pin=0"/></net>

<net id="639"><net_src comp="564" pin="1"/><net_sink comp="633" pin=2"/></net>

<net id="640"><net_src comp="633" pin="4"/><net_sink comp="630" pin=0"/></net>

<net id="650"><net_src comp="575" pin="1"/><net_sink comp="644" pin=2"/></net>

<net id="651"><net_src comp="644" pin="4"/><net_sink comp="641" pin=0"/></net>

<net id="661"><net_src comp="586" pin="1"/><net_sink comp="655" pin=2"/></net>

<net id="662"><net_src comp="655" pin="4"/><net_sink comp="652" pin=0"/></net>

<net id="672"><net_src comp="597" pin="1"/><net_sink comp="666" pin=2"/></net>

<net id="673"><net_src comp="666" pin="4"/><net_sink comp="663" pin=0"/></net>

<net id="683"><net_src comp="608" pin="1"/><net_sink comp="677" pin=2"/></net>

<net id="684"><net_src comp="677" pin="4"/><net_sink comp="674" pin=0"/></net>

<net id="694"><net_src comp="619" pin="1"/><net_sink comp="688" pin=2"/></net>

<net id="695"><net_src comp="688" pin="4"/><net_sink comp="685" pin=0"/></net>

<net id="705"><net_src comp="630" pin="1"/><net_sink comp="699" pin=2"/></net>

<net id="706"><net_src comp="699" pin="4"/><net_sink comp="696" pin=0"/></net>

<net id="716"><net_src comp="641" pin="1"/><net_sink comp="710" pin=2"/></net>

<net id="717"><net_src comp="710" pin="4"/><net_sink comp="707" pin=0"/></net>

<net id="727"><net_src comp="652" pin="1"/><net_sink comp="721" pin=2"/></net>

<net id="728"><net_src comp="721" pin="4"/><net_sink comp="718" pin=0"/></net>

<net id="738"><net_src comp="663" pin="1"/><net_sink comp="732" pin=2"/></net>

<net id="739"><net_src comp="732" pin="4"/><net_sink comp="729" pin=0"/></net>

<net id="749"><net_src comp="674" pin="1"/><net_sink comp="743" pin=2"/></net>

<net id="750"><net_src comp="743" pin="4"/><net_sink comp="740" pin=0"/></net>

<net id="760"><net_src comp="685" pin="1"/><net_sink comp="754" pin=2"/></net>

<net id="761"><net_src comp="754" pin="4"/><net_sink comp="751" pin=0"/></net>

<net id="771"><net_src comp="696" pin="1"/><net_sink comp="765" pin=2"/></net>

<net id="772"><net_src comp="765" pin="4"/><net_sink comp="762" pin=0"/></net>

<net id="782"><net_src comp="707" pin="1"/><net_sink comp="776" pin=2"/></net>

<net id="783"><net_src comp="776" pin="4"/><net_sink comp="773" pin=0"/></net>

<net id="793"><net_src comp="718" pin="1"/><net_sink comp="787" pin=2"/></net>

<net id="794"><net_src comp="787" pin="4"/><net_sink comp="784" pin=0"/></net>

<net id="801"><net_src comp="100" pin="0"/><net_sink comp="795" pin=0"/></net>

<net id="802"><net_src comp="260" pin="2"/><net_sink comp="795" pin=1"/></net>

<net id="803"><net_src comp="86" pin="0"/><net_sink comp="795" pin=2"/></net>

<net id="804"><net_src comp="102" pin="0"/><net_sink comp="795" pin=3"/></net>

<net id="805"><net_src comp="795" pin="4"/><net_sink comp="316" pin=0"/></net>

<net id="806"><net_src comp="795" pin="4"/><net_sink comp="380" pin=0"/></net>

<net id="807"><net_src comp="795" pin="4"/><net_sink comp="446" pin=0"/></net>

<net id="808"><net_src comp="795" pin="4"/><net_sink comp="512" pin=0"/></net>

<net id="809"><net_src comp="795" pin="4"/><net_sink comp="578" pin=0"/></net>

<net id="810"><net_src comp="795" pin="4"/><net_sink comp="644" pin=0"/></net>

<net id="811"><net_src comp="795" pin="4"/><net_sink comp="710" pin=0"/></net>

<net id="812"><net_src comp="795" pin="4"/><net_sink comp="776" pin=0"/></net>

<net id="819"><net_src comp="100" pin="0"/><net_sink comp="813" pin=0"/></net>

<net id="820"><net_src comp="260" pin="2"/><net_sink comp="813" pin=1"/></net>

<net id="821"><net_src comp="104" pin="0"/><net_sink comp="813" pin=2"/></net>

<net id="822"><net_src comp="106" pin="0"/><net_sink comp="813" pin=3"/></net>

<net id="823"><net_src comp="813" pin="4"/><net_sink comp="306" pin=0"/></net>

<net id="824"><net_src comp="813" pin="4"/><net_sink comp="369" pin=0"/></net>

<net id="825"><net_src comp="813" pin="4"/><net_sink comp="435" pin=0"/></net>

<net id="826"><net_src comp="813" pin="4"/><net_sink comp="501" pin=0"/></net>

<net id="827"><net_src comp="813" pin="4"/><net_sink comp="567" pin=0"/></net>

<net id="828"><net_src comp="813" pin="4"/><net_sink comp="633" pin=0"/></net>

<net id="829"><net_src comp="813" pin="4"/><net_sink comp="699" pin=0"/></net>

<net id="830"><net_src comp="813" pin="4"/><net_sink comp="765" pin=0"/></net>

<net id="837"><net_src comp="100" pin="0"/><net_sink comp="831" pin=0"/></net>

<net id="838"><net_src comp="260" pin="2"/><net_sink comp="831" pin=1"/></net>

<net id="839"><net_src comp="108" pin="0"/><net_sink comp="831" pin=2"/></net>

<net id="840"><net_src comp="110" pin="0"/><net_sink comp="831" pin=3"/></net>

<net id="841"><net_src comp="831" pin="4"/><net_sink comp="296" pin=0"/></net>

<net id="842"><net_src comp="831" pin="4"/><net_sink comp="358" pin=0"/></net>

<net id="843"><net_src comp="831" pin="4"/><net_sink comp="424" pin=0"/></net>

<net id="844"><net_src comp="831" pin="4"/><net_sink comp="490" pin=0"/></net>

<net id="845"><net_src comp="831" pin="4"/><net_sink comp="556" pin=0"/></net>

<net id="846"><net_src comp="831" pin="4"/><net_sink comp="622" pin=0"/></net>

<net id="847"><net_src comp="831" pin="4"/><net_sink comp="688" pin=0"/></net>

<net id="848"><net_src comp="831" pin="4"/><net_sink comp="754" pin=0"/></net>

<net id="855"><net_src comp="100" pin="0"/><net_sink comp="849" pin=0"/></net>

<net id="856"><net_src comp="260" pin="2"/><net_sink comp="849" pin=1"/></net>

<net id="857"><net_src comp="112" pin="0"/><net_sink comp="849" pin=2"/></net>

<net id="858"><net_src comp="114" pin="0"/><net_sink comp="849" pin=3"/></net>

<net id="859"><net_src comp="849" pin="4"/><net_sink comp="286" pin=0"/></net>

<net id="860"><net_src comp="849" pin="4"/><net_sink comp="347" pin=0"/></net>

<net id="861"><net_src comp="849" pin="4"/><net_sink comp="413" pin=0"/></net>

<net id="862"><net_src comp="849" pin="4"/><net_sink comp="479" pin=0"/></net>

<net id="863"><net_src comp="849" pin="4"/><net_sink comp="545" pin=0"/></net>

<net id="864"><net_src comp="849" pin="4"/><net_sink comp="611" pin=0"/></net>

<net id="865"><net_src comp="849" pin="4"/><net_sink comp="677" pin=0"/></net>

<net id="866"><net_src comp="849" pin="4"/><net_sink comp="743" pin=0"/></net>

<net id="873"><net_src comp="100" pin="0"/><net_sink comp="867" pin=0"/></net>

<net id="874"><net_src comp="260" pin="2"/><net_sink comp="867" pin=1"/></net>

<net id="875"><net_src comp="116" pin="0"/><net_sink comp="867" pin=2"/></net>

<net id="876"><net_src comp="118" pin="0"/><net_sink comp="867" pin=3"/></net>

<net id="877"><net_src comp="867" pin="4"/><net_sink comp="276" pin=0"/></net>

<net id="878"><net_src comp="867" pin="4"/><net_sink comp="336" pin=0"/></net>

<net id="879"><net_src comp="867" pin="4"/><net_sink comp="402" pin=0"/></net>

<net id="880"><net_src comp="867" pin="4"/><net_sink comp="468" pin=0"/></net>

<net id="881"><net_src comp="867" pin="4"/><net_sink comp="534" pin=0"/></net>

<net id="882"><net_src comp="867" pin="4"/><net_sink comp="600" pin=0"/></net>

<net id="883"><net_src comp="867" pin="4"/><net_sink comp="666" pin=0"/></net>

<net id="884"><net_src comp="867" pin="4"/><net_sink comp="732" pin=0"/></net>

<net id="889"><net_src comp="254" pin="2"/><net_sink comp="885" pin=0"/></net>

<net id="894"><net_src comp="248" pin="2"/><net_sink comp="890" pin=0"/></net>

<net id="899"><net_src comp="242" pin="2"/><net_sink comp="895" pin=0"/></net>

<net id="904"><net_src comp="236" pin="2"/><net_sink comp="900" pin=0"/></net>

<net id="909"><net_src comp="230" pin="2"/><net_sink comp="905" pin=0"/></net>

<net id="914"><net_src comp="224" pin="2"/><net_sink comp="910" pin=0"/></net>

<net id="919"><net_src comp="80" pin="0"/><net_sink comp="915" pin=0"/></net>

<net id="926"><net_src comp="920" pin="1"/><net_sink comp="923" pin=0"/></net>

<net id="931"><net_src comp="920" pin="1"/><net_sink comp="927" pin=0"/></net>

<net id="932"><net_src comp="218" pin="2"/><net_sink comp="927" pin=1"/></net>

<net id="937"><net_src comp="920" pin="1"/><net_sink comp="933" pin=0"/></net>

<net id="938"><net_src comp="82" pin="0"/><net_sink comp="933" pin=1"/></net>

<net id="943"><net_src comp="923" pin="1"/><net_sink comp="939" pin=0"/></net>

<net id="944"><net_src comp="158" pin="2"/><net_sink comp="939" pin=1"/></net>

<net id="949"><net_src comp="939" pin="2"/><net_sink comp="945" pin=0"/></net>

<net id="950"><net_src comp="152" pin="2"/><net_sink comp="945" pin=1"/></net>

<net id="955"><net_src comp="939" pin="2"/><net_sink comp="951" pin=0"/></net>

<net id="956"><net_src comp="164" pin="2"/><net_sink comp="951" pin=1"/></net>

<net id="961"><net_src comp="939" pin="2"/><net_sink comp="957" pin=0"/></net>

<net id="962"><net_src comp="170" pin="2"/><net_sink comp="957" pin=1"/></net>

<net id="967"><net_src comp="939" pin="2"/><net_sink comp="963" pin=0"/></net>

<net id="968"><net_src comp="206" pin="2"/><net_sink comp="963" pin=1"/></net>

<net id="973"><net_src comp="939" pin="2"/><net_sink comp="969" pin=0"/></net>

<net id="974"><net_src comp="212" pin="2"/><net_sink comp="969" pin=1"/></net>

<net id="979"><net_src comp="933" pin="2"/><net_sink comp="975" pin=0"/></net>

<net id="983"><net_src comp="980" pin="1"/><net_sink comp="326" pin=2"/></net>

<net id="987"><net_src comp="984" pin="1"/><net_sink comp="316" pin=2"/></net>

<net id="991"><net_src comp="988" pin="1"/><net_sink comp="306" pin=2"/></net>

<net id="995"><net_src comp="992" pin="1"/><net_sink comp="296" pin=2"/></net>

<net id="999"><net_src comp="996" pin="1"/><net_sink comp="286" pin=2"/></net>

<net id="1003"><net_src comp="1000" pin="1"/><net_sink comp="276" pin=2"/></net>

<net id="1007"><net_src comp="260" pin="2"/><net_sink comp="1004" pin=0"/></net>

<net id="1008"><net_src comp="1004" pin="1"/><net_sink comp="326" pin=0"/></net>

<net id="1012"><net_src comp="260" pin="2"/><net_sink comp="1009" pin=0"/></net>

<net id="1013"><net_src comp="1009" pin="1"/><net_sink comp="391" pin=0"/></net>

<net id="1021"><net_src comp="260" pin="2"/><net_sink comp="1018" pin=0"/></net>

<net id="1022"><net_src comp="1018" pin="1"/><net_sink comp="457" pin=0"/></net>

<net id="1042"><net_src comp="260" pin="2"/><net_sink comp="1039" pin=0"/></net>

<net id="1043"><net_src comp="1039" pin="1"/><net_sink comp="523" pin=0"/></net>

<net id="1063"><net_src comp="120" pin="0"/><net_sink comp="1044" pin=0"/></net>

<net id="1064"><net_src comp="421" pin="1"/><net_sink comp="1044" pin=1"/></net>

<net id="1065"><net_src comp="432" pin="1"/><net_sink comp="1044" pin=2"/></net>

<net id="1066"><net_src comp="443" pin="1"/><net_sink comp="1044" pin=3"/></net>

<net id="1067"><net_src comp="454" pin="1"/><net_sink comp="1044" pin=4"/></net>

<net id="1068"><net_src comp="333" pin="1"/><net_sink comp="1044" pin=5"/></net>

<net id="1069"><net_src comp="344" pin="1"/><net_sink comp="1044" pin=6"/></net>

<net id="1070"><net_src comp="355" pin="1"/><net_sink comp="1044" pin=7"/></net>

<net id="1071"><net_src comp="366" pin="1"/><net_sink comp="1044" pin=8"/></net>

<net id="1072"><net_src comp="377" pin="1"/><net_sink comp="1044" pin=9"/></net>

<net id="1073"><net_src comp="388" pin="1"/><net_sink comp="1044" pin=10"/></net>

<net id="1074"><net_src comp="273" pin="1"/><net_sink comp="1044" pin=11"/></net>

<net id="1075"><net_src comp="283" pin="1"/><net_sink comp="1044" pin=12"/></net>

<net id="1076"><net_src comp="293" pin="1"/><net_sink comp="1044" pin=13"/></net>

<net id="1077"><net_src comp="303" pin="1"/><net_sink comp="1044" pin=14"/></net>

<net id="1078"><net_src comp="313" pin="1"/><net_sink comp="1044" pin=15"/></net>

<net id="1079"><net_src comp="323" pin="1"/><net_sink comp="1044" pin=16"/></net>

<net id="1080"><net_src comp="1044" pin="17"/><net_sink comp="266" pin=2"/></net>

<net id="1084"><net_src comp="260" pin="2"/><net_sink comp="1081" pin=0"/></net>

<net id="1085"><net_src comp="1081" pin="1"/><net_sink comp="589" pin=0"/></net>

<net id="1089"><net_src comp="260" pin="2"/><net_sink comp="1086" pin=0"/></net>

<net id="1090"><net_src comp="1086" pin="1"/><net_sink comp="655" pin=0"/></net>

<net id="1094"><net_src comp="260" pin="2"/><net_sink comp="1091" pin=0"/></net>

<net id="1095"><net_src comp="1091" pin="1"/><net_sink comp="721" pin=0"/></net>

<net id="1115"><net_src comp="120" pin="0"/><net_sink comp="1096" pin=0"/></net>

<net id="1116"><net_src comp="641" pin="1"/><net_sink comp="1096" pin=1"/></net>

<net id="1117"><net_src comp="652" pin="1"/><net_sink comp="1096" pin=2"/></net>

<net id="1118"><net_src comp="531" pin="1"/><net_sink comp="1096" pin=3"/></net>

<net id="1119"><net_src comp="542" pin="1"/><net_sink comp="1096" pin=4"/></net>

<net id="1120"><net_src comp="553" pin="1"/><net_sink comp="1096" pin=5"/></net>

<net id="1121"><net_src comp="564" pin="1"/><net_sink comp="1096" pin=6"/></net>

<net id="1122"><net_src comp="575" pin="1"/><net_sink comp="1096" pin=7"/></net>

<net id="1123"><net_src comp="586" pin="1"/><net_sink comp="1096" pin=8"/></net>

<net id="1124"><net_src comp="465" pin="1"/><net_sink comp="1096" pin=9"/></net>

<net id="1125"><net_src comp="476" pin="1"/><net_sink comp="1096" pin=10"/></net>

<net id="1126"><net_src comp="487" pin="1"/><net_sink comp="1096" pin=11"/></net>

<net id="1127"><net_src comp="498" pin="1"/><net_sink comp="1096" pin=12"/></net>

<net id="1128"><net_src comp="509" pin="1"/><net_sink comp="1096" pin=13"/></net>

<net id="1129"><net_src comp="520" pin="1"/><net_sink comp="1096" pin=14"/></net>

<net id="1130"><net_src comp="399" pin="1"/><net_sink comp="1096" pin=15"/></net>

<net id="1131"><net_src comp="410" pin="1"/><net_sink comp="1096" pin=16"/></net>

<net id="1132"><net_src comp="1096" pin="17"/><net_sink comp="266" pin=2"/></net>

<net id="1136"><net_src comp="260" pin="2"/><net_sink comp="1133" pin=0"/></net>

<net id="1137"><net_src comp="1133" pin="1"/><net_sink comp="787" pin=0"/></net>

<net id="1142"><net_src comp="732" pin="4"/><net_sink comp="1138" pin=0"/></net>

<net id="1147"><net_src comp="743" pin="4"/><net_sink comp="1143" pin=0"/></net>

<net id="1152"><net_src comp="754" pin="4"/><net_sink comp="1148" pin=0"/></net>

<net id="1157"><net_src comp="765" pin="4"/><net_sink comp="1153" pin=0"/></net>

<net id="1162"><net_src comp="776" pin="4"/><net_sink comp="1158" pin=0"/></net>

<net id="1167"><net_src comp="787" pin="4"/><net_sink comp="1163" pin=0"/></net>

<net id="1187"><net_src comp="120" pin="0"/><net_sink comp="1168" pin=0"/></net>

<net id="1188"><net_src comp="729" pin="1"/><net_sink comp="1168" pin=1"/></net>

<net id="1189"><net_src comp="740" pin="1"/><net_sink comp="1168" pin=2"/></net>

<net id="1190"><net_src comp="751" pin="1"/><net_sink comp="1168" pin=3"/></net>

<net id="1191"><net_src comp="762" pin="1"/><net_sink comp="1168" pin=4"/></net>

<net id="1192"><net_src comp="773" pin="1"/><net_sink comp="1168" pin=5"/></net>

<net id="1193"><net_src comp="784" pin="1"/><net_sink comp="1168" pin=6"/></net>

<net id="1194"><net_src comp="663" pin="1"/><net_sink comp="1168" pin=7"/></net>

<net id="1195"><net_src comp="674" pin="1"/><net_sink comp="1168" pin=8"/></net>

<net id="1196"><net_src comp="685" pin="1"/><net_sink comp="1168" pin=9"/></net>

<net id="1197"><net_src comp="696" pin="1"/><net_sink comp="1168" pin=10"/></net>

<net id="1198"><net_src comp="707" pin="1"/><net_sink comp="1168" pin=11"/></net>

<net id="1199"><net_src comp="718" pin="1"/><net_sink comp="1168" pin=12"/></net>

<net id="1200"><net_src comp="597" pin="1"/><net_sink comp="1168" pin=13"/></net>

<net id="1201"><net_src comp="608" pin="1"/><net_sink comp="1168" pin=14"/></net>

<net id="1202"><net_src comp="619" pin="1"/><net_sink comp="1168" pin=15"/></net>

<net id="1203"><net_src comp="630" pin="1"/><net_sink comp="1168" pin=16"/></net>

<net id="1204"><net_src comp="1168" pin="17"/><net_sink comp="266" pin=2"/></net>

<net id="1209"><net_src comp="1000" pin="1"/><net_sink comp="1205" pin=0"/></net>

<net id="1210"><net_src comp="40" pin="0"/><net_sink comp="1205" pin=1"/></net>

<net id="1215"><net_src comp="996" pin="1"/><net_sink comp="1211" pin=0"/></net>

<net id="1216"><net_src comp="42" pin="0"/><net_sink comp="1211" pin=1"/></net>

<net id="1221"><net_src comp="992" pin="1"/><net_sink comp="1217" pin=0"/></net>

<net id="1222"><net_src comp="44" pin="0"/><net_sink comp="1217" pin=1"/></net>

<net id="1227"><net_src comp="988" pin="1"/><net_sink comp="1223" pin=0"/></net>

<net id="1228"><net_src comp="46" pin="0"/><net_sink comp="1223" pin=1"/></net>

<net id="1233"><net_src comp="984" pin="1"/><net_sink comp="1229" pin=0"/></net>

<net id="1234"><net_src comp="48" pin="0"/><net_sink comp="1229" pin=1"/></net>

<net id="1239"><net_src comp="980" pin="1"/><net_sink comp="1235" pin=0"/></net>

<net id="1240"><net_src comp="50" pin="0"/><net_sink comp="1235" pin=1"/></net>

<net id="1244"><net_src comp="124" pin="1"/><net_sink comp="1241" pin=0"/></net>

<net id="1245"><net_src comp="1241" pin="1"/><net_sink comp="915" pin=1"/></net>

<net id="1246"><net_src comp="1241" pin="1"/><net_sink comp="920" pin=0"/></net>

<net id="1247"><net_src comp="1241" pin="1"/><net_sink comp="975" pin=1"/></net>

<net id="1251"><net_src comp="128" pin="1"/><net_sink comp="1248" pin=0"/></net>

<net id="1252"><net_src comp="1248" pin="1"/><net_sink comp="910" pin=1"/></net>

<net id="1253"><net_src comp="1248" pin="1"/><net_sink comp="980" pin=0"/></net>

<net id="1254"><net_src comp="1248" pin="1"/><net_sink comp="1163" pin=1"/></net>

<net id="1258"><net_src comp="132" pin="1"/><net_sink comp="1255" pin=0"/></net>

<net id="1259"><net_src comp="1255" pin="1"/><net_sink comp="905" pin=1"/></net>

<net id="1260"><net_src comp="1255" pin="1"/><net_sink comp="984" pin=0"/></net>

<net id="1261"><net_src comp="1255" pin="1"/><net_sink comp="1158" pin=1"/></net>

<net id="1265"><net_src comp="136" pin="1"/><net_sink comp="1262" pin=0"/></net>

<net id="1266"><net_src comp="1262" pin="1"/><net_sink comp="900" pin=1"/></net>

<net id="1267"><net_src comp="1262" pin="1"/><net_sink comp="988" pin=0"/></net>

<net id="1268"><net_src comp="1262" pin="1"/><net_sink comp="1153" pin=1"/></net>

<net id="1272"><net_src comp="140" pin="1"/><net_sink comp="1269" pin=0"/></net>

<net id="1273"><net_src comp="1269" pin="1"/><net_sink comp="895" pin=1"/></net>

<net id="1274"><net_src comp="1269" pin="1"/><net_sink comp="992" pin=0"/></net>

<net id="1275"><net_src comp="1269" pin="1"/><net_sink comp="1148" pin=1"/></net>

<net id="1279"><net_src comp="144" pin="1"/><net_sink comp="1276" pin=0"/></net>

<net id="1280"><net_src comp="1276" pin="1"/><net_sink comp="890" pin=1"/></net>

<net id="1281"><net_src comp="1276" pin="1"/><net_sink comp="996" pin=0"/></net>

<net id="1282"><net_src comp="1276" pin="1"/><net_sink comp="1143" pin=1"/></net>

<net id="1286"><net_src comp="148" pin="1"/><net_sink comp="1283" pin=0"/></net>

<net id="1287"><net_src comp="1283" pin="1"/><net_sink comp="885" pin=1"/></net>

<net id="1288"><net_src comp="1283" pin="1"/><net_sink comp="1000" pin=0"/></net>

<net id="1289"><net_src comp="1283" pin="1"/><net_sink comp="1138" pin=1"/></net>

<net id="1293"><net_src comp="176" pin="2"/><net_sink comp="1290" pin=0"/></net>

<net id="1294"><net_src comp="1290" pin="1"/><net_sink comp="1014" pin=1"/></net>

<net id="1298"><net_src comp="182" pin="2"/><net_sink comp="1295" pin=0"/></net>

<net id="1299"><net_src comp="1295" pin="1"/><net_sink comp="1023" pin=1"/></net>

<net id="1303"><net_src comp="188" pin="2"/><net_sink comp="1300" pin=0"/></net>

<net id="1304"><net_src comp="1300" pin="1"/><net_sink comp="1027" pin=1"/></net>

<net id="1308"><net_src comp="194" pin="2"/><net_sink comp="1305" pin=0"/></net>

<net id="1309"><net_src comp="1305" pin="1"/><net_sink comp="1031" pin=1"/></net>

<net id="1313"><net_src comp="200" pin="2"/><net_sink comp="1310" pin=0"/></net>

<net id="1314"><net_src comp="1310" pin="1"/><net_sink comp="1035" pin=1"/></net>

<net id="1318"><net_src comp="927" pin="2"/><net_sink comp="1315" pin=0"/></net>

<net id="1322"><net_src comp="939" pin="2"/><net_sink comp="1319" pin=0"/></net>

<net id="1323"><net_src comp="1319" pin="1"/><net_sink comp="1014" pin=0"/></net>

<net id="1324"><net_src comp="1319" pin="1"/><net_sink comp="1023" pin=0"/></net>

<net id="1325"><net_src comp="1319" pin="1"/><net_sink comp="1027" pin=0"/></net>

<net id="1326"><net_src comp="1319" pin="1"/><net_sink comp="1031" pin=0"/></net>

<net id="1327"><net_src comp="1319" pin="1"/><net_sink comp="1035" pin=0"/></net>

<net id="1331"><net_src comp="945" pin="2"/><net_sink comp="1328" pin=0"/></net>

<net id="1335"><net_src comp="951" pin="2"/><net_sink comp="1332" pin=0"/></net>

<net id="1339"><net_src comp="957" pin="2"/><net_sink comp="1336" pin=0"/></net>

<net id="1343"><net_src comp="963" pin="2"/><net_sink comp="1340" pin=0"/></net>

<net id="1347"><net_src comp="969" pin="2"/><net_sink comp="1344" pin=0"/></net>

<net id="1351"><net_src comp="1014" pin="2"/><net_sink comp="1348" pin=0"/></net>

<net id="1355"><net_src comp="1023" pin="2"/><net_sink comp="1352" pin=0"/></net>

<net id="1359"><net_src comp="1027" pin="2"/><net_sink comp="1356" pin=0"/></net>

<net id="1363"><net_src comp="1031" pin="2"/><net_sink comp="1360" pin=0"/></net>

<net id="1367"><net_src comp="1035" pin="2"/><net_sink comp="1364" pin=0"/></net>

</net_list>

</model> 
---------------- Datapath Model END ------------------

* FSMD analyzer results:
  - Output states:
	Port: bytePlanes_plane0 | {5 8 10 }
	Port: pix_39_out | {2 }
	Port: pix_38_out | {2 }
	Port: pix_33_out | {2 }
	Port: pix_32_out | {2 }
	Port: pix_31_out | {2 }
	Port: pix_30_out | {2 }
 - Input state : 
	Port: MultiPixStream2Bytes_Pipeline_VITIS_LOOP_1090_11 : pix_29 | {1 }
	Port: MultiPixStream2Bytes_Pipeline_VITIS_LOOP_1090_11 : pix_28 | {1 }
	Port: MultiPixStream2Bytes_Pipeline_VITIS_LOOP_1090_11 : pix_27 | {1 }
	Port: MultiPixStream2Bytes_Pipeline_VITIS_LOOP_1090_11 : pix_26 | {1 }
	Port: MultiPixStream2Bytes_Pipeline_VITIS_LOOP_1090_11 : pix_25 | {1 }
	Port: MultiPixStream2Bytes_Pipeline_VITIS_LOOP_1090_11 : pix_24 | {1 }
	Port: MultiPixStream2Bytes_Pipeline_VITIS_LOOP_1090_11 : trunc_ln1 | {1 }
	Port: MultiPixStream2Bytes_Pipeline_VITIS_LOOP_1090_11 : icmp_ln1110_1 | {1 }
	Port: MultiPixStream2Bytes_Pipeline_VITIS_LOOP_1090_11 : empty | {1 }
	Port: MultiPixStream2Bytes_Pipeline_VITIS_LOOP_1090_11 : icmp_ln1077 | {1 }
	Port: MultiPixStream2Bytes_Pipeline_VITIS_LOOP_1090_11 : icmp_ln1095_6 | {1 }
	Port: MultiPixStream2Bytes_Pipeline_VITIS_LOOP_1090_11 : icmp_ln1095_5 | {1 }
	Port: MultiPixStream2Bytes_Pipeline_VITIS_LOOP_1090_11 : icmp_ln1095_4 | {1 }
	Port: MultiPixStream2Bytes_Pipeline_VITIS_LOOP_1090_11 : icmp21 | {1 }
	Port: MultiPixStream2Bytes_Pipeline_VITIS_LOOP_1090_11 : icmp_ln1095_2 | {1 }
	Port: MultiPixStream2Bytes_Pipeline_VITIS_LOOP_1090_11 : icmp18 | {1 }
	Port: MultiPixStream2Bytes_Pipeline_VITIS_LOOP_1090_11 : add_ln1095 | {1 }
	Port: MultiPixStream2Bytes_Pipeline_VITIS_LOOP_1090_11 : icmp_ln1095 | {1 }
	Port: MultiPixStream2Bytes_Pipeline_VITIS_LOOP_1090_11 : img | {2 3 4 5 6 7 8 9 }
  - Chain level:
	State 1
		store_ln1090 : 1
		x : 1
		zext_ln1090 : 2
		icmp_ln1090 : 2
		x_6 : 2
		br_ln1090 : 3
		icmp_ln1095_1 : 3
		or_ln1095 : 4
		br_ln1095 : 4
		or_ln1095_1 : 4
		br_ln1095 : 4
		or_ln1095_2 : 4
		br_ln1095 : 4
		or_ln1110 : 4
		br_ln1110 : 4
		or_ln1110_1 : 4
		br_ln1110 : 4
		store_ln1090 : 3
	State 2
		pix_83 : 1
		pix_82 : 1
		pix_81 : 1
		pix_80 : 1
		pix_79 : 1
		pix_78 : 1
		store_ln0 : 1
		store_ln0 : 1
		store_ln0 : 1
		store_ln0 : 1
		store_ln0 : 1
		store_ln0 : 1
	State 3
		pix_119 : 1
		pix_118 : 1
		pix_117 : 1
		pix_116 : 1
		pix_115 : 1
		pix_114 : 1
	State 4
		pix_134 : 1
		pix_133 : 1
		pix_132 : 1
		pix_131 : 1
		pix_130 : 1
		pix_129 : 1
	State 5
		pix_142 : 1
		pix_141 : 1
		pix_140 : 1
		pix_139 : 1
		pix_138 : 1
		pix_137 : 1
		write_ln1111 : 1
	State 6
		pix_150 : 1
		pix_149 : 1
		pix_148 : 1
		pix_147 : 1
		pix_146 : 1
		pix_145 : 1
	State 7
		pix_158 : 1
		pix_157 : 1
		pix_156 : 1
		pix_155 : 1
		pix_154 : 1
		pix_153 : 1
	State 8
		pix_166 : 1
		pix_165 : 1
		pix_164 : 1
		pix_163 : 1
		pix_162 : 1
		pix_161 : 1
		write_ln1111 : 1
	State 9
		pix_174 : 1
		pix_173 : 1
		pix_172 : 1
		pix_171 : 1
		pix_170 : 1
		pix_169 : 1
		store_ln431 : 2
		store_ln431 : 2
		store_ln431 : 2
		store_ln431 : 2
		store_ln431 : 2
		store_ln431 : 2
	State 10
		write_ln1111 : 1


============================================================
+ Verbose Summary: Datapath Resource usage 
============================================================

* Functional unit list:
|----------|--------------------------------|---------|---------|
| Operation|         Functional Unit        |    FF   |   LUT   |
|----------|--------------------------------|---------|---------|
|   icmp   |       icmp_ln1090_fu_927       |    0    |    15   |
|          |      icmp_ln1095_1_fu_939      |    0    |    16   |
|----------|--------------------------------|---------|---------|
|          |        or_ln1095_fu_945        |    0    |    2    |
|          |       or_ln1095_1_fu_951       |    0    |    2    |
|          |       or_ln1095_2_fu_957       |    0    |    2    |
|          |        or_ln1110_fu_963        |    0    |    2    |
|    or    |       or_ln1110_1_fu_969       |    0    |    2    |
|          |       or_ln1095_3_fu_1014      |    0    |    2    |
|          |       or_ln1095_4_fu_1023      |    0    |    2    |
|          |       or_ln1095_5_fu_1027      |    0    |    2    |
|          |       or_ln1095_6_fu_1031      |    0    |    2    |
|          |       or_ln1095_7_fu_1035      |    0    |    2    |
|----------|--------------------------------|---------|---------|
|    add   |           x_6_fu_933           |    0    |    15   |
|----------|--------------------------------|---------|---------|
|          |  icmp_ln1095_read_read_fu_152  |    0    |    0    |
|          |   add_ln1095_read_read_fu_158  |    0    |    0    |
|          |     icmp18_read_read_fu_164    |    0    |    0    |
|          | icmp_ln1095_2_read_read_fu_170 |    0    |    0    |
|          |     icmp21_read_read_fu_176    |    0    |    0    |
|          | icmp_ln1095_4_read_read_fu_182 |    0    |    0    |
|          | icmp_ln1095_5_read_read_fu_188 |    0    |    0    |
|          | icmp_ln1095_6_read_read_fu_194 |    0    |    0    |
|          |  icmp_ln1077_read_read_fu_200  |    0    |    0    |
|   read   |        tmp_2_read_fu_206       |    0    |    0    |
|          | icmp_ln1110_1_read_read_fu_212 |    0    |    0    |
|          |   trunc_ln1_read_read_fu_218   |    0    |    0    |
|          |     pix_24_read_read_fu_224    |    0    |    0    |
|          |     pix_25_read_read_fu_230    |    0    |    0    |
|          |     pix_26_read_read_fu_236    |    0    |    0    |
|          |     pix_27_read_read_fu_242    |    0    |    0    |
|          |     pix_28_read_read_fu_248    |    0    |    0    |
|          |     pix_29_read_read_fu_254    |    0    |    0    |
|          |         grp_read_fu_260        |    0    |    0    |
|----------|--------------------------------|---------|---------|
|   write  |        grp_write_fu_266        |    0    |    0    |
|----------|--------------------------------|---------|---------|
|          |           grp_fu_795           |    0    |    0    |
|          |           grp_fu_813           |    0    |    0    |
|partselect|           grp_fu_831           |    0    |    0    |
|          |           grp_fu_849           |    0    |    0    |
|          |           grp_fu_867           |    0    |    0    |
|----------|--------------------------------|---------|---------|
|   zext   |       zext_ln1090_fu_923       |    0    |    0    |
|----------|--------------------------------|---------|---------|
|          |         pix_124_fu_1004        |    0    |    0    |
|          |         pix_125_fu_1009        |    0    |    0    |
|          |         pix_127_fu_1018        |    0    |    0    |
|   trunc  |         pix_135_fu_1039        |    0    |    0    |
|          |         pix_143_fu_1081        |    0    |    0    |
|          |         pix_151_fu_1086        |    0    |    0    |
|          |         pix_159_fu_1091        |    0    |    0    |
|          |         pix_167_fu_1133        |    0    |    0    |
|----------|--------------------------------|---------|---------|
|          |           tmp_fu_1044          |    0    |    0    |
|bitconcatenate|          tmp_s_fu_1096         |    0    |    0    |
|          |          tmp_1_fu_1168         |    0    |    0    |
|----------|--------------------------------|---------|---------|
|   Total  |                                |    0    |    66   |
|----------|--------------------------------|---------|---------|

Memories:
N/A

* Register list:
+---------------------------+--------+
|                           |   FF   |
+---------------------------+--------+
|    icmp21_read_reg_1290   |    1   |
| icmp_ln1077_read_reg_1310 |    1   |
|    icmp_ln1090_reg_1315   |    1   |
|   icmp_ln1095_1_reg_1319  |    1   |
|icmp_ln1095_4_read_reg_1295|    1   |
|icmp_ln1095_5_read_reg_1300|    1   |
|icmp_ln1095_6_read_reg_1305|    1   |
|    or_ln1095_1_reg_1332   |    1   |
|    or_ln1095_2_reg_1336   |    1   |
|    or_ln1095_3_reg_1348   |    1   |
|    or_ln1095_4_reg_1352   |    1   |
|    or_ln1095_5_reg_1356   |    1   |
|    or_ln1095_6_reg_1360   |    1   |
|    or_ln1095_7_reg_1364   |    1   |
|     or_ln1095_reg_1328    |    1   |
|    or_ln1110_1_reg_1344   |    1   |
|     or_ln1110_reg_1340    |    1   |
|      pix_114_reg_388      |    8   |
|      pix_115_reg_377      |    8   |
|      pix_116_reg_366      |    8   |
|      pix_117_reg_355      |    8   |
|      pix_118_reg_344      |    8   |
|      pix_119_reg_333      |    8   |
|      pix_129_reg_454      |    8   |
|      pix_130_reg_443      |    8   |
|      pix_131_reg_432      |    8   |
|      pix_132_reg_421      |    8   |
|      pix_133_reg_410      |    8   |
|      pix_134_reg_399      |    8   |
|      pix_137_reg_520      |    8   |
|      pix_138_reg_509      |    8   |
|      pix_139_reg_498      |    8   |
|      pix_140_reg_487      |    8   |
|      pix_141_reg_476      |    8   |
|      pix_142_reg_465      |    8   |
|      pix_145_reg_586      |    8   |
|      pix_146_reg_575      |    8   |
|      pix_147_reg_564      |    8   |
|      pix_148_reg_553      |    8   |
|      pix_149_reg_542      |    8   |
|      pix_150_reg_531      |    8   |
|      pix_153_reg_652      |    8   |
|      pix_154_reg_641      |    8   |
|      pix_155_reg_630      |    8   |
|      pix_156_reg_619      |    8   |
|      pix_157_reg_608      |    8   |
|      pix_158_reg_597      |    8   |
|      pix_161_reg_718      |    8   |
|      pix_162_reg_707      |    8   |
|      pix_163_reg_696      |    8   |
|      pix_164_reg_685      |    8   |
|      pix_165_reg_674      |    8   |
|      pix_166_reg_663      |    8   |
|      pix_169_reg_784      |    8   |
|      pix_170_reg_773      |    8   |
|      pix_171_reg_762      |    8   |
|      pix_172_reg_751      |    8   |
|      pix_173_reg_740      |    8   |
|      pix_174_reg_729      |    8   |
|      pix_30_reg_1248      |    8   |
|      pix_31_reg_1255      |    8   |
|      pix_32_reg_1262      |    8   |
|      pix_33_reg_1269      |    8   |
|      pix_38_reg_1276      |    8   |
|      pix_39_reg_1283      |    8   |
|       pix_78_reg_323      |    8   |
|       pix_79_reg_313      |    8   |
|       pix_80_reg_303      |    8   |
|       pix_81_reg_293      |    8   |
|       pix_82_reg_283      |    8   |
|       pix_83_reg_273      |    8   |
|        x_3_reg_1241       |    8   |
+---------------------------+--------+
|           Total           |   457  |
+---------------------------+--------+

* Multiplexer (MUX) list: 
|------------------|------|------|------|--------||---------||---------||---------|
|       Comp       |  Pin | Size |  BW  | S x BW ||  Delay  ||    FF   ||   LUT   |
|------------------|------|------|------|--------||---------||---------||---------|
| grp_write_fu_266 |  p2  |   3  |  128 |   384  ||    0    ||    14   |
|------------------|------|------|------|--------||---------||---------||---------|
|       Total      |      |      |      |   384  ||  0.547  ||    0    ||    14   |
|------------------|------|------|------|--------||---------||---------||---------|



* Summary:
+-----------+--------+--------+--------+
|           |  Delay |   FF   |   LUT  |
+-----------+--------+--------+--------+
|  Function |    -   |    0   |   66   |
|   Memory  |    -   |    -   |    -   |
|Multiplexer|    0   |    0   |   14   |
|  Register |    -   |   457  |    -   |
+-----------+--------+--------+--------+
|   Total   |    0   |   457  |   80   |
+-----------+--------+--------+--------+
