TRACE::2026-02-05.19:59:46::SCWPlatform::Trying to open the hw design at C:/TFG_Vivado/mis_pruebas/hil_puerto_serie/vitis/design_1_wrapper/hw/design_1_wrapper.xsa
TRACE::2026-02-05.19:59:46::SCWPlatform::DSA given C:/TFG_Vivado/mis_pruebas/hil_puerto_serie/vitis/design_1_wrapper/hw/design_1_wrapper.xsa
TRACE::2026-02-05.19:59:46::SCWPlatform::DSA absoulate path C:/TFG_Vivado/mis_pruebas/hil_puerto_serie/vitis/design_1_wrapper/hw/design_1_wrapper.xsa
TRACE::2026-02-05.19:59:46::SCWPlatform::DSA directory C:/TFG_Vivado/mis_pruebas/hil_puerto_serie/vitis/design_1_wrapper/hw
TRACE::2026-02-05.19:59:46::SCWPlatform:: Platform Path C:/TFG_Vivado/mis_pruebas/hil_puerto_serie/vitis/design_1_wrapper/hw/design_1_wrapper.xsa
TRACE::2026-02-05.19:59:46::SCWPlatform:: Unique name xilinx:::0.0
TRACE::2026-02-05.19:59:46::SCWPlatform::Do not have an existing db opened. 
TRACE::2026-02-05.19:59:55::SCWPlatform::Opened new HwDB with name design_1_wrapper_0
TRACE::2026-02-05.19:59:55::SCWWriter::formatted JSON is {
	"platformName":	"design_1_wrapper",
	"sprVersion":	"2.0",
	"mode":	"gui",
	"dsaType":	"Fixed",
	"platformDesc":	"design_1_wrapper",
	"platHandOff":	"<platformDir>.xsa",
	"platIntHandOff":	"<platformDir>/hw/design_1_wrapper.xsa",
	"deviceType":	"zynqMP",
	"platIsPrebuiltAutogen":	"false",
	"platIsNoBootBsp":	"false",
	"hasFsblMakeHasChanges":	"false",
	"hasPmufwMakeHasChanges":	"false",
	"platPreBuiltFlag":	false,
	"platformSamplesDir":	""
}
TRACE::2026-02-05.19:59:55::SCWWriter::formatted JSON is {
	"platformName":	"design_1_wrapper",
	"sprVersion":	"2.0",
	"mode":	"gui",
	"dsaType":	"Fixed",
	"platformDesc":	"design_1_wrapper",
	"platHandOff":	"<platformDir>.xsa",
	"platIntHandOff":	"<platformDir>/hw/design_1_wrapper.xsa",
	"deviceType":	"zynqMP",
	"platIsPrebuiltAutogen":	"false",
	"platIsNoBootBsp":	"false",
	"hasFsblMakeHasChanges":	"false",
	"hasPmufwMakeHasChanges":	"false",
	"platPreBuiltFlag":	false,
	"platformSamplesDir":	"",
	"platActiveSys":	"design_1_wrapper",
	"systems":	[{
			"systemName":	"design_1_wrapper",
			"systemDesc":	"design_1_wrapper",
			"sysIsBootAutoGen":	"true",
			"systemDispName":	"design_1_wrapper"
		}]
}
TRACE::2026-02-05.19:59:55::SCWPlatform::Boot application domains not present, creating them
TRACE::2026-02-05.19:59:55::SCWDomain::checking for install qemu data   : 
TRACE::2026-02-05.19:59:55::SCWDomain:: Using the QEMU Data from install at  : C:/Xilinx/Vitis/2023.1/data/emulation/platforms/zynqmp/sw/a53_standalone/qemu/
TRACE::2026-02-05.19:59:55::SCWDomain:: Using the QEMU args  from install at  : C:/Xilinx/Vitis/2023.1/data/emulation/platforms/zynqmp/sw/a53_standalone/qemu/qemu_args.txt
TRACE::2026-02-05.19:59:55::SCWDomain:: Using the PMUQEMU args from install at  : C:/Xilinx/Vitis/2023.1/data/emulation/platforms/zynqmp/sw/a53_standalone/qemu/pmu_args.txt
TRACE::2026-02-05.19:59:55::SCWPlatform::Trying to open the hw design at C:/TFG_Vivado/mis_pruebas/hil_puerto_serie/vitis/design_1_wrapper/hw/design_1_wrapper.xsa
TRACE::2026-02-05.19:59:55::SCWPlatform::DSA given C:/TFG_Vivado/mis_pruebas/hil_puerto_serie/vitis/design_1_wrapper/hw/design_1_wrapper.xsa
TRACE::2026-02-05.19:59:55::SCWPlatform::DSA absoulate path C:/TFG_Vivado/mis_pruebas/hil_puerto_serie/vitis/design_1_wrapper/hw/design_1_wrapper.xsa
TRACE::2026-02-05.19:59:55::SCWPlatform::DSA directory C:/TFG_Vivado/mis_pruebas/hil_puerto_serie/vitis/design_1_wrapper/hw
TRACE::2026-02-05.19:59:55::SCWPlatform:: Platform Path C:/TFG_Vivado/mis_pruebas/hil_puerto_serie/vitis/design_1_wrapper/hw/design_1_wrapper.xsa
TRACE::2026-02-05.19:59:55::SCWPlatform:: Unique name xilinx:::0.0
TRACE::2026-02-05.19:59:55::SCWPlatform::Trying to set the existing hwdb with name design_1_wrapper_0
TRACE::2026-02-05.19:59:55::SCWPlatform::Opened existing hwdb design_1_wrapper_0
TRACE::2026-02-05.19:59:55::SCWPlatform::Found the Hw Db part of the input DSA
TRACE::2026-02-05.19:59:55::SCWPlatform::Trying to open the hw design at C:/TFG_Vivado/mis_pruebas/hil_puerto_serie/vitis/design_1_wrapper/hw/design_1_wrapper.xsa
TRACE::2026-02-05.19:59:55::SCWPlatform::DSA given C:/TFG_Vivado/mis_pruebas/hil_puerto_serie/vitis/design_1_wrapper/hw/design_1_wrapper.xsa
TRACE::2026-02-05.19:59:55::SCWPlatform::DSA absoulate path C:/TFG_Vivado/mis_pruebas/hil_puerto_serie/vitis/design_1_wrapper/hw/design_1_wrapper.xsa
TRACE::2026-02-05.19:59:55::SCWPlatform::DSA directory C:/TFG_Vivado/mis_pruebas/hil_puerto_serie/vitis/design_1_wrapper/hw
TRACE::2026-02-05.19:59:55::SCWPlatform:: Platform Path C:/TFG_Vivado/mis_pruebas/hil_puerto_serie/vitis/design_1_wrapper/hw/design_1_wrapper.xsa
TRACE::2026-02-05.19:59:55::SCWPlatform:: Unique name xilinx:::0.0
TRACE::2026-02-05.19:59:55::SCWPlatform::Trying to set the existing hwdb with name design_1_wrapper_0
TRACE::2026-02-05.19:59:55::SCWPlatform::Opened existing hwdb design_1_wrapper_0
TRACE::2026-02-05.19:59:55::SCWPlatform::Found the Hw Db part of the input DSA
TRACE::2026-02-05.19:59:55::SCWPlatform::Trying to open the hw design at C:/TFG_Vivado/mis_pruebas/hil_puerto_serie/vitis/design_1_wrapper/hw/design_1_wrapper.xsa
TRACE::2026-02-05.19:59:55::SCWPlatform::DSA given C:/TFG_Vivado/mis_pruebas/hil_puerto_serie/vitis/design_1_wrapper/hw/design_1_wrapper.xsa
TRACE::2026-02-05.19:59:55::SCWPlatform::DSA absoulate path C:/TFG_Vivado/mis_pruebas/hil_puerto_serie/vitis/design_1_wrapper/hw/design_1_wrapper.xsa
TRACE::2026-02-05.19:59:55::SCWPlatform::DSA directory C:/TFG_Vivado/mis_pruebas/hil_puerto_serie/vitis/design_1_wrapper/hw
TRACE::2026-02-05.19:59:55::SCWPlatform:: Platform Path C:/TFG_Vivado/mis_pruebas/hil_puerto_serie/vitis/design_1_wrapper/hw/design_1_wrapper.xsa
TRACE::2026-02-05.19:59:55::SCWPlatform:: Unique name xilinx:::0.0
TRACE::2026-02-05.19:59:55::SCWPlatform::Trying to set the existing hwdb with name design_1_wrapper_0
TRACE::2026-02-05.19:59:55::SCWPlatform::Opened existing hwdb design_1_wrapper_0
TRACE::2026-02-05.19:59:55::SCWPlatform::Found the Hw Db part of the input DSA
TRACE::2026-02-05.19:59:55::SCWPlatform::Boot application domain added for zynqmp_fsbl
TRACE::2026-02-05.19:59:55::SCWPlatform::Generating the sources  .
TRACE::2026-02-05.19:59:55::SCWBDomain::Generating boot domain sources.
TRACE::2026-02-05.19:59:55::SCWBDomain:: Generating the zynqmp_fsbl Application.
TRACE::2026-02-05.19:59:55::SCWPlatform::Trying to open the hw design at C:/TFG_Vivado/mis_pruebas/hil_puerto_serie/vitis/design_1_wrapper/hw/design_1_wrapper.xsa
TRACE::2026-02-05.19:59:55::SCWPlatform::DSA given C:/TFG_Vivado/mis_pruebas/hil_puerto_serie/vitis/design_1_wrapper/hw/design_1_wrapper.xsa
TRACE::2026-02-05.19:59:55::SCWPlatform::DSA absoulate path C:/TFG_Vivado/mis_pruebas/hil_puerto_serie/vitis/design_1_wrapper/hw/design_1_wrapper.xsa
TRACE::2026-02-05.19:59:55::SCWPlatform::DSA directory C:/TFG_Vivado/mis_pruebas/hil_puerto_serie/vitis/design_1_wrapper/hw
TRACE::2026-02-05.19:59:55::SCWPlatform:: Platform Path C:/TFG_Vivado/mis_pruebas/hil_puerto_serie/vitis/design_1_wrapper/hw/design_1_wrapper.xsa
TRACE::2026-02-05.19:59:55::SCWPlatform:: Unique name xilinx:::0.0
TRACE::2026-02-05.19:59:55::SCWPlatform::Trying to set the existing hwdb with name design_1_wrapper_0
TRACE::2026-02-05.19:59:55::SCWPlatform::Opened existing hwdb design_1_wrapper_0
TRACE::2026-02-05.19:59:55::SCWPlatform::Found the Hw Db part of the input DSA
TRACE::2026-02-05.19:59:55::SCWMssOS::Checking the sw design at  C:/TFG_Vivado/mis_pruebas/hil_puerto_serie/vitis/design_1_wrapper/zynqmp_fsbl/zynqmp_fsbl_bsp/system.mss
TRACE::2026-02-05.19:59:55::SCWMssOS::DEBUG:  swdes dump  
TRACE::2026-02-05.19:59:55::SCWMssOS::No sw design opened at  C:/TFG_Vivado/mis_pruebas/hil_puerto_serie/vitis/design_1_wrapper/zynqmp_fsbl/zynqmp_fsbl_bsp/system.mss
TRACE::2026-02-05.19:59:55::SCWMssOS::mss does not exists at C:/TFG_Vivado/mis_pruebas/hil_puerto_serie/vitis/design_1_wrapper/zynqmp_fsbl/zynqmp_fsbl_bsp/system.mss
TRACE::2026-02-05.19:59:55::SCWMssOS::Creating sw design at  C:/TFG_Vivado/mis_pruebas/hil_puerto_serie/vitis/design_1_wrapper/zynqmp_fsbl/zynqmp_fsbl_bsp/system.mss
TRACE::2026-02-05.19:59:55::SCWMssOS::Adding the swdes entry, created swdb C:/TFG_Vivado/mis_pruebas/hil_puerto_serie/vitis/design_1_wrapper/zynqmp_fsbl/zynqmp_fsbl_bsp/system.mss with des name C:/TFG_Vivado/mis_pruebas/hil_puerto_serie/vitis/design_1_wrapper/zynqmp_fsbl/zynqmp_fsbl_bsp/system.mss
TRACE::2026-02-05.19:59:55::SCWMssOS::updating the scw layer changes to swdes at   C:/TFG_Vivado/mis_pruebas/hil_puerto_serie/vitis/design_1_wrapper/zynqmp_fsbl/zynqmp_fsbl_bsp/system.mss
TRACE::2026-02-05.19:59:55::SCWMssOS::Writing mss at C:/TFG_Vivado/mis_pruebas/hil_puerto_serie/vitis/design_1_wrapper/zynqmp_fsbl/zynqmp_fsbl_bsp/system.mss
TRACE::2026-02-05.19:59:55::SCWMssOS::Completed writing the mss file at C:/TFG_Vivado/mis_pruebas/hil_puerto_serie/vitis/design_1_wrapper/zynqmp_fsbl/zynqmp_fsbl_bsp
TRACE::2026-02-05.19:59:55::SCWMssOS::Picking up changes from newly written mss file into SCW Layer. 
TRACE::2026-02-05.19:59:55::SCWMssOS::Updated the changes from newly written mss file into SCW Layer. 
TRACE::2026-02-05.19:59:55::SCWBDomain::Completed writing the mss file at C:/TFG_Vivado/mis_pruebas/hil_puerto_serie/vitis/design_1_wrapper/zynqmp_fsbl/zynqmp_fsbl_bsp
TRACE::2026-02-05.20:00:02::SCWPlatform::Generating sources Done.
TRACE::2026-02-05.20:00:02::SCWDomain::checking for install qemu data   : 
TRACE::2026-02-05.20:00:02::SCWDomain:: Using the QEMU Data from install at  : C:/Xilinx/Vitis/2023.1/data/emulation/platforms/zynqmp/sw/a53_standalone/qemu/
TRACE::2026-02-05.20:00:02::SCWDomain:: Using the QEMU args  from install at  : C:/Xilinx/Vitis/2023.1/data/emulation/platforms/zynqmp/sw/a53_standalone/qemu/qemu_args.txt
TRACE::2026-02-05.20:00:02::SCWDomain:: Using the PMUQEMU args from install at  : C:/Xilinx/Vitis/2023.1/data/emulation/platforms/zynqmp/sw/a53_standalone/qemu/pmu_args.txt
TRACE::2026-02-05.20:00:02::SCWPlatform::Trying to open the hw design at C:/TFG_Vivado/mis_pruebas/hil_puerto_serie/vitis/design_1_wrapper/hw/design_1_wrapper.xsa
TRACE::2026-02-05.20:00:02::SCWPlatform::DSA given C:/TFG_Vivado/mis_pruebas/hil_puerto_serie/vitis/design_1_wrapper/hw/design_1_wrapper.xsa
TRACE::2026-02-05.20:00:02::SCWPlatform::DSA absoulate path C:/TFG_Vivado/mis_pruebas/hil_puerto_serie/vitis/design_1_wrapper/hw/design_1_wrapper.xsa
TRACE::2026-02-05.20:00:02::SCWPlatform::DSA directory C:/TFG_Vivado/mis_pruebas/hil_puerto_serie/vitis/design_1_wrapper/hw
TRACE::2026-02-05.20:00:02::SCWPlatform:: Platform Path C:/TFG_Vivado/mis_pruebas/hil_puerto_serie/vitis/design_1_wrapper/hw/design_1_wrapper.xsa
TRACE::2026-02-05.20:00:02::SCWPlatform:: Unique name xilinx:::0.0
TRACE::2026-02-05.20:00:02::SCWPlatform::Trying to set the existing hwdb with name design_1_wrapper_0
TRACE::2026-02-05.20:00:02::SCWPlatform::Opened existing hwdb design_1_wrapper_0
TRACE::2026-02-05.20:00:02::SCWPlatform::Found the Hw Db part of the input DSA
TRACE::2026-02-05.20:00:02::SCWPlatform::Boot application domain added for zynqmp_pmufw
TRACE::2026-02-05.20:00:02::SCWPlatform::Generating the sources  .
TRACE::2026-02-05.20:00:02::SCWBDomain::Generating boot domain sources.
TRACE::2026-02-05.20:00:02::SCWBDomain:: Generating the zynqmp_pmufw Application.
TRACE::2026-02-05.20:00:02::SCWPlatform::Trying to open the hw design at C:/TFG_Vivado/mis_pruebas/hil_puerto_serie/vitis/design_1_wrapper/hw/design_1_wrapper.xsa
TRACE::2026-02-05.20:00:02::SCWPlatform::DSA given C:/TFG_Vivado/mis_pruebas/hil_puerto_serie/vitis/design_1_wrapper/hw/design_1_wrapper.xsa
TRACE::2026-02-05.20:00:02::SCWPlatform::DSA absoulate path C:/TFG_Vivado/mis_pruebas/hil_puerto_serie/vitis/design_1_wrapper/hw/design_1_wrapper.xsa
TRACE::2026-02-05.20:00:02::SCWPlatform::DSA directory C:/TFG_Vivado/mis_pruebas/hil_puerto_serie/vitis/design_1_wrapper/hw
TRACE::2026-02-05.20:00:02::SCWPlatform:: Platform Path C:/TFG_Vivado/mis_pruebas/hil_puerto_serie/vitis/design_1_wrapper/hw/design_1_wrapper.xsa
TRACE::2026-02-05.20:00:02::SCWPlatform:: Unique name xilinx:::0.0
TRACE::2026-02-05.20:00:02::SCWPlatform::Trying to set the existing hwdb with name design_1_wrapper_0
TRACE::2026-02-05.20:00:02::SCWPlatform::Opened existing hwdb design_1_wrapper_0
TRACE::2026-02-05.20:00:02::SCWPlatform::Found the Hw Db part of the input DSA
TRACE::2026-02-05.20:00:02::SCWMssOS::Checking the sw design at  C:/TFG_Vivado/mis_pruebas/hil_puerto_serie/vitis/design_1_wrapper/zynqmp_pmufw/zynqmp_pmufw_bsp/system.mss
TRACE::2026-02-05.20:00:02::SCWMssOS::DEBUG:  swdes dump  
TRACE::2026-02-05.20:00:02::SCWMssOS::No sw design opened at  C:/TFG_Vivado/mis_pruebas/hil_puerto_serie/vitis/design_1_wrapper/zynqmp_pmufw/zynqmp_pmufw_bsp/system.mss
TRACE::2026-02-05.20:00:02::SCWMssOS::mss does not exists at C:/TFG_Vivado/mis_pruebas/hil_puerto_serie/vitis/design_1_wrapper/zynqmp_pmufw/zynqmp_pmufw_bsp/system.mss
TRACE::2026-02-05.20:00:02::SCWMssOS::Creating sw design at  C:/TFG_Vivado/mis_pruebas/hil_puerto_serie/vitis/design_1_wrapper/zynqmp_pmufw/zynqmp_pmufw_bsp/system.mss
TRACE::2026-02-05.20:00:02::SCWMssOS::Adding the swdes entry, created swdb C:/TFG_Vivado/mis_pruebas/hil_puerto_serie/vitis/design_1_wrapper/zynqmp_pmufw/zynqmp_pmufw_bsp/system.mss with des name C:/TFG_Vivado/mis_pruebas/hil_puerto_serie/vitis/design_1_wrapper/zynqmp_pmufw/zynqmp_pmufw_bsp/system.mss
TRACE::2026-02-05.20:00:02::SCWMssOS::updating the scw layer changes to swdes at   C:/TFG_Vivado/mis_pruebas/hil_puerto_serie/vitis/design_1_wrapper/zynqmp_pmufw/zynqmp_pmufw_bsp/system.mss
TRACE::2026-02-05.20:00:02::SCWMssOS::Writing mss at C:/TFG_Vivado/mis_pruebas/hil_puerto_serie/vitis/design_1_wrapper/zynqmp_pmufw/zynqmp_pmufw_bsp/system.mss
TRACE::2026-02-05.20:00:02::SCWMssOS::Completed writing the mss file at C:/TFG_Vivado/mis_pruebas/hil_puerto_serie/vitis/design_1_wrapper/zynqmp_pmufw/zynqmp_pmufw_bsp
TRACE::2026-02-05.20:00:02::SCWMssOS::Picking up changes from newly written mss file into SCW Layer. 
TRACE::2026-02-05.20:00:02::SCWMssOS::Updated the changes from newly written mss file into SCW Layer. 
TRACE::2026-02-05.20:00:02::SCWBDomain::Completed writing the mss file at C:/TFG_Vivado/mis_pruebas/hil_puerto_serie/vitis/design_1_wrapper/zynqmp_pmufw/zynqmp_pmufw_bsp
TRACE::2026-02-05.20:00:05::SCWPlatform::Generating sources Done.
TRACE::2026-02-05.20:00:05::SCWPlatform::Trying to open the hw design at C:/TFG_Vivado/mis_pruebas/hil_puerto_serie/vitis/design_1_wrapper/hw/design_1_wrapper.xsa
TRACE::2026-02-05.20:00:05::SCWPlatform::DSA given C:/TFG_Vivado/mis_pruebas/hil_puerto_serie/vitis/design_1_wrapper/hw/design_1_wrapper.xsa
TRACE::2026-02-05.20:00:05::SCWPlatform::DSA absoulate path C:/TFG_Vivado/mis_pruebas/hil_puerto_serie/vitis/design_1_wrapper/hw/design_1_wrapper.xsa
TRACE::2026-02-05.20:00:05::SCWPlatform::DSA directory C:/TFG_Vivado/mis_pruebas/hil_puerto_serie/vitis/design_1_wrapper/hw
TRACE::2026-02-05.20:00:05::SCWPlatform:: Platform Path C:/TFG_Vivado/mis_pruebas/hil_puerto_serie/vitis/design_1_wrapper/hw/design_1_wrapper.xsa
TRACE::2026-02-05.20:00:05::SCWPlatform:: Unique name xilinx:::0.0
TRACE::2026-02-05.20:00:05::SCWPlatform::Trying to set the existing hwdb with name design_1_wrapper_0
TRACE::2026-02-05.20:00:05::SCWPlatform::Opened existing hwdb design_1_wrapper_0
TRACE::2026-02-05.20:00:05::SCWPlatform::Found the Hw Db part of the input DSA
TRACE::2026-02-05.20:00:05::SCWMssOS::Checking the sw design at  C:/TFG_Vivado/mis_pruebas/hil_puerto_serie/vitis/design_1_wrapper/zynqmp_fsbl/zynqmp_fsbl_bsp/system.mss
TRACE::2026-02-05.20:00:05::SCWMssOS::DEBUG:  swdes dump  
TRACE::2026-02-05.20:00:05::SCWMssOS::No sw design opened at  C:/TFG_Vivado/mis_pruebas/hil_puerto_serie/vitis/design_1_wrapper/zynqmp_fsbl/zynqmp_fsbl_bsp/system.mss
TRACE::2026-02-05.20:00:05::SCWMssOS::mss exists loading the mss file  C:/TFG_Vivado/mis_pruebas/hil_puerto_serie/vitis/design_1_wrapper/zynqmp_fsbl/zynqmp_fsbl_bsp/system.mss
TRACE::2026-02-05.20:00:05::SCWMssOS::Opened the sw design from mss  C:/TFG_Vivado/mis_pruebas/hil_puerto_serie/vitis/design_1_wrapper/zynqmp_fsbl/zynqmp_fsbl_bsp/system.mss
TRACE::2026-02-05.20:00:05::SCWMssOS::Adding the swdes entry C:/TFG_Vivado/mis_pruebas/hil_puerto_serie/vitis/design_1_wrapper/zynqmp_fsbl/zynqmp_fsbl_bsp/system.mss with des name system
TRACE::2026-02-05.20:00:05::SCWMssOS::updating the scw layer about changes
TRACE::2026-02-05.20:00:05::SCWMssOS::Opened the sw design.  C:/TFG_Vivado/mis_pruebas/hil_puerto_serie/vitis/design_1_wrapper/zynqmp_fsbl/zynqmp_fsbl_bsp/system.mss
TRACE::2026-02-05.20:00:05::SCWPlatform::Trying to open the hw design at C:/TFG_Vivado/mis_pruebas/hil_puerto_serie/vitis/design_1_wrapper/hw/design_1_wrapper.xsa
TRACE::2026-02-05.20:00:05::SCWPlatform::DSA given C:/TFG_Vivado/mis_pruebas/hil_puerto_serie/vitis/design_1_wrapper/hw/design_1_wrapper.xsa
TRACE::2026-02-05.20:00:05::SCWPlatform::DSA absoulate path C:/TFG_Vivado/mis_pruebas/hil_puerto_serie/vitis/design_1_wrapper/hw/design_1_wrapper.xsa
TRACE::2026-02-05.20:00:05::SCWPlatform::DSA directory C:/TFG_Vivado/mis_pruebas/hil_puerto_serie/vitis/design_1_wrapper/hw
TRACE::2026-02-05.20:00:05::SCWPlatform:: Platform Path C:/TFG_Vivado/mis_pruebas/hil_puerto_serie/vitis/design_1_wrapper/hw/design_1_wrapper.xsa
TRACE::2026-02-05.20:00:05::SCWPlatform:: Unique name xilinx:::0.0
TRACE::2026-02-05.20:00:05::SCWPlatform::Trying to set the existing hwdb with name design_1_wrapper_0
TRACE::2026-02-05.20:00:05::SCWPlatform::Opened existing hwdb design_1_wrapper_0
TRACE::2026-02-05.20:00:05::SCWPlatform::Found the Hw Db part of the input DSA
TRACE::2026-02-05.20:00:05::SCWMssOS::Checking the sw design at  C:/TFG_Vivado/mis_pruebas/hil_puerto_serie/vitis/design_1_wrapper/zynqmp_pmufw/zynqmp_pmufw_bsp/system.mss
TRACE::2026-02-05.20:00:05::SCWMssOS::DEBUG:  swdes dump  C:/TFG_Vivado/mis_pruebas/hil_puerto_serie/vitis/design_1_wrapper/zynqmp_fsbl/zynqmp_fsbl_bsp/system.mss|system||

TRACE::2026-02-05.20:00:05::SCWMssOS::No sw design opened at  C:/TFG_Vivado/mis_pruebas/hil_puerto_serie/vitis/design_1_wrapper/zynqmp_pmufw/zynqmp_pmufw_bsp/system.mss
TRACE::2026-02-05.20:00:05::SCWMssOS::mss exists loading the mss file  C:/TFG_Vivado/mis_pruebas/hil_puerto_serie/vitis/design_1_wrapper/zynqmp_pmufw/zynqmp_pmufw_bsp/system.mss
TRACE::2026-02-05.20:00:05::SCWMssOS::Opened the sw design from mss  C:/TFG_Vivado/mis_pruebas/hil_puerto_serie/vitis/design_1_wrapper/zynqmp_pmufw/zynqmp_pmufw_bsp/system.mss
TRACE::2026-02-05.20:00:05::SCWMssOS::Adding the swdes entry C:/TFG_Vivado/mis_pruebas/hil_puerto_serie/vitis/design_1_wrapper/zynqmp_pmufw/zynqmp_pmufw_bsp/system.mss with des name system_0
TRACE::2026-02-05.20:00:05::SCWMssOS::updating the scw layer about changes
TRACE::2026-02-05.20:00:05::SCWMssOS::Opened the sw design.  C:/TFG_Vivado/mis_pruebas/hil_puerto_serie/vitis/design_1_wrapper/zynqmp_pmufw/zynqmp_pmufw_bsp/system.mss
TRACE::2026-02-05.20:00:05::SCWMssOS::Saving the mss changes C:/TFG_Vivado/mis_pruebas/hil_puerto_serie/vitis/design_1_wrapper/zynqmp_fsbl/zynqmp_fsbl_bsp/system.mss
TRACE::2026-02-05.20:00:05::SCWMssOS::Found a swdesign opened with the mssfile.
TRACE::2026-02-05.20:00:05::SCWMssOS::Completed writemss as part of save.
TRACE::2026-02-05.20:00:05::SCWMssOS::Commit changes completed.
TRACE::2026-02-05.20:00:05::SCWMssOS::Saving the mss changes C:/TFG_Vivado/mis_pruebas/hil_puerto_serie/vitis/design_1_wrapper/zynqmp_pmufw/zynqmp_pmufw_bsp/system.mss
TRACE::2026-02-05.20:00:05::SCWMssOS::Found a swdesign opened with the mssfile.
TRACE::2026-02-05.20:00:05::SCWMssOS::Completed writemss as part of save.
TRACE::2026-02-05.20:00:05::SCWMssOS::Commit changes completed.
TRACE::2026-02-05.20:00:05::SCWPlatform::Trying to open the hw design at C:/TFG_Vivado/mis_pruebas/hil_puerto_serie/vitis/design_1_wrapper/hw/design_1_wrapper.xsa
TRACE::2026-02-05.20:00:05::SCWPlatform::DSA given C:/TFG_Vivado/mis_pruebas/hil_puerto_serie/vitis/design_1_wrapper/hw/design_1_wrapper.xsa
TRACE::2026-02-05.20:00:05::SCWPlatform::DSA absoulate path C:/TFG_Vivado/mis_pruebas/hil_puerto_serie/vitis/design_1_wrapper/hw/design_1_wrapper.xsa
TRACE::2026-02-05.20:00:05::SCWPlatform::DSA directory C:/TFG_Vivado/mis_pruebas/hil_puerto_serie/vitis/design_1_wrapper/hw
TRACE::2026-02-05.20:00:05::SCWPlatform:: Platform Path C:/TFG_Vivado/mis_pruebas/hil_puerto_serie/vitis/design_1_wrapper/hw/design_1_wrapper.xsa
TRACE::2026-02-05.20:00:05::SCWPlatform:: Unique name xilinx:::0.0
TRACE::2026-02-05.20:00:05::SCWPlatform::Trying to set the existing hwdb with name design_1_wrapper_0
TRACE::2026-02-05.20:00:05::SCWPlatform::Opened existing hwdb design_1_wrapper_0
TRACE::2026-02-05.20:00:05::SCWPlatform::Found the Hw Db part of the input DSA
TRACE::2026-02-05.20:00:05::SCWMssOS::Checking the sw design at  C:/TFG_Vivado/mis_pruebas/hil_puerto_serie/vitis/design_1_wrapper/zynqmp_fsbl/zynqmp_fsbl_bsp/system.mss
TRACE::2026-02-05.20:00:05::SCWMssOS::DEBUG:  swdes dump  C:/TFG_Vivado/mis_pruebas/hil_puerto_serie/vitis/design_1_wrapper/zynqmp_fsbl/zynqmp_fsbl_bsp/system.mss|system||
C:/TFG_Vivado/mis_pruebas/hil_puerto_serie/vitis/design_1_wrapper/zynqmp_pmufw/zynqmp_pmufw_bsp/system.mss|system_0||

TRACE::2026-02-05.20:00:05::SCWMssOS::Sw design exists and opened at  C:/TFG_Vivado/mis_pruebas/hil_puerto_serie/vitis/design_1_wrapper/zynqmp_fsbl/zynqmp_fsbl_bsp/system.mss
TRACE::2026-02-05.20:00:05::SCWPlatform::Trying to open the hw design at C:/TFG_Vivado/mis_pruebas/hil_puerto_serie/vitis/design_1_wrapper/hw/design_1_wrapper.xsa
TRACE::2026-02-05.20:00:05::SCWPlatform::DSA given C:/TFG_Vivado/mis_pruebas/hil_puerto_serie/vitis/design_1_wrapper/hw/design_1_wrapper.xsa
TRACE::2026-02-05.20:00:05::SCWPlatform::DSA absoulate path C:/TFG_Vivado/mis_pruebas/hil_puerto_serie/vitis/design_1_wrapper/hw/design_1_wrapper.xsa
TRACE::2026-02-05.20:00:05::SCWPlatform::DSA directory C:/TFG_Vivado/mis_pruebas/hil_puerto_serie/vitis/design_1_wrapper/hw
TRACE::2026-02-05.20:00:05::SCWPlatform:: Platform Path C:/TFG_Vivado/mis_pruebas/hil_puerto_serie/vitis/design_1_wrapper/hw/design_1_wrapper.xsa
TRACE::2026-02-05.20:00:05::SCWPlatform:: Unique name xilinx:::0.0
TRACE::2026-02-05.20:00:05::SCWPlatform::Trying to set the existing hwdb with name design_1_wrapper_0
TRACE::2026-02-05.20:00:05::SCWPlatform::Opened existing hwdb design_1_wrapper_0
TRACE::2026-02-05.20:00:05::SCWPlatform::Found the Hw Db part of the input DSA
TRACE::2026-02-05.20:00:05::SCWMssOS::Checking the sw design at  C:/TFG_Vivado/mis_pruebas/hil_puerto_serie/vitis/design_1_wrapper/zynqmp_fsbl/zynqmp_fsbl_bsp/system.mss
TRACE::2026-02-05.20:00:05::SCWMssOS::DEBUG:  swdes dump  C:/TFG_Vivado/mis_pruebas/hil_puerto_serie/vitis/design_1_wrapper/zynqmp_fsbl/zynqmp_fsbl_bsp/system.mss|system||
C:/TFG_Vivado/mis_pruebas/hil_puerto_serie/vitis/design_1_wrapper/zynqmp_pmufw/zynqmp_pmufw_bsp/system.mss|system_0||

TRACE::2026-02-05.20:00:05::SCWMssOS::Sw design exists and opened at  C:/TFG_Vivado/mis_pruebas/hil_puerto_serie/vitis/design_1_wrapper/zynqmp_fsbl/zynqmp_fsbl_bsp/system.mss
TRACE::2026-02-05.20:00:05::SCWPlatform::Trying to open the hw design at C:/TFG_Vivado/mis_pruebas/hil_puerto_serie/vitis/design_1_wrapper/hw/design_1_wrapper.xsa
TRACE::2026-02-05.20:00:05::SCWPlatform::DSA given C:/TFG_Vivado/mis_pruebas/hil_puerto_serie/vitis/design_1_wrapper/hw/design_1_wrapper.xsa
TRACE::2026-02-05.20:00:05::SCWPlatform::DSA absoulate path C:/TFG_Vivado/mis_pruebas/hil_puerto_serie/vitis/design_1_wrapper/hw/design_1_wrapper.xsa
TRACE::2026-02-05.20:00:05::SCWPlatform::DSA directory C:/TFG_Vivado/mis_pruebas/hil_puerto_serie/vitis/design_1_wrapper/hw
TRACE::2026-02-05.20:00:05::SCWPlatform:: Platform Path C:/TFG_Vivado/mis_pruebas/hil_puerto_serie/vitis/design_1_wrapper/hw/design_1_wrapper.xsa
TRACE::2026-02-05.20:00:05::SCWPlatform:: Unique name xilinx:::0.0
TRACE::2026-02-05.20:00:05::SCWPlatform::Trying to set the existing hwdb with name design_1_wrapper_0
TRACE::2026-02-05.20:00:05::SCWPlatform::Opened existing hwdb design_1_wrapper_0
TRACE::2026-02-05.20:00:05::SCWPlatform::Found the Hw Db part of the input DSA
TRACE::2026-02-05.20:00:05::SCWMssOS::Checking the sw design at  C:/TFG_Vivado/mis_pruebas/hil_puerto_serie/vitis/design_1_wrapper/zynqmp_fsbl/zynqmp_fsbl_bsp/system.mss
TRACE::2026-02-05.20:00:05::SCWMssOS::DEBUG:  swdes dump  C:/TFG_Vivado/mis_pruebas/hil_puerto_serie/vitis/design_1_wrapper/zynqmp_fsbl/zynqmp_fsbl_bsp/system.mss|system||
C:/TFG_Vivado/mis_pruebas/hil_puerto_serie/vitis/design_1_wrapper/zynqmp_pmufw/zynqmp_pmufw_bsp/system.mss|system_0||

TRACE::2026-02-05.20:00:05::SCWMssOS::Sw design exists and opened at  C:/TFG_Vivado/mis_pruebas/hil_puerto_serie/vitis/design_1_wrapper/zynqmp_fsbl/zynqmp_fsbl_bsp/system.mss
TRACE::2026-02-05.20:00:05::SCWPlatform::Trying to open the hw design at C:/TFG_Vivado/mis_pruebas/hil_puerto_serie/vitis/design_1_wrapper/hw/design_1_wrapper.xsa
TRACE::2026-02-05.20:00:05::SCWPlatform::DSA given C:/TFG_Vivado/mis_pruebas/hil_puerto_serie/vitis/design_1_wrapper/hw/design_1_wrapper.xsa
TRACE::2026-02-05.20:00:05::SCWPlatform::DSA absoulate path C:/TFG_Vivado/mis_pruebas/hil_puerto_serie/vitis/design_1_wrapper/hw/design_1_wrapper.xsa
TRACE::2026-02-05.20:00:05::SCWPlatform::DSA directory C:/TFG_Vivado/mis_pruebas/hil_puerto_serie/vitis/design_1_wrapper/hw
TRACE::2026-02-05.20:00:05::SCWPlatform:: Platform Path C:/TFG_Vivado/mis_pruebas/hil_puerto_serie/vitis/design_1_wrapper/hw/design_1_wrapper.xsa
TRACE::2026-02-05.20:00:05::SCWPlatform:: Unique name xilinx:::0.0
TRACE::2026-02-05.20:00:05::SCWPlatform::Trying to set the existing hwdb with name design_1_wrapper_0
TRACE::2026-02-05.20:00:05::SCWPlatform::Opened existing hwdb design_1_wrapper_0
TRACE::2026-02-05.20:00:05::SCWPlatform::Found the Hw Db part of the input DSA
TRACE::2026-02-05.20:00:05::SCWMssOS::Checking the sw design at  C:/TFG_Vivado/mis_pruebas/hil_puerto_serie/vitis/design_1_wrapper/zynqmp_pmufw/zynqmp_pmufw_bsp/system.mss
TRACE::2026-02-05.20:00:05::SCWMssOS::DEBUG:  swdes dump  C:/TFG_Vivado/mis_pruebas/hil_puerto_serie/vitis/design_1_wrapper/zynqmp_fsbl/zynqmp_fsbl_bsp/system.mss|system||
C:/TFG_Vivado/mis_pruebas/hil_puerto_serie/vitis/design_1_wrapper/zynqmp_pmufw/zynqmp_pmufw_bsp/system.mss|system_0||

TRACE::2026-02-05.20:00:05::SCWMssOS::Sw design exists and opened at  C:/TFG_Vivado/mis_pruebas/hil_puerto_serie/vitis/design_1_wrapper/zynqmp_pmufw/zynqmp_pmufw_bsp/system.mss
TRACE::2026-02-05.20:00:05::SCWPlatform::Trying to open the hw design at C:/TFG_Vivado/mis_pruebas/hil_puerto_serie/vitis/design_1_wrapper/hw/design_1_wrapper.xsa
TRACE::2026-02-05.20:00:05::SCWPlatform::DSA given C:/TFG_Vivado/mis_pruebas/hil_puerto_serie/vitis/design_1_wrapper/hw/design_1_wrapper.xsa
TRACE::2026-02-05.20:00:05::SCWPlatform::DSA absoulate path C:/TFG_Vivado/mis_pruebas/hil_puerto_serie/vitis/design_1_wrapper/hw/design_1_wrapper.xsa
TRACE::2026-02-05.20:00:05::SCWPlatform::DSA directory C:/TFG_Vivado/mis_pruebas/hil_puerto_serie/vitis/design_1_wrapper/hw
TRACE::2026-02-05.20:00:05::SCWPlatform:: Platform Path C:/TFG_Vivado/mis_pruebas/hil_puerto_serie/vitis/design_1_wrapper/hw/design_1_wrapper.xsa
TRACE::2026-02-05.20:00:05::SCWPlatform:: Unique name xilinx:::0.0
TRACE::2026-02-05.20:00:05::SCWPlatform::Trying to set the existing hwdb with name design_1_wrapper_0
TRACE::2026-02-05.20:00:05::SCWPlatform::Opened existing hwdb design_1_wrapper_0
TRACE::2026-02-05.20:00:05::SCWPlatform::Found the Hw Db part of the input DSA
TRACE::2026-02-05.20:00:05::SCWMssOS::Checking the sw design at  C:/TFG_Vivado/mis_pruebas/hil_puerto_serie/vitis/design_1_wrapper/zynqmp_pmufw/zynqmp_pmufw_bsp/system.mss
TRACE::2026-02-05.20:00:05::SCWMssOS::DEBUG:  swdes dump  C:/TFG_Vivado/mis_pruebas/hil_puerto_serie/vitis/design_1_wrapper/zynqmp_fsbl/zynqmp_fsbl_bsp/system.mss|system||
C:/TFG_Vivado/mis_pruebas/hil_puerto_serie/vitis/design_1_wrapper/zynqmp_pmufw/zynqmp_pmufw_bsp/system.mss|system_0||

TRACE::2026-02-05.20:00:05::SCWMssOS::Sw design exists and opened at  C:/TFG_Vivado/mis_pruebas/hil_puerto_serie/vitis/design_1_wrapper/zynqmp_pmufw/zynqmp_pmufw_bsp/system.mss
TRACE::2026-02-05.20:00:05::SCWPlatform::Trying to open the hw design at C:/TFG_Vivado/mis_pruebas/hil_puerto_serie/vitis/design_1_wrapper/hw/design_1_wrapper.xsa
TRACE::2026-02-05.20:00:05::SCWPlatform::DSA given C:/TFG_Vivado/mis_pruebas/hil_puerto_serie/vitis/design_1_wrapper/hw/design_1_wrapper.xsa
TRACE::2026-02-05.20:00:05::SCWPlatform::DSA absoulate path C:/TFG_Vivado/mis_pruebas/hil_puerto_serie/vitis/design_1_wrapper/hw/design_1_wrapper.xsa
TRACE::2026-02-05.20:00:05::SCWPlatform::DSA directory C:/TFG_Vivado/mis_pruebas/hil_puerto_serie/vitis/design_1_wrapper/hw
TRACE::2026-02-05.20:00:05::SCWPlatform:: Platform Path C:/TFG_Vivado/mis_pruebas/hil_puerto_serie/vitis/design_1_wrapper/hw/design_1_wrapper.xsa
TRACE::2026-02-05.20:00:05::SCWPlatform:: Unique name xilinx:::0.0
TRACE::2026-02-05.20:00:05::SCWPlatform::Trying to set the existing hwdb with name design_1_wrapper_0
TRACE::2026-02-05.20:00:05::SCWPlatform::Opened existing hwdb design_1_wrapper_0
TRACE::2026-02-05.20:00:05::SCWPlatform::Found the Hw Db part of the input DSA
TRACE::2026-02-05.20:00:05::SCWMssOS::Checking the sw design at  C:/TFG_Vivado/mis_pruebas/hil_puerto_serie/vitis/design_1_wrapper/zynqmp_pmufw/zynqmp_pmufw_bsp/system.mss
TRACE::2026-02-05.20:00:05::SCWMssOS::DEBUG:  swdes dump  C:/TFG_Vivado/mis_pruebas/hil_puerto_serie/vitis/design_1_wrapper/zynqmp_fsbl/zynqmp_fsbl_bsp/system.mss|system||
C:/TFG_Vivado/mis_pruebas/hil_puerto_serie/vitis/design_1_wrapper/zynqmp_pmufw/zynqmp_pmufw_bsp/system.mss|system_0||

TRACE::2026-02-05.20:00:05::SCWMssOS::Sw design exists and opened at  C:/TFG_Vivado/mis_pruebas/hil_puerto_serie/vitis/design_1_wrapper/zynqmp_pmufw/zynqmp_pmufw_bsp/system.mss
TRACE::2026-02-05.20:00:05::SCWWriter::formatted JSON is {
	"platformName":	"design_1_wrapper",
	"sprVersion":	"2.0",
	"mode":	"gui",
	"dsaType":	"Fixed",
	"platformDesc":	"design_1_wrapper",
	"platHandOff":	"<platformDir>.xsa",
	"platIntHandOff":	"<platformDir>/hw/design_1_wrapper.xsa",
	"deviceType":	"zynqMP",
	"platIsPrebuiltAutogen":	"false",
	"platIsNoBootBsp":	"false",
	"platFsblTarget":	"psu_cortexa53_0",
	"hasFsblMakeHasChanges":	"false",
	"hasPmufwMakeHasChanges":	"false",
	"fsblExtraCompilerFlags":	"-MMD -MP      -Wall -fmessage-length=0 -DARMA53_64 -Os -flto -ffat-lto-objects  ",
	"pmufwExtraCompilerFlags":	"-MMD -MP      -mlittle-endian -mxl-barrel-shift -mxl-pattern-compare -mcpu=v9.2 -mxl-soft-mul -Os -flto -ffat-lto-objects  ",
	"platPreBuiltFlag":	false,
	"platformSamplesDir":	"",
	"platActiveSys":	"design_1_wrapper",
	"systems":	[{
			"systemName":	"design_1_wrapper",
			"systemDesc":	"design_1_wrapper",
			"sysIsBootAutoGen":	"true",
			"systemDispName":	"design_1_wrapper",
			"sysActiveDom":	"zynqmp_pmufw",
			"sysDefaultDom":	"",
			"domains":	[{
					"domainName":	"zynqmp_fsbl",
					"domainDispName":	"zynqmp_fsbl",
					"domainDesc":	"FSBL Application BSP - Auto Generated.",
					"processors":	"psu_cortexa53_0",
					"os":	"standalone",
					"sdxOs":	"standalone",
					"debugEnable":	"",
					"domRuntimes":	["cpp"],
					"swRepo":	"",
					"mssOsVer":	"8.1",
					"mssFile":	"",
					"md5Digest":	"50ffef4a883d3ea676765d60b786a6e4",
					"compatibleApp":	"zynqmp_fsbl",
					"domType":	"bootDomain",
					"arch":	"64-bit",
					"appSettings":	{
						"appCompilerFlags":	"",
						"appLinkerFlags":	""
					},
					"addedLibs":	["xilffs:5.0", "xilsecure:5.1", "xilpm:5.0"],
					"libOptions":	{
						"standalone":	{
							"zynqmp_fsbl_bsp":	"true",
							"libOptionNames":	["zynqmp_fsbl_bsp"]
						},
						"xilffs":	{
							"read_only":	"true",
							"use_mkfs":	"false",
							"libOptionNames":	["read_only", "use_mkfs"]
						},
						"xilsecure":	{
							"tpm_support":	"true",
							"libOptionNames":	["tpm_support"]
						},
						"libsContainingOptions":	["standalone", "xilffs", "xilsecure"]
					},
					"prebuiltLibs":	{
						"prebuiltIncPath":	[],
						"prebuiltLibPath":	[]
					},
					"isolation":	{
					}
				}, {
					"domainName":	"zynqmp_pmufw",
					"domainDispName":	"zynqmp_pmufw",
					"domainDesc":	"PMUFW Application BSP - Auto Generated.",
					"processors":	"psu_pmu_0",
					"os":	"standalone",
					"sdxOs":	"standalone",
					"debugEnable":	"",
					"domRuntimes":	["cpp"],
					"swRepo":	"",
					"mssOsVer":	"8.1",
					"mssFile":	"",
					"md5Digest":	"f53f944c509d63eeaedc429f0d902726",
					"compatibleApp":	"zynqmp_pmufw",
					"domType":	"bootDomain",
					"arch":	"32-bit",
					"appSettings":	{
						"appCompilerFlags":	"",
						"appLinkerFlags":	""
					},
					"addedLibs":	["xilfpga:6.4", "xilsecure:5.1", "xilskey:7.4"],
					"libOptions":	{
						"psu_pmu_0":	{
							"extra_compiler_flags":	"-g -ffunction-sections -fdata-sections -Wall -Wextra -fno-tree-loop-distribute-patterns  -Os -flto -ffat-lto-objects",
							"libOptionNames":	["extra_compiler_flags"]
						},
						"libsContainingOptions":	["psu_pmu_0"]
					},
					"prebuiltLibs":	{
						"prebuiltIncPath":	[],
						"prebuiltLibPath":	[]
					},
					"isolation":	{
					}
				}]
		}]
}
TRACE::2026-02-05.20:00:05::SCWMssOS::Saving the mss changes C:/TFG_Vivado/mis_pruebas/hil_puerto_serie/vitis/design_1_wrapper/zynqmp_fsbl/zynqmp_fsbl_bsp/system.mss
TRACE::2026-02-05.20:00:05::SCWMssOS::Found a swdesign opened with the mssfile.
TRACE::2026-02-05.20:00:05::SCWMssOS::Completed writemss as part of save.
TRACE::2026-02-05.20:00:05::SCWMssOS::Commit changes completed.
TRACE::2026-02-05.20:00:05::SCWMssOS::Saving the mss changes C:/TFG_Vivado/mis_pruebas/hil_puerto_serie/vitis/design_1_wrapper/zynqmp_pmufw/zynqmp_pmufw_bsp/system.mss
TRACE::2026-02-05.20:00:05::SCWMssOS::Found a swdesign opened with the mssfile.
TRACE::2026-02-05.20:00:05::SCWMssOS::Completed writemss as part of save.
TRACE::2026-02-05.20:00:05::SCWMssOS::Commit changes completed.
TRACE::2026-02-05.20:00:05::SCWPlatform::Trying to open the hw design at C:/TFG_Vivado/mis_pruebas/hil_puerto_serie/vitis/design_1_wrapper/hw/design_1_wrapper.xsa
TRACE::2026-02-05.20:00:05::SCWPlatform::DSA given C:/TFG_Vivado/mis_pruebas/hil_puerto_serie/vitis/design_1_wrapper/hw/design_1_wrapper.xsa
TRACE::2026-02-05.20:00:05::SCWPlatform::DSA absoulate path C:/TFG_Vivado/mis_pruebas/hil_puerto_serie/vitis/design_1_wrapper/hw/design_1_wrapper.xsa
TRACE::2026-02-05.20:00:05::SCWPlatform::DSA directory C:/TFG_Vivado/mis_pruebas/hil_puerto_serie/vitis/design_1_wrapper/hw
TRACE::2026-02-05.20:00:05::SCWPlatform:: Platform Path C:/TFG_Vivado/mis_pruebas/hil_puerto_serie/vitis/design_1_wrapper/hw/design_1_wrapper.xsa
TRACE::2026-02-05.20:00:05::SCWPlatform:: Unique name xilinx:::0.0
TRACE::2026-02-05.20:00:05::SCWPlatform::Trying to set the existing hwdb with name design_1_wrapper_0
TRACE::2026-02-05.20:00:05::SCWPlatform::Opened existing hwdb design_1_wrapper_0
TRACE::2026-02-05.20:00:05::SCWPlatform::Found the Hw Db part of the input DSA
TRACE::2026-02-05.20:00:05::SCWMssOS::Checking the sw design at  C:/TFG_Vivado/mis_pruebas/hil_puerto_serie/vitis/design_1_wrapper/zynqmp_fsbl/zynqmp_fsbl_bsp/system.mss
TRACE::2026-02-05.20:00:05::SCWMssOS::DEBUG:  swdes dump  C:/TFG_Vivado/mis_pruebas/hil_puerto_serie/vitis/design_1_wrapper/zynqmp_fsbl/zynqmp_fsbl_bsp/system.mss|system||
C:/TFG_Vivado/mis_pruebas/hil_puerto_serie/vitis/design_1_wrapper/zynqmp_pmufw/zynqmp_pmufw_bsp/system.mss|system_0||

TRACE::2026-02-05.20:00:05::SCWMssOS::Sw design exists and opened at  C:/TFG_Vivado/mis_pruebas/hil_puerto_serie/vitis/design_1_wrapper/zynqmp_fsbl/zynqmp_fsbl_bsp/system.mss
TRACE::2026-02-05.20:00:05::SCWPlatform::Trying to open the hw design at C:/TFG_Vivado/mis_pruebas/hil_puerto_serie/vitis/design_1_wrapper/hw/design_1_wrapper.xsa
TRACE::2026-02-05.20:00:05::SCWPlatform::DSA given C:/TFG_Vivado/mis_pruebas/hil_puerto_serie/vitis/design_1_wrapper/hw/design_1_wrapper.xsa
TRACE::2026-02-05.20:00:05::SCWPlatform::DSA absoulate path C:/TFG_Vivado/mis_pruebas/hil_puerto_serie/vitis/design_1_wrapper/hw/design_1_wrapper.xsa
TRACE::2026-02-05.20:00:05::SCWPlatform::DSA directory C:/TFG_Vivado/mis_pruebas/hil_puerto_serie/vitis/design_1_wrapper/hw
TRACE::2026-02-05.20:00:05::SCWPlatform:: Platform Path C:/TFG_Vivado/mis_pruebas/hil_puerto_serie/vitis/design_1_wrapper/hw/design_1_wrapper.xsa
TRACE::2026-02-05.20:00:05::SCWPlatform:: Unique name xilinx:::0.0
TRACE::2026-02-05.20:00:05::SCWPlatform::Trying to set the existing hwdb with name design_1_wrapper_0
TRACE::2026-02-05.20:00:05::SCWPlatform::Opened existing hwdb design_1_wrapper_0
TRACE::2026-02-05.20:00:05::SCWPlatform::Found the Hw Db part of the input DSA
TRACE::2026-02-05.20:00:05::SCWMssOS::Checking the sw design at  C:/TFG_Vivado/mis_pruebas/hil_puerto_serie/vitis/design_1_wrapper/zynqmp_fsbl/zynqmp_fsbl_bsp/system.mss
TRACE::2026-02-05.20:00:05::SCWMssOS::DEBUG:  swdes dump  C:/TFG_Vivado/mis_pruebas/hil_puerto_serie/vitis/design_1_wrapper/zynqmp_fsbl/zynqmp_fsbl_bsp/system.mss|system||
C:/TFG_Vivado/mis_pruebas/hil_puerto_serie/vitis/design_1_wrapper/zynqmp_pmufw/zynqmp_pmufw_bsp/system.mss|system_0||

TRACE::2026-02-05.20:00:05::SCWMssOS::Sw design exists and opened at  C:/TFG_Vivado/mis_pruebas/hil_puerto_serie/vitis/design_1_wrapper/zynqmp_fsbl/zynqmp_fsbl_bsp/system.mss
TRACE::2026-02-05.20:00:05::SCWPlatform::Trying to open the hw design at C:/TFG_Vivado/mis_pruebas/hil_puerto_serie/vitis/design_1_wrapper/hw/design_1_wrapper.xsa
TRACE::2026-02-05.20:00:05::SCWPlatform::DSA given C:/TFG_Vivado/mis_pruebas/hil_puerto_serie/vitis/design_1_wrapper/hw/design_1_wrapper.xsa
TRACE::2026-02-05.20:00:05::SCWPlatform::DSA absoulate path C:/TFG_Vivado/mis_pruebas/hil_puerto_serie/vitis/design_1_wrapper/hw/design_1_wrapper.xsa
TRACE::2026-02-05.20:00:05::SCWPlatform::DSA directory C:/TFG_Vivado/mis_pruebas/hil_puerto_serie/vitis/design_1_wrapper/hw
TRACE::2026-02-05.20:00:05::SCWPlatform:: Platform Path C:/TFG_Vivado/mis_pruebas/hil_puerto_serie/vitis/design_1_wrapper/hw/design_1_wrapper.xsa
TRACE::2026-02-05.20:00:05::SCWPlatform:: Unique name xilinx:::0.0
TRACE::2026-02-05.20:00:05::SCWPlatform::Trying to set the existing hwdb with name design_1_wrapper_0
TRACE::2026-02-05.20:00:05::SCWPlatform::Opened existing hwdb design_1_wrapper_0
TRACE::2026-02-05.20:00:05::SCWPlatform::Found the Hw Db part of the input DSA
TRACE::2026-02-05.20:00:05::SCWMssOS::Checking the sw design at  C:/TFG_Vivado/mis_pruebas/hil_puerto_serie/vitis/design_1_wrapper/zynqmp_fsbl/zynqmp_fsbl_bsp/system.mss
TRACE::2026-02-05.20:00:05::SCWMssOS::DEBUG:  swdes dump  C:/TFG_Vivado/mis_pruebas/hil_puerto_serie/vitis/design_1_wrapper/zynqmp_fsbl/zynqmp_fsbl_bsp/system.mss|system||
C:/TFG_Vivado/mis_pruebas/hil_puerto_serie/vitis/design_1_wrapper/zynqmp_pmufw/zynqmp_pmufw_bsp/system.mss|system_0||

TRACE::2026-02-05.20:00:05::SCWMssOS::Sw design exists and opened at  C:/TFG_Vivado/mis_pruebas/hil_puerto_serie/vitis/design_1_wrapper/zynqmp_fsbl/zynqmp_fsbl_bsp/system.mss
TRACE::2026-02-05.20:00:05::SCWPlatform::Trying to open the hw design at C:/TFG_Vivado/mis_pruebas/hil_puerto_serie/vitis/design_1_wrapper/hw/design_1_wrapper.xsa
TRACE::2026-02-05.20:00:05::SCWPlatform::DSA given C:/TFG_Vivado/mis_pruebas/hil_puerto_serie/vitis/design_1_wrapper/hw/design_1_wrapper.xsa
TRACE::2026-02-05.20:00:05::SCWPlatform::DSA absoulate path C:/TFG_Vivado/mis_pruebas/hil_puerto_serie/vitis/design_1_wrapper/hw/design_1_wrapper.xsa
TRACE::2026-02-05.20:00:05::SCWPlatform::DSA directory C:/TFG_Vivado/mis_pruebas/hil_puerto_serie/vitis/design_1_wrapper/hw
TRACE::2026-02-05.20:00:05::SCWPlatform:: Platform Path C:/TFG_Vivado/mis_pruebas/hil_puerto_serie/vitis/design_1_wrapper/hw/design_1_wrapper.xsa
TRACE::2026-02-05.20:00:05::SCWPlatform:: Unique name xilinx:::0.0
TRACE::2026-02-05.20:00:05::SCWPlatform::Trying to set the existing hwdb with name design_1_wrapper_0
TRACE::2026-02-05.20:00:05::SCWPlatform::Opened existing hwdb design_1_wrapper_0
TRACE::2026-02-05.20:00:05::SCWPlatform::Found the Hw Db part of the input DSA
TRACE::2026-02-05.20:00:05::SCWMssOS::Checking the sw design at  C:/TFG_Vivado/mis_pruebas/hil_puerto_serie/vitis/design_1_wrapper/zynqmp_pmufw/zynqmp_pmufw_bsp/system.mss
TRACE::2026-02-05.20:00:05::SCWMssOS::DEBUG:  swdes dump  C:/TFG_Vivado/mis_pruebas/hil_puerto_serie/vitis/design_1_wrapper/zynqmp_fsbl/zynqmp_fsbl_bsp/system.mss|system||
C:/TFG_Vivado/mis_pruebas/hil_puerto_serie/vitis/design_1_wrapper/zynqmp_pmufw/zynqmp_pmufw_bsp/system.mss|system_0||

TRACE::2026-02-05.20:00:05::SCWMssOS::Sw design exists and opened at  C:/TFG_Vivado/mis_pruebas/hil_puerto_serie/vitis/design_1_wrapper/zynqmp_pmufw/zynqmp_pmufw_bsp/system.mss
TRACE::2026-02-05.20:00:05::SCWPlatform::Trying to open the hw design at C:/TFG_Vivado/mis_pruebas/hil_puerto_serie/vitis/design_1_wrapper/hw/design_1_wrapper.xsa
TRACE::2026-02-05.20:00:05::SCWPlatform::DSA given C:/TFG_Vivado/mis_pruebas/hil_puerto_serie/vitis/design_1_wrapper/hw/design_1_wrapper.xsa
TRACE::2026-02-05.20:00:05::SCWPlatform::DSA absoulate path C:/TFG_Vivado/mis_pruebas/hil_puerto_serie/vitis/design_1_wrapper/hw/design_1_wrapper.xsa
TRACE::2026-02-05.20:00:05::SCWPlatform::DSA directory C:/TFG_Vivado/mis_pruebas/hil_puerto_serie/vitis/design_1_wrapper/hw
TRACE::2026-02-05.20:00:05::SCWPlatform:: Platform Path C:/TFG_Vivado/mis_pruebas/hil_puerto_serie/vitis/design_1_wrapper/hw/design_1_wrapper.xsa
TRACE::2026-02-05.20:00:05::SCWPlatform:: Unique name xilinx:::0.0
TRACE::2026-02-05.20:00:05::SCWPlatform::Trying to set the existing hwdb with name design_1_wrapper_0
TRACE::2026-02-05.20:00:05::SCWPlatform::Opened existing hwdb design_1_wrapper_0
TRACE::2026-02-05.20:00:05::SCWPlatform::Found the Hw Db part of the input DSA
TRACE::2026-02-05.20:00:05::SCWMssOS::Checking the sw design at  C:/TFG_Vivado/mis_pruebas/hil_puerto_serie/vitis/design_1_wrapper/zynqmp_pmufw/zynqmp_pmufw_bsp/system.mss
TRACE::2026-02-05.20:00:05::SCWMssOS::DEBUG:  swdes dump  C:/TFG_Vivado/mis_pruebas/hil_puerto_serie/vitis/design_1_wrapper/zynqmp_fsbl/zynqmp_fsbl_bsp/system.mss|system||
C:/TFG_Vivado/mis_pruebas/hil_puerto_serie/vitis/design_1_wrapper/zynqmp_pmufw/zynqmp_pmufw_bsp/system.mss|system_0||

TRACE::2026-02-05.20:00:05::SCWMssOS::Sw design exists and opened at  C:/TFG_Vivado/mis_pruebas/hil_puerto_serie/vitis/design_1_wrapper/zynqmp_pmufw/zynqmp_pmufw_bsp/system.mss
TRACE::2026-02-05.20:00:05::SCWPlatform::Trying to open the hw design at C:/TFG_Vivado/mis_pruebas/hil_puerto_serie/vitis/design_1_wrapper/hw/design_1_wrapper.xsa
TRACE::2026-02-05.20:00:05::SCWPlatform::DSA given C:/TFG_Vivado/mis_pruebas/hil_puerto_serie/vitis/design_1_wrapper/hw/design_1_wrapper.xsa
TRACE::2026-02-05.20:00:05::SCWPlatform::DSA absoulate path C:/TFG_Vivado/mis_pruebas/hil_puerto_serie/vitis/design_1_wrapper/hw/design_1_wrapper.xsa
TRACE::2026-02-05.20:00:05::SCWPlatform::DSA directory C:/TFG_Vivado/mis_pruebas/hil_puerto_serie/vitis/design_1_wrapper/hw
TRACE::2026-02-05.20:00:05::SCWPlatform:: Platform Path C:/TFG_Vivado/mis_pruebas/hil_puerto_serie/vitis/design_1_wrapper/hw/design_1_wrapper.xsa
TRACE::2026-02-05.20:00:05::SCWPlatform:: Unique name xilinx:::0.0
TRACE::2026-02-05.20:00:05::SCWPlatform::Trying to set the existing hwdb with name design_1_wrapper_0
TRACE::2026-02-05.20:00:05::SCWPlatform::Opened existing hwdb design_1_wrapper_0
TRACE::2026-02-05.20:00:05::SCWPlatform::Found the Hw Db part of the input DSA
TRACE::2026-02-05.20:00:05::SCWMssOS::Checking the sw design at  C:/TFG_Vivado/mis_pruebas/hil_puerto_serie/vitis/design_1_wrapper/zynqmp_pmufw/zynqmp_pmufw_bsp/system.mss
TRACE::2026-02-05.20:00:05::SCWMssOS::DEBUG:  swdes dump  C:/TFG_Vivado/mis_pruebas/hil_puerto_serie/vitis/design_1_wrapper/zynqmp_fsbl/zynqmp_fsbl_bsp/system.mss|system||
C:/TFG_Vivado/mis_pruebas/hil_puerto_serie/vitis/design_1_wrapper/zynqmp_pmufw/zynqmp_pmufw_bsp/system.mss|system_0||

TRACE::2026-02-05.20:00:05::SCWMssOS::Sw design exists and opened at  C:/TFG_Vivado/mis_pruebas/hil_puerto_serie/vitis/design_1_wrapper/zynqmp_pmufw/zynqmp_pmufw_bsp/system.mss
TRACE::2026-02-05.20:00:05::SCWWriter::formatted JSON is {
	"platformName":	"design_1_wrapper",
	"sprVersion":	"2.0",
	"mode":	"gui",
	"dsaType":	"Fixed",
	"platformDesc":	"design_1_wrapper",
	"platHandOff":	"<platformDir>.xsa",
	"platIntHandOff":	"<platformDir>/hw/design_1_wrapper.xsa",
	"deviceType":	"zynqMP",
	"platIsPrebuiltAutogen":	"false",
	"platIsNoBootBsp":	"false",
	"platFsblTarget":	"psu_cortexa53_0",
	"hasFsblMakeHasChanges":	"false",
	"hasPmufwMakeHasChanges":	"false",
	"fsblExtraCompilerFlags":	"-MMD -MP      -Wall -fmessage-length=0 -DARMA53_64 -Os -flto -ffat-lto-objects  ",
	"pmufwExtraCompilerFlags":	"-MMD -MP      -mlittle-endian -mxl-barrel-shift -mxl-pattern-compare -mcpu=v9.2 -mxl-soft-mul -Os -flto -ffat-lto-objects  ",
	"platPreBuiltFlag":	false,
	"platformSamplesDir":	"",
	"platActiveSys":	"design_1_wrapper",
	"systems":	[{
			"systemName":	"design_1_wrapper",
			"systemDesc":	"design_1_wrapper",
			"sysIsBootAutoGen":	"true",
			"systemDispName":	"design_1_wrapper",
			"sysActiveDom":	"zynqmp_pmufw",
			"sysDefaultDom":	"",
			"domains":	[{
					"domainName":	"zynqmp_fsbl",
					"domainDispName":	"zynqmp_fsbl",
					"domainDesc":	"FSBL Application BSP - Auto Generated.",
					"processors":	"psu_cortexa53_0",
					"os":	"standalone",
					"sdxOs":	"standalone",
					"debugEnable":	"",
					"domRuntimes":	["cpp"],
					"swRepo":	"",
					"mssOsVer":	"8.1",
					"mssFile":	"",
					"md5Digest":	"50ffef4a883d3ea676765d60b786a6e4",
					"compatibleApp":	"zynqmp_fsbl",
					"domType":	"bootDomain",
					"arch":	"64-bit",
					"appSettings":	{
						"appCompilerFlags":	"",
						"appLinkerFlags":	""
					},
					"addedLibs":	["xilffs:5.0", "xilsecure:5.1", "xilpm:5.0"],
					"libOptions":	{
						"standalone":	{
							"zynqmp_fsbl_bsp":	"true",
							"libOptionNames":	["zynqmp_fsbl_bsp"]
						},
						"xilffs":	{
							"read_only":	"true",
							"use_mkfs":	"false",
							"libOptionNames":	["read_only", "use_mkfs"]
						},
						"xilsecure":	{
							"tpm_support":	"true",
							"libOptionNames":	["tpm_support"]
						},
						"libsContainingOptions":	["standalone", "xilffs", "xilsecure"]
					},
					"prebuiltLibs":	{
						"prebuiltIncPath":	[],
						"prebuiltLibPath":	[]
					},
					"isolation":	{
					}
				}, {
					"domainName":	"zynqmp_pmufw",
					"domainDispName":	"zynqmp_pmufw",
					"domainDesc":	"PMUFW Application BSP - Auto Generated.",
					"processors":	"psu_pmu_0",
					"os":	"standalone",
					"sdxOs":	"standalone",
					"debugEnable":	"",
					"domRuntimes":	["cpp"],
					"swRepo":	"",
					"mssOsVer":	"8.1",
					"mssFile":	"",
					"md5Digest":	"f53f944c509d63eeaedc429f0d902726",
					"compatibleApp":	"zynqmp_pmufw",
					"domType":	"bootDomain",
					"arch":	"32-bit",
					"appSettings":	{
						"appCompilerFlags":	"",
						"appLinkerFlags":	""
					},
					"addedLibs":	["xilfpga:6.4", "xilsecure:5.1", "xilskey:7.4"],
					"libOptions":	{
						"psu_pmu_0":	{
							"extra_compiler_flags":	"-g -ffunction-sections -fdata-sections -Wall -Wextra -fno-tree-loop-distribute-patterns  -Os -flto -ffat-lto-objects",
							"libOptionNames":	["extra_compiler_flags"]
						},
						"libsContainingOptions":	["psu_pmu_0"]
					},
					"prebuiltLibs":	{
						"prebuiltIncPath":	[],
						"prebuiltLibPath":	[]
					},
					"isolation":	{
					}
				}]
		}]
}
TRACE::2026-02-05.20:00:05::SCWPlatform::Trying to open the hw design at C:/TFG_Vivado/mis_pruebas/hil_puerto_serie/vitis/design_1_wrapper/hw/design_1_wrapper.xsa
TRACE::2026-02-05.20:00:05::SCWPlatform::DSA given C:/TFG_Vivado/mis_pruebas/hil_puerto_serie/vitis/design_1_wrapper/hw/design_1_wrapper.xsa
TRACE::2026-02-05.20:00:05::SCWPlatform::DSA absoulate path C:/TFG_Vivado/mis_pruebas/hil_puerto_serie/vitis/design_1_wrapper/hw/design_1_wrapper.xsa
TRACE::2026-02-05.20:00:05::SCWPlatform::DSA directory C:/TFG_Vivado/mis_pruebas/hil_puerto_serie/vitis/design_1_wrapper/hw
TRACE::2026-02-05.20:00:05::SCWPlatform:: Platform Path C:/TFG_Vivado/mis_pruebas/hil_puerto_serie/vitis/design_1_wrapper/hw/design_1_wrapper.xsa
TRACE::2026-02-05.20:00:05::SCWPlatform:: Unique name xilinx:::0.0
TRACE::2026-02-05.20:00:05::SCWPlatform::Trying to set the existing hwdb with name design_1_wrapper_0
TRACE::2026-02-05.20:00:05::SCWPlatform::Opened existing hwdb design_1_wrapper_0
TRACE::2026-02-05.20:00:05::SCWPlatform::Found the Hw Db part of the input DSA
TRACE::2026-02-05.20:00:05::SCWDomain::checking for install qemu data   : 
TRACE::2026-02-05.20:00:05::SCWDomain:: Using the QEMU Data from install at  : C:/Xilinx/Vitis/2023.1/data/emulation/platforms/zynqmp/sw/a53_standalone/qemu/
TRACE::2026-02-05.20:00:05::SCWDomain:: Using the QEMU args  from install at  : C:/Xilinx/Vitis/2023.1/data/emulation/platforms/zynqmp/sw/a53_standalone/qemu/qemu_args.txt
TRACE::2026-02-05.20:00:05::SCWDomain:: Using the PMUQEMU args from install at  : C:/Xilinx/Vitis/2023.1/data/emulation/platforms/zynqmp/sw/a53_standalone/qemu/pmu_args.txt
TRACE::2026-02-05.20:00:05::SCWPlatform::Trying to open the hw design at C:/TFG_Vivado/mis_pruebas/hil_puerto_serie/vitis/design_1_wrapper/hw/design_1_wrapper.xsa
TRACE::2026-02-05.20:00:05::SCWPlatform::DSA given C:/TFG_Vivado/mis_pruebas/hil_puerto_serie/vitis/design_1_wrapper/hw/design_1_wrapper.xsa
TRACE::2026-02-05.20:00:05::SCWPlatform::DSA absoulate path C:/TFG_Vivado/mis_pruebas/hil_puerto_serie/vitis/design_1_wrapper/hw/design_1_wrapper.xsa
TRACE::2026-02-05.20:00:05::SCWPlatform::DSA directory C:/TFG_Vivado/mis_pruebas/hil_puerto_serie/vitis/design_1_wrapper/hw
TRACE::2026-02-05.20:00:05::SCWPlatform:: Platform Path C:/TFG_Vivado/mis_pruebas/hil_puerto_serie/vitis/design_1_wrapper/hw/design_1_wrapper.xsa
TRACE::2026-02-05.20:00:05::SCWPlatform:: Unique name xilinx:::0.0
TRACE::2026-02-05.20:00:05::SCWPlatform::Trying to set the existing hwdb with name design_1_wrapper_0
TRACE::2026-02-05.20:00:05::SCWPlatform::Opened existing hwdb design_1_wrapper_0
TRACE::2026-02-05.20:00:05::SCWPlatform::Found the Hw Db part of the input DSA
TRACE::2026-02-05.20:00:05::SCWPlatform::Trying to open the hw design at C:/TFG_Vivado/mis_pruebas/hil_puerto_serie/vitis/design_1_wrapper/hw/design_1_wrapper.xsa
TRACE::2026-02-05.20:00:05::SCWPlatform::DSA given C:/TFG_Vivado/mis_pruebas/hil_puerto_serie/vitis/design_1_wrapper/hw/design_1_wrapper.xsa
TRACE::2026-02-05.20:00:05::SCWPlatform::DSA absoulate path C:/TFG_Vivado/mis_pruebas/hil_puerto_serie/vitis/design_1_wrapper/hw/design_1_wrapper.xsa
TRACE::2026-02-05.20:00:05::SCWPlatform::DSA directory C:/TFG_Vivado/mis_pruebas/hil_puerto_serie/vitis/design_1_wrapper/hw
TRACE::2026-02-05.20:00:05::SCWPlatform:: Platform Path C:/TFG_Vivado/mis_pruebas/hil_puerto_serie/vitis/design_1_wrapper/hw/design_1_wrapper.xsa
TRACE::2026-02-05.20:00:05::SCWPlatform:: Unique name xilinx:::0.0
TRACE::2026-02-05.20:00:05::SCWPlatform::Trying to set the existing hwdb with name design_1_wrapper_0
TRACE::2026-02-05.20:00:05::SCWPlatform::Opened existing hwdb design_1_wrapper_0
TRACE::2026-02-05.20:00:05::SCWPlatform::Found the Hw Db part of the input DSA
TRACE::2026-02-05.20:00:05::SCWDomain::Qemu Directory name is changed from "" to "qemu"
TRACE::2026-02-05.20:00:05::SCWPlatform::Trying to open the hw design at C:/TFG_Vivado/mis_pruebas/hil_puerto_serie/vitis/design_1_wrapper/hw/design_1_wrapper.xsa
TRACE::2026-02-05.20:00:05::SCWPlatform::DSA given C:/TFG_Vivado/mis_pruebas/hil_puerto_serie/vitis/design_1_wrapper/hw/design_1_wrapper.xsa
TRACE::2026-02-05.20:00:05::SCWPlatform::DSA absoulate path C:/TFG_Vivado/mis_pruebas/hil_puerto_serie/vitis/design_1_wrapper/hw/design_1_wrapper.xsa
TRACE::2026-02-05.20:00:05::SCWPlatform::DSA directory C:/TFG_Vivado/mis_pruebas/hil_puerto_serie/vitis/design_1_wrapper/hw
TRACE::2026-02-05.20:00:05::SCWPlatform:: Platform Path C:/TFG_Vivado/mis_pruebas/hil_puerto_serie/vitis/design_1_wrapper/hw/design_1_wrapper.xsa
TRACE::2026-02-05.20:00:05::SCWPlatform:: Unique name xilinx:::0.0
TRACE::2026-02-05.20:00:05::SCWPlatform::Trying to set the existing hwdb with name design_1_wrapper_0
TRACE::2026-02-05.20:00:05::SCWPlatform::Opened existing hwdb design_1_wrapper_0
TRACE::2026-02-05.20:00:05::SCWPlatform::Found the Hw Db part of the input DSA
TRACE::2026-02-05.20:00:05::SCWMssOS::Checking the sw design at  C:/TFG_Vivado/mis_pruebas/hil_puerto_serie/vitis/design_1_wrapper/psu_cortexa53_0/standalone_psu_cortexa53_0/bsp/system.mss
TRACE::2026-02-05.20:00:05::SCWMssOS::DEBUG:  swdes dump  C:/TFG_Vivado/mis_pruebas/hil_puerto_serie/vitis/design_1_wrapper/zynqmp_fsbl/zynqmp_fsbl_bsp/system.mss|system||
C:/TFG_Vivado/mis_pruebas/hil_puerto_serie/vitis/design_1_wrapper/zynqmp_pmufw/zynqmp_pmufw_bsp/system.mss|system_0||

TRACE::2026-02-05.20:00:05::SCWMssOS::No sw design opened at  C:/TFG_Vivado/mis_pruebas/hil_puerto_serie/vitis/design_1_wrapper/psu_cortexa53_0/standalone_psu_cortexa53_0/bsp/system.mss
TRACE::2026-02-05.20:00:05::SCWMssOS::mss does not exists at C:/TFG_Vivado/mis_pruebas/hil_puerto_serie/vitis/design_1_wrapper/psu_cortexa53_0/standalone_psu_cortexa53_0/bsp/system.mss
TRACE::2026-02-05.20:00:05::SCWMssOS::Creating sw design at  C:/TFG_Vivado/mis_pruebas/hil_puerto_serie/vitis/design_1_wrapper/psu_cortexa53_0/standalone_psu_cortexa53_0/bsp/system.mss
TRACE::2026-02-05.20:00:05::SCWMssOS::Adding the swdes entry, created swdb C:/TFG_Vivado/mis_pruebas/hil_puerto_serie/vitis/design_1_wrapper/psu_cortexa53_0/standalone_psu_cortexa53_0/bsp/system.mss with des name C:/TFG_Vivado/mis_pruebas/hil_puerto_serie/vitis/design_1_wrapper/psu_cortexa53_0/standalone_psu_cortexa53_0/bsp/system.mss
TRACE::2026-02-05.20:00:05::SCWMssOS::updating the scw layer changes to swdes at   C:/TFG_Vivado/mis_pruebas/hil_puerto_serie/vitis/design_1_wrapper/psu_cortexa53_0/standalone_psu_cortexa53_0/bsp/system.mss
TRACE::2026-02-05.20:00:05::SCWMssOS::Writing mss at C:/TFG_Vivado/mis_pruebas/hil_puerto_serie/vitis/design_1_wrapper/psu_cortexa53_0/standalone_psu_cortexa53_0/bsp/system.mss
TRACE::2026-02-05.20:00:05::SCWMssOS::Completed writing the mss file at C:/TFG_Vivado/mis_pruebas/hil_puerto_serie/vitis/design_1_wrapper/psu_cortexa53_0/standalone_psu_cortexa53_0/bsp
TRACE::2026-02-05.20:00:05::SCWMssOS::Picking up changes from newly written mss file into SCW Layer. 
TRACE::2026-02-05.20:00:05::SCWMssOS::Updated the changes from newly written mss file into SCW Layer. 
TRACE::2026-02-05.20:00:05::SCWMssOS::Completed writing the mss file at C:/TFG_Vivado/mis_pruebas/hil_puerto_serie/vitis/design_1_wrapper/psu_cortexa53_0/standalone_psu_cortexa53_0/bsp
TRACE::2026-02-05.20:00:05::SCWMssOS::Forcing BSP Sources regeneration.
TRACE::2026-02-05.20:00:08::SCWMssOS::Saving the mss changes C:/TFG_Vivado/mis_pruebas/hil_puerto_serie/vitis/design_1_wrapper/zynqmp_fsbl/zynqmp_fsbl_bsp/system.mss
TRACE::2026-02-05.20:00:08::SCWMssOS::Found a swdesign opened with the mssfile.
TRACE::2026-02-05.20:00:08::SCWMssOS::Completed writemss as part of save.
TRACE::2026-02-05.20:00:08::SCWMssOS::Commit changes completed.
TRACE::2026-02-05.20:00:08::SCWMssOS::Saving the mss changes C:/TFG_Vivado/mis_pruebas/hil_puerto_serie/vitis/design_1_wrapper/zynqmp_pmufw/zynqmp_pmufw_bsp/system.mss
TRACE::2026-02-05.20:00:08::SCWMssOS::Found a swdesign opened with the mssfile.
TRACE::2026-02-05.20:00:08::SCWMssOS::Completed writemss as part of save.
TRACE::2026-02-05.20:00:08::SCWMssOS::Commit changes completed.
TRACE::2026-02-05.20:00:08::SCWMssOS::Saving the mss changes C:/TFG_Vivado/mis_pruebas/hil_puerto_serie/vitis/design_1_wrapper/psu_cortexa53_0/standalone_psu_cortexa53_0/bsp/system.mss
TRACE::2026-02-05.20:00:08::SCWMssOS::Adding the swdes entry, mss present, able to open swdb C:/TFG_Vivado/mis_pruebas/hil_puerto_serie/vitis/design_1_wrapper/psu_cortexa53_0/standalone_psu_cortexa53_0/bsp/system.mss with des name system_1
TRACE::2026-02-05.20:00:08::SCWMssOS::Writing the mss file completed C:/TFG_Vivado/mis_pruebas/hil_puerto_serie/vitis/design_1_wrapper/psu_cortexa53_0/standalone_psu_cortexa53_0/bsp/system.mss
TRACE::2026-02-05.20:00:08::SCWMssOS::Commit changes completed.
TRACE::2026-02-05.20:00:08::SCWPlatform::Trying to open the hw design at C:/TFG_Vivado/mis_pruebas/hil_puerto_serie/vitis/design_1_wrapper/hw/design_1_wrapper.xsa
TRACE::2026-02-05.20:00:08::SCWPlatform::DSA given C:/TFG_Vivado/mis_pruebas/hil_puerto_serie/vitis/design_1_wrapper/hw/design_1_wrapper.xsa
TRACE::2026-02-05.20:00:08::SCWPlatform::DSA absoulate path C:/TFG_Vivado/mis_pruebas/hil_puerto_serie/vitis/design_1_wrapper/hw/design_1_wrapper.xsa
TRACE::2026-02-05.20:00:08::SCWPlatform::DSA directory C:/TFG_Vivado/mis_pruebas/hil_puerto_serie/vitis/design_1_wrapper/hw
TRACE::2026-02-05.20:00:08::SCWPlatform:: Platform Path C:/TFG_Vivado/mis_pruebas/hil_puerto_serie/vitis/design_1_wrapper/hw/design_1_wrapper.xsa
TRACE::2026-02-05.20:00:08::SCWPlatform:: Unique name xilinx:::0.0
TRACE::2026-02-05.20:00:08::SCWPlatform::Trying to set the existing hwdb with name design_1_wrapper_0
TRACE::2026-02-05.20:00:08::SCWPlatform::Opened existing hwdb design_1_wrapper_0
TRACE::2026-02-05.20:00:08::SCWPlatform::Found the Hw Db part of the input DSA
TRACE::2026-02-05.20:00:08::SCWMssOS::Checking the sw design at  C:/TFG_Vivado/mis_pruebas/hil_puerto_serie/vitis/design_1_wrapper/zynqmp_fsbl/zynqmp_fsbl_bsp/system.mss
TRACE::2026-02-05.20:00:08::SCWMssOS::DEBUG:  swdes dump  C:/TFG_Vivado/mis_pruebas/hil_puerto_serie/vitis/design_1_wrapper/psu_cortexa53_0/standalone_psu_cortexa53_0/bsp/system.mss|system_1||
C:/TFG_Vivado/mis_pruebas/hil_puerto_serie/vitis/design_1_wrapper/zynqmp_fsbl/zynqmp_fsbl_bsp/system.mss|system||
C:/TFG_Vivado/mis_pruebas/hil_puerto_serie/vitis/design_1_wrapper/zynqmp_pmufw/zynqmp_pmufw_bsp/system.mss|system_0||

TRACE::2026-02-05.20:00:08::SCWMssOS::Sw design exists and opened at  C:/TFG_Vivado/mis_pruebas/hil_puerto_serie/vitis/design_1_wrapper/zynqmp_fsbl/zynqmp_fsbl_bsp/system.mss
TRACE::2026-02-05.20:00:08::SCWPlatform::Trying to open the hw design at C:/TFG_Vivado/mis_pruebas/hil_puerto_serie/vitis/design_1_wrapper/hw/design_1_wrapper.xsa
TRACE::2026-02-05.20:00:08::SCWPlatform::DSA given C:/TFG_Vivado/mis_pruebas/hil_puerto_serie/vitis/design_1_wrapper/hw/design_1_wrapper.xsa
TRACE::2026-02-05.20:00:08::SCWPlatform::DSA absoulate path C:/TFG_Vivado/mis_pruebas/hil_puerto_serie/vitis/design_1_wrapper/hw/design_1_wrapper.xsa
TRACE::2026-02-05.20:00:08::SCWPlatform::DSA directory C:/TFG_Vivado/mis_pruebas/hil_puerto_serie/vitis/design_1_wrapper/hw
TRACE::2026-02-05.20:00:08::SCWPlatform:: Platform Path C:/TFG_Vivado/mis_pruebas/hil_puerto_serie/vitis/design_1_wrapper/hw/design_1_wrapper.xsa
TRACE::2026-02-05.20:00:08::SCWPlatform:: Unique name xilinx:::0.0
TRACE::2026-02-05.20:00:08::SCWPlatform::Trying to set the existing hwdb with name design_1_wrapper_0
TRACE::2026-02-05.20:00:08::SCWPlatform::Opened existing hwdb design_1_wrapper_0
TRACE::2026-02-05.20:00:08::SCWPlatform::Found the Hw Db part of the input DSA
TRACE::2026-02-05.20:00:08::SCWMssOS::Checking the sw design at  C:/TFG_Vivado/mis_pruebas/hil_puerto_serie/vitis/design_1_wrapper/zynqmp_fsbl/zynqmp_fsbl_bsp/system.mss
TRACE::2026-02-05.20:00:08::SCWMssOS::DEBUG:  swdes dump  C:/TFG_Vivado/mis_pruebas/hil_puerto_serie/vitis/design_1_wrapper/psu_cortexa53_0/standalone_psu_cortexa53_0/bsp/system.mss|system_1||
C:/TFG_Vivado/mis_pruebas/hil_puerto_serie/vitis/design_1_wrapper/zynqmp_fsbl/zynqmp_fsbl_bsp/system.mss|system||
C:/TFG_Vivado/mis_pruebas/hil_puerto_serie/vitis/design_1_wrapper/zynqmp_pmufw/zynqmp_pmufw_bsp/system.mss|system_0||

TRACE::2026-02-05.20:00:08::SCWMssOS::Sw design exists and opened at  C:/TFG_Vivado/mis_pruebas/hil_puerto_serie/vitis/design_1_wrapper/zynqmp_fsbl/zynqmp_fsbl_bsp/system.mss
TRACE::2026-02-05.20:00:08::SCWPlatform::Trying to open the hw design at C:/TFG_Vivado/mis_pruebas/hil_puerto_serie/vitis/design_1_wrapper/hw/design_1_wrapper.xsa
TRACE::2026-02-05.20:00:08::SCWPlatform::DSA given C:/TFG_Vivado/mis_pruebas/hil_puerto_serie/vitis/design_1_wrapper/hw/design_1_wrapper.xsa
TRACE::2026-02-05.20:00:08::SCWPlatform::DSA absoulate path C:/TFG_Vivado/mis_pruebas/hil_puerto_serie/vitis/design_1_wrapper/hw/design_1_wrapper.xsa
TRACE::2026-02-05.20:00:08::SCWPlatform::DSA directory C:/TFG_Vivado/mis_pruebas/hil_puerto_serie/vitis/design_1_wrapper/hw
TRACE::2026-02-05.20:00:08::SCWPlatform:: Platform Path C:/TFG_Vivado/mis_pruebas/hil_puerto_serie/vitis/design_1_wrapper/hw/design_1_wrapper.xsa
TRACE::2026-02-05.20:00:08::SCWPlatform:: Unique name xilinx:::0.0
TRACE::2026-02-05.20:00:08::SCWPlatform::Trying to set the existing hwdb with name design_1_wrapper_0
TRACE::2026-02-05.20:00:08::SCWPlatform::Opened existing hwdb design_1_wrapper_0
TRACE::2026-02-05.20:00:08::SCWPlatform::Found the Hw Db part of the input DSA
TRACE::2026-02-05.20:00:08::SCWMssOS::Checking the sw design at  C:/TFG_Vivado/mis_pruebas/hil_puerto_serie/vitis/design_1_wrapper/zynqmp_fsbl/zynqmp_fsbl_bsp/system.mss
TRACE::2026-02-05.20:00:08::SCWMssOS::DEBUG:  swdes dump  C:/TFG_Vivado/mis_pruebas/hil_puerto_serie/vitis/design_1_wrapper/psu_cortexa53_0/standalone_psu_cortexa53_0/bsp/system.mss|system_1||
C:/TFG_Vivado/mis_pruebas/hil_puerto_serie/vitis/design_1_wrapper/zynqmp_fsbl/zynqmp_fsbl_bsp/system.mss|system||
C:/TFG_Vivado/mis_pruebas/hil_puerto_serie/vitis/design_1_wrapper/zynqmp_pmufw/zynqmp_pmufw_bsp/system.mss|system_0||

TRACE::2026-02-05.20:00:08::SCWMssOS::Sw design exists and opened at  C:/TFG_Vivado/mis_pruebas/hil_puerto_serie/vitis/design_1_wrapper/zynqmp_fsbl/zynqmp_fsbl_bsp/system.mss
TRACE::2026-02-05.20:00:08::SCWPlatform::Trying to open the hw design at C:/TFG_Vivado/mis_pruebas/hil_puerto_serie/vitis/design_1_wrapper/hw/design_1_wrapper.xsa
TRACE::2026-02-05.20:00:08::SCWPlatform::DSA given C:/TFG_Vivado/mis_pruebas/hil_puerto_serie/vitis/design_1_wrapper/hw/design_1_wrapper.xsa
TRACE::2026-02-05.20:00:08::SCWPlatform::DSA absoulate path C:/TFG_Vivado/mis_pruebas/hil_puerto_serie/vitis/design_1_wrapper/hw/design_1_wrapper.xsa
TRACE::2026-02-05.20:00:08::SCWPlatform::DSA directory C:/TFG_Vivado/mis_pruebas/hil_puerto_serie/vitis/design_1_wrapper/hw
TRACE::2026-02-05.20:00:08::SCWPlatform:: Platform Path C:/TFG_Vivado/mis_pruebas/hil_puerto_serie/vitis/design_1_wrapper/hw/design_1_wrapper.xsa
TRACE::2026-02-05.20:00:08::SCWPlatform:: Unique name xilinx:::0.0
TRACE::2026-02-05.20:00:08::SCWPlatform::Trying to set the existing hwdb with name design_1_wrapper_0
TRACE::2026-02-05.20:00:08::SCWPlatform::Opened existing hwdb design_1_wrapper_0
TRACE::2026-02-05.20:00:08::SCWPlatform::Found the Hw Db part of the input DSA
TRACE::2026-02-05.20:00:08::SCWMssOS::Checking the sw design at  C:/TFG_Vivado/mis_pruebas/hil_puerto_serie/vitis/design_1_wrapper/zynqmp_pmufw/zynqmp_pmufw_bsp/system.mss
TRACE::2026-02-05.20:00:08::SCWMssOS::DEBUG:  swdes dump  C:/TFG_Vivado/mis_pruebas/hil_puerto_serie/vitis/design_1_wrapper/psu_cortexa53_0/standalone_psu_cortexa53_0/bsp/system.mss|system_1||
C:/TFG_Vivado/mis_pruebas/hil_puerto_serie/vitis/design_1_wrapper/zynqmp_fsbl/zynqmp_fsbl_bsp/system.mss|system||
C:/TFG_Vivado/mis_pruebas/hil_puerto_serie/vitis/design_1_wrapper/zynqmp_pmufw/zynqmp_pmufw_bsp/system.mss|system_0||

TRACE::2026-02-05.20:00:08::SCWMssOS::Sw design exists and opened at  C:/TFG_Vivado/mis_pruebas/hil_puerto_serie/vitis/design_1_wrapper/zynqmp_pmufw/zynqmp_pmufw_bsp/system.mss
TRACE::2026-02-05.20:00:08::SCWPlatform::Trying to open the hw design at C:/TFG_Vivado/mis_pruebas/hil_puerto_serie/vitis/design_1_wrapper/hw/design_1_wrapper.xsa
TRACE::2026-02-05.20:00:08::SCWPlatform::DSA given C:/TFG_Vivado/mis_pruebas/hil_puerto_serie/vitis/design_1_wrapper/hw/design_1_wrapper.xsa
TRACE::2026-02-05.20:00:08::SCWPlatform::DSA absoulate path C:/TFG_Vivado/mis_pruebas/hil_puerto_serie/vitis/design_1_wrapper/hw/design_1_wrapper.xsa
TRACE::2026-02-05.20:00:08::SCWPlatform::DSA directory C:/TFG_Vivado/mis_pruebas/hil_puerto_serie/vitis/design_1_wrapper/hw
TRACE::2026-02-05.20:00:08::SCWPlatform:: Platform Path C:/TFG_Vivado/mis_pruebas/hil_puerto_serie/vitis/design_1_wrapper/hw/design_1_wrapper.xsa
TRACE::2026-02-05.20:00:08::SCWPlatform:: Unique name xilinx:::0.0
TRACE::2026-02-05.20:00:08::SCWPlatform::Trying to set the existing hwdb with name design_1_wrapper_0
TRACE::2026-02-05.20:00:08::SCWPlatform::Opened existing hwdb design_1_wrapper_0
TRACE::2026-02-05.20:00:08::SCWPlatform::Found the Hw Db part of the input DSA
TRACE::2026-02-05.20:00:08::SCWMssOS::Checking the sw design at  C:/TFG_Vivado/mis_pruebas/hil_puerto_serie/vitis/design_1_wrapper/zynqmp_pmufw/zynqmp_pmufw_bsp/system.mss
TRACE::2026-02-05.20:00:08::SCWMssOS::DEBUG:  swdes dump  C:/TFG_Vivado/mis_pruebas/hil_puerto_serie/vitis/design_1_wrapper/psu_cortexa53_0/standalone_psu_cortexa53_0/bsp/system.mss|system_1||
C:/TFG_Vivado/mis_pruebas/hil_puerto_serie/vitis/design_1_wrapper/zynqmp_fsbl/zynqmp_fsbl_bsp/system.mss|system||
C:/TFG_Vivado/mis_pruebas/hil_puerto_serie/vitis/design_1_wrapper/zynqmp_pmufw/zynqmp_pmufw_bsp/system.mss|system_0||

TRACE::2026-02-05.20:00:08::SCWMssOS::Sw design exists and opened at  C:/TFG_Vivado/mis_pruebas/hil_puerto_serie/vitis/design_1_wrapper/zynqmp_pmufw/zynqmp_pmufw_bsp/system.mss
TRACE::2026-02-05.20:00:08::SCWPlatform::Trying to open the hw design at C:/TFG_Vivado/mis_pruebas/hil_puerto_serie/vitis/design_1_wrapper/hw/design_1_wrapper.xsa
TRACE::2026-02-05.20:00:08::SCWPlatform::DSA given C:/TFG_Vivado/mis_pruebas/hil_puerto_serie/vitis/design_1_wrapper/hw/design_1_wrapper.xsa
TRACE::2026-02-05.20:00:08::SCWPlatform::DSA absoulate path C:/TFG_Vivado/mis_pruebas/hil_puerto_serie/vitis/design_1_wrapper/hw/design_1_wrapper.xsa
TRACE::2026-02-05.20:00:08::SCWPlatform::DSA directory C:/TFG_Vivado/mis_pruebas/hil_puerto_serie/vitis/design_1_wrapper/hw
TRACE::2026-02-05.20:00:08::SCWPlatform:: Platform Path C:/TFG_Vivado/mis_pruebas/hil_puerto_serie/vitis/design_1_wrapper/hw/design_1_wrapper.xsa
TRACE::2026-02-05.20:00:08::SCWPlatform:: Unique name xilinx:::0.0
TRACE::2026-02-05.20:00:08::SCWPlatform::Trying to set the existing hwdb with name design_1_wrapper_0
TRACE::2026-02-05.20:00:08::SCWPlatform::Opened existing hwdb design_1_wrapper_0
TRACE::2026-02-05.20:00:08::SCWPlatform::Found the Hw Db part of the input DSA
TRACE::2026-02-05.20:00:08::SCWMssOS::Checking the sw design at  C:/TFG_Vivado/mis_pruebas/hil_puerto_serie/vitis/design_1_wrapper/zynqmp_pmufw/zynqmp_pmufw_bsp/system.mss
TRACE::2026-02-05.20:00:08::SCWMssOS::DEBUG:  swdes dump  C:/TFG_Vivado/mis_pruebas/hil_puerto_serie/vitis/design_1_wrapper/psu_cortexa53_0/standalone_psu_cortexa53_0/bsp/system.mss|system_1||
C:/TFG_Vivado/mis_pruebas/hil_puerto_serie/vitis/design_1_wrapper/zynqmp_fsbl/zynqmp_fsbl_bsp/system.mss|system||
C:/TFG_Vivado/mis_pruebas/hil_puerto_serie/vitis/design_1_wrapper/zynqmp_pmufw/zynqmp_pmufw_bsp/system.mss|system_0||

TRACE::2026-02-05.20:00:08::SCWMssOS::Sw design exists and opened at  C:/TFG_Vivado/mis_pruebas/hil_puerto_serie/vitis/design_1_wrapper/zynqmp_pmufw/zynqmp_pmufw_bsp/system.mss
TRACE::2026-02-05.20:00:08::SCWPlatform::Trying to open the hw design at C:/TFG_Vivado/mis_pruebas/hil_puerto_serie/vitis/design_1_wrapper/hw/design_1_wrapper.xsa
TRACE::2026-02-05.20:00:08::SCWPlatform::DSA given C:/TFG_Vivado/mis_pruebas/hil_puerto_serie/vitis/design_1_wrapper/hw/design_1_wrapper.xsa
TRACE::2026-02-05.20:00:08::SCWPlatform::DSA absoulate path C:/TFG_Vivado/mis_pruebas/hil_puerto_serie/vitis/design_1_wrapper/hw/design_1_wrapper.xsa
TRACE::2026-02-05.20:00:08::SCWPlatform::DSA directory C:/TFG_Vivado/mis_pruebas/hil_puerto_serie/vitis/design_1_wrapper/hw
TRACE::2026-02-05.20:00:08::SCWPlatform:: Platform Path C:/TFG_Vivado/mis_pruebas/hil_puerto_serie/vitis/design_1_wrapper/hw/design_1_wrapper.xsa
TRACE::2026-02-05.20:00:08::SCWPlatform:: Unique name xilinx:::0.0
TRACE::2026-02-05.20:00:08::SCWPlatform::Trying to set the existing hwdb with name design_1_wrapper_0
TRACE::2026-02-05.20:00:08::SCWPlatform::Opened existing hwdb design_1_wrapper_0
TRACE::2026-02-05.20:00:08::SCWPlatform::Found the Hw Db part of the input DSA
TRACE::2026-02-05.20:00:08::SCWMssOS::Checking the sw design at  C:/TFG_Vivado/mis_pruebas/hil_puerto_serie/vitis/design_1_wrapper/psu_cortexa53_0/standalone_psu_cortexa53_0/bsp/system.mss
TRACE::2026-02-05.20:00:08::SCWMssOS::DEBUG:  swdes dump  C:/TFG_Vivado/mis_pruebas/hil_puerto_serie/vitis/design_1_wrapper/psu_cortexa53_0/standalone_psu_cortexa53_0/bsp/system.mss|system_1||
C:/TFG_Vivado/mis_pruebas/hil_puerto_serie/vitis/design_1_wrapper/zynqmp_fsbl/zynqmp_fsbl_bsp/system.mss|system||
C:/TFG_Vivado/mis_pruebas/hil_puerto_serie/vitis/design_1_wrapper/zynqmp_pmufw/zynqmp_pmufw_bsp/system.mss|system_0||

TRACE::2026-02-05.20:00:08::SCWMssOS::Sw design exists and opened at  C:/TFG_Vivado/mis_pruebas/hil_puerto_serie/vitis/design_1_wrapper/psu_cortexa53_0/standalone_psu_cortexa53_0/bsp/system.mss
TRACE::2026-02-05.20:00:08::SCWPlatform::Trying to open the hw design at C:/TFG_Vivado/mis_pruebas/hil_puerto_serie/vitis/design_1_wrapper/hw/design_1_wrapper.xsa
TRACE::2026-02-05.20:00:08::SCWPlatform::DSA given C:/TFG_Vivado/mis_pruebas/hil_puerto_serie/vitis/design_1_wrapper/hw/design_1_wrapper.xsa
TRACE::2026-02-05.20:00:08::SCWPlatform::DSA absoulate path C:/TFG_Vivado/mis_pruebas/hil_puerto_serie/vitis/design_1_wrapper/hw/design_1_wrapper.xsa
TRACE::2026-02-05.20:00:08::SCWPlatform::DSA directory C:/TFG_Vivado/mis_pruebas/hil_puerto_serie/vitis/design_1_wrapper/hw
TRACE::2026-02-05.20:00:08::SCWPlatform:: Platform Path C:/TFG_Vivado/mis_pruebas/hil_puerto_serie/vitis/design_1_wrapper/hw/design_1_wrapper.xsa
TRACE::2026-02-05.20:00:08::SCWPlatform:: Unique name xilinx:::0.0
TRACE::2026-02-05.20:00:08::SCWPlatform::Trying to set the existing hwdb with name design_1_wrapper_0
TRACE::2026-02-05.20:00:08::SCWPlatform::Opened existing hwdb design_1_wrapper_0
TRACE::2026-02-05.20:00:08::SCWPlatform::Found the Hw Db part of the input DSA
TRACE::2026-02-05.20:00:08::SCWMssOS::Checking the sw design at  C:/TFG_Vivado/mis_pruebas/hil_puerto_serie/vitis/design_1_wrapper/psu_cortexa53_0/standalone_psu_cortexa53_0/bsp/system.mss
TRACE::2026-02-05.20:00:08::SCWMssOS::DEBUG:  swdes dump  C:/TFG_Vivado/mis_pruebas/hil_puerto_serie/vitis/design_1_wrapper/psu_cortexa53_0/standalone_psu_cortexa53_0/bsp/system.mss|system_1||
C:/TFG_Vivado/mis_pruebas/hil_puerto_serie/vitis/design_1_wrapper/zynqmp_fsbl/zynqmp_fsbl_bsp/system.mss|system||
C:/TFG_Vivado/mis_pruebas/hil_puerto_serie/vitis/design_1_wrapper/zynqmp_pmufw/zynqmp_pmufw_bsp/system.mss|system_0||

TRACE::2026-02-05.20:00:08::SCWMssOS::Sw design exists and opened at  C:/TFG_Vivado/mis_pruebas/hil_puerto_serie/vitis/design_1_wrapper/psu_cortexa53_0/standalone_psu_cortexa53_0/bsp/system.mss
TRACE::2026-02-05.20:00:08::SCWPlatform::Trying to open the hw design at C:/TFG_Vivado/mis_pruebas/hil_puerto_serie/vitis/design_1_wrapper/hw/design_1_wrapper.xsa
TRACE::2026-02-05.20:00:08::SCWPlatform::DSA given C:/TFG_Vivado/mis_pruebas/hil_puerto_serie/vitis/design_1_wrapper/hw/design_1_wrapper.xsa
TRACE::2026-02-05.20:00:08::SCWPlatform::DSA absoulate path C:/TFG_Vivado/mis_pruebas/hil_puerto_serie/vitis/design_1_wrapper/hw/design_1_wrapper.xsa
TRACE::2026-02-05.20:00:08::SCWPlatform::DSA directory C:/TFG_Vivado/mis_pruebas/hil_puerto_serie/vitis/design_1_wrapper/hw
TRACE::2026-02-05.20:00:08::SCWPlatform:: Platform Path C:/TFG_Vivado/mis_pruebas/hil_puerto_serie/vitis/design_1_wrapper/hw/design_1_wrapper.xsa
TRACE::2026-02-05.20:00:08::SCWPlatform:: Unique name xilinx:::0.0
TRACE::2026-02-05.20:00:08::SCWPlatform::Trying to set the existing hwdb with name design_1_wrapper_0
TRACE::2026-02-05.20:00:08::SCWPlatform::Opened existing hwdb design_1_wrapper_0
TRACE::2026-02-05.20:00:08::SCWPlatform::Found the Hw Db part of the input DSA
TRACE::2026-02-05.20:00:08::SCWMssOS::Checking the sw design at  C:/TFG_Vivado/mis_pruebas/hil_puerto_serie/vitis/design_1_wrapper/psu_cortexa53_0/standalone_psu_cortexa53_0/bsp/system.mss
TRACE::2026-02-05.20:00:08::SCWMssOS::DEBUG:  swdes dump  C:/TFG_Vivado/mis_pruebas/hil_puerto_serie/vitis/design_1_wrapper/psu_cortexa53_0/standalone_psu_cortexa53_0/bsp/system.mss|system_1||
C:/TFG_Vivado/mis_pruebas/hil_puerto_serie/vitis/design_1_wrapper/zynqmp_fsbl/zynqmp_fsbl_bsp/system.mss|system||
C:/TFG_Vivado/mis_pruebas/hil_puerto_serie/vitis/design_1_wrapper/zynqmp_pmufw/zynqmp_pmufw_bsp/system.mss|system_0||

TRACE::2026-02-05.20:00:08::SCWMssOS::Sw design exists and opened at  C:/TFG_Vivado/mis_pruebas/hil_puerto_serie/vitis/design_1_wrapper/psu_cortexa53_0/standalone_psu_cortexa53_0/bsp/system.mss
TRACE::2026-02-05.20:00:08::SCWWriter::formatted JSON is {
	"platformName":	"design_1_wrapper",
	"sprVersion":	"2.0",
	"mode":	"gui",
	"dsaType":	"Fixed",
	"platformDesc":	"design_1_wrapper",
	"platHandOff":	"<platformDir>.xsa",
	"platIntHandOff":	"<platformDir>/hw/design_1_wrapper.xsa",
	"deviceType":	"zynqMP",
	"platIsPrebuiltAutogen":	"false",
	"platIsNoBootBsp":	"false",
	"platFsblTarget":	"psu_cortexa53_0",
	"hasFsblMakeHasChanges":	"false",
	"hasPmufwMakeHasChanges":	"false",
	"fsblExtraCompilerFlags":	"-MMD -MP      -Wall -fmessage-length=0 -DARMA53_64 -Os -flto -ffat-lto-objects  ",
	"pmufwExtraCompilerFlags":	"-MMD -MP      -mlittle-endian -mxl-barrel-shift -mxl-pattern-compare -mcpu=v9.2 -mxl-soft-mul -Os -flto -ffat-lto-objects  ",
	"platPreBuiltFlag":	false,
	"platformSamplesDir":	"",
	"platActiveSys":	"design_1_wrapper",
	"systems":	[{
			"systemName":	"design_1_wrapper",
			"systemDesc":	"design_1_wrapper",
			"sysIsBootAutoGen":	"true",
			"systemDispName":	"design_1_wrapper",
			"sysActiveDom":	"standalone_psu_cortexa53_0",
			"sysDefaultDom":	"standalone_psu_cortexa53_0",
			"domains":	[{
					"domainName":	"zynqmp_fsbl",
					"domainDispName":	"zynqmp_fsbl",
					"domainDesc":	"FSBL Application BSP - Auto Generated.",
					"processors":	"psu_cortexa53_0",
					"os":	"standalone",
					"sdxOs":	"standalone",
					"debugEnable":	"",
					"domRuntimes":	["cpp"],
					"swRepo":	"",
					"mssOsVer":	"8.1",
					"mssFile":	"",
					"md5Digest":	"50ffef4a883d3ea676765d60b786a6e4",
					"compatibleApp":	"zynqmp_fsbl",
					"domType":	"bootDomain",
					"arch":	"64-bit",
					"appSettings":	{
						"appCompilerFlags":	"",
						"appLinkerFlags":	""
					},
					"addedLibs":	["xilffs:5.0", "xilsecure:5.1", "xilpm:5.0"],
					"libOptions":	{
						"standalone":	{
							"zynqmp_fsbl_bsp":	"true",
							"libOptionNames":	["zynqmp_fsbl_bsp"]
						},
						"xilffs":	{
							"read_only":	"true",
							"use_mkfs":	"false",
							"libOptionNames":	["read_only", "use_mkfs"]
						},
						"xilsecure":	{
							"tpm_support":	"true",
							"libOptionNames":	["tpm_support"]
						},
						"libsContainingOptions":	["standalone", "xilffs", "xilsecure"]
					},
					"prebuiltLibs":	{
						"prebuiltIncPath":	[],
						"prebuiltLibPath":	[]
					},
					"isolation":	{
					}
				}, {
					"domainName":	"zynqmp_pmufw",
					"domainDispName":	"zynqmp_pmufw",
					"domainDesc":	"PMUFW Application BSP - Auto Generated.",
					"processors":	"psu_pmu_0",
					"os":	"standalone",
					"sdxOs":	"standalone",
					"debugEnable":	"",
					"domRuntimes":	["cpp"],
					"swRepo":	"",
					"mssOsVer":	"8.1",
					"mssFile":	"",
					"md5Digest":	"f53f944c509d63eeaedc429f0d902726",
					"compatibleApp":	"zynqmp_pmufw",
					"domType":	"bootDomain",
					"arch":	"32-bit",
					"appSettings":	{
						"appCompilerFlags":	"",
						"appLinkerFlags":	""
					},
					"addedLibs":	["xilfpga:6.4", "xilsecure:5.1", "xilskey:7.4"],
					"libOptions":	{
						"psu_pmu_0":	{
							"extra_compiler_flags":	"-g -ffunction-sections -fdata-sections -Wall -Wextra -fno-tree-loop-distribute-patterns  -Os -flto -ffat-lto-objects",
							"libOptionNames":	["extra_compiler_flags"]
						},
						"libsContainingOptions":	["psu_pmu_0"]
					},
					"prebuiltLibs":	{
						"prebuiltIncPath":	[],
						"prebuiltLibPath":	[]
					},
					"isolation":	{
					}
				}, {
					"domainName":	"standalone_psu_cortexa53_0",
					"domainDispName":	"standalone_psu_cortexa53_0",
					"domainDesc":	"standalone_psu_cortexa53_0",
					"processors":	"psu_cortexa53_0",
					"os":	"standalone",
					"sdxOs":	"standalone",
					"qemuArgs":	"<platformDir>/resources/design_1_wrapper/standalone_psu_cortexa53_0/qemu_args.txt",
					"qemuData":	"<platformDir>/resources/design_1_wrapper/standalone_psu_cortexa53_0/qemu",
					"pmuQemuArgs":	"<platformDir>/resources/design_1_wrapper/standalone_psu_cortexa53_0/pmu_args.txt",
					"debugEnable":	"False",
					"domRuntimes":	["cpp"],
					"swRepo":	"",
					"mssOsVer":	"8.1",
					"mssFile":	"",
					"md5Digest":	"7824a2544f94f615c7699fb2e7b9fe4e",
					"compatibleApp":	"hello_world",
					"domType":	"mssDomain",
					"arch":	"64-bit",
					"appSettings":	{
						"appCompilerFlags":	"",
						"appLinkerFlags":	""
					},
					"addedLibs":	[],
					"libOptions":	{
						"libsContainingOptions":	[]
					},
					"prebuiltLibs":	{
						"prebuiltIncPath":	[],
						"prebuiltLibPath":	[]
					},
					"isolation":	{
					}
				}]
		}]
}
LOG::2026-02-05.20:00:08::SCWPlatform::Started generating the artifacts platform design_1_wrapper
TRACE::2026-02-05.20:00:08::SCWPlatform::Sanity checking of platform is completed
LOG::2026-02-05.20:00:08::SCWPlatform::Started generating the artifacts for system configuration design_1_wrapper
LOG::2026-02-05.20:00:08::SCWSystem::Checking the domain zynqmp_fsbl
LOG::2026-02-05.20:00:08::SCWSystem::Doing application build for :  zynqmp_fsbl
TRACE::2026-02-05.20:00:08::SCWBDomain::Not a forced makefile updation, No changes are present. 
TRACE::2026-02-05.20:00:08::SCWDomain::Skipping the build for domain :  zynqmp_fsbl
LOG::2026-02-05.20:00:08::SCWSystem::Checking the domain zynqmp_pmufw
LOG::2026-02-05.20:00:08::SCWSystem::Doing application build for :  zynqmp_pmufw
TRACE::2026-02-05.20:00:08::SCWBDomain::Not a forced makefile updation, No changes are present. 
TRACE::2026-02-05.20:00:08::SCWDomain::Skipping the build for domain :  zynqmp_pmufw
LOG::2026-02-05.20:00:08::SCWSystem::Checking the domain standalone_psu_cortexa53_0
LOG::2026-02-05.20:00:08::SCWSystem::Not a boot domain 
LOG::2026-02-05.20:00:08::SCWSystem::Started Processing the domain standalone_psu_cortexa53_0
TRACE::2026-02-05.20:00:08::SCWDomain::Generating domain artifcats
TRACE::2026-02-05.20:00:08::SCWMssOS::Generating standalone artifcats
TRACE::2026-02-05.20:00:08::SCWMssOS::Copying the qemu file from  C:/TFG_Vivado/mis_pruebas/hil_puerto_serie/vitis/design_1_wrapper/resources/design_1_wrapper/standalone_psu_cortexa53_0/qemu_args.txt To C:/TFG_Vivado/mis_pruebas/hil_puerto_serie/vitis/design_1_wrapper/export/design_1_wrapper/sw/design_1_wrapper/qemu/
TRACE::2026-02-05.20:00:08::SCWMssOS::Copying the qemu file from  C:/TFG_Vivado/mis_pruebas/hil_puerto_serie/vitis/design_1_wrapper/resources/design_1_wrapper/standalone_psu_cortexa53_0/qemu_args.txt To C:/TFG_Vivado/mis_pruebas/hil_puerto_serie/vitis/design_1_wrapper/export/design_1_wrapper/sw/design_1_wrapper/qemu/
TRACE::2026-02-05.20:00:08::SCWMssOS::Copying the qemu file from  C:/TFG_Vivado/mis_pruebas/hil_puerto_serie/vitis/design_1_wrapper/resources/design_1_wrapper/standalone_psu_cortexa53_0/qemu_args.txt To C:/TFG_Vivado/mis_pruebas/hil_puerto_serie/vitis/design_1_wrapper/export/design_1_wrapper/sw/design_1_wrapper/standalone_psu_cortexa53_0/qemu/
TRACE::2026-02-05.20:00:08::SCWMssOS::Copying the qemu file from  C:/TFG_Vivado/mis_pruebas/hil_puerto_serie/vitis/design_1_wrapper/resources/design_1_wrapper/standalone_psu_cortexa53_0/qemu_args.txt To C:/TFG_Vivado/mis_pruebas/hil_puerto_serie/vitis/design_1_wrapper/export/design_1_wrapper/sw/design_1_wrapper/standalone_psu_cortexa53_0/qemu/
TRACE::2026-02-05.20:00:08::SCWMssOS:: Copying the user libraries. 
TRACE::2026-02-05.20:00:08::SCWPlatform::Trying to open the hw design at C:/TFG_Vivado/mis_pruebas/hil_puerto_serie/vitis/design_1_wrapper/hw/design_1_wrapper.xsa
TRACE::2026-02-05.20:00:08::SCWPlatform::DSA given C:/TFG_Vivado/mis_pruebas/hil_puerto_serie/vitis/design_1_wrapper/hw/design_1_wrapper.xsa
TRACE::2026-02-05.20:00:08::SCWPlatform::DSA absoulate path C:/TFG_Vivado/mis_pruebas/hil_puerto_serie/vitis/design_1_wrapper/hw/design_1_wrapper.xsa
TRACE::2026-02-05.20:00:08::SCWPlatform::DSA directory C:/TFG_Vivado/mis_pruebas/hil_puerto_serie/vitis/design_1_wrapper/hw
TRACE::2026-02-05.20:00:08::SCWPlatform:: Platform Path C:/TFG_Vivado/mis_pruebas/hil_puerto_serie/vitis/design_1_wrapper/hw/design_1_wrapper.xsa
TRACE::2026-02-05.20:00:08::SCWPlatform:: Unique name xilinx:::0.0
TRACE::2026-02-05.20:00:08::SCWPlatform::Trying to set the existing hwdb with name design_1_wrapper_0
TRACE::2026-02-05.20:00:08::SCWPlatform::Opened existing hwdb design_1_wrapper_0
TRACE::2026-02-05.20:00:08::SCWPlatform::Found the Hw Db part of the input DSA
TRACE::2026-02-05.20:00:08::SCWMssOS::Checking the sw design at  C:/TFG_Vivado/mis_pruebas/hil_puerto_serie/vitis/design_1_wrapper/psu_cortexa53_0/standalone_psu_cortexa53_0/bsp/system.mss
TRACE::2026-02-05.20:00:08::SCWMssOS::DEBUG:  swdes dump  C:/TFG_Vivado/mis_pruebas/hil_puerto_serie/vitis/design_1_wrapper/psu_cortexa53_0/standalone_psu_cortexa53_0/bsp/system.mss|system_1||
C:/TFG_Vivado/mis_pruebas/hil_puerto_serie/vitis/design_1_wrapper/zynqmp_fsbl/zynqmp_fsbl_bsp/system.mss|system||
C:/TFG_Vivado/mis_pruebas/hil_puerto_serie/vitis/design_1_wrapper/zynqmp_pmufw/zynqmp_pmufw_bsp/system.mss|system_0||

TRACE::2026-02-05.20:00:08::SCWMssOS::Sw design exists and opened at  C:/TFG_Vivado/mis_pruebas/hil_puerto_serie/vitis/design_1_wrapper/psu_cortexa53_0/standalone_psu_cortexa53_0/bsp/system.mss
TRACE::2026-02-05.20:00:08::SCWMssOS::Completed writing the mss file at C:/TFG_Vivado/mis_pruebas/hil_puerto_serie/vitis/design_1_wrapper/psu_cortexa53_0/standalone_psu_cortexa53_0/bsp
TRACE::2026-02-05.20:00:08::SCWMssOS::Mss edits present, copying mssfile into export location C:/TFG_Vivado/mis_pruebas/hil_puerto_serie/vitis/design_1_wrapper/psu_cortexa53_0/standalone_psu_cortexa53_0/bsp/system.mss
TRACE::2026-02-05.20:00:08::SCWMssOS::bsp generated is upto date with the mss file. Skipping bsp generation.
TRACE::2026-02-05.20:00:08::SCWMssOS::BSP is already built. skipping the bsp build ... 
TRACE::2026-02-05.20:00:08::SCWDomain::Skipping the build for domain :  standalone_psu_cortexa53_0
TRACE::2026-02-05.20:00:08::SCWMssOS::skipping the bsp build ... 
TRACE::2026-02-05.20:00:08::SCWMssOS::Copying to export directory.
TRACE::2026-02-05.20:00:08::SCWMssOS:: Checking if to create the Supporting Applications
TRACE::2026-02-05.20:00:08::SCWMssOS:: No Linux domain exists, trying to generate FSBL 
TRACE::2026-02-05.20:00:08::SCWMssOS:: Completed Standalone Artifacts creation 
LOG::2026-02-05.20:00:08::SCWSystem::Completed Processing the domain standalone_psu_cortexa53_0
LOG::2026-02-05.20:00:08::SCWSystem::Completed Processing the sysconfig design_1_wrapper
LOG::2026-02-05.20:00:08::SCWPlatform::Completed generating the artifacts for system configuration design_1_wrapper
TRACE::2026-02-05.20:00:08::SCWPlatform::Started preparing the platform 
TRACE::2026-02-05.20:00:08::SCWSystem::Writing the bif file for system config design_1_wrapper
TRACE::2026-02-05.20:00:08::SCWSystem::dir created 
TRACE::2026-02-05.20:00:08::SCWSystem::Writing the bif 
TRACE::2026-02-05.20:00:08::SCWPlatform::Started writing the spfm file 
TRACE::2026-02-05.20:00:08::SCWPlatform::Started writing the xpfm file 
TRACE::2026-02-05.20:00:08::SCWPlatform::Completed generating the platform
TRACE::2026-02-05.20:00:08::SCWMssOS::Saving the mss changes C:/TFG_Vivado/mis_pruebas/hil_puerto_serie/vitis/design_1_wrapper/zynqmp_fsbl/zynqmp_fsbl_bsp/system.mss
TRACE::2026-02-05.20:00:08::SCWMssOS::Found a swdesign opened with the mssfile.
TRACE::2026-02-05.20:00:08::SCWMssOS::Completed writemss as part of save.
TRACE::2026-02-05.20:00:08::SCWMssOS::Commit changes completed.
TRACE::2026-02-05.20:00:08::SCWMssOS::Saving the mss changes C:/TFG_Vivado/mis_pruebas/hil_puerto_serie/vitis/design_1_wrapper/zynqmp_pmufw/zynqmp_pmufw_bsp/system.mss
TRACE::2026-02-05.20:00:08::SCWMssOS::Found a swdesign opened with the mssfile.
TRACE::2026-02-05.20:00:08::SCWMssOS::Completed writemss as part of save.
TRACE::2026-02-05.20:00:08::SCWMssOS::Commit changes completed.
TRACE::2026-02-05.20:00:08::SCWMssOS::Saving the mss changes C:/TFG_Vivado/mis_pruebas/hil_puerto_serie/vitis/design_1_wrapper/psu_cortexa53_0/standalone_psu_cortexa53_0/bsp/system.mss
TRACE::2026-02-05.20:00:08::SCWMssOS::Found a swdesign opened with the mssfile.
TRACE::2026-02-05.20:00:08::SCWMssOS::Completed writemss as part of save.
TRACE::2026-02-05.20:00:08::SCWMssOS::Commit changes completed.
TRACE::2026-02-05.20:00:08::SCWPlatform::Trying to open the hw design at C:/TFG_Vivado/mis_pruebas/hil_puerto_serie/vitis/design_1_wrapper/hw/design_1_wrapper.xsa
TRACE::2026-02-05.20:00:08::SCWPlatform::DSA given C:/TFG_Vivado/mis_pruebas/hil_puerto_serie/vitis/design_1_wrapper/hw/design_1_wrapper.xsa
TRACE::2026-02-05.20:00:08::SCWPlatform::DSA absoulate path C:/TFG_Vivado/mis_pruebas/hil_puerto_serie/vitis/design_1_wrapper/hw/design_1_wrapper.xsa
TRACE::2026-02-05.20:00:08::SCWPlatform::DSA directory C:/TFG_Vivado/mis_pruebas/hil_puerto_serie/vitis/design_1_wrapper/hw
TRACE::2026-02-05.20:00:08::SCWPlatform:: Platform Path C:/TFG_Vivado/mis_pruebas/hil_puerto_serie/vitis/design_1_wrapper/hw/design_1_wrapper.xsa
TRACE::2026-02-05.20:00:08::SCWPlatform:: Unique name xilinx:::0.0
TRACE::2026-02-05.20:00:08::SCWPlatform::Trying to set the existing hwdb with name design_1_wrapper_0
TRACE::2026-02-05.20:00:08::SCWPlatform::Opened existing hwdb design_1_wrapper_0
TRACE::2026-02-05.20:00:08::SCWPlatform::Found the Hw Db part of the input DSA
TRACE::2026-02-05.20:00:08::SCWMssOS::Checking the sw design at  C:/TFG_Vivado/mis_pruebas/hil_puerto_serie/vitis/design_1_wrapper/zynqmp_fsbl/zynqmp_fsbl_bsp/system.mss
TRACE::2026-02-05.20:00:08::SCWMssOS::DEBUG:  swdes dump  C:/TFG_Vivado/mis_pruebas/hil_puerto_serie/vitis/design_1_wrapper/psu_cortexa53_0/standalone_psu_cortexa53_0/bsp/system.mss|system_1||
C:/TFG_Vivado/mis_pruebas/hil_puerto_serie/vitis/design_1_wrapper/zynqmp_fsbl/zynqmp_fsbl_bsp/system.mss|system||
C:/TFG_Vivado/mis_pruebas/hil_puerto_serie/vitis/design_1_wrapper/zynqmp_pmufw/zynqmp_pmufw_bsp/system.mss|system_0||

TRACE::2026-02-05.20:00:08::SCWMssOS::Sw design exists and opened at  C:/TFG_Vivado/mis_pruebas/hil_puerto_serie/vitis/design_1_wrapper/zynqmp_fsbl/zynqmp_fsbl_bsp/system.mss
TRACE::2026-02-05.20:00:08::SCWPlatform::Trying to open the hw design at C:/TFG_Vivado/mis_pruebas/hil_puerto_serie/vitis/design_1_wrapper/hw/design_1_wrapper.xsa
TRACE::2026-02-05.20:00:08::SCWPlatform::DSA given C:/TFG_Vivado/mis_pruebas/hil_puerto_serie/vitis/design_1_wrapper/hw/design_1_wrapper.xsa
TRACE::2026-02-05.20:00:08::SCWPlatform::DSA absoulate path C:/TFG_Vivado/mis_pruebas/hil_puerto_serie/vitis/design_1_wrapper/hw/design_1_wrapper.xsa
TRACE::2026-02-05.20:00:08::SCWPlatform::DSA directory C:/TFG_Vivado/mis_pruebas/hil_puerto_serie/vitis/design_1_wrapper/hw
TRACE::2026-02-05.20:00:08::SCWPlatform:: Platform Path C:/TFG_Vivado/mis_pruebas/hil_puerto_serie/vitis/design_1_wrapper/hw/design_1_wrapper.xsa
TRACE::2026-02-05.20:00:08::SCWPlatform:: Unique name xilinx:::0.0
TRACE::2026-02-05.20:00:08::SCWPlatform::Trying to set the existing hwdb with name design_1_wrapper_0
TRACE::2026-02-05.20:00:08::SCWPlatform::Opened existing hwdb design_1_wrapper_0
TRACE::2026-02-05.20:00:08::SCWPlatform::Found the Hw Db part of the input DSA
TRACE::2026-02-05.20:00:08::SCWMssOS::Checking the sw design at  C:/TFG_Vivado/mis_pruebas/hil_puerto_serie/vitis/design_1_wrapper/zynqmp_fsbl/zynqmp_fsbl_bsp/system.mss
TRACE::2026-02-05.20:00:08::SCWMssOS::DEBUG:  swdes dump  C:/TFG_Vivado/mis_pruebas/hil_puerto_serie/vitis/design_1_wrapper/psu_cortexa53_0/standalone_psu_cortexa53_0/bsp/system.mss|system_1||
C:/TFG_Vivado/mis_pruebas/hil_puerto_serie/vitis/design_1_wrapper/zynqmp_fsbl/zynqmp_fsbl_bsp/system.mss|system||
C:/TFG_Vivado/mis_pruebas/hil_puerto_serie/vitis/design_1_wrapper/zynqmp_pmufw/zynqmp_pmufw_bsp/system.mss|system_0||

TRACE::2026-02-05.20:00:08::SCWMssOS::Sw design exists and opened at  C:/TFG_Vivado/mis_pruebas/hil_puerto_serie/vitis/design_1_wrapper/zynqmp_fsbl/zynqmp_fsbl_bsp/system.mss
TRACE::2026-02-05.20:00:08::SCWPlatform::Trying to open the hw design at C:/TFG_Vivado/mis_pruebas/hil_puerto_serie/vitis/design_1_wrapper/hw/design_1_wrapper.xsa
TRACE::2026-02-05.20:00:08::SCWPlatform::DSA given C:/TFG_Vivado/mis_pruebas/hil_puerto_serie/vitis/design_1_wrapper/hw/design_1_wrapper.xsa
TRACE::2026-02-05.20:00:08::SCWPlatform::DSA absoulate path C:/TFG_Vivado/mis_pruebas/hil_puerto_serie/vitis/design_1_wrapper/hw/design_1_wrapper.xsa
TRACE::2026-02-05.20:00:08::SCWPlatform::DSA directory C:/TFG_Vivado/mis_pruebas/hil_puerto_serie/vitis/design_1_wrapper/hw
TRACE::2026-02-05.20:00:08::SCWPlatform:: Platform Path C:/TFG_Vivado/mis_pruebas/hil_puerto_serie/vitis/design_1_wrapper/hw/design_1_wrapper.xsa
TRACE::2026-02-05.20:00:08::SCWPlatform:: Unique name xilinx:::0.0
TRACE::2026-02-05.20:00:08::SCWPlatform::Trying to set the existing hwdb with name design_1_wrapper_0
TRACE::2026-02-05.20:00:08::SCWPlatform::Opened existing hwdb design_1_wrapper_0
TRACE::2026-02-05.20:00:08::SCWPlatform::Found the Hw Db part of the input DSA
TRACE::2026-02-05.20:00:08::SCWMssOS::Checking the sw design at  C:/TFG_Vivado/mis_pruebas/hil_puerto_serie/vitis/design_1_wrapper/zynqmp_fsbl/zynqmp_fsbl_bsp/system.mss
TRACE::2026-02-05.20:00:08::SCWMssOS::DEBUG:  swdes dump  C:/TFG_Vivado/mis_pruebas/hil_puerto_serie/vitis/design_1_wrapper/psu_cortexa53_0/standalone_psu_cortexa53_0/bsp/system.mss|system_1||
C:/TFG_Vivado/mis_pruebas/hil_puerto_serie/vitis/design_1_wrapper/zynqmp_fsbl/zynqmp_fsbl_bsp/system.mss|system||
C:/TFG_Vivado/mis_pruebas/hil_puerto_serie/vitis/design_1_wrapper/zynqmp_pmufw/zynqmp_pmufw_bsp/system.mss|system_0||

TRACE::2026-02-05.20:00:08::SCWMssOS::Sw design exists and opened at  C:/TFG_Vivado/mis_pruebas/hil_puerto_serie/vitis/design_1_wrapper/zynqmp_fsbl/zynqmp_fsbl_bsp/system.mss
TRACE::2026-02-05.20:00:08::SCWPlatform::Trying to open the hw design at C:/TFG_Vivado/mis_pruebas/hil_puerto_serie/vitis/design_1_wrapper/hw/design_1_wrapper.xsa
TRACE::2026-02-05.20:00:08::SCWPlatform::DSA given C:/TFG_Vivado/mis_pruebas/hil_puerto_serie/vitis/design_1_wrapper/hw/design_1_wrapper.xsa
TRACE::2026-02-05.20:00:08::SCWPlatform::DSA absoulate path C:/TFG_Vivado/mis_pruebas/hil_puerto_serie/vitis/design_1_wrapper/hw/design_1_wrapper.xsa
TRACE::2026-02-05.20:00:08::SCWPlatform::DSA directory C:/TFG_Vivado/mis_pruebas/hil_puerto_serie/vitis/design_1_wrapper/hw
TRACE::2026-02-05.20:00:08::SCWPlatform:: Platform Path C:/TFG_Vivado/mis_pruebas/hil_puerto_serie/vitis/design_1_wrapper/hw/design_1_wrapper.xsa
TRACE::2026-02-05.20:00:08::SCWPlatform:: Unique name xilinx:::0.0
TRACE::2026-02-05.20:00:08::SCWPlatform::Trying to set the existing hwdb with name design_1_wrapper_0
TRACE::2026-02-05.20:00:08::SCWPlatform::Opened existing hwdb design_1_wrapper_0
TRACE::2026-02-05.20:00:08::SCWPlatform::Found the Hw Db part of the input DSA
TRACE::2026-02-05.20:00:08::SCWMssOS::Checking the sw design at  C:/TFG_Vivado/mis_pruebas/hil_puerto_serie/vitis/design_1_wrapper/zynqmp_pmufw/zynqmp_pmufw_bsp/system.mss
TRACE::2026-02-05.20:00:08::SCWMssOS::DEBUG:  swdes dump  C:/TFG_Vivado/mis_pruebas/hil_puerto_serie/vitis/design_1_wrapper/psu_cortexa53_0/standalone_psu_cortexa53_0/bsp/system.mss|system_1||
C:/TFG_Vivado/mis_pruebas/hil_puerto_serie/vitis/design_1_wrapper/zynqmp_fsbl/zynqmp_fsbl_bsp/system.mss|system||
C:/TFG_Vivado/mis_pruebas/hil_puerto_serie/vitis/design_1_wrapper/zynqmp_pmufw/zynqmp_pmufw_bsp/system.mss|system_0||

TRACE::2026-02-05.20:00:08::SCWMssOS::Sw design exists and opened at  C:/TFG_Vivado/mis_pruebas/hil_puerto_serie/vitis/design_1_wrapper/zynqmp_pmufw/zynqmp_pmufw_bsp/system.mss
TRACE::2026-02-05.20:00:08::SCWPlatform::Trying to open the hw design at C:/TFG_Vivado/mis_pruebas/hil_puerto_serie/vitis/design_1_wrapper/hw/design_1_wrapper.xsa
TRACE::2026-02-05.20:00:08::SCWPlatform::DSA given C:/TFG_Vivado/mis_pruebas/hil_puerto_serie/vitis/design_1_wrapper/hw/design_1_wrapper.xsa
TRACE::2026-02-05.20:00:08::SCWPlatform::DSA absoulate path C:/TFG_Vivado/mis_pruebas/hil_puerto_serie/vitis/design_1_wrapper/hw/design_1_wrapper.xsa
TRACE::2026-02-05.20:00:08::SCWPlatform::DSA directory C:/TFG_Vivado/mis_pruebas/hil_puerto_serie/vitis/design_1_wrapper/hw
TRACE::2026-02-05.20:00:08::SCWPlatform:: Platform Path C:/TFG_Vivado/mis_pruebas/hil_puerto_serie/vitis/design_1_wrapper/hw/design_1_wrapper.xsa
TRACE::2026-02-05.20:00:08::SCWPlatform:: Unique name xilinx:::0.0
TRACE::2026-02-05.20:00:08::SCWPlatform::Trying to set the existing hwdb with name design_1_wrapper_0
TRACE::2026-02-05.20:00:08::SCWPlatform::Opened existing hwdb design_1_wrapper_0
TRACE::2026-02-05.20:00:08::SCWPlatform::Found the Hw Db part of the input DSA
TRACE::2026-02-05.20:00:08::SCWMssOS::Checking the sw design at  C:/TFG_Vivado/mis_pruebas/hil_puerto_serie/vitis/design_1_wrapper/zynqmp_pmufw/zynqmp_pmufw_bsp/system.mss
TRACE::2026-02-05.20:00:08::SCWMssOS::DEBUG:  swdes dump  C:/TFG_Vivado/mis_pruebas/hil_puerto_serie/vitis/design_1_wrapper/psu_cortexa53_0/standalone_psu_cortexa53_0/bsp/system.mss|system_1||
C:/TFG_Vivado/mis_pruebas/hil_puerto_serie/vitis/design_1_wrapper/zynqmp_fsbl/zynqmp_fsbl_bsp/system.mss|system||
C:/TFG_Vivado/mis_pruebas/hil_puerto_serie/vitis/design_1_wrapper/zynqmp_pmufw/zynqmp_pmufw_bsp/system.mss|system_0||

TRACE::2026-02-05.20:00:08::SCWMssOS::Sw design exists and opened at  C:/TFG_Vivado/mis_pruebas/hil_puerto_serie/vitis/design_1_wrapper/zynqmp_pmufw/zynqmp_pmufw_bsp/system.mss
TRACE::2026-02-05.20:00:08::SCWPlatform::Trying to open the hw design at C:/TFG_Vivado/mis_pruebas/hil_puerto_serie/vitis/design_1_wrapper/hw/design_1_wrapper.xsa
TRACE::2026-02-05.20:00:08::SCWPlatform::DSA given C:/TFG_Vivado/mis_pruebas/hil_puerto_serie/vitis/design_1_wrapper/hw/design_1_wrapper.xsa
TRACE::2026-02-05.20:00:08::SCWPlatform::DSA absoulate path C:/TFG_Vivado/mis_pruebas/hil_puerto_serie/vitis/design_1_wrapper/hw/design_1_wrapper.xsa
TRACE::2026-02-05.20:00:08::SCWPlatform::DSA directory C:/TFG_Vivado/mis_pruebas/hil_puerto_serie/vitis/design_1_wrapper/hw
TRACE::2026-02-05.20:00:08::SCWPlatform:: Platform Path C:/TFG_Vivado/mis_pruebas/hil_puerto_serie/vitis/design_1_wrapper/hw/design_1_wrapper.xsa
TRACE::2026-02-05.20:00:08::SCWPlatform:: Unique name xilinx:::0.0
TRACE::2026-02-05.20:00:08::SCWPlatform::Trying to set the existing hwdb with name design_1_wrapper_0
TRACE::2026-02-05.20:00:08::SCWPlatform::Opened existing hwdb design_1_wrapper_0
TRACE::2026-02-05.20:00:08::SCWPlatform::Found the Hw Db part of the input DSA
TRACE::2026-02-05.20:00:08::SCWMssOS::Checking the sw design at  C:/TFG_Vivado/mis_pruebas/hil_puerto_serie/vitis/design_1_wrapper/zynqmp_pmufw/zynqmp_pmufw_bsp/system.mss
TRACE::2026-02-05.20:00:08::SCWMssOS::DEBUG:  swdes dump  C:/TFG_Vivado/mis_pruebas/hil_puerto_serie/vitis/design_1_wrapper/psu_cortexa53_0/standalone_psu_cortexa53_0/bsp/system.mss|system_1||
C:/TFG_Vivado/mis_pruebas/hil_puerto_serie/vitis/design_1_wrapper/zynqmp_fsbl/zynqmp_fsbl_bsp/system.mss|system||
C:/TFG_Vivado/mis_pruebas/hil_puerto_serie/vitis/design_1_wrapper/zynqmp_pmufw/zynqmp_pmufw_bsp/system.mss|system_0||

TRACE::2026-02-05.20:00:08::SCWMssOS::Sw design exists and opened at  C:/TFG_Vivado/mis_pruebas/hil_puerto_serie/vitis/design_1_wrapper/zynqmp_pmufw/zynqmp_pmufw_bsp/system.mss
TRACE::2026-02-05.20:00:08::SCWPlatform::Trying to open the hw design at C:/TFG_Vivado/mis_pruebas/hil_puerto_serie/vitis/design_1_wrapper/hw/design_1_wrapper.xsa
TRACE::2026-02-05.20:00:08::SCWPlatform::DSA given C:/TFG_Vivado/mis_pruebas/hil_puerto_serie/vitis/design_1_wrapper/hw/design_1_wrapper.xsa
TRACE::2026-02-05.20:00:08::SCWPlatform::DSA absoulate path C:/TFG_Vivado/mis_pruebas/hil_puerto_serie/vitis/design_1_wrapper/hw/design_1_wrapper.xsa
TRACE::2026-02-05.20:00:08::SCWPlatform::DSA directory C:/TFG_Vivado/mis_pruebas/hil_puerto_serie/vitis/design_1_wrapper/hw
TRACE::2026-02-05.20:00:08::SCWPlatform:: Platform Path C:/TFG_Vivado/mis_pruebas/hil_puerto_serie/vitis/design_1_wrapper/hw/design_1_wrapper.xsa
TRACE::2026-02-05.20:00:08::SCWPlatform:: Unique name xilinx:::0.0
TRACE::2026-02-05.20:00:08::SCWPlatform::Trying to set the existing hwdb with name design_1_wrapper_0
TRACE::2026-02-05.20:00:08::SCWPlatform::Opened existing hwdb design_1_wrapper_0
TRACE::2026-02-05.20:00:08::SCWPlatform::Found the Hw Db part of the input DSA
TRACE::2026-02-05.20:00:08::SCWMssOS::Checking the sw design at  C:/TFG_Vivado/mis_pruebas/hil_puerto_serie/vitis/design_1_wrapper/psu_cortexa53_0/standalone_psu_cortexa53_0/bsp/system.mss
TRACE::2026-02-05.20:00:08::SCWMssOS::DEBUG:  swdes dump  C:/TFG_Vivado/mis_pruebas/hil_puerto_serie/vitis/design_1_wrapper/psu_cortexa53_0/standalone_psu_cortexa53_0/bsp/system.mss|system_1||
C:/TFG_Vivado/mis_pruebas/hil_puerto_serie/vitis/design_1_wrapper/zynqmp_fsbl/zynqmp_fsbl_bsp/system.mss|system||
C:/TFG_Vivado/mis_pruebas/hil_puerto_serie/vitis/design_1_wrapper/zynqmp_pmufw/zynqmp_pmufw_bsp/system.mss|system_0||

TRACE::2026-02-05.20:00:08::SCWMssOS::Sw design exists and opened at  C:/TFG_Vivado/mis_pruebas/hil_puerto_serie/vitis/design_1_wrapper/psu_cortexa53_0/standalone_psu_cortexa53_0/bsp/system.mss
TRACE::2026-02-05.20:00:08::SCWPlatform::Trying to open the hw design at C:/TFG_Vivado/mis_pruebas/hil_puerto_serie/vitis/design_1_wrapper/hw/design_1_wrapper.xsa
TRACE::2026-02-05.20:00:08::SCWPlatform::DSA given C:/TFG_Vivado/mis_pruebas/hil_puerto_serie/vitis/design_1_wrapper/hw/design_1_wrapper.xsa
TRACE::2026-02-05.20:00:08::SCWPlatform::DSA absoulate path C:/TFG_Vivado/mis_pruebas/hil_puerto_serie/vitis/design_1_wrapper/hw/design_1_wrapper.xsa
TRACE::2026-02-05.20:00:08::SCWPlatform::DSA directory C:/TFG_Vivado/mis_pruebas/hil_puerto_serie/vitis/design_1_wrapper/hw
TRACE::2026-02-05.20:00:08::SCWPlatform:: Platform Path C:/TFG_Vivado/mis_pruebas/hil_puerto_serie/vitis/design_1_wrapper/hw/design_1_wrapper.xsa
TRACE::2026-02-05.20:00:08::SCWPlatform:: Unique name xilinx:::0.0
TRACE::2026-02-05.20:00:08::SCWPlatform::Trying to set the existing hwdb with name design_1_wrapper_0
TRACE::2026-02-05.20:00:08::SCWPlatform::Opened existing hwdb design_1_wrapper_0
TRACE::2026-02-05.20:00:08::SCWPlatform::Found the Hw Db part of the input DSA
TRACE::2026-02-05.20:00:08::SCWMssOS::Checking the sw design at  C:/TFG_Vivado/mis_pruebas/hil_puerto_serie/vitis/design_1_wrapper/psu_cortexa53_0/standalone_psu_cortexa53_0/bsp/system.mss
TRACE::2026-02-05.20:00:08::SCWMssOS::DEBUG:  swdes dump  C:/TFG_Vivado/mis_pruebas/hil_puerto_serie/vitis/design_1_wrapper/psu_cortexa53_0/standalone_psu_cortexa53_0/bsp/system.mss|system_1||
C:/TFG_Vivado/mis_pruebas/hil_puerto_serie/vitis/design_1_wrapper/zynqmp_fsbl/zynqmp_fsbl_bsp/system.mss|system||
C:/TFG_Vivado/mis_pruebas/hil_puerto_serie/vitis/design_1_wrapper/zynqmp_pmufw/zynqmp_pmufw_bsp/system.mss|system_0||

TRACE::2026-02-05.20:00:08::SCWMssOS::Sw design exists and opened at  C:/TFG_Vivado/mis_pruebas/hil_puerto_serie/vitis/design_1_wrapper/psu_cortexa53_0/standalone_psu_cortexa53_0/bsp/system.mss
TRACE::2026-02-05.20:00:08::SCWPlatform::Trying to open the hw design at C:/TFG_Vivado/mis_pruebas/hil_puerto_serie/vitis/design_1_wrapper/hw/design_1_wrapper.xsa
TRACE::2026-02-05.20:00:08::SCWPlatform::DSA given C:/TFG_Vivado/mis_pruebas/hil_puerto_serie/vitis/design_1_wrapper/hw/design_1_wrapper.xsa
TRACE::2026-02-05.20:00:08::SCWPlatform::DSA absoulate path C:/TFG_Vivado/mis_pruebas/hil_puerto_serie/vitis/design_1_wrapper/hw/design_1_wrapper.xsa
TRACE::2026-02-05.20:00:08::SCWPlatform::DSA directory C:/TFG_Vivado/mis_pruebas/hil_puerto_serie/vitis/design_1_wrapper/hw
TRACE::2026-02-05.20:00:08::SCWPlatform:: Platform Path C:/TFG_Vivado/mis_pruebas/hil_puerto_serie/vitis/design_1_wrapper/hw/design_1_wrapper.xsa
TRACE::2026-02-05.20:00:08::SCWPlatform:: Unique name xilinx:::0.0
TRACE::2026-02-05.20:00:08::SCWPlatform::Trying to set the existing hwdb with name design_1_wrapper_0
TRACE::2026-02-05.20:00:08::SCWPlatform::Opened existing hwdb design_1_wrapper_0
TRACE::2026-02-05.20:00:08::SCWPlatform::Found the Hw Db part of the input DSA
TRACE::2026-02-05.20:00:08::SCWMssOS::Checking the sw design at  C:/TFG_Vivado/mis_pruebas/hil_puerto_serie/vitis/design_1_wrapper/psu_cortexa53_0/standalone_psu_cortexa53_0/bsp/system.mss
TRACE::2026-02-05.20:00:08::SCWMssOS::DEBUG:  swdes dump  C:/TFG_Vivado/mis_pruebas/hil_puerto_serie/vitis/design_1_wrapper/psu_cortexa53_0/standalone_psu_cortexa53_0/bsp/system.mss|system_1||
C:/TFG_Vivado/mis_pruebas/hil_puerto_serie/vitis/design_1_wrapper/zynqmp_fsbl/zynqmp_fsbl_bsp/system.mss|system||
C:/TFG_Vivado/mis_pruebas/hil_puerto_serie/vitis/design_1_wrapper/zynqmp_pmufw/zynqmp_pmufw_bsp/system.mss|system_0||

TRACE::2026-02-05.20:00:08::SCWMssOS::Sw design exists and opened at  C:/TFG_Vivado/mis_pruebas/hil_puerto_serie/vitis/design_1_wrapper/psu_cortexa53_0/standalone_psu_cortexa53_0/bsp/system.mss
TRACE::2026-02-05.20:00:08::SCWWriter::formatted JSON is {
	"platformName":	"design_1_wrapper",
	"sprVersion":	"2.0",
	"mode":	"gui",
	"dsaType":	"Fixed",
	"platformDesc":	"design_1_wrapper",
	"platHandOff":	"<platformDir>.xsa",
	"platIntHandOff":	"<platformDir>/hw/design_1_wrapper.xsa",
	"deviceType":	"zynqMP",
	"platIsPrebuiltAutogen":	"false",
	"platIsNoBootBsp":	"false",
	"platFsblTarget":	"psu_cortexa53_0",
	"hasFsblMakeHasChanges":	"false",
	"hasPmufwMakeHasChanges":	"false",
	"fsblExtraCompilerFlags":	"-MMD -MP      -Wall -fmessage-length=0 -DARMA53_64 -Os -flto -ffat-lto-objects  ",
	"pmufwExtraCompilerFlags":	"-MMD -MP      -mlittle-endian -mxl-barrel-shift -mxl-pattern-compare -mcpu=v9.2 -mxl-soft-mul -Os -flto -ffat-lto-objects  ",
	"platPreBuiltFlag":	false,
	"platformSamplesDir":	"",
	"platActiveSys":	"design_1_wrapper",
	"systems":	[{
			"systemName":	"design_1_wrapper",
			"systemDesc":	"design_1_wrapper",
			"sysIsBootAutoGen":	"true",
			"systemDispName":	"design_1_wrapper",
			"sysActiveDom":	"standalone_psu_cortexa53_0",
			"sysDefaultDom":	"standalone_psu_cortexa53_0",
			"domains":	[{
					"domainName":	"zynqmp_fsbl",
					"domainDispName":	"zynqmp_fsbl",
					"domainDesc":	"FSBL Application BSP - Auto Generated.",
					"processors":	"psu_cortexa53_0",
					"os":	"standalone",
					"sdxOs":	"standalone",
					"debugEnable":	"",
					"domRuntimes":	["cpp"],
					"swRepo":	"",
					"mssOsVer":	"8.1",
					"mssFile":	"",
					"md5Digest":	"50ffef4a883d3ea676765d60b786a6e4",
					"compatibleApp":	"zynqmp_fsbl",
					"domType":	"bootDomain",
					"arch":	"64-bit",
					"appSettings":	{
						"appCompilerFlags":	"",
						"appLinkerFlags":	""
					},
					"addedLibs":	["xilffs:5.0", "xilsecure:5.1", "xilpm:5.0"],
					"libOptions":	{
						"standalone":	{
							"zynqmp_fsbl_bsp":	"true",
							"libOptionNames":	["zynqmp_fsbl_bsp"]
						},
						"xilffs":	{
							"read_only":	"true",
							"use_mkfs":	"false",
							"libOptionNames":	["read_only", "use_mkfs"]
						},
						"xilsecure":	{
							"tpm_support":	"true",
							"libOptionNames":	["tpm_support"]
						},
						"libsContainingOptions":	["standalone", "xilffs", "xilsecure"]
					},
					"prebuiltLibs":	{
						"prebuiltIncPath":	[],
						"prebuiltLibPath":	[]
					},
					"isolation":	{
					}
				}, {
					"domainName":	"zynqmp_pmufw",
					"domainDispName":	"zynqmp_pmufw",
					"domainDesc":	"PMUFW Application BSP - Auto Generated.",
					"processors":	"psu_pmu_0",
					"os":	"standalone",
					"sdxOs":	"standalone",
					"debugEnable":	"",
					"domRuntimes":	["cpp"],
					"swRepo":	"",
					"mssOsVer":	"8.1",
					"mssFile":	"",
					"md5Digest":	"f53f944c509d63eeaedc429f0d902726",
					"compatibleApp":	"zynqmp_pmufw",
					"domType":	"bootDomain",
					"arch":	"32-bit",
					"appSettings":	{
						"appCompilerFlags":	"",
						"appLinkerFlags":	""
					},
					"addedLibs":	["xilfpga:6.4", "xilsecure:5.1", "xilskey:7.4"],
					"libOptions":	{
						"psu_pmu_0":	{
							"extra_compiler_flags":	"-g -ffunction-sections -fdata-sections -Wall -Wextra -fno-tree-loop-distribute-patterns  -Os -flto -ffat-lto-objects",
							"libOptionNames":	["extra_compiler_flags"]
						},
						"libsContainingOptions":	["psu_pmu_0"]
					},
					"prebuiltLibs":	{
						"prebuiltIncPath":	[],
						"prebuiltLibPath":	[]
					},
					"isolation":	{
					}
				}, {
					"domainName":	"standalone_psu_cortexa53_0",
					"domainDispName":	"standalone_psu_cortexa53_0",
					"domainDesc":	"standalone_psu_cortexa53_0",
					"processors":	"psu_cortexa53_0",
					"os":	"standalone",
					"sdxOs":	"standalone",
					"qemuArgs":	"<platformDir>/resources/design_1_wrapper/standalone_psu_cortexa53_0/qemu_args.txt",
					"qemuData":	"<platformDir>/resources/design_1_wrapper/standalone_psu_cortexa53_0/qemu",
					"pmuQemuArgs":	"<platformDir>/resources/design_1_wrapper/standalone_psu_cortexa53_0/pmu_args.txt",
					"debugEnable":	"False",
					"domRuntimes":	["cpp"],
					"swRepo":	"",
					"mssOsVer":	"8.1",
					"mssFile":	"",
					"md5Digest":	"7824a2544f94f615c7699fb2e7b9fe4e",
					"compatibleApp":	"hello_world",
					"domType":	"mssDomain",
					"arch":	"64-bit",
					"appSettings":	{
						"appCompilerFlags":	"",
						"appLinkerFlags":	""
					},
					"addedLibs":	[],
					"libOptions":	{
						"libsContainingOptions":	[]
					},
					"prebuiltLibs":	{
						"prebuiltIncPath":	[],
						"prebuiltLibPath":	[]
					},
					"isolation":	{
					}
				}]
		}]
}
KEYINFO::2026-02-05.20:00:08::SCWPlatform::updated the xpfm file.
TRACE::2026-02-05.20:00:08::SCWPlatform::Trying to open the hw design at C:/TFG_Vivado/mis_pruebas/hil_puerto_serie/vitis/design_1_wrapper/hw/design_1_wrapper.xsa
TRACE::2026-02-05.20:00:08::SCWPlatform::DSA given C:/TFG_Vivado/mis_pruebas/hil_puerto_serie/vitis/design_1_wrapper/hw/design_1_wrapper.xsa
TRACE::2026-02-05.20:00:08::SCWPlatform::DSA absoulate path C:/TFG_Vivado/mis_pruebas/hil_puerto_serie/vitis/design_1_wrapper/hw/design_1_wrapper.xsa
TRACE::2026-02-05.20:00:08::SCWPlatform::DSA directory C:/TFG_Vivado/mis_pruebas/hil_puerto_serie/vitis/design_1_wrapper/hw
TRACE::2026-02-05.20:00:08::SCWPlatform:: Platform Path C:/TFG_Vivado/mis_pruebas/hil_puerto_serie/vitis/design_1_wrapper/hw/design_1_wrapper.xsa
TRACE::2026-02-05.20:00:08::SCWPlatform:: Unique name xilinx:::0.0
TRACE::2026-02-05.20:00:08::SCWPlatform::Trying to set the existing hwdb with name design_1_wrapper_0
TRACE::2026-02-05.20:00:08::SCWPlatform::Opened existing hwdb design_1_wrapper_0
TRACE::2026-02-05.20:00:08::SCWPlatform::Found the Hw Db part of the input DSA
TRACE::2026-02-05.20:00:08::SCWMssOS::Checking the sw design at  C:/TFG_Vivado/mis_pruebas/hil_puerto_serie/vitis/design_1_wrapper/psu_cortexa53_0/standalone_psu_cortexa53_0/bsp/system.mss
TRACE::2026-02-05.20:00:08::SCWMssOS::DEBUG:  swdes dump  C:/TFG_Vivado/mis_pruebas/hil_puerto_serie/vitis/design_1_wrapper/psu_cortexa53_0/standalone_psu_cortexa53_0/bsp/system.mss|system_1||
C:/TFG_Vivado/mis_pruebas/hil_puerto_serie/vitis/design_1_wrapper/zynqmp_fsbl/zynqmp_fsbl_bsp/system.mss|system||
C:/TFG_Vivado/mis_pruebas/hil_puerto_serie/vitis/design_1_wrapper/zynqmp_pmufw/zynqmp_pmufw_bsp/system.mss|system_0||

TRACE::2026-02-05.20:00:08::SCWMssOS::Sw design exists and opened at  C:/TFG_Vivado/mis_pruebas/hil_puerto_serie/vitis/design_1_wrapper/psu_cortexa53_0/standalone_psu_cortexa53_0/bsp/system.mss
TRACE::2026-02-05.20:00:08::SCWMssOS::Saving the mss changes C:/TFG_Vivado/mis_pruebas/hil_puerto_serie/vitis/design_1_wrapper/zynqmp_fsbl/zynqmp_fsbl_bsp/system.mss
TRACE::2026-02-05.20:00:08::SCWMssOS::Found a swdesign opened with the mssfile.
TRACE::2026-02-05.20:00:08::SCWMssOS::Completed writemss as part of save.
TRACE::2026-02-05.20:00:08::SCWMssOS::Commit changes completed.
TRACE::2026-02-05.20:00:08::SCWMssOS::Saving the mss changes C:/TFG_Vivado/mis_pruebas/hil_puerto_serie/vitis/design_1_wrapper/zynqmp_pmufw/zynqmp_pmufw_bsp/system.mss
TRACE::2026-02-05.20:00:08::SCWMssOS::Found a swdesign opened with the mssfile.
TRACE::2026-02-05.20:00:08::SCWMssOS::Completed writemss as part of save.
TRACE::2026-02-05.20:00:08::SCWMssOS::Commit changes completed.
TRACE::2026-02-05.20:00:08::SCWMssOS::Saving the mss changes C:/TFG_Vivado/mis_pruebas/hil_puerto_serie/vitis/design_1_wrapper/psu_cortexa53_0/standalone_psu_cortexa53_0/bsp/system.mss
TRACE::2026-02-05.20:00:08::SCWMssOS::Found a swdesign opened with the mssfile.
TRACE::2026-02-05.20:00:08::SCWMssOS::Completed writemss as part of save.
TRACE::2026-02-05.20:00:08::SCWMssOS::Commit changes completed.
TRACE::2026-02-05.20:00:08::SCWPlatform::Trying to open the hw design at C:/TFG_Vivado/mis_pruebas/hil_puerto_serie/vitis/design_1_wrapper/hw/design_1_wrapper.xsa
TRACE::2026-02-05.20:00:08::SCWPlatform::DSA given C:/TFG_Vivado/mis_pruebas/hil_puerto_serie/vitis/design_1_wrapper/hw/design_1_wrapper.xsa
TRACE::2026-02-05.20:00:08::SCWPlatform::DSA absoulate path C:/TFG_Vivado/mis_pruebas/hil_puerto_serie/vitis/design_1_wrapper/hw/design_1_wrapper.xsa
TRACE::2026-02-05.20:00:08::SCWPlatform::DSA directory C:/TFG_Vivado/mis_pruebas/hil_puerto_serie/vitis/design_1_wrapper/hw
TRACE::2026-02-05.20:00:08::SCWPlatform:: Platform Path C:/TFG_Vivado/mis_pruebas/hil_puerto_serie/vitis/design_1_wrapper/hw/design_1_wrapper.xsa
TRACE::2026-02-05.20:00:08::SCWPlatform:: Unique name xilinx:::0.0
TRACE::2026-02-05.20:00:08::SCWPlatform::Trying to set the existing hwdb with name design_1_wrapper_0
TRACE::2026-02-05.20:00:08::SCWPlatform::Opened existing hwdb design_1_wrapper_0
TRACE::2026-02-05.20:00:08::SCWPlatform::Found the Hw Db part of the input DSA
TRACE::2026-02-05.20:00:08::SCWMssOS::Checking the sw design at  C:/TFG_Vivado/mis_pruebas/hil_puerto_serie/vitis/design_1_wrapper/zynqmp_fsbl/zynqmp_fsbl_bsp/system.mss
TRACE::2026-02-05.20:00:08::SCWMssOS::DEBUG:  swdes dump  C:/TFG_Vivado/mis_pruebas/hil_puerto_serie/vitis/design_1_wrapper/psu_cortexa53_0/standalone_psu_cortexa53_0/bsp/system.mss|system_1||
C:/TFG_Vivado/mis_pruebas/hil_puerto_serie/vitis/design_1_wrapper/zynqmp_fsbl/zynqmp_fsbl_bsp/system.mss|system||
C:/TFG_Vivado/mis_pruebas/hil_puerto_serie/vitis/design_1_wrapper/zynqmp_pmufw/zynqmp_pmufw_bsp/system.mss|system_0||

TRACE::2026-02-05.20:00:08::SCWMssOS::Sw design exists and opened at  C:/TFG_Vivado/mis_pruebas/hil_puerto_serie/vitis/design_1_wrapper/zynqmp_fsbl/zynqmp_fsbl_bsp/system.mss
TRACE::2026-02-05.20:00:08::SCWPlatform::Trying to open the hw design at C:/TFG_Vivado/mis_pruebas/hil_puerto_serie/vitis/design_1_wrapper/hw/design_1_wrapper.xsa
TRACE::2026-02-05.20:00:08::SCWPlatform::DSA given C:/TFG_Vivado/mis_pruebas/hil_puerto_serie/vitis/design_1_wrapper/hw/design_1_wrapper.xsa
TRACE::2026-02-05.20:00:08::SCWPlatform::DSA absoulate path C:/TFG_Vivado/mis_pruebas/hil_puerto_serie/vitis/design_1_wrapper/hw/design_1_wrapper.xsa
TRACE::2026-02-05.20:00:08::SCWPlatform::DSA directory C:/TFG_Vivado/mis_pruebas/hil_puerto_serie/vitis/design_1_wrapper/hw
TRACE::2026-02-05.20:00:08::SCWPlatform:: Platform Path C:/TFG_Vivado/mis_pruebas/hil_puerto_serie/vitis/design_1_wrapper/hw/design_1_wrapper.xsa
TRACE::2026-02-05.20:00:08::SCWPlatform:: Unique name xilinx:::0.0
TRACE::2026-02-05.20:00:08::SCWPlatform::Trying to set the existing hwdb with name design_1_wrapper_0
TRACE::2026-02-05.20:00:08::SCWPlatform::Opened existing hwdb design_1_wrapper_0
TRACE::2026-02-05.20:00:08::SCWPlatform::Found the Hw Db part of the input DSA
TRACE::2026-02-05.20:00:08::SCWMssOS::Checking the sw design at  C:/TFG_Vivado/mis_pruebas/hil_puerto_serie/vitis/design_1_wrapper/zynqmp_fsbl/zynqmp_fsbl_bsp/system.mss
TRACE::2026-02-05.20:00:08::SCWMssOS::DEBUG:  swdes dump  C:/TFG_Vivado/mis_pruebas/hil_puerto_serie/vitis/design_1_wrapper/psu_cortexa53_0/standalone_psu_cortexa53_0/bsp/system.mss|system_1||
C:/TFG_Vivado/mis_pruebas/hil_puerto_serie/vitis/design_1_wrapper/zynqmp_fsbl/zynqmp_fsbl_bsp/system.mss|system||
C:/TFG_Vivado/mis_pruebas/hil_puerto_serie/vitis/design_1_wrapper/zynqmp_pmufw/zynqmp_pmufw_bsp/system.mss|system_0||

TRACE::2026-02-05.20:00:08::SCWMssOS::Sw design exists and opened at  C:/TFG_Vivado/mis_pruebas/hil_puerto_serie/vitis/design_1_wrapper/zynqmp_fsbl/zynqmp_fsbl_bsp/system.mss
TRACE::2026-02-05.20:00:08::SCWPlatform::Trying to open the hw design at C:/TFG_Vivado/mis_pruebas/hil_puerto_serie/vitis/design_1_wrapper/hw/design_1_wrapper.xsa
TRACE::2026-02-05.20:00:08::SCWPlatform::DSA given C:/TFG_Vivado/mis_pruebas/hil_puerto_serie/vitis/design_1_wrapper/hw/design_1_wrapper.xsa
TRACE::2026-02-05.20:00:08::SCWPlatform::DSA absoulate path C:/TFG_Vivado/mis_pruebas/hil_puerto_serie/vitis/design_1_wrapper/hw/design_1_wrapper.xsa
TRACE::2026-02-05.20:00:08::SCWPlatform::DSA directory C:/TFG_Vivado/mis_pruebas/hil_puerto_serie/vitis/design_1_wrapper/hw
TRACE::2026-02-05.20:00:08::SCWPlatform:: Platform Path C:/TFG_Vivado/mis_pruebas/hil_puerto_serie/vitis/design_1_wrapper/hw/design_1_wrapper.xsa
TRACE::2026-02-05.20:00:08::SCWPlatform:: Unique name xilinx:::0.0
TRACE::2026-02-05.20:00:08::SCWPlatform::Trying to set the existing hwdb with name design_1_wrapper_0
TRACE::2026-02-05.20:00:08::SCWPlatform::Opened existing hwdb design_1_wrapper_0
TRACE::2026-02-05.20:00:08::SCWPlatform::Found the Hw Db part of the input DSA
TRACE::2026-02-05.20:00:08::SCWMssOS::Checking the sw design at  C:/TFG_Vivado/mis_pruebas/hil_puerto_serie/vitis/design_1_wrapper/zynqmp_fsbl/zynqmp_fsbl_bsp/system.mss
TRACE::2026-02-05.20:00:08::SCWMssOS::DEBUG:  swdes dump  C:/TFG_Vivado/mis_pruebas/hil_puerto_serie/vitis/design_1_wrapper/psu_cortexa53_0/standalone_psu_cortexa53_0/bsp/system.mss|system_1||
C:/TFG_Vivado/mis_pruebas/hil_puerto_serie/vitis/design_1_wrapper/zynqmp_fsbl/zynqmp_fsbl_bsp/system.mss|system||
C:/TFG_Vivado/mis_pruebas/hil_puerto_serie/vitis/design_1_wrapper/zynqmp_pmufw/zynqmp_pmufw_bsp/system.mss|system_0||

TRACE::2026-02-05.20:00:08::SCWMssOS::Sw design exists and opened at  C:/TFG_Vivado/mis_pruebas/hil_puerto_serie/vitis/design_1_wrapper/zynqmp_fsbl/zynqmp_fsbl_bsp/system.mss
TRACE::2026-02-05.20:00:08::SCWPlatform::Trying to open the hw design at C:/TFG_Vivado/mis_pruebas/hil_puerto_serie/vitis/design_1_wrapper/hw/design_1_wrapper.xsa
TRACE::2026-02-05.20:00:08::SCWPlatform::DSA given C:/TFG_Vivado/mis_pruebas/hil_puerto_serie/vitis/design_1_wrapper/hw/design_1_wrapper.xsa
TRACE::2026-02-05.20:00:08::SCWPlatform::DSA absoulate path C:/TFG_Vivado/mis_pruebas/hil_puerto_serie/vitis/design_1_wrapper/hw/design_1_wrapper.xsa
TRACE::2026-02-05.20:00:08::SCWPlatform::DSA directory C:/TFG_Vivado/mis_pruebas/hil_puerto_serie/vitis/design_1_wrapper/hw
TRACE::2026-02-05.20:00:08::SCWPlatform:: Platform Path C:/TFG_Vivado/mis_pruebas/hil_puerto_serie/vitis/design_1_wrapper/hw/design_1_wrapper.xsa
TRACE::2026-02-05.20:00:08::SCWPlatform:: Unique name xilinx:::0.0
TRACE::2026-02-05.20:00:08::SCWPlatform::Trying to set the existing hwdb with name design_1_wrapper_0
TRACE::2026-02-05.20:00:08::SCWPlatform::Opened existing hwdb design_1_wrapper_0
TRACE::2026-02-05.20:00:08::SCWPlatform::Found the Hw Db part of the input DSA
TRACE::2026-02-05.20:00:08::SCWMssOS::Checking the sw design at  C:/TFG_Vivado/mis_pruebas/hil_puerto_serie/vitis/design_1_wrapper/zynqmp_pmufw/zynqmp_pmufw_bsp/system.mss
TRACE::2026-02-05.20:00:08::SCWMssOS::DEBUG:  swdes dump  C:/TFG_Vivado/mis_pruebas/hil_puerto_serie/vitis/design_1_wrapper/psu_cortexa53_0/standalone_psu_cortexa53_0/bsp/system.mss|system_1||
C:/TFG_Vivado/mis_pruebas/hil_puerto_serie/vitis/design_1_wrapper/zynqmp_fsbl/zynqmp_fsbl_bsp/system.mss|system||
C:/TFG_Vivado/mis_pruebas/hil_puerto_serie/vitis/design_1_wrapper/zynqmp_pmufw/zynqmp_pmufw_bsp/system.mss|system_0||

TRACE::2026-02-05.20:00:08::SCWMssOS::Sw design exists and opened at  C:/TFG_Vivado/mis_pruebas/hil_puerto_serie/vitis/design_1_wrapper/zynqmp_pmufw/zynqmp_pmufw_bsp/system.mss
TRACE::2026-02-05.20:00:08::SCWPlatform::Trying to open the hw design at C:/TFG_Vivado/mis_pruebas/hil_puerto_serie/vitis/design_1_wrapper/hw/design_1_wrapper.xsa
TRACE::2026-02-05.20:00:08::SCWPlatform::DSA given C:/TFG_Vivado/mis_pruebas/hil_puerto_serie/vitis/design_1_wrapper/hw/design_1_wrapper.xsa
TRACE::2026-02-05.20:00:08::SCWPlatform::DSA absoulate path C:/TFG_Vivado/mis_pruebas/hil_puerto_serie/vitis/design_1_wrapper/hw/design_1_wrapper.xsa
TRACE::2026-02-05.20:00:08::SCWPlatform::DSA directory C:/TFG_Vivado/mis_pruebas/hil_puerto_serie/vitis/design_1_wrapper/hw
TRACE::2026-02-05.20:00:08::SCWPlatform:: Platform Path C:/TFG_Vivado/mis_pruebas/hil_puerto_serie/vitis/design_1_wrapper/hw/design_1_wrapper.xsa
TRACE::2026-02-05.20:00:08::SCWPlatform:: Unique name xilinx:::0.0
TRACE::2026-02-05.20:00:08::SCWPlatform::Trying to set the existing hwdb with name design_1_wrapper_0
TRACE::2026-02-05.20:00:08::SCWPlatform::Opened existing hwdb design_1_wrapper_0
TRACE::2026-02-05.20:00:08::SCWPlatform::Found the Hw Db part of the input DSA
TRACE::2026-02-05.20:00:08::SCWMssOS::Checking the sw design at  C:/TFG_Vivado/mis_pruebas/hil_puerto_serie/vitis/design_1_wrapper/zynqmp_pmufw/zynqmp_pmufw_bsp/system.mss
TRACE::2026-02-05.20:00:08::SCWMssOS::DEBUG:  swdes dump  C:/TFG_Vivado/mis_pruebas/hil_puerto_serie/vitis/design_1_wrapper/psu_cortexa53_0/standalone_psu_cortexa53_0/bsp/system.mss|system_1||
C:/TFG_Vivado/mis_pruebas/hil_puerto_serie/vitis/design_1_wrapper/zynqmp_fsbl/zynqmp_fsbl_bsp/system.mss|system||
C:/TFG_Vivado/mis_pruebas/hil_puerto_serie/vitis/design_1_wrapper/zynqmp_pmufw/zynqmp_pmufw_bsp/system.mss|system_0||

TRACE::2026-02-05.20:00:08::SCWMssOS::Sw design exists and opened at  C:/TFG_Vivado/mis_pruebas/hil_puerto_serie/vitis/design_1_wrapper/zynqmp_pmufw/zynqmp_pmufw_bsp/system.mss
TRACE::2026-02-05.20:00:08::SCWPlatform::Trying to open the hw design at C:/TFG_Vivado/mis_pruebas/hil_puerto_serie/vitis/design_1_wrapper/hw/design_1_wrapper.xsa
TRACE::2026-02-05.20:00:08::SCWPlatform::DSA given C:/TFG_Vivado/mis_pruebas/hil_puerto_serie/vitis/design_1_wrapper/hw/design_1_wrapper.xsa
TRACE::2026-02-05.20:00:08::SCWPlatform::DSA absoulate path C:/TFG_Vivado/mis_pruebas/hil_puerto_serie/vitis/design_1_wrapper/hw/design_1_wrapper.xsa
TRACE::2026-02-05.20:00:08::SCWPlatform::DSA directory C:/TFG_Vivado/mis_pruebas/hil_puerto_serie/vitis/design_1_wrapper/hw
TRACE::2026-02-05.20:00:08::SCWPlatform:: Platform Path C:/TFG_Vivado/mis_pruebas/hil_puerto_serie/vitis/design_1_wrapper/hw/design_1_wrapper.xsa
TRACE::2026-02-05.20:00:08::SCWPlatform:: Unique name xilinx:::0.0
TRACE::2026-02-05.20:00:08::SCWPlatform::Trying to set the existing hwdb with name design_1_wrapper_0
TRACE::2026-02-05.20:00:08::SCWPlatform::Opened existing hwdb design_1_wrapper_0
TRACE::2026-02-05.20:00:08::SCWPlatform::Found the Hw Db part of the input DSA
TRACE::2026-02-05.20:00:08::SCWMssOS::Checking the sw design at  C:/TFG_Vivado/mis_pruebas/hil_puerto_serie/vitis/design_1_wrapper/zynqmp_pmufw/zynqmp_pmufw_bsp/system.mss
TRACE::2026-02-05.20:00:08::SCWMssOS::DEBUG:  swdes dump  C:/TFG_Vivado/mis_pruebas/hil_puerto_serie/vitis/design_1_wrapper/psu_cortexa53_0/standalone_psu_cortexa53_0/bsp/system.mss|system_1||
C:/TFG_Vivado/mis_pruebas/hil_puerto_serie/vitis/design_1_wrapper/zynqmp_fsbl/zynqmp_fsbl_bsp/system.mss|system||
C:/TFG_Vivado/mis_pruebas/hil_puerto_serie/vitis/design_1_wrapper/zynqmp_pmufw/zynqmp_pmufw_bsp/system.mss|system_0||

TRACE::2026-02-05.20:00:08::SCWMssOS::Sw design exists and opened at  C:/TFG_Vivado/mis_pruebas/hil_puerto_serie/vitis/design_1_wrapper/zynqmp_pmufw/zynqmp_pmufw_bsp/system.mss
TRACE::2026-02-05.20:00:08::SCWPlatform::Trying to open the hw design at C:/TFG_Vivado/mis_pruebas/hil_puerto_serie/vitis/design_1_wrapper/hw/design_1_wrapper.xsa
TRACE::2026-02-05.20:00:08::SCWPlatform::DSA given C:/TFG_Vivado/mis_pruebas/hil_puerto_serie/vitis/design_1_wrapper/hw/design_1_wrapper.xsa
TRACE::2026-02-05.20:00:08::SCWPlatform::DSA absoulate path C:/TFG_Vivado/mis_pruebas/hil_puerto_serie/vitis/design_1_wrapper/hw/design_1_wrapper.xsa
TRACE::2026-02-05.20:00:08::SCWPlatform::DSA directory C:/TFG_Vivado/mis_pruebas/hil_puerto_serie/vitis/design_1_wrapper/hw
TRACE::2026-02-05.20:00:08::SCWPlatform:: Platform Path C:/TFG_Vivado/mis_pruebas/hil_puerto_serie/vitis/design_1_wrapper/hw/design_1_wrapper.xsa
TRACE::2026-02-05.20:00:08::SCWPlatform:: Unique name xilinx:::0.0
TRACE::2026-02-05.20:00:08::SCWPlatform::Trying to set the existing hwdb with name design_1_wrapper_0
TRACE::2026-02-05.20:00:08::SCWPlatform::Opened existing hwdb design_1_wrapper_0
TRACE::2026-02-05.20:00:08::SCWPlatform::Found the Hw Db part of the input DSA
TRACE::2026-02-05.20:00:08::SCWMssOS::Checking the sw design at  C:/TFG_Vivado/mis_pruebas/hil_puerto_serie/vitis/design_1_wrapper/psu_cortexa53_0/standalone_psu_cortexa53_0/bsp/system.mss
TRACE::2026-02-05.20:00:08::SCWMssOS::DEBUG:  swdes dump  C:/TFG_Vivado/mis_pruebas/hil_puerto_serie/vitis/design_1_wrapper/psu_cortexa53_0/standalone_psu_cortexa53_0/bsp/system.mss|system_1||
C:/TFG_Vivado/mis_pruebas/hil_puerto_serie/vitis/design_1_wrapper/zynqmp_fsbl/zynqmp_fsbl_bsp/system.mss|system||
C:/TFG_Vivado/mis_pruebas/hil_puerto_serie/vitis/design_1_wrapper/zynqmp_pmufw/zynqmp_pmufw_bsp/system.mss|system_0||

TRACE::2026-02-05.20:00:08::SCWMssOS::Sw design exists and opened at  C:/TFG_Vivado/mis_pruebas/hil_puerto_serie/vitis/design_1_wrapper/psu_cortexa53_0/standalone_psu_cortexa53_0/bsp/system.mss
TRACE::2026-02-05.20:00:08::SCWPlatform::Trying to open the hw design at C:/TFG_Vivado/mis_pruebas/hil_puerto_serie/vitis/design_1_wrapper/hw/design_1_wrapper.xsa
TRACE::2026-02-05.20:00:08::SCWPlatform::DSA given C:/TFG_Vivado/mis_pruebas/hil_puerto_serie/vitis/design_1_wrapper/hw/design_1_wrapper.xsa
TRACE::2026-02-05.20:00:08::SCWPlatform::DSA absoulate path C:/TFG_Vivado/mis_pruebas/hil_puerto_serie/vitis/design_1_wrapper/hw/design_1_wrapper.xsa
TRACE::2026-02-05.20:00:08::SCWPlatform::DSA directory C:/TFG_Vivado/mis_pruebas/hil_puerto_serie/vitis/design_1_wrapper/hw
TRACE::2026-02-05.20:00:08::SCWPlatform:: Platform Path C:/TFG_Vivado/mis_pruebas/hil_puerto_serie/vitis/design_1_wrapper/hw/design_1_wrapper.xsa
TRACE::2026-02-05.20:00:08::SCWPlatform:: Unique name xilinx:::0.0
TRACE::2026-02-05.20:00:08::SCWPlatform::Trying to set the existing hwdb with name design_1_wrapper_0
TRACE::2026-02-05.20:00:08::SCWPlatform::Opened existing hwdb design_1_wrapper_0
TRACE::2026-02-05.20:00:08::SCWPlatform::Found the Hw Db part of the input DSA
TRACE::2026-02-05.20:00:08::SCWMssOS::Checking the sw design at  C:/TFG_Vivado/mis_pruebas/hil_puerto_serie/vitis/design_1_wrapper/psu_cortexa53_0/standalone_psu_cortexa53_0/bsp/system.mss
TRACE::2026-02-05.20:00:08::SCWMssOS::DEBUG:  swdes dump  C:/TFG_Vivado/mis_pruebas/hil_puerto_serie/vitis/design_1_wrapper/psu_cortexa53_0/standalone_psu_cortexa53_0/bsp/system.mss|system_1||
C:/TFG_Vivado/mis_pruebas/hil_puerto_serie/vitis/design_1_wrapper/zynqmp_fsbl/zynqmp_fsbl_bsp/system.mss|system||
C:/TFG_Vivado/mis_pruebas/hil_puerto_serie/vitis/design_1_wrapper/zynqmp_pmufw/zynqmp_pmufw_bsp/system.mss|system_0||

TRACE::2026-02-05.20:00:08::SCWMssOS::Sw design exists and opened at  C:/TFG_Vivado/mis_pruebas/hil_puerto_serie/vitis/design_1_wrapper/psu_cortexa53_0/standalone_psu_cortexa53_0/bsp/system.mss
TRACE::2026-02-05.20:00:08::SCWPlatform::Trying to open the hw design at C:/TFG_Vivado/mis_pruebas/hil_puerto_serie/vitis/design_1_wrapper/hw/design_1_wrapper.xsa
TRACE::2026-02-05.20:00:08::SCWPlatform::DSA given C:/TFG_Vivado/mis_pruebas/hil_puerto_serie/vitis/design_1_wrapper/hw/design_1_wrapper.xsa
TRACE::2026-02-05.20:00:08::SCWPlatform::DSA absoulate path C:/TFG_Vivado/mis_pruebas/hil_puerto_serie/vitis/design_1_wrapper/hw/design_1_wrapper.xsa
TRACE::2026-02-05.20:00:08::SCWPlatform::DSA directory C:/TFG_Vivado/mis_pruebas/hil_puerto_serie/vitis/design_1_wrapper/hw
TRACE::2026-02-05.20:00:08::SCWPlatform:: Platform Path C:/TFG_Vivado/mis_pruebas/hil_puerto_serie/vitis/design_1_wrapper/hw/design_1_wrapper.xsa
TRACE::2026-02-05.20:00:08::SCWPlatform:: Unique name xilinx:::0.0
TRACE::2026-02-05.20:00:08::SCWPlatform::Trying to set the existing hwdb with name design_1_wrapper_0
TRACE::2026-02-05.20:00:08::SCWPlatform::Opened existing hwdb design_1_wrapper_0
TRACE::2026-02-05.20:00:08::SCWPlatform::Found the Hw Db part of the input DSA
TRACE::2026-02-05.20:00:08::SCWMssOS::Checking the sw design at  C:/TFG_Vivado/mis_pruebas/hil_puerto_serie/vitis/design_1_wrapper/psu_cortexa53_0/standalone_psu_cortexa53_0/bsp/system.mss
TRACE::2026-02-05.20:00:08::SCWMssOS::DEBUG:  swdes dump  C:/TFG_Vivado/mis_pruebas/hil_puerto_serie/vitis/design_1_wrapper/psu_cortexa53_0/standalone_psu_cortexa53_0/bsp/system.mss|system_1||
C:/TFG_Vivado/mis_pruebas/hil_puerto_serie/vitis/design_1_wrapper/zynqmp_fsbl/zynqmp_fsbl_bsp/system.mss|system||
C:/TFG_Vivado/mis_pruebas/hil_puerto_serie/vitis/design_1_wrapper/zynqmp_pmufw/zynqmp_pmufw_bsp/system.mss|system_0||

TRACE::2026-02-05.20:00:08::SCWMssOS::Sw design exists and opened at  C:/TFG_Vivado/mis_pruebas/hil_puerto_serie/vitis/design_1_wrapper/psu_cortexa53_0/standalone_psu_cortexa53_0/bsp/system.mss
TRACE::2026-02-05.20:00:08::SCWWriter::formatted JSON is {
	"platformName":	"design_1_wrapper",
	"sprVersion":	"2.0",
	"mode":	"gui",
	"dsaType":	"Fixed",
	"platformDesc":	"design_1_wrapper",
	"platHandOff":	"<platformDir>.xsa",
	"platIntHandOff":	"<platformDir>/hw/design_1_wrapper.xsa",
	"deviceType":	"zynqMP",
	"platIsPrebuiltAutogen":	"false",
	"platIsNoBootBsp":	"false",
	"platFsblTarget":	"psu_cortexa53_0",
	"hasFsblMakeHasChanges":	"false",
	"hasPmufwMakeHasChanges":	"false",
	"fsblExtraCompilerFlags":	"-MMD -MP      -Wall -fmessage-length=0 -DARMA53_64 -Os -flto -ffat-lto-objects  ",
	"pmufwExtraCompilerFlags":	"-MMD -MP      -mlittle-endian -mxl-barrel-shift -mxl-pattern-compare -mcpu=v9.2 -mxl-soft-mul -Os -flto -ffat-lto-objects  ",
	"platPreBuiltFlag":	false,
	"platformSamplesDir":	"",
	"platActiveSys":	"design_1_wrapper",
	"systems":	[{
			"systemName":	"design_1_wrapper",
			"systemDesc":	"design_1_wrapper",
			"sysIsBootAutoGen":	"true",
			"systemDispName":	"design_1_wrapper",
			"sysActiveDom":	"standalone_psu_cortexa53_0",
			"sysDefaultDom":	"standalone_psu_cortexa53_0",
			"domains":	[{
					"domainName":	"zynqmp_fsbl",
					"domainDispName":	"zynqmp_fsbl",
					"domainDesc":	"FSBL Application BSP - Auto Generated.",
					"processors":	"psu_cortexa53_0",
					"os":	"standalone",
					"sdxOs":	"standalone",
					"debugEnable":	"",
					"domRuntimes":	["cpp"],
					"swRepo":	"",
					"mssOsVer":	"8.1",
					"mssFile":	"",
					"md5Digest":	"50ffef4a883d3ea676765d60b786a6e4",
					"compatibleApp":	"zynqmp_fsbl",
					"domType":	"bootDomain",
					"arch":	"64-bit",
					"appSettings":	{
						"appCompilerFlags":	"",
						"appLinkerFlags":	""
					},
					"addedLibs":	["xilffs:5.0", "xilsecure:5.1", "xilpm:5.0"],
					"libOptions":	{
						"standalone":	{
							"zynqmp_fsbl_bsp":	"true",
							"libOptionNames":	["zynqmp_fsbl_bsp"]
						},
						"xilffs":	{
							"read_only":	"true",
							"use_mkfs":	"false",
							"libOptionNames":	["read_only", "use_mkfs"]
						},
						"xilsecure":	{
							"tpm_support":	"true",
							"libOptionNames":	["tpm_support"]
						},
						"libsContainingOptions":	["standalone", "xilffs", "xilsecure"]
					},
					"prebuiltLibs":	{
						"prebuiltIncPath":	[],
						"prebuiltLibPath":	[]
					},
					"isolation":	{
					}
				}, {
					"domainName":	"zynqmp_pmufw",
					"domainDispName":	"zynqmp_pmufw",
					"domainDesc":	"PMUFW Application BSP - Auto Generated.",
					"processors":	"psu_pmu_0",
					"os":	"standalone",
					"sdxOs":	"standalone",
					"debugEnable":	"",
					"domRuntimes":	["cpp"],
					"swRepo":	"",
					"mssOsVer":	"8.1",
					"mssFile":	"",
					"md5Digest":	"f53f944c509d63eeaedc429f0d902726",
					"compatibleApp":	"zynqmp_pmufw",
					"domType":	"bootDomain",
					"arch":	"32-bit",
					"appSettings":	{
						"appCompilerFlags":	"",
						"appLinkerFlags":	""
					},
					"addedLibs":	["xilfpga:6.4", "xilsecure:5.1", "xilskey:7.4"],
					"libOptions":	{
						"psu_pmu_0":	{
							"extra_compiler_flags":	"-g -ffunction-sections -fdata-sections -Wall -Wextra -fno-tree-loop-distribute-patterns  -Os -flto -ffat-lto-objects",
							"libOptionNames":	["extra_compiler_flags"]
						},
						"libsContainingOptions":	["psu_pmu_0"]
					},
					"prebuiltLibs":	{
						"prebuiltIncPath":	[],
						"prebuiltLibPath":	[]
					},
					"isolation":	{
					}
				}, {
					"domainName":	"standalone_psu_cortexa53_0",
					"domainDispName":	"standalone_psu_cortexa53_0",
					"domainDesc":	"standalone_psu_cortexa53_0",
					"processors":	"psu_cortexa53_0",
					"os":	"standalone",
					"sdxOs":	"standalone",
					"qemuArgs":	"<platformDir>/resources/design_1_wrapper/standalone_psu_cortexa53_0/qemu_args.txt",
					"qemuData":	"<platformDir>/resources/design_1_wrapper/standalone_psu_cortexa53_0/qemu",
					"pmuQemuArgs":	"<platformDir>/resources/design_1_wrapper/standalone_psu_cortexa53_0/pmu_args.txt",
					"debugEnable":	"False",
					"domRuntimes":	["cpp"],
					"swRepo":	"",
					"mssOsVer":	"8.1",
					"mssFile":	"",
					"md5Digest":	"7824a2544f94f615c7699fb2e7b9fe4e",
					"compatibleApp":	"hello_world",
					"domType":	"mssDomain",
					"arch":	"64-bit",
					"appSettings":	{
						"appCompilerFlags":	"",
						"appLinkerFlags":	""
					},
					"addedLibs":	[],
					"libOptions":	{
						"libsContainingOptions":	[]
					},
					"prebuiltLibs":	{
						"prebuiltIncPath":	[],
						"prebuiltLibPath":	[]
					},
					"isolation":	{
					}
				}]
		}]
}
TRACE::2026-02-05.20:00:08::SCWPlatform::Trying to open the hw design at C:/TFG_Vivado/mis_pruebas/hil_puerto_serie/vitis/design_1_wrapper/hw/design_1_wrapper.xsa
TRACE::2026-02-05.20:00:08::SCWPlatform::DSA given C:/TFG_Vivado/mis_pruebas/hil_puerto_serie/vitis/design_1_wrapper/hw/design_1_wrapper.xsa
TRACE::2026-02-05.20:00:08::SCWPlatform::DSA absoulate path C:/TFG_Vivado/mis_pruebas/hil_puerto_serie/vitis/design_1_wrapper/hw/design_1_wrapper.xsa
TRACE::2026-02-05.20:00:08::SCWPlatform::DSA directory C:/TFG_Vivado/mis_pruebas/hil_puerto_serie/vitis/design_1_wrapper/hw
TRACE::2026-02-05.20:00:08::SCWPlatform:: Platform Path C:/TFG_Vivado/mis_pruebas/hil_puerto_serie/vitis/design_1_wrapper/hw/design_1_wrapper.xsa
TRACE::2026-02-05.20:00:08::SCWPlatform:: Unique name xilinx:::0.0
TRACE::2026-02-05.20:00:08::SCWPlatform::Trying to set the existing hwdb with name design_1_wrapper_0
TRACE::2026-02-05.20:00:08::SCWPlatform::Opened existing hwdb design_1_wrapper_0
TRACE::2026-02-05.20:00:08::SCWPlatform::Found the Hw Db part of the input DSA
TRACE::2026-02-05.20:00:08::SCWMssOS::Checking the sw design at  C:/TFG_Vivado/mis_pruebas/hil_puerto_serie/vitis/design_1_wrapper/psu_cortexa53_0/standalone_psu_cortexa53_0/bsp/system.mss
TRACE::2026-02-05.20:00:08::SCWMssOS::DEBUG:  swdes dump  C:/TFG_Vivado/mis_pruebas/hil_puerto_serie/vitis/design_1_wrapper/psu_cortexa53_0/standalone_psu_cortexa53_0/bsp/system.mss|system_1||
C:/TFG_Vivado/mis_pruebas/hil_puerto_serie/vitis/design_1_wrapper/zynqmp_fsbl/zynqmp_fsbl_bsp/system.mss|system||
C:/TFG_Vivado/mis_pruebas/hil_puerto_serie/vitis/design_1_wrapper/zynqmp_pmufw/zynqmp_pmufw_bsp/system.mss|system_0||

TRACE::2026-02-05.20:00:08::SCWMssOS::Sw design exists and opened at  C:/TFG_Vivado/mis_pruebas/hil_puerto_serie/vitis/design_1_wrapper/psu_cortexa53_0/standalone_psu_cortexa53_0/bsp/system.mss
TRACE::2026-02-05.20:00:08::SCWPlatform::Trying to open the hw design at C:/TFG_Vivado/mis_pruebas/hil_puerto_serie/vitis/design_1_wrapper/hw/design_1_wrapper.xsa
TRACE::2026-02-05.20:00:08::SCWPlatform::DSA given C:/TFG_Vivado/mis_pruebas/hil_puerto_serie/vitis/design_1_wrapper/hw/design_1_wrapper.xsa
TRACE::2026-02-05.20:00:08::SCWPlatform::DSA absoulate path C:/TFG_Vivado/mis_pruebas/hil_puerto_serie/vitis/design_1_wrapper/hw/design_1_wrapper.xsa
TRACE::2026-02-05.20:00:08::SCWPlatform::DSA directory C:/TFG_Vivado/mis_pruebas/hil_puerto_serie/vitis/design_1_wrapper/hw
TRACE::2026-02-05.20:00:08::SCWPlatform:: Platform Path C:/TFG_Vivado/mis_pruebas/hil_puerto_serie/vitis/design_1_wrapper/hw/design_1_wrapper.xsa
TRACE::2026-02-05.20:00:08::SCWPlatform:: Unique name xilinx:::0.0
TRACE::2026-02-05.20:00:08::SCWPlatform::Trying to set the existing hwdb with name design_1_wrapper_0
TRACE::2026-02-05.20:00:08::SCWPlatform::Opened existing hwdb design_1_wrapper_0
TRACE::2026-02-05.20:00:08::SCWPlatform::Found the Hw Db part of the input DSA
TRACE::2026-02-05.20:00:08::SCWMssOS::Checking the sw design at  C:/TFG_Vivado/mis_pruebas/hil_puerto_serie/vitis/design_1_wrapper/psu_cortexa53_0/standalone_psu_cortexa53_0/bsp/system.mss
TRACE::2026-02-05.20:00:08::SCWMssOS::DEBUG:  swdes dump  C:/TFG_Vivado/mis_pruebas/hil_puerto_serie/vitis/design_1_wrapper/psu_cortexa53_0/standalone_psu_cortexa53_0/bsp/system.mss|system_1||
C:/TFG_Vivado/mis_pruebas/hil_puerto_serie/vitis/design_1_wrapper/zynqmp_fsbl/zynqmp_fsbl_bsp/system.mss|system||
C:/TFG_Vivado/mis_pruebas/hil_puerto_serie/vitis/design_1_wrapper/zynqmp_pmufw/zynqmp_pmufw_bsp/system.mss|system_0||

TRACE::2026-02-05.20:00:08::SCWMssOS::Sw design exists and opened at  C:/TFG_Vivado/mis_pruebas/hil_puerto_serie/vitis/design_1_wrapper/psu_cortexa53_0/standalone_psu_cortexa53_0/bsp/system.mss
TRACE::2026-02-05.20:00:08::SCWMssOS::Saving the mss changes C:/TFG_Vivado/mis_pruebas/hil_puerto_serie/vitis/design_1_wrapper/zynqmp_fsbl/zynqmp_fsbl_bsp/system.mss
TRACE::2026-02-05.20:00:08::SCWMssOS::Found a swdesign opened with the mssfile.
TRACE::2026-02-05.20:00:08::SCWMssOS::Completed writemss as part of save.
TRACE::2026-02-05.20:00:08::SCWMssOS::Commit changes completed.
TRACE::2026-02-05.20:00:08::SCWMssOS::Saving the mss changes C:/TFG_Vivado/mis_pruebas/hil_puerto_serie/vitis/design_1_wrapper/zynqmp_pmufw/zynqmp_pmufw_bsp/system.mss
TRACE::2026-02-05.20:00:08::SCWMssOS::Found a swdesign opened with the mssfile.
TRACE::2026-02-05.20:00:08::SCWMssOS::Completed writemss as part of save.
TRACE::2026-02-05.20:00:08::SCWMssOS::Commit changes completed.
TRACE::2026-02-05.20:00:08::SCWMssOS::Saving the mss changes C:/TFG_Vivado/mis_pruebas/hil_puerto_serie/vitis/design_1_wrapper/psu_cortexa53_0/standalone_psu_cortexa53_0/bsp/system.mss
TRACE::2026-02-05.20:00:08::SCWMssOS::Found a swdesign opened with the mssfile.
TRACE::2026-02-05.20:00:08::SCWMssOS::Completed writemss as part of save.
TRACE::2026-02-05.20:00:08::SCWMssOS::Commit changes completed.
TRACE::2026-02-05.20:00:08::SCWPlatform::Trying to open the hw design at C:/TFG_Vivado/mis_pruebas/hil_puerto_serie/vitis/design_1_wrapper/hw/design_1_wrapper.xsa
TRACE::2026-02-05.20:00:08::SCWPlatform::DSA given C:/TFG_Vivado/mis_pruebas/hil_puerto_serie/vitis/design_1_wrapper/hw/design_1_wrapper.xsa
TRACE::2026-02-05.20:00:08::SCWPlatform::DSA absoulate path C:/TFG_Vivado/mis_pruebas/hil_puerto_serie/vitis/design_1_wrapper/hw/design_1_wrapper.xsa
TRACE::2026-02-05.20:00:08::SCWPlatform::DSA directory C:/TFG_Vivado/mis_pruebas/hil_puerto_serie/vitis/design_1_wrapper/hw
TRACE::2026-02-05.20:00:08::SCWPlatform:: Platform Path C:/TFG_Vivado/mis_pruebas/hil_puerto_serie/vitis/design_1_wrapper/hw/design_1_wrapper.xsa
TRACE::2026-02-05.20:00:08::SCWPlatform:: Unique name xilinx:::0.0
TRACE::2026-02-05.20:00:08::SCWPlatform::Trying to set the existing hwdb with name design_1_wrapper_0
TRACE::2026-02-05.20:00:08::SCWPlatform::Opened existing hwdb design_1_wrapper_0
TRACE::2026-02-05.20:00:08::SCWPlatform::Found the Hw Db part of the input DSA
TRACE::2026-02-05.20:00:08::SCWMssOS::Checking the sw design at  C:/TFG_Vivado/mis_pruebas/hil_puerto_serie/vitis/design_1_wrapper/zynqmp_fsbl/zynqmp_fsbl_bsp/system.mss
TRACE::2026-02-05.20:00:08::SCWMssOS::DEBUG:  swdes dump  C:/TFG_Vivado/mis_pruebas/hil_puerto_serie/vitis/design_1_wrapper/psu_cortexa53_0/standalone_psu_cortexa53_0/bsp/system.mss|system_1||
C:/TFG_Vivado/mis_pruebas/hil_puerto_serie/vitis/design_1_wrapper/zynqmp_fsbl/zynqmp_fsbl_bsp/system.mss|system||
C:/TFG_Vivado/mis_pruebas/hil_puerto_serie/vitis/design_1_wrapper/zynqmp_pmufw/zynqmp_pmufw_bsp/system.mss|system_0||

TRACE::2026-02-05.20:00:08::SCWMssOS::Sw design exists and opened at  C:/TFG_Vivado/mis_pruebas/hil_puerto_serie/vitis/design_1_wrapper/zynqmp_fsbl/zynqmp_fsbl_bsp/system.mss
TRACE::2026-02-05.20:00:08::SCWPlatform::Trying to open the hw design at C:/TFG_Vivado/mis_pruebas/hil_puerto_serie/vitis/design_1_wrapper/hw/design_1_wrapper.xsa
TRACE::2026-02-05.20:00:08::SCWPlatform::DSA given C:/TFG_Vivado/mis_pruebas/hil_puerto_serie/vitis/design_1_wrapper/hw/design_1_wrapper.xsa
TRACE::2026-02-05.20:00:08::SCWPlatform::DSA absoulate path C:/TFG_Vivado/mis_pruebas/hil_puerto_serie/vitis/design_1_wrapper/hw/design_1_wrapper.xsa
TRACE::2026-02-05.20:00:08::SCWPlatform::DSA directory C:/TFG_Vivado/mis_pruebas/hil_puerto_serie/vitis/design_1_wrapper/hw
TRACE::2026-02-05.20:00:08::SCWPlatform:: Platform Path C:/TFG_Vivado/mis_pruebas/hil_puerto_serie/vitis/design_1_wrapper/hw/design_1_wrapper.xsa
TRACE::2026-02-05.20:00:08::SCWPlatform:: Unique name xilinx:::0.0
TRACE::2026-02-05.20:00:08::SCWPlatform::Trying to set the existing hwdb with name design_1_wrapper_0
TRACE::2026-02-05.20:00:08::SCWPlatform::Opened existing hwdb design_1_wrapper_0
TRACE::2026-02-05.20:00:08::SCWPlatform::Found the Hw Db part of the input DSA
TRACE::2026-02-05.20:00:08::SCWMssOS::Checking the sw design at  C:/TFG_Vivado/mis_pruebas/hil_puerto_serie/vitis/design_1_wrapper/zynqmp_fsbl/zynqmp_fsbl_bsp/system.mss
TRACE::2026-02-05.20:00:08::SCWMssOS::DEBUG:  swdes dump  C:/TFG_Vivado/mis_pruebas/hil_puerto_serie/vitis/design_1_wrapper/psu_cortexa53_0/standalone_psu_cortexa53_0/bsp/system.mss|system_1||
C:/TFG_Vivado/mis_pruebas/hil_puerto_serie/vitis/design_1_wrapper/zynqmp_fsbl/zynqmp_fsbl_bsp/system.mss|system||
C:/TFG_Vivado/mis_pruebas/hil_puerto_serie/vitis/design_1_wrapper/zynqmp_pmufw/zynqmp_pmufw_bsp/system.mss|system_0||

TRACE::2026-02-05.20:00:08::SCWMssOS::Sw design exists and opened at  C:/TFG_Vivado/mis_pruebas/hil_puerto_serie/vitis/design_1_wrapper/zynqmp_fsbl/zynqmp_fsbl_bsp/system.mss
TRACE::2026-02-05.20:00:08::SCWPlatform::Trying to open the hw design at C:/TFG_Vivado/mis_pruebas/hil_puerto_serie/vitis/design_1_wrapper/hw/design_1_wrapper.xsa
TRACE::2026-02-05.20:00:08::SCWPlatform::DSA given C:/TFG_Vivado/mis_pruebas/hil_puerto_serie/vitis/design_1_wrapper/hw/design_1_wrapper.xsa
TRACE::2026-02-05.20:00:08::SCWPlatform::DSA absoulate path C:/TFG_Vivado/mis_pruebas/hil_puerto_serie/vitis/design_1_wrapper/hw/design_1_wrapper.xsa
TRACE::2026-02-05.20:00:08::SCWPlatform::DSA directory C:/TFG_Vivado/mis_pruebas/hil_puerto_serie/vitis/design_1_wrapper/hw
TRACE::2026-02-05.20:00:08::SCWPlatform:: Platform Path C:/TFG_Vivado/mis_pruebas/hil_puerto_serie/vitis/design_1_wrapper/hw/design_1_wrapper.xsa
TRACE::2026-02-05.20:00:08::SCWPlatform:: Unique name xilinx:::0.0
TRACE::2026-02-05.20:00:08::SCWPlatform::Trying to set the existing hwdb with name design_1_wrapper_0
TRACE::2026-02-05.20:00:08::SCWPlatform::Opened existing hwdb design_1_wrapper_0
TRACE::2026-02-05.20:00:08::SCWPlatform::Found the Hw Db part of the input DSA
TRACE::2026-02-05.20:00:08::SCWMssOS::Checking the sw design at  C:/TFG_Vivado/mis_pruebas/hil_puerto_serie/vitis/design_1_wrapper/zynqmp_fsbl/zynqmp_fsbl_bsp/system.mss
TRACE::2026-02-05.20:00:08::SCWMssOS::DEBUG:  swdes dump  C:/TFG_Vivado/mis_pruebas/hil_puerto_serie/vitis/design_1_wrapper/psu_cortexa53_0/standalone_psu_cortexa53_0/bsp/system.mss|system_1||
C:/TFG_Vivado/mis_pruebas/hil_puerto_serie/vitis/design_1_wrapper/zynqmp_fsbl/zynqmp_fsbl_bsp/system.mss|system||
C:/TFG_Vivado/mis_pruebas/hil_puerto_serie/vitis/design_1_wrapper/zynqmp_pmufw/zynqmp_pmufw_bsp/system.mss|system_0||

TRACE::2026-02-05.20:00:08::SCWMssOS::Sw design exists and opened at  C:/TFG_Vivado/mis_pruebas/hil_puerto_serie/vitis/design_1_wrapper/zynqmp_fsbl/zynqmp_fsbl_bsp/system.mss
TRACE::2026-02-05.20:00:08::SCWPlatform::Trying to open the hw design at C:/TFG_Vivado/mis_pruebas/hil_puerto_serie/vitis/design_1_wrapper/hw/design_1_wrapper.xsa
TRACE::2026-02-05.20:00:08::SCWPlatform::DSA given C:/TFG_Vivado/mis_pruebas/hil_puerto_serie/vitis/design_1_wrapper/hw/design_1_wrapper.xsa
TRACE::2026-02-05.20:00:08::SCWPlatform::DSA absoulate path C:/TFG_Vivado/mis_pruebas/hil_puerto_serie/vitis/design_1_wrapper/hw/design_1_wrapper.xsa
TRACE::2026-02-05.20:00:08::SCWPlatform::DSA directory C:/TFG_Vivado/mis_pruebas/hil_puerto_serie/vitis/design_1_wrapper/hw
TRACE::2026-02-05.20:00:08::SCWPlatform:: Platform Path C:/TFG_Vivado/mis_pruebas/hil_puerto_serie/vitis/design_1_wrapper/hw/design_1_wrapper.xsa
TRACE::2026-02-05.20:00:08::SCWPlatform:: Unique name xilinx:::0.0
TRACE::2026-02-05.20:00:08::SCWPlatform::Trying to set the existing hwdb with name design_1_wrapper_0
TRACE::2026-02-05.20:00:08::SCWPlatform::Opened existing hwdb design_1_wrapper_0
TRACE::2026-02-05.20:00:08::SCWPlatform::Found the Hw Db part of the input DSA
TRACE::2026-02-05.20:00:08::SCWMssOS::Checking the sw design at  C:/TFG_Vivado/mis_pruebas/hil_puerto_serie/vitis/design_1_wrapper/zynqmp_pmufw/zynqmp_pmufw_bsp/system.mss
TRACE::2026-02-05.20:00:08::SCWMssOS::DEBUG:  swdes dump  C:/TFG_Vivado/mis_pruebas/hil_puerto_serie/vitis/design_1_wrapper/psu_cortexa53_0/standalone_psu_cortexa53_0/bsp/system.mss|system_1||
C:/TFG_Vivado/mis_pruebas/hil_puerto_serie/vitis/design_1_wrapper/zynqmp_fsbl/zynqmp_fsbl_bsp/system.mss|system||
C:/TFG_Vivado/mis_pruebas/hil_puerto_serie/vitis/design_1_wrapper/zynqmp_pmufw/zynqmp_pmufw_bsp/system.mss|system_0||

TRACE::2026-02-05.20:00:08::SCWMssOS::Sw design exists and opened at  C:/TFG_Vivado/mis_pruebas/hil_puerto_serie/vitis/design_1_wrapper/zynqmp_pmufw/zynqmp_pmufw_bsp/system.mss
TRACE::2026-02-05.20:00:08::SCWPlatform::Trying to open the hw design at C:/TFG_Vivado/mis_pruebas/hil_puerto_serie/vitis/design_1_wrapper/hw/design_1_wrapper.xsa
TRACE::2026-02-05.20:00:08::SCWPlatform::DSA given C:/TFG_Vivado/mis_pruebas/hil_puerto_serie/vitis/design_1_wrapper/hw/design_1_wrapper.xsa
TRACE::2026-02-05.20:00:08::SCWPlatform::DSA absoulate path C:/TFG_Vivado/mis_pruebas/hil_puerto_serie/vitis/design_1_wrapper/hw/design_1_wrapper.xsa
TRACE::2026-02-05.20:00:08::SCWPlatform::DSA directory C:/TFG_Vivado/mis_pruebas/hil_puerto_serie/vitis/design_1_wrapper/hw
TRACE::2026-02-05.20:00:08::SCWPlatform:: Platform Path C:/TFG_Vivado/mis_pruebas/hil_puerto_serie/vitis/design_1_wrapper/hw/design_1_wrapper.xsa
TRACE::2026-02-05.20:00:08::SCWPlatform:: Unique name xilinx:::0.0
TRACE::2026-02-05.20:00:08::SCWPlatform::Trying to set the existing hwdb with name design_1_wrapper_0
TRACE::2026-02-05.20:00:08::SCWPlatform::Opened existing hwdb design_1_wrapper_0
TRACE::2026-02-05.20:00:08::SCWPlatform::Found the Hw Db part of the input DSA
TRACE::2026-02-05.20:00:08::SCWMssOS::Checking the sw design at  C:/TFG_Vivado/mis_pruebas/hil_puerto_serie/vitis/design_1_wrapper/zynqmp_pmufw/zynqmp_pmufw_bsp/system.mss
TRACE::2026-02-05.20:00:08::SCWMssOS::DEBUG:  swdes dump  C:/TFG_Vivado/mis_pruebas/hil_puerto_serie/vitis/design_1_wrapper/psu_cortexa53_0/standalone_psu_cortexa53_0/bsp/system.mss|system_1||
C:/TFG_Vivado/mis_pruebas/hil_puerto_serie/vitis/design_1_wrapper/zynqmp_fsbl/zynqmp_fsbl_bsp/system.mss|system||
C:/TFG_Vivado/mis_pruebas/hil_puerto_serie/vitis/design_1_wrapper/zynqmp_pmufw/zynqmp_pmufw_bsp/system.mss|system_0||

TRACE::2026-02-05.20:00:08::SCWMssOS::Sw design exists and opened at  C:/TFG_Vivado/mis_pruebas/hil_puerto_serie/vitis/design_1_wrapper/zynqmp_pmufw/zynqmp_pmufw_bsp/system.mss
TRACE::2026-02-05.20:00:08::SCWPlatform::Trying to open the hw design at C:/TFG_Vivado/mis_pruebas/hil_puerto_serie/vitis/design_1_wrapper/hw/design_1_wrapper.xsa
TRACE::2026-02-05.20:00:08::SCWPlatform::DSA given C:/TFG_Vivado/mis_pruebas/hil_puerto_serie/vitis/design_1_wrapper/hw/design_1_wrapper.xsa
TRACE::2026-02-05.20:00:08::SCWPlatform::DSA absoulate path C:/TFG_Vivado/mis_pruebas/hil_puerto_serie/vitis/design_1_wrapper/hw/design_1_wrapper.xsa
TRACE::2026-02-05.20:00:08::SCWPlatform::DSA directory C:/TFG_Vivado/mis_pruebas/hil_puerto_serie/vitis/design_1_wrapper/hw
TRACE::2026-02-05.20:00:08::SCWPlatform:: Platform Path C:/TFG_Vivado/mis_pruebas/hil_puerto_serie/vitis/design_1_wrapper/hw/design_1_wrapper.xsa
TRACE::2026-02-05.20:00:08::SCWPlatform:: Unique name xilinx:::0.0
TRACE::2026-02-05.20:00:08::SCWPlatform::Trying to set the existing hwdb with name design_1_wrapper_0
TRACE::2026-02-05.20:00:08::SCWPlatform::Opened existing hwdb design_1_wrapper_0
TRACE::2026-02-05.20:00:08::SCWPlatform::Found the Hw Db part of the input DSA
TRACE::2026-02-05.20:00:08::SCWMssOS::Checking the sw design at  C:/TFG_Vivado/mis_pruebas/hil_puerto_serie/vitis/design_1_wrapper/zynqmp_pmufw/zynqmp_pmufw_bsp/system.mss
TRACE::2026-02-05.20:00:08::SCWMssOS::DEBUG:  swdes dump  C:/TFG_Vivado/mis_pruebas/hil_puerto_serie/vitis/design_1_wrapper/psu_cortexa53_0/standalone_psu_cortexa53_0/bsp/system.mss|system_1||
C:/TFG_Vivado/mis_pruebas/hil_puerto_serie/vitis/design_1_wrapper/zynqmp_fsbl/zynqmp_fsbl_bsp/system.mss|system||
C:/TFG_Vivado/mis_pruebas/hil_puerto_serie/vitis/design_1_wrapper/zynqmp_pmufw/zynqmp_pmufw_bsp/system.mss|system_0||

TRACE::2026-02-05.20:00:08::SCWMssOS::Sw design exists and opened at  C:/TFG_Vivado/mis_pruebas/hil_puerto_serie/vitis/design_1_wrapper/zynqmp_pmufw/zynqmp_pmufw_bsp/system.mss
TRACE::2026-02-05.20:00:08::SCWPlatform::Trying to open the hw design at C:/TFG_Vivado/mis_pruebas/hil_puerto_serie/vitis/design_1_wrapper/hw/design_1_wrapper.xsa
TRACE::2026-02-05.20:00:08::SCWPlatform::DSA given C:/TFG_Vivado/mis_pruebas/hil_puerto_serie/vitis/design_1_wrapper/hw/design_1_wrapper.xsa
TRACE::2026-02-05.20:00:08::SCWPlatform::DSA absoulate path C:/TFG_Vivado/mis_pruebas/hil_puerto_serie/vitis/design_1_wrapper/hw/design_1_wrapper.xsa
TRACE::2026-02-05.20:00:08::SCWPlatform::DSA directory C:/TFG_Vivado/mis_pruebas/hil_puerto_serie/vitis/design_1_wrapper/hw
TRACE::2026-02-05.20:00:08::SCWPlatform:: Platform Path C:/TFG_Vivado/mis_pruebas/hil_puerto_serie/vitis/design_1_wrapper/hw/design_1_wrapper.xsa
TRACE::2026-02-05.20:00:08::SCWPlatform:: Unique name xilinx:::0.0
TRACE::2026-02-05.20:00:08::SCWPlatform::Trying to set the existing hwdb with name design_1_wrapper_0
TRACE::2026-02-05.20:00:08::SCWPlatform::Opened existing hwdb design_1_wrapper_0
TRACE::2026-02-05.20:00:08::SCWPlatform::Found the Hw Db part of the input DSA
TRACE::2026-02-05.20:00:08::SCWMssOS::Checking the sw design at  C:/TFG_Vivado/mis_pruebas/hil_puerto_serie/vitis/design_1_wrapper/psu_cortexa53_0/standalone_psu_cortexa53_0/bsp/system.mss
TRACE::2026-02-05.20:00:08::SCWMssOS::DEBUG:  swdes dump  C:/TFG_Vivado/mis_pruebas/hil_puerto_serie/vitis/design_1_wrapper/psu_cortexa53_0/standalone_psu_cortexa53_0/bsp/system.mss|system_1||
C:/TFG_Vivado/mis_pruebas/hil_puerto_serie/vitis/design_1_wrapper/zynqmp_fsbl/zynqmp_fsbl_bsp/system.mss|system||
C:/TFG_Vivado/mis_pruebas/hil_puerto_serie/vitis/design_1_wrapper/zynqmp_pmufw/zynqmp_pmufw_bsp/system.mss|system_0||

TRACE::2026-02-05.20:00:08::SCWMssOS::Sw design exists and opened at  C:/TFG_Vivado/mis_pruebas/hil_puerto_serie/vitis/design_1_wrapper/psu_cortexa53_0/standalone_psu_cortexa53_0/bsp/system.mss
TRACE::2026-02-05.20:00:08::SCWPlatform::Trying to open the hw design at C:/TFG_Vivado/mis_pruebas/hil_puerto_serie/vitis/design_1_wrapper/hw/design_1_wrapper.xsa
TRACE::2026-02-05.20:00:08::SCWPlatform::DSA given C:/TFG_Vivado/mis_pruebas/hil_puerto_serie/vitis/design_1_wrapper/hw/design_1_wrapper.xsa
TRACE::2026-02-05.20:00:08::SCWPlatform::DSA absoulate path C:/TFG_Vivado/mis_pruebas/hil_puerto_serie/vitis/design_1_wrapper/hw/design_1_wrapper.xsa
TRACE::2026-02-05.20:00:08::SCWPlatform::DSA directory C:/TFG_Vivado/mis_pruebas/hil_puerto_serie/vitis/design_1_wrapper/hw
TRACE::2026-02-05.20:00:08::SCWPlatform:: Platform Path C:/TFG_Vivado/mis_pruebas/hil_puerto_serie/vitis/design_1_wrapper/hw/design_1_wrapper.xsa
TRACE::2026-02-05.20:00:08::SCWPlatform:: Unique name xilinx:::0.0
TRACE::2026-02-05.20:00:08::SCWPlatform::Trying to set the existing hwdb with name design_1_wrapper_0
TRACE::2026-02-05.20:00:08::SCWPlatform::Opened existing hwdb design_1_wrapper_0
TRACE::2026-02-05.20:00:08::SCWPlatform::Found the Hw Db part of the input DSA
TRACE::2026-02-05.20:00:08::SCWMssOS::Checking the sw design at  C:/TFG_Vivado/mis_pruebas/hil_puerto_serie/vitis/design_1_wrapper/psu_cortexa53_0/standalone_psu_cortexa53_0/bsp/system.mss
TRACE::2026-02-05.20:00:08::SCWMssOS::DEBUG:  swdes dump  C:/TFG_Vivado/mis_pruebas/hil_puerto_serie/vitis/design_1_wrapper/psu_cortexa53_0/standalone_psu_cortexa53_0/bsp/system.mss|system_1||
C:/TFG_Vivado/mis_pruebas/hil_puerto_serie/vitis/design_1_wrapper/zynqmp_fsbl/zynqmp_fsbl_bsp/system.mss|system||
C:/TFG_Vivado/mis_pruebas/hil_puerto_serie/vitis/design_1_wrapper/zynqmp_pmufw/zynqmp_pmufw_bsp/system.mss|system_0||

TRACE::2026-02-05.20:00:08::SCWMssOS::Sw design exists and opened at  C:/TFG_Vivado/mis_pruebas/hil_puerto_serie/vitis/design_1_wrapper/psu_cortexa53_0/standalone_psu_cortexa53_0/bsp/system.mss
TRACE::2026-02-05.20:00:08::SCWPlatform::Trying to open the hw design at C:/TFG_Vivado/mis_pruebas/hil_puerto_serie/vitis/design_1_wrapper/hw/design_1_wrapper.xsa
TRACE::2026-02-05.20:00:08::SCWPlatform::DSA given C:/TFG_Vivado/mis_pruebas/hil_puerto_serie/vitis/design_1_wrapper/hw/design_1_wrapper.xsa
TRACE::2026-02-05.20:00:08::SCWPlatform::DSA absoulate path C:/TFG_Vivado/mis_pruebas/hil_puerto_serie/vitis/design_1_wrapper/hw/design_1_wrapper.xsa
TRACE::2026-02-05.20:00:08::SCWPlatform::DSA directory C:/TFG_Vivado/mis_pruebas/hil_puerto_serie/vitis/design_1_wrapper/hw
TRACE::2026-02-05.20:00:08::SCWPlatform:: Platform Path C:/TFG_Vivado/mis_pruebas/hil_puerto_serie/vitis/design_1_wrapper/hw/design_1_wrapper.xsa
TRACE::2026-02-05.20:00:08::SCWPlatform:: Unique name xilinx:::0.0
TRACE::2026-02-05.20:00:08::SCWPlatform::Trying to set the existing hwdb with name design_1_wrapper_0
TRACE::2026-02-05.20:00:08::SCWPlatform::Opened existing hwdb design_1_wrapper_0
TRACE::2026-02-05.20:00:08::SCWPlatform::Found the Hw Db part of the input DSA
TRACE::2026-02-05.20:00:08::SCWMssOS::Checking the sw design at  C:/TFG_Vivado/mis_pruebas/hil_puerto_serie/vitis/design_1_wrapper/psu_cortexa53_0/standalone_psu_cortexa53_0/bsp/system.mss
TRACE::2026-02-05.20:00:08::SCWMssOS::DEBUG:  swdes dump  C:/TFG_Vivado/mis_pruebas/hil_puerto_serie/vitis/design_1_wrapper/psu_cortexa53_0/standalone_psu_cortexa53_0/bsp/system.mss|system_1||
C:/TFG_Vivado/mis_pruebas/hil_puerto_serie/vitis/design_1_wrapper/zynqmp_fsbl/zynqmp_fsbl_bsp/system.mss|system||
C:/TFG_Vivado/mis_pruebas/hil_puerto_serie/vitis/design_1_wrapper/zynqmp_pmufw/zynqmp_pmufw_bsp/system.mss|system_0||

TRACE::2026-02-05.20:00:08::SCWMssOS::Sw design exists and opened at  C:/TFG_Vivado/mis_pruebas/hil_puerto_serie/vitis/design_1_wrapper/psu_cortexa53_0/standalone_psu_cortexa53_0/bsp/system.mss
TRACE::2026-02-05.20:00:08::SCWWriter::formatted JSON is {
	"platformName":	"design_1_wrapper",
	"sprVersion":	"2.0",
	"mode":	"gui",
	"dsaType":	"Fixed",
	"platformDesc":	"design_1_wrapper",
	"platHandOff":	"<platformDir>.xsa",
	"platIntHandOff":	"<platformDir>/hw/design_1_wrapper.xsa",
	"deviceType":	"zynqMP",
	"platIsPrebuiltAutogen":	"false",
	"platIsNoBootBsp":	"false",
	"platFsblTarget":	"psu_cortexa53_0",
	"hasFsblMakeHasChanges":	"false",
	"hasPmufwMakeHasChanges":	"false",
	"fsblExtraCompilerFlags":	"-MMD -MP      -Wall -fmessage-length=0 -DARMA53_64 -Os -flto -ffat-lto-objects  ",
	"pmufwExtraCompilerFlags":	"-MMD -MP      -mlittle-endian -mxl-barrel-shift -mxl-pattern-compare -mcpu=v9.2 -mxl-soft-mul -Os -flto -ffat-lto-objects  ",
	"platPreBuiltFlag":	false,
	"platformSamplesDir":	"",
	"platActiveSys":	"design_1_wrapper",
	"systems":	[{
			"systemName":	"design_1_wrapper",
			"systemDesc":	"design_1_wrapper",
			"sysIsBootAutoGen":	"true",
			"systemDispName":	"design_1_wrapper",
			"sysActiveDom":	"standalone_psu_cortexa53_0",
			"sysDefaultDom":	"standalone_psu_cortexa53_0",
			"domains":	[{
					"domainName":	"zynqmp_fsbl",
					"domainDispName":	"zynqmp_fsbl",
					"domainDesc":	"FSBL Application BSP - Auto Generated.",
					"processors":	"psu_cortexa53_0",
					"os":	"standalone",
					"sdxOs":	"standalone",
					"debugEnable":	"",
					"domRuntimes":	["cpp"],
					"swRepo":	"",
					"mssOsVer":	"8.1",
					"mssFile":	"",
					"md5Digest":	"50ffef4a883d3ea676765d60b786a6e4",
					"compatibleApp":	"zynqmp_fsbl",
					"domType":	"bootDomain",
					"arch":	"64-bit",
					"appSettings":	{
						"appCompilerFlags":	"",
						"appLinkerFlags":	""
					},
					"addedLibs":	["xilffs:5.0", "xilsecure:5.1", "xilpm:5.0"],
					"libOptions":	{
						"standalone":	{
							"zynqmp_fsbl_bsp":	"true",
							"libOptionNames":	["zynqmp_fsbl_bsp"]
						},
						"xilffs":	{
							"read_only":	"true",
							"use_mkfs":	"false",
							"libOptionNames":	["read_only", "use_mkfs"]
						},
						"xilsecure":	{
							"tpm_support":	"true",
							"libOptionNames":	["tpm_support"]
						},
						"libsContainingOptions":	["standalone", "xilffs", "xilsecure"]
					},
					"prebuiltLibs":	{
						"prebuiltIncPath":	[],
						"prebuiltLibPath":	[]
					},
					"isolation":	{
					}
				}, {
					"domainName":	"zynqmp_pmufw",
					"domainDispName":	"zynqmp_pmufw",
					"domainDesc":	"PMUFW Application BSP - Auto Generated.",
					"processors":	"psu_pmu_0",
					"os":	"standalone",
					"sdxOs":	"standalone",
					"debugEnable":	"",
					"domRuntimes":	["cpp"],
					"swRepo":	"",
					"mssOsVer":	"8.1",
					"mssFile":	"",
					"md5Digest":	"f53f944c509d63eeaedc429f0d902726",
					"compatibleApp":	"zynqmp_pmufw",
					"domType":	"bootDomain",
					"arch":	"32-bit",
					"appSettings":	{
						"appCompilerFlags":	"",
						"appLinkerFlags":	""
					},
					"addedLibs":	["xilfpga:6.4", "xilsecure:5.1", "xilskey:7.4"],
					"libOptions":	{
						"psu_pmu_0":	{
							"extra_compiler_flags":	"-g -ffunction-sections -fdata-sections -Wall -Wextra -fno-tree-loop-distribute-patterns  -Os -flto -ffat-lto-objects",
							"libOptionNames":	["extra_compiler_flags"]
						},
						"libsContainingOptions":	["psu_pmu_0"]
					},
					"prebuiltLibs":	{
						"prebuiltIncPath":	[],
						"prebuiltLibPath":	[]
					},
					"isolation":	{
					}
				}, {
					"domainName":	"standalone_psu_cortexa53_0",
					"domainDispName":	"standalone_psu_cortexa53_0",
					"domainDesc":	"standalone_psu_cortexa53_0",
					"processors":	"psu_cortexa53_0",
					"os":	"standalone",
					"sdxOs":	"standalone",
					"qemuArgs":	"<platformDir>/resources/design_1_wrapper/standalone_psu_cortexa53_0/qemu_args.txt",
					"qemuData":	"<platformDir>/resources/design_1_wrapper/standalone_psu_cortexa53_0/qemu",
					"pmuQemuArgs":	"<platformDir>/resources/design_1_wrapper/standalone_psu_cortexa53_0/pmu_args.txt",
					"debugEnable":	"False",
					"domRuntimes":	["cpp"],
					"swRepo":	"",
					"mssOsVer":	"8.1",
					"mssFile":	"",
					"md5Digest":	"7824a2544f94f615c7699fb2e7b9fe4e",
					"compatibleApp":	"hello_world",
					"domType":	"mssDomain",
					"arch":	"64-bit",
					"appSettings":	{
						"appCompilerFlags":	"",
						"appLinkerFlags":	""
					},
					"addedLibs":	[],
					"libOptions":	{
						"libsContainingOptions":	[]
					},
					"prebuiltLibs":	{
						"prebuiltIncPath":	[],
						"prebuiltLibPath":	[]
					},
					"isolation":	{
					}
				}]
		}]
}
LOG::2026-02-05.20:00:08::SCWPlatform::Started generating the artifacts platform design_1_wrapper
TRACE::2026-02-05.20:00:08::SCWPlatform::Sanity checking of platform is completed
LOG::2026-02-05.20:00:08::SCWPlatform::Started generating the artifacts for system configuration design_1_wrapper
LOG::2026-02-05.20:00:08::SCWSystem::Started Processing the domain standalone_psu_cortexa53_0
TRACE::2026-02-05.20:00:08::SCWDomain::Generating domain artifcats
TRACE::2026-02-05.20:00:08::SCWMssOS::Generating standalone artifcats
TRACE::2026-02-05.20:00:08::SCWMssOS::Copying the qemu file from  C:/TFG_Vivado/mis_pruebas/hil_puerto_serie/vitis/design_1_wrapper/resources/design_1_wrapper/standalone_psu_cortexa53_0/qemu_args.txt To C:/TFG_Vivado/mis_pruebas/hil_puerto_serie/vitis/design_1_wrapper/export/design_1_wrapper/sw/design_1_wrapper/qemu/
TRACE::2026-02-05.20:00:08::SCWMssOS::Copying the qemu file from  C:/TFG_Vivado/mis_pruebas/hil_puerto_serie/vitis/design_1_wrapper/resources/design_1_wrapper/standalone_psu_cortexa53_0/qemu_args.txt To C:/TFG_Vivado/mis_pruebas/hil_puerto_serie/vitis/design_1_wrapper/export/design_1_wrapper/sw/design_1_wrapper/qemu/
TRACE::2026-02-05.20:00:08::SCWMssOS::Copying the qemu file from  C:/TFG_Vivado/mis_pruebas/hil_puerto_serie/vitis/design_1_wrapper/resources/design_1_wrapper/standalone_psu_cortexa53_0/qemu_args.txt To C:/TFG_Vivado/mis_pruebas/hil_puerto_serie/vitis/design_1_wrapper/export/design_1_wrapper/sw/design_1_wrapper/standalone_psu_cortexa53_0/qemu/
TRACE::2026-02-05.20:00:08::SCWMssOS::Copying the qemu file from  C:/TFG_Vivado/mis_pruebas/hil_puerto_serie/vitis/design_1_wrapper/resources/design_1_wrapper/standalone_psu_cortexa53_0/qemu_args.txt To C:/TFG_Vivado/mis_pruebas/hil_puerto_serie/vitis/design_1_wrapper/export/design_1_wrapper/sw/design_1_wrapper/standalone_psu_cortexa53_0/qemu/
TRACE::2026-02-05.20:00:08::SCWMssOS:: Copying the user libraries. 
TRACE::2026-02-05.20:00:08::SCWPlatform::Trying to open the hw design at C:/TFG_Vivado/mis_pruebas/hil_puerto_serie/vitis/design_1_wrapper/hw/design_1_wrapper.xsa
TRACE::2026-02-05.20:00:08::SCWPlatform::DSA given C:/TFG_Vivado/mis_pruebas/hil_puerto_serie/vitis/design_1_wrapper/hw/design_1_wrapper.xsa
TRACE::2026-02-05.20:00:08::SCWPlatform::DSA absoulate path C:/TFG_Vivado/mis_pruebas/hil_puerto_serie/vitis/design_1_wrapper/hw/design_1_wrapper.xsa
TRACE::2026-02-05.20:00:08::SCWPlatform::DSA directory C:/TFG_Vivado/mis_pruebas/hil_puerto_serie/vitis/design_1_wrapper/hw
TRACE::2026-02-05.20:00:08::SCWPlatform:: Platform Path C:/TFG_Vivado/mis_pruebas/hil_puerto_serie/vitis/design_1_wrapper/hw/design_1_wrapper.xsa
TRACE::2026-02-05.20:00:08::SCWPlatform:: Unique name xilinx:::0.0
TRACE::2026-02-05.20:00:08::SCWPlatform::Trying to set the existing hwdb with name design_1_wrapper_0
TRACE::2026-02-05.20:00:08::SCWPlatform::Opened existing hwdb design_1_wrapper_0
TRACE::2026-02-05.20:00:08::SCWPlatform::Found the Hw Db part of the input DSA
TRACE::2026-02-05.20:00:08::SCWMssOS::Checking the sw design at  C:/TFG_Vivado/mis_pruebas/hil_puerto_serie/vitis/design_1_wrapper/psu_cortexa53_0/standalone_psu_cortexa53_0/bsp/system.mss
TRACE::2026-02-05.20:00:08::SCWMssOS::DEBUG:  swdes dump  C:/TFG_Vivado/mis_pruebas/hil_puerto_serie/vitis/design_1_wrapper/psu_cortexa53_0/standalone_psu_cortexa53_0/bsp/system.mss|system_1||
C:/TFG_Vivado/mis_pruebas/hil_puerto_serie/vitis/design_1_wrapper/zynqmp_fsbl/zynqmp_fsbl_bsp/system.mss|system||
C:/TFG_Vivado/mis_pruebas/hil_puerto_serie/vitis/design_1_wrapper/zynqmp_pmufw/zynqmp_pmufw_bsp/system.mss|system_0||

TRACE::2026-02-05.20:00:08::SCWMssOS::Sw design exists and opened at  C:/TFG_Vivado/mis_pruebas/hil_puerto_serie/vitis/design_1_wrapper/psu_cortexa53_0/standalone_psu_cortexa53_0/bsp/system.mss
TRACE::2026-02-05.20:00:08::SCWMssOS::Completed writing the mss file at C:/TFG_Vivado/mis_pruebas/hil_puerto_serie/vitis/design_1_wrapper/psu_cortexa53_0/standalone_psu_cortexa53_0/bsp
TRACE::2026-02-05.20:00:08::SCWMssOS::Mss edits present, copying mssfile into export location C:/TFG_Vivado/mis_pruebas/hil_puerto_serie/vitis/design_1_wrapper/psu_cortexa53_0/standalone_psu_cortexa53_0/bsp/system.mss
TRACE::2026-02-05.20:00:08::SCWMssOS::bsp generated is upto date with the mss file. Skipping bsp generation.
TRACE::2026-02-05.20:00:08::SCWMssOS::BSP is already built. skipping the bsp build ... 
TRACE::2026-02-05.20:00:08::SCWDomain::Building the domain as part of full build :  standalone_psu_cortexa53_0
TRACE::2026-02-05.20:00:08::SCWMssOS::skipping the bsp build ... 
TRACE::2026-02-05.20:00:08::SCWMssOS::Copying to export directory.
TRACE::2026-02-05.20:00:08::SCWMssOS:: Checking if to create the Supporting Applications
TRACE::2026-02-05.20:00:08::SCWMssOS:: No Linux domain exists, trying to generate FSBL 
TRACE::2026-02-05.20:00:08::SCWMssOS:: Completed Standalone Artifacts creation 
LOG::2026-02-05.20:00:08::SCWSystem::Completed Processing the domain standalone_psu_cortexa53_0
LOG::2026-02-05.20:00:08::SCWSystem::Completed Processing the sysconfig design_1_wrapper
LOG::2026-02-05.20:00:08::SCWPlatform::Completed generating the artifacts for system configuration design_1_wrapper
TRACE::2026-02-05.20:00:08::SCWPlatform::Started preparing the platform 
TRACE::2026-02-05.20:00:08::SCWSystem::Writing the bif file for system config design_1_wrapper
TRACE::2026-02-05.20:00:08::SCWSystem::dir created 
TRACE::2026-02-05.20:00:08::SCWSystem::Writing the bif 
TRACE::2026-02-05.20:00:08::SCWPlatform::Started writing the spfm file 
TRACE::2026-02-05.20:00:08::SCWPlatform::Started writing the xpfm file 
TRACE::2026-02-05.20:00:08::SCWPlatform::Completed generating the platform
TRACE::2026-02-05.20:00:08::SCWMssOS::Saving the mss changes C:/TFG_Vivado/mis_pruebas/hil_puerto_serie/vitis/design_1_wrapper/zynqmp_fsbl/zynqmp_fsbl_bsp/system.mss
TRACE::2026-02-05.20:00:08::SCWMssOS::Found a swdesign opened with the mssfile.
TRACE::2026-02-05.20:00:08::SCWMssOS::Completed writemss as part of save.
TRACE::2026-02-05.20:00:08::SCWMssOS::Commit changes completed.
TRACE::2026-02-05.20:00:08::SCWMssOS::Saving the mss changes C:/TFG_Vivado/mis_pruebas/hil_puerto_serie/vitis/design_1_wrapper/zynqmp_pmufw/zynqmp_pmufw_bsp/system.mss
TRACE::2026-02-05.20:00:08::SCWMssOS::Found a swdesign opened with the mssfile.
TRACE::2026-02-05.20:00:08::SCWMssOS::Completed writemss as part of save.
TRACE::2026-02-05.20:00:08::SCWMssOS::Commit changes completed.
TRACE::2026-02-05.20:00:08::SCWMssOS::Saving the mss changes C:/TFG_Vivado/mis_pruebas/hil_puerto_serie/vitis/design_1_wrapper/psu_cortexa53_0/standalone_psu_cortexa53_0/bsp/system.mss
TRACE::2026-02-05.20:00:08::SCWMssOS::Found a swdesign opened with the mssfile.
TRACE::2026-02-05.20:00:08::SCWMssOS::Completed writemss as part of save.
TRACE::2026-02-05.20:00:08::SCWMssOS::Commit changes completed.
TRACE::2026-02-05.20:00:08::SCWPlatform::Trying to open the hw design at C:/TFG_Vivado/mis_pruebas/hil_puerto_serie/vitis/design_1_wrapper/hw/design_1_wrapper.xsa
TRACE::2026-02-05.20:00:08::SCWPlatform::DSA given C:/TFG_Vivado/mis_pruebas/hil_puerto_serie/vitis/design_1_wrapper/hw/design_1_wrapper.xsa
TRACE::2026-02-05.20:00:08::SCWPlatform::DSA absoulate path C:/TFG_Vivado/mis_pruebas/hil_puerto_serie/vitis/design_1_wrapper/hw/design_1_wrapper.xsa
TRACE::2026-02-05.20:00:08::SCWPlatform::DSA directory C:/TFG_Vivado/mis_pruebas/hil_puerto_serie/vitis/design_1_wrapper/hw
TRACE::2026-02-05.20:00:08::SCWPlatform:: Platform Path C:/TFG_Vivado/mis_pruebas/hil_puerto_serie/vitis/design_1_wrapper/hw/design_1_wrapper.xsa
TRACE::2026-02-05.20:00:08::SCWPlatform:: Unique name xilinx:::0.0
TRACE::2026-02-05.20:00:08::SCWPlatform::Trying to set the existing hwdb with name design_1_wrapper_0
TRACE::2026-02-05.20:00:08::SCWPlatform::Opened existing hwdb design_1_wrapper_0
TRACE::2026-02-05.20:00:08::SCWPlatform::Found the Hw Db part of the input DSA
TRACE::2026-02-05.20:00:08::SCWMssOS::Checking the sw design at  C:/TFG_Vivado/mis_pruebas/hil_puerto_serie/vitis/design_1_wrapper/zynqmp_fsbl/zynqmp_fsbl_bsp/system.mss
TRACE::2026-02-05.20:00:08::SCWMssOS::DEBUG:  swdes dump  C:/TFG_Vivado/mis_pruebas/hil_puerto_serie/vitis/design_1_wrapper/psu_cortexa53_0/standalone_psu_cortexa53_0/bsp/system.mss|system_1||
C:/TFG_Vivado/mis_pruebas/hil_puerto_serie/vitis/design_1_wrapper/zynqmp_fsbl/zynqmp_fsbl_bsp/system.mss|system||
C:/TFG_Vivado/mis_pruebas/hil_puerto_serie/vitis/design_1_wrapper/zynqmp_pmufw/zynqmp_pmufw_bsp/system.mss|system_0||

TRACE::2026-02-05.20:00:08::SCWMssOS::Sw design exists and opened at  C:/TFG_Vivado/mis_pruebas/hil_puerto_serie/vitis/design_1_wrapper/zynqmp_fsbl/zynqmp_fsbl_bsp/system.mss
TRACE::2026-02-05.20:00:08::SCWPlatform::Trying to open the hw design at C:/TFG_Vivado/mis_pruebas/hil_puerto_serie/vitis/design_1_wrapper/hw/design_1_wrapper.xsa
TRACE::2026-02-05.20:00:08::SCWPlatform::DSA given C:/TFG_Vivado/mis_pruebas/hil_puerto_serie/vitis/design_1_wrapper/hw/design_1_wrapper.xsa
TRACE::2026-02-05.20:00:08::SCWPlatform::DSA absoulate path C:/TFG_Vivado/mis_pruebas/hil_puerto_serie/vitis/design_1_wrapper/hw/design_1_wrapper.xsa
TRACE::2026-02-05.20:00:08::SCWPlatform::DSA directory C:/TFG_Vivado/mis_pruebas/hil_puerto_serie/vitis/design_1_wrapper/hw
TRACE::2026-02-05.20:00:08::SCWPlatform:: Platform Path C:/TFG_Vivado/mis_pruebas/hil_puerto_serie/vitis/design_1_wrapper/hw/design_1_wrapper.xsa
TRACE::2026-02-05.20:00:08::SCWPlatform:: Unique name xilinx:::0.0
TRACE::2026-02-05.20:00:08::SCWPlatform::Trying to set the existing hwdb with name design_1_wrapper_0
TRACE::2026-02-05.20:00:08::SCWPlatform::Opened existing hwdb design_1_wrapper_0
TRACE::2026-02-05.20:00:08::SCWPlatform::Found the Hw Db part of the input DSA
TRACE::2026-02-05.20:00:08::SCWMssOS::Checking the sw design at  C:/TFG_Vivado/mis_pruebas/hil_puerto_serie/vitis/design_1_wrapper/zynqmp_fsbl/zynqmp_fsbl_bsp/system.mss
TRACE::2026-02-05.20:00:08::SCWMssOS::DEBUG:  swdes dump  C:/TFG_Vivado/mis_pruebas/hil_puerto_serie/vitis/design_1_wrapper/psu_cortexa53_0/standalone_psu_cortexa53_0/bsp/system.mss|system_1||
C:/TFG_Vivado/mis_pruebas/hil_puerto_serie/vitis/design_1_wrapper/zynqmp_fsbl/zynqmp_fsbl_bsp/system.mss|system||
C:/TFG_Vivado/mis_pruebas/hil_puerto_serie/vitis/design_1_wrapper/zynqmp_pmufw/zynqmp_pmufw_bsp/system.mss|system_0||

TRACE::2026-02-05.20:00:08::SCWMssOS::Sw design exists and opened at  C:/TFG_Vivado/mis_pruebas/hil_puerto_serie/vitis/design_1_wrapper/zynqmp_fsbl/zynqmp_fsbl_bsp/system.mss
TRACE::2026-02-05.20:00:08::SCWPlatform::Trying to open the hw design at C:/TFG_Vivado/mis_pruebas/hil_puerto_serie/vitis/design_1_wrapper/hw/design_1_wrapper.xsa
TRACE::2026-02-05.20:00:08::SCWPlatform::DSA given C:/TFG_Vivado/mis_pruebas/hil_puerto_serie/vitis/design_1_wrapper/hw/design_1_wrapper.xsa
TRACE::2026-02-05.20:00:08::SCWPlatform::DSA absoulate path C:/TFG_Vivado/mis_pruebas/hil_puerto_serie/vitis/design_1_wrapper/hw/design_1_wrapper.xsa
TRACE::2026-02-05.20:00:08::SCWPlatform::DSA directory C:/TFG_Vivado/mis_pruebas/hil_puerto_serie/vitis/design_1_wrapper/hw
TRACE::2026-02-05.20:00:08::SCWPlatform:: Platform Path C:/TFG_Vivado/mis_pruebas/hil_puerto_serie/vitis/design_1_wrapper/hw/design_1_wrapper.xsa
TRACE::2026-02-05.20:00:08::SCWPlatform:: Unique name xilinx:::0.0
TRACE::2026-02-05.20:00:08::SCWPlatform::Trying to set the existing hwdb with name design_1_wrapper_0
TRACE::2026-02-05.20:00:08::SCWPlatform::Opened existing hwdb design_1_wrapper_0
TRACE::2026-02-05.20:00:08::SCWPlatform::Found the Hw Db part of the input DSA
TRACE::2026-02-05.20:00:08::SCWMssOS::Checking the sw design at  C:/TFG_Vivado/mis_pruebas/hil_puerto_serie/vitis/design_1_wrapper/zynqmp_fsbl/zynqmp_fsbl_bsp/system.mss
TRACE::2026-02-05.20:00:08::SCWMssOS::DEBUG:  swdes dump  C:/TFG_Vivado/mis_pruebas/hil_puerto_serie/vitis/design_1_wrapper/psu_cortexa53_0/standalone_psu_cortexa53_0/bsp/system.mss|system_1||
C:/TFG_Vivado/mis_pruebas/hil_puerto_serie/vitis/design_1_wrapper/zynqmp_fsbl/zynqmp_fsbl_bsp/system.mss|system||
C:/TFG_Vivado/mis_pruebas/hil_puerto_serie/vitis/design_1_wrapper/zynqmp_pmufw/zynqmp_pmufw_bsp/system.mss|system_0||

TRACE::2026-02-05.20:00:08::SCWMssOS::Sw design exists and opened at  C:/TFG_Vivado/mis_pruebas/hil_puerto_serie/vitis/design_1_wrapper/zynqmp_fsbl/zynqmp_fsbl_bsp/system.mss
TRACE::2026-02-05.20:00:08::SCWPlatform::Trying to open the hw design at C:/TFG_Vivado/mis_pruebas/hil_puerto_serie/vitis/design_1_wrapper/hw/design_1_wrapper.xsa
TRACE::2026-02-05.20:00:08::SCWPlatform::DSA given C:/TFG_Vivado/mis_pruebas/hil_puerto_serie/vitis/design_1_wrapper/hw/design_1_wrapper.xsa
TRACE::2026-02-05.20:00:08::SCWPlatform::DSA absoulate path C:/TFG_Vivado/mis_pruebas/hil_puerto_serie/vitis/design_1_wrapper/hw/design_1_wrapper.xsa
TRACE::2026-02-05.20:00:08::SCWPlatform::DSA directory C:/TFG_Vivado/mis_pruebas/hil_puerto_serie/vitis/design_1_wrapper/hw
TRACE::2026-02-05.20:00:08::SCWPlatform:: Platform Path C:/TFG_Vivado/mis_pruebas/hil_puerto_serie/vitis/design_1_wrapper/hw/design_1_wrapper.xsa
TRACE::2026-02-05.20:00:08::SCWPlatform:: Unique name xilinx:::0.0
TRACE::2026-02-05.20:00:08::SCWPlatform::Trying to set the existing hwdb with name design_1_wrapper_0
TRACE::2026-02-05.20:00:08::SCWPlatform::Opened existing hwdb design_1_wrapper_0
TRACE::2026-02-05.20:00:08::SCWPlatform::Found the Hw Db part of the input DSA
TRACE::2026-02-05.20:00:08::SCWMssOS::Checking the sw design at  C:/TFG_Vivado/mis_pruebas/hil_puerto_serie/vitis/design_1_wrapper/zynqmp_pmufw/zynqmp_pmufw_bsp/system.mss
TRACE::2026-02-05.20:00:08::SCWMssOS::DEBUG:  swdes dump  C:/TFG_Vivado/mis_pruebas/hil_puerto_serie/vitis/design_1_wrapper/psu_cortexa53_0/standalone_psu_cortexa53_0/bsp/system.mss|system_1||
C:/TFG_Vivado/mis_pruebas/hil_puerto_serie/vitis/design_1_wrapper/zynqmp_fsbl/zynqmp_fsbl_bsp/system.mss|system||
C:/TFG_Vivado/mis_pruebas/hil_puerto_serie/vitis/design_1_wrapper/zynqmp_pmufw/zynqmp_pmufw_bsp/system.mss|system_0||

TRACE::2026-02-05.20:00:08::SCWMssOS::Sw design exists and opened at  C:/TFG_Vivado/mis_pruebas/hil_puerto_serie/vitis/design_1_wrapper/zynqmp_pmufw/zynqmp_pmufw_bsp/system.mss
TRACE::2026-02-05.20:00:08::SCWPlatform::Trying to open the hw design at C:/TFG_Vivado/mis_pruebas/hil_puerto_serie/vitis/design_1_wrapper/hw/design_1_wrapper.xsa
TRACE::2026-02-05.20:00:08::SCWPlatform::DSA given C:/TFG_Vivado/mis_pruebas/hil_puerto_serie/vitis/design_1_wrapper/hw/design_1_wrapper.xsa
TRACE::2026-02-05.20:00:08::SCWPlatform::DSA absoulate path C:/TFG_Vivado/mis_pruebas/hil_puerto_serie/vitis/design_1_wrapper/hw/design_1_wrapper.xsa
TRACE::2026-02-05.20:00:08::SCWPlatform::DSA directory C:/TFG_Vivado/mis_pruebas/hil_puerto_serie/vitis/design_1_wrapper/hw
TRACE::2026-02-05.20:00:08::SCWPlatform:: Platform Path C:/TFG_Vivado/mis_pruebas/hil_puerto_serie/vitis/design_1_wrapper/hw/design_1_wrapper.xsa
TRACE::2026-02-05.20:00:08::SCWPlatform:: Unique name xilinx:::0.0
TRACE::2026-02-05.20:00:08::SCWPlatform::Trying to set the existing hwdb with name design_1_wrapper_0
TRACE::2026-02-05.20:00:08::SCWPlatform::Opened existing hwdb design_1_wrapper_0
TRACE::2026-02-05.20:00:08::SCWPlatform::Found the Hw Db part of the input DSA
TRACE::2026-02-05.20:00:08::SCWMssOS::Checking the sw design at  C:/TFG_Vivado/mis_pruebas/hil_puerto_serie/vitis/design_1_wrapper/zynqmp_pmufw/zynqmp_pmufw_bsp/system.mss
TRACE::2026-02-05.20:00:08::SCWMssOS::DEBUG:  swdes dump  C:/TFG_Vivado/mis_pruebas/hil_puerto_serie/vitis/design_1_wrapper/psu_cortexa53_0/standalone_psu_cortexa53_0/bsp/system.mss|system_1||
C:/TFG_Vivado/mis_pruebas/hil_puerto_serie/vitis/design_1_wrapper/zynqmp_fsbl/zynqmp_fsbl_bsp/system.mss|system||
C:/TFG_Vivado/mis_pruebas/hil_puerto_serie/vitis/design_1_wrapper/zynqmp_pmufw/zynqmp_pmufw_bsp/system.mss|system_0||

TRACE::2026-02-05.20:00:08::SCWMssOS::Sw design exists and opened at  C:/TFG_Vivado/mis_pruebas/hil_puerto_serie/vitis/design_1_wrapper/zynqmp_pmufw/zynqmp_pmufw_bsp/system.mss
TRACE::2026-02-05.20:00:08::SCWPlatform::Trying to open the hw design at C:/TFG_Vivado/mis_pruebas/hil_puerto_serie/vitis/design_1_wrapper/hw/design_1_wrapper.xsa
TRACE::2026-02-05.20:00:08::SCWPlatform::DSA given C:/TFG_Vivado/mis_pruebas/hil_puerto_serie/vitis/design_1_wrapper/hw/design_1_wrapper.xsa
TRACE::2026-02-05.20:00:08::SCWPlatform::DSA absoulate path C:/TFG_Vivado/mis_pruebas/hil_puerto_serie/vitis/design_1_wrapper/hw/design_1_wrapper.xsa
TRACE::2026-02-05.20:00:08::SCWPlatform::DSA directory C:/TFG_Vivado/mis_pruebas/hil_puerto_serie/vitis/design_1_wrapper/hw
TRACE::2026-02-05.20:00:08::SCWPlatform:: Platform Path C:/TFG_Vivado/mis_pruebas/hil_puerto_serie/vitis/design_1_wrapper/hw/design_1_wrapper.xsa
TRACE::2026-02-05.20:00:08::SCWPlatform:: Unique name xilinx:::0.0
TRACE::2026-02-05.20:00:08::SCWPlatform::Trying to set the existing hwdb with name design_1_wrapper_0
TRACE::2026-02-05.20:00:08::SCWPlatform::Opened existing hwdb design_1_wrapper_0
TRACE::2026-02-05.20:00:08::SCWPlatform::Found the Hw Db part of the input DSA
TRACE::2026-02-05.20:00:08::SCWMssOS::Checking the sw design at  C:/TFG_Vivado/mis_pruebas/hil_puerto_serie/vitis/design_1_wrapper/zynqmp_pmufw/zynqmp_pmufw_bsp/system.mss
TRACE::2026-02-05.20:00:08::SCWMssOS::DEBUG:  swdes dump  C:/TFG_Vivado/mis_pruebas/hil_puerto_serie/vitis/design_1_wrapper/psu_cortexa53_0/standalone_psu_cortexa53_0/bsp/system.mss|system_1||
C:/TFG_Vivado/mis_pruebas/hil_puerto_serie/vitis/design_1_wrapper/zynqmp_fsbl/zynqmp_fsbl_bsp/system.mss|system||
C:/TFG_Vivado/mis_pruebas/hil_puerto_serie/vitis/design_1_wrapper/zynqmp_pmufw/zynqmp_pmufw_bsp/system.mss|system_0||

TRACE::2026-02-05.20:00:08::SCWMssOS::Sw design exists and opened at  C:/TFG_Vivado/mis_pruebas/hil_puerto_serie/vitis/design_1_wrapper/zynqmp_pmufw/zynqmp_pmufw_bsp/system.mss
TRACE::2026-02-05.20:00:08::SCWPlatform::Trying to open the hw design at C:/TFG_Vivado/mis_pruebas/hil_puerto_serie/vitis/design_1_wrapper/hw/design_1_wrapper.xsa
TRACE::2026-02-05.20:00:08::SCWPlatform::DSA given C:/TFG_Vivado/mis_pruebas/hil_puerto_serie/vitis/design_1_wrapper/hw/design_1_wrapper.xsa
TRACE::2026-02-05.20:00:08::SCWPlatform::DSA absoulate path C:/TFG_Vivado/mis_pruebas/hil_puerto_serie/vitis/design_1_wrapper/hw/design_1_wrapper.xsa
TRACE::2026-02-05.20:00:08::SCWPlatform::DSA directory C:/TFG_Vivado/mis_pruebas/hil_puerto_serie/vitis/design_1_wrapper/hw
TRACE::2026-02-05.20:00:08::SCWPlatform:: Platform Path C:/TFG_Vivado/mis_pruebas/hil_puerto_serie/vitis/design_1_wrapper/hw/design_1_wrapper.xsa
TRACE::2026-02-05.20:00:08::SCWPlatform:: Unique name xilinx:::0.0
TRACE::2026-02-05.20:00:08::SCWPlatform::Trying to set the existing hwdb with name design_1_wrapper_0
TRACE::2026-02-05.20:00:08::SCWPlatform::Opened existing hwdb design_1_wrapper_0
TRACE::2026-02-05.20:00:08::SCWPlatform::Found the Hw Db part of the input DSA
TRACE::2026-02-05.20:00:08::SCWMssOS::Checking the sw design at  C:/TFG_Vivado/mis_pruebas/hil_puerto_serie/vitis/design_1_wrapper/psu_cortexa53_0/standalone_psu_cortexa53_0/bsp/system.mss
TRACE::2026-02-05.20:00:08::SCWMssOS::DEBUG:  swdes dump  C:/TFG_Vivado/mis_pruebas/hil_puerto_serie/vitis/design_1_wrapper/psu_cortexa53_0/standalone_psu_cortexa53_0/bsp/system.mss|system_1||
C:/TFG_Vivado/mis_pruebas/hil_puerto_serie/vitis/design_1_wrapper/zynqmp_fsbl/zynqmp_fsbl_bsp/system.mss|system||
C:/TFG_Vivado/mis_pruebas/hil_puerto_serie/vitis/design_1_wrapper/zynqmp_pmufw/zynqmp_pmufw_bsp/system.mss|system_0||

TRACE::2026-02-05.20:00:08::SCWMssOS::Sw design exists and opened at  C:/TFG_Vivado/mis_pruebas/hil_puerto_serie/vitis/design_1_wrapper/psu_cortexa53_0/standalone_psu_cortexa53_0/bsp/system.mss
TRACE::2026-02-05.20:00:08::SCWPlatform::Trying to open the hw design at C:/TFG_Vivado/mis_pruebas/hil_puerto_serie/vitis/design_1_wrapper/hw/design_1_wrapper.xsa
TRACE::2026-02-05.20:00:08::SCWPlatform::DSA given C:/TFG_Vivado/mis_pruebas/hil_puerto_serie/vitis/design_1_wrapper/hw/design_1_wrapper.xsa
TRACE::2026-02-05.20:00:08::SCWPlatform::DSA absoulate path C:/TFG_Vivado/mis_pruebas/hil_puerto_serie/vitis/design_1_wrapper/hw/design_1_wrapper.xsa
TRACE::2026-02-05.20:00:08::SCWPlatform::DSA directory C:/TFG_Vivado/mis_pruebas/hil_puerto_serie/vitis/design_1_wrapper/hw
TRACE::2026-02-05.20:00:08::SCWPlatform:: Platform Path C:/TFG_Vivado/mis_pruebas/hil_puerto_serie/vitis/design_1_wrapper/hw/design_1_wrapper.xsa
TRACE::2026-02-05.20:00:08::SCWPlatform:: Unique name xilinx:::0.0
TRACE::2026-02-05.20:00:08::SCWPlatform::Trying to set the existing hwdb with name design_1_wrapper_0
TRACE::2026-02-05.20:00:08::SCWPlatform::Opened existing hwdb design_1_wrapper_0
TRACE::2026-02-05.20:00:08::SCWPlatform::Found the Hw Db part of the input DSA
TRACE::2026-02-05.20:00:08::SCWMssOS::Checking the sw design at  C:/TFG_Vivado/mis_pruebas/hil_puerto_serie/vitis/design_1_wrapper/psu_cortexa53_0/standalone_psu_cortexa53_0/bsp/system.mss
TRACE::2026-02-05.20:00:08::SCWMssOS::DEBUG:  swdes dump  C:/TFG_Vivado/mis_pruebas/hil_puerto_serie/vitis/design_1_wrapper/psu_cortexa53_0/standalone_psu_cortexa53_0/bsp/system.mss|system_1||
C:/TFG_Vivado/mis_pruebas/hil_puerto_serie/vitis/design_1_wrapper/zynqmp_fsbl/zynqmp_fsbl_bsp/system.mss|system||
C:/TFG_Vivado/mis_pruebas/hil_puerto_serie/vitis/design_1_wrapper/zynqmp_pmufw/zynqmp_pmufw_bsp/system.mss|system_0||

TRACE::2026-02-05.20:00:08::SCWMssOS::Sw design exists and opened at  C:/TFG_Vivado/mis_pruebas/hil_puerto_serie/vitis/design_1_wrapper/psu_cortexa53_0/standalone_psu_cortexa53_0/bsp/system.mss
TRACE::2026-02-05.20:00:08::SCWPlatform::Trying to open the hw design at C:/TFG_Vivado/mis_pruebas/hil_puerto_serie/vitis/design_1_wrapper/hw/design_1_wrapper.xsa
TRACE::2026-02-05.20:00:08::SCWPlatform::DSA given C:/TFG_Vivado/mis_pruebas/hil_puerto_serie/vitis/design_1_wrapper/hw/design_1_wrapper.xsa
TRACE::2026-02-05.20:00:08::SCWPlatform::DSA absoulate path C:/TFG_Vivado/mis_pruebas/hil_puerto_serie/vitis/design_1_wrapper/hw/design_1_wrapper.xsa
TRACE::2026-02-05.20:00:08::SCWPlatform::DSA directory C:/TFG_Vivado/mis_pruebas/hil_puerto_serie/vitis/design_1_wrapper/hw
TRACE::2026-02-05.20:00:08::SCWPlatform:: Platform Path C:/TFG_Vivado/mis_pruebas/hil_puerto_serie/vitis/design_1_wrapper/hw/design_1_wrapper.xsa
TRACE::2026-02-05.20:00:08::SCWPlatform:: Unique name xilinx:::0.0
TRACE::2026-02-05.20:00:08::SCWPlatform::Trying to set the existing hwdb with name design_1_wrapper_0
TRACE::2026-02-05.20:00:08::SCWPlatform::Opened existing hwdb design_1_wrapper_0
TRACE::2026-02-05.20:00:08::SCWPlatform::Found the Hw Db part of the input DSA
TRACE::2026-02-05.20:00:08::SCWMssOS::Checking the sw design at  C:/TFG_Vivado/mis_pruebas/hil_puerto_serie/vitis/design_1_wrapper/psu_cortexa53_0/standalone_psu_cortexa53_0/bsp/system.mss
TRACE::2026-02-05.20:00:08::SCWMssOS::DEBUG:  swdes dump  C:/TFG_Vivado/mis_pruebas/hil_puerto_serie/vitis/design_1_wrapper/psu_cortexa53_0/standalone_psu_cortexa53_0/bsp/system.mss|system_1||
C:/TFG_Vivado/mis_pruebas/hil_puerto_serie/vitis/design_1_wrapper/zynqmp_fsbl/zynqmp_fsbl_bsp/system.mss|system||
C:/TFG_Vivado/mis_pruebas/hil_puerto_serie/vitis/design_1_wrapper/zynqmp_pmufw/zynqmp_pmufw_bsp/system.mss|system_0||

TRACE::2026-02-05.20:00:08::SCWMssOS::Sw design exists and opened at  C:/TFG_Vivado/mis_pruebas/hil_puerto_serie/vitis/design_1_wrapper/psu_cortexa53_0/standalone_psu_cortexa53_0/bsp/system.mss
TRACE::2026-02-05.20:00:08::SCWWriter::formatted JSON is {
	"platformName":	"design_1_wrapper",
	"sprVersion":	"2.0",
	"mode":	"gui",
	"dsaType":	"Fixed",
	"platformDesc":	"design_1_wrapper",
	"platHandOff":	"<platformDir>.xsa",
	"platIntHandOff":	"<platformDir>/hw/design_1_wrapper.xsa",
	"deviceType":	"zynqMP",
	"platIsPrebuiltAutogen":	"false",
	"platIsNoBootBsp":	"false",
	"platFsblTarget":	"psu_cortexa53_0",
	"hasFsblMakeHasChanges":	"false",
	"hasPmufwMakeHasChanges":	"false",
	"fsblExtraCompilerFlags":	"-MMD -MP      -Wall -fmessage-length=0 -DARMA53_64 -Os -flto -ffat-lto-objects  ",
	"pmufwExtraCompilerFlags":	"-MMD -MP      -mlittle-endian -mxl-barrel-shift -mxl-pattern-compare -mcpu=v9.2 -mxl-soft-mul -Os -flto -ffat-lto-objects  ",
	"platPreBuiltFlag":	false,
	"platformSamplesDir":	"",
	"platActiveSys":	"design_1_wrapper",
	"systems":	[{
			"systemName":	"design_1_wrapper",
			"systemDesc":	"design_1_wrapper",
			"sysIsBootAutoGen":	"true",
			"systemDispName":	"design_1_wrapper",
			"sysActiveDom":	"standalone_psu_cortexa53_0",
			"sysDefaultDom":	"standalone_psu_cortexa53_0",
			"domains":	[{
					"domainName":	"zynqmp_fsbl",
					"domainDispName":	"zynqmp_fsbl",
					"domainDesc":	"FSBL Application BSP - Auto Generated.",
					"processors":	"psu_cortexa53_0",
					"os":	"standalone",
					"sdxOs":	"standalone",
					"debugEnable":	"",
					"domRuntimes":	["cpp"],
					"swRepo":	"",
					"mssOsVer":	"8.1",
					"mssFile":	"",
					"md5Digest":	"50ffef4a883d3ea676765d60b786a6e4",
					"compatibleApp":	"zynqmp_fsbl",
					"domType":	"bootDomain",
					"arch":	"64-bit",
					"appSettings":	{
						"appCompilerFlags":	"",
						"appLinkerFlags":	""
					},
					"addedLibs":	["xilffs:5.0", "xilsecure:5.1", "xilpm:5.0"],
					"libOptions":	{
						"standalone":	{
							"zynqmp_fsbl_bsp":	"true",
							"libOptionNames":	["zynqmp_fsbl_bsp"]
						},
						"xilffs":	{
							"read_only":	"true",
							"use_mkfs":	"false",
							"libOptionNames":	["read_only", "use_mkfs"]
						},
						"xilsecure":	{
							"tpm_support":	"true",
							"libOptionNames":	["tpm_support"]
						},
						"libsContainingOptions":	["standalone", "xilffs", "xilsecure"]
					},
					"prebuiltLibs":	{
						"prebuiltIncPath":	[],
						"prebuiltLibPath":	[]
					},
					"isolation":	{
					}
				}, {
					"domainName":	"zynqmp_pmufw",
					"domainDispName":	"zynqmp_pmufw",
					"domainDesc":	"PMUFW Application BSP - Auto Generated.",
					"processors":	"psu_pmu_0",
					"os":	"standalone",
					"sdxOs":	"standalone",
					"debugEnable":	"",
					"domRuntimes":	["cpp"],
					"swRepo":	"",
					"mssOsVer":	"8.1",
					"mssFile":	"",
					"md5Digest":	"f53f944c509d63eeaedc429f0d902726",
					"compatibleApp":	"zynqmp_pmufw",
					"domType":	"bootDomain",
					"arch":	"32-bit",
					"appSettings":	{
						"appCompilerFlags":	"",
						"appLinkerFlags":	""
					},
					"addedLibs":	["xilfpga:6.4", "xilsecure:5.1", "xilskey:7.4"],
					"libOptions":	{
						"psu_pmu_0":	{
							"extra_compiler_flags":	"-g -ffunction-sections -fdata-sections -Wall -Wextra -fno-tree-loop-distribute-patterns  -Os -flto -ffat-lto-objects",
							"libOptionNames":	["extra_compiler_flags"]
						},
						"libsContainingOptions":	["psu_pmu_0"]
					},
					"prebuiltLibs":	{
						"prebuiltIncPath":	[],
						"prebuiltLibPath":	[]
					},
					"isolation":	{
					}
				}, {
					"domainName":	"standalone_psu_cortexa53_0",
					"domainDispName":	"standalone_psu_cortexa53_0",
					"domainDesc":	"standalone_psu_cortexa53_0",
					"processors":	"psu_cortexa53_0",
					"os":	"standalone",
					"sdxOs":	"standalone",
					"qemuArgs":	"<platformDir>/resources/design_1_wrapper/standalone_psu_cortexa53_0/qemu_args.txt",
					"qemuData":	"<platformDir>/resources/design_1_wrapper/standalone_psu_cortexa53_0/qemu",
					"pmuQemuArgs":	"<platformDir>/resources/design_1_wrapper/standalone_psu_cortexa53_0/pmu_args.txt",
					"debugEnable":	"False",
					"domRuntimes":	["cpp"],
					"swRepo":	"",
					"mssOsVer":	"8.1",
					"mssFile":	"",
					"md5Digest":	"7824a2544f94f615c7699fb2e7b9fe4e",
					"compatibleApp":	"hello_world",
					"domType":	"mssDomain",
					"arch":	"64-bit",
					"appSettings":	{
						"appCompilerFlags":	"",
						"appLinkerFlags":	""
					},
					"addedLibs":	[],
					"libOptions":	{
						"libsContainingOptions":	[]
					},
					"prebuiltLibs":	{
						"prebuiltIncPath":	[],
						"prebuiltLibPath":	[]
					},
					"isolation":	{
					}
				}]
		}]
}
KEYINFO::2026-02-05.20:00:08::SCWPlatform::updated the xpfm file.
LOG::2026-02-05.20:01:09::SCWPlatform::Started generating the artifacts platform design_1_wrapper
TRACE::2026-02-05.20:01:09::SCWPlatform::Sanity checking of platform is completed
LOG::2026-02-05.20:01:09::SCWPlatform::Started generating the artifacts for system configuration design_1_wrapper
LOG::2026-02-05.20:01:09::SCWSystem::Checking the domain zynqmp_fsbl
LOG::2026-02-05.20:01:09::SCWSystem::Doing application build for :  zynqmp_fsbl
TRACE::2026-02-05.20:01:09::SCWBDomain::Not a forced makefile updation, No changes are present. 
TRACE::2026-02-05.20:01:09::SCWDomain::Building the domain as part of full build :  zynqmp_fsbl
TRACE::2026-02-05.20:01:09::SCWPlatform::Trying to open the hw design at C:/TFG_Vivado/mis_pruebas/hil_puerto_serie/vitis/design_1_wrapper/hw/design_1_wrapper.xsa
TRACE::2026-02-05.20:01:09::SCWPlatform::DSA given C:/TFG_Vivado/mis_pruebas/hil_puerto_serie/vitis/design_1_wrapper/hw/design_1_wrapper.xsa
TRACE::2026-02-05.20:01:09::SCWPlatform::DSA absoulate path C:/TFG_Vivado/mis_pruebas/hil_puerto_serie/vitis/design_1_wrapper/hw/design_1_wrapper.xsa
TRACE::2026-02-05.20:01:09::SCWPlatform::DSA directory C:/TFG_Vivado/mis_pruebas/hil_puerto_serie/vitis/design_1_wrapper/hw
TRACE::2026-02-05.20:01:09::SCWPlatform:: Platform Path C:/TFG_Vivado/mis_pruebas/hil_puerto_serie/vitis/design_1_wrapper/hw/design_1_wrapper.xsa
TRACE::2026-02-05.20:01:09::SCWPlatform:: Unique name xilinx:::0.0
TRACE::2026-02-05.20:01:09::SCWPlatform::Trying to set the existing hwdb with name design_1_wrapper_0
TRACE::2026-02-05.20:01:09::SCWPlatform::Opened existing hwdb design_1_wrapper_0
TRACE::2026-02-05.20:01:09::SCWPlatform::Found the Hw Db part of the input DSA
TRACE::2026-02-05.20:01:09::SCWMssOS::Checking the sw design at  C:/TFG_Vivado/mis_pruebas/hil_puerto_serie/vitis/design_1_wrapper/zynqmp_fsbl/zynqmp_fsbl_bsp/system.mss
TRACE::2026-02-05.20:01:09::SCWMssOS::DEBUG:  swdes dump  C:/TFG_Vivado/mis_pruebas/hil_puerto_serie/vitis/design_1_wrapper/psu_cortexa53_0/standalone_psu_cortexa53_0/bsp/system.mss|system_1||
C:/TFG_Vivado/mis_pruebas/hil_puerto_serie/vitis/design_1_wrapper/zynqmp_fsbl/zynqmp_fsbl_bsp/system.mss|system||
C:/TFG_Vivado/mis_pruebas/hil_puerto_serie/vitis/design_1_wrapper/zynqmp_pmufw/zynqmp_pmufw_bsp/system.mss|system_0||

TRACE::2026-02-05.20:01:09::SCWMssOS::Sw design exists and opened at  C:/TFG_Vivado/mis_pruebas/hil_puerto_serie/vitis/design_1_wrapper/zynqmp_fsbl/zynqmp_fsbl_bsp/system.mss
TRACE::2026-02-05.20:01:09::SCWBDomain::Completed writing the mss file at C:/TFG_Vivado/mis_pruebas/hil_puerto_serie/vitis/design_1_wrapper/zynqmp_fsbl/zynqmp_fsbl_bsp
TRACE::2026-02-05.20:01:09::SCWBDomain::bsp generated is upto date with the mss file. Skipping bsp generation.
TRACE::2026-02-05.20:01:09::SCWBDomain::Not a forced makefile updation, No changes are present. 
TRACE::2026-02-05.20:01:09::SCWBDomain::System Command Ran  C:&  cd  C:/TFG_Vivado/mis_pruebas/hil_puerto_serie/vitis/design_1_wrapper/zynqmp_fsbl& make -C  zynqmp_fsbl_bsp & make 
TRACE::2026-02-05.20:01:09::SCWBDomain::make: Entering directory 'C:/TFG_Vivado/mis_pruebas/hil_puerto_serie/vitis/design_1_wrapper/zynqmp_fsbl/zynqmp_fsbl_bsp'

TRACE::2026-02-05.20:01:09::SCWBDomain::make --no-print-directory seq_libs

TRACE::2026-02-05.20:01:09::SCWBDomain::"Running Make include in psu_cortexa53_0/libsrc/avbuf_v2_5/src"

TRACE::2026-02-05.20:01:09::SCWBDomain::make -C psu_cortexa53_0/libsrc/avbuf_v2_5/src -s include  "SHELL=CMD" "COMPILER=aarch64-none-elf-gcc" "ASSEMBLER=aarch64-none-e
TRACE::2026-02-05.20:01:09::SCWBDomain::lf-as" "ARCHIVER=aarch64-none-elf-ar" "COMPILER_FLAGS=  -c" "EXTRA_COMPILER_FLAGS=-g -Wall -Wextra -fno-tree-loop-distribute-pa
TRACE::2026-02-05.20:01:09::SCWBDomain::tterns -Os -flto -ffat-lto-objects"

TRACE::2026-02-05.20:01:09::SCWBDomain::"Running Make include in psu_cortexa53_0/libsrc/axipmon_v6_9/src"

TRACE::2026-02-05.20:01:09::SCWBDomain::make -C psu_cortexa53_0/libsrc/axipmon_v6_9/src -s include  "SHELL=CMD" "COMPILER=aarch64-none-elf-gcc" "ASSEMBLER=aarch64-none
TRACE::2026-02-05.20:01:09::SCWBDomain::-elf-as" "ARCHIVER=aarch64-none-elf-ar" "COMPILER_FLAGS=  -c" "EXTRA_COMPILER_FLAGS=-g -Wall -Wextra -fno-tree-loop-distribute-
TRACE::2026-02-05.20:01:09::SCWBDomain::patterns -Os -flto -ffat-lto-objects"

TRACE::2026-02-05.20:01:09::SCWBDomain::"Running Make include in psu_cortexa53_0/libsrc/clockps_v1_4/src"

TRACE::2026-02-05.20:01:09::SCWBDomain::make -C psu_cortexa53_0/libsrc/clockps_v1_4/src -s include  "SHELL=CMD" "COMPILER=aarch64-none-elf-gcc" "ASSEMBLER=aarch64-none
TRACE::2026-02-05.20:01:09::SCWBDomain::-elf-as" "ARCHIVER=aarch64-none-elf-ar" "COMPILER_FLAGS=  -c" "EXTRA_COMPILER_FLAGS=-g -Wall -Wextra -fno-tree-loop-distribute-
TRACE::2026-02-05.20:01:09::SCWBDomain::patterns -Os -flto -ffat-lto-objects"

TRACE::2026-02-05.20:01:09::SCWBDomain::"Running Make include in psu_cortexa53_0/libsrc/coresightps_dcc_v1_8/src"

TRACE::2026-02-05.20:01:09::SCWBDomain::make -C psu_cortexa53_0/libsrc/coresightps_dcc_v1_8/src -s include  "SHELL=CMD" "COMPILER=aarch64-none-elf-gcc" "ASSEMBLER=aarc
TRACE::2026-02-05.20:01:09::SCWBDomain::h64-none-elf-as" "ARCHIVER=aarch64-none-elf-ar" "COMPILER_FLAGS=  -c" "EXTRA_COMPILER_FLAGS=-g -Wall -Wextra -fno-tree-loop-dis
TRACE::2026-02-05.20:01:09::SCWBDomain::tribute-patterns -Os -flto -ffat-lto-objects"

TRACE::2026-02-05.20:01:09::SCWBDomain::"Running Make include in psu_cortexa53_0/libsrc/cpu_cortexa53_v2_0/src"

TRACE::2026-02-05.20:01:09::SCWBDomain::make -C psu_cortexa53_0/libsrc/cpu_cortexa53_v2_0/src -s include  "SHELL=CMD" "COMPILER=aarch64-none-elf-gcc" "ASSEMBLER=aarch6
TRACE::2026-02-05.20:01:09::SCWBDomain::4-none-elf-as" "ARCHIVER=aarch64-none-elf-ar" "COMPILER_FLAGS=  -c" "EXTRA_COMPILER_FLAGS=-g -Wall -Wextra -fno-tree-loop-distr
TRACE::2026-02-05.20:01:09::SCWBDomain::ibute-patterns -Os -flto -ffat-lto-objects"

TRACE::2026-02-05.20:01:10::SCWBDomain::"Running Make include in psu_cortexa53_0/libsrc/csudma_v1_13/src"

TRACE::2026-02-05.20:01:10::SCWBDomain::make -C psu_cortexa53_0/libsrc/csudma_v1_13/src -s include  "SHELL=CMD" "COMPILER=aarch64-none-elf-gcc" "ASSEMBLER=aarch64-none
TRACE::2026-02-05.20:01:10::SCWBDomain::-elf-as" "ARCHIVER=aarch64-none-elf-ar" "COMPILER_FLAGS=  -c" "EXTRA_COMPILER_FLAGS=-g -Wall -Wextra -fno-tree-loop-distribute-
TRACE::2026-02-05.20:01:10::SCWBDomain::patterns -Os -flto -ffat-lto-objects"

TRACE::2026-02-05.20:01:10::SCWBDomain::"Running Make include in psu_cortexa53_0/libsrc/ddrcpsu_v1_4/src"

TRACE::2026-02-05.20:01:10::SCWBDomain::make -C psu_cortexa53_0/libsrc/ddrcpsu_v1_4/src -s include  "SHELL=CMD" "COMPILER=aarch64-none-elf-gcc" "ASSEMBLER=aarch64-none
TRACE::2026-02-05.20:01:10::SCWBDomain::-elf-as" "ARCHIVER=aarch64-none-elf-ar" "COMPILER_FLAGS=  -c" "EXTRA_COMPILER_FLAGS=-g -Wall -Wextra -fno-tree-loop-distribute-
TRACE::2026-02-05.20:01:10::SCWBDomain::patterns -Os -flto -ffat-lto-objects"

TRACE::2026-02-05.20:01:10::SCWBDomain::"Running Make include in psu_cortexa53_0/libsrc/dpdma_v1_4/src"

TRACE::2026-02-05.20:01:10::SCWBDomain::make -C psu_cortexa53_0/libsrc/dpdma_v1_4/src -s include  "SHELL=CMD" "COMPILER=aarch64-none-elf-gcc" "ASSEMBLER=aarch64-none-e
TRACE::2026-02-05.20:01:10::SCWBDomain::lf-as" "ARCHIVER=aarch64-none-elf-ar" "COMPILER_FLAGS=  -c" "EXTRA_COMPILER_FLAGS=-g -Wall -Wextra -fno-tree-loop-distribute-pa
TRACE::2026-02-05.20:01:10::SCWBDomain::tterns -Os -flto -ffat-lto-objects"

TRACE::2026-02-05.20:01:10::SCWBDomain::"Running Make include in psu_cortexa53_0/libsrc/dppsu_v1_6/src"

TRACE::2026-02-05.20:01:10::SCWBDomain::make -C psu_cortexa53_0/libsrc/dppsu_v1_6/src -s include  "SHELL=CMD" "COMPILER=aarch64-none-elf-gcc" "ASSEMBLER=aarch64-none-e
TRACE::2026-02-05.20:01:10::SCWBDomain::lf-as" "ARCHIVER=aarch64-none-elf-ar" "COMPILER_FLAGS=  -c" "EXTRA_COMPILER_FLAGS=-g -Wall -Wextra -fno-tree-loop-distribute-pa
TRACE::2026-02-05.20:01:10::SCWBDomain::tterns -Os -flto -ffat-lto-objects"

TRACE::2026-02-05.20:01:10::SCWBDomain::"Running Make include in psu_cortexa53_0/libsrc/emacps_v3_18/src"

TRACE::2026-02-05.20:01:10::SCWBDomain::make -C psu_cortexa53_0/libsrc/emacps_v3_18/src -s include  "SHELL=CMD" "COMPILER=aarch64-none-elf-gcc" "ASSEMBLER=aarch64-none
TRACE::2026-02-05.20:01:10::SCWBDomain::-elf-as" "ARCHIVER=aarch64-none-elf-ar" "COMPILER_FLAGS=  -c" "EXTRA_COMPILER_FLAGS=-g -Wall -Wextra -fno-tree-loop-distribute-
TRACE::2026-02-05.20:01:10::SCWBDomain::patterns -Os -flto -ffat-lto-objects"

TRACE::2026-02-05.20:01:10::SCWBDomain::"Running Make include in psu_cortexa53_0/libsrc/gpiops_v3_11/src"

TRACE::2026-02-05.20:01:10::SCWBDomain::make -C psu_cortexa53_0/libsrc/gpiops_v3_11/src -s include  "SHELL=CMD" "COMPILER=aarch64-none-elf-gcc" "ASSEMBLER=aarch64-none
TRACE::2026-02-05.20:01:10::SCWBDomain::-elf-as" "ARCHIVER=aarch64-none-elf-ar" "COMPILER_FLAGS=  -c" "EXTRA_COMPILER_FLAGS=-g -Wall -Wextra -fno-tree-loop-distribute-
TRACE::2026-02-05.20:01:10::SCWBDomain::patterns -Os -flto -ffat-lto-objects"

TRACE::2026-02-05.20:01:10::SCWBDomain::"Running Make include in psu_cortexa53_0/libsrc/iicps_v3_17/src"

TRACE::2026-02-05.20:01:10::SCWBDomain::make -C psu_cortexa53_0/libsrc/iicps_v3_17/src -s include  "SHELL=CMD" "COMPILER=aarch64-none-elf-gcc" "ASSEMBLER=aarch64-none-
TRACE::2026-02-05.20:01:10::SCWBDomain::elf-as" "ARCHIVER=aarch64-none-elf-ar" "COMPILER_FLAGS=  -c" "EXTRA_COMPILER_FLAGS=-g -Wall -Wextra -fno-tree-loop-distribute-p
TRACE::2026-02-05.20:01:10::SCWBDomain::atterns -Os -flto -ffat-lto-objects"

TRACE::2026-02-05.20:01:10::SCWBDomain::"Running Make include in psu_cortexa53_0/libsrc/ipipsu_v2_13/src"

TRACE::2026-02-05.20:01:10::SCWBDomain::make -C psu_cortexa53_0/libsrc/ipipsu_v2_13/src -s include  "SHELL=CMD" "COMPILER=aarch64-none-elf-gcc" "ASSEMBLER=aarch64-none
TRACE::2026-02-05.20:01:10::SCWBDomain::-elf-as" "ARCHIVER=aarch64-none-elf-ar" "COMPILER_FLAGS=  -c" "EXTRA_COMPILER_FLAGS=-g -Wall -Wextra -fno-tree-loop-distribute-
TRACE::2026-02-05.20:01:10::SCWBDomain::patterns -Os -flto -ffat-lto-objects"

TRACE::2026-02-05.20:01:10::SCWBDomain::"Running Make include in psu_cortexa53_0/libsrc/pciepsu_v1_5/src"

TRACE::2026-02-05.20:01:10::SCWBDomain::make -C psu_cortexa53_0/libsrc/pciepsu_v1_5/src -s include  "SHELL=CMD" "COMPILER=aarch64-none-elf-gcc" "ASSEMBLER=aarch64-none
TRACE::2026-02-05.20:01:10::SCWBDomain::-elf-as" "ARCHIVER=aarch64-none-elf-ar" "COMPILER_FLAGS=  -c" "EXTRA_COMPILER_FLAGS=-g -Wall -Wextra -fno-tree-loop-distribute-
TRACE::2026-02-05.20:01:10::SCWBDomain::patterns -Os -flto -ffat-lto-objects"

TRACE::2026-02-05.20:01:11::SCWBDomain::"Running Make include in psu_cortexa53_0/libsrc/qspipsu_v1_17/src"

TRACE::2026-02-05.20:01:11::SCWBDomain::make -C psu_cortexa53_0/libsrc/qspipsu_v1_17/src -s include  "SHELL=CMD" "COMPILER=aarch64-none-elf-gcc" "ASSEMBLER=aarch64-non
TRACE::2026-02-05.20:01:11::SCWBDomain::e-elf-as" "ARCHIVER=aarch64-none-elf-ar" "COMPILER_FLAGS=  -c" "EXTRA_COMPILER_FLAGS=-g -Wall -Wextra -fno-tree-loop-distribute
TRACE::2026-02-05.20:01:11::SCWBDomain::-patterns -Os -flto -ffat-lto-objects"

TRACE::2026-02-05.20:01:11::SCWBDomain::"Running Make include in psu_cortexa53_0/libsrc/resetps_v1_5/src"

TRACE::2026-02-05.20:01:11::SCWBDomain::make -C psu_cortexa53_0/libsrc/resetps_v1_5/src -s include  "SHELL=CMD" "COMPILER=aarch64-none-elf-gcc" "ASSEMBLER=aarch64-none
TRACE::2026-02-05.20:01:11::SCWBDomain::-elf-as" "ARCHIVER=aarch64-none-elf-ar" "COMPILER_FLAGS=  -c" "EXTRA_COMPILER_FLAGS=-g -Wall -Wextra -fno-tree-loop-distribute-
TRACE::2026-02-05.20:01:11::SCWBDomain::patterns -Os -flto -ffat-lto-objects"

TRACE::2026-02-05.20:01:11::SCWBDomain::"Running Make include in psu_cortexa53_0/libsrc/rtcpsu_v1_12/src"

TRACE::2026-02-05.20:01:11::SCWBDomain::make -C psu_cortexa53_0/libsrc/rtcpsu_v1_12/src -s include  "SHELL=CMD" "COMPILER=aarch64-none-elf-gcc" "ASSEMBLER=aarch64-none
TRACE::2026-02-05.20:01:11::SCWBDomain::-elf-as" "ARCHIVER=aarch64-none-elf-ar" "COMPILER_FLAGS=  -c" "EXTRA_COMPILER_FLAGS=-g -Wall -Wextra -fno-tree-loop-distribute-
TRACE::2026-02-05.20:01:11::SCWBDomain::patterns -Os -flto -ffat-lto-objects"

TRACE::2026-02-05.20:01:11::SCWBDomain::"Running Make include in psu_cortexa53_0/libsrc/scugic_v5_1/src"

TRACE::2026-02-05.20:01:11::SCWBDomain::make -C psu_cortexa53_0/libsrc/scugic_v5_1/src -s include  "SHELL=CMD" "COMPILER=aarch64-none-elf-gcc" "ASSEMBLER=aarch64-none-
TRACE::2026-02-05.20:01:11::SCWBDomain::elf-as" "ARCHIVER=aarch64-none-elf-ar" "COMPILER_FLAGS=  -c" "EXTRA_COMPILER_FLAGS=-g -Wall -Wextra -fno-tree-loop-distribute-p
TRACE::2026-02-05.20:01:11::SCWBDomain::atterns -Os -flto -ffat-lto-objects"

TRACE::2026-02-05.20:01:11::SCWBDomain::"Running Make include in psu_cortexa53_0/libsrc/sdps_v4_1/src"

TRACE::2026-02-05.20:01:11::SCWBDomain::make -C psu_cortexa53_0/libsrc/sdps_v4_1/src -s include  "SHELL=CMD" "COMPILER=aarch64-none-elf-gcc" "ASSEMBLER=aarch64-none-el
TRACE::2026-02-05.20:01:11::SCWBDomain::f-as" "ARCHIVER=aarch64-none-elf-ar" "COMPILER_FLAGS=  -c" "EXTRA_COMPILER_FLAGS=-g -Wall -Wextra -fno-tree-loop-distribute-pat
TRACE::2026-02-05.20:01:11::SCWBDomain::terns -Os -flto -ffat-lto-objects"

TRACE::2026-02-05.20:01:11::SCWBDomain::"Running Make include in psu_cortexa53_0/libsrc/standalone_v8_1/src"

TRACE::2026-02-05.20:01:11::SCWBDomain::make -C psu_cortexa53_0/libsrc/standalone_v8_1/src -s include  "SHELL=CMD" "COMPILER=aarch64-none-elf-gcc" "ASSEMBLER=aarch64-n
TRACE::2026-02-05.20:01:11::SCWBDomain::one-elf-as" "ARCHIVER=aarch64-none-elf-ar" "COMPILER_FLAGS=  -c" "EXTRA_COMPILER_FLAGS=-g -Wall -Wextra -fno-tree-loop-distribu
TRACE::2026-02-05.20:01:11::SCWBDomain::te-patterns -Os -flto -ffat-lto-objects"

TRACE::2026-02-05.20:01:13::SCWBDomain::"Running Make include in psu_cortexa53_0/libsrc/sysmonpsu_v2_8/src"

TRACE::2026-02-05.20:01:13::SCWBDomain::make -C psu_cortexa53_0/libsrc/sysmonpsu_v2_8/src -s include  "SHELL=CMD" "COMPILER=aarch64-none-elf-gcc" "ASSEMBLER=aarch64-no
TRACE::2026-02-05.20:01:13::SCWBDomain::ne-elf-as" "ARCHIVER=aarch64-none-elf-ar" "COMPILER_FLAGS=  -c" "EXTRA_COMPILER_FLAGS=-g -Wall -Wextra -fno-tree-loop-distribut
TRACE::2026-02-05.20:01:13::SCWBDomain::e-patterns -Os -flto -ffat-lto-objects"

TRACE::2026-02-05.20:01:13::SCWBDomain::"Running Make include in psu_cortexa53_0/libsrc/ttcps_v3_17/src"

TRACE::2026-02-05.20:01:13::SCWBDomain::make -C psu_cortexa53_0/libsrc/ttcps_v3_17/src -s include  "SHELL=CMD" "COMPILER=aarch64-none-elf-gcc" "ASSEMBLER=aarch64-none-
TRACE::2026-02-05.20:01:13::SCWBDomain::elf-as" "ARCHIVER=aarch64-none-elf-ar" "COMPILER_FLAGS=  -c" "EXTRA_COMPILER_FLAGS=-g -Wall -Wextra -fno-tree-loop-distribute-p
TRACE::2026-02-05.20:01:13::SCWBDomain::atterns -Os -flto -ffat-lto-objects"

TRACE::2026-02-05.20:01:13::SCWBDomain::"Running Make include in psu_cortexa53_0/libsrc/uartps_v3_12/src"

TRACE::2026-02-05.20:01:13::SCWBDomain::make -C psu_cortexa53_0/libsrc/uartps_v3_12/src -s include  "SHELL=CMD" "COMPILER=aarch64-none-elf-gcc" "ASSEMBLER=aarch64-none
TRACE::2026-02-05.20:01:13::SCWBDomain::-elf-as" "ARCHIVER=aarch64-none-elf-ar" "COMPILER_FLAGS=  -c" "EXTRA_COMPILER_FLAGS=-g -Wall -Wextra -fno-tree-loop-distribute-
TRACE::2026-02-05.20:01:13::SCWBDomain::patterns -Os -flto -ffat-lto-objects"

TRACE::2026-02-05.20:01:13::SCWBDomain::"Running Make include in psu_cortexa53_0/libsrc/usbpsu_v1_13/src"

TRACE::2026-02-05.20:01:13::SCWBDomain::make -C psu_cortexa53_0/libsrc/usbpsu_v1_13/src -s include  "SHELL=CMD" "COMPILER=aarch64-none-elf-gcc" "ASSEMBLER=aarch64-none
TRACE::2026-02-05.20:01:13::SCWBDomain::-elf-as" "ARCHIVER=aarch64-none-elf-ar" "COMPILER_FLAGS=  -c" "EXTRA_COMPILER_FLAGS=-g -Wall -Wextra -fno-tree-loop-distribute-
TRACE::2026-02-05.20:01:13::SCWBDomain::patterns -Os -flto -ffat-lto-objects"

TRACE::2026-02-05.20:01:14::SCWBDomain::"Running Make include in psu_cortexa53_0/libsrc/video_common_v4_13/src"

TRACE::2026-02-05.20:01:14::SCWBDomain::make -C psu_cortexa53_0/libsrc/video_common_v4_13/src -s include  "SHELL=CMD" "COMPILER=aarch64-none-elf-gcc" "ASSEMBLER=aarch6
TRACE::2026-02-05.20:01:14::SCWBDomain::4-none-elf-as" "ARCHIVER=aarch64-none-elf-ar" "COMPILER_FLAGS=  -c" "EXTRA_COMPILER_FLAGS=-g -Wall -Wextra -fno-tree-loop-distr
TRACE::2026-02-05.20:01:14::SCWBDomain::ibute-patterns -Os -flto -ffat-lto-objects"

TRACE::2026-02-05.20:01:14::SCWBDomain::"Running Make include in psu_cortexa53_0/libsrc/xilffs_v5_0/src"

TRACE::2026-02-05.20:01:14::SCWBDomain::make -C psu_cortexa53_0/libsrc/xilffs_v5_0/src -s include  "SHELL=CMD" "COMPILER=aarch64-none-elf-gcc" "ASSEMBLER=aarch64-none-
TRACE::2026-02-05.20:01:14::SCWBDomain::elf-as" "ARCHIVER=aarch64-none-elf-ar" "COMPILER_FLAGS=  -c" "EXTRA_COMPILER_FLAGS=-g -Wall -Wextra -fno-tree-loop-distribute-p
TRACE::2026-02-05.20:01:14::SCWBDomain::atterns -Os -flto -ffat-lto-objects"

TRACE::2026-02-05.20:01:14::SCWBDomain::"Running Make include in psu_cortexa53_0/libsrc/xilpm_v5_0/src"

TRACE::2026-02-05.20:01:14::SCWBDomain::make -C psu_cortexa53_0/libsrc/xilpm_v5_0/src -s include  "SHELL=CMD" "COMPILER=aarch64-none-elf-gcc" "ASSEMBLER=aarch64-none-e
TRACE::2026-02-05.20:01:14::SCWBDomain::lf-as" "ARCHIVER=aarch64-none-elf-ar" "COMPILER_FLAGS=  -c" "EXTRA_COMPILER_FLAGS=-g -Wall -Wextra -fno-tree-loop-distribute-pa
TRACE::2026-02-05.20:01:14::SCWBDomain::tterns -Os -flto -ffat-lto-objects"

TRACE::2026-02-05.20:01:14::SCWBDomain::"Include files for this library have already been copied."

TRACE::2026-02-05.20:01:14::SCWBDomain::"Running Make include in psu_cortexa53_0/libsrc/xilsecure_v5_1/src"

TRACE::2026-02-05.20:01:14::SCWBDomain::make -C psu_cortexa53_0/libsrc/xilsecure_v5_1/src -s include  "SHELL=CMD" "COMPILER=aarch64-none-elf-gcc" "ASSEMBLER=aarch64-no
TRACE::2026-02-05.20:01:14::SCWBDomain::ne-elf-as" "ARCHIVER=aarch64-none-elf-ar" "COMPILER_FLAGS=  -c" "EXTRA_COMPILER_FLAGS=-g -Wall -Wextra -fno-tree-loop-distribut
TRACE::2026-02-05.20:01:14::SCWBDomain::e-patterns -Os -flto -ffat-lto-objects"

TRACE::2026-02-05.20:01:14::SCWBDomain::"Running Make include in psu_cortexa53_0/libsrc/zdma_v1_16/src"

TRACE::2026-02-05.20:01:14::SCWBDomain::make -C psu_cortexa53_0/libsrc/zdma_v1_16/src -s include  "SHELL=CMD" "COMPILER=aarch64-none-elf-gcc" "ASSEMBLER=aarch64-none-e
TRACE::2026-02-05.20:01:14::SCWBDomain::lf-as" "ARCHIVER=aarch64-none-elf-ar" "COMPILER_FLAGS=  -c" "EXTRA_COMPILER_FLAGS=-g -Wall -Wextra -fno-tree-loop-distribute-pa
TRACE::2026-02-05.20:01:14::SCWBDomain::tterns -Os -flto -ffat-lto-objects"

TRACE::2026-02-05.20:01:14::SCWBDomain::"Running Make libs in psu_cortexa53_0/libsrc/avbuf_v2_5/src"

TRACE::2026-02-05.20:01:14::SCWBDomain::make -C psu_cortexa53_0/libsrc/avbuf_v2_5/src -s libs  "SHELL=CMD" "COMPILER=aarch64-none-elf-gcc" "ASSEMBLER=aarch64-none-elf-
TRACE::2026-02-05.20:01:14::SCWBDomain::as" "ARCHIVER=aarch64-none-elf-ar" "COMPILER_FLAGS=  -c" "EXTRA_COMPILER_FLAGS=-g -Wall -Wextra -fno-tree-loop-distribute-patte
TRACE::2026-02-05.20:01:14::SCWBDomain::rns -Os -flto -ffat-lto-objects"

TRACE::2026-02-05.20:01:14::SCWBDomain::"Compiling avbuf"

TRACE::2026-02-05.20:01:15::SCWBDomain::"Running Make libs in psu_cortexa53_0/libsrc/dpdma_v1_4/src"

TRACE::2026-02-05.20:01:15::SCWBDomain::make -C psu_cortexa53_0/libsrc/dpdma_v1_4/src -s libs  "SHELL=CMD" "COMPILER=aarch64-none-elf-gcc" "ASSEMBLER=aarch64-none-elf-
TRACE::2026-02-05.20:01:15::SCWBDomain::as" "ARCHIVER=aarch64-none-elf-ar" "COMPILER_FLAGS=  -c" "EXTRA_COMPILER_FLAGS=-g -Wall -Wextra -fno-tree-loop-distribute-patte
TRACE::2026-02-05.20:01:15::SCWBDomain::rns -Os -flto -ffat-lto-objects"

TRACE::2026-02-05.20:01:15::SCWBDomain::"Compiling dpdma"

TRACE::2026-02-05.20:01:16::SCWBDomain::"Running Make libs in psu_cortexa53_0/libsrc/dppsu_v1_6/src"

TRACE::2026-02-05.20:01:16::SCWBDomain::make -C psu_cortexa53_0/libsrc/dppsu_v1_6/src -s libs  "SHELL=CMD" "COMPILER=aarch64-none-elf-gcc" "ASSEMBLER=aarch64-none-elf-
TRACE::2026-02-05.20:01:16::SCWBDomain::as" "ARCHIVER=aarch64-none-elf-ar" "COMPILER_FLAGS=  -c" "EXTRA_COMPILER_FLAGS=-g -Wall -Wextra -fno-tree-loop-distribute-patte
TRACE::2026-02-05.20:01:16::SCWBDomain::rns -Os -flto -ffat-lto-objects"

TRACE::2026-02-05.20:01:16::SCWBDomain::"Compiling dppsu"

TRACE::2026-02-05.20:01:17::SCWBDomain::"Running Make libs in psu_cortexa53_0/libsrc/xilpm_v5_0/src"

TRACE::2026-02-05.20:01:18::SCWBDomain::make -C psu_cortexa53_0/libsrc/xilpm_v5_0/src -s libs  "SHELL=CMD" "COMPILER=aarch64-none-elf-gcc" "ASSEMBLER=aarch64-none-elf-
TRACE::2026-02-05.20:01:18::SCWBDomain::as" "ARCHIVER=aarch64-none-elf-ar" "COMPILER_FLAGS=  -c" "EXTRA_COMPILER_FLAGS=-g -Wall -Wextra -fno-tree-loop-distribute-patte
TRACE::2026-02-05.20:01:18::SCWBDomain::rns -Os -flto -ffat-lto-objects"

TRACE::2026-02-05.20:01:18::SCWBDomain::"Compiling xilpm library"

TRACE::2026-02-05.20:01:19::SCWBDomain::"Running Make libs in psu_cortexa53_0/libsrc/xilsecure_v5_1/src"

TRACE::2026-02-05.20:01:19::SCWBDomain::make -C psu_cortexa53_0/libsrc/xilsecure_v5_1/src -s libs  "SHELL=CMD" "COMPILER=aarch64-none-elf-gcc" "ASSEMBLER=aarch64-none-
TRACE::2026-02-05.20:01:19::SCWBDomain::elf-as" "ARCHIVER=aarch64-none-elf-ar" "COMPILER_FLAGS=  -c" "EXTRA_COMPILER_FLAGS=-g -Wall -Wextra -fno-tree-loop-distribute-p
TRACE::2026-02-05.20:01:19::SCWBDomain::atterns -Os -flto -ffat-lto-objects"

TRACE::2026-02-05.20:01:19::SCWBDomain::"Compiling XilSecure Library"

TRACE::2026-02-05.20:01:21::SCWBDomain::'Finished building libraries sequentially.'

TRACE::2026-02-05.20:01:21::SCWBDomain::make -j 10 --no-print-directory par_libs

TRACE::2026-02-05.20:01:21::SCWBDomain::"Running Make include in psu_cortexa53_0/libsrc/avbuf_v2_5/src"

TRACE::2026-02-05.20:01:21::SCWBDomain::"Running Make include in psu_cortexa53_0/libsrc/axipmon_v6_9/src"

TRACE::2026-02-05.20:01:21::SCWBDomain::"Running Make include in psu_cortexa53_0/libsrc/clockps_v1_4/src"

TRACE::2026-02-05.20:01:21::SCWBDomain::"Running Make include in psu_cortexa53_0/libsrc/coresightps_dcc_v1_8/src"

TRACE::2026-02-05.20:01:21::SCWBDomain::make -C psu_cortexa53_0/libsrc/avbuf_v2_5/src -s include  "SHELL=CMD" "COMPILER=aarch64-none-elf-gcc" "ASSEMBLER=aarch64-none-e
TRACE::2026-02-05.20:01:21::SCWBDomain::lf-as" "ARCHIVER=aarch64-none-elf-ar" "COMPILER_FLAGS=  -c" "EXTRA_COMPILER_FLAGS=-g -Wall -Wextra -fno-tree-loop-distribute-pa
TRACE::2026-02-05.20:01:21::SCWBDomain::tterns -Os -flto -ffat-lto-objects"

TRACE::2026-02-05.20:01:21::SCWBDomain::make -C psu_cortexa53_0/libsrc/axipmon_v6_9/src -s include  "SHELL=CMD" "COMPILER=aarch64-none-elf-gcc" "ASSEMBLER=aarch64-none
TRACE::2026-02-05.20:01:21::SCWBDomain::-elf-as" "ARCHIVER=aarch64-none-elf-ar" "COMPILER_FLAGS=  -c" "EXTRA_COMPILER_FLAGS=-g -Wall -Wextra -fno-tree-loop-distribute-
TRACE::2026-02-05.20:01:21::SCWBDomain::patterns -Os -flto -ffat-lto-objects"

TRACE::2026-02-05.20:01:21::SCWBDomain::make -C psu_cortexa53_0/libsrc/clockps_v1_4/src -s include  "SHELL=CMD" "COMPILER=aarch64-none-elf-gcc" "ASSEMBLER=aarch64-none
TRACE::2026-02-05.20:01:21::SCWBDomain::-elf-as" "ARCHIVER=aarch64-none-elf-ar" "COMPILER_FLAGS=  -c" "EXTRA_COMPILER_FLAGS=-g -Wall -Wextra -fno-tree-loop-distribute-
TRACE::2026-02-05.20:01:21::SCWBDomain::patterns -Os -flto -ffat-lto-objects"

TRACE::2026-02-05.20:01:21::SCWBDomain::"Running Make include in psu_cortexa53_0/libsrc/csudma_v1_13/src"

TRACE::2026-02-05.20:01:21::SCWBDomain::"Running Make include in psu_cortexa53_0/libsrc/cpu_cortexa53_v2_0/src"

TRACE::2026-02-05.20:01:21::SCWBDomain::make -C psu_cortexa53_0/libsrc/coresightps_dcc_v1_8/src -s include  "SHELL=CMD" "COMPILER=aarch64-none-elf-gcc" "ASSEMBLER=aarc
TRACE::2026-02-05.20:01:21::SCWBDomain::h64-none-elf-as" "ARCHIVER=aarch64-none-elf-ar" "COMPILER_FLAGS=  -c" "EXTRA_COMPILER_FLAGS=-g -Wall -Wextra -fno-tree-loop-dis
TRACE::2026-02-05.20:01:21::SCWBDomain::tribute-patterns -Os -flto -ffat-lto-objects"

TRACE::2026-02-05.20:01:21::SCWBDomain::make -C psu_cortexa53_0/libsrc/cpu_cortexa53_v2_0/src -s include  "SHELL=CMD" "COMPILER=aarch64-none-elf-gcc" "ASSEMBLER=aarch6
TRACE::2026-02-05.20:01:21::SCWBDomain::4-none-elf-as" "ARCHIVER=aarch64-none-elf-ar" "COMPILER_FLAGS=  -c" "EXTRA_COMPILER_FLAGS=-g -Wall -Wextra -fno-tree-loop-distr
TRACE::2026-02-05.20:01:21::SCWBDomain::ibute-patterns -Os -flto -ffat-lto-objects"

TRACE::2026-02-05.20:01:21::SCWBDomain::make -C psu_cortexa53_0/libsrc/csudma_v1_13/src -s include  "SHELL=CMD" "COMPILER=aarch64-none-elf-gcc" "ASSEMBLER=aarch64-none
TRACE::2026-02-05.20:01:21::SCWBDomain::-elf-as" "ARCHIVER=aarch64-none-elf-ar" "COMPILER_FLAGS=  -c" "EXTRA_COMPILER_FLAGS=-g -Wall -Wextra -fno-tree-loop-distribute-
TRACE::2026-02-05.20:01:21::SCWBDomain::patterns -Os -flto -ffat-lto-objects"

TRACE::2026-02-05.20:01:21::SCWBDomain::"Running Make include in psu_cortexa53_0/libsrc/ddrcpsu_v1_4/src"

TRACE::2026-02-05.20:01:21::SCWBDomain::make -C psu_cortexa53_0/libsrc/ddrcpsu_v1_4/src -s include  "SHELL=CMD" "COMPILER=aarch64-none-elf-gcc" "ASSEMBLER=aarch64-none
TRACE::2026-02-05.20:01:21::SCWBDomain::-elf-as" "ARCHIVER=aarch64-none-elf-ar" "COMPILER_FLAGS=  -c" "EXTRA_COMPILER_FLAGS=-g -Wall -Wextra -fno-tree-loop-distribute-
TRACE::2026-02-05.20:01:21::SCWBDomain::patterns -Os -flto -ffat-lto-objects"

TRACE::2026-02-05.20:01:21::SCWBDomain::"Running Make include in psu_cortexa53_0/libsrc/dpdma_v1_4/src"

TRACE::2026-02-05.20:01:21::SCWBDomain::make -C psu_cortexa53_0/libsrc/dpdma_v1_4/src -s include  "SHELL=CMD" "COMPILER=aarch64-none-elf-gcc" "ASSEMBLER=aarch64-none-e
TRACE::2026-02-05.20:01:21::SCWBDomain::lf-as" "ARCHIVER=aarch64-none-elf-ar" "COMPILER_FLAGS=  -c" "EXTRA_COMPILER_FLAGS=-g -Wall -Wextra -fno-tree-loop-distribute-pa
TRACE::2026-02-05.20:01:21::SCWBDomain::tterns -Os -flto -ffat-lto-objects"

TRACE::2026-02-05.20:01:21::SCWBDomain::"Running Make include in psu_cortexa53_0/libsrc/dppsu_v1_6/src"

TRACE::2026-02-05.20:01:21::SCWBDomain::make -C psu_cortexa53_0/libsrc/dppsu_v1_6/src -s include  "SHELL=CMD" "COMPILER=aarch64-none-elf-gcc" "ASSEMBLER=aarch64-none-e
TRACE::2026-02-05.20:01:21::SCWBDomain::lf-as" "ARCHIVER=aarch64-none-elf-ar" "COMPILER_FLAGS=  -c" "EXTRA_COMPILER_FLAGS=-g -Wall -Wextra -fno-tree-loop-distribute-pa
TRACE::2026-02-05.20:01:21::SCWBDomain::tterns -Os -flto -ffat-lto-objects"

TRACE::2026-02-05.20:01:21::SCWBDomain::"Running Make include in psu_cortexa53_0/libsrc/emacps_v3_18/src"

TRACE::2026-02-05.20:01:21::SCWBDomain::make -C psu_cortexa53_0/libsrc/emacps_v3_18/src -s include  "SHELL=CMD" "COMPILER=aarch64-none-elf-gcc" "ASSEMBLER=aarch64-none
TRACE::2026-02-05.20:01:21::SCWBDomain::-elf-as" "ARCHIVER=aarch64-none-elf-ar" "COMPILER_FLAGS=  -c" "EXTRA_COMPILER_FLAGS=-g -Wall -Wextra -fno-tree-loop-distribute-
TRACE::2026-02-05.20:01:21::SCWBDomain::patterns -Os -flto -ffat-lto-objects"

TRACE::2026-02-05.20:01:21::SCWBDomain::"Running Make include in psu_cortexa53_0/libsrc/gpiops_v3_11/src"

TRACE::2026-02-05.20:01:21::SCWBDomain::make -C psu_cortexa53_0/libsrc/gpiops_v3_11/src -s include  "SHELL=CMD" "COMPILER=aarch64-none-elf-gcc" "ASSEMBLER=aarch64-none
TRACE::2026-02-05.20:01:21::SCWBDomain::-elf-as" "ARCHIVER=aarch64-none-elf-ar" "COMPILER_FLAGS=  -c" "EXTRA_COMPILER_FLAGS=-g -Wall -Wextra -fno-tree-loop-distribute-
TRACE::2026-02-05.20:01:21::SCWBDomain::patterns -Os -flto -ffat-lto-objects"

TRACE::2026-02-05.20:01:21::SCWBDomain::"Running Make include in psu_cortexa53_0/libsrc/iicps_v3_17/src"

TRACE::2026-02-05.20:01:21::SCWBDomain::"Running Make include in psu_cortexa53_0/libsrc/ipipsu_v2_13/src"

TRACE::2026-02-05.20:01:21::SCWBDomain::make -C psu_cortexa53_0/libsrc/iicps_v3_17/src -s include  "SHELL=CMD" "COMPILER=aarch64-none-elf-gcc" "ASSEMBLER=aarch64-none-
TRACE::2026-02-05.20:01:21::SCWBDomain::elf-as" "ARCHIVER=aarch64-none-elf-ar" "COMPILER_FLAGS=  -c" "EXTRA_COMPILER_FLAGS=-g -Wall -Wextra -fno-tree-loop-distribute-p
TRACE::2026-02-05.20:01:21::SCWBDomain::atterns -Os -flto -ffat-lto-objects"

TRACE::2026-02-05.20:01:21::SCWBDomain::make -C psu_cortexa53_0/libsrc/ipipsu_v2_13/src -s include  "SHELL=CMD" "COMPILER=aarch64-none-elf-gcc" "ASSEMBLER=aarch64-none
TRACE::2026-02-05.20:01:21::SCWBDomain::-elf-as" "ARCHIVER=aarch64-none-elf-ar" "COMPILER_FLAGS=  -c" "EXTRA_COMPILER_FLAGS=-g -Wall -Wextra -fno-tree-loop-distribute-
TRACE::2026-02-05.20:01:21::SCWBDomain::patterns -Os -flto -ffat-lto-objects"

TRACE::2026-02-05.20:01:21::SCWBDomain::"Running Make include in psu_cortexa53_0/libsrc/pciepsu_v1_5/src"

TRACE::2026-02-05.20:01:21::SCWBDomain::make -C psu_cortexa53_0/libsrc/pciepsu_v1_5/src -s include  "SHELL=CMD" "COMPILER=aarch64-none-elf-gcc" "ASSEMBLER=aarch64-none
TRACE::2026-02-05.20:01:21::SCWBDomain::-elf-as" "ARCHIVER=aarch64-none-elf-ar" "COMPILER_FLAGS=  -c" "EXTRA_COMPILER_FLAGS=-g -Wall -Wextra -fno-tree-loop-distribute-
TRACE::2026-02-05.20:01:21::SCWBDomain::patterns -Os -flto -ffat-lto-objects"

TRACE::2026-02-05.20:01:21::SCWBDomain::"Running Make include in psu_cortexa53_0/libsrc/qspipsu_v1_17/src"

TRACE::2026-02-05.20:01:21::SCWBDomain::make -C psu_cortexa53_0/libsrc/qspipsu_v1_17/src -s include  "SHELL=CMD" "COMPILER=aarch64-none-elf-gcc" "ASSEMBLER=aarch64-non
TRACE::2026-02-05.20:01:21::SCWBDomain::e-elf-as" "ARCHIVER=aarch64-none-elf-ar" "COMPILER_FLAGS=  -c" "EXTRA_COMPILER_FLAGS=-g -Wall -Wextra -fno-tree-loop-distribute
TRACE::2026-02-05.20:01:21::SCWBDomain::-patterns -Os -flto -ffat-lto-objects"

TRACE::2026-02-05.20:01:21::SCWBDomain::"Running Make include in psu_cortexa53_0/libsrc/resetps_v1_5/src"

TRACE::2026-02-05.20:01:21::SCWBDomain::make -C psu_cortexa53_0/libsrc/resetps_v1_5/src -s include  "SHELL=CMD" "COMPILER=aarch64-none-elf-gcc" "ASSEMBLER=aarch64-none
TRACE::2026-02-05.20:01:21::SCWBDomain::-elf-as" "ARCHIVER=aarch64-none-elf-ar" "COMPILER_FLAGS=  -c" "EXTRA_COMPILER_FLAGS=-g -Wall -Wextra -fno-tree-loop-distribute-
TRACE::2026-02-05.20:01:21::SCWBDomain::patterns -Os -flto -ffat-lto-objects"

TRACE::2026-02-05.20:01:21::SCWBDomain::"Running Make include in psu_cortexa53_0/libsrc/rtcpsu_v1_12/src"

TRACE::2026-02-05.20:01:21::SCWBDomain::make -C psu_cortexa53_0/libsrc/rtcpsu_v1_12/src -s include  "SHELL=CMD" "COMPILER=aarch64-none-elf-gcc" "ASSEMBLER=aarch64-none
TRACE::2026-02-05.20:01:21::SCWBDomain::-elf-as" "ARCHIVER=aarch64-none-elf-ar" "COMPILER_FLAGS=  -c" "EXTRA_COMPILER_FLAGS=-g -Wall -Wextra -fno-tree-loop-distribute-
TRACE::2026-02-05.20:01:21::SCWBDomain::patterns -Os -flto -ffat-lto-objects"

TRACE::2026-02-05.20:01:21::SCWBDomain::"Running Make include in psu_cortexa53_0/libsrc/scugic_v5_1/src"

TRACE::2026-02-05.20:01:21::SCWBDomain::make -C psu_cortexa53_0/libsrc/scugic_v5_1/src -s include  "SHELL=CMD" "COMPILER=aarch64-none-elf-gcc" "ASSEMBLER=aarch64-none-
TRACE::2026-02-05.20:01:21::SCWBDomain::elf-as" "ARCHIVER=aarch64-none-elf-ar" "COMPILER_FLAGS=  -c" "EXTRA_COMPILER_FLAGS=-g -Wall -Wextra -fno-tree-loop-distribute-p
TRACE::2026-02-05.20:01:21::SCWBDomain::atterns -Os -flto -ffat-lto-objects"

TRACE::2026-02-05.20:01:21::SCWBDomain::"Running Make include in psu_cortexa53_0/libsrc/sdps_v4_1/src"

TRACE::2026-02-05.20:01:21::SCWBDomain::make -C psu_cortexa53_0/libsrc/sdps_v4_1/src -s include  "SHELL=CMD" "COMPILER=aarch64-none-elf-gcc" "ASSEMBLER=aarch64-none-el
TRACE::2026-02-05.20:01:21::SCWBDomain::f-as" "ARCHIVER=aarch64-none-elf-ar" "COMPILER_FLAGS=  -c" "EXTRA_COMPILER_FLAGS=-g -Wall -Wextra -fno-tree-loop-distribute-pat
TRACE::2026-02-05.20:01:21::SCWBDomain::terns -Os -flto -ffat-lto-objects"

TRACE::2026-02-05.20:01:21::SCWBDomain::"Running Make include in psu_cortexa53_0/libsrc/standalone_v8_1/src"

TRACE::2026-02-05.20:01:21::SCWBDomain::make -C psu_cortexa53_0/libsrc/standalone_v8_1/src -s include  "SHELL=CMD" "COMPILER=aarch64-none-elf-gcc" "ASSEMBLER=aarch64-n
TRACE::2026-02-05.20:01:21::SCWBDomain::one-elf-as" "ARCHIVER=aarch64-none-elf-ar" "COMPILER_FLAGS=  -c" "EXTRA_COMPILER_FLAGS=-g -Wall -Wextra -fno-tree-loop-distribu
TRACE::2026-02-05.20:01:21::SCWBDomain::te-patterns -Os -flto -ffat-lto-objects"

TRACE::2026-02-05.20:01:21::SCWBDomain::"Running Make include in psu_cortexa53_0/libsrc/sysmonpsu_v2_8/src"

TRACE::2026-02-05.20:01:21::SCWBDomain::make -C psu_cortexa53_0/libsrc/sysmonpsu_v2_8/src -s include  "SHELL=CMD" "COMPILER=aarch64-none-elf-gcc" "ASSEMBLER=aarch64-no
TRACE::2026-02-05.20:01:21::SCWBDomain::ne-elf-as" "ARCHIVER=aarch64-none-elf-ar" "COMPILER_FLAGS=  -c" "EXTRA_COMPILER_FLAGS=-g -Wall -Wextra -fno-tree-loop-distribut
TRACE::2026-02-05.20:01:21::SCWBDomain::e-patterns -Os -flto -ffat-lto-objects"

TRACE::2026-02-05.20:01:21::SCWBDomain::"Running Make include in psu_cortexa53_0/libsrc/ttcps_v3_17/src"

TRACE::2026-02-05.20:01:21::SCWBDomain::make -C psu_cortexa53_0/libsrc/ttcps_v3_17/src -s include  "SHELL=CMD" "COMPILER=aarch64-none-elf-gcc" "ASSEMBLER=aarch64-none-
TRACE::2026-02-05.20:01:21::SCWBDomain::elf-as" "ARCHIVER=aarch64-none-elf-ar" "COMPILER_FLAGS=  -c" "EXTRA_COMPILER_FLAGS=-g -Wall -Wextra -fno-tree-loop-distribute-p
TRACE::2026-02-05.20:01:21::SCWBDomain::atterns -Os -flto -ffat-lto-objects"

TRACE::2026-02-05.20:01:21::SCWBDomain::"Running Make include in psu_cortexa53_0/libsrc/uartps_v3_12/src"

TRACE::2026-02-05.20:01:21::SCWBDomain::"Running Make include in psu_cortexa53_0/libsrc/usbpsu_v1_13/src"

TRACE::2026-02-05.20:01:21::SCWBDomain::make -C psu_cortexa53_0/libsrc/uartps_v3_12/src -s include  "SHELL=CMD" "COMPILER=aarch64-none-elf-gcc" "ASSEMBLER=aarch64-none
TRACE::2026-02-05.20:01:21::SCWBDomain::-elf-as" "ARCHIVER=aarch64-none-elf-ar" "COMPILER_FLAGS=  -c" "EXTRA_COMPILER_FLAGS=-g -Wall -Wextra -fno-tree-loop-distribute-
TRACE::2026-02-05.20:01:21::SCWBDomain::patterns -Os -flto -ffat-lto-objects"

TRACE::2026-02-05.20:01:21::SCWBDomain::make -C psu_cortexa53_0/libsrc/usbpsu_v1_13/src -s include  "SHELL=CMD" "COMPILER=aarch64-none-elf-gcc" "ASSEMBLER=aarch64-none
TRACE::2026-02-05.20:01:21::SCWBDomain::-elf-as" "ARCHIVER=aarch64-none-elf-ar" "COMPILER_FLAGS=  -c" "EXTRA_COMPILER_FLAGS=-g -Wall -Wextra -fno-tree-loop-distribute-
TRACE::2026-02-05.20:01:21::SCWBDomain::patterns -Os -flto -ffat-lto-objects"

TRACE::2026-02-05.20:01:21::SCWBDomain::"Running Make include in psu_cortexa53_0/libsrc/video_common_v4_13/src"

TRACE::2026-02-05.20:01:21::SCWBDomain::make -C psu_cortexa53_0/libsrc/video_common_v4_13/src -s include  "SHELL=CMD" "COMPILER=aarch64-none-elf-gcc" "ASSEMBLER=aarch6
TRACE::2026-02-05.20:01:21::SCWBDomain::4-none-elf-as" "ARCHIVER=aarch64-none-elf-ar" "COMPILER_FLAGS=  -c" "EXTRA_COMPILER_FLAGS=-g -Wall -Wextra -fno-tree-loop-distr
TRACE::2026-02-05.20:01:21::SCWBDomain::ibute-patterns -Os -flto -ffat-lto-objects"

TRACE::2026-02-05.20:01:21::SCWBDomain::"Running Make include in psu_cortexa53_0/libsrc/xilffs_v5_0/src"

TRACE::2026-02-05.20:01:21::SCWBDomain::"Running Make include in psu_cortexa53_0/libsrc/xilpm_v5_0/src"

TRACE::2026-02-05.20:01:21::SCWBDomain::make -C psu_cortexa53_0/libsrc/xilffs_v5_0/src -s include  "SHELL=CMD" "COMPILER=aarch64-none-elf-gcc" "ASSEMBLER=aarch64-none-
TRACE::2026-02-05.20:01:21::SCWBDomain::elf-as" "ARCHIVER=aarch64-none-elf-ar" "COMPILER_FLAGS=  -c" "EXTRA_COMPILER_FLAGS=-g -Wall -Wextra -fno-tree-loop-distribute-p
TRACE::2026-02-05.20:01:21::SCWBDomain::atterns -Os -flto -ffat-lto-objects"

TRACE::2026-02-05.20:01:21::SCWBDomain::make -C psu_cortexa53_0/libsrc/xilpm_v5_0/src -s include  "SHELL=CMD" "COMPILER=aarch64-none-elf-gcc" "ASSEMBLER=aarch64-none-e
TRACE::2026-02-05.20:01:21::SCWBDomain::lf-as" "ARCHIVER=aarch64-none-elf-ar" "COMPILER_FLAGS=  -c" "EXTRA_COMPILER_FLAGS=-g -Wall -Wextra -fno-tree-loop-distribute-pa
TRACE::2026-02-05.20:01:21::SCWBDomain::tterns -Os -flto -ffat-lto-objects"

TRACE::2026-02-05.20:01:21::SCWBDomain::"Running Make include in psu_cortexa53_0/libsrc/xilsecure_v5_1/src"

TRACE::2026-02-05.20:01:21::SCWBDomain::make -C psu_cortexa53_0/libsrc/xilsecure_v5_1/src -s include  "SHELL=CMD" "COMPILER=aarch64-none-elf-gcc" "ASSEMBLER=aarch64-no
TRACE::2026-02-05.20:01:21::SCWBDomain::ne-elf-as" "ARCHIVER=aarch64-none-elf-ar" "COMPILER_FLAGS=  -c" "EXTRA_COMPILER_FLAGS=-g -Wall -Wextra -fno-tree-loop-distribut
TRACE::2026-02-05.20:01:21::SCWBDomain::e-patterns -Os -flto -ffat-lto-objects"

TRACE::2026-02-05.20:01:21::SCWBDomain::"Running Make include in psu_cortexa53_0/libsrc/zdma_v1_16/src"

TRACE::2026-02-05.20:01:21::SCWBDomain::make -C psu_cortexa53_0/libsrc/zdma_v1_16/src -s include  "SHELL=CMD" "COMPILER=aarch64-none-elf-gcc" "ASSEMBLER=aarch64-none-e
TRACE::2026-02-05.20:01:21::SCWBDomain::lf-as" "ARCHIVER=aarch64-none-elf-ar" "COMPILER_FLAGS=  -c" "EXTRA_COMPILER_FLAGS=-g -Wall -Wextra -fno-tree-loop-distribute-pa
TRACE::2026-02-05.20:01:21::SCWBDomain::tterns -Os -flto -ffat-lto-objects"

TRACE::2026-02-05.20:01:21::SCWBDomain::"Include files for this library have already been copied."

TRACE::2026-02-05.20:01:21::SCWBDomain::"Running Make libs in psu_cortexa53_0/libsrc/axipmon_v6_9/src"

TRACE::2026-02-05.20:01:21::SCWBDomain::make -C psu_cortexa53_0/libsrc/axipmon_v6_9/src -s libs  "SHELL=CMD" "COMPILER=aarch64-none-elf-gcc" "ASSEMBLER=aarch64-none-el
TRACE::2026-02-05.20:01:21::SCWBDomain::f-as" "ARCHIVER=aarch64-none-elf-ar" "COMPILER_FLAGS=  -c" "EXTRA_COMPILER_FLAGS=-g -Wall -Wextra -fno-tree-loop-distribute-pat
TRACE::2026-02-05.20:01:21::SCWBDomain::terns -Os -flto -ffat-lto-objects"

TRACE::2026-02-05.20:01:21::SCWBDomain::"Running Make libs in psu_cortexa53_0/libsrc/clockps_v1_4/src"

TRACE::2026-02-05.20:01:21::SCWBDomain::make -C psu_cortexa53_0/libsrc/clockps_v1_4/src -s libs  "SHELL=CMD" "COMPILER=aarch64-none-elf-gcc" "ASSEMBLER=aarch64-none-el
TRACE::2026-02-05.20:01:21::SCWBDomain::f-as" "ARCHIVER=aarch64-none-elf-ar" "COMPILER_FLAGS=  -c" "EXTRA_COMPILER_FLAGS=-g -Wall -Wextra -fno-tree-loop-distribute-pat
TRACE::2026-02-05.20:01:21::SCWBDomain::terns -Os -flto -ffat-lto-objects"

TRACE::2026-02-05.20:01:21::SCWBDomain::"Running Make libs in psu_cortexa53_0/libsrc/coresightps_dcc_v1_8/src"

TRACE::2026-02-05.20:01:21::SCWBDomain::make -C psu_cortexa53_0/libsrc/coresightps_dcc_v1_8/src -s libs  "SHELL=CMD" "COMPILER=aarch64-none-elf-gcc" "ASSEMBLER=aarch64
TRACE::2026-02-05.20:01:21::SCWBDomain::-none-elf-as" "ARCHIVER=aarch64-none-elf-ar" "COMPILER_FLAGS=  -c" "EXTRA_COMPILER_FLAGS=-g -Wall -Wextra -fno-tree-loop-distri
TRACE::2026-02-05.20:01:21::SCWBDomain::bute-patterns -Os -flto -ffat-lto-objects"

TRACE::2026-02-05.20:01:21::SCWBDomain::"Running Make libs in psu_cortexa53_0/libsrc/cpu_cortexa53_v2_0/src"

TRACE::2026-02-05.20:01:21::SCWBDomain::make -C psu_cortexa53_0/libsrc/cpu_cortexa53_v2_0/src -s libs  "SHELL=CMD" "COMPILER=aarch64-none-elf-gcc" "ASSEMBLER=aarch64-n
TRACE::2026-02-05.20:01:21::SCWBDomain::one-elf-as" "ARCHIVER=aarch64-none-elf-ar" "COMPILER_FLAGS=  -c" "EXTRA_COMPILER_FLAGS=-g -Wall -Wextra -fno-tree-loop-distribu
TRACE::2026-02-05.20:01:21::SCWBDomain::te-patterns -Os -flto -ffat-lto-objects"

TRACE::2026-02-05.20:01:21::SCWBDomain::"Running Make libs in psu_cortexa53_0/libsrc/csudma_v1_13/src"

TRACE::2026-02-05.20:01:21::SCWBDomain::make -C psu_cortexa53_0/libsrc/csudma_v1_13/src -s libs  "SHELL=CMD" "COMPILER=aarch64-none-elf-gcc" "ASSEMBLER=aarch64-none-el
TRACE::2026-02-05.20:01:21::SCWBDomain::f-as" "ARCHIVER=aarch64-none-elf-ar" "COMPILER_FLAGS=  -c" "EXTRA_COMPILER_FLAGS=-g -Wall -Wextra -fno-tree-loop-distribute-pat
TRACE::2026-02-05.20:01:21::SCWBDomain::terns -Os -flto -ffat-lto-objects"

TRACE::2026-02-05.20:01:21::SCWBDomain::"Running Make libs in psu_cortexa53_0/libsrc/ddrcpsu_v1_4/src"

TRACE::2026-02-05.20:01:22::SCWBDomain::make -C psu_cortexa53_0/libsrc/ddrcpsu_v1_4/src -s libs  "SHELL=CMD" "COMPILER=aarch64-none-elf-gcc" "ASSEMBLER=aarch64-none-el
TRACE::2026-02-05.20:01:22::SCWBDomain::f-as" "ARCHIVER=aarch64-none-elf-ar" "COMPILER_FLAGS=  -c" "EXTRA_COMPILER_FLAGS=-g -Wall -Wextra -fno-tree-loop-distribute-pat
TRACE::2026-02-05.20:01:22::SCWBDomain::terns -Os -flto -ffat-lto-objects"

TRACE::2026-02-05.20:01:22::SCWBDomain::"Running Make libs in psu_cortexa53_0/libsrc/emacps_v3_18/src"

TRACE::2026-02-05.20:01:22::SCWBDomain::make -C psu_cortexa53_0/libsrc/emacps_v3_18/src -s libs  "SHELL=CMD" "COMPILER=aarch64-none-elf-gcc" "ASSEMBLER=aarch64-none-el
TRACE::2026-02-05.20:01:22::SCWBDomain::f-as" "ARCHIVER=aarch64-none-elf-ar" "COMPILER_FLAGS=  -c" "EXTRA_COMPILER_FLAGS=-g -Wall -Wextra -fno-tree-loop-distribute-pat
TRACE::2026-02-05.20:01:22::SCWBDomain::terns -Os -flto -ffat-lto-objects"

TRACE::2026-02-05.20:01:22::SCWBDomain::"Running Make libs in psu_cortexa53_0/libsrc/gpiops_v3_11/src"

TRACE::2026-02-05.20:01:22::SCWBDomain::make -C psu_cortexa53_0/libsrc/gpiops_v3_11/src -s libs  "SHELL=CMD" "COMPILER=aarch64-none-elf-gcc" "ASSEMBLER=aarch64-none-el
TRACE::2026-02-05.20:01:22::SCWBDomain::f-as" "ARCHIVER=aarch64-none-elf-ar" "COMPILER_FLAGS=  -c" "EXTRA_COMPILER_FLAGS=-g -Wall -Wextra -fno-tree-loop-distribute-pat
TRACE::2026-02-05.20:01:22::SCWBDomain::terns -Os -flto -ffat-lto-objects"

TRACE::2026-02-05.20:01:22::SCWBDomain::"Running Make libs in psu_cortexa53_0/libsrc/iicps_v3_17/src"

TRACE::2026-02-05.20:01:22::SCWBDomain::make -C psu_cortexa53_0/libsrc/iicps_v3_17/src -s libs  "SHELL=CMD" "COMPILER=aarch64-none-elf-gcc" "ASSEMBLER=aarch64-none-elf
TRACE::2026-02-05.20:01:22::SCWBDomain::-as" "ARCHIVER=aarch64-none-elf-ar" "COMPILER_FLAGS=  -c" "EXTRA_COMPILER_FLAGS=-g -Wall -Wextra -fno-tree-loop-distribute-patt
TRACE::2026-02-05.20:01:22::SCWBDomain::erns -Os -flto -ffat-lto-objects"

TRACE::2026-02-05.20:01:22::SCWBDomain::"Running Make libs in psu_cortexa53_0/libsrc/ipipsu_v2_13/src"

TRACE::2026-02-05.20:01:22::SCWBDomain::make -C psu_cortexa53_0/libsrc/ipipsu_v2_13/src -s libs  "SHELL=CMD" "COMPILER=aarch64-none-elf-gcc" "ASSEMBLER=aarch64-none-el
TRACE::2026-02-05.20:01:22::SCWBDomain::f-as" "ARCHIVER=aarch64-none-elf-ar" "COMPILER_FLAGS=  -c" "EXTRA_COMPILER_FLAGS=-g -Wall -Wextra -fno-tree-loop-distribute-pat
TRACE::2026-02-05.20:01:22::SCWBDomain::terns -Os -flto -ffat-lto-objects"

TRACE::2026-02-05.20:01:22::SCWBDomain::"Running Make libs in psu_cortexa53_0/libsrc/pciepsu_v1_5/src"

TRACE::2026-02-05.20:01:22::SCWBDomain::make -C psu_cortexa53_0/libsrc/pciepsu_v1_5/src -s libs  "SHELL=CMD" "COMPILER=aarch64-none-elf-gcc" "ASSEMBLER=aarch64-none-el
TRACE::2026-02-05.20:01:22::SCWBDomain::f-as" "ARCHIVER=aarch64-none-elf-ar" "COMPILER_FLAGS=  -c" "EXTRA_COMPILER_FLAGS=-g -Wall -Wextra -fno-tree-loop-distribute-pat
TRACE::2026-02-05.20:01:22::SCWBDomain::terns -Os -flto -ffat-lto-objects"

TRACE::2026-02-05.20:01:22::SCWBDomain::"Running Make libs in psu_cortexa53_0/libsrc/qspipsu_v1_17/src"

TRACE::2026-02-05.20:01:22::SCWBDomain::make -C psu_cortexa53_0/libsrc/qspipsu_v1_17/src -s libs  "SHELL=CMD" "COMPILER=aarch64-none-elf-gcc" "ASSEMBLER=aarch64-none-e
TRACE::2026-02-05.20:01:22::SCWBDomain::lf-as" "ARCHIVER=aarch64-none-elf-ar" "COMPILER_FLAGS=  -c" "EXTRA_COMPILER_FLAGS=-g -Wall -Wextra -fno-tree-loop-distribute-pa
TRACE::2026-02-05.20:01:22::SCWBDomain::tterns -Os -flto -ffat-lto-objects"

TRACE::2026-02-05.20:01:23::SCWBDomain::"Running Make libs in psu_cortexa53_0/libsrc/resetps_v1_5/src"

TRACE::2026-02-05.20:01:23::SCWBDomain::make -C psu_cortexa53_0/libsrc/resetps_v1_5/src -s libs  "SHELL=CMD" "COMPILER=aarch64-none-elf-gcc" "ASSEMBLER=aarch64-none-el
TRACE::2026-02-05.20:01:23::SCWBDomain::f-as" "ARCHIVER=aarch64-none-elf-ar" "COMPILER_FLAGS=  -c" "EXTRA_COMPILER_FLAGS=-g -Wall -Wextra -fno-tree-loop-distribute-pat
TRACE::2026-02-05.20:01:23::SCWBDomain::terns -Os -flto -ffat-lto-objects"

TRACE::2026-02-05.20:01:23::SCWBDomain::"Running Make libs in psu_cortexa53_0/libsrc/rtcpsu_v1_12/src"

TRACE::2026-02-05.20:01:23::SCWBDomain::make -C psu_cortexa53_0/libsrc/rtcpsu_v1_12/src -s libs  "SHELL=CMD" "COMPILER=aarch64-none-elf-gcc" "ASSEMBLER=aarch64-none-el
TRACE::2026-02-05.20:01:23::SCWBDomain::f-as" "ARCHIVER=aarch64-none-elf-ar" "COMPILER_FLAGS=  -c" "EXTRA_COMPILER_FLAGS=-g -Wall -Wextra -fno-tree-loop-distribute-pat
TRACE::2026-02-05.20:01:23::SCWBDomain::terns -Os -flto -ffat-lto-objects"

TRACE::2026-02-05.20:01:23::SCWBDomain::"Running Make libs in psu_cortexa53_0/libsrc/scugic_v5_1/src"

TRACE::2026-02-05.20:01:23::SCWBDomain::make -C psu_cortexa53_0/libsrc/scugic_v5_1/src -s libs  "SHELL=CMD" "COMPILER=aarch64-none-elf-gcc" "ASSEMBLER=aarch64-none-elf
TRACE::2026-02-05.20:01:23::SCWBDomain::-as" "ARCHIVER=aarch64-none-elf-ar" "COMPILER_FLAGS=  -c" "EXTRA_COMPILER_FLAGS=-g -Wall -Wextra -fno-tree-loop-distribute-patt
TRACE::2026-02-05.20:01:23::SCWBDomain::erns -Os -flto -ffat-lto-objects"

TRACE::2026-02-05.20:01:23::SCWBDomain::"Running Make libs in psu_cortexa53_0/libsrc/sdps_v4_1/src"

TRACE::2026-02-05.20:01:23::SCWBDomain::make -C psu_cortexa53_0/libsrc/sdps_v4_1/src -s libs  "SHELL=CMD" "COMPILER=aarch64-none-elf-gcc" "ASSEMBLER=aarch64-none-elf-a
TRACE::2026-02-05.20:01:23::SCWBDomain::s" "ARCHIVER=aarch64-none-elf-ar" "COMPILER_FLAGS=  -c" "EXTRA_COMPILER_FLAGS=-g -Wall -Wextra -fno-tree-loop-distribute-patter
TRACE::2026-02-05.20:01:23::SCWBDomain::ns -Os -flto -ffat-lto-objects"

TRACE::2026-02-05.20:01:23::SCWBDomain::"Running Make libs in psu_cortexa53_0/libsrc/standalone_v8_1/src"

TRACE::2026-02-05.20:01:23::SCWBDomain::make -C psu_cortexa53_0/libsrc/standalone_v8_1/src -s libs  "SHELL=CMD" "COMPILER=aarch64-none-elf-gcc" "ASSEMBLER=aarch64-none
TRACE::2026-02-05.20:01:23::SCWBDomain::-elf-as" "ARCHIVER=aarch64-none-elf-ar" "COMPILER_FLAGS=  -c" "EXTRA_COMPILER_FLAGS=-g -Wall -Wextra -fno-tree-loop-distribute-
TRACE::2026-02-05.20:01:23::SCWBDomain::patterns -Os -flto -ffat-lto-objects"

TRACE::2026-02-05.20:01:24::SCWBDomain::"Running Make libs in psu_cortexa53_0/libsrc/sysmonpsu_v2_8/src"

TRACE::2026-02-05.20:01:24::SCWBDomain::make -C psu_cortexa53_0/libsrc/sysmonpsu_v2_8/src -s libs  "SHELL=CMD" "COMPILER=aarch64-none-elf-gcc" "ASSEMBLER=aarch64-none-
TRACE::2026-02-05.20:01:24::SCWBDomain::elf-as" "ARCHIVER=aarch64-none-elf-ar" "COMPILER_FLAGS=  -c" "EXTRA_COMPILER_FLAGS=-g -Wall -Wextra -fno-tree-loop-distribute-p
TRACE::2026-02-05.20:01:24::SCWBDomain::atterns -Os -flto -ffat-lto-objects"

TRACE::2026-02-05.20:01:24::SCWBDomain::"Running Make libs in psu_cortexa53_0/libsrc/ttcps_v3_17/src"

TRACE::2026-02-05.20:01:24::SCWBDomain::make -C psu_cortexa53_0/libsrc/ttcps_v3_17/src -s libs  "SHELL=CMD" "COMPILER=aarch64-none-elf-gcc" "ASSEMBLER=aarch64-none-elf
TRACE::2026-02-05.20:01:24::SCWBDomain::-as" "ARCHIVER=aarch64-none-elf-ar" "COMPILER_FLAGS=  -c" "EXTRA_COMPILER_FLAGS=-g -Wall -Wextra -fno-tree-loop-distribute-patt
TRACE::2026-02-05.20:01:24::SCWBDomain::erns -Os -flto -ffat-lto-objects"

TRACE::2026-02-05.20:01:24::SCWBDomain::"Running Make libs in psu_cortexa53_0/libsrc/uartps_v3_12/src"

TRACE::2026-02-05.20:01:24::SCWBDomain::make -C psu_cortexa53_0/libsrc/uartps_v3_12/src -s libs  "SHELL=CMD" "COMPILER=aarch64-none-elf-gcc" "ASSEMBLER=aarch64-none-el
TRACE::2026-02-05.20:01:24::SCWBDomain::f-as" "ARCHIVER=aarch64-none-elf-ar" "COMPILER_FLAGS=  -c" "EXTRA_COMPILER_FLAGS=-g -Wall -Wextra -fno-tree-loop-distribute-pat
TRACE::2026-02-05.20:01:24::SCWBDomain::terns -Os -flto -ffat-lto-objects"

TRACE::2026-02-05.20:01:24::SCWBDomain::"Running Make libs in psu_cortexa53_0/libsrc/usbpsu_v1_13/src"

TRACE::2026-02-05.20:01:24::SCWBDomain::make -C psu_cortexa53_0/libsrc/usbpsu_v1_13/src -s libs  "SHELL=CMD" "COMPILER=aarch64-none-elf-gcc" "ASSEMBLER=aarch64-none-el
TRACE::2026-02-05.20:01:24::SCWBDomain::f-as" "ARCHIVER=aarch64-none-elf-ar" "COMPILER_FLAGS=  -c" "EXTRA_COMPILER_FLAGS=-g -Wall -Wextra -fno-tree-loop-distribute-pat
TRACE::2026-02-05.20:01:24::SCWBDomain::terns -Os -flto -ffat-lto-objects"

TRACE::2026-02-05.20:01:24::SCWBDomain::"Running Make libs in psu_cortexa53_0/libsrc/video_common_v4_13/src"

TRACE::2026-02-05.20:01:24::SCWBDomain::make -C psu_cortexa53_0/libsrc/video_common_v4_13/src -s libs  "SHELL=CMD" "COMPILER=aarch64-none-elf-gcc" "ASSEMBLER=aarch64-n
TRACE::2026-02-05.20:01:24::SCWBDomain::one-elf-as" "ARCHIVER=aarch64-none-elf-ar" "COMPILER_FLAGS=  -c" "EXTRA_COMPILER_FLAGS=-g -Wall -Wextra -fno-tree-loop-distribu
TRACE::2026-02-05.20:01:24::SCWBDomain::te-patterns -Os -flto -ffat-lto-objects"

TRACE::2026-02-05.20:01:25::SCWBDomain::"Running Make libs in psu_cortexa53_0/libsrc/xilffs_v5_0/src"

TRACE::2026-02-05.20:01:25::SCWBDomain::make -C psu_cortexa53_0/libsrc/xilffs_v5_0/src -s libs  "SHELL=CMD" "COMPILER=aarch64-none-elf-gcc" "ASSEMBLER=aarch64-none-elf
TRACE::2026-02-05.20:01:25::SCWBDomain::-as" "ARCHIVER=aarch64-none-elf-ar" "COMPILER_FLAGS=  -c" "EXTRA_COMPILER_FLAGS=-g -Wall -Wextra -fno-tree-loop-distribute-patt
TRACE::2026-02-05.20:01:25::SCWBDomain::erns -Os -flto -ffat-lto-objects"

TRACE::2026-02-05.20:01:25::SCWBDomain::"Running Make libs in psu_cortexa53_0/libsrc/zdma_v1_16/src"

TRACE::2026-02-05.20:01:25::SCWBDomain::make -C psu_cortexa53_0/libsrc/zdma_v1_16/src -s libs  "SHELL=CMD" "COMPILER=aarch64-none-elf-gcc" "ASSEMBLER=aarch64-none-elf-
TRACE::2026-02-05.20:01:25::SCWBDomain::as" "ARCHIVER=aarch64-none-elf-ar" "COMPILER_FLAGS=  -c" "EXTRA_COMPILER_FLAGS=-g -Wall -Wextra -fno-tree-loop-distribute-patte
TRACE::2026-02-05.20:01:25::SCWBDomain::rns -Os -flto -ffat-lto-objects"

TRACE::2026-02-05.20:01:26::SCWBDomain::'Finished building libraries parallelly.'

TRACE::2026-02-05.20:01:26::SCWBDomain::make --no-print-directory archive

TRACE::2026-02-05.20:01:26::SCWBDomain::aarch64-none-elf-ar -r  psu_cortexa53_0/lib/libxil.a psu_cortexa53_0/lib/_exit.o psu_cortexa53_0/lib/_open.o psu_cortexa53_0/li
TRACE::2026-02-05.20:01:26::SCWBDomain::b/_sbrk.o psu_cortexa53_0/lib/abort.o psu_cortexa53_0/lib/asm_vectors.o psu_cortexa53_0/lib/boot.o psu_cortexa53_0/lib/close.o 
TRACE::2026-02-05.20:01:26::SCWBDomain::psu_cortexa53_0/lib/cpputest_time.o psu_cortexa53_0/lib/errno.o psu_cortexa53_0/lib/fcntl.o psu_cortexa53_0/lib/fstat.o psu_cor
TRACE::2026-02-05.20:01:26::SCWBDomain::texa53_0/lib/getentropy.o psu_cortexa53_0/lib/getpid.o psu_cortexa53_0/lib/inbyte.o psu_cortexa53_0/lib/initialise_monitor_hand
TRACE::2026-02-05.20:01:26::SCWBDomain::les.o psu_cortexa53_0/lib/isatty.o psu_cortexa53_0/lib/kill.o psu_cortexa53_0/lib/lseek.o psu_cortexa53_0/lib/open.o psu_cortex
TRACE::2026-02-05.20:01:26::SCWBDomain::a53_0/lib/outbyte.o psu_cortexa53_0/lib/print.o psu_cortexa53_0/lib/putnum.o psu_cortexa53_0/lib/read.o psu_cortexa53_0/lib/sbr
TRACE::2026-02-05.20:01:26::SCWBDomain::k.o psu_cortexa53_0/lib/sleep.o psu_cortexa53_0/lib/time.o psu_cortexa53_0/lib/translation_table.o psu_cortexa53_0/lib/unlink.o
TRACE::2026-02-05.20:01:26::SCWBDomain:: psu_cortexa53_0/lib/vectors.o psu_cortexa53_0/lib/write.o psu_cortexa53_0/lib/xaxipmon.o psu_cortexa53_0/lib/xaxipmon_g.o psu_
TRACE::2026-02-05.20:01:26::SCWBDomain::cortexa53_0/lib/xaxipmon_selftest.o psu_cortexa53_0/lib/xaxipmon_sinit.o psu_cortexa53_0/lib/xclockps.o psu_cortexa53_0/lib/xcl
TRACE::2026-02-05.20:01:26::SCWBDomain::ockps_divider.o psu_cortexa53_0/lib/xclockps_fixedfactor.o psu_cortexa53_0/lib/xclockps_g.o psu_cortexa53_0/lib/xclockps_gate.o
TRACE::2026-02-05.20:01:26::SCWBDomain:: psu_cortexa53_0/lib/xclockps_mux.o psu_cortexa53_0/lib/xclockps_pll.o psu_cortexa53_0/lib/xclockps_sinit.o psu_cortexa53_0/lib
TRACE::2026-02-05.20:01:26::SCWBDomain::/xcoresightpsdcc.o psu_cortexa53_0/lib/xcsudma.o psu_cortexa53_0/lib/xcsudma_g.o psu_cortexa53_0/lib/xcsudma_intr.o psu_cortexa
TRACE::2026-02-05.20:01:26::SCWBDomain::53_0/lib/xcsudma_selftest.o psu_cortexa53_0/lib/xcsudma_sinit.o psu_cortexa53_0/lib/xemacps.o psu_cortexa53_0/lib/xemacps_bdrin
TRACE::2026-02-05.20:01:26::SCWBDomain::g.o psu_cortexa53_0/lib/xemacps_control.o psu_cortexa53_0/lib/xemacps_g.o psu_cortexa53_0/lib/xemacps_hw.o psu_cortexa53_0/lib/
TRACE::2026-02-05.20:01:26::SCWBDomain::xemacps_intr.o psu_cortexa53_0/lib/xemacps_sinit.o psu_cortexa53_0/lib/xgpiops.o psu_cortexa53_0/lib/xgpiops_g.o psu_cortexa53_
TRACE::2026-02-05.20:01:26::SCWBDomain::0/lib/xgpiops_hw.o psu_cortexa53_0/lib/xgpiops_intr.o psu_cortexa53_0/lib/xgpiops_selftest.o psu_cortexa53_0/lib/xgpiops_sinit.
TRACE::2026-02-05.20:01:26::SCWBDomain::o psu_cortexa53_0/lib/xiicps.o psu_cortexa53_0/lib/xiicps_g.o psu_cortexa53_0/lib/xiicps_hw.o psu_cortexa53_0/lib/xiicps_intr.o
TRACE::2026-02-05.20:01:26::SCWBDomain:: psu_cortexa53_0/lib/xiicps_master.o psu_cortexa53_0/lib/xiicps_options.o psu_cortexa53_0/lib/xiicps_selftest.o psu_cortexa53_0
TRACE::2026-02-05.20:01:26::SCWBDomain::/lib/xiicps_sinit.o psu_cortexa53_0/lib/xiicps_slave.o psu_cortexa53_0/lib/xiicps_xfer.o psu_cortexa53_0/lib/xil-crt0.o psu_cor
TRACE::2026-02-05.20:01:26::SCWBDomain::texa53_0/lib/xil_assert.o psu_cortexa53_0/lib/xil_cache.o psu_cortexa53_0/lib/xil_clocking.o psu_cortexa53_0/lib/xil_exception.
TRACE::2026-02-05.20:01:26::SCWBDomain::o psu_cortexa53_0/lib/xil_mem.o psu_cortexa53_0/lib/xil_mmu.o psu_cortexa53_0/lib/xil_printf.o psu_cortexa53_0/lib/xil_sleepcom
TRACE::2026-02-05.20:01:26::SCWBDomain::mon.o psu_cortexa53_0/lib/xil_sleeptimer.o psu_cortexa53_0/lib/xil_smc.o psu_cortexa53_0/lib/xil_spinlock.o psu_cortexa53_0/lib
TRACE::2026-02-05.20:01:26::SCWBDomain::/xil_testcache.o psu_cortexa53_0/lib/xil_testio.o psu_cortexa53_0/lib/xil_testmem.o psu_cortexa53_0/lib/xil_util.o psu_cortexa5
TRACE::2026-02-05.20:01:26::SCWBDomain::3_0/lib/xinterrupt_wrap.o psu_cortexa53_0/lib/xipipsu.o psu_cortexa53_0/lib/xipipsu_buf.o psu_cortexa53_0/lib/xipipsu_g.o psu_c
TRACE::2026-02-05.20:01:26::SCWBDomain::ortexa53_0/lib/xipipsu_sinit.o psu_cortexa53_0/lib/xpciepsu.o psu_cortexa53_0/lib/xpciepsu_caps.o psu_cortexa53_0/lib/xpciepsu_
TRACE::2026-02-05.20:01:26::SCWBDomain::ep.o psu_cortexa53_0/lib/xpciepsu_g.o psu_cortexa53_0/lib/xpciepsu_sinit.o psu_cortexa53_0/lib/xplatform_info.o psu_cortexa53_0
TRACE::2026-02-05.20:01:26::SCWBDomain::/lib/xpm_counter.o psu_cortexa53_0/lib/xqspipsu.o psu_cortexa53_0/lib/xqspipsu_control.o psu_cortexa53_0/lib/xqspipsu_g.o psu_c
TRACE::2026-02-05.20:01:26::SCWBDomain::ortexa53_0/lib/xqspipsu_hw.o psu_cortexa53_0/lib/xqspipsu_options.o psu_cortexa53_0/lib/xqspipsu_sinit.o psu_cortexa53_0/lib/xr
TRACE::2026-02-05.20:01:26::SCWBDomain::esetps.o psu_cortexa53_0/lib/xresetps_g.o psu_cortexa53_0/lib/xresetps_sinit.o psu_cortexa53_0/lib/xrtcpsu.o psu_cortexa53_0/li
TRACE::2026-02-05.20:01:26::SCWBDomain::b/xrtcpsu_g.o psu_cortexa53_0/lib/xrtcpsu_intr.o psu_cortexa53_0/lib/xrtcpsu_selftest.o psu_cortexa53_0/lib/xrtcpsu_sinit.o psu
TRACE::2026-02-05.20:01:26::SCWBDomain::_cortexa53_0/lib/xscugic.o psu_cortexa53_0/lib/xscugic_g.o psu_cortexa53_0/lib/xscugic_hw.o psu_cortexa53_0/lib/xscugic_intr.o 
TRACE::2026-02-05.20:01:26::SCWBDomain::psu_cortexa53_0/lib/xscugic_selftest.o psu_cortexa53_0/lib/xscugic_sinit.o psu_cortexa53_0/lib/xsdps.o psu_cortexa53_0/lib/xsdp
TRACE::2026-02-05.20:01:26::SCWBDomain::s_card.o psu_cortexa53_0/lib/xsdps_g.o psu_cortexa53_0/lib/xsdps_host.o psu_cortexa53_0/lib/xsdps_options.o psu_cortexa53_0/lib
TRACE::2026-02-05.20:01:26::SCWBDomain::/xsdps_sinit.o psu_cortexa53_0/lib/xsysmonpsu.o psu_cortexa53_0/lib/xsysmonpsu_g.o psu_cortexa53_0/lib/xsysmonpsu_intr.o psu_co
TRACE::2026-02-05.20:01:26::SCWBDomain::rtexa53_0/lib/xsysmonpsu_selftest.o psu_cortexa53_0/lib/xsysmonpsu_sinit.o psu_cortexa53_0/lib/xtime_l.o psu_cortexa53_0/lib/xt
TRACE::2026-02-05.20:01:26::SCWBDomain::tcps.o psu_cortexa53_0/lib/xttcps_g.o psu_cortexa53_0/lib/xttcps_options.o psu_cortexa53_0/lib/xttcps_selftest.o psu_cortexa53_
TRACE::2026-02-05.20:01:26::SCWBDomain::0/lib/xttcps_sinit.o psu_cortexa53_0/lib/xuartps.o psu_cortexa53_0/lib/xuartps_g.o psu_cortexa53_0/lib/xuartps_hw.o psu_cortexa
TRACE::2026-02-05.20:01:26::SCWBDomain::53_0/lib/xuartps_intr.o psu_cortexa53_0/lib/xuartps_options.o psu_cortexa53_0/lib/xuartps_selftest.o psu_cortexa53_0/lib/xuartp
TRACE::2026-02-05.20:01:26::SCWBDomain::s_sinit.o psu_cortexa53_0/lib/xusbpsu.o psu_cortexa53_0/lib/xusbpsu_command.o psu_cortexa53_0/lib/xusbpsu_controltransfers.o ps
TRACE::2026-02-05.20:01:26::SCWBDomain::u_cortexa53_0/lib/xusbpsu_device.o psu_cortexa53_0/lib/xusbpsu_endpoint.o psu_cortexa53_0/lib/xusbpsu_ep0handler.o psu_cortexa5
TRACE::2026-02-05.20:01:26::SCWBDomain::3_0/lib/xusbpsu_ephandler.o psu_cortexa53_0/lib/xusbpsu_event.o psu_cortexa53_0/lib/xusbpsu_g.o psu_cortexa53_0/lib/xusbpsu_hib
TRACE::2026-02-05.20:01:26::SCWBDomain::ernation.o psu_cortexa53_0/lib/xusbpsu_intr.o psu_cortexa53_0/lib/xusbpsu_sinit.o psu_cortexa53_0/lib/xvidc.o psu_cortexa53_0/l
TRACE::2026-02-05.20:01:26::SCWBDomain::ib/xvidc_edid.o psu_cortexa53_0/lib/xvidc_edid_ext.o psu_cortexa53_0/lib/xvidc_parse_edid.o psu_cortexa53_0/lib/xvidc_timings_t
TRACE::2026-02-05.20:01:26::SCWBDomain::able.o psu_cortexa53_0/lib/xzdma.o psu_cortexa53_0/lib/xzdma_g.o psu_cortexa53_0/lib/xzdma_intr.o psu_cortexa53_0/lib/xzdma_sel
TRACE::2026-02-05.20:01:26::SCWBDomain::ftest.o psu_cortexa53_0/lib/xzdma_sinit.o

TRACE::2026-02-05.20:01:27::SCWBDomain::'Finished building libraries'

TRACE::2026-02-05.20:01:27::SCWBDomain::make: Leaving directory 'C:/TFG_Vivado/mis_pruebas/hil_puerto_serie/vitis/design_1_wrapper/zynqmp_fsbl/zynqmp_fsbl_bsp'

TRACE::2026-02-05.20:01:27::SCWBDomain::aarch64-none-elf-gcc  -c -MMD -MP      -Wall -fmessage-length=0 -DARMA53_64 -Os -flto -ffat-lto-objects   -c xfsbl_qspi.c -o xf
TRACE::2026-02-05.20:01:27::SCWBDomain::sbl_qspi.o -Izynqmp_fsbl_bsp/psu_cortexa53_0/include -I.

TRACE::2026-02-05.20:01:27::SCWBDomain::aarch64-none-elf-gcc  -c -MMD -MP      -Wall -fmessage-length=0 -DARMA53_64 -Os -flto -ffat-lto-objects   -c xfsbl_csu_dma.c -o
TRACE::2026-02-05.20:01:27::SCWBDomain:: xfsbl_csu_dma.o -Izynqmp_fsbl_bsp/psu_cortexa53_0/include -I.

TRACE::2026-02-05.20:01:27::SCWBDomain::aarch64-none-elf-gcc  -c -MMD -MP      -Wall -fmessage-length=0 -DARMA53_64 -Os -flto -ffat-lto-objects   -c xfsbl_nand.c -o xf
TRACE::2026-02-05.20:01:27::SCWBDomain::sbl_nand.o -Izynqmp_fsbl_bsp/psu_cortexa53_0/include -I.

TRACE::2026-02-05.20:01:27::SCWBDomain::aarch64-none-elf-gcc  -c -MMD -MP      -Wall -fmessage-length=0 -DARMA53_64 -Os -flto -ffat-lto-objects   -c xfsbl_sd.c -o xfsb
TRACE::2026-02-05.20:01:27::SCWBDomain::l_sd.o -Izynqmp_fsbl_bsp/psu_cortexa53_0/include -I.

TRACE::2026-02-05.20:01:27::SCWBDomain::aarch64-none-elf-gcc  -c -MMD -MP      -Wall -fmessage-length=0 -DARMA53_64 -Os -flto -ffat-lto-objects   -c xfsbl_usb.c -o xfs
TRACE::2026-02-05.20:01:27::SCWBDomain::bl_usb.o -Izynqmp_fsbl_bsp/psu_cortexa53_0/include -I.

TRACE::2026-02-05.20:01:28::SCWBDomain::aarch64-none-elf-gcc  -c -MMD -MP      -Wall -fmessage-length=0 -DARMA53_64 -Os -flto -ffat-lto-objects   -c xfsbl_hooks.c -o x
TRACE::2026-02-05.20:01:28::SCWBDomain::fsbl_hooks.o -Izynqmp_fsbl_bsp/psu_cortexa53_0/include -I.

TRACE::2026-02-05.20:01:28::SCWBDomain::aarch64-none-elf-gcc  -c -MMD -MP      -Wall -fmessage-length=0 -DARMA53_64 -Os -flto -ffat-lto-objects   -c xfsbl_main.c -o xf
TRACE::2026-02-05.20:01:28::SCWBDomain::sbl_main.o -Izynqmp_fsbl_bsp/psu_cortexa53_0/include -I.

TRACE::2026-02-05.20:01:28::SCWBDomain::aarch64-none-elf-gcc  -c -MMD -MP      -Wall -fmessage-length=0 -DARMA53_64 -Os -flto -ffat-lto-objects   -c xfsbl_dfu_util.c -
TRACE::2026-02-05.20:01:28::SCWBDomain::o xfsbl_dfu_util.o -Izynqmp_fsbl_bsp/psu_cortexa53_0/include -I.

TRACE::2026-02-05.20:01:28::SCWBDomain::aarch64-none-elf-gcc  -c -MMD -MP      -Wall -fmessage-length=0 -DARMA53_64 -Os -flto -ffat-lto-objects   -c xfsbl_partition_lo
TRACE::2026-02-05.20:01:28::SCWBDomain::ad.c -o xfsbl_partition_load.o -Izynqmp_fsbl_bsp/psu_cortexa53_0/include -I.

TRACE::2026-02-05.20:01:28::SCWBDomain::aarch64-none-elf-gcc  -c -MMD -MP      -Wall -fmessage-length=0 -DARMA53_64 -Os -flto -ffat-lto-objects   -c xfsbl_tpm.c -o xfs
TRACE::2026-02-05.20:01:28::SCWBDomain::bl_tpm.o -Izynqmp_fsbl_bsp/psu_cortexa53_0/include -I.

TRACE::2026-02-05.20:01:28::SCWBDomain::aarch64-none-elf-gcc  -c -MMD -MP      -Wall -fmessage-length=0 -DARMA53_64 -Os -flto -ffat-lto-objects   -c xfsbl_initializati
TRACE::2026-02-05.20:01:28::SCWBDomain::on.c -o xfsbl_initialization.o -Izynqmp_fsbl_bsp/psu_cortexa53_0/include -I.

TRACE::2026-02-05.20:01:29::SCWBDomain::aarch64-none-elf-gcc  -c -MMD -MP      -Wall -fmessage-length=0 -DARMA53_64 -Os -flto -ffat-lto-objects   -c xfsbl_ddr_init.c -
TRACE::2026-02-05.20:01:29::SCWBDomain::o xfsbl_ddr_init.o -Izynqmp_fsbl_bsp/psu_cortexa53_0/include -I.

TRACE::2026-02-05.20:01:29::SCWBDomain::aarch64-none-elf-gcc  -c -MMD -MP      -Wall -fmessage-length=0 -DARMA53_64 -Os -flto -ffat-lto-objects   -c xfsbl_handoff.c -o
TRACE::2026-02-05.20:01:29::SCWBDomain:: xfsbl_handoff.o -Izynqmp_fsbl_bsp/psu_cortexa53_0/include -I.

TRACE::2026-02-05.20:01:29::SCWBDomain::aarch64-none-elf-gcc  -c -MMD -MP      -Wall -fmessage-length=0 -DARMA53_64 -Os -flto -ffat-lto-objects   -c psu_init.c -o psu_
TRACE::2026-02-05.20:01:29::SCWBDomain::init.o -Izynqmp_fsbl_bsp/psu_cortexa53_0/include -I.

TRACE::2026-02-05.20:01:29::SCWBDomain::aarch64-none-elf-gcc  -c -MMD -MP      -Wall -fmessage-length=0 -DARMA53_64 -Os -flto -ffat-lto-objects   -c xfsbl_board.c -o x
TRACE::2026-02-05.20:01:29::SCWBDomain::fsbl_board.o -Izynqmp_fsbl_bsp/psu_cortexa53_0/include -I.

TRACE::2026-02-05.20:01:29::SCWBDomain::aarch64-none-elf-gcc  -c -MMD -MP      -Wall -fmessage-length=0 -DARMA53_64 -Os -flto -ffat-lto-objects   -c xfsbl_misc_drivers
TRACE::2026-02-05.20:01:29::SCWBDomain::.c -o xfsbl_misc_drivers.o -Izynqmp_fsbl_bsp/psu_cortexa53_0/include -I.

TRACE::2026-02-05.20:01:30::SCWBDomain::aarch64-none-elf-gcc  -c -MMD -MP      -Wall -fmessage-length=0 -DARMA53_64 -Os -flto -ffat-lto-objects   -c xfsbl_bs.c -o xfsb
TRACE::2026-02-05.20:01:30::SCWBDomain::l_bs.o -Izynqmp_fsbl_bsp/psu_cortexa53_0/include -I.

TRACE::2026-02-05.20:01:30::SCWBDomain::aarch64-none-elf-gcc  -c -MMD -MP      -Wall -fmessage-length=0 -DARMA53_64 -Os -flto -ffat-lto-objects   -c xfsbl_tpm_util.c -
TRACE::2026-02-05.20:01:30::SCWBDomain::o xfsbl_tpm_util.o -Izynqmp_fsbl_bsp/psu_cortexa53_0/include -I.

TRACE::2026-02-05.20:01:30::SCWBDomain::aarch64-none-elf-gcc  -c -MMD -MP      -Wall -fmessage-length=0 -DARMA53_64 -Os -flto -ffat-lto-objects   -c xfsbl_rsa_sha.c -o
TRACE::2026-02-05.20:01:30::SCWBDomain:: xfsbl_rsa_sha.o -Izynqmp_fsbl_bsp/psu_cortexa53_0/include -I.

TRACE::2026-02-05.20:01:30::SCWBDomain::aarch64-none-elf-gcc  -c -MMD -MP      -Wall -fmessage-length=0 -DARMA53_64 -Os -flto -ffat-lto-objects   -c xfsbl_plpartition_
TRACE::2026-02-05.20:01:30::SCWBDomain::valid.c -o xfsbl_plpartition_valid.o -Izynqmp_fsbl_bsp/psu_cortexa53_0/include -I.

TRACE::2026-02-05.20:01:30::SCWBDomain::aarch64-none-elf-gcc  -c -MMD -MP      -Wall -fmessage-length=0 -DARMA53_64 -Os -flto -ffat-lto-objects   -c xfsbl_image_header
TRACE::2026-02-05.20:01:30::SCWBDomain::.c -o xfsbl_image_header.o -Izynqmp_fsbl_bsp/psu_cortexa53_0/include -I.

TRACE::2026-02-05.20:01:30::SCWBDomain::aarch64-none-elf-gcc  -c -MMD -MP      -Wall -fmessage-length=0 -DARMA53_64 -Os -flto -ffat-lto-objects   -c xfsbl_misc.c -o xf
TRACE::2026-02-05.20:01:30::SCWBDomain::sbl_misc.o -Izynqmp_fsbl_bsp/psu_cortexa53_0/include -I.

TRACE::2026-02-05.20:01:31::SCWBDomain::aarch64-none-elf-gcc  -c -MMD -MP      -Wall -fmessage-length=0 -DARMA53_64 -Os -flto -ffat-lto-objects   -c xfsbl_authenticati
TRACE::2026-02-05.20:01:31::SCWBDomain::on.c -o xfsbl_authentication.o -Izynqmp_fsbl_bsp/psu_cortexa53_0/include -I.

TRACE::2026-02-05.20:01:31::SCWBDomain::aarch64-none-elf-gcc  -c -MMD -MP      -Wall -fmessage-length=0 -DARMA53_64 -Os -flto -ffat-lto-objects   -c xfsbl_translation_
TRACE::2026-02-05.20:01:31::SCWBDomain::table.S -o xfsbl_translation_table.o -Izynqmp_fsbl_bsp/psu_cortexa53_0/include -I.

TRACE::2026-02-05.20:01:31::SCWBDomain::aarch64-none-elf-gcc  -c -MMD -MP      -Wall -fmessage-length=0 -DARMA53_64 -Os -flto -ffat-lto-objects   -c xfsbl_exit.S -o xf
TRACE::2026-02-05.20:01:31::SCWBDomain::sbl_exit.o -Izynqmp_fsbl_bsp/psu_cortexa53_0/include -I.

TRACE::2026-02-05.20:01:31::SCWBDomain::aarch64-none-elf-gcc -o fsbl_a53.elf psu_init.o xfsbl_authentication.o xfsbl_board.o xfsbl_bs.o xfsbl_csu_dma.o xfsbl_ddr_init.
TRACE::2026-02-05.20:01:31::SCWBDomain::o xfsbl_dfu_util.o xfsbl_exit.o xfsbl_handoff.o xfsbl_hooks.o xfsbl_image_header.o xfsbl_initialization.o xfsbl_main.o xfsbl_mi
TRACE::2026-02-05.20:01:31::SCWBDomain::sc.o xfsbl_misc_drivers.o xfsbl_nand.o xfsbl_partition_load.o xfsbl_plpartition_valid.o xfsbl_qspi.o xfsbl_rsa_sha.o xfsbl_sd.o
TRACE::2026-02-05.20:01:31::SCWBDomain:: xfsbl_tpm.o xfsbl_tpm_util.o xfsbl_translation_table.o xfsbl_usb.o -MMD -MP      -Wall -fmessage-length=0 -DARMA53_64 -Os -flt
TRACE::2026-02-05.20:01:31::SCWBDomain::o -ffat-lto-objects    -Wl,--start-group,-lxil,-lgcc,-lc,--end-group -Wl,--start-group,-lxilffs,-lxil,-lgcc,-lc,--end-group -Wl
TRACE::2026-02-05.20:01:31::SCWBDomain::,--start-group,-lxilsecure,-lxil,-lgcc,-lc,--end-group -Wl,--start-group,-lxilpm,-lxil,-lgcc,-lc,--end-group                   
TRACE::2026-02-05.20:01:31::SCWBDomain::                                                                                      -n  -Wl,--gc-sections -Lzynqmp_fsbl_bsp/p
TRACE::2026-02-05.20:01:31::SCWBDomain::su_cortexa53_0/lib -Tlscript.ld

LOG::2026-02-05.20:01:34::SCWSystem::Checking the domain zynqmp_pmufw
LOG::2026-02-05.20:01:34::SCWSystem::Doing application build for :  zynqmp_pmufw
TRACE::2026-02-05.20:01:34::SCWBDomain::Not a forced makefile updation, No changes are present. 
TRACE::2026-02-05.20:01:34::SCWDomain::Building the domain as part of full build :  zynqmp_pmufw
TRACE::2026-02-05.20:01:34::SCWPlatform::Trying to open the hw design at C:/TFG_Vivado/mis_pruebas/hil_puerto_serie/vitis/design_1_wrapper/hw/design_1_wrapper.xsa
TRACE::2026-02-05.20:01:34::SCWPlatform::DSA given C:/TFG_Vivado/mis_pruebas/hil_puerto_serie/vitis/design_1_wrapper/hw/design_1_wrapper.xsa
TRACE::2026-02-05.20:01:34::SCWPlatform::DSA absoulate path C:/TFG_Vivado/mis_pruebas/hil_puerto_serie/vitis/design_1_wrapper/hw/design_1_wrapper.xsa
TRACE::2026-02-05.20:01:34::SCWPlatform::DSA directory C:/TFG_Vivado/mis_pruebas/hil_puerto_serie/vitis/design_1_wrapper/hw
TRACE::2026-02-05.20:01:34::SCWPlatform:: Platform Path C:/TFG_Vivado/mis_pruebas/hil_puerto_serie/vitis/design_1_wrapper/hw/design_1_wrapper.xsa
TRACE::2026-02-05.20:01:34::SCWPlatform:: Unique name xilinx:::0.0
TRACE::2026-02-05.20:01:34::SCWPlatform::Trying to set the existing hwdb with name design_1_wrapper_0
TRACE::2026-02-05.20:01:34::SCWPlatform::Opened existing hwdb design_1_wrapper_0
TRACE::2026-02-05.20:01:34::SCWPlatform::Found the Hw Db part of the input DSA
TRACE::2026-02-05.20:01:34::SCWMssOS::Checking the sw design at  C:/TFG_Vivado/mis_pruebas/hil_puerto_serie/vitis/design_1_wrapper/zynqmp_pmufw/zynqmp_pmufw_bsp/system.mss
TRACE::2026-02-05.20:01:34::SCWMssOS::DEBUG:  swdes dump  C:/TFG_Vivado/mis_pruebas/hil_puerto_serie/vitis/design_1_wrapper/psu_cortexa53_0/standalone_psu_cortexa53_0/bsp/system.mss|system_1||
C:/TFG_Vivado/mis_pruebas/hil_puerto_serie/vitis/design_1_wrapper/zynqmp_fsbl/zynqmp_fsbl_bsp/system.mss|system||
C:/TFG_Vivado/mis_pruebas/hil_puerto_serie/vitis/design_1_wrapper/zynqmp_pmufw/zynqmp_pmufw_bsp/system.mss|system_0||

TRACE::2026-02-05.20:01:34::SCWMssOS::Sw design exists and opened at  C:/TFG_Vivado/mis_pruebas/hil_puerto_serie/vitis/design_1_wrapper/zynqmp_pmufw/zynqmp_pmufw_bsp/system.mss
TRACE::2026-02-05.20:01:34::SCWBDomain::Completed writing the mss file at C:/TFG_Vivado/mis_pruebas/hil_puerto_serie/vitis/design_1_wrapper/zynqmp_pmufw/zynqmp_pmufw_bsp
TRACE::2026-02-05.20:01:34::SCWBDomain::bsp generated is upto date with the mss file. Skipping bsp generation.
TRACE::2026-02-05.20:01:34::SCWBDomain::Not a forced makefile updation, No changes are present. 
TRACE::2026-02-05.20:01:34::SCWBDomain::System Command Ran  C:&  cd  C:/TFG_Vivado/mis_pruebas/hil_puerto_serie/vitis/design_1_wrapper/zynqmp_pmufw& make -C  zynqmp_pmufw_bsp & make 
TRACE::2026-02-05.20:01:34::SCWBDomain::make: Entering directory 'C:/TFG_Vivado/mis_pruebas/hil_puerto_serie/vitis/design_1_wrapper/zynqmp_pmufw/zynqmp_pmufw_bsp'

TRACE::2026-02-05.20:01:34::SCWBDomain::make --no-print-directory seq_libs

TRACE::2026-02-05.20:01:34::SCWBDomain::"Running Make include in psu_pmu_0/libsrc/avbuf_v2_5/src"

TRACE::2026-02-05.20:01:34::SCWBDomain::make -C psu_pmu_0/libsrc/avbuf_v2_5/src -s include  "SHELL=CMD" "COMPILER=mb-gcc" "ASSEMBLER=mb-as" "ARCHIVER=mb-ar" "COMPILER_
TRACE::2026-02-05.20:01:34::SCWBDomain::FLAGS=  -O2 -c -mcpu=v9.2 -mlittle-endian -mxl-barrel-shift -mxl-pattern-compare -mxl-soft-mul" "EXTRA_COMPILER_FLAGS=-g -ffunc
TRACE::2026-02-05.20:01:34::SCWBDomain::tion-sections -fdata-sections -Wall -Wextra -fno-tree-loop-distribute-patterns  -Os -flto -ffat-lto-objects"

TRACE::2026-02-05.20:01:34::SCWBDomain::"Running Make include in psu_pmu_0/libsrc/axipmon_v6_9/src"

TRACE::2026-02-05.20:01:34::SCWBDomain::make -C psu_pmu_0/libsrc/axipmon_v6_9/src -s include  "SHELL=CMD" "COMPILER=mb-gcc" "ASSEMBLER=mb-as" "ARCHIVER=mb-ar" "COMPILE
TRACE::2026-02-05.20:01:34::SCWBDomain::R_FLAGS=  -O2 -c -mcpu=v9.2 -mlittle-endian -mxl-barrel-shift -mxl-pattern-compare -mxl-soft-mul" "EXTRA_COMPILER_FLAGS=-g -ffu
TRACE::2026-02-05.20:01:34::SCWBDomain::nction-sections -fdata-sections -Wall -Wextra -fno-tree-loop-distribute-patterns  -Os -flto -ffat-lto-objects"

TRACE::2026-02-05.20:01:35::SCWBDomain::"Running Make include in psu_pmu_0/libsrc/clockps_v1_4/src"

TRACE::2026-02-05.20:01:35::SCWBDomain::make -C psu_pmu_0/libsrc/clockps_v1_4/src -s include  "SHELL=CMD" "COMPILER=mb-gcc" "ASSEMBLER=mb-as" "ARCHIVER=mb-ar" "COMPILE
TRACE::2026-02-05.20:01:35::SCWBDomain::R_FLAGS=  -O2 -c -mcpu=v9.2 -mlittle-endian -mxl-barrel-shift -mxl-pattern-compare -mxl-soft-mul" "EXTRA_COMPILER_FLAGS=-g -ffu
TRACE::2026-02-05.20:01:35::SCWBDomain::nction-sections -fdata-sections -Wall -Wextra -fno-tree-loop-distribute-patterns  -Os -flto -ffat-lto-objects"

TRACE::2026-02-05.20:01:35::SCWBDomain::"Running Make include in psu_pmu_0/libsrc/cpu_v2_17/src"

TRACE::2026-02-05.20:01:35::SCWBDomain::make -C psu_pmu_0/libsrc/cpu_v2_17/src -s include  "SHELL=CMD" "COMPILER=mb-gcc" "ASSEMBLER=mb-as" "ARCHIVER=mb-ar" "COMPILER_F
TRACE::2026-02-05.20:01:35::SCWBDomain::LAGS=  -O2 -c -mcpu=v9.2 -mlittle-endian -mxl-barrel-shift -mxl-pattern-compare -mxl-soft-mul" "EXTRA_COMPILER_FLAGS=-g -ffunct
TRACE::2026-02-05.20:01:35::SCWBDomain::ion-sections -fdata-sections -Wall -Wextra -fno-tree-loop-distribute-patterns  -Os -flto -ffat-lto-objects"

TRACE::2026-02-05.20:01:35::SCWBDomain::"Running Make include in psu_pmu_0/libsrc/csudma_v1_13/src"

TRACE::2026-02-05.20:01:35::SCWBDomain::make -C psu_pmu_0/libsrc/csudma_v1_13/src -s include  "SHELL=CMD" "COMPILER=mb-gcc" "ASSEMBLER=mb-as" "ARCHIVER=mb-ar" "COMPILE
TRACE::2026-02-05.20:01:35::SCWBDomain::R_FLAGS=  -O2 -c -mcpu=v9.2 -mlittle-endian -mxl-barrel-shift -mxl-pattern-compare -mxl-soft-mul" "EXTRA_COMPILER_FLAGS=-g -ffu
TRACE::2026-02-05.20:01:35::SCWBDomain::nction-sections -fdata-sections -Wall -Wextra -fno-tree-loop-distribute-patterns  -Os -flto -ffat-lto-objects"

TRACE::2026-02-05.20:01:35::SCWBDomain::"Running Make include in psu_pmu_0/libsrc/ddrcpsu_v1_4/src"

TRACE::2026-02-05.20:01:35::SCWBDomain::make -C psu_pmu_0/libsrc/ddrcpsu_v1_4/src -s include  "SHELL=CMD" "COMPILER=mb-gcc" "ASSEMBLER=mb-as" "ARCHIVER=mb-ar" "COMPILE
TRACE::2026-02-05.20:01:35::SCWBDomain::R_FLAGS=  -O2 -c -mcpu=v9.2 -mlittle-endian -mxl-barrel-shift -mxl-pattern-compare -mxl-soft-mul" "EXTRA_COMPILER_FLAGS=-g -ffu
TRACE::2026-02-05.20:01:35::SCWBDomain::nction-sections -fdata-sections -Wall -Wextra -fno-tree-loop-distribute-patterns  -Os -flto -ffat-lto-objects"

TRACE::2026-02-05.20:01:35::SCWBDomain::"Running Make include in psu_pmu_0/libsrc/dpdma_v1_4/src"

TRACE::2026-02-05.20:01:35::SCWBDomain::make -C psu_pmu_0/libsrc/dpdma_v1_4/src -s include  "SHELL=CMD" "COMPILER=mb-gcc" "ASSEMBLER=mb-as" "ARCHIVER=mb-ar" "COMPILER_
TRACE::2026-02-05.20:01:35::SCWBDomain::FLAGS=  -O2 -c -mcpu=v9.2 -mlittle-endian -mxl-barrel-shift -mxl-pattern-compare -mxl-soft-mul" "EXTRA_COMPILER_FLAGS=-g -ffunc
TRACE::2026-02-05.20:01:35::SCWBDomain::tion-sections -fdata-sections -Wall -Wextra -fno-tree-loop-distribute-patterns  -Os -flto -ffat-lto-objects"

TRACE::2026-02-05.20:01:35::SCWBDomain::"Running Make include in psu_pmu_0/libsrc/dppsu_v1_6/src"

TRACE::2026-02-05.20:01:35::SCWBDomain::make -C psu_pmu_0/libsrc/dppsu_v1_6/src -s include  "SHELL=CMD" "COMPILER=mb-gcc" "ASSEMBLER=mb-as" "ARCHIVER=mb-ar" "COMPILER_
TRACE::2026-02-05.20:01:35::SCWBDomain::FLAGS=  -O2 -c -mcpu=v9.2 -mlittle-endian -mxl-barrel-shift -mxl-pattern-compare -mxl-soft-mul" "EXTRA_COMPILER_FLAGS=-g -ffunc
TRACE::2026-02-05.20:01:35::SCWBDomain::tion-sections -fdata-sections -Wall -Wextra -fno-tree-loop-distribute-patterns  -Os -flto -ffat-lto-objects"

TRACE::2026-02-05.20:01:36::SCWBDomain::"Running Make include in psu_pmu_0/libsrc/emacps_v3_18/src"

TRACE::2026-02-05.20:01:36::SCWBDomain::make -C psu_pmu_0/libsrc/emacps_v3_18/src -s include  "SHELL=CMD" "COMPILER=mb-gcc" "ASSEMBLER=mb-as" "ARCHIVER=mb-ar" "COMPILE
TRACE::2026-02-05.20:01:36::SCWBDomain::R_FLAGS=  -O2 -c -mcpu=v9.2 -mlittle-endian -mxl-barrel-shift -mxl-pattern-compare -mxl-soft-mul" "EXTRA_COMPILER_FLAGS=-g -ffu
TRACE::2026-02-05.20:01:36::SCWBDomain::nction-sections -fdata-sections -Wall -Wextra -fno-tree-loop-distribute-patterns  -Os -flto -ffat-lto-objects"

TRACE::2026-02-05.20:01:36::SCWBDomain::"Running Make include in psu_pmu_0/libsrc/gpiops_v3_11/src"

TRACE::2026-02-05.20:01:36::SCWBDomain::make -C psu_pmu_0/libsrc/gpiops_v3_11/src -s include  "SHELL=CMD" "COMPILER=mb-gcc" "ASSEMBLER=mb-as" "ARCHIVER=mb-ar" "COMPILE
TRACE::2026-02-05.20:01:36::SCWBDomain::R_FLAGS=  -O2 -c -mcpu=v9.2 -mlittle-endian -mxl-barrel-shift -mxl-pattern-compare -mxl-soft-mul" "EXTRA_COMPILER_FLAGS=-g -ffu
TRACE::2026-02-05.20:01:36::SCWBDomain::nction-sections -fdata-sections -Wall -Wextra -fno-tree-loop-distribute-patterns  -Os -flto -ffat-lto-objects"

TRACE::2026-02-05.20:01:36::SCWBDomain::"Running Make include in psu_pmu_0/libsrc/iicps_v3_17/src"

TRACE::2026-02-05.20:01:36::SCWBDomain::make -C psu_pmu_0/libsrc/iicps_v3_17/src -s include  "SHELL=CMD" "COMPILER=mb-gcc" "ASSEMBLER=mb-as" "ARCHIVER=mb-ar" "COMPILER
TRACE::2026-02-05.20:01:36::SCWBDomain::_FLAGS=  -O2 -c -mcpu=v9.2 -mlittle-endian -mxl-barrel-shift -mxl-pattern-compare -mxl-soft-mul" "EXTRA_COMPILER_FLAGS=-g -ffun
TRACE::2026-02-05.20:01:36::SCWBDomain::ction-sections -fdata-sections -Wall -Wextra -fno-tree-loop-distribute-patterns  -Os -flto -ffat-lto-objects"

TRACE::2026-02-05.20:01:36::SCWBDomain::"Running Make include in psu_pmu_0/libsrc/ipipsu_v2_13/src"

TRACE::2026-02-05.20:01:36::SCWBDomain::make -C psu_pmu_0/libsrc/ipipsu_v2_13/src -s include  "SHELL=CMD" "COMPILER=mb-gcc" "ASSEMBLER=mb-as" "ARCHIVER=mb-ar" "COMPILE
TRACE::2026-02-05.20:01:36::SCWBDomain::R_FLAGS=  -O2 -c -mcpu=v9.2 -mlittle-endian -mxl-barrel-shift -mxl-pattern-compare -mxl-soft-mul" "EXTRA_COMPILER_FLAGS=-g -ffu
TRACE::2026-02-05.20:01:36::SCWBDomain::nction-sections -fdata-sections -Wall -Wextra -fno-tree-loop-distribute-patterns  -Os -flto -ffat-lto-objects"

TRACE::2026-02-05.20:01:36::SCWBDomain::"Running Make include in psu_pmu_0/libsrc/pciepsu_v1_5/src"

TRACE::2026-02-05.20:01:36::SCWBDomain::make -C psu_pmu_0/libsrc/pciepsu_v1_5/src -s include  "SHELL=CMD" "COMPILER=mb-gcc" "ASSEMBLER=mb-as" "ARCHIVER=mb-ar" "COMPILE
TRACE::2026-02-05.20:01:36::SCWBDomain::R_FLAGS=  -O2 -c -mcpu=v9.2 -mlittle-endian -mxl-barrel-shift -mxl-pattern-compare -mxl-soft-mul" "EXTRA_COMPILER_FLAGS=-g -ffu
TRACE::2026-02-05.20:01:36::SCWBDomain::nction-sections -fdata-sections -Wall -Wextra -fno-tree-loop-distribute-patterns  -Os -flto -ffat-lto-objects"

TRACE::2026-02-05.20:01:37::SCWBDomain::"Running Make include in psu_pmu_0/libsrc/qspipsu_v1_17/src"

TRACE::2026-02-05.20:01:37::SCWBDomain::make -C psu_pmu_0/libsrc/qspipsu_v1_17/src -s include  "SHELL=CMD" "COMPILER=mb-gcc" "ASSEMBLER=mb-as" "ARCHIVER=mb-ar" "COMPIL
TRACE::2026-02-05.20:01:37::SCWBDomain::ER_FLAGS=  -O2 -c -mcpu=v9.2 -mlittle-endian -mxl-barrel-shift -mxl-pattern-compare -mxl-soft-mul" "EXTRA_COMPILER_FLAGS=-g -ff
TRACE::2026-02-05.20:01:37::SCWBDomain::unction-sections -fdata-sections -Wall -Wextra -fno-tree-loop-distribute-patterns  -Os -flto -ffat-lto-objects"

TRACE::2026-02-05.20:01:37::SCWBDomain::"Running Make include in psu_pmu_0/libsrc/resetps_v1_5/src"

TRACE::2026-02-05.20:01:37::SCWBDomain::make -C psu_pmu_0/libsrc/resetps_v1_5/src -s include  "SHELL=CMD" "COMPILER=mb-gcc" "ASSEMBLER=mb-as" "ARCHIVER=mb-ar" "COMPILE
TRACE::2026-02-05.20:01:37::SCWBDomain::R_FLAGS=  -O2 -c -mcpu=v9.2 -mlittle-endian -mxl-barrel-shift -mxl-pattern-compare -mxl-soft-mul" "EXTRA_COMPILER_FLAGS=-g -ffu
TRACE::2026-02-05.20:01:37::SCWBDomain::nction-sections -fdata-sections -Wall -Wextra -fno-tree-loop-distribute-patterns  -Os -flto -ffat-lto-objects"

TRACE::2026-02-05.20:01:37::SCWBDomain::"Running Make include in psu_pmu_0/libsrc/rtcpsu_v1_12/src"

TRACE::2026-02-05.20:01:37::SCWBDomain::make -C psu_pmu_0/libsrc/rtcpsu_v1_12/src -s include  "SHELL=CMD" "COMPILER=mb-gcc" "ASSEMBLER=mb-as" "ARCHIVER=mb-ar" "COMPILE
TRACE::2026-02-05.20:01:37::SCWBDomain::R_FLAGS=  -O2 -c -mcpu=v9.2 -mlittle-endian -mxl-barrel-shift -mxl-pattern-compare -mxl-soft-mul" "EXTRA_COMPILER_FLAGS=-g -ffu
TRACE::2026-02-05.20:01:37::SCWBDomain::nction-sections -fdata-sections -Wall -Wextra -fno-tree-loop-distribute-patterns  -Os -flto -ffat-lto-objects"

TRACE::2026-02-05.20:01:37::SCWBDomain::"Running Make include in psu_pmu_0/libsrc/sdps_v4_1/src"

TRACE::2026-02-05.20:01:37::SCWBDomain::make -C psu_pmu_0/libsrc/sdps_v4_1/src -s include  "SHELL=CMD" "COMPILER=mb-gcc" "ASSEMBLER=mb-as" "ARCHIVER=mb-ar" "COMPILER_F
TRACE::2026-02-05.20:01:37::SCWBDomain::LAGS=  -O2 -c -mcpu=v9.2 -mlittle-endian -mxl-barrel-shift -mxl-pattern-compare -mxl-soft-mul" "EXTRA_COMPILER_FLAGS=-g -ffunct
TRACE::2026-02-05.20:01:37::SCWBDomain::ion-sections -fdata-sections -Wall -Wextra -fno-tree-loop-distribute-patterns  -Os -flto -ffat-lto-objects"

TRACE::2026-02-05.20:01:37::SCWBDomain::"Running Make include in psu_pmu_0/libsrc/standalone_v8_1/src"

TRACE::2026-02-05.20:01:37::SCWBDomain::make -C psu_pmu_0/libsrc/standalone_v8_1/src -s include  "SHELL=CMD" "COMPILER=mb-gcc" "ASSEMBLER=mb-as" "ARCHIVER=mb-ar" "COMP
TRACE::2026-02-05.20:01:37::SCWBDomain::ILER_FLAGS=  -O2 -c -mcpu=v9.2 -mlittle-endian -mxl-barrel-shift -mxl-pattern-compare -mxl-soft-mul" "EXTRA_COMPILER_FLAGS=-g -
TRACE::2026-02-05.20:01:37::SCWBDomain::ffunction-sections -fdata-sections -Wall -Wextra -fno-tree-loop-distribute-patterns  -Os -flto -ffat-lto-objects"

TRACE::2026-02-05.20:01:38::SCWBDomain::"Running Make include in psu_pmu_0/libsrc/sysmonpsu_v2_8/src"

TRACE::2026-02-05.20:01:38::SCWBDomain::make -C psu_pmu_0/libsrc/sysmonpsu_v2_8/src -s include  "SHELL=CMD" "COMPILER=mb-gcc" "ASSEMBLER=mb-as" "ARCHIVER=mb-ar" "COMPI
TRACE::2026-02-05.20:01:38::SCWBDomain::LER_FLAGS=  -O2 -c -mcpu=v9.2 -mlittle-endian -mxl-barrel-shift -mxl-pattern-compare -mxl-soft-mul" "EXTRA_COMPILER_FLAGS=-g -f
TRACE::2026-02-05.20:01:38::SCWBDomain::function-sections -fdata-sections -Wall -Wextra -fno-tree-loop-distribute-patterns  -Os -flto -ffat-lto-objects"

TRACE::2026-02-05.20:01:38::SCWBDomain::"Running Make include in psu_pmu_0/libsrc/ttcps_v3_17/src"

TRACE::2026-02-05.20:01:38::SCWBDomain::make -C psu_pmu_0/libsrc/ttcps_v3_17/src -s include  "SHELL=CMD" "COMPILER=mb-gcc" "ASSEMBLER=mb-as" "ARCHIVER=mb-ar" "COMPILER
TRACE::2026-02-05.20:01:38::SCWBDomain::_FLAGS=  -O2 -c -mcpu=v9.2 -mlittle-endian -mxl-barrel-shift -mxl-pattern-compare -mxl-soft-mul" "EXTRA_COMPILER_FLAGS=-g -ffun
TRACE::2026-02-05.20:01:38::SCWBDomain::ction-sections -fdata-sections -Wall -Wextra -fno-tree-loop-distribute-patterns  -Os -flto -ffat-lto-objects"

TRACE::2026-02-05.20:01:38::SCWBDomain::"Running Make include in psu_pmu_0/libsrc/uartps_v3_12/src"

TRACE::2026-02-05.20:01:38::SCWBDomain::make -C psu_pmu_0/libsrc/uartps_v3_12/src -s include  "SHELL=CMD" "COMPILER=mb-gcc" "ASSEMBLER=mb-as" "ARCHIVER=mb-ar" "COMPILE
TRACE::2026-02-05.20:01:38::SCWBDomain::R_FLAGS=  -O2 -c -mcpu=v9.2 -mlittle-endian -mxl-barrel-shift -mxl-pattern-compare -mxl-soft-mul" "EXTRA_COMPILER_FLAGS=-g -ffu
TRACE::2026-02-05.20:01:38::SCWBDomain::nction-sections -fdata-sections -Wall -Wextra -fno-tree-loop-distribute-patterns  -Os -flto -ffat-lto-objects"

TRACE::2026-02-05.20:01:38::SCWBDomain::"Running Make include in psu_pmu_0/libsrc/usbpsu_v1_13/src"

TRACE::2026-02-05.20:01:38::SCWBDomain::make -C psu_pmu_0/libsrc/usbpsu_v1_13/src -s include  "SHELL=CMD" "COMPILER=mb-gcc" "ASSEMBLER=mb-as" "ARCHIVER=mb-ar" "COMPILE
TRACE::2026-02-05.20:01:38::SCWBDomain::R_FLAGS=  -O2 -c -mcpu=v9.2 -mlittle-endian -mxl-barrel-shift -mxl-pattern-compare -mxl-soft-mul" "EXTRA_COMPILER_FLAGS=-g -ffu
TRACE::2026-02-05.20:01:38::SCWBDomain::nction-sections -fdata-sections -Wall -Wextra -fno-tree-loop-distribute-patterns  -Os -flto -ffat-lto-objects"

TRACE::2026-02-05.20:01:38::SCWBDomain::"Running Make include in psu_pmu_0/libsrc/video_common_v4_13/src"

TRACE::2026-02-05.20:01:38::SCWBDomain::make -C psu_pmu_0/libsrc/video_common_v4_13/src -s include  "SHELL=CMD" "COMPILER=mb-gcc" "ASSEMBLER=mb-as" "ARCHIVER=mb-ar" "C
TRACE::2026-02-05.20:01:38::SCWBDomain::OMPILER_FLAGS=  -O2 -c -mcpu=v9.2 -mlittle-endian -mxl-barrel-shift -mxl-pattern-compare -mxl-soft-mul" "EXTRA_COMPILER_FLAGS=-
TRACE::2026-02-05.20:01:38::SCWBDomain::g -ffunction-sections -fdata-sections -Wall -Wextra -fno-tree-loop-distribute-patterns  -Os -flto -ffat-lto-objects"

TRACE::2026-02-05.20:01:39::SCWBDomain::"Running Make include in psu_pmu_0/libsrc/xilfpga_v6_4/src"

TRACE::2026-02-05.20:01:39::SCWBDomain::make -C psu_pmu_0/libsrc/xilfpga_v6_4/src -s include  "SHELL=CMD" "COMPILER=mb-gcc" "ASSEMBLER=mb-as" "ARCHIVER=mb-ar" "COMPILE
TRACE::2026-02-05.20:01:39::SCWBDomain::R_FLAGS=  -O2 -c -mcpu=v9.2 -mlittle-endian -mxl-barrel-shift -mxl-pattern-compare -mxl-soft-mul" "EXTRA_COMPILER_FLAGS=-g -ffu
TRACE::2026-02-05.20:01:39::SCWBDomain::nction-sections -fdata-sections -Wall -Wextra -fno-tree-loop-distribute-patterns  -Os -flto -ffat-lto-objects"

TRACE::2026-02-05.20:01:39::SCWBDomain::"Running Make include in psu_pmu_0/libsrc/xilsecure_v5_1/src"

TRACE::2026-02-05.20:01:39::SCWBDomain::make -C psu_pmu_0/libsrc/xilsecure_v5_1/src -s include  "SHELL=CMD" "COMPILER=mb-gcc" "ASSEMBLER=mb-as" "ARCHIVER=mb-ar" "COMPI
TRACE::2026-02-05.20:01:39::SCWBDomain::LER_FLAGS=  -O2 -c -mcpu=v9.2 -mlittle-endian -mxl-barrel-shift -mxl-pattern-compare -mxl-soft-mul" "EXTRA_COMPILER_FLAGS=-g -f
TRACE::2026-02-05.20:01:39::SCWBDomain::function-sections -fdata-sections -Wall -Wextra -fno-tree-loop-distribute-patterns  -Os -flto -ffat-lto-objects"

TRACE::2026-02-05.20:01:39::SCWBDomain::"Running Make include in psu_pmu_0/libsrc/xilskey_v7_4/src"

TRACE::2026-02-05.20:01:39::SCWBDomain::make -C psu_pmu_0/libsrc/xilskey_v7_4/src -s include  "SHELL=CMD" "COMPILER=mb-gcc" "ASSEMBLER=mb-as" "ARCHIVER=mb-ar" "COMPILE
TRACE::2026-02-05.20:01:39::SCWBDomain::R_FLAGS=  -O2 -c -mcpu=v9.2 -mlittle-endian -mxl-barrel-shift -mxl-pattern-compare -mxl-soft-mul" "EXTRA_COMPILER_FLAGS=-g -ffu
TRACE::2026-02-05.20:01:39::SCWBDomain::nction-sections -fdata-sections -Wall -Wextra -fno-tree-loop-distribute-patterns  -Os -flto -ffat-lto-objects"

TRACE::2026-02-05.20:01:39::SCWBDomain::"Running Make include in psu_pmu_0/libsrc/zdma_v1_16/src"

TRACE::2026-02-05.20:01:39::SCWBDomain::make -C psu_pmu_0/libsrc/zdma_v1_16/src -s include  "SHELL=CMD" "COMPILER=mb-gcc" "ASSEMBLER=mb-as" "ARCHIVER=mb-ar" "COMPILER_
TRACE::2026-02-05.20:01:39::SCWBDomain::FLAGS=  -O2 -c -mcpu=v9.2 -mlittle-endian -mxl-barrel-shift -mxl-pattern-compare -mxl-soft-mul" "EXTRA_COMPILER_FLAGS=-g -ffunc
TRACE::2026-02-05.20:01:39::SCWBDomain::tion-sections -fdata-sections -Wall -Wextra -fno-tree-loop-distribute-patterns  -Os -flto -ffat-lto-objects"

TRACE::2026-02-05.20:01:39::SCWBDomain::"Running Make libs in psu_pmu_0/libsrc/avbuf_v2_5/src"

TRACE::2026-02-05.20:01:39::SCWBDomain::make -C psu_pmu_0/libsrc/avbuf_v2_5/src -s libs  "SHELL=CMD" "COMPILER=mb-gcc" "ASSEMBLER=mb-as" "ARCHIVER=mb-ar" "COMPILER_FLA
TRACE::2026-02-05.20:01:39::SCWBDomain::GS=  -O2 -c -mcpu=v9.2 -mlittle-endian -mxl-barrel-shift -mxl-pattern-compare -mxl-soft-mul" "EXTRA_COMPILER_FLAGS=-g -ffunctio
TRACE::2026-02-05.20:01:39::SCWBDomain::n-sections -fdata-sections -Wall -Wextra -fno-tree-loop-distribute-patterns  -Os -flto -ffat-lto-objects"

TRACE::2026-02-05.20:01:39::SCWBDomain::"Compiling avbuf"

TRACE::2026-02-05.20:01:47::SCWBDomain::"Running Make libs in psu_pmu_0/libsrc/dpdma_v1_4/src"

TRACE::2026-02-05.20:01:47::SCWBDomain::make -C psu_pmu_0/libsrc/dpdma_v1_4/src -s libs  "SHELL=CMD" "COMPILER=mb-gcc" "ASSEMBLER=mb-as" "ARCHIVER=mb-ar" "COMPILER_FLA
TRACE::2026-02-05.20:01:47::SCWBDomain::GS=  -O2 -c -mcpu=v9.2 -mlittle-endian -mxl-barrel-shift -mxl-pattern-compare -mxl-soft-mul" "EXTRA_COMPILER_FLAGS=-g -ffunctio
TRACE::2026-02-05.20:01:47::SCWBDomain::n-sections -fdata-sections -Wall -Wextra -fno-tree-loop-distribute-patterns  -Os -flto -ffat-lto-objects"

TRACE::2026-02-05.20:01:47::SCWBDomain::"Compiling dpdma"

TRACE::2026-02-05.20:01:48::SCWBDomain::"Running Make libs in psu_pmu_0/libsrc/dppsu_v1_6/src"

TRACE::2026-02-05.20:01:48::SCWBDomain::make -C psu_pmu_0/libsrc/dppsu_v1_6/src -s libs  "SHELL=CMD" "COMPILER=mb-gcc" "ASSEMBLER=mb-as" "ARCHIVER=mb-ar" "COMPILER_FLA
TRACE::2026-02-05.20:01:48::SCWBDomain::GS=  -O2 -c -mcpu=v9.2 -mlittle-endian -mxl-barrel-shift -mxl-pattern-compare -mxl-soft-mul" "EXTRA_COMPILER_FLAGS=-g -ffunctio
TRACE::2026-02-05.20:01:48::SCWBDomain::n-sections -fdata-sections -Wall -Wextra -fno-tree-loop-distribute-patterns  -Os -flto -ffat-lto-objects"

TRACE::2026-02-05.20:01:48::SCWBDomain::"Compiling dppsu"

TRACE::2026-02-05.20:01:49::SCWBDomain::"Running Make libs in psu_pmu_0/libsrc/xilsecure_v5_1/src"

TRACE::2026-02-05.20:01:49::SCWBDomain::make -C psu_pmu_0/libsrc/xilsecure_v5_1/src -s libs  "SHELL=CMD" "COMPILER=mb-gcc" "ASSEMBLER=mb-as" "ARCHIVER=mb-ar" "COMPILER
TRACE::2026-02-05.20:01:49::SCWBDomain::_FLAGS=  -O2 -c -mcpu=v9.2 -mlittle-endian -mxl-barrel-shift -mxl-pattern-compare -mxl-soft-mul" "EXTRA_COMPILER_FLAGS=-g -ffun
TRACE::2026-02-05.20:01:49::SCWBDomain::ction-sections -fdata-sections -Wall -Wextra -fno-tree-loop-distribute-patterns  -Os -flto -ffat-lto-objects"

TRACE::2026-02-05.20:01:49::SCWBDomain::"Compiling XilSecure Library"

TRACE::2026-02-05.20:01:51::SCWBDomain::"Running Make libs in psu_pmu_0/libsrc/xilskey_v7_4/src"

TRACE::2026-02-05.20:01:51::SCWBDomain::make -C psu_pmu_0/libsrc/xilskey_v7_4/src -s libs  "SHELL=CMD" "COMPILER=mb-gcc" "ASSEMBLER=mb-as" "ARCHIVER=mb-ar" "COMPILER_F
TRACE::2026-02-05.20:01:51::SCWBDomain::LAGS=  -O2 -c -mcpu=v9.2 -mlittle-endian -mxl-barrel-shift -mxl-pattern-compare -mxl-soft-mul" "EXTRA_COMPILER_FLAGS=-g -ffunct
TRACE::2026-02-05.20:01:51::SCWBDomain::ion-sections -fdata-sections -Wall -Wextra -fno-tree-loop-distribute-patterns  -Os -flto -ffat-lto-objects"

TRACE::2026-02-05.20:01:51::SCWBDomain::"Compiling Xilskey Library"

TRACE::2026-02-05.20:01:52::SCWBDomain::'Finished building libraries sequentially.'

TRACE::2026-02-05.20:01:52::SCWBDomain::make -j 10 --no-print-directory par_libs

TRACE::2026-02-05.20:01:52::SCWBDomain::"Running Make include in psu_pmu_0/libsrc/avbuf_v2_5/src"

TRACE::2026-02-05.20:01:52::SCWBDomain::make -C psu_pmu_0/libsrc/avbuf_v2_5/src -s include  "SHELL=CMD" "COMPILER=mb-gcc" "ASSEMBLER=mb-as" "ARCHIVER=mb-ar" "COMPILER_
TRACE::2026-02-05.20:01:52::SCWBDomain::FLAGS=  -O2 -c -mcpu=v9.2 -mlittle-endian -mxl-barrel-shift -mxl-pattern-compare -mxl-soft-mul" "EXTRA_COMPILER_FLAGS=-g -ffunc
TRACE::2026-02-05.20:01:52::SCWBDomain::tion-sections -fdata-sections -Wall -Wextra -fno-tree-loop-distribute-patterns  -Os -flto -ffat-lto-objects"

TRACE::2026-02-05.20:01:52::SCWBDomain::"Running Make include in psu_pmu_0/libsrc/cpu_v2_17/src"

TRACE::2026-02-05.20:01:52::SCWBDomain::"Running Make include in psu_pmu_0/libsrc/axipmon_v6_9/src"

TRACE::2026-02-05.20:01:52::SCWBDomain::"Running Make include in psu_pmu_0/libsrc/csudma_v1_13/src"

TRACE::2026-02-05.20:01:52::SCWBDomain::"Running Make include in psu_pmu_0/libsrc/ddrcpsu_v1_4/src"

TRACE::2026-02-05.20:01:52::SCWBDomain::"Running Make include in psu_pmu_0/libsrc/clockps_v1_4/src"

TRACE::2026-02-05.20:01:52::SCWBDomain::make -C psu_pmu_0/libsrc/axipmon_v6_9/src -s include  "SHELL=CMD" "COMPILER=mb-gcc" "ASSEMBLER=mb-as" "ARCHIVER=mb-ar" "COMPILE
TRACE::2026-02-05.20:01:52::SCWBDomain::R_FLAGS=  -O2 -c -mcpu=v9.2 -mlittle-endian -mxl-barrel-shift -mxl-pattern-compare -mxl-soft-mul" "EXTRA_COMPILER_FLAGS=-g -ffu
TRACE::2026-02-05.20:01:52::SCWBDomain::nction-sections -fdata-sections -Wall -Wextra -fno-tree-loop-distribute-patterns  -Os -flto -ffat-lto-objects"

TRACE::2026-02-05.20:01:52::SCWBDomain::make -C psu_pmu_0/libsrc/clockps_v1_4/src -s include  "SHELL=CMD" "COMPILER=mb-gcc" "ASSEMBLER=mb-as" "ARCHIVER=mb-ar" "COMPILE
TRACE::2026-02-05.20:01:52::SCWBDomain::R_FLAGS=  -O2 -c -mcpu=v9.2 -mlittle-endian -mxl-barrel-shift -mxl-pattern-compare -mxl-soft-mul" "EXTRA_COMPILER_FLAGS=-g -ffu
TRACE::2026-02-05.20:01:52::SCWBDomain::nction-sections -fdata-sections -Wall -Wextra -fno-tree-loop-distribute-patterns  -Os -flto -ffat-lto-objects"

TRACE::2026-02-05.20:01:52::SCWBDomain::make -C psu_pmu_0/libsrc/cpu_v2_17/src -s include  "SHELL=CMD" "COMPILER=mb-gcc" "ASSEMBLER=mb-as" "ARCHIVER=mb-ar" "COMPILER_F
TRACE::2026-02-05.20:01:52::SCWBDomain::LAGS=  -O2 -c -mcpu=v9.2 -mlittle-endian -mxl-barrel-shift -mxl-pattern-compare -mxl-soft-mul" "EXTRA_COMPILER_FLAGS=-g -ffunct
TRACE::2026-02-05.20:01:52::SCWBDomain::ion-sections -fdata-sections -Wall -Wextra -fno-tree-loop-distribute-patterns  -Os -flto -ffat-lto-objects"

TRACE::2026-02-05.20:01:52::SCWBDomain::make -C psu_pmu_0/libsrc/csudma_v1_13/src -s include  "SHELL=CMD" "COMPILER=mb-gcc" "ASSEMBLER=mb-as" "ARCHIVER=mb-ar" "COMPILE
TRACE::2026-02-05.20:01:52::SCWBDomain::R_FLAGS=  -O2 -c -mcpu=v9.2 -mlittle-endian -mxl-barrel-shift -mxl-pattern-compare -mxl-soft-mul" "EXTRA_COMPILER_FLAGS=-g -ffu
TRACE::2026-02-05.20:01:52::SCWBDomain::nction-sections -fdata-sections -Wall -Wextra -fno-tree-loop-distribute-patterns  -Os -flto -ffat-lto-objects"

TRACE::2026-02-05.20:01:52::SCWBDomain::"Running Make include in psu_pmu_0/libsrc/dppsu_v1_6/src"

TRACE::2026-02-05.20:01:52::SCWBDomain::make -C psu_pmu_0/libsrc/ddrcpsu_v1_4/src -s include  "SHELL=CMD" "COMPILER=mb-gcc" "ASSEMBLER=mb-as" "ARCHIVER=mb-ar" "COMPILE
TRACE::2026-02-05.20:01:52::SCWBDomain::R_FLAGS=  -O2 -c -mcpu=v9.2 -mlittle-endian -mxl-barrel-shift -mxl-pattern-compare -mxl-soft-mul" "EXTRA_COMPILER_FLAGS=-g -ffu
TRACE::2026-02-05.20:01:52::SCWBDomain::nction-sections -fdata-sections -Wall -Wextra -fno-tree-loop-distribute-patterns  -Os -flto -ffat-lto-objects"

TRACE::2026-02-05.20:01:52::SCWBDomain::"Running Make include in psu_pmu_0/libsrc/dpdma_v1_4/src"

TRACE::2026-02-05.20:01:52::SCWBDomain::"Running Make include in psu_pmu_0/libsrc/emacps_v3_18/src"

TRACE::2026-02-05.20:01:52::SCWBDomain::make -C psu_pmu_0/libsrc/dpdma_v1_4/src -s include  "SHELL=CMD" "COMPILER=mb-gcc" "ASSEMBLER=mb-as" "ARCHIVER=mb-ar" "COMPILER_
TRACE::2026-02-05.20:01:52::SCWBDomain::FLAGS=  -O2 -c -mcpu=v9.2 -mlittle-endian -mxl-barrel-shift -mxl-pattern-compare -mxl-soft-mul" "EXTRA_COMPILER_FLAGS=-g -ffunc
TRACE::2026-02-05.20:01:52::SCWBDomain::tion-sections -fdata-sections -Wall -Wextra -fno-tree-loop-distribute-patterns  -Os -flto -ffat-lto-objects"

TRACE::2026-02-05.20:01:52::SCWBDomain::make -C psu_pmu_0/libsrc/dppsu_v1_6/src -s include  "SHELL=CMD" "COMPILER=mb-gcc" "ASSEMBLER=mb-as" "ARCHIVER=mb-ar" "COMPILER_
TRACE::2026-02-05.20:01:52::SCWBDomain::FLAGS=  -O2 -c -mcpu=v9.2 -mlittle-endian -mxl-barrel-shift -mxl-pattern-compare -mxl-soft-mul" "EXTRA_COMPILER_FLAGS=-g -ffunc
TRACE::2026-02-05.20:01:52::SCWBDomain::tion-sections -fdata-sections -Wall -Wextra -fno-tree-loop-distribute-patterns  -Os -flto -ffat-lto-objects"

TRACE::2026-02-05.20:01:52::SCWBDomain::make -C psu_pmu_0/libsrc/emacps_v3_18/src -s include  "SHELL=CMD" "COMPILER=mb-gcc" "ASSEMBLER=mb-as" "ARCHIVER=mb-ar" "COMPILE
TRACE::2026-02-05.20:01:52::SCWBDomain::R_FLAGS=  -O2 -c -mcpu=v9.2 -mlittle-endian -mxl-barrel-shift -mxl-pattern-compare -mxl-soft-mul" "EXTRA_COMPILER_FLAGS=-g -ffu
TRACE::2026-02-05.20:01:52::SCWBDomain::nction-sections -fdata-sections -Wall -Wextra -fno-tree-loop-distribute-patterns  -Os -flto -ffat-lto-objects"

TRACE::2026-02-05.20:01:52::SCWBDomain::"Running Make include in psu_pmu_0/libsrc/gpiops_v3_11/src"

TRACE::2026-02-05.20:01:52::SCWBDomain::make -C psu_pmu_0/libsrc/gpiops_v3_11/src -s include  "SHELL=CMD" "COMPILER=mb-gcc" "ASSEMBLER=mb-as" "ARCHIVER=mb-ar" "COMPILE
TRACE::2026-02-05.20:01:52::SCWBDomain::R_FLAGS=  -O2 -c -mcpu=v9.2 -mlittle-endian -mxl-barrel-shift -mxl-pattern-compare -mxl-soft-mul" "EXTRA_COMPILER_FLAGS=-g -ffu
TRACE::2026-02-05.20:01:52::SCWBDomain::nction-sections -fdata-sections -Wall -Wextra -fno-tree-loop-distribute-patterns  -Os -flto -ffat-lto-objects"

TRACE::2026-02-05.20:01:52::SCWBDomain::"Running Make include in psu_pmu_0/libsrc/iicps_v3_17/src"

TRACE::2026-02-05.20:01:52::SCWBDomain::"Running Make include in psu_pmu_0/libsrc/ipipsu_v2_13/src"

TRACE::2026-02-05.20:01:52::SCWBDomain::"Running Make include in psu_pmu_0/libsrc/pciepsu_v1_5/src"

TRACE::2026-02-05.20:01:52::SCWBDomain::make -C psu_pmu_0/libsrc/iicps_v3_17/src -s include  "SHELL=CMD" "COMPILER=mb-gcc" "ASSEMBLER=mb-as" "ARCHIVER=mb-ar" "COMPILER
TRACE::2026-02-05.20:01:52::SCWBDomain::_FLAGS=  -O2 -c -mcpu=v9.2 -mlittle-endian -mxl-barrel-shift -mxl-pattern-compare -mxl-soft-mul" "EXTRA_COMPILER_FLAGS=-g -ffun
TRACE::2026-02-05.20:01:52::SCWBDomain::ction-sections -fdata-sections -Wall -Wextra -fno-tree-loop-distribute-patterns  -Os -flto -ffat-lto-objects"

TRACE::2026-02-05.20:01:52::SCWBDomain::make -C psu_pmu_0/libsrc/pciepsu_v1_5/src -s include  "SHELL=CMD" "COMPILER=mb-gcc" "ASSEMBLER=mb-as" "ARCHIVER=mb-ar" "COMPILE
TRACE::2026-02-05.20:01:52::SCWBDomain::R_FLAGS=  -O2 -c -mcpu=v9.2 -mlittle-endian -mxl-barrel-shift -mxl-pattern-compare -mxl-soft-mul" "EXTRA_COMPILER_FLAGS=-g -ffu
TRACE::2026-02-05.20:01:52::SCWBDomain::nction-sections -fdata-sections -Wall -Wextra -fno-tree-loop-distribute-patterns  -Os -flto -ffat-lto-objects"

TRACE::2026-02-05.20:01:52::SCWBDomain::make -C psu_pmu_0/libsrc/ipipsu_v2_13/src -s include  "SHELL=CMD" "COMPILER=mb-gcc" "ASSEMBLER=mb-as" "ARCHIVER=mb-ar" "COMPILE
TRACE::2026-02-05.20:01:52::SCWBDomain::R_FLAGS=  -O2 -c -mcpu=v9.2 -mlittle-endian -mxl-barrel-shift -mxl-pattern-compare -mxl-soft-mul" "EXTRA_COMPILER_FLAGS=-g -ffu
TRACE::2026-02-05.20:01:52::SCWBDomain::nction-sections -fdata-sections -Wall -Wextra -fno-tree-loop-distribute-patterns  -Os -flto -ffat-lto-objects"

TRACE::2026-02-05.20:01:52::SCWBDomain::"Running Make include in psu_pmu_0/libsrc/qspipsu_v1_17/src"

TRACE::2026-02-05.20:01:52::SCWBDomain::make -C psu_pmu_0/libsrc/qspipsu_v1_17/src -s include  "SHELL=CMD" "COMPILER=mb-gcc" "ASSEMBLER=mb-as" "ARCHIVER=mb-ar" "COMPIL
TRACE::2026-02-05.20:01:52::SCWBDomain::ER_FLAGS=  -O2 -c -mcpu=v9.2 -mlittle-endian -mxl-barrel-shift -mxl-pattern-compare -mxl-soft-mul" "EXTRA_COMPILER_FLAGS=-g -ff
TRACE::2026-02-05.20:01:52::SCWBDomain::unction-sections -fdata-sections -Wall -Wextra -fno-tree-loop-distribute-patterns  -Os -flto -ffat-lto-objects"

TRACE::2026-02-05.20:01:52::SCWBDomain::"Running Make include in psu_pmu_0/libsrc/resetps_v1_5/src"

TRACE::2026-02-05.20:01:52::SCWBDomain::make -C psu_pmu_0/libsrc/resetps_v1_5/src -s include  "SHELL=CMD" "COMPILER=mb-gcc" "ASSEMBLER=mb-as" "ARCHIVER=mb-ar" "COMPILE
TRACE::2026-02-05.20:01:52::SCWBDomain::R_FLAGS=  -O2 -c -mcpu=v9.2 -mlittle-endian -mxl-barrel-shift -mxl-pattern-compare -mxl-soft-mul" "EXTRA_COMPILER_FLAGS=-g -ffu
TRACE::2026-02-05.20:01:52::SCWBDomain::nction-sections -fdata-sections -Wall -Wextra -fno-tree-loop-distribute-patterns  -Os -flto -ffat-lto-objects"

TRACE::2026-02-05.20:01:52::SCWBDomain::"Running Make include in psu_pmu_0/libsrc/rtcpsu_v1_12/src"

TRACE::2026-02-05.20:01:52::SCWBDomain::make -C psu_pmu_0/libsrc/rtcpsu_v1_12/src -s include  "SHELL=CMD" "COMPILER=mb-gcc" "ASSEMBLER=mb-as" "ARCHIVER=mb-ar" "COMPILE
TRACE::2026-02-05.20:01:52::SCWBDomain::R_FLAGS=  -O2 -c -mcpu=v9.2 -mlittle-endian -mxl-barrel-shift -mxl-pattern-compare -mxl-soft-mul" "EXTRA_COMPILER_FLAGS=-g -ffu
TRACE::2026-02-05.20:01:52::SCWBDomain::nction-sections -fdata-sections -Wall -Wextra -fno-tree-loop-distribute-patterns  -Os -flto -ffat-lto-objects"

TRACE::2026-02-05.20:01:52::SCWBDomain::"Running Make include in psu_pmu_0/libsrc/sdps_v4_1/src"

TRACE::2026-02-05.20:01:52::SCWBDomain::make -C psu_pmu_0/libsrc/sdps_v4_1/src -s include  "SHELL=CMD" "COMPILER=mb-gcc" "ASSEMBLER=mb-as" "ARCHIVER=mb-ar" "COMPILER_F
TRACE::2026-02-05.20:01:52::SCWBDomain::LAGS=  -O2 -c -mcpu=v9.2 -mlittle-endian -mxl-barrel-shift -mxl-pattern-compare -mxl-soft-mul" "EXTRA_COMPILER_FLAGS=-g -ffunct
TRACE::2026-02-05.20:01:52::SCWBDomain::ion-sections -fdata-sections -Wall -Wextra -fno-tree-loop-distribute-patterns  -Os -flto -ffat-lto-objects"

TRACE::2026-02-05.20:01:52::SCWBDomain::"Running Make include in psu_pmu_0/libsrc/standalone_v8_1/src"

TRACE::2026-02-05.20:01:52::SCWBDomain::make -C psu_pmu_0/libsrc/standalone_v8_1/src -s include  "SHELL=CMD" "COMPILER=mb-gcc" "ASSEMBLER=mb-as" "ARCHIVER=mb-ar" "COMP
TRACE::2026-02-05.20:01:52::SCWBDomain::ILER_FLAGS=  -O2 -c -mcpu=v9.2 -mlittle-endian -mxl-barrel-shift -mxl-pattern-compare -mxl-soft-mul" "EXTRA_COMPILER_FLAGS=-g -
TRACE::2026-02-05.20:01:52::SCWBDomain::ffunction-sections -fdata-sections -Wall -Wextra -fno-tree-loop-distribute-patterns  -Os -flto -ffat-lto-objects"

TRACE::2026-02-05.20:01:52::SCWBDomain::"Running Make include in psu_pmu_0/libsrc/sysmonpsu_v2_8/src"

TRACE::2026-02-05.20:01:52::SCWBDomain::make -C psu_pmu_0/libsrc/sysmonpsu_v2_8/src -s include  "SHELL=CMD" "COMPILER=mb-gcc" "ASSEMBLER=mb-as" "ARCHIVER=mb-ar" "COMPI
TRACE::2026-02-05.20:01:52::SCWBDomain::LER_FLAGS=  -O2 -c -mcpu=v9.2 -mlittle-endian -mxl-barrel-shift -mxl-pattern-compare -mxl-soft-mul" "EXTRA_COMPILER_FLAGS=-g -f
TRACE::2026-02-05.20:01:52::SCWBDomain::function-sections -fdata-sections -Wall -Wextra -fno-tree-loop-distribute-patterns  -Os -flto -ffat-lto-objects"

TRACE::2026-02-05.20:01:52::SCWBDomain::"Running Make include in psu_pmu_0/libsrc/ttcps_v3_17/src"

TRACE::2026-02-05.20:01:52::SCWBDomain::make -C psu_pmu_0/libsrc/ttcps_v3_17/src -s include  "SHELL=CMD" "COMPILER=mb-gcc" "ASSEMBLER=mb-as" "ARCHIVER=mb-ar" "COMPILER
TRACE::2026-02-05.20:01:52::SCWBDomain::_FLAGS=  -O2 -c -mcpu=v9.2 -mlittle-endian -mxl-barrel-shift -mxl-pattern-compare -mxl-soft-mul" "EXTRA_COMPILER_FLAGS=-g -ffun
TRACE::2026-02-05.20:01:52::SCWBDomain::ction-sections -fdata-sections -Wall -Wextra -fno-tree-loop-distribute-patterns  -Os -flto -ffat-lto-objects"

TRACE::2026-02-05.20:01:52::SCWBDomain::"Running Make include in psu_pmu_0/libsrc/uartps_v3_12/src"

TRACE::2026-02-05.20:01:52::SCWBDomain::make -C psu_pmu_0/libsrc/uartps_v3_12/src -s include  "SHELL=CMD" "COMPILER=mb-gcc" "ASSEMBLER=mb-as" "ARCHIVER=mb-ar" "COMPILE
TRACE::2026-02-05.20:01:52::SCWBDomain::R_FLAGS=  -O2 -c -mcpu=v9.2 -mlittle-endian -mxl-barrel-shift -mxl-pattern-compare -mxl-soft-mul" "EXTRA_COMPILER_FLAGS=-g -ffu
TRACE::2026-02-05.20:01:52::SCWBDomain::nction-sections -fdata-sections -Wall -Wextra -fno-tree-loop-distribute-patterns  -Os -flto -ffat-lto-objects"

TRACE::2026-02-05.20:01:52::SCWBDomain::"Running Make include in psu_pmu_0/libsrc/usbpsu_v1_13/src"

TRACE::2026-02-05.20:01:52::SCWBDomain::"Running Make include in psu_pmu_0/libsrc/video_common_v4_13/src"

TRACE::2026-02-05.20:01:52::SCWBDomain::make -C psu_pmu_0/libsrc/usbpsu_v1_13/src -s include  "SHELL=CMD" "COMPILER=mb-gcc" "ASSEMBLER=mb-as" "ARCHIVER=mb-ar" "COMPILE
TRACE::2026-02-05.20:01:52::SCWBDomain::R_FLAGS=  -O2 -c -mcpu=v9.2 -mlittle-endian -mxl-barrel-shift -mxl-pattern-compare -mxl-soft-mul" "EXTRA_COMPILER_FLAGS=-g -ffu
TRACE::2026-02-05.20:01:52::SCWBDomain::nction-sections -fdata-sections -Wall -Wextra -fno-tree-loop-distribute-patterns  -Os -flto -ffat-lto-objects"

TRACE::2026-02-05.20:01:52::SCWBDomain::"Running Make include in psu_pmu_0/libsrc/xilfpga_v6_4/src"

TRACE::2026-02-05.20:01:52::SCWBDomain::make -C psu_pmu_0/libsrc/video_common_v4_13/src -s include  "SHELL=CMD" "COMPILER=mb-gcc" "ASSEMBLER=mb-as" "ARCHIVER=mb-ar" "C
TRACE::2026-02-05.20:01:52::SCWBDomain::OMPILER_FLAGS=  -O2 -c -mcpu=v9.2 -mlittle-endian -mxl-barrel-shift -mxl-pattern-compare -mxl-soft-mul" "EXTRA_COMPILER_FLAGS=-
TRACE::2026-02-05.20:01:52::SCWBDomain::g -ffunction-sections -fdata-sections -Wall -Wextra -fno-tree-loop-distribute-patterns  -Os -flto -ffat-lto-objects"

TRACE::2026-02-05.20:01:52::SCWBDomain::"Running Make include in psu_pmu_0/libsrc/xilsecure_v5_1/src"

TRACE::2026-02-05.20:01:52::SCWBDomain::make -C psu_pmu_0/libsrc/xilfpga_v6_4/src -s include  "SHELL=CMD" "COMPILER=mb-gcc" "ASSEMBLER=mb-as" "ARCHIVER=mb-ar" "COMPILE
TRACE::2026-02-05.20:01:52::SCWBDomain::R_FLAGS=  -O2 -c -mcpu=v9.2 -mlittle-endian -mxl-barrel-shift -mxl-pattern-compare -mxl-soft-mul" "EXTRA_COMPILER_FLAGS=-g -ffu
TRACE::2026-02-05.20:01:52::SCWBDomain::nction-sections -fdata-sections -Wall -Wextra -fno-tree-loop-distribute-patterns  -Os -flto -ffat-lto-objects"

TRACE::2026-02-05.20:01:52::SCWBDomain::make -C psu_pmu_0/libsrc/xilsecure_v5_1/src -s include  "SHELL=CMD" "COMPILER=mb-gcc" "ASSEMBLER=mb-as" "ARCHIVER=mb-ar" "COMPI
TRACE::2026-02-05.20:01:52::SCWBDomain::LER_FLAGS=  -O2 -c -mcpu=v9.2 -mlittle-endian -mxl-barrel-shift -mxl-pattern-compare -mxl-soft-mul" "EXTRA_COMPILER_FLAGS=-g -f
TRACE::2026-02-05.20:01:52::SCWBDomain::function-sections -fdata-sections -Wall -Wextra -fno-tree-loop-distribute-patterns  -Os -flto -ffat-lto-objects"

TRACE::2026-02-05.20:01:52::SCWBDomain::"Running Make include in psu_pmu_0/libsrc/xilskey_v7_4/src"

TRACE::2026-02-05.20:01:52::SCWBDomain::make -C psu_pmu_0/libsrc/xilskey_v7_4/src -s include  "SHELL=CMD" "COMPILER=mb-gcc" "ASSEMBLER=mb-as" "ARCHIVER=mb-ar" "COMPILE
TRACE::2026-02-05.20:01:52::SCWBDomain::R_FLAGS=  -O2 -c -mcpu=v9.2 -mlittle-endian -mxl-barrel-shift -mxl-pattern-compare -mxl-soft-mul" "EXTRA_COMPILER_FLAGS=-g -ffu
TRACE::2026-02-05.20:01:52::SCWBDomain::nction-sections -fdata-sections -Wall -Wextra -fno-tree-loop-distribute-patterns  -Os -flto -ffat-lto-objects"

TRACE::2026-02-05.20:01:52::SCWBDomain::"Running Make include in psu_pmu_0/libsrc/zdma_v1_16/src"

TRACE::2026-02-05.20:01:52::SCWBDomain::make -C psu_pmu_0/libsrc/zdma_v1_16/src -s include  "SHELL=CMD" "COMPILER=mb-gcc" "ASSEMBLER=mb-as" "ARCHIVER=mb-ar" "COMPILER_
TRACE::2026-02-05.20:01:52::SCWBDomain::FLAGS=  -O2 -c -mcpu=v9.2 -mlittle-endian -mxl-barrel-shift -mxl-pattern-compare -mxl-soft-mul" "EXTRA_COMPILER_FLAGS=-g -ffunc
TRACE::2026-02-05.20:01:52::SCWBDomain::tion-sections -fdata-sections -Wall -Wextra -fno-tree-loop-distribute-patterns  -Os -flto -ffat-lto-objects"

TRACE::2026-02-05.20:01:53::SCWBDomain::"Running Make libs in psu_pmu_0/libsrc/axipmon_v6_9/src"

TRACE::2026-02-05.20:01:53::SCWBDomain::"Running Make libs in psu_pmu_0/libsrc/clockps_v1_4/src"

TRACE::2026-02-05.20:01:53::SCWBDomain::make -C psu_pmu_0/libsrc/axipmon_v6_9/src -s libs  "SHELL=CMD" "COMPILER=mb-gcc" "ASSEMBLER=mb-as" "ARCHIVER=mb-ar" "COMPILER_F
TRACE::2026-02-05.20:01:53::SCWBDomain::LAGS=  -O2 -c -mcpu=v9.2 -mlittle-endian -mxl-barrel-shift -mxl-pattern-compare -mxl-soft-mul" "EXTRA_COMPILER_FLAGS=-g -ffunct
TRACE::2026-02-05.20:01:53::SCWBDomain::ion-sections -fdata-sections -Wall -Wextra -fno-tree-loop-distribute-patterns  -Os -flto -ffat-lto-objects"

TRACE::2026-02-05.20:01:53::SCWBDomain::"Running Make libs in psu_pmu_0/libsrc/cpu_v2_17/src"

TRACE::2026-02-05.20:01:53::SCWBDomain::make -C psu_pmu_0/libsrc/clockps_v1_4/src -s libs  "SHELL=CMD" "COMPILER=mb-gcc" "ASSEMBLER=mb-as" "ARCHIVER=mb-ar" "COMPILER_F
TRACE::2026-02-05.20:01:53::SCWBDomain::LAGS=  -O2 -c -mcpu=v9.2 -mlittle-endian -mxl-barrel-shift -mxl-pattern-compare -mxl-soft-mul" "EXTRA_COMPILER_FLAGS=-g -ffunct
TRACE::2026-02-05.20:01:53::SCWBDomain::ion-sections -fdata-sections -Wall -Wextra -fno-tree-loop-distribute-patterns  -Os -flto -ffat-lto-objects"

TRACE::2026-02-05.20:01:53::SCWBDomain::"Running Make libs in psu_pmu_0/libsrc/csudma_v1_13/src"

TRACE::2026-02-05.20:01:53::SCWBDomain::make -C psu_pmu_0/libsrc/cpu_v2_17/src -s libs  "SHELL=CMD" "COMPILER=mb-gcc" "ASSEMBLER=mb-as" "ARCHIVER=mb-ar" "COMPILER_FLAG
TRACE::2026-02-05.20:01:53::SCWBDomain::S=  -O2 -c -mcpu=v9.2 -mlittle-endian -mxl-barrel-shift -mxl-pattern-compare -mxl-soft-mul" "EXTRA_COMPILER_FLAGS=-g -ffunction
TRACE::2026-02-05.20:01:53::SCWBDomain::-sections -fdata-sections -Wall -Wextra -fno-tree-loop-distribute-patterns  -Os -flto -ffat-lto-objects"

TRACE::2026-02-05.20:01:53::SCWBDomain::make -C psu_pmu_0/libsrc/csudma_v1_13/src -s libs  "SHELL=CMD" "COMPILER=mb-gcc" "ASSEMBLER=mb-as" "ARCHIVER=mb-ar" "COMPILER_F
TRACE::2026-02-05.20:01:53::SCWBDomain::LAGS=  -O2 -c -mcpu=v9.2 -mlittle-endian -mxl-barrel-shift -mxl-pattern-compare -mxl-soft-mul" "EXTRA_COMPILER_FLAGS=-g -ffunct
TRACE::2026-02-05.20:01:53::SCWBDomain::ion-sections -fdata-sections -Wall -Wextra -fno-tree-loop-distribute-patterns  -Os -flto -ffat-lto-objects"

TRACE::2026-02-05.20:01:53::SCWBDomain::"Running Make libs in psu_pmu_0/libsrc/ddrcpsu_v1_4/src"

TRACE::2026-02-05.20:01:53::SCWBDomain::make -C psu_pmu_0/libsrc/ddrcpsu_v1_4/src -s libs  "SHELL=CMD" "COMPILER=mb-gcc" "ASSEMBLER=mb-as" "ARCHIVER=mb-ar" "COMPILER_F
TRACE::2026-02-05.20:01:53::SCWBDomain::LAGS=  -O2 -c -mcpu=v9.2 -mlittle-endian -mxl-barrel-shift -mxl-pattern-compare -mxl-soft-mul" "EXTRA_COMPILER_FLAGS=-g -ffunct
TRACE::2026-02-05.20:01:53::SCWBDomain::ion-sections -fdata-sections -Wall -Wextra -fno-tree-loop-distribute-patterns  -Os -flto -ffat-lto-objects"

TRACE::2026-02-05.20:01:53::SCWBDomain::"Running Make libs in psu_pmu_0/libsrc/emacps_v3_18/src"

TRACE::2026-02-05.20:01:53::SCWBDomain::make -C psu_pmu_0/libsrc/emacps_v3_18/src -s libs  "SHELL=CMD" "COMPILER=mb-gcc" "ASSEMBLER=mb-as" "ARCHIVER=mb-ar" "COMPILER_F
TRACE::2026-02-05.20:01:53::SCWBDomain::LAGS=  -O2 -c -mcpu=v9.2 -mlittle-endian -mxl-barrel-shift -mxl-pattern-compare -mxl-soft-mul" "EXTRA_COMPILER_FLAGS=-g -ffunct
TRACE::2026-02-05.20:01:53::SCWBDomain::ion-sections -fdata-sections -Wall -Wextra -fno-tree-loop-distribute-patterns  -Os -flto -ffat-lto-objects"

TRACE::2026-02-05.20:01:53::SCWBDomain::"Running Make libs in psu_pmu_0/libsrc/gpiops_v3_11/src"

TRACE::2026-02-05.20:01:53::SCWBDomain::make -C psu_pmu_0/libsrc/gpiops_v3_11/src -s libs  "SHELL=CMD" "COMPILER=mb-gcc" "ASSEMBLER=mb-as" "ARCHIVER=mb-ar" "COMPILER_F
TRACE::2026-02-05.20:01:53::SCWBDomain::LAGS=  -O2 -c -mcpu=v9.2 -mlittle-endian -mxl-barrel-shift -mxl-pattern-compare -mxl-soft-mul" "EXTRA_COMPILER_FLAGS=-g -ffunct
TRACE::2026-02-05.20:01:53::SCWBDomain::ion-sections -fdata-sections -Wall -Wextra -fno-tree-loop-distribute-patterns  -Os -flto -ffat-lto-objects"

TRACE::2026-02-05.20:01:53::SCWBDomain::"Running Make libs in psu_pmu_0/libsrc/iicps_v3_17/src"

TRACE::2026-02-05.20:01:53::SCWBDomain::make -C psu_pmu_0/libsrc/iicps_v3_17/src -s libs  "SHELL=CMD" "COMPILER=mb-gcc" "ASSEMBLER=mb-as" "ARCHIVER=mb-ar" "COMPILER_FL
TRACE::2026-02-05.20:01:53::SCWBDomain::AGS=  -O2 -c -mcpu=v9.2 -mlittle-endian -mxl-barrel-shift -mxl-pattern-compare -mxl-soft-mul" "EXTRA_COMPILER_FLAGS=-g -ffuncti
TRACE::2026-02-05.20:01:53::SCWBDomain::on-sections -fdata-sections -Wall -Wextra -fno-tree-loop-distribute-patterns  -Os -flto -ffat-lto-objects"

TRACE::2026-02-05.20:01:53::SCWBDomain::"Running Make libs in psu_pmu_0/libsrc/ipipsu_v2_13/src"

TRACE::2026-02-05.20:01:53::SCWBDomain::make -C psu_pmu_0/libsrc/ipipsu_v2_13/src -s libs  "SHELL=CMD" "COMPILER=mb-gcc" "ASSEMBLER=mb-as" "ARCHIVER=mb-ar" "COMPILER_F
TRACE::2026-02-05.20:01:53::SCWBDomain::LAGS=  -O2 -c -mcpu=v9.2 -mlittle-endian -mxl-barrel-shift -mxl-pattern-compare -mxl-soft-mul" "EXTRA_COMPILER_FLAGS=-g -ffunct
TRACE::2026-02-05.20:01:53::SCWBDomain::ion-sections -fdata-sections -Wall -Wextra -fno-tree-loop-distribute-patterns  -Os -flto -ffat-lto-objects"

TRACE::2026-02-05.20:01:53::SCWBDomain::"Running Make libs in psu_pmu_0/libsrc/pciepsu_v1_5/src"

TRACE::2026-02-05.20:01:54::SCWBDomain::make -C psu_pmu_0/libsrc/pciepsu_v1_5/src -s libs  "SHELL=CMD" "COMPILER=mb-gcc" "ASSEMBLER=mb-as" "ARCHIVER=mb-ar" "COMPILER_F
TRACE::2026-02-05.20:01:54::SCWBDomain::LAGS=  -O2 -c -mcpu=v9.2 -mlittle-endian -mxl-barrel-shift -mxl-pattern-compare -mxl-soft-mul" "EXTRA_COMPILER_FLAGS=-g -ffunct
TRACE::2026-02-05.20:01:54::SCWBDomain::ion-sections -fdata-sections -Wall -Wextra -fno-tree-loop-distribute-patterns  -Os -flto -ffat-lto-objects"

TRACE::2026-02-05.20:01:54::SCWBDomain::"Running Make libs in psu_pmu_0/libsrc/qspipsu_v1_17/src"

TRACE::2026-02-05.20:01:54::SCWBDomain::make -C psu_pmu_0/libsrc/qspipsu_v1_17/src -s libs  "SHELL=CMD" "COMPILER=mb-gcc" "ASSEMBLER=mb-as" "ARCHIVER=mb-ar" "COMPILER_
TRACE::2026-02-05.20:01:54::SCWBDomain::FLAGS=  -O2 -c -mcpu=v9.2 -mlittle-endian -mxl-barrel-shift -mxl-pattern-compare -mxl-soft-mul" "EXTRA_COMPILER_FLAGS=-g -ffunc
TRACE::2026-02-05.20:01:54::SCWBDomain::tion-sections -fdata-sections -Wall -Wextra -fno-tree-loop-distribute-patterns  -Os -flto -ffat-lto-objects"

TRACE::2026-02-05.20:01:54::SCWBDomain::"Running Make libs in psu_pmu_0/libsrc/resetps_v1_5/src"

TRACE::2026-02-05.20:01:54::SCWBDomain::make -C psu_pmu_0/libsrc/resetps_v1_5/src -s libs  "SHELL=CMD" "COMPILER=mb-gcc" "ASSEMBLER=mb-as" "ARCHIVER=mb-ar" "COMPILER_F
TRACE::2026-02-05.20:01:54::SCWBDomain::LAGS=  -O2 -c -mcpu=v9.2 -mlittle-endian -mxl-barrel-shift -mxl-pattern-compare -mxl-soft-mul" "EXTRA_COMPILER_FLAGS=-g -ffunct
TRACE::2026-02-05.20:01:54::SCWBDomain::ion-sections -fdata-sections -Wall -Wextra -fno-tree-loop-distribute-patterns  -Os -flto -ffat-lto-objects"

TRACE::2026-02-05.20:01:54::SCWBDomain::"Running Make libs in psu_pmu_0/libsrc/rtcpsu_v1_12/src"

TRACE::2026-02-05.20:01:54::SCWBDomain::make -C psu_pmu_0/libsrc/rtcpsu_v1_12/src -s libs  "SHELL=CMD" "COMPILER=mb-gcc" "ASSEMBLER=mb-as" "ARCHIVER=mb-ar" "COMPILER_F
TRACE::2026-02-05.20:01:54::SCWBDomain::LAGS=  -O2 -c -mcpu=v9.2 -mlittle-endian -mxl-barrel-shift -mxl-pattern-compare -mxl-soft-mul" "EXTRA_COMPILER_FLAGS=-g -ffunct
TRACE::2026-02-05.20:01:54::SCWBDomain::ion-sections -fdata-sections -Wall -Wextra -fno-tree-loop-distribute-patterns  -Os -flto -ffat-lto-objects"

TRACE::2026-02-05.20:01:54::SCWBDomain::"Running Make libs in psu_pmu_0/libsrc/sdps_v4_1/src"

TRACE::2026-02-05.20:01:54::SCWBDomain::make -C psu_pmu_0/libsrc/sdps_v4_1/src -s libs  "SHELL=CMD" "COMPILER=mb-gcc" "ASSEMBLER=mb-as" "ARCHIVER=mb-ar" "COMPILER_FLAG
TRACE::2026-02-05.20:01:54::SCWBDomain::S=  -O2 -c -mcpu=v9.2 -mlittle-endian -mxl-barrel-shift -mxl-pattern-compare -mxl-soft-mul" "EXTRA_COMPILER_FLAGS=-g -ffunction
TRACE::2026-02-05.20:01:54::SCWBDomain::-sections -fdata-sections -Wall -Wextra -fno-tree-loop-distribute-patterns  -Os -flto -ffat-lto-objects"

TRACE::2026-02-05.20:01:54::SCWBDomain::"Running Make libs in psu_pmu_0/libsrc/standalone_v8_1/src"

TRACE::2026-02-05.20:01:54::SCWBDomain::make -C psu_pmu_0/libsrc/standalone_v8_1/src -s libs  "SHELL=CMD" "COMPILER=mb-gcc" "ASSEMBLER=mb-as" "ARCHIVER=mb-ar" "COMPILE
TRACE::2026-02-05.20:01:54::SCWBDomain::R_FLAGS=  -O2 -c -mcpu=v9.2 -mlittle-endian -mxl-barrel-shift -mxl-pattern-compare -mxl-soft-mul" "EXTRA_COMPILER_FLAGS=-g -ffu
TRACE::2026-02-05.20:01:54::SCWBDomain::nction-sections -fdata-sections -Wall -Wextra -fno-tree-loop-distribute-patterns  -Os -flto -ffat-lto-objects"

TRACE::2026-02-05.20:01:55::SCWBDomain::"Running Make libs in psu_pmu_0/libsrc/sysmonpsu_v2_8/src"

TRACE::2026-02-05.20:01:55::SCWBDomain::make -C psu_pmu_0/libsrc/sysmonpsu_v2_8/src -s libs  "SHELL=CMD" "COMPILER=mb-gcc" "ASSEMBLER=mb-as" "ARCHIVER=mb-ar" "COMPILER
TRACE::2026-02-05.20:01:55::SCWBDomain::_FLAGS=  -O2 -c -mcpu=v9.2 -mlittle-endian -mxl-barrel-shift -mxl-pattern-compare -mxl-soft-mul" "EXTRA_COMPILER_FLAGS=-g -ffun
TRACE::2026-02-05.20:01:55::SCWBDomain::ction-sections -fdata-sections -Wall -Wextra -fno-tree-loop-distribute-patterns  -Os -flto -ffat-lto-objects"

TRACE::2026-02-05.20:01:55::SCWBDomain::"Running Make libs in psu_pmu_0/libsrc/ttcps_v3_17/src"

TRACE::2026-02-05.20:01:55::SCWBDomain::make -C psu_pmu_0/libsrc/ttcps_v3_17/src -s libs  "SHELL=CMD" "COMPILER=mb-gcc" "ASSEMBLER=mb-as" "ARCHIVER=mb-ar" "COMPILER_FL
TRACE::2026-02-05.20:01:55::SCWBDomain::AGS=  -O2 -c -mcpu=v9.2 -mlittle-endian -mxl-barrel-shift -mxl-pattern-compare -mxl-soft-mul" "EXTRA_COMPILER_FLAGS=-g -ffuncti
TRACE::2026-02-05.20:01:55::SCWBDomain::on-sections -fdata-sections -Wall -Wextra -fno-tree-loop-distribute-patterns  -Os -flto -ffat-lto-objects"

TRACE::2026-02-05.20:01:55::SCWBDomain::"Running Make libs in psu_pmu_0/libsrc/uartps_v3_12/src"

TRACE::2026-02-05.20:01:55::SCWBDomain::"Running Make libs in psu_pmu_0/libsrc/usbpsu_v1_13/src"

TRACE::2026-02-05.20:01:55::SCWBDomain::make -C psu_pmu_0/libsrc/uartps_v3_12/src -s libs  "SHELL=CMD" "COMPILER=mb-gcc" "ASSEMBLER=mb-as" "ARCHIVER=mb-ar" "COMPILER_F
TRACE::2026-02-05.20:01:55::SCWBDomain::LAGS=  -O2 -c -mcpu=v9.2 -mlittle-endian -mxl-barrel-shift -mxl-pattern-compare -mxl-soft-mul" "EXTRA_COMPILER_FLAGS=-g -ffunct
TRACE::2026-02-05.20:01:55::SCWBDomain::ion-sections -fdata-sections -Wall -Wextra -fno-tree-loop-distribute-patterns  -Os -flto -ffat-lto-objects"

TRACE::2026-02-05.20:01:55::SCWBDomain::make -C psu_pmu_0/libsrc/usbpsu_v1_13/src -s libs  "SHELL=CMD" "COMPILER=mb-gcc" "ASSEMBLER=mb-as" "ARCHIVER=mb-ar" "COMPILER_F
TRACE::2026-02-05.20:01:55::SCWBDomain::LAGS=  -O2 -c -mcpu=v9.2 -mlittle-endian -mxl-barrel-shift -mxl-pattern-compare -mxl-soft-mul" "EXTRA_COMPILER_FLAGS=-g -ffunct
TRACE::2026-02-05.20:01:55::SCWBDomain::ion-sections -fdata-sections -Wall -Wextra -fno-tree-loop-distribute-patterns  -Os -flto -ffat-lto-objects"

TRACE::2026-02-05.20:01:55::SCWBDomain::"Running Make libs in psu_pmu_0/libsrc/video_common_v4_13/src"

TRACE::2026-02-05.20:01:55::SCWBDomain::make -C psu_pmu_0/libsrc/video_common_v4_13/src -s libs  "SHELL=CMD" "COMPILER=mb-gcc" "ASSEMBLER=mb-as" "ARCHIVER=mb-ar" "COMP
TRACE::2026-02-05.20:01:55::SCWBDomain::ILER_FLAGS=  -O2 -c -mcpu=v9.2 -mlittle-endian -mxl-barrel-shift -mxl-pattern-compare -mxl-soft-mul" "EXTRA_COMPILER_FLAGS=-g -
TRACE::2026-02-05.20:01:55::SCWBDomain::ffunction-sections -fdata-sections -Wall -Wextra -fno-tree-loop-distribute-patterns  -Os -flto -ffat-lto-objects"

TRACE::2026-02-05.20:01:55::SCWBDomain::"Running Make libs in psu_pmu_0/libsrc/xilfpga_v6_4/src"

TRACE::2026-02-05.20:01:55::SCWBDomain::make -C psu_pmu_0/libsrc/xilfpga_v6_4/src -s libs  "SHELL=CMD" "COMPILER=mb-gcc" "ASSEMBLER=mb-as" "ARCHIVER=mb-ar" "COMPILER_F
TRACE::2026-02-05.20:01:55::SCWBDomain::LAGS=  -O2 -c -mcpu=v9.2 -mlittle-endian -mxl-barrel-shift -mxl-pattern-compare -mxl-soft-mul" "EXTRA_COMPILER_FLAGS=-g -ffunct
TRACE::2026-02-05.20:01:55::SCWBDomain::ion-sections -fdata-sections -Wall -Wextra -fno-tree-loop-distribute-patterns  -Os -flto -ffat-lto-objects"

TRACE::2026-02-05.20:01:56::SCWBDomain::"Running Make libs in psu_pmu_0/libsrc/zdma_v1_16/src"

TRACE::2026-02-05.20:01:56::SCWBDomain::make -C psu_pmu_0/libsrc/zdma_v1_16/src -s libs  "SHELL=CMD" "COMPILER=mb-gcc" "ASSEMBLER=mb-as" "ARCHIVER=mb-ar" "COMPILER_FLA
TRACE::2026-02-05.20:01:56::SCWBDomain::GS=  -O2 -c -mcpu=v9.2 -mlittle-endian -mxl-barrel-shift -mxl-pattern-compare -mxl-soft-mul" "EXTRA_COMPILER_FLAGS=-g -ffunctio
TRACE::2026-02-05.20:01:56::SCWBDomain::n-sections -fdata-sections -Wall -Wextra -fno-tree-loop-distribute-patterns  -Os -flto -ffat-lto-objects"

TRACE::2026-02-05.20:01:57::SCWBDomain::"DEBUG NON_LTO_OBJECTS is ../../../lib/microblaze_interrupt_handler.o"

TRACE::2026-02-05.20:01:57::SCWBDomain::'Finished building libraries parallelly.'

TRACE::2026-02-05.20:01:57::SCWBDomain::make --no-print-directory archive

TRACE::2026-02-05.20:01:57::SCWBDomain::mb-ar -r  psu_pmu_0/lib/libxil.a psu_pmu_0/lib/_exit.o psu_pmu_0/lib/errno.o psu_pmu_0/lib/fcntl.o psu_pmu_0/lib/hw_exception_h
TRACE::2026-02-05.20:01:57::SCWBDomain::andler.o psu_pmu_0/lib/inbyte.o psu_pmu_0/lib/microblaze_disable_dcache.o psu_pmu_0/lib/microblaze_disable_exceptions.o psu_pmu
TRACE::2026-02-05.20:01:57::SCWBDomain::_0/lib/microblaze_disable_icache.o psu_pmu_0/lib/microblaze_disable_interrupts.o psu_pmu_0/lib/microblaze_enable_dcache.o psu_p
TRACE::2026-02-05.20:01:57::SCWBDomain::mu_0/lib/microblaze_enable_exceptions.o psu_pmu_0/lib/microblaze_enable_icache.o psu_pmu_0/lib/microblaze_enable_interrupts.o p
TRACE::2026-02-05.20:01:57::SCWBDomain::su_pmu_0/lib/microblaze_exception_handler.o psu_pmu_0/lib/microblaze_flush_cache_ext.o psu_pmu_0/lib/microblaze_flush_cache_ext
TRACE::2026-02-05.20:01:57::SCWBDomain::_range.o psu_pmu_0/lib/microblaze_flush_dcache.o psu_pmu_0/lib/microblaze_flush_dcache_range.o psu_pmu_0/lib/microblaze_init_dc
TRACE::2026-02-05.20:01:57::SCWBDomain::ache_range.o psu_pmu_0/lib/microblaze_init_icache_range.o psu_pmu_0/lib/microblaze_interrupt_handler.o psu_pmu_0/lib/microblaze
TRACE::2026-02-05.20:01:57::SCWBDomain::_interrupts_g.o psu_pmu_0/lib/microblaze_invalidate_cache_ext.o psu_pmu_0/lib/microblaze_invalidate_cache_ext_range.o psu_pmu_0
TRACE::2026-02-05.20:01:57::SCWBDomain::/lib/microblaze_invalidate_dcache.o psu_pmu_0/lib/microblaze_invalidate_dcache_range.o psu_pmu_0/lib/microblaze_invalidate_icac
TRACE::2026-02-05.20:01:57::SCWBDomain::he.o psu_pmu_0/lib/microblaze_invalidate_icache_range.o psu_pmu_0/lib/microblaze_scrub.o psu_pmu_0/lib/microblaze_selftest.o ps
TRACE::2026-02-05.20:01:57::SCWBDomain::u_pmu_0/lib/microblaze_sleep.o psu_pmu_0/lib/microblaze_update_dcache.o psu_pmu_0/lib/microblaze_update_icache.o psu_pmu_0/lib/
TRACE::2026-02-05.20:01:57::SCWBDomain::outbyte.o psu_pmu_0/lib/print.o psu_pmu_0/lib/pvr.o psu_pmu_0/lib/xaxipmon.o psu_pmu_0/lib/xaxipmon_g.o psu_pmu_0/lib/xaxipmon_
TRACE::2026-02-05.20:01:57::SCWBDomain::selftest.o psu_pmu_0/lib/xaxipmon_sinit.o psu_pmu_0/lib/xclockps.o psu_pmu_0/lib/xclockps_divider.o psu_pmu_0/lib/xclockps_fixe
TRACE::2026-02-05.20:01:57::SCWBDomain::dfactor.o psu_pmu_0/lib/xclockps_g.o psu_pmu_0/lib/xclockps_gate.o psu_pmu_0/lib/xclockps_mux.o psu_pmu_0/lib/xclockps_pll.o ps
TRACE::2026-02-05.20:01:57::SCWBDomain::u_pmu_0/lib/xclockps_sinit.o psu_pmu_0/lib/xcsudma.o psu_pmu_0/lib/xcsudma_g.o psu_pmu_0/lib/xcsudma_intr.o psu_pmu_0/lib/xcsud
TRACE::2026-02-05.20:01:57::SCWBDomain::ma_selftest.o psu_pmu_0/lib/xcsudma_sinit.o psu_pmu_0/lib/xemacps.o psu_pmu_0/lib/xemacps_bdring.o psu_pmu_0/lib/xemacps_contro
TRACE::2026-02-05.20:01:57::SCWBDomain::l.o psu_pmu_0/lib/xemacps_g.o psu_pmu_0/lib/xemacps_hw.o psu_pmu_0/lib/xemacps_intr.o psu_pmu_0/lib/xemacps_sinit.o psu_pmu_0/l
TRACE::2026-02-05.20:01:57::SCWBDomain::ib/xgpiops.o psu_pmu_0/lib/xgpiops_g.o psu_pmu_0/lib/xgpiops_hw.o psu_pmu_0/lib/xgpiops_intr.o psu_pmu_0/lib/xgpiops_selftest.o
TRACE::2026-02-05.20:01:57::SCWBDomain:: psu_pmu_0/lib/xgpiops_sinit.o psu_pmu_0/lib/xiicps.o psu_pmu_0/lib/xiicps_g.o psu_pmu_0/lib/xiicps_hw.o psu_pmu_0/lib/xiicps_i
TRACE::2026-02-05.20:01:57::SCWBDomain::ntr.o psu_pmu_0/lib/xiicps_master.o psu_pmu_0/lib/xiicps_options.o psu_pmu_0/lib/xiicps_selftest.o psu_pmu_0/lib/xiicps_sinit.o
TRACE::2026-02-05.20:01:57::SCWBDomain:: psu_pmu_0/lib/xiicps_slave.o psu_pmu_0/lib/xiicps_xfer.o psu_pmu_0/lib/xil_assert.o psu_pmu_0/lib/xil_cache.o psu_pmu_0/lib/xi
TRACE::2026-02-05.20:01:57::SCWBDomain::l_clocking.o psu_pmu_0/lib/xil_exception.o psu_pmu_0/lib/xil_mem.o psu_pmu_0/lib/xil_misc_psreset_api.o psu_pmu_0/lib/xil_print
TRACE::2026-02-05.20:01:57::SCWBDomain::f.o psu_pmu_0/lib/xil_sleepcommon.o psu_pmu_0/lib/xil_testcache.o psu_pmu_0/lib/xil_testio.o psu_pmu_0/lib/xil_testmem.o psu_pm
TRACE::2026-02-05.20:01:57::SCWBDomain::u_0/lib/xil_util.o psu_pmu_0/lib/xinterrupt_wrap.o psu_pmu_0/lib/xio.o psu_pmu_0/lib/xipipsu.o psu_pmu_0/lib/xipipsu_buf.o psu_
TRACE::2026-02-05.20:01:57::SCWBDomain::pmu_0/lib/xipipsu_g.o psu_pmu_0/lib/xipipsu_sinit.o psu_pmu_0/lib/xpciepsu.o psu_pmu_0/lib/xpciepsu_caps.o psu_pmu_0/lib/xpciep
TRACE::2026-02-05.20:01:57::SCWBDomain::su_ep.o psu_pmu_0/lib/xpciepsu_g.o psu_pmu_0/lib/xpciepsu_sinit.o psu_pmu_0/lib/xplatform_info.o psu_pmu_0/lib/xqspipsu.o psu_p
TRACE::2026-02-05.20:01:57::SCWBDomain::mu_0/lib/xqspipsu_control.o psu_pmu_0/lib/xqspipsu_g.o psu_pmu_0/lib/xqspipsu_hw.o psu_pmu_0/lib/xqspipsu_options.o psu_pmu_0/l
TRACE::2026-02-05.20:01:57::SCWBDomain::ib/xqspipsu_sinit.o psu_pmu_0/lib/xresetps.o psu_pmu_0/lib/xresetps_g.o psu_pmu_0/lib/xresetps_sinit.o psu_pmu_0/lib/xrtcpsu.o 
TRACE::2026-02-05.20:01:57::SCWBDomain::psu_pmu_0/lib/xrtcpsu_g.o psu_pmu_0/lib/xrtcpsu_intr.o psu_pmu_0/lib/xrtcpsu_selftest.o psu_pmu_0/lib/xrtcpsu_sinit.o psu_pmu_0
TRACE::2026-02-05.20:01:57::SCWBDomain::/lib/xsdps.o psu_pmu_0/lib/xsdps_card.o psu_pmu_0/lib/xsdps_g.o psu_pmu_0/lib/xsdps_host.o psu_pmu_0/lib/xsdps_options.o psu_pm
TRACE::2026-02-05.20:01:57::SCWBDomain::u_0/lib/xsdps_sinit.o psu_pmu_0/lib/xsysmonpsu.o psu_pmu_0/lib/xsysmonpsu_g.o psu_pmu_0/lib/xsysmonpsu_intr.o psu_pmu_0/lib/xsy
TRACE::2026-02-05.20:01:57::SCWBDomain::smonpsu_selftest.o psu_pmu_0/lib/xsysmonpsu_sinit.o psu_pmu_0/lib/xttcps.o psu_pmu_0/lib/xttcps_g.o psu_pmu_0/lib/xttcps_option
TRACE::2026-02-05.20:01:57::SCWBDomain::s.o psu_pmu_0/lib/xttcps_selftest.o psu_pmu_0/lib/xttcps_sinit.o psu_pmu_0/lib/xuartps.o psu_pmu_0/lib/xuartps_g.o psu_pmu_0/li
TRACE::2026-02-05.20:01:57::SCWBDomain::b/xuartps_hw.o psu_pmu_0/lib/xuartps_intr.o psu_pmu_0/lib/xuartps_options.o psu_pmu_0/lib/xuartps_selftest.o psu_pmu_0/lib/xuar
TRACE::2026-02-05.20:01:57::SCWBDomain::tps_sinit.o psu_pmu_0/lib/xusbpsu.o psu_pmu_0/lib/xusbpsu_command.o psu_pmu_0/lib/xusbpsu_controltransfers.o psu_pmu_0/lib/xusb
TRACE::2026-02-05.20:01:57::SCWBDomain::psu_device.o psu_pmu_0/lib/xusbpsu_endpoint.o psu_pmu_0/lib/xusbpsu_ep0handler.o psu_pmu_0/lib/xusbpsu_ephandler.o psu_pmu_0/li
TRACE::2026-02-05.20:01:57::SCWBDomain::b/xusbpsu_event.o psu_pmu_0/lib/xusbpsu_g.o psu_pmu_0/lib/xusbpsu_hibernation.o psu_pmu_0/lib/xusbpsu_intr.o psu_pmu_0/lib/xusb
TRACE::2026-02-05.20:01:57::SCWBDomain::psu_sinit.o psu_pmu_0/lib/xvidc.o psu_pmu_0/lib/xvidc_edid.o psu_pmu_0/lib/xvidc_edid_ext.o psu_pmu_0/lib/xvidc_parse_edid.o ps
TRACE::2026-02-05.20:01:57::SCWBDomain::u_pmu_0/lib/xvidc_timings_table.o psu_pmu_0/lib/xzdma.o psu_pmu_0/lib/xzdma_g.o psu_pmu_0/lib/xzdma_intr.o psu_pmu_0/lib/xzdma_
TRACE::2026-02-05.20:01:57::SCWBDomain::selftest.o psu_pmu_0/lib/xzdma_sinit.o

TRACE::2026-02-05.20:01:57::SCWBDomain::'Finished building libraries'

TRACE::2026-02-05.20:01:57::SCWBDomain::make: Leaving directory 'C:/TFG_Vivado/mis_pruebas/hil_puerto_serie/vitis/design_1_wrapper/zynqmp_pmufw/zynqmp_pmufw_bsp'

TRACE::2026-02-05.20:01:57::SCWBDomain::mb-gcc  -mlittle-endian -mxl-barrel-shift -mxl-pattern-compare -mxl-soft-mul -mcpu=v9.2 -MMD -MP      -mlittle-endian -mxl-barr
TRACE::2026-02-05.20:01:57::SCWBDomain::el-shift -mxl-pattern-compare -mcpu=v9.2 -mxl-soft-mul -Os -flto -ffat-lto-objects   -c pm_clock.c -o pm_clock.o -Izynqmp_pmufw
TRACE::2026-02-05.20:01:57::SCWBDomain::_bsp/psu_pmu_0/include -I.

TRACE::2026-02-05.20:01:58::SCWBDomain::mb-gcc  -mlittle-endian -mxl-barrel-shift -mxl-pattern-compare -mxl-soft-mul -mcpu=v9.2 -MMD -MP      -mlittle-endian -mxl-barr
TRACE::2026-02-05.20:01:58::SCWBDomain::el-shift -mxl-pattern-compare -mcpu=v9.2 -mxl-soft-mul -Os -flto -ffat-lto-objects   -c pm_proc.c -o pm_proc.o -Izynqmp_pmufw_b
TRACE::2026-02-05.20:01:58::SCWBDomain::sp/psu_pmu_0/include -I.

TRACE::2026-02-05.20:01:58::SCWBDomain::mb-gcc  -mlittle-endian -mxl-barrel-shift -mxl-pattern-compare -mxl-soft-mul -mcpu=v9.2 -MMD -MP      -mlittle-endian -mxl-barr
TRACE::2026-02-05.20:01:58::SCWBDomain::el-shift -mxl-pattern-compare -mcpu=v9.2 -mxl-soft-mul -Os -flto -ffat-lto-objects   -c xpfw_mod_em.c -o xpfw_mod_em.o -Izynqmp
TRACE::2026-02-05.20:01:58::SCWBDomain::_pmufw_bsp/psu_pmu_0/include -I.

TRACE::2026-02-05.20:01:58::SCWBDomain::mb-gcc  -mlittle-endian -mxl-barrel-shift -mxl-pattern-compare -mxl-soft-mul -mcpu=v9.2 -MMD -MP      -mlittle-endian -mxl-barr
TRACE::2026-02-05.20:01:58::SCWBDomain::el-shift -mxl-pattern-compare -mcpu=v9.2 -mxl-soft-mul -Os -flto -ffat-lto-objects   -c pm_reset.c -o pm_reset.o -Izynqmp_pmufw
TRACE::2026-02-05.20:01:58::SCWBDomain::_bsp/psu_pmu_0/include -I.

TRACE::2026-02-05.20:01:58::SCWBDomain::mb-gcc  -mlittle-endian -mxl-barrel-shift -mxl-pattern-compare -mxl-soft-mul -mcpu=v9.2 -MMD -MP      -mlittle-endian -mxl-barr
TRACE::2026-02-05.20:01:58::SCWBDomain::el-shift -mxl-pattern-compare -mcpu=v9.2 -mxl-soft-mul -Os -flto -ffat-lto-objects   -c xpfw_main.c -o xpfw_main.o -Izynqmp_pmu
TRACE::2026-02-05.20:01:58::SCWBDomain::fw_bsp/psu_pmu_0/include -I.

TRACE::2026-02-05.20:01:58::SCWBDomain::mb-gcc  -mlittle-endian -mxl-barrel-shift -mxl-pattern-compare -mxl-soft-mul -mcpu=v9.2 -MMD -MP      -mlittle-endian -mxl-barr
TRACE::2026-02-05.20:01:58::SCWBDomain::el-shift -mxl-pattern-compare -mcpu=v9.2 -mxl-soft-mul -Os -flto -ffat-lto-objects   -c pm_power.c -o pm_power.o -Izynqmp_pmufw
TRACE::2026-02-05.20:01:58::SCWBDomain::_bsp/psu_pmu_0/include -I.

TRACE::2026-02-05.20:01:59::SCWBDomain::mb-gcc  -mlittle-endian -mxl-barrel-shift -mxl-pattern-compare -mxl-soft-mul -mcpu=v9.2 -MMD -MP      -mlittle-endian -mxl-barr
TRACE::2026-02-05.20:01:59::SCWBDomain::el-shift -mxl-pattern-compare -mcpu=v9.2 -mxl-soft-mul -Os -flto -ffat-lto-objects   -c xpfw_mod_rpu.c -o xpfw_mod_rpu.o -Izynq
TRACE::2026-02-05.20:01:59::SCWBDomain::mp_pmufw_bsp/psu_pmu_0/include -I.

TRACE::2026-02-05.20:01:59::SCWBDomain::mb-gcc  -mlittle-endian -mxl-barrel-shift -mxl-pattern-compare -mxl-soft-mul -mcpu=v9.2 -MMD -MP      -mlittle-endian -mxl-barr
TRACE::2026-02-05.20:01:59::SCWBDomain::el-shift -mxl-pattern-compare -mcpu=v9.2 -mxl-soft-mul -Os -flto -ffat-lto-objects   -c pm_gpp.c -o pm_gpp.o -Izynqmp_pmufw_bsp
TRACE::2026-02-05.20:01:59::SCWBDomain::/psu_pmu_0/include -I.

TRACE::2026-02-05.20:01:59::SCWBDomain::mb-gcc  -mlittle-endian -mxl-barrel-shift -mxl-pattern-compare -mxl-soft-mul -mcpu=v9.2 -MMD -MP      -mlittle-endian -mxl-barr
TRACE::2026-02-05.20:01:59::SCWBDomain::el-shift -mxl-pattern-compare -mcpu=v9.2 -mxl-soft-mul -Os -flto -ffat-lto-objects   -c pm_hooks.c -o pm_hooks.o -Izynqmp_pmufw
TRACE::2026-02-05.20:01:59::SCWBDomain::_bsp/psu_pmu_0/include -I.

TRACE::2026-02-05.20:01:59::SCWBDomain::mb-gcc  -mlittle-endian -mxl-barrel-shift -mxl-pattern-compare -mxl-soft-mul -mcpu=v9.2 -MMD -MP      -mlittle-endian -mxl-barr
TRACE::2026-02-05.20:01:59::SCWBDomain::el-shift -mxl-pattern-compare -mcpu=v9.2 -mxl-soft-mul -Os -flto -ffat-lto-objects   -c pm_pll.c -o pm_pll.o -Izynqmp_pmufw_bsp
TRACE::2026-02-05.20:01:59::SCWBDomain::/psu_pmu_0/include -I.

TRACE::2026-02-05.20:01:59::SCWBDomain::mb-gcc  -mlittle-endian -mxl-barrel-shift -mxl-pattern-compare -mxl-soft-mul -mcpu=v9.2 -MMD -MP      -mlittle-endian -mxl-barr
TRACE::2026-02-05.20:01:59::SCWBDomain::el-shift -mxl-pattern-compare -mcpu=v9.2 -mxl-soft-mul -Os -flto -ffat-lto-objects   -c xpfw_mod_common.c -o xpfw_mod_common.o 
TRACE::2026-02-05.20:01:59::SCWBDomain::-Izynqmp_pmufw_bsp/psu_pmu_0/include -I.

TRACE::2026-02-05.20:02:00::SCWBDomain::mb-gcc  -mlittle-endian -mxl-barrel-shift -mxl-pattern-compare -mxl-soft-mul -mcpu=v9.2 -MMD -MP      -mlittle-endian -mxl-barr
TRACE::2026-02-05.20:02:00::SCWBDomain::el-shift -mxl-pattern-compare -mcpu=v9.2 -mxl-soft-mul -Os -flto -ffat-lto-objects   -c pm_periph.c -o pm_periph.o -Izynqmp_pmu
TRACE::2026-02-05.20:02:00::SCWBDomain::fw_bsp/psu_pmu_0/include -I.

TRACE::2026-02-05.20:02:00::SCWBDomain::mb-gcc  -mlittle-endian -mxl-barrel-shift -mxl-pattern-compare -mxl-soft-mul -mcpu=v9.2 -MMD -MP      -mlittle-endian -mxl-barr
TRACE::2026-02-05.20:02:00::SCWBDomain::el-shift -mxl-pattern-compare -mcpu=v9.2 -mxl-soft-mul -Os -flto -ffat-lto-objects   -c idle_hooks.c -o idle_hooks.o -Izynqmp_p
TRACE::2026-02-05.20:02:00::SCWBDomain::mufw_bsp/psu_pmu_0/include -I.

TRACE::2026-02-05.20:02:00::SCWBDomain::mb-gcc  -mlittle-endian -mxl-barrel-shift -mxl-pattern-compare -mxl-soft-mul -mcpu=v9.2 -MMD -MP      -mlittle-endian -mxl-barr
TRACE::2026-02-05.20:02:00::SCWBDomain::el-shift -mxl-pattern-compare -mcpu=v9.2 -mxl-soft-mul -Os -flto -ffat-lto-objects   -c xpfw_resets.c -o xpfw_resets.o -Izynqmp
TRACE::2026-02-05.20:02:00::SCWBDomain::_pmufw_bsp/psu_pmu_0/include -I.

TRACE::2026-02-05.20:02:00::SCWBDomain::mb-gcc  -mlittle-endian -mxl-barrel-shift -mxl-pattern-compare -mxl-soft-mul -mcpu=v9.2 -MMD -MP      -mlittle-endian -mxl-barr
TRACE::2026-02-05.20:02:00::SCWBDomain::el-shift -mxl-pattern-compare -mcpu=v9.2 -mxl-soft-mul -Os -flto -ffat-lto-objects   -c xpfw_core.c -o xpfw_core.o -Izynqmp_pmu
TRACE::2026-02-05.20:02:00::SCWBDomain::fw_bsp/psu_pmu_0/include -I.

TRACE::2026-02-05.20:02:00::SCWBDomain::mb-gcc  -mlittle-endian -mxl-barrel-shift -mxl-pattern-compare -mxl-soft-mul -mcpu=v9.2 -MMD -MP      -mlittle-endian -mxl-barr
TRACE::2026-02-05.20:02:00::SCWBDomain::el-shift -mxl-pattern-compare -mcpu=v9.2 -mxl-soft-mul -Os -flto -ffat-lto-objects   -c pm_node.c -o pm_node.o -Izynqmp_pmufw_b
TRACE::2026-02-05.20:02:00::SCWBDomain::sp/psu_pmu_0/include -I.

TRACE::2026-02-05.20:02:00::SCWBDomain::mb-gcc  -mlittle-endian -mxl-barrel-shift -mxl-pattern-compare -mxl-soft-mul -mcpu=v9.2 -MMD -MP      -mlittle-endian -mxl-barr
TRACE::2026-02-05.20:02:00::SCWBDomain::el-shift -mxl-pattern-compare -mcpu=v9.2 -mxl-soft-mul -Os -flto -ffat-lto-objects   -c pm_extern.c -o pm_extern.o -Izynqmp_pmu
TRACE::2026-02-05.20:02:00::SCWBDomain::fw_bsp/psu_pmu_0/include -I.

TRACE::2026-02-05.20:02:01::SCWBDomain::mb-gcc  -mlittle-endian -mxl-barrel-shift -mxl-pattern-compare -mxl-soft-mul -mcpu=v9.2 -MMD -MP      -mlittle-endian -mxl-barr
TRACE::2026-02-05.20:02:01::SCWBDomain::el-shift -mxl-pattern-compare -mcpu=v9.2 -mxl-soft-mul -Os -flto -ffat-lto-objects   -c xpfw_mod_extwdt.c -o xpfw_mod_extwdt.o 
TRACE::2026-02-05.20:02:01::SCWBDomain::-Izynqmp_pmufw_bsp/psu_pmu_0/include -I.

TRACE::2026-02-05.20:02:01::SCWBDomain::mb-gcc  -mlittle-endian -mxl-barrel-shift -mxl-pattern-compare -mxl-soft-mul -mcpu=v9.2 -MMD -MP      -mlittle-endian -mxl-barr
TRACE::2026-02-05.20:02:01::SCWBDomain::el-shift -mxl-pattern-compare -mcpu=v9.2 -mxl-soft-mul -Os -flto -ffat-lto-objects   -c xpfw_mod_ultra96.c -o xpfw_mod_ultra96.
TRACE::2026-02-05.20:02:01::SCWBDomain::o -Izynqmp_pmufw_bsp/psu_pmu_0/include -I.

TRACE::2026-02-05.20:02:01::SCWBDomain::mb-gcc  -mlittle-endian -mxl-barrel-shift -mxl-pattern-compare -mxl-soft-mul -mcpu=v9.2 -MMD -MP      -mlittle-endian -mxl-barr
TRACE::2026-02-05.20:02:01::SCWBDomain::el-shift -mxl-pattern-compare -mcpu=v9.2 -mxl-soft-mul -Os -flto -ffat-lto-objects   -c xpfw_mod_dap.c -o xpfw_mod_dap.o -Izynq
TRACE::2026-02-05.20:02:01::SCWBDomain::mp_pmufw_bsp/psu_pmu_0/include -I.

TRACE::2026-02-05.20:02:01::SCWBDomain::mb-gcc  -mlittle-endian -mxl-barrel-shift -mxl-pattern-compare -mxl-soft-mul -mcpu=v9.2 -MMD -MP      -mlittle-endian -mxl-barr
TRACE::2026-02-05.20:02:01::SCWBDomain::el-shift -mxl-pattern-compare -mcpu=v9.2 -mxl-soft-mul -Os -flto -ffat-lto-objects   -c xpfw_interrupts.c -o xpfw_interrupts.o 
TRACE::2026-02-05.20:02:01::SCWBDomain::-Izynqmp_pmufw_bsp/psu_pmu_0/include -I.

TRACE::2026-02-05.20:02:01::SCWBDomain::mb-gcc  -mlittle-endian -mxl-barrel-shift -mxl-pattern-compare -mxl-soft-mul -mcpu=v9.2 -MMD -MP      -mlittle-endian -mxl-barr
TRACE::2026-02-05.20:02:01::SCWBDomain::el-shift -mxl-pattern-compare -mcpu=v9.2 -mxl-soft-mul -Os -flto -ffat-lto-objects   -c xpfw_ipi_manager.c -o xpfw_ipi_manager.
TRACE::2026-02-05.20:02:01::SCWBDomain::o -Izynqmp_pmufw_bsp/psu_pmu_0/include -I.

TRACE::2026-02-05.20:02:01::SCWBDomain::mb-gcc  -mlittle-endian -mxl-barrel-shift -mxl-pattern-compare -mxl-soft-mul -mcpu=v9.2 -MMD -MP      -mlittle-endian -mxl-barr
TRACE::2026-02-05.20:02:01::SCWBDomain::el-shift -mxl-pattern-compare -mcpu=v9.2 -mxl-soft-mul -Os -flto -ffat-lto-objects   -c xpfw_user_startup.c -o xpfw_user_startu
TRACE::2026-02-05.20:02:01::SCWBDomain::p.o -Izynqmp_pmufw_bsp/psu_pmu_0/include -I.

TRACE::2026-02-05.20:02:02::SCWBDomain::mb-gcc  -mlittle-endian -mxl-barrel-shift -mxl-pattern-compare -mxl-soft-mul -mcpu=v9.2 -MMD -MP      -mlittle-endian -mxl-barr
TRACE::2026-02-05.20:02:02::SCWBDomain::el-shift -mxl-pattern-compare -mcpu=v9.2 -mxl-soft-mul -Os -flto -ffat-lto-objects   -c xpfw_mod_stl.c -o xpfw_mod_stl.o -Izynq
TRACE::2026-02-05.20:02:02::SCWBDomain::mp_pmufw_bsp/psu_pmu_0/include -I.

TRACE::2026-02-05.20:02:02::SCWBDomain::mb-gcc  -mlittle-endian -mxl-barrel-shift -mxl-pattern-compare -mxl-soft-mul -mcpu=v9.2 -MMD -MP      -mlittle-endian -mxl-barr
TRACE::2026-02-05.20:02:02::SCWBDomain::el-shift -mxl-pattern-compare -mcpu=v9.2 -mxl-soft-mul -Os -flto -ffat-lto-objects   -c pm_callbacks.c -o pm_callbacks.o -Izynq
TRACE::2026-02-05.20:02:02::SCWBDomain::mp_pmufw_bsp/psu_pmu_0/include -I.

TRACE::2026-02-05.20:02:02::SCWBDomain::mb-gcc  -mlittle-endian -mxl-barrel-shift -mxl-pattern-compare -mxl-soft-mul -mcpu=v9.2 -MMD -MP      -mlittle-endian -mxl-barr
TRACE::2026-02-05.20:02:02::SCWBDomain::el-shift -mxl-pattern-compare -mcpu=v9.2 -mxl-soft-mul -Os -flto -ffat-lto-objects   -c xpfw_mod_wdt.c -o xpfw_mod_wdt.o -Izynq
TRACE::2026-02-05.20:02:02::SCWBDomain::mp_pmufw_bsp/psu_pmu_0/include -I.

TRACE::2026-02-05.20:02:02::SCWBDomain::mb-gcc  -mlittle-endian -mxl-barrel-shift -mxl-pattern-compare -mxl-soft-mul -mcpu=v9.2 -MMD -MP      -mlittle-endian -mxl-barr
TRACE::2026-02-05.20:02:02::SCWBDomain::el-shift -mxl-pattern-compare -mcpu=v9.2 -mxl-soft-mul -Os -flto -ffat-lto-objects   -c pm_csudma.c -o pm_csudma.o -Izynqmp_pmu
TRACE::2026-02-05.20:02:02::SCWBDomain::fw_bsp/psu_pmu_0/include -I.

TRACE::2026-02-05.20:02:02::SCWBDomain::mb-gcc  -mlittle-endian -mxl-barrel-shift -mxl-pattern-compare -mxl-soft-mul -mcpu=v9.2 -MMD -MP      -mlittle-endian -mxl-barr
TRACE::2026-02-05.20:02:02::SCWBDomain::el-shift -mxl-pattern-compare -mcpu=v9.2 -mxl-soft-mul -Os -flto -ffat-lto-objects   -c xpfw_rom_interface.c -o xpfw_rom_interf
TRACE::2026-02-05.20:02:02::SCWBDomain::ace.o -Izynqmp_pmufw_bsp/psu_pmu_0/include -I.

TRACE::2026-02-05.20:02:02::SCWBDomain::mb-gcc  -mlittle-endian -mxl-barrel-shift -mxl-pattern-compare -mxl-soft-mul -mcpu=v9.2 -MMD -MP      -mlittle-endian -mxl-barr
TRACE::2026-02-05.20:02:02::SCWBDomain::el-shift -mxl-pattern-compare -mcpu=v9.2 -mxl-soft-mul -Os -flto -ffat-lto-objects   -c pm_usb.c -o pm_usb.o -Izynqmp_pmufw_bsp
TRACE::2026-02-05.20:02:02::SCWBDomain::/psu_pmu_0/include -I.

TRACE::2026-02-05.20:02:03::SCWBDomain::mb-gcc  -mlittle-endian -mxl-barrel-shift -mxl-pattern-compare -mxl-soft-mul -mcpu=v9.2 -MMD -MP      -mlittle-endian -mxl-barr
TRACE::2026-02-05.20:02:03::SCWBDomain::el-shift -mxl-pattern-compare -mcpu=v9.2 -mxl-soft-mul -Os -flto -ffat-lto-objects   -c xpfw_mod_rtc.c -o xpfw_mod_rtc.o -Izynq
TRACE::2026-02-05.20:02:03::SCWBDomain::mp_pmufw_bsp/psu_pmu_0/include -I.

TRACE::2026-02-05.20:02:03::SCWBDomain::mb-gcc  -mlittle-endian -mxl-barrel-shift -mxl-pattern-compare -mxl-soft-mul -mcpu=v9.2 -MMD -MP      -mlittle-endian -mxl-barr
TRACE::2026-02-05.20:02:03::SCWBDomain::el-shift -mxl-pattern-compare -mcpu=v9.2 -mxl-soft-mul -Os -flto -ffat-lto-objects   -c xpfw_mod_sched.c -o xpfw_mod_sched.o -I
TRACE::2026-02-05.20:02:03::SCWBDomain::zynqmp_pmufw_bsp/psu_pmu_0/include -I.

TRACE::2026-02-05.20:02:03::SCWBDomain::mb-gcc  -mlittle-endian -mxl-barrel-shift -mxl-pattern-compare -mxl-soft-mul -mcpu=v9.2 -MMD -MP      -mlittle-endian -mxl-barr
TRACE::2026-02-05.20:02:03::SCWBDomain::el-shift -mxl-pattern-compare -mcpu=v9.2 -mxl-soft-mul -Os -flto -ffat-lto-objects   -c pm_sram.c -o pm_sram.o -Izynqmp_pmufw_b
TRACE::2026-02-05.20:02:03::SCWBDomain::sp/psu_pmu_0/include -I.

TRACE::2026-02-05.20:02:03::SCWBDomain::mb-gcc  -mlittle-endian -mxl-barrel-shift -mxl-pattern-compare -mxl-soft-mul -mcpu=v9.2 -MMD -MP      -mlittle-endian -mxl-barr
TRACE::2026-02-05.20:02:03::SCWBDomain::el-shift -mxl-pattern-compare -mcpu=v9.2 -mxl-soft-mul -Os -flto -ffat-lto-objects   -c pm_qspi.c -o pm_qspi.o -Izynqmp_pmufw_b
TRACE::2026-02-05.20:02:03::SCWBDomain::sp/psu_pmu_0/include -I.

TRACE::2026-02-05.20:02:04::SCWBDomain::mb-gcc  -mlittle-endian -mxl-barrel-shift -mxl-pattern-compare -mxl-soft-mul -mcpu=v9.2 -MMD -MP      -mlittle-endian -mxl-barr
TRACE::2026-02-05.20:02:04::SCWBDomain::el-shift -mxl-pattern-compare -mcpu=v9.2 -mxl-soft-mul -Os -flto -ffat-lto-objects   -c pm_ddr.c -o pm_ddr.o -Izynqmp_pmufw_bsp
TRACE::2026-02-05.20:02:04::SCWBDomain::/psu_pmu_0/include -I.

TRACE::2026-02-05.20:02:04::SCWBDomain::mb-gcc  -mlittle-endian -mxl-barrel-shift -mxl-pattern-compare -mxl-soft-mul -mcpu=v9.2 -MMD -MP      -mlittle-endian -mxl-barr
TRACE::2026-02-05.20:02:04::SCWBDomain::el-shift -mxl-pattern-compare -mcpu=v9.2 -mxl-soft-mul -Os -flto -ffat-lto-objects   -c xpfw_mod_pm.c -o xpfw_mod_pm.o -Izynqmp
TRACE::2026-02-05.20:02:04::SCWBDomain::_pmufw_bsp/psu_pmu_0/include -I.

TRACE::2026-02-05.20:02:05::SCWBDomain::mb-gcc  -mlittle-endian -mxl-barrel-shift -mxl-pattern-compare -mxl-soft-mul -mcpu=v9.2 -MMD -MP      -mlittle-endian -mxl-barr
TRACE::2026-02-05.20:02:05::SCWBDomain::el-shift -mxl-pattern-compare -mcpu=v9.2 -mxl-soft-mul -Os -flto -ffat-lto-objects   -c xpfw_platform.c -o xpfw_platform.o -Izy
TRACE::2026-02-05.20:02:05::SCWBDomain::nqmp_pmufw_bsp/psu_pmu_0/include -I.

TRACE::2026-02-05.20:02:06::SCWBDomain::mb-gcc  -mlittle-endian -mxl-barrel-shift -mxl-pattern-compare -mxl-soft-mul -mcpu=v9.2 -MMD -MP      -mlittle-endian -mxl-barr
TRACE::2026-02-05.20:02:06::SCWBDomain::el-shift -mxl-pattern-compare -mcpu=v9.2 -mxl-soft-mul -Os -flto -ffat-lto-objects   -c pm_pinctrl.c -o pm_pinctrl.o -Izynqmp_p
TRACE::2026-02-05.20:02:06::SCWBDomain::mufw_bsp/psu_pmu_0/include -I.

TRACE::2026-02-05.20:02:07::SCWBDomain::mb-gcc  -mlittle-endian -mxl-barrel-shift -mxl-pattern-compare -mxl-soft-mul -mcpu=v9.2 -MMD -MP      -mlittle-endian -mxl-barr
TRACE::2026-02-05.20:02:07::SCWBDomain::el-shift -mxl-pattern-compare -mcpu=v9.2 -mxl-soft-mul -Os -flto -ffat-lto-objects   -c pm_slave.c -o pm_slave.o -Izynqmp_pmufw
TRACE::2026-02-05.20:02:07::SCWBDomain::_bsp/psu_pmu_0/include -I.

TRACE::2026-02-05.20:02:07::SCWBDomain::mb-gcc  -mlittle-endian -mxl-barrel-shift -mxl-pattern-compare -mxl-soft-mul -mcpu=v9.2 -MMD -MP      -mlittle-endian -mxl-barr
TRACE::2026-02-05.20:02:07::SCWBDomain::el-shift -mxl-pattern-compare -mcpu=v9.2 -mxl-soft-mul -Os -flto -ffat-lto-objects   -c xpfw_scheduler.c -o xpfw_scheduler.o -I
TRACE::2026-02-05.20:02:07::SCWBDomain::zynqmp_pmufw_bsp/psu_pmu_0/include -I.

TRACE::2026-02-05.20:02:07::SCWBDomain::mb-gcc  -mlittle-endian -mxl-barrel-shift -mxl-pattern-compare -mxl-soft-mul -mcpu=v9.2 -MMD -MP      -mlittle-endian -mxl-barr
TRACE::2026-02-05.20:02:07::SCWBDomain::el-shift -mxl-pattern-compare -mcpu=v9.2 -mxl-soft-mul -Os -flto -ffat-lto-objects   -c pm_binding.c -o pm_binding.o -Izynqmp_p
TRACE::2026-02-05.20:02:07::SCWBDomain::mufw_bsp/psu_pmu_0/include -I.

TRACE::2026-02-05.20:02:07::SCWBDomain::mb-gcc  -mlittle-endian -mxl-barrel-shift -mxl-pattern-compare -mxl-soft-mul -mcpu=v9.2 -MMD -MP      -mlittle-endian -mxl-barr
TRACE::2026-02-05.20:02:07::SCWBDomain::el-shift -mxl-pattern-compare -mcpu=v9.2 -mxl-soft-mul -Os -flto -ffat-lto-objects   -c xpfw_events.c -o xpfw_events.o -Izynqmp
TRACE::2026-02-05.20:02:07::SCWBDomain::_pmufw_bsp/psu_pmu_0/include -I.

TRACE::2026-02-05.20:02:08::SCWBDomain::mb-gcc  -mlittle-endian -mxl-barrel-shift -mxl-pattern-compare -mxl-soft-mul -mcpu=v9.2 -MMD -MP      -mlittle-endian -mxl-barr
TRACE::2026-02-05.20:02:08::SCWBDomain::el-shift -mxl-pattern-compare -mcpu=v9.2 -mxl-soft-mul -Os -flto -ffat-lto-objects   -c xpfw_aib.c -o xpfw_aib.o -Izynqmp_pmufw
TRACE::2026-02-05.20:02:08::SCWBDomain::_bsp/psu_pmu_0/include -I.

TRACE::2026-02-05.20:02:08::SCWBDomain::mb-gcc  -mlittle-endian -mxl-barrel-shift -mxl-pattern-compare -mxl-soft-mul -mcpu=v9.2 -MMD -MP      -mlittle-endian -mxl-barr
TRACE::2026-02-05.20:02:08::SCWBDomain::el-shift -mxl-pattern-compare -mcpu=v9.2 -mxl-soft-mul -Os -flto -ffat-lto-objects   -c xpfw_mod_overtemp.c -o xpfw_mod_overtem
TRACE::2026-02-05.20:02:08::SCWBDomain::p.o -Izynqmp_pmufw_bsp/psu_pmu_0/include -I.

TRACE::2026-02-05.20:02:08::SCWBDomain::mb-gcc  -mlittle-endian -mxl-barrel-shift -mxl-pattern-compare -mxl-soft-mul -mcpu=v9.2 -MMD -MP      -mlittle-endian -mxl-barr
TRACE::2026-02-05.20:02:08::SCWBDomain::el-shift -mxl-pattern-compare -mcpu=v9.2 -mxl-soft-mul -Os -flto -ffat-lto-objects   -c pm_gic_proxy.c -o pm_gic_proxy.o -Izynq
TRACE::2026-02-05.20:02:08::SCWBDomain::mp_pmufw_bsp/psu_pmu_0/include -I.

TRACE::2026-02-05.20:02:08::SCWBDomain::mb-gcc  -mlittle-endian -mxl-barrel-shift -mxl-pattern-compare -mxl-soft-mul -mcpu=v9.2 -MMD -MP      -mlittle-endian -mxl-barr
TRACE::2026-02-05.20:02:08::SCWBDomain::el-shift -mxl-pattern-compare -mcpu=v9.2 -mxl-soft-mul -Os -flto -ffat-lto-objects   -c xpfw_xpu.c -o xpfw_xpu.o -Izynqmp_pmufw
TRACE::2026-02-05.20:02:08::SCWBDomain::_bsp/psu_pmu_0/include -I.

TRACE::2026-02-05.20:02:08::SCWBDomain::mb-gcc  -mlittle-endian -mxl-barrel-shift -mxl-pattern-compare -mxl-soft-mul -mcpu=v9.2 -MMD -MP      -mlittle-endian -mxl-barr
TRACE::2026-02-05.20:02:08::SCWBDomain::el-shift -mxl-pattern-compare -mcpu=v9.2 -mxl-soft-mul -Os -flto -ffat-lto-objects   -c pm_core.c -o pm_core.o -Izynqmp_pmufw_b
TRACE::2026-02-05.20:02:08::SCWBDomain::sp/psu_pmu_0/include -I.

TRACE::2026-02-05.20:02:09::SCWBDomain::mb-gcc  -mlittle-endian -mxl-barrel-shift -mxl-pattern-compare -mxl-soft-mul -mcpu=v9.2 -MMD -MP      -mlittle-endian -mxl-barr
TRACE::2026-02-05.20:02:09::SCWBDomain::el-shift -mxl-pattern-compare -mcpu=v9.2 -mxl-soft-mul -Os -flto -ffat-lto-objects   -c pm_config.c -o pm_config.o -Izynqmp_pmu
TRACE::2026-02-05.20:02:09::SCWBDomain::fw_bsp/psu_pmu_0/include -I.

TRACE::2026-02-05.20:02:09::SCWBDomain::mb-gcc  -mlittle-endian -mxl-barrel-shift -mxl-pattern-compare -mxl-soft-mul -mcpu=v9.2 -MMD -MP      -mlittle-endian -mxl-barr
TRACE::2026-02-05.20:02:09::SCWBDomain::el-shift -mxl-pattern-compare -mcpu=v9.2 -mxl-soft-mul -Os -flto -ffat-lto-objects   -c pm_system.c -o pm_system.o -Izynqmp_pmu
TRACE::2026-02-05.20:02:09::SCWBDomain::fw_bsp/psu_pmu_0/include -I.

TRACE::2026-02-05.20:02:09::SCWBDomain::mb-gcc  -mlittle-endian -mxl-barrel-shift -mxl-pattern-compare -mxl-soft-mul -mcpu=v9.2 -MMD -MP      -mlittle-endian -mxl-barr
TRACE::2026-02-05.20:02:09::SCWBDomain::el-shift -mxl-pattern-compare -mcpu=v9.2 -mxl-soft-mul -Os -flto -ffat-lto-objects   -c pm_mmio_access.c -o pm_mmio_access.o -I
TRACE::2026-02-05.20:02:09::SCWBDomain::zynqmp_pmufw_bsp/psu_pmu_0/include -I.

TRACE::2026-02-05.20:02:10::SCWBDomain::mb-gcc  -mlittle-endian -mxl-barrel-shift -mxl-pattern-compare -mxl-soft-mul -mcpu=v9.2 -MMD -MP      -mlittle-endian -mxl-barr
TRACE::2026-02-05.20:02:10::SCWBDomain::el-shift -mxl-pattern-compare -mcpu=v9.2 -mxl-soft-mul -Os -flto -ffat-lto-objects   -c pm_node_reset.c -o pm_node_reset.o -Izy
TRACE::2026-02-05.20:02:10::SCWBDomain::nqmp_pmufw_bsp/psu_pmu_0/include -I.

TRACE::2026-02-05.20:02:10::SCWBDomain::mb-gcc  -mlittle-endian -mxl-barrel-shift -mxl-pattern-compare -mxl-soft-mul -mcpu=v9.2 -MMD -MP      -mlittle-endian -mxl-barr
TRACE::2026-02-05.20:02:10::SCWBDomain::el-shift -mxl-pattern-compare -mcpu=v9.2 -mxl-soft-mul -Os -flto -ffat-lto-objects   -c pm_requirement.c -o pm_requirement.o -I
TRACE::2026-02-05.20:02:10::SCWBDomain::zynqmp_pmufw_bsp/psu_pmu_0/include -I.

TRACE::2026-02-05.20:02:13::SCWBDomain::mb-gcc  -mlittle-endian -mxl-barrel-shift -mxl-pattern-compare -mxl-soft-mul -mcpu=v9.2 -MMD -MP      -mlittle-endian -mxl-barr
TRACE::2026-02-05.20:02:13::SCWBDomain::el-shift -mxl-pattern-compare -mcpu=v9.2 -mxl-soft-mul -Os -flto -ffat-lto-objects   -c pm_notifier.c -o pm_notifier.o -Izynqmp
TRACE::2026-02-05.20:02:13::SCWBDomain::_pmufw_bsp/psu_pmu_0/include -I.

TRACE::2026-02-05.20:02:15::SCWBDomain::mb-gcc  -mlittle-endian -mxl-barrel-shift -mxl-pattern-compare -mxl-soft-mul -mcpu=v9.2 -MMD -MP      -mlittle-endian -mxl-barr
TRACE::2026-02-05.20:02:15::SCWBDomain::el-shift -mxl-pattern-compare -mcpu=v9.2 -mxl-soft-mul -Os -flto -ffat-lto-objects   -c xpfw_module.c -o xpfw_module.o -Izynqmp
TRACE::2026-02-05.20:02:15::SCWBDomain::_pmufw_bsp/psu_pmu_0/include -I.

TRACE::2026-02-05.20:02:15::SCWBDomain::mb-gcc  -mlittle-endian -mxl-barrel-shift -mxl-pattern-compare -mxl-soft-mul -mcpu=v9.2 -MMD -MP      -mlittle-endian -mxl-barr
TRACE::2026-02-05.20:02:15::SCWBDomain::el-shift -mxl-pattern-compare -mcpu=v9.2 -mxl-soft-mul -Os -flto -ffat-lto-objects   -c xpfw_restart.c -o xpfw_restart.o -Izynq
TRACE::2026-02-05.20:02:15::SCWBDomain::mp_pmufw_bsp/psu_pmu_0/include -I.

TRACE::2026-02-05.20:02:15::SCWBDomain::mb-gcc  -mlittle-endian -mxl-barrel-shift -mxl-pattern-compare -mxl-soft-mul -mcpu=v9.2 -MMD -MP      -mlittle-endian -mxl-barr
TRACE::2026-02-05.20:02:15::SCWBDomain::el-shift -mxl-pattern-compare -mcpu=v9.2 -mxl-soft-mul -Os -flto -ffat-lto-objects   -c xpfw_error_manager.c -o xpfw_error_mana
TRACE::2026-02-05.20:02:15::SCWBDomain::ger.o -Izynqmp_pmufw_bsp/psu_pmu_0/include -I.

TRACE::2026-02-05.20:02:15::SCWBDomain::mb-gcc  -mlittle-endian -mxl-barrel-shift -mxl-pattern-compare -mxl-soft-mul -mcpu=v9.2 -MMD -MP      -mlittle-endian -mxl-barr
TRACE::2026-02-05.20:02:15::SCWBDomain::el-shift -mxl-pattern-compare -mcpu=v9.2 -mxl-soft-mul -Os -flto -ffat-lto-objects   -c xpfw_util.c -o xpfw_util.o -Izynqmp_pmu
TRACE::2026-02-05.20:02:15::SCWBDomain::fw_bsp/psu_pmu_0/include -I.

TRACE::2026-02-05.20:02:15::SCWBDomain::mb-gcc  -mlittle-endian -mxl-barrel-shift -mxl-pattern-compare -mxl-soft-mul -mcpu=v9.2 -MMD -MP      -mlittle-endian -mxl-barr
TRACE::2026-02-05.20:02:15::SCWBDomain::el-shift -mxl-pattern-compare -mcpu=v9.2 -mxl-soft-mul -Os -flto -ffat-lto-objects   -c pm_ioctl.c -o pm_ioctl.o -Izynqmp_pmufw
TRACE::2026-02-05.20:02:15::SCWBDomain::_bsp/psu_pmu_0/include -I.

TRACE::2026-02-05.20:02:15::SCWBDomain::mb-gcc  -mlittle-endian -mxl-barrel-shift -mxl-pattern-compare -mxl-soft-mul -mcpu=v9.2 -MMD -MP      -mlittle-endian -mxl-barr
TRACE::2026-02-05.20:02:15::SCWBDomain::el-shift -mxl-pattern-compare -mcpu=v9.2 -mxl-soft-mul -Os -flto -ffat-lto-objects   -c xpfw_mod_legacy.c -o xpfw_mod_legacy.o 
TRACE::2026-02-05.20:02:15::SCWBDomain::-Izynqmp_pmufw_bsp/psu_pmu_0/include -I.

TRACE::2026-02-05.20:02:16::SCWBDomain::mb-gcc  -mlittle-endian -mxl-barrel-shift -mxl-pattern-compare -mxl-soft-mul -mcpu=v9.2 -MMD -MP      -mlittle-endian -mxl-barr
TRACE::2026-02-05.20:02:16::SCWBDomain::el-shift -mxl-pattern-compare -mcpu=v9.2 -mxl-soft-mul -Os -flto -ffat-lto-objects   -c pm_master.c -o pm_master.o -Izynqmp_pmu
TRACE::2026-02-05.20:02:16::SCWBDomain::fw_bsp/psu_pmu_0/include -I.

TRACE::2026-02-05.20:02:16::SCWBDomain::mb-gcc  -mlittle-endian -mxl-barrel-shift -mxl-pattern-compare -mxl-soft-mul -mcpu=v9.2 -MMD -MP      -mlittle-endian -mxl-barr
TRACE::2026-02-05.20:02:16::SCWBDomain::el-shift -mxl-pattern-compare -mcpu=v9.2 -mxl-soft-mul -Os -flto -ffat-lto-objects   -c xpfw_start.S -o xpfw_start.o -Izynqmp_p
TRACE::2026-02-05.20:02:16::SCWBDomain::mufw_bsp/psu_pmu_0/include -I.

TRACE::2026-02-05.20:02:16::SCWBDomain::mb-gcc -o pmufw.elf idle_hooks.o pm_binding.o pm_callbacks.o pm_clock.o pm_config.o pm_core.o pm_csudma.o pm_ddr.o pm_extern.o 
TRACE::2026-02-05.20:02:16::SCWBDomain::pm_gic_proxy.o pm_gpp.o pm_hooks.o pm_ioctl.o pm_master.o pm_mmio_access.o pm_node.o pm_node_reset.o pm_notifier.o pm_periph.o 
TRACE::2026-02-05.20:02:16::SCWBDomain::pm_pinctrl.o pm_pll.o pm_power.o pm_proc.o pm_qspi.o pm_requirement.o pm_reset.o pm_slave.o pm_sram.o pm_system.o pm_usb.o xpfw
TRACE::2026-02-05.20:02:16::SCWBDomain::_aib.o xpfw_core.o xpfw_error_manager.o xpfw_events.o xpfw_interrupts.o xpfw_ipi_manager.o xpfw_main.o xpfw_mod_common.o xpfw_m
TRACE::2026-02-05.20:02:16::SCWBDomain::od_dap.o xpfw_mod_em.o xpfw_mod_extwdt.o xpfw_mod_legacy.o xpfw_mod_overtemp.o xpfw_mod_pm.o xpfw_mod_rpu.o xpfw_mod_rtc.o xpfw
TRACE::2026-02-05.20:02:16::SCWBDomain::_mod_sched.o xpfw_mod_stl.o xpfw_mod_ultra96.o xpfw_mod_wdt.o xpfw_module.o xpfw_platform.o xpfw_resets.o xpfw_restart.o xpfw_r
TRACE::2026-02-05.20:02:16::SCWBDomain::om_interface.o xpfw_scheduler.o xpfw_start.o xpfw_user_startup.o xpfw_util.o xpfw_xpu.o -MMD -MP      -mlittle-endian -mxl-barr
TRACE::2026-02-05.20:02:16::SCWBDomain::el-shift -mxl-pattern-compare -mcpu=v9.2 -mxl-soft-mul -Os -flto -ffat-lto-objects    -Wl,--start-group,-lxil,-lgcc,-lc,--end-g
TRACE::2026-02-05.20:02:16::SCWBDomain::roup -Wl,--start-group,-lxilfpga,-lxil,-lgcc,-lc,--end-group -Wl,--start-group,-lxilsecure,-lxil,-lgcc,-lc,--end-group -Wl,--st
TRACE::2026-02-05.20:02:16::SCWBDomain::art-group,-lxilskey,-lxil,-lgcc,-lc,--end-group                                                                                
TRACE::2026-02-05.20:02:16::SCWBDomain::                            -nostartfiles -Wl,--no-relax -Wl,--gc-sections -Lzynqmp_pmufw_bsp/psu_pmu_0/lib -Tlscript.ld

LOG::2026-02-05.20:02:27::SCWSystem::Checking the domain standalone_psu_cortexa53_0
LOG::2026-02-05.20:02:27::SCWSystem::Not a boot domain 
LOG::2026-02-05.20:02:27::SCWSystem::Started Processing the domain standalone_psu_cortexa53_0
TRACE::2026-02-05.20:02:27::SCWDomain::Generating domain artifcats
TRACE::2026-02-05.20:02:27::SCWMssOS::Generating standalone artifcats
TRACE::2026-02-05.20:02:27::SCWMssOS::Copying the qemu file from  C:/TFG_Vivado/mis_pruebas/hil_puerto_serie/vitis/design_1_wrapper/resources/design_1_wrapper/standalone_psu_cortexa53_0/qemu_args.txt To C:/TFG_Vivado/mis_pruebas/hil_puerto_serie/vitis/design_1_wrapper/export/design_1_wrapper/sw/design_1_wrapper/qemu/
TRACE::2026-02-05.20:02:27::SCWMssOS::Copying the qemu file from  C:/TFG_Vivado/mis_pruebas/hil_puerto_serie/vitis/design_1_wrapper/resources/design_1_wrapper/standalone_psu_cortexa53_0/qemu_args.txt To C:/TFG_Vivado/mis_pruebas/hil_puerto_serie/vitis/design_1_wrapper/export/design_1_wrapper/sw/design_1_wrapper/qemu/
TRACE::2026-02-05.20:02:27::SCWMssOS::Copying the qemu file from  C:/TFG_Vivado/mis_pruebas/hil_puerto_serie/vitis/design_1_wrapper/resources/design_1_wrapper/standalone_psu_cortexa53_0/qemu_args.txt To C:/TFG_Vivado/mis_pruebas/hil_puerto_serie/vitis/design_1_wrapper/export/design_1_wrapper/sw/design_1_wrapper/standalone_psu_cortexa53_0/qemu/
TRACE::2026-02-05.20:02:27::SCWMssOS::Copying the qemu file from  C:/TFG_Vivado/mis_pruebas/hil_puerto_serie/vitis/design_1_wrapper/resources/design_1_wrapper/standalone_psu_cortexa53_0/qemu_args.txt To C:/TFG_Vivado/mis_pruebas/hil_puerto_serie/vitis/design_1_wrapper/export/design_1_wrapper/sw/design_1_wrapper/standalone_psu_cortexa53_0/qemu/
TRACE::2026-02-05.20:02:27::SCWMssOS:: Copying the user libraries. 
TRACE::2026-02-05.20:02:27::SCWPlatform::Trying to open the hw design at C:/TFG_Vivado/mis_pruebas/hil_puerto_serie/vitis/design_1_wrapper/hw/design_1_wrapper.xsa
TRACE::2026-02-05.20:02:27::SCWPlatform::DSA given C:/TFG_Vivado/mis_pruebas/hil_puerto_serie/vitis/design_1_wrapper/hw/design_1_wrapper.xsa
TRACE::2026-02-05.20:02:27::SCWPlatform::DSA absoulate path C:/TFG_Vivado/mis_pruebas/hil_puerto_serie/vitis/design_1_wrapper/hw/design_1_wrapper.xsa
TRACE::2026-02-05.20:02:27::SCWPlatform::DSA directory C:/TFG_Vivado/mis_pruebas/hil_puerto_serie/vitis/design_1_wrapper/hw
TRACE::2026-02-05.20:02:27::SCWPlatform:: Platform Path C:/TFG_Vivado/mis_pruebas/hil_puerto_serie/vitis/design_1_wrapper/hw/design_1_wrapper.xsa
TRACE::2026-02-05.20:02:27::SCWPlatform:: Unique name xilinx:::0.0
TRACE::2026-02-05.20:02:27::SCWPlatform::Trying to set the existing hwdb with name design_1_wrapper_0
TRACE::2026-02-05.20:02:27::SCWPlatform::Opened existing hwdb design_1_wrapper_0
TRACE::2026-02-05.20:02:27::SCWPlatform::Found the Hw Db part of the input DSA
TRACE::2026-02-05.20:02:27::SCWMssOS::Checking the sw design at  C:/TFG_Vivado/mis_pruebas/hil_puerto_serie/vitis/design_1_wrapper/psu_cortexa53_0/standalone_psu_cortexa53_0/bsp/system.mss
TRACE::2026-02-05.20:02:27::SCWMssOS::DEBUG:  swdes dump  C:/TFG_Vivado/mis_pruebas/hil_puerto_serie/vitis/design_1_wrapper/psu_cortexa53_0/standalone_psu_cortexa53_0/bsp/system.mss|system_1||
C:/TFG_Vivado/mis_pruebas/hil_puerto_serie/vitis/design_1_wrapper/zynqmp_fsbl/zynqmp_fsbl_bsp/system.mss|system||
C:/TFG_Vivado/mis_pruebas/hil_puerto_serie/vitis/design_1_wrapper/zynqmp_pmufw/zynqmp_pmufw_bsp/system.mss|system_0||

TRACE::2026-02-05.20:02:27::SCWMssOS::Sw design exists and opened at  C:/TFG_Vivado/mis_pruebas/hil_puerto_serie/vitis/design_1_wrapper/psu_cortexa53_0/standalone_psu_cortexa53_0/bsp/system.mss
TRACE::2026-02-05.20:02:27::SCWMssOS::Completed writing the mss file at C:/TFG_Vivado/mis_pruebas/hil_puerto_serie/vitis/design_1_wrapper/psu_cortexa53_0/standalone_psu_cortexa53_0/bsp
TRACE::2026-02-05.20:02:27::SCWMssOS::Mss edits present, copying mssfile into export location C:/TFG_Vivado/mis_pruebas/hil_puerto_serie/vitis/design_1_wrapper/psu_cortexa53_0/standalone_psu_cortexa53_0/bsp/system.mss
TRACE::2026-02-05.20:02:27::SCWMssOS::bsp generated is upto date with the mss file. Skipping bsp generation.
TRACE::2026-02-05.20:02:27::SCWMssOS::BSP is already built. skipping the bsp build ... 
TRACE::2026-02-05.20:02:27::SCWDomain::Building the domain as part of full build :  standalone_psu_cortexa53_0
TRACE::2026-02-05.20:02:27::SCWMssOS::doing bsp build ... 
TRACE::2026-02-05.20:02:27::SCWMssOS::System Command Ran  C: & cd  C:/TFG_Vivado/mis_pruebas/hil_puerto_serie/vitis/design_1_wrapper/psu_cortexa53_0/standalone_psu_cortexa53_0/bsp & make 
TRACE::2026-02-05.20:02:27::SCWMssOS::make --no-print-directory seq_libs

TRACE::2026-02-05.20:02:27::SCWMssOS::"Running Make include in psu_cortexa53_0/libsrc/avbuf_v2_5/src"

TRACE::2026-02-05.20:02:27::SCWMssOS::make -C psu_cortexa53_0/libsrc/avbuf_v2_5/src -s include  "SHELL=CMD" "COMPILER=aarch64-none-elf-gcc" "ASSEMBLER=aarch64-none-e
TRACE::2026-02-05.20:02:27::SCWMssOS::lf-as" "ARCHIVER=aarch64-none-elf-ar" "COMPILER_FLAGS=  -O2 -c" "EXTRA_COMPILER_FLAGS=-g -Wall -Wextra -fno-tree-loop-distribut
TRACE::2026-02-05.20:02:27::SCWMssOS::e-patterns"

TRACE::2026-02-05.20:02:27::SCWMssOS::"Running Make include in psu_cortexa53_0/libsrc/axipmon_v6_9/src"

TRACE::2026-02-05.20:02:27::SCWMssOS::make -C psu_cortexa53_0/libsrc/axipmon_v6_9/src -s include  "SHELL=CMD" "COMPILER=aarch64-none-elf-gcc" "ASSEMBLER=aarch64-none
TRACE::2026-02-05.20:02:27::SCWMssOS::-elf-as" "ARCHIVER=aarch64-none-elf-ar" "COMPILER_FLAGS=  -O2 -c" "EXTRA_COMPILER_FLAGS=-g -Wall -Wextra -fno-tree-loop-distrib
TRACE::2026-02-05.20:02:27::SCWMssOS::ute-patterns"

TRACE::2026-02-05.20:02:28::SCWMssOS::"Running Make include in psu_cortexa53_0/libsrc/clockps_v1_4/src"

TRACE::2026-02-05.20:02:28::SCWMssOS::make -C psu_cortexa53_0/libsrc/clockps_v1_4/src -s include  "SHELL=CMD" "COMPILER=aarch64-none-elf-gcc" "ASSEMBLER=aarch64-none
TRACE::2026-02-05.20:02:28::SCWMssOS::-elf-as" "ARCHIVER=aarch64-none-elf-ar" "COMPILER_FLAGS=  -O2 -c" "EXTRA_COMPILER_FLAGS=-g -Wall -Wextra -fno-tree-loop-distrib
TRACE::2026-02-05.20:02:28::SCWMssOS::ute-patterns"

TRACE::2026-02-05.20:02:28::SCWMssOS::"Running Make include in psu_cortexa53_0/libsrc/coresightps_dcc_v1_8/src"

TRACE::2026-02-05.20:02:28::SCWMssOS::make -C psu_cortexa53_0/libsrc/coresightps_dcc_v1_8/src -s include  "SHELL=CMD" "COMPILER=aarch64-none-elf-gcc" "ASSEMBLER=aarc
TRACE::2026-02-05.20:02:28::SCWMssOS::h64-none-elf-as" "ARCHIVER=aarch64-none-elf-ar" "COMPILER_FLAGS=  -O2 -c" "EXTRA_COMPILER_FLAGS=-g -Wall -Wextra -fno-tree-loop
TRACE::2026-02-05.20:02:28::SCWMssOS::-distribute-patterns"

TRACE::2026-02-05.20:02:28::SCWMssOS::"Running Make include in psu_cortexa53_0/libsrc/cpu_cortexa53_v2_0/src"

TRACE::2026-02-05.20:02:28::SCWMssOS::make -C psu_cortexa53_0/libsrc/cpu_cortexa53_v2_0/src -s include  "SHELL=CMD" "COMPILER=aarch64-none-elf-gcc" "ASSEMBLER=aarch6
TRACE::2026-02-05.20:02:28::SCWMssOS::4-none-elf-as" "ARCHIVER=aarch64-none-elf-ar" "COMPILER_FLAGS=  -O2 -c" "EXTRA_COMPILER_FLAGS=-g -Wall -Wextra -fno-tree-loop-d
TRACE::2026-02-05.20:02:28::SCWMssOS::istribute-patterns"

TRACE::2026-02-05.20:02:28::SCWMssOS::"Running Make include in psu_cortexa53_0/libsrc/csudma_v1_13/src"

TRACE::2026-02-05.20:02:28::SCWMssOS::make -C psu_cortexa53_0/libsrc/csudma_v1_13/src -s include  "SHELL=CMD" "COMPILER=aarch64-none-elf-gcc" "ASSEMBLER=aarch64-none
TRACE::2026-02-05.20:02:28::SCWMssOS::-elf-as" "ARCHIVER=aarch64-none-elf-ar" "COMPILER_FLAGS=  -O2 -c" "EXTRA_COMPILER_FLAGS=-g -Wall -Wextra -fno-tree-loop-distrib
TRACE::2026-02-05.20:02:28::SCWMssOS::ute-patterns"

TRACE::2026-02-05.20:02:28::SCWMssOS::"Running Make include in psu_cortexa53_0/libsrc/ddrcpsu_v1_4/src"

TRACE::2026-02-05.20:02:28::SCWMssOS::make -C psu_cortexa53_0/libsrc/ddrcpsu_v1_4/src -s include  "SHELL=CMD" "COMPILER=aarch64-none-elf-gcc" "ASSEMBLER=aarch64-none
TRACE::2026-02-05.20:02:28::SCWMssOS::-elf-as" "ARCHIVER=aarch64-none-elf-ar" "COMPILER_FLAGS=  -O2 -c" "EXTRA_COMPILER_FLAGS=-g -Wall -Wextra -fno-tree-loop-distrib
TRACE::2026-02-05.20:02:28::SCWMssOS::ute-patterns"

TRACE::2026-02-05.20:02:28::SCWMssOS::"Running Make include in psu_cortexa53_0/libsrc/dpdma_v1_4/src"

TRACE::2026-02-05.20:02:28::SCWMssOS::make -C psu_cortexa53_0/libsrc/dpdma_v1_4/src -s include  "SHELL=CMD" "COMPILER=aarch64-none-elf-gcc" "ASSEMBLER=aarch64-none-e
TRACE::2026-02-05.20:02:28::SCWMssOS::lf-as" "ARCHIVER=aarch64-none-elf-ar" "COMPILER_FLAGS=  -O2 -c" "EXTRA_COMPILER_FLAGS=-g -Wall -Wextra -fno-tree-loop-distribut
TRACE::2026-02-05.20:02:28::SCWMssOS::e-patterns"

TRACE::2026-02-05.20:02:28::SCWMssOS::"Running Make include in psu_cortexa53_0/libsrc/dppsu_v1_6/src"

TRACE::2026-02-05.20:02:28::SCWMssOS::make -C psu_cortexa53_0/libsrc/dppsu_v1_6/src -s include  "SHELL=CMD" "COMPILER=aarch64-none-elf-gcc" "ASSEMBLER=aarch64-none-e
TRACE::2026-02-05.20:02:28::SCWMssOS::lf-as" "ARCHIVER=aarch64-none-elf-ar" "COMPILER_FLAGS=  -O2 -c" "EXTRA_COMPILER_FLAGS=-g -Wall -Wextra -fno-tree-loop-distribut
TRACE::2026-02-05.20:02:28::SCWMssOS::e-patterns"

TRACE::2026-02-05.20:02:29::SCWMssOS::"Running Make include in psu_cortexa53_0/libsrc/emacps_v3_18/src"

TRACE::2026-02-05.20:02:29::SCWMssOS::make -C psu_cortexa53_0/libsrc/emacps_v3_18/src -s include  "SHELL=CMD" "COMPILER=aarch64-none-elf-gcc" "ASSEMBLER=aarch64-none
TRACE::2026-02-05.20:02:29::SCWMssOS::-elf-as" "ARCHIVER=aarch64-none-elf-ar" "COMPILER_FLAGS=  -O2 -c" "EXTRA_COMPILER_FLAGS=-g -Wall -Wextra -fno-tree-loop-distrib
TRACE::2026-02-05.20:02:29::SCWMssOS::ute-patterns"

TRACE::2026-02-05.20:02:29::SCWMssOS::"Running Make include in psu_cortexa53_0/libsrc/gpiops_v3_11/src"

TRACE::2026-02-05.20:02:29::SCWMssOS::make -C psu_cortexa53_0/libsrc/gpiops_v3_11/src -s include  "SHELL=CMD" "COMPILER=aarch64-none-elf-gcc" "ASSEMBLER=aarch64-none
TRACE::2026-02-05.20:02:29::SCWMssOS::-elf-as" "ARCHIVER=aarch64-none-elf-ar" "COMPILER_FLAGS=  -O2 -c" "EXTRA_COMPILER_FLAGS=-g -Wall -Wextra -fno-tree-loop-distrib
TRACE::2026-02-05.20:02:29::SCWMssOS::ute-patterns"

TRACE::2026-02-05.20:02:29::SCWMssOS::"Running Make include in psu_cortexa53_0/libsrc/iicps_v3_17/src"

TRACE::2026-02-05.20:02:29::SCWMssOS::make -C psu_cortexa53_0/libsrc/iicps_v3_17/src -s include  "SHELL=CMD" "COMPILER=aarch64-none-elf-gcc" "ASSEMBLER=aarch64-none-
TRACE::2026-02-05.20:02:29::SCWMssOS::elf-as" "ARCHIVER=aarch64-none-elf-ar" "COMPILER_FLAGS=  -O2 -c" "EXTRA_COMPILER_FLAGS=-g -Wall -Wextra -fno-tree-loop-distribu
TRACE::2026-02-05.20:02:29::SCWMssOS::te-patterns"

TRACE::2026-02-05.20:02:29::SCWMssOS::"Running Make include in psu_cortexa53_0/libsrc/ipipsu_v2_13/src"

TRACE::2026-02-05.20:02:29::SCWMssOS::make -C psu_cortexa53_0/libsrc/ipipsu_v2_13/src -s include  "SHELL=CMD" "COMPILER=aarch64-none-elf-gcc" "ASSEMBLER=aarch64-none
TRACE::2026-02-05.20:02:29::SCWMssOS::-elf-as" "ARCHIVER=aarch64-none-elf-ar" "COMPILER_FLAGS=  -O2 -c" "EXTRA_COMPILER_FLAGS=-g -Wall -Wextra -fno-tree-loop-distrib
TRACE::2026-02-05.20:02:29::SCWMssOS::ute-patterns"

TRACE::2026-02-05.20:02:30::SCWMssOS::"Running Make include in psu_cortexa53_0/libsrc/pciepsu_v1_5/src"

TRACE::2026-02-05.20:02:30::SCWMssOS::make -C psu_cortexa53_0/libsrc/pciepsu_v1_5/src -s include  "SHELL=CMD" "COMPILER=aarch64-none-elf-gcc" "ASSEMBLER=aarch64-none
TRACE::2026-02-05.20:02:30::SCWMssOS::-elf-as" "ARCHIVER=aarch64-none-elf-ar" "COMPILER_FLAGS=  -O2 -c" "EXTRA_COMPILER_FLAGS=-g -Wall -Wextra -fno-tree-loop-distrib
TRACE::2026-02-05.20:02:30::SCWMssOS::ute-patterns"

TRACE::2026-02-05.20:02:30::SCWMssOS::"Running Make include in psu_cortexa53_0/libsrc/qspipsu_v1_17/src"

TRACE::2026-02-05.20:02:30::SCWMssOS::make -C psu_cortexa53_0/libsrc/qspipsu_v1_17/src -s include  "SHELL=CMD" "COMPILER=aarch64-none-elf-gcc" "ASSEMBLER=aarch64-non
TRACE::2026-02-05.20:02:30::SCWMssOS::e-elf-as" "ARCHIVER=aarch64-none-elf-ar" "COMPILER_FLAGS=  -O2 -c" "EXTRA_COMPILER_FLAGS=-g -Wall -Wextra -fno-tree-loop-distri
TRACE::2026-02-05.20:02:30::SCWMssOS::bute-patterns"

TRACE::2026-02-05.20:02:30::SCWMssOS::"Running Make include in psu_cortexa53_0/libsrc/resetps_v1_5/src"

TRACE::2026-02-05.20:02:30::SCWMssOS::make -C psu_cortexa53_0/libsrc/resetps_v1_5/src -s include  "SHELL=CMD" "COMPILER=aarch64-none-elf-gcc" "ASSEMBLER=aarch64-none
TRACE::2026-02-05.20:02:30::SCWMssOS::-elf-as" "ARCHIVER=aarch64-none-elf-ar" "COMPILER_FLAGS=  -O2 -c" "EXTRA_COMPILER_FLAGS=-g -Wall -Wextra -fno-tree-loop-distrib
TRACE::2026-02-05.20:02:30::SCWMssOS::ute-patterns"

TRACE::2026-02-05.20:02:30::SCWMssOS::"Running Make include in psu_cortexa53_0/libsrc/rtcpsu_v1_12/src"

TRACE::2026-02-05.20:02:30::SCWMssOS::make -C psu_cortexa53_0/libsrc/rtcpsu_v1_12/src -s include  "SHELL=CMD" "COMPILER=aarch64-none-elf-gcc" "ASSEMBLER=aarch64-none
TRACE::2026-02-05.20:02:30::SCWMssOS::-elf-as" "ARCHIVER=aarch64-none-elf-ar" "COMPILER_FLAGS=  -O2 -c" "EXTRA_COMPILER_FLAGS=-g -Wall -Wextra -fno-tree-loop-distrib
TRACE::2026-02-05.20:02:30::SCWMssOS::ute-patterns"

TRACE::2026-02-05.20:02:30::SCWMssOS::"Running Make include in psu_cortexa53_0/libsrc/scugic_v5_1/src"

TRACE::2026-02-05.20:02:30::SCWMssOS::make -C psu_cortexa53_0/libsrc/scugic_v5_1/src -s include  "SHELL=CMD" "COMPILER=aarch64-none-elf-gcc" "ASSEMBLER=aarch64-none-
TRACE::2026-02-05.20:02:30::SCWMssOS::elf-as" "ARCHIVER=aarch64-none-elf-ar" "COMPILER_FLAGS=  -O2 -c" "EXTRA_COMPILER_FLAGS=-g -Wall -Wextra -fno-tree-loop-distribu
TRACE::2026-02-05.20:02:30::SCWMssOS::te-patterns"

TRACE::2026-02-05.20:02:30::SCWMssOS::"Running Make include in psu_cortexa53_0/libsrc/sdps_v4_1/src"

TRACE::2026-02-05.20:02:30::SCWMssOS::make -C psu_cortexa53_0/libsrc/sdps_v4_1/src -s include  "SHELL=CMD" "COMPILER=aarch64-none-elf-gcc" "ASSEMBLER=aarch64-none-el
TRACE::2026-02-05.20:02:30::SCWMssOS::f-as" "ARCHIVER=aarch64-none-elf-ar" "COMPILER_FLAGS=  -O2 -c" "EXTRA_COMPILER_FLAGS=-g -Wall -Wextra -fno-tree-loop-distribute
TRACE::2026-02-05.20:02:30::SCWMssOS::-patterns"

TRACE::2026-02-05.20:02:31::SCWMssOS::"Running Make include in psu_cortexa53_0/libsrc/standalone_v8_1/src"

TRACE::2026-02-05.20:02:31::SCWMssOS::make -C psu_cortexa53_0/libsrc/standalone_v8_1/src -s include  "SHELL=CMD" "COMPILER=aarch64-none-elf-gcc" "ASSEMBLER=aarch64-n
TRACE::2026-02-05.20:02:31::SCWMssOS::one-elf-as" "ARCHIVER=aarch64-none-elf-ar" "COMPILER_FLAGS=  -O2 -c" "EXTRA_COMPILER_FLAGS=-g -Wall -Wextra -fno-tree-loop-dist
TRACE::2026-02-05.20:02:31::SCWMssOS::ribute-patterns"

TRACE::2026-02-05.20:02:32::SCWMssOS::"Running Make include in psu_cortexa53_0/libsrc/sysmonpsu_v2_8/src"

TRACE::2026-02-05.20:02:32::SCWMssOS::make -C psu_cortexa53_0/libsrc/sysmonpsu_v2_8/src -s include  "SHELL=CMD" "COMPILER=aarch64-none-elf-gcc" "ASSEMBLER=aarch64-no
TRACE::2026-02-05.20:02:32::SCWMssOS::ne-elf-as" "ARCHIVER=aarch64-none-elf-ar" "COMPILER_FLAGS=  -O2 -c" "EXTRA_COMPILER_FLAGS=-g -Wall -Wextra -fno-tree-loop-distr
TRACE::2026-02-05.20:02:32::SCWMssOS::ibute-patterns"

TRACE::2026-02-05.20:02:32::SCWMssOS::"Running Make include in psu_cortexa53_0/libsrc/ttcps_v3_17/src"

TRACE::2026-02-05.20:02:32::SCWMssOS::make -C psu_cortexa53_0/libsrc/ttcps_v3_17/src -s include  "SHELL=CMD" "COMPILER=aarch64-none-elf-gcc" "ASSEMBLER=aarch64-none-
TRACE::2026-02-05.20:02:32::SCWMssOS::elf-as" "ARCHIVER=aarch64-none-elf-ar" "COMPILER_FLAGS=  -O2 -c" "EXTRA_COMPILER_FLAGS=-g -Wall -Wextra -fno-tree-loop-distribu
TRACE::2026-02-05.20:02:32::SCWMssOS::te-patterns"

TRACE::2026-02-05.20:02:33::SCWMssOS::"Running Make include in psu_cortexa53_0/libsrc/uartps_v3_12/src"

TRACE::2026-02-05.20:02:33::SCWMssOS::make -C psu_cortexa53_0/libsrc/uartps_v3_12/src -s include  "SHELL=CMD" "COMPILER=aarch64-none-elf-gcc" "ASSEMBLER=aarch64-none
TRACE::2026-02-05.20:02:33::SCWMssOS::-elf-as" "ARCHIVER=aarch64-none-elf-ar" "COMPILER_FLAGS=  -O2 -c" "EXTRA_COMPILER_FLAGS=-g -Wall -Wextra -fno-tree-loop-distrib
TRACE::2026-02-05.20:02:33::SCWMssOS::ute-patterns"

TRACE::2026-02-05.20:02:33::SCWMssOS::"Running Make include in psu_cortexa53_0/libsrc/usbpsu_v1_13/src"

TRACE::2026-02-05.20:02:33::SCWMssOS::make -C psu_cortexa53_0/libsrc/usbpsu_v1_13/src -s include  "SHELL=CMD" "COMPILER=aarch64-none-elf-gcc" "ASSEMBLER=aarch64-none
TRACE::2026-02-05.20:02:33::SCWMssOS::-elf-as" "ARCHIVER=aarch64-none-elf-ar" "COMPILER_FLAGS=  -O2 -c" "EXTRA_COMPILER_FLAGS=-g -Wall -Wextra -fno-tree-loop-distrib
TRACE::2026-02-05.20:02:33::SCWMssOS::ute-patterns"

TRACE::2026-02-05.20:02:33::SCWMssOS::"Running Make include in psu_cortexa53_0/libsrc/video_common_v4_13/src"

TRACE::2026-02-05.20:02:33::SCWMssOS::make -C psu_cortexa53_0/libsrc/video_common_v4_13/src -s include  "SHELL=CMD" "COMPILER=aarch64-none-elf-gcc" "ASSEMBLER=aarch6
TRACE::2026-02-05.20:02:33::SCWMssOS::4-none-elf-as" "ARCHIVER=aarch64-none-elf-ar" "COMPILER_FLAGS=  -O2 -c" "EXTRA_COMPILER_FLAGS=-g -Wall -Wextra -fno-tree-loop-d
TRACE::2026-02-05.20:02:33::SCWMssOS::istribute-patterns"

TRACE::2026-02-05.20:02:33::SCWMssOS::"Running Make include in psu_cortexa53_0/libsrc/zdma_v1_16/src"

TRACE::2026-02-05.20:02:33::SCWMssOS::make -C psu_cortexa53_0/libsrc/zdma_v1_16/src -s include  "SHELL=CMD" "COMPILER=aarch64-none-elf-gcc" "ASSEMBLER=aarch64-none-e
TRACE::2026-02-05.20:02:33::SCWMssOS::lf-as" "ARCHIVER=aarch64-none-elf-ar" "COMPILER_FLAGS=  -O2 -c" "EXTRA_COMPILER_FLAGS=-g -Wall -Wextra -fno-tree-loop-distribut
TRACE::2026-02-05.20:02:33::SCWMssOS::e-patterns"

TRACE::2026-02-05.20:02:33::SCWMssOS::"Running Make libs in psu_cortexa53_0/libsrc/avbuf_v2_5/src"

TRACE::2026-02-05.20:02:33::SCWMssOS::make -C psu_cortexa53_0/libsrc/avbuf_v2_5/src -s libs  "SHELL=CMD" "COMPILER=aarch64-none-elf-gcc" "ASSEMBLER=aarch64-none-elf-
TRACE::2026-02-05.20:02:33::SCWMssOS::as" "ARCHIVER=aarch64-none-elf-ar" "COMPILER_FLAGS=  -O2 -c" "EXTRA_COMPILER_FLAGS=-g -Wall -Wextra -fno-tree-loop-distribute-p
TRACE::2026-02-05.20:02:33::SCWMssOS::atterns"

TRACE::2026-02-05.20:02:33::SCWMssOS::"Compiling avbuf"

TRACE::2026-02-05.20:02:34::SCWMssOS::"Running Make libs in psu_cortexa53_0/libsrc/dpdma_v1_4/src"

TRACE::2026-02-05.20:02:34::SCWMssOS::make -C psu_cortexa53_0/libsrc/dpdma_v1_4/src -s libs  "SHELL=CMD" "COMPILER=aarch64-none-elf-gcc" "ASSEMBLER=aarch64-none-elf-
TRACE::2026-02-05.20:02:34::SCWMssOS::as" "ARCHIVER=aarch64-none-elf-ar" "COMPILER_FLAGS=  -O2 -c" "EXTRA_COMPILER_FLAGS=-g -Wall -Wextra -fno-tree-loop-distribute-p
TRACE::2026-02-05.20:02:34::SCWMssOS::atterns"

TRACE::2026-02-05.20:02:34::SCWMssOS::"Compiling dpdma"

TRACE::2026-02-05.20:02:35::SCWMssOS::"Running Make libs in psu_cortexa53_0/libsrc/dppsu_v1_6/src"

TRACE::2026-02-05.20:02:35::SCWMssOS::make -C psu_cortexa53_0/libsrc/dppsu_v1_6/src -s libs  "SHELL=CMD" "COMPILER=aarch64-none-elf-gcc" "ASSEMBLER=aarch64-none-elf-
TRACE::2026-02-05.20:02:35::SCWMssOS::as" "ARCHIVER=aarch64-none-elf-ar" "COMPILER_FLAGS=  -O2 -c" "EXTRA_COMPILER_FLAGS=-g -Wall -Wextra -fno-tree-loop-distribute-p
TRACE::2026-02-05.20:02:35::SCWMssOS::atterns"

TRACE::2026-02-05.20:02:35::SCWMssOS::"Compiling dppsu"

TRACE::2026-02-05.20:02:37::SCWMssOS::'Finished building libraries sequentially.'

TRACE::2026-02-05.20:02:37::SCWMssOS::make -j 10 --no-print-directory par_libs

TRACE::2026-02-05.20:02:37::SCWMssOS::"Running Make include in psu_cortexa53_0/libsrc/avbuf_v2_5/src"

TRACE::2026-02-05.20:02:37::SCWMssOS::"Running Make include in psu_cortexa53_0/libsrc/axipmon_v6_9/src"

TRACE::2026-02-05.20:02:37::SCWMssOS::make -C psu_cortexa53_0/libsrc/avbuf_v2_5/src -s include  "SHELL=CMD" "COMPILER=aarch64-none-elf-gcc" "ASSEMBLER=aarch64-none-e
TRACE::2026-02-05.20:02:37::SCWMssOS::lf-as" "ARCHIVER=aarch64-none-elf-ar" "COMPILER_FLAGS=  -O2 -c" "EXTRA_COMPILER_FLAGS=-g -Wall -Wextra -fno-tree-loop-distribut
TRACE::2026-02-05.20:02:37::SCWMssOS::e-patterns"

TRACE::2026-02-05.20:02:37::SCWMssOS::make -C psu_cortexa53_0/libsrc/axipmon_v6_9/src -s include  "SHELL=CMD" "COMPILER=aarch64-none-elf-gcc" "ASSEMBLER=aarch64-none
TRACE::2026-02-05.20:02:37::SCWMssOS::-elf-as" "ARCHIVER=aarch64-none-elf-ar" "COMPILER_FLAGS=  -O2 -c" "EXTRA_COMPILER_FLAGS=-g -Wall -Wextra -fno-tree-loop-distrib
TRACE::2026-02-05.20:02:37::SCWMssOS::ute-patterns"

TRACE::2026-02-05.20:02:37::SCWMssOS::"Running Make include in psu_cortexa53_0/libsrc/clockps_v1_4/src"

TRACE::2026-02-05.20:02:37::SCWMssOS::"Running Make include in psu_cortexa53_0/libsrc/coresightps_dcc_v1_8/src"

TRACE::2026-02-05.20:02:37::SCWMssOS::make -C psu_cortexa53_0/libsrc/clockps_v1_4/src -s include  "SHELL=CMD" "COMPILER=aarch64-none-elf-gcc" "ASSEMBLER=aarch64-none
TRACE::2026-02-05.20:02:37::SCWMssOS::-elf-as" "ARCHIVER=aarch64-none-elf-ar" "COMPILER_FLAGS=  -O2 -c" "EXTRA_COMPILER_FLAGS=-g -Wall -Wextra -fno-tree-loop-distrib
TRACE::2026-02-05.20:02:37::SCWMssOS::ute-patterns"

TRACE::2026-02-05.20:02:37::SCWMssOS::make -C psu_cortexa53_0/libsrc/coresightps_dcc_v1_8/src -s include  "SHELL=CMD" "COMPILER=aarch64-none-elf-gcc" "ASSEMBLER=aarc
TRACE::2026-02-05.20:02:37::SCWMssOS::h64-none-elf-as" "ARCHIVER=aarch64-none-elf-ar" "COMPILER_FLAGS=  -O2 -c" "EXTRA_COMPILER_FLAGS=-g -Wall -Wextra -fno-tree-loop
TRACE::2026-02-05.20:02:37::SCWMssOS::-distribute-patterns"

TRACE::2026-02-05.20:02:37::SCWMssOS::"Running Make include in psu_cortexa53_0/libsrc/cpu_cortexa53_v2_0/src"

TRACE::2026-02-05.20:02:37::SCWMssOS::make -C psu_cortexa53_0/libsrc/cpu_cortexa53_v2_0/src -s include  "SHELL=CMD" "COMPILER=aarch64-none-elf-gcc" "ASSEMBLER=aarch6
TRACE::2026-02-05.20:02:37::SCWMssOS::4-none-elf-as" "ARCHIVER=aarch64-none-elf-ar" "COMPILER_FLAGS=  -O2 -c" "EXTRA_COMPILER_FLAGS=-g -Wall -Wextra -fno-tree-loop-d
TRACE::2026-02-05.20:02:37::SCWMssOS::istribute-patterns"

TRACE::2026-02-05.20:02:37::SCWMssOS::"Running Make include in psu_cortexa53_0/libsrc/csudma_v1_13/src"

TRACE::2026-02-05.20:02:37::SCWMssOS::make -C psu_cortexa53_0/libsrc/csudma_v1_13/src -s include  "SHELL=CMD" "COMPILER=aarch64-none-elf-gcc" "ASSEMBLER=aarch64-none
TRACE::2026-02-05.20:02:37::SCWMssOS::-elf-as" "ARCHIVER=aarch64-none-elf-ar" "COMPILER_FLAGS=  -O2 -c" "EXTRA_COMPILER_FLAGS=-g -Wall -Wextra -fno-tree-loop-distrib
TRACE::2026-02-05.20:02:37::SCWMssOS::ute-patterns"

TRACE::2026-02-05.20:02:37::SCWMssOS::"Running Make include in psu_cortexa53_0/libsrc/ddrcpsu_v1_4/src"

TRACE::2026-02-05.20:02:37::SCWMssOS::make -C psu_cortexa53_0/libsrc/ddrcpsu_v1_4/src -s include  "SHELL=CMD" "COMPILER=aarch64-none-elf-gcc" "ASSEMBLER=aarch64-none
TRACE::2026-02-05.20:02:37::SCWMssOS::-elf-as" "ARCHIVER=aarch64-none-elf-ar" "COMPILER_FLAGS=  -O2 -c" "EXTRA_COMPILER_FLAGS=-g -Wall -Wextra -fno-tree-loop-distrib
TRACE::2026-02-05.20:02:37::SCWMssOS::ute-patterns"

TRACE::2026-02-05.20:02:37::SCWMssOS::"Running Make include in psu_cortexa53_0/libsrc/dpdma_v1_4/src"

TRACE::2026-02-05.20:02:37::SCWMssOS::make -C psu_cortexa53_0/libsrc/dpdma_v1_4/src -s include  "SHELL=CMD" "COMPILER=aarch64-none-elf-gcc" "ASSEMBLER=aarch64-none-e
TRACE::2026-02-05.20:02:37::SCWMssOS::lf-as" "ARCHIVER=aarch64-none-elf-ar" "COMPILER_FLAGS=  -O2 -c" "EXTRA_COMPILER_FLAGS=-g -Wall -Wextra -fno-tree-loop-distribut
TRACE::2026-02-05.20:02:37::SCWMssOS::e-patterns"

TRACE::2026-02-05.20:02:37::SCWMssOS::"Running Make include in psu_cortexa53_0/libsrc/dppsu_v1_6/src"

TRACE::2026-02-05.20:02:37::SCWMssOS::make -C psu_cortexa53_0/libsrc/dppsu_v1_6/src -s include  "SHELL=CMD" "COMPILER=aarch64-none-elf-gcc" "ASSEMBLER=aarch64-none-e
TRACE::2026-02-05.20:02:37::SCWMssOS::lf-as" "ARCHIVER=aarch64-none-elf-ar" "COMPILER_FLAGS=  -O2 -c" "EXTRA_COMPILER_FLAGS=-g -Wall -Wextra -fno-tree-loop-distribut
TRACE::2026-02-05.20:02:37::SCWMssOS::e-patterns"

TRACE::2026-02-05.20:02:37::SCWMssOS::"Running Make include in psu_cortexa53_0/libsrc/emacps_v3_18/src"

TRACE::2026-02-05.20:02:37::SCWMssOS::make -C psu_cortexa53_0/libsrc/emacps_v3_18/src -s include  "SHELL=CMD" "COMPILER=aarch64-none-elf-gcc" "ASSEMBLER=aarch64-none
TRACE::2026-02-05.20:02:37::SCWMssOS::-elf-as" "ARCHIVER=aarch64-none-elf-ar" "COMPILER_FLAGS=  -O2 -c" "EXTRA_COMPILER_FLAGS=-g -Wall -Wextra -fno-tree-loop-distrib
TRACE::2026-02-05.20:02:37::SCWMssOS::ute-patterns"

TRACE::2026-02-05.20:02:37::SCWMssOS::"Running Make include in psu_cortexa53_0/libsrc/gpiops_v3_11/src"

TRACE::2026-02-05.20:02:37::SCWMssOS::make -C psu_cortexa53_0/libsrc/gpiops_v3_11/src -s include  "SHELL=CMD" "COMPILER=aarch64-none-elf-gcc" "ASSEMBLER=aarch64-none
TRACE::2026-02-05.20:02:37::SCWMssOS::-elf-as" "ARCHIVER=aarch64-none-elf-ar" "COMPILER_FLAGS=  -O2 -c" "EXTRA_COMPILER_FLAGS=-g -Wall -Wextra -fno-tree-loop-distrib
TRACE::2026-02-05.20:02:37::SCWMssOS::ute-patterns"

TRACE::2026-02-05.20:02:37::SCWMssOS::"Running Make include in psu_cortexa53_0/libsrc/iicps_v3_17/src"

TRACE::2026-02-05.20:02:37::SCWMssOS::make -C psu_cortexa53_0/libsrc/iicps_v3_17/src -s include  "SHELL=CMD" "COMPILER=aarch64-none-elf-gcc" "ASSEMBLER=aarch64-none-
TRACE::2026-02-05.20:02:37::SCWMssOS::elf-as" "ARCHIVER=aarch64-none-elf-ar" "COMPILER_FLAGS=  -O2 -c" "EXTRA_COMPILER_FLAGS=-g -Wall -Wextra -fno-tree-loop-distribu
TRACE::2026-02-05.20:02:37::SCWMssOS::te-patterns"

TRACE::2026-02-05.20:02:37::SCWMssOS::"Running Make include in psu_cortexa53_0/libsrc/ipipsu_v2_13/src"

TRACE::2026-02-05.20:02:37::SCWMssOS::make -C psu_cortexa53_0/libsrc/ipipsu_v2_13/src -s include  "SHELL=CMD" "COMPILER=aarch64-none-elf-gcc" "ASSEMBLER=aarch64-none
TRACE::2026-02-05.20:02:37::SCWMssOS::-elf-as" "ARCHIVER=aarch64-none-elf-ar" "COMPILER_FLAGS=  -O2 -c" "EXTRA_COMPILER_FLAGS=-g -Wall -Wextra -fno-tree-loop-distrib
TRACE::2026-02-05.20:02:37::SCWMssOS::ute-patterns"

TRACE::2026-02-05.20:02:37::SCWMssOS::"Running Make include in psu_cortexa53_0/libsrc/pciepsu_v1_5/src"

TRACE::2026-02-05.20:02:37::SCWMssOS::"Running Make include in psu_cortexa53_0/libsrc/qspipsu_v1_17/src"

TRACE::2026-02-05.20:02:37::SCWMssOS::make -C psu_cortexa53_0/libsrc/pciepsu_v1_5/src -s include  "SHELL=CMD" "COMPILER=aarch64-none-elf-gcc" "ASSEMBLER=aarch64-none
TRACE::2026-02-05.20:02:37::SCWMssOS::-elf-as" "ARCHIVER=aarch64-none-elf-ar" "COMPILER_FLAGS=  -O2 -c" "EXTRA_COMPILER_FLAGS=-g -Wall -Wextra -fno-tree-loop-distrib
TRACE::2026-02-05.20:02:37::SCWMssOS::ute-patterns"

TRACE::2026-02-05.20:02:37::SCWMssOS::make -C psu_cortexa53_0/libsrc/qspipsu_v1_17/src -s include  "SHELL=CMD" "COMPILER=aarch64-none-elf-gcc" "ASSEMBLER=aarch64-non
TRACE::2026-02-05.20:02:37::SCWMssOS::e-elf-as" "ARCHIVER=aarch64-none-elf-ar" "COMPILER_FLAGS=  -O2 -c" "EXTRA_COMPILER_FLAGS=-g -Wall -Wextra -fno-tree-loop-distri
TRACE::2026-02-05.20:02:37::SCWMssOS::bute-patterns"

TRACE::2026-02-05.20:02:37::SCWMssOS::"Running Make include in psu_cortexa53_0/libsrc/resetps_v1_5/src"

TRACE::2026-02-05.20:02:37::SCWMssOS::make -C psu_cortexa53_0/libsrc/resetps_v1_5/src -s include  "SHELL=CMD" "COMPILER=aarch64-none-elf-gcc" "ASSEMBLER=aarch64-none
TRACE::2026-02-05.20:02:37::SCWMssOS::-elf-as" "ARCHIVER=aarch64-none-elf-ar" "COMPILER_FLAGS=  -O2 -c" "EXTRA_COMPILER_FLAGS=-g -Wall -Wextra -fno-tree-loop-distrib
TRACE::2026-02-05.20:02:37::SCWMssOS::ute-patterns"

TRACE::2026-02-05.20:02:37::SCWMssOS::"Running Make include in psu_cortexa53_0/libsrc/rtcpsu_v1_12/src"

TRACE::2026-02-05.20:02:37::SCWMssOS::"Running Make include in psu_cortexa53_0/libsrc/scugic_v5_1/src"

TRACE::2026-02-05.20:02:37::SCWMssOS::make -C psu_cortexa53_0/libsrc/rtcpsu_v1_12/src -s include  "SHELL=CMD" "COMPILER=aarch64-none-elf-gcc" "ASSEMBLER=aarch64-none
TRACE::2026-02-05.20:02:37::SCWMssOS::-elf-as" "ARCHIVER=aarch64-none-elf-ar" "COMPILER_FLAGS=  -O2 -c" "EXTRA_COMPILER_FLAGS=-g -Wall -Wextra -fno-tree-loop-distrib
TRACE::2026-02-05.20:02:37::SCWMssOS::ute-patterns"

TRACE::2026-02-05.20:02:37::SCWMssOS::make -C psu_cortexa53_0/libsrc/scugic_v5_1/src -s include  "SHELL=CMD" "COMPILER=aarch64-none-elf-gcc" "ASSEMBLER=aarch64-none-
TRACE::2026-02-05.20:02:37::SCWMssOS::elf-as" "ARCHIVER=aarch64-none-elf-ar" "COMPILER_FLAGS=  -O2 -c" "EXTRA_COMPILER_FLAGS=-g -Wall -Wextra -fno-tree-loop-distribu
TRACE::2026-02-05.20:02:37::SCWMssOS::te-patterns"

TRACE::2026-02-05.20:02:37::SCWMssOS::"Running Make include in psu_cortexa53_0/libsrc/sdps_v4_1/src"

TRACE::2026-02-05.20:02:37::SCWMssOS::make -C psu_cortexa53_0/libsrc/sdps_v4_1/src -s include  "SHELL=CMD" "COMPILER=aarch64-none-elf-gcc" "ASSEMBLER=aarch64-none-el
TRACE::2026-02-05.20:02:37::SCWMssOS::f-as" "ARCHIVER=aarch64-none-elf-ar" "COMPILER_FLAGS=  -O2 -c" "EXTRA_COMPILER_FLAGS=-g -Wall -Wextra -fno-tree-loop-distribute
TRACE::2026-02-05.20:02:37::SCWMssOS::-patterns"

TRACE::2026-02-05.20:02:37::SCWMssOS::"Running Make include in psu_cortexa53_0/libsrc/standalone_v8_1/src"

TRACE::2026-02-05.20:02:37::SCWMssOS::"Running Make include in psu_cortexa53_0/libsrc/sysmonpsu_v2_8/src"

TRACE::2026-02-05.20:02:37::SCWMssOS::make -C psu_cortexa53_0/libsrc/standalone_v8_1/src -s include  "SHELL=CMD" "COMPILER=aarch64-none-elf-gcc" "ASSEMBLER=aarch64-n
TRACE::2026-02-05.20:02:37::SCWMssOS::one-elf-as" "ARCHIVER=aarch64-none-elf-ar" "COMPILER_FLAGS=  -O2 -c" "EXTRA_COMPILER_FLAGS=-g -Wall -Wextra -fno-tree-loop-dist
TRACE::2026-02-05.20:02:37::SCWMssOS::ribute-patterns"

TRACE::2026-02-05.20:02:37::SCWMssOS::make -C psu_cortexa53_0/libsrc/sysmonpsu_v2_8/src -s include  "SHELL=CMD" "COMPILER=aarch64-none-elf-gcc" "ASSEMBLER=aarch64-no
TRACE::2026-02-05.20:02:37::SCWMssOS::ne-elf-as" "ARCHIVER=aarch64-none-elf-ar" "COMPILER_FLAGS=  -O2 -c" "EXTRA_COMPILER_FLAGS=-g -Wall -Wextra -fno-tree-loop-distr
TRACE::2026-02-05.20:02:37::SCWMssOS::ibute-patterns"

TRACE::2026-02-05.20:02:37::SCWMssOS::"Running Make include in psu_cortexa53_0/libsrc/ttcps_v3_17/src"

TRACE::2026-02-05.20:02:37::SCWMssOS::make -C psu_cortexa53_0/libsrc/ttcps_v3_17/src -s include  "SHELL=CMD" "COMPILER=aarch64-none-elf-gcc" "ASSEMBLER=aarch64-none-
TRACE::2026-02-05.20:02:37::SCWMssOS::elf-as" "ARCHIVER=aarch64-none-elf-ar" "COMPILER_FLAGS=  -O2 -c" "EXTRA_COMPILER_FLAGS=-g -Wall -Wextra -fno-tree-loop-distribu
TRACE::2026-02-05.20:02:37::SCWMssOS::te-patterns"

TRACE::2026-02-05.20:02:37::SCWMssOS::"Running Make include in psu_cortexa53_0/libsrc/uartps_v3_12/src"

TRACE::2026-02-05.20:02:37::SCWMssOS::make -C psu_cortexa53_0/libsrc/uartps_v3_12/src -s include  "SHELL=CMD" "COMPILER=aarch64-none-elf-gcc" "ASSEMBLER=aarch64-none
TRACE::2026-02-05.20:02:37::SCWMssOS::-elf-as" "ARCHIVER=aarch64-none-elf-ar" "COMPILER_FLAGS=  -O2 -c" "EXTRA_COMPILER_FLAGS=-g -Wall -Wextra -fno-tree-loop-distrib
TRACE::2026-02-05.20:02:37::SCWMssOS::ute-patterns"

TRACE::2026-02-05.20:02:37::SCWMssOS::"Running Make include in psu_cortexa53_0/libsrc/usbpsu_v1_13/src"

TRACE::2026-02-05.20:02:37::SCWMssOS::"Running Make include in psu_cortexa53_0/libsrc/video_common_v4_13/src"

TRACE::2026-02-05.20:02:37::SCWMssOS::make -C psu_cortexa53_0/libsrc/usbpsu_v1_13/src -s include  "SHELL=CMD" "COMPILER=aarch64-none-elf-gcc" "ASSEMBLER=aarch64-none
TRACE::2026-02-05.20:02:37::SCWMssOS::-elf-as" "ARCHIVER=aarch64-none-elf-ar" "COMPILER_FLAGS=  -O2 -c" "EXTRA_COMPILER_FLAGS=-g -Wall -Wextra -fno-tree-loop-distrib
TRACE::2026-02-05.20:02:37::SCWMssOS::ute-patterns"

TRACE::2026-02-05.20:02:37::SCWMssOS::make -C psu_cortexa53_0/libsrc/video_common_v4_13/src -s include  "SHELL=CMD" "COMPILER=aarch64-none-elf-gcc" "ASSEMBLER=aarch6
TRACE::2026-02-05.20:02:37::SCWMssOS::4-none-elf-as" "ARCHIVER=aarch64-none-elf-ar" "COMPILER_FLAGS=  -O2 -c" "EXTRA_COMPILER_FLAGS=-g -Wall -Wextra -fno-tree-loop-d
TRACE::2026-02-05.20:02:37::SCWMssOS::istribute-patterns"

TRACE::2026-02-05.20:02:37::SCWMssOS::"Running Make include in psu_cortexa53_0/libsrc/zdma_v1_16/src"

TRACE::2026-02-05.20:02:37::SCWMssOS::make -C psu_cortexa53_0/libsrc/zdma_v1_16/src -s include  "SHELL=CMD" "COMPILER=aarch64-none-elf-gcc" "ASSEMBLER=aarch64-none-e
TRACE::2026-02-05.20:02:37::SCWMssOS::lf-as" "ARCHIVER=aarch64-none-elf-ar" "COMPILER_FLAGS=  -O2 -c" "EXTRA_COMPILER_FLAGS=-g -Wall -Wextra -fno-tree-loop-distribut
TRACE::2026-02-05.20:02:37::SCWMssOS::e-patterns"

TRACE::2026-02-05.20:02:37::SCWMssOS::"Running Make libs in psu_cortexa53_0/libsrc/axipmon_v6_9/src"

TRACE::2026-02-05.20:02:37::SCWMssOS::make -C psu_cortexa53_0/libsrc/axipmon_v6_9/src -s libs  "SHELL=CMD" "COMPILER=aarch64-none-elf-gcc" "ASSEMBLER=aarch64-none-el
TRACE::2026-02-05.20:02:37::SCWMssOS::f-as" "ARCHIVER=aarch64-none-elf-ar" "COMPILER_FLAGS=  -O2 -c" "EXTRA_COMPILER_FLAGS=-g -Wall -Wextra -fno-tree-loop-distribute
TRACE::2026-02-05.20:02:37::SCWMssOS::-patterns"

TRACE::2026-02-05.20:02:37::SCWMssOS::"Running Make libs in psu_cortexa53_0/libsrc/clockps_v1_4/src"

TRACE::2026-02-05.20:02:37::SCWMssOS::"Running Make libs in psu_cortexa53_0/libsrc/coresightps_dcc_v1_8/src"

TRACE::2026-02-05.20:02:37::SCWMssOS::make -C psu_cortexa53_0/libsrc/clockps_v1_4/src -s libs  "SHELL=CMD" "COMPILER=aarch64-none-elf-gcc" "ASSEMBLER=aarch64-none-el
TRACE::2026-02-05.20:02:37::SCWMssOS::f-as" "ARCHIVER=aarch64-none-elf-ar" "COMPILER_FLAGS=  -O2 -c" "EXTRA_COMPILER_FLAGS=-g -Wall -Wextra -fno-tree-loop-distribute
TRACE::2026-02-05.20:02:37::SCWMssOS::-patterns"

TRACE::2026-02-05.20:02:37::SCWMssOS::make -C psu_cortexa53_0/libsrc/coresightps_dcc_v1_8/src -s libs  "SHELL=CMD" "COMPILER=aarch64-none-elf-gcc" "ASSEMBLER=aarch64
TRACE::2026-02-05.20:02:37::SCWMssOS::-none-elf-as" "ARCHIVER=aarch64-none-elf-ar" "COMPILER_FLAGS=  -O2 -c" "EXTRA_COMPILER_FLAGS=-g -Wall -Wextra -fno-tree-loop-di
TRACE::2026-02-05.20:02:37::SCWMssOS::stribute-patterns"

TRACE::2026-02-05.20:02:38::SCWMssOS::"Running Make libs in psu_cortexa53_0/libsrc/cpu_cortexa53_v2_0/src"

TRACE::2026-02-05.20:02:38::SCWMssOS::make -C psu_cortexa53_0/libsrc/cpu_cortexa53_v2_0/src -s libs  "SHELL=CMD" "COMPILER=aarch64-none-elf-gcc" "ASSEMBLER=aarch64-n
TRACE::2026-02-05.20:02:38::SCWMssOS::one-elf-as" "ARCHIVER=aarch64-none-elf-ar" "COMPILER_FLAGS=  -O2 -c" "EXTRA_COMPILER_FLAGS=-g -Wall -Wextra -fno-tree-loop-dist
TRACE::2026-02-05.20:02:38::SCWMssOS::ribute-patterns"

TRACE::2026-02-05.20:02:38::SCWMssOS::"Running Make libs in psu_cortexa53_0/libsrc/csudma_v1_13/src"

TRACE::2026-02-05.20:02:38::SCWMssOS::make -C psu_cortexa53_0/libsrc/csudma_v1_13/src -s libs  "SHELL=CMD" "COMPILER=aarch64-none-elf-gcc" "ASSEMBLER=aarch64-none-el
TRACE::2026-02-05.20:02:38::SCWMssOS::f-as" "ARCHIVER=aarch64-none-elf-ar" "COMPILER_FLAGS=  -O2 -c" "EXTRA_COMPILER_FLAGS=-g -Wall -Wextra -fno-tree-loop-distribute
TRACE::2026-02-05.20:02:38::SCWMssOS::-patterns"

TRACE::2026-02-05.20:02:38::SCWMssOS::"Running Make libs in psu_cortexa53_0/libsrc/ddrcpsu_v1_4/src"

TRACE::2026-02-05.20:02:38::SCWMssOS::make -C psu_cortexa53_0/libsrc/ddrcpsu_v1_4/src -s libs  "SHELL=CMD" "COMPILER=aarch64-none-elf-gcc" "ASSEMBLER=aarch64-none-el
TRACE::2026-02-05.20:02:38::SCWMssOS::f-as" "ARCHIVER=aarch64-none-elf-ar" "COMPILER_FLAGS=  -O2 -c" "EXTRA_COMPILER_FLAGS=-g -Wall -Wextra -fno-tree-loop-distribute
TRACE::2026-02-05.20:02:38::SCWMssOS::-patterns"

TRACE::2026-02-05.20:02:38::SCWMssOS::"Running Make libs in psu_cortexa53_0/libsrc/emacps_v3_18/src"

TRACE::2026-02-05.20:02:38::SCWMssOS::make -C psu_cortexa53_0/libsrc/emacps_v3_18/src -s libs  "SHELL=CMD" "COMPILER=aarch64-none-elf-gcc" "ASSEMBLER=aarch64-none-el
TRACE::2026-02-05.20:02:38::SCWMssOS::f-as" "ARCHIVER=aarch64-none-elf-ar" "COMPILER_FLAGS=  -O2 -c" "EXTRA_COMPILER_FLAGS=-g -Wall -Wextra -fno-tree-loop-distribute
TRACE::2026-02-05.20:02:38::SCWMssOS::-patterns"

TRACE::2026-02-05.20:02:38::SCWMssOS::"Running Make libs in psu_cortexa53_0/libsrc/gpiops_v3_11/src"

TRACE::2026-02-05.20:02:38::SCWMssOS::make -C psu_cortexa53_0/libsrc/gpiops_v3_11/src -s libs  "SHELL=CMD" "COMPILER=aarch64-none-elf-gcc" "ASSEMBLER=aarch64-none-el
TRACE::2026-02-05.20:02:38::SCWMssOS::f-as" "ARCHIVER=aarch64-none-elf-ar" "COMPILER_FLAGS=  -O2 -c" "EXTRA_COMPILER_FLAGS=-g -Wall -Wextra -fno-tree-loop-distribute
TRACE::2026-02-05.20:02:38::SCWMssOS::-patterns"

TRACE::2026-02-05.20:02:38::SCWMssOS::"Running Make libs in psu_cortexa53_0/libsrc/iicps_v3_17/src"

TRACE::2026-02-05.20:02:38::SCWMssOS::make -C psu_cortexa53_0/libsrc/iicps_v3_17/src -s libs  "SHELL=CMD" "COMPILER=aarch64-none-elf-gcc" "ASSEMBLER=aarch64-none-elf
TRACE::2026-02-05.20:02:38::SCWMssOS::-as" "ARCHIVER=aarch64-none-elf-ar" "COMPILER_FLAGS=  -O2 -c" "EXTRA_COMPILER_FLAGS=-g -Wall -Wextra -fno-tree-loop-distribute-
TRACE::2026-02-05.20:02:38::SCWMssOS::patterns"

TRACE::2026-02-05.20:02:39::SCWMssOS::"Running Make libs in psu_cortexa53_0/libsrc/ipipsu_v2_13/src"

TRACE::2026-02-05.20:02:39::SCWMssOS::make -C psu_cortexa53_0/libsrc/ipipsu_v2_13/src -s libs  "SHELL=CMD" "COMPILER=aarch64-none-elf-gcc" "ASSEMBLER=aarch64-none-el
TRACE::2026-02-05.20:02:39::SCWMssOS::f-as" "ARCHIVER=aarch64-none-elf-ar" "COMPILER_FLAGS=  -O2 -c" "EXTRA_COMPILER_FLAGS=-g -Wall -Wextra -fno-tree-loop-distribute
TRACE::2026-02-05.20:02:39::SCWMssOS::-patterns"

TRACE::2026-02-05.20:02:39::SCWMssOS::"Running Make libs in psu_cortexa53_0/libsrc/pciepsu_v1_5/src"

TRACE::2026-02-05.20:02:39::SCWMssOS::make -C psu_cortexa53_0/libsrc/pciepsu_v1_5/src -s libs  "SHELL=CMD" "COMPILER=aarch64-none-elf-gcc" "ASSEMBLER=aarch64-none-el
TRACE::2026-02-05.20:02:39::SCWMssOS::f-as" "ARCHIVER=aarch64-none-elf-ar" "COMPILER_FLAGS=  -O2 -c" "EXTRA_COMPILER_FLAGS=-g -Wall -Wextra -fno-tree-loop-distribute
TRACE::2026-02-05.20:02:39::SCWMssOS::-patterns"

TRACE::2026-02-05.20:02:39::SCWMssOS::"Running Make libs in psu_cortexa53_0/libsrc/qspipsu_v1_17/src"

TRACE::2026-02-05.20:02:39::SCWMssOS::make -C psu_cortexa53_0/libsrc/qspipsu_v1_17/src -s libs  "SHELL=CMD" "COMPILER=aarch64-none-elf-gcc" "ASSEMBLER=aarch64-none-e
TRACE::2026-02-05.20:02:39::SCWMssOS::lf-as" "ARCHIVER=aarch64-none-elf-ar" "COMPILER_FLAGS=  -O2 -c" "EXTRA_COMPILER_FLAGS=-g -Wall -Wextra -fno-tree-loop-distribut
TRACE::2026-02-05.20:02:39::SCWMssOS::e-patterns"

TRACE::2026-02-05.20:02:39::SCWMssOS::"Running Make libs in psu_cortexa53_0/libsrc/resetps_v1_5/src"

TRACE::2026-02-05.20:02:39::SCWMssOS::make -C psu_cortexa53_0/libsrc/resetps_v1_5/src -s libs  "SHELL=CMD" "COMPILER=aarch64-none-elf-gcc" "ASSEMBLER=aarch64-none-el
TRACE::2026-02-05.20:02:39::SCWMssOS::f-as" "ARCHIVER=aarch64-none-elf-ar" "COMPILER_FLAGS=  -O2 -c" "EXTRA_COMPILER_FLAGS=-g -Wall -Wextra -fno-tree-loop-distribute
TRACE::2026-02-05.20:02:39::SCWMssOS::-patterns"

TRACE::2026-02-05.20:02:40::SCWMssOS::"Running Make libs in psu_cortexa53_0/libsrc/rtcpsu_v1_12/src"

TRACE::2026-02-05.20:02:40::SCWMssOS::make -C psu_cortexa53_0/libsrc/rtcpsu_v1_12/src -s libs  "SHELL=CMD" "COMPILER=aarch64-none-elf-gcc" "ASSEMBLER=aarch64-none-el
TRACE::2026-02-05.20:02:40::SCWMssOS::f-as" "ARCHIVER=aarch64-none-elf-ar" "COMPILER_FLAGS=  -O2 -c" "EXTRA_COMPILER_FLAGS=-g -Wall -Wextra -fno-tree-loop-distribute
TRACE::2026-02-05.20:02:40::SCWMssOS::-patterns"

TRACE::2026-02-05.20:02:40::SCWMssOS::"Running Make libs in psu_cortexa53_0/libsrc/scugic_v5_1/src"

TRACE::2026-02-05.20:02:40::SCWMssOS::make -C psu_cortexa53_0/libsrc/scugic_v5_1/src -s libs  "SHELL=CMD" "COMPILER=aarch64-none-elf-gcc" "ASSEMBLER=aarch64-none-elf
TRACE::2026-02-05.20:02:40::SCWMssOS::-as" "ARCHIVER=aarch64-none-elf-ar" "COMPILER_FLAGS=  -O2 -c" "EXTRA_COMPILER_FLAGS=-g -Wall -Wextra -fno-tree-loop-distribute-
TRACE::2026-02-05.20:02:40::SCWMssOS::patterns"

TRACE::2026-02-05.20:02:40::SCWMssOS::"Running Make libs in psu_cortexa53_0/libsrc/sdps_v4_1/src"

TRACE::2026-02-05.20:02:40::SCWMssOS::make -C psu_cortexa53_0/libsrc/sdps_v4_1/src -s libs  "SHELL=CMD" "COMPILER=aarch64-none-elf-gcc" "ASSEMBLER=aarch64-none-elf-a
TRACE::2026-02-05.20:02:40::SCWMssOS::s" "ARCHIVER=aarch64-none-elf-ar" "COMPILER_FLAGS=  -O2 -c" "EXTRA_COMPILER_FLAGS=-g -Wall -Wextra -fno-tree-loop-distribute-pa
TRACE::2026-02-05.20:02:40::SCWMssOS::tterns"

TRACE::2026-02-05.20:02:40::SCWMssOS::"Running Make libs in psu_cortexa53_0/libsrc/standalone_v8_1/src"

TRACE::2026-02-05.20:02:40::SCWMssOS::make -C psu_cortexa53_0/libsrc/standalone_v8_1/src -s libs  "SHELL=CMD" "COMPILER=aarch64-none-elf-gcc" "ASSEMBLER=aarch64-none
TRACE::2026-02-05.20:02:40::SCWMssOS::-elf-as" "ARCHIVER=aarch64-none-elf-ar" "COMPILER_FLAGS=  -O2 -c" "EXTRA_COMPILER_FLAGS=-g -Wall -Wextra -fno-tree-loop-distrib
TRACE::2026-02-05.20:02:40::SCWMssOS::ute-patterns"

TRACE::2026-02-05.20:02:40::SCWMssOS::"Running Make libs in psu_cortexa53_0/libsrc/sysmonpsu_v2_8/src"

TRACE::2026-02-05.20:02:40::SCWMssOS::make -C psu_cortexa53_0/libsrc/sysmonpsu_v2_8/src -s libs  "SHELL=CMD" "COMPILER=aarch64-none-elf-gcc" "ASSEMBLER=aarch64-none-
TRACE::2026-02-05.20:02:40::SCWMssOS::elf-as" "ARCHIVER=aarch64-none-elf-ar" "COMPILER_FLAGS=  -O2 -c" "EXTRA_COMPILER_FLAGS=-g -Wall -Wextra -fno-tree-loop-distribu
TRACE::2026-02-05.20:02:40::SCWMssOS::te-patterns"

TRACE::2026-02-05.20:02:40::SCWMssOS::"Running Make libs in psu_cortexa53_0/libsrc/ttcps_v3_17/src"

TRACE::2026-02-05.20:02:40::SCWMssOS::make -C psu_cortexa53_0/libsrc/ttcps_v3_17/src -s libs  "SHELL=CMD" "COMPILER=aarch64-none-elf-gcc" "ASSEMBLER=aarch64-none-elf
TRACE::2026-02-05.20:02:40::SCWMssOS::-as" "ARCHIVER=aarch64-none-elf-ar" "COMPILER_FLAGS=  -O2 -c" "EXTRA_COMPILER_FLAGS=-g -Wall -Wextra -fno-tree-loop-distribute-
TRACE::2026-02-05.20:02:40::SCWMssOS::patterns"

TRACE::2026-02-05.20:02:40::SCWMssOS::"Running Make libs in psu_cortexa53_0/libsrc/uartps_v3_12/src"

TRACE::2026-02-05.20:02:40::SCWMssOS::make -C psu_cortexa53_0/libsrc/uartps_v3_12/src -s libs  "SHELL=CMD" "COMPILER=aarch64-none-elf-gcc" "ASSEMBLER=aarch64-none-el
TRACE::2026-02-05.20:02:40::SCWMssOS::f-as" "ARCHIVER=aarch64-none-elf-ar" "COMPILER_FLAGS=  -O2 -c" "EXTRA_COMPILER_FLAGS=-g -Wall -Wextra -fno-tree-loop-distribute
TRACE::2026-02-05.20:02:40::SCWMssOS::-patterns"

TRACE::2026-02-05.20:02:41::SCWMssOS::"Running Make libs in psu_cortexa53_0/libsrc/usbpsu_v1_13/src"

TRACE::2026-02-05.20:02:41::SCWMssOS::make -C psu_cortexa53_0/libsrc/usbpsu_v1_13/src -s libs  "SHELL=CMD" "COMPILER=aarch64-none-elf-gcc" "ASSEMBLER=aarch64-none-el
TRACE::2026-02-05.20:02:41::SCWMssOS::f-as" "ARCHIVER=aarch64-none-elf-ar" "COMPILER_FLAGS=  -O2 -c" "EXTRA_COMPILER_FLAGS=-g -Wall -Wextra -fno-tree-loop-distribute
TRACE::2026-02-05.20:02:41::SCWMssOS::-patterns"

TRACE::2026-02-05.20:02:41::SCWMssOS::"Running Make libs in psu_cortexa53_0/libsrc/video_common_v4_13/src"

TRACE::2026-02-05.20:02:41::SCWMssOS::make -C psu_cortexa53_0/libsrc/video_common_v4_13/src -s libs  "SHELL=CMD" "COMPILER=aarch64-none-elf-gcc" "ASSEMBLER=aarch64-n
TRACE::2026-02-05.20:02:41::SCWMssOS::one-elf-as" "ARCHIVER=aarch64-none-elf-ar" "COMPILER_FLAGS=  -O2 -c" "EXTRA_COMPILER_FLAGS=-g -Wall -Wextra -fno-tree-loop-dist
TRACE::2026-02-05.20:02:41::SCWMssOS::ribute-patterns"

TRACE::2026-02-05.20:02:41::SCWMssOS::"Running Make libs in psu_cortexa53_0/libsrc/zdma_v1_16/src"

TRACE::2026-02-05.20:02:41::SCWMssOS::make -C psu_cortexa53_0/libsrc/zdma_v1_16/src -s libs  "SHELL=CMD" "COMPILER=aarch64-none-elf-gcc" "ASSEMBLER=aarch64-none-elf-
TRACE::2026-02-05.20:02:41::SCWMssOS::as" "ARCHIVER=aarch64-none-elf-ar" "COMPILER_FLAGS=  -O2 -c" "EXTRA_COMPILER_FLAGS=-g -Wall -Wextra -fno-tree-loop-distribute-p
TRACE::2026-02-05.20:02:41::SCWMssOS::atterns"

TRACE::2026-02-05.20:02:43::SCWMssOS::'Finished building libraries parallelly.'

TRACE::2026-02-05.20:02:43::SCWMssOS::make --no-print-directory archive

TRACE::2026-02-05.20:02:43::SCWMssOS::aarch64-none-elf-ar -r  psu_cortexa53_0/lib/libxil.a psu_cortexa53_0/lib/_exit.o psu_cortexa53_0/lib/_open.o psu_cortexa53_0/li
TRACE::2026-02-05.20:02:43::SCWMssOS::b/_sbrk.o psu_cortexa53_0/lib/abort.o psu_cortexa53_0/lib/asm_vectors.o psu_cortexa53_0/lib/boot.o psu_cortexa53_0/lib/close.o 
TRACE::2026-02-05.20:02:43::SCWMssOS::psu_cortexa53_0/lib/cpputest_time.o psu_cortexa53_0/lib/errno.o psu_cortexa53_0/lib/fcntl.o psu_cortexa53_0/lib/fstat.o psu_cor
TRACE::2026-02-05.20:02:43::SCWMssOS::texa53_0/lib/getentropy.o psu_cortexa53_0/lib/getpid.o psu_cortexa53_0/lib/inbyte.o psu_cortexa53_0/lib/initialise_monitor_hand
TRACE::2026-02-05.20:02:43::SCWMssOS::les.o psu_cortexa53_0/lib/isatty.o psu_cortexa53_0/lib/kill.o psu_cortexa53_0/lib/lseek.o psu_cortexa53_0/lib/open.o psu_cortex
TRACE::2026-02-05.20:02:43::SCWMssOS::a53_0/lib/outbyte.o psu_cortexa53_0/lib/print.o psu_cortexa53_0/lib/putnum.o psu_cortexa53_0/lib/read.o psu_cortexa53_0/lib/sbr
TRACE::2026-02-05.20:02:43::SCWMssOS::k.o psu_cortexa53_0/lib/sleep.o psu_cortexa53_0/lib/time.o psu_cortexa53_0/lib/translation_table.o psu_cortexa53_0/lib/unlink.o
TRACE::2026-02-05.20:02:43::SCWMssOS:: psu_cortexa53_0/lib/vectors.o psu_cortexa53_0/lib/write.o psu_cortexa53_0/lib/xaxipmon.o psu_cortexa53_0/lib/xaxipmon_g.o psu_
TRACE::2026-02-05.20:02:43::SCWMssOS::cortexa53_0/lib/xaxipmon_selftest.o psu_cortexa53_0/lib/xaxipmon_sinit.o psu_cortexa53_0/lib/xclockps.o psu_cortexa53_0/lib/xcl
TRACE::2026-02-05.20:02:43::SCWMssOS::ockps_divider.o psu_cortexa53_0/lib/xclockps_fixedfactor.o psu_cortexa53_0/lib/xclockps_g.o psu_cortexa53_0/lib/xclockps_gate.o
TRACE::2026-02-05.20:02:43::SCWMssOS:: psu_cortexa53_0/lib/xclockps_mux.o psu_cortexa53_0/lib/xclockps_pll.o psu_cortexa53_0/lib/xclockps_sinit.o psu_cortexa53_0/lib
TRACE::2026-02-05.20:02:43::SCWMssOS::/xcoresightpsdcc.o psu_cortexa53_0/lib/xcsudma.o psu_cortexa53_0/lib/xcsudma_g.o psu_cortexa53_0/lib/xcsudma_intr.o psu_cortexa
TRACE::2026-02-05.20:02:43::SCWMssOS::53_0/lib/xcsudma_selftest.o psu_cortexa53_0/lib/xcsudma_sinit.o psu_cortexa53_0/lib/xemacps.o psu_cortexa53_0/lib/xemacps_bdrin
TRACE::2026-02-05.20:02:43::SCWMssOS::g.o psu_cortexa53_0/lib/xemacps_control.o psu_cortexa53_0/lib/xemacps_g.o psu_cortexa53_0/lib/xemacps_hw.o psu_cortexa53_0/lib/
TRACE::2026-02-05.20:02:43::SCWMssOS::xemacps_intr.o psu_cortexa53_0/lib/xemacps_sinit.o psu_cortexa53_0/lib/xgpiops.o psu_cortexa53_0/lib/xgpiops_g.o psu_cortexa53_
TRACE::2026-02-05.20:02:43::SCWMssOS::0/lib/xgpiops_hw.o psu_cortexa53_0/lib/xgpiops_intr.o psu_cortexa53_0/lib/xgpiops_selftest.o psu_cortexa53_0/lib/xgpiops_sinit.
TRACE::2026-02-05.20:02:43::SCWMssOS::o psu_cortexa53_0/lib/xiicps.o psu_cortexa53_0/lib/xiicps_g.o psu_cortexa53_0/lib/xiicps_hw.o psu_cortexa53_0/lib/xiicps_intr.o
TRACE::2026-02-05.20:02:43::SCWMssOS:: psu_cortexa53_0/lib/xiicps_master.o psu_cortexa53_0/lib/xiicps_options.o psu_cortexa53_0/lib/xiicps_selftest.o psu_cortexa53_0
TRACE::2026-02-05.20:02:43::SCWMssOS::/lib/xiicps_sinit.o psu_cortexa53_0/lib/xiicps_slave.o psu_cortexa53_0/lib/xiicps_xfer.o psu_cortexa53_0/lib/xil-crt0.o psu_cor
TRACE::2026-02-05.20:02:43::SCWMssOS::texa53_0/lib/xil_assert.o psu_cortexa53_0/lib/xil_cache.o psu_cortexa53_0/lib/xil_clocking.o psu_cortexa53_0/lib/xil_exception.
TRACE::2026-02-05.20:02:43::SCWMssOS::o psu_cortexa53_0/lib/xil_mem.o psu_cortexa53_0/lib/xil_mmu.o psu_cortexa53_0/lib/xil_printf.o psu_cortexa53_0/lib/xil_sleepcom
TRACE::2026-02-05.20:02:43::SCWMssOS::mon.o psu_cortexa53_0/lib/xil_sleeptimer.o psu_cortexa53_0/lib/xil_smc.o psu_cortexa53_0/lib/xil_spinlock.o psu_cortexa53_0/lib
TRACE::2026-02-05.20:02:43::SCWMssOS::/xil_testcache.o psu_cortexa53_0/lib/xil_testio.o psu_cortexa53_0/lib/xil_testmem.o psu_cortexa53_0/lib/xil_util.o psu_cortexa5
TRACE::2026-02-05.20:02:43::SCWMssOS::3_0/lib/xinterrupt_wrap.o psu_cortexa53_0/lib/xipipsu.o psu_cortexa53_0/lib/xipipsu_buf.o psu_cortexa53_0/lib/xipipsu_g.o psu_c
TRACE::2026-02-05.20:02:43::SCWMssOS::ortexa53_0/lib/xipipsu_sinit.o psu_cortexa53_0/lib/xpciepsu.o psu_cortexa53_0/lib/xpciepsu_caps.o psu_cortexa53_0/lib/xpciepsu_
TRACE::2026-02-05.20:02:43::SCWMssOS::ep.o psu_cortexa53_0/lib/xpciepsu_g.o psu_cortexa53_0/lib/xpciepsu_sinit.o psu_cortexa53_0/lib/xplatform_info.o psu_cortexa53_0
TRACE::2026-02-05.20:02:43::SCWMssOS::/lib/xpm_counter.o psu_cortexa53_0/lib/xqspipsu.o psu_cortexa53_0/lib/xqspipsu_control.o psu_cortexa53_0/lib/xqspipsu_g.o psu_c
TRACE::2026-02-05.20:02:43::SCWMssOS::ortexa53_0/lib/xqspipsu_hw.o psu_cortexa53_0/lib/xqspipsu_options.o psu_cortexa53_0/lib/xqspipsu_sinit.o psu_cortexa53_0/lib/xr
TRACE::2026-02-05.20:02:43::SCWMssOS::esetps.o psu_cortexa53_0/lib/xresetps_g.o psu_cortexa53_0/lib/xresetps_sinit.o psu_cortexa53_0/lib/xrtcpsu.o psu_cortexa53_0/li
TRACE::2026-02-05.20:02:43::SCWMssOS::b/xrtcpsu_g.o psu_cortexa53_0/lib/xrtcpsu_intr.o psu_cortexa53_0/lib/xrtcpsu_selftest.o psu_cortexa53_0/lib/xrtcpsu_sinit.o psu
TRACE::2026-02-05.20:02:43::SCWMssOS::_cortexa53_0/lib/xscugic.o psu_cortexa53_0/lib/xscugic_g.o psu_cortexa53_0/lib/xscugic_hw.o psu_cortexa53_0/lib/xscugic_intr.o 
TRACE::2026-02-05.20:02:43::SCWMssOS::psu_cortexa53_0/lib/xscugic_selftest.o psu_cortexa53_0/lib/xscugic_sinit.o psu_cortexa53_0/lib/xsdps.o psu_cortexa53_0/lib/xsdp
TRACE::2026-02-05.20:02:43::SCWMssOS::s_card.o psu_cortexa53_0/lib/xsdps_g.o psu_cortexa53_0/lib/xsdps_host.o psu_cortexa53_0/lib/xsdps_options.o psu_cortexa53_0/lib
TRACE::2026-02-05.20:02:43::SCWMssOS::/xsdps_sinit.o psu_cortexa53_0/lib/xsysmonpsu.o psu_cortexa53_0/lib/xsysmonpsu_g.o psu_cortexa53_0/lib/xsysmonpsu_intr.o psu_co
TRACE::2026-02-05.20:02:43::SCWMssOS::rtexa53_0/lib/xsysmonpsu_selftest.o psu_cortexa53_0/lib/xsysmonpsu_sinit.o psu_cortexa53_0/lib/xtime_l.o psu_cortexa53_0/lib/xt
TRACE::2026-02-05.20:02:43::SCWMssOS::tcps.o psu_cortexa53_0/lib/xttcps_g.o psu_cortexa53_0/lib/xttcps_options.o psu_cortexa53_0/lib/xttcps_selftest.o psu_cortexa53_
TRACE::2026-02-05.20:02:43::SCWMssOS::0/lib/xttcps_sinit.o psu_cortexa53_0/lib/xuartps.o psu_cortexa53_0/lib/xuartps_g.o psu_cortexa53_0/lib/xuartps_hw.o psu_cortexa
TRACE::2026-02-05.20:02:43::SCWMssOS::53_0/lib/xuartps_intr.o psu_cortexa53_0/lib/xuartps_options.o psu_cortexa53_0/lib/xuartps_selftest.o psu_cortexa53_0/lib/xuartp
TRACE::2026-02-05.20:02:43::SCWMssOS::s_sinit.o psu_cortexa53_0/lib/xusbpsu.o psu_cortexa53_0/lib/xusbpsu_command.o psu_cortexa53_0/lib/xusbpsu_controltransfers.o ps
TRACE::2026-02-05.20:02:43::SCWMssOS::u_cortexa53_0/lib/xusbpsu_device.o psu_cortexa53_0/lib/xusbpsu_endpoint.o psu_cortexa53_0/lib/xusbpsu_ep0handler.o psu_cortexa5
TRACE::2026-02-05.20:02:43::SCWMssOS::3_0/lib/xusbpsu_ephandler.o psu_cortexa53_0/lib/xusbpsu_event.o psu_cortexa53_0/lib/xusbpsu_g.o psu_cortexa53_0/lib/xusbpsu_hib
TRACE::2026-02-05.20:02:43::SCWMssOS::ernation.o psu_cortexa53_0/lib/xusbpsu_intr.o psu_cortexa53_0/lib/xusbpsu_sinit.o psu_cortexa53_0/lib/xvidc.o psu_cortexa53_0/l
TRACE::2026-02-05.20:02:43::SCWMssOS::ib/xvidc_edid.o psu_cortexa53_0/lib/xvidc_edid_ext.o psu_cortexa53_0/lib/xvidc_parse_edid.o psu_cortexa53_0/lib/xvidc_timings_t
TRACE::2026-02-05.20:02:43::SCWMssOS::able.o psu_cortexa53_0/lib/xzdma.o psu_cortexa53_0/lib/xzdma_g.o psu_cortexa53_0/lib/xzdma_intr.o psu_cortexa53_0/lib/xzdma_sel
TRACE::2026-02-05.20:02:43::SCWMssOS::ftest.o psu_cortexa53_0/lib/xzdma_sinit.o

TRACE::2026-02-05.20:02:43::SCWMssOS::'Finished building libraries'

TRACE::2026-02-05.20:02:43::SCWMssOS::Copying to export directory.
TRACE::2026-02-05.20:02:44::SCWMssOS:: Checking if to create the Supporting Applications
TRACE::2026-02-05.20:02:44::SCWMssOS:: No Linux domain exists, trying to generate FSBL 
LOG::2026-02-05.20:02:44::SCWSystem::Completed Processing the domain standalone_psu_cortexa53_0
LOG::2026-02-05.20:02:44::SCWSystem::Completed Processing the sysconfig design_1_wrapper
LOG::2026-02-05.20:02:44::SCWPlatform::Completed generating the artifacts for system configuration design_1_wrapper
TRACE::2026-02-05.20:02:44::SCWPlatform::Started preparing the platform 
TRACE::2026-02-05.20:02:44::SCWSystem::Writing the bif file for system config design_1_wrapper
TRACE::2026-02-05.20:02:44::SCWSystem::dir created 
TRACE::2026-02-05.20:02:44::SCWSystem::Writing the bif 
TRACE::2026-02-05.20:02:44::SCWPlatform::Started writing the spfm file 
TRACE::2026-02-05.20:02:44::SCWPlatform::Started writing the xpfm file 
TRACE::2026-02-05.20:02:44::SCWPlatform::Completed generating the platform
TRACE::2026-02-05.20:02:44::SCWMssOS::Saving the mss changes C:/TFG_Vivado/mis_pruebas/hil_puerto_serie/vitis/design_1_wrapper/zynqmp_fsbl/zynqmp_fsbl_bsp/system.mss
TRACE::2026-02-05.20:02:44::SCWMssOS::Found a swdesign opened with the mssfile.
TRACE::2026-02-05.20:02:44::SCWMssOS::Completed writemss as part of save.
TRACE::2026-02-05.20:02:44::SCWMssOS::Commit changes completed.
TRACE::2026-02-05.20:02:44::SCWMssOS::Saving the mss changes C:/TFG_Vivado/mis_pruebas/hil_puerto_serie/vitis/design_1_wrapper/zynqmp_pmufw/zynqmp_pmufw_bsp/system.mss
TRACE::2026-02-05.20:02:44::SCWMssOS::Found a swdesign opened with the mssfile.
TRACE::2026-02-05.20:02:44::SCWMssOS::Completed writemss as part of save.
TRACE::2026-02-05.20:02:44::SCWMssOS::Commit changes completed.
TRACE::2026-02-05.20:02:44::SCWMssOS::Saving the mss changes C:/TFG_Vivado/mis_pruebas/hil_puerto_serie/vitis/design_1_wrapper/psu_cortexa53_0/standalone_psu_cortexa53_0/bsp/system.mss
TRACE::2026-02-05.20:02:44::SCWMssOS::Found a swdesign opened with the mssfile.
TRACE::2026-02-05.20:02:44::SCWMssOS::Completed writemss as part of save.
TRACE::2026-02-05.20:02:44::SCWMssOS::Commit changes completed.
TRACE::2026-02-05.20:02:44::SCWPlatform::Trying to open the hw design at C:/TFG_Vivado/mis_pruebas/hil_puerto_serie/vitis/design_1_wrapper/hw/design_1_wrapper.xsa
TRACE::2026-02-05.20:02:44::SCWPlatform::DSA given C:/TFG_Vivado/mis_pruebas/hil_puerto_serie/vitis/design_1_wrapper/hw/design_1_wrapper.xsa
TRACE::2026-02-05.20:02:44::SCWPlatform::DSA absoulate path C:/TFG_Vivado/mis_pruebas/hil_puerto_serie/vitis/design_1_wrapper/hw/design_1_wrapper.xsa
TRACE::2026-02-05.20:02:44::SCWPlatform::DSA directory C:/TFG_Vivado/mis_pruebas/hil_puerto_serie/vitis/design_1_wrapper/hw
TRACE::2026-02-05.20:02:44::SCWPlatform:: Platform Path C:/TFG_Vivado/mis_pruebas/hil_puerto_serie/vitis/design_1_wrapper/hw/design_1_wrapper.xsa
TRACE::2026-02-05.20:02:44::SCWPlatform:: Unique name xilinx:::0.0
TRACE::2026-02-05.20:02:44::SCWPlatform::Trying to set the existing hwdb with name design_1_wrapper_0
TRACE::2026-02-05.20:02:44::SCWPlatform::Opened existing hwdb design_1_wrapper_0
TRACE::2026-02-05.20:02:44::SCWPlatform::Found the Hw Db part of the input DSA
TRACE::2026-02-05.20:02:44::SCWMssOS::Checking the sw design at  C:/TFG_Vivado/mis_pruebas/hil_puerto_serie/vitis/design_1_wrapper/zynqmp_fsbl/zynqmp_fsbl_bsp/system.mss
TRACE::2026-02-05.20:02:44::SCWMssOS::DEBUG:  swdes dump  C:/TFG_Vivado/mis_pruebas/hil_puerto_serie/vitis/design_1_wrapper/psu_cortexa53_0/standalone_psu_cortexa53_0/bsp/system.mss|system_1||
C:/TFG_Vivado/mis_pruebas/hil_puerto_serie/vitis/design_1_wrapper/zynqmp_fsbl/zynqmp_fsbl_bsp/system.mss|system||
C:/TFG_Vivado/mis_pruebas/hil_puerto_serie/vitis/design_1_wrapper/zynqmp_pmufw/zynqmp_pmufw_bsp/system.mss|system_0||

TRACE::2026-02-05.20:02:44::SCWMssOS::Sw design exists and opened at  C:/TFG_Vivado/mis_pruebas/hil_puerto_serie/vitis/design_1_wrapper/zynqmp_fsbl/zynqmp_fsbl_bsp/system.mss
TRACE::2026-02-05.20:02:44::SCWPlatform::Trying to open the hw design at C:/TFG_Vivado/mis_pruebas/hil_puerto_serie/vitis/design_1_wrapper/hw/design_1_wrapper.xsa
TRACE::2026-02-05.20:02:44::SCWPlatform::DSA given C:/TFG_Vivado/mis_pruebas/hil_puerto_serie/vitis/design_1_wrapper/hw/design_1_wrapper.xsa
TRACE::2026-02-05.20:02:44::SCWPlatform::DSA absoulate path C:/TFG_Vivado/mis_pruebas/hil_puerto_serie/vitis/design_1_wrapper/hw/design_1_wrapper.xsa
TRACE::2026-02-05.20:02:44::SCWPlatform::DSA directory C:/TFG_Vivado/mis_pruebas/hil_puerto_serie/vitis/design_1_wrapper/hw
TRACE::2026-02-05.20:02:44::SCWPlatform:: Platform Path C:/TFG_Vivado/mis_pruebas/hil_puerto_serie/vitis/design_1_wrapper/hw/design_1_wrapper.xsa
TRACE::2026-02-05.20:02:44::SCWPlatform:: Unique name xilinx:::0.0
TRACE::2026-02-05.20:02:44::SCWPlatform::Trying to set the existing hwdb with name design_1_wrapper_0
TRACE::2026-02-05.20:02:44::SCWPlatform::Opened existing hwdb design_1_wrapper_0
TRACE::2026-02-05.20:02:44::SCWPlatform::Found the Hw Db part of the input DSA
TRACE::2026-02-05.20:02:44::SCWMssOS::Checking the sw design at  C:/TFG_Vivado/mis_pruebas/hil_puerto_serie/vitis/design_1_wrapper/zynqmp_fsbl/zynqmp_fsbl_bsp/system.mss
TRACE::2026-02-05.20:02:44::SCWMssOS::DEBUG:  swdes dump  C:/TFG_Vivado/mis_pruebas/hil_puerto_serie/vitis/design_1_wrapper/psu_cortexa53_0/standalone_psu_cortexa53_0/bsp/system.mss|system_1||
C:/TFG_Vivado/mis_pruebas/hil_puerto_serie/vitis/design_1_wrapper/zynqmp_fsbl/zynqmp_fsbl_bsp/system.mss|system||
C:/TFG_Vivado/mis_pruebas/hil_puerto_serie/vitis/design_1_wrapper/zynqmp_pmufw/zynqmp_pmufw_bsp/system.mss|system_0||

TRACE::2026-02-05.20:02:44::SCWMssOS::Sw design exists and opened at  C:/TFG_Vivado/mis_pruebas/hil_puerto_serie/vitis/design_1_wrapper/zynqmp_fsbl/zynqmp_fsbl_bsp/system.mss
TRACE::2026-02-05.20:02:44::SCWPlatform::Trying to open the hw design at C:/TFG_Vivado/mis_pruebas/hil_puerto_serie/vitis/design_1_wrapper/hw/design_1_wrapper.xsa
TRACE::2026-02-05.20:02:44::SCWPlatform::DSA given C:/TFG_Vivado/mis_pruebas/hil_puerto_serie/vitis/design_1_wrapper/hw/design_1_wrapper.xsa
TRACE::2026-02-05.20:02:44::SCWPlatform::DSA absoulate path C:/TFG_Vivado/mis_pruebas/hil_puerto_serie/vitis/design_1_wrapper/hw/design_1_wrapper.xsa
TRACE::2026-02-05.20:02:44::SCWPlatform::DSA directory C:/TFG_Vivado/mis_pruebas/hil_puerto_serie/vitis/design_1_wrapper/hw
TRACE::2026-02-05.20:02:44::SCWPlatform:: Platform Path C:/TFG_Vivado/mis_pruebas/hil_puerto_serie/vitis/design_1_wrapper/hw/design_1_wrapper.xsa
TRACE::2026-02-05.20:02:44::SCWPlatform:: Unique name xilinx:::0.0
TRACE::2026-02-05.20:02:44::SCWPlatform::Trying to set the existing hwdb with name design_1_wrapper_0
TRACE::2026-02-05.20:02:44::SCWPlatform::Opened existing hwdb design_1_wrapper_0
TRACE::2026-02-05.20:02:44::SCWPlatform::Found the Hw Db part of the input DSA
TRACE::2026-02-05.20:02:44::SCWMssOS::Checking the sw design at  C:/TFG_Vivado/mis_pruebas/hil_puerto_serie/vitis/design_1_wrapper/zynqmp_fsbl/zynqmp_fsbl_bsp/system.mss
TRACE::2026-02-05.20:02:44::SCWMssOS::DEBUG:  swdes dump  C:/TFG_Vivado/mis_pruebas/hil_puerto_serie/vitis/design_1_wrapper/psu_cortexa53_0/standalone_psu_cortexa53_0/bsp/system.mss|system_1||
C:/TFG_Vivado/mis_pruebas/hil_puerto_serie/vitis/design_1_wrapper/zynqmp_fsbl/zynqmp_fsbl_bsp/system.mss|system||
C:/TFG_Vivado/mis_pruebas/hil_puerto_serie/vitis/design_1_wrapper/zynqmp_pmufw/zynqmp_pmufw_bsp/system.mss|system_0||

TRACE::2026-02-05.20:02:44::SCWMssOS::Sw design exists and opened at  C:/TFG_Vivado/mis_pruebas/hil_puerto_serie/vitis/design_1_wrapper/zynqmp_fsbl/zynqmp_fsbl_bsp/system.mss
TRACE::2026-02-05.20:02:44::SCWPlatform::Trying to open the hw design at C:/TFG_Vivado/mis_pruebas/hil_puerto_serie/vitis/design_1_wrapper/hw/design_1_wrapper.xsa
TRACE::2026-02-05.20:02:44::SCWPlatform::DSA given C:/TFG_Vivado/mis_pruebas/hil_puerto_serie/vitis/design_1_wrapper/hw/design_1_wrapper.xsa
TRACE::2026-02-05.20:02:44::SCWPlatform::DSA absoulate path C:/TFG_Vivado/mis_pruebas/hil_puerto_serie/vitis/design_1_wrapper/hw/design_1_wrapper.xsa
TRACE::2026-02-05.20:02:44::SCWPlatform::DSA directory C:/TFG_Vivado/mis_pruebas/hil_puerto_serie/vitis/design_1_wrapper/hw
TRACE::2026-02-05.20:02:44::SCWPlatform:: Platform Path C:/TFG_Vivado/mis_pruebas/hil_puerto_serie/vitis/design_1_wrapper/hw/design_1_wrapper.xsa
TRACE::2026-02-05.20:02:44::SCWPlatform:: Unique name xilinx:::0.0
TRACE::2026-02-05.20:02:44::SCWPlatform::Trying to set the existing hwdb with name design_1_wrapper_0
TRACE::2026-02-05.20:02:44::SCWPlatform::Opened existing hwdb design_1_wrapper_0
TRACE::2026-02-05.20:02:44::SCWPlatform::Found the Hw Db part of the input DSA
TRACE::2026-02-05.20:02:44::SCWMssOS::Checking the sw design at  C:/TFG_Vivado/mis_pruebas/hil_puerto_serie/vitis/design_1_wrapper/zynqmp_pmufw/zynqmp_pmufw_bsp/system.mss
TRACE::2026-02-05.20:02:44::SCWMssOS::DEBUG:  swdes dump  C:/TFG_Vivado/mis_pruebas/hil_puerto_serie/vitis/design_1_wrapper/psu_cortexa53_0/standalone_psu_cortexa53_0/bsp/system.mss|system_1||
C:/TFG_Vivado/mis_pruebas/hil_puerto_serie/vitis/design_1_wrapper/zynqmp_fsbl/zynqmp_fsbl_bsp/system.mss|system||
C:/TFG_Vivado/mis_pruebas/hil_puerto_serie/vitis/design_1_wrapper/zynqmp_pmufw/zynqmp_pmufw_bsp/system.mss|system_0||

TRACE::2026-02-05.20:02:44::SCWMssOS::Sw design exists and opened at  C:/TFG_Vivado/mis_pruebas/hil_puerto_serie/vitis/design_1_wrapper/zynqmp_pmufw/zynqmp_pmufw_bsp/system.mss
TRACE::2026-02-05.20:02:44::SCWPlatform::Trying to open the hw design at C:/TFG_Vivado/mis_pruebas/hil_puerto_serie/vitis/design_1_wrapper/hw/design_1_wrapper.xsa
TRACE::2026-02-05.20:02:44::SCWPlatform::DSA given C:/TFG_Vivado/mis_pruebas/hil_puerto_serie/vitis/design_1_wrapper/hw/design_1_wrapper.xsa
TRACE::2026-02-05.20:02:44::SCWPlatform::DSA absoulate path C:/TFG_Vivado/mis_pruebas/hil_puerto_serie/vitis/design_1_wrapper/hw/design_1_wrapper.xsa
TRACE::2026-02-05.20:02:44::SCWPlatform::DSA directory C:/TFG_Vivado/mis_pruebas/hil_puerto_serie/vitis/design_1_wrapper/hw
TRACE::2026-02-05.20:02:44::SCWPlatform:: Platform Path C:/TFG_Vivado/mis_pruebas/hil_puerto_serie/vitis/design_1_wrapper/hw/design_1_wrapper.xsa
TRACE::2026-02-05.20:02:44::SCWPlatform:: Unique name xilinx:::0.0
TRACE::2026-02-05.20:02:44::SCWPlatform::Trying to set the existing hwdb with name design_1_wrapper_0
TRACE::2026-02-05.20:02:44::SCWPlatform::Opened existing hwdb design_1_wrapper_0
TRACE::2026-02-05.20:02:44::SCWPlatform::Found the Hw Db part of the input DSA
TRACE::2026-02-05.20:02:44::SCWMssOS::Checking the sw design at  C:/TFG_Vivado/mis_pruebas/hil_puerto_serie/vitis/design_1_wrapper/zynqmp_pmufw/zynqmp_pmufw_bsp/system.mss
TRACE::2026-02-05.20:02:44::SCWMssOS::DEBUG:  swdes dump  C:/TFG_Vivado/mis_pruebas/hil_puerto_serie/vitis/design_1_wrapper/psu_cortexa53_0/standalone_psu_cortexa53_0/bsp/system.mss|system_1||
C:/TFG_Vivado/mis_pruebas/hil_puerto_serie/vitis/design_1_wrapper/zynqmp_fsbl/zynqmp_fsbl_bsp/system.mss|system||
C:/TFG_Vivado/mis_pruebas/hil_puerto_serie/vitis/design_1_wrapper/zynqmp_pmufw/zynqmp_pmufw_bsp/system.mss|system_0||

TRACE::2026-02-05.20:02:44::SCWMssOS::Sw design exists and opened at  C:/TFG_Vivado/mis_pruebas/hil_puerto_serie/vitis/design_1_wrapper/zynqmp_pmufw/zynqmp_pmufw_bsp/system.mss
TRACE::2026-02-05.20:02:44::SCWPlatform::Trying to open the hw design at C:/TFG_Vivado/mis_pruebas/hil_puerto_serie/vitis/design_1_wrapper/hw/design_1_wrapper.xsa
TRACE::2026-02-05.20:02:44::SCWPlatform::DSA given C:/TFG_Vivado/mis_pruebas/hil_puerto_serie/vitis/design_1_wrapper/hw/design_1_wrapper.xsa
TRACE::2026-02-05.20:02:44::SCWPlatform::DSA absoulate path C:/TFG_Vivado/mis_pruebas/hil_puerto_serie/vitis/design_1_wrapper/hw/design_1_wrapper.xsa
TRACE::2026-02-05.20:02:44::SCWPlatform::DSA directory C:/TFG_Vivado/mis_pruebas/hil_puerto_serie/vitis/design_1_wrapper/hw
TRACE::2026-02-05.20:02:44::SCWPlatform:: Platform Path C:/TFG_Vivado/mis_pruebas/hil_puerto_serie/vitis/design_1_wrapper/hw/design_1_wrapper.xsa
TRACE::2026-02-05.20:02:44::SCWPlatform:: Unique name xilinx:::0.0
TRACE::2026-02-05.20:02:44::SCWPlatform::Trying to set the existing hwdb with name design_1_wrapper_0
TRACE::2026-02-05.20:02:44::SCWPlatform::Opened existing hwdb design_1_wrapper_0
TRACE::2026-02-05.20:02:44::SCWPlatform::Found the Hw Db part of the input DSA
TRACE::2026-02-05.20:02:44::SCWMssOS::Checking the sw design at  C:/TFG_Vivado/mis_pruebas/hil_puerto_serie/vitis/design_1_wrapper/zynqmp_pmufw/zynqmp_pmufw_bsp/system.mss
TRACE::2026-02-05.20:02:44::SCWMssOS::DEBUG:  swdes dump  C:/TFG_Vivado/mis_pruebas/hil_puerto_serie/vitis/design_1_wrapper/psu_cortexa53_0/standalone_psu_cortexa53_0/bsp/system.mss|system_1||
C:/TFG_Vivado/mis_pruebas/hil_puerto_serie/vitis/design_1_wrapper/zynqmp_fsbl/zynqmp_fsbl_bsp/system.mss|system||
C:/TFG_Vivado/mis_pruebas/hil_puerto_serie/vitis/design_1_wrapper/zynqmp_pmufw/zynqmp_pmufw_bsp/system.mss|system_0||

TRACE::2026-02-05.20:02:44::SCWMssOS::Sw design exists and opened at  C:/TFG_Vivado/mis_pruebas/hil_puerto_serie/vitis/design_1_wrapper/zynqmp_pmufw/zynqmp_pmufw_bsp/system.mss
TRACE::2026-02-05.20:02:44::SCWPlatform::Trying to open the hw design at C:/TFG_Vivado/mis_pruebas/hil_puerto_serie/vitis/design_1_wrapper/hw/design_1_wrapper.xsa
TRACE::2026-02-05.20:02:44::SCWPlatform::DSA given C:/TFG_Vivado/mis_pruebas/hil_puerto_serie/vitis/design_1_wrapper/hw/design_1_wrapper.xsa
TRACE::2026-02-05.20:02:44::SCWPlatform::DSA absoulate path C:/TFG_Vivado/mis_pruebas/hil_puerto_serie/vitis/design_1_wrapper/hw/design_1_wrapper.xsa
TRACE::2026-02-05.20:02:44::SCWPlatform::DSA directory C:/TFG_Vivado/mis_pruebas/hil_puerto_serie/vitis/design_1_wrapper/hw
TRACE::2026-02-05.20:02:44::SCWPlatform:: Platform Path C:/TFG_Vivado/mis_pruebas/hil_puerto_serie/vitis/design_1_wrapper/hw/design_1_wrapper.xsa
TRACE::2026-02-05.20:02:44::SCWPlatform:: Unique name xilinx:::0.0
TRACE::2026-02-05.20:02:44::SCWPlatform::Trying to set the existing hwdb with name design_1_wrapper_0
TRACE::2026-02-05.20:02:44::SCWPlatform::Opened existing hwdb design_1_wrapper_0
TRACE::2026-02-05.20:02:44::SCWPlatform::Found the Hw Db part of the input DSA
TRACE::2026-02-05.20:02:44::SCWMssOS::Checking the sw design at  C:/TFG_Vivado/mis_pruebas/hil_puerto_serie/vitis/design_1_wrapper/psu_cortexa53_0/standalone_psu_cortexa53_0/bsp/system.mss
TRACE::2026-02-05.20:02:44::SCWMssOS::DEBUG:  swdes dump  C:/TFG_Vivado/mis_pruebas/hil_puerto_serie/vitis/design_1_wrapper/psu_cortexa53_0/standalone_psu_cortexa53_0/bsp/system.mss|system_1||
C:/TFG_Vivado/mis_pruebas/hil_puerto_serie/vitis/design_1_wrapper/zynqmp_fsbl/zynqmp_fsbl_bsp/system.mss|system||
C:/TFG_Vivado/mis_pruebas/hil_puerto_serie/vitis/design_1_wrapper/zynqmp_pmufw/zynqmp_pmufw_bsp/system.mss|system_0||

TRACE::2026-02-05.20:02:44::SCWMssOS::Sw design exists and opened at  C:/TFG_Vivado/mis_pruebas/hil_puerto_serie/vitis/design_1_wrapper/psu_cortexa53_0/standalone_psu_cortexa53_0/bsp/system.mss
TRACE::2026-02-05.20:02:44::SCWPlatform::Trying to open the hw design at C:/TFG_Vivado/mis_pruebas/hil_puerto_serie/vitis/design_1_wrapper/hw/design_1_wrapper.xsa
TRACE::2026-02-05.20:02:44::SCWPlatform::DSA given C:/TFG_Vivado/mis_pruebas/hil_puerto_serie/vitis/design_1_wrapper/hw/design_1_wrapper.xsa
TRACE::2026-02-05.20:02:44::SCWPlatform::DSA absoulate path C:/TFG_Vivado/mis_pruebas/hil_puerto_serie/vitis/design_1_wrapper/hw/design_1_wrapper.xsa
TRACE::2026-02-05.20:02:44::SCWPlatform::DSA directory C:/TFG_Vivado/mis_pruebas/hil_puerto_serie/vitis/design_1_wrapper/hw
TRACE::2026-02-05.20:02:44::SCWPlatform:: Platform Path C:/TFG_Vivado/mis_pruebas/hil_puerto_serie/vitis/design_1_wrapper/hw/design_1_wrapper.xsa
TRACE::2026-02-05.20:02:44::SCWPlatform:: Unique name xilinx:::0.0
TRACE::2026-02-05.20:02:44::SCWPlatform::Trying to set the existing hwdb with name design_1_wrapper_0
TRACE::2026-02-05.20:02:44::SCWPlatform::Opened existing hwdb design_1_wrapper_0
TRACE::2026-02-05.20:02:44::SCWPlatform::Found the Hw Db part of the input DSA
TRACE::2026-02-05.20:02:44::SCWMssOS::Checking the sw design at  C:/TFG_Vivado/mis_pruebas/hil_puerto_serie/vitis/design_1_wrapper/psu_cortexa53_0/standalone_psu_cortexa53_0/bsp/system.mss
TRACE::2026-02-05.20:02:44::SCWMssOS::DEBUG:  swdes dump  C:/TFG_Vivado/mis_pruebas/hil_puerto_serie/vitis/design_1_wrapper/psu_cortexa53_0/standalone_psu_cortexa53_0/bsp/system.mss|system_1||
C:/TFG_Vivado/mis_pruebas/hil_puerto_serie/vitis/design_1_wrapper/zynqmp_fsbl/zynqmp_fsbl_bsp/system.mss|system||
C:/TFG_Vivado/mis_pruebas/hil_puerto_serie/vitis/design_1_wrapper/zynqmp_pmufw/zynqmp_pmufw_bsp/system.mss|system_0||

TRACE::2026-02-05.20:02:44::SCWMssOS::Sw design exists and opened at  C:/TFG_Vivado/mis_pruebas/hil_puerto_serie/vitis/design_1_wrapper/psu_cortexa53_0/standalone_psu_cortexa53_0/bsp/system.mss
TRACE::2026-02-05.20:02:44::SCWPlatform::Trying to open the hw design at C:/TFG_Vivado/mis_pruebas/hil_puerto_serie/vitis/design_1_wrapper/hw/design_1_wrapper.xsa
TRACE::2026-02-05.20:02:44::SCWPlatform::DSA given C:/TFG_Vivado/mis_pruebas/hil_puerto_serie/vitis/design_1_wrapper/hw/design_1_wrapper.xsa
TRACE::2026-02-05.20:02:44::SCWPlatform::DSA absoulate path C:/TFG_Vivado/mis_pruebas/hil_puerto_serie/vitis/design_1_wrapper/hw/design_1_wrapper.xsa
TRACE::2026-02-05.20:02:44::SCWPlatform::DSA directory C:/TFG_Vivado/mis_pruebas/hil_puerto_serie/vitis/design_1_wrapper/hw
TRACE::2026-02-05.20:02:44::SCWPlatform:: Platform Path C:/TFG_Vivado/mis_pruebas/hil_puerto_serie/vitis/design_1_wrapper/hw/design_1_wrapper.xsa
TRACE::2026-02-05.20:02:44::SCWPlatform:: Unique name xilinx:::0.0
TRACE::2026-02-05.20:02:44::SCWPlatform::Trying to set the existing hwdb with name design_1_wrapper_0
TRACE::2026-02-05.20:02:44::SCWPlatform::Opened existing hwdb design_1_wrapper_0
TRACE::2026-02-05.20:02:44::SCWPlatform::Found the Hw Db part of the input DSA
TRACE::2026-02-05.20:02:44::SCWMssOS::Checking the sw design at  C:/TFG_Vivado/mis_pruebas/hil_puerto_serie/vitis/design_1_wrapper/psu_cortexa53_0/standalone_psu_cortexa53_0/bsp/system.mss
TRACE::2026-02-05.20:02:44::SCWMssOS::DEBUG:  swdes dump  C:/TFG_Vivado/mis_pruebas/hil_puerto_serie/vitis/design_1_wrapper/psu_cortexa53_0/standalone_psu_cortexa53_0/bsp/system.mss|system_1||
C:/TFG_Vivado/mis_pruebas/hil_puerto_serie/vitis/design_1_wrapper/zynqmp_fsbl/zynqmp_fsbl_bsp/system.mss|system||
C:/TFG_Vivado/mis_pruebas/hil_puerto_serie/vitis/design_1_wrapper/zynqmp_pmufw/zynqmp_pmufw_bsp/system.mss|system_0||

TRACE::2026-02-05.20:02:44::SCWMssOS::Sw design exists and opened at  C:/TFG_Vivado/mis_pruebas/hil_puerto_serie/vitis/design_1_wrapper/psu_cortexa53_0/standalone_psu_cortexa53_0/bsp/system.mss
TRACE::2026-02-05.20:02:44::SCWWriter::formatted JSON is {
	"platformName":	"design_1_wrapper",
	"sprVersion":	"2.0",
	"mode":	"gui",
	"dsaType":	"Fixed",
	"platformDesc":	"design_1_wrapper",
	"platHandOff":	"<platformDir>.xsa",
	"platIntHandOff":	"<platformDir>/hw/design_1_wrapper.xsa",
	"deviceType":	"zynqMP",
	"platIsPrebuiltAutogen":	"false",
	"platIsNoBootBsp":	"false",
	"platFsblTarget":	"psu_cortexa53_0",
	"hasFsblMakeHasChanges":	"false",
	"hasPmufwMakeHasChanges":	"false",
	"fsblExtraCompilerFlags":	"-MMD -MP      -Wall -fmessage-length=0 -DARMA53_64 -Os -flto -ffat-lto-objects  ",
	"pmufwExtraCompilerFlags":	"-MMD -MP      -mlittle-endian -mxl-barrel-shift -mxl-pattern-compare -mcpu=v9.2 -mxl-soft-mul -Os -flto -ffat-lto-objects  ",
	"platPreBuiltFlag":	false,
	"platformSamplesDir":	"",
	"platActiveSys":	"design_1_wrapper",
	"systems":	[{
			"systemName":	"design_1_wrapper",
			"systemDesc":	"design_1_wrapper",
			"sysIsBootAutoGen":	"true",
			"systemDispName":	"design_1_wrapper",
			"sysActiveDom":	"standalone_psu_cortexa53_0",
			"sysDefaultDom":	"standalone_psu_cortexa53_0",
			"domains":	[{
					"domainName":	"zynqmp_fsbl",
					"domainDispName":	"zynqmp_fsbl",
					"domainDesc":	"FSBL Application BSP - Auto Generated.",
					"processors":	"psu_cortexa53_0",
					"os":	"standalone",
					"sdxOs":	"standalone",
					"debugEnable":	"",
					"domRuntimes":	["cpp"],
					"swRepo":	"",
					"mssOsVer":	"8.1",
					"mssFile":	"",
					"md5Digest":	"50ffef4a883d3ea676765d60b786a6e4",
					"compatibleApp":	"zynqmp_fsbl",
					"domType":	"bootDomain",
					"arch":	"64-bit",
					"appSettings":	{
						"appCompilerFlags":	"",
						"appLinkerFlags":	""
					},
					"addedLibs":	["xilffs:5.0", "xilsecure:5.1", "xilpm:5.0"],
					"libOptions":	{
						"standalone":	{
							"zynqmp_fsbl_bsp":	"true",
							"libOptionNames":	["zynqmp_fsbl_bsp"]
						},
						"xilffs":	{
							"read_only":	"true",
							"use_mkfs":	"false",
							"libOptionNames":	["read_only", "use_mkfs"]
						},
						"xilsecure":	{
							"tpm_support":	"true",
							"libOptionNames":	["tpm_support"]
						},
						"libsContainingOptions":	["standalone", "xilffs", "xilsecure"]
					},
					"prebuiltLibs":	{
						"prebuiltIncPath":	[],
						"prebuiltLibPath":	[]
					},
					"isolation":	{
					}
				}, {
					"domainName":	"zynqmp_pmufw",
					"domainDispName":	"zynqmp_pmufw",
					"domainDesc":	"PMUFW Application BSP - Auto Generated.",
					"processors":	"psu_pmu_0",
					"os":	"standalone",
					"sdxOs":	"standalone",
					"debugEnable":	"",
					"domRuntimes":	["cpp"],
					"swRepo":	"",
					"mssOsVer":	"8.1",
					"mssFile":	"",
					"md5Digest":	"f53f944c509d63eeaedc429f0d902726",
					"compatibleApp":	"zynqmp_pmufw",
					"domType":	"bootDomain",
					"arch":	"32-bit",
					"appSettings":	{
						"appCompilerFlags":	"",
						"appLinkerFlags":	""
					},
					"addedLibs":	["xilfpga:6.4", "xilsecure:5.1", "xilskey:7.4"],
					"libOptions":	{
						"psu_pmu_0":	{
							"extra_compiler_flags":	"-g -ffunction-sections -fdata-sections -Wall -Wextra -fno-tree-loop-distribute-patterns  -Os -flto -ffat-lto-objects",
							"libOptionNames":	["extra_compiler_flags"]
						},
						"libsContainingOptions":	["psu_pmu_0"]
					},
					"prebuiltLibs":	{
						"prebuiltIncPath":	[],
						"prebuiltLibPath":	[]
					},
					"isolation":	{
					}
				}, {
					"domainName":	"standalone_psu_cortexa53_0",
					"domainDispName":	"standalone_psu_cortexa53_0",
					"domainDesc":	"standalone_psu_cortexa53_0",
					"processors":	"psu_cortexa53_0",
					"os":	"standalone",
					"sdxOs":	"standalone",
					"qemuArgs":	"<platformDir>/resources/design_1_wrapper/standalone_psu_cortexa53_0/qemu_args.txt",
					"qemuData":	"<platformDir>/resources/design_1_wrapper/standalone_psu_cortexa53_0/qemu",
					"pmuQemuArgs":	"<platformDir>/resources/design_1_wrapper/standalone_psu_cortexa53_0/pmu_args.txt",
					"debugEnable":	"False",
					"domRuntimes":	["cpp"],
					"swRepo":	"",
					"mssOsVer":	"8.1",
					"mssFile":	"",
					"md5Digest":	"7824a2544f94f615c7699fb2e7b9fe4e",
					"compatibleApp":	"hello_world",
					"domType":	"mssDomain",
					"arch":	"64-bit",
					"appSettings":	{
						"appCompilerFlags":	"",
						"appLinkerFlags":	""
					},
					"addedLibs":	[],
					"libOptions":	{
						"libsContainingOptions":	[]
					},
					"prebuiltLibs":	{
						"prebuiltIncPath":	[],
						"prebuiltLibPath":	[]
					},
					"isolation":	{
					}
				}]
		}]
}
KEYINFO::2026-02-05.20:02:44::SCWPlatform::updated the xpfm file.
TRACE::2026-02-05.20:02:44::SCWPlatform::Trying to open the hw design at C:/TFG_Vivado/mis_pruebas/hil_puerto_serie/vitis/design_1_wrapper/hw/design_1_wrapper.xsa
TRACE::2026-02-05.20:02:44::SCWPlatform::DSA given C:/TFG_Vivado/mis_pruebas/hil_puerto_serie/vitis/design_1_wrapper/hw/design_1_wrapper.xsa
TRACE::2026-02-05.20:02:44::SCWPlatform::DSA absoulate path C:/TFG_Vivado/mis_pruebas/hil_puerto_serie/vitis/design_1_wrapper/hw/design_1_wrapper.xsa
TRACE::2026-02-05.20:02:44::SCWPlatform::DSA directory C:/TFG_Vivado/mis_pruebas/hil_puerto_serie/vitis/design_1_wrapper/hw
TRACE::2026-02-05.20:02:44::SCWPlatform:: Platform Path C:/TFG_Vivado/mis_pruebas/hil_puerto_serie/vitis/design_1_wrapper/hw/design_1_wrapper.xsa
TRACE::2026-02-05.20:02:44::SCWPlatform:: Unique name xilinx:::0.0
TRACE::2026-02-05.20:02:44::SCWPlatform::Trying to set the existing hwdb with name design_1_wrapper_0
TRACE::2026-02-05.20:02:44::SCWPlatform::Opened existing hwdb design_1_wrapper_0
TRACE::2026-02-05.20:02:44::SCWPlatform::Found the Hw Db part of the input DSA
TRACE::2026-02-05.20:02:44::SCWMssOS::Checking the sw design at  C:/TFG_Vivado/mis_pruebas/hil_puerto_serie/vitis/design_1_wrapper/psu_cortexa53_0/standalone_psu_cortexa53_0/bsp/system.mss
TRACE::2026-02-05.20:02:44::SCWMssOS::DEBUG:  swdes dump  C:/TFG_Vivado/mis_pruebas/hil_puerto_serie/vitis/design_1_wrapper/psu_cortexa53_0/standalone_psu_cortexa53_0/bsp/system.mss|system_1||
C:/TFG_Vivado/mis_pruebas/hil_puerto_serie/vitis/design_1_wrapper/zynqmp_fsbl/zynqmp_fsbl_bsp/system.mss|system||
C:/TFG_Vivado/mis_pruebas/hil_puerto_serie/vitis/design_1_wrapper/zynqmp_pmufw/zynqmp_pmufw_bsp/system.mss|system_0||

TRACE::2026-02-05.20:02:44::SCWMssOS::Sw design exists and opened at  C:/TFG_Vivado/mis_pruebas/hil_puerto_serie/vitis/design_1_wrapper/psu_cortexa53_0/standalone_psu_cortexa53_0/bsp/system.mss
