wz_IMU		ax_IMU		ay_IMU		w_fl		w_fr		w_rl		w_rr		delta		vx_GSS		vy_GSS		T_fl		T_fr		T_rl		T_rr		vx			vy			wz			sr_fl		sr_fr		sr_rl		sr_rr		sa_fl		sa_fr		sa_rl		sa_rr		Fz_fl		Fz_fr		Fz_rl		Fz_rr		phi_fl		phi_fr		phi_rl		phi_rr
-0.011339	0.420186	1.350099	6.096966	6.096966	6.096966	6.096966	0.000000	1.331524	-0.006301	0.000000	0.000000	0.000000	0.000000	1.232892	-0.006015	-0.011137	0.106585	0.118847	0.106585	0.118847	-0.011746	-0.011876	0.002043	0.002066	624.562511	704.174043	639.375889	734.059979	2.137999	0.901590	1.902467	0.675888	
-0.007163	-0.743804	0.727090	5.940933	5.940933	5.940933	5.940933	0.000000	1.534475	0.003016	6.565730	6.565730	6.565730	6.565730	1.467284	0.003164	-0.005449	-0.091049	-0.086922	-0.091049	-0.086922	-0.000692	-0.000695	0.004995	0.005018	673.084384	715.958803	631.989414	682.981088	2.344046	2.537050	2.005204	2.399274	
-0.006786	5.066937	-0.219424	5.994940	5.994940	5.962698	5.962698	0.000000	1.253494	0.002268	9.401853	9.401853	12.396898	13.491736	1.301774	0.000909	-0.005633	0.033444	0.038914	0.027886	0.033326	-0.002615	-0.002629	0.004009	0.004030	551.723144	538.784344	813.780622	798.392166	-0.041562	-0.039908	-0.049653	-0.041205	
-0.001630	7.843711	0.074029	6.521432	6.524766	6.436140	6.458615	-0.000154	1.542576	-0.005275	8.905322	8.905322	18.644976	18.237879	1.498007	-0.002771	-0.001198	-0.020962	-0.019505	-0.033766	-0.029445	-0.002309	-0.002311	-0.001235	-0.001236	472.099085	476.464390	875.261744	880.453515	0.011440	0.011599	0.008407	0.008765	
-0.019009	9.148491	0.146345	6.966333	6.965399	7.021850	7.001350	0.000025	1.526234	0.003642	9.494021	9.494021	20.212863	20.405925	1.538005	0.002069	-0.015837	0.012768	0.025433	0.020839	0.030726	-0.006541	-0.006624	0.009190	0.009306	436.554096	445.183646	906.315463	916.578814	0.017175	0.017542	0.015445	0.015326	
0.005460	10.850388	0.280630	7.539795	7.539688	7.599401	7.618875	0.000025	1.568217	0.003889	9.614014	9.614014	20.999999	20.999999	1.582581	0.002198	0.004559	0.073841	0.070058	0.082330	0.081296	0.003581	0.003569	-0.000824	-0.000821	389.003635	405.551579	945.400305	965.081211	0.025663	0.026761	0.025328	0.026028	
0.024783	11.078598	0.709047	8.166368	8.166563	8.274792	8.278440	-0.000041	1.618775	-0.008527	9.747744	9.747744	20.950817	20.999999	1.635727	-0.004538	0.020654	0.132032	0.114754	0.147062	0.130025	0.007011	0.006904	-0.012561	-0.012369	370.598261	412.408739	936.400544	986.126847	0.060188	0.066731	0.062566	0.065431	
0.042150	10.694307	-1.200760	8.215260	8.215390	8.289622	8.299292	-0.000015	1.829407	0.001179	9.565925	9.907181	18.966725	20.215842	1.809974	0.000321	0.035342	0.033560	0.009244	0.042915	0.019551	0.015360	0.014999	-0.014986	-0.014634	437.043945	366.238513	994.104716	909.893953	-0.111543	-0.088697	-0.127639	-0.108181	
-0.002902	11.069332	1.024364	9.204799	9.272001	9.137900	9.253806	-0.000408	1.975427	-0.000524	10.429921	10.429921	20.999999	20.842696	1.961710	-0.001130	-0.001583	0.055232	0.063983	0.047564	0.061895	-0.000786	-0.000788	0.000043	0.000043	362.086371	422.490188	926.264883	998.104732	0.086011	0.101713	0.087247	0.095777	
0.019989	9.626885	-0.541566	9.488397	9.526837	9.401171	9.395277	-0.000408	2.047301	-0.001708	10.885131	10.885131	20.999999	20.999999	2.053186	-0.001072	0.016561	0.044937	0.038897	0.035329	0.024548	0.006105	0.006049	-0.006746	-0.006680	445.427819	413.493231	944.537140	906.556494	-0.056149	-0.050560	-0.059723	-0.055311	
-0.005220	10.002952	-0.421869	10.293430	10.328373	9.944372	9.943124	-0.000094	2.179196	-0.006526	11.159558	11.159558	20.999999	20.999999	2.172223	-0.003911	-0.003748	0.065077	0.070945	0.028960	0.030999	-0.003028	-0.003034	-0.000476	-0.000477	432.486737	407.610296	950.483632	920.897425	-0.043719	-0.040854	-0.042691	-0.041243	
-0.014277	11.406617	-0.278106	11.189595	11.226366	10.482839	10.482487	-0.000009	2.283849	0.004625	11.516670	11.516670	20.999999	20.999999	2.281130	0.002077	-0.012097	0.100130	0.110910	0.030644	0.037299	-0.003140	-0.003161	0.004965	0.004997	392.468265	376.069145	981.927802	962.423897	-0.022752	-0.021829	-0.025486	-0.024992	
0.021099	10.479177	0.843293	12.460339	12.499592	11.265044	11.264912	-0.000009	2.326177	0.001631	11.561651	11.095736	20.999999	20.999999	2.342358	0.001267	0.016982	0.202220	0.195388	0.086894	0.077310	0.006141	0.006087	-0.005046	-0.005001	383.327667	433.054261	919.094811	978.235958	0.077844	0.093588	0.075615	0.080409	
0.013004	9.980963	0.723656	13.455778	13.348162	11.735670	11.735588	-0.000002	2.570987	0.004426	8.948837	10.131504	20.143154	20.999999	2.541955	0.001967	0.011801	0.194415	0.178170	0.041728	0.035837	0.004352	0.004327	-0.002797	-0.002781	400.089735	442.761702	911.473353	962.224246	0.095569	0.081725	0.066506	0.067141	
0.017777	10.112282	0.196638	13.522729	13.786414	11.966437	12.106931	-0.000052	2.498827	0.002710	8.997271	10.280271	20.999999	20.999999	2.532336	0.001354	0.015615	0.206041	0.220343	0.067241	0.071679	0.005339	0.005299	-0.004214	-0.004182	412.236832	423.832040	933.273837	947.064323	0.019334	0.019720	0.018922	0.019746	
0.005413	10.072426	-0.259968	13.611895	14.296934	12.445860	12.486753	-0.000166	2.443469	0.001373	8.622648	8.679368	20.818573	20.992196	2.488009	0.000503	0.005500	0.232637	0.291184	0.127046	0.127703	0.002067	0.002062	-0.001497	-0.001493	426.617758	411.288198	948.042739	929.810889	-0.026456	-0.030575	-0.025331	-0.024135	
-0.013708	10.386218	-0.714644	13.565536	14.305487	12.816057	12.862765	-0.000166	2.606724	-0.009557	7.936069	6.420767	19.977559	19.584078	2.602506	-0.004972	-0.011153	0.169751	0.240023	0.105125	0.114967	-0.005020	-0.005048	0.001375	0.001382	432.245921	390.105414	972.611429	922.492615	-0.069607	-0.079402	-0.067392	-0.065359	
0.010406	10.026056	0.557310	13.695203	13.971738	13.510094	13.467393	-0.000052	3.046496	0.007023	8.939768	6.400926	20.904804	19.674480	2.966758	0.003009	0.007965	0.040353	0.057889	0.026291	0.019702	0.003132	0.003122	-0.001048	-0.001045	404.929262	437.792265	920.775486	959.860320	0.050363	0.062772	0.052345	0.057728	
-0.015334	10.254275	-0.546671	13.624818	13.330447	13.867368	13.674727	0.000210	2.922982	-0.000599	10.966425	10.794486	20.999999	20.999999	2.956749	0.000090	-0.012264	0.034193	0.016982	0.052603	0.043246	-0.003355	-0.003371	0.003206	0.003222	431.596774	399.361126	965.282815	926.944111	-0.047172	-0.036404	-0.063225	-0.058172	
-0.006502	10.632599	0.420400	14.712880	14.557280	14.620026	14.551648	0.000210	2.973357	-0.006524	11.919384	11.163523	20.999999	20.999999	2.993504	-0.002983	-0.006351	0.104432	0.095584	0.097461	0.095159	-0.002832	-0.002839	0.000631	0.000633	393.481537	418.271319	941.292562	970.775702	0.035409	0.043795	0.038396	0.040445	
0.002907	11.535409	-0.733203	15.504680	15.138746	14.803556	14.776806	0.000414	3.091562	-0.003009	9.948999	10.203169	20.428470	20.999999	3.093500	-0.001897	0.001995	0.128148	0.100656	0.077133	0.074341	-0.000533	-0.000533	-0.001108	-0.001108	404.619452	361.384568	1005.504175	954.083790	-0.070532	-0.056363	-0.065628	-0.061059	
-0.016981	9.412323	-0.016207	16.139410	15.854491	15.364793	15.461215	0.000101	3.206588	-0.004326	9.788672	9.147526	20.999999	20.999999	3.207119	-0.002439	-0.014004	0.129276	0.115265	0.075075	0.087600	-0.004201	-0.004223	0.002584	0.002598	438.274087	437.318403	926.609427	925.472807	-0.001889	-0.002170	-0.001582	-0.001617	
-0.000330	11.418427	-0.027994	16.538997	16.069987	15.923910	15.956590	-0.000055	3.338707	0.002620	9.968049	9.975039	20.418683	20.117944	3.329924	0.001225	-0.001416	0.117236	0.086116	0.075685	0.078452	0.000096	0.000097	0.000694	0.000694	387.536640	385.885904	979.275511	977.312248	-0.002206	-0.002059	-0.002587	-0.002595	
-0.014418	11.014953	-0.296214	16.912551	16.486570	16.275454	16.234157	-0.000055	3.442692	0.005700	9.465876	9.896020	20.999999	20.999999	3.443024	0.003309	-0.012248	0.102834	0.079733	0.061290	0.063202	-0.001711	-0.001718	0.003683	0.003699	406.151777	388.684902	979.088049	958.314234	-0.027352	-0.025214	-0.027436	-0.026506	
0.011735	10.555428	0.078078	17.294549	17.046680	16.937510	16.924612	0.000070	3.575527	-0.001411	10.028265	10.093311	20.999999	20.999999	3.570286	0.000207	0.008764	0.091539	0.072678	0.069005	0.064997	0.001874	0.001869	-0.001829	-0.001823	407.320209	411.924266	955.057722	960.533448	0.006797	0.007313	0.007458	0.007541	
-0.002341	10.072456	-1.285469	17.433549	17.241590	17.108590	17.103073	0.000075	3.851723	-0.000648	10.228857	10.729066	20.999999	20.999999	3.810490	-0.000454	-0.001165	0.029216	0.018263	0.010032	0.010083	-0.000429	-0.000429	0.000116	0.000116	460.738541	384.938061	992.234272	902.082766	-0.132912	-0.103412	-0.137782	-0.123043	
-0.006723	10.194772	-0.087332	18.277609	18.255072	17.905524	17.902936	0.000075	3.815978	0.005164	12.643284	11.453107	20.999999	20.999999	3.838305	0.002727	-0.005758	0.070447	0.071086	0.048656	0.050425	-0.000515	-0.000516	0.001860	0.001864	422.374828	417.225126	953.568677	947.444001	-0.007178	-0.008706	-0.008862	-0.008806	
0.012224	10.029320	-0.036809	19.582166	19.187232	18.411737	18.410590	0.000036	4.042706	-0.004041	11.283275	11.277577	20.999999	20.999999	4.018687	-0.001366	0.009749	0.098000	0.072676	0.032372	0.029257	0.001488	0.001483	-0.002205	-0.002199	425.790513	423.619995	948.953459	946.372004	-0.004375	-0.003676	-0.003511	-0.003501	
-0.008926	10.640320	-0.302441	20.393549	19.983433	18.840127	18.839698	0.000003	4.097878	0.005832	10.837471	11.465430	20.999999	20.999999	4.102825	0.002607	-0.006564	0.117297	0.096967	0.032190	0.034183	-0.000595	-0.000596	0.001862	0.001865	418.268038	400.433979	974.616266	953.405749	-0.029504	-0.025910	-0.028810	-0.028149	
-0.003119	11.009122	0.284109	21.285031	21.058806	19.481846	19.481758	-0.000013	4.160427	-0.002363	10.375597	10.685099	20.999999	20.999999	4.171868	-0.000439	-0.003274	0.147410	0.136302	0.050205	0.051207	-0.000694	-0.000695	0.000497	0.000497	391.780681	408.533786	964.073390	983.998299	0.025577	0.027604	0.025004	0.025500	
-0.009336	10.866306	1.107670	22.092882	21.956471	20.181992	20.182054	-0.000013	4.174113	0.000527	9.179197	10.049995	20.999999	20.999999	4.199396	0.000272	-0.008188	0.182311	0.177810	0.080049	0.082625	-0.001417	-0.001421	0.001559	0.001563	371.270110	436.586262	931.759011	1009.441230	0.105667	0.113566	0.093887	0.101236	
0.002136	12.619237	-0.968202	21.795870	21.930988	20.155693	20.155811	-0.000011	4.292697	-0.003428	7.791229	9.520535	20.633942	20.999999	4.296298	-0.001602	0.000986	0.141624	0.148380	0.055715	0.055426	-0.000186	-0.000186	-0.000549	-0.000549	387.893050	330.800952	1050.329451	982.428317	-0.073901	-0.057989	-0.083881	-0.077433	
-0.000169	9.976087	0.849258	22.016628	22.704404	21.029858	21.103482	-0.000013	4.420974	-0.000150	8.979265	8.054512	20.999999	20.999999	4.421329	-0.000532	-0.000041	0.120413	0.155426	0.070197	0.073955	-0.000114	-0.000114	-0.000113	-0.000113	402.617047	452.695362	919.875522	979.434979	0.074423	0.123916	0.077284	0.083354	
0.006715	10.188517	-0.013199	21.928166	22.335501	21.349503	21.378391	-0.000013	4.424443	-0.001313	9.168905	9.708744	20.483555	20.999999	4.447101	-0.000884	0.005655	0.110312	0.129184	0.081012	0.080796	0.000791	0.000790	-0.001176	-0.001174	422.702844	421.924536	955.793066	954.867404	-0.001243	-0.001053	-0.001389	-0.001333	
-0.010389	10.054555	0.213638	22.180367	22.738918	21.815914	21.929253	-0.000043	4.870737	-0.002620	9.750769	9.501863	20.999999	20.968510	4.795307	-0.001768	-0.008173	0.039641	0.068040	0.022559	0.030011	-0.001632	-0.001636	0.000938	0.000940	420.952650	433.550269	947.582697	962.565377	0.019899	0.022611	0.020605	0.021332	
0.032206	10.628961	-0.878925	22.306960	22.744531	22.103472	22.141636	-0.000126	4.860549	-0.001607	11.229052	10.956515	20.999999	20.999999	4.868825	-0.001307	0.026296	0.034266	0.047628	0.024830	0.019858	0.004016	0.003990	-0.004428	-0.004399	438.762446	386.934706	1001.330512	939.690417	-0.073350	-0.062827	-0.093378	-0.085438	
0.015540	11.096792	1.206776	23.675262	24.001547	23.137101	23.153649	-0.000102	4.799886	-0.004465	12.023130	10.698531	20.999999	20.999999	4.840966	-0.003579	0.015898	0.102596	0.113322	0.077532	0.073991	0.001887	0.001880	-0.003266	-0.003253	365.141736	436.301895	939.927408	1024.560058	0.093754	0.123859	0.103104	0.110935	
-0.026383	10.550195	-0.097396	24.419645	24.329858	23.309025	23.316289	-0.000102	4.876090	0.004024	9.414149	10.523860	20.853348	20.999999	4.893870	0.000857	-0.020581	0.119842	0.121463	0.068911	0.074744	-0.002943	-0.002958	0.003394	0.003411	417.854672	412.111520	972.146866	965.316383	-0.011471	-0.008163	-0.009052	-0.008900	
0.003138	10.031362	-0.377329	24.599914	24.856227	23.704025	23.737288	-0.000046	5.064758	-0.002237	9.977636	9.726199	20.999999	20.999999	5.049430	-0.000531	0.000434	0.096217	0.107523	0.056295	0.057666	0.000007	0.000007	-0.000171	-0.000171	440.138556	417.888563	970.182479	943.719976	-0.035507	-0.039960	-0.037512	-0.036533	
0.013235	10.948206	0.434008	25.226042	25.403041	24.416965	24.430657	-0.000039	5.261434	0.000501	10.803059	10.002655	20.999999	20.999999	5.235249	0.000045	0.011208	0.085580	0.090345	0.050762	0.048609	0.001693	0.001689	-0.001637	-0.001632	393.590639	419.182884	967.139309	997.576839	0.034464	0.039102	0.039765	0.040871	
0.006145	10.407125	0.044964	25.807129	25.733662	24.817397	24.823202	-0.000039	5.265184	-0.003592	10.280941	10.526711	20.999999	20.999999	5.283833	-0.002299	0.006415	0.099752	0.094999	0.057576	0.056257	0.000536	0.000535	-0.001368	-0.001366	419.179033	421.830407	967.406877	970.560225	0.004399	0.003895	0.004329	0.004338	
-0.027737	10.930072	0.382842	26.403529	26.406682	25.395068	25.397552	-0.000024	5.269566	0.006447	10.456884	10.441589	20.999999	20.999999	5.297309	0.002816	-0.022725	0.118547	0.124551	0.075825	0.081576	-0.002729	-0.002744	0.003814	0.003834	395.869311	418.444445	969.114219	995.963420	0.031805	0.034692	0.034762	0.035710	
0.023241	11.290268	-0.795427	26.672491	26.670743	25.591862	25.592919	-0.000013	5.413216	-0.003886	9.658583	9.816909	20.999999	20.999999	5.411668	-0.000838	0.017119	0.111102	0.106749	0.066086	0.062023	0.002290	0.002281	-0.002588	-0.002578	421.940711	375.036610	1020.880672	965.096391	-0.070155	-0.060907	-0.073402	-0.069255	
0.006980	10.241731	0.896526	27.406870	27.454245	26.505367	26.505807	-0.000007	5.607851	-0.008056	10.331801	9.322783	20.999999	20.999999	5.588327	-0.005193	0.007803	0.104410	0.104436	0.068082	0.066282	0.000150	0.000150	-0.002003	-0.001999	399.858991	452.724606	936.575025	999.449493	0.078983	0.104261	0.081631	0.087019	
0.005536	10.013250	-0.636719	27.542028	27.277706	26.612332	26.612492	-0.000007	5.833054	0.006333	9.849046	10.733505	20.878487	20.999999	5.799691	0.001738	0.005546	0.069121	0.057626	0.033032	0.031834	0.001042	0.001040	-0.000435	-0.000434	452.048374	414.502855	986.856807	942.202933	-0.067497	-0.048771	-0.067578	-0.063353	
-0.003779	10.232614	-0.162363	28.024925	28.040891	27.196372	27.221430	-0.000002	5.817880	0.005886	11.618361	10.970358	20.999999	20.999999	5.837090	0.003675	-0.002576	0.079975	0.081172	0.048046	0.049576	0.000292	0.000292	0.000968	0.000969	432.638699	423.064632	976.280267	964.893577	-0.013459	-0.015765	-0.016260	-0.016125	
-0.000264	11.428532	-0.473181	28.858887	28.673484	27.622123	27.632383	-0.000016	6.021126	0.008105	11.160844	10.830160	20.999999	20.999999	6.001970	0.005715	-0.000533	0.081794	0.074961	0.035434	0.035930	0.000900	0.000900	0.001020	0.001020	412.036380	384.134239	1019.785259	986.600509	-0.040034	-0.036044	-0.042785	-0.041317	
0.000175	10.503675	-0.275547	29.674319	29.384709	28.165493	28.169791	-0.000016	5.982784	0.004228	10.986491	10.467153	20.999999	20.999999	6.014074	0.004128	0.000072	0.110191	0.099340	0.053742	0.053887	0.000711	0.000711	0.000677	0.000677	430.001205	413.752969	989.274884	969.950430	-0.026092	-0.025657	-0.026099	-0.025542	
0.009460	10.220039	0.671027	30.621809	30.166002	28.892790	28.894636	-0.000015	6.138510	0.001683	10.646202	10.474482	20.999999	20.999999	6.133962	0.002163	0.007996	0.124133	0.105641	0.060660	0.059043	0.001369	0.001367	-0.000648	-0.000647	410.047958	449.616529	950.246126	997.306068	0.065580	0.068733	0.061857	0.064970	
-0.002714	10.480371	0.367433	31.149097	30.633150	29.306053	29.306897	-0.000014	6.261195	0.000010	9.860037	11.006454	20.999999	20.999999	6.255326	0.000455	-0.001377	0.120262	0.102002	0.053978	0.054291	-0.000082	-0.000082	0.000242	0.000242	413.022591	434.689088	969.055519	994.824054	0.035430	0.031790	0.034446	0.035430	
0.001318	10.709614	-0.522802	31.279762	31.116504	29.571759	29.572190	-0.000013	6.189469	-0.003355	9.957382	10.819481	20.999999	20.999999	6.229478	-0.001717	0.000958	0.129887	0.123779	0.068191	0.068006	-0.000145	-0.000145	-0.000394	-0.000394	433.238932	402.410780	1005.833693	969.168961	-0.045669	-0.043475	-0.050645	-0.048620	
0.028767	10.792598	-0.335962	31.703512	31.808691	30.106258	30.106479	-0.000013	6.232392	-0.003629	10.104373	9.731008	20.999999	20.999999	6.256816	-0.002722	0.024442	0.142806	0.141146	0.085231	0.080079	0.002582	0.002570	-0.003441	-0.003425	425.760820	405.950070	1001.748022	978.186575	-0.029068	-0.032295	-0.031031	-0.030294	
0.001323	10.626564	-0.764395	32.013844	32.003092	30.486519	30.486610	-0.000008	6.605589	0.001629	9.558141	9.328808	20.999999	20.999999	6.549126	-0.000630	0.003951	0.100264	0.099085	0.047772	0.047004	0.000375	0.000375	-0.000559	-0.000559	444.397945	399.323732	1016.211207	962.603259	-0.073919	-0.064890	-0.073132	-0.069060	
-0.017903	11.465348	0.066206	32.463503	32.381251	31.181243	31.181265	-0.000005	6.656429	-0.002948	10.689941	9.956315	20.999999	20.999999	6.656185	-0.001905	-0.014677	0.095894	0.096062	0.052608	0.055444	-0.001971	-0.001976	0.001404	0.001408	399.052389	402.956373	1009.998714	1014.641825	0.004843	0.005160	0.005989	0.006015	
0.004152	11.407245	0.017270	33.041930	32.732831	31.656074	31.656049	-0.000005	6.894554	0.000319	10.021295	10.231615	20.999999	20.999999	6.865551	-0.000011	0.001782	0.083032	0.072561	0.037607	0.037278	0.000203	0.000203	-0.000201	-0.000201	403.306393	404.324763	1013.021682	1014.232855	0.001457	0.001313	0.001533	0.001535	
-0.014083	10.773890	-0.583965	33.269369	33.030171	31.992657	31.992579	-0.000003	6.877532	-0.004144	10.410323	10.799763	20.999999	20.999999	6.901466	-0.002346	-0.011700	0.083520	0.077957	0.041940	0.044094	-0.001637	-0.001640	0.000960	0.000962	437.510096	403.075356	1018.346453	977.392310	-0.050011	-0.044948	-0.057194	-0.054684	
0.017701	10.569534	0.609161	34.063056	33.948572	32.777393	32.777277	0.000000	6.950389	-0.004841	11.047880	10.669237	20.999999	20.999999	6.964177	-0.003220	0.013599	0.101828	0.095512	0.060241	0.057715	0.001037	0.001035	-0.001963	-0.001959	407.980206	443.900681	972.125995	1014.847161	0.050773	0.060735	0.055625	0.058052	
0.019669	10.528573	0.051896	34.613395	34.382694	33.124118	33.124001	-0.000000	7.042671	0.000262	10.099245	11.151440	20.999999	20.999999	7.049048	-0.001377	0.018271	0.106582	0.095736	0.058970	0.055623	0.001797	0.001791	-0.002188	-0.002181	426.015931	429.076086	991.791309	995.430831	0.005043	0.004284	0.004910	0.004929	
-0.013349	9.665526	0.820182	35.194696	35.292830	33.801988	33.801890	-0.000000	7.267451	-0.002650	10.339191	10.867667	20.999999	20.999999	7.240932	-0.002444	-0.009109	0.092778	0.097509	0.049536	0.051145	-0.001302	-0.001304	0.000628	0.000628	426.781792	475.145592	945.422011	1002.942350	0.078662	0.095003	0.078429	0.083672	
0.005298	11.386322	0.779176	35.644594	35.906971	34.277391	34.277326	-0.000002	7.358530	0.002950	10.507461	11.629234	20.999999	20.999999	7.353621	0.001149	0.003385	0.090930	0.098343	0.049086	0.048495	0.000511	0.000511	-0.000197	-0.000197	384.617137	430.562928	992.625999	1047.270537	0.057385	0.060277	0.068912	0.072697	
-0.028017	10.996936	-0.063785	35.942112	36.554734	34.552183	34.552143	-0.000003	7.500446	0.006464	10.020968	11.016201	20.999999	20.999999	7.492719	0.004075	-0.023328	0.077265	0.099796	0.035606	0.039546	-0.001839	-0.001846	0.002928	0.002939	420.422421	416.661189	1014.237255	1009.763922	-0.005342	-0.005370	-0.005829	-0.005802	
0.007576	10.871125	0.794495	36.509405	37.434268	35.252185	35.252140	-0.000003	7.716278	0.001960	11.010225	10.655405	20.999999	20.999999	7.689648	0.003148	0.003582	0.068573	0.095020	0.031776	0.031189	0.000770	0.000770	0.000052	0.000052	399.739350	446.588468	983.868341	1039.587229	0.059046	0.077083	0.071043	0.075002	
-0.004768	10.131339	-0.346134	36.880993	37.697962	35.452034	35.451972	-0.000002	7.687540	-0.005310	10.876081	11.344135	20.999999	20.999999	7.713520	-0.002102	-0.003594	0.075497	0.099946	0.033826	0.034412	-0.000628	-0.000628	0.000085	0.000085	452.517311	432.106780	1005.251922	980.977141	-0.032948	-0.028416	-0.035177	-0.034169	
-0.012987	10.665499	0.230200	37.633589	38.603125	36.080863	36.080758	0.000000	7.561446	0.014299	11.783290	10.858132	20.999999	20.999999	7.620849	0.007668	-0.011467	0.110085	0.140776	0.064284	0.066237	-0.000149	-0.000149	0.002159	0.002163	421.160002	434.734216	997.340275	1013.484446	0.018221	0.022238	0.021364	0.021717	
0.004139	11.165683	-0.091835	38.439034	39.129855	36.484910	36.484731	0.000005	7.851989	0.004873	10.582017	10.091452	20.999999	20.999999	7.822805	0.005635	0.002100	0.105767	0.125271	0.049553	0.049204	0.000922	0.000921	0.000514	0.000514	419.279374	413.864141	1024.544992	1018.104513	-0.008167	-0.007682	-0.008103	-0.008053	
0.030182	10.400027	-0.067392	38.952035	39.498415	36.975157	36.974917	0.000005	8.094653	-0.004215	10.682393	9.941019	20.999999	20.999999	8.057099	-0.000773	0.025835	0.089894	0.100867	0.034580	0.030534	0.002365	0.002355	-0.002562	-0.002552	439.934673	435.960780	1007.724116	1002.997862	-0.006007	-0.006151	-0.006429	-0.006396	
0.009774	10.801628	-0.781493	39.307026	39.627564	37.280333	37.280083	0.000007	7.950997	-0.002483	11.298852	10.697117	20.999999	20.999999	8.000253	-0.002588	0.011468	0.106443	0.113516	0.049394	0.047553	0.000771	0.000769	-0.001425	-0.001422	450.261431	404.178982	1042.164218	987.357148	-0.064983	-0.057058	-0.077547	-0.073058	
0.012428	10.054184	-0.780144	40.029165	40.164913	37.764262	37.764052	0.000005	8.154261	-0.002961	11.251756	9.859265	20.999999	20.999999	8.143478	-0.002989	0.011948	0.106975	0.108743	0.044341	0.042468	0.000755	0.000754	-0.001494	-0.001492	470.473410	424.470552	1025.228645	970.516235	-0.076851	-0.076094	-0.076965	-0.072513	
-0.023240	9.825409	0.683283	41.099156	40.799681	38.613515	38.613375	0.000005	8.112862	0.002499	11.501676	10.200308	20.999999	20.999999	8.143610	0.000159	-0.018225	0.133982	0.128796	0.065399	0.068308	-0.001701	-0.001705	0.001735	0.001740	433.195741	473.487024	968.046401	1015.965886	0.066033	0.071626	0.065127	0.068514	
-0.017520	9.798411	0.217078	41.762625	41.051099	38.980161	38.980128	0.000001	8.406236	-0.003426	10.100464	10.653942	20.999999	20.999999	8.367702	-0.001215	-0.017088	0.121562	0.105204	0.046838	0.049448	-0.001711	-0.001715	0.001420	0.001424	449.359892	462.160379	987.357822	1002.581778	0.024390	0.019760	0.021146	0.021520	
0.014160	10.607545	0.278187	42.116134	41.570057	39.478302	39.478387	-0.000006	8.426498	-0.005024	10.559652	10.839284	20.999999	20.999999	8.435685	-0.002777	0.009893	0.124143	0.107981	0.053735	0.052231	0.000577	0.000576	-0.001230	-0.001228	427.335681	443.739565	1007.099292	1026.608864	0.022678	0.024278	0.026167	0.026707	
0.010138	9.639762	-0.111441	42.493298	42.029073	39.863522	39.863667	-0.000009	8.425012	0.000414	10.115146	10.527916	20.999999	20.999999	8.452382	-0.001080	0.009820	0.131962	0.118010	0.061908	0.060408	0.000773	0.000772	-0.001020	-0.001019	463.779912	457.208547	996.215410	988.399913	-0.011594	-0.011182	-0.011161	-0.011059	
0.021849	10.455255	-0.716399	42.671118	42.331825	40.194716	40.194872	-0.000009	8.742678	0.004800	10.417567	10.391901	20.999999	20.999999	8.697222	0.001952	0.019729	0.105446	0.093625	0.041292	0.038418	0.001977	0.001971	-0.001519	-0.001514	462.656586	420.412547	1042.496394	992.254447	-0.062847	-0.059400	-0.070719	-0.066958	
-0.004801	11.062650	0.696868	43.440839	43.091109	41.030307	41.030437	-0.000008	9.005635	0.003424	10.983590	10.261572	20.999999	20.999999	8.957843	0.001952	-0.001615	0.091012	0.082467	0.030472	0.030702	0.000088	0.000088	0.000356	0.000356	407.554506	448.646840	1013.066646	1061.938839	0.053221	0.063023	0.060948	0.063685	
-0.020083	10.862890	0.005916	43.855399	43.278123	41.339767	41.339862	-0.000007	8.963092	-0.007215	10.298452	11.199776	20.999999	20.999999	8.987796	-0.003354	-0.017219	0.096592	0.084690	0.033690	0.036111	-0.001834	-0.001839	0.001096	0.001098	433.301155	433.650032	1032.702307	1033.117235	0.000517	0.000433	0.000555	0.000555	
-0.004605	9.542703	-0.112157	44.193494	43.895561	41.792243	41.792309	-0.000007	8.987151	-0.000487	10.688464	10.892963	20.999999	20.999999	9.012768	-0.000766	-0.006068	0.102819	0.096285	0.042898	0.043756	-0.000594	-0.000595	0.000432	0.000432	470.856852	464.243251	1003.422071	995.556341	-0.010837	-0.011633	-0.011435	-0.011330	
0.010578	10.087723	0.427576	44.811366	44.576097	42.408976	42.409012	-0.000006	9.419834	0.003646	11.109182	11.104500	20.999999	20.999999	9.346775	0.002013	0.008199	0.079298	0.072483	0.021436	0.020344	0.000896	0.000895	-0.000458	-0.000458	443.823903	469.036866	1004.536100	1034.522540	0.037481	0.040764	0.040967	0.042290	
-0.028997	10.708327	0.159653	45.353044	45.115081	42.823649	42.823661	-0.000005	9.149711	-0.004050	11.175557	11.833206	20.999999	20.999999	9.219559	-0.001819	-0.023551	0.105103	0.102736	0.043470	0.046727	-0.002149	-0.002156	0.001761	0.001766	434.701901	444.116207	1027.516437	1038.713119	0.013191	0.012550	0.015095	0.015272	
0.041625	10.897366	0.240923	45.997610	45.963776	43.325494	43.325494	-0.000005	9.433859	0.000575	10.600563	10.874063	20.999999	20.999999	9.408723	0.000365	0.032332	0.102296	0.096877	0.038261	0.033918	0.002687	0.002676	-0.002604	-0.002593	429.100638	443.307166	1032.997867	1049.894063	0.020153	0.021778	0.021342	0.021688	
-0.022521	10.601686	-0.913836	46.147945	46.199505	43.518072	43.518055	-0.000005	9.505085	0.002360	10.561810	11.007456	20.999999	20.999999	9.508042	0.000398	-0.015020	0.091002	0.094328	0.028828	0.030812	-0.001164	-0.001167	0.001253	0.001255	471.608223	417.721901	1067.762063	1003.673642	-0.079718	-0.068441	-0.090457	-0.084392	
0.002023	10.063605	-1.157832	46.507270	46.698929	43.938051	43.938011	-0.000004	9.610178	0.001580	11.611833	10.537866	20.999999	20.999999	9.611087	0.001607	-0.000191	0.088743	0.093257	0.028598	0.028622	0.000156	0.000156	0.000183	0.000183	493.523801	425.249758	1064.462133	983.262017	-0.102019	-0.102985	-0.119097	-0.108920	
-0.005835	10.460391	0.183671	47.585092	47.441911	44.754217	44.754159	-0.000003	9.648215	-0.001491	12.054492	10.655641	20.999999	20.999999	9.663104	-0.000282	-0.004971	0.107645	0.105005	0.041750	0.042403	-0.000421	-0.000421	0.000366	0.000366	444.261101	455.091633	1028.590399	1041.471435	0.015772	0.016787	0.017076	0.017289	
-0.000213	10.463901	-0.549497	48.279161	47.695908	45.051574	45.051542	-0.000003	9.610715	0.001443	10.770619	11.078126	20.999999	20.999999	9.647520	0.000933	-0.000816	0.125911	0.112424	0.050641	0.050749	0.000035	0.000035	0.000162	0.000162	465.647080	433.244803	1054.092005	1015.555125	-0.055002	-0.041679	-0.052896	-0.050785	
0.001361	10.747452	-0.333396	48.805675	48.312626	45.585945	45.585982	-0.000005	9.919777	0.002200	10.761415	10.465787	20.999999	20.999999	9.880481	0.001618	0.001046	0.111483	0.100112	0.038158	0.038025	0.000250	0.000250	0.000082	0.000082	454.124542	434.465134	1058.283175	1034.901724	-0.028080	-0.028723	-0.030821	-0.030131	
0.015561	10.566469	0.001783	49.352317	48.761675	46.149748	46.149841	-0.000007	9.981069	-0.000483	10.798347	10.762288	20.999999	20.999999	9.982684	0.000142	0.013339	0.113261	0.098146	0.041019	0.039326	0.001048	0.001046	-0.001012	-0.001010	449.831842	449.937003	1043.893429	1044.018499	0.000153	0.000148	0.000168	0.000168	
-0.006863	10.872233	0.493351	49.942746	49.335653	46.752449	46.752575	-0.000009	9.923286	0.004743	10.601631	11.086045	20.999999	20.999999	9.961983	0.002321	-0.004133	0.127715	0.114570	0.055677	0.056215	-0.000077	-0.000077	0.000551	0.000551	427.302762	456.394280	1034.091623	1068.690930	0.040182	0.040424	0.044411	0.045896	
0.002268	10.981022	-0.870238	50.000780	49.540577	46.891204	46.891337	-0.000009	10.451352	-0.004083	9.834293	10.909563	20.999999	20.999999	10.362115	-0.001438	0.001406	0.085792	0.075621	0.018266	0.018101	-0.000026	-0.000026	-0.000243	-0.000243	468.509677	417.194228	1092.733239	1031.702425	-0.074564	-0.061785	-0.082168	-0.077251	
0.012720	10.979517	0.219086	50.424151	50.297517	47.642992	47.643100	-0.000009	10.434171	-0.002663	11.492058	10.963238	20.999999	20.999999	10.443022	-0.002182	0.010981	0.087110	0.082990	0.027150	0.025836	0.000607	0.000606	-0.001017	-0.001015	437.216424	450.135317	1056.160173	1071.524953	0.015331	0.018681	0.020103	0.020390	
-0.016155	9.838568	-0.010262	51.027788	50.735107	48.065060	48.065117	-0.000007	10.387299	0.000174	10.904308	11.552817	20.999999	20.999999	10.426102	-0.001005	-0.012305	0.100411	0.095675	0.036520	0.038014	-0.000995	-0.000996	0.000809	0.000810	473.080697	472.475594	1034.586464	1033.866799	-0.001020	-0.000885	-0.001018	-0.001017	
0.009259	10.473491	0.635893	51.660680	51.569206	48.705894	48.705913	-0.000007	10.374893	-0.004238	11.194230	11.605575	20.999999	20.999999	10.409964	-0.002375	0.006286	0.117001	0.114202	0.053113	0.052338	0.000242	0.000242	-0.000692	-0.000691	437.586154	475.082972	1027.883087	1072.479039	0.051298	0.057319	0.058500	0.061116	
-0.005941	10.745964	-0.925250	51.825519	51.862159	48.794751	48.794739	-0.000006	10.533179	0.004639	10.225976	11.367231	20.999999	20.999999	10.528847	0.001668	-0.004249	0.107232	0.108560	0.042480	0.042994	-0.000146	-0.000146	0.000468	0.000468	477.786233	423.226883	1092.074613	1027.185742	-0.082563	-0.066818	-0.088971	-0.083149	
-0.016543	11.262164	-0.650380	52.139968	52.534037	49.342391	49.342343	-0.000004	10.670426	-0.002605	11.217028	10.456143	20.999999	20.999999	10.662427	-0.000678	-0.014582	0.099348	0.109506	0.040362	0.042098	-0.001108	-0.001110	0.000985	0.000987	457.761470	419.410412	1098.474599	1052.862677	-0.046799	-0.052587	-0.059241	-0.056843	
-0.030834	10.826819	0.042345	52.860937	53.019088	49.994256	49.994170	-0.000003	10.806015	-0.001939	11.050068	10.407984	20.999999	20.999999	10.798755	-0.000582	-0.028051	0.099654	0.106445	0.040019	0.043318	-0.002041	-0.002048	0.001937	0.001943	449.869644	452.366625	1065.907643	1068.877368	0.003511	0.003485	0.003839	0.003850	
-0.012163	10.304994	-0.155872	53.300411	53.258502	50.423182	50.423088	-0.000003	10.827119	0.005760	10.820808	11.020728	20.999999	20.999999	10.845852	0.004413	-0.013961	0.104863	0.105730	0.045221	0.046862	-0.000578	-0.000579	0.001394	0.001396	469.574990	460.383635	1060.480003	1049.548483	-0.013881	-0.012376	-0.015154	-0.014982	
0.014799	10.973318	-0.708558	53.572806	53.593299	50.763347	50.763264	-0.000003	10.929862	-0.004891	11.024303	11.097520	20.999999	20.999999	10.934325	-0.000840	0.010776	0.103052	0.102148	0.045206	0.043948	0.000683	0.000682	-0.000834	-0.000833	469.625637	427.843993	1098.907853	1049.215844	-0.055843	-0.051337	-0.067210	-0.064014	
-0.014004	10.292376	-0.565509	54.075670	54.119073	51.277297	51.277227	-0.000003	11.073689	-0.000785	11.154430	10.618714	20.999999	20.999999	11.066743	-0.001122	-0.010496	0.098787	0.100942	0.041925	0.043130	-0.000826	-0.000827	0.000626	0.000627	484.234380	450.887917	1079.303403	1039.643576	-0.049411	-0.049130	-0.054628	-0.052494	
-0.034004	11.588992	0.800877	54.918009	54.794423	52.096922	52.096862	-0.000003	11.140565	-0.003038	11.422874	10.989623	20.999999	20.999999	11.147387	-0.001513	-0.030225	0.106640	0.107809	0.049793	0.053270	-0.002210	-0.002218	0.001942	0.001949	411.524112	458.749530	1066.420602	1122.587034	0.056092	0.061276	0.067686	0.070867	
0.000038	10.828347	-0.700821	55.120013	54.861821	52.199365	52.199308	-0.000003	11.452614	-0.002780	10.015233	11.188679	20.999999	20.999999	11.408227	-0.000856	-0.003880	0.086885	0.082243	0.029294	0.029720	-0.000333	-0.000333	0.000186	0.000186	478.056013	436.730602	1105.380544	1056.231145	-0.062957	-0.048137	-0.066256	-0.063043	
-0.010827	10.261998	-0.439075	55.317032	55.425274	52.742511	52.742455	-0.000003	11.351041	0.003956	11.636139	11.182944	20.999999	20.999999	11.389833	0.002259	-0.009710	0.092190	0.095466	0.041358	0.042441	-0.000453	-0.000454	0.000852	0.000853	484.670849	458.779858	1081.260197	1050.467360	-0.033673	-0.037740	-0.043883	-0.042508	
-0.009311	10.835995	-0.495930	55.933554	55.900199	53.205794	53.205749	-0.000003	11.610481	-0.000932	11.616920	11.311514	20.999999	20.999999	11.582811	0.000720	-0.009165	0.086004	0.086405	0.033042	0.034039	-0.000542	-0.000542	0.000669	0.000670	473.691546	444.447958	1102.358411	1067.578243	-0.040265	-0.037125	-0.046490	-0.044976	
-0.012593	11.112930	-0.152788	56.636244	56.508138	53.768852	53.768810	-0.000003	11.869102	-0.000686	11.662460	11.341536	20.999999	20.999999	11.827389	0.000333	-0.011887	0.076767	0.075650	0.022253	0.023506	-0.000740	-0.000741	0.000799	0.000800	459.141894	450.132440	1103.087468	1092.372287	-0.011729	-0.011523	-0.013779	-0.013647	
-0.012308	10.824704	-0.703214	57.122146	56.894744	54.108358	54.108309	-0.000003	11.664614	0.000684	11.683406	11.795060	20.999999	20.999999	11.728827	0.001133	-0.012008	0.095119	0.092123	0.037340	0.038636	-0.000686	-0.000687	0.000882	0.000883	481.680688	440.214169	1112.700823	1063.383600	-0.056832	-0.049454	-0.067473	-0.064279	
0.011808	10.359939	0.173540	57.963962	57.771945	54.804488	54.804435	-0.000002	11.915322	0.003329	11.773364	11.289220	20.999999	20.999999	11.896978	0.002811	0.008455	0.096711	0.092131	0.036932	0.036032	0.000785	0.000784	-0.000309	-0.000309	469.606143	479.839333	1073.960661	1086.131263	0.014473	0.015847	0.016022	0.016206	
-0.008188	9.727470	-0.455616	58.450092	58.107186	55.123996	55.123947	-0.000002	11.909123	0.001273	11.449196	12.035348	20.999999	20.999999	11.930563	0.001399	-0.005851	0.101988	0.096179	0.039280	0.039901	-0.000257	-0.000257	0.000493	0.000494	504.753026	477.886658	1080.589398	1048.636520	-0.043834	-0.036480	-0.046980	-0.045329	
0.001342	10.038332	-0.037097	59.089702	58.929504	55.705256	55.705215	-0.000003	12.052331	0.005220	11.945847	11.843867	20.999999	20.999999	12.046589	0.003814	0.000363	0.103667	0.100635	0.040453	0.040414	0.000342	0.000342	0.000293	0.000293	485.737453	483.549925	1076.636871	1074.035187	-0.003112	-0.003346	-0.003606	-0.003597	
-0.003510	10.427009	0.102223	59.807255	59.614753	56.216569	56.216541	-0.000003	12.044815	0.000088	11.576282	11.924254	20.999999	20.999999	12.068764	0.001390	-0.002930	0.114832	0.111573	0.047900	0.048210	-0.000068	-0.000068	0.000301	0.000302	471.909138	477.936922	1082.250081	1089.419082	0.008663	0.008353	0.009566	0.009632	
0.016891	10.115020	0.949427	60.579313	60.494791	56.904694	56.904678	-0.000003	12.463528	-0.007371	11.103808	11.631664	20.999999	20.999999	12.395426	-0.003829	0.013986	0.100384	0.097338	0.033637	0.032215	0.000561	0.000560	-0.001176	-0.001174	458.661847	514.646862	1052.436210	1119.020661	0.081501	0.089757	0.085965	0.091537	
-0.004066	9.511031	0.878187	60.966468	61.046708	57.363005	57.362991	-0.000003	12.403008	0.006022	11.057355	12.582103	20.999999	20.999999	12.424944	0.001575	-0.001640	0.103937	0.105568	0.038688	0.038855	0.000029	0.000029	0.000228	0.000228	476.597263	528.381443	1040.165036	1101.753323	0.078096	0.078683	0.087015	0.093148	
-0.018520	10.004316	0.228035	61.186033	61.743935	57.676466	57.676431	-0.000003	12.486239	-0.004899	11.240932	12.590739	20.999999	20.999999	12.494167	-0.002134	-0.015936	0.101006	0.112775	0.037854	0.039469	-0.001146	-0.001148	0.000807	0.000809	483.917363	497.363927	1077.321013	1093.313365	0.018610	0.019578	0.022334	0.022718	
0.006256	10.685103	0.360279	61.650101	62.634419	58.185450	58.185354	-0.000001	12.605649	0.005626	11.513692	11.872354	20.999999	20.999999	12.602967	0.003276	0.003204	0.100806	0.118035	0.038942	0.038618	0.000457	0.000456	0.000065	0.000065	463.829057	485.073679	1092.845234	1118.112023	0.026672	0.031111	0.032672	0.033446	
0.002415	11.002640	-0.680691	61.897815	63.001790	58.400933	58.400743	-0.000001	12.695402	0.001365	11.228539	11.572245	20.999999	20.999999	12.698782	0.001786	0.002474	0.096850	0.116148	0.034884	0.034635	0.000292	0.000292	-0.000009	-0.000009	487.506301	447.367899	1139.888271	1092.150613	-0.052360	-0.048041	-0.063548	-0.060731	
-0.004299	10.695126	-0.233783	62.420485	63.640188	58.988120	58.987843	0.000002	12.710573	0.001169	11.835266	10.848572	20.999999	20.999999	12.733603	0.001228	-0.003328	0.102781	0.124688	0.042141	0.042469	-0.000106	-0.000106	0.000297	0.000297	482.631183	468.845684	1117.204091	1100.808634	-0.017540	-0.019689	-0.021625	-0.021303	
0.015504	10.640538	0.061609	63.086645	64.005837	59.537139	59.536813	0.000004	12.909792	0.002786	11.574793	10.973313	20.999999	20.999999	12.893561	0.002129	0.012730	0.101561	0.116266	0.039583	0.038326	0.000920	0.000918	-0.000593	-0.000592	477.234697	480.867621	1109.496409	1113.817141	0.004960	0.004811	0.005675	0.005698	
-0.001418	10.857377	0.653355	63.737719	64.474429	60.160028	60.159714	0.000004	13.132669	-0.000273	11.477258	11.292234	20.999999	20.999999	13.101559	-0.000018	0.000477	0.094626	0.107229	0.033183	0.033132	0.000023	0.000023	-0.000029	-0.000029	456.748214	495.274712	1099.651575	1145.472153	0.048961	0.050908	0.058166	0.060567	
0.018123	9.545765	0.051939	64.052002	64.734815	60.484499	60.484235	0.000004	13.346130	0.001444	11.258630	11.751405	20.999999	20.999999	13.314247	0.000698	0.015461	0.083194	0.093192	0.022864	0.021411	0.000940	0.000939	-0.000839	-0.000838	510.746036	513.808751	1092.647589	1096.290157	0.004717	0.004412	0.005277	0.005298	
-0.003836	11.063445	0.193845	64.475744	65.315754	60.994706	60.994500	0.000003	13.245305	-0.000561	12.045133	11.848970	20.399656	20.399656	13.283846	-0.000827	-0.001212	0.092021	0.106371	0.033063	0.033174	-0.000135	-0.000135	0.000008	0.000008	467.254207	478.684678	1125.803271	1139.397830	0.012998	0.014241	0.017792	0.018005	
0.011229	10.374551	-0.982831	64.792151	65.574687	61.076004	61.075824	0.000002	13.101125	0.001768	11.490664	11.319298	20.707314	20.707314	13.169898	0.000735	0.009377	0.107417	0.119819	0.043901	0.042992	0.000600	0.000600	-0.000491	-0.000490	518.211648	460.256873	1146.414347	1077.487208	-0.083686	-0.073328	-0.096259	-0.089797	
0.002108	10.816982	-0.580181	65.317299	66.049706	61.675075	61.674917	0.000002	13.590138	-0.006663	12.082613	10.542052	20.720561	20.720561	13.515941	-0.004156	0.003051	0.087487	0.099379	0.026847	0.026562	-0.000137	-0.000136	-0.000481	-0.000481	499.299300	465.087692	1152.769174	1112.080408	-0.042374	-0.045476	-0.053967	-0.052086	
0.009090	11.366629	0.395046	66.166281	66.419681	62.396973	62.396855	0.000002	13.539311	-0.002606	11.959532	10.865599	20.322458	20.322458	13.559191	-0.003229	0.008131	0.098359	0.101759	0.035789	0.035029	0.000220	0.000220	-0.000699	-0.000698	456.993207	480.287921	1133.828656	1161.533673	0.027669	0.027747	0.034491	0.035251	
-0.025845	10.136840	-0.823975	66.410908	66.323476	62.500173	62.500101	0.000000	13.791544	0.005510	11.038431	11.182052	20.300415	20.300415	13.763719	0.001896	-0.020911	0.084636	0.085217	0.020765	0.022657	-0.001028	-0.001030	0.001303	0.001305	527.087354	478.499864	1150.550545	1092.764165	-0.072949	-0.057708	-0.083036	-0.078301	
0.000386	10.705228	-0.817938	66.657493	66.615344	62.952928	62.952893	-0.000001	13.855504	0.008062	12.158621	11.006854	19.752221	19.752221	13.857751	0.006515	-0.002466	0.082160	0.081711	0.022018	0.022239	0.000334	0.000334	0.000607	0.000607	513.541089	465.309615	1167.485391	1110.122431	-0.056815	-0.058120	-0.080514	-0.076515	
-0.011647	9.757942	-0.127691	67.399827	66.999925	63.503390	63.503359	-0.000001	13.848555	0.002767	12.048811	10.928146	19.660185	19.660185	13.875808	0.004159	-0.010225	0.092415	0.086911	0.029262	0.030187	-0.000265	-0.000265	0.000865	0.000866	517.723069	510.193470	1119.477019	1110.521868	-0.010866	-0.010671	-0.012791	-0.012683	
0.018997	10.052146	-1.228143	67.637359	66.893147	63.659355	63.659267	-0.000001	13.881129	-0.000589	11.655185	11.399825	19.346747	19.346747	13.902758	0.001510	0.014799	0.095343	0.081885	0.030922	0.029583	0.000927	0.000926	-0.000709	-0.000708	542.970817	470.550706	1166.351532	1080.220388	-0.102630	-0.080940	-0.130506	-0.119778	
-0.018483	10.190265	-0.315740	68.234296	67.420628	64.293639	64.293406	0.000002	14.202783	0.001901	12.117089	10.863860	19.329908	19.329908	14.156012	0.001033	-0.013749	0.083895	0.072239	0.021298	0.022505	-0.000674	-0.000675	0.000818	0.000819	515.842158	497.223879	1144.922320	1122.779112	-0.023783	-0.025474	-0.031004	-0.030414	
-0.003551	10.319694	-0.075944	68.791053	67.604791	64.796611	64.796146	0.000002	14.083640	0.011159	11.678414	11.422949	18.972419	18.972419	14.124496	0.007733	-0.004879	0.095595	0.077156	0.031978	0.032405	0.000281	0.000281	0.000812	0.000813	505.036290	500.558084	1138.953103	1133.627055	-0.005858	-0.005303	-0.007527	-0.007491	
0.018415	9.779202	0.116998	69.178785	67.942561	65.243877	65.243011	0.000008	14.201140	-0.003312	11.302637	11.478679	18.925961	18.925961	14.207365	0.000896	0.015030	0.096282	0.075303	0.033925	0.032578	0.000868	0.000867	-0.000749	-0.000748	514.307408	521.206430	1120.643014	1128.848203	0.009403	0.009213	0.011908	0.011999	
-0.010505	9.722339	0.072061	69.373633	68.230765	65.666360	65.665022	0.000018	14.462999	-0.001534	11.227026	11.716839	18.646017	18.646017	14.425995	-0.001302	-0.006923	0.081693	0.064496	0.023888	0.024467	-0.000476	-0.000476	0.000278	0.000278	520.011504	524.260756	1126.946048	1131.999795	0.005574	0.005517	0.007532	0.007567	
0.004754	9.766295	0.030402	69.530381	68.584217	66.060718	66.058914	0.000028	14.500438	0.000543	11.417261	11.853184	18.313242	18.313242	14.505778	0.000200	0.003118	0.078631	0.063674	0.024806	0.024509	0.000151	0.000151	-0.000151	-0.000151	521.189123	522.981835	1131.815327	1133.947447	0.002264	0.002315	0.003199	0.003205	
0.001434	10.344708	-0.088334	69.708823	68.943254	66.422130	66.419972	0.000028	14.400645	0.002980	11.456944	11.863601	18.133293	18.133293	14.448188	0.001674	0.001630	0.085642	0.073572	0.034456	0.034280	0.000174	0.000174	0.000029	0.000029	509.074813	503.865986	1149.168296	1142.973301	-0.006173	-0.006208	-0.008919	-0.008871	
-0.020760	10.183071	0.604327	70.089212	69.493321	67.002080	66.999744	0.000035	14.637428	0.004169	11.313212	11.598043	18.201719	18.201719	14.617315	0.003152	-0.017438	0.078078	0.070469	0.030593	0.032058	-0.000735	-0.000736	0.001130	0.001132	495.092294	530.727746	1125.591008	1167.973189	0.042658	0.046759	0.059011	0.061111	
-0.009161	9.455035	-0.473448	69.982682	69.517057	67.172285	67.169933	0.000038	14.737761	0.001036	11.059475	11.985021	17.894010	17.894010	14.733397	0.002762	-0.010107	0.068288	0.062069	0.025388	0.026210	-0.000377	-0.000377	0.000714	0.000714	547.133674	519.215808	1148.075357	1114.871905	-0.037261	-0.033542	-0.053417	-0.051657	
0.004565	9.358210	1.068718	70.454867	70.307983	67.950798	67.948591	0.000038	14.833622	-0.001191	11.879426	11.736049	17.561623	17.561623	14.832291	0.000804	0.002547	0.068884	0.066433	0.030895	0.030645	0.000148	0.000148	-0.000078	-0.000078	505.512910	568.532183	1094.403905	1169.354385	0.075628	0.095178	0.111243	0.118544	
0.015593	9.528681	-1.393974	70.176270	70.004297	67.715853	67.714085	0.000036	14.978172	0.000966	11.110428	12.403281	17.302410	17.302410	14.965911	0.000614	0.013603	0.055627	0.051873	0.018616	0.017461	0.000703	0.000703	-0.000657	-0.000656	575.606645	493.407937	1189.066966	1091.305879	-0.113795	-0.084671	-0.165082	-0.149013	
0.011070	9.551632	0.582724	70.768986	70.998025	68.595002	68.593836	0.000028	14.895282	0.001649	12.519801	11.485920	17.159658	17.159658	14.934179	0.000376	0.011233	0.066703	0.069174	0.033934	0.032968	0.000575	0.000575	-0.000552	-0.000552	516.295105	550.656700	1119.404037	1160.271186	0.039317	0.052429	0.060771	0.062770	
-0.029244	10.224367	-0.369984	71.064783	70.964898	68.753171	68.752896	0.000011	15.084881	0.002172	11.418334	12.161934	17.020651	17.020651	15.071943	0.001049	-0.023367	0.059881	0.060395	0.025405	0.027342	-0.001130	-0.001132	0.001258	0.001261	529.056296	507.239401	1174.152716	1148.205309	-0.027644	-0.022614	-0.038920	-0.038065	
0.009552	8.535875	-1.235062	71.033160	71.164088	68.933062	68.933059	0.000011	15.080302	-0.003681	11.879838	11.750506	16.932428	16.932428	15.102312	-0.000592	0.005012	0.058493	0.060015	0.027199	0.026783	0.000205	0.000205	-0.000294	-0.000294	598.301693	525.473596	1162.080400	1075.464028	-0.103783	-0.097571	-0.156578	-0.142780	
0.012483	9.359310	0.554723	71.820236	71.894985	69.780553	69.781058	0.000004	15.387302	-0.007851	12.621389	11.681402	16.526568	16.526568	15.340501	-0.005254	0.011311	0.053865	0.054014	0.023936	0.023023	0.000220	0.000220	-0.000909	-0.000908	527.793063	560.503481	1127.608112	1166.511473	0.039732	0.045188	0.059858	0.061718	
-0.015181	9.367562	0.136784	72.260000	72.055178	70.034570	70.035032	-0.000002	15.521056	-0.005373	11.684073	12.397234	16.308294	16.308294	15.500669	-0.005586	-0.011388	0.048420	0.046386	0.016132	0.017049	-0.000922	-0.000923	0.000203	0.000204	542.208304	550.274075	1147.356271	1156.949104	0.010783	0.009434	0.015275	0.015406	
0.018905	9.474039	-0.264776	72.395321	72.429350	70.308099	70.307986	-0.000002	15.471422	0.003632	11.974283	12.340771	16.076701	16.076701	15.500239	0.000661	0.014527	0.051485	0.050777	0.021169	0.020001	0.000764	0.000763	-0.000677	-0.000676	551.310216	535.697117	1164.155336	1145.586266	-0.018693	-0.018816	-0.030193	-0.029699	
-0.044356	8.247223	0.041359	72.803099	72.935535	70.754776	70.754916	0.000006	15.616947	-0.005577	12.157511	12.149054	15.974808	15.974808	15.611797	-0.003550	-0.035754	0.047787	0.052630	0.018308	0.021159	-0.001988	-0.001993	0.001528	0.001533	575.373145	577.811982	1125.380542	1128.281115	0.003419	0.003548	0.005158	0.005173	
-0.009030	8.226887	1.495669	73.550382	73.656614	71.500615	71.501324	-0.000005	15.737023	0.000659	12.274845	12.441958	15.584266	15.584266	15.727000	0.001245	-0.012486	0.051747	0.054287	0.022436	0.023437	-0.000525	-0.000525	0.000688	0.000689	534.700858	622.896216	1077.430188	1182.323249	0.117322	0.133174	0.176319	0.193205	
0.015940	9.038655	-0.470757	73.460466	73.594450	71.355587	71.356695	-0.000013	15.803191	0.000067	11.594551	13.022359	15.346613	15.346613	15.804616	0.001070	0.011882	0.046289	0.047236	0.016309	0.015393	0.000658	0.000658	-0.000510	-0.000509	572.996896	545.237702	1169.625474	1136.610734	-0.036149	-0.030475	-0.058555	-0.056651	
-0.012883	8.167407	-0.783226	73.575522	74.086559	71.635097	71.637072	-0.000013	15.900061	-0.008937	12.470712	12.240337	15.341736	15.341736	15.898875	-0.005529	-0.009332	0.040864	0.048844	0.013413	0.014167	-0.000785	-0.000785	0.000103	0.000103	605.952579	559.767955	1161.186580	1106.257990	-0.061653	-0.064913	-0.104431	-0.098836	
-0.006951	7.763894	0.933970	74.474425	74.822860	72.446486	72.450035	-0.000037	15.906610	-0.006921	12.838952	12.237030	15.040399	15.040399	15.923944	-0.005508	-0.007157	0.052010	0.057512	0.023364	0.023976	-0.000654	-0.000654	-0.000001	-0.000001	566.046361	621.119934	1091.409669	1156.910119	0.077362	0.085651	0.119832	0.127138	
0.009802	7.860204	-0.226797	74.726209	74.838598	72.505101	72.509009	-0.000052	16.054405	-0.003940	12.040174	12.876804	14.814279	14.814279	16.042022	-0.003999	0.007370	0.048378	0.049367	0.017217	0.016702	0.000155	0.000155	-0.000602	-0.000602	599.560387	586.186824	1138.312859	1122.407329	-0.020138	-0.016864	-0.031627	-0.031081	
0.009301	8.347967	0.397880	75.154596	75.480329	73.013969	73.017506	-0.000052	15.969677	-0.001323	12.593034	12.530126	14.671927	14.671927	16.005064	-0.002750	0.008890	0.056885	0.060747	0.026782	0.026136	0.000306	0.000306	-0.000598	-0.000598	568.078250	591.540130	1127.749679	1155.653511	0.029352	0.032787	0.050540	0.051810	
-0.000616	8.216321	0.359811	75.582229	75.826847	73.363932	73.367618	-0.000050	16.230712	-0.003513	12.202606	12.600614	14.643141	14.643141	16.197382	-0.003613	0.000668	0.049949	0.053294	0.019134	0.019134	-0.000142	-0.000142	-0.000255	-0.000255	575.466922	596.683962	1131.827410	1157.061394	0.028661	0.027986	0.046391	0.047506	
0.011990	9.523668	-0.190801	75.753233	76.060468	73.597770	73.601476	-0.000053	16.387341	0.002855	12.319823	12.678129	14.407234	14.407234	16.362070	0.000249	0.010263	0.042105	0.045532	0.012454	0.011730	0.000550	0.000550	-0.000466	-0.000466	560.667208	549.416200	1189.968925	1176.587805	-0.012609	-0.012204	-0.022558	-0.022317	
0.011357	7.194994	0.018975	76.149418	76.493671	73.997516	74.001501	-0.000060	16.329677	0.001701	12.494973	12.402174	14.378687	14.378687	16.359598	0.000375	0.011028	0.047744	0.051615	0.018136	0.017353	0.000600	0.000600	-0.000495	-0.000494	614.178409	615.297324	1122.799155	1124.129910	0.001662	0.001702	0.002799	0.002803	
-0.028640	9.136973	0.040887	76.544913	76.790601	74.369383	74.373573	-0.000060	16.431119	0.001342	12.674556	12.731384	13.969008	13.969008	16.431220	0.000500	-0.022889	0.047274	0.052422	0.017508	0.019297	-0.000978	-0.000980	0.001099	0.001101	564.813449	567.224442	1174.166103	1177.033559	0.002785	0.002711	0.005025	0.005037	
-0.020529	7.952471	-0.563145	76.813227	77.021481	74.541468	74.545447	-0.000063	16.706823	0.007837	12.461585	12.506383	14.065726	14.065726	16.663632	0.006380	-0.020581	0.036387	0.040763	0.005735	0.007306	-0.000502	-0.000503	0.001330	0.001332	616.595161	583.388088	1172.563190	1133.069145	-0.045715	-0.042422	-0.078543	-0.075551	
-0.019372	7.265312	0.489166	77.418382	77.592659	75.178152	75.181694	-0.000058	16.573704	-0.008061	12.980191	12.561840	13.694973	13.694973	16.613430	-0.001136	-0.019221	0.047758	0.051600	0.017439	0.018924	-0.000898	-0.000899	0.000819	0.000820	602.416473	631.261204	1116.385805	1150.691603	0.039671	0.042933	0.072293	0.074706	
0.009225	8.679190	0.670846	77.941026	77.959009	75.547652	75.550525	-0.000058	16.692429	-0.003122	12.556839	12.930196	13.507974	13.507974	16.690941	-0.001214	0.005255	0.050875	0.050714	0.018606	0.018253	0.000227	0.000227	-0.000314	-0.000314	561.996198	601.554095	1148.834016	1195.881265	0.047660	0.047233	0.084137	0.087388	
0.030244	8.071984	0.405088	78.195986	78.310778	75.818993	75.820979	-0.000046	16.830113	-0.004179	12.302475	12.860679	13.533896	13.533896	16.817834	-0.003536	0.026439	0.047161	0.046689	0.015330	0.013411	0.001043	0.001042	-0.001418	-0.001415	587.391148	611.278046	1146.778887	1175.188203	0.030209	0.030794	0.054965	0.056401	
-0.010195	7.730622	-0.109963	78.320118	78.561864	76.050202	76.052078	-0.000038	16.747279	0.003271	12.530272	12.887289	13.304017	13.304017	16.782743	-0.000857	-0.005133	0.049813	0.053446	0.019387	0.019792	-0.000248	-0.000248	0.000184	0.000184	610.783054	604.298861	1154.917910	1147.206088	-0.008390	-0.008331	-0.016335	-0.016209	
0.002677	8.229841	0.132439	78.709312	78.993604	76.442419	76.444909	-0.000046	16.941936	0.000251	12.784804	12.705069	13.194738	13.194738	16.922739	0.000117	0.001576	0.046556	0.050217	0.016415	0.016332	0.000124	0.000124	-0.000065	-0.000065	593.031890	600.841447	1163.886356	1173.174468	0.009517	0.009825	0.017980	0.018125	
-0.010524	8.803266	0.360118	79.160538	79.356748	76.839460	76.842488	-0.000046	17.107502	-0.001574	12.678718	12.766310	13.081824	13.081824	17.083480	-0.000921	-0.008742	0.042268	0.045504	0.011707	0.012379	-0.000401	-0.000401	0.000339	0.000339	574.160105	595.395262	1176.013267	1201.268798	0.024476	0.024568	0.045562	0.046455	
0.000550	6.825662	0.412048	79.519995	79.693215	77.191220	77.194266	-0.000051	17.113484	0.001574	12.582756	12.830243	12.963362	12.963362	17.127088	0.001129	-0.000728	0.044634	0.046964	0.014041	0.014134	0.000085	0.000085	0.000099	0.000099	624.053474	648.350777	1124.938038	1153.835460	0.034958	0.035369	0.066378	0.068457	
0.001302	8.113619	-0.304985	79.652830	79.851079	77.348313	77.351294	-0.000050	17.169700	-0.003667	12.775596	12.775596	12.775596	12.775596	17.175712	-0.001774	0.001017	0.043481	0.046003	0.013291	0.013257	-0.000008	-0.000008	-0.000149	-0.000149	612.934362	594.950237	1184.767407	1163.378414	-0.021870	-0.021349	-0.044037	-0.043185	
-0.019765	7.756906	-1.049700	79.829063	79.977679	77.488529	77.491486	-0.000050	17.064575	-0.000537	10.580393	10.283278	15.142005	15.142005	17.109651	-0.000865	-0.016688	0.049166	0.052370	0.018405	0.019656	-0.000748	-0.000749	0.000698	0.000698	642.984726	581.086916	1199.492968	1125.876274	-0.102019	-0.092862	-0.132576	-0.123668	
-0.000284	8.531725	0.043446	79.922511	79.947732	78.380028	78.382381	-0.000050	17.194467	-0.000392	10.961570	10.026654	15.029751	15.029751	17.192768	0.000472	-0.002505	0.045845	0.046361	0.025660	0.025873	-0.000034	-0.000034	0.000139	0.000139	592.209788	594.771703	1183.853716	1186.900669	0.003184	0.003358	0.005361	0.005373	
-0.015199	7.500634	-0.042622	79.999540	79.785487	78.737190	78.737808	-0.000037	17.183003	-0.004289	10.442642	10.454010	14.901748	14.901748	17.205293	-0.002123	-0.013261	0.045692	0.043875	0.029192	0.030168	-0.000678	-0.000678	0.000468	0.000468	621.397382	618.884089	1160.848518	1157.859392	-0.003962	-0.003640	-0.005694	-0.005674	
-0.006924	6.979161	0.531087	80.202723	80.088465	79.231917	79.229523	0.000010	17.366589	0.003191	10.685025	10.661028	14.611989	14.611989	17.346360	0.002020	-0.007706	0.040029	0.039111	0.027440	0.027966	-0.000235	-0.000235	0.000457	0.000458	620.132879	651.449566	1132.170837	1169.416598	0.049476	0.054225	0.072067	0.074678	
-0.010047	8.323080	0.810305	80.507072	80.442300	79.620596	79.616806	0.000010	17.575786	-0.001161	10.632188	11.056308	14.313568	14.313568	17.538362	0.000610	-0.009579	0.032483	0.032340	0.021114	0.021746	-0.000395	-0.000395	0.000454	0.000454	580.551879	628.333281	1163.471920	1220.299598	0.064710	0.068021	0.094051	0.098333	
-0.017195	7.746216	-0.650356	80.407039	80.467547	79.561471	79.558170	0.000026	17.612219	0.006092	10.476763	11.110855	14.250000	14.250000	17.614417	0.004634	-0.015945	0.026523	0.028430	0.015728	0.016808	-0.000458	-0.000458	0.000957	0.000958	639.662127	601.312496	1202.535339	1156.925114	-0.058321	-0.053252	-0.085360	-0.081693	
0.024162	6.786592	0.243063	80.892807	81.060532	80.111553	80.110781	-0.000001	17.596745	-0.000938	11.304475	10.760246	14.024462	14.024462	17.619048	0.001910	0.018419	0.033682	0.034505	0.023699	0.022384	0.000912	0.000911	-0.000694	-0.000694	638.012802	652.345566	1146.752528	1163.798861	0.023041	0.026088	0.033667	0.034230	
0.004379	7.025156	-0.062190	81.292753	81.252814	80.341271	80.342465	-0.000001	18.010079	-0.001459	11.054803	11.214495	13.750455	13.750455	17.934317	-0.001399	0.006229	0.020097	0.019164	0.008158	0.007745	0.000189	0.000189	-0.000345	-0.000345	646.122639	642.455445	1174.652018	1170.290527	-0.006119	-0.005568	-0.008639	-0.008607	
-0.031187	6.775735	-0.101687	81.622499	81.639006	80.629269	80.629938	-0.000021	17.783205	0.001008	11.339723	11.290634	13.487234	13.487234	17.835101	-0.000014	-0.025700	0.028810	0.030829	0.016291	0.018088	-0.001085	-0.001086	0.001104	0.001106	652.029442	646.033260	1166.132087	1159.000670	-0.009660	-0.009803	-0.014790	-0.014684	
-0.015416	7.608268	0.626197	82.196806	82.193918	81.107089	81.107519	-0.000015	17.922425	0.000498	11.382025	11.264474	13.380684	13.380684	17.917838	0.002081	-0.016605	0.031588	0.032719	0.017912	0.019069	-0.000580	-0.000581	0.000827	0.000828	610.593184	647.518252	1164.887167	1208.803122	0.052813	0.056201	0.079598	0.082423	
0.027016	7.398977	-0.463691	82.290031	82.261852	81.146787	81.146785	-0.000009	17.988639	-0.000271	11.027478	11.456026	13.305644	13.305644	17.989877	0.001403	0.020741	0.029929	0.028129	0.015620	0.014192	0.000973	0.000971	-0.000807	-0.000806	649.302439	621.959876	1200.292227	1167.772997	-0.041374	-0.037572	-0.064931	-0.062948	
-0.017592	8.020400	0.603598	82.819269	82.901592	81.729917	81.729941	-0.000009	18.078590	-0.004589	11.550257	11.215708	13.144844	13.144844	18.075138	-0.003429	-0.012138	0.030515	0.032385	0.016960	0.017794	-0.000696	-0.000696	0.000326	0.000326	603.329114	638.921558	1181.846037	1224.177067	0.046087	0.051877	0.074474	0.076770	
-0.005371	6.895035	-0.405643	82.973362	82.939065	81.782232	81.782765	-0.000016	18.220330	0.001892	11.120334	11.515265	13.035807	13.035807	18.205095	0.000736	-0.006234	0.025268	0.025273	0.010550	0.010979	-0.000207	-0.000207	0.000303	0.000303	664.152050	640.232449	1193.027348	1164.579137	-0.038486	-0.034180	-0.060617	-0.058915	
0.006452	6.005423	-0.485353	83.216247	83.288210	82.070903	82.071310	-0.000013	17.977756	-0.000920	11.738216	11.430359	12.743792	12.743792	18.047216	0.000055	0.004647	0.037645	0.038216	0.023363	0.023047	0.000213	0.000213	-0.000195	-0.000195	686.651832	658.031929	1167.346976	1133.308572	-0.047961	-0.048996	-0.083194	-0.080127	
-0.013138	7.613281	-0.290441	83.689392	83.655944	82.405013	82.405687	-0.000013	18.122198	0.002644	11.815458	11.447408	12.609258	12.609258	18.118699	0.001420	-0.010561	0.038895	0.039218	0.022951	0.023687	-0.000356	-0.000356	0.000526	0.000526	640.867315	623.740852	1204.310743	1183.941791	-0.024016	-0.023455	-0.039712	-0.039066	
-0.014815	6.770727	-0.152400	84.109939	84.008286	82.739472	82.739025	-0.000015	18.177657	0.003369	11.596988	11.366671	12.650777	12.650777	18.181683	0.003354	-0.014050	0.040378	0.040101	0.023426	0.024386	-0.000393	-0.000394	0.000777	0.000778	659.476792	650.490219	1180.116787	1169.428820	-0.013995	-0.013811	-0.022880	-0.022647	
0.000201	7.725203	-1.054882	84.185656	84.079816	82.834565	82.832494	0.000007	18.456225	0.002724	11.660379	11.536593	12.427595	12.427595	18.407736	0.003754	-0.001739	0.028952	0.027777	0.012439	0.012530	0.000124	0.000124	0.000276	0.000276	665.460277	603.256881	1244.419717	1170.439581	-0.084295	-0.077054	-0.150103	-0.140928	
-0.002008	7.354578	-0.774631	84.572943	84.489104	83.196207	83.193022	0.000025	18.486240	-0.004478	12.027044	11.297866	12.338364	12.338364	18.485946	-0.001195	-0.001916	0.029307	0.028416	0.012551	0.012640	-0.000169	-0.000169	0.000015	0.000015	668.050738	622.372968	1227.936706	1173.610932	-0.063531	-0.063920	-0.111262	-0.106448	
0.008103	6.810963	-0.148081	85.125431	84.914171	83.654928	83.650586	0.000025	18.555624	-0.005101	12.003832	11.474006	12.151188	12.151188	18.556531	-0.003431	0.006655	0.032381	0.029369	0.014547	0.014051	0.000065	0.000065	-0.000460	-0.000460	664.742147	656.010252	1194.605499	1184.220427	-0.012993	-0.012977	-0.022498	-0.022292	
-0.020899	6.133829	0.526269	85.640623	85.407919	84.114664	84.108244	0.000049	18.633190	0.004839	11.843214	11.767139	11.948625	11.948625	18.631185	0.001432	-0.016905	0.033669	0.032002	0.015251	0.016298	-0.000668	-0.000669	0.000773	0.000774	663.524588	694.557166	1156.332879	1193.240741	0.048659	0.051120	0.086137	0.089126	
0.002188	6.788305	0.175564	85.839292	85.698580	84.313540	84.305890	0.000075	18.808024	-0.000216	11.779749	11.818658	11.818658	11.818658	18.780947	0.001516	-0.000422	0.028360	0.026703	0.010081	0.010018	-0.000012	-0.000012	0.000098	0.000098	659.690310	670.042849	1190.955275	1203.267822	0.014546	0.015153	0.027284	0.027583	
-0.005186	7.532637	0.572508	86.214229	86.148565	84.704200	84.697098	0.000075	18.726293	-0.004009	12.536022	9.532630	12.536022	12.536022	18.755020	-0.001751	-0.004439	0.034145	0.033655	0.016032	0.016240	-0.000350	-0.000350	0.000088	0.000088	628.439747	662.198922	1195.167776	1235.318451	0.040458	0.058494	0.074286	0.076580	
-0.003254	6.299132	-0.183681	86.496691	85.786986	84.902846	84.893538	0.000069	18.669311	0.002066	9.686676	10.314205	13.475020	13.475020	18.707063	0.000967	-0.003374	0.040228	0.031920	0.021060	0.021173	-0.000156	-0.000156	0.000190	0.000190	681.537979	670.706803	1188.267539	1175.385737	-0.022326	-0.016126	-0.027545	-0.027165	
-0.018625	6.400544	-0.639987	86.136018	85.943938	85.218692	85.203651	0.000157	18.797018	0.003082	10.132626	10.303887	13.227082	13.227082	18.790697	0.002632	-0.016307	0.030848	0.029639	0.019870	0.020770	-0.000683	-0.000683	0.000806	0.000807	693.853230	656.115006	1209.968439	1165.085375	-0.058175	-0.063987	-0.100450	-0.095889	
0.021035	6.635926	-0.680517	86.267527	86.218910	85.503391	85.489807	0.000148	18.856136	0.006433	10.456581	10.216913	13.071562	13.071562	18.855800	0.005768	0.015692	0.029924	0.028299	0.020802	0.019604	0.000797	0.000796	-0.000333	-0.000333	690.153765	650.025584	1219.849434	1172.123931	-0.065780	-0.066644	-0.098474	-0.094356	
-0.000264	6.618965	-0.637563	86.573322	86.502671	85.799705	85.789813	0.000148	18.904134	0.000448	10.521192	10.263383	12.947227	12.947227	18.908360	0.001351	0.001948	0.030244	0.029274	0.021038	0.020792	0.000002	0.000002	-0.000008	-0.000008	690.248405	652.653118	1219.869484	1175.156420	-0.063921	-0.061554	-0.091424	-0.087970	
0.006857	7.022503	-0.336078	86.954937	86.873923	86.159475	86.152089	0.000108	19.113107	0.003510	10.572391	10.343115	12.800504	12.800504	19.080624	0.002454	0.006114	0.025579	0.024223	0.016197	0.015713	0.000267	0.000266	-0.000117	-0.000117	674.061306	654.243731	1226.115659	1202.546095	-0.031395	-0.031129	-0.045449	-0.044628	
0.005075	7.450840	-0.240557	87.286625	87.208258	86.462890	86.457004	0.000088	19.015325	0.004597	10.520265	10.513140	12.641659	12.641659	19.047097	0.003222	0.005157	0.031272	0.030006	0.021540	0.021133	0.000289	0.000289	-0.000039	-0.000039	659.661127	645.476190	1232.490448	1215.619930	-0.021140	-0.020739	-0.031263	-0.030876	
-0.002826	6.337433	0.446753	87.744587	87.713298	86.910484	86.905923	0.000088	19.210627	-0.000286	10.452681	10.514496	12.590080	12.590080	19.189757	0.000702	-0.001679	0.028751	0.028494	0.018972	0.019027	-0.000118	-0.000118	0.000104	0.000104	670.502208	696.845957	1185.219229	1216.550543	0.044492	0.046735	0.063710	0.065452	
-0.035511	7.195600	0.056170	87.920956	87.923395	87.098648	87.095855	0.000069	19.439308	-0.001817	10.412742	10.931689	12.276619	12.276619	19.395662	-0.000338	-0.030428	0.018955	0.020935	0.009425	0.011326	-0.001289	-0.001291	0.001186	0.001188	663.711356	667.023553	1228.779267	1232.718549	0.004914	0.004742	0.007643	0.007670	
0.011372	6.263529	-0.403749	88.077032	88.188092	87.237949	87.237608	0.000039	19.243742	0.004125	10.615994	10.838040	12.171023	12.171023	19.296227	0.004381	0.005527	0.027185	0.028121	0.017399	0.017040	0.000408	0.000408	0.000007	0.000007	699.385477	675.577538	1217.195913	1188.880504	-0.039779	-0.038837	-0.062419	-0.060823	
-0.004446	6.470216	1.075200	88.766482	88.862231	87.879966	87.882619	-0.000006	19.395081	0.001345	10.881338	10.802289	12.009546	12.009546	19.386590	0.002069	-0.003018	0.030122	0.031429	0.019835	0.020059	-0.000007	-0.000007	0.000226	0.000226	652.109721	715.511228	1174.091543	1249.496624	0.099383	0.108726	0.150373	0.159139	
0.002273	5.840194	0.419790	88.954666	88.982712	87.982695	87.986719	-0.000006	19.398185	-0.001267	10.370553	11.260573	11.864290	11.864290	19.410635	0.000171	0.001534	0.031175	0.031401	0.019908	0.019856	0.000075	0.000075	-0.000052	-0.000052	688.029765	712.783600	1181.834726	1211.275113	0.043970	0.040529	0.068192	0.070293	
0.010103	6.754687	0.414100	89.157516	89.358931	88.248699	88.253827	-0.000022	19.447326	0.000931	10.713965	11.176082	11.700260	11.700260	19.452416	0.000412	0.008804	0.031542	0.033302	0.021027	0.020523	0.000391	0.000390	-0.000326	-0.000326	665.496971	689.915302	1207.096817	1236.138180	0.035728	0.037386	0.060079	0.061541	
0.012930	6.149431	-0.080923	89.352220	89.537914	88.387177	88.394955	-0.000063	19.767311	0.007273	10.677262	11.115296	11.678526	11.678526	19.709324	0.003771	0.012173	0.020422	0.021772	0.009401	0.008729	0.000728	0.000728	-0.000283	-0.000283	700.311574	695.539751	1218.871169	1213.195915	-0.007892	-0.007444	-0.012873	-0.012816	
0.010584	6.821916	0.206196	89.711178	89.885824	88.735903	88.745352	-0.000063	19.621782	-0.007863	11.051467	11.166814	11.421433	11.421433	19.656721	-0.004353	0.010701	0.027217	0.028534	0.016050	0.015483	0.000259	0.000259	-0.000639	-0.000639	673.629938	685.788747	1224.007190	1238.467982	0.017671	0.017718	0.030195	0.030549	
-0.020285	5.851228	-0.449984	89.904315	90.007030	88.822794	88.832508	-0.000090	19.628167	0.001203	10.895429	11.189850	11.399576	11.399576	19.650854	-0.001422	-0.015835	0.028888	0.031077	0.016511	0.017622	-0.000601	-0.000601	0.000546	0.000546	717.768467	691.234191	1221.889051	1190.331139	-0.045685	-0.041442	-0.077123	-0.074752	
0.007768	6.391482	-0.140448	90.259608	90.368571	89.175053	89.183851	-0.000089	19.697891	-0.000510	11.231080	11.125974	11.231080	11.231080	19.700582	0.000177	0.004436	0.030995	0.031956	0.018607	0.018427	0.000271	0.000271	-0.000164	-0.000164	695.696841	687.415044	1226.826941	1216.977181	-0.012573	-0.012579	-0.022189	-0.022003	
-0.017198	6.506381	-0.031130	90.633371	90.659753	89.462063	89.469481	-0.000078	19.799549	-0.003207	9.187677	11.823954	11.823954	11.823954	19.791331	-0.002037	-0.014034	0.029930	0.031122	0.016620	0.017584	-0.000569	-0.000570	0.000441	0.000441	691.198436	689.362808	1229.482381	1227.299220	-0.003473	-0.002542	-0.004524	-0.004514	
0.001857	7.196996	0.385004	90.629751	91.189002	89.910344	89.919559	-0.000078	19.958157	-0.007642	9.857573	9.652425	12.506980	12.506980	19.934300	-0.004392	-0.000321	0.022935	0.029267	0.014815	0.014939	-0.000155	-0.000155	-0.000208	-0.000208	663.863786	686.566371	1238.217917	1265.218699	0.030948	0.038915	0.049129	0.050099	
0.000114	4.827387	0.328648	90.884782	91.064194	90.257873	90.272681	-0.000142	19.915332	0.000283	9.772564	9.785351	12.391799	12.391799	19.936651	-0.001428	0.000026	0.025703	0.027727	0.018628	0.018794	0.000071	0.000071	-0.000073	-0.000073	726.353030	745.732468	1179.502741	1202.551217	0.042386	0.037404	0.058643	0.060298	
-0.012615	6.888103	0.749363	91.243069	91.315773	90.637580	90.651298	-0.000154	20.175933	0.000905	10.103731	10.118780	12.001730	12.001730	20.131154	0.000100	-0.010765	0.019464	0.020943	0.012699	0.013514	-0.000251	-0.000251	0.000415	0.000416	664.724307	708.912113	1225.311453	1277.865173	0.067016	0.068626	0.099415	0.103250	
0.008415	5.898580	-0.292035	91.308825	91.340661	90.608786	90.618980	-0.000154	20.099431	0.001777	9.859515	10.157849	12.020858	12.020858	20.123016	0.001731	0.005662	0.021120	0.021125	0.013291	0.013057	0.000456	0.000456	-0.000130	-0.000130	720.658361	703.437860	1236.122314	1215.641518	-0.031477	-0.029172	-0.045117	-0.044187	
0.010474	7.328656	-0.223049	91.569034	91.639262	90.898417	90.905535	-0.000113	20.216027	-0.010466	10.394438	10.018961	11.820241	11.820241	20.208050	-0.006247	0.009712	0.019845	0.020029	0.012376	0.011862	0.000173	0.000173	-0.000678	-0.000678	683.540847	670.388308	1273.775710	1258.133049	-0.018693	-0.019287	-0.029070	-0.028735	
-0.029949	6.622416	-0.798629	91.789336	91.740027	91.003499	91.008028	-0.000085	20.123437	-0.000164	10.304464	9.972033	11.820356	11.820356	20.160454	-0.002793	-0.024205	0.023662	0.024611	0.014898	0.016436	-0.000974	-0.000976	0.000782	0.000783	717.730715	670.637802	1273.944070	1217.935230	-0.076966	-0.071504	-0.114501	-0.109353	
-0.015188	5.559561	0.197534	92.325233	92.239355	91.522856	91.523603	-0.000035	20.255445	0.004239	10.616553	9.905618	11.665290	11.665290	20.248701	0.003402	-0.016273	0.025399	0.025450	0.016488	0.017493	-0.000413	-0.000414	0.000784	0.000785	717.287695	728.935726	1215.272942	1229.126252	0.020600	0.022462	0.031297	0.031623	
0.014352	6.283411	0.922739	92.843837	92.668073	91.958138	91.954862	-0.000035	20.398770	-0.002878	10.428800	10.373713	11.399887	11.399887	20.376622	0.000510	0.010011	0.025495	0.022940	0.015712	0.015067	0.000438	0.000437	-0.000352	-0.000352	679.762763	734.174035	1213.546247	1278.259004	0.086483	0.090749	0.131473	0.137731	
0.026528	5.871232	0.037709	92.877085	92.795404	91.975748	91.969319	0.000022	20.342477	-0.003306	10.169108	10.601271	11.308586	11.308586	20.365212	-0.002822	0.023959	0.026866	0.024492	0.016901	0.015372	0.000743	0.000742	-0.001042	-0.001041	716.212727	718.436341	1233.547994	1236.192596	0.003723	0.003683	0.006036	0.006044	
-0.005655	6.251927	-0.418979	92.971023	93.020647	92.115837	92.109822	0.000036	20.406230	-0.006533	10.554598	10.435388	11.186946	11.186946	20.410378	-0.006625	-0.001519	0.024848	0.025488	0.015421	0.015447	-0.000417	-0.000417	-0.000267	-0.000267	720.771362	696.065386	1261.147303	1231.763836	-0.038281	-0.039043	-0.065013	-0.063446	
-0.012701	5.868400	0.822061	93.598399	93.589365	92.675112	92.671229	0.000036	20.533687	0.000529	10.747470	10.316554	11.114266	11.114266	20.519436	-0.001825	-0.011037	0.025990	0.026564	0.015869	0.016493	-0.000537	-0.000538	0.000324	0.000324	696.101571	744.576190	1212.202219	1269.854358	0.078791	0.086253	0.124554	0.130051	
-0.000932	6.245658	0.737009	93.896953	93.805038	92.907435	92.903824	0.000016	20.597770	-0.003924	10.423193	10.752267	10.922877	10.922877	20.593164	-0.002196	-0.002285	0.025845	0.024979	0.015034	0.015132	-0.000208	-0.000208	-0.000021	-0.000021	690.346129	733.805482	1227.857056	1279.544408	0.067292	0.067300	0.110617	0.115198	
0.012289	5.944845	-0.704198	93.752557	93.781192	92.787109	92.783418	0.000027	20.530167	0.003240	10.470971	10.761636	10.837317	10.837317	20.559578	0.001200	0.010131	0.026318	0.026015	0.015749	0.015098	0.000410	0.000410	-0.000320	-0.000320	739.909548	698.384997	1269.311768	1219.925527	-0.066418	-0.062936	-0.119092	-0.113663	
0.023399	4.580262	0.251260	94.241386	94.308978	93.273775	93.272007	0.000006	20.738582	-0.000926	10.817282	10.501943	10.817282	10.817282	20.710554	-0.001099	0.021315	0.024484	0.023932	0.013965	0.012674	0.000731	0.000730	-0.000844	-0.000842	749.649692	764.465777	1206.961507	1224.582666	0.028203	0.030417	0.048371	0.049241	
-0.003964	5.086443	-0.255714	94.437371	94.399750	93.401348	93.400866	0.000006	20.907369	-0.002173	9.184023	11.183825	11.183825	11.183825	20.871966	-0.003232	-0.000454	0.018022	0.017644	0.006854	0.006876	-0.000178	-0.000178	-0.000138	-0.000138	754.744197	739.665457	1244.355538	1226.421995	-0.032790	-0.024332	-0.045191	-0.044418	
0.004901	6.107082	-0.574667	94.320093	94.702345	93.620655	93.623170	-0.000002	21.004090	-0.003206	9.889913	9.559235	11.616864	11.616864	20.985040	-0.003121	0.004114	0.011414	0.015270	0.003914	0.003700	0.000004	0.000004	-0.000299	-0.000299	740.175258	706.288757	1286.397549	1246.095442	-0.052355	-0.059817	-0.086273	-0.083594	
0.021435	5.429598	0.753810	94.942259	95.017290	94.261214	94.269322	-0.000082	20.727504	-0.001767	10.035952	9.450903	11.560179	11.560179	20.802197	-0.002734	0.018807	0.027478	0.027156	0.020107	0.019071	0.000645	0.000644	-0.000826	-0.000825	714.820873	759.270897	1214.885297	1267.750880	0.082194	0.083149	0.116927	0.122047	
-0.005565	5.784073	-0.575075	94.902445	94.820405	94.184619	94.191231	-0.000082	21.106985	-0.008048	9.593119	9.900492	11.430101	11.430101	21.048261	-0.007203	-0.002154	0.014417	0.013667	0.006744	0.006941	-0.000339	-0.000339	-0.000264	-0.000264	749.712731	715.802199	1280.752124	1240.421435	-0.061374	-0.053380	-0.091569	-0.088188	
0.008861	6.867692	-1.216300	94.922725	94.955204	94.266148	94.269470	-0.000057	21.172022	-0.003850	10.181355	9.657808	11.277775	11.277775	21.156568	-0.004900	0.007228	0.009713	0.009638	0.002729	0.002346	0.000087	0.000087	-0.000494	-0.000494	742.954496	671.232764	1335.550350	1250.249807	-0.105649	-0.104712	-0.168750	-0.158693	
-0.011706	4.875318	0.238178	95.625060	95.536397	94.864381	94.865756	-0.000034	21.105264	-0.004590	10.406545	9.478110	11.236957	11.236957	21.133392	-0.004984	-0.008982	0.017823	0.017407	0.009727	0.010265	-0.000528	-0.000528	0.000090	0.000090	750.721331	764.766001	1232.472438	1249.176133	0.027523	0.030059	0.039744	0.040264	
-0.000680	6.714885	-0.947300	95.653922	95.444825	94.815127	94.812356	0.000016	21.035500	0.003892	10.127600	10.111947	10.920249	10.920249	21.069879	0.001206	-0.001847	0.021410	0.019286	0.012453	0.012532	-0.000026	-0.000026	0.000125	0.000125	737.235327	681.375734	1318.580796	1252.145513	-0.085743	-0.076516	-0.137845	-0.130892	
0.005569	4.968671	0.862731	96.327725	96.249067	95.484212	95.477729	0.000016	21.240672	0.000731	10.377987	9.656320	11.033318	11.033318	21.216374	0.000962	0.004492	0.021689	0.020591	0.012742	0.012412	0.000192	0.000192	-0.000117	-0.000117	731.552168	782.424974	1216.439322	1276.943690	0.092005	0.113288	0.138781	0.145094	
-0.002597	6.189279	-0.311404	96.322781	96.152569	95.451196	95.443312	0.000050	21.247622	0.004743	10.018871	10.387497	10.690609	10.690609	21.251945	0.002906	-0.001611	0.019748	0.018040	0.010521	0.010530	0.000028	0.000028	0.000195	0.000195	735.564259	717.201650	1290.414206	1268.575072	-0.029171	-0.026606	-0.048593	-0.047705	
0.000549	5.493636	0.264655	96.656651	96.664323	95.806703	95.798489	0.000069	21.167524	0.003623	10.356673	10.036580	10.706637	10.706637	21.201825	0.003375	0.000249	0.025756	0.025823	0.016736	0.016634	0.000100	0.000100	0.000150	0.000150	735.431532	751.037515	1250.267536	1268.828142	0.025835	0.029164	0.042509	0.043131	
-0.034330	5.871658	-0.818701	96.675936	96.613760	95.780326	95.774041	0.000069	21.303420	0.007233	10.255351	10.261222	10.559570	10.559570	21.292482	0.005966	-0.029201	0.020731	0.021783	0.011275	0.012902	-0.000840	-0.000842	0.001332	0.001334	759.473236	711.196773	1301.759631	1244.343164	-0.079441	-0.072428	-0.134845	-0.128498	
-0.002250	6.724157	0.378441	97.214044	97.191655	96.307783	96.302543	0.000050	21.356186	0.001753	10.527823	10.060698	10.527823	10.527823	21.355017	0.005476	-0.005889	0.024091	0.024200	0.014544	0.014830	-0.000006	-0.000006	0.000468	0.000468	703.553621	725.869185	1284.284355	1310.824842	0.031827	0.034676	0.051686	0.052512	
0.009877	5.099829	0.107402	97.439826	97.340420	96.478551	96.473856	0.000042	21.522393	0.004024	8.696296	10.823692	10.949507	10.949507	21.498918	0.004772	0.007611	0.019991	0.018510	0.009928	0.009443	0.000452	0.000452	-0.000050	-0.000050	756.088195	762.421409	1258.215717	1265.747975	0.013708	0.010425	0.017965	0.018089	
0.017920	4.962746	-0.276216	97.257193	97.629385	96.673404	96.672401	0.000005	21.517574	0.001394	9.132135	10.735426	10.735426	10.735426	21.525156	0.001814	0.016316	0.017089	0.020037	0.010984	0.010039	0.000661	0.000661	-0.000498	-0.000497	771.441660	755.154015	1269.266615	1249.895290	-0.029820	-0.028822	-0.050350	-0.049511	
-0.009353	5.208500	-0.073446	97.520283	97.954796	96.940824	96.950443	0.000005	21.467891	0.000420	9.806080	9.264713	11.109570	11.109570	21.492951	-0.000226	-0.005723	0.020730	0.025611	0.014665	0.015095	-0.000220	-0.000220	0.000194	0.000194	758.512981	754.182071	1267.091330	1261.940465	-0.007920	-0.008613	-0.011776	-0.011767	
0.005273	5.242457	0.374748	97.984269	98.034667	97.329268	97.344489	-0.000126	21.730367	0.001754	9.765910	9.323382	11.040072	11.040072	21.686919	0.001356	0.003698	0.016685	0.016996	0.009888	0.009836	0.000320	0.000320	-0.000068	-0.000068	748.335082	770.432884	1260.522465	1286.803962	0.041928	0.039377	0.060054	0.061447	
-0.005844	5.132979	0.481184	98.276151	98.217540	97.591094	97.602597	-0.000109	21.786492	-0.003279	9.716787	9.594394	10.857800	10.857800	21.775439	-0.001755	-0.004470	0.015335	0.014984	0.008257	0.008629	-0.000129	-0.000129	0.000077	0.000077	749.800130	778.174184	1257.783636	1291.529644	0.052183	0.052819	0.078310	0.080447	
0.004345	4.190177	-0.547614	98.255347	98.217346	97.552465	97.558615	-0.000109	21.730961	-0.008138	9.777403	9.726917	10.708204	10.708204	21.753421	-0.005296	0.003099	0.016363	0.015793	0.009092	0.008981	-0.000025	-0.000025	-0.000353	-0.000353	803.869899	771.578671	1268.727789	1230.322982	-0.068262	-0.065828	-0.109909	-0.105068	
0.010867	6.522696	-0.326568	98.557669	98.536636	97.826627	97.829284	-0.000055	21.831538	-0.006942	10.248775	9.599713	10.540558	10.540558	21.823048	-0.006516	0.009671	0.016424	0.015658	0.008885	0.008367	0.000096	0.000096	-0.000639	-0.000639	738.935673	719.678908	1323.807333	1300.904755	-0.028504	-0.029881	-0.045821	-0.045107	
0.015504	5.885972	0.393864	99.065197	98.935127	98.222295	98.221878	-0.000024	21.861373	0.002747	10.038721	9.518264	10.626464	10.626464	21.867679	-0.001648	0.014482	0.019709	0.017548	0.011033	0.010212	0.000457	0.000456	-0.000584	-0.000583	734.937366	758.162419	1284.138904	1311.761071	0.038265	0.040116	0.057363	0.058386	
0.021439	6.507360	0.899161	99.418740	99.275284	98.593749	98.589382	0.000025	21.889136	0.005614	9.910332	9.833866	10.444374	10.444374	21.897905	0.001423	0.020204	0.022098	0.019475	0.013617	0.012432	0.000748	0.000748	-0.000643	-0.000643	704.717042	757.738007	1283.667033	1346.726262	0.077202	0.082549	0.122671	0.127354	
0.017885	5.086305	-1.090127	99.128213	99.062425	98.312758	98.306100	0.000025	21.758024	-0.000454	9.743222	9.968168	10.386925	10.386925	21.806072	-0.001510	0.018008	0.023343	0.021634	0.014925	0.013834	0.000540	0.000539	-0.000703	-0.000703	797.948121	733.666409	1313.004572	1236.552641	-0.116333	-0.105789	-0.199442	-0.184677	
0.001627	5.261729	-0.371365	99.499102	99.515629	98.717732	98.711737	0.000045	22.100251	0.006465	10.303534	9.682894	10.303534	10.303534	22.043209	0.001958	0.003823	0.015717	0.015671	0.007741	0.007466	0.000177	0.000177	-0.000044	-0.000044	777.107743	755.209381	1302.575722	1276.531424	-0.037159	-0.039909	-0.061855	-0.060688	
-0.025810	5.517389	0.457389	100.028708	99.914188	99.145731	99.140603	0.000034	21.932651	0.002831	9.059840	10.337083	10.516586	10.516586	21.970905	0.002431	-0.021449	0.023766	0.023813	0.014729	0.015886	-0.000672	-0.000673	0.000859	0.000860	744.630356	771.601280	1276.928312	1309.005542	0.051838	0.044166	0.069609	0.071199	
0.025154	5.157271	-0.542755	99.807212	100.007128	99.150283	99.146938	0.000034	22.058379	-0.001415	8.808696	10.479849	10.479849	10.479849	22.050807	0.001425	0.018496	0.018925	0.019922	0.012218	0.011149	0.000675	0.000674	-0.000579	-0.000579	784.996715	752.992007	1306.237139	1268.173097	-0.059219	-0.052581	-0.094241	-0.091152	
-0.006785	4.255811	-0.438753	99.951403	100.328190	99.400924	99.405659	0.000008	22.208059	0.006540	9.671981	8.998817	10.796906	10.796906	22.183284	0.003116	-0.003259	0.013693	0.017697	0.008111	0.008339	0.000020	0.000020	0.000253	0.000253	807.788067	781.916026	1285.257041	1254.486741	-0.052062	-0.059116	-0.081072	-0.079008	
-0.001690	4.931658	0.656290	100.573840	100.573751	99.934945	99.945174	-0.000094	22.311873	0.003914	9.839281	9.206251	10.558379	10.558379	22.291704	0.003774	-0.001891	0.015084	0.015188	0.008635	0.008843	0.000198	0.000198	0.000234	0.000234	760.415430	799.115002	1268.960015	1314.986435	0.073709	0.072221	0.107299	0.111195	
0.015854	5.070434	-0.866012	100.485712	100.374131	99.757687	99.764281	-0.000058	22.094730	-0.002228	9.496997	9.541520	10.464444	10.464444	22.152469	-0.000042	0.013248	0.020994	0.019116	0.013597	0.012924	0.000515	0.000515	-0.000461	-0.000461	798.851519	747.785254	1319.785406	1259.050953	-0.096663	-0.085754	-0.150764	-0.142320	
-0.012122	4.442299	0.548093	101.022166	100.997015	100.326116	100.328094	-0.000058	22.249583	0.000389	9.977167	9.159718	10.447672	10.447672	22.238703	-0.000701	-0.008515	0.021853	0.022076	0.014812	0.015306	-0.000267	-0.000268	0.000262	0.000262	775.057135	807.376640	1257.869029	1296.307466	0.061446	0.073715	0.095185	0.097899	
-0.010140	6.376117	-0.038021	101.176673	101.017278	100.402552	100.401174	-0.000018	22.196466	0.002071	9.658755	9.642958	10.250233	10.250233	22.216782	0.001757	-0.009823	0.024388	0.023326	0.016551	0.017085	-0.000243	-0.000243	0.000418	0.000419	742.277994	740.035988	1327.063780	1324.397304	-0.003451	-0.003302	-0.005424	-0.005409	
0.008615	5.258512	0.732794	101.558109	101.502437	100.798578	100.793917	0.000027	22.516080	-0.001966	9.708640	9.369409	10.346941	10.346941	22.460862	0.000117	0.006000	0.017517	0.016627	0.009907	0.009531	0.000183	0.000183	-0.000200	-0.000200	753.307339	796.518142	1282.142127	1333.533872	0.073259	0.083430	0.112801	0.116785	
-0.007683	4.757754	-0.835436	101.387749	101.304246	100.639699	100.634107	0.000027	22.418181	-0.003075	9.686513	9.787806	10.065725	10.065725	22.440514	-0.002193	-0.005699	0.016408	0.015885	0.008908	0.009165	-0.000319	-0.000319	0.000097	0.000097	811.963326	762.700027	1323.385109	1264.794972	-0.091391	-0.083275	-0.157984	-0.149227	
0.022053	4.994423	-0.154672	101.773441	101.762625	101.001129	100.995529	0.000039	22.423144	-0.006262	10.034213	9.569969	10.034213	10.034213	22.438370	-0.004372	0.018019	0.021030	0.019922	0.013282	0.012233	0.000383	0.000382	-0.000812	-0.000811	785.776165	776.655600	1305.489513	1294.642185	-0.016085	-0.017238	-0.026109	-0.025900	
-0.013526	4.892707	0.282547	102.165140	102.072927	101.324353	101.319228	0.000035	22.322219	-0.000226	8.865994	10.086640	10.285474	10.285474	22.361157	-0.002982	-0.009052	0.027741	0.027321	0.019283	0.019735	-0.000479	-0.000479	0.000177	0.000177	773.880764	790.541738	1284.130911	1303.946247	0.034345	0.029364	0.046903	0.047635	
0.012571	5.828376	-0.562184	101.979373	102.173635	101.361412	101.358406	0.000017	22.457033	0.001018	8.762139	10.209790	10.209790	10.209790	22.446026	0.000115	0.009451	0.022509	0.023930	0.016312	0.015760	0.000311	0.000311	-0.000318	-0.000318	776.559270	743.408901	1341.510846	1302.084239	-0.055020	-0.049900	-0.087547	-0.085077	
-0.001652	4.209751	-0.366089	102.167503	102.494706	101.620137	101.624836	0.000017	22.581781	0.001251	9.416141	8.757275	10.612024	10.612024	22.563619	0.000076	-0.000112	0.018791	0.022060	0.013333	0.013386	-0.000018	-0.000018	0.000007	0.000007	814.767096	793.179852	1298.344682	1272.670403	-0.044168	-0.049576	-0.066260	-0.064949	
-0.004052	5.450539	-0.058285	102.553880	102.538807	101.956682	101.966094	-0.000079	22.841268	-0.007041	9.601126	9.049692	10.321344	10.321344	22.786046	-0.004166	-0.003430	0.012572	0.012609	0.006675	0.006953	-0.000220	-0.000220	-0.000067	-0.000067	778.569876	775.132982	1329.346822	1325.259233	-0.006048	-0.005673	-0.009077	-0.009065	
-0.020678	5.568206	-0.151444	102.805600	102.705861	102.121132	102.126931	-0.000057	22.721741	0.001609	9.511907	9.168183	10.253087	10.253087	22.749594	-0.000058	-0.018114	0.016283	0.016284	0.009517	0.010555	-0.000556	-0.000557	0.000608	0.000609	777.523827	768.593575	1333.991639	1323.370654	-0.015283	-0.015236	-0.022950	-0.022753	
0.004235	5.455433	-0.464892	102.944406	102.853242	102.249677	102.250569	-0.000057	22.749706	-0.008888	9.574711	9.181087	10.179603	10.179603	22.762734	-0.004015	0.001151	0.017593	0.016629	0.010726	0.010672	-0.000080	-0.000080	-0.000215	-0.000215	789.937177	762.523788	1342.681032	1310.077568	-0.046500	-0.047045	-0.072992	-0.071165	
0.012481	5.420907	-0.440048	103.177889	103.077510	102.462867	102.460209	-0.000007	22.852015	-0.001322	9.734663	9.179979	10.074028	10.074028	22.843874	-0.002518	0.010767	0.016540	0.014967	0.009495	0.008888	0.000258	0.000258	-0.000472	-0.000472	791.816752	765.868351	1344.580864	1313.719747	-0.043751	-0.044893	-0.069297	-0.067733	
-0.005020	3.817330	1.095072	103.808951	103.674579	103.049188	103.043682	0.000028	22.863024	-0.003484	9.800873	9.274981	9.950991	9.950991	22.871243	-0.003833	-0.002790	0.021163	0.019993	0.013690	0.013786	-0.000289	-0.000289	-0.000074	-0.000074	788.273755	852.847026	1250.853223	1327.651914	0.132776	0.152037	0.204011	0.216398	
-0.005253	4.824530	-0.034924	103.762099	103.620942	102.966264	102.958244	0.000060	22.939381	-0.000886	9.547784	9.733882	9.733882	9.733882	22.932356	-0.001634	-0.004862	0.017927	0.016805	0.010119	0.010302	-0.000294	-0.000294	0.000091	0.000091	797.059843	795.000489	1319.079377	1316.630134	-0.003669	-0.003575	-0.006229	-0.006210	
0.017082	4.846921	0.451811	104.054990	104.041085	103.274962	103.266511	0.000060	23.039624	0.012899	10.010447	8.748107	10.010447	10.010447	23.025787	0.007424	0.013821	0.017162	0.016281	0.009537	0.008715	0.000723	0.000723	-0.000138	-0.000138	784.138094	810.780084	1306.829194	1338.515214	0.044679	0.056285	0.073750	0.075458	
0.008020	4.142385	-0.517474	104.096580	103.858240	103.273131	103.264396	0.000058	23.026379	0.000630	8.855928	9.288428	10.257129	10.257129	23.037603	0.001892	0.008763	0.016910	0.014111	0.008866	0.008312	0.000316	0.000316	-0.000210	-0.000210	831.042362	800.528399	1323.283131	1286.992071	-0.068343	-0.056598	-0.098896	-0.095481	
0.001680	5.290900	-0.661733	104.084528	104.087002	103.480680	103.470733	0.000086	23.133068	0.008135	9.280709	9.184937	10.101853	10.101853	23.120399	0.004903	0.002613	0.012986	0.012870	0.007109	0.006873	0.000212	0.000212	0.000125	0.000125	807.617528	768.597001	1361.579171	1315.171032	-0.065148	-0.068274	-0.106504	-0.102997	
0.000710	4.409360	-0.818108	104.274728	104.254692	103.635692	103.628541	0.000086	23.099425	0.005948	9.326853	9.127265	10.077723	10.077723	23.116746	0.005195	0.000968	0.014953	0.014706	0.008733	0.008612	0.000171	0.000171	0.000193	0.000193	834.762006	786.520476	1344.282874	1286.907954	-0.097582	-0.093042	-0.147314	-0.140611	
-0.006644	3.716674	-0.144558	104.663673	104.620231	104.007386	104.002145	0.000057	23.101891	-0.001185	9.504809	9.224087	9.908368	9.908368	23.115710	0.001206	-0.005485	0.018611	0.018483	0.012224	0.012466	-0.000187	-0.000187	0.000234	0.000234	832.649405	824.125241	1302.848684	1292.710671	-0.018620	-0.018927	-0.028934	-0.028699	
-0.007283	4.584528	0.571208	105.083723	105.019368	104.372985	104.368357	0.000046	23.314784	0.005337	9.407381	9.495275	9.751464	9.751464	23.276828	0.004221	-0.006966	0.015582	0.015330	0.008713	0.009036	-0.000094	-0.000094	0.000411	0.000411	792.771536	826.454077	1307.397710	1347.457242	0.063496	0.064905	0.096915	0.099774	
-0.014070	4.870282	1.023914	105.393619	105.389802	104.671808	104.667796	0.000040	23.285778	-0.002620	9.221679	9.680410	9.680410	9.680410	23.294427	0.000705	-0.012903	0.017649	0.018300	0.010680	0.011324	-0.000435	-0.000435	0.000455	0.000456	772.476523	832.853819	1299.663244	1371.471552	0.106829	0.111365	0.164997	0.173422	
0.007654	5.908339	0.035058	105.313004	105.395400	104.617949	104.616326	0.000040	23.216027	0.000099	9.391652	8.981571	9.888361	9.888361	23.245824	0.001298	0.004752	0.019468	0.020011	0.012740	0.012472	0.000172	0.000172	-0.000101	-0.000101	773.948543	776.015841	1358.730540	1361.189232	0.003128	0.003366	0.005122	0.005134	
0.011652	4.410585	0.473944	105.644344	105.596644	104.952404	104.952721	0.000008	23.256849	-0.007017	9.646534	8.690529	9.914648	9.914648	23.268116	-0.004285	0.010620	0.021853	0.020823	0.015160	0.014598	0.000158	0.000158	-0.000535	-0.000534	799.911951	827.859078	1305.945780	1339.184034	0.051949	0.057442	0.082934	0.085146	
-0.017405	4.530248	-0.131460	105.746540	105.562257	105.009030	105.006944	0.000021	23.579818	-0.000162	9.681140	8.998422	9.687625	9.687625	23.517084	-0.002317	-0.013375	0.011381	0.010319	0.004327	0.005004	-0.000556	-0.000557	0.000338	0.000338	820.126127	812.374283	1341.754147	1332.534675	-0.014128	-0.014387	-0.023677	-0.023476	
-0.003557	4.401743	0.576830	106.146736	105.968519	105.364378	105.357799	0.000021	23.468625	0.002535	9.650480	9.087095	9.650480	9.650480	23.490606	0.001847	-0.004886	0.016576	0.015127	0.009083	0.009276	-0.000103	-0.000103	0.000238	0.000238	801.958877	835.972890	1312.391290	1352.845050	0.062720	0.070134	0.099853	0.102671	
0.012391	4.036376	0.748539	106.392520	106.234797	105.603604	105.593994	0.000070	23.234438	0.002255	8.633432	9.594357	9.838208	9.838208	23.304813	0.002301	0.009880	0.027449	0.025395	0.019830	0.019210	0.000354	0.000354	-0.000227	-0.000227	802.212266	846.351471	1288.406744	1340.902661	0.095054	0.089687	0.135567	0.141462	
0.008651	3.825391	-0.981193	105.979574	106.101796	105.393416	105.385331	0.000087	23.494638	-0.000668	8.601288	9.658593	9.777821	9.777821	23.459599	-0.000451	0.008748	0.016677	0.017386	0.011054	0.010516	0.000180	0.000180	-0.000305	-0.000305	862.000055	804.141892	1350.801444	1281.989208	-0.122456	-0.110252	-0.205892	-0.191725	
-0.023066	4.599464	0.156634	106.403848	106.627715	105.869293	105.868686	0.000008	23.673278	0.003176	9.259082	9.350611	9.645333	9.645333	23.632152	0.001346	-0.018442	0.012581	0.015678	0.007494	0.008448	-0.000549	-0.000550	0.000656	0.000656	812.387734	821.624003	1338.788498	1349.773437	0.017178	0.017851	0.026417	0.026680	
0.010136	4.281630	-0.494267	106.534055	106.619710	105.884167	105.889697	0.000008	23.650619	0.002745	8.997569	9.577552	9.577552	9.577552	23.657072	0.003563	0.006088	0.013394	0.013890	0.007212	0.006948	0.000340	0.000340	-0.000047	-0.000047	840.281349	811.135809	1354.624362	1319.960804	-0.060654	-0.051658	-0.091822	-0.089368	
0.016888	5.298012	0.288118	106.903978	107.038902	106.264652	106.272481	-0.000043	23.593227	0.007394	9.551926	8.661221	9.752250	9.752250	23.618232	0.005069	0.015198	0.018825	0.019310	0.012732	0.012012	0.000752	0.000752	-0.000279	-0.000279	790.285504	807.274982	1351.446839	1371.652872	0.027784	0.031857	0.043339	0.043905	
-0.017170	3.815349	-0.170655	107.076759	106.962371	106.363528	106.370534	-0.000054	23.724284	0.000821	9.272712	8.805140	9.751542	9.751542	23.711842	0.001272	-0.012521	0.015717	0.015285	0.008951	0.009668	-0.000297	-0.000297	0.000459	0.000459	843.911256	833.848189	1333.879555	1321.911286	-0.021538	-0.020365	-0.033619	-0.033241	
0.006277	3.845366	0.580161	107.436955	107.323703	106.750158	106.751917	-0.000054	23.528189	-0.004616	9.538687	8.936822	9.538687	9.538687	23.580188	-0.001387	0.003641	0.025250	0.023977	0.018696	0.018521	0.000114	0.000114	-0.000177	-0.000177	818.099791	852.310215	1302.169345	1342.856703	0.067405	0.076014	0.110660	0.114065	
-0.002749	4.730099	0.742716	107.713746	107.573166	106.963337	106.960498	0.000001	23.860535	0.003953	8.567937	9.370194	9.743055	9.743055	23.803827	0.001599	-0.001873	0.018090	0.016859	0.010997	0.011067	0.000006	0.000006	0.000128	0.000128	795.556254	839.352080	1329.635254	1381.722784	0.084734	0.080277	0.118207	0.122390	
-0.018360	4.238212	0.516124	107.692063	107.791944	107.123753	107.120000	0.000037	23.931382	0.001857	8.567522	9.452186	9.660656	9.660656	23.912567	0.002085	-0.015896	0.012894	0.014656	0.007549	0.008331	-0.000459	-0.000460	0.000597	0.000598	817.275337	847.709714	1330.090405	1366.286810	0.058278	0.059729	0.091922	0.094582	
0.007275	4.462508	-1.115207	107.431424	107.615928	106.899912	106.901017	-0.000014	23.809465	0.001372	8.789289	9.501881	9.501881	9.501881	23.843572	0.002849	0.004015	0.013881	0.015414	0.008865	0.008668	0.000263	0.000263	-0.000010	-0.000010	858.082084	792.321465	1389.791645	1311.580810	-0.127325	-0.110870	-0.206622	-0.193383	
-0.031202	4.153441	-0.129127	107.892029	108.074085	107.315758	107.322385	-0.000014	23.943315	0.002396	9.519724	8.444010	9.704281	9.704281	23.930393	0.002525	-0.026021	0.013757	0.016816	0.008343	0.009744	-0.000714	-0.000715	0.000939	0.000941	838.872050	831.257781	1351.384780	1342.328930	-0.014836	-0.016879	-0.022587	-0.022488	
0.007323	4.050346	0.110161	108.276252	108.142000	107.585627	107.592528	-0.000068	24.129000	0.003655	9.334994	8.781241	9.551487	9.551487	24.092177	0.005223	0.002645	0.011274	0.009885	0.004824	0.004753	0.000369	0.000369	0.000133	0.000133	838.086180	844.582039	1348.026668	1355.752364	0.013294	0.012658	0.020275	0.020399	
0.013904	4.064469	0.057522	108.459005	108.324743	107.749384	107.750380	-0.000013	23.957901	0.003397	9.356020	8.974814	9.400919	9.400919	23.998876	0.003542	0.012199	0.017166	0.015277	0.010511	0.009894	0.000551	0.000551	-0.000243	-0.000242	837.182545	840.574456	1345.800971	1349.835060	0.006546	0.006889	0.010723	0.010733	
-0.007532	4.299860	-1.035789	108.381661	108.273974	107.649663	107.646054	-0.000013	24.119179	0.005927	9.355527	9.006734	9.355527	9.355527	24.100505	0.003942	-0.004752	0.011719	0.010957	0.004886	0.005094	0.000025	0.000025	0.000315	0.000315	865.659714	804.582154	1395.007084	1322.365935	-0.114916	-0.111612	-0.193218	-0.181599	
0.022995	4.768132	0.013910	108.835654	108.739281	108.096066	108.089989	0.000032	24.096494	-0.004186	8.976316	9.068363	9.529519	9.529519	24.107514	-0.000985	0.018963	0.016271	0.014398	0.009365	0.008341	0.000531	0.000530	-0.000645	-0.000644	822.856610	823.676835	1370.544527	1371.520042	0.001529	0.001521	0.002231	0.002230	
0.010122	4.381935	-0.880156	108.735705	108.720610	108.081704	108.075265	0.000050	24.151248	-0.013366	8.681989	9.337948	9.464234	9.464234	24.152174	-0.010171	0.011297	0.013264	0.012545	0.007169	0.006535	-0.000113	-0.000113	-0.000780	-0.000780	860.128930	808.228649	1394.118765	1332.392396	-0.101157	-0.090484	-0.160388	-0.152638	
-0.025420	4.670980	0.464662	109.188986	109.297933	108.600023	108.596434	0.000025	24.437704	-0.003582	9.051486	9.226793	9.340644	9.340644	24.381038	-0.006502	-0.020108	0.007142	0.009162	0.001710	0.002685	-0.000924	-0.000925	0.000366	0.000367	818.246542	845.646315	1365.352205	1397.939476	0.049104	0.051860	0.074984	0.076499	
-0.010484	4.011457	-1.140169	109.017189	109.078962	108.368752	108.369195	0.000025	24.360370	0.004570	8.881621	9.300867	9.300867	9.300867	24.376166	0.002256	-0.011743	0.005969	0.007131	-0.000015	0.000577	-0.000302	-0.000302	0.000462	0.000462	882.369558	815.137032	1404.474043	1324.512629	-0.138256	-0.118139	-0.222735	-0.207687	
-0.006479	4.593007	-0.044585	109.456198	109.549772	108.820571	108.823559	-0.000011	24.173136	0.002686	9.457776	8.484048	9.457776	9.457776	24.230138	0.003542	-0.007135	0.016223	0.017457	0.010322	0.010712	-0.000068	-0.000068	0.000372	0.000372	831.838797	829.209751	1373.960565	1370.833772	-0.004688	-0.005318	-0.007322	-0.007314	
0.008444	4.656853	-0.792800	109.549149	109.405912	108.834523	108.836964	-0.000021	24.193563	-0.004546	8.699158	8.835309	9.586016	9.586016	24.212905	-0.000968	0.006244	0.018153	0.016502	0.011511	0.011216	0.000179	0.000179	-0.000238	-0.000238	851.871631	805.122486	1401.009992	1345.410003	-0.092252	-0.078601	-0.134496	-0.129031	
-0.012546	4.263853	-0.439440	109.715914	109.700391	109.125360	109.124401	-0.000021	24.200621	-0.002992	8.954644	8.721080	9.515864	9.515864	24.214418	-0.002550	-0.009817	0.019227	0.019587	0.013740	0.014233	-0.000395	-0.000395	0.000206	0.000206	851.568530	825.655976	1378.610603	1347.792121	-0.049407	-0.051829	-0.077827	-0.076031	
0.026892	4.313356	-0.520113	109.895044	109.848893	109.282986	109.281124	0.000012	24.427576	0.003638	8.947435	8.884246	9.393504	9.393504	24.387600	0.001770	0.021518	0.014438	0.012921	0.008788	0.007685	0.000739	0.000738	-0.000605	-0.000604	856.604087	825.934477	1391.026537	1354.550362	-0.059832	-0.057442	-0.091651	-0.089212	
0.001041	3.756050	-0.389546	110.112755	110.087700	109.484207	109.481736	0.000019	24.585764	-0.005629	9.062010	8.976006	9.262911	9.262911	24.549419	-0.004613	0.003887	0.009301	0.008877	0.003540	0.003324	-0.000086	-0.000086	-0.000309	-0.000309	870.744728	847.774277	1379.977536	1352.658174	-0.047444	-0.047038	-0.074957	-0.073344	
0.006696	3.884178	-0.525294	110.280492	110.257134	109.615723	109.613235	0.000020	24.396925	-0.004898	9.122761	9.122761	9.122761	9.122761	24.441481	-0.005061	0.006246	0.015363	0.014832	0.009243	0.008905	-0.000031	-0.000031	-0.000403	-0.000403	868.993305	838.018226	1382.798946	1345.959469	-0.062661	-0.060354	-0.101394	-0.098474	
0.009129	4.378130	-0.175854	110.563845	110.556260	109.866117	109.863918	0.000020	24.461107	-0.004241	8.886069	8.614950	9.472274	9.472274	24.465612	-0.005055	0.008639	0.017028	0.016521	0.010610	0.010155	0.000044	0.000044	-0.000478	-0.000477	846.570578	836.200978	1384.382397	1372.049559	-0.019999	-0.020560	-0.029491	-0.029247	
-0.020960	3.784695	0.160672	110.791782	110.741322	110.169155	110.167000	0.000017	24.628170	0.001849	8.805890	8.719935	9.414982	9.414982	24.600324	-0.001193	-0.016687	0.012907	0.013284	0.007215	0.008029	-0.000586	-0.000587	0.000472	0.000472	854.954770	864.429167	1363.890855	1375.159004	0.019450	0.019544	0.030118	0.030378	
-0.008351	4.789634	0.350218	110.994578	110.964732	110.393780	110.391120	0.000024	24.651996	-0.000131	8.858775	8.939378	9.235743	9.235743	24.648755	0.001032	-0.009412	0.012950	0.013150	0.007467	0.007913	-0.000275	-0.000275	0.000335	0.000335	824.700894	845.352251	1385.379373	1409.940576	0.036200	0.036977	0.056050	0.056918	
-0.000089	3.874209	0.848785	111.299120	111.304011	110.676196	110.673889	0.000024	24.715655	-0.005585	8.797774	8.976253	9.211917	9.211917	24.711200	-0.002189	-0.001337	0.013365	0.013477	0.007694	0.007739	-0.000154	-0.000154	-0.000047	-0.000047	834.921319	884.971783	1347.460588	1406.986922	0.099661	0.104679	0.150488	0.157009	
-0.017497	3.912815	-0.937196	111.018709	111.050911	110.401821	110.400820	0.000019	24.724514	-0.000721	8.849320	9.082978	9.082978	9.082978	24.730475	-0.000892	-0.015088	0.009682	0.010727	0.004072	0.004810	-0.000523	-0.000524	0.000432	0.000432	887.032763	831.768963	1412.019103	1346.292412	-0.109300	-0.099812	-0.185732	-0.175148	
-0.014597	4.021862	-0.740726	111.248301	111.298742	110.610849	110.611571	0.000003	24.692868	0.003057	9.259671	8.408994	9.259671	9.259671	24.710857	0.003024	-0.014526	0.012587	0.013773	0.006785	0.007514	-0.000331	-0.000332	0.000573	0.000574	877.990408	834.311878	1406.968559	1355.020535	-0.084517	-0.089884	-0.134072	-0.129245	
-0.012177	4.947593	0.089132	111.704177	111.570314	111.012079	111.012227	0.000005	24.705837	0.008513	8.857085	8.623035	9.317907	9.317907	24.716443	0.007673	-0.012402	0.016560	0.015964	0.010262	0.010882	-0.000080	-0.000080	0.000695	0.000696	829.905690	835.161557	1401.888284	1408.139224	0.009506	0.009178	0.013704	0.013750	
0.002743	4.368126	0.314746	111.886835	111.808857	111.254070	111.250936	0.000005	24.722809	0.002245	8.596189	8.806735	9.294395	9.294395	24.732915	0.005198	0.000648	0.017872	0.017130	0.012115	0.012055	0.000225	0.000225	0.000190	0.000190	838.497957	857.057659	1379.917668	1401.991210	0.034943	0.035550	0.052841	0.053569	
0.000110	3.911789	-0.239761	111.864788	111.878317	111.289705	111.285991	0.000035	24.821298	-0.007190	8.639172	8.963867	9.157257	9.157257	24.810818	-0.002521	0.000241	0.014466	0.014576	0.009251	0.009205	-0.000129	-0.000129	-0.000109	-0.000109	868.353151	854.215153	1391.469931	1374.655238	-0.028115	-0.027523	-0.044966	-0.044357	
-0.006816	3.672329	0.748267	112.276051	112.335122	111.694030	111.692416	0.000018	24.778365	0.001902	8.912369	8.947436	9.023476	9.023476	24.795144	0.000313	-0.005786	0.018688	0.019514	0.013407	0.013681	-0.000185	-0.000185	0.000192	0.000192	845.002313	889.125502	1349.913300	1402.390171	0.089423	0.095287	0.137868	0.143057	
0.035602	3.706942	-1.057364	112.040102	112.062856	111.396897	111.397447	0.000018	24.902364	0.006618	8.781063	8.997098	8.997098	8.997098	24.885837	0.004190	0.029494	0.013720	0.012460	0.007900	0.006449	0.001060	0.001059	-0.000742	-0.000741	899.452993	837.103262	1418.569081	1344.414905	-0.129475	-0.114453	-0.214096	-0.200250	
0.015723	3.540311	-0.090721	112.440746	112.486079	111.804677	111.806375	-0.000002	24.877850	0.002218	9.172696	8.344038	9.172696	9.172696	24.888413	0.000118	0.017465	0.016939	0.016479	0.011186	0.010336	0.000546	0.000545	-0.000534	-0.000534	875.287041	869.937491	1380.525478	1374.163117	-0.010975	-0.012299	-0.017256	-0.017186	
0.011307	4.042663	-0.362227	112.608985	112.478371	111.927185	111.927886	-0.000009	24.872372	-0.001185	8.627851	8.741780	9.180963	9.180963	24.884432	-0.002338	0.012044	0.018488	0.016707	0.012322	0.011731	0.000287	0.000286	-0.000466	-0.000465	870.313486	848.954016	1402.736306	1377.332926	-0.043886	-0.039415	-0.065766	-0.064515	
-0.010256	4.564801	1.215605	113.098016	113.082188	112.496950	112.494919	0.000021	25.048468	0.001476	8.713976	8.703144	9.140843	9.140843	25.019490	-0.000879	-0.007093	0.016913	0.017123	0.011509	0.011841	-0.000274	-0.000274	0.000182	0.000183	813.544182	885.224950	1367.462337	1452.714160	0.126488	0.141706	0.186906	0.195227	
-0.015370	3.507410	-0.351738	112.870899	112.863637	112.271470	112.269431	0.000021	25.134747	-0.005954	8.344913	9.058979	9.058979	9.058979	25.118428	-0.003110	-0.014039	0.010704	0.011328	0.005336	0.006004	-0.000574	-0.000574	0.000305	0.000305	889.192991	868.452005	1400.200279	1375.532479	-0.044714	-0.039917	-0.071382	-0.069762	
0.003720	4.428571	-0.194260	113.013138	113.134575	112.469831	112.469822	0.000016	25.321660	0.001037	9.035817	8.484778	9.035817	9.035817	25.282238	0.000688	0.001217	0.005793	0.006815	0.000958	0.000899	0.000048	0.000048	-0.000010	-0.000010	864.772643	853.317663	1426.465651	1412.841941	-0.020026	-0.022112	-0.032408	-0.032150	
-0.014551	3.448851	-0.105797	113.303253	113.241555	112.654676	112.656425	-0.000012	25.242275	0.004591	8.635028	8.683293	9.105392	9.105392	25.262026	0.003122	-0.012243	0.008854	0.008901	0.003079	0.003688	-0.000236	-0.000237	0.000495	0.000496	886.819076	880.580531	1397.222868	1389.803203	-0.013991	-0.012776	-0.020435	-0.020332	
0.009068	3.275037	-0.141135	113.419360	113.412087	112.821402	112.821735	-0.000012	25.035636	0.001078	8.738254	8.837139	8.945854	8.945854	25.096795	0.002752	0.006040	0.016987	0.016623	0.011625	0.011331	0.000306	0.000306	-0.000075	-0.000075	888.437580	880.115234	1385.781259	1375.883274	-0.017888	-0.017881	-0.029205	-0.028948	
-0.015482	3.539294	0.722589	113.808227	113.823627	113.186644	113.186821	0.000003	25.270363	0.000680	8.771303	8.855961	8.895467	8.895467	25.237350	0.001079	-0.012347	0.014338	0.015081	0.008798	0.009402	-0.000336	-0.000336	0.000418	0.000418	859.493920	902.102962	1369.263685	1419.939741	0.087724	0.091808	0.134051	0.138771	
0.015767	2.712228	0.439154	113.909986	113.929236	113.274102	113.274780	-0.000001	25.044760	0.004314	8.689243	8.869875	8.869875	8.869875	25.098207	0.003900	0.011709	0.021469	0.021060	0.015767	0.015195	0.000515	0.000515	-0.000203	-0.000203	885.798512	911.694184	1351.066248	1381.864653	0.060657	0.061302	0.099179	0.102182	
0.016011	4.172145	-0.169837	113.909682	113.946958	113.283080	113.284453	-0.000009	25.253668	-0.001760	8.898567	8.573814	8.898567	8.898567	25.223581	-0.000876	0.015276	0.016475	0.016057	0.010884	0.010150	0.000439	0.000439	-0.000500	-0.000499	869.248111	859.233331	1416.104111	1404.193269	-0.018326	-0.018937	-0.030211	-0.029959	
-0.001475	3.902316	-0.775470	113.954737	113.909411	113.298718	113.299922	-0.000009	25.301699	0.001310	8.527257	8.584543	9.078497	9.078497	25.293166	-0.000854	0.000839	0.013726	0.013282	0.007890	0.007860	0.000000	0.000000	-0.000059	-0.000059	895.665853	849.938616	1433.893040	1379.508434	-0.093982	-0.085588	-0.142358	-0.136660	
-0.003122	2.901501	0.734103	114.441518	114.439589	113.861738	113.861752	-0.000001	25.370368	0.002230	8.793301	8.549275	8.960955	8.960955	25.361417	0.001005	-0.002560	0.015233	0.015341	0.010090	0.010215	-0.000037	-0.000037	0.000117	0.000117	878.443553	921.731524	1358.702872	1410.186395	0.096499	0.106849	0.150236	0.155762	
-0.020904	3.316146	0.079106	114.472713	114.429777	113.850313	113.849637	0.000005	25.448268	0.005649	8.593676	8.834783	8.834783	8.834783	25.434710	0.004290	-0.018182	0.012205	0.012708	0.006701	0.007574	-0.000385	-0.000385	0.000717	0.000718	888.855866	893.520521	1395.985850	1401.533647	0.010011	0.009600	0.015997	0.016068	
0.004635	3.656419	-0.870957	114.371117	114.400684	113.760596	113.759640	0.000005	25.483633	0.006664	8.863804	8.507175	8.863804	8.863804	25.479938	0.007166	0.001425	0.009986	0.010178	0.004595	0.004518	0.000319	0.000319	0.000238	0.000238	909.212968	857.855100	1440.304434	1379.223170	-0.101221	-0.102113	-0.169047	-0.160969	
-0.022246	3.344127	-0.059382	114.774926	114.720746	114.127086	114.126268	0.000006	25.429626	0.000465	8.762143	8.478856	8.941090	8.941090	25.449993	0.003058	-0.018721	0.014255	0.014686	0.008530	0.009428	-0.000450	-0.000451	0.000684	0.000685	892.584050	889.082481	1402.328231	1398.163723	-0.007636	-0.007622	-0.011503	-0.011469	
0.033491	3.334767	-0.319941	114.864765	114.800626	114.233166	114.230880	0.000016	25.565255	-0.006883	8.612687	8.728578	8.834633	8.834633	25.546074	-0.001830	0.025992	0.012313	0.010493	0.006747	0.005478	0.000694	0.000693	-0.000853	-0.000852	902.792281	883.926252	1416.066464	1393.628600	-0.040317	-0.038673	-0.064624	-0.063438	
0.001041	3.126014	0.007972	115.080361	115.081714	114.465621	114.462726	0.000024	25.521935	-0.000879	8.745149	8.745149	8.745149	8.745149	25.535412	-0.003524	0.004471	0.014115	0.013910	0.008698	0.008457	-0.000028	-0.000028	-0.000272	-0.000272	898.224978	898.695037	1398.675052	1399.234106	0.001014	0.001043	0.001642	0.001643	
0.016571	4.298454	-1.121807	114.972936	114.972021	114.331876	114.329833	0.000024	25.510290	0.002760	8.553685	8.559559	8.897982	8.897982	25.523508	-0.000212	0.014705	0.013889	0.013169	0.008236	0.007509	0.000410	0.000410	-0.000451	-0.000450	901.176527	835.026737	1467.765606	1389.091920	-0.124689	-0.115264	-0.194667	-0.184195	
0.006344	3.034634	-0.702208	115.208185	115.208344	114.612628	114.611354	0.000016	25.584366	0.000590	8.827780	8.279000	8.919734	8.919734	25.580176	-0.001101	0.007431	0.013536	0.013179	0.008297	0.007928	0.000164	0.000164	-0.000266	-0.000266	922.575123	881.167923	1423.494888	1374.248216	-0.091563	-0.094007	-0.146636	-0.141198	
-0.012320	3.721161	-0.466398	115.465532	115.370795	114.834594	114.832721	0.000016	25.450069	0.000733	8.762425	8.578798	8.762425	8.762425	25.487685	-0.000454	-0.009474	0.019075	0.018700	0.013506	0.013949	-0.000319	-0.000320	0.000267	0.000268	895.808559	868.306417	1428.169143	1395.460123	-0.056158	-0.053653	-0.087552	-0.085572	
-0.010023	3.165836	-0.081122	115.719318	115.661327	115.072697	115.068980	0.000016	25.754820	-0.001403	8.461017	8.680063	8.830198	8.830198	25.700918	-0.000040	-0.009836	0.012834	0.012799	0.007175	0.007612	-0.000312	-0.000312	0.000292	0.000292	903.786460	899.002948	1411.200055	1405.510898	-0.010691	-0.010488	-0.016128	-0.016046	
-0.007818	2.281564	0.049899	115.858258	115.878721	115.269988	115.266469	0.000035	25.714004	0.003216	8.575502	8.716092	8.716092	8.716092	25.718358	0.002928	-0.008030	0.013406	0.013971	0.008261	0.008614	-0.000161	-0.000161	0.000353	0.000354	923.024766	925.967147	1384.809019	1388.308470	0.007256	0.007404	0.012147	0.012189	
-0.006040	3.451303	-0.816708	115.803534	115.832178	115.196985	115.195390	0.000022	25.871166	-0.001904	8.707584	8.544674	8.707584	8.707584	25.840691	0.000724	-0.006224	0.008176	0.008722	0.002896	0.003176	-0.000179	-0.000179	0.000213	0.000213	921.512531	873.353577	1451.435276	1394.158564	-0.098643	-0.095261	-0.162031	-0.154936	
-0.011546	3.334027	-0.236751	116.127085	116.106830	115.494945	115.494471	0.000010	25.768820	-0.002804	8.700628	8.443726	8.771055	8.771055	25.793761	-0.000720	-0.010672	0.012726	0.013060	0.007213	0.007717	-0.000355	-0.000355	0.000290	0.000290	906.291081	892.330554	1425.695895	1409.092273	-0.029838	-0.029767	-0.045910	-0.045400	
0.011648	3.822296	0.121432	116.376629	116.327431	115.746769	115.745755	0.000010	25.564132	0.005901	8.597690	8.624212	8.687217	8.687217	25.625781	0.004133	0.008416	0.022017	0.021176	0.016486	0.016070	0.000404	0.000403	-0.000091	-0.000091	879.176075	886.336592	1417.125743	1425.641935	0.014121	0.014026	0.021982	0.022101	
-0.002022	3.110226	0.651706	116.647384	116.638699	116.025497	116.023872	0.000019	25.940154	-0.005148	8.469227	8.678929	8.687893	8.687893	25.875415	-0.002340	-0.000515	0.014296	0.014246	0.008889	0.008899	-0.000124	-0.000124	-0.000075	-0.000075	887.805360	926.234622	1392.969804	1438.674737	0.082897	0.085636	0.127989	0.132259	
0.001179	3.077557	0.358303	116.701326	116.734775	116.105243	116.104437	0.000014	25.880950	-0.004387	8.609725	8.609725	8.609725	8.609725	25.886944	-0.003481	0.000949	0.014349	0.014594	0.009168	0.009115	-0.000120	-0.000120	-0.000163	-0.000163	897.572340	918.700442	1403.009854	1428.138062	0.044298	0.046243	0.073685	0.075228	
-0.005512	3.932179	0.285532	116.852009	116.861285	116.230285	116.230688	0.000014	26.058912	0.005314	8.387037	8.558674	8.735824	8.735824	26.025812	0.001950	-0.004604	0.010107	0.010406	0.004733	0.004953	-0.000075	-0.000075	0.000211	0.000211	881.158868	897.995871	1434.607491	1454.632181	0.032620	0.032241	0.049406	0.050079	
-0.001964	2.926736	-0.488285	116.776612	116.809417	116.202230	116.203379	0.000002	25.994006	0.001306	8.439625	8.574204	8.682024	8.682024	26.010681	0.001953	-0.002304	0.010097	0.010490	0.005129	0.005248	0.000005	0.000005	0.000143	0.000143	929.397531	900.604745	1435.172745	1400.928727	-0.063873	-0.061134	-0.105852	-0.102767	
-0.021029	1.305675	0.298988	117.124478	117.157414	116.544970	116.547002	-0.000007	25.869617	0.001750	8.598027	8.596327	8.598027	8.598027	25.909549	0.002261	-0.018229	0.016679	0.017838	0.011649	0.012535	-0.000445	-0.000446	0.000627	0.000628	945.318789	962.949251	1360.795405	1381.763777	0.053020	0.054349	0.088279	0.090419	
0.005566	3.981441	0.346463	117.313240	117.323204	116.696924	116.699295	-0.000012	25.915861	0.002991	8.503509	8.595145	8.595145	8.595145	25.917443	0.004211	0.002218	0.018498	0.018478	0.013147	0.013062	0.000241	0.000241	0.000097	0.000097	875.472628	895.902544	1428.172235	1452.470072	0.038891	0.038979	0.060019	0.060966	
-0.001365	4.037177	0.352505	117.455161	117.474962	116.847331	116.849552	-0.000012	26.095631	-0.004934	8.369056	8.396376	8.738444	8.738444	26.063191	-0.001648	-0.000814	0.013955	0.014165	0.008708	0.008766	-0.000075	-0.000075	-0.000039	-0.000039	877.399294	898.185499	1436.876382	1461.597963	0.039152	0.040046	0.059551	0.060482	
0.000899	2.907694	0.288996	117.563803	117.574891	116.997586	116.999689	-0.000012	26.175385	-0.002606	8.458748	8.486547	8.626262	8.626262	26.158547	-0.002128	0.000658	0.011228	0.011293	0.006358	0.006345	-0.000050	-0.000050	-0.000101	-0.000101	910.567876	927.609124	1415.051142	1435.318747	0.037202	0.037677	0.060329	0.061308	
0.008877	3.476140	0.909703	117.876406	117.885080	117.290471	117.292283	-0.000011	26.108691	-0.003098	8.539977	8.539977	8.539977	8.539977	26.127196	-0.002841	0.007657	0.015300	0.015011	0.010253	0.009907	0.000127	0.000127	-0.000334	-0.000334	876.920943	930.563567	1406.247299	1470.045884	0.106828	0.112906	0.164831	0.171640	
0.020119	3.737127	-0.602468	117.662143	117.665168	117.049860	117.051310	-0.000011	26.140741	-0.000893	8.159779	8.599988	8.656895	8.656895	26.145715	-0.002545	0.018184	0.012985	0.012152	0.007714	0.006872	0.000448	0.000447	-0.000631	-0.000631	915.262107	879.736256	1466.923805	1424.671976	-0.071527	-0.064900	-0.112193	-0.108550	
0.011526	2.954280	0.096475	117.924191	118.000692	117.384856	117.386834	-0.000008	26.168018	-0.004478	8.602649	8.322630	8.607047	8.607047	26.171550	-0.005461	0.012338	0.014100	0.014175	0.009462	0.008899	0.000161	0.000161	-0.000571	-0.000570	915.366525	921.055387	1423.669414	1430.435327	0.012186	0.013147	0.019687	0.019787	
0.012318	2.297177	0.082370	118.127078	118.100289	117.523181	117.525689	-0.000020	26.134523	0.004610	8.511662	8.511662	8.511662	8.511662	26.150130	-0.000481	0.012145	0.016673	0.015866	0.011475	0.010924	0.000358	0.000358	-0.000375	-0.000375	932.115172	936.972278	1406.200848	1411.977532	0.012151	0.011648	0.019472	0.019580	
0.030402	3.452099	0.325025	118.333739	118.327605	117.719684	117.720914	-0.000007	26.362626	0.001681	8.422583	8.469066	8.556837	8.556837	26.318195	-0.000668	0.027558	0.012308	0.010963	0.007055	0.005779	0.000786	0.000785	-0.000830	-0.000829	899.449353	918.615132	1436.031053	1458.825419	0.038824	0.039732	0.059967	0.060857	
-0.002164	4.302984	-0.659572	118.218799	118.225202	117.624379	117.625008	-0.000007	26.235872	-0.000337	8.376808	8.522955	8.522955	8.522955	26.263265	-0.002945	0.001960	0.012838	0.012801	0.007746	0.007659	-0.000048	-0.000048	-0.000169	-0.000169	905.304837	866.411763	1489.528881	1443.272324	-0.070165	-0.066443	-0.112413	-0.109053	
-0.012958	4.496398	0.660866	118.682793	118.709322	118.096754	118.097529	-0.000004	26.235381	0.000445	8.620070	8.115754	8.620070	8.620070	26.252006	-0.000815	-0.010783	0.016949	0.017686	0.011927	0.012441	-0.000342	-0.000342	0.000284	0.000284	861.136414	900.105804	1447.604015	1493.951336	0.067691	0.074886	0.100595	0.102853	
-0.008474	2.811608	-0.090510	118.678611	118.599644	118.065110	118.065117	-0.000002	26.235323	-0.001986	8.059322	8.515381	8.632997	8.632997	26.249776	-0.000409	-0.008701	0.017048	0.016783	0.011791	0.012200	-0.000268	-0.000268	0.000239	0.000239	926.452359	921.115250	1430.618440	1424.270876	-0.012642	-0.011279	-0.019316	-0.019204	
0.017193	2.848572	0.573828	118.904773	118.961203	118.379610	118.378722	-0.000002	26.489201	0.005261	8.453470	8.466057	8.466057	8.466057	26.439663	0.003614	0.013413	0.012186	0.012040	0.007715	0.007084	0.000528	0.000528	-0.000253	-0.000253	910.584851	944.421880	1418.157711	1458.400979	0.071838	0.078897	0.116744	0.120066	
-0.013049	2.312000	-0.072057	118.931555	118.947724	118.342462	118.342937	0.000003	26.362798	-0.006926	8.441224	8.441224	8.441224	8.441224	26.387496	-0.003951	-0.009210	0.013886	0.014455	0.008864	0.009297	-0.000421	-0.000421	0.000118	0.000118	942.106009	937.857038	1424.319015	1419.265603	-0.010341	-0.010095	-0.016976	-0.016906	
0.003300	2.750582	-0.035444	119.091970	119.096409	118.489819	118.490645	-0.000005	26.374941	-0.002424	8.438473	8.399462	8.465719	8.465719	26.383304	-0.002113	0.001534	0.015667	0.015633	0.010531	0.010467	-0.000030	-0.000030	-0.000125	-0.000125	929.673051	927.583046	1434.066854	1431.581157	-0.004723	-0.004713	-0.007551	-0.007537	
0.004013	2.702633	0.438733	119.354581	119.349341	118.753194	118.753801	-0.000003	26.437106	0.004825	8.431551	8.431551	8.431551	8.431551	26.430941	0.001966	0.003594	0.016120	0.015907	0.011000	0.010838	0.000182	0.000182	-0.000030	-0.000030	918.096358	943.967206	1418.695699	1449.464579	0.058227	0.059690	0.092266	0.094401	
-0.021135	3.196212	0.271109	119.453859	119.452550	118.849773	118.850040	-0.000003	26.424679	-0.008354	8.254129	8.462471	8.468175	8.468175	26.432483	-0.004412	-0.017453	0.016412	0.017220	0.011272	0.012089	-0.000670	-0.000671	0.000340	0.000340	910.415543	926.402044	1437.315142	1456.328308	0.033680	0.033439	0.052639	0.053364	
-0.021547	2.736763	-1.291829	119.174294	119.209313	118.604518	118.605061	-0.000001	26.509781	0.002261	8.324263	8.433501	8.433501	8.433501	26.499153	0.001654	-0.020796	0.011405	0.012672	0.006570	0.007539	-0.000539	-0.000539	0.000664	0.000665	969.928431	893.752965	1483.822017	1393.224530	-0.171227	-0.155553	-0.290435	-0.267806	
0.013480	2.677837	0.204524	119.692801	119.720697	119.115311	119.116707	-0.000009	26.522341	0.003395	8.518672	8.140971	8.518672	8.518672	26.523320	0.004403	0.008599	0.015567	0.015402	0.010667	0.010279	0.000424	0.000424	-0.000083	-0.000083	927.919985	939.980209	1431.106216	1445.449758	0.027759	0.029573	0.041748	0.042156	
-0.005233	3.622469	0.356116	119.904927	119.848631	119.302853	119.303722	-0.000009	26.542502	0.000488	8.289128	8.420847	8.420847	8.420847	26.544283	0.001178	-0.003254	0.016286	0.015961	0.011183	0.011342	-0.000041	-0.000041	0.000138	0.000138	899.738312	920.737433	1451.121003	1476.095810	0.041836	0.040722	0.063859	0.064860	
0.001124	2.618870	-0.628291	119.768589	119.776402	119.187271	119.186850	-0.000001	26.609607	-0.002311	8.285002	8.316896	8.450007	8.450007	26.602785	-0.000693	0.000524	0.012986	0.013028	0.008070	0.008042	-0.000010	-0.000010	-0.000041	-0.000041	955.956497	918.907956	1462.968397	1418.905592	-0.084300	-0.082406	-0.139758	-0.134341	
0.003500	2.020482	-0.060869	120.041360	120.048250	119.471047	119.470803	0.000003	26.749823	-0.002240	8.394750	8.347983	8.394750	8.394750	26.721492	-0.001711	0.003062	0.010842	0.010758	0.006039	0.005896	0.000021	0.000021	-0.000152	-0.000152	957.529573	953.940276	1433.976831	1429.707985	-0.009120	-0.009142	-0.014713	-0.014662	
0.046258	3.473642	0.290092	120.283911	120.277498	119.691153	119.691035	0.000002	26.512479	0.004591	8.363564	8.363564	8.363564	8.363564	26.566216	0.001262	0.039793	0.019665	0.017749	0.014640	0.012786	0.001197	0.001194	-0.001103	-0.001101	906.046017	923.151920	1450.769571	1471.114072	0.034374	0.034805	0.052976	0.053663	
0.020978	3.460655	0.872934	120.566241	120.564379	119.970978	119.970751	0.000002	26.736377	0.002091	8.162196	8.315671	8.456938	8.456938	26.704628	-0.002222	0.023361	0.016374	0.015274	0.011356	0.010275	0.000587	0.000586	-0.000755	-0.000754	892.634817	944.109267	1437.284726	1498.504644	0.103420	0.107021	0.153352	0.159080	
-0.004368	3.451187	-0.322701	120.370623	120.395920	119.820104	119.820207	0.000003	26.624164	0.002463	8.149799	8.387706	8.387706	8.387706	26.651141	-0.001421	-0.000516	0.016207	0.016444	0.011559	0.011584	-0.000071	-0.000071	-0.000038	-0.000038	926.797852	907.769102	1476.147477	1453.516083	-0.037865	-0.036370	-0.062058	-0.061012	
0.042271	3.043724	-0.147298	120.539895	120.586762	119.993299	119.994477	-0.000006	26.431049	0.008427	8.402284	8.152186	8.402284	8.402284	26.490737	0.004087	0.035883	0.024656	0.023362	0.020010	0.018336	0.001201	0.001199	-0.000886	-0.000885	928.101544	919.415817	1451.121704	1440.791541	-0.018532	-0.019148	-0.029327	-0.029125	
-0.007241	2.784524	-0.878141	120.532270	120.502714	119.947056	119.948510	-0.000006	26.796425	-0.001297	8.212955	8.291768	8.402711	8.402711	26.731896	-0.002507	-0.001187	0.014482	0.014288	0.009556	0.009623	-0.000121	-0.000121	-0.000060	-0.000060	962.286316	910.504848	1482.783322	1421.198260	-0.119233	-0.107443	-0.187096	-0.178085	
-0.003168	3.397444	-0.000879	120.865252	120.871576	120.302535	120.303115	-0.000007	26.926073	-0.004278	8.330538	8.330538	8.330538	8.330538	26.887079	-0.003367	-0.002852	0.011375	0.011559	0.006666	0.006802	-0.000200	-0.000200	-0.000044	-0.000044	924.581151	924.529310	1475.966044	1475.904389	-0.000105	-0.000107	-0.000160	-0.000160	
-0.026640	3.055141	0.199544	121.064887	121.066571	120.479621	120.480051	-0.000003	26.976924	-0.005737	8.269398	8.267362	8.344103	8.344103	26.963826	-0.004095	-0.023071	0.009701	0.010769	0.004819	0.005872	-0.000805	-0.000806	0.000505	0.000505	929.380722	941.147247	1464.241453	1478.235690	0.024947	0.025219	0.038477	0.038840	
-0.029131	3.403745	0.597177	121.292094	121.292230	120.714792	120.715099	-0.000002	26.996818	0.004977	8.293281	8.293281	8.293281	8.293281	26.996246	0.004087	-0.028049	0.010268	0.011550	0.005459	0.006737	-0.000644	-0.000645	0.000948	0.000949	909.530997	944.744829	1460.969074	1502.849812	0.069406	0.071876	0.107718	0.110488	
-0.011627	3.283099	0.446358	121.390437	121.390455	120.805537	120.805724	-0.000002	26.975925	-0.000701	8.140428	8.323288	8.323288	8.323288	26.988669	0.003851	-0.013757	0.011697	0.012327	0.006822	0.007450	-0.000247	-0.000247	0.000534	0.000534	916.881605	943.202050	1462.758675	1494.062273	0.053488	0.053763	0.082773	0.084517	
-0.022602	2.781230	0.091715	121.409829	121.440686	120.853272	120.853765	-0.000001	26.844653	0.006022	8.270819	8.271068	8.271068	8.271068	26.886112	0.006666	-0.021169	0.015547	0.016781	0.010891	0.011867	-0.000355	-0.000356	0.000852	0.000853	937.633701	943.041861	1456.861044	1463.293112	0.011662	0.011888	0.019174	0.019272	
-0.007036	3.484767	-0.378677	121.439966	121.448132	120.862258	120.863308	-0.000007	27.106473	0.004855	8.272137	8.256354	8.272137	8.272137	27.061333	0.007458	-0.008915	0.009503	0.009977	0.004701	0.005113	0.000030	0.000030	0.000528	0.000529	937.865840	915.536329	1500.743073	1474.185998	-0.044246	-0.042905	-0.069846	-0.068642	
0.001732	2.713244	0.327575	121.752338	121.752229	121.170440	121.171380	-0.000007	26.918165	-0.005434	8.267225	8.267225	8.267225	8.267225	26.959898	0.000228	0.000306	0.016119	0.016104	0.011263	0.011256	0.000024	0.000024	-0.000000	-0.000000	934.277195	953.593388	1450.772474	1473.745731	0.043199	0.043928	0.066756	0.067800	
0.004810	2.819398	-0.536707	121.668163	121.668431	121.085579	121.086208	-0.000006	27.032196	-0.004322	8.184589	8.266868	8.266868	8.266868	27.021608	-0.002643	0.004163	0.013186	0.012998	0.008334	0.008150	0.000026	0.000026	-0.000216	-0.000216	958.590464	926.942370	1487.093759	1449.453848	-0.069324	-0.066102	-0.112837	-0.109497	
0.000494	2.281965	0.315488	121.998552	122.012623	121.430014	121.430582	-0.000003	27.089329	0.006530	8.278461	8.172830	8.278461	8.278461	27.080062	0.002609	0.000947	0.013670	0.013744	0.008947	0.008908	0.000127	0.000127	0.000069	0.000069	948.726045	967.329493	1446.550093	1468.675663	0.044166	0.046057	0.069131	0.070248	
-0.006061	2.826631	-0.753806	121.874279	121.860171	121.294785	121.295236	-0.000003	27.011492	-0.004039	8.228882	8.228882	8.228882	8.228882	27.032917	-0.001513	-0.004999	0.014268	0.014379	0.009445	0.009677	-0.000195	-0.000195	0.000086	0.000086	965.091000	920.641170	1495.496089	1442.630737	-0.097112	-0.091082	-0.159834	-0.153173	
-0.005379	3.478904	0.135505	122.221404	122.217804	121.642178	121.642145	-0.000003	27.103506	-0.006793	8.279881	8.113328	8.279881	8.279881	27.093584	-0.004145	-0.005243	0.014874	0.015084	0.010064	0.010302	-0.000299	-0.000299	-0.000004	-0.000004	923.671130	931.661482	1484.288381	1493.791516	0.015899	0.016427	0.023917	0.024039	
-0.005219	2.938436	-0.208729	122.272675	122.243412	121.691571	121.691019	0.000001	27.064164	-0.001284	8.134672	8.241208	8.241208	8.241208	27.079217	-0.001732	-0.005183	0.015840	0.015834	0.011012	0.011243	-0.000212	-0.000212	0.000083	0.000083	947.321052	935.012920	1481.726251	1467.087867	-0.026617	-0.025622	-0.042081	-0.041627	
0.001514	2.322863	-0.307572	122.354936	122.364902	121.792814	121.791923	0.000007	27.418744	0.001005	8.226581	8.166651	8.226581	8.226581	27.346035	0.000446	0.000560	0.006735	0.006792	0.002110	0.002077	0.000025	0.000025	0.000001	0.000001	972.800555	954.663914	1483.751487	1462.181103	-0.042181	-0.042404	-0.068603	-0.067432	
0.018928	3.331236	0.111524	122.598145	122.590015	122.024328	122.023728	0.000007	27.130423	-0.000774	8.204736	8.204736	8.204736	8.204736	27.186416	-0.000619	0.016208	0.015015	0.014210	0.010264	0.009525	0.000428	0.000428	-0.000481	-0.000480	930.516886	937.093167	1486.320591	1494.141936	0.013340	0.013330	0.020398	0.020497	
0.002390	2.711331	-0.269374	122.629680	122.627277	122.054703	122.054129	0.000005	27.251033	0.005023	8.142910	8.200773	8.206462	8.206462	27.243694	0.001273	0.004247	0.012869	0.012657	0.008120	0.007924	0.000162	0.000162	-0.000073	-0.000073	959.103123	943.218883	1486.856254	1467.964710	-0.035156	-0.034352	-0.056203	-0.055410	
-0.022283	3.166322	-0.514166	122.685258	122.694088	122.121192	122.120862	0.000004	27.241333	0.002465	8.186944	8.186944	8.186944	8.186944	27.248243	0.001871	-0.018401	0.012646	0.013553	0.007990	0.008818	-0.000454	-0.000454	0.000587	0.000587	954.764932	924.446009	1507.356171	1471.297079	-0.062597	-0.060884	-0.099176	-0.096821	
0.010395	3.015477	0.611075	123.098066	123.100207	122.527177	122.527180	0.000001	27.278651	0.000904	8.209716	8.101778	8.209716	8.209716	27.278945	0.002832	0.006315	0.015471	0.015202	0.010762	0.010476	0.000280	0.000280	-0.000074	-0.000074	926.239216	962.272565	1465.683795	1508.539204	0.075994	0.079561	0.113593	0.116438	
-0.022402	2.398427	0.057043	123.090991	123.073445	122.517719	122.517593	0.000001	27.315110	0.005798	8.065937	8.185446	8.185446	8.185446	27.313701	0.004274	-0.018228	0.013565	0.014246	0.008844	0.009665	-0.000357	-0.000357	0.000668	0.000669	959.287547	962.651189	1471.157968	1475.158436	0.007774	0.007611	0.012560	0.012600	
-0.002137	2.941788	-0.179645	123.134840	123.150409	122.582337	122.582122	0.000004	27.397120	-0.004345	8.156377	8.156377	8.156377	8.156377	27.383187	0.000672	-0.004296	0.011668	0.011989	0.007128	0.007319	-0.000100	-0.000100	0.000145	0.000145	954.101074	943.507935	1497.151145	1484.552445	-0.022226	-0.022275	-0.035640	-0.035328	
-0.012735	2.419870	0.105408	123.340600	123.344491	122.775171	122.775375	-0.000000	27.492802	-0.001758	8.152228	8.152228	8.152228	8.152228	27.474001	-0.000240	-0.011429	0.009849	0.010394	0.005220	0.005732	-0.000328	-0.000328	0.000310	0.000311	961.408865	967.624464	1478.690429	1486.082804	0.014330	0.014351	0.022461	0.022586	
-0.010714	3.269629	-0.173453	123.397056	123.398240	122.829377	122.829682	-0.000000	27.228160	0.001620	8.139212	8.139212	8.139212	8.139212	27.291467	0.002135	-0.010717	0.017083	0.017580	0.012404	0.012892	-0.000223	-0.000223	0.000380	0.000380	943.169340	932.941290	1500.388320	1488.223831	-0.020667	-0.020424	-0.032583	-0.032325	
-0.002650	2.744361	-1.080615	123.292598	123.293093	122.725418	122.725692	-0.000001	27.479378	0.004491	8.153215	8.082906	8.153215	8.153215	27.442990	0.004564	-0.003753	0.010769	0.010942	0.006119	0.006289	0.000062	0.000062	0.000271	0.000271	987.258855	923.538075	1526.919855	1451.135054	-0.139555	-0.130946	-0.226195	-0.213600	
-0.001253	3.073703	-1.747453	123.251597	123.240064	122.684162	122.684230	0.000000	27.513639	-0.001404	8.142501	8.142501	8.142501	8.142501	27.503510	0.001186	-0.001557	0.008259	0.008234	0.003617	0.003687	-0.000000	-0.000000	0.000087	0.000087	1000.022939	896.980589	1562.037008	1439.486030	-0.218124	-0.194615	-0.339798	-0.313554	
-0.013802	2.244561	0.983594	124.056788	124.053867	123.489535	123.489318	0.000003	27.453202	-0.001589	8.215512	7.935825	8.215512	8.215512	27.472202	-0.000195	-0.011958	0.015767	0.016283	0.011123	0.011658	-0.000344	-0.000344	0.000327	0.000327	939.967596	997.967344	1443.301719	1512.282345	0.139820	0.153890	0.197121	0.204193	
-0.009053	2.845986	-0.453518	123.833284	123.785462	123.262300	123.261453	0.000003	27.332833	0.000100	8.045258	8.108021	8.108021	8.108021	27.370768	0.001254	-0.009367	0.017753	0.017785	0.013060	0.013476	-0.000220	-0.000220	0.000308	0.000309	964.316059	937.573402	1503.625316	1471.819571	-0.057126	-0.053925	-0.094728	-0.092301	
-0.002709	2.174258	0.191019	124.091625	124.089538	123.535618	123.534032	0.000012	27.769073	0.000162	8.123352	8.061307	8.123352	8.123352	27.682368	0.001484	-0.003597	0.008527	0.008669	0.004008	0.004154	-0.000058	-0.000058	0.000153	0.000153	970.546863	981.810731	1480.744703	1494.141118	0.026591	0.027737	0.041720	0.042107	
-0.007323	3.497443	0.141506	124.208105	124.196338	123.646091	123.644715	0.000011	27.539046	0.006776	8.089659	8.089659	8.089659	8.089659	27.577743	0.005120	-0.006764	0.013232	0.013439	0.008647	0.008938	-0.000014	-0.000014	0.000374	0.000374	935.367712	943.711917	1510.709489	1520.633471	0.016142	0.016215	0.024967	0.025116	
-0.006161	2.843600	0.763005	124.480796	124.477252	123.919245	123.918068	0.000011	27.706668	-0.003986	8.082298	8.082442	8.082442	8.082442	27.684643	0.000178	-0.006136	0.011550	0.011794	0.006986	0.007249	-0.000175	-0.000175	0.000177	0.000177	936.571835	981.564053	1477.981733	1531.492161	0.094544	0.099164	0.144505	0.149270	
0.006043	3.357393	2.114918	124.937207	124.935914	124.376932	124.376084	0.000010	27.641884	0.000893	8.064508	8.064508	8.064508	8.064508	27.658574	0.001117	0.004297	0.016449	0.016246	0.011891	0.011692	0.000150	0.000150	-0.000079	-0.000079	882.859947	1007.570656	1442.330016	1590.651745	0.235428	0.261878	0.342394	0.366531	
-0.001892	2.364354	0.802841	124.725520	124.724990	124.166978	124.166443	0.000007	27.758835	0.002869	7.705525	8.145018	8.145018	8.145018	27.743201	0.001774	-0.001027	0.011513	0.011554	0.006983	0.007024	0.000029	0.000029	0.000092	0.000092	949.204969	996.546202	1467.498810	1523.802984	0.106500	0.106235	0.169257	0.177471	
0.010624	1.967131	0.111139	124.611300	124.684552	124.122471	124.123141	-0.000004	27.673299	-0.003116	8.048493	8.048493	8.048493	8.048493	27.695229	-0.001297	0.008935	0.012559	0.012756	0.008587	0.008196	0.000204	0.000204	-0.000294	-0.000294	978.547390	985.100951	1478.936396	1486.730720	0.015367	0.016021	0.026525	0.026725	
-0.009492	2.232206	0.056894	124.757539	124.776633	124.215984	124.218304	-0.000004	27.723705	-0.001369	8.052415	8.052415	8.052415	8.052415	27.721641	-0.002034	-0.006849	0.012430	0.012890	0.008035	0.008358	-0.000259	-0.000260	0.000116	0.000116	974.030003	977.384883	1489.084423	1493.074469	0.007978	0.007814	0.012464	0.012512	
-0.009727	2.704502	-0.464189	124.755505	124.761821	124.202890	124.205218	-0.000015	27.794240	0.007922	8.045510	8.045510	8.045510	8.045510	27.782453	0.004874	-0.009288	0.010144	0.010607	0.005669	0.006098	-0.000067	-0.000067	0.000432	0.000432	978.853045	951.481152	1522.806950	1490.252836	-0.059638	-0.057577	-0.095073	-0.092879	
0.009126	2.523615	0.722510	125.171458	125.174265	124.616689	124.618516	-0.000011	27.826370	0.003301	8.046205	8.046205	8.046205	8.046205	27.822415	0.004551	0.006492	0.012406	0.012141	0.007919	0.007647	0.000354	0.000354	-0.000016	-0.000016	949.541597	992.145964	1478.750340	1529.420835	0.095319	0.099122	0.142506	0.146798	
-0.000179	3.145688	0.131663	125.142112	125.143628	124.586880	124.588196	-0.000011	27.880032	0.000784	8.019542	8.019542	8.019542	8.019542	27.872441	0.001513	0.000761	0.010225	0.010204	0.005743	0.005720	0.000087	0.000087	0.000033	0.000033	952.304642	960.068454	1518.178958	1527.412664	0.015440	0.015558	0.024596	0.024740	
0.009168	3.693581	0.379911	125.317096	125.317955	124.763557	124.764459	-0.000007	27.761908	-0.003293	8.021471	8.021471	8.021471	8.021471	27.795196	-0.001659	0.007939	0.014609	0.014263	0.010128	0.009783	0.000167	0.000167	-0.000279	-0.000279	928.925012	951.327313	1519.279157	1545.922803	0.041830	0.042706	0.063652	0.064554	
0.003876	1.207759	-1.338427	125.003657	125.004109	124.450944	124.451533	-0.000004	27.920067	-0.009220	7.973566	8.022458	8.022458	8.022458	27.899452	-0.007043	0.004442	0.008212	0.008020	0.003754	0.003564	-0.000126	-0.000126	-0.000375	-0.000375	1046.061732	967.138516	1521.506478	1427.641020	-0.221584	-0.197340	-0.386673	-0.348991	
-0.004049	2.849074	-0.732146	125.263556	125.271907	124.719225	124.719692	-0.000003	27.867929	0.000675	8.030323	8.030323	8.030323	8.030323	27.878151	-0.002536	-0.002873	0.010918	0.011113	0.006525	0.006656	-0.000167	-0.000167	-0.000012	-0.000012	985.529940	942.357361	1541.174952	1489.828667	-0.093917	-0.090360	-0.141985	-0.137722	
0.002960	2.578962	2.235200	126.129244	126.131372	125.578053	125.578522	-0.000003	27.750833	0.001232	8.013231	8.013231	8.013231	8.013231	27.787360	0.000059	0.002104	0.021342	0.021265	0.016878	0.016788	0.000064	0.000064	-0.000056	-0.000056	902.612890	1034.416299	1425.200357	1581.957619	0.289089	0.317709	0.391901	0.417157	
-0.013746	4.038360	-0.773602	125.491945	125.492532	124.940082	124.940429	-0.000003	27.938586	0.001751	7.678747	8.051931	8.051931	8.051931	27.909180	0.001076	-0.011428	0.011446	0.011956	0.006998	0.007504	-0.000273	-0.000273	0.000353	0.000353	957.052880	911.435739	1574.846068	1520.592403	-0.080786	-0.073687	-0.132502	-0.127522	
0.013658	1.668902	-1.053280	125.481185	125.543479	124.989928	124.990957	-0.000006	28.058878	0.001564	8.033590	7.895463	8.033590	8.033590	28.033250	0.002257	0.010050	0.007355	0.007415	0.003411	0.002981	0.000362	0.000361	-0.000195	-0.000195	1029.317015	967.208077	1530.731629	1456.863835	-0.157454	-0.153875	-0.262151	-0.246499	
0.001524	2.042891	0.256020	125.967769	125.960735	125.429035	125.430909	-0.000006	28.063584	0.006306	7.996738	7.996738	7.996738	7.996738	28.060385	0.003668	0.002663	0.010121	0.009948	0.005801	0.005700	0.000209	0.000209	0.000058	0.000058	981.830915	996.927670	1495.917653	1513.872621	0.037658	0.036981	0.055231	0.055886	
-0.022475	2.763235	0.512332	126.150623	126.149721	125.602950	125.604191	-0.000012	28.065314	-0.005831	7.968382	7.968382	7.968382	7.968382	28.068947	-0.002157	-0.018728	0.010809	0.011625	0.006421	0.007250	-0.000577	-0.000577	0.000435	0.000435	956.020247	986.231002	1505.882711	1541.813156	0.063732	0.065843	0.098034	0.100214	
0.032206	2.380290	0.859790	126.347663	126.347761	125.800404	125.801141	-0.000006	28.103771	-0.010633	7.957002	7.957002	7.957002	7.957002	28.102085	-0.005907	0.024893	0.012152	0.011060	0.007768	0.006686	0.000476	0.000476	-0.000891	-0.000890	956.467470	1007.166825	1485.715126	1546.013204	0.111880	0.117860	0.173592	0.180542	
-0.008224	1.949506	1.225041	126.549380	126.549474	126.003626	126.004045	-0.000004	28.086365	0.000561	7.944546	7.944546	7.944546	7.944546	28.095631	-0.004122	-0.003594	0.013374	0.013533	0.009004	0.009165	-0.000241	-0.000241	-0.000049	-0.000049	956.579553	1028.816769	1461.498680	1547.412302	0.168254	0.181574	0.262803	0.279068	
-0.008159	3.015541	-0.357112	126.263671	126.263622	125.719398	125.719607	-0.000004	28.227276	0.004737	7.931813	7.931813	7.931813	7.931813	28.200984	0.001844	-0.007495	0.007224	0.007551	0.002883	0.003210	-0.000135	-0.000135	0.000269	0.000269	978.648772	957.590914	1550.183907	1525.139242	-0.041954	-0.040984	-0.069436	-0.068177	
-0.016447	1.781047	0.049532	126.474489	126.474324	125.931714	125.931783	-0.000002	28.256462	-0.001061	7.949758	7.949758	7.949758	7.949758	28.250526	0.000990	-0.015034	0.006973	0.007626	0.002652	0.003304	-0.000371	-0.000372	0.000443	0.000444	999.630781	1002.551563	1507.021696	1510.495459	0.007302	0.007325	0.011519	0.011549	
0.018216	3.100052	0.327289	126.658156	126.657922	126.114787	126.114765	-0.000001	28.092447	-0.001576	7.936435	7.936435	7.936435	7.936435	28.133681	0.000611	0.013451	0.013248	0.012655	0.008901	0.008313	0.000389	0.000389	-0.000345	-0.000345	954.533483	973.832792	1524.606284	1547.559461	0.038907	0.039630	0.059371	0.060155	
0.005249	2.055017	-0.132886	126.652988	126.652723	126.110002	126.109927	-0.000001	28.103023	-0.002458	7.924923	7.924923	7.924923	7.924923	28.117478	-0.002658	0.006349	0.013635	0.013353	0.009289	0.009010	0.000079	0.000079	-0.000268	-0.000268	994.482556	986.646652	1513.035283	1503.715836	-0.018539	-0.018375	-0.030141	-0.029918	
0.016046	2.451779	0.407943	126.896810	126.896542	126.354958	126.354855	-0.000000	28.154320	0.008752	7.925236	7.925236	7.925236	7.925236	28.150501	0.003518	0.014485	0.014573	0.013934	0.010241	0.009606	0.000520	0.000520	-0.000270	-0.000270	969.226321	993.281590	1506.084407	1534.693971	0.053592	0.054889	0.082210	0.083710	
-0.003972	3.176617	0.180131	126.949913	126.949659	126.408563	126.408449	0.000000	28.178875	-0.002233	7.909941	7.909941	7.909941	7.909941	28.177971	-0.001430	-0.001350	0.013660	0.013718	0.009338	0.009396	-0.000088	-0.000088	-0.000014	-0.000014	958.071773	968.693608	1534.194905	1546.827733	0.021000	0.021221	0.032673	0.032921	
-0.017492	2.963733	-0.351449	126.924341	126.924112	126.384151	126.384038	0.000001	28.102099	0.004029	7.906610	7.906610	7.906610	7.906610	28.127333	0.002312	-0.015117	0.014978	0.015642	0.010658	0.011320	-0.000331	-0.000331	0.000495	0.000495	977.875265	957.151341	1544.556915	1519.909407	-0.042681	-0.041777	-0.067425	-0.066351	
-0.022362	2.904363	-0.726666	126.938867	126.938666	126.399496	126.399391	0.000001	28.256536	-0.002218	7.908169	7.908169	7.908169	7.908169	28.233195	0.001280	-0.021117	0.011158	0.012079	0.006862	0.007780	-0.000529	-0.000530	0.000619	0.000620	993.244491	950.395078	1562.086902	1511.124968	-0.089809	-0.085983	-0.140143	-0.135679	
-0.004970	1.910448	-0.568457	127.087652	127.087481	126.548444	126.548351	0.000001	28.327744	-0.003342	7.907236	7.907236	7.907236	7.907236	28.312387	0.000563	-0.007130	0.009817	0.010126	0.005533	0.005841	-0.000174	-0.000174	0.000213	0.000213	1016.164432	982.644153	1535.468786	1495.602236	-0.082780	-0.079845	-0.130176	-0.126409	
0.001651	2.456861	-0.643575	127.177713	127.177572	126.638562	126.638483	0.000001	28.336679	-0.010667	7.897954	7.897954	7.897954	7.897954	28.335463	-0.005621	0.000483	0.009875	0.009853	0.005594	0.005573	-0.000186	-0.000186	-0.000211	-0.000211	1004.972768	967.023003	1553.410856	1508.276202	-0.085282	-0.082012	-0.132902	-0.128962	
0.005701	1.820659	-0.846337	127.234006	127.233891	126.695500	126.695435	0.000001	28.505640	0.002025	7.892347	7.892347	7.892347	7.892347	28.471504	-0.000948	0.004885	0.005590	0.005378	0.001334	0.001123	0.000098	0.000098	-0.000165	-0.000165	1030.875884	980.969770	1551.837788	1492.483134	-0.124085	-0.117436	-0.197787	-0.188999	
0.000911	1.975208	0.659275	127.717222	127.717131	127.179433	127.179381	0.000001	28.374991	0.002285	7.888827	7.888827	7.888827	7.888827	28.401885	0.000553	0.001434	0.011808	0.011745	0.007548	0.007485	0.000058	0.000058	-0.000019	-0.000019	980.673370	1019.548974	1499.094452	1545.330231	0.094192	0.097682	0.139298	0.143167	
0.008128	2.079970	0.239844	127.719218	127.719149	127.181952	127.181913	0.000001	28.399093	-0.000489	7.858894	7.858894	7.858894	7.858894	28.404379	-0.000352	0.007128	0.011859	0.011549	0.007602	0.007294	0.000180	0.000180	-0.000205	-0.000205	990.418474	1004.561410	1516.629335	1533.449900	0.032606	0.033118	0.052631	0.053307	
0.001568	1.720341	0.684968	127.932196	127.932144	127.397147	127.397119	0.000000	28.446265	-0.003721	7.858754	7.858754	7.858754	7.858754	28.441321	-0.003119	0.002342	0.012126	0.012024	0.007893	0.007791	-0.000047	-0.000047	-0.000173	-0.000173	987.499389	1027.890030	1493.870934	1541.908587	0.099139	0.103482	0.155405	0.160921	
0.009743	3.751756	0.682772	128.036743	128.036706	127.502854	127.502835	0.000000	28.367917	0.002455	7.845575	7.845575	7.845575	7.845575	28.389159	-0.000012	0.008595	0.014950	0.014575	0.010718	0.010345	0.000231	0.000231	-0.000233	-0.000233	934.072363	974.333498	1543.127426	1591.011053	0.072447	0.075136	0.110073	0.112769	
-0.012675	3.779425	0.454425	128.083004	128.082978	127.550300	127.550289	0.000000	28.522192	0.003040	7.832157	7.841446	7.841446	7.841446	28.499799	0.001186	-0.009626	0.010980	0.011397	0.006776	0.007191	-0.000218	-0.000218	0.000301	0.000301	943.031596	969.827746	1558.063939	1589.933306	0.048014	0.049156	0.073428	0.074643	
-0.001379	1.638314	-0.129110	128.039663	128.041186	127.509340	127.509356	0.000000	28.635841	-0.000094	7.836245	7.836245	7.836245	7.836245	28.612808	0.001344	-0.002501	0.006800	0.006920	0.002630	0.002737	-0.000020	-0.000020	0.000114	0.000114	1018.170079	1010.556829	1529.981037	1520.926399	-0.018914	-0.018761	-0.031208	-0.030970	
-0.004090	2.125157	0.629719	128.334335	128.334718	127.803445	127.803498	0.000000	28.610768	0.000324	7.838806	7.838806	7.838806	7.838806	28.615087	0.000995	-0.003826	0.009009	0.009176	0.004835	0.004999	-0.000068	-0.000068	0.000137	0.000137	983.369673	1020.502403	1515.989360	1560.152293	0.085609	0.088709	0.130040	0.133663	
-0.003614	1.714021	0.145958	128.318566	128.318689	127.787462	127.787516	0.000000	28.668521	0.002697	7.820804	7.820804	7.820804	7.820804	28.660976	0.002438	-0.003618	0.007274	0.007430	0.003105	0.003260	-0.000012	-0.000012	0.000182	0.000182	1009.405155	1018.011889	1525.003710	1535.239926	0.020940	0.021142	0.034214	0.034499	
0.007738	1.879283	-0.164179	128.342350	128.342405	127.812337	127.812382	0.000000	28.565915	-0.009425	7.821778	7.821778	7.821778	7.821778	28.592219	-0.004609	0.006158	0.010094	0.009829	0.005922	0.005659	0.000004	0.000004	-0.000327	-0.000326	1012.473346	1002.792183	1536.228120	1524.714058	-0.023279	-0.023032	-0.037479	-0.037148	
0.007074	1.883146	-0.237968	128.427212	128.427243	127.897747	127.897783	0.000000	28.461206	0.000939	7.820293	7.820293	7.820293	7.820293	28.496326	-0.001821	0.006851	0.014179	0.013881	0.009997	0.009701	0.000120	0.000120	-0.000248	-0.000248	1011.995784	997.963464	1533.505152	1516.816144	-0.034130	-0.033613	-0.054281	-0.053606	
0.010831	2.658988	0.069246	128.607220	128.607240	128.077962	128.077991	0.000000	28.427483	-0.001656	7.815099	7.815099	7.815099	7.815099	28.448037	-0.002505	0.010176	0.017397	0.016953	0.013210	0.012768	0.000186	0.000186	-0.000363	-0.000363	981.753690	985.836906	1539.916814	1544.773091	0.008783	0.008818	0.013419	0.013458	
-0.018977	2.887833	-0.683099	128.521419	128.521432	127.992566	127.992589	0.000000	28.677119	-0.008511	7.804132	7.804132	7.804132	7.804132	28.629648	-0.006833	-0.014722	0.009731	0.010365	0.005576	0.006208	-0.000633	-0.000634	0.000156	0.000156	1002.901392	962.620982	1582.411556	1534.505004	-0.082864	-0.079537	-0.130628	-0.126691	
-0.003503	2.521455	0.220837	128.848105	128.848114	128.320172	128.320191	0.000000	28.716475	0.008909	7.809340	7.809340	7.809340	7.809340	28.702889	0.004441	-0.005107	0.009922	0.010141	0.005784	0.006002	0.000018	0.000018	0.000291	0.000291	987.607293	1000.629428	1545.465702	1560.953270	0.028606	0.028950	0.042639	0.043009	
0.011526	1.651722	0.105849	128.922249	128.922256	128.394399	128.394415	0.000000	28.633646	-0.004903	7.789472	7.789472	7.789472	7.789472	28.655790	-0.001026	0.009162	0.012471	0.012076	0.008326	0.007933	0.000209	0.000209	-0.000281	-0.000281	1012.047122	1018.288710	1524.518363	1531.941647	0.015524	0.015631	0.024934	0.025079	
0.001283	2.630397	-0.055257	128.980713	128.980718	128.454093	128.454107	0.000000	28.719394	0.001108	7.784980	7.784980	7.784980	7.784980	28.708355	-0.000625	0.002349	0.010929	0.010828	0.006801	0.006701	0.000041	0.000041	-0.000085	-0.000085	993.099396	989.841059	1558.251690	1554.376464	-0.006923	-0.006901	-0.010777	-0.010751	
-0.012518	3.190598	0.278060	129.163984	129.163989	128.638343	128.638357	0.000000	28.623343	0.002315	7.781407	7.781407	7.781407	7.781407	28.649440	0.001131	-0.010355	0.014173	0.014620	0.010046	0.010491	-0.000238	-0.000238	0.000317	0.000317	967.325474	983.721899	1557.594499	1577.095198	0.032254	0.032737	0.048532	0.049033	
0.002029	3.929537	0.737775	129.379056	129.379061	128.853979	128.853993	0.000000	28.690404	-0.003203	7.770314	7.770314	7.770314	7.770314	28.688280	-0.000545	0.000319	0.014717	0.014703	0.010599	0.010585	-0.000011	-0.000011	-0.000028	-0.000028	935.855549	979.360075	1562.629795	1614.370873	0.076702	0.079551	0.113339	0.115984	
0.001511	1.451138	0.077588	129.312561	129.312566	128.788414	128.788427	0.000000	28.902697	-0.002508	7.757354	7.757354	7.757354	7.757354	28.861643	-0.001782	0.001343	0.008125	0.008068	0.004039	0.003982	-0.000026	-0.000026	-0.000097	-0.000097	1023.549461	1028.124583	1532.063885	1537.505198	0.011545	0.011606	0.019162	0.019252	
-0.039769	2.182783	0.748346	129.577648	129.577653	129.054796	129.054809	0.000000	28.866259	0.000068	7.761323	7.761323	7.761323	7.761323	28.868579	-0.000168	-0.033703	0.009202	0.010640	0.005130	0.006562	-0.000901	-0.000903	0.000890	0.000891	985.192163	1029.320015	1527.706762	1580.189177	0.099277	0.103530	0.150452	0.155257	
0.016428	2.013166	-0.017224	129.486038	129.486044	128.963488	128.963501	0.000000	28.711307	0.000431	7.745374	7.745374	7.745374	7.745374	28.753294	0.003322	0.009326	0.013453	0.013053	0.009364	0.008964	0.000364	0.000364	-0.000133	-0.000133	1009.015654	1008.000012	1543.636836	1542.428906	-0.002342	-0.002339	-0.003815	-0.003811	
0.002998	2.641830	1.269297	129.904282	129.904289	129.382772	129.382786	0.000000	28.862276	-0.003379	7.750856	7.750856	7.750856	7.750856	28.841446	-0.001816	0.003881	0.013502	0.013336	0.009433	0.009268	0.000040	0.000040	-0.000166	-0.000166	957.326922	1032.173747	1519.667309	1608.684607	0.156709	0.166950	0.227880	0.237984	
-0.014809	2.127695	-0.251056	129.623458	129.623465	129.102133	129.102147	0.000000	28.641991	0.008550	7.725820	7.725820	7.725820	7.725820	28.694944	0.004379	-0.012137	0.016129	0.016653	0.012042	0.012564	-0.000172	-0.000172	0.000477	0.000477	1011.408160	996.604082	1551.461736	1533.854857	-0.033271	-0.032707	-0.055821	-0.055020	
0.021103	2.514730	0.965160	130.021757	130.021765	129.502016	129.502030	0.000000	28.910383	-0.002546	7.742586	7.742586	7.742586	7.742586	28.864865	0.000946	0.016334	0.013862	0.013163	0.009810	0.009113	0.000467	0.000467	-0.000402	-0.000401	970.184735	1027.097469	1528.407112	1596.094925	0.122478	0.128675	0.179377	0.185698	
0.020050	2.625006	0.153621	129.918866	129.918874	129.398877	129.398891	0.000000	28.943035	-0.005357	7.718773	7.718773	7.718773	7.718773	28.930605	-0.004839	0.019378	0.010822	0.009996	0.006776	0.005954	0.000347	0.000346	-0.000682	-0.000681	993.055702	1002.114271	1563.447430	1574.221024	0.018745	0.018920	0.029915	0.030129	
0.009988	1.900375	0.230853	130.032311	130.032319	129.513498	129.513512	0.000000	28.820219	0.004837	7.724905	7.724905	7.724905	7.724905	28.852252	-0.000898	0.011140	0.014277	0.013799	0.010230	0.009754	0.000265	0.000265	-0.000328	-0.000327	1007.254225	1020.866946	1537.677568	1553.867535	0.032221	0.032680	0.050622	0.051200	
0.004737	2.032951	-0.844468	129.860998	129.861007	129.342507	129.342521	0.000000	28.777312	0.007728	7.718117	7.718117	7.718117	7.718117	28.799336	0.003208	0.005528	0.014681	0.014444	0.010630	0.010393	0.000258	0.000258	-0.000036	-0.000036	1034.134523	984.338624	1575.770577	1516.547004	-0.116060	-0.109795	-0.189190	-0.180737	
0.024768	1.689214	0.184870	130.214278	130.214287	129.696187	129.696202	0.000000	29.083069	0.000535	7.728310	7.728310	7.728310	7.728310	29.021317	0.000591	0.021878	0.010006	0.009077	0.005987	0.005062	0.000599	0.000598	-0.000558	-0.000558	1018.591382	1029.492615	1543.541886	1556.507009	0.027229	0.027518	0.041059	0.041398	
0.003351	1.546132	-0.448850	130.154218	130.154227	129.635660	129.635675	0.000000	29.141762	-0.004182	7.707289	7.707289	7.707289	7.707289	29.117486	-0.004575	0.005912	0.005867	0.005618	0.001860	0.001612	-0.000002	-0.000002	-0.000313	-0.000313	1043.554420	1017.087015	1567.618244	1536.139862	-0.066131	-0.064193	-0.107936	-0.105224	
0.014623	1.570312	0.133393	130.393061	130.393071	129.875555	129.875570	0.000000	28.996993	-0.000613	7.710866	7.710866	7.710866	7.710866	29.028865	-0.002853	0.013257	0.010946	0.010383	0.006934	0.006373	0.000252	0.000252	-0.000449	-0.000449	1023.363504	1031.229305	1542.729914	1552.084918	0.019864	0.020024	0.030731	0.030932	
-0.019165	1.813937	0.034653	130.464312	130.464321	129.947215	129.947229	0.000000	28.978484	0.004386	7.696683	7.696683	7.696683	7.696683	28.993976	0.000585	-0.014532	0.012124	0.012743	0.008112	0.008729	-0.000365	-0.000365	0.000405	0.000405	1019.080938	1021.124331	1550.441239	1552.871499	0.004894	0.004905	0.007745	0.007759	
-0.008377	1.642794	-0.054411	130.535283	130.535293	130.019142	130.019157	0.000000	28.923202	0.000776	7.692459	7.692459	7.692459	7.692459	28.944047	0.002263	-0.009150	0.014536	0.014927	0.010524	0.010914	-0.000165	-0.000165	0.000321	0.000321	1024.747342	1021.538858	1546.315741	1542.499806	-0.007952	-0.007925	-0.012667	-0.012631	
-0.015826	2.673206	0.198764	130.692505	130.692515	130.177131	130.177147	0.000000	29.124477	-0.000010	7.688240	7.688240	7.688240	7.688240	29.086029	0.001965	-0.014738	0.010682	0.011307	0.006697	0.007319	-0.000322	-0.000322	0.000456	0.000457	994.695145	1006.415715	1572.011172	1585.950754	0.024517	0.024784	0.037177	0.037470	
0.000861	1.983728	0.084904	130.757884	130.757894	130.243047	130.243062	0.000000	29.060801	-0.005264	7.678951	7.678951	7.678951	7.678951	29.072982	-0.001027	-0.001266	0.011927	0.011981	0.007943	0.007997	-0.000069	-0.000069	-0.000002	-0.000002	1015.384290	1020.390817	1557.567842	1563.522236	0.011601	0.011661	0.018242	0.018317	
-0.010034	1.548072	-0.102101	130.803767	130.803777	130.289733	130.289749	0.000000	28.976361	0.002669	7.675088	7.675088	7.675088	7.675088	29.003663	0.001527	-0.008744	0.014542	0.014915	0.010555	0.010927	-0.000179	-0.000179	0.000284	0.000284	1030.194872	1024.174245	1548.971958	1541.811467	-0.015125	-0.015026	-0.024256	-0.024122	
-0.020485	2.006749	-0.444543	130.811125	130.811135	130.297705	130.297720	0.000000	29.093510	0.004552	7.672367	7.672367	7.672367	7.672367	29.076076	0.004508	-0.018681	0.011862	0.012655	0.007890	0.008681	-0.000338	-0.000338	0.000648	0.000648	1030.487684	1004.274246	1576.901526	1545.725193	-0.061095	-0.059451	-0.096541	-0.094460	
-0.015272	0.173610	0.537768	131.149717	131.149727	130.636685	130.636700	0.000000	29.230714	0.008964	7.671916	7.671916	7.671916	7.671916	29.199166	0.009213	-0.015627	0.010271	0.010930	0.006319	0.006976	-0.000095	-0.000096	0.000726	0.000727	1051.894894	1083.605529	1502.521636	1540.235929	0.104225	0.108224	0.167592	0.173598	
0.014128	1.514217	-0.703150	130.932710	130.932720	130.419836	130.419851	0.000000	29.156428	0.005826	7.652059	7.652059	7.652059	7.652059	29.166854	0.008290	0.009885	0.010255	0.009837	0.006297	0.005882	0.000544	0.000544	0.000024	0.000024	1053.213194	1011.750459	1578.560107	1529.247385	-0.103315	-0.098431	-0.172771	-0.165601	
-0.001729	2.716977	-0.763804	131.007087	131.007097	130.495537	130.495552	0.000000	29.224903	-0.002460	7.664762	7.664762	7.664762	7.664762	29.214844	0.000560	-0.000047	0.008959	0.008961	0.005019	0.005021	0.000018	0.000018	0.000020	0.000020	1025.456029	980.416686	1614.308015	1560.741539	-0.094718	-0.090814	-0.143753	-0.139454	
0.012173	1.610154	-0.186781	131.245364	131.245374	130.733675	130.733690	0.000000	29.140333	-0.004306	7.660363	7.660363	7.660363	7.660363	29.164171	-0.002597	0.010392	0.012771	0.012331	0.008823	0.008384	0.000184	0.000184	-0.000363	-0.000362	1035.454821	1024.440866	1562.759539	1549.660352	-0.027762	-0.027457	-0.042598	-0.042224	
-0.002688	1.267920	0.506360	131.510749	131.510759	130.999057	130.999072	0.000000	29.199436	-0.003424	7.646432	7.646432	7.646432	7.646432	29.194943	-0.004044	-0.000844	0.013511	0.013547	0.009568	0.009603	-0.000161	-0.000161	-0.000116	-0.000116	1024.635195	1054.493806	1531.449902	1566.961535	0.078330	0.080776	0.121153	0.124259	
-0.016299	1.417473	-0.576073	131.329766	131.329776	130.819036	130.819051	0.000000	29.354569	-0.003937	7.630972	7.630972	7.630972	7.630972	29.320120	-0.003557	-0.014000	0.007520	0.008107	0.003601	0.004186	-0.000488	-0.000488	0.000245	0.000245	1056.130185	1022.160796	1580.480239	1540.079552	-0.085534	-0.082234	-0.142619	-0.137778	
-0.010861	2.209819	-0.484780	131.440869	131.440879	130.931633	130.931648	0.000000	29.276135	-0.001250	7.641481	7.641481	7.641481	7.641481	29.289770	-0.000488	-0.011202	0.009475	0.009946	0.005564	0.006034	-0.000310	-0.000311	0.000277	0.000277	1032.283831	1003.697717	1595.846099	1561.847882	-0.064622	-0.062860	-0.099069	-0.097013	
-0.007943	3.001868	0.810347	131.856864	131.856874	131.347599	131.347614	0.000000	29.369470	-0.000624	7.634966	7.634966	7.634966	7.634966	29.355966	0.000689	-0.008317	0.010448	0.010797	0.006545	0.006893	-0.000194	-0.000194	0.000241	0.000241	975.592801	1023.376653	1574.585042	1631.415634	0.095269	0.098941	0.136481	0.139908	
0.008297	1.966123	-0.619777	131.589456	131.589466	131.080391	131.080406	0.000000	29.393857	-0.001144	7.610832	7.610832	7.610832	7.610832	29.392012	0.000273	0.005927	0.007460	0.007212	0.003562	0.003316	0.000164	0.000164	-0.000145	-0.000145	1045.314284	1008.767781	1600.257334	1556.791617	-0.083116	-0.079821	-0.137274	-0.132737	
-0.025527	1.931735	0.363045	131.921245	131.921255	131.413891	131.413906	0.000000	29.354639	0.004112	7.626323	7.626323	7.626323	7.626323	29.368010	0.002385	-0.020950	0.010261	0.011141	0.006376	0.007252	-0.000466	-0.000467	0.000628	0.000629	1016.561296	1037.969024	1563.518341	1588.979115	0.050354	0.051349	0.075052	0.076162	
-0.016397	1.352208	-0.087511	131.900280	131.900290	131.392790	131.392805	0.000000	29.450789	-0.001549	7.607056	7.607056	7.607056	7.607056	29.435911	0.002289	-0.016849	0.007858	0.008562	0.003980	0.004681	-0.000362	-0.000362	0.000517	0.000517	1046.573829	1041.413581	1568.397175	1562.259957	-0.013098	-0.013024	-0.021273	-0.021169	
0.007935	1.175310	0.646642	132.170669	132.170679	131.664090	131.664105	0.000000	29.429547	-0.003128	7.608271	7.608271	7.608271	7.608271	29.434209	0.000520	0.004456	0.010428	0.010241	0.006555	0.006369	0.000134	0.000134	-0.000099	-0.000099	1029.419309	1067.549965	1538.016941	1583.366734	0.100202	0.104162	0.154560	0.159556	
-0.000334	2.766668	0.493811	132.221309	132.221319	131.715211	131.715226	0.000000	29.307942	-0.007862	7.592650	7.592650	7.592650	7.592650	29.340298	-0.005056	0.000382	0.013965	0.013949	0.010084	0.010068	-0.000163	-0.000163	-0.000182	-0.000182	990.529567	1019.648229	1578.742607	1613.374197	0.058574	0.060177	0.089751	0.091509	
0.002643	1.640458	-1.412655	131.830817	131.830827	131.325815	131.325829	0.000000	29.538303	-0.004569	7.589723	7.589723	7.589723	7.589723	29.498370	-0.004714	0.002306	0.005593	0.005497	0.001741	0.001645	-0.000100	-0.000100	-0.000220	-0.000220	1079.967081	996.666851	1625.895514	1526.824359	-0.200202	-0.181829	-0.334840	-0.308556	
-0.007680	2.537570	-0.119508	132.241389	132.241398	131.737119	131.737134	0.000000	29.386552	0.008862	7.612216	7.612216	7.612216	7.612216	29.416612	0.003566	-0.006300	0.011348	0.011612	0.007491	0.007755	-0.000043	-0.000043	0.000286	0.000286	1016.581069	1009.533992	1598.803098	1590.421824	-0.015378	-0.015289	-0.022141	-0.022052	
0.018856	3.155297	-0.734954	132.179526	132.179535	131.674028	131.674042	0.000000	29.266879	0.000731	7.588516	7.588516	7.588516	7.588516	29.307931	0.002110	0.015206	0.015077	0.014435	0.011195	0.010555	0.000470	0.000470	-0.000326	-0.000326	1015.903408	972.565277	1629.923052	1578.379871	-0.084525	-0.081190	-0.129346	-0.125745	
0.025177	1.585116	0.065559	132.464688	132.464698	131.959968	131.959983	0.000000	29.553645	0.004484	7.592109	7.592109	7.592109	7.592109	29.503438	0.001601	0.023540	0.010698	0.009715	0.006847	0.005868	0.000667	0.000666	-0.000558	-0.000558	1037.943159	1041.808997	1572.936965	1577.534709	0.009634	0.009670	0.014585	0.014627	
0.007653	1.112607	-0.362936	132.445234	132.445244	131.940890	131.940904	0.000000	29.429944	0.001131	7.575712	7.575712	7.575712	7.575712	29.450890	-0.001231	0.009782	0.012065	0.011655	0.008211	0.007803	0.000213	0.000213	-0.000297	-0.000297	1061.251957	1039.850668	1572.780587	1547.327472	-0.057220	-0.055848	-0.093508	-0.091530	
0.007640	3.301343	1.375169	132.964344	132.964354	132.461075	132.461090	0.000000	29.682873	0.008911	7.576816	7.576816	7.576816	7.576816	29.631096	0.003884	0.007805	0.009810	0.009486	0.005988	0.005665	0.000333	0.000333	-0.000071	-0.000071	958.829325	1039.919150	1578.498002	1674.940264	0.153004	0.162117	0.213249	0.220951	
-0.007127	1.886061	-0.115458	132.678206	132.678216	132.175418	132.175432	0.000000	29.399712	0.001791	7.547148	7.547148	7.547148	7.547148	29.461696	0.001822	-0.004981	0.013164	0.013373	0.009324	0.009532	-0.000068	-0.000068	0.000192	0.000192	1034.412232	1027.603976	1584.571978	1576.474741	-0.015421	-0.015304	-0.025694	-0.025530	
-0.027920	1.588325	0.631881	132.946278	132.946288	132.445481	132.445495	0.000000	29.371277	-0.000802	7.563442	7.563442	7.563442	7.563442	29.396896	0.001095	-0.024462	0.017037	0.018070	0.013206	0.014235	-0.000601	-0.000602	0.000676	0.000676	1018.235980	1055.496197	1546.959861	1591.274417	0.091384	0.094722	0.138736	0.142680	
0.004024	2.008145	-0.655729	132.711921	132.711930	132.211104	132.211118	0.000000	29.506973	-0.005030	7.548106	7.548106	7.548106	7.548106	29.484891	-0.000251	0.000076	0.012730	0.012727	0.008908	0.008905	-0.000007	-0.000007	-0.000010	-0.000010	1047.847572	1009.181093	1607.999532	1562.012471	-0.087475	-0.083903	-0.142565	-0.137797	
-0.026847	1.754883	-0.293769	132.885908	132.885917	132.385757	132.385772	0.000000	29.538180	0.000652	7.561461	7.561461	7.561461	7.561461	29.530395	0.000695	-0.022867	0.012015	0.012972	0.008206	0.009159	-0.000571	-0.000571	0.000618	0.000618	1044.925116	1027.602387	1591.464294	1570.861916	-0.041892	-0.041191	-0.064100	-0.063260	
-0.024576	2.332998	0.246066	133.108135	133.108144	132.607548	132.607562	0.000000	29.626036	0.003496	7.551523	7.551523	7.551523	7.551523	29.607729	0.005079	-0.024122	0.011035	0.012041	0.007233	0.008235	-0.000454	-0.000454	0.000796	0.000797	1016.312975	1030.822818	1591.883329	1609.140267	0.031600	0.032012	0.047197	0.047643	
0.003258	2.779540	-0.480628	133.010537	133.010546	132.510216	132.510230	0.000000	29.723762	0.002493	7.538904	7.538904	7.538904	7.538904	29.702029	0.005791	-0.000554	0.007575	0.007598	0.003785	0.003808	0.000180	0.000180	0.000209	0.000209	1028.893384	1000.552118	1634.346434	1600.639420	-0.057026	-0.055516	-0.088498	-0.086786	
0.006751	1.944551	0.251535	133.276029	133.276039	132.776740	132.776754	0.000000	29.755028	-0.003655	7.544439	7.544439	7.544439	7.544439	29.749119	-0.000158	0.005727	0.008118	0.007882	0.004342	0.004106	0.000142	0.000142	-0.000153	-0.000153	1030.031381	1044.863686	1590.020356	1607.660807	0.034258	0.034721	0.051252	0.051770	
0.016397	1.995506	-0.022122	133.292563	133.292572	132.793395	132.793409	0.000000	29.586009	-0.000024	7.529352	7.529352	7.529352	7.529352	29.628807	-0.000904	0.014762	0.012526	0.011911	0.008734	0.008122	0.000352	0.000352	-0.000413	-0.000413	1033.459814	1032.155322	1593.864141	1592.312675	-0.002958	-0.002954	-0.004624	-0.004619	
-0.009215	2.199247	-0.303558	133.303964	133.303974	132.805672	132.805686	0.000000	29.681948	-0.001593	7.528413	7.528413	7.528413	7.528413	29.674168	-0.002673	-0.005801	0.010637	0.010878	0.006859	0.007100	-0.000240	-0.000240	0.000060	0.000060	1037.786329	1019.886348	1611.617303	1590.328384	-0.039515	-0.038836	-0.061256	-0.060452	
-0.014727	1.310552	-0.181286	133.417624	133.417633	132.919864	132.919878	0.000000	29.642581	-0.006055	7.527743	7.527743	7.527743	7.527743	29.655142	-0.003862	-0.013328	0.011991	0.012546	0.008215	0.008769	-0.000475	-0.000476	0.000215	0.000215	1056.450999	1045.761082	1583.418004	1570.704205	-0.027547	-0.027243	-0.043283	-0.042886	
-0.007875	1.242056	-0.721016	133.365983	133.365993	132.868403	132.868417	0.000000	29.831904	-0.003993	7.521303	7.521303	7.521303	7.521303	29.793537	-0.002371	-0.008551	0.007000	0.007353	0.003243	0.003594	-0.000300	-0.000300	0.000141	0.000141	1077.959575	1035.443312	1608.716840	1558.151129	-0.109971	-0.104997	-0.177300	-0.170448	
-0.015366	1.933177	-0.629134	133.471081	133.471090	132.973945	132.973959	0.000000	29.872066	-0.001371	7.524216	7.524216	7.524216	7.524216	29.856568	-0.000597	-0.014281	0.005549	0.006136	0.001803	0.002388	-0.000387	-0.000387	0.000347	0.000347	1059.276363	1022.178139	1626.938416	1582.816522	-0.086115	-0.083132	-0.131406	-0.127915	
0.002331	2.417615	0.213231	133.764936	133.764945	133.267824	133.267838	0.000000	29.820643	0.001131	7.518268	7.518268	7.518268	7.518268	29.833597	0.001906	-0.000002	0.008833	0.008833	0.005084	0.005084	0.000064	0.000064	0.000064	0.000064	1021.374218	1033.947855	1608.472094	1623.426251	0.027041	0.027330	0.039634	0.039931	
-0.028378	1.817252	0.694686	133.967143	133.967152	133.470344	133.470358	0.000000	29.638484	0.000022	7.501720	7.501720	7.501720	7.501720	29.689893	0.001134	-0.024167	0.014744	0.015753	0.010981	0.011986	-0.000586	-0.000587	0.000663	0.000663	1018.588750	1059.552423	1567.736946	1616.456119	0.094907	0.098616	0.143865	0.148124	
0.001286	2.326963	-0.263103	133.806993	133.807002	133.311412	133.311426	0.000000	29.790822	-0.003448	7.490367	7.490367	7.490367	7.490367	29.771421	0.000761	-0.002226	0.011211	0.011304	0.007466	0.007558	-0.000032	-0.000032	0.000083	0.000083	1036.014600	1020.500176	1619.187542	1600.735830	-0.032950	-0.032442	-0.052381	-0.051757	
0.002390	2.095901	-0.226509	133.895264	133.895273	133.400993	133.401007	0.000000	29.924776	-0.004149	7.499315	7.499315	7.499315	7.499315	29.894279	-0.002063	0.001757	0.007802	0.007730	0.004082	0.004010	-0.000024	-0.000024	-0.000114	-0.000114	1044.282685	1030.926119	1619.220837	1603.335521	-0.029871	-0.029499	-0.045671	-0.045242	
0.013516	1.858944	-0.410487	133.931643	133.931653	133.437324	133.437338	0.000000	29.856874	0.007201	7.494325	7.494325	7.494325	7.494325	29.870557	0.003261	0.011705	0.009081	0.008599	0.005357	0.004877	0.000410	0.000410	-0.000192	-0.000192	1055.123900	1030.918622	1618.192906	1589.404932	-0.056270	-0.054951	-0.087308	-0.085705	
-0.011142	1.777278	-0.324486	134.033810	134.033819	133.539613	133.539627	0.000000	29.857668	0.009557	7.492287	7.492287	7.492287	7.492287	29.865047	0.005992	-0.007911	0.009633	0.009959	0.005910	0.006236	-0.000003	-0.000003	0.000404	0.000404	1054.529571	1035.395579	1612.757171	1590.000611	-0.045266	-0.044436	-0.069628	-0.068630	
0.002748	1.892059	0.842946	134.406211	134.406220	133.912239	133.912252	0.000000	29.896764	-0.003946	7.486562	7.486562	7.486562	7.486562	29.893495	0.000553	0.001300	0.011665	0.011611	0.007947	0.007893	0.000052	0.000052	-0.000015	-0.000015	1017.958318	1067.664440	1576.444618	1635.561418	0.114315	0.119266	0.166982	0.172190	
-0.014395	2.389925	1.290345	134.597718	134.597728	134.104185	134.104199	0.000000	30.030938	0.001984	7.465775	7.465775	7.465775	7.465775	30.003152	0.001496	-0.012093	0.009129	0.009625	0.005429	0.005923	-0.000260	-0.000260	0.000359	0.000359	995.060663	1071.148644	1580.017507	1670.510945	0.156145	0.166630	0.231999	0.242788	
0.011291	2.310552	0.339969	134.436565	134.436574	133.944541	133.944555	0.000000	29.943970	-0.000056	7.455120	7.455120	7.455120	7.455120	29.963448	0.001591	0.007952	0.009668	0.009341	0.005972	0.005647	0.000257	0.000257	-0.000151	-0.000151	1024.006390	1044.053386	1608.954257	1632.796676	0.041651	0.042483	0.066259	0.067273	
-0.002437	1.713610	0.734654	134.612147	134.612156	134.121531	134.121544	0.000000	29.790447	-0.001536	7.464032	7.464032	7.464032	7.464032	29.836421	-0.001140	-0.000957	0.015106	0.015146	0.011407	0.011446	-0.000063	-0.000063	-0.000014	-0.000014	1024.138166	1067.458651	1572.295793	1623.817986	0.101120	0.105333	0.154030	0.158936	
0.011843	1.883951	-0.492758	134.385487	134.385496	133.894838	133.894851	0.000000	29.777213	-0.002609	7.454239	7.454239	7.454239	7.454239	29.795111	-0.002089	0.009967	0.015029	0.014615	0.011323	0.010911	0.000186	0.000186	-0.000327	-0.000327	1054.807924	1025.751363	1617.271047	1582.713314	-0.066141	-0.064129	-0.107490	-0.104810	
-0.004580	1.773407	-0.470486	134.468683	134.468692	133.978462	133.978476	0.000000	29.947317	0.000516	7.466835	7.466835	7.466835	7.466835	29.916051	-0.001403	-0.002535	0.011293	0.011398	0.007606	0.007710	-0.000112	-0.000112	0.000018	0.000018	1060.355966	1032.612742	1620.790362	1587.794616	-0.065682	-0.063943	-0.101027	-0.098937	
0.017922	1.490616	0.391056	134.764796	134.764805	134.274039	134.274052	0.000000	30.089465	-0.002698	7.462195	7.462195	7.462195	7.462195	30.052968	-0.002168	0.014926	0.009260	0.008649	0.005585	0.004976	0.000309	0.000309	-0.000453	-0.000453	1046.039283	1069.098738	1591.439367	1618.864584	0.056728	0.057939	0.084895	0.086287	
0.007050	1.925330	-1.162676	134.454841	134.454851	133.964001	133.964014	0.000000	30.060682	-0.000221	7.445784	7.445784	7.445784	7.445784	30.062368	-0.002577	0.008065	0.006484	0.006155	0.002810	0.002482	0.000120	0.000120	-0.000292	-0.000292	1080.961411	1012.401733	1657.631308	1576.091479	-0.154399	-0.143643	-0.250057	-0.235974	
0.000075	1.967870	-0.397239	134.721770	134.721779	134.232001	134.232014	0.000000	30.034064	-0.002010	7.462982	7.462982	7.462982	7.462982	30.045213	-0.003005	0.001180	0.008917	0.008869	0.005249	0.005201	-0.000070	-0.000070	-0.000130	-0.000130	1056.821337	1033.397265	1630.863107	1603.004242	-0.054264	-0.053160	-0.080115	-0.078914	
-0.004823	1.155354	-0.970222	134.659003	134.659012	134.168698	134.168711	0.000000	29.947458	0.006407	7.448139	7.448139	7.448139	7.448139	29.974988	0.002766	-0.004000	0.010703	0.010868	0.007023	0.007187	-0.000010	-0.000010	0.000195	0.000195	1092.590756	1035.379515	1625.947908	1557.905074	-0.149841	-0.140886	-0.239858	-0.227687	
0.008638	2.197785	-1.368991	134.635383	134.635393	134.145555	134.145569	0.000000	30.123689	-0.003010	7.451632	7.451632	7.451632	7.451632	30.091537	-0.000544	0.006838	0.006833	0.006554	0.003170	0.002892	0.000156	0.000156	-0.000193	-0.000192	1080.874066	1000.148553	1673.588566	1577.579589	-0.178487	-0.165566	-0.270611	-0.256055	
-0.002184	1.041959	0.202058	135.106034	135.106043	134.616345	134.616358	0.000000	30.017404	-0.004716	7.452928	7.452928	7.452928	7.452928	30.039936	-0.003755	-0.000888	0.011930	0.011966	0.008262	0.008299	-0.000148	-0.000148	-0.000102	-0.000102	1062.754955	1074.669755	1585.784102	1599.954687	0.032520	0.032872	0.047730	0.048135	
0.012523	1.413803	-0.106841	135.106673	135.106682	134.616862	134.616875	0.000000	30.000786	-0.004463	7.426914	7.426914	7.426914	7.426914	30.012407	-0.004195	0.010554	0.013098	0.012664	0.009426	0.008993	0.000130	0.000130	-0.000410	-0.000410	1061.552805	1055.252673	1604.520634	1597.027720	-0.015532	-0.015431	-0.024615	-0.024483	
0.010287	2.744555	0.172549	135.249316	135.249325	134.761064	134.761077	0.000000	30.104951	0.003927	7.426883	7.426883	7.426883	7.426883	30.086570	-0.000379	0.010181	0.011660	0.011242	0.008008	0.007592	0.000247	0.000247	-0.000272	-0.000272	1021.259064	1031.433764	1633.263645	1645.364684	0.020456	0.020633	0.030365	0.030546	
-0.036365	0.897679	-0.235474	135.222903	135.222912	134.735487	134.735500	0.000000	30.062779	0.002403	7.418993	7.418993	7.418993	7.418993	30.074791	0.000823	-0.029588	0.011043	0.012257	0.007399	0.008609	-0.000727	-0.000728	0.000782	0.000783	1080.333469	1066.448256	1599.495865	1582.981815	-0.037481	-0.036911	-0.061017	-0.060197	
