TRACE::2026-01-26.17:20:26::SCWPlatform::Trying to open the hw design at C:/TFG_Vivado/demo/course_s2_Vitis/01_ps_hello/vitis/design_1_wrapper/hw/design_1_wrapper.xsa
TRACE::2026-01-26.17:20:26::SCWPlatform::DSA given C:/TFG_Vivado/demo/course_s2_Vitis/01_ps_hello/vitis/design_1_wrapper/hw/design_1_wrapper.xsa
TRACE::2026-01-26.17:20:26::SCWPlatform::DSA absoulate path C:/TFG_Vivado/demo/course_s2_Vitis/01_ps_hello/vitis/design_1_wrapper/hw/design_1_wrapper.xsa
TRACE::2026-01-26.17:20:26::SCWPlatform::DSA directory C:/TFG_Vivado/demo/course_s2_Vitis/01_ps_hello/vitis/design_1_wrapper/hw
TRACE::2026-01-26.17:20:26::SCWPlatform:: Platform Path C:/TFG_Vivado/demo/course_s2_Vitis/01_ps_hello/vitis/design_1_wrapper/hw/design_1_wrapper.xsa
TRACE::2026-01-26.17:20:26::SCWPlatform:: Unique name xilinx:::0.0
TRACE::2026-01-26.17:20:26::SCWPlatform::Do not have an existing db opened. 
TRACE::2026-01-26.17:20:29::SCWPlatform::Opened new HwDB with name design_1_wrapper_0
TRACE::2026-01-26.17:20:29::SCWWriter::formatted JSON is {
	"platformName":	"design_1_wrapper",
	"sprVersion":	"2.0",
	"mode":	"gui",
	"dsaType":	"Fixed",
	"platformDesc":	"design_1_wrapper",
	"platHandOff":	"<platformDir>.xsa",
	"platIntHandOff":	"<platformDir>/hw/design_1_wrapper.xsa",
	"deviceType":	"zynqMP",
	"platIsPrebuiltAutogen":	"false",
	"platIsNoBootBsp":	"false",
	"hasFsblMakeHasChanges":	"false",
	"hasPmufwMakeHasChanges":	"false",
	"platPreBuiltFlag":	false,
	"platformSamplesDir":	""
}
TRACE::2026-01-26.17:20:29::SCWWriter::formatted JSON is {
	"platformName":	"design_1_wrapper",
	"sprVersion":	"2.0",
	"mode":	"gui",
	"dsaType":	"Fixed",
	"platformDesc":	"design_1_wrapper",
	"platHandOff":	"<platformDir>.xsa",
	"platIntHandOff":	"<platformDir>/hw/design_1_wrapper.xsa",
	"deviceType":	"zynqMP",
	"platIsPrebuiltAutogen":	"false",
	"platIsNoBootBsp":	"false",
	"hasFsblMakeHasChanges":	"false",
	"hasPmufwMakeHasChanges":	"false",
	"platPreBuiltFlag":	false,
	"platformSamplesDir":	"",
	"platActiveSys":	"design_1_wrapper",
	"systems":	[{
			"systemName":	"design_1_wrapper",
			"systemDesc":	"design_1_wrapper",
			"sysIsBootAutoGen":	"true",
			"systemDispName":	"design_1_wrapper"
		}]
}
TRACE::2026-01-26.17:20:29::SCWPlatform::Boot application domains not present, creating them
TRACE::2026-01-26.17:20:29::SCWDomain::checking for install qemu data   : 
TRACE::2026-01-26.17:20:29::SCWDomain:: Using the QEMU Data from install at  : C:/Xilinx/Vitis/2023.1/data/emulation/platforms/zynqmp/sw/a53_standalone/qemu/
TRACE::2026-01-26.17:20:29::SCWDomain:: Using the QEMU args  from install at  : C:/Xilinx/Vitis/2023.1/data/emulation/platforms/zynqmp/sw/a53_standalone/qemu/qemu_args.txt
TRACE::2026-01-26.17:20:29::SCWDomain:: Using the PMUQEMU args from install at  : C:/Xilinx/Vitis/2023.1/data/emulation/platforms/zynqmp/sw/a53_standalone/qemu/pmu_args.txt
TRACE::2026-01-26.17:20:29::SCWPlatform::Trying to open the hw design at C:/TFG_Vivado/demo/course_s2_Vitis/01_ps_hello/vitis/design_1_wrapper/hw/design_1_wrapper.xsa
TRACE::2026-01-26.17:20:29::SCWPlatform::DSA given C:/TFG_Vivado/demo/course_s2_Vitis/01_ps_hello/vitis/design_1_wrapper/hw/design_1_wrapper.xsa
TRACE::2026-01-26.17:20:29::SCWPlatform::DSA absoulate path C:/TFG_Vivado/demo/course_s2_Vitis/01_ps_hello/vitis/design_1_wrapper/hw/design_1_wrapper.xsa
TRACE::2026-01-26.17:20:29::SCWPlatform::DSA directory C:/TFG_Vivado/demo/course_s2_Vitis/01_ps_hello/vitis/design_1_wrapper/hw
TRACE::2026-01-26.17:20:29::SCWPlatform:: Platform Path C:/TFG_Vivado/demo/course_s2_Vitis/01_ps_hello/vitis/design_1_wrapper/hw/design_1_wrapper.xsa
TRACE::2026-01-26.17:20:29::SCWPlatform:: Unique name xilinx:::0.0
TRACE::2026-01-26.17:20:29::SCWPlatform::Trying to set the existing hwdb with name design_1_wrapper_0
TRACE::2026-01-26.17:20:29::SCWPlatform::Opened existing hwdb design_1_wrapper_0
TRACE::2026-01-26.17:20:29::SCWPlatform::Found the Hw Db part of the input DSA
TRACE::2026-01-26.17:20:29::SCWPlatform::Trying to open the hw design at C:/TFG_Vivado/demo/course_s2_Vitis/01_ps_hello/vitis/design_1_wrapper/hw/design_1_wrapper.xsa
TRACE::2026-01-26.17:20:29::SCWPlatform::DSA given C:/TFG_Vivado/demo/course_s2_Vitis/01_ps_hello/vitis/design_1_wrapper/hw/design_1_wrapper.xsa
TRACE::2026-01-26.17:20:29::SCWPlatform::DSA absoulate path C:/TFG_Vivado/demo/course_s2_Vitis/01_ps_hello/vitis/design_1_wrapper/hw/design_1_wrapper.xsa
TRACE::2026-01-26.17:20:29::SCWPlatform::DSA directory C:/TFG_Vivado/demo/course_s2_Vitis/01_ps_hello/vitis/design_1_wrapper/hw
TRACE::2026-01-26.17:20:29::SCWPlatform:: Platform Path C:/TFG_Vivado/demo/course_s2_Vitis/01_ps_hello/vitis/design_1_wrapper/hw/design_1_wrapper.xsa
TRACE::2026-01-26.17:20:29::SCWPlatform:: Unique name xilinx:::0.0
TRACE::2026-01-26.17:20:29::SCWPlatform::Trying to set the existing hwdb with name design_1_wrapper_0
TRACE::2026-01-26.17:20:29::SCWPlatform::Opened existing hwdb design_1_wrapper_0
TRACE::2026-01-26.17:20:29::SCWPlatform::Found the Hw Db part of the input DSA
TRACE::2026-01-26.17:20:29::SCWPlatform::Trying to open the hw design at C:/TFG_Vivado/demo/course_s2_Vitis/01_ps_hello/vitis/design_1_wrapper/hw/design_1_wrapper.xsa
TRACE::2026-01-26.17:20:29::SCWPlatform::DSA given C:/TFG_Vivado/demo/course_s2_Vitis/01_ps_hello/vitis/design_1_wrapper/hw/design_1_wrapper.xsa
TRACE::2026-01-26.17:20:29::SCWPlatform::DSA absoulate path C:/TFG_Vivado/demo/course_s2_Vitis/01_ps_hello/vitis/design_1_wrapper/hw/design_1_wrapper.xsa
TRACE::2026-01-26.17:20:29::SCWPlatform::DSA directory C:/TFG_Vivado/demo/course_s2_Vitis/01_ps_hello/vitis/design_1_wrapper/hw
TRACE::2026-01-26.17:20:29::SCWPlatform:: Platform Path C:/TFG_Vivado/demo/course_s2_Vitis/01_ps_hello/vitis/design_1_wrapper/hw/design_1_wrapper.xsa
TRACE::2026-01-26.17:20:29::SCWPlatform:: Unique name xilinx:::0.0
TRACE::2026-01-26.17:20:29::SCWPlatform::Trying to set the existing hwdb with name design_1_wrapper_0
TRACE::2026-01-26.17:20:29::SCWPlatform::Opened existing hwdb design_1_wrapper_0
TRACE::2026-01-26.17:20:29::SCWPlatform::Found the Hw Db part of the input DSA
TRACE::2026-01-26.17:20:29::SCWPlatform::Boot application domain added for zynqmp_fsbl
TRACE::2026-01-26.17:20:29::SCWPlatform::Generating the sources  .
TRACE::2026-01-26.17:20:29::SCWBDomain::Generating boot domain sources.
TRACE::2026-01-26.17:20:29::SCWBDomain:: Generating the zynqmp_fsbl Application.
TRACE::2026-01-26.17:20:29::SCWPlatform::Trying to open the hw design at C:/TFG_Vivado/demo/course_s2_Vitis/01_ps_hello/vitis/design_1_wrapper/hw/design_1_wrapper.xsa
TRACE::2026-01-26.17:20:29::SCWPlatform::DSA given C:/TFG_Vivado/demo/course_s2_Vitis/01_ps_hello/vitis/design_1_wrapper/hw/design_1_wrapper.xsa
TRACE::2026-01-26.17:20:29::SCWPlatform::DSA absoulate path C:/TFG_Vivado/demo/course_s2_Vitis/01_ps_hello/vitis/design_1_wrapper/hw/design_1_wrapper.xsa
TRACE::2026-01-26.17:20:29::SCWPlatform::DSA directory C:/TFG_Vivado/demo/course_s2_Vitis/01_ps_hello/vitis/design_1_wrapper/hw
TRACE::2026-01-26.17:20:29::SCWPlatform:: Platform Path C:/TFG_Vivado/demo/course_s2_Vitis/01_ps_hello/vitis/design_1_wrapper/hw/design_1_wrapper.xsa
TRACE::2026-01-26.17:20:29::SCWPlatform:: Unique name xilinx:::0.0
TRACE::2026-01-26.17:20:29::SCWPlatform::Trying to set the existing hwdb with name design_1_wrapper_0
TRACE::2026-01-26.17:20:29::SCWPlatform::Opened existing hwdb design_1_wrapper_0
TRACE::2026-01-26.17:20:29::SCWPlatform::Found the Hw Db part of the input DSA
TRACE::2026-01-26.17:20:29::SCWMssOS::Checking the sw design at  C:/TFG_Vivado/demo/course_s2_Vitis/01_ps_hello/vitis/design_1_wrapper/zynqmp_fsbl/zynqmp_fsbl_bsp/system.mss
TRACE::2026-01-26.17:20:29::SCWMssOS::DEBUG:  swdes dump  
TRACE::2026-01-26.17:20:29::SCWMssOS::No sw design opened at  C:/TFG_Vivado/demo/course_s2_Vitis/01_ps_hello/vitis/design_1_wrapper/zynqmp_fsbl/zynqmp_fsbl_bsp/system.mss
TRACE::2026-01-26.17:20:29::SCWMssOS::mss does not exists at C:/TFG_Vivado/demo/course_s2_Vitis/01_ps_hello/vitis/design_1_wrapper/zynqmp_fsbl/zynqmp_fsbl_bsp/system.mss
TRACE::2026-01-26.17:20:29::SCWMssOS::Creating sw design at  C:/TFG_Vivado/demo/course_s2_Vitis/01_ps_hello/vitis/design_1_wrapper/zynqmp_fsbl/zynqmp_fsbl_bsp/system.mss
TRACE::2026-01-26.17:20:29::SCWMssOS::Adding the swdes entry, created swdb C:/TFG_Vivado/demo/course_s2_Vitis/01_ps_hello/vitis/design_1_wrapper/zynqmp_fsbl/zynqmp_fsbl_bsp/system.mss with des name C:/TFG_Vivado/demo/course_s2_Vitis/01_ps_hello/vitis/design_1_wrapper/zynqmp_fsbl/zynqmp_fsbl_bsp/system.mss
TRACE::2026-01-26.17:20:29::SCWMssOS::updating the scw layer changes to swdes at   C:/TFG_Vivado/demo/course_s2_Vitis/01_ps_hello/vitis/design_1_wrapper/zynqmp_fsbl/zynqmp_fsbl_bsp/system.mss
TRACE::2026-01-26.17:20:29::SCWMssOS::Writing mss at C:/TFG_Vivado/demo/course_s2_Vitis/01_ps_hello/vitis/design_1_wrapper/zynqmp_fsbl/zynqmp_fsbl_bsp/system.mss
TRACE::2026-01-26.17:20:29::SCWMssOS::Completed writing the mss file at C:/TFG_Vivado/demo/course_s2_Vitis/01_ps_hello/vitis/design_1_wrapper/zynqmp_fsbl/zynqmp_fsbl_bsp
TRACE::2026-01-26.17:20:29::SCWMssOS::Picking up changes from newly written mss file into SCW Layer. 
TRACE::2026-01-26.17:20:29::SCWMssOS::Updated the changes from newly written mss file into SCW Layer. 
TRACE::2026-01-26.17:20:29::SCWBDomain::Completed writing the mss file at C:/TFG_Vivado/demo/course_s2_Vitis/01_ps_hello/vitis/design_1_wrapper/zynqmp_fsbl/zynqmp_fsbl_bsp
TRACE::2026-01-26.17:20:32::SCWPlatform::Generating sources Done.
TRACE::2026-01-26.17:20:32::SCWDomain::checking for install qemu data   : 
TRACE::2026-01-26.17:20:32::SCWDomain:: Using the QEMU Data from install at  : C:/Xilinx/Vitis/2023.1/data/emulation/platforms/zynqmp/sw/a53_standalone/qemu/
TRACE::2026-01-26.17:20:32::SCWDomain:: Using the QEMU args  from install at  : C:/Xilinx/Vitis/2023.1/data/emulation/platforms/zynqmp/sw/a53_standalone/qemu/qemu_args.txt
TRACE::2026-01-26.17:20:32::SCWDomain:: Using the PMUQEMU args from install at  : C:/Xilinx/Vitis/2023.1/data/emulation/platforms/zynqmp/sw/a53_standalone/qemu/pmu_args.txt
TRACE::2026-01-26.17:20:32::SCWPlatform::Trying to open the hw design at C:/TFG_Vivado/demo/course_s2_Vitis/01_ps_hello/vitis/design_1_wrapper/hw/design_1_wrapper.xsa
TRACE::2026-01-26.17:20:32::SCWPlatform::DSA given C:/TFG_Vivado/demo/course_s2_Vitis/01_ps_hello/vitis/design_1_wrapper/hw/design_1_wrapper.xsa
TRACE::2026-01-26.17:20:32::SCWPlatform::DSA absoulate path C:/TFG_Vivado/demo/course_s2_Vitis/01_ps_hello/vitis/design_1_wrapper/hw/design_1_wrapper.xsa
TRACE::2026-01-26.17:20:32::SCWPlatform::DSA directory C:/TFG_Vivado/demo/course_s2_Vitis/01_ps_hello/vitis/design_1_wrapper/hw
TRACE::2026-01-26.17:20:32::SCWPlatform:: Platform Path C:/TFG_Vivado/demo/course_s2_Vitis/01_ps_hello/vitis/design_1_wrapper/hw/design_1_wrapper.xsa
TRACE::2026-01-26.17:20:32::SCWPlatform:: Unique name xilinx:::0.0
TRACE::2026-01-26.17:20:32::SCWPlatform::Trying to set the existing hwdb with name design_1_wrapper_0
TRACE::2026-01-26.17:20:32::SCWPlatform::Opened existing hwdb design_1_wrapper_0
TRACE::2026-01-26.17:20:32::SCWPlatform::Found the Hw Db part of the input DSA
TRACE::2026-01-26.17:20:32::SCWPlatform::Boot application domain added for zynqmp_pmufw
TRACE::2026-01-26.17:20:32::SCWPlatform::Generating the sources  .
TRACE::2026-01-26.17:20:32::SCWBDomain::Generating boot domain sources.
TRACE::2026-01-26.17:20:32::SCWBDomain:: Generating the zynqmp_pmufw Application.
TRACE::2026-01-26.17:20:32::SCWPlatform::Trying to open the hw design at C:/TFG_Vivado/demo/course_s2_Vitis/01_ps_hello/vitis/design_1_wrapper/hw/design_1_wrapper.xsa
TRACE::2026-01-26.17:20:32::SCWPlatform::DSA given C:/TFG_Vivado/demo/course_s2_Vitis/01_ps_hello/vitis/design_1_wrapper/hw/design_1_wrapper.xsa
TRACE::2026-01-26.17:20:32::SCWPlatform::DSA absoulate path C:/TFG_Vivado/demo/course_s2_Vitis/01_ps_hello/vitis/design_1_wrapper/hw/design_1_wrapper.xsa
TRACE::2026-01-26.17:20:32::SCWPlatform::DSA directory C:/TFG_Vivado/demo/course_s2_Vitis/01_ps_hello/vitis/design_1_wrapper/hw
TRACE::2026-01-26.17:20:32::SCWPlatform:: Platform Path C:/TFG_Vivado/demo/course_s2_Vitis/01_ps_hello/vitis/design_1_wrapper/hw/design_1_wrapper.xsa
TRACE::2026-01-26.17:20:32::SCWPlatform:: Unique name xilinx:::0.0
TRACE::2026-01-26.17:20:32::SCWPlatform::Trying to set the existing hwdb with name design_1_wrapper_0
TRACE::2026-01-26.17:20:32::SCWPlatform::Opened existing hwdb design_1_wrapper_0
TRACE::2026-01-26.17:20:32::SCWPlatform::Found the Hw Db part of the input DSA
TRACE::2026-01-26.17:20:32::SCWMssOS::Checking the sw design at  C:/TFG_Vivado/demo/course_s2_Vitis/01_ps_hello/vitis/design_1_wrapper/zynqmp_pmufw/zynqmp_pmufw_bsp/system.mss
TRACE::2026-01-26.17:20:32::SCWMssOS::DEBUG:  swdes dump  
TRACE::2026-01-26.17:20:32::SCWMssOS::No sw design opened at  C:/TFG_Vivado/demo/course_s2_Vitis/01_ps_hello/vitis/design_1_wrapper/zynqmp_pmufw/zynqmp_pmufw_bsp/system.mss
TRACE::2026-01-26.17:20:32::SCWMssOS::mss does not exists at C:/TFG_Vivado/demo/course_s2_Vitis/01_ps_hello/vitis/design_1_wrapper/zynqmp_pmufw/zynqmp_pmufw_bsp/system.mss
TRACE::2026-01-26.17:20:32::SCWMssOS::Creating sw design at  C:/TFG_Vivado/demo/course_s2_Vitis/01_ps_hello/vitis/design_1_wrapper/zynqmp_pmufw/zynqmp_pmufw_bsp/system.mss
TRACE::2026-01-26.17:20:32::SCWMssOS::Adding the swdes entry, created swdb C:/TFG_Vivado/demo/course_s2_Vitis/01_ps_hello/vitis/design_1_wrapper/zynqmp_pmufw/zynqmp_pmufw_bsp/system.mss with des name C:/TFG_Vivado/demo/course_s2_Vitis/01_ps_hello/vitis/design_1_wrapper/zynqmp_pmufw/zynqmp_pmufw_bsp/system.mss
TRACE::2026-01-26.17:20:32::SCWMssOS::updating the scw layer changes to swdes at   C:/TFG_Vivado/demo/course_s2_Vitis/01_ps_hello/vitis/design_1_wrapper/zynqmp_pmufw/zynqmp_pmufw_bsp/system.mss
TRACE::2026-01-26.17:20:32::SCWMssOS::Writing mss at C:/TFG_Vivado/demo/course_s2_Vitis/01_ps_hello/vitis/design_1_wrapper/zynqmp_pmufw/zynqmp_pmufw_bsp/system.mss
TRACE::2026-01-26.17:20:32::SCWMssOS::Completed writing the mss file at C:/TFG_Vivado/demo/course_s2_Vitis/01_ps_hello/vitis/design_1_wrapper/zynqmp_pmufw/zynqmp_pmufw_bsp
TRACE::2026-01-26.17:20:32::SCWMssOS::Picking up changes from newly written mss file into SCW Layer. 
TRACE::2026-01-26.17:20:32::SCWMssOS::Updated the changes from newly written mss file into SCW Layer. 
TRACE::2026-01-26.17:20:32::SCWBDomain::Completed writing the mss file at C:/TFG_Vivado/demo/course_s2_Vitis/01_ps_hello/vitis/design_1_wrapper/zynqmp_pmufw/zynqmp_pmufw_bsp
TRACE::2026-01-26.17:20:34::SCWPlatform::Generating sources Done.
TRACE::2026-01-26.17:20:34::SCWPlatform::Trying to open the hw design at C:/TFG_Vivado/demo/course_s2_Vitis/01_ps_hello/vitis/design_1_wrapper/hw/design_1_wrapper.xsa
TRACE::2026-01-26.17:20:34::SCWPlatform::DSA given C:/TFG_Vivado/demo/course_s2_Vitis/01_ps_hello/vitis/design_1_wrapper/hw/design_1_wrapper.xsa
TRACE::2026-01-26.17:20:34::SCWPlatform::DSA absoulate path C:/TFG_Vivado/demo/course_s2_Vitis/01_ps_hello/vitis/design_1_wrapper/hw/design_1_wrapper.xsa
TRACE::2026-01-26.17:20:34::SCWPlatform::DSA directory C:/TFG_Vivado/demo/course_s2_Vitis/01_ps_hello/vitis/design_1_wrapper/hw
TRACE::2026-01-26.17:20:34::SCWPlatform:: Platform Path C:/TFG_Vivado/demo/course_s2_Vitis/01_ps_hello/vitis/design_1_wrapper/hw/design_1_wrapper.xsa
TRACE::2026-01-26.17:20:34::SCWPlatform:: Unique name xilinx:::0.0
TRACE::2026-01-26.17:20:34::SCWPlatform::Trying to set the existing hwdb with name design_1_wrapper_0
TRACE::2026-01-26.17:20:34::SCWPlatform::Opened existing hwdb design_1_wrapper_0
TRACE::2026-01-26.17:20:34::SCWPlatform::Found the Hw Db part of the input DSA
TRACE::2026-01-26.17:20:34::SCWMssOS::Checking the sw design at  C:/TFG_Vivado/demo/course_s2_Vitis/01_ps_hello/vitis/design_1_wrapper/zynqmp_fsbl/zynqmp_fsbl_bsp/system.mss
TRACE::2026-01-26.17:20:34::SCWMssOS::DEBUG:  swdes dump  
TRACE::2026-01-26.17:20:34::SCWMssOS::No sw design opened at  C:/TFG_Vivado/demo/course_s2_Vitis/01_ps_hello/vitis/design_1_wrapper/zynqmp_fsbl/zynqmp_fsbl_bsp/system.mss
TRACE::2026-01-26.17:20:34::SCWMssOS::mss exists loading the mss file  C:/TFG_Vivado/demo/course_s2_Vitis/01_ps_hello/vitis/design_1_wrapper/zynqmp_fsbl/zynqmp_fsbl_bsp/system.mss
TRACE::2026-01-26.17:20:34::SCWMssOS::Opened the sw design from mss  C:/TFG_Vivado/demo/course_s2_Vitis/01_ps_hello/vitis/design_1_wrapper/zynqmp_fsbl/zynqmp_fsbl_bsp/system.mss
TRACE::2026-01-26.17:20:34::SCWMssOS::Adding the swdes entry C:/TFG_Vivado/demo/course_s2_Vitis/01_ps_hello/vitis/design_1_wrapper/zynqmp_fsbl/zynqmp_fsbl_bsp/system.mss with des name system
TRACE::2026-01-26.17:20:34::SCWMssOS::updating the scw layer about changes
TRACE::2026-01-26.17:20:34::SCWMssOS::Opened the sw design.  C:/TFG_Vivado/demo/course_s2_Vitis/01_ps_hello/vitis/design_1_wrapper/zynqmp_fsbl/zynqmp_fsbl_bsp/system.mss
TRACE::2026-01-26.17:20:34::SCWPlatform::Trying to open the hw design at C:/TFG_Vivado/demo/course_s2_Vitis/01_ps_hello/vitis/design_1_wrapper/hw/design_1_wrapper.xsa
TRACE::2026-01-26.17:20:34::SCWPlatform::DSA given C:/TFG_Vivado/demo/course_s2_Vitis/01_ps_hello/vitis/design_1_wrapper/hw/design_1_wrapper.xsa
TRACE::2026-01-26.17:20:34::SCWPlatform::DSA absoulate path C:/TFG_Vivado/demo/course_s2_Vitis/01_ps_hello/vitis/design_1_wrapper/hw/design_1_wrapper.xsa
TRACE::2026-01-26.17:20:34::SCWPlatform::DSA directory C:/TFG_Vivado/demo/course_s2_Vitis/01_ps_hello/vitis/design_1_wrapper/hw
TRACE::2026-01-26.17:20:34::SCWPlatform:: Platform Path C:/TFG_Vivado/demo/course_s2_Vitis/01_ps_hello/vitis/design_1_wrapper/hw/design_1_wrapper.xsa
TRACE::2026-01-26.17:20:34::SCWPlatform:: Unique name xilinx:::0.0
TRACE::2026-01-26.17:20:34::SCWPlatform::Trying to set the existing hwdb with name design_1_wrapper_0
TRACE::2026-01-26.17:20:34::SCWPlatform::Opened existing hwdb design_1_wrapper_0
TRACE::2026-01-26.17:20:34::SCWPlatform::Found the Hw Db part of the input DSA
TRACE::2026-01-26.17:20:34::SCWMssOS::Checking the sw design at  C:/TFG_Vivado/demo/course_s2_Vitis/01_ps_hello/vitis/design_1_wrapper/zynqmp_pmufw/zynqmp_pmufw_bsp/system.mss
TRACE::2026-01-26.17:20:34::SCWMssOS::DEBUG:  swdes dump  C:/TFG_Vivado/demo/course_s2_Vitis/01_ps_hello/vitis/design_1_wrapper/zynqmp_fsbl/zynqmp_fsbl_bsp/system.mss|system||

TRACE::2026-01-26.17:20:34::SCWMssOS::No sw design opened at  C:/TFG_Vivado/demo/course_s2_Vitis/01_ps_hello/vitis/design_1_wrapper/zynqmp_pmufw/zynqmp_pmufw_bsp/system.mss
TRACE::2026-01-26.17:20:34::SCWMssOS::mss exists loading the mss file  C:/TFG_Vivado/demo/course_s2_Vitis/01_ps_hello/vitis/design_1_wrapper/zynqmp_pmufw/zynqmp_pmufw_bsp/system.mss
TRACE::2026-01-26.17:20:34::SCWMssOS::Opened the sw design from mss  C:/TFG_Vivado/demo/course_s2_Vitis/01_ps_hello/vitis/design_1_wrapper/zynqmp_pmufw/zynqmp_pmufw_bsp/system.mss
TRACE::2026-01-26.17:20:34::SCWMssOS::Adding the swdes entry C:/TFG_Vivado/demo/course_s2_Vitis/01_ps_hello/vitis/design_1_wrapper/zynqmp_pmufw/zynqmp_pmufw_bsp/system.mss with des name system_0
TRACE::2026-01-26.17:20:34::SCWMssOS::updating the scw layer about changes
TRACE::2026-01-26.17:20:34::SCWMssOS::Opened the sw design.  C:/TFG_Vivado/demo/course_s2_Vitis/01_ps_hello/vitis/design_1_wrapper/zynqmp_pmufw/zynqmp_pmufw_bsp/system.mss
TRACE::2026-01-26.17:20:34::SCWMssOS::Saving the mss changes C:/TFG_Vivado/demo/course_s2_Vitis/01_ps_hello/vitis/design_1_wrapper/zynqmp_fsbl/zynqmp_fsbl_bsp/system.mss
TRACE::2026-01-26.17:20:34::SCWMssOS::Found a swdesign opened with the mssfile.
TRACE::2026-01-26.17:20:34::SCWMssOS::Completed writemss as part of save.
TRACE::2026-01-26.17:20:34::SCWMssOS::Commit changes completed.
TRACE::2026-01-26.17:20:34::SCWMssOS::Saving the mss changes C:/TFG_Vivado/demo/course_s2_Vitis/01_ps_hello/vitis/design_1_wrapper/zynqmp_pmufw/zynqmp_pmufw_bsp/system.mss
TRACE::2026-01-26.17:20:34::SCWMssOS::Found a swdesign opened with the mssfile.
TRACE::2026-01-26.17:20:34::SCWMssOS::Completed writemss as part of save.
TRACE::2026-01-26.17:20:34::SCWMssOS::Commit changes completed.
TRACE::2026-01-26.17:20:34::SCWPlatform::Trying to open the hw design at C:/TFG_Vivado/demo/course_s2_Vitis/01_ps_hello/vitis/design_1_wrapper/hw/design_1_wrapper.xsa
TRACE::2026-01-26.17:20:34::SCWPlatform::DSA given C:/TFG_Vivado/demo/course_s2_Vitis/01_ps_hello/vitis/design_1_wrapper/hw/design_1_wrapper.xsa
TRACE::2026-01-26.17:20:34::SCWPlatform::DSA absoulate path C:/TFG_Vivado/demo/course_s2_Vitis/01_ps_hello/vitis/design_1_wrapper/hw/design_1_wrapper.xsa
TRACE::2026-01-26.17:20:34::SCWPlatform::DSA directory C:/TFG_Vivado/demo/course_s2_Vitis/01_ps_hello/vitis/design_1_wrapper/hw
TRACE::2026-01-26.17:20:34::SCWPlatform:: Platform Path C:/TFG_Vivado/demo/course_s2_Vitis/01_ps_hello/vitis/design_1_wrapper/hw/design_1_wrapper.xsa
TRACE::2026-01-26.17:20:34::SCWPlatform:: Unique name xilinx:::0.0
TRACE::2026-01-26.17:20:34::SCWPlatform::Trying to set the existing hwdb with name design_1_wrapper_0
TRACE::2026-01-26.17:20:34::SCWPlatform::Opened existing hwdb design_1_wrapper_0
TRACE::2026-01-26.17:20:34::SCWPlatform::Found the Hw Db part of the input DSA
TRACE::2026-01-26.17:20:34::SCWMssOS::Checking the sw design at  C:/TFG_Vivado/demo/course_s2_Vitis/01_ps_hello/vitis/design_1_wrapper/zynqmp_fsbl/zynqmp_fsbl_bsp/system.mss
TRACE::2026-01-26.17:20:34::SCWMssOS::DEBUG:  swdes dump  C:/TFG_Vivado/demo/course_s2_Vitis/01_ps_hello/vitis/design_1_wrapper/zynqmp_fsbl/zynqmp_fsbl_bsp/system.mss|system||
C:/TFG_Vivado/demo/course_s2_Vitis/01_ps_hello/vitis/design_1_wrapper/zynqmp_pmufw/zynqmp_pmufw_bsp/system.mss|system_0||

TRACE::2026-01-26.17:20:34::SCWMssOS::Sw design exists and opened at  C:/TFG_Vivado/demo/course_s2_Vitis/01_ps_hello/vitis/design_1_wrapper/zynqmp_fsbl/zynqmp_fsbl_bsp/system.mss
TRACE::2026-01-26.17:20:34::SCWPlatform::Trying to open the hw design at C:/TFG_Vivado/demo/course_s2_Vitis/01_ps_hello/vitis/design_1_wrapper/hw/design_1_wrapper.xsa
TRACE::2026-01-26.17:20:34::SCWPlatform::DSA given C:/TFG_Vivado/demo/course_s2_Vitis/01_ps_hello/vitis/design_1_wrapper/hw/design_1_wrapper.xsa
TRACE::2026-01-26.17:20:34::SCWPlatform::DSA absoulate path C:/TFG_Vivado/demo/course_s2_Vitis/01_ps_hello/vitis/design_1_wrapper/hw/design_1_wrapper.xsa
TRACE::2026-01-26.17:20:34::SCWPlatform::DSA directory C:/TFG_Vivado/demo/course_s2_Vitis/01_ps_hello/vitis/design_1_wrapper/hw
TRACE::2026-01-26.17:20:34::SCWPlatform:: Platform Path C:/TFG_Vivado/demo/course_s2_Vitis/01_ps_hello/vitis/design_1_wrapper/hw/design_1_wrapper.xsa
TRACE::2026-01-26.17:20:34::SCWPlatform:: Unique name xilinx:::0.0
TRACE::2026-01-26.17:20:34::SCWPlatform::Trying to set the existing hwdb with name design_1_wrapper_0
TRACE::2026-01-26.17:20:34::SCWPlatform::Opened existing hwdb design_1_wrapper_0
TRACE::2026-01-26.17:20:34::SCWPlatform::Found the Hw Db part of the input DSA
TRACE::2026-01-26.17:20:34::SCWMssOS::Checking the sw design at  C:/TFG_Vivado/demo/course_s2_Vitis/01_ps_hello/vitis/design_1_wrapper/zynqmp_fsbl/zynqmp_fsbl_bsp/system.mss
TRACE::2026-01-26.17:20:34::SCWMssOS::DEBUG:  swdes dump  C:/TFG_Vivado/demo/course_s2_Vitis/01_ps_hello/vitis/design_1_wrapper/zynqmp_fsbl/zynqmp_fsbl_bsp/system.mss|system||
C:/TFG_Vivado/demo/course_s2_Vitis/01_ps_hello/vitis/design_1_wrapper/zynqmp_pmufw/zynqmp_pmufw_bsp/system.mss|system_0||

TRACE::2026-01-26.17:20:34::SCWMssOS::Sw design exists and opened at  C:/TFG_Vivado/demo/course_s2_Vitis/01_ps_hello/vitis/design_1_wrapper/zynqmp_fsbl/zynqmp_fsbl_bsp/system.mss
TRACE::2026-01-26.17:20:34::SCWPlatform::Trying to open the hw design at C:/TFG_Vivado/demo/course_s2_Vitis/01_ps_hello/vitis/design_1_wrapper/hw/design_1_wrapper.xsa
TRACE::2026-01-26.17:20:34::SCWPlatform::DSA given C:/TFG_Vivado/demo/course_s2_Vitis/01_ps_hello/vitis/design_1_wrapper/hw/design_1_wrapper.xsa
TRACE::2026-01-26.17:20:34::SCWPlatform::DSA absoulate path C:/TFG_Vivado/demo/course_s2_Vitis/01_ps_hello/vitis/design_1_wrapper/hw/design_1_wrapper.xsa
TRACE::2026-01-26.17:20:34::SCWPlatform::DSA directory C:/TFG_Vivado/demo/course_s2_Vitis/01_ps_hello/vitis/design_1_wrapper/hw
TRACE::2026-01-26.17:20:34::SCWPlatform:: Platform Path C:/TFG_Vivado/demo/course_s2_Vitis/01_ps_hello/vitis/design_1_wrapper/hw/design_1_wrapper.xsa
TRACE::2026-01-26.17:20:34::SCWPlatform:: Unique name xilinx:::0.0
TRACE::2026-01-26.17:20:34::SCWPlatform::Trying to set the existing hwdb with name design_1_wrapper_0
TRACE::2026-01-26.17:20:34::SCWPlatform::Opened existing hwdb design_1_wrapper_0
TRACE::2026-01-26.17:20:34::SCWPlatform::Found the Hw Db part of the input DSA
TRACE::2026-01-26.17:20:34::SCWMssOS::Checking the sw design at  C:/TFG_Vivado/demo/course_s2_Vitis/01_ps_hello/vitis/design_1_wrapper/zynqmp_fsbl/zynqmp_fsbl_bsp/system.mss
TRACE::2026-01-26.17:20:34::SCWMssOS::DEBUG:  swdes dump  C:/TFG_Vivado/demo/course_s2_Vitis/01_ps_hello/vitis/design_1_wrapper/zynqmp_fsbl/zynqmp_fsbl_bsp/system.mss|system||
C:/TFG_Vivado/demo/course_s2_Vitis/01_ps_hello/vitis/design_1_wrapper/zynqmp_pmufw/zynqmp_pmufw_bsp/system.mss|system_0||

TRACE::2026-01-26.17:20:34::SCWMssOS::Sw design exists and opened at  C:/TFG_Vivado/demo/course_s2_Vitis/01_ps_hello/vitis/design_1_wrapper/zynqmp_fsbl/zynqmp_fsbl_bsp/system.mss
TRACE::2026-01-26.17:20:34::SCWPlatform::Trying to open the hw design at C:/TFG_Vivado/demo/course_s2_Vitis/01_ps_hello/vitis/design_1_wrapper/hw/design_1_wrapper.xsa
TRACE::2026-01-26.17:20:34::SCWPlatform::DSA given C:/TFG_Vivado/demo/course_s2_Vitis/01_ps_hello/vitis/design_1_wrapper/hw/design_1_wrapper.xsa
TRACE::2026-01-26.17:20:34::SCWPlatform::DSA absoulate path C:/TFG_Vivado/demo/course_s2_Vitis/01_ps_hello/vitis/design_1_wrapper/hw/design_1_wrapper.xsa
TRACE::2026-01-26.17:20:34::SCWPlatform::DSA directory C:/TFG_Vivado/demo/course_s2_Vitis/01_ps_hello/vitis/design_1_wrapper/hw
TRACE::2026-01-26.17:20:34::SCWPlatform:: Platform Path C:/TFG_Vivado/demo/course_s2_Vitis/01_ps_hello/vitis/design_1_wrapper/hw/design_1_wrapper.xsa
TRACE::2026-01-26.17:20:34::SCWPlatform:: Unique name xilinx:::0.0
TRACE::2026-01-26.17:20:34::SCWPlatform::Trying to set the existing hwdb with name design_1_wrapper_0
TRACE::2026-01-26.17:20:34::SCWPlatform::Opened existing hwdb design_1_wrapper_0
TRACE::2026-01-26.17:20:34::SCWPlatform::Found the Hw Db part of the input DSA
TRACE::2026-01-26.17:20:34::SCWMssOS::Checking the sw design at  C:/TFG_Vivado/demo/course_s2_Vitis/01_ps_hello/vitis/design_1_wrapper/zynqmp_pmufw/zynqmp_pmufw_bsp/system.mss
TRACE::2026-01-26.17:20:34::SCWMssOS::DEBUG:  swdes dump  C:/TFG_Vivado/demo/course_s2_Vitis/01_ps_hello/vitis/design_1_wrapper/zynqmp_fsbl/zynqmp_fsbl_bsp/system.mss|system||
C:/TFG_Vivado/demo/course_s2_Vitis/01_ps_hello/vitis/design_1_wrapper/zynqmp_pmufw/zynqmp_pmufw_bsp/system.mss|system_0||

TRACE::2026-01-26.17:20:34::SCWMssOS::Sw design exists and opened at  C:/TFG_Vivado/demo/course_s2_Vitis/01_ps_hello/vitis/design_1_wrapper/zynqmp_pmufw/zynqmp_pmufw_bsp/system.mss
TRACE::2026-01-26.17:20:34::SCWPlatform::Trying to open the hw design at C:/TFG_Vivado/demo/course_s2_Vitis/01_ps_hello/vitis/design_1_wrapper/hw/design_1_wrapper.xsa
TRACE::2026-01-26.17:20:34::SCWPlatform::DSA given C:/TFG_Vivado/demo/course_s2_Vitis/01_ps_hello/vitis/design_1_wrapper/hw/design_1_wrapper.xsa
TRACE::2026-01-26.17:20:34::SCWPlatform::DSA absoulate path C:/TFG_Vivado/demo/course_s2_Vitis/01_ps_hello/vitis/design_1_wrapper/hw/design_1_wrapper.xsa
TRACE::2026-01-26.17:20:34::SCWPlatform::DSA directory C:/TFG_Vivado/demo/course_s2_Vitis/01_ps_hello/vitis/design_1_wrapper/hw
TRACE::2026-01-26.17:20:34::SCWPlatform:: Platform Path C:/TFG_Vivado/demo/course_s2_Vitis/01_ps_hello/vitis/design_1_wrapper/hw/design_1_wrapper.xsa
TRACE::2026-01-26.17:20:34::SCWPlatform:: Unique name xilinx:::0.0
TRACE::2026-01-26.17:20:34::SCWPlatform::Trying to set the existing hwdb with name design_1_wrapper_0
TRACE::2026-01-26.17:20:34::SCWPlatform::Opened existing hwdb design_1_wrapper_0
TRACE::2026-01-26.17:20:34::SCWPlatform::Found the Hw Db part of the input DSA
TRACE::2026-01-26.17:20:34::SCWMssOS::Checking the sw design at  C:/TFG_Vivado/demo/course_s2_Vitis/01_ps_hello/vitis/design_1_wrapper/zynqmp_pmufw/zynqmp_pmufw_bsp/system.mss
TRACE::2026-01-26.17:20:34::SCWMssOS::DEBUG:  swdes dump  C:/TFG_Vivado/demo/course_s2_Vitis/01_ps_hello/vitis/design_1_wrapper/zynqmp_fsbl/zynqmp_fsbl_bsp/system.mss|system||
C:/TFG_Vivado/demo/course_s2_Vitis/01_ps_hello/vitis/design_1_wrapper/zynqmp_pmufw/zynqmp_pmufw_bsp/system.mss|system_0||

TRACE::2026-01-26.17:20:34::SCWMssOS::Sw design exists and opened at  C:/TFG_Vivado/demo/course_s2_Vitis/01_ps_hello/vitis/design_1_wrapper/zynqmp_pmufw/zynqmp_pmufw_bsp/system.mss
TRACE::2026-01-26.17:20:34::SCWPlatform::Trying to open the hw design at C:/TFG_Vivado/demo/course_s2_Vitis/01_ps_hello/vitis/design_1_wrapper/hw/design_1_wrapper.xsa
TRACE::2026-01-26.17:20:34::SCWPlatform::DSA given C:/TFG_Vivado/demo/course_s2_Vitis/01_ps_hello/vitis/design_1_wrapper/hw/design_1_wrapper.xsa
TRACE::2026-01-26.17:20:34::SCWPlatform::DSA absoulate path C:/TFG_Vivado/demo/course_s2_Vitis/01_ps_hello/vitis/design_1_wrapper/hw/design_1_wrapper.xsa
TRACE::2026-01-26.17:20:34::SCWPlatform::DSA directory C:/TFG_Vivado/demo/course_s2_Vitis/01_ps_hello/vitis/design_1_wrapper/hw
TRACE::2026-01-26.17:20:34::SCWPlatform:: Platform Path C:/TFG_Vivado/demo/course_s2_Vitis/01_ps_hello/vitis/design_1_wrapper/hw/design_1_wrapper.xsa
TRACE::2026-01-26.17:20:34::SCWPlatform:: Unique name xilinx:::0.0
TRACE::2026-01-26.17:20:34::SCWPlatform::Trying to set the existing hwdb with name design_1_wrapper_0
TRACE::2026-01-26.17:20:34::SCWPlatform::Opened existing hwdb design_1_wrapper_0
TRACE::2026-01-26.17:20:34::SCWPlatform::Found the Hw Db part of the input DSA
TRACE::2026-01-26.17:20:34::SCWMssOS::Checking the sw design at  C:/TFG_Vivado/demo/course_s2_Vitis/01_ps_hello/vitis/design_1_wrapper/zynqmp_pmufw/zynqmp_pmufw_bsp/system.mss
TRACE::2026-01-26.17:20:34::SCWMssOS::DEBUG:  swdes dump  C:/TFG_Vivado/demo/course_s2_Vitis/01_ps_hello/vitis/design_1_wrapper/zynqmp_fsbl/zynqmp_fsbl_bsp/system.mss|system||
C:/TFG_Vivado/demo/course_s2_Vitis/01_ps_hello/vitis/design_1_wrapper/zynqmp_pmufw/zynqmp_pmufw_bsp/system.mss|system_0||

TRACE::2026-01-26.17:20:34::SCWMssOS::Sw design exists and opened at  C:/TFG_Vivado/demo/course_s2_Vitis/01_ps_hello/vitis/design_1_wrapper/zynqmp_pmufw/zynqmp_pmufw_bsp/system.mss
TRACE::2026-01-26.17:20:34::SCWWriter::formatted JSON is {
	"platformName":	"design_1_wrapper",
	"sprVersion":	"2.0",
	"mode":	"gui",
	"dsaType":	"Fixed",
	"platformDesc":	"design_1_wrapper",
	"platHandOff":	"<platformDir>.xsa",
	"platIntHandOff":	"<platformDir>/hw/design_1_wrapper.xsa",
	"deviceType":	"zynqMP",
	"platIsPrebuiltAutogen":	"false",
	"platIsNoBootBsp":	"false",
	"platFsblTarget":	"psu_cortexa53_0",
	"hasFsblMakeHasChanges":	"false",
	"hasPmufwMakeHasChanges":	"false",
	"fsblExtraCompilerFlags":	"-MMD -MP      -Wall -fmessage-length=0 -DARMA53_64 -Os -flto -ffat-lto-objects  ",
	"pmufwExtraCompilerFlags":	"-MMD -MP      -mlittle-endian -mxl-barrel-shift -mxl-pattern-compare -mcpu=v9.2 -mxl-soft-mul -Os -flto -ffat-lto-objects  ",
	"platPreBuiltFlag":	false,
	"platformSamplesDir":	"",
	"platActiveSys":	"design_1_wrapper",
	"systems":	[{
			"systemName":	"design_1_wrapper",
			"systemDesc":	"design_1_wrapper",
			"sysIsBootAutoGen":	"true",
			"systemDispName":	"design_1_wrapper",
			"sysActiveDom":	"zynqmp_pmufw",
			"sysDefaultDom":	"",
			"domains":	[{
					"domainName":	"zynqmp_fsbl",
					"domainDispName":	"zynqmp_fsbl",
					"domainDesc":	"FSBL Application BSP - Auto Generated.",
					"processors":	"psu_cortexa53_0",
					"os":	"standalone",
					"sdxOs":	"standalone",
					"debugEnable":	"",
					"domRuntimes":	["cpp"],
					"swRepo":	"",
					"mssOsVer":	"8.1",
					"mssFile":	"",
					"md5Digest":	"50ffef4a883d3ea676765d60b786a6e4",
					"compatibleApp":	"zynqmp_fsbl",
					"domType":	"bootDomain",
					"arch":	"64-bit",
					"appSettings":	{
						"appCompilerFlags":	"",
						"appLinkerFlags":	""
					},
					"addedLibs":	["xilffs:5.0", "xilsecure:5.1", "xilpm:5.0"],
					"libOptions":	{
						"standalone":	{
							"zynqmp_fsbl_bsp":	"true",
							"libOptionNames":	["zynqmp_fsbl_bsp"]
						},
						"xilffs":	{
							"read_only":	"true",
							"use_mkfs":	"false",
							"libOptionNames":	["read_only", "use_mkfs"]
						},
						"xilsecure":	{
							"tpm_support":	"true",
							"libOptionNames":	["tpm_support"]
						},
						"libsContainingOptions":	["standalone", "xilffs", "xilsecure"]
					},
					"prebuiltLibs":	{
						"prebuiltIncPath":	[],
						"prebuiltLibPath":	[]
					},
					"isolation":	{
					}
				}, {
					"domainName":	"zynqmp_pmufw",
					"domainDispName":	"zynqmp_pmufw",
					"domainDesc":	"PMUFW Application BSP - Auto Generated.",
					"processors":	"psu_pmu_0",
					"os":	"standalone",
					"sdxOs":	"standalone",
					"debugEnable":	"",
					"domRuntimes":	["cpp"],
					"swRepo":	"",
					"mssOsVer":	"8.1",
					"mssFile":	"",
					"md5Digest":	"f53f944c509d63eeaedc429f0d902726",
					"compatibleApp":	"zynqmp_pmufw",
					"domType":	"bootDomain",
					"arch":	"32-bit",
					"appSettings":	{
						"appCompilerFlags":	"",
						"appLinkerFlags":	""
					},
					"addedLibs":	["xilfpga:6.4", "xilsecure:5.1", "xilskey:7.4"],
					"libOptions":	{
						"psu_pmu_0":	{
							"extra_compiler_flags":	"-g -ffunction-sections -fdata-sections -Wall -Wextra -fno-tree-loop-distribute-patterns  -Os -flto -ffat-lto-objects",
							"libOptionNames":	["extra_compiler_flags"]
						},
						"libsContainingOptions":	["psu_pmu_0"]
					},
					"prebuiltLibs":	{
						"prebuiltIncPath":	[],
						"prebuiltLibPath":	[]
					},
					"isolation":	{
					}
				}]
		}]
}
TRACE::2026-01-26.17:20:34::SCWMssOS::Saving the mss changes C:/TFG_Vivado/demo/course_s2_Vitis/01_ps_hello/vitis/design_1_wrapper/zynqmp_fsbl/zynqmp_fsbl_bsp/system.mss
TRACE::2026-01-26.17:20:34::SCWMssOS::Found a swdesign opened with the mssfile.
TRACE::2026-01-26.17:20:34::SCWMssOS::Completed writemss as part of save.
TRACE::2026-01-26.17:20:34::SCWMssOS::Commit changes completed.
TRACE::2026-01-26.17:20:34::SCWMssOS::Saving the mss changes C:/TFG_Vivado/demo/course_s2_Vitis/01_ps_hello/vitis/design_1_wrapper/zynqmp_pmufw/zynqmp_pmufw_bsp/system.mss
TRACE::2026-01-26.17:20:34::SCWMssOS::Found a swdesign opened with the mssfile.
TRACE::2026-01-26.17:20:34::SCWMssOS::Completed writemss as part of save.
TRACE::2026-01-26.17:20:34::SCWMssOS::Commit changes completed.
TRACE::2026-01-26.17:20:34::SCWPlatform::Trying to open the hw design at C:/TFG_Vivado/demo/course_s2_Vitis/01_ps_hello/vitis/design_1_wrapper/hw/design_1_wrapper.xsa
TRACE::2026-01-26.17:20:34::SCWPlatform::DSA given C:/TFG_Vivado/demo/course_s2_Vitis/01_ps_hello/vitis/design_1_wrapper/hw/design_1_wrapper.xsa
TRACE::2026-01-26.17:20:34::SCWPlatform::DSA absoulate path C:/TFG_Vivado/demo/course_s2_Vitis/01_ps_hello/vitis/design_1_wrapper/hw/design_1_wrapper.xsa
TRACE::2026-01-26.17:20:34::SCWPlatform::DSA directory C:/TFG_Vivado/demo/course_s2_Vitis/01_ps_hello/vitis/design_1_wrapper/hw
TRACE::2026-01-26.17:20:34::SCWPlatform:: Platform Path C:/TFG_Vivado/demo/course_s2_Vitis/01_ps_hello/vitis/design_1_wrapper/hw/design_1_wrapper.xsa
TRACE::2026-01-26.17:20:34::SCWPlatform:: Unique name xilinx:::0.0
TRACE::2026-01-26.17:20:34::SCWPlatform::Trying to set the existing hwdb with name design_1_wrapper_0
TRACE::2026-01-26.17:20:34::SCWPlatform::Opened existing hwdb design_1_wrapper_0
TRACE::2026-01-26.17:20:34::SCWPlatform::Found the Hw Db part of the input DSA
TRACE::2026-01-26.17:20:34::SCWMssOS::Checking the sw design at  C:/TFG_Vivado/demo/course_s2_Vitis/01_ps_hello/vitis/design_1_wrapper/zynqmp_fsbl/zynqmp_fsbl_bsp/system.mss
TRACE::2026-01-26.17:20:34::SCWMssOS::DEBUG:  swdes dump  C:/TFG_Vivado/demo/course_s2_Vitis/01_ps_hello/vitis/design_1_wrapper/zynqmp_fsbl/zynqmp_fsbl_bsp/system.mss|system||
C:/TFG_Vivado/demo/course_s2_Vitis/01_ps_hello/vitis/design_1_wrapper/zynqmp_pmufw/zynqmp_pmufw_bsp/system.mss|system_0||

TRACE::2026-01-26.17:20:34::SCWMssOS::Sw design exists and opened at  C:/TFG_Vivado/demo/course_s2_Vitis/01_ps_hello/vitis/design_1_wrapper/zynqmp_fsbl/zynqmp_fsbl_bsp/system.mss
TRACE::2026-01-26.17:20:34::SCWPlatform::Trying to open the hw design at C:/TFG_Vivado/demo/course_s2_Vitis/01_ps_hello/vitis/design_1_wrapper/hw/design_1_wrapper.xsa
TRACE::2026-01-26.17:20:34::SCWPlatform::DSA given C:/TFG_Vivado/demo/course_s2_Vitis/01_ps_hello/vitis/design_1_wrapper/hw/design_1_wrapper.xsa
TRACE::2026-01-26.17:20:34::SCWPlatform::DSA absoulate path C:/TFG_Vivado/demo/course_s2_Vitis/01_ps_hello/vitis/design_1_wrapper/hw/design_1_wrapper.xsa
TRACE::2026-01-26.17:20:34::SCWPlatform::DSA directory C:/TFG_Vivado/demo/course_s2_Vitis/01_ps_hello/vitis/design_1_wrapper/hw
TRACE::2026-01-26.17:20:34::SCWPlatform:: Platform Path C:/TFG_Vivado/demo/course_s2_Vitis/01_ps_hello/vitis/design_1_wrapper/hw/design_1_wrapper.xsa
TRACE::2026-01-26.17:20:34::SCWPlatform:: Unique name xilinx:::0.0
TRACE::2026-01-26.17:20:34::SCWPlatform::Trying to set the existing hwdb with name design_1_wrapper_0
TRACE::2026-01-26.17:20:34::SCWPlatform::Opened existing hwdb design_1_wrapper_0
TRACE::2026-01-26.17:20:34::SCWPlatform::Found the Hw Db part of the input DSA
TRACE::2026-01-26.17:20:34::SCWMssOS::Checking the sw design at  C:/TFG_Vivado/demo/course_s2_Vitis/01_ps_hello/vitis/design_1_wrapper/zynqmp_fsbl/zynqmp_fsbl_bsp/system.mss
TRACE::2026-01-26.17:20:34::SCWMssOS::DEBUG:  swdes dump  C:/TFG_Vivado/demo/course_s2_Vitis/01_ps_hello/vitis/design_1_wrapper/zynqmp_fsbl/zynqmp_fsbl_bsp/system.mss|system||
C:/TFG_Vivado/demo/course_s2_Vitis/01_ps_hello/vitis/design_1_wrapper/zynqmp_pmufw/zynqmp_pmufw_bsp/system.mss|system_0||

TRACE::2026-01-26.17:20:34::SCWMssOS::Sw design exists and opened at  C:/TFG_Vivado/demo/course_s2_Vitis/01_ps_hello/vitis/design_1_wrapper/zynqmp_fsbl/zynqmp_fsbl_bsp/system.mss
TRACE::2026-01-26.17:20:34::SCWPlatform::Trying to open the hw design at C:/TFG_Vivado/demo/course_s2_Vitis/01_ps_hello/vitis/design_1_wrapper/hw/design_1_wrapper.xsa
TRACE::2026-01-26.17:20:34::SCWPlatform::DSA given C:/TFG_Vivado/demo/course_s2_Vitis/01_ps_hello/vitis/design_1_wrapper/hw/design_1_wrapper.xsa
TRACE::2026-01-26.17:20:34::SCWPlatform::DSA absoulate path C:/TFG_Vivado/demo/course_s2_Vitis/01_ps_hello/vitis/design_1_wrapper/hw/design_1_wrapper.xsa
TRACE::2026-01-26.17:20:34::SCWPlatform::DSA directory C:/TFG_Vivado/demo/course_s2_Vitis/01_ps_hello/vitis/design_1_wrapper/hw
TRACE::2026-01-26.17:20:34::SCWPlatform:: Platform Path C:/TFG_Vivado/demo/course_s2_Vitis/01_ps_hello/vitis/design_1_wrapper/hw/design_1_wrapper.xsa
TRACE::2026-01-26.17:20:34::SCWPlatform:: Unique name xilinx:::0.0
TRACE::2026-01-26.17:20:34::SCWPlatform::Trying to set the existing hwdb with name design_1_wrapper_0
TRACE::2026-01-26.17:20:34::SCWPlatform::Opened existing hwdb design_1_wrapper_0
TRACE::2026-01-26.17:20:34::SCWPlatform::Found the Hw Db part of the input DSA
TRACE::2026-01-26.17:20:34::SCWMssOS::Checking the sw design at  C:/TFG_Vivado/demo/course_s2_Vitis/01_ps_hello/vitis/design_1_wrapper/zynqmp_fsbl/zynqmp_fsbl_bsp/system.mss
TRACE::2026-01-26.17:20:34::SCWMssOS::DEBUG:  swdes dump  C:/TFG_Vivado/demo/course_s2_Vitis/01_ps_hello/vitis/design_1_wrapper/zynqmp_fsbl/zynqmp_fsbl_bsp/system.mss|system||
C:/TFG_Vivado/demo/course_s2_Vitis/01_ps_hello/vitis/design_1_wrapper/zynqmp_pmufw/zynqmp_pmufw_bsp/system.mss|system_0||

TRACE::2026-01-26.17:20:34::SCWMssOS::Sw design exists and opened at  C:/TFG_Vivado/demo/course_s2_Vitis/01_ps_hello/vitis/design_1_wrapper/zynqmp_fsbl/zynqmp_fsbl_bsp/system.mss
TRACE::2026-01-26.17:20:34::SCWPlatform::Trying to open the hw design at C:/TFG_Vivado/demo/course_s2_Vitis/01_ps_hello/vitis/design_1_wrapper/hw/design_1_wrapper.xsa
TRACE::2026-01-26.17:20:34::SCWPlatform::DSA given C:/TFG_Vivado/demo/course_s2_Vitis/01_ps_hello/vitis/design_1_wrapper/hw/design_1_wrapper.xsa
TRACE::2026-01-26.17:20:34::SCWPlatform::DSA absoulate path C:/TFG_Vivado/demo/course_s2_Vitis/01_ps_hello/vitis/design_1_wrapper/hw/design_1_wrapper.xsa
TRACE::2026-01-26.17:20:34::SCWPlatform::DSA directory C:/TFG_Vivado/demo/course_s2_Vitis/01_ps_hello/vitis/design_1_wrapper/hw
TRACE::2026-01-26.17:20:34::SCWPlatform:: Platform Path C:/TFG_Vivado/demo/course_s2_Vitis/01_ps_hello/vitis/design_1_wrapper/hw/design_1_wrapper.xsa
TRACE::2026-01-26.17:20:34::SCWPlatform:: Unique name xilinx:::0.0
TRACE::2026-01-26.17:20:34::SCWPlatform::Trying to set the existing hwdb with name design_1_wrapper_0
TRACE::2026-01-26.17:20:34::SCWPlatform::Opened existing hwdb design_1_wrapper_0
TRACE::2026-01-26.17:20:34::SCWPlatform::Found the Hw Db part of the input DSA
TRACE::2026-01-26.17:20:34::SCWMssOS::Checking the sw design at  C:/TFG_Vivado/demo/course_s2_Vitis/01_ps_hello/vitis/design_1_wrapper/zynqmp_pmufw/zynqmp_pmufw_bsp/system.mss
TRACE::2026-01-26.17:20:34::SCWMssOS::DEBUG:  swdes dump  C:/TFG_Vivado/demo/course_s2_Vitis/01_ps_hello/vitis/design_1_wrapper/zynqmp_fsbl/zynqmp_fsbl_bsp/system.mss|system||
C:/TFG_Vivado/demo/course_s2_Vitis/01_ps_hello/vitis/design_1_wrapper/zynqmp_pmufw/zynqmp_pmufw_bsp/system.mss|system_0||

TRACE::2026-01-26.17:20:34::SCWMssOS::Sw design exists and opened at  C:/TFG_Vivado/demo/course_s2_Vitis/01_ps_hello/vitis/design_1_wrapper/zynqmp_pmufw/zynqmp_pmufw_bsp/system.mss
TRACE::2026-01-26.17:20:34::SCWPlatform::Trying to open the hw design at C:/TFG_Vivado/demo/course_s2_Vitis/01_ps_hello/vitis/design_1_wrapper/hw/design_1_wrapper.xsa
TRACE::2026-01-26.17:20:34::SCWPlatform::DSA given C:/TFG_Vivado/demo/course_s2_Vitis/01_ps_hello/vitis/design_1_wrapper/hw/design_1_wrapper.xsa
TRACE::2026-01-26.17:20:34::SCWPlatform::DSA absoulate path C:/TFG_Vivado/demo/course_s2_Vitis/01_ps_hello/vitis/design_1_wrapper/hw/design_1_wrapper.xsa
TRACE::2026-01-26.17:20:34::SCWPlatform::DSA directory C:/TFG_Vivado/demo/course_s2_Vitis/01_ps_hello/vitis/design_1_wrapper/hw
TRACE::2026-01-26.17:20:34::SCWPlatform:: Platform Path C:/TFG_Vivado/demo/course_s2_Vitis/01_ps_hello/vitis/design_1_wrapper/hw/design_1_wrapper.xsa
TRACE::2026-01-26.17:20:34::SCWPlatform:: Unique name xilinx:::0.0
TRACE::2026-01-26.17:20:34::SCWPlatform::Trying to set the existing hwdb with name design_1_wrapper_0
TRACE::2026-01-26.17:20:34::SCWPlatform::Opened existing hwdb design_1_wrapper_0
TRACE::2026-01-26.17:20:34::SCWPlatform::Found the Hw Db part of the input DSA
TRACE::2026-01-26.17:20:34::SCWMssOS::Checking the sw design at  C:/TFG_Vivado/demo/course_s2_Vitis/01_ps_hello/vitis/design_1_wrapper/zynqmp_pmufw/zynqmp_pmufw_bsp/system.mss
TRACE::2026-01-26.17:20:34::SCWMssOS::DEBUG:  swdes dump  C:/TFG_Vivado/demo/course_s2_Vitis/01_ps_hello/vitis/design_1_wrapper/zynqmp_fsbl/zynqmp_fsbl_bsp/system.mss|system||
C:/TFG_Vivado/demo/course_s2_Vitis/01_ps_hello/vitis/design_1_wrapper/zynqmp_pmufw/zynqmp_pmufw_bsp/system.mss|system_0||

TRACE::2026-01-26.17:20:34::SCWMssOS::Sw design exists and opened at  C:/TFG_Vivado/demo/course_s2_Vitis/01_ps_hello/vitis/design_1_wrapper/zynqmp_pmufw/zynqmp_pmufw_bsp/system.mss
TRACE::2026-01-26.17:20:34::SCWPlatform::Trying to open the hw design at C:/TFG_Vivado/demo/course_s2_Vitis/01_ps_hello/vitis/design_1_wrapper/hw/design_1_wrapper.xsa
TRACE::2026-01-26.17:20:34::SCWPlatform::DSA given C:/TFG_Vivado/demo/course_s2_Vitis/01_ps_hello/vitis/design_1_wrapper/hw/design_1_wrapper.xsa
TRACE::2026-01-26.17:20:34::SCWPlatform::DSA absoulate path C:/TFG_Vivado/demo/course_s2_Vitis/01_ps_hello/vitis/design_1_wrapper/hw/design_1_wrapper.xsa
TRACE::2026-01-26.17:20:34::SCWPlatform::DSA directory C:/TFG_Vivado/demo/course_s2_Vitis/01_ps_hello/vitis/design_1_wrapper/hw
TRACE::2026-01-26.17:20:34::SCWPlatform:: Platform Path C:/TFG_Vivado/demo/course_s2_Vitis/01_ps_hello/vitis/design_1_wrapper/hw/design_1_wrapper.xsa
TRACE::2026-01-26.17:20:34::SCWPlatform:: Unique name xilinx:::0.0
TRACE::2026-01-26.17:20:34::SCWPlatform::Trying to set the existing hwdb with name design_1_wrapper_0
TRACE::2026-01-26.17:20:34::SCWPlatform::Opened existing hwdb design_1_wrapper_0
TRACE::2026-01-26.17:20:34::SCWPlatform::Found the Hw Db part of the input DSA
TRACE::2026-01-26.17:20:34::SCWMssOS::Checking the sw design at  C:/TFG_Vivado/demo/course_s2_Vitis/01_ps_hello/vitis/design_1_wrapper/zynqmp_pmufw/zynqmp_pmufw_bsp/system.mss
TRACE::2026-01-26.17:20:34::SCWMssOS::DEBUG:  swdes dump  C:/TFG_Vivado/demo/course_s2_Vitis/01_ps_hello/vitis/design_1_wrapper/zynqmp_fsbl/zynqmp_fsbl_bsp/system.mss|system||
C:/TFG_Vivado/demo/course_s2_Vitis/01_ps_hello/vitis/design_1_wrapper/zynqmp_pmufw/zynqmp_pmufw_bsp/system.mss|system_0||

TRACE::2026-01-26.17:20:34::SCWMssOS::Sw design exists and opened at  C:/TFG_Vivado/demo/course_s2_Vitis/01_ps_hello/vitis/design_1_wrapper/zynqmp_pmufw/zynqmp_pmufw_bsp/system.mss
TRACE::2026-01-26.17:20:34::SCWWriter::formatted JSON is {
	"platformName":	"design_1_wrapper",
	"sprVersion":	"2.0",
	"mode":	"gui",
	"dsaType":	"Fixed",
	"platformDesc":	"design_1_wrapper",
	"platHandOff":	"<platformDir>.xsa",
	"platIntHandOff":	"<platformDir>/hw/design_1_wrapper.xsa",
	"deviceType":	"zynqMP",
	"platIsPrebuiltAutogen":	"false",
	"platIsNoBootBsp":	"false",
	"platFsblTarget":	"psu_cortexa53_0",
	"hasFsblMakeHasChanges":	"false",
	"hasPmufwMakeHasChanges":	"false",
	"fsblExtraCompilerFlags":	"-MMD -MP      -Wall -fmessage-length=0 -DARMA53_64 -Os -flto -ffat-lto-objects  ",
	"pmufwExtraCompilerFlags":	"-MMD -MP      -mlittle-endian -mxl-barrel-shift -mxl-pattern-compare -mcpu=v9.2 -mxl-soft-mul -Os -flto -ffat-lto-objects  ",
	"platPreBuiltFlag":	false,
	"platformSamplesDir":	"",
	"platActiveSys":	"design_1_wrapper",
	"systems":	[{
			"systemName":	"design_1_wrapper",
			"systemDesc":	"design_1_wrapper",
			"sysIsBootAutoGen":	"true",
			"systemDispName":	"design_1_wrapper",
			"sysActiveDom":	"zynqmp_pmufw",
			"sysDefaultDom":	"",
			"domains":	[{
					"domainName":	"zynqmp_fsbl",
					"domainDispName":	"zynqmp_fsbl",
					"domainDesc":	"FSBL Application BSP - Auto Generated.",
					"processors":	"psu_cortexa53_0",
					"os":	"standalone",
					"sdxOs":	"standalone",
					"debugEnable":	"",
					"domRuntimes":	["cpp"],
					"swRepo":	"",
					"mssOsVer":	"8.1",
					"mssFile":	"",
					"md5Digest":	"50ffef4a883d3ea676765d60b786a6e4",
					"compatibleApp":	"zynqmp_fsbl",
					"domType":	"bootDomain",
					"arch":	"64-bit",
					"appSettings":	{
						"appCompilerFlags":	"",
						"appLinkerFlags":	""
					},
					"addedLibs":	["xilffs:5.0", "xilsecure:5.1", "xilpm:5.0"],
					"libOptions":	{
						"standalone":	{
							"zynqmp_fsbl_bsp":	"true",
							"libOptionNames":	["zynqmp_fsbl_bsp"]
						},
						"xilffs":	{
							"read_only":	"true",
							"use_mkfs":	"false",
							"libOptionNames":	["read_only", "use_mkfs"]
						},
						"xilsecure":	{
							"tpm_support":	"true",
							"libOptionNames":	["tpm_support"]
						},
						"libsContainingOptions":	["standalone", "xilffs", "xilsecure"]
					},
					"prebuiltLibs":	{
						"prebuiltIncPath":	[],
						"prebuiltLibPath":	[]
					},
					"isolation":	{
					}
				}, {
					"domainName":	"zynqmp_pmufw",
					"domainDispName":	"zynqmp_pmufw",
					"domainDesc":	"PMUFW Application BSP - Auto Generated.",
					"processors":	"psu_pmu_0",
					"os":	"standalone",
					"sdxOs":	"standalone",
					"debugEnable":	"",
					"domRuntimes":	["cpp"],
					"swRepo":	"",
					"mssOsVer":	"8.1",
					"mssFile":	"",
					"md5Digest":	"f53f944c509d63eeaedc429f0d902726",
					"compatibleApp":	"zynqmp_pmufw",
					"domType":	"bootDomain",
					"arch":	"32-bit",
					"appSettings":	{
						"appCompilerFlags":	"",
						"appLinkerFlags":	""
					},
					"addedLibs":	["xilfpga:6.4", "xilsecure:5.1", "xilskey:7.4"],
					"libOptions":	{
						"psu_pmu_0":	{
							"extra_compiler_flags":	"-g -ffunction-sections -fdata-sections -Wall -Wextra -fno-tree-loop-distribute-patterns  -Os -flto -ffat-lto-objects",
							"libOptionNames":	["extra_compiler_flags"]
						},
						"libsContainingOptions":	["psu_pmu_0"]
					},
					"prebuiltLibs":	{
						"prebuiltIncPath":	[],
						"prebuiltLibPath":	[]
					},
					"isolation":	{
					}
				}]
		}]
}
TRACE::2026-01-26.17:20:34::SCWPlatform::Trying to open the hw design at C:/TFG_Vivado/demo/course_s2_Vitis/01_ps_hello/vitis/design_1_wrapper/hw/design_1_wrapper.xsa
TRACE::2026-01-26.17:20:34::SCWPlatform::DSA given C:/TFG_Vivado/demo/course_s2_Vitis/01_ps_hello/vitis/design_1_wrapper/hw/design_1_wrapper.xsa
TRACE::2026-01-26.17:20:34::SCWPlatform::DSA absoulate path C:/TFG_Vivado/demo/course_s2_Vitis/01_ps_hello/vitis/design_1_wrapper/hw/design_1_wrapper.xsa
TRACE::2026-01-26.17:20:34::SCWPlatform::DSA directory C:/TFG_Vivado/demo/course_s2_Vitis/01_ps_hello/vitis/design_1_wrapper/hw
TRACE::2026-01-26.17:20:34::SCWPlatform:: Platform Path C:/TFG_Vivado/demo/course_s2_Vitis/01_ps_hello/vitis/design_1_wrapper/hw/design_1_wrapper.xsa
TRACE::2026-01-26.17:20:34::SCWPlatform:: Unique name xilinx:::0.0
TRACE::2026-01-26.17:20:34::SCWPlatform::Trying to set the existing hwdb with name design_1_wrapper_0
TRACE::2026-01-26.17:20:34::SCWPlatform::Opened existing hwdb design_1_wrapper_0
TRACE::2026-01-26.17:20:34::SCWPlatform::Found the Hw Db part of the input DSA
TRACE::2026-01-26.17:20:34::SCWDomain::checking for install qemu data   : 
TRACE::2026-01-26.17:20:34::SCWDomain:: Using the QEMU Data from install at  : C:/Xilinx/Vitis/2023.1/data/emulation/platforms/zynqmp/sw/a53_standalone/qemu/
TRACE::2026-01-26.17:20:34::SCWDomain:: Using the QEMU args  from install at  : C:/Xilinx/Vitis/2023.1/data/emulation/platforms/zynqmp/sw/a53_standalone/qemu/qemu_args.txt
TRACE::2026-01-26.17:20:34::SCWDomain:: Using the PMUQEMU args from install at  : C:/Xilinx/Vitis/2023.1/data/emulation/platforms/zynqmp/sw/a53_standalone/qemu/pmu_args.txt
TRACE::2026-01-26.17:20:34::SCWPlatform::Trying to open the hw design at C:/TFG_Vivado/demo/course_s2_Vitis/01_ps_hello/vitis/design_1_wrapper/hw/design_1_wrapper.xsa
TRACE::2026-01-26.17:20:34::SCWPlatform::DSA given C:/TFG_Vivado/demo/course_s2_Vitis/01_ps_hello/vitis/design_1_wrapper/hw/design_1_wrapper.xsa
TRACE::2026-01-26.17:20:34::SCWPlatform::DSA absoulate path C:/TFG_Vivado/demo/course_s2_Vitis/01_ps_hello/vitis/design_1_wrapper/hw/design_1_wrapper.xsa
TRACE::2026-01-26.17:20:34::SCWPlatform::DSA directory C:/TFG_Vivado/demo/course_s2_Vitis/01_ps_hello/vitis/design_1_wrapper/hw
TRACE::2026-01-26.17:20:34::SCWPlatform:: Platform Path C:/TFG_Vivado/demo/course_s2_Vitis/01_ps_hello/vitis/design_1_wrapper/hw/design_1_wrapper.xsa
TRACE::2026-01-26.17:20:34::SCWPlatform:: Unique name xilinx:::0.0
TRACE::2026-01-26.17:20:34::SCWPlatform::Trying to set the existing hwdb with name design_1_wrapper_0
TRACE::2026-01-26.17:20:34::SCWPlatform::Opened existing hwdb design_1_wrapper_0
TRACE::2026-01-26.17:20:34::SCWPlatform::Found the Hw Db part of the input DSA
TRACE::2026-01-26.17:20:34::SCWPlatform::Trying to open the hw design at C:/TFG_Vivado/demo/course_s2_Vitis/01_ps_hello/vitis/design_1_wrapper/hw/design_1_wrapper.xsa
TRACE::2026-01-26.17:20:34::SCWPlatform::DSA given C:/TFG_Vivado/demo/course_s2_Vitis/01_ps_hello/vitis/design_1_wrapper/hw/design_1_wrapper.xsa
TRACE::2026-01-26.17:20:34::SCWPlatform::DSA absoulate path C:/TFG_Vivado/demo/course_s2_Vitis/01_ps_hello/vitis/design_1_wrapper/hw/design_1_wrapper.xsa
TRACE::2026-01-26.17:20:34::SCWPlatform::DSA directory C:/TFG_Vivado/demo/course_s2_Vitis/01_ps_hello/vitis/design_1_wrapper/hw
TRACE::2026-01-26.17:20:34::SCWPlatform:: Platform Path C:/TFG_Vivado/demo/course_s2_Vitis/01_ps_hello/vitis/design_1_wrapper/hw/design_1_wrapper.xsa
TRACE::2026-01-26.17:20:34::SCWPlatform:: Unique name xilinx:::0.0
TRACE::2026-01-26.17:20:34::SCWPlatform::Trying to set the existing hwdb with name design_1_wrapper_0
TRACE::2026-01-26.17:20:34::SCWPlatform::Opened existing hwdb design_1_wrapper_0
TRACE::2026-01-26.17:20:34::SCWPlatform::Found the Hw Db part of the input DSA
TRACE::2026-01-26.17:20:35::SCWDomain::Qemu Directory name is changed from "" to "qemu"
TRACE::2026-01-26.17:20:35::SCWPlatform::Trying to open the hw design at C:/TFG_Vivado/demo/course_s2_Vitis/01_ps_hello/vitis/design_1_wrapper/hw/design_1_wrapper.xsa
TRACE::2026-01-26.17:20:35::SCWPlatform::DSA given C:/TFG_Vivado/demo/course_s2_Vitis/01_ps_hello/vitis/design_1_wrapper/hw/design_1_wrapper.xsa
TRACE::2026-01-26.17:20:35::SCWPlatform::DSA absoulate path C:/TFG_Vivado/demo/course_s2_Vitis/01_ps_hello/vitis/design_1_wrapper/hw/design_1_wrapper.xsa
TRACE::2026-01-26.17:20:35::SCWPlatform::DSA directory C:/TFG_Vivado/demo/course_s2_Vitis/01_ps_hello/vitis/design_1_wrapper/hw
TRACE::2026-01-26.17:20:35::SCWPlatform:: Platform Path C:/TFG_Vivado/demo/course_s2_Vitis/01_ps_hello/vitis/design_1_wrapper/hw/design_1_wrapper.xsa
TRACE::2026-01-26.17:20:35::SCWPlatform:: Unique name xilinx:::0.0
TRACE::2026-01-26.17:20:35::SCWPlatform::Trying to set the existing hwdb with name design_1_wrapper_0
TRACE::2026-01-26.17:20:35::SCWPlatform::Opened existing hwdb design_1_wrapper_0
TRACE::2026-01-26.17:20:35::SCWPlatform::Found the Hw Db part of the input DSA
TRACE::2026-01-26.17:20:35::SCWMssOS::Checking the sw design at  C:/TFG_Vivado/demo/course_s2_Vitis/01_ps_hello/vitis/design_1_wrapper/psu_cortexa53_0/standalone_psu_cortexa53_0/bsp/system.mss
TRACE::2026-01-26.17:20:35::SCWMssOS::DEBUG:  swdes dump  C:/TFG_Vivado/demo/course_s2_Vitis/01_ps_hello/vitis/design_1_wrapper/zynqmp_fsbl/zynqmp_fsbl_bsp/system.mss|system||
C:/TFG_Vivado/demo/course_s2_Vitis/01_ps_hello/vitis/design_1_wrapper/zynqmp_pmufw/zynqmp_pmufw_bsp/system.mss|system_0||

TRACE::2026-01-26.17:20:35::SCWMssOS::No sw design opened at  C:/TFG_Vivado/demo/course_s2_Vitis/01_ps_hello/vitis/design_1_wrapper/psu_cortexa53_0/standalone_psu_cortexa53_0/bsp/system.mss
TRACE::2026-01-26.17:20:35::SCWMssOS::mss does not exists at C:/TFG_Vivado/demo/course_s2_Vitis/01_ps_hello/vitis/design_1_wrapper/psu_cortexa53_0/standalone_psu_cortexa53_0/bsp/system.mss
TRACE::2026-01-26.17:20:35::SCWMssOS::Creating sw design at  C:/TFG_Vivado/demo/course_s2_Vitis/01_ps_hello/vitis/design_1_wrapper/psu_cortexa53_0/standalone_psu_cortexa53_0/bsp/system.mss
TRACE::2026-01-26.17:20:35::SCWMssOS::Adding the swdes entry, created swdb C:/TFG_Vivado/demo/course_s2_Vitis/01_ps_hello/vitis/design_1_wrapper/psu_cortexa53_0/standalone_psu_cortexa53_0/bsp/system.mss with des name C:/TFG_Vivado/demo/course_s2_Vitis/01_ps_hello/vitis/design_1_wrapper/psu_cortexa53_0/standalone_psu_cortexa53_0/bsp/system.mss
TRACE::2026-01-26.17:20:35::SCWMssOS::updating the scw layer changes to swdes at   C:/TFG_Vivado/demo/course_s2_Vitis/01_ps_hello/vitis/design_1_wrapper/psu_cortexa53_0/standalone_psu_cortexa53_0/bsp/system.mss
TRACE::2026-01-26.17:20:35::SCWMssOS::Writing mss at C:/TFG_Vivado/demo/course_s2_Vitis/01_ps_hello/vitis/design_1_wrapper/psu_cortexa53_0/standalone_psu_cortexa53_0/bsp/system.mss
TRACE::2026-01-26.17:20:35::SCWMssOS::Completed writing the mss file at C:/TFG_Vivado/demo/course_s2_Vitis/01_ps_hello/vitis/design_1_wrapper/psu_cortexa53_0/standalone_psu_cortexa53_0/bsp
TRACE::2026-01-26.17:20:35::SCWMssOS::Picking up changes from newly written mss file into SCW Layer. 
TRACE::2026-01-26.17:20:35::SCWMssOS::Updated the changes from newly written mss file into SCW Layer. 
TRACE::2026-01-26.17:20:35::SCWMssOS::Completed writing the mss file at C:/TFG_Vivado/demo/course_s2_Vitis/01_ps_hello/vitis/design_1_wrapper/psu_cortexa53_0/standalone_psu_cortexa53_0/bsp
TRACE::2026-01-26.17:20:35::SCWMssOS::Forcing BSP Sources regeneration.
TRACE::2026-01-26.17:20:36::SCWMssOS::Saving the mss changes C:/TFG_Vivado/demo/course_s2_Vitis/01_ps_hello/vitis/design_1_wrapper/zynqmp_fsbl/zynqmp_fsbl_bsp/system.mss
TRACE::2026-01-26.17:20:36::SCWMssOS::Found a swdesign opened with the mssfile.
TRACE::2026-01-26.17:20:36::SCWMssOS::Completed writemss as part of save.
TRACE::2026-01-26.17:20:36::SCWMssOS::Commit changes completed.
TRACE::2026-01-26.17:20:36::SCWMssOS::Saving the mss changes C:/TFG_Vivado/demo/course_s2_Vitis/01_ps_hello/vitis/design_1_wrapper/zynqmp_pmufw/zynqmp_pmufw_bsp/system.mss
TRACE::2026-01-26.17:20:36::SCWMssOS::Found a swdesign opened with the mssfile.
TRACE::2026-01-26.17:20:36::SCWMssOS::Completed writemss as part of save.
TRACE::2026-01-26.17:20:36::SCWMssOS::Commit changes completed.
TRACE::2026-01-26.17:20:36::SCWMssOS::Saving the mss changes C:/TFG_Vivado/demo/course_s2_Vitis/01_ps_hello/vitis/design_1_wrapper/psu_cortexa53_0/standalone_psu_cortexa53_0/bsp/system.mss
TRACE::2026-01-26.17:20:36::SCWMssOS::Adding the swdes entry, mss present, able to open swdb C:/TFG_Vivado/demo/course_s2_Vitis/01_ps_hello/vitis/design_1_wrapper/psu_cortexa53_0/standalone_psu_cortexa53_0/bsp/system.mss with des name system_1
TRACE::2026-01-26.17:20:36::SCWMssOS::Writing the mss file completed C:/TFG_Vivado/demo/course_s2_Vitis/01_ps_hello/vitis/design_1_wrapper/psu_cortexa53_0/standalone_psu_cortexa53_0/bsp/system.mss
TRACE::2026-01-26.17:20:36::SCWMssOS::Commit changes completed.
TRACE::2026-01-26.17:20:36::SCWPlatform::Trying to open the hw design at C:/TFG_Vivado/demo/course_s2_Vitis/01_ps_hello/vitis/design_1_wrapper/hw/design_1_wrapper.xsa
TRACE::2026-01-26.17:20:36::SCWPlatform::DSA given C:/TFG_Vivado/demo/course_s2_Vitis/01_ps_hello/vitis/design_1_wrapper/hw/design_1_wrapper.xsa
TRACE::2026-01-26.17:20:36::SCWPlatform::DSA absoulate path C:/TFG_Vivado/demo/course_s2_Vitis/01_ps_hello/vitis/design_1_wrapper/hw/design_1_wrapper.xsa
TRACE::2026-01-26.17:20:36::SCWPlatform::DSA directory C:/TFG_Vivado/demo/course_s2_Vitis/01_ps_hello/vitis/design_1_wrapper/hw
TRACE::2026-01-26.17:20:36::SCWPlatform:: Platform Path C:/TFG_Vivado/demo/course_s2_Vitis/01_ps_hello/vitis/design_1_wrapper/hw/design_1_wrapper.xsa
TRACE::2026-01-26.17:20:36::SCWPlatform:: Unique name xilinx:::0.0
TRACE::2026-01-26.17:20:36::SCWPlatform::Trying to set the existing hwdb with name design_1_wrapper_0
TRACE::2026-01-26.17:20:36::SCWPlatform::Opened existing hwdb design_1_wrapper_0
TRACE::2026-01-26.17:20:36::SCWPlatform::Found the Hw Db part of the input DSA
TRACE::2026-01-26.17:20:36::SCWMssOS::Checking the sw design at  C:/TFG_Vivado/demo/course_s2_Vitis/01_ps_hello/vitis/design_1_wrapper/zynqmp_fsbl/zynqmp_fsbl_bsp/system.mss
TRACE::2026-01-26.17:20:36::SCWMssOS::DEBUG:  swdes dump  C:/TFG_Vivado/demo/course_s2_Vitis/01_ps_hello/vitis/design_1_wrapper/psu_cortexa53_0/standalone_psu_cortexa53_0/bsp/system.mss|system_1||
C:/TFG_Vivado/demo/course_s2_Vitis/01_ps_hello/vitis/design_1_wrapper/zynqmp_fsbl/zynqmp_fsbl_bsp/system.mss|system||
C:/TFG_Vivado/demo/course_s2_Vitis/01_ps_hello/vitis/design_1_wrapper/zynqmp_pmufw/zynqmp_pmufw_bsp/system.mss|system_0||

TRACE::2026-01-26.17:20:36::SCWMssOS::Sw design exists and opened at  C:/TFG_Vivado/demo/course_s2_Vitis/01_ps_hello/vitis/design_1_wrapper/zynqmp_fsbl/zynqmp_fsbl_bsp/system.mss
TRACE::2026-01-26.17:20:36::SCWPlatform::Trying to open the hw design at C:/TFG_Vivado/demo/course_s2_Vitis/01_ps_hello/vitis/design_1_wrapper/hw/design_1_wrapper.xsa
TRACE::2026-01-26.17:20:36::SCWPlatform::DSA given C:/TFG_Vivado/demo/course_s2_Vitis/01_ps_hello/vitis/design_1_wrapper/hw/design_1_wrapper.xsa
TRACE::2026-01-26.17:20:36::SCWPlatform::DSA absoulate path C:/TFG_Vivado/demo/course_s2_Vitis/01_ps_hello/vitis/design_1_wrapper/hw/design_1_wrapper.xsa
TRACE::2026-01-26.17:20:36::SCWPlatform::DSA directory C:/TFG_Vivado/demo/course_s2_Vitis/01_ps_hello/vitis/design_1_wrapper/hw
TRACE::2026-01-26.17:20:36::SCWPlatform:: Platform Path C:/TFG_Vivado/demo/course_s2_Vitis/01_ps_hello/vitis/design_1_wrapper/hw/design_1_wrapper.xsa
TRACE::2026-01-26.17:20:36::SCWPlatform:: Unique name xilinx:::0.0
TRACE::2026-01-26.17:20:36::SCWPlatform::Trying to set the existing hwdb with name design_1_wrapper_0
TRACE::2026-01-26.17:20:36::SCWPlatform::Opened existing hwdb design_1_wrapper_0
TRACE::2026-01-26.17:20:36::SCWPlatform::Found the Hw Db part of the input DSA
TRACE::2026-01-26.17:20:36::SCWMssOS::Checking the sw design at  C:/TFG_Vivado/demo/course_s2_Vitis/01_ps_hello/vitis/design_1_wrapper/zynqmp_fsbl/zynqmp_fsbl_bsp/system.mss
TRACE::2026-01-26.17:20:36::SCWMssOS::DEBUG:  swdes dump  C:/TFG_Vivado/demo/course_s2_Vitis/01_ps_hello/vitis/design_1_wrapper/psu_cortexa53_0/standalone_psu_cortexa53_0/bsp/system.mss|system_1||
C:/TFG_Vivado/demo/course_s2_Vitis/01_ps_hello/vitis/design_1_wrapper/zynqmp_fsbl/zynqmp_fsbl_bsp/system.mss|system||
C:/TFG_Vivado/demo/course_s2_Vitis/01_ps_hello/vitis/design_1_wrapper/zynqmp_pmufw/zynqmp_pmufw_bsp/system.mss|system_0||

TRACE::2026-01-26.17:20:36::SCWMssOS::Sw design exists and opened at  C:/TFG_Vivado/demo/course_s2_Vitis/01_ps_hello/vitis/design_1_wrapper/zynqmp_fsbl/zynqmp_fsbl_bsp/system.mss
TRACE::2026-01-26.17:20:36::SCWPlatform::Trying to open the hw design at C:/TFG_Vivado/demo/course_s2_Vitis/01_ps_hello/vitis/design_1_wrapper/hw/design_1_wrapper.xsa
TRACE::2026-01-26.17:20:36::SCWPlatform::DSA given C:/TFG_Vivado/demo/course_s2_Vitis/01_ps_hello/vitis/design_1_wrapper/hw/design_1_wrapper.xsa
TRACE::2026-01-26.17:20:36::SCWPlatform::DSA absoulate path C:/TFG_Vivado/demo/course_s2_Vitis/01_ps_hello/vitis/design_1_wrapper/hw/design_1_wrapper.xsa
TRACE::2026-01-26.17:20:36::SCWPlatform::DSA directory C:/TFG_Vivado/demo/course_s2_Vitis/01_ps_hello/vitis/design_1_wrapper/hw
TRACE::2026-01-26.17:20:36::SCWPlatform:: Platform Path C:/TFG_Vivado/demo/course_s2_Vitis/01_ps_hello/vitis/design_1_wrapper/hw/design_1_wrapper.xsa
TRACE::2026-01-26.17:20:36::SCWPlatform:: Unique name xilinx:::0.0
TRACE::2026-01-26.17:20:36::SCWPlatform::Trying to set the existing hwdb with name design_1_wrapper_0
TRACE::2026-01-26.17:20:36::SCWPlatform::Opened existing hwdb design_1_wrapper_0
TRACE::2026-01-26.17:20:36::SCWPlatform::Found the Hw Db part of the input DSA
TRACE::2026-01-26.17:20:36::SCWMssOS::Checking the sw design at  C:/TFG_Vivado/demo/course_s2_Vitis/01_ps_hello/vitis/design_1_wrapper/zynqmp_fsbl/zynqmp_fsbl_bsp/system.mss
TRACE::2026-01-26.17:20:36::SCWMssOS::DEBUG:  swdes dump  C:/TFG_Vivado/demo/course_s2_Vitis/01_ps_hello/vitis/design_1_wrapper/psu_cortexa53_0/standalone_psu_cortexa53_0/bsp/system.mss|system_1||
C:/TFG_Vivado/demo/course_s2_Vitis/01_ps_hello/vitis/design_1_wrapper/zynqmp_fsbl/zynqmp_fsbl_bsp/system.mss|system||
C:/TFG_Vivado/demo/course_s2_Vitis/01_ps_hello/vitis/design_1_wrapper/zynqmp_pmufw/zynqmp_pmufw_bsp/system.mss|system_0||

TRACE::2026-01-26.17:20:36::SCWMssOS::Sw design exists and opened at  C:/TFG_Vivado/demo/course_s2_Vitis/01_ps_hello/vitis/design_1_wrapper/zynqmp_fsbl/zynqmp_fsbl_bsp/system.mss
TRACE::2026-01-26.17:20:36::SCWPlatform::Trying to open the hw design at C:/TFG_Vivado/demo/course_s2_Vitis/01_ps_hello/vitis/design_1_wrapper/hw/design_1_wrapper.xsa
TRACE::2026-01-26.17:20:36::SCWPlatform::DSA given C:/TFG_Vivado/demo/course_s2_Vitis/01_ps_hello/vitis/design_1_wrapper/hw/design_1_wrapper.xsa
TRACE::2026-01-26.17:20:36::SCWPlatform::DSA absoulate path C:/TFG_Vivado/demo/course_s2_Vitis/01_ps_hello/vitis/design_1_wrapper/hw/design_1_wrapper.xsa
TRACE::2026-01-26.17:20:36::SCWPlatform::DSA directory C:/TFG_Vivado/demo/course_s2_Vitis/01_ps_hello/vitis/design_1_wrapper/hw
TRACE::2026-01-26.17:20:36::SCWPlatform:: Platform Path C:/TFG_Vivado/demo/course_s2_Vitis/01_ps_hello/vitis/design_1_wrapper/hw/design_1_wrapper.xsa
TRACE::2026-01-26.17:20:36::SCWPlatform:: Unique name xilinx:::0.0
TRACE::2026-01-26.17:20:36::SCWPlatform::Trying to set the existing hwdb with name design_1_wrapper_0
TRACE::2026-01-26.17:20:36::SCWPlatform::Opened existing hwdb design_1_wrapper_0
TRACE::2026-01-26.17:20:36::SCWPlatform::Found the Hw Db part of the input DSA
TRACE::2026-01-26.17:20:36::SCWMssOS::Checking the sw design at  C:/TFG_Vivado/demo/course_s2_Vitis/01_ps_hello/vitis/design_1_wrapper/zynqmp_pmufw/zynqmp_pmufw_bsp/system.mss
TRACE::2026-01-26.17:20:36::SCWMssOS::DEBUG:  swdes dump  C:/TFG_Vivado/demo/course_s2_Vitis/01_ps_hello/vitis/design_1_wrapper/psu_cortexa53_0/standalone_psu_cortexa53_0/bsp/system.mss|system_1||
C:/TFG_Vivado/demo/course_s2_Vitis/01_ps_hello/vitis/design_1_wrapper/zynqmp_fsbl/zynqmp_fsbl_bsp/system.mss|system||
C:/TFG_Vivado/demo/course_s2_Vitis/01_ps_hello/vitis/design_1_wrapper/zynqmp_pmufw/zynqmp_pmufw_bsp/system.mss|system_0||

TRACE::2026-01-26.17:20:36::SCWMssOS::Sw design exists and opened at  C:/TFG_Vivado/demo/course_s2_Vitis/01_ps_hello/vitis/design_1_wrapper/zynqmp_pmufw/zynqmp_pmufw_bsp/system.mss
TRACE::2026-01-26.17:20:36::SCWPlatform::Trying to open the hw design at C:/TFG_Vivado/demo/course_s2_Vitis/01_ps_hello/vitis/design_1_wrapper/hw/design_1_wrapper.xsa
TRACE::2026-01-26.17:20:36::SCWPlatform::DSA given C:/TFG_Vivado/demo/course_s2_Vitis/01_ps_hello/vitis/design_1_wrapper/hw/design_1_wrapper.xsa
TRACE::2026-01-26.17:20:36::SCWPlatform::DSA absoulate path C:/TFG_Vivado/demo/course_s2_Vitis/01_ps_hello/vitis/design_1_wrapper/hw/design_1_wrapper.xsa
TRACE::2026-01-26.17:20:36::SCWPlatform::DSA directory C:/TFG_Vivado/demo/course_s2_Vitis/01_ps_hello/vitis/design_1_wrapper/hw
TRACE::2026-01-26.17:20:36::SCWPlatform:: Platform Path C:/TFG_Vivado/demo/course_s2_Vitis/01_ps_hello/vitis/design_1_wrapper/hw/design_1_wrapper.xsa
TRACE::2026-01-26.17:20:36::SCWPlatform:: Unique name xilinx:::0.0
TRACE::2026-01-26.17:20:36::SCWPlatform::Trying to set the existing hwdb with name design_1_wrapper_0
TRACE::2026-01-26.17:20:36::SCWPlatform::Opened existing hwdb design_1_wrapper_0
TRACE::2026-01-26.17:20:36::SCWPlatform::Found the Hw Db part of the input DSA
TRACE::2026-01-26.17:20:36::SCWMssOS::Checking the sw design at  C:/TFG_Vivado/demo/course_s2_Vitis/01_ps_hello/vitis/design_1_wrapper/zynqmp_pmufw/zynqmp_pmufw_bsp/system.mss
TRACE::2026-01-26.17:20:36::SCWMssOS::DEBUG:  swdes dump  C:/TFG_Vivado/demo/course_s2_Vitis/01_ps_hello/vitis/design_1_wrapper/psu_cortexa53_0/standalone_psu_cortexa53_0/bsp/system.mss|system_1||
C:/TFG_Vivado/demo/course_s2_Vitis/01_ps_hello/vitis/design_1_wrapper/zynqmp_fsbl/zynqmp_fsbl_bsp/system.mss|system||
C:/TFG_Vivado/demo/course_s2_Vitis/01_ps_hello/vitis/design_1_wrapper/zynqmp_pmufw/zynqmp_pmufw_bsp/system.mss|system_0||

TRACE::2026-01-26.17:20:36::SCWMssOS::Sw design exists and opened at  C:/TFG_Vivado/demo/course_s2_Vitis/01_ps_hello/vitis/design_1_wrapper/zynqmp_pmufw/zynqmp_pmufw_bsp/system.mss
TRACE::2026-01-26.17:20:36::SCWPlatform::Trying to open the hw design at C:/TFG_Vivado/demo/course_s2_Vitis/01_ps_hello/vitis/design_1_wrapper/hw/design_1_wrapper.xsa
TRACE::2026-01-26.17:20:36::SCWPlatform::DSA given C:/TFG_Vivado/demo/course_s2_Vitis/01_ps_hello/vitis/design_1_wrapper/hw/design_1_wrapper.xsa
TRACE::2026-01-26.17:20:36::SCWPlatform::DSA absoulate path C:/TFG_Vivado/demo/course_s2_Vitis/01_ps_hello/vitis/design_1_wrapper/hw/design_1_wrapper.xsa
TRACE::2026-01-26.17:20:36::SCWPlatform::DSA directory C:/TFG_Vivado/demo/course_s2_Vitis/01_ps_hello/vitis/design_1_wrapper/hw
TRACE::2026-01-26.17:20:36::SCWPlatform:: Platform Path C:/TFG_Vivado/demo/course_s2_Vitis/01_ps_hello/vitis/design_1_wrapper/hw/design_1_wrapper.xsa
TRACE::2026-01-26.17:20:36::SCWPlatform:: Unique name xilinx:::0.0
TRACE::2026-01-26.17:20:36::SCWPlatform::Trying to set the existing hwdb with name design_1_wrapper_0
TRACE::2026-01-26.17:20:36::SCWPlatform::Opened existing hwdb design_1_wrapper_0
TRACE::2026-01-26.17:20:36::SCWPlatform::Found the Hw Db part of the input DSA
TRACE::2026-01-26.17:20:36::SCWMssOS::Checking the sw design at  C:/TFG_Vivado/demo/course_s2_Vitis/01_ps_hello/vitis/design_1_wrapper/zynqmp_pmufw/zynqmp_pmufw_bsp/system.mss
TRACE::2026-01-26.17:20:36::SCWMssOS::DEBUG:  swdes dump  C:/TFG_Vivado/demo/course_s2_Vitis/01_ps_hello/vitis/design_1_wrapper/psu_cortexa53_0/standalone_psu_cortexa53_0/bsp/system.mss|system_1||
C:/TFG_Vivado/demo/course_s2_Vitis/01_ps_hello/vitis/design_1_wrapper/zynqmp_fsbl/zynqmp_fsbl_bsp/system.mss|system||
C:/TFG_Vivado/demo/course_s2_Vitis/01_ps_hello/vitis/design_1_wrapper/zynqmp_pmufw/zynqmp_pmufw_bsp/system.mss|system_0||

TRACE::2026-01-26.17:20:36::SCWMssOS::Sw design exists and opened at  C:/TFG_Vivado/demo/course_s2_Vitis/01_ps_hello/vitis/design_1_wrapper/zynqmp_pmufw/zynqmp_pmufw_bsp/system.mss
TRACE::2026-01-26.17:20:36::SCWPlatform::Trying to open the hw design at C:/TFG_Vivado/demo/course_s2_Vitis/01_ps_hello/vitis/design_1_wrapper/hw/design_1_wrapper.xsa
TRACE::2026-01-26.17:20:36::SCWPlatform::DSA given C:/TFG_Vivado/demo/course_s2_Vitis/01_ps_hello/vitis/design_1_wrapper/hw/design_1_wrapper.xsa
TRACE::2026-01-26.17:20:36::SCWPlatform::DSA absoulate path C:/TFG_Vivado/demo/course_s2_Vitis/01_ps_hello/vitis/design_1_wrapper/hw/design_1_wrapper.xsa
TRACE::2026-01-26.17:20:36::SCWPlatform::DSA directory C:/TFG_Vivado/demo/course_s2_Vitis/01_ps_hello/vitis/design_1_wrapper/hw
TRACE::2026-01-26.17:20:36::SCWPlatform:: Platform Path C:/TFG_Vivado/demo/course_s2_Vitis/01_ps_hello/vitis/design_1_wrapper/hw/design_1_wrapper.xsa
TRACE::2026-01-26.17:20:36::SCWPlatform:: Unique name xilinx:::0.0
TRACE::2026-01-26.17:20:36::SCWPlatform::Trying to set the existing hwdb with name design_1_wrapper_0
TRACE::2026-01-26.17:20:36::SCWPlatform::Opened existing hwdb design_1_wrapper_0
TRACE::2026-01-26.17:20:36::SCWPlatform::Found the Hw Db part of the input DSA
TRACE::2026-01-26.17:20:36::SCWMssOS::Checking the sw design at  C:/TFG_Vivado/demo/course_s2_Vitis/01_ps_hello/vitis/design_1_wrapper/psu_cortexa53_0/standalone_psu_cortexa53_0/bsp/system.mss
TRACE::2026-01-26.17:20:36::SCWMssOS::DEBUG:  swdes dump  C:/TFG_Vivado/demo/course_s2_Vitis/01_ps_hello/vitis/design_1_wrapper/psu_cortexa53_0/standalone_psu_cortexa53_0/bsp/system.mss|system_1||
C:/TFG_Vivado/demo/course_s2_Vitis/01_ps_hello/vitis/design_1_wrapper/zynqmp_fsbl/zynqmp_fsbl_bsp/system.mss|system||
C:/TFG_Vivado/demo/course_s2_Vitis/01_ps_hello/vitis/design_1_wrapper/zynqmp_pmufw/zynqmp_pmufw_bsp/system.mss|system_0||

TRACE::2026-01-26.17:20:36::SCWMssOS::Sw design exists and opened at  C:/TFG_Vivado/demo/course_s2_Vitis/01_ps_hello/vitis/design_1_wrapper/psu_cortexa53_0/standalone_psu_cortexa53_0/bsp/system.mss
TRACE::2026-01-26.17:20:36::SCWPlatform::Trying to open the hw design at C:/TFG_Vivado/demo/course_s2_Vitis/01_ps_hello/vitis/design_1_wrapper/hw/design_1_wrapper.xsa
TRACE::2026-01-26.17:20:36::SCWPlatform::DSA given C:/TFG_Vivado/demo/course_s2_Vitis/01_ps_hello/vitis/design_1_wrapper/hw/design_1_wrapper.xsa
TRACE::2026-01-26.17:20:36::SCWPlatform::DSA absoulate path C:/TFG_Vivado/demo/course_s2_Vitis/01_ps_hello/vitis/design_1_wrapper/hw/design_1_wrapper.xsa
TRACE::2026-01-26.17:20:36::SCWPlatform::DSA directory C:/TFG_Vivado/demo/course_s2_Vitis/01_ps_hello/vitis/design_1_wrapper/hw
TRACE::2026-01-26.17:20:36::SCWPlatform:: Platform Path C:/TFG_Vivado/demo/course_s2_Vitis/01_ps_hello/vitis/design_1_wrapper/hw/design_1_wrapper.xsa
TRACE::2026-01-26.17:20:36::SCWPlatform:: Unique name xilinx:::0.0
TRACE::2026-01-26.17:20:36::SCWPlatform::Trying to set the existing hwdb with name design_1_wrapper_0
TRACE::2026-01-26.17:20:36::SCWPlatform::Opened existing hwdb design_1_wrapper_0
TRACE::2026-01-26.17:20:36::SCWPlatform::Found the Hw Db part of the input DSA
TRACE::2026-01-26.17:20:36::SCWMssOS::Checking the sw design at  C:/TFG_Vivado/demo/course_s2_Vitis/01_ps_hello/vitis/design_1_wrapper/psu_cortexa53_0/standalone_psu_cortexa53_0/bsp/system.mss
TRACE::2026-01-26.17:20:36::SCWMssOS::DEBUG:  swdes dump  C:/TFG_Vivado/demo/course_s2_Vitis/01_ps_hello/vitis/design_1_wrapper/psu_cortexa53_0/standalone_psu_cortexa53_0/bsp/system.mss|system_1||
C:/TFG_Vivado/demo/course_s2_Vitis/01_ps_hello/vitis/design_1_wrapper/zynqmp_fsbl/zynqmp_fsbl_bsp/system.mss|system||
C:/TFG_Vivado/demo/course_s2_Vitis/01_ps_hello/vitis/design_1_wrapper/zynqmp_pmufw/zynqmp_pmufw_bsp/system.mss|system_0||

TRACE::2026-01-26.17:20:36::SCWMssOS::Sw design exists and opened at  C:/TFG_Vivado/demo/course_s2_Vitis/01_ps_hello/vitis/design_1_wrapper/psu_cortexa53_0/standalone_psu_cortexa53_0/bsp/system.mss
TRACE::2026-01-26.17:20:36::SCWPlatform::Trying to open the hw design at C:/TFG_Vivado/demo/course_s2_Vitis/01_ps_hello/vitis/design_1_wrapper/hw/design_1_wrapper.xsa
TRACE::2026-01-26.17:20:36::SCWPlatform::DSA given C:/TFG_Vivado/demo/course_s2_Vitis/01_ps_hello/vitis/design_1_wrapper/hw/design_1_wrapper.xsa
TRACE::2026-01-26.17:20:36::SCWPlatform::DSA absoulate path C:/TFG_Vivado/demo/course_s2_Vitis/01_ps_hello/vitis/design_1_wrapper/hw/design_1_wrapper.xsa
TRACE::2026-01-26.17:20:36::SCWPlatform::DSA directory C:/TFG_Vivado/demo/course_s2_Vitis/01_ps_hello/vitis/design_1_wrapper/hw
TRACE::2026-01-26.17:20:36::SCWPlatform:: Platform Path C:/TFG_Vivado/demo/course_s2_Vitis/01_ps_hello/vitis/design_1_wrapper/hw/design_1_wrapper.xsa
TRACE::2026-01-26.17:20:36::SCWPlatform:: Unique name xilinx:::0.0
TRACE::2026-01-26.17:20:36::SCWPlatform::Trying to set the existing hwdb with name design_1_wrapper_0
TRACE::2026-01-26.17:20:36::SCWPlatform::Opened existing hwdb design_1_wrapper_0
TRACE::2026-01-26.17:20:36::SCWPlatform::Found the Hw Db part of the input DSA
TRACE::2026-01-26.17:20:36::SCWMssOS::Checking the sw design at  C:/TFG_Vivado/demo/course_s2_Vitis/01_ps_hello/vitis/design_1_wrapper/psu_cortexa53_0/standalone_psu_cortexa53_0/bsp/system.mss
TRACE::2026-01-26.17:20:36::SCWMssOS::DEBUG:  swdes dump  C:/TFG_Vivado/demo/course_s2_Vitis/01_ps_hello/vitis/design_1_wrapper/psu_cortexa53_0/standalone_psu_cortexa53_0/bsp/system.mss|system_1||
C:/TFG_Vivado/demo/course_s2_Vitis/01_ps_hello/vitis/design_1_wrapper/zynqmp_fsbl/zynqmp_fsbl_bsp/system.mss|system||
C:/TFG_Vivado/demo/course_s2_Vitis/01_ps_hello/vitis/design_1_wrapper/zynqmp_pmufw/zynqmp_pmufw_bsp/system.mss|system_0||

TRACE::2026-01-26.17:20:36::SCWMssOS::Sw design exists and opened at  C:/TFG_Vivado/demo/course_s2_Vitis/01_ps_hello/vitis/design_1_wrapper/psu_cortexa53_0/standalone_psu_cortexa53_0/bsp/system.mss
TRACE::2026-01-26.17:20:36::SCWWriter::formatted JSON is {
	"platformName":	"design_1_wrapper",
	"sprVersion":	"2.0",
	"mode":	"gui",
	"dsaType":	"Fixed",
	"platformDesc":	"design_1_wrapper",
	"platHandOff":	"<platformDir>.xsa",
	"platIntHandOff":	"<platformDir>/hw/design_1_wrapper.xsa",
	"deviceType":	"zynqMP",
	"platIsPrebuiltAutogen":	"false",
	"platIsNoBootBsp":	"false",
	"platFsblTarget":	"psu_cortexa53_0",
	"hasFsblMakeHasChanges":	"false",
	"hasPmufwMakeHasChanges":	"false",
	"fsblExtraCompilerFlags":	"-MMD -MP      -Wall -fmessage-length=0 -DARMA53_64 -Os -flto -ffat-lto-objects  ",
	"pmufwExtraCompilerFlags":	"-MMD -MP      -mlittle-endian -mxl-barrel-shift -mxl-pattern-compare -mcpu=v9.2 -mxl-soft-mul -Os -flto -ffat-lto-objects  ",
	"platPreBuiltFlag":	false,
	"platformSamplesDir":	"",
	"platActiveSys":	"design_1_wrapper",
	"systems":	[{
			"systemName":	"design_1_wrapper",
			"systemDesc":	"design_1_wrapper",
			"sysIsBootAutoGen":	"true",
			"systemDispName":	"design_1_wrapper",
			"sysActiveDom":	"standalone_psu_cortexa53_0",
			"sysDefaultDom":	"standalone_psu_cortexa53_0",
			"domains":	[{
					"domainName":	"zynqmp_fsbl",
					"domainDispName":	"zynqmp_fsbl",
					"domainDesc":	"FSBL Application BSP - Auto Generated.",
					"processors":	"psu_cortexa53_0",
					"os":	"standalone",
					"sdxOs":	"standalone",
					"debugEnable":	"",
					"domRuntimes":	["cpp"],
					"swRepo":	"",
					"mssOsVer":	"8.1",
					"mssFile":	"",
					"md5Digest":	"50ffef4a883d3ea676765d60b786a6e4",
					"compatibleApp":	"zynqmp_fsbl",
					"domType":	"bootDomain",
					"arch":	"64-bit",
					"appSettings":	{
						"appCompilerFlags":	"",
						"appLinkerFlags":	""
					},
					"addedLibs":	["xilffs:5.0", "xilsecure:5.1", "xilpm:5.0"],
					"libOptions":	{
						"standalone":	{
							"zynqmp_fsbl_bsp":	"true",
							"libOptionNames":	["zynqmp_fsbl_bsp"]
						},
						"xilffs":	{
							"read_only":	"true",
							"use_mkfs":	"false",
							"libOptionNames":	["read_only", "use_mkfs"]
						},
						"xilsecure":	{
							"tpm_support":	"true",
							"libOptionNames":	["tpm_support"]
						},
						"libsContainingOptions":	["standalone", "xilffs", "xilsecure"]
					},
					"prebuiltLibs":	{
						"prebuiltIncPath":	[],
						"prebuiltLibPath":	[]
					},
					"isolation":	{
					}
				}, {
					"domainName":	"zynqmp_pmufw",
					"domainDispName":	"zynqmp_pmufw",
					"domainDesc":	"PMUFW Application BSP - Auto Generated.",
					"processors":	"psu_pmu_0",
					"os":	"standalone",
					"sdxOs":	"standalone",
					"debugEnable":	"",
					"domRuntimes":	["cpp"],
					"swRepo":	"",
					"mssOsVer":	"8.1",
					"mssFile":	"",
					"md5Digest":	"f53f944c509d63eeaedc429f0d902726",
					"compatibleApp":	"zynqmp_pmufw",
					"domType":	"bootDomain",
					"arch":	"32-bit",
					"appSettings":	{
						"appCompilerFlags":	"",
						"appLinkerFlags":	""
					},
					"addedLibs":	["xilfpga:6.4", "xilsecure:5.1", "xilskey:7.4"],
					"libOptions":	{
						"psu_pmu_0":	{
							"extra_compiler_flags":	"-g -ffunction-sections -fdata-sections -Wall -Wextra -fno-tree-loop-distribute-patterns  -Os -flto -ffat-lto-objects",
							"libOptionNames":	["extra_compiler_flags"]
						},
						"libsContainingOptions":	["psu_pmu_0"]
					},
					"prebuiltLibs":	{
						"prebuiltIncPath":	[],
						"prebuiltLibPath":	[]
					},
					"isolation":	{
					}
				}, {
					"domainName":	"standalone_psu_cortexa53_0",
					"domainDispName":	"standalone_psu_cortexa53_0",
					"domainDesc":	"standalone_psu_cortexa53_0",
					"processors":	"psu_cortexa53_0",
					"os":	"standalone",
					"sdxOs":	"standalone",
					"qemuArgs":	"<platformDir>/resources/design_1_wrapper/standalone_psu_cortexa53_0/qemu_args.txt",
					"qemuData":	"<platformDir>/resources/design_1_wrapper/standalone_psu_cortexa53_0/qemu",
					"pmuQemuArgs":	"<platformDir>/resources/design_1_wrapper/standalone_psu_cortexa53_0/pmu_args.txt",
					"debugEnable":	"False",
					"domRuntimes":	["cpp"],
					"swRepo":	"",
					"mssOsVer":	"8.1",
					"mssFile":	"",
					"md5Digest":	"7824a2544f94f615c7699fb2e7b9fe4e",
					"compatibleApp":	"hello_world",
					"domType":	"mssDomain",
					"arch":	"64-bit",
					"appSettings":	{
						"appCompilerFlags":	"",
						"appLinkerFlags":	""
					},
					"addedLibs":	[],
					"libOptions":	{
						"libsContainingOptions":	[]
					},
					"prebuiltLibs":	{
						"prebuiltIncPath":	[],
						"prebuiltLibPath":	[]
					},
					"isolation":	{
					}
				}]
		}]
}
LOG::2026-01-26.17:20:36::SCWPlatform::Started generating the artifacts platform design_1_wrapper
TRACE::2026-01-26.17:20:36::SCWPlatform::Sanity checking of platform is completed
LOG::2026-01-26.17:20:36::SCWPlatform::Started generating the artifacts for system configuration design_1_wrapper
LOG::2026-01-26.17:20:36::SCWSystem::Checking the domain zynqmp_fsbl
LOG::2026-01-26.17:20:36::SCWSystem::Doing application build for :  zynqmp_fsbl
TRACE::2026-01-26.17:20:36::SCWBDomain::Not a forced makefile updation, No changes are present. 
TRACE::2026-01-26.17:20:36::SCWDomain::Skipping the build for domain :  zynqmp_fsbl
LOG::2026-01-26.17:20:36::SCWSystem::Checking the domain zynqmp_pmufw
LOG::2026-01-26.17:20:36::SCWSystem::Doing application build for :  zynqmp_pmufw
TRACE::2026-01-26.17:20:36::SCWBDomain::Not a forced makefile updation, No changes are present. 
TRACE::2026-01-26.17:20:36::SCWDomain::Skipping the build for domain :  zynqmp_pmufw
LOG::2026-01-26.17:20:36::SCWSystem::Checking the domain standalone_psu_cortexa53_0
LOG::2026-01-26.17:20:36::SCWSystem::Not a boot domain 
LOG::2026-01-26.17:20:36::SCWSystem::Started Processing the domain standalone_psu_cortexa53_0
TRACE::2026-01-26.17:20:36::SCWDomain::Generating domain artifcats
TRACE::2026-01-26.17:20:36::SCWMssOS::Generating standalone artifcats
TRACE::2026-01-26.17:20:36::SCWMssOS::Copying the qemu file from  C:/TFG_Vivado/demo/course_s2_Vitis/01_ps_hello/vitis/design_1_wrapper/resources/design_1_wrapper/standalone_psu_cortexa53_0/qemu_args.txt To C:/TFG_Vivado/demo/course_s2_Vitis/01_ps_hello/vitis/design_1_wrapper/export/design_1_wrapper/sw/design_1_wrapper/qemu/
TRACE::2026-01-26.17:20:36::SCWMssOS::Copying the qemu file from  C:/TFG_Vivado/demo/course_s2_Vitis/01_ps_hello/vitis/design_1_wrapper/resources/design_1_wrapper/standalone_psu_cortexa53_0/qemu_args.txt To C:/TFG_Vivado/demo/course_s2_Vitis/01_ps_hello/vitis/design_1_wrapper/export/design_1_wrapper/sw/design_1_wrapper/qemu/
TRACE::2026-01-26.17:20:36::SCWMssOS::Copying the qemu file from  C:/TFG_Vivado/demo/course_s2_Vitis/01_ps_hello/vitis/design_1_wrapper/resources/design_1_wrapper/standalone_psu_cortexa53_0/qemu_args.txt To C:/TFG_Vivado/demo/course_s2_Vitis/01_ps_hello/vitis/design_1_wrapper/export/design_1_wrapper/sw/design_1_wrapper/standalone_psu_cortexa53_0/qemu/
TRACE::2026-01-26.17:20:36::SCWMssOS::Copying the qemu file from  C:/TFG_Vivado/demo/course_s2_Vitis/01_ps_hello/vitis/design_1_wrapper/resources/design_1_wrapper/standalone_psu_cortexa53_0/qemu_args.txt To C:/TFG_Vivado/demo/course_s2_Vitis/01_ps_hello/vitis/design_1_wrapper/export/design_1_wrapper/sw/design_1_wrapper/standalone_psu_cortexa53_0/qemu/
TRACE::2026-01-26.17:20:36::SCWMssOS:: Copying the user libraries. 
TRACE::2026-01-26.17:20:36::SCWPlatform::Trying to open the hw design at C:/TFG_Vivado/demo/course_s2_Vitis/01_ps_hello/vitis/design_1_wrapper/hw/design_1_wrapper.xsa
TRACE::2026-01-26.17:20:36::SCWPlatform::DSA given C:/TFG_Vivado/demo/course_s2_Vitis/01_ps_hello/vitis/design_1_wrapper/hw/design_1_wrapper.xsa
TRACE::2026-01-26.17:20:36::SCWPlatform::DSA absoulate path C:/TFG_Vivado/demo/course_s2_Vitis/01_ps_hello/vitis/design_1_wrapper/hw/design_1_wrapper.xsa
TRACE::2026-01-26.17:20:36::SCWPlatform::DSA directory C:/TFG_Vivado/demo/course_s2_Vitis/01_ps_hello/vitis/design_1_wrapper/hw
TRACE::2026-01-26.17:20:36::SCWPlatform:: Platform Path C:/TFG_Vivado/demo/course_s2_Vitis/01_ps_hello/vitis/design_1_wrapper/hw/design_1_wrapper.xsa
TRACE::2026-01-26.17:20:36::SCWPlatform:: Unique name xilinx:::0.0
TRACE::2026-01-26.17:20:36::SCWPlatform::Trying to set the existing hwdb with name design_1_wrapper_0
TRACE::2026-01-26.17:20:36::SCWPlatform::Opened existing hwdb design_1_wrapper_0
TRACE::2026-01-26.17:20:36::SCWPlatform::Found the Hw Db part of the input DSA
TRACE::2026-01-26.17:20:36::SCWMssOS::Checking the sw design at  C:/TFG_Vivado/demo/course_s2_Vitis/01_ps_hello/vitis/design_1_wrapper/psu_cortexa53_0/standalone_psu_cortexa53_0/bsp/system.mss
TRACE::2026-01-26.17:20:36::SCWMssOS::DEBUG:  swdes dump  C:/TFG_Vivado/demo/course_s2_Vitis/01_ps_hello/vitis/design_1_wrapper/psu_cortexa53_0/standalone_psu_cortexa53_0/bsp/system.mss|system_1||
C:/TFG_Vivado/demo/course_s2_Vitis/01_ps_hello/vitis/design_1_wrapper/zynqmp_fsbl/zynqmp_fsbl_bsp/system.mss|system||
C:/TFG_Vivado/demo/course_s2_Vitis/01_ps_hello/vitis/design_1_wrapper/zynqmp_pmufw/zynqmp_pmufw_bsp/system.mss|system_0||

TRACE::2026-01-26.17:20:36::SCWMssOS::Sw design exists and opened at  C:/TFG_Vivado/demo/course_s2_Vitis/01_ps_hello/vitis/design_1_wrapper/psu_cortexa53_0/standalone_psu_cortexa53_0/bsp/system.mss
TRACE::2026-01-26.17:20:36::SCWMssOS::Completed writing the mss file at C:/TFG_Vivado/demo/course_s2_Vitis/01_ps_hello/vitis/design_1_wrapper/psu_cortexa53_0/standalone_psu_cortexa53_0/bsp
TRACE::2026-01-26.17:20:36::SCWMssOS::Mss edits present, copying mssfile into export location C:/TFG_Vivado/demo/course_s2_Vitis/01_ps_hello/vitis/design_1_wrapper/psu_cortexa53_0/standalone_psu_cortexa53_0/bsp/system.mss
TRACE::2026-01-26.17:20:36::SCWMssOS::bsp generated is upto date with the mss file. Skipping bsp generation.
TRACE::2026-01-26.17:20:36::SCWMssOS::BSP is already built. skipping the bsp build ... 
TRACE::2026-01-26.17:20:36::SCWDomain::Skipping the build for domain :  standalone_psu_cortexa53_0
TRACE::2026-01-26.17:20:36::SCWMssOS::skipping the bsp build ... 
TRACE::2026-01-26.17:20:36::SCWMssOS::Copying to export directory.
TRACE::2026-01-26.17:20:36::SCWMssOS:: Checking if to create the Supporting Applications
TRACE::2026-01-26.17:20:36::SCWMssOS:: No Linux domain exists, trying to generate FSBL 
TRACE::2026-01-26.17:20:36::SCWMssOS:: Completed Standalone Artifacts creation 
LOG::2026-01-26.17:20:36::SCWSystem::Completed Processing the domain standalone_psu_cortexa53_0
LOG::2026-01-26.17:20:36::SCWSystem::Completed Processing the sysconfig design_1_wrapper
LOG::2026-01-26.17:20:36::SCWPlatform::Completed generating the artifacts for system configuration design_1_wrapper
TRACE::2026-01-26.17:20:36::SCWPlatform::Started preparing the platform 
TRACE::2026-01-26.17:20:36::SCWSystem::Writing the bif file for system config design_1_wrapper
TRACE::2026-01-26.17:20:36::SCWSystem::dir created 
TRACE::2026-01-26.17:20:36::SCWSystem::Writing the bif 
TRACE::2026-01-26.17:20:36::SCWPlatform::Started writing the spfm file 
TRACE::2026-01-26.17:20:36::SCWPlatform::Started writing the xpfm file 
TRACE::2026-01-26.17:20:36::SCWPlatform::Completed generating the platform
TRACE::2026-01-26.17:20:36::SCWMssOS::Saving the mss changes C:/TFG_Vivado/demo/course_s2_Vitis/01_ps_hello/vitis/design_1_wrapper/zynqmp_fsbl/zynqmp_fsbl_bsp/system.mss
TRACE::2026-01-26.17:20:36::SCWMssOS::Found a swdesign opened with the mssfile.
TRACE::2026-01-26.17:20:36::SCWMssOS::Completed writemss as part of save.
TRACE::2026-01-26.17:20:36::SCWMssOS::Commit changes completed.
TRACE::2026-01-26.17:20:36::SCWMssOS::Saving the mss changes C:/TFG_Vivado/demo/course_s2_Vitis/01_ps_hello/vitis/design_1_wrapper/zynqmp_pmufw/zynqmp_pmufw_bsp/system.mss
TRACE::2026-01-26.17:20:36::SCWMssOS::Found a swdesign opened with the mssfile.
TRACE::2026-01-26.17:20:36::SCWMssOS::Completed writemss as part of save.
TRACE::2026-01-26.17:20:36::SCWMssOS::Commit changes completed.
TRACE::2026-01-26.17:20:36::SCWMssOS::Saving the mss changes C:/TFG_Vivado/demo/course_s2_Vitis/01_ps_hello/vitis/design_1_wrapper/psu_cortexa53_0/standalone_psu_cortexa53_0/bsp/system.mss
TRACE::2026-01-26.17:20:36::SCWMssOS::Found a swdesign opened with the mssfile.
TRACE::2026-01-26.17:20:36::SCWMssOS::Completed writemss as part of save.
TRACE::2026-01-26.17:20:36::SCWMssOS::Commit changes completed.
TRACE::2026-01-26.17:20:36::SCWPlatform::Trying to open the hw design at C:/TFG_Vivado/demo/course_s2_Vitis/01_ps_hello/vitis/design_1_wrapper/hw/design_1_wrapper.xsa
TRACE::2026-01-26.17:20:36::SCWPlatform::DSA given C:/TFG_Vivado/demo/course_s2_Vitis/01_ps_hello/vitis/design_1_wrapper/hw/design_1_wrapper.xsa
TRACE::2026-01-26.17:20:36::SCWPlatform::DSA absoulate path C:/TFG_Vivado/demo/course_s2_Vitis/01_ps_hello/vitis/design_1_wrapper/hw/design_1_wrapper.xsa
TRACE::2026-01-26.17:20:36::SCWPlatform::DSA directory C:/TFG_Vivado/demo/course_s2_Vitis/01_ps_hello/vitis/design_1_wrapper/hw
TRACE::2026-01-26.17:20:36::SCWPlatform:: Platform Path C:/TFG_Vivado/demo/course_s2_Vitis/01_ps_hello/vitis/design_1_wrapper/hw/design_1_wrapper.xsa
TRACE::2026-01-26.17:20:36::SCWPlatform:: Unique name xilinx:::0.0
TRACE::2026-01-26.17:20:36::SCWPlatform::Trying to set the existing hwdb with name design_1_wrapper_0
TRACE::2026-01-26.17:20:36::SCWPlatform::Opened existing hwdb design_1_wrapper_0
TRACE::2026-01-26.17:20:36::SCWPlatform::Found the Hw Db part of the input DSA
TRACE::2026-01-26.17:20:36::SCWMssOS::Checking the sw design at  C:/TFG_Vivado/demo/course_s2_Vitis/01_ps_hello/vitis/design_1_wrapper/zynqmp_fsbl/zynqmp_fsbl_bsp/system.mss
TRACE::2026-01-26.17:20:36::SCWMssOS::DEBUG:  swdes dump  C:/TFG_Vivado/demo/course_s2_Vitis/01_ps_hello/vitis/design_1_wrapper/psu_cortexa53_0/standalone_psu_cortexa53_0/bsp/system.mss|system_1||
C:/TFG_Vivado/demo/course_s2_Vitis/01_ps_hello/vitis/design_1_wrapper/zynqmp_fsbl/zynqmp_fsbl_bsp/system.mss|system||
C:/TFG_Vivado/demo/course_s2_Vitis/01_ps_hello/vitis/design_1_wrapper/zynqmp_pmufw/zynqmp_pmufw_bsp/system.mss|system_0||

TRACE::2026-01-26.17:20:36::SCWMssOS::Sw design exists and opened at  C:/TFG_Vivado/demo/course_s2_Vitis/01_ps_hello/vitis/design_1_wrapper/zynqmp_fsbl/zynqmp_fsbl_bsp/system.mss
TRACE::2026-01-26.17:20:36::SCWPlatform::Trying to open the hw design at C:/TFG_Vivado/demo/course_s2_Vitis/01_ps_hello/vitis/design_1_wrapper/hw/design_1_wrapper.xsa
TRACE::2026-01-26.17:20:36::SCWPlatform::DSA given C:/TFG_Vivado/demo/course_s2_Vitis/01_ps_hello/vitis/design_1_wrapper/hw/design_1_wrapper.xsa
TRACE::2026-01-26.17:20:36::SCWPlatform::DSA absoulate path C:/TFG_Vivado/demo/course_s2_Vitis/01_ps_hello/vitis/design_1_wrapper/hw/design_1_wrapper.xsa
TRACE::2026-01-26.17:20:36::SCWPlatform::DSA directory C:/TFG_Vivado/demo/course_s2_Vitis/01_ps_hello/vitis/design_1_wrapper/hw
TRACE::2026-01-26.17:20:36::SCWPlatform:: Platform Path C:/TFG_Vivado/demo/course_s2_Vitis/01_ps_hello/vitis/design_1_wrapper/hw/design_1_wrapper.xsa
TRACE::2026-01-26.17:20:36::SCWPlatform:: Unique name xilinx:::0.0
TRACE::2026-01-26.17:20:36::SCWPlatform::Trying to set the existing hwdb with name design_1_wrapper_0
TRACE::2026-01-26.17:20:36::SCWPlatform::Opened existing hwdb design_1_wrapper_0
TRACE::2026-01-26.17:20:36::SCWPlatform::Found the Hw Db part of the input DSA
TRACE::2026-01-26.17:20:36::SCWMssOS::Checking the sw design at  C:/TFG_Vivado/demo/course_s2_Vitis/01_ps_hello/vitis/design_1_wrapper/zynqmp_fsbl/zynqmp_fsbl_bsp/system.mss
TRACE::2026-01-26.17:20:36::SCWMssOS::DEBUG:  swdes dump  C:/TFG_Vivado/demo/course_s2_Vitis/01_ps_hello/vitis/design_1_wrapper/psu_cortexa53_0/standalone_psu_cortexa53_0/bsp/system.mss|system_1||
C:/TFG_Vivado/demo/course_s2_Vitis/01_ps_hello/vitis/design_1_wrapper/zynqmp_fsbl/zynqmp_fsbl_bsp/system.mss|system||
C:/TFG_Vivado/demo/course_s2_Vitis/01_ps_hello/vitis/design_1_wrapper/zynqmp_pmufw/zynqmp_pmufw_bsp/system.mss|system_0||

TRACE::2026-01-26.17:20:36::SCWMssOS::Sw design exists and opened at  C:/TFG_Vivado/demo/course_s2_Vitis/01_ps_hello/vitis/design_1_wrapper/zynqmp_fsbl/zynqmp_fsbl_bsp/system.mss
TRACE::2026-01-26.17:20:36::SCWPlatform::Trying to open the hw design at C:/TFG_Vivado/demo/course_s2_Vitis/01_ps_hello/vitis/design_1_wrapper/hw/design_1_wrapper.xsa
TRACE::2026-01-26.17:20:36::SCWPlatform::DSA given C:/TFG_Vivado/demo/course_s2_Vitis/01_ps_hello/vitis/design_1_wrapper/hw/design_1_wrapper.xsa
TRACE::2026-01-26.17:20:36::SCWPlatform::DSA absoulate path C:/TFG_Vivado/demo/course_s2_Vitis/01_ps_hello/vitis/design_1_wrapper/hw/design_1_wrapper.xsa
TRACE::2026-01-26.17:20:36::SCWPlatform::DSA directory C:/TFG_Vivado/demo/course_s2_Vitis/01_ps_hello/vitis/design_1_wrapper/hw
TRACE::2026-01-26.17:20:36::SCWPlatform:: Platform Path C:/TFG_Vivado/demo/course_s2_Vitis/01_ps_hello/vitis/design_1_wrapper/hw/design_1_wrapper.xsa
TRACE::2026-01-26.17:20:36::SCWPlatform:: Unique name xilinx:::0.0
TRACE::2026-01-26.17:20:36::SCWPlatform::Trying to set the existing hwdb with name design_1_wrapper_0
TRACE::2026-01-26.17:20:36::SCWPlatform::Opened existing hwdb design_1_wrapper_0
TRACE::2026-01-26.17:20:36::SCWPlatform::Found the Hw Db part of the input DSA
TRACE::2026-01-26.17:20:36::SCWMssOS::Checking the sw design at  C:/TFG_Vivado/demo/course_s2_Vitis/01_ps_hello/vitis/design_1_wrapper/zynqmp_fsbl/zynqmp_fsbl_bsp/system.mss
TRACE::2026-01-26.17:20:36::SCWMssOS::DEBUG:  swdes dump  C:/TFG_Vivado/demo/course_s2_Vitis/01_ps_hello/vitis/design_1_wrapper/psu_cortexa53_0/standalone_psu_cortexa53_0/bsp/system.mss|system_1||
C:/TFG_Vivado/demo/course_s2_Vitis/01_ps_hello/vitis/design_1_wrapper/zynqmp_fsbl/zynqmp_fsbl_bsp/system.mss|system||
C:/TFG_Vivado/demo/course_s2_Vitis/01_ps_hello/vitis/design_1_wrapper/zynqmp_pmufw/zynqmp_pmufw_bsp/system.mss|system_0||

TRACE::2026-01-26.17:20:36::SCWMssOS::Sw design exists and opened at  C:/TFG_Vivado/demo/course_s2_Vitis/01_ps_hello/vitis/design_1_wrapper/zynqmp_fsbl/zynqmp_fsbl_bsp/system.mss
TRACE::2026-01-26.17:20:36::SCWPlatform::Trying to open the hw design at C:/TFG_Vivado/demo/course_s2_Vitis/01_ps_hello/vitis/design_1_wrapper/hw/design_1_wrapper.xsa
TRACE::2026-01-26.17:20:36::SCWPlatform::DSA given C:/TFG_Vivado/demo/course_s2_Vitis/01_ps_hello/vitis/design_1_wrapper/hw/design_1_wrapper.xsa
TRACE::2026-01-26.17:20:36::SCWPlatform::DSA absoulate path C:/TFG_Vivado/demo/course_s2_Vitis/01_ps_hello/vitis/design_1_wrapper/hw/design_1_wrapper.xsa
TRACE::2026-01-26.17:20:36::SCWPlatform::DSA directory C:/TFG_Vivado/demo/course_s2_Vitis/01_ps_hello/vitis/design_1_wrapper/hw
TRACE::2026-01-26.17:20:36::SCWPlatform:: Platform Path C:/TFG_Vivado/demo/course_s2_Vitis/01_ps_hello/vitis/design_1_wrapper/hw/design_1_wrapper.xsa
TRACE::2026-01-26.17:20:36::SCWPlatform:: Unique name xilinx:::0.0
TRACE::2026-01-26.17:20:36::SCWPlatform::Trying to set the existing hwdb with name design_1_wrapper_0
TRACE::2026-01-26.17:20:36::SCWPlatform::Opened existing hwdb design_1_wrapper_0
TRACE::2026-01-26.17:20:36::SCWPlatform::Found the Hw Db part of the input DSA
TRACE::2026-01-26.17:20:36::SCWMssOS::Checking the sw design at  C:/TFG_Vivado/demo/course_s2_Vitis/01_ps_hello/vitis/design_1_wrapper/zynqmp_pmufw/zynqmp_pmufw_bsp/system.mss
TRACE::2026-01-26.17:20:36::SCWMssOS::DEBUG:  swdes dump  C:/TFG_Vivado/demo/course_s2_Vitis/01_ps_hello/vitis/design_1_wrapper/psu_cortexa53_0/standalone_psu_cortexa53_0/bsp/system.mss|system_1||
C:/TFG_Vivado/demo/course_s2_Vitis/01_ps_hello/vitis/design_1_wrapper/zynqmp_fsbl/zynqmp_fsbl_bsp/system.mss|system||
C:/TFG_Vivado/demo/course_s2_Vitis/01_ps_hello/vitis/design_1_wrapper/zynqmp_pmufw/zynqmp_pmufw_bsp/system.mss|system_0||

TRACE::2026-01-26.17:20:36::SCWMssOS::Sw design exists and opened at  C:/TFG_Vivado/demo/course_s2_Vitis/01_ps_hello/vitis/design_1_wrapper/zynqmp_pmufw/zynqmp_pmufw_bsp/system.mss
TRACE::2026-01-26.17:20:36::SCWPlatform::Trying to open the hw design at C:/TFG_Vivado/demo/course_s2_Vitis/01_ps_hello/vitis/design_1_wrapper/hw/design_1_wrapper.xsa
TRACE::2026-01-26.17:20:36::SCWPlatform::DSA given C:/TFG_Vivado/demo/course_s2_Vitis/01_ps_hello/vitis/design_1_wrapper/hw/design_1_wrapper.xsa
TRACE::2026-01-26.17:20:36::SCWPlatform::DSA absoulate path C:/TFG_Vivado/demo/course_s2_Vitis/01_ps_hello/vitis/design_1_wrapper/hw/design_1_wrapper.xsa
TRACE::2026-01-26.17:20:36::SCWPlatform::DSA directory C:/TFG_Vivado/demo/course_s2_Vitis/01_ps_hello/vitis/design_1_wrapper/hw
TRACE::2026-01-26.17:20:36::SCWPlatform:: Platform Path C:/TFG_Vivado/demo/course_s2_Vitis/01_ps_hello/vitis/design_1_wrapper/hw/design_1_wrapper.xsa
TRACE::2026-01-26.17:20:36::SCWPlatform:: Unique name xilinx:::0.0
TRACE::2026-01-26.17:20:36::SCWPlatform::Trying to set the existing hwdb with name design_1_wrapper_0
TRACE::2026-01-26.17:20:36::SCWPlatform::Opened existing hwdb design_1_wrapper_0
TRACE::2026-01-26.17:20:36::SCWPlatform::Found the Hw Db part of the input DSA
TRACE::2026-01-26.17:20:36::SCWMssOS::Checking the sw design at  C:/TFG_Vivado/demo/course_s2_Vitis/01_ps_hello/vitis/design_1_wrapper/zynqmp_pmufw/zynqmp_pmufw_bsp/system.mss
TRACE::2026-01-26.17:20:36::SCWMssOS::DEBUG:  swdes dump  C:/TFG_Vivado/demo/course_s2_Vitis/01_ps_hello/vitis/design_1_wrapper/psu_cortexa53_0/standalone_psu_cortexa53_0/bsp/system.mss|system_1||
C:/TFG_Vivado/demo/course_s2_Vitis/01_ps_hello/vitis/design_1_wrapper/zynqmp_fsbl/zynqmp_fsbl_bsp/system.mss|system||
C:/TFG_Vivado/demo/course_s2_Vitis/01_ps_hello/vitis/design_1_wrapper/zynqmp_pmufw/zynqmp_pmufw_bsp/system.mss|system_0||

TRACE::2026-01-26.17:20:36::SCWMssOS::Sw design exists and opened at  C:/TFG_Vivado/demo/course_s2_Vitis/01_ps_hello/vitis/design_1_wrapper/zynqmp_pmufw/zynqmp_pmufw_bsp/system.mss
TRACE::2026-01-26.17:20:36::SCWPlatform::Trying to open the hw design at C:/TFG_Vivado/demo/course_s2_Vitis/01_ps_hello/vitis/design_1_wrapper/hw/design_1_wrapper.xsa
TRACE::2026-01-26.17:20:36::SCWPlatform::DSA given C:/TFG_Vivado/demo/course_s2_Vitis/01_ps_hello/vitis/design_1_wrapper/hw/design_1_wrapper.xsa
TRACE::2026-01-26.17:20:36::SCWPlatform::DSA absoulate path C:/TFG_Vivado/demo/course_s2_Vitis/01_ps_hello/vitis/design_1_wrapper/hw/design_1_wrapper.xsa
TRACE::2026-01-26.17:20:36::SCWPlatform::DSA directory C:/TFG_Vivado/demo/course_s2_Vitis/01_ps_hello/vitis/design_1_wrapper/hw
TRACE::2026-01-26.17:20:36::SCWPlatform:: Platform Path C:/TFG_Vivado/demo/course_s2_Vitis/01_ps_hello/vitis/design_1_wrapper/hw/design_1_wrapper.xsa
TRACE::2026-01-26.17:20:36::SCWPlatform:: Unique name xilinx:::0.0
TRACE::2026-01-26.17:20:36::SCWPlatform::Trying to set the existing hwdb with name design_1_wrapper_0
TRACE::2026-01-26.17:20:36::SCWPlatform::Opened existing hwdb design_1_wrapper_0
TRACE::2026-01-26.17:20:36::SCWPlatform::Found the Hw Db part of the input DSA
TRACE::2026-01-26.17:20:36::SCWMssOS::Checking the sw design at  C:/TFG_Vivado/demo/course_s2_Vitis/01_ps_hello/vitis/design_1_wrapper/zynqmp_pmufw/zynqmp_pmufw_bsp/system.mss
TRACE::2026-01-26.17:20:36::SCWMssOS::DEBUG:  swdes dump  C:/TFG_Vivado/demo/course_s2_Vitis/01_ps_hello/vitis/design_1_wrapper/psu_cortexa53_0/standalone_psu_cortexa53_0/bsp/system.mss|system_1||
C:/TFG_Vivado/demo/course_s2_Vitis/01_ps_hello/vitis/design_1_wrapper/zynqmp_fsbl/zynqmp_fsbl_bsp/system.mss|system||
C:/TFG_Vivado/demo/course_s2_Vitis/01_ps_hello/vitis/design_1_wrapper/zynqmp_pmufw/zynqmp_pmufw_bsp/system.mss|system_0||

TRACE::2026-01-26.17:20:36::SCWMssOS::Sw design exists and opened at  C:/TFG_Vivado/demo/course_s2_Vitis/01_ps_hello/vitis/design_1_wrapper/zynqmp_pmufw/zynqmp_pmufw_bsp/system.mss
TRACE::2026-01-26.17:20:36::SCWPlatform::Trying to open the hw design at C:/TFG_Vivado/demo/course_s2_Vitis/01_ps_hello/vitis/design_1_wrapper/hw/design_1_wrapper.xsa
TRACE::2026-01-26.17:20:36::SCWPlatform::DSA given C:/TFG_Vivado/demo/course_s2_Vitis/01_ps_hello/vitis/design_1_wrapper/hw/design_1_wrapper.xsa
TRACE::2026-01-26.17:20:36::SCWPlatform::DSA absoulate path C:/TFG_Vivado/demo/course_s2_Vitis/01_ps_hello/vitis/design_1_wrapper/hw/design_1_wrapper.xsa
TRACE::2026-01-26.17:20:36::SCWPlatform::DSA directory C:/TFG_Vivado/demo/course_s2_Vitis/01_ps_hello/vitis/design_1_wrapper/hw
TRACE::2026-01-26.17:20:36::SCWPlatform:: Platform Path C:/TFG_Vivado/demo/course_s2_Vitis/01_ps_hello/vitis/design_1_wrapper/hw/design_1_wrapper.xsa
TRACE::2026-01-26.17:20:36::SCWPlatform:: Unique name xilinx:::0.0
TRACE::2026-01-26.17:20:36::SCWPlatform::Trying to set the existing hwdb with name design_1_wrapper_0
TRACE::2026-01-26.17:20:36::SCWPlatform::Opened existing hwdb design_1_wrapper_0
TRACE::2026-01-26.17:20:36::SCWPlatform::Found the Hw Db part of the input DSA
TRACE::2026-01-26.17:20:36::SCWMssOS::Checking the sw design at  C:/TFG_Vivado/demo/course_s2_Vitis/01_ps_hello/vitis/design_1_wrapper/psu_cortexa53_0/standalone_psu_cortexa53_0/bsp/system.mss
TRACE::2026-01-26.17:20:36::SCWMssOS::DEBUG:  swdes dump  C:/TFG_Vivado/demo/course_s2_Vitis/01_ps_hello/vitis/design_1_wrapper/psu_cortexa53_0/standalone_psu_cortexa53_0/bsp/system.mss|system_1||
C:/TFG_Vivado/demo/course_s2_Vitis/01_ps_hello/vitis/design_1_wrapper/zynqmp_fsbl/zynqmp_fsbl_bsp/system.mss|system||
C:/TFG_Vivado/demo/course_s2_Vitis/01_ps_hello/vitis/design_1_wrapper/zynqmp_pmufw/zynqmp_pmufw_bsp/system.mss|system_0||

TRACE::2026-01-26.17:20:36::SCWMssOS::Sw design exists and opened at  C:/TFG_Vivado/demo/course_s2_Vitis/01_ps_hello/vitis/design_1_wrapper/psu_cortexa53_0/standalone_psu_cortexa53_0/bsp/system.mss
TRACE::2026-01-26.17:20:36::SCWPlatform::Trying to open the hw design at C:/TFG_Vivado/demo/course_s2_Vitis/01_ps_hello/vitis/design_1_wrapper/hw/design_1_wrapper.xsa
TRACE::2026-01-26.17:20:36::SCWPlatform::DSA given C:/TFG_Vivado/demo/course_s2_Vitis/01_ps_hello/vitis/design_1_wrapper/hw/design_1_wrapper.xsa
TRACE::2026-01-26.17:20:36::SCWPlatform::DSA absoulate path C:/TFG_Vivado/demo/course_s2_Vitis/01_ps_hello/vitis/design_1_wrapper/hw/design_1_wrapper.xsa
TRACE::2026-01-26.17:20:36::SCWPlatform::DSA directory C:/TFG_Vivado/demo/course_s2_Vitis/01_ps_hello/vitis/design_1_wrapper/hw
TRACE::2026-01-26.17:20:36::SCWPlatform:: Platform Path C:/TFG_Vivado/demo/course_s2_Vitis/01_ps_hello/vitis/design_1_wrapper/hw/design_1_wrapper.xsa
TRACE::2026-01-26.17:20:36::SCWPlatform:: Unique name xilinx:::0.0
TRACE::2026-01-26.17:20:36::SCWPlatform::Trying to set the existing hwdb with name design_1_wrapper_0
TRACE::2026-01-26.17:20:36::SCWPlatform::Opened existing hwdb design_1_wrapper_0
TRACE::2026-01-26.17:20:36::SCWPlatform::Found the Hw Db part of the input DSA
TRACE::2026-01-26.17:20:36::SCWMssOS::Checking the sw design at  C:/TFG_Vivado/demo/course_s2_Vitis/01_ps_hello/vitis/design_1_wrapper/psu_cortexa53_0/standalone_psu_cortexa53_0/bsp/system.mss
TRACE::2026-01-26.17:20:36::SCWMssOS::DEBUG:  swdes dump  C:/TFG_Vivado/demo/course_s2_Vitis/01_ps_hello/vitis/design_1_wrapper/psu_cortexa53_0/standalone_psu_cortexa53_0/bsp/system.mss|system_1||
C:/TFG_Vivado/demo/course_s2_Vitis/01_ps_hello/vitis/design_1_wrapper/zynqmp_fsbl/zynqmp_fsbl_bsp/system.mss|system||
C:/TFG_Vivado/demo/course_s2_Vitis/01_ps_hello/vitis/design_1_wrapper/zynqmp_pmufw/zynqmp_pmufw_bsp/system.mss|system_0||

TRACE::2026-01-26.17:20:36::SCWMssOS::Sw design exists and opened at  C:/TFG_Vivado/demo/course_s2_Vitis/01_ps_hello/vitis/design_1_wrapper/psu_cortexa53_0/standalone_psu_cortexa53_0/bsp/system.mss
TRACE::2026-01-26.17:20:36::SCWPlatform::Trying to open the hw design at C:/TFG_Vivado/demo/course_s2_Vitis/01_ps_hello/vitis/design_1_wrapper/hw/design_1_wrapper.xsa
TRACE::2026-01-26.17:20:36::SCWPlatform::DSA given C:/TFG_Vivado/demo/course_s2_Vitis/01_ps_hello/vitis/design_1_wrapper/hw/design_1_wrapper.xsa
TRACE::2026-01-26.17:20:36::SCWPlatform::DSA absoulate path C:/TFG_Vivado/demo/course_s2_Vitis/01_ps_hello/vitis/design_1_wrapper/hw/design_1_wrapper.xsa
TRACE::2026-01-26.17:20:36::SCWPlatform::DSA directory C:/TFG_Vivado/demo/course_s2_Vitis/01_ps_hello/vitis/design_1_wrapper/hw
TRACE::2026-01-26.17:20:36::SCWPlatform:: Platform Path C:/TFG_Vivado/demo/course_s2_Vitis/01_ps_hello/vitis/design_1_wrapper/hw/design_1_wrapper.xsa
TRACE::2026-01-26.17:20:36::SCWPlatform:: Unique name xilinx:::0.0
TRACE::2026-01-26.17:20:36::SCWPlatform::Trying to set the existing hwdb with name design_1_wrapper_0
TRACE::2026-01-26.17:20:36::SCWPlatform::Opened existing hwdb design_1_wrapper_0
TRACE::2026-01-26.17:20:36::SCWPlatform::Found the Hw Db part of the input DSA
TRACE::2026-01-26.17:20:36::SCWMssOS::Checking the sw design at  C:/TFG_Vivado/demo/course_s2_Vitis/01_ps_hello/vitis/design_1_wrapper/psu_cortexa53_0/standalone_psu_cortexa53_0/bsp/system.mss
TRACE::2026-01-26.17:20:36::SCWMssOS::DEBUG:  swdes dump  C:/TFG_Vivado/demo/course_s2_Vitis/01_ps_hello/vitis/design_1_wrapper/psu_cortexa53_0/standalone_psu_cortexa53_0/bsp/system.mss|system_1||
C:/TFG_Vivado/demo/course_s2_Vitis/01_ps_hello/vitis/design_1_wrapper/zynqmp_fsbl/zynqmp_fsbl_bsp/system.mss|system||
C:/TFG_Vivado/demo/course_s2_Vitis/01_ps_hello/vitis/design_1_wrapper/zynqmp_pmufw/zynqmp_pmufw_bsp/system.mss|system_0||

TRACE::2026-01-26.17:20:36::SCWMssOS::Sw design exists and opened at  C:/TFG_Vivado/demo/course_s2_Vitis/01_ps_hello/vitis/design_1_wrapper/psu_cortexa53_0/standalone_psu_cortexa53_0/bsp/system.mss
TRACE::2026-01-26.17:20:36::SCWWriter::formatted JSON is {
	"platformName":	"design_1_wrapper",
	"sprVersion":	"2.0",
	"mode":	"gui",
	"dsaType":	"Fixed",
	"platformDesc":	"design_1_wrapper",
	"platHandOff":	"<platformDir>.xsa",
	"platIntHandOff":	"<platformDir>/hw/design_1_wrapper.xsa",
	"deviceType":	"zynqMP",
	"platIsPrebuiltAutogen":	"false",
	"platIsNoBootBsp":	"false",
	"platFsblTarget":	"psu_cortexa53_0",
	"hasFsblMakeHasChanges":	"false",
	"hasPmufwMakeHasChanges":	"false",
	"fsblExtraCompilerFlags":	"-MMD -MP      -Wall -fmessage-length=0 -DARMA53_64 -Os -flto -ffat-lto-objects  ",
	"pmufwExtraCompilerFlags":	"-MMD -MP      -mlittle-endian -mxl-barrel-shift -mxl-pattern-compare -mcpu=v9.2 -mxl-soft-mul -Os -flto -ffat-lto-objects  ",
	"platPreBuiltFlag":	false,
	"platformSamplesDir":	"",
	"platActiveSys":	"design_1_wrapper",
	"systems":	[{
			"systemName":	"design_1_wrapper",
			"systemDesc":	"design_1_wrapper",
			"sysIsBootAutoGen":	"true",
			"systemDispName":	"design_1_wrapper",
			"sysActiveDom":	"standalone_psu_cortexa53_0",
			"sysDefaultDom":	"standalone_psu_cortexa53_0",
			"domains":	[{
					"domainName":	"zynqmp_fsbl",
					"domainDispName":	"zynqmp_fsbl",
					"domainDesc":	"FSBL Application BSP - Auto Generated.",
					"processors":	"psu_cortexa53_0",
					"os":	"standalone",
					"sdxOs":	"standalone",
					"debugEnable":	"",
					"domRuntimes":	["cpp"],
					"swRepo":	"",
					"mssOsVer":	"8.1",
					"mssFile":	"",
					"md5Digest":	"50ffef4a883d3ea676765d60b786a6e4",
					"compatibleApp":	"zynqmp_fsbl",
					"domType":	"bootDomain",
					"arch":	"64-bit",
					"appSettings":	{
						"appCompilerFlags":	"",
						"appLinkerFlags":	""
					},
					"addedLibs":	["xilffs:5.0", "xilsecure:5.1", "xilpm:5.0"],
					"libOptions":	{
						"standalone":	{
							"zynqmp_fsbl_bsp":	"true",
							"libOptionNames":	["zynqmp_fsbl_bsp"]
						},
						"xilffs":	{
							"read_only":	"true",
							"use_mkfs":	"false",
							"libOptionNames":	["read_only", "use_mkfs"]
						},
						"xilsecure":	{
							"tpm_support":	"true",
							"libOptionNames":	["tpm_support"]
						},
						"libsContainingOptions":	["standalone", "xilffs", "xilsecure"]
					},
					"prebuiltLibs":	{
						"prebuiltIncPath":	[],
						"prebuiltLibPath":	[]
					},
					"isolation":	{
					}
				}, {
					"domainName":	"zynqmp_pmufw",
					"domainDispName":	"zynqmp_pmufw",
					"domainDesc":	"PMUFW Application BSP - Auto Generated.",
					"processors":	"psu_pmu_0",
					"os":	"standalone",
					"sdxOs":	"standalone",
					"debugEnable":	"",
					"domRuntimes":	["cpp"],
					"swRepo":	"",
					"mssOsVer":	"8.1",
					"mssFile":	"",
					"md5Digest":	"f53f944c509d63eeaedc429f0d902726",
					"compatibleApp":	"zynqmp_pmufw",
					"domType":	"bootDomain",
					"arch":	"32-bit",
					"appSettings":	{
						"appCompilerFlags":	"",
						"appLinkerFlags":	""
					},
					"addedLibs":	["xilfpga:6.4", "xilsecure:5.1", "xilskey:7.4"],
					"libOptions":	{
						"psu_pmu_0":	{
							"extra_compiler_flags":	"-g -ffunction-sections -fdata-sections -Wall -Wextra -fno-tree-loop-distribute-patterns  -Os -flto -ffat-lto-objects",
							"libOptionNames":	["extra_compiler_flags"]
						},
						"libsContainingOptions":	["psu_pmu_0"]
					},
					"prebuiltLibs":	{
						"prebuiltIncPath":	[],
						"prebuiltLibPath":	[]
					},
					"isolation":	{
					}
				}, {
					"domainName":	"standalone_psu_cortexa53_0",
					"domainDispName":	"standalone_psu_cortexa53_0",
					"domainDesc":	"standalone_psu_cortexa53_0",
					"processors":	"psu_cortexa53_0",
					"os":	"standalone",
					"sdxOs":	"standalone",
					"qemuArgs":	"<platformDir>/resources/design_1_wrapper/standalone_psu_cortexa53_0/qemu_args.txt",
					"qemuData":	"<platformDir>/resources/design_1_wrapper/standalone_psu_cortexa53_0/qemu",
					"pmuQemuArgs":	"<platformDir>/resources/design_1_wrapper/standalone_psu_cortexa53_0/pmu_args.txt",
					"debugEnable":	"False",
					"domRuntimes":	["cpp"],
					"swRepo":	"",
					"mssOsVer":	"8.1",
					"mssFile":	"",
					"md5Digest":	"7824a2544f94f615c7699fb2e7b9fe4e",
					"compatibleApp":	"hello_world",
					"domType":	"mssDomain",
					"arch":	"64-bit",
					"appSettings":	{
						"appCompilerFlags":	"",
						"appLinkerFlags":	""
					},
					"addedLibs":	[],
					"libOptions":	{
						"libsContainingOptions":	[]
					},
					"prebuiltLibs":	{
						"prebuiltIncPath":	[],
						"prebuiltLibPath":	[]
					},
					"isolation":	{
					}
				}]
		}]
}
KEYINFO::2026-01-26.17:20:36::SCWPlatform::updated the xpfm file.
TRACE::2026-01-26.17:20:36::SCWPlatform::Trying to open the hw design at C:/TFG_Vivado/demo/course_s2_Vitis/01_ps_hello/vitis/design_1_wrapper/hw/design_1_wrapper.xsa
TRACE::2026-01-26.17:20:36::SCWPlatform::DSA given C:/TFG_Vivado/demo/course_s2_Vitis/01_ps_hello/vitis/design_1_wrapper/hw/design_1_wrapper.xsa
TRACE::2026-01-26.17:20:36::SCWPlatform::DSA absoulate path C:/TFG_Vivado/demo/course_s2_Vitis/01_ps_hello/vitis/design_1_wrapper/hw/design_1_wrapper.xsa
TRACE::2026-01-26.17:20:36::SCWPlatform::DSA directory C:/TFG_Vivado/demo/course_s2_Vitis/01_ps_hello/vitis/design_1_wrapper/hw
TRACE::2026-01-26.17:20:36::SCWPlatform:: Platform Path C:/TFG_Vivado/demo/course_s2_Vitis/01_ps_hello/vitis/design_1_wrapper/hw/design_1_wrapper.xsa
TRACE::2026-01-26.17:20:36::SCWPlatform:: Unique name xilinx:::0.0
TRACE::2026-01-26.17:20:36::SCWPlatform::Trying to set the existing hwdb with name design_1_wrapper_0
TRACE::2026-01-26.17:20:36::SCWPlatform::Opened existing hwdb design_1_wrapper_0
TRACE::2026-01-26.17:20:36::SCWPlatform::Found the Hw Db part of the input DSA
TRACE::2026-01-26.17:20:36::SCWMssOS::Checking the sw design at  C:/TFG_Vivado/demo/course_s2_Vitis/01_ps_hello/vitis/design_1_wrapper/psu_cortexa53_0/standalone_psu_cortexa53_0/bsp/system.mss
TRACE::2026-01-26.17:20:36::SCWMssOS::DEBUG:  swdes dump  C:/TFG_Vivado/demo/course_s2_Vitis/01_ps_hello/vitis/design_1_wrapper/psu_cortexa53_0/standalone_psu_cortexa53_0/bsp/system.mss|system_1||
C:/TFG_Vivado/demo/course_s2_Vitis/01_ps_hello/vitis/design_1_wrapper/zynqmp_fsbl/zynqmp_fsbl_bsp/system.mss|system||
C:/TFG_Vivado/demo/course_s2_Vitis/01_ps_hello/vitis/design_1_wrapper/zynqmp_pmufw/zynqmp_pmufw_bsp/system.mss|system_0||

TRACE::2026-01-26.17:20:36::SCWMssOS::Sw design exists and opened at  C:/TFG_Vivado/demo/course_s2_Vitis/01_ps_hello/vitis/design_1_wrapper/psu_cortexa53_0/standalone_psu_cortexa53_0/bsp/system.mss
TRACE::2026-01-26.17:20:36::SCWMssOS::Saving the mss changes C:/TFG_Vivado/demo/course_s2_Vitis/01_ps_hello/vitis/design_1_wrapper/zynqmp_fsbl/zynqmp_fsbl_bsp/system.mss
TRACE::2026-01-26.17:20:36::SCWMssOS::Found a swdesign opened with the mssfile.
TRACE::2026-01-26.17:20:36::SCWMssOS::Completed writemss as part of save.
TRACE::2026-01-26.17:20:36::SCWMssOS::Commit changes completed.
TRACE::2026-01-26.17:20:36::SCWMssOS::Saving the mss changes C:/TFG_Vivado/demo/course_s2_Vitis/01_ps_hello/vitis/design_1_wrapper/zynqmp_pmufw/zynqmp_pmufw_bsp/system.mss
TRACE::2026-01-26.17:20:36::SCWMssOS::Found a swdesign opened with the mssfile.
TRACE::2026-01-26.17:20:36::SCWMssOS::Completed writemss as part of save.
TRACE::2026-01-26.17:20:36::SCWMssOS::Commit changes completed.
TRACE::2026-01-26.17:20:36::SCWMssOS::Saving the mss changes C:/TFG_Vivado/demo/course_s2_Vitis/01_ps_hello/vitis/design_1_wrapper/psu_cortexa53_0/standalone_psu_cortexa53_0/bsp/system.mss
TRACE::2026-01-26.17:20:36::SCWMssOS::Found a swdesign opened with the mssfile.
TRACE::2026-01-26.17:20:36::SCWMssOS::Completed writemss as part of save.
TRACE::2026-01-26.17:20:36::SCWMssOS::Commit changes completed.
TRACE::2026-01-26.17:20:36::SCWPlatform::Trying to open the hw design at C:/TFG_Vivado/demo/course_s2_Vitis/01_ps_hello/vitis/design_1_wrapper/hw/design_1_wrapper.xsa
TRACE::2026-01-26.17:20:36::SCWPlatform::DSA given C:/TFG_Vivado/demo/course_s2_Vitis/01_ps_hello/vitis/design_1_wrapper/hw/design_1_wrapper.xsa
TRACE::2026-01-26.17:20:36::SCWPlatform::DSA absoulate path C:/TFG_Vivado/demo/course_s2_Vitis/01_ps_hello/vitis/design_1_wrapper/hw/design_1_wrapper.xsa
TRACE::2026-01-26.17:20:36::SCWPlatform::DSA directory C:/TFG_Vivado/demo/course_s2_Vitis/01_ps_hello/vitis/design_1_wrapper/hw
TRACE::2026-01-26.17:20:36::SCWPlatform:: Platform Path C:/TFG_Vivado/demo/course_s2_Vitis/01_ps_hello/vitis/design_1_wrapper/hw/design_1_wrapper.xsa
TRACE::2026-01-26.17:20:36::SCWPlatform:: Unique name xilinx:::0.0
TRACE::2026-01-26.17:20:36::SCWPlatform::Trying to set the existing hwdb with name design_1_wrapper_0
TRACE::2026-01-26.17:20:36::SCWPlatform::Opened existing hwdb design_1_wrapper_0
TRACE::2026-01-26.17:20:36::SCWPlatform::Found the Hw Db part of the input DSA
TRACE::2026-01-26.17:20:36::SCWMssOS::Checking the sw design at  C:/TFG_Vivado/demo/course_s2_Vitis/01_ps_hello/vitis/design_1_wrapper/zynqmp_fsbl/zynqmp_fsbl_bsp/system.mss
TRACE::2026-01-26.17:20:36::SCWMssOS::DEBUG:  swdes dump  C:/TFG_Vivado/demo/course_s2_Vitis/01_ps_hello/vitis/design_1_wrapper/psu_cortexa53_0/standalone_psu_cortexa53_0/bsp/system.mss|system_1||
C:/TFG_Vivado/demo/course_s2_Vitis/01_ps_hello/vitis/design_1_wrapper/zynqmp_fsbl/zynqmp_fsbl_bsp/system.mss|system||
C:/TFG_Vivado/demo/course_s2_Vitis/01_ps_hello/vitis/design_1_wrapper/zynqmp_pmufw/zynqmp_pmufw_bsp/system.mss|system_0||

TRACE::2026-01-26.17:20:36::SCWMssOS::Sw design exists and opened at  C:/TFG_Vivado/demo/course_s2_Vitis/01_ps_hello/vitis/design_1_wrapper/zynqmp_fsbl/zynqmp_fsbl_bsp/system.mss
TRACE::2026-01-26.17:20:36::SCWPlatform::Trying to open the hw design at C:/TFG_Vivado/demo/course_s2_Vitis/01_ps_hello/vitis/design_1_wrapper/hw/design_1_wrapper.xsa
TRACE::2026-01-26.17:20:36::SCWPlatform::DSA given C:/TFG_Vivado/demo/course_s2_Vitis/01_ps_hello/vitis/design_1_wrapper/hw/design_1_wrapper.xsa
TRACE::2026-01-26.17:20:36::SCWPlatform::DSA absoulate path C:/TFG_Vivado/demo/course_s2_Vitis/01_ps_hello/vitis/design_1_wrapper/hw/design_1_wrapper.xsa
TRACE::2026-01-26.17:20:36::SCWPlatform::DSA directory C:/TFG_Vivado/demo/course_s2_Vitis/01_ps_hello/vitis/design_1_wrapper/hw
TRACE::2026-01-26.17:20:36::SCWPlatform:: Platform Path C:/TFG_Vivado/demo/course_s2_Vitis/01_ps_hello/vitis/design_1_wrapper/hw/design_1_wrapper.xsa
TRACE::2026-01-26.17:20:36::SCWPlatform:: Unique name xilinx:::0.0
TRACE::2026-01-26.17:20:36::SCWPlatform::Trying to set the existing hwdb with name design_1_wrapper_0
TRACE::2026-01-26.17:20:36::SCWPlatform::Opened existing hwdb design_1_wrapper_0
TRACE::2026-01-26.17:20:36::SCWPlatform::Found the Hw Db part of the input DSA
TRACE::2026-01-26.17:20:36::SCWMssOS::Checking the sw design at  C:/TFG_Vivado/demo/course_s2_Vitis/01_ps_hello/vitis/design_1_wrapper/zynqmp_fsbl/zynqmp_fsbl_bsp/system.mss
TRACE::2026-01-26.17:20:36::SCWMssOS::DEBUG:  swdes dump  C:/TFG_Vivado/demo/course_s2_Vitis/01_ps_hello/vitis/design_1_wrapper/psu_cortexa53_0/standalone_psu_cortexa53_0/bsp/system.mss|system_1||
C:/TFG_Vivado/demo/course_s2_Vitis/01_ps_hello/vitis/design_1_wrapper/zynqmp_fsbl/zynqmp_fsbl_bsp/system.mss|system||
C:/TFG_Vivado/demo/course_s2_Vitis/01_ps_hello/vitis/design_1_wrapper/zynqmp_pmufw/zynqmp_pmufw_bsp/system.mss|system_0||

TRACE::2026-01-26.17:20:36::SCWMssOS::Sw design exists and opened at  C:/TFG_Vivado/demo/course_s2_Vitis/01_ps_hello/vitis/design_1_wrapper/zynqmp_fsbl/zynqmp_fsbl_bsp/system.mss
TRACE::2026-01-26.17:20:36::SCWPlatform::Trying to open the hw design at C:/TFG_Vivado/demo/course_s2_Vitis/01_ps_hello/vitis/design_1_wrapper/hw/design_1_wrapper.xsa
TRACE::2026-01-26.17:20:36::SCWPlatform::DSA given C:/TFG_Vivado/demo/course_s2_Vitis/01_ps_hello/vitis/design_1_wrapper/hw/design_1_wrapper.xsa
TRACE::2026-01-26.17:20:36::SCWPlatform::DSA absoulate path C:/TFG_Vivado/demo/course_s2_Vitis/01_ps_hello/vitis/design_1_wrapper/hw/design_1_wrapper.xsa
TRACE::2026-01-26.17:20:36::SCWPlatform::DSA directory C:/TFG_Vivado/demo/course_s2_Vitis/01_ps_hello/vitis/design_1_wrapper/hw
TRACE::2026-01-26.17:20:36::SCWPlatform:: Platform Path C:/TFG_Vivado/demo/course_s2_Vitis/01_ps_hello/vitis/design_1_wrapper/hw/design_1_wrapper.xsa
TRACE::2026-01-26.17:20:36::SCWPlatform:: Unique name xilinx:::0.0
TRACE::2026-01-26.17:20:36::SCWPlatform::Trying to set the existing hwdb with name design_1_wrapper_0
TRACE::2026-01-26.17:20:36::SCWPlatform::Opened existing hwdb design_1_wrapper_0
TRACE::2026-01-26.17:20:36::SCWPlatform::Found the Hw Db part of the input DSA
TRACE::2026-01-26.17:20:36::SCWMssOS::Checking the sw design at  C:/TFG_Vivado/demo/course_s2_Vitis/01_ps_hello/vitis/design_1_wrapper/zynqmp_fsbl/zynqmp_fsbl_bsp/system.mss
TRACE::2026-01-26.17:20:36::SCWMssOS::DEBUG:  swdes dump  C:/TFG_Vivado/demo/course_s2_Vitis/01_ps_hello/vitis/design_1_wrapper/psu_cortexa53_0/standalone_psu_cortexa53_0/bsp/system.mss|system_1||
C:/TFG_Vivado/demo/course_s2_Vitis/01_ps_hello/vitis/design_1_wrapper/zynqmp_fsbl/zynqmp_fsbl_bsp/system.mss|system||
C:/TFG_Vivado/demo/course_s2_Vitis/01_ps_hello/vitis/design_1_wrapper/zynqmp_pmufw/zynqmp_pmufw_bsp/system.mss|system_0||

TRACE::2026-01-26.17:20:36::SCWMssOS::Sw design exists and opened at  C:/TFG_Vivado/demo/course_s2_Vitis/01_ps_hello/vitis/design_1_wrapper/zynqmp_fsbl/zynqmp_fsbl_bsp/system.mss
TRACE::2026-01-26.17:20:36::SCWPlatform::Trying to open the hw design at C:/TFG_Vivado/demo/course_s2_Vitis/01_ps_hello/vitis/design_1_wrapper/hw/design_1_wrapper.xsa
TRACE::2026-01-26.17:20:36::SCWPlatform::DSA given C:/TFG_Vivado/demo/course_s2_Vitis/01_ps_hello/vitis/design_1_wrapper/hw/design_1_wrapper.xsa
TRACE::2026-01-26.17:20:36::SCWPlatform::DSA absoulate path C:/TFG_Vivado/demo/course_s2_Vitis/01_ps_hello/vitis/design_1_wrapper/hw/design_1_wrapper.xsa
TRACE::2026-01-26.17:20:36::SCWPlatform::DSA directory C:/TFG_Vivado/demo/course_s2_Vitis/01_ps_hello/vitis/design_1_wrapper/hw
TRACE::2026-01-26.17:20:36::SCWPlatform:: Platform Path C:/TFG_Vivado/demo/course_s2_Vitis/01_ps_hello/vitis/design_1_wrapper/hw/design_1_wrapper.xsa
TRACE::2026-01-26.17:20:36::SCWPlatform:: Unique name xilinx:::0.0
TRACE::2026-01-26.17:20:36::SCWPlatform::Trying to set the existing hwdb with name design_1_wrapper_0
TRACE::2026-01-26.17:20:36::SCWPlatform::Opened existing hwdb design_1_wrapper_0
TRACE::2026-01-26.17:20:36::SCWPlatform::Found the Hw Db part of the input DSA
TRACE::2026-01-26.17:20:36::SCWMssOS::Checking the sw design at  C:/TFG_Vivado/demo/course_s2_Vitis/01_ps_hello/vitis/design_1_wrapper/zynqmp_pmufw/zynqmp_pmufw_bsp/system.mss
TRACE::2026-01-26.17:20:36::SCWMssOS::DEBUG:  swdes dump  C:/TFG_Vivado/demo/course_s2_Vitis/01_ps_hello/vitis/design_1_wrapper/psu_cortexa53_0/standalone_psu_cortexa53_0/bsp/system.mss|system_1||
C:/TFG_Vivado/demo/course_s2_Vitis/01_ps_hello/vitis/design_1_wrapper/zynqmp_fsbl/zynqmp_fsbl_bsp/system.mss|system||
C:/TFG_Vivado/demo/course_s2_Vitis/01_ps_hello/vitis/design_1_wrapper/zynqmp_pmufw/zynqmp_pmufw_bsp/system.mss|system_0||

TRACE::2026-01-26.17:20:36::SCWMssOS::Sw design exists and opened at  C:/TFG_Vivado/demo/course_s2_Vitis/01_ps_hello/vitis/design_1_wrapper/zynqmp_pmufw/zynqmp_pmufw_bsp/system.mss
TRACE::2026-01-26.17:20:36::SCWPlatform::Trying to open the hw design at C:/TFG_Vivado/demo/course_s2_Vitis/01_ps_hello/vitis/design_1_wrapper/hw/design_1_wrapper.xsa
TRACE::2026-01-26.17:20:36::SCWPlatform::DSA given C:/TFG_Vivado/demo/course_s2_Vitis/01_ps_hello/vitis/design_1_wrapper/hw/design_1_wrapper.xsa
TRACE::2026-01-26.17:20:36::SCWPlatform::DSA absoulate path C:/TFG_Vivado/demo/course_s2_Vitis/01_ps_hello/vitis/design_1_wrapper/hw/design_1_wrapper.xsa
TRACE::2026-01-26.17:20:36::SCWPlatform::DSA directory C:/TFG_Vivado/demo/course_s2_Vitis/01_ps_hello/vitis/design_1_wrapper/hw
TRACE::2026-01-26.17:20:36::SCWPlatform:: Platform Path C:/TFG_Vivado/demo/course_s2_Vitis/01_ps_hello/vitis/design_1_wrapper/hw/design_1_wrapper.xsa
TRACE::2026-01-26.17:20:36::SCWPlatform:: Unique name xilinx:::0.0
TRACE::2026-01-26.17:20:36::SCWPlatform::Trying to set the existing hwdb with name design_1_wrapper_0
TRACE::2026-01-26.17:20:36::SCWPlatform::Opened existing hwdb design_1_wrapper_0
TRACE::2026-01-26.17:20:36::SCWPlatform::Found the Hw Db part of the input DSA
TRACE::2026-01-26.17:20:36::SCWMssOS::Checking the sw design at  C:/TFG_Vivado/demo/course_s2_Vitis/01_ps_hello/vitis/design_1_wrapper/zynqmp_pmufw/zynqmp_pmufw_bsp/system.mss
TRACE::2026-01-26.17:20:36::SCWMssOS::DEBUG:  swdes dump  C:/TFG_Vivado/demo/course_s2_Vitis/01_ps_hello/vitis/design_1_wrapper/psu_cortexa53_0/standalone_psu_cortexa53_0/bsp/system.mss|system_1||
C:/TFG_Vivado/demo/course_s2_Vitis/01_ps_hello/vitis/design_1_wrapper/zynqmp_fsbl/zynqmp_fsbl_bsp/system.mss|system||
C:/TFG_Vivado/demo/course_s2_Vitis/01_ps_hello/vitis/design_1_wrapper/zynqmp_pmufw/zynqmp_pmufw_bsp/system.mss|system_0||

TRACE::2026-01-26.17:20:36::SCWMssOS::Sw design exists and opened at  C:/TFG_Vivado/demo/course_s2_Vitis/01_ps_hello/vitis/design_1_wrapper/zynqmp_pmufw/zynqmp_pmufw_bsp/system.mss
TRACE::2026-01-26.17:20:36::SCWPlatform::Trying to open the hw design at C:/TFG_Vivado/demo/course_s2_Vitis/01_ps_hello/vitis/design_1_wrapper/hw/design_1_wrapper.xsa
TRACE::2026-01-26.17:20:36::SCWPlatform::DSA given C:/TFG_Vivado/demo/course_s2_Vitis/01_ps_hello/vitis/design_1_wrapper/hw/design_1_wrapper.xsa
TRACE::2026-01-26.17:20:36::SCWPlatform::DSA absoulate path C:/TFG_Vivado/demo/course_s2_Vitis/01_ps_hello/vitis/design_1_wrapper/hw/design_1_wrapper.xsa
TRACE::2026-01-26.17:20:36::SCWPlatform::DSA directory C:/TFG_Vivado/demo/course_s2_Vitis/01_ps_hello/vitis/design_1_wrapper/hw
TRACE::2026-01-26.17:20:36::SCWPlatform:: Platform Path C:/TFG_Vivado/demo/course_s2_Vitis/01_ps_hello/vitis/design_1_wrapper/hw/design_1_wrapper.xsa
TRACE::2026-01-26.17:20:36::SCWPlatform:: Unique name xilinx:::0.0
TRACE::2026-01-26.17:20:36::SCWPlatform::Trying to set the existing hwdb with name design_1_wrapper_0
TRACE::2026-01-26.17:20:36::SCWPlatform::Opened existing hwdb design_1_wrapper_0
TRACE::2026-01-26.17:20:36::SCWPlatform::Found the Hw Db part of the input DSA
TRACE::2026-01-26.17:20:36::SCWMssOS::Checking the sw design at  C:/TFG_Vivado/demo/course_s2_Vitis/01_ps_hello/vitis/design_1_wrapper/zynqmp_pmufw/zynqmp_pmufw_bsp/system.mss
TRACE::2026-01-26.17:20:36::SCWMssOS::DEBUG:  swdes dump  C:/TFG_Vivado/demo/course_s2_Vitis/01_ps_hello/vitis/design_1_wrapper/psu_cortexa53_0/standalone_psu_cortexa53_0/bsp/system.mss|system_1||
C:/TFG_Vivado/demo/course_s2_Vitis/01_ps_hello/vitis/design_1_wrapper/zynqmp_fsbl/zynqmp_fsbl_bsp/system.mss|system||
C:/TFG_Vivado/demo/course_s2_Vitis/01_ps_hello/vitis/design_1_wrapper/zynqmp_pmufw/zynqmp_pmufw_bsp/system.mss|system_0||

TRACE::2026-01-26.17:20:36::SCWMssOS::Sw design exists and opened at  C:/TFG_Vivado/demo/course_s2_Vitis/01_ps_hello/vitis/design_1_wrapper/zynqmp_pmufw/zynqmp_pmufw_bsp/system.mss
TRACE::2026-01-26.17:20:36::SCWPlatform::Trying to open the hw design at C:/TFG_Vivado/demo/course_s2_Vitis/01_ps_hello/vitis/design_1_wrapper/hw/design_1_wrapper.xsa
TRACE::2026-01-26.17:20:36::SCWPlatform::DSA given C:/TFG_Vivado/demo/course_s2_Vitis/01_ps_hello/vitis/design_1_wrapper/hw/design_1_wrapper.xsa
TRACE::2026-01-26.17:20:36::SCWPlatform::DSA absoulate path C:/TFG_Vivado/demo/course_s2_Vitis/01_ps_hello/vitis/design_1_wrapper/hw/design_1_wrapper.xsa
TRACE::2026-01-26.17:20:36::SCWPlatform::DSA directory C:/TFG_Vivado/demo/course_s2_Vitis/01_ps_hello/vitis/design_1_wrapper/hw
TRACE::2026-01-26.17:20:36::SCWPlatform:: Platform Path C:/TFG_Vivado/demo/course_s2_Vitis/01_ps_hello/vitis/design_1_wrapper/hw/design_1_wrapper.xsa
TRACE::2026-01-26.17:20:36::SCWPlatform:: Unique name xilinx:::0.0
TRACE::2026-01-26.17:20:36::SCWPlatform::Trying to set the existing hwdb with name design_1_wrapper_0
TRACE::2026-01-26.17:20:36::SCWPlatform::Opened existing hwdb design_1_wrapper_0
TRACE::2026-01-26.17:20:36::SCWPlatform::Found the Hw Db part of the input DSA
TRACE::2026-01-26.17:20:36::SCWMssOS::Checking the sw design at  C:/TFG_Vivado/demo/course_s2_Vitis/01_ps_hello/vitis/design_1_wrapper/psu_cortexa53_0/standalone_psu_cortexa53_0/bsp/system.mss
TRACE::2026-01-26.17:20:36::SCWMssOS::DEBUG:  swdes dump  C:/TFG_Vivado/demo/course_s2_Vitis/01_ps_hello/vitis/design_1_wrapper/psu_cortexa53_0/standalone_psu_cortexa53_0/bsp/system.mss|system_1||
C:/TFG_Vivado/demo/course_s2_Vitis/01_ps_hello/vitis/design_1_wrapper/zynqmp_fsbl/zynqmp_fsbl_bsp/system.mss|system||
C:/TFG_Vivado/demo/course_s2_Vitis/01_ps_hello/vitis/design_1_wrapper/zynqmp_pmufw/zynqmp_pmufw_bsp/system.mss|system_0||

TRACE::2026-01-26.17:20:36::SCWMssOS::Sw design exists and opened at  C:/TFG_Vivado/demo/course_s2_Vitis/01_ps_hello/vitis/design_1_wrapper/psu_cortexa53_0/standalone_psu_cortexa53_0/bsp/system.mss
TRACE::2026-01-26.17:20:36::SCWPlatform::Trying to open the hw design at C:/TFG_Vivado/demo/course_s2_Vitis/01_ps_hello/vitis/design_1_wrapper/hw/design_1_wrapper.xsa
TRACE::2026-01-26.17:20:36::SCWPlatform::DSA given C:/TFG_Vivado/demo/course_s2_Vitis/01_ps_hello/vitis/design_1_wrapper/hw/design_1_wrapper.xsa
TRACE::2026-01-26.17:20:36::SCWPlatform::DSA absoulate path C:/TFG_Vivado/demo/course_s2_Vitis/01_ps_hello/vitis/design_1_wrapper/hw/design_1_wrapper.xsa
TRACE::2026-01-26.17:20:36::SCWPlatform::DSA directory C:/TFG_Vivado/demo/course_s2_Vitis/01_ps_hello/vitis/design_1_wrapper/hw
TRACE::2026-01-26.17:20:36::SCWPlatform:: Platform Path C:/TFG_Vivado/demo/course_s2_Vitis/01_ps_hello/vitis/design_1_wrapper/hw/design_1_wrapper.xsa
TRACE::2026-01-26.17:20:36::SCWPlatform:: Unique name xilinx:::0.0
TRACE::2026-01-26.17:20:36::SCWPlatform::Trying to set the existing hwdb with name design_1_wrapper_0
TRACE::2026-01-26.17:20:36::SCWPlatform::Opened existing hwdb design_1_wrapper_0
TRACE::2026-01-26.17:20:36::SCWPlatform::Found the Hw Db part of the input DSA
TRACE::2026-01-26.17:20:36::SCWMssOS::Checking the sw design at  C:/TFG_Vivado/demo/course_s2_Vitis/01_ps_hello/vitis/design_1_wrapper/psu_cortexa53_0/standalone_psu_cortexa53_0/bsp/system.mss
TRACE::2026-01-26.17:20:36::SCWMssOS::DEBUG:  swdes dump  C:/TFG_Vivado/demo/course_s2_Vitis/01_ps_hello/vitis/design_1_wrapper/psu_cortexa53_0/standalone_psu_cortexa53_0/bsp/system.mss|system_1||
C:/TFG_Vivado/demo/course_s2_Vitis/01_ps_hello/vitis/design_1_wrapper/zynqmp_fsbl/zynqmp_fsbl_bsp/system.mss|system||
C:/TFG_Vivado/demo/course_s2_Vitis/01_ps_hello/vitis/design_1_wrapper/zynqmp_pmufw/zynqmp_pmufw_bsp/system.mss|system_0||

TRACE::2026-01-26.17:20:36::SCWMssOS::Sw design exists and opened at  C:/TFG_Vivado/demo/course_s2_Vitis/01_ps_hello/vitis/design_1_wrapper/psu_cortexa53_0/standalone_psu_cortexa53_0/bsp/system.mss
TRACE::2026-01-26.17:20:36::SCWPlatform::Trying to open the hw design at C:/TFG_Vivado/demo/course_s2_Vitis/01_ps_hello/vitis/design_1_wrapper/hw/design_1_wrapper.xsa
TRACE::2026-01-26.17:20:36::SCWPlatform::DSA given C:/TFG_Vivado/demo/course_s2_Vitis/01_ps_hello/vitis/design_1_wrapper/hw/design_1_wrapper.xsa
TRACE::2026-01-26.17:20:36::SCWPlatform::DSA absoulate path C:/TFG_Vivado/demo/course_s2_Vitis/01_ps_hello/vitis/design_1_wrapper/hw/design_1_wrapper.xsa
TRACE::2026-01-26.17:20:36::SCWPlatform::DSA directory C:/TFG_Vivado/demo/course_s2_Vitis/01_ps_hello/vitis/design_1_wrapper/hw
TRACE::2026-01-26.17:20:36::SCWPlatform:: Platform Path C:/TFG_Vivado/demo/course_s2_Vitis/01_ps_hello/vitis/design_1_wrapper/hw/design_1_wrapper.xsa
TRACE::2026-01-26.17:20:36::SCWPlatform:: Unique name xilinx:::0.0
TRACE::2026-01-26.17:20:36::SCWPlatform::Trying to set the existing hwdb with name design_1_wrapper_0
TRACE::2026-01-26.17:20:36::SCWPlatform::Opened existing hwdb design_1_wrapper_0
TRACE::2026-01-26.17:20:36::SCWPlatform::Found the Hw Db part of the input DSA
TRACE::2026-01-26.17:20:36::SCWMssOS::Checking the sw design at  C:/TFG_Vivado/demo/course_s2_Vitis/01_ps_hello/vitis/design_1_wrapper/psu_cortexa53_0/standalone_psu_cortexa53_0/bsp/system.mss
TRACE::2026-01-26.17:20:36::SCWMssOS::DEBUG:  swdes dump  C:/TFG_Vivado/demo/course_s2_Vitis/01_ps_hello/vitis/design_1_wrapper/psu_cortexa53_0/standalone_psu_cortexa53_0/bsp/system.mss|system_1||
C:/TFG_Vivado/demo/course_s2_Vitis/01_ps_hello/vitis/design_1_wrapper/zynqmp_fsbl/zynqmp_fsbl_bsp/system.mss|system||
C:/TFG_Vivado/demo/course_s2_Vitis/01_ps_hello/vitis/design_1_wrapper/zynqmp_pmufw/zynqmp_pmufw_bsp/system.mss|system_0||

TRACE::2026-01-26.17:20:36::SCWMssOS::Sw design exists and opened at  C:/TFG_Vivado/demo/course_s2_Vitis/01_ps_hello/vitis/design_1_wrapper/psu_cortexa53_0/standalone_psu_cortexa53_0/bsp/system.mss
TRACE::2026-01-26.17:20:36::SCWWriter::formatted JSON is {
	"platformName":	"design_1_wrapper",
	"sprVersion":	"2.0",
	"mode":	"gui",
	"dsaType":	"Fixed",
	"platformDesc":	"design_1_wrapper",
	"platHandOff":	"<platformDir>.xsa",
	"platIntHandOff":	"<platformDir>/hw/design_1_wrapper.xsa",
	"deviceType":	"zynqMP",
	"platIsPrebuiltAutogen":	"false",
	"platIsNoBootBsp":	"false",
	"platFsblTarget":	"psu_cortexa53_0",
	"hasFsblMakeHasChanges":	"false",
	"hasPmufwMakeHasChanges":	"false",
	"fsblExtraCompilerFlags":	"-MMD -MP      -Wall -fmessage-length=0 -DARMA53_64 -Os -flto -ffat-lto-objects  ",
	"pmufwExtraCompilerFlags":	"-MMD -MP      -mlittle-endian -mxl-barrel-shift -mxl-pattern-compare -mcpu=v9.2 -mxl-soft-mul -Os -flto -ffat-lto-objects  ",
	"platPreBuiltFlag":	false,
	"platformSamplesDir":	"",
	"platActiveSys":	"design_1_wrapper",
	"systems":	[{
			"systemName":	"design_1_wrapper",
			"systemDesc":	"design_1_wrapper",
			"sysIsBootAutoGen":	"true",
			"systemDispName":	"design_1_wrapper",
			"sysActiveDom":	"standalone_psu_cortexa53_0",
			"sysDefaultDom":	"standalone_psu_cortexa53_0",
			"domains":	[{
					"domainName":	"zynqmp_fsbl",
					"domainDispName":	"zynqmp_fsbl",
					"domainDesc":	"FSBL Application BSP - Auto Generated.",
					"processors":	"psu_cortexa53_0",
					"os":	"standalone",
					"sdxOs":	"standalone",
					"debugEnable":	"",
					"domRuntimes":	["cpp"],
					"swRepo":	"",
					"mssOsVer":	"8.1",
					"mssFile":	"",
					"md5Digest":	"50ffef4a883d3ea676765d60b786a6e4",
					"compatibleApp":	"zynqmp_fsbl",
					"domType":	"bootDomain",
					"arch":	"64-bit",
					"appSettings":	{
						"appCompilerFlags":	"",
						"appLinkerFlags":	""
					},
					"addedLibs":	["xilffs:5.0", "xilsecure:5.1", "xilpm:5.0"],
					"libOptions":	{
						"standalone":	{
							"zynqmp_fsbl_bsp":	"true",
							"libOptionNames":	["zynqmp_fsbl_bsp"]
						},
						"xilffs":	{
							"read_only":	"true",
							"use_mkfs":	"false",
							"libOptionNames":	["read_only", "use_mkfs"]
						},
						"xilsecure":	{
							"tpm_support":	"true",
							"libOptionNames":	["tpm_support"]
						},
						"libsContainingOptions":	["standalone", "xilffs", "xilsecure"]
					},
					"prebuiltLibs":	{
						"prebuiltIncPath":	[],
						"prebuiltLibPath":	[]
					},
					"isolation":	{
					}
				}, {
					"domainName":	"zynqmp_pmufw",
					"domainDispName":	"zynqmp_pmufw",
					"domainDesc":	"PMUFW Application BSP - Auto Generated.",
					"processors":	"psu_pmu_0",
					"os":	"standalone",
					"sdxOs":	"standalone",
					"debugEnable":	"",
					"domRuntimes":	["cpp"],
					"swRepo":	"",
					"mssOsVer":	"8.1",
					"mssFile":	"",
					"md5Digest":	"f53f944c509d63eeaedc429f0d902726",
					"compatibleApp":	"zynqmp_pmufw",
					"domType":	"bootDomain",
					"arch":	"32-bit",
					"appSettings":	{
						"appCompilerFlags":	"",
						"appLinkerFlags":	""
					},
					"addedLibs":	["xilfpga:6.4", "xilsecure:5.1", "xilskey:7.4"],
					"libOptions":	{
						"psu_pmu_0":	{
							"extra_compiler_flags":	"-g -ffunction-sections -fdata-sections -Wall -Wextra -fno-tree-loop-distribute-patterns  -Os -flto -ffat-lto-objects",
							"libOptionNames":	["extra_compiler_flags"]
						},
						"libsContainingOptions":	["psu_pmu_0"]
					},
					"prebuiltLibs":	{
						"prebuiltIncPath":	[],
						"prebuiltLibPath":	[]
					},
					"isolation":	{
					}
				}, {
					"domainName":	"standalone_psu_cortexa53_0",
					"domainDispName":	"standalone_psu_cortexa53_0",
					"domainDesc":	"standalone_psu_cortexa53_0",
					"processors":	"psu_cortexa53_0",
					"os":	"standalone",
					"sdxOs":	"standalone",
					"qemuArgs":	"<platformDir>/resources/design_1_wrapper/standalone_psu_cortexa53_0/qemu_args.txt",
					"qemuData":	"<platformDir>/resources/design_1_wrapper/standalone_psu_cortexa53_0/qemu",
					"pmuQemuArgs":	"<platformDir>/resources/design_1_wrapper/standalone_psu_cortexa53_0/pmu_args.txt",
					"debugEnable":	"False",
					"domRuntimes":	["cpp"],
					"swRepo":	"",
					"mssOsVer":	"8.1",
					"mssFile":	"",
					"md5Digest":	"7824a2544f94f615c7699fb2e7b9fe4e",
					"compatibleApp":	"hello_world",
					"domType":	"mssDomain",
					"arch":	"64-bit",
					"appSettings":	{
						"appCompilerFlags":	"",
						"appLinkerFlags":	""
					},
					"addedLibs":	[],
					"libOptions":	{
						"libsContainingOptions":	[]
					},
					"prebuiltLibs":	{
						"prebuiltIncPath":	[],
						"prebuiltLibPath":	[]
					},
					"isolation":	{
					}
				}]
		}]
}
TRACE::2026-01-26.17:20:36::SCWPlatform::Trying to open the hw design at C:/TFG_Vivado/demo/course_s2_Vitis/01_ps_hello/vitis/design_1_wrapper/hw/design_1_wrapper.xsa
TRACE::2026-01-26.17:20:36::SCWPlatform::DSA given C:/TFG_Vivado/demo/course_s2_Vitis/01_ps_hello/vitis/design_1_wrapper/hw/design_1_wrapper.xsa
TRACE::2026-01-26.17:20:36::SCWPlatform::DSA absoulate path C:/TFG_Vivado/demo/course_s2_Vitis/01_ps_hello/vitis/design_1_wrapper/hw/design_1_wrapper.xsa
TRACE::2026-01-26.17:20:36::SCWPlatform::DSA directory C:/TFG_Vivado/demo/course_s2_Vitis/01_ps_hello/vitis/design_1_wrapper/hw
TRACE::2026-01-26.17:20:36::SCWPlatform:: Platform Path C:/TFG_Vivado/demo/course_s2_Vitis/01_ps_hello/vitis/design_1_wrapper/hw/design_1_wrapper.xsa
TRACE::2026-01-26.17:20:36::SCWPlatform:: Unique name xilinx:::0.0
TRACE::2026-01-26.17:20:36::SCWPlatform::Trying to set the existing hwdb with name design_1_wrapper_0
TRACE::2026-01-26.17:20:36::SCWPlatform::Opened existing hwdb design_1_wrapper_0
TRACE::2026-01-26.17:20:36::SCWPlatform::Found the Hw Db part of the input DSA
TRACE::2026-01-26.17:20:36::SCWMssOS::Checking the sw design at  C:/TFG_Vivado/demo/course_s2_Vitis/01_ps_hello/vitis/design_1_wrapper/psu_cortexa53_0/standalone_psu_cortexa53_0/bsp/system.mss
TRACE::2026-01-26.17:20:36::SCWMssOS::DEBUG:  swdes dump  C:/TFG_Vivado/demo/course_s2_Vitis/01_ps_hello/vitis/design_1_wrapper/psu_cortexa53_0/standalone_psu_cortexa53_0/bsp/system.mss|system_1||
C:/TFG_Vivado/demo/course_s2_Vitis/01_ps_hello/vitis/design_1_wrapper/zynqmp_fsbl/zynqmp_fsbl_bsp/system.mss|system||
C:/TFG_Vivado/demo/course_s2_Vitis/01_ps_hello/vitis/design_1_wrapper/zynqmp_pmufw/zynqmp_pmufw_bsp/system.mss|system_0||

TRACE::2026-01-26.17:20:36::SCWMssOS::Sw design exists and opened at  C:/TFG_Vivado/demo/course_s2_Vitis/01_ps_hello/vitis/design_1_wrapper/psu_cortexa53_0/standalone_psu_cortexa53_0/bsp/system.mss
TRACE::2026-01-26.17:20:36::SCWPlatform::Trying to open the hw design at C:/TFG_Vivado/demo/course_s2_Vitis/01_ps_hello/vitis/design_1_wrapper/hw/design_1_wrapper.xsa
TRACE::2026-01-26.17:20:36::SCWPlatform::DSA given C:/TFG_Vivado/demo/course_s2_Vitis/01_ps_hello/vitis/design_1_wrapper/hw/design_1_wrapper.xsa
TRACE::2026-01-26.17:20:36::SCWPlatform::DSA absoulate path C:/TFG_Vivado/demo/course_s2_Vitis/01_ps_hello/vitis/design_1_wrapper/hw/design_1_wrapper.xsa
TRACE::2026-01-26.17:20:36::SCWPlatform::DSA directory C:/TFG_Vivado/demo/course_s2_Vitis/01_ps_hello/vitis/design_1_wrapper/hw
TRACE::2026-01-26.17:20:36::SCWPlatform:: Platform Path C:/TFG_Vivado/demo/course_s2_Vitis/01_ps_hello/vitis/design_1_wrapper/hw/design_1_wrapper.xsa
TRACE::2026-01-26.17:20:36::SCWPlatform:: Unique name xilinx:::0.0
TRACE::2026-01-26.17:20:36::SCWPlatform::Trying to set the existing hwdb with name design_1_wrapper_0
TRACE::2026-01-26.17:20:36::SCWPlatform::Opened existing hwdb design_1_wrapper_0
TRACE::2026-01-26.17:20:36::SCWPlatform::Found the Hw Db part of the input DSA
TRACE::2026-01-26.17:20:36::SCWMssOS::Checking the sw design at  C:/TFG_Vivado/demo/course_s2_Vitis/01_ps_hello/vitis/design_1_wrapper/psu_cortexa53_0/standalone_psu_cortexa53_0/bsp/system.mss
TRACE::2026-01-26.17:20:36::SCWMssOS::DEBUG:  swdes dump  C:/TFG_Vivado/demo/course_s2_Vitis/01_ps_hello/vitis/design_1_wrapper/psu_cortexa53_0/standalone_psu_cortexa53_0/bsp/system.mss|system_1||
C:/TFG_Vivado/demo/course_s2_Vitis/01_ps_hello/vitis/design_1_wrapper/zynqmp_fsbl/zynqmp_fsbl_bsp/system.mss|system||
C:/TFG_Vivado/demo/course_s2_Vitis/01_ps_hello/vitis/design_1_wrapper/zynqmp_pmufw/zynqmp_pmufw_bsp/system.mss|system_0||

TRACE::2026-01-26.17:20:36::SCWMssOS::Sw design exists and opened at  C:/TFG_Vivado/demo/course_s2_Vitis/01_ps_hello/vitis/design_1_wrapper/psu_cortexa53_0/standalone_psu_cortexa53_0/bsp/system.mss
TRACE::2026-01-26.17:20:36::SCWMssOS::Saving the mss changes C:/TFG_Vivado/demo/course_s2_Vitis/01_ps_hello/vitis/design_1_wrapper/zynqmp_fsbl/zynqmp_fsbl_bsp/system.mss
TRACE::2026-01-26.17:20:36::SCWMssOS::Found a swdesign opened with the mssfile.
TRACE::2026-01-26.17:20:36::SCWMssOS::Completed writemss as part of save.
TRACE::2026-01-26.17:20:36::SCWMssOS::Commit changes completed.
TRACE::2026-01-26.17:20:36::SCWMssOS::Saving the mss changes C:/TFG_Vivado/demo/course_s2_Vitis/01_ps_hello/vitis/design_1_wrapper/zynqmp_pmufw/zynqmp_pmufw_bsp/system.mss
TRACE::2026-01-26.17:20:36::SCWMssOS::Found a swdesign opened with the mssfile.
TRACE::2026-01-26.17:20:36::SCWMssOS::Completed writemss as part of save.
TRACE::2026-01-26.17:20:36::SCWMssOS::Commit changes completed.
TRACE::2026-01-26.17:20:36::SCWMssOS::Saving the mss changes C:/TFG_Vivado/demo/course_s2_Vitis/01_ps_hello/vitis/design_1_wrapper/psu_cortexa53_0/standalone_psu_cortexa53_0/bsp/system.mss
TRACE::2026-01-26.17:20:36::SCWMssOS::Found a swdesign opened with the mssfile.
TRACE::2026-01-26.17:20:36::SCWMssOS::Completed writemss as part of save.
TRACE::2026-01-26.17:20:36::SCWMssOS::Commit changes completed.
TRACE::2026-01-26.17:20:36::SCWPlatform::Trying to open the hw design at C:/TFG_Vivado/demo/course_s2_Vitis/01_ps_hello/vitis/design_1_wrapper/hw/design_1_wrapper.xsa
TRACE::2026-01-26.17:20:36::SCWPlatform::DSA given C:/TFG_Vivado/demo/course_s2_Vitis/01_ps_hello/vitis/design_1_wrapper/hw/design_1_wrapper.xsa
TRACE::2026-01-26.17:20:36::SCWPlatform::DSA absoulate path C:/TFG_Vivado/demo/course_s2_Vitis/01_ps_hello/vitis/design_1_wrapper/hw/design_1_wrapper.xsa
TRACE::2026-01-26.17:20:36::SCWPlatform::DSA directory C:/TFG_Vivado/demo/course_s2_Vitis/01_ps_hello/vitis/design_1_wrapper/hw
TRACE::2026-01-26.17:20:36::SCWPlatform:: Platform Path C:/TFG_Vivado/demo/course_s2_Vitis/01_ps_hello/vitis/design_1_wrapper/hw/design_1_wrapper.xsa
TRACE::2026-01-26.17:20:36::SCWPlatform:: Unique name xilinx:::0.0
TRACE::2026-01-26.17:20:36::SCWPlatform::Trying to set the existing hwdb with name design_1_wrapper_0
TRACE::2026-01-26.17:20:36::SCWPlatform::Opened existing hwdb design_1_wrapper_0
TRACE::2026-01-26.17:20:36::SCWPlatform::Found the Hw Db part of the input DSA
TRACE::2026-01-26.17:20:36::SCWMssOS::Checking the sw design at  C:/TFG_Vivado/demo/course_s2_Vitis/01_ps_hello/vitis/design_1_wrapper/zynqmp_fsbl/zynqmp_fsbl_bsp/system.mss
TRACE::2026-01-26.17:20:36::SCWMssOS::DEBUG:  swdes dump  C:/TFG_Vivado/demo/course_s2_Vitis/01_ps_hello/vitis/design_1_wrapper/psu_cortexa53_0/standalone_psu_cortexa53_0/bsp/system.mss|system_1||
C:/TFG_Vivado/demo/course_s2_Vitis/01_ps_hello/vitis/design_1_wrapper/zynqmp_fsbl/zynqmp_fsbl_bsp/system.mss|system||
C:/TFG_Vivado/demo/course_s2_Vitis/01_ps_hello/vitis/design_1_wrapper/zynqmp_pmufw/zynqmp_pmufw_bsp/system.mss|system_0||

TRACE::2026-01-26.17:20:36::SCWMssOS::Sw design exists and opened at  C:/TFG_Vivado/demo/course_s2_Vitis/01_ps_hello/vitis/design_1_wrapper/zynqmp_fsbl/zynqmp_fsbl_bsp/system.mss
TRACE::2026-01-26.17:20:36::SCWPlatform::Trying to open the hw design at C:/TFG_Vivado/demo/course_s2_Vitis/01_ps_hello/vitis/design_1_wrapper/hw/design_1_wrapper.xsa
TRACE::2026-01-26.17:20:36::SCWPlatform::DSA given C:/TFG_Vivado/demo/course_s2_Vitis/01_ps_hello/vitis/design_1_wrapper/hw/design_1_wrapper.xsa
TRACE::2026-01-26.17:20:36::SCWPlatform::DSA absoulate path C:/TFG_Vivado/demo/course_s2_Vitis/01_ps_hello/vitis/design_1_wrapper/hw/design_1_wrapper.xsa
TRACE::2026-01-26.17:20:36::SCWPlatform::DSA directory C:/TFG_Vivado/demo/course_s2_Vitis/01_ps_hello/vitis/design_1_wrapper/hw
TRACE::2026-01-26.17:20:36::SCWPlatform:: Platform Path C:/TFG_Vivado/demo/course_s2_Vitis/01_ps_hello/vitis/design_1_wrapper/hw/design_1_wrapper.xsa
TRACE::2026-01-26.17:20:36::SCWPlatform:: Unique name xilinx:::0.0
TRACE::2026-01-26.17:20:36::SCWPlatform::Trying to set the existing hwdb with name design_1_wrapper_0
TRACE::2026-01-26.17:20:36::SCWPlatform::Opened existing hwdb design_1_wrapper_0
TRACE::2026-01-26.17:20:36::SCWPlatform::Found the Hw Db part of the input DSA
TRACE::2026-01-26.17:20:36::SCWMssOS::Checking the sw design at  C:/TFG_Vivado/demo/course_s2_Vitis/01_ps_hello/vitis/design_1_wrapper/zynqmp_fsbl/zynqmp_fsbl_bsp/system.mss
TRACE::2026-01-26.17:20:36::SCWMssOS::DEBUG:  swdes dump  C:/TFG_Vivado/demo/course_s2_Vitis/01_ps_hello/vitis/design_1_wrapper/psu_cortexa53_0/standalone_psu_cortexa53_0/bsp/system.mss|system_1||
C:/TFG_Vivado/demo/course_s2_Vitis/01_ps_hello/vitis/design_1_wrapper/zynqmp_fsbl/zynqmp_fsbl_bsp/system.mss|system||
C:/TFG_Vivado/demo/course_s2_Vitis/01_ps_hello/vitis/design_1_wrapper/zynqmp_pmufw/zynqmp_pmufw_bsp/system.mss|system_0||

TRACE::2026-01-26.17:20:36::SCWMssOS::Sw design exists and opened at  C:/TFG_Vivado/demo/course_s2_Vitis/01_ps_hello/vitis/design_1_wrapper/zynqmp_fsbl/zynqmp_fsbl_bsp/system.mss
TRACE::2026-01-26.17:20:36::SCWPlatform::Trying to open the hw design at C:/TFG_Vivado/demo/course_s2_Vitis/01_ps_hello/vitis/design_1_wrapper/hw/design_1_wrapper.xsa
TRACE::2026-01-26.17:20:36::SCWPlatform::DSA given C:/TFG_Vivado/demo/course_s2_Vitis/01_ps_hello/vitis/design_1_wrapper/hw/design_1_wrapper.xsa
TRACE::2026-01-26.17:20:36::SCWPlatform::DSA absoulate path C:/TFG_Vivado/demo/course_s2_Vitis/01_ps_hello/vitis/design_1_wrapper/hw/design_1_wrapper.xsa
TRACE::2026-01-26.17:20:36::SCWPlatform::DSA directory C:/TFG_Vivado/demo/course_s2_Vitis/01_ps_hello/vitis/design_1_wrapper/hw
TRACE::2026-01-26.17:20:36::SCWPlatform:: Platform Path C:/TFG_Vivado/demo/course_s2_Vitis/01_ps_hello/vitis/design_1_wrapper/hw/design_1_wrapper.xsa
TRACE::2026-01-26.17:20:36::SCWPlatform:: Unique name xilinx:::0.0
TRACE::2026-01-26.17:20:36::SCWPlatform::Trying to set the existing hwdb with name design_1_wrapper_0
TRACE::2026-01-26.17:20:36::SCWPlatform::Opened existing hwdb design_1_wrapper_0
TRACE::2026-01-26.17:20:36::SCWPlatform::Found the Hw Db part of the input DSA
TRACE::2026-01-26.17:20:36::SCWMssOS::Checking the sw design at  C:/TFG_Vivado/demo/course_s2_Vitis/01_ps_hello/vitis/design_1_wrapper/zynqmp_fsbl/zynqmp_fsbl_bsp/system.mss
TRACE::2026-01-26.17:20:36::SCWMssOS::DEBUG:  swdes dump  C:/TFG_Vivado/demo/course_s2_Vitis/01_ps_hello/vitis/design_1_wrapper/psu_cortexa53_0/standalone_psu_cortexa53_0/bsp/system.mss|system_1||
C:/TFG_Vivado/demo/course_s2_Vitis/01_ps_hello/vitis/design_1_wrapper/zynqmp_fsbl/zynqmp_fsbl_bsp/system.mss|system||
C:/TFG_Vivado/demo/course_s2_Vitis/01_ps_hello/vitis/design_1_wrapper/zynqmp_pmufw/zynqmp_pmufw_bsp/system.mss|system_0||

TRACE::2026-01-26.17:20:36::SCWMssOS::Sw design exists and opened at  C:/TFG_Vivado/demo/course_s2_Vitis/01_ps_hello/vitis/design_1_wrapper/zynqmp_fsbl/zynqmp_fsbl_bsp/system.mss
TRACE::2026-01-26.17:20:36::SCWPlatform::Trying to open the hw design at C:/TFG_Vivado/demo/course_s2_Vitis/01_ps_hello/vitis/design_1_wrapper/hw/design_1_wrapper.xsa
TRACE::2026-01-26.17:20:36::SCWPlatform::DSA given C:/TFG_Vivado/demo/course_s2_Vitis/01_ps_hello/vitis/design_1_wrapper/hw/design_1_wrapper.xsa
TRACE::2026-01-26.17:20:36::SCWPlatform::DSA absoulate path C:/TFG_Vivado/demo/course_s2_Vitis/01_ps_hello/vitis/design_1_wrapper/hw/design_1_wrapper.xsa
TRACE::2026-01-26.17:20:36::SCWPlatform::DSA directory C:/TFG_Vivado/demo/course_s2_Vitis/01_ps_hello/vitis/design_1_wrapper/hw
TRACE::2026-01-26.17:20:36::SCWPlatform:: Platform Path C:/TFG_Vivado/demo/course_s2_Vitis/01_ps_hello/vitis/design_1_wrapper/hw/design_1_wrapper.xsa
TRACE::2026-01-26.17:20:36::SCWPlatform:: Unique name xilinx:::0.0
TRACE::2026-01-26.17:20:36::SCWPlatform::Trying to set the existing hwdb with name design_1_wrapper_0
TRACE::2026-01-26.17:20:36::SCWPlatform::Opened existing hwdb design_1_wrapper_0
TRACE::2026-01-26.17:20:36::SCWPlatform::Found the Hw Db part of the input DSA
TRACE::2026-01-26.17:20:36::SCWMssOS::Checking the sw design at  C:/TFG_Vivado/demo/course_s2_Vitis/01_ps_hello/vitis/design_1_wrapper/zynqmp_pmufw/zynqmp_pmufw_bsp/system.mss
TRACE::2026-01-26.17:20:36::SCWMssOS::DEBUG:  swdes dump  C:/TFG_Vivado/demo/course_s2_Vitis/01_ps_hello/vitis/design_1_wrapper/psu_cortexa53_0/standalone_psu_cortexa53_0/bsp/system.mss|system_1||
C:/TFG_Vivado/demo/course_s2_Vitis/01_ps_hello/vitis/design_1_wrapper/zynqmp_fsbl/zynqmp_fsbl_bsp/system.mss|system||
C:/TFG_Vivado/demo/course_s2_Vitis/01_ps_hello/vitis/design_1_wrapper/zynqmp_pmufw/zynqmp_pmufw_bsp/system.mss|system_0||

TRACE::2026-01-26.17:20:36::SCWMssOS::Sw design exists and opened at  C:/TFG_Vivado/demo/course_s2_Vitis/01_ps_hello/vitis/design_1_wrapper/zynqmp_pmufw/zynqmp_pmufw_bsp/system.mss
TRACE::2026-01-26.17:20:36::SCWPlatform::Trying to open the hw design at C:/TFG_Vivado/demo/course_s2_Vitis/01_ps_hello/vitis/design_1_wrapper/hw/design_1_wrapper.xsa
TRACE::2026-01-26.17:20:36::SCWPlatform::DSA given C:/TFG_Vivado/demo/course_s2_Vitis/01_ps_hello/vitis/design_1_wrapper/hw/design_1_wrapper.xsa
TRACE::2026-01-26.17:20:36::SCWPlatform::DSA absoulate path C:/TFG_Vivado/demo/course_s2_Vitis/01_ps_hello/vitis/design_1_wrapper/hw/design_1_wrapper.xsa
TRACE::2026-01-26.17:20:36::SCWPlatform::DSA directory C:/TFG_Vivado/demo/course_s2_Vitis/01_ps_hello/vitis/design_1_wrapper/hw
TRACE::2026-01-26.17:20:36::SCWPlatform:: Platform Path C:/TFG_Vivado/demo/course_s2_Vitis/01_ps_hello/vitis/design_1_wrapper/hw/design_1_wrapper.xsa
TRACE::2026-01-26.17:20:36::SCWPlatform:: Unique name xilinx:::0.0
TRACE::2026-01-26.17:20:36::SCWPlatform::Trying to set the existing hwdb with name design_1_wrapper_0
TRACE::2026-01-26.17:20:36::SCWPlatform::Opened existing hwdb design_1_wrapper_0
TRACE::2026-01-26.17:20:36::SCWPlatform::Found the Hw Db part of the input DSA
TRACE::2026-01-26.17:20:36::SCWMssOS::Checking the sw design at  C:/TFG_Vivado/demo/course_s2_Vitis/01_ps_hello/vitis/design_1_wrapper/zynqmp_pmufw/zynqmp_pmufw_bsp/system.mss
TRACE::2026-01-26.17:20:36::SCWMssOS::DEBUG:  swdes dump  C:/TFG_Vivado/demo/course_s2_Vitis/01_ps_hello/vitis/design_1_wrapper/psu_cortexa53_0/standalone_psu_cortexa53_0/bsp/system.mss|system_1||
C:/TFG_Vivado/demo/course_s2_Vitis/01_ps_hello/vitis/design_1_wrapper/zynqmp_fsbl/zynqmp_fsbl_bsp/system.mss|system||
C:/TFG_Vivado/demo/course_s2_Vitis/01_ps_hello/vitis/design_1_wrapper/zynqmp_pmufw/zynqmp_pmufw_bsp/system.mss|system_0||

TRACE::2026-01-26.17:20:36::SCWMssOS::Sw design exists and opened at  C:/TFG_Vivado/demo/course_s2_Vitis/01_ps_hello/vitis/design_1_wrapper/zynqmp_pmufw/zynqmp_pmufw_bsp/system.mss
TRACE::2026-01-26.17:20:36::SCWPlatform::Trying to open the hw design at C:/TFG_Vivado/demo/course_s2_Vitis/01_ps_hello/vitis/design_1_wrapper/hw/design_1_wrapper.xsa
TRACE::2026-01-26.17:20:36::SCWPlatform::DSA given C:/TFG_Vivado/demo/course_s2_Vitis/01_ps_hello/vitis/design_1_wrapper/hw/design_1_wrapper.xsa
TRACE::2026-01-26.17:20:36::SCWPlatform::DSA absoulate path C:/TFG_Vivado/demo/course_s2_Vitis/01_ps_hello/vitis/design_1_wrapper/hw/design_1_wrapper.xsa
TRACE::2026-01-26.17:20:36::SCWPlatform::DSA directory C:/TFG_Vivado/demo/course_s2_Vitis/01_ps_hello/vitis/design_1_wrapper/hw
TRACE::2026-01-26.17:20:36::SCWPlatform:: Platform Path C:/TFG_Vivado/demo/course_s2_Vitis/01_ps_hello/vitis/design_1_wrapper/hw/design_1_wrapper.xsa
TRACE::2026-01-26.17:20:36::SCWPlatform:: Unique name xilinx:::0.0
TRACE::2026-01-26.17:20:36::SCWPlatform::Trying to set the existing hwdb with name design_1_wrapper_0
TRACE::2026-01-26.17:20:36::SCWPlatform::Opened existing hwdb design_1_wrapper_0
TRACE::2026-01-26.17:20:36::SCWPlatform::Found the Hw Db part of the input DSA
TRACE::2026-01-26.17:20:36::SCWMssOS::Checking the sw design at  C:/TFG_Vivado/demo/course_s2_Vitis/01_ps_hello/vitis/design_1_wrapper/zynqmp_pmufw/zynqmp_pmufw_bsp/system.mss
TRACE::2026-01-26.17:20:36::SCWMssOS::DEBUG:  swdes dump  C:/TFG_Vivado/demo/course_s2_Vitis/01_ps_hello/vitis/design_1_wrapper/psu_cortexa53_0/standalone_psu_cortexa53_0/bsp/system.mss|system_1||
C:/TFG_Vivado/demo/course_s2_Vitis/01_ps_hello/vitis/design_1_wrapper/zynqmp_fsbl/zynqmp_fsbl_bsp/system.mss|system||
C:/TFG_Vivado/demo/course_s2_Vitis/01_ps_hello/vitis/design_1_wrapper/zynqmp_pmufw/zynqmp_pmufw_bsp/system.mss|system_0||

TRACE::2026-01-26.17:20:36::SCWMssOS::Sw design exists and opened at  C:/TFG_Vivado/demo/course_s2_Vitis/01_ps_hello/vitis/design_1_wrapper/zynqmp_pmufw/zynqmp_pmufw_bsp/system.mss
TRACE::2026-01-26.17:20:36::SCWPlatform::Trying to open the hw design at C:/TFG_Vivado/demo/course_s2_Vitis/01_ps_hello/vitis/design_1_wrapper/hw/design_1_wrapper.xsa
TRACE::2026-01-26.17:20:36::SCWPlatform::DSA given C:/TFG_Vivado/demo/course_s2_Vitis/01_ps_hello/vitis/design_1_wrapper/hw/design_1_wrapper.xsa
TRACE::2026-01-26.17:20:36::SCWPlatform::DSA absoulate path C:/TFG_Vivado/demo/course_s2_Vitis/01_ps_hello/vitis/design_1_wrapper/hw/design_1_wrapper.xsa
TRACE::2026-01-26.17:20:36::SCWPlatform::DSA directory C:/TFG_Vivado/demo/course_s2_Vitis/01_ps_hello/vitis/design_1_wrapper/hw
TRACE::2026-01-26.17:20:36::SCWPlatform:: Platform Path C:/TFG_Vivado/demo/course_s2_Vitis/01_ps_hello/vitis/design_1_wrapper/hw/design_1_wrapper.xsa
TRACE::2026-01-26.17:20:36::SCWPlatform:: Unique name xilinx:::0.0
TRACE::2026-01-26.17:20:36::SCWPlatform::Trying to set the existing hwdb with name design_1_wrapper_0
TRACE::2026-01-26.17:20:36::SCWPlatform::Opened existing hwdb design_1_wrapper_0
TRACE::2026-01-26.17:20:36::SCWPlatform::Found the Hw Db part of the input DSA
TRACE::2026-01-26.17:20:36::SCWMssOS::Checking the sw design at  C:/TFG_Vivado/demo/course_s2_Vitis/01_ps_hello/vitis/design_1_wrapper/psu_cortexa53_0/standalone_psu_cortexa53_0/bsp/system.mss
TRACE::2026-01-26.17:20:36::SCWMssOS::DEBUG:  swdes dump  C:/TFG_Vivado/demo/course_s2_Vitis/01_ps_hello/vitis/design_1_wrapper/psu_cortexa53_0/standalone_psu_cortexa53_0/bsp/system.mss|system_1||
C:/TFG_Vivado/demo/course_s2_Vitis/01_ps_hello/vitis/design_1_wrapper/zynqmp_fsbl/zynqmp_fsbl_bsp/system.mss|system||
C:/TFG_Vivado/demo/course_s2_Vitis/01_ps_hello/vitis/design_1_wrapper/zynqmp_pmufw/zynqmp_pmufw_bsp/system.mss|system_0||

TRACE::2026-01-26.17:20:36::SCWMssOS::Sw design exists and opened at  C:/TFG_Vivado/demo/course_s2_Vitis/01_ps_hello/vitis/design_1_wrapper/psu_cortexa53_0/standalone_psu_cortexa53_0/bsp/system.mss
TRACE::2026-01-26.17:20:36::SCWPlatform::Trying to open the hw design at C:/TFG_Vivado/demo/course_s2_Vitis/01_ps_hello/vitis/design_1_wrapper/hw/design_1_wrapper.xsa
TRACE::2026-01-26.17:20:36::SCWPlatform::DSA given C:/TFG_Vivado/demo/course_s2_Vitis/01_ps_hello/vitis/design_1_wrapper/hw/design_1_wrapper.xsa
TRACE::2026-01-26.17:20:36::SCWPlatform::DSA absoulate path C:/TFG_Vivado/demo/course_s2_Vitis/01_ps_hello/vitis/design_1_wrapper/hw/design_1_wrapper.xsa
TRACE::2026-01-26.17:20:36::SCWPlatform::DSA directory C:/TFG_Vivado/demo/course_s2_Vitis/01_ps_hello/vitis/design_1_wrapper/hw
TRACE::2026-01-26.17:20:36::SCWPlatform:: Platform Path C:/TFG_Vivado/demo/course_s2_Vitis/01_ps_hello/vitis/design_1_wrapper/hw/design_1_wrapper.xsa
TRACE::2026-01-26.17:20:36::SCWPlatform:: Unique name xilinx:::0.0
TRACE::2026-01-26.17:20:36::SCWPlatform::Trying to set the existing hwdb with name design_1_wrapper_0
TRACE::2026-01-26.17:20:36::SCWPlatform::Opened existing hwdb design_1_wrapper_0
TRACE::2026-01-26.17:20:36::SCWPlatform::Found the Hw Db part of the input DSA
TRACE::2026-01-26.17:20:36::SCWMssOS::Checking the sw design at  C:/TFG_Vivado/demo/course_s2_Vitis/01_ps_hello/vitis/design_1_wrapper/psu_cortexa53_0/standalone_psu_cortexa53_0/bsp/system.mss
TRACE::2026-01-26.17:20:36::SCWMssOS::DEBUG:  swdes dump  C:/TFG_Vivado/demo/course_s2_Vitis/01_ps_hello/vitis/design_1_wrapper/psu_cortexa53_0/standalone_psu_cortexa53_0/bsp/system.mss|system_1||
C:/TFG_Vivado/demo/course_s2_Vitis/01_ps_hello/vitis/design_1_wrapper/zynqmp_fsbl/zynqmp_fsbl_bsp/system.mss|system||
C:/TFG_Vivado/demo/course_s2_Vitis/01_ps_hello/vitis/design_1_wrapper/zynqmp_pmufw/zynqmp_pmufw_bsp/system.mss|system_0||

TRACE::2026-01-26.17:20:36::SCWMssOS::Sw design exists and opened at  C:/TFG_Vivado/demo/course_s2_Vitis/01_ps_hello/vitis/design_1_wrapper/psu_cortexa53_0/standalone_psu_cortexa53_0/bsp/system.mss
TRACE::2026-01-26.17:20:36::SCWPlatform::Trying to open the hw design at C:/TFG_Vivado/demo/course_s2_Vitis/01_ps_hello/vitis/design_1_wrapper/hw/design_1_wrapper.xsa
TRACE::2026-01-26.17:20:36::SCWPlatform::DSA given C:/TFG_Vivado/demo/course_s2_Vitis/01_ps_hello/vitis/design_1_wrapper/hw/design_1_wrapper.xsa
TRACE::2026-01-26.17:20:36::SCWPlatform::DSA absoulate path C:/TFG_Vivado/demo/course_s2_Vitis/01_ps_hello/vitis/design_1_wrapper/hw/design_1_wrapper.xsa
TRACE::2026-01-26.17:20:36::SCWPlatform::DSA directory C:/TFG_Vivado/demo/course_s2_Vitis/01_ps_hello/vitis/design_1_wrapper/hw
TRACE::2026-01-26.17:20:36::SCWPlatform:: Platform Path C:/TFG_Vivado/demo/course_s2_Vitis/01_ps_hello/vitis/design_1_wrapper/hw/design_1_wrapper.xsa
TRACE::2026-01-26.17:20:36::SCWPlatform:: Unique name xilinx:::0.0
TRACE::2026-01-26.17:20:36::SCWPlatform::Trying to set the existing hwdb with name design_1_wrapper_0
TRACE::2026-01-26.17:20:36::SCWPlatform::Opened existing hwdb design_1_wrapper_0
TRACE::2026-01-26.17:20:36::SCWPlatform::Found the Hw Db part of the input DSA
TRACE::2026-01-26.17:20:36::SCWMssOS::Checking the sw design at  C:/TFG_Vivado/demo/course_s2_Vitis/01_ps_hello/vitis/design_1_wrapper/psu_cortexa53_0/standalone_psu_cortexa53_0/bsp/system.mss
TRACE::2026-01-26.17:20:36::SCWMssOS::DEBUG:  swdes dump  C:/TFG_Vivado/demo/course_s2_Vitis/01_ps_hello/vitis/design_1_wrapper/psu_cortexa53_0/standalone_psu_cortexa53_0/bsp/system.mss|system_1||
C:/TFG_Vivado/demo/course_s2_Vitis/01_ps_hello/vitis/design_1_wrapper/zynqmp_fsbl/zynqmp_fsbl_bsp/system.mss|system||
C:/TFG_Vivado/demo/course_s2_Vitis/01_ps_hello/vitis/design_1_wrapper/zynqmp_pmufw/zynqmp_pmufw_bsp/system.mss|system_0||

TRACE::2026-01-26.17:20:36::SCWMssOS::Sw design exists and opened at  C:/TFG_Vivado/demo/course_s2_Vitis/01_ps_hello/vitis/design_1_wrapper/psu_cortexa53_0/standalone_psu_cortexa53_0/bsp/system.mss
TRACE::2026-01-26.17:20:36::SCWWriter::formatted JSON is {
	"platformName":	"design_1_wrapper",
	"sprVersion":	"2.0",
	"mode":	"gui",
	"dsaType":	"Fixed",
	"platformDesc":	"design_1_wrapper",
	"platHandOff":	"<platformDir>.xsa",
	"platIntHandOff":	"<platformDir>/hw/design_1_wrapper.xsa",
	"deviceType":	"zynqMP",
	"platIsPrebuiltAutogen":	"false",
	"platIsNoBootBsp":	"false",
	"platFsblTarget":	"psu_cortexa53_0",
	"hasFsblMakeHasChanges":	"false",
	"hasPmufwMakeHasChanges":	"false",
	"fsblExtraCompilerFlags":	"-MMD -MP      -Wall -fmessage-length=0 -DARMA53_64 -Os -flto -ffat-lto-objects  ",
	"pmufwExtraCompilerFlags":	"-MMD -MP      -mlittle-endian -mxl-barrel-shift -mxl-pattern-compare -mcpu=v9.2 -mxl-soft-mul -Os -flto -ffat-lto-objects  ",
	"platPreBuiltFlag":	false,
	"platformSamplesDir":	"",
	"platActiveSys":	"design_1_wrapper",
	"systems":	[{
			"systemName":	"design_1_wrapper",
			"systemDesc":	"design_1_wrapper",
			"sysIsBootAutoGen":	"true",
			"systemDispName":	"design_1_wrapper",
			"sysActiveDom":	"standalone_psu_cortexa53_0",
			"sysDefaultDom":	"standalone_psu_cortexa53_0",
			"domains":	[{
					"domainName":	"zynqmp_fsbl",
					"domainDispName":	"zynqmp_fsbl",
					"domainDesc":	"FSBL Application BSP - Auto Generated.",
					"processors":	"psu_cortexa53_0",
					"os":	"standalone",
					"sdxOs":	"standalone",
					"debugEnable":	"",
					"domRuntimes":	["cpp"],
					"swRepo":	"",
					"mssOsVer":	"8.1",
					"mssFile":	"",
					"md5Digest":	"50ffef4a883d3ea676765d60b786a6e4",
					"compatibleApp":	"zynqmp_fsbl",
					"domType":	"bootDomain",
					"arch":	"64-bit",
					"appSettings":	{
						"appCompilerFlags":	"",
						"appLinkerFlags":	""
					},
					"addedLibs":	["xilffs:5.0", "xilsecure:5.1", "xilpm:5.0"],
					"libOptions":	{
						"standalone":	{
							"zynqmp_fsbl_bsp":	"true",
							"libOptionNames":	["zynqmp_fsbl_bsp"]
						},
						"xilffs":	{
							"read_only":	"true",
							"use_mkfs":	"false",
							"libOptionNames":	["read_only", "use_mkfs"]
						},
						"xilsecure":	{
							"tpm_support":	"true",
							"libOptionNames":	["tpm_support"]
						},
						"libsContainingOptions":	["standalone", "xilffs", "xilsecure"]
					},
					"prebuiltLibs":	{
						"prebuiltIncPath":	[],
						"prebuiltLibPath":	[]
					},
					"isolation":	{
					}
				}, {
					"domainName":	"zynqmp_pmufw",
					"domainDispName":	"zynqmp_pmufw",
					"domainDesc":	"PMUFW Application BSP - Auto Generated.",
					"processors":	"psu_pmu_0",
					"os":	"standalone",
					"sdxOs":	"standalone",
					"debugEnable":	"",
					"domRuntimes":	["cpp"],
					"swRepo":	"",
					"mssOsVer":	"8.1",
					"mssFile":	"",
					"md5Digest":	"f53f944c509d63eeaedc429f0d902726",
					"compatibleApp":	"zynqmp_pmufw",
					"domType":	"bootDomain",
					"arch":	"32-bit",
					"appSettings":	{
						"appCompilerFlags":	"",
						"appLinkerFlags":	""
					},
					"addedLibs":	["xilfpga:6.4", "xilsecure:5.1", "xilskey:7.4"],
					"libOptions":	{
						"psu_pmu_0":	{
							"extra_compiler_flags":	"-g -ffunction-sections -fdata-sections -Wall -Wextra -fno-tree-loop-distribute-patterns  -Os -flto -ffat-lto-objects",
							"libOptionNames":	["extra_compiler_flags"]
						},
						"libsContainingOptions":	["psu_pmu_0"]
					},
					"prebuiltLibs":	{
						"prebuiltIncPath":	[],
						"prebuiltLibPath":	[]
					},
					"isolation":	{
					}
				}, {
					"domainName":	"standalone_psu_cortexa53_0",
					"domainDispName":	"standalone_psu_cortexa53_0",
					"domainDesc":	"standalone_psu_cortexa53_0",
					"processors":	"psu_cortexa53_0",
					"os":	"standalone",
					"sdxOs":	"standalone",
					"qemuArgs":	"<platformDir>/resources/design_1_wrapper/standalone_psu_cortexa53_0/qemu_args.txt",
					"qemuData":	"<platformDir>/resources/design_1_wrapper/standalone_psu_cortexa53_0/qemu",
					"pmuQemuArgs":	"<platformDir>/resources/design_1_wrapper/standalone_psu_cortexa53_0/pmu_args.txt",
					"debugEnable":	"False",
					"domRuntimes":	["cpp"],
					"swRepo":	"",
					"mssOsVer":	"8.1",
					"mssFile":	"",
					"md5Digest":	"7824a2544f94f615c7699fb2e7b9fe4e",
					"compatibleApp":	"hello_world",
					"domType":	"mssDomain",
					"arch":	"64-bit",
					"appSettings":	{
						"appCompilerFlags":	"",
						"appLinkerFlags":	""
					},
					"addedLibs":	[],
					"libOptions":	{
						"libsContainingOptions":	[]
					},
					"prebuiltLibs":	{
						"prebuiltIncPath":	[],
						"prebuiltLibPath":	[]
					},
					"isolation":	{
					}
				}]
		}]
}
LOG::2026-01-26.17:20:36::SCWPlatform::Started generating the artifacts platform design_1_wrapper
TRACE::2026-01-26.17:20:36::SCWPlatform::Sanity checking of platform is completed
LOG::2026-01-26.17:20:36::SCWPlatform::Started generating the artifacts for system configuration design_1_wrapper
LOG::2026-01-26.17:20:36::SCWSystem::Started Processing the domain standalone_psu_cortexa53_0
TRACE::2026-01-26.17:20:36::SCWDomain::Generating domain artifcats
TRACE::2026-01-26.17:20:36::SCWMssOS::Generating standalone artifcats
TRACE::2026-01-26.17:20:36::SCWMssOS::Copying the qemu file from  C:/TFG_Vivado/demo/course_s2_Vitis/01_ps_hello/vitis/design_1_wrapper/resources/design_1_wrapper/standalone_psu_cortexa53_0/qemu_args.txt To C:/TFG_Vivado/demo/course_s2_Vitis/01_ps_hello/vitis/design_1_wrapper/export/design_1_wrapper/sw/design_1_wrapper/qemu/
TRACE::2026-01-26.17:20:36::SCWMssOS::Copying the qemu file from  C:/TFG_Vivado/demo/course_s2_Vitis/01_ps_hello/vitis/design_1_wrapper/resources/design_1_wrapper/standalone_psu_cortexa53_0/qemu_args.txt To C:/TFG_Vivado/demo/course_s2_Vitis/01_ps_hello/vitis/design_1_wrapper/export/design_1_wrapper/sw/design_1_wrapper/qemu/
TRACE::2026-01-26.17:20:36::SCWMssOS::Copying the qemu file from  C:/TFG_Vivado/demo/course_s2_Vitis/01_ps_hello/vitis/design_1_wrapper/resources/design_1_wrapper/standalone_psu_cortexa53_0/qemu_args.txt To C:/TFG_Vivado/demo/course_s2_Vitis/01_ps_hello/vitis/design_1_wrapper/export/design_1_wrapper/sw/design_1_wrapper/standalone_psu_cortexa53_0/qemu/
TRACE::2026-01-26.17:20:36::SCWMssOS::Copying the qemu file from  C:/TFG_Vivado/demo/course_s2_Vitis/01_ps_hello/vitis/design_1_wrapper/resources/design_1_wrapper/standalone_psu_cortexa53_0/qemu_args.txt To C:/TFG_Vivado/demo/course_s2_Vitis/01_ps_hello/vitis/design_1_wrapper/export/design_1_wrapper/sw/design_1_wrapper/standalone_psu_cortexa53_0/qemu/
TRACE::2026-01-26.17:20:36::SCWMssOS:: Copying the user libraries. 
TRACE::2026-01-26.17:20:36::SCWPlatform::Trying to open the hw design at C:/TFG_Vivado/demo/course_s2_Vitis/01_ps_hello/vitis/design_1_wrapper/hw/design_1_wrapper.xsa
TRACE::2026-01-26.17:20:36::SCWPlatform::DSA given C:/TFG_Vivado/demo/course_s2_Vitis/01_ps_hello/vitis/design_1_wrapper/hw/design_1_wrapper.xsa
TRACE::2026-01-26.17:20:36::SCWPlatform::DSA absoulate path C:/TFG_Vivado/demo/course_s2_Vitis/01_ps_hello/vitis/design_1_wrapper/hw/design_1_wrapper.xsa
TRACE::2026-01-26.17:20:36::SCWPlatform::DSA directory C:/TFG_Vivado/demo/course_s2_Vitis/01_ps_hello/vitis/design_1_wrapper/hw
TRACE::2026-01-26.17:20:36::SCWPlatform:: Platform Path C:/TFG_Vivado/demo/course_s2_Vitis/01_ps_hello/vitis/design_1_wrapper/hw/design_1_wrapper.xsa
TRACE::2026-01-26.17:20:36::SCWPlatform:: Unique name xilinx:::0.0
TRACE::2026-01-26.17:20:36::SCWPlatform::Trying to set the existing hwdb with name design_1_wrapper_0
TRACE::2026-01-26.17:20:36::SCWPlatform::Opened existing hwdb design_1_wrapper_0
TRACE::2026-01-26.17:20:36::SCWPlatform::Found the Hw Db part of the input DSA
TRACE::2026-01-26.17:20:36::SCWMssOS::Checking the sw design at  C:/TFG_Vivado/demo/course_s2_Vitis/01_ps_hello/vitis/design_1_wrapper/psu_cortexa53_0/standalone_psu_cortexa53_0/bsp/system.mss
TRACE::2026-01-26.17:20:36::SCWMssOS::DEBUG:  swdes dump  C:/TFG_Vivado/demo/course_s2_Vitis/01_ps_hello/vitis/design_1_wrapper/psu_cortexa53_0/standalone_psu_cortexa53_0/bsp/system.mss|system_1||
C:/TFG_Vivado/demo/course_s2_Vitis/01_ps_hello/vitis/design_1_wrapper/zynqmp_fsbl/zynqmp_fsbl_bsp/system.mss|system||
C:/TFG_Vivado/demo/course_s2_Vitis/01_ps_hello/vitis/design_1_wrapper/zynqmp_pmufw/zynqmp_pmufw_bsp/system.mss|system_0||

TRACE::2026-01-26.17:20:36::SCWMssOS::Sw design exists and opened at  C:/TFG_Vivado/demo/course_s2_Vitis/01_ps_hello/vitis/design_1_wrapper/psu_cortexa53_0/standalone_psu_cortexa53_0/bsp/system.mss
TRACE::2026-01-26.17:20:36::SCWMssOS::Completed writing the mss file at C:/TFG_Vivado/demo/course_s2_Vitis/01_ps_hello/vitis/design_1_wrapper/psu_cortexa53_0/standalone_psu_cortexa53_0/bsp
TRACE::2026-01-26.17:20:36::SCWMssOS::Mss edits present, copying mssfile into export location C:/TFG_Vivado/demo/course_s2_Vitis/01_ps_hello/vitis/design_1_wrapper/psu_cortexa53_0/standalone_psu_cortexa53_0/bsp/system.mss
TRACE::2026-01-26.17:20:36::SCWMssOS::bsp generated is upto date with the mss file. Skipping bsp generation.
TRACE::2026-01-26.17:20:36::SCWMssOS::BSP is already built. skipping the bsp build ... 
TRACE::2026-01-26.17:20:36::SCWDomain::Building the domain as part of full build :  standalone_psu_cortexa53_0
TRACE::2026-01-26.17:20:36::SCWMssOS::skipping the bsp build ... 
TRACE::2026-01-26.17:20:36::SCWMssOS::Copying to export directory.
TRACE::2026-01-26.17:20:36::SCWMssOS:: Checking if to create the Supporting Applications
TRACE::2026-01-26.17:20:36::SCWMssOS:: No Linux domain exists, trying to generate FSBL 
TRACE::2026-01-26.17:20:36::SCWMssOS:: Completed Standalone Artifacts creation 
LOG::2026-01-26.17:20:36::SCWSystem::Completed Processing the domain standalone_psu_cortexa53_0
LOG::2026-01-26.17:20:36::SCWSystem::Completed Processing the sysconfig design_1_wrapper
LOG::2026-01-26.17:20:36::SCWPlatform::Completed generating the artifacts for system configuration design_1_wrapper
TRACE::2026-01-26.17:20:36::SCWPlatform::Started preparing the platform 
TRACE::2026-01-26.17:20:36::SCWSystem::Writing the bif file for system config design_1_wrapper
TRACE::2026-01-26.17:20:36::SCWSystem::dir created 
TRACE::2026-01-26.17:20:36::SCWSystem::Writing the bif 
TRACE::2026-01-26.17:20:36::SCWPlatform::Started writing the spfm file 
TRACE::2026-01-26.17:20:36::SCWPlatform::Started writing the xpfm file 
TRACE::2026-01-26.17:20:36::SCWPlatform::Completed generating the platform
TRACE::2026-01-26.17:20:36::SCWMssOS::Saving the mss changes C:/TFG_Vivado/demo/course_s2_Vitis/01_ps_hello/vitis/design_1_wrapper/zynqmp_fsbl/zynqmp_fsbl_bsp/system.mss
TRACE::2026-01-26.17:20:36::SCWMssOS::Found a swdesign opened with the mssfile.
TRACE::2026-01-26.17:20:36::SCWMssOS::Completed writemss as part of save.
TRACE::2026-01-26.17:20:36::SCWMssOS::Commit changes completed.
TRACE::2026-01-26.17:20:36::SCWMssOS::Saving the mss changes C:/TFG_Vivado/demo/course_s2_Vitis/01_ps_hello/vitis/design_1_wrapper/zynqmp_pmufw/zynqmp_pmufw_bsp/system.mss
TRACE::2026-01-26.17:20:36::SCWMssOS::Found a swdesign opened with the mssfile.
TRACE::2026-01-26.17:20:36::SCWMssOS::Completed writemss as part of save.
TRACE::2026-01-26.17:20:36::SCWMssOS::Commit changes completed.
TRACE::2026-01-26.17:20:36::SCWMssOS::Saving the mss changes C:/TFG_Vivado/demo/course_s2_Vitis/01_ps_hello/vitis/design_1_wrapper/psu_cortexa53_0/standalone_psu_cortexa53_0/bsp/system.mss
TRACE::2026-01-26.17:20:36::SCWMssOS::Found a swdesign opened with the mssfile.
TRACE::2026-01-26.17:20:36::SCWMssOS::Completed writemss as part of save.
TRACE::2026-01-26.17:20:36::SCWMssOS::Commit changes completed.
TRACE::2026-01-26.17:20:36::SCWPlatform::Trying to open the hw design at C:/TFG_Vivado/demo/course_s2_Vitis/01_ps_hello/vitis/design_1_wrapper/hw/design_1_wrapper.xsa
TRACE::2026-01-26.17:20:36::SCWPlatform::DSA given C:/TFG_Vivado/demo/course_s2_Vitis/01_ps_hello/vitis/design_1_wrapper/hw/design_1_wrapper.xsa
TRACE::2026-01-26.17:20:36::SCWPlatform::DSA absoulate path C:/TFG_Vivado/demo/course_s2_Vitis/01_ps_hello/vitis/design_1_wrapper/hw/design_1_wrapper.xsa
TRACE::2026-01-26.17:20:36::SCWPlatform::DSA directory C:/TFG_Vivado/demo/course_s2_Vitis/01_ps_hello/vitis/design_1_wrapper/hw
TRACE::2026-01-26.17:20:36::SCWPlatform:: Platform Path C:/TFG_Vivado/demo/course_s2_Vitis/01_ps_hello/vitis/design_1_wrapper/hw/design_1_wrapper.xsa
TRACE::2026-01-26.17:20:36::SCWPlatform:: Unique name xilinx:::0.0
TRACE::2026-01-26.17:20:36::SCWPlatform::Trying to set the existing hwdb with name design_1_wrapper_0
TRACE::2026-01-26.17:20:36::SCWPlatform::Opened existing hwdb design_1_wrapper_0
TRACE::2026-01-26.17:20:36::SCWPlatform::Found the Hw Db part of the input DSA
TRACE::2026-01-26.17:20:36::SCWMssOS::Checking the sw design at  C:/TFG_Vivado/demo/course_s2_Vitis/01_ps_hello/vitis/design_1_wrapper/zynqmp_fsbl/zynqmp_fsbl_bsp/system.mss
TRACE::2026-01-26.17:20:36::SCWMssOS::DEBUG:  swdes dump  C:/TFG_Vivado/demo/course_s2_Vitis/01_ps_hello/vitis/design_1_wrapper/psu_cortexa53_0/standalone_psu_cortexa53_0/bsp/system.mss|system_1||
C:/TFG_Vivado/demo/course_s2_Vitis/01_ps_hello/vitis/design_1_wrapper/zynqmp_fsbl/zynqmp_fsbl_bsp/system.mss|system||
C:/TFG_Vivado/demo/course_s2_Vitis/01_ps_hello/vitis/design_1_wrapper/zynqmp_pmufw/zynqmp_pmufw_bsp/system.mss|system_0||

TRACE::2026-01-26.17:20:36::SCWMssOS::Sw design exists and opened at  C:/TFG_Vivado/demo/course_s2_Vitis/01_ps_hello/vitis/design_1_wrapper/zynqmp_fsbl/zynqmp_fsbl_bsp/system.mss
TRACE::2026-01-26.17:20:36::SCWPlatform::Trying to open the hw design at C:/TFG_Vivado/demo/course_s2_Vitis/01_ps_hello/vitis/design_1_wrapper/hw/design_1_wrapper.xsa
TRACE::2026-01-26.17:20:36::SCWPlatform::DSA given C:/TFG_Vivado/demo/course_s2_Vitis/01_ps_hello/vitis/design_1_wrapper/hw/design_1_wrapper.xsa
TRACE::2026-01-26.17:20:36::SCWPlatform::DSA absoulate path C:/TFG_Vivado/demo/course_s2_Vitis/01_ps_hello/vitis/design_1_wrapper/hw/design_1_wrapper.xsa
TRACE::2026-01-26.17:20:36::SCWPlatform::DSA directory C:/TFG_Vivado/demo/course_s2_Vitis/01_ps_hello/vitis/design_1_wrapper/hw
TRACE::2026-01-26.17:20:36::SCWPlatform:: Platform Path C:/TFG_Vivado/demo/course_s2_Vitis/01_ps_hello/vitis/design_1_wrapper/hw/design_1_wrapper.xsa
TRACE::2026-01-26.17:20:36::SCWPlatform:: Unique name xilinx:::0.0
TRACE::2026-01-26.17:20:36::SCWPlatform::Trying to set the existing hwdb with name design_1_wrapper_0
TRACE::2026-01-26.17:20:36::SCWPlatform::Opened existing hwdb design_1_wrapper_0
TRACE::2026-01-26.17:20:36::SCWPlatform::Found the Hw Db part of the input DSA
TRACE::2026-01-26.17:20:36::SCWMssOS::Checking the sw design at  C:/TFG_Vivado/demo/course_s2_Vitis/01_ps_hello/vitis/design_1_wrapper/zynqmp_fsbl/zynqmp_fsbl_bsp/system.mss
TRACE::2026-01-26.17:20:36::SCWMssOS::DEBUG:  swdes dump  C:/TFG_Vivado/demo/course_s2_Vitis/01_ps_hello/vitis/design_1_wrapper/psu_cortexa53_0/standalone_psu_cortexa53_0/bsp/system.mss|system_1||
C:/TFG_Vivado/demo/course_s2_Vitis/01_ps_hello/vitis/design_1_wrapper/zynqmp_fsbl/zynqmp_fsbl_bsp/system.mss|system||
C:/TFG_Vivado/demo/course_s2_Vitis/01_ps_hello/vitis/design_1_wrapper/zynqmp_pmufw/zynqmp_pmufw_bsp/system.mss|system_0||

TRACE::2026-01-26.17:20:36::SCWMssOS::Sw design exists and opened at  C:/TFG_Vivado/demo/course_s2_Vitis/01_ps_hello/vitis/design_1_wrapper/zynqmp_fsbl/zynqmp_fsbl_bsp/system.mss
TRACE::2026-01-26.17:20:36::SCWPlatform::Trying to open the hw design at C:/TFG_Vivado/demo/course_s2_Vitis/01_ps_hello/vitis/design_1_wrapper/hw/design_1_wrapper.xsa
TRACE::2026-01-26.17:20:36::SCWPlatform::DSA given C:/TFG_Vivado/demo/course_s2_Vitis/01_ps_hello/vitis/design_1_wrapper/hw/design_1_wrapper.xsa
TRACE::2026-01-26.17:20:36::SCWPlatform::DSA absoulate path C:/TFG_Vivado/demo/course_s2_Vitis/01_ps_hello/vitis/design_1_wrapper/hw/design_1_wrapper.xsa
TRACE::2026-01-26.17:20:36::SCWPlatform::DSA directory C:/TFG_Vivado/demo/course_s2_Vitis/01_ps_hello/vitis/design_1_wrapper/hw
TRACE::2026-01-26.17:20:36::SCWPlatform:: Platform Path C:/TFG_Vivado/demo/course_s2_Vitis/01_ps_hello/vitis/design_1_wrapper/hw/design_1_wrapper.xsa
TRACE::2026-01-26.17:20:36::SCWPlatform:: Unique name xilinx:::0.0
TRACE::2026-01-26.17:20:36::SCWPlatform::Trying to set the existing hwdb with name design_1_wrapper_0
TRACE::2026-01-26.17:20:36::SCWPlatform::Opened existing hwdb design_1_wrapper_0
TRACE::2026-01-26.17:20:36::SCWPlatform::Found the Hw Db part of the input DSA
TRACE::2026-01-26.17:20:36::SCWMssOS::Checking the sw design at  C:/TFG_Vivado/demo/course_s2_Vitis/01_ps_hello/vitis/design_1_wrapper/zynqmp_fsbl/zynqmp_fsbl_bsp/system.mss
TRACE::2026-01-26.17:20:36::SCWMssOS::DEBUG:  swdes dump  C:/TFG_Vivado/demo/course_s2_Vitis/01_ps_hello/vitis/design_1_wrapper/psu_cortexa53_0/standalone_psu_cortexa53_0/bsp/system.mss|system_1||
C:/TFG_Vivado/demo/course_s2_Vitis/01_ps_hello/vitis/design_1_wrapper/zynqmp_fsbl/zynqmp_fsbl_bsp/system.mss|system||
C:/TFG_Vivado/demo/course_s2_Vitis/01_ps_hello/vitis/design_1_wrapper/zynqmp_pmufw/zynqmp_pmufw_bsp/system.mss|system_0||

TRACE::2026-01-26.17:20:36::SCWMssOS::Sw design exists and opened at  C:/TFG_Vivado/demo/course_s2_Vitis/01_ps_hello/vitis/design_1_wrapper/zynqmp_fsbl/zynqmp_fsbl_bsp/system.mss
TRACE::2026-01-26.17:20:36::SCWPlatform::Trying to open the hw design at C:/TFG_Vivado/demo/course_s2_Vitis/01_ps_hello/vitis/design_1_wrapper/hw/design_1_wrapper.xsa
TRACE::2026-01-26.17:20:37::SCWPlatform::DSA given C:/TFG_Vivado/demo/course_s2_Vitis/01_ps_hello/vitis/design_1_wrapper/hw/design_1_wrapper.xsa
TRACE::2026-01-26.17:20:37::SCWPlatform::DSA absoulate path C:/TFG_Vivado/demo/course_s2_Vitis/01_ps_hello/vitis/design_1_wrapper/hw/design_1_wrapper.xsa
TRACE::2026-01-26.17:20:37::SCWPlatform::DSA directory C:/TFG_Vivado/demo/course_s2_Vitis/01_ps_hello/vitis/design_1_wrapper/hw
TRACE::2026-01-26.17:20:37::SCWPlatform:: Platform Path C:/TFG_Vivado/demo/course_s2_Vitis/01_ps_hello/vitis/design_1_wrapper/hw/design_1_wrapper.xsa
TRACE::2026-01-26.17:20:37::SCWPlatform:: Unique name xilinx:::0.0
TRACE::2026-01-26.17:20:37::SCWPlatform::Trying to set the existing hwdb with name design_1_wrapper_0
TRACE::2026-01-26.17:20:37::SCWPlatform::Opened existing hwdb design_1_wrapper_0
TRACE::2026-01-26.17:20:37::SCWPlatform::Found the Hw Db part of the input DSA
TRACE::2026-01-26.17:20:37::SCWMssOS::Checking the sw design at  C:/TFG_Vivado/demo/course_s2_Vitis/01_ps_hello/vitis/design_1_wrapper/zynqmp_pmufw/zynqmp_pmufw_bsp/system.mss
TRACE::2026-01-26.17:20:37::SCWMssOS::DEBUG:  swdes dump  C:/TFG_Vivado/demo/course_s2_Vitis/01_ps_hello/vitis/design_1_wrapper/psu_cortexa53_0/standalone_psu_cortexa53_0/bsp/system.mss|system_1||
C:/TFG_Vivado/demo/course_s2_Vitis/01_ps_hello/vitis/design_1_wrapper/zynqmp_fsbl/zynqmp_fsbl_bsp/system.mss|system||
C:/TFG_Vivado/demo/course_s2_Vitis/01_ps_hello/vitis/design_1_wrapper/zynqmp_pmufw/zynqmp_pmufw_bsp/system.mss|system_0||

TRACE::2026-01-26.17:20:37::SCWMssOS::Sw design exists and opened at  C:/TFG_Vivado/demo/course_s2_Vitis/01_ps_hello/vitis/design_1_wrapper/zynqmp_pmufw/zynqmp_pmufw_bsp/system.mss
TRACE::2026-01-26.17:20:37::SCWPlatform::Trying to open the hw design at C:/TFG_Vivado/demo/course_s2_Vitis/01_ps_hello/vitis/design_1_wrapper/hw/design_1_wrapper.xsa
TRACE::2026-01-26.17:20:37::SCWPlatform::DSA given C:/TFG_Vivado/demo/course_s2_Vitis/01_ps_hello/vitis/design_1_wrapper/hw/design_1_wrapper.xsa
TRACE::2026-01-26.17:20:37::SCWPlatform::DSA absoulate path C:/TFG_Vivado/demo/course_s2_Vitis/01_ps_hello/vitis/design_1_wrapper/hw/design_1_wrapper.xsa
TRACE::2026-01-26.17:20:37::SCWPlatform::DSA directory C:/TFG_Vivado/demo/course_s2_Vitis/01_ps_hello/vitis/design_1_wrapper/hw
TRACE::2026-01-26.17:20:37::SCWPlatform:: Platform Path C:/TFG_Vivado/demo/course_s2_Vitis/01_ps_hello/vitis/design_1_wrapper/hw/design_1_wrapper.xsa
TRACE::2026-01-26.17:20:37::SCWPlatform:: Unique name xilinx:::0.0
TRACE::2026-01-26.17:20:37::SCWPlatform::Trying to set the existing hwdb with name design_1_wrapper_0
TRACE::2026-01-26.17:20:37::SCWPlatform::Opened existing hwdb design_1_wrapper_0
TRACE::2026-01-26.17:20:37::SCWPlatform::Found the Hw Db part of the input DSA
TRACE::2026-01-26.17:20:37::SCWMssOS::Checking the sw design at  C:/TFG_Vivado/demo/course_s2_Vitis/01_ps_hello/vitis/design_1_wrapper/zynqmp_pmufw/zynqmp_pmufw_bsp/system.mss
TRACE::2026-01-26.17:20:37::SCWMssOS::DEBUG:  swdes dump  C:/TFG_Vivado/demo/course_s2_Vitis/01_ps_hello/vitis/design_1_wrapper/psu_cortexa53_0/standalone_psu_cortexa53_0/bsp/system.mss|system_1||
C:/TFG_Vivado/demo/course_s2_Vitis/01_ps_hello/vitis/design_1_wrapper/zynqmp_fsbl/zynqmp_fsbl_bsp/system.mss|system||
C:/TFG_Vivado/demo/course_s2_Vitis/01_ps_hello/vitis/design_1_wrapper/zynqmp_pmufw/zynqmp_pmufw_bsp/system.mss|system_0||

TRACE::2026-01-26.17:20:37::SCWMssOS::Sw design exists and opened at  C:/TFG_Vivado/demo/course_s2_Vitis/01_ps_hello/vitis/design_1_wrapper/zynqmp_pmufw/zynqmp_pmufw_bsp/system.mss
TRACE::2026-01-26.17:20:37::SCWPlatform::Trying to open the hw design at C:/TFG_Vivado/demo/course_s2_Vitis/01_ps_hello/vitis/design_1_wrapper/hw/design_1_wrapper.xsa
TRACE::2026-01-26.17:20:37::SCWPlatform::DSA given C:/TFG_Vivado/demo/course_s2_Vitis/01_ps_hello/vitis/design_1_wrapper/hw/design_1_wrapper.xsa
TRACE::2026-01-26.17:20:37::SCWPlatform::DSA absoulate path C:/TFG_Vivado/demo/course_s2_Vitis/01_ps_hello/vitis/design_1_wrapper/hw/design_1_wrapper.xsa
TRACE::2026-01-26.17:20:37::SCWPlatform::DSA directory C:/TFG_Vivado/demo/course_s2_Vitis/01_ps_hello/vitis/design_1_wrapper/hw
TRACE::2026-01-26.17:20:37::SCWPlatform:: Platform Path C:/TFG_Vivado/demo/course_s2_Vitis/01_ps_hello/vitis/design_1_wrapper/hw/design_1_wrapper.xsa
TRACE::2026-01-26.17:20:37::SCWPlatform:: Unique name xilinx:::0.0
TRACE::2026-01-26.17:20:37::SCWPlatform::Trying to set the existing hwdb with name design_1_wrapper_0
TRACE::2026-01-26.17:20:37::SCWPlatform::Opened existing hwdb design_1_wrapper_0
TRACE::2026-01-26.17:20:37::SCWPlatform::Found the Hw Db part of the input DSA
TRACE::2026-01-26.17:20:37::SCWMssOS::Checking the sw design at  C:/TFG_Vivado/demo/course_s2_Vitis/01_ps_hello/vitis/design_1_wrapper/zynqmp_pmufw/zynqmp_pmufw_bsp/system.mss
TRACE::2026-01-26.17:20:37::SCWMssOS::DEBUG:  swdes dump  C:/TFG_Vivado/demo/course_s2_Vitis/01_ps_hello/vitis/design_1_wrapper/psu_cortexa53_0/standalone_psu_cortexa53_0/bsp/system.mss|system_1||
C:/TFG_Vivado/demo/course_s2_Vitis/01_ps_hello/vitis/design_1_wrapper/zynqmp_fsbl/zynqmp_fsbl_bsp/system.mss|system||
C:/TFG_Vivado/demo/course_s2_Vitis/01_ps_hello/vitis/design_1_wrapper/zynqmp_pmufw/zynqmp_pmufw_bsp/system.mss|system_0||

TRACE::2026-01-26.17:20:37::SCWMssOS::Sw design exists and opened at  C:/TFG_Vivado/demo/course_s2_Vitis/01_ps_hello/vitis/design_1_wrapper/zynqmp_pmufw/zynqmp_pmufw_bsp/system.mss
TRACE::2026-01-26.17:20:37::SCWPlatform::Trying to open the hw design at C:/TFG_Vivado/demo/course_s2_Vitis/01_ps_hello/vitis/design_1_wrapper/hw/design_1_wrapper.xsa
TRACE::2026-01-26.17:20:37::SCWPlatform::DSA given C:/TFG_Vivado/demo/course_s2_Vitis/01_ps_hello/vitis/design_1_wrapper/hw/design_1_wrapper.xsa
TRACE::2026-01-26.17:20:37::SCWPlatform::DSA absoulate path C:/TFG_Vivado/demo/course_s2_Vitis/01_ps_hello/vitis/design_1_wrapper/hw/design_1_wrapper.xsa
TRACE::2026-01-26.17:20:37::SCWPlatform::DSA directory C:/TFG_Vivado/demo/course_s2_Vitis/01_ps_hello/vitis/design_1_wrapper/hw
TRACE::2026-01-26.17:20:37::SCWPlatform:: Platform Path C:/TFG_Vivado/demo/course_s2_Vitis/01_ps_hello/vitis/design_1_wrapper/hw/design_1_wrapper.xsa
TRACE::2026-01-26.17:20:37::SCWPlatform:: Unique name xilinx:::0.0
TRACE::2026-01-26.17:20:37::SCWPlatform::Trying to set the existing hwdb with name design_1_wrapper_0
TRACE::2026-01-26.17:20:37::SCWPlatform::Opened existing hwdb design_1_wrapper_0
TRACE::2026-01-26.17:20:37::SCWPlatform::Found the Hw Db part of the input DSA
TRACE::2026-01-26.17:20:37::SCWMssOS::Checking the sw design at  C:/TFG_Vivado/demo/course_s2_Vitis/01_ps_hello/vitis/design_1_wrapper/psu_cortexa53_0/standalone_psu_cortexa53_0/bsp/system.mss
TRACE::2026-01-26.17:20:37::SCWMssOS::DEBUG:  swdes dump  C:/TFG_Vivado/demo/course_s2_Vitis/01_ps_hello/vitis/design_1_wrapper/psu_cortexa53_0/standalone_psu_cortexa53_0/bsp/system.mss|system_1||
C:/TFG_Vivado/demo/course_s2_Vitis/01_ps_hello/vitis/design_1_wrapper/zynqmp_fsbl/zynqmp_fsbl_bsp/system.mss|system||
C:/TFG_Vivado/demo/course_s2_Vitis/01_ps_hello/vitis/design_1_wrapper/zynqmp_pmufw/zynqmp_pmufw_bsp/system.mss|system_0||

TRACE::2026-01-26.17:20:37::SCWMssOS::Sw design exists and opened at  C:/TFG_Vivado/demo/course_s2_Vitis/01_ps_hello/vitis/design_1_wrapper/psu_cortexa53_0/standalone_psu_cortexa53_0/bsp/system.mss
TRACE::2026-01-26.17:20:37::SCWPlatform::Trying to open the hw design at C:/TFG_Vivado/demo/course_s2_Vitis/01_ps_hello/vitis/design_1_wrapper/hw/design_1_wrapper.xsa
TRACE::2026-01-26.17:20:37::SCWPlatform::DSA given C:/TFG_Vivado/demo/course_s2_Vitis/01_ps_hello/vitis/design_1_wrapper/hw/design_1_wrapper.xsa
TRACE::2026-01-26.17:20:37::SCWPlatform::DSA absoulate path C:/TFG_Vivado/demo/course_s2_Vitis/01_ps_hello/vitis/design_1_wrapper/hw/design_1_wrapper.xsa
TRACE::2026-01-26.17:20:37::SCWPlatform::DSA directory C:/TFG_Vivado/demo/course_s2_Vitis/01_ps_hello/vitis/design_1_wrapper/hw
TRACE::2026-01-26.17:20:37::SCWPlatform:: Platform Path C:/TFG_Vivado/demo/course_s2_Vitis/01_ps_hello/vitis/design_1_wrapper/hw/design_1_wrapper.xsa
TRACE::2026-01-26.17:20:37::SCWPlatform:: Unique name xilinx:::0.0
TRACE::2026-01-26.17:20:37::SCWPlatform::Trying to set the existing hwdb with name design_1_wrapper_0
TRACE::2026-01-26.17:20:37::SCWPlatform::Opened existing hwdb design_1_wrapper_0
TRACE::2026-01-26.17:20:37::SCWPlatform::Found the Hw Db part of the input DSA
TRACE::2026-01-26.17:20:37::SCWMssOS::Checking the sw design at  C:/TFG_Vivado/demo/course_s2_Vitis/01_ps_hello/vitis/design_1_wrapper/psu_cortexa53_0/standalone_psu_cortexa53_0/bsp/system.mss
TRACE::2026-01-26.17:20:37::SCWMssOS::DEBUG:  swdes dump  C:/TFG_Vivado/demo/course_s2_Vitis/01_ps_hello/vitis/design_1_wrapper/psu_cortexa53_0/standalone_psu_cortexa53_0/bsp/system.mss|system_1||
C:/TFG_Vivado/demo/course_s2_Vitis/01_ps_hello/vitis/design_1_wrapper/zynqmp_fsbl/zynqmp_fsbl_bsp/system.mss|system||
C:/TFG_Vivado/demo/course_s2_Vitis/01_ps_hello/vitis/design_1_wrapper/zynqmp_pmufw/zynqmp_pmufw_bsp/system.mss|system_0||

TRACE::2026-01-26.17:20:37::SCWMssOS::Sw design exists and opened at  C:/TFG_Vivado/demo/course_s2_Vitis/01_ps_hello/vitis/design_1_wrapper/psu_cortexa53_0/standalone_psu_cortexa53_0/bsp/system.mss
TRACE::2026-01-26.17:20:37::SCWPlatform::Trying to open the hw design at C:/TFG_Vivado/demo/course_s2_Vitis/01_ps_hello/vitis/design_1_wrapper/hw/design_1_wrapper.xsa
TRACE::2026-01-26.17:20:37::SCWPlatform::DSA given C:/TFG_Vivado/demo/course_s2_Vitis/01_ps_hello/vitis/design_1_wrapper/hw/design_1_wrapper.xsa
TRACE::2026-01-26.17:20:37::SCWPlatform::DSA absoulate path C:/TFG_Vivado/demo/course_s2_Vitis/01_ps_hello/vitis/design_1_wrapper/hw/design_1_wrapper.xsa
TRACE::2026-01-26.17:20:37::SCWPlatform::DSA directory C:/TFG_Vivado/demo/course_s2_Vitis/01_ps_hello/vitis/design_1_wrapper/hw
TRACE::2026-01-26.17:20:37::SCWPlatform:: Platform Path C:/TFG_Vivado/demo/course_s2_Vitis/01_ps_hello/vitis/design_1_wrapper/hw/design_1_wrapper.xsa
TRACE::2026-01-26.17:20:37::SCWPlatform:: Unique name xilinx:::0.0
TRACE::2026-01-26.17:20:37::SCWPlatform::Trying to set the existing hwdb with name design_1_wrapper_0
TRACE::2026-01-26.17:20:37::SCWPlatform::Opened existing hwdb design_1_wrapper_0
TRACE::2026-01-26.17:20:37::SCWPlatform::Found the Hw Db part of the input DSA
TRACE::2026-01-26.17:20:37::SCWMssOS::Checking the sw design at  C:/TFG_Vivado/demo/course_s2_Vitis/01_ps_hello/vitis/design_1_wrapper/psu_cortexa53_0/standalone_psu_cortexa53_0/bsp/system.mss
TRACE::2026-01-26.17:20:37::SCWMssOS::DEBUG:  swdes dump  C:/TFG_Vivado/demo/course_s2_Vitis/01_ps_hello/vitis/design_1_wrapper/psu_cortexa53_0/standalone_psu_cortexa53_0/bsp/system.mss|system_1||
C:/TFG_Vivado/demo/course_s2_Vitis/01_ps_hello/vitis/design_1_wrapper/zynqmp_fsbl/zynqmp_fsbl_bsp/system.mss|system||
C:/TFG_Vivado/demo/course_s2_Vitis/01_ps_hello/vitis/design_1_wrapper/zynqmp_pmufw/zynqmp_pmufw_bsp/system.mss|system_0||

TRACE::2026-01-26.17:20:37::SCWMssOS::Sw design exists and opened at  C:/TFG_Vivado/demo/course_s2_Vitis/01_ps_hello/vitis/design_1_wrapper/psu_cortexa53_0/standalone_psu_cortexa53_0/bsp/system.mss
TRACE::2026-01-26.17:20:37::SCWWriter::formatted JSON is {
	"platformName":	"design_1_wrapper",
	"sprVersion":	"2.0",
	"mode":	"gui",
	"dsaType":	"Fixed",
	"platformDesc":	"design_1_wrapper",
	"platHandOff":	"<platformDir>.xsa",
	"platIntHandOff":	"<platformDir>/hw/design_1_wrapper.xsa",
	"deviceType":	"zynqMP",
	"platIsPrebuiltAutogen":	"false",
	"platIsNoBootBsp":	"false",
	"platFsblTarget":	"psu_cortexa53_0",
	"hasFsblMakeHasChanges":	"false",
	"hasPmufwMakeHasChanges":	"false",
	"fsblExtraCompilerFlags":	"-MMD -MP      -Wall -fmessage-length=0 -DARMA53_64 -Os -flto -ffat-lto-objects  ",
	"pmufwExtraCompilerFlags":	"-MMD -MP      -mlittle-endian -mxl-barrel-shift -mxl-pattern-compare -mcpu=v9.2 -mxl-soft-mul -Os -flto -ffat-lto-objects  ",
	"platPreBuiltFlag":	false,
	"platformSamplesDir":	"",
	"platActiveSys":	"design_1_wrapper",
	"systems":	[{
			"systemName":	"design_1_wrapper",
			"systemDesc":	"design_1_wrapper",
			"sysIsBootAutoGen":	"true",
			"systemDispName":	"design_1_wrapper",
			"sysActiveDom":	"standalone_psu_cortexa53_0",
			"sysDefaultDom":	"standalone_psu_cortexa53_0",
			"domains":	[{
					"domainName":	"zynqmp_fsbl",
					"domainDispName":	"zynqmp_fsbl",
					"domainDesc":	"FSBL Application BSP - Auto Generated.",
					"processors":	"psu_cortexa53_0",
					"os":	"standalone",
					"sdxOs":	"standalone",
					"debugEnable":	"",
					"domRuntimes":	["cpp"],
					"swRepo":	"",
					"mssOsVer":	"8.1",
					"mssFile":	"",
					"md5Digest":	"50ffef4a883d3ea676765d60b786a6e4",
					"compatibleApp":	"zynqmp_fsbl",
					"domType":	"bootDomain",
					"arch":	"64-bit",
					"appSettings":	{
						"appCompilerFlags":	"",
						"appLinkerFlags":	""
					},
					"addedLibs":	["xilffs:5.0", "xilsecure:5.1", "xilpm:5.0"],
					"libOptions":	{
						"standalone":	{
							"zynqmp_fsbl_bsp":	"true",
							"libOptionNames":	["zynqmp_fsbl_bsp"]
						},
						"xilffs":	{
							"read_only":	"true",
							"use_mkfs":	"false",
							"libOptionNames":	["read_only", "use_mkfs"]
						},
						"xilsecure":	{
							"tpm_support":	"true",
							"libOptionNames":	["tpm_support"]
						},
						"libsContainingOptions":	["standalone", "xilffs", "xilsecure"]
					},
					"prebuiltLibs":	{
						"prebuiltIncPath":	[],
						"prebuiltLibPath":	[]
					},
					"isolation":	{
					}
				}, {
					"domainName":	"zynqmp_pmufw",
					"domainDispName":	"zynqmp_pmufw",
					"domainDesc":	"PMUFW Application BSP - Auto Generated.",
					"processors":	"psu_pmu_0",
					"os":	"standalone",
					"sdxOs":	"standalone",
					"debugEnable":	"",
					"domRuntimes":	["cpp"],
					"swRepo":	"",
					"mssOsVer":	"8.1",
					"mssFile":	"",
					"md5Digest":	"f53f944c509d63eeaedc429f0d902726",
					"compatibleApp":	"zynqmp_pmufw",
					"domType":	"bootDomain",
					"arch":	"32-bit",
					"appSettings":	{
						"appCompilerFlags":	"",
						"appLinkerFlags":	""
					},
					"addedLibs":	["xilfpga:6.4", "xilsecure:5.1", "xilskey:7.4"],
					"libOptions":	{
						"psu_pmu_0":	{
							"extra_compiler_flags":	"-g -ffunction-sections -fdata-sections -Wall -Wextra -fno-tree-loop-distribute-patterns  -Os -flto -ffat-lto-objects",
							"libOptionNames":	["extra_compiler_flags"]
						},
						"libsContainingOptions":	["psu_pmu_0"]
					},
					"prebuiltLibs":	{
						"prebuiltIncPath":	[],
						"prebuiltLibPath":	[]
					},
					"isolation":	{
					}
				}, {
					"domainName":	"standalone_psu_cortexa53_0",
					"domainDispName":	"standalone_psu_cortexa53_0",
					"domainDesc":	"standalone_psu_cortexa53_0",
					"processors":	"psu_cortexa53_0",
					"os":	"standalone",
					"sdxOs":	"standalone",
					"qemuArgs":	"<platformDir>/resources/design_1_wrapper/standalone_psu_cortexa53_0/qemu_args.txt",
					"qemuData":	"<platformDir>/resources/design_1_wrapper/standalone_psu_cortexa53_0/qemu",
					"pmuQemuArgs":	"<platformDir>/resources/design_1_wrapper/standalone_psu_cortexa53_0/pmu_args.txt",
					"debugEnable":	"False",
					"domRuntimes":	["cpp"],
					"swRepo":	"",
					"mssOsVer":	"8.1",
					"mssFile":	"",
					"md5Digest":	"7824a2544f94f615c7699fb2e7b9fe4e",
					"compatibleApp":	"hello_world",
					"domType":	"mssDomain",
					"arch":	"64-bit",
					"appSettings":	{
						"appCompilerFlags":	"",
						"appLinkerFlags":	""
					},
					"addedLibs":	[],
					"libOptions":	{
						"libsContainingOptions":	[]
					},
					"prebuiltLibs":	{
						"prebuiltIncPath":	[],
						"prebuiltLibPath":	[]
					},
					"isolation":	{
					}
				}]
		}]
}
KEYINFO::2026-01-26.17:20:37::SCWPlatform::updated the xpfm file.
LOG::2026-01-26.17:21:08::SCWPlatform::Started generating the artifacts platform design_1_wrapper
TRACE::2026-01-26.17:21:08::SCWPlatform::Sanity checking of platform is completed
LOG::2026-01-26.17:21:08::SCWPlatform::Started generating the artifacts for system configuration design_1_wrapper
LOG::2026-01-26.17:21:08::SCWSystem::Checking the domain zynqmp_fsbl
LOG::2026-01-26.17:21:08::SCWSystem::Doing application build for :  zynqmp_fsbl
TRACE::2026-01-26.17:21:08::SCWBDomain::Not a forced makefile updation, No changes are present. 
TRACE::2026-01-26.17:21:08::SCWDomain::Building the domain as part of full build :  zynqmp_fsbl
TRACE::2026-01-26.17:21:08::SCWPlatform::Trying to open the hw design at C:/TFG_Vivado/demo/course_s2_Vitis/01_ps_hello/vitis/design_1_wrapper/hw/design_1_wrapper.xsa
TRACE::2026-01-26.17:21:08::SCWPlatform::DSA given C:/TFG_Vivado/demo/course_s2_Vitis/01_ps_hello/vitis/design_1_wrapper/hw/design_1_wrapper.xsa
TRACE::2026-01-26.17:21:08::SCWPlatform::DSA absoulate path C:/TFG_Vivado/demo/course_s2_Vitis/01_ps_hello/vitis/design_1_wrapper/hw/design_1_wrapper.xsa
TRACE::2026-01-26.17:21:08::SCWPlatform::DSA directory C:/TFG_Vivado/demo/course_s2_Vitis/01_ps_hello/vitis/design_1_wrapper/hw
TRACE::2026-01-26.17:21:08::SCWPlatform:: Platform Path C:/TFG_Vivado/demo/course_s2_Vitis/01_ps_hello/vitis/design_1_wrapper/hw/design_1_wrapper.xsa
TRACE::2026-01-26.17:21:08::SCWPlatform:: Unique name xilinx:::0.0
TRACE::2026-01-26.17:21:08::SCWPlatform::Trying to set the existing hwdb with name design_1_wrapper_0
TRACE::2026-01-26.17:21:08::SCWPlatform::Opened existing hwdb design_1_wrapper_0
TRACE::2026-01-26.17:21:08::SCWPlatform::Found the Hw Db part of the input DSA
TRACE::2026-01-26.17:21:08::SCWMssOS::Checking the sw design at  C:/TFG_Vivado/demo/course_s2_Vitis/01_ps_hello/vitis/design_1_wrapper/zynqmp_fsbl/zynqmp_fsbl_bsp/system.mss
TRACE::2026-01-26.17:21:08::SCWMssOS::DEBUG:  swdes dump  C:/TFG_Vivado/demo/course_s2_Vitis/01_ps_hello/vitis/design_1_wrapper/psu_cortexa53_0/standalone_psu_cortexa53_0/bsp/system.mss|system_1||
C:/TFG_Vivado/demo/course_s2_Vitis/01_ps_hello/vitis/design_1_wrapper/zynqmp_fsbl/zynqmp_fsbl_bsp/system.mss|system||
C:/TFG_Vivado/demo/course_s2_Vitis/01_ps_hello/vitis/design_1_wrapper/zynqmp_pmufw/zynqmp_pmufw_bsp/system.mss|system_0||

TRACE::2026-01-26.17:21:08::SCWMssOS::Sw design exists and opened at  C:/TFG_Vivado/demo/course_s2_Vitis/01_ps_hello/vitis/design_1_wrapper/zynqmp_fsbl/zynqmp_fsbl_bsp/system.mss
TRACE::2026-01-26.17:21:08::SCWBDomain::Completed writing the mss file at C:/TFG_Vivado/demo/course_s2_Vitis/01_ps_hello/vitis/design_1_wrapper/zynqmp_fsbl/zynqmp_fsbl_bsp
TRACE::2026-01-26.17:21:08::SCWBDomain::bsp generated is upto date with the mss file. Skipping bsp generation.
TRACE::2026-01-26.17:21:08::SCWBDomain::Not a forced makefile updation, No changes are present. 
TRACE::2026-01-26.17:21:08::SCWBDomain::System Command Ran  C:&  cd  C:/TFG_Vivado/demo/course_s2_Vitis/01_ps_hello/vitis/design_1_wrapper/zynqmp_fsbl& make -C  zynqmp_fsbl_bsp & make 
TRACE::2026-01-26.17:21:08::SCWBDomain::make: Entering directory 'C:/TFG_Vivado/demo/course_s2_Vitis/01_ps_hello/vitis/design_1_wrapper/zynqmp_fsbl/zynqmp_fsbl_bsp'

TRACE::2026-01-26.17:21:08::SCWBDomain::make --no-print-directory seq_libs

TRACE::2026-01-26.17:21:08::SCWBDomain::"Running Make include in psu_cortexa53_0/libsrc/avbuf_v2_5/src"

TRACE::2026-01-26.17:21:08::SCWBDomain::make -C psu_cortexa53_0/libsrc/avbuf_v2_5/src -s include  "SHELL=CMD" "COMPILER=aarch64-none-elf-gcc" "ASSEMBLER=aarch64-none-e
TRACE::2026-01-26.17:21:08::SCWBDomain::lf-as" "ARCHIVER=aarch64-none-elf-ar" "COMPILER_FLAGS=  -c" "EXTRA_COMPILER_FLAGS=-g -Wall -Wextra -fno-tree-loop-distribute-pa
TRACE::2026-01-26.17:21:08::SCWBDomain::tterns -Os -flto -ffat-lto-objects"

TRACE::2026-01-26.17:21:08::SCWBDomain::"Running Make include in psu_cortexa53_0/libsrc/axipmon_v6_9/src"

TRACE::2026-01-26.17:21:08::SCWBDomain::make -C psu_cortexa53_0/libsrc/axipmon_v6_9/src -s include  "SHELL=CMD" "COMPILER=aarch64-none-elf-gcc" "ASSEMBLER=aarch64-none
TRACE::2026-01-26.17:21:08::SCWBDomain::-elf-as" "ARCHIVER=aarch64-none-elf-ar" "COMPILER_FLAGS=  -c" "EXTRA_COMPILER_FLAGS=-g -Wall -Wextra -fno-tree-loop-distribute-
TRACE::2026-01-26.17:21:08::SCWBDomain::patterns -Os -flto -ffat-lto-objects"

TRACE::2026-01-26.17:21:08::SCWBDomain::"Running Make include in psu_cortexa53_0/libsrc/clockps_v1_4/src"

TRACE::2026-01-26.17:21:08::SCWBDomain::make -C psu_cortexa53_0/libsrc/clockps_v1_4/src -s include  "SHELL=CMD" "COMPILER=aarch64-none-elf-gcc" "ASSEMBLER=aarch64-none
TRACE::2026-01-26.17:21:08::SCWBDomain::-elf-as" "ARCHIVER=aarch64-none-elf-ar" "COMPILER_FLAGS=  -c" "EXTRA_COMPILER_FLAGS=-g -Wall -Wextra -fno-tree-loop-distribute-
TRACE::2026-01-26.17:21:08::SCWBDomain::patterns -Os -flto -ffat-lto-objects"

TRACE::2026-01-26.17:21:08::SCWBDomain::"Running Make include in psu_cortexa53_0/libsrc/coresightps_dcc_v1_8/src"

TRACE::2026-01-26.17:21:08::SCWBDomain::make -C psu_cortexa53_0/libsrc/coresightps_dcc_v1_8/src -s include  "SHELL=CMD" "COMPILER=aarch64-none-elf-gcc" "ASSEMBLER=aarc
TRACE::2026-01-26.17:21:08::SCWBDomain::h64-none-elf-as" "ARCHIVER=aarch64-none-elf-ar" "COMPILER_FLAGS=  -c" "EXTRA_COMPILER_FLAGS=-g -Wall -Wextra -fno-tree-loop-dis
TRACE::2026-01-26.17:21:08::SCWBDomain::tribute-patterns -Os -flto -ffat-lto-objects"

TRACE::2026-01-26.17:21:08::SCWBDomain::"Running Make include in psu_cortexa53_0/libsrc/cpu_cortexa53_v2_0/src"

TRACE::2026-01-26.17:21:08::SCWBDomain::make -C psu_cortexa53_0/libsrc/cpu_cortexa53_v2_0/src -s include  "SHELL=CMD" "COMPILER=aarch64-none-elf-gcc" "ASSEMBLER=aarch6
TRACE::2026-01-26.17:21:08::SCWBDomain::4-none-elf-as" "ARCHIVER=aarch64-none-elf-ar" "COMPILER_FLAGS=  -c" "EXTRA_COMPILER_FLAGS=-g -Wall -Wextra -fno-tree-loop-distr
TRACE::2026-01-26.17:21:08::SCWBDomain::ibute-patterns -Os -flto -ffat-lto-objects"

TRACE::2026-01-26.17:21:08::SCWBDomain::"Running Make include in psu_cortexa53_0/libsrc/csudma_v1_13/src"

TRACE::2026-01-26.17:21:08::SCWBDomain::make -C psu_cortexa53_0/libsrc/csudma_v1_13/src -s include  "SHELL=CMD" "COMPILER=aarch64-none-elf-gcc" "ASSEMBLER=aarch64-none
TRACE::2026-01-26.17:21:08::SCWBDomain::-elf-as" "ARCHIVER=aarch64-none-elf-ar" "COMPILER_FLAGS=  -c" "EXTRA_COMPILER_FLAGS=-g -Wall -Wextra -fno-tree-loop-distribute-
TRACE::2026-01-26.17:21:08::SCWBDomain::patterns -Os -flto -ffat-lto-objects"

TRACE::2026-01-26.17:21:08::SCWBDomain::"Running Make include in psu_cortexa53_0/libsrc/ddrcpsu_v1_4/src"

TRACE::2026-01-26.17:21:08::SCWBDomain::make -C psu_cortexa53_0/libsrc/ddrcpsu_v1_4/src -s include  "SHELL=CMD" "COMPILER=aarch64-none-elf-gcc" "ASSEMBLER=aarch64-none
TRACE::2026-01-26.17:21:08::SCWBDomain::-elf-as" "ARCHIVER=aarch64-none-elf-ar" "COMPILER_FLAGS=  -c" "EXTRA_COMPILER_FLAGS=-g -Wall -Wextra -fno-tree-loop-distribute-
TRACE::2026-01-26.17:21:08::SCWBDomain::patterns -Os -flto -ffat-lto-objects"

TRACE::2026-01-26.17:21:08::SCWBDomain::"Running Make include in psu_cortexa53_0/libsrc/dpdma_v1_4/src"

TRACE::2026-01-26.17:21:08::SCWBDomain::make -C psu_cortexa53_0/libsrc/dpdma_v1_4/src -s include  "SHELL=CMD" "COMPILER=aarch64-none-elf-gcc" "ASSEMBLER=aarch64-none-e
TRACE::2026-01-26.17:21:08::SCWBDomain::lf-as" "ARCHIVER=aarch64-none-elf-ar" "COMPILER_FLAGS=  -c" "EXTRA_COMPILER_FLAGS=-g -Wall -Wextra -fno-tree-loop-distribute-pa
TRACE::2026-01-26.17:21:08::SCWBDomain::tterns -Os -flto -ffat-lto-objects"

TRACE::2026-01-26.17:21:08::SCWBDomain::"Running Make include in psu_cortexa53_0/libsrc/dppsu_v1_6/src"

TRACE::2026-01-26.17:21:08::SCWBDomain::make -C psu_cortexa53_0/libsrc/dppsu_v1_6/src -s include  "SHELL=CMD" "COMPILER=aarch64-none-elf-gcc" "ASSEMBLER=aarch64-none-e
TRACE::2026-01-26.17:21:08::SCWBDomain::lf-as" "ARCHIVER=aarch64-none-elf-ar" "COMPILER_FLAGS=  -c" "EXTRA_COMPILER_FLAGS=-g -Wall -Wextra -fno-tree-loop-distribute-pa
TRACE::2026-01-26.17:21:08::SCWBDomain::tterns -Os -flto -ffat-lto-objects"

TRACE::2026-01-26.17:21:08::SCWBDomain::"Running Make include in psu_cortexa53_0/libsrc/emacps_v3_18/src"

TRACE::2026-01-26.17:21:08::SCWBDomain::make -C psu_cortexa53_0/libsrc/emacps_v3_18/src -s include  "SHELL=CMD" "COMPILER=aarch64-none-elf-gcc" "ASSEMBLER=aarch64-none
TRACE::2026-01-26.17:21:08::SCWBDomain::-elf-as" "ARCHIVER=aarch64-none-elf-ar" "COMPILER_FLAGS=  -c" "EXTRA_COMPILER_FLAGS=-g -Wall -Wextra -fno-tree-loop-distribute-
TRACE::2026-01-26.17:21:08::SCWBDomain::patterns -Os -flto -ffat-lto-objects"

TRACE::2026-01-26.17:21:08::SCWBDomain::"Running Make include in psu_cortexa53_0/libsrc/gpiops_v3_11/src"

TRACE::2026-01-26.17:21:08::SCWBDomain::make -C psu_cortexa53_0/libsrc/gpiops_v3_11/src -s include  "SHELL=CMD" "COMPILER=aarch64-none-elf-gcc" "ASSEMBLER=aarch64-none
TRACE::2026-01-26.17:21:08::SCWBDomain::-elf-as" "ARCHIVER=aarch64-none-elf-ar" "COMPILER_FLAGS=  -c" "EXTRA_COMPILER_FLAGS=-g -Wall -Wextra -fno-tree-loop-distribute-
TRACE::2026-01-26.17:21:08::SCWBDomain::patterns -Os -flto -ffat-lto-objects"

TRACE::2026-01-26.17:21:09::SCWBDomain::"Running Make include in psu_cortexa53_0/libsrc/iicps_v3_17/src"

TRACE::2026-01-26.17:21:09::SCWBDomain::make -C psu_cortexa53_0/libsrc/iicps_v3_17/src -s include  "SHELL=CMD" "COMPILER=aarch64-none-elf-gcc" "ASSEMBLER=aarch64-none-
TRACE::2026-01-26.17:21:09::SCWBDomain::elf-as" "ARCHIVER=aarch64-none-elf-ar" "COMPILER_FLAGS=  -c" "EXTRA_COMPILER_FLAGS=-g -Wall -Wextra -fno-tree-loop-distribute-p
TRACE::2026-01-26.17:21:09::SCWBDomain::atterns -Os -flto -ffat-lto-objects"

TRACE::2026-01-26.17:21:09::SCWBDomain::"Running Make include in psu_cortexa53_0/libsrc/ipipsu_v2_13/src"

TRACE::2026-01-26.17:21:09::SCWBDomain::make -C psu_cortexa53_0/libsrc/ipipsu_v2_13/src -s include  "SHELL=CMD" "COMPILER=aarch64-none-elf-gcc" "ASSEMBLER=aarch64-none
TRACE::2026-01-26.17:21:09::SCWBDomain::-elf-as" "ARCHIVER=aarch64-none-elf-ar" "COMPILER_FLAGS=  -c" "EXTRA_COMPILER_FLAGS=-g -Wall -Wextra -fno-tree-loop-distribute-
TRACE::2026-01-26.17:21:09::SCWBDomain::patterns -Os -flto -ffat-lto-objects"

TRACE::2026-01-26.17:21:09::SCWBDomain::"Running Make include in psu_cortexa53_0/libsrc/pciepsu_v1_5/src"

TRACE::2026-01-26.17:21:09::SCWBDomain::make -C psu_cortexa53_0/libsrc/pciepsu_v1_5/src -s include  "SHELL=CMD" "COMPILER=aarch64-none-elf-gcc" "ASSEMBLER=aarch64-none
TRACE::2026-01-26.17:21:09::SCWBDomain::-elf-as" "ARCHIVER=aarch64-none-elf-ar" "COMPILER_FLAGS=  -c" "EXTRA_COMPILER_FLAGS=-g -Wall -Wextra -fno-tree-loop-distribute-
TRACE::2026-01-26.17:21:09::SCWBDomain::patterns -Os -flto -ffat-lto-objects"

TRACE::2026-01-26.17:21:09::SCWBDomain::"Running Make include in psu_cortexa53_0/libsrc/qspipsu_v1_17/src"

TRACE::2026-01-26.17:21:09::SCWBDomain::make -C psu_cortexa53_0/libsrc/qspipsu_v1_17/src -s include  "SHELL=CMD" "COMPILER=aarch64-none-elf-gcc" "ASSEMBLER=aarch64-non
TRACE::2026-01-26.17:21:09::SCWBDomain::e-elf-as" "ARCHIVER=aarch64-none-elf-ar" "COMPILER_FLAGS=  -c" "EXTRA_COMPILER_FLAGS=-g -Wall -Wextra -fno-tree-loop-distribute
TRACE::2026-01-26.17:21:09::SCWBDomain::-patterns -Os -flto -ffat-lto-objects"

TRACE::2026-01-26.17:21:09::SCWBDomain::"Running Make include in psu_cortexa53_0/libsrc/resetps_v1_5/src"

TRACE::2026-01-26.17:21:09::SCWBDomain::make -C psu_cortexa53_0/libsrc/resetps_v1_5/src -s include  "SHELL=CMD" "COMPILER=aarch64-none-elf-gcc" "ASSEMBLER=aarch64-none
TRACE::2026-01-26.17:21:09::SCWBDomain::-elf-as" "ARCHIVER=aarch64-none-elf-ar" "COMPILER_FLAGS=  -c" "EXTRA_COMPILER_FLAGS=-g -Wall -Wextra -fno-tree-loop-distribute-
TRACE::2026-01-26.17:21:09::SCWBDomain::patterns -Os -flto -ffat-lto-objects"

TRACE::2026-01-26.17:21:09::SCWBDomain::"Running Make include in psu_cortexa53_0/libsrc/rtcpsu_v1_12/src"

TRACE::2026-01-26.17:21:09::SCWBDomain::make -C psu_cortexa53_0/libsrc/rtcpsu_v1_12/src -s include  "SHELL=CMD" "COMPILER=aarch64-none-elf-gcc" "ASSEMBLER=aarch64-none
TRACE::2026-01-26.17:21:09::SCWBDomain::-elf-as" "ARCHIVER=aarch64-none-elf-ar" "COMPILER_FLAGS=  -c" "EXTRA_COMPILER_FLAGS=-g -Wall -Wextra -fno-tree-loop-distribute-
TRACE::2026-01-26.17:21:09::SCWBDomain::patterns -Os -flto -ffat-lto-objects"

TRACE::2026-01-26.17:21:09::SCWBDomain::"Running Make include in psu_cortexa53_0/libsrc/scugic_v5_1/src"

TRACE::2026-01-26.17:21:09::SCWBDomain::make -C psu_cortexa53_0/libsrc/scugic_v5_1/src -s include  "SHELL=CMD" "COMPILER=aarch64-none-elf-gcc" "ASSEMBLER=aarch64-none-
TRACE::2026-01-26.17:21:09::SCWBDomain::elf-as" "ARCHIVER=aarch64-none-elf-ar" "COMPILER_FLAGS=  -c" "EXTRA_COMPILER_FLAGS=-g -Wall -Wextra -fno-tree-loop-distribute-p
TRACE::2026-01-26.17:21:09::SCWBDomain::atterns -Os -flto -ffat-lto-objects"

TRACE::2026-01-26.17:21:09::SCWBDomain::"Running Make include in psu_cortexa53_0/libsrc/sdps_v4_1/src"

TRACE::2026-01-26.17:21:09::SCWBDomain::make -C psu_cortexa53_0/libsrc/sdps_v4_1/src -s include  "SHELL=CMD" "COMPILER=aarch64-none-elf-gcc" "ASSEMBLER=aarch64-none-el
TRACE::2026-01-26.17:21:09::SCWBDomain::f-as" "ARCHIVER=aarch64-none-elf-ar" "COMPILER_FLAGS=  -c" "EXTRA_COMPILER_FLAGS=-g -Wall -Wextra -fno-tree-loop-distribute-pat
TRACE::2026-01-26.17:21:09::SCWBDomain::terns -Os -flto -ffat-lto-objects"

TRACE::2026-01-26.17:21:09::SCWBDomain::"Running Make include in psu_cortexa53_0/libsrc/standalone_v8_1/src"

TRACE::2026-01-26.17:21:09::SCWBDomain::make -C psu_cortexa53_0/libsrc/standalone_v8_1/src -s include  "SHELL=CMD" "COMPILER=aarch64-none-elf-gcc" "ASSEMBLER=aarch64-n
TRACE::2026-01-26.17:21:09::SCWBDomain::one-elf-as" "ARCHIVER=aarch64-none-elf-ar" "COMPILER_FLAGS=  -c" "EXTRA_COMPILER_FLAGS=-g -Wall -Wextra -fno-tree-loop-distribu
TRACE::2026-01-26.17:21:09::SCWBDomain::te-patterns -Os -flto -ffat-lto-objects"

TRACE::2026-01-26.17:21:10::SCWBDomain::"Running Make include in psu_cortexa53_0/libsrc/sysmonpsu_v2_8/src"

TRACE::2026-01-26.17:21:10::SCWBDomain::make -C psu_cortexa53_0/libsrc/sysmonpsu_v2_8/src -s include  "SHELL=CMD" "COMPILER=aarch64-none-elf-gcc" "ASSEMBLER=aarch64-no
TRACE::2026-01-26.17:21:10::SCWBDomain::ne-elf-as" "ARCHIVER=aarch64-none-elf-ar" "COMPILER_FLAGS=  -c" "EXTRA_COMPILER_FLAGS=-g -Wall -Wextra -fno-tree-loop-distribut
TRACE::2026-01-26.17:21:10::SCWBDomain::e-patterns -Os -flto -ffat-lto-objects"

TRACE::2026-01-26.17:21:10::SCWBDomain::"Running Make include in psu_cortexa53_0/libsrc/ttcps_v3_17/src"

TRACE::2026-01-26.17:21:10::SCWBDomain::make -C psu_cortexa53_0/libsrc/ttcps_v3_17/src -s include  "SHELL=CMD" "COMPILER=aarch64-none-elf-gcc" "ASSEMBLER=aarch64-none-
TRACE::2026-01-26.17:21:10::SCWBDomain::elf-as" "ARCHIVER=aarch64-none-elf-ar" "COMPILER_FLAGS=  -c" "EXTRA_COMPILER_FLAGS=-g -Wall -Wextra -fno-tree-loop-distribute-p
TRACE::2026-01-26.17:21:10::SCWBDomain::atterns -Os -flto -ffat-lto-objects"

TRACE::2026-01-26.17:21:10::SCWBDomain::"Running Make include in psu_cortexa53_0/libsrc/uartps_v3_12/src"

TRACE::2026-01-26.17:21:10::SCWBDomain::make -C psu_cortexa53_0/libsrc/uartps_v3_12/src -s include  "SHELL=CMD" "COMPILER=aarch64-none-elf-gcc" "ASSEMBLER=aarch64-none
TRACE::2026-01-26.17:21:10::SCWBDomain::-elf-as" "ARCHIVER=aarch64-none-elf-ar" "COMPILER_FLAGS=  -c" "EXTRA_COMPILER_FLAGS=-g -Wall -Wextra -fno-tree-loop-distribute-
TRACE::2026-01-26.17:21:10::SCWBDomain::patterns -Os -flto -ffat-lto-objects"

TRACE::2026-01-26.17:21:10::SCWBDomain::"Running Make include in psu_cortexa53_0/libsrc/usbpsu_v1_13/src"

TRACE::2026-01-26.17:21:10::SCWBDomain::make -C psu_cortexa53_0/libsrc/usbpsu_v1_13/src -s include  "SHELL=CMD" "COMPILER=aarch64-none-elf-gcc" "ASSEMBLER=aarch64-none
TRACE::2026-01-26.17:21:10::SCWBDomain::-elf-as" "ARCHIVER=aarch64-none-elf-ar" "COMPILER_FLAGS=  -c" "EXTRA_COMPILER_FLAGS=-g -Wall -Wextra -fno-tree-loop-distribute-
TRACE::2026-01-26.17:21:10::SCWBDomain::patterns -Os -flto -ffat-lto-objects"

TRACE::2026-01-26.17:21:10::SCWBDomain::"Running Make include in psu_cortexa53_0/libsrc/video_common_v4_13/src"

TRACE::2026-01-26.17:21:10::SCWBDomain::make -C psu_cortexa53_0/libsrc/video_common_v4_13/src -s include  "SHELL=CMD" "COMPILER=aarch64-none-elf-gcc" "ASSEMBLER=aarch6
TRACE::2026-01-26.17:21:10::SCWBDomain::4-none-elf-as" "ARCHIVER=aarch64-none-elf-ar" "COMPILER_FLAGS=  -c" "EXTRA_COMPILER_FLAGS=-g -Wall -Wextra -fno-tree-loop-distr
TRACE::2026-01-26.17:21:10::SCWBDomain::ibute-patterns -Os -flto -ffat-lto-objects"

TRACE::2026-01-26.17:21:10::SCWBDomain::"Running Make include in psu_cortexa53_0/libsrc/xilffs_v5_0/src"

TRACE::2026-01-26.17:21:10::SCWBDomain::make -C psu_cortexa53_0/libsrc/xilffs_v5_0/src -s include  "SHELL=CMD" "COMPILER=aarch64-none-elf-gcc" "ASSEMBLER=aarch64-none-
TRACE::2026-01-26.17:21:10::SCWBDomain::elf-as" "ARCHIVER=aarch64-none-elf-ar" "COMPILER_FLAGS=  -c" "EXTRA_COMPILER_FLAGS=-g -Wall -Wextra -fno-tree-loop-distribute-p
TRACE::2026-01-26.17:21:10::SCWBDomain::atterns -Os -flto -ffat-lto-objects"

TRACE::2026-01-26.17:21:10::SCWBDomain::"Running Make include in psu_cortexa53_0/libsrc/xilpm_v5_0/src"

TRACE::2026-01-26.17:21:10::SCWBDomain::make -C psu_cortexa53_0/libsrc/xilpm_v5_0/src -s include  "SHELL=CMD" "COMPILER=aarch64-none-elf-gcc" "ASSEMBLER=aarch64-none-e
TRACE::2026-01-26.17:21:10::SCWBDomain::lf-as" "ARCHIVER=aarch64-none-elf-ar" "COMPILER_FLAGS=  -c" "EXTRA_COMPILER_FLAGS=-g -Wall -Wextra -fno-tree-loop-distribute-pa
TRACE::2026-01-26.17:21:10::SCWBDomain::tterns -Os -flto -ffat-lto-objects"

TRACE::2026-01-26.17:21:10::SCWBDomain::"Include files for this library have already been copied."

TRACE::2026-01-26.17:21:10::SCWBDomain::"Running Make include in psu_cortexa53_0/libsrc/xilsecure_v5_1/src"

TRACE::2026-01-26.17:21:10::SCWBDomain::make -C psu_cortexa53_0/libsrc/xilsecure_v5_1/src -s include  "SHELL=CMD" "COMPILER=aarch64-none-elf-gcc" "ASSEMBLER=aarch64-no
TRACE::2026-01-26.17:21:10::SCWBDomain::ne-elf-as" "ARCHIVER=aarch64-none-elf-ar" "COMPILER_FLAGS=  -c" "EXTRA_COMPILER_FLAGS=-g -Wall -Wextra -fno-tree-loop-distribut
TRACE::2026-01-26.17:21:10::SCWBDomain::e-patterns -Os -flto -ffat-lto-objects"

TRACE::2026-01-26.17:21:10::SCWBDomain::"Running Make include in psu_cortexa53_0/libsrc/zdma_v1_16/src"

TRACE::2026-01-26.17:21:10::SCWBDomain::make -C psu_cortexa53_0/libsrc/zdma_v1_16/src -s include  "SHELL=CMD" "COMPILER=aarch64-none-elf-gcc" "ASSEMBLER=aarch64-none-e
TRACE::2026-01-26.17:21:10::SCWBDomain::lf-as" "ARCHIVER=aarch64-none-elf-ar" "COMPILER_FLAGS=  -c" "EXTRA_COMPILER_FLAGS=-g -Wall -Wextra -fno-tree-loop-distribute-pa
TRACE::2026-01-26.17:21:10::SCWBDomain::tterns -Os -flto -ffat-lto-objects"

TRACE::2026-01-26.17:21:10::SCWBDomain::"Running Make libs in psu_cortexa53_0/libsrc/avbuf_v2_5/src"

TRACE::2026-01-26.17:21:10::SCWBDomain::make -C psu_cortexa53_0/libsrc/avbuf_v2_5/src -s libs  "SHELL=CMD" "COMPILER=aarch64-none-elf-gcc" "ASSEMBLER=aarch64-none-elf-
TRACE::2026-01-26.17:21:10::SCWBDomain::as" "ARCHIVER=aarch64-none-elf-ar" "COMPILER_FLAGS=  -c" "EXTRA_COMPILER_FLAGS=-g -Wall -Wextra -fno-tree-loop-distribute-patte
TRACE::2026-01-26.17:21:10::SCWBDomain::rns -Os -flto -ffat-lto-objects"

TRACE::2026-01-26.17:21:10::SCWBDomain::"Compiling avbuf"

TRACE::2026-01-26.17:21:11::SCWBDomain::"Running Make libs in psu_cortexa53_0/libsrc/dpdma_v1_4/src"

TRACE::2026-01-26.17:21:11::SCWBDomain::make -C psu_cortexa53_0/libsrc/dpdma_v1_4/src -s libs  "SHELL=CMD" "COMPILER=aarch64-none-elf-gcc" "ASSEMBLER=aarch64-none-elf-
TRACE::2026-01-26.17:21:11::SCWBDomain::as" "ARCHIVER=aarch64-none-elf-ar" "COMPILER_FLAGS=  -c" "EXTRA_COMPILER_FLAGS=-g -Wall -Wextra -fno-tree-loop-distribute-patte
TRACE::2026-01-26.17:21:11::SCWBDomain::rns -Os -flto -ffat-lto-objects"

TRACE::2026-01-26.17:21:11::SCWBDomain::"Compiling dpdma"

TRACE::2026-01-26.17:21:11::SCWBDomain::"Running Make libs in psu_cortexa53_0/libsrc/dppsu_v1_6/src"

TRACE::2026-01-26.17:21:11::SCWBDomain::make -C psu_cortexa53_0/libsrc/dppsu_v1_6/src -s libs  "SHELL=CMD" "COMPILER=aarch64-none-elf-gcc" "ASSEMBLER=aarch64-none-elf-
TRACE::2026-01-26.17:21:11::SCWBDomain::as" "ARCHIVER=aarch64-none-elf-ar" "COMPILER_FLAGS=  -c" "EXTRA_COMPILER_FLAGS=-g -Wall -Wextra -fno-tree-loop-distribute-patte
TRACE::2026-01-26.17:21:11::SCWBDomain::rns -Os -flto -ffat-lto-objects"

TRACE::2026-01-26.17:21:11::SCWBDomain::"Compiling dppsu"

TRACE::2026-01-26.17:21:12::SCWBDomain::"Running Make libs in psu_cortexa53_0/libsrc/xilpm_v5_0/src"

TRACE::2026-01-26.17:21:12::SCWBDomain::make -C psu_cortexa53_0/libsrc/xilpm_v5_0/src -s libs  "SHELL=CMD" "COMPILER=aarch64-none-elf-gcc" "ASSEMBLER=aarch64-none-elf-
TRACE::2026-01-26.17:21:12::SCWBDomain::as" "ARCHIVER=aarch64-none-elf-ar" "COMPILER_FLAGS=  -c" "EXTRA_COMPILER_FLAGS=-g -Wall -Wextra -fno-tree-loop-distribute-patte
TRACE::2026-01-26.17:21:12::SCWBDomain::rns -Os -flto -ffat-lto-objects"

TRACE::2026-01-26.17:21:12::SCWBDomain::"Compiling xilpm library"

TRACE::2026-01-26.17:21:13::SCWBDomain::"Running Make libs in psu_cortexa53_0/libsrc/xilsecure_v5_1/src"

TRACE::2026-01-26.17:21:13::SCWBDomain::make -C psu_cortexa53_0/libsrc/xilsecure_v5_1/src -s libs  "SHELL=CMD" "COMPILER=aarch64-none-elf-gcc" "ASSEMBLER=aarch64-none-
TRACE::2026-01-26.17:21:13::SCWBDomain::elf-as" "ARCHIVER=aarch64-none-elf-ar" "COMPILER_FLAGS=  -c" "EXTRA_COMPILER_FLAGS=-g -Wall -Wextra -fno-tree-loop-distribute-p
TRACE::2026-01-26.17:21:13::SCWBDomain::atterns -Os -flto -ffat-lto-objects"

TRACE::2026-01-26.17:21:13::SCWBDomain::"Compiling XilSecure Library"

TRACE::2026-01-26.17:21:14::SCWBDomain::'Finished building libraries sequentially.'

TRACE::2026-01-26.17:21:14::SCWBDomain::make -j 10 --no-print-directory par_libs

TRACE::2026-01-26.17:21:14::SCWBDomain::"Running Make include in psu_cortexa53_0/libsrc/avbuf_v2_5/src"

TRACE::2026-01-26.17:21:14::SCWBDomain::make -C psu_cortexa53_0/libsrc/avbuf_v2_5/src -s include  "SHELL=CMD" "COMPILER=aarch64-none-elf-gcc" "ASSEMBLER=aarch64-none-e
TRACE::2026-01-26.17:21:14::SCWBDomain::lf-as" "ARCHIVER=aarch64-none-elf-ar" "COMPILER_FLAGS=  -c" "EXTRA_COMPILER_FLAGS=-g -Wall -Wextra -fno-tree-loop-distribute-pa
TRACE::2026-01-26.17:21:14::SCWBDomain::tterns -Os -flto -ffat-lto-objects"

TRACE::2026-01-26.17:21:14::SCWBDomain::"Running Make include in psu_cortexa53_0/libsrc/axipmon_v6_9/src"

TRACE::2026-01-26.17:21:14::SCWBDomain::"Running Make include in psu_cortexa53_0/libsrc/clockps_v1_4/src"

TRACE::2026-01-26.17:21:14::SCWBDomain::make -C psu_cortexa53_0/libsrc/axipmon_v6_9/src -s include  "SHELL=CMD" "COMPILER=aarch64-none-elf-gcc" "ASSEMBLER=aarch64-none
TRACE::2026-01-26.17:21:14::SCWBDomain::-elf-as" "ARCHIVER=aarch64-none-elf-ar" "COMPILER_FLAGS=  -c" "EXTRA_COMPILER_FLAGS=-g -Wall -Wextra -fno-tree-loop-distribute-
TRACE::2026-01-26.17:21:14::SCWBDomain::patterns -Os -flto -ffat-lto-objects"

TRACE::2026-01-26.17:21:14::SCWBDomain::make -C psu_cortexa53_0/libsrc/clockps_v1_4/src -s include  "SHELL=CMD" "COMPILER=aarch64-none-elf-gcc" "ASSEMBLER=aarch64-none
TRACE::2026-01-26.17:21:14::SCWBDomain::-elf-as" "ARCHIVER=aarch64-none-elf-ar" "COMPILER_FLAGS=  -c" "EXTRA_COMPILER_FLAGS=-g -Wall -Wextra -fno-tree-loop-distribute-
TRACE::2026-01-26.17:21:14::SCWBDomain::patterns -Os -flto -ffat-lto-objects"

TRACE::2026-01-26.17:21:14::SCWBDomain::"Running Make include in psu_cortexa53_0/libsrc/coresightps_dcc_v1_8/src"

TRACE::2026-01-26.17:21:14::SCWBDomain::"Running Make include in psu_cortexa53_0/libsrc/cpu_cortexa53_v2_0/src"

TRACE::2026-01-26.17:21:14::SCWBDomain::make -C psu_cortexa53_0/libsrc/coresightps_dcc_v1_8/src -s include  "SHELL=CMD" "COMPILER=aarch64-none-elf-gcc" "ASSEMBLER=aarc
TRACE::2026-01-26.17:21:14::SCWBDomain::h64-none-elf-as" "ARCHIVER=aarch64-none-elf-ar" "COMPILER_FLAGS=  -c" "EXTRA_COMPILER_FLAGS=-g -Wall -Wextra -fno-tree-loop-dis
TRACE::2026-01-26.17:21:14::SCWBDomain::tribute-patterns -Os -flto -ffat-lto-objects"

TRACE::2026-01-26.17:21:14::SCWBDomain::make -C psu_cortexa53_0/libsrc/cpu_cortexa53_v2_0/src -s include  "SHELL=CMD" "COMPILER=aarch64-none-elf-gcc" "ASSEMBLER=aarch6
TRACE::2026-01-26.17:21:14::SCWBDomain::4-none-elf-as" "ARCHIVER=aarch64-none-elf-ar" "COMPILER_FLAGS=  -c" "EXTRA_COMPILER_FLAGS=-g -Wall -Wextra -fno-tree-loop-distr
TRACE::2026-01-26.17:21:14::SCWBDomain::ibute-patterns -Os -flto -ffat-lto-objects"

TRACE::2026-01-26.17:21:14::SCWBDomain::"Running Make include in psu_cortexa53_0/libsrc/csudma_v1_13/src"

TRACE::2026-01-26.17:21:14::SCWBDomain::make -C psu_cortexa53_0/libsrc/csudma_v1_13/src -s include  "SHELL=CMD" "COMPILER=aarch64-none-elf-gcc" "ASSEMBLER=aarch64-none
TRACE::2026-01-26.17:21:14::SCWBDomain::-elf-as" "ARCHIVER=aarch64-none-elf-ar" "COMPILER_FLAGS=  -c" "EXTRA_COMPILER_FLAGS=-g -Wall -Wextra -fno-tree-loop-distribute-
TRACE::2026-01-26.17:21:14::SCWBDomain::patterns -Os -flto -ffat-lto-objects"

TRACE::2026-01-26.17:21:14::SCWBDomain::"Running Make include in psu_cortexa53_0/libsrc/ddrcpsu_v1_4/src"

TRACE::2026-01-26.17:21:14::SCWBDomain::make -C psu_cortexa53_0/libsrc/ddrcpsu_v1_4/src -s include  "SHELL=CMD" "COMPILER=aarch64-none-elf-gcc" "ASSEMBLER=aarch64-none
TRACE::2026-01-26.17:21:14::SCWBDomain::-elf-as" "ARCHIVER=aarch64-none-elf-ar" "COMPILER_FLAGS=  -c" "EXTRA_COMPILER_FLAGS=-g -Wall -Wextra -fno-tree-loop-distribute-
TRACE::2026-01-26.17:21:14::SCWBDomain::patterns -Os -flto -ffat-lto-objects"

TRACE::2026-01-26.17:21:14::SCWBDomain::"Running Make include in psu_cortexa53_0/libsrc/dpdma_v1_4/src"

TRACE::2026-01-26.17:21:14::SCWBDomain::make -C psu_cortexa53_0/libsrc/dpdma_v1_4/src -s include  "SHELL=CMD" "COMPILER=aarch64-none-elf-gcc" "ASSEMBLER=aarch64-none-e
TRACE::2026-01-26.17:21:14::SCWBDomain::lf-as" "ARCHIVER=aarch64-none-elf-ar" "COMPILER_FLAGS=  -c" "EXTRA_COMPILER_FLAGS=-g -Wall -Wextra -fno-tree-loop-distribute-pa
TRACE::2026-01-26.17:21:14::SCWBDomain::tterns -Os -flto -ffat-lto-objects"

TRACE::2026-01-26.17:21:14::SCWBDomain::"Running Make include in psu_cortexa53_0/libsrc/dppsu_v1_6/src"

TRACE::2026-01-26.17:21:14::SCWBDomain::make -C psu_cortexa53_0/libsrc/dppsu_v1_6/src -s include  "SHELL=CMD" "COMPILER=aarch64-none-elf-gcc" "ASSEMBLER=aarch64-none-e
TRACE::2026-01-26.17:21:14::SCWBDomain::lf-as" "ARCHIVER=aarch64-none-elf-ar" "COMPILER_FLAGS=  -c" "EXTRA_COMPILER_FLAGS=-g -Wall -Wextra -fno-tree-loop-distribute-pa
TRACE::2026-01-26.17:21:14::SCWBDomain::tterns -Os -flto -ffat-lto-objects"

TRACE::2026-01-26.17:21:14::SCWBDomain::"Running Make include in psu_cortexa53_0/libsrc/emacps_v3_18/src"

TRACE::2026-01-26.17:21:14::SCWBDomain::make -C psu_cortexa53_0/libsrc/emacps_v3_18/src -s include  "SHELL=CMD" "COMPILER=aarch64-none-elf-gcc" "ASSEMBLER=aarch64-none
TRACE::2026-01-26.17:21:14::SCWBDomain::-elf-as" "ARCHIVER=aarch64-none-elf-ar" "COMPILER_FLAGS=  -c" "EXTRA_COMPILER_FLAGS=-g -Wall -Wextra -fno-tree-loop-distribute-
TRACE::2026-01-26.17:21:14::SCWBDomain::patterns -Os -flto -ffat-lto-objects"

TRACE::2026-01-26.17:21:14::SCWBDomain::"Running Make include in psu_cortexa53_0/libsrc/gpiops_v3_11/src"

TRACE::2026-01-26.17:21:14::SCWBDomain::"Running Make include in psu_cortexa53_0/libsrc/iicps_v3_17/src"

TRACE::2026-01-26.17:21:14::SCWBDomain::make -C psu_cortexa53_0/libsrc/gpiops_v3_11/src -s include  "SHELL=CMD" "COMPILER=aarch64-none-elf-gcc" "ASSEMBLER=aarch64-none
TRACE::2026-01-26.17:21:14::SCWBDomain::-elf-as" "ARCHIVER=aarch64-none-elf-ar" "COMPILER_FLAGS=  -c" "EXTRA_COMPILER_FLAGS=-g -Wall -Wextra -fno-tree-loop-distribute-
TRACE::2026-01-26.17:21:14::SCWBDomain::patterns -Os -flto -ffat-lto-objects"

TRACE::2026-01-26.17:21:14::SCWBDomain::make -C psu_cortexa53_0/libsrc/iicps_v3_17/src -s include  "SHELL=CMD" "COMPILER=aarch64-none-elf-gcc" "ASSEMBLER=aarch64-none-
TRACE::2026-01-26.17:21:14::SCWBDomain::elf-as" "ARCHIVER=aarch64-none-elf-ar" "COMPILER_FLAGS=  -c" "EXTRA_COMPILER_FLAGS=-g -Wall -Wextra -fno-tree-loop-distribute-p
TRACE::2026-01-26.17:21:14::SCWBDomain::atterns -Os -flto -ffat-lto-objects"

TRACE::2026-01-26.17:21:14::SCWBDomain::"Running Make include in psu_cortexa53_0/libsrc/ipipsu_v2_13/src"

TRACE::2026-01-26.17:21:14::SCWBDomain::make -C psu_cortexa53_0/libsrc/ipipsu_v2_13/src -s include  "SHELL=CMD" "COMPILER=aarch64-none-elf-gcc" "ASSEMBLER=aarch64-none
TRACE::2026-01-26.17:21:14::SCWBDomain::-elf-as" "ARCHIVER=aarch64-none-elf-ar" "COMPILER_FLAGS=  -c" "EXTRA_COMPILER_FLAGS=-g -Wall -Wextra -fno-tree-loop-distribute-
TRACE::2026-01-26.17:21:14::SCWBDomain::patterns -Os -flto -ffat-lto-objects"

TRACE::2026-01-26.17:21:14::SCWBDomain::"Running Make include in psu_cortexa53_0/libsrc/pciepsu_v1_5/src"

TRACE::2026-01-26.17:21:14::SCWBDomain::make -C psu_cortexa53_0/libsrc/pciepsu_v1_5/src -s include  "SHELL=CMD" "COMPILER=aarch64-none-elf-gcc" "ASSEMBLER=aarch64-none
TRACE::2026-01-26.17:21:14::SCWBDomain::-elf-as" "ARCHIVER=aarch64-none-elf-ar" "COMPILER_FLAGS=  -c" "EXTRA_COMPILER_FLAGS=-g -Wall -Wextra -fno-tree-loop-distribute-
TRACE::2026-01-26.17:21:14::SCWBDomain::patterns -Os -flto -ffat-lto-objects"

TRACE::2026-01-26.17:21:14::SCWBDomain::"Running Make include in psu_cortexa53_0/libsrc/qspipsu_v1_17/src"

TRACE::2026-01-26.17:21:14::SCWBDomain::"Running Make include in psu_cortexa53_0/libsrc/resetps_v1_5/src"

TRACE::2026-01-26.17:21:14::SCWBDomain::make -C psu_cortexa53_0/libsrc/qspipsu_v1_17/src -s include  "SHELL=CMD" "COMPILER=aarch64-none-elf-gcc" "ASSEMBLER=aarch64-non
TRACE::2026-01-26.17:21:14::SCWBDomain::e-elf-as" "ARCHIVER=aarch64-none-elf-ar" "COMPILER_FLAGS=  -c" "EXTRA_COMPILER_FLAGS=-g -Wall -Wextra -fno-tree-loop-distribute
TRACE::2026-01-26.17:21:14::SCWBDomain::-patterns -Os -flto -ffat-lto-objects"

TRACE::2026-01-26.17:21:14::SCWBDomain::make -C psu_cortexa53_0/libsrc/resetps_v1_5/src -s include  "SHELL=CMD" "COMPILER=aarch64-none-elf-gcc" "ASSEMBLER=aarch64-none
TRACE::2026-01-26.17:21:14::SCWBDomain::-elf-as" "ARCHIVER=aarch64-none-elf-ar" "COMPILER_FLAGS=  -c" "EXTRA_COMPILER_FLAGS=-g -Wall -Wextra -fno-tree-loop-distribute-
TRACE::2026-01-26.17:21:14::SCWBDomain::patterns -Os -flto -ffat-lto-objects"

TRACE::2026-01-26.17:21:14::SCWBDomain::"Running Make include in psu_cortexa53_0/libsrc/rtcpsu_v1_12/src"

TRACE::2026-01-26.17:21:14::SCWBDomain::make -C psu_cortexa53_0/libsrc/rtcpsu_v1_12/src -s include  "SHELL=CMD" "COMPILER=aarch64-none-elf-gcc" "ASSEMBLER=aarch64-none
TRACE::2026-01-26.17:21:14::SCWBDomain::-elf-as" "ARCHIVER=aarch64-none-elf-ar" "COMPILER_FLAGS=  -c" "EXTRA_COMPILER_FLAGS=-g -Wall -Wextra -fno-tree-loop-distribute-
TRACE::2026-01-26.17:21:14::SCWBDomain::patterns -Os -flto -ffat-lto-objects"

TRACE::2026-01-26.17:21:14::SCWBDomain::"Running Make include in psu_cortexa53_0/libsrc/scugic_v5_1/src"

TRACE::2026-01-26.17:21:14::SCWBDomain::make -C psu_cortexa53_0/libsrc/scugic_v5_1/src -s include  "SHELL=CMD" "COMPILER=aarch64-none-elf-gcc" "ASSEMBLER=aarch64-none-
TRACE::2026-01-26.17:21:14::SCWBDomain::elf-as" "ARCHIVER=aarch64-none-elf-ar" "COMPILER_FLAGS=  -c" "EXTRA_COMPILER_FLAGS=-g -Wall -Wextra -fno-tree-loop-distribute-p
TRACE::2026-01-26.17:21:14::SCWBDomain::atterns -Os -flto -ffat-lto-objects"

TRACE::2026-01-26.17:21:14::SCWBDomain::"Running Make include in psu_cortexa53_0/libsrc/sdps_v4_1/src"

TRACE::2026-01-26.17:21:14::SCWBDomain::make -C psu_cortexa53_0/libsrc/sdps_v4_1/src -s include  "SHELL=CMD" "COMPILER=aarch64-none-elf-gcc" "ASSEMBLER=aarch64-none-el
TRACE::2026-01-26.17:21:14::SCWBDomain::f-as" "ARCHIVER=aarch64-none-elf-ar" "COMPILER_FLAGS=  -c" "EXTRA_COMPILER_FLAGS=-g -Wall -Wextra -fno-tree-loop-distribute-pat
TRACE::2026-01-26.17:21:14::SCWBDomain::terns -Os -flto -ffat-lto-objects"

TRACE::2026-01-26.17:21:14::SCWBDomain::"Running Make include in psu_cortexa53_0/libsrc/standalone_v8_1/src"

TRACE::2026-01-26.17:21:14::SCWBDomain::make -C psu_cortexa53_0/libsrc/standalone_v8_1/src -s include  "SHELL=CMD" "COMPILER=aarch64-none-elf-gcc" "ASSEMBLER=aarch64-n
TRACE::2026-01-26.17:21:14::SCWBDomain::one-elf-as" "ARCHIVER=aarch64-none-elf-ar" "COMPILER_FLAGS=  -c" "EXTRA_COMPILER_FLAGS=-g -Wall -Wextra -fno-tree-loop-distribu
TRACE::2026-01-26.17:21:14::SCWBDomain::te-patterns -Os -flto -ffat-lto-objects"

TRACE::2026-01-26.17:21:14::SCWBDomain::"Running Make include in psu_cortexa53_0/libsrc/sysmonpsu_v2_8/src"

TRACE::2026-01-26.17:21:14::SCWBDomain::make -C psu_cortexa53_0/libsrc/sysmonpsu_v2_8/src -s include  "SHELL=CMD" "COMPILER=aarch64-none-elf-gcc" "ASSEMBLER=aarch64-no
TRACE::2026-01-26.17:21:14::SCWBDomain::ne-elf-as" "ARCHIVER=aarch64-none-elf-ar" "COMPILER_FLAGS=  -c" "EXTRA_COMPILER_FLAGS=-g -Wall -Wextra -fno-tree-loop-distribut
TRACE::2026-01-26.17:21:14::SCWBDomain::e-patterns -Os -flto -ffat-lto-objects"

TRACE::2026-01-26.17:21:14::SCWBDomain::"Running Make include in psu_cortexa53_0/libsrc/ttcps_v3_17/src"

TRACE::2026-01-26.17:21:14::SCWBDomain::make -C psu_cortexa53_0/libsrc/ttcps_v3_17/src -s include  "SHELL=CMD" "COMPILER=aarch64-none-elf-gcc" "ASSEMBLER=aarch64-none-
TRACE::2026-01-26.17:21:14::SCWBDomain::elf-as" "ARCHIVER=aarch64-none-elf-ar" "COMPILER_FLAGS=  -c" "EXTRA_COMPILER_FLAGS=-g -Wall -Wextra -fno-tree-loop-distribute-p
TRACE::2026-01-26.17:21:14::SCWBDomain::atterns -Os -flto -ffat-lto-objects"

TRACE::2026-01-26.17:21:14::SCWBDomain::"Running Make include in psu_cortexa53_0/libsrc/uartps_v3_12/src"

TRACE::2026-01-26.17:21:14::SCWBDomain::make -C psu_cortexa53_0/libsrc/uartps_v3_12/src -s include  "SHELL=CMD" "COMPILER=aarch64-none-elf-gcc" "ASSEMBLER=aarch64-none
TRACE::2026-01-26.17:21:14::SCWBDomain::-elf-as" "ARCHIVER=aarch64-none-elf-ar" "COMPILER_FLAGS=  -c" "EXTRA_COMPILER_FLAGS=-g -Wall -Wextra -fno-tree-loop-distribute-
TRACE::2026-01-26.17:21:14::SCWBDomain::patterns -Os -flto -ffat-lto-objects"

TRACE::2026-01-26.17:21:14::SCWBDomain::"Running Make include in psu_cortexa53_0/libsrc/usbpsu_v1_13/src"

TRACE::2026-01-26.17:21:14::SCWBDomain::make -C psu_cortexa53_0/libsrc/usbpsu_v1_13/src -s include  "SHELL=CMD" "COMPILER=aarch64-none-elf-gcc" "ASSEMBLER=aarch64-none
TRACE::2026-01-26.17:21:14::SCWBDomain::-elf-as" "ARCHIVER=aarch64-none-elf-ar" "COMPILER_FLAGS=  -c" "EXTRA_COMPILER_FLAGS=-g -Wall -Wextra -fno-tree-loop-distribute-
TRACE::2026-01-26.17:21:14::SCWBDomain::patterns -Os -flto -ffat-lto-objects"

TRACE::2026-01-26.17:21:14::SCWBDomain::"Running Make include in psu_cortexa53_0/libsrc/video_common_v4_13/src"

TRACE::2026-01-26.17:21:14::SCWBDomain::make -C psu_cortexa53_0/libsrc/video_common_v4_13/src -s include  "SHELL=CMD" "COMPILER=aarch64-none-elf-gcc" "ASSEMBLER=aarch6
TRACE::2026-01-26.17:21:14::SCWBDomain::4-none-elf-as" "ARCHIVER=aarch64-none-elf-ar" "COMPILER_FLAGS=  -c" "EXTRA_COMPILER_FLAGS=-g -Wall -Wextra -fno-tree-loop-distr
TRACE::2026-01-26.17:21:14::SCWBDomain::ibute-patterns -Os -flto -ffat-lto-objects"

TRACE::2026-01-26.17:21:14::SCWBDomain::"Running Make include in psu_cortexa53_0/libsrc/xilffs_v5_0/src"

TRACE::2026-01-26.17:21:14::SCWBDomain::make -C psu_cortexa53_0/libsrc/xilffs_v5_0/src -s include  "SHELL=CMD" "COMPILER=aarch64-none-elf-gcc" "ASSEMBLER=aarch64-none-
TRACE::2026-01-26.17:21:14::SCWBDomain::elf-as" "ARCHIVER=aarch64-none-elf-ar" "COMPILER_FLAGS=  -c" "EXTRA_COMPILER_FLAGS=-g -Wall -Wextra -fno-tree-loop-distribute-p
TRACE::2026-01-26.17:21:14::SCWBDomain::atterns -Os -flto -ffat-lto-objects"

TRACE::2026-01-26.17:21:14::SCWBDomain::"Running Make include in psu_cortexa53_0/libsrc/xilpm_v5_0/src"

TRACE::2026-01-26.17:21:14::SCWBDomain::"Running Make include in psu_cortexa53_0/libsrc/xilsecure_v5_1/src"

TRACE::2026-01-26.17:21:14::SCWBDomain::make -C psu_cortexa53_0/libsrc/xilpm_v5_0/src -s include  "SHELL=CMD" "COMPILER=aarch64-none-elf-gcc" "ASSEMBLER=aarch64-none-e
TRACE::2026-01-26.17:21:14::SCWBDomain::lf-as" "ARCHIVER=aarch64-none-elf-ar" "COMPILER_FLAGS=  -c" "EXTRA_COMPILER_FLAGS=-g -Wall -Wextra -fno-tree-loop-distribute-pa
TRACE::2026-01-26.17:21:14::SCWBDomain::tterns -Os -flto -ffat-lto-objects"

TRACE::2026-01-26.17:21:14::SCWBDomain::make -C psu_cortexa53_0/libsrc/xilsecure_v5_1/src -s include  "SHELL=CMD" "COMPILER=aarch64-none-elf-gcc" "ASSEMBLER=aarch64-no
TRACE::2026-01-26.17:21:14::SCWBDomain::ne-elf-as" "ARCHIVER=aarch64-none-elf-ar" "COMPILER_FLAGS=  -c" "EXTRA_COMPILER_FLAGS=-g -Wall -Wextra -fno-tree-loop-distribut
TRACE::2026-01-26.17:21:14::SCWBDomain::e-patterns -Os -flto -ffat-lto-objects"

TRACE::2026-01-26.17:21:14::SCWBDomain::"Running Make include in psu_cortexa53_0/libsrc/zdma_v1_16/src"

TRACE::2026-01-26.17:21:14::SCWBDomain::make -C psu_cortexa53_0/libsrc/zdma_v1_16/src -s include  "SHELL=CMD" "COMPILER=aarch64-none-elf-gcc" "ASSEMBLER=aarch64-none-e
TRACE::2026-01-26.17:21:14::SCWBDomain::lf-as" "ARCHIVER=aarch64-none-elf-ar" "COMPILER_FLAGS=  -c" "EXTRA_COMPILER_FLAGS=-g -Wall -Wextra -fno-tree-loop-distribute-pa
TRACE::2026-01-26.17:21:14::SCWBDomain::tterns -Os -flto -ffat-lto-objects"

TRACE::2026-01-26.17:21:14::SCWBDomain::"Include files for this library have already been copied."

TRACE::2026-01-26.17:21:14::SCWBDomain::"Running Make libs in psu_cortexa53_0/libsrc/axipmon_v6_9/src"

TRACE::2026-01-26.17:21:14::SCWBDomain::make -C psu_cortexa53_0/libsrc/axipmon_v6_9/src -s libs  "SHELL=CMD" "COMPILER=aarch64-none-elf-gcc" "ASSEMBLER=aarch64-none-el
TRACE::2026-01-26.17:21:14::SCWBDomain::f-as" "ARCHIVER=aarch64-none-elf-ar" "COMPILER_FLAGS=  -c" "EXTRA_COMPILER_FLAGS=-g -Wall -Wextra -fno-tree-loop-distribute-pat
TRACE::2026-01-26.17:21:14::SCWBDomain::terns -Os -flto -ffat-lto-objects"

TRACE::2026-01-26.17:21:14::SCWBDomain::"Running Make libs in psu_cortexa53_0/libsrc/clockps_v1_4/src"

TRACE::2026-01-26.17:21:14::SCWBDomain::make -C psu_cortexa53_0/libsrc/clockps_v1_4/src -s libs  "SHELL=CMD" "COMPILER=aarch64-none-elf-gcc" "ASSEMBLER=aarch64-none-el
TRACE::2026-01-26.17:21:14::SCWBDomain::f-as" "ARCHIVER=aarch64-none-elf-ar" "COMPILER_FLAGS=  -c" "EXTRA_COMPILER_FLAGS=-g -Wall -Wextra -fno-tree-loop-distribute-pat
TRACE::2026-01-26.17:21:14::SCWBDomain::terns -Os -flto -ffat-lto-objects"

TRACE::2026-01-26.17:21:14::SCWBDomain::"Running Make libs in psu_cortexa53_0/libsrc/coresightps_dcc_v1_8/src"

TRACE::2026-01-26.17:21:14::SCWBDomain::make -C psu_cortexa53_0/libsrc/coresightps_dcc_v1_8/src -s libs  "SHELL=CMD" "COMPILER=aarch64-none-elf-gcc" "ASSEMBLER=aarch64
TRACE::2026-01-26.17:21:14::SCWBDomain::-none-elf-as" "ARCHIVER=aarch64-none-elf-ar" "COMPILER_FLAGS=  -c" "EXTRA_COMPILER_FLAGS=-g -Wall -Wextra -fno-tree-loop-distri
TRACE::2026-01-26.17:21:14::SCWBDomain::bute-patterns -Os -flto -ffat-lto-objects"

TRACE::2026-01-26.17:21:14::SCWBDomain::"Running Make libs in psu_cortexa53_0/libsrc/cpu_cortexa53_v2_0/src"

TRACE::2026-01-26.17:21:14::SCWBDomain::make -C psu_cortexa53_0/libsrc/cpu_cortexa53_v2_0/src -s libs  "SHELL=CMD" "COMPILER=aarch64-none-elf-gcc" "ASSEMBLER=aarch64-n
TRACE::2026-01-26.17:21:14::SCWBDomain::one-elf-as" "ARCHIVER=aarch64-none-elf-ar" "COMPILER_FLAGS=  -c" "EXTRA_COMPILER_FLAGS=-g -Wall -Wextra -fno-tree-loop-distribu
TRACE::2026-01-26.17:21:14::SCWBDomain::te-patterns -Os -flto -ffat-lto-objects"

TRACE::2026-01-26.17:21:14::SCWBDomain::"Running Make libs in psu_cortexa53_0/libsrc/csudma_v1_13/src"

TRACE::2026-01-26.17:21:14::SCWBDomain::make -C psu_cortexa53_0/libsrc/csudma_v1_13/src -s libs  "SHELL=CMD" "COMPILER=aarch64-none-elf-gcc" "ASSEMBLER=aarch64-none-el
TRACE::2026-01-26.17:21:14::SCWBDomain::f-as" "ARCHIVER=aarch64-none-elf-ar" "COMPILER_FLAGS=  -c" "EXTRA_COMPILER_FLAGS=-g -Wall -Wextra -fno-tree-loop-distribute-pat
TRACE::2026-01-26.17:21:14::SCWBDomain::terns -Os -flto -ffat-lto-objects"

TRACE::2026-01-26.17:21:14::SCWBDomain::"Running Make libs in psu_cortexa53_0/libsrc/ddrcpsu_v1_4/src"

TRACE::2026-01-26.17:21:14::SCWBDomain::make -C psu_cortexa53_0/libsrc/ddrcpsu_v1_4/src -s libs  "SHELL=CMD" "COMPILER=aarch64-none-elf-gcc" "ASSEMBLER=aarch64-none-el
TRACE::2026-01-26.17:21:14::SCWBDomain::f-as" "ARCHIVER=aarch64-none-elf-ar" "COMPILER_FLAGS=  -c" "EXTRA_COMPILER_FLAGS=-g -Wall -Wextra -fno-tree-loop-distribute-pat
TRACE::2026-01-26.17:21:14::SCWBDomain::terns -Os -flto -ffat-lto-objects"

TRACE::2026-01-26.17:21:14::SCWBDomain::"Running Make libs in psu_cortexa53_0/libsrc/emacps_v3_18/src"

TRACE::2026-01-26.17:21:14::SCWBDomain::make -C psu_cortexa53_0/libsrc/emacps_v3_18/src -s libs  "SHELL=CMD" "COMPILER=aarch64-none-elf-gcc" "ASSEMBLER=aarch64-none-el
TRACE::2026-01-26.17:21:14::SCWBDomain::f-as" "ARCHIVER=aarch64-none-elf-ar" "COMPILER_FLAGS=  -c" "EXTRA_COMPILER_FLAGS=-g -Wall -Wextra -fno-tree-loop-distribute-pat
TRACE::2026-01-26.17:21:14::SCWBDomain::terns -Os -flto -ffat-lto-objects"

TRACE::2026-01-26.17:21:15::SCWBDomain::"Running Make libs in psu_cortexa53_0/libsrc/gpiops_v3_11/src"

TRACE::2026-01-26.17:21:15::SCWBDomain::make -C psu_cortexa53_0/libsrc/gpiops_v3_11/src -s libs  "SHELL=CMD" "COMPILER=aarch64-none-elf-gcc" "ASSEMBLER=aarch64-none-el
TRACE::2026-01-26.17:21:15::SCWBDomain::f-as" "ARCHIVER=aarch64-none-elf-ar" "COMPILER_FLAGS=  -c" "EXTRA_COMPILER_FLAGS=-g -Wall -Wextra -fno-tree-loop-distribute-pat
TRACE::2026-01-26.17:21:15::SCWBDomain::terns -Os -flto -ffat-lto-objects"

TRACE::2026-01-26.17:21:15::SCWBDomain::"Running Make libs in psu_cortexa53_0/libsrc/iicps_v3_17/src"

TRACE::2026-01-26.17:21:15::SCWBDomain::make -C psu_cortexa53_0/libsrc/iicps_v3_17/src -s libs  "SHELL=CMD" "COMPILER=aarch64-none-elf-gcc" "ASSEMBLER=aarch64-none-elf
TRACE::2026-01-26.17:21:15::SCWBDomain::-as" "ARCHIVER=aarch64-none-elf-ar" "COMPILER_FLAGS=  -c" "EXTRA_COMPILER_FLAGS=-g -Wall -Wextra -fno-tree-loop-distribute-patt
TRACE::2026-01-26.17:21:15::SCWBDomain::erns -Os -flto -ffat-lto-objects"

TRACE::2026-01-26.17:21:15::SCWBDomain::"Running Make libs in psu_cortexa53_0/libsrc/ipipsu_v2_13/src"

TRACE::2026-01-26.17:21:15::SCWBDomain::make -C psu_cortexa53_0/libsrc/ipipsu_v2_13/src -s libs  "SHELL=CMD" "COMPILER=aarch64-none-elf-gcc" "ASSEMBLER=aarch64-none-el
TRACE::2026-01-26.17:21:15::SCWBDomain::f-as" "ARCHIVER=aarch64-none-elf-ar" "COMPILER_FLAGS=  -c" "EXTRA_COMPILER_FLAGS=-g -Wall -Wextra -fno-tree-loop-distribute-pat
TRACE::2026-01-26.17:21:15::SCWBDomain::terns -Os -flto -ffat-lto-objects"

TRACE::2026-01-26.17:21:15::SCWBDomain::"Running Make libs in psu_cortexa53_0/libsrc/pciepsu_v1_5/src"

TRACE::2026-01-26.17:21:15::SCWBDomain::make -C psu_cortexa53_0/libsrc/pciepsu_v1_5/src -s libs  "SHELL=CMD" "COMPILER=aarch64-none-elf-gcc" "ASSEMBLER=aarch64-none-el
TRACE::2026-01-26.17:21:15::SCWBDomain::f-as" "ARCHIVER=aarch64-none-elf-ar" "COMPILER_FLAGS=  -c" "EXTRA_COMPILER_FLAGS=-g -Wall -Wextra -fno-tree-loop-distribute-pat
TRACE::2026-01-26.17:21:15::SCWBDomain::terns -Os -flto -ffat-lto-objects"

TRACE::2026-01-26.17:21:15::SCWBDomain::"Running Make libs in psu_cortexa53_0/libsrc/qspipsu_v1_17/src"

TRACE::2026-01-26.17:21:15::SCWBDomain::make -C psu_cortexa53_0/libsrc/qspipsu_v1_17/src -s libs  "SHELL=CMD" "COMPILER=aarch64-none-elf-gcc" "ASSEMBLER=aarch64-none-e
TRACE::2026-01-26.17:21:15::SCWBDomain::lf-as" "ARCHIVER=aarch64-none-elf-ar" "COMPILER_FLAGS=  -c" "EXTRA_COMPILER_FLAGS=-g -Wall -Wextra -fno-tree-loop-distribute-pa
TRACE::2026-01-26.17:21:15::SCWBDomain::tterns -Os -flto -ffat-lto-objects"

TRACE::2026-01-26.17:21:15::SCWBDomain::"Running Make libs in psu_cortexa53_0/libsrc/resetps_v1_5/src"

TRACE::2026-01-26.17:21:15::SCWBDomain::make -C psu_cortexa53_0/libsrc/resetps_v1_5/src -s libs  "SHELL=CMD" "COMPILER=aarch64-none-elf-gcc" "ASSEMBLER=aarch64-none-el
TRACE::2026-01-26.17:21:15::SCWBDomain::f-as" "ARCHIVER=aarch64-none-elf-ar" "COMPILER_FLAGS=  -c" "EXTRA_COMPILER_FLAGS=-g -Wall -Wextra -fno-tree-loop-distribute-pat
TRACE::2026-01-26.17:21:15::SCWBDomain::terns -Os -flto -ffat-lto-objects"

TRACE::2026-01-26.17:21:15::SCWBDomain::"Running Make libs in psu_cortexa53_0/libsrc/rtcpsu_v1_12/src"

TRACE::2026-01-26.17:21:15::SCWBDomain::make -C psu_cortexa53_0/libsrc/rtcpsu_v1_12/src -s libs  "SHELL=CMD" "COMPILER=aarch64-none-elf-gcc" "ASSEMBLER=aarch64-none-el
TRACE::2026-01-26.17:21:15::SCWBDomain::f-as" "ARCHIVER=aarch64-none-elf-ar" "COMPILER_FLAGS=  -c" "EXTRA_COMPILER_FLAGS=-g -Wall -Wextra -fno-tree-loop-distribute-pat
TRACE::2026-01-26.17:21:15::SCWBDomain::terns -Os -flto -ffat-lto-objects"

TRACE::2026-01-26.17:21:15::SCWBDomain::"Running Make libs in psu_cortexa53_0/libsrc/scugic_v5_1/src"

TRACE::2026-01-26.17:21:15::SCWBDomain::make -C psu_cortexa53_0/libsrc/scugic_v5_1/src -s libs  "SHELL=CMD" "COMPILER=aarch64-none-elf-gcc" "ASSEMBLER=aarch64-none-elf
TRACE::2026-01-26.17:21:15::SCWBDomain::-as" "ARCHIVER=aarch64-none-elf-ar" "COMPILER_FLAGS=  -c" "EXTRA_COMPILER_FLAGS=-g -Wall -Wextra -fno-tree-loop-distribute-patt
TRACE::2026-01-26.17:21:15::SCWBDomain::erns -Os -flto -ffat-lto-objects"

TRACE::2026-01-26.17:21:16::SCWBDomain::"Running Make libs in psu_cortexa53_0/libsrc/sdps_v4_1/src"

TRACE::2026-01-26.17:21:16::SCWBDomain::make -C psu_cortexa53_0/libsrc/sdps_v4_1/src -s libs  "SHELL=CMD" "COMPILER=aarch64-none-elf-gcc" "ASSEMBLER=aarch64-none-elf-a
TRACE::2026-01-26.17:21:16::SCWBDomain::s" "ARCHIVER=aarch64-none-elf-ar" "COMPILER_FLAGS=  -c" "EXTRA_COMPILER_FLAGS=-g -Wall -Wextra -fno-tree-loop-distribute-patter
TRACE::2026-01-26.17:21:16::SCWBDomain::ns -Os -flto -ffat-lto-objects"

TRACE::2026-01-26.17:21:16::SCWBDomain::"Running Make libs in psu_cortexa53_0/libsrc/standalone_v8_1/src"

TRACE::2026-01-26.17:21:16::SCWBDomain::make -C psu_cortexa53_0/libsrc/standalone_v8_1/src -s libs  "SHELL=CMD" "COMPILER=aarch64-none-elf-gcc" "ASSEMBLER=aarch64-none
TRACE::2026-01-26.17:21:16::SCWBDomain::-elf-as" "ARCHIVER=aarch64-none-elf-ar" "COMPILER_FLAGS=  -c" "EXTRA_COMPILER_FLAGS=-g -Wall -Wextra -fno-tree-loop-distribute-
TRACE::2026-01-26.17:21:16::SCWBDomain::patterns -Os -flto -ffat-lto-objects"

TRACE::2026-01-26.17:21:16::SCWBDomain::"Running Make libs in psu_cortexa53_0/libsrc/sysmonpsu_v2_8/src"

TRACE::2026-01-26.17:21:16::SCWBDomain::make -C psu_cortexa53_0/libsrc/sysmonpsu_v2_8/src -s libs  "SHELL=CMD" "COMPILER=aarch64-none-elf-gcc" "ASSEMBLER=aarch64-none-
TRACE::2026-01-26.17:21:16::SCWBDomain::elf-as" "ARCHIVER=aarch64-none-elf-ar" "COMPILER_FLAGS=  -c" "EXTRA_COMPILER_FLAGS=-g -Wall -Wextra -fno-tree-loop-distribute-p
TRACE::2026-01-26.17:21:16::SCWBDomain::atterns -Os -flto -ffat-lto-objects"

TRACE::2026-01-26.17:21:16::SCWBDomain::"Running Make libs in psu_cortexa53_0/libsrc/ttcps_v3_17/src"

TRACE::2026-01-26.17:21:16::SCWBDomain::make -C psu_cortexa53_0/libsrc/ttcps_v3_17/src -s libs  "SHELL=CMD" "COMPILER=aarch64-none-elf-gcc" "ASSEMBLER=aarch64-none-elf
TRACE::2026-01-26.17:21:16::SCWBDomain::-as" "ARCHIVER=aarch64-none-elf-ar" "COMPILER_FLAGS=  -c" "EXTRA_COMPILER_FLAGS=-g -Wall -Wextra -fno-tree-loop-distribute-patt
TRACE::2026-01-26.17:21:16::SCWBDomain::erns -Os -flto -ffat-lto-objects"

TRACE::2026-01-26.17:21:16::SCWBDomain::"Running Make libs in psu_cortexa53_0/libsrc/uartps_v3_12/src"

TRACE::2026-01-26.17:21:16::SCWBDomain::make -C psu_cortexa53_0/libsrc/uartps_v3_12/src -s libs  "SHELL=CMD" "COMPILER=aarch64-none-elf-gcc" "ASSEMBLER=aarch64-none-el
TRACE::2026-01-26.17:21:16::SCWBDomain::f-as" "ARCHIVER=aarch64-none-elf-ar" "COMPILER_FLAGS=  -c" "EXTRA_COMPILER_FLAGS=-g -Wall -Wextra -fno-tree-loop-distribute-pat
TRACE::2026-01-26.17:21:16::SCWBDomain::terns -Os -flto -ffat-lto-objects"

TRACE::2026-01-26.17:21:16::SCWBDomain::"Running Make libs in psu_cortexa53_0/libsrc/usbpsu_v1_13/src"

TRACE::2026-01-26.17:21:16::SCWBDomain::make -C psu_cortexa53_0/libsrc/usbpsu_v1_13/src -s libs  "SHELL=CMD" "COMPILER=aarch64-none-elf-gcc" "ASSEMBLER=aarch64-none-el
TRACE::2026-01-26.17:21:16::SCWBDomain::f-as" "ARCHIVER=aarch64-none-elf-ar" "COMPILER_FLAGS=  -c" "EXTRA_COMPILER_FLAGS=-g -Wall -Wextra -fno-tree-loop-distribute-pat
TRACE::2026-01-26.17:21:16::SCWBDomain::terns -Os -flto -ffat-lto-objects"

TRACE::2026-01-26.17:21:16::SCWBDomain::"Running Make libs in psu_cortexa53_0/libsrc/video_common_v4_13/src"

TRACE::2026-01-26.17:21:16::SCWBDomain::make -C psu_cortexa53_0/libsrc/video_common_v4_13/src -s libs  "SHELL=CMD" "COMPILER=aarch64-none-elf-gcc" "ASSEMBLER=aarch64-n
TRACE::2026-01-26.17:21:16::SCWBDomain::one-elf-as" "ARCHIVER=aarch64-none-elf-ar" "COMPILER_FLAGS=  -c" "EXTRA_COMPILER_FLAGS=-g -Wall -Wextra -fno-tree-loop-distribu
TRACE::2026-01-26.17:21:16::SCWBDomain::te-patterns -Os -flto -ffat-lto-objects"

TRACE::2026-01-26.17:21:16::SCWBDomain::"Running Make libs in psu_cortexa53_0/libsrc/xilffs_v5_0/src"

TRACE::2026-01-26.17:21:16::SCWBDomain::make -C psu_cortexa53_0/libsrc/xilffs_v5_0/src -s libs  "SHELL=CMD" "COMPILER=aarch64-none-elf-gcc" "ASSEMBLER=aarch64-none-elf
TRACE::2026-01-26.17:21:16::SCWBDomain::-as" "ARCHIVER=aarch64-none-elf-ar" "COMPILER_FLAGS=  -c" "EXTRA_COMPILER_FLAGS=-g -Wall -Wextra -fno-tree-loop-distribute-patt
TRACE::2026-01-26.17:21:16::SCWBDomain::erns -Os -flto -ffat-lto-objects"

TRACE::2026-01-26.17:21:17::SCWBDomain::"Running Make libs in psu_cortexa53_0/libsrc/zdma_v1_16/src"

TRACE::2026-01-26.17:21:17::SCWBDomain::make -C psu_cortexa53_0/libsrc/zdma_v1_16/src -s libs  "SHELL=CMD" "COMPILER=aarch64-none-elf-gcc" "ASSEMBLER=aarch64-none-elf-
TRACE::2026-01-26.17:21:17::SCWBDomain::as" "ARCHIVER=aarch64-none-elf-ar" "COMPILER_FLAGS=  -c" "EXTRA_COMPILER_FLAGS=-g -Wall -Wextra -fno-tree-loop-distribute-patte
TRACE::2026-01-26.17:21:17::SCWBDomain::rns -Os -flto -ffat-lto-objects"

TRACE::2026-01-26.17:21:18::SCWBDomain::'Finished building libraries parallelly.'

TRACE::2026-01-26.17:21:18::SCWBDomain::make --no-print-directory archive

TRACE::2026-01-26.17:21:18::SCWBDomain::aarch64-none-elf-ar -r  psu_cortexa53_0/lib/libxil.a psu_cortexa53_0/lib/_exit.o psu_cortexa53_0/lib/_open.o psu_cortexa53_0/li
TRACE::2026-01-26.17:21:18::SCWBDomain::b/_sbrk.o psu_cortexa53_0/lib/abort.o psu_cortexa53_0/lib/asm_vectors.o psu_cortexa53_0/lib/boot.o psu_cortexa53_0/lib/close.o 
TRACE::2026-01-26.17:21:18::SCWBDomain::psu_cortexa53_0/lib/cpputest_time.o psu_cortexa53_0/lib/errno.o psu_cortexa53_0/lib/fcntl.o psu_cortexa53_0/lib/fstat.o psu_cor
TRACE::2026-01-26.17:21:18::SCWBDomain::texa53_0/lib/getentropy.o psu_cortexa53_0/lib/getpid.o psu_cortexa53_0/lib/inbyte.o psu_cortexa53_0/lib/initialise_monitor_hand
TRACE::2026-01-26.17:21:18::SCWBDomain::les.o psu_cortexa53_0/lib/isatty.o psu_cortexa53_0/lib/kill.o psu_cortexa53_0/lib/lseek.o psu_cortexa53_0/lib/open.o psu_cortex
TRACE::2026-01-26.17:21:18::SCWBDomain::a53_0/lib/outbyte.o psu_cortexa53_0/lib/print.o psu_cortexa53_0/lib/putnum.o psu_cortexa53_0/lib/read.o psu_cortexa53_0/lib/sbr
TRACE::2026-01-26.17:21:18::SCWBDomain::k.o psu_cortexa53_0/lib/sleep.o psu_cortexa53_0/lib/time.o psu_cortexa53_0/lib/translation_table.o psu_cortexa53_0/lib/unlink.o
TRACE::2026-01-26.17:21:18::SCWBDomain:: psu_cortexa53_0/lib/vectors.o psu_cortexa53_0/lib/write.o psu_cortexa53_0/lib/xaxipmon.o psu_cortexa53_0/lib/xaxipmon_g.o psu_
TRACE::2026-01-26.17:21:18::SCWBDomain::cortexa53_0/lib/xaxipmon_selftest.o psu_cortexa53_0/lib/xaxipmon_sinit.o psu_cortexa53_0/lib/xclockps.o psu_cortexa53_0/lib/xcl
TRACE::2026-01-26.17:21:18::SCWBDomain::ockps_divider.o psu_cortexa53_0/lib/xclockps_fixedfactor.o psu_cortexa53_0/lib/xclockps_g.o psu_cortexa53_0/lib/xclockps_gate.o
TRACE::2026-01-26.17:21:18::SCWBDomain:: psu_cortexa53_0/lib/xclockps_mux.o psu_cortexa53_0/lib/xclockps_pll.o psu_cortexa53_0/lib/xclockps_sinit.o psu_cortexa53_0/lib
TRACE::2026-01-26.17:21:18::SCWBDomain::/xcoresightpsdcc.o psu_cortexa53_0/lib/xcsudma.o psu_cortexa53_0/lib/xcsudma_g.o psu_cortexa53_0/lib/xcsudma_intr.o psu_cortexa
TRACE::2026-01-26.17:21:18::SCWBDomain::53_0/lib/xcsudma_selftest.o psu_cortexa53_0/lib/xcsudma_sinit.o psu_cortexa53_0/lib/xemacps.o psu_cortexa53_0/lib/xemacps_bdrin
TRACE::2026-01-26.17:21:18::SCWBDomain::g.o psu_cortexa53_0/lib/xemacps_control.o psu_cortexa53_0/lib/xemacps_g.o psu_cortexa53_0/lib/xemacps_hw.o psu_cortexa53_0/lib/
TRACE::2026-01-26.17:21:18::SCWBDomain::xemacps_intr.o psu_cortexa53_0/lib/xemacps_sinit.o psu_cortexa53_0/lib/xgpiops.o psu_cortexa53_0/lib/xgpiops_g.o psu_cortexa53_
TRACE::2026-01-26.17:21:18::SCWBDomain::0/lib/xgpiops_hw.o psu_cortexa53_0/lib/xgpiops_intr.o psu_cortexa53_0/lib/xgpiops_selftest.o psu_cortexa53_0/lib/xgpiops_sinit.
TRACE::2026-01-26.17:21:18::SCWBDomain::o psu_cortexa53_0/lib/xiicps.o psu_cortexa53_0/lib/xiicps_g.o psu_cortexa53_0/lib/xiicps_hw.o psu_cortexa53_0/lib/xiicps_intr.o
TRACE::2026-01-26.17:21:18::SCWBDomain:: psu_cortexa53_0/lib/xiicps_master.o psu_cortexa53_0/lib/xiicps_options.o psu_cortexa53_0/lib/xiicps_selftest.o psu_cortexa53_0
TRACE::2026-01-26.17:21:18::SCWBDomain::/lib/xiicps_sinit.o psu_cortexa53_0/lib/xiicps_slave.o psu_cortexa53_0/lib/xiicps_xfer.o psu_cortexa53_0/lib/xil-crt0.o psu_cor
TRACE::2026-01-26.17:21:18::SCWBDomain::texa53_0/lib/xil_assert.o psu_cortexa53_0/lib/xil_cache.o psu_cortexa53_0/lib/xil_clocking.o psu_cortexa53_0/lib/xil_exception.
TRACE::2026-01-26.17:21:18::SCWBDomain::o psu_cortexa53_0/lib/xil_mem.o psu_cortexa53_0/lib/xil_mmu.o psu_cortexa53_0/lib/xil_printf.o psu_cortexa53_0/lib/xil_sleepcom
TRACE::2026-01-26.17:21:18::SCWBDomain::mon.o psu_cortexa53_0/lib/xil_sleeptimer.o psu_cortexa53_0/lib/xil_smc.o psu_cortexa53_0/lib/xil_spinlock.o psu_cortexa53_0/lib
TRACE::2026-01-26.17:21:18::SCWBDomain::/xil_testcache.o psu_cortexa53_0/lib/xil_testio.o psu_cortexa53_0/lib/xil_testmem.o psu_cortexa53_0/lib/xil_util.o psu_cortexa5
TRACE::2026-01-26.17:21:18::SCWBDomain::3_0/lib/xinterrupt_wrap.o psu_cortexa53_0/lib/xipipsu.o psu_cortexa53_0/lib/xipipsu_buf.o psu_cortexa53_0/lib/xipipsu_g.o psu_c
TRACE::2026-01-26.17:21:18::SCWBDomain::ortexa53_0/lib/xipipsu_sinit.o psu_cortexa53_0/lib/xpciepsu.o psu_cortexa53_0/lib/xpciepsu_caps.o psu_cortexa53_0/lib/xpciepsu_
TRACE::2026-01-26.17:21:18::SCWBDomain::ep.o psu_cortexa53_0/lib/xpciepsu_g.o psu_cortexa53_0/lib/xpciepsu_sinit.o psu_cortexa53_0/lib/xplatform_info.o psu_cortexa53_0
TRACE::2026-01-26.17:21:18::SCWBDomain::/lib/xpm_counter.o psu_cortexa53_0/lib/xqspipsu.o psu_cortexa53_0/lib/xqspipsu_control.o psu_cortexa53_0/lib/xqspipsu_g.o psu_c
TRACE::2026-01-26.17:21:18::SCWBDomain::ortexa53_0/lib/xqspipsu_hw.o psu_cortexa53_0/lib/xqspipsu_options.o psu_cortexa53_0/lib/xqspipsu_sinit.o psu_cortexa53_0/lib/xr
TRACE::2026-01-26.17:21:18::SCWBDomain::esetps.o psu_cortexa53_0/lib/xresetps_g.o psu_cortexa53_0/lib/xresetps_sinit.o psu_cortexa53_0/lib/xrtcpsu.o psu_cortexa53_0/li
TRACE::2026-01-26.17:21:18::SCWBDomain::b/xrtcpsu_g.o psu_cortexa53_0/lib/xrtcpsu_intr.o psu_cortexa53_0/lib/xrtcpsu_selftest.o psu_cortexa53_0/lib/xrtcpsu_sinit.o psu
TRACE::2026-01-26.17:21:18::SCWBDomain::_cortexa53_0/lib/xscugic.o psu_cortexa53_0/lib/xscugic_g.o psu_cortexa53_0/lib/xscugic_hw.o psu_cortexa53_0/lib/xscugic_intr.o 
TRACE::2026-01-26.17:21:18::SCWBDomain::psu_cortexa53_0/lib/xscugic_selftest.o psu_cortexa53_0/lib/xscugic_sinit.o psu_cortexa53_0/lib/xsdps.o psu_cortexa53_0/lib/xsdp
TRACE::2026-01-26.17:21:18::SCWBDomain::s_card.o psu_cortexa53_0/lib/xsdps_g.o psu_cortexa53_0/lib/xsdps_host.o psu_cortexa53_0/lib/xsdps_options.o psu_cortexa53_0/lib
TRACE::2026-01-26.17:21:18::SCWBDomain::/xsdps_sinit.o psu_cortexa53_0/lib/xsysmonpsu.o psu_cortexa53_0/lib/xsysmonpsu_g.o psu_cortexa53_0/lib/xsysmonpsu_intr.o psu_co
TRACE::2026-01-26.17:21:18::SCWBDomain::rtexa53_0/lib/xsysmonpsu_selftest.o psu_cortexa53_0/lib/xsysmonpsu_sinit.o psu_cortexa53_0/lib/xtime_l.o psu_cortexa53_0/lib/xt
TRACE::2026-01-26.17:21:18::SCWBDomain::tcps.o psu_cortexa53_0/lib/xttcps_g.o psu_cortexa53_0/lib/xttcps_options.o psu_cortexa53_0/lib/xttcps_selftest.o psu_cortexa53_
TRACE::2026-01-26.17:21:18::SCWBDomain::0/lib/xttcps_sinit.o psu_cortexa53_0/lib/xuartps.o psu_cortexa53_0/lib/xuartps_g.o psu_cortexa53_0/lib/xuartps_hw.o psu_cortexa
TRACE::2026-01-26.17:21:18::SCWBDomain::53_0/lib/xuartps_intr.o psu_cortexa53_0/lib/xuartps_options.o psu_cortexa53_0/lib/xuartps_selftest.o psu_cortexa53_0/lib/xuartp
TRACE::2026-01-26.17:21:18::SCWBDomain::s_sinit.o psu_cortexa53_0/lib/xusbpsu.o psu_cortexa53_0/lib/xusbpsu_command.o psu_cortexa53_0/lib/xusbpsu_controltransfers.o ps
TRACE::2026-01-26.17:21:18::SCWBDomain::u_cortexa53_0/lib/xusbpsu_device.o psu_cortexa53_0/lib/xusbpsu_endpoint.o psu_cortexa53_0/lib/xusbpsu_ep0handler.o psu_cortexa5
TRACE::2026-01-26.17:21:18::SCWBDomain::3_0/lib/xusbpsu_ephandler.o psu_cortexa53_0/lib/xusbpsu_event.o psu_cortexa53_0/lib/xusbpsu_g.o psu_cortexa53_0/lib/xusbpsu_hib
TRACE::2026-01-26.17:21:18::SCWBDomain::ernation.o psu_cortexa53_0/lib/xusbpsu_intr.o psu_cortexa53_0/lib/xusbpsu_sinit.o psu_cortexa53_0/lib/xvidc.o psu_cortexa53_0/l
TRACE::2026-01-26.17:21:18::SCWBDomain::ib/xvidc_edid.o psu_cortexa53_0/lib/xvidc_edid_ext.o psu_cortexa53_0/lib/xvidc_parse_edid.o psu_cortexa53_0/lib/xvidc_timings_t
TRACE::2026-01-26.17:21:18::SCWBDomain::able.o psu_cortexa53_0/lib/xzdma.o psu_cortexa53_0/lib/xzdma_g.o psu_cortexa53_0/lib/xzdma_intr.o psu_cortexa53_0/lib/xzdma_sel
TRACE::2026-01-26.17:21:18::SCWBDomain::ftest.o psu_cortexa53_0/lib/xzdma_sinit.o

TRACE::2026-01-26.17:21:18::SCWBDomain::'Finished building libraries'

TRACE::2026-01-26.17:21:18::SCWBDomain::make: Leaving directory 'C:/TFG_Vivado/demo/course_s2_Vitis/01_ps_hello/vitis/design_1_wrapper/zynqmp_fsbl/zynqmp_fsbl_bsp'

TRACE::2026-01-26.17:21:18::SCWBDomain::aarch64-none-elf-gcc  -c -MMD -MP      -Wall -fmessage-length=0 -DARMA53_64 -Os -flto -ffat-lto-objects   -c xfsbl_qspi.c -o xf
TRACE::2026-01-26.17:21:18::SCWBDomain::sbl_qspi.o -Izynqmp_fsbl_bsp/psu_cortexa53_0/include -I.

TRACE::2026-01-26.17:21:18::SCWBDomain::aarch64-none-elf-gcc  -c -MMD -MP      -Wall -fmessage-length=0 -DARMA53_64 -Os -flto -ffat-lto-objects   -c xfsbl_csu_dma.c -o
TRACE::2026-01-26.17:21:18::SCWBDomain:: xfsbl_csu_dma.o -Izynqmp_fsbl_bsp/psu_cortexa53_0/include -I.

TRACE::2026-01-26.17:21:18::SCWBDomain::aarch64-none-elf-gcc  -c -MMD -MP      -Wall -fmessage-length=0 -DARMA53_64 -Os -flto -ffat-lto-objects   -c xfsbl_nand.c -o xf
TRACE::2026-01-26.17:21:18::SCWBDomain::sbl_nand.o -Izynqmp_fsbl_bsp/psu_cortexa53_0/include -I.

TRACE::2026-01-26.17:21:18::SCWBDomain::aarch64-none-elf-gcc  -c -MMD -MP      -Wall -fmessage-length=0 -DARMA53_64 -Os -flto -ffat-lto-objects   -c xfsbl_sd.c -o xfsb
TRACE::2026-01-26.17:21:18::SCWBDomain::l_sd.o -Izynqmp_fsbl_bsp/psu_cortexa53_0/include -I.

TRACE::2026-01-26.17:21:18::SCWBDomain::aarch64-none-elf-gcc  -c -MMD -MP      -Wall -fmessage-length=0 -DARMA53_64 -Os -flto -ffat-lto-objects   -c xfsbl_usb.c -o xfs
TRACE::2026-01-26.17:21:18::SCWBDomain::bl_usb.o -Izynqmp_fsbl_bsp/psu_cortexa53_0/include -I.

TRACE::2026-01-26.17:21:18::SCWBDomain::aarch64-none-elf-gcc  -c -MMD -MP      -Wall -fmessage-length=0 -DARMA53_64 -Os -flto -ffat-lto-objects   -c xfsbl_hooks.c -o x
TRACE::2026-01-26.17:21:18::SCWBDomain::fsbl_hooks.o -Izynqmp_fsbl_bsp/psu_cortexa53_0/include -I.

TRACE::2026-01-26.17:21:18::SCWBDomain::aarch64-none-elf-gcc  -c -MMD -MP      -Wall -fmessage-length=0 -DARMA53_64 -Os -flto -ffat-lto-objects   -c xfsbl_main.c -o xf
TRACE::2026-01-26.17:21:18::SCWBDomain::sbl_main.o -Izynqmp_fsbl_bsp/psu_cortexa53_0/include -I.

TRACE::2026-01-26.17:21:18::SCWBDomain::aarch64-none-elf-gcc  -c -MMD -MP      -Wall -fmessage-length=0 -DARMA53_64 -Os -flto -ffat-lto-objects   -c xfsbl_dfu_util.c -
TRACE::2026-01-26.17:21:18::SCWBDomain::o xfsbl_dfu_util.o -Izynqmp_fsbl_bsp/psu_cortexa53_0/include -I.

TRACE::2026-01-26.17:21:19::SCWBDomain::aarch64-none-elf-gcc  -c -MMD -MP      -Wall -fmessage-length=0 -DARMA53_64 -Os -flto -ffat-lto-objects   -c xfsbl_partition_lo
TRACE::2026-01-26.17:21:19::SCWBDomain::ad.c -o xfsbl_partition_load.o -Izynqmp_fsbl_bsp/psu_cortexa53_0/include -I.

TRACE::2026-01-26.17:21:19::SCWBDomain::aarch64-none-elf-gcc  -c -MMD -MP      -Wall -fmessage-length=0 -DARMA53_64 -Os -flto -ffat-lto-objects   -c xfsbl_tpm.c -o xfs
TRACE::2026-01-26.17:21:19::SCWBDomain::bl_tpm.o -Izynqmp_fsbl_bsp/psu_cortexa53_0/include -I.

TRACE::2026-01-26.17:21:19::SCWBDomain::aarch64-none-elf-gcc  -c -MMD -MP      -Wall -fmessage-length=0 -DARMA53_64 -Os -flto -ffat-lto-objects   -c xfsbl_initializati
TRACE::2026-01-26.17:21:19::SCWBDomain::on.c -o xfsbl_initialization.o -Izynqmp_fsbl_bsp/psu_cortexa53_0/include -I.

TRACE::2026-01-26.17:21:19::SCWBDomain::aarch64-none-elf-gcc  -c -MMD -MP      -Wall -fmessage-length=0 -DARMA53_64 -Os -flto -ffat-lto-objects   -c xfsbl_ddr_init.c -
TRACE::2026-01-26.17:21:19::SCWBDomain::o xfsbl_ddr_init.o -Izynqmp_fsbl_bsp/psu_cortexa53_0/include -I.

TRACE::2026-01-26.17:21:19::SCWBDomain::aarch64-none-elf-gcc  -c -MMD -MP      -Wall -fmessage-length=0 -DARMA53_64 -Os -flto -ffat-lto-objects   -c xfsbl_handoff.c -o
TRACE::2026-01-26.17:21:19::SCWBDomain:: xfsbl_handoff.o -Izynqmp_fsbl_bsp/psu_cortexa53_0/include -I.

TRACE::2026-01-26.17:21:19::SCWBDomain::aarch64-none-elf-gcc  -c -MMD -MP      -Wall -fmessage-length=0 -DARMA53_64 -Os -flto -ffat-lto-objects   -c psu_init.c -o psu_
TRACE::2026-01-26.17:21:19::SCWBDomain::init.o -Izynqmp_fsbl_bsp/psu_cortexa53_0/include -I.

TRACE::2026-01-26.17:21:19::SCWBDomain::aarch64-none-elf-gcc  -c -MMD -MP      -Wall -fmessage-length=0 -DARMA53_64 -Os -flto -ffat-lto-objects   -c xfsbl_board.c -o x
TRACE::2026-01-26.17:21:19::SCWBDomain::fsbl_board.o -Izynqmp_fsbl_bsp/psu_cortexa53_0/include -I.

TRACE::2026-01-26.17:21:19::SCWBDomain::aarch64-none-elf-gcc  -c -MMD -MP      -Wall -fmessage-length=0 -DARMA53_64 -Os -flto -ffat-lto-objects   -c xfsbl_misc_drivers
TRACE::2026-01-26.17:21:19::SCWBDomain::.c -o xfsbl_misc_drivers.o -Izynqmp_fsbl_bsp/psu_cortexa53_0/include -I.

TRACE::2026-01-26.17:21:19::SCWBDomain::aarch64-none-elf-gcc  -c -MMD -MP      -Wall -fmessage-length=0 -DARMA53_64 -Os -flto -ffat-lto-objects   -c xfsbl_bs.c -o xfsb
TRACE::2026-01-26.17:21:19::SCWBDomain::l_bs.o -Izynqmp_fsbl_bsp/psu_cortexa53_0/include -I.

TRACE::2026-01-26.17:21:19::SCWBDomain::aarch64-none-elf-gcc  -c -MMD -MP      -Wall -fmessage-length=0 -DARMA53_64 -Os -flto -ffat-lto-objects   -c xfsbl_tpm_util.c -
TRACE::2026-01-26.17:21:19::SCWBDomain::o xfsbl_tpm_util.o -Izynqmp_fsbl_bsp/psu_cortexa53_0/include -I.

TRACE::2026-01-26.17:21:20::SCWBDomain::aarch64-none-elf-gcc  -c -MMD -MP      -Wall -fmessage-length=0 -DARMA53_64 -Os -flto -ffat-lto-objects   -c xfsbl_rsa_sha.c -o
TRACE::2026-01-26.17:21:20::SCWBDomain:: xfsbl_rsa_sha.o -Izynqmp_fsbl_bsp/psu_cortexa53_0/include -I.

TRACE::2026-01-26.17:21:20::SCWBDomain::aarch64-none-elf-gcc  -c -MMD -MP      -Wall -fmessage-length=0 -DARMA53_64 -Os -flto -ffat-lto-objects   -c xfsbl_plpartition_
TRACE::2026-01-26.17:21:20::SCWBDomain::valid.c -o xfsbl_plpartition_valid.o -Izynqmp_fsbl_bsp/psu_cortexa53_0/include -I.

TRACE::2026-01-26.17:21:20::SCWBDomain::aarch64-none-elf-gcc  -c -MMD -MP      -Wall -fmessage-length=0 -DARMA53_64 -Os -flto -ffat-lto-objects   -c xfsbl_image_header
TRACE::2026-01-26.17:21:20::SCWBDomain::.c -o xfsbl_image_header.o -Izynqmp_fsbl_bsp/psu_cortexa53_0/include -I.

TRACE::2026-01-26.17:21:20::SCWBDomain::aarch64-none-elf-gcc  -c -MMD -MP      -Wall -fmessage-length=0 -DARMA53_64 -Os -flto -ffat-lto-objects   -c xfsbl_misc.c -o xf
TRACE::2026-01-26.17:21:20::SCWBDomain::sbl_misc.o -Izynqmp_fsbl_bsp/psu_cortexa53_0/include -I.

TRACE::2026-01-26.17:21:20::SCWBDomain::aarch64-none-elf-gcc  -c -MMD -MP      -Wall -fmessage-length=0 -DARMA53_64 -Os -flto -ffat-lto-objects   -c xfsbl_authenticati
TRACE::2026-01-26.17:21:20::SCWBDomain::on.c -o xfsbl_authentication.o -Izynqmp_fsbl_bsp/psu_cortexa53_0/include -I.

TRACE::2026-01-26.17:21:20::SCWBDomain::aarch64-none-elf-gcc  -c -MMD -MP      -Wall -fmessage-length=0 -DARMA53_64 -Os -flto -ffat-lto-objects   -c xfsbl_translation_
TRACE::2026-01-26.17:21:20::SCWBDomain::table.S -o xfsbl_translation_table.o -Izynqmp_fsbl_bsp/psu_cortexa53_0/include -I.

TRACE::2026-01-26.17:21:20::SCWBDomain::aarch64-none-elf-gcc  -c -MMD -MP      -Wall -fmessage-length=0 -DARMA53_64 -Os -flto -ffat-lto-objects   -c xfsbl_exit.S -o xf
TRACE::2026-01-26.17:21:20::SCWBDomain::sbl_exit.o -Izynqmp_fsbl_bsp/psu_cortexa53_0/include -I.

TRACE::2026-01-26.17:21:20::SCWBDomain::aarch64-none-elf-gcc -o fsbl_a53.elf psu_init.o xfsbl_authentication.o xfsbl_board.o xfsbl_bs.o xfsbl_csu_dma.o xfsbl_ddr_init.
TRACE::2026-01-26.17:21:20::SCWBDomain::o xfsbl_dfu_util.o xfsbl_exit.o xfsbl_handoff.o xfsbl_hooks.o xfsbl_image_header.o xfsbl_initialization.o xfsbl_main.o xfsbl_mi
TRACE::2026-01-26.17:21:20::SCWBDomain::sc.o xfsbl_misc_drivers.o xfsbl_nand.o xfsbl_partition_load.o xfsbl_plpartition_valid.o xfsbl_qspi.o xfsbl_rsa_sha.o xfsbl_sd.o
TRACE::2026-01-26.17:21:20::SCWBDomain:: xfsbl_tpm.o xfsbl_tpm_util.o xfsbl_translation_table.o xfsbl_usb.o -MMD -MP      -Wall -fmessage-length=0 -DARMA53_64 -Os -flt
TRACE::2026-01-26.17:21:20::SCWBDomain::o -ffat-lto-objects    -Wl,--start-group,-lxil,-lgcc,-lc,--end-group -Wl,--start-group,-lxilffs,-lxil,-lgcc,-lc,--end-group -Wl
TRACE::2026-01-26.17:21:20::SCWBDomain::,--start-group,-lxilsecure,-lxil,-lgcc,-lc,--end-group -Wl,--start-group,-lxilpm,-lxil,-lgcc,-lc,--end-group                   
TRACE::2026-01-26.17:21:20::SCWBDomain::                                                                                      -n  -Wl,--gc-sections -Lzynqmp_fsbl_bsp/p
TRACE::2026-01-26.17:21:20::SCWBDomain::su_cortexa53_0/lib -Tlscript.ld

LOG::2026-01-26.17:21:22::SCWSystem::Checking the domain zynqmp_pmufw
LOG::2026-01-26.17:21:22::SCWSystem::Doing application build for :  zynqmp_pmufw
TRACE::2026-01-26.17:21:22::SCWBDomain::Not a forced makefile updation, No changes are present. 
TRACE::2026-01-26.17:21:22::SCWDomain::Building the domain as part of full build :  zynqmp_pmufw
TRACE::2026-01-26.17:21:22::SCWPlatform::Trying to open the hw design at C:/TFG_Vivado/demo/course_s2_Vitis/01_ps_hello/vitis/design_1_wrapper/hw/design_1_wrapper.xsa
TRACE::2026-01-26.17:21:22::SCWPlatform::DSA given C:/TFG_Vivado/demo/course_s2_Vitis/01_ps_hello/vitis/design_1_wrapper/hw/design_1_wrapper.xsa
TRACE::2026-01-26.17:21:22::SCWPlatform::DSA absoulate path C:/TFG_Vivado/demo/course_s2_Vitis/01_ps_hello/vitis/design_1_wrapper/hw/design_1_wrapper.xsa
TRACE::2026-01-26.17:21:22::SCWPlatform::DSA directory C:/TFG_Vivado/demo/course_s2_Vitis/01_ps_hello/vitis/design_1_wrapper/hw
TRACE::2026-01-26.17:21:22::SCWPlatform:: Platform Path C:/TFG_Vivado/demo/course_s2_Vitis/01_ps_hello/vitis/design_1_wrapper/hw/design_1_wrapper.xsa
TRACE::2026-01-26.17:21:22::SCWPlatform:: Unique name xilinx:::0.0
TRACE::2026-01-26.17:21:22::SCWPlatform::Trying to set the existing hwdb with name design_1_wrapper_0
TRACE::2026-01-26.17:21:22::SCWPlatform::Opened existing hwdb design_1_wrapper_0
TRACE::2026-01-26.17:21:22::SCWPlatform::Found the Hw Db part of the input DSA
TRACE::2026-01-26.17:21:22::SCWMssOS::Checking the sw design at  C:/TFG_Vivado/demo/course_s2_Vitis/01_ps_hello/vitis/design_1_wrapper/zynqmp_pmufw/zynqmp_pmufw_bsp/system.mss
TRACE::2026-01-26.17:21:22::SCWMssOS::DEBUG:  swdes dump  C:/TFG_Vivado/demo/course_s2_Vitis/01_ps_hello/vitis/design_1_wrapper/psu_cortexa53_0/standalone_psu_cortexa53_0/bsp/system.mss|system_1||
C:/TFG_Vivado/demo/course_s2_Vitis/01_ps_hello/vitis/design_1_wrapper/zynqmp_fsbl/zynqmp_fsbl_bsp/system.mss|system||
C:/TFG_Vivado/demo/course_s2_Vitis/01_ps_hello/vitis/design_1_wrapper/zynqmp_pmufw/zynqmp_pmufw_bsp/system.mss|system_0||

TRACE::2026-01-26.17:21:22::SCWMssOS::Sw design exists and opened at  C:/TFG_Vivado/demo/course_s2_Vitis/01_ps_hello/vitis/design_1_wrapper/zynqmp_pmufw/zynqmp_pmufw_bsp/system.mss
TRACE::2026-01-26.17:21:22::SCWBDomain::Completed writing the mss file at C:/TFG_Vivado/demo/course_s2_Vitis/01_ps_hello/vitis/design_1_wrapper/zynqmp_pmufw/zynqmp_pmufw_bsp
TRACE::2026-01-26.17:21:22::SCWBDomain::bsp generated is upto date with the mss file. Skipping bsp generation.
TRACE::2026-01-26.17:21:22::SCWBDomain::Not a forced makefile updation, No changes are present. 
TRACE::2026-01-26.17:21:22::SCWBDomain::System Command Ran  C:&  cd  C:/TFG_Vivado/demo/course_s2_Vitis/01_ps_hello/vitis/design_1_wrapper/zynqmp_pmufw& make -C  zynqmp_pmufw_bsp & make 
TRACE::2026-01-26.17:21:22::SCWBDomain::make: Entering directory 'C:/TFG_Vivado/demo/course_s2_Vitis/01_ps_hello/vitis/design_1_wrapper/zynqmp_pmufw/zynqmp_pmufw_bsp'

TRACE::2026-01-26.17:21:22::SCWBDomain::make --no-print-directory seq_libs

TRACE::2026-01-26.17:21:22::SCWBDomain::"Running Make include in psu_pmu_0/libsrc/avbuf_v2_5/src"

TRACE::2026-01-26.17:21:22::SCWBDomain::make -C psu_pmu_0/libsrc/avbuf_v2_5/src -s include  "SHELL=CMD" "COMPILER=mb-gcc" "ASSEMBLER=mb-as" "ARCHIVER=mb-ar" "COMPILER_
TRACE::2026-01-26.17:21:22::SCWBDomain::FLAGS=  -O2 -c -mcpu=v9.2 -mlittle-endian -mxl-barrel-shift -mxl-pattern-compare -mxl-soft-mul" "EXTRA_COMPILER_FLAGS=-g -ffunc
TRACE::2026-01-26.17:21:22::SCWBDomain::tion-sections -fdata-sections -Wall -Wextra -fno-tree-loop-distribute-patterns  -Os -flto -ffat-lto-objects"

TRACE::2026-01-26.17:21:22::SCWBDomain::"Running Make include in psu_pmu_0/libsrc/axipmon_v6_9/src"

TRACE::2026-01-26.17:21:22::SCWBDomain::make -C psu_pmu_0/libsrc/axipmon_v6_9/src -s include  "SHELL=CMD" "COMPILER=mb-gcc" "ASSEMBLER=mb-as" "ARCHIVER=mb-ar" "COMPILE
TRACE::2026-01-26.17:21:22::SCWBDomain::R_FLAGS=  -O2 -c -mcpu=v9.2 -mlittle-endian -mxl-barrel-shift -mxl-pattern-compare -mxl-soft-mul" "EXTRA_COMPILER_FLAGS=-g -ffu
TRACE::2026-01-26.17:21:22::SCWBDomain::nction-sections -fdata-sections -Wall -Wextra -fno-tree-loop-distribute-patterns  -Os -flto -ffat-lto-objects"

TRACE::2026-01-26.17:21:22::SCWBDomain::"Running Make include in psu_pmu_0/libsrc/clockps_v1_4/src"

TRACE::2026-01-26.17:21:22::SCWBDomain::make -C psu_pmu_0/libsrc/clockps_v1_4/src -s include  "SHELL=CMD" "COMPILER=mb-gcc" "ASSEMBLER=mb-as" "ARCHIVER=mb-ar" "COMPILE
TRACE::2026-01-26.17:21:22::SCWBDomain::R_FLAGS=  -O2 -c -mcpu=v9.2 -mlittle-endian -mxl-barrel-shift -mxl-pattern-compare -mxl-soft-mul" "EXTRA_COMPILER_FLAGS=-g -ffu
TRACE::2026-01-26.17:21:22::SCWBDomain::nction-sections -fdata-sections -Wall -Wextra -fno-tree-loop-distribute-patterns  -Os -flto -ffat-lto-objects"

TRACE::2026-01-26.17:21:22::SCWBDomain::"Running Make include in psu_pmu_0/libsrc/cpu_v2_17/src"

TRACE::2026-01-26.17:21:22::SCWBDomain::make -C psu_pmu_0/libsrc/cpu_v2_17/src -s include  "SHELL=CMD" "COMPILER=mb-gcc" "ASSEMBLER=mb-as" "ARCHIVER=mb-ar" "COMPILER_F
TRACE::2026-01-26.17:21:22::SCWBDomain::LAGS=  -O2 -c -mcpu=v9.2 -mlittle-endian -mxl-barrel-shift -mxl-pattern-compare -mxl-soft-mul" "EXTRA_COMPILER_FLAGS=-g -ffunct
TRACE::2026-01-26.17:21:22::SCWBDomain::ion-sections -fdata-sections -Wall -Wextra -fno-tree-loop-distribute-patterns  -Os -flto -ffat-lto-objects"

TRACE::2026-01-26.17:21:22::SCWBDomain::"Running Make include in psu_pmu_0/libsrc/csudma_v1_13/src"

TRACE::2026-01-26.17:21:22::SCWBDomain::make -C psu_pmu_0/libsrc/csudma_v1_13/src -s include  "SHELL=CMD" "COMPILER=mb-gcc" "ASSEMBLER=mb-as" "ARCHIVER=mb-ar" "COMPILE
TRACE::2026-01-26.17:21:22::SCWBDomain::R_FLAGS=  -O2 -c -mcpu=v9.2 -mlittle-endian -mxl-barrel-shift -mxl-pattern-compare -mxl-soft-mul" "EXTRA_COMPILER_FLAGS=-g -ffu
TRACE::2026-01-26.17:21:22::SCWBDomain::nction-sections -fdata-sections -Wall -Wextra -fno-tree-loop-distribute-patterns  -Os -flto -ffat-lto-objects"

TRACE::2026-01-26.17:21:23::SCWBDomain::"Running Make include in psu_pmu_0/libsrc/ddrcpsu_v1_4/src"

TRACE::2026-01-26.17:21:23::SCWBDomain::make -C psu_pmu_0/libsrc/ddrcpsu_v1_4/src -s include  "SHELL=CMD" "COMPILER=mb-gcc" "ASSEMBLER=mb-as" "ARCHIVER=mb-ar" "COMPILE
TRACE::2026-01-26.17:21:23::SCWBDomain::R_FLAGS=  -O2 -c -mcpu=v9.2 -mlittle-endian -mxl-barrel-shift -mxl-pattern-compare -mxl-soft-mul" "EXTRA_COMPILER_FLAGS=-g -ffu
TRACE::2026-01-26.17:21:23::SCWBDomain::nction-sections -fdata-sections -Wall -Wextra -fno-tree-loop-distribute-patterns  -Os -flto -ffat-lto-objects"

TRACE::2026-01-26.17:21:23::SCWBDomain::"Running Make include in psu_pmu_0/libsrc/dpdma_v1_4/src"

TRACE::2026-01-26.17:21:23::SCWBDomain::make -C psu_pmu_0/libsrc/dpdma_v1_4/src -s include  "SHELL=CMD" "COMPILER=mb-gcc" "ASSEMBLER=mb-as" "ARCHIVER=mb-ar" "COMPILER_
TRACE::2026-01-26.17:21:23::SCWBDomain::FLAGS=  -O2 -c -mcpu=v9.2 -mlittle-endian -mxl-barrel-shift -mxl-pattern-compare -mxl-soft-mul" "EXTRA_COMPILER_FLAGS=-g -ffunc
TRACE::2026-01-26.17:21:23::SCWBDomain::tion-sections -fdata-sections -Wall -Wextra -fno-tree-loop-distribute-patterns  -Os -flto -ffat-lto-objects"

TRACE::2026-01-26.17:21:23::SCWBDomain::"Running Make include in psu_pmu_0/libsrc/dppsu_v1_6/src"

TRACE::2026-01-26.17:21:23::SCWBDomain::make -C psu_pmu_0/libsrc/dppsu_v1_6/src -s include  "SHELL=CMD" "COMPILER=mb-gcc" "ASSEMBLER=mb-as" "ARCHIVER=mb-ar" "COMPILER_
TRACE::2026-01-26.17:21:23::SCWBDomain::FLAGS=  -O2 -c -mcpu=v9.2 -mlittle-endian -mxl-barrel-shift -mxl-pattern-compare -mxl-soft-mul" "EXTRA_COMPILER_FLAGS=-g -ffunc
TRACE::2026-01-26.17:21:23::SCWBDomain::tion-sections -fdata-sections -Wall -Wextra -fno-tree-loop-distribute-patterns  -Os -flto -ffat-lto-objects"

TRACE::2026-01-26.17:21:23::SCWBDomain::"Running Make include in psu_pmu_0/libsrc/emacps_v3_18/src"

TRACE::2026-01-26.17:21:23::SCWBDomain::make -C psu_pmu_0/libsrc/emacps_v3_18/src -s include  "SHELL=CMD" "COMPILER=mb-gcc" "ASSEMBLER=mb-as" "ARCHIVER=mb-ar" "COMPILE
TRACE::2026-01-26.17:21:23::SCWBDomain::R_FLAGS=  -O2 -c -mcpu=v9.2 -mlittle-endian -mxl-barrel-shift -mxl-pattern-compare -mxl-soft-mul" "EXTRA_COMPILER_FLAGS=-g -ffu
TRACE::2026-01-26.17:21:23::SCWBDomain::nction-sections -fdata-sections -Wall -Wextra -fno-tree-loop-distribute-patterns  -Os -flto -ffat-lto-objects"

TRACE::2026-01-26.17:21:23::SCWBDomain::"Running Make include in psu_pmu_0/libsrc/gpiops_v3_11/src"

TRACE::2026-01-26.17:21:23::SCWBDomain::make -C psu_pmu_0/libsrc/gpiops_v3_11/src -s include  "SHELL=CMD" "COMPILER=mb-gcc" "ASSEMBLER=mb-as" "ARCHIVER=mb-ar" "COMPILE
TRACE::2026-01-26.17:21:23::SCWBDomain::R_FLAGS=  -O2 -c -mcpu=v9.2 -mlittle-endian -mxl-barrel-shift -mxl-pattern-compare -mxl-soft-mul" "EXTRA_COMPILER_FLAGS=-g -ffu
TRACE::2026-01-26.17:21:23::SCWBDomain::nction-sections -fdata-sections -Wall -Wextra -fno-tree-loop-distribute-patterns  -Os -flto -ffat-lto-objects"

TRACE::2026-01-26.17:21:23::SCWBDomain::"Running Make include in psu_pmu_0/libsrc/iicps_v3_17/src"

TRACE::2026-01-26.17:21:23::SCWBDomain::make -C psu_pmu_0/libsrc/iicps_v3_17/src -s include  "SHELL=CMD" "COMPILER=mb-gcc" "ASSEMBLER=mb-as" "ARCHIVER=mb-ar" "COMPILER
TRACE::2026-01-26.17:21:23::SCWBDomain::_FLAGS=  -O2 -c -mcpu=v9.2 -mlittle-endian -mxl-barrel-shift -mxl-pattern-compare -mxl-soft-mul" "EXTRA_COMPILER_FLAGS=-g -ffun
TRACE::2026-01-26.17:21:23::SCWBDomain::ction-sections -fdata-sections -Wall -Wextra -fno-tree-loop-distribute-patterns  -Os -flto -ffat-lto-objects"

TRACE::2026-01-26.17:21:23::SCWBDomain::"Running Make include in psu_pmu_0/libsrc/ipipsu_v2_13/src"

TRACE::2026-01-26.17:21:23::SCWBDomain::make -C psu_pmu_0/libsrc/ipipsu_v2_13/src -s include  "SHELL=CMD" "COMPILER=mb-gcc" "ASSEMBLER=mb-as" "ARCHIVER=mb-ar" "COMPILE
TRACE::2026-01-26.17:21:23::SCWBDomain::R_FLAGS=  -O2 -c -mcpu=v9.2 -mlittle-endian -mxl-barrel-shift -mxl-pattern-compare -mxl-soft-mul" "EXTRA_COMPILER_FLAGS=-g -ffu
TRACE::2026-01-26.17:21:23::SCWBDomain::nction-sections -fdata-sections -Wall -Wextra -fno-tree-loop-distribute-patterns  -Os -flto -ffat-lto-objects"

TRACE::2026-01-26.17:21:23::SCWBDomain::"Running Make include in psu_pmu_0/libsrc/pciepsu_v1_5/src"

TRACE::2026-01-26.17:21:23::SCWBDomain::make -C psu_pmu_0/libsrc/pciepsu_v1_5/src -s include  "SHELL=CMD" "COMPILER=mb-gcc" "ASSEMBLER=mb-as" "ARCHIVER=mb-ar" "COMPILE
TRACE::2026-01-26.17:21:23::SCWBDomain::R_FLAGS=  -O2 -c -mcpu=v9.2 -mlittle-endian -mxl-barrel-shift -mxl-pattern-compare -mxl-soft-mul" "EXTRA_COMPILER_FLAGS=-g -ffu
TRACE::2026-01-26.17:21:23::SCWBDomain::nction-sections -fdata-sections -Wall -Wextra -fno-tree-loop-distribute-patterns  -Os -flto -ffat-lto-objects"

TRACE::2026-01-26.17:21:23::SCWBDomain::"Running Make include in psu_pmu_0/libsrc/qspipsu_v1_17/src"

TRACE::2026-01-26.17:21:23::SCWBDomain::make -C psu_pmu_0/libsrc/qspipsu_v1_17/src -s include  "SHELL=CMD" "COMPILER=mb-gcc" "ASSEMBLER=mb-as" "ARCHIVER=mb-ar" "COMPIL
TRACE::2026-01-26.17:21:23::SCWBDomain::ER_FLAGS=  -O2 -c -mcpu=v9.2 -mlittle-endian -mxl-barrel-shift -mxl-pattern-compare -mxl-soft-mul" "EXTRA_COMPILER_FLAGS=-g -ff
TRACE::2026-01-26.17:21:23::SCWBDomain::unction-sections -fdata-sections -Wall -Wextra -fno-tree-loop-distribute-patterns  -Os -flto -ffat-lto-objects"

TRACE::2026-01-26.17:21:24::SCWBDomain::"Running Make include in psu_pmu_0/libsrc/resetps_v1_5/src"

TRACE::2026-01-26.17:21:24::SCWBDomain::make -C psu_pmu_0/libsrc/resetps_v1_5/src -s include  "SHELL=CMD" "COMPILER=mb-gcc" "ASSEMBLER=mb-as" "ARCHIVER=mb-ar" "COMPILE
TRACE::2026-01-26.17:21:24::SCWBDomain::R_FLAGS=  -O2 -c -mcpu=v9.2 -mlittle-endian -mxl-barrel-shift -mxl-pattern-compare -mxl-soft-mul" "EXTRA_COMPILER_FLAGS=-g -ffu
TRACE::2026-01-26.17:21:24::SCWBDomain::nction-sections -fdata-sections -Wall -Wextra -fno-tree-loop-distribute-patterns  -Os -flto -ffat-lto-objects"

TRACE::2026-01-26.17:21:24::SCWBDomain::"Running Make include in psu_pmu_0/libsrc/rtcpsu_v1_12/src"

TRACE::2026-01-26.17:21:24::SCWBDomain::make -C psu_pmu_0/libsrc/rtcpsu_v1_12/src -s include  "SHELL=CMD" "COMPILER=mb-gcc" "ASSEMBLER=mb-as" "ARCHIVER=mb-ar" "COMPILE
TRACE::2026-01-26.17:21:24::SCWBDomain::R_FLAGS=  -O2 -c -mcpu=v9.2 -mlittle-endian -mxl-barrel-shift -mxl-pattern-compare -mxl-soft-mul" "EXTRA_COMPILER_FLAGS=-g -ffu
TRACE::2026-01-26.17:21:24::SCWBDomain::nction-sections -fdata-sections -Wall -Wextra -fno-tree-loop-distribute-patterns  -Os -flto -ffat-lto-objects"

TRACE::2026-01-26.17:21:24::SCWBDomain::"Running Make include in psu_pmu_0/libsrc/sdps_v4_1/src"

TRACE::2026-01-26.17:21:24::SCWBDomain::make -C psu_pmu_0/libsrc/sdps_v4_1/src -s include  "SHELL=CMD" "COMPILER=mb-gcc" "ASSEMBLER=mb-as" "ARCHIVER=mb-ar" "COMPILER_F
TRACE::2026-01-26.17:21:24::SCWBDomain::LAGS=  -O2 -c -mcpu=v9.2 -mlittle-endian -mxl-barrel-shift -mxl-pattern-compare -mxl-soft-mul" "EXTRA_COMPILER_FLAGS=-g -ffunct
TRACE::2026-01-26.17:21:24::SCWBDomain::ion-sections -fdata-sections -Wall -Wextra -fno-tree-loop-distribute-patterns  -Os -flto -ffat-lto-objects"

TRACE::2026-01-26.17:21:24::SCWBDomain::"Running Make include in psu_pmu_0/libsrc/standalone_v8_1/src"

TRACE::2026-01-26.17:21:24::SCWBDomain::make -C psu_pmu_0/libsrc/standalone_v8_1/src -s include  "SHELL=CMD" "COMPILER=mb-gcc" "ASSEMBLER=mb-as" "ARCHIVER=mb-ar" "COMP
TRACE::2026-01-26.17:21:24::SCWBDomain::ILER_FLAGS=  -O2 -c -mcpu=v9.2 -mlittle-endian -mxl-barrel-shift -mxl-pattern-compare -mxl-soft-mul" "EXTRA_COMPILER_FLAGS=-g -
TRACE::2026-01-26.17:21:24::SCWBDomain::ffunction-sections -fdata-sections -Wall -Wextra -fno-tree-loop-distribute-patterns  -Os -flto -ffat-lto-objects"

TRACE::2026-01-26.17:21:25::SCWBDomain::"Running Make include in psu_pmu_0/libsrc/sysmonpsu_v2_8/src"

TRACE::2026-01-26.17:21:25::SCWBDomain::make -C psu_pmu_0/libsrc/sysmonpsu_v2_8/src -s include  "SHELL=CMD" "COMPILER=mb-gcc" "ASSEMBLER=mb-as" "ARCHIVER=mb-ar" "COMPI
TRACE::2026-01-26.17:21:25::SCWBDomain::LER_FLAGS=  -O2 -c -mcpu=v9.2 -mlittle-endian -mxl-barrel-shift -mxl-pattern-compare -mxl-soft-mul" "EXTRA_COMPILER_FLAGS=-g -f
TRACE::2026-01-26.17:21:25::SCWBDomain::function-sections -fdata-sections -Wall -Wextra -fno-tree-loop-distribute-patterns  -Os -flto -ffat-lto-objects"

TRACE::2026-01-26.17:21:25::SCWBDomain::"Running Make include in psu_pmu_0/libsrc/ttcps_v3_17/src"

TRACE::2026-01-26.17:21:25::SCWBDomain::make -C psu_pmu_0/libsrc/ttcps_v3_17/src -s include  "SHELL=CMD" "COMPILER=mb-gcc" "ASSEMBLER=mb-as" "ARCHIVER=mb-ar" "COMPILER
TRACE::2026-01-26.17:21:25::SCWBDomain::_FLAGS=  -O2 -c -mcpu=v9.2 -mlittle-endian -mxl-barrel-shift -mxl-pattern-compare -mxl-soft-mul" "EXTRA_COMPILER_FLAGS=-g -ffun
TRACE::2026-01-26.17:21:25::SCWBDomain::ction-sections -fdata-sections -Wall -Wextra -fno-tree-loop-distribute-patterns  -Os -flto -ffat-lto-objects"

TRACE::2026-01-26.17:21:25::SCWBDomain::"Running Make include in psu_pmu_0/libsrc/uartps_v3_12/src"

TRACE::2026-01-26.17:21:25::SCWBDomain::make -C psu_pmu_0/libsrc/uartps_v3_12/src -s include  "SHELL=CMD" "COMPILER=mb-gcc" "ASSEMBLER=mb-as" "ARCHIVER=mb-ar" "COMPILE
TRACE::2026-01-26.17:21:25::SCWBDomain::R_FLAGS=  -O2 -c -mcpu=v9.2 -mlittle-endian -mxl-barrel-shift -mxl-pattern-compare -mxl-soft-mul" "EXTRA_COMPILER_FLAGS=-g -ffu
TRACE::2026-01-26.17:21:25::SCWBDomain::nction-sections -fdata-sections -Wall -Wextra -fno-tree-loop-distribute-patterns  -Os -flto -ffat-lto-objects"

TRACE::2026-01-26.17:21:25::SCWBDomain::"Running Make include in psu_pmu_0/libsrc/usbpsu_v1_13/src"

TRACE::2026-01-26.17:21:25::SCWBDomain::make -C psu_pmu_0/libsrc/usbpsu_v1_13/src -s include  "SHELL=CMD" "COMPILER=mb-gcc" "ASSEMBLER=mb-as" "ARCHIVER=mb-ar" "COMPILE
TRACE::2026-01-26.17:21:25::SCWBDomain::R_FLAGS=  -O2 -c -mcpu=v9.2 -mlittle-endian -mxl-barrel-shift -mxl-pattern-compare -mxl-soft-mul" "EXTRA_COMPILER_FLAGS=-g -ffu
TRACE::2026-01-26.17:21:25::SCWBDomain::nction-sections -fdata-sections -Wall -Wextra -fno-tree-loop-distribute-patterns  -Os -flto -ffat-lto-objects"

TRACE::2026-01-26.17:21:25::SCWBDomain::"Running Make include in psu_pmu_0/libsrc/video_common_v4_13/src"

TRACE::2026-01-26.17:21:25::SCWBDomain::make -C psu_pmu_0/libsrc/video_common_v4_13/src -s include  "SHELL=CMD" "COMPILER=mb-gcc" "ASSEMBLER=mb-as" "ARCHIVER=mb-ar" "C
TRACE::2026-01-26.17:21:25::SCWBDomain::OMPILER_FLAGS=  -O2 -c -mcpu=v9.2 -mlittle-endian -mxl-barrel-shift -mxl-pattern-compare -mxl-soft-mul" "EXTRA_COMPILER_FLAGS=-
TRACE::2026-01-26.17:21:25::SCWBDomain::g -ffunction-sections -fdata-sections -Wall -Wextra -fno-tree-loop-distribute-patterns  -Os -flto -ffat-lto-objects"

TRACE::2026-01-26.17:21:25::SCWBDomain::"Running Make include in psu_pmu_0/libsrc/xilfpga_v6_4/src"

TRACE::2026-01-26.17:21:25::SCWBDomain::make -C psu_pmu_0/libsrc/xilfpga_v6_4/src -s include  "SHELL=CMD" "COMPILER=mb-gcc" "ASSEMBLER=mb-as" "ARCHIVER=mb-ar" "COMPILE
TRACE::2026-01-26.17:21:25::SCWBDomain::R_FLAGS=  -O2 -c -mcpu=v9.2 -mlittle-endian -mxl-barrel-shift -mxl-pattern-compare -mxl-soft-mul" "EXTRA_COMPILER_FLAGS=-g -ffu
TRACE::2026-01-26.17:21:25::SCWBDomain::nction-sections -fdata-sections -Wall -Wextra -fno-tree-loop-distribute-patterns  -Os -flto -ffat-lto-objects"

TRACE::2026-01-26.17:21:25::SCWBDomain::"Running Make include in psu_pmu_0/libsrc/xilsecure_v5_1/src"

TRACE::2026-01-26.17:21:25::SCWBDomain::make -C psu_pmu_0/libsrc/xilsecure_v5_1/src -s include  "SHELL=CMD" "COMPILER=mb-gcc" "ASSEMBLER=mb-as" "ARCHIVER=mb-ar" "COMPI
TRACE::2026-01-26.17:21:25::SCWBDomain::LER_FLAGS=  -O2 -c -mcpu=v9.2 -mlittle-endian -mxl-barrel-shift -mxl-pattern-compare -mxl-soft-mul" "EXTRA_COMPILER_FLAGS=-g -f
TRACE::2026-01-26.17:21:25::SCWBDomain::function-sections -fdata-sections -Wall -Wextra -fno-tree-loop-distribute-patterns  -Os -flto -ffat-lto-objects"

TRACE::2026-01-26.17:21:25::SCWBDomain::"Running Make include in psu_pmu_0/libsrc/xilskey_v7_4/src"

TRACE::2026-01-26.17:21:25::SCWBDomain::make -C psu_pmu_0/libsrc/xilskey_v7_4/src -s include  "SHELL=CMD" "COMPILER=mb-gcc" "ASSEMBLER=mb-as" "ARCHIVER=mb-ar" "COMPILE
TRACE::2026-01-26.17:21:25::SCWBDomain::R_FLAGS=  -O2 -c -mcpu=v9.2 -mlittle-endian -mxl-barrel-shift -mxl-pattern-compare -mxl-soft-mul" "EXTRA_COMPILER_FLAGS=-g -ffu
TRACE::2026-01-26.17:21:25::SCWBDomain::nction-sections -fdata-sections -Wall -Wextra -fno-tree-loop-distribute-patterns  -Os -flto -ffat-lto-objects"

TRACE::2026-01-26.17:21:26::SCWBDomain::"Running Make include in psu_pmu_0/libsrc/zdma_v1_16/src"

TRACE::2026-01-26.17:21:26::SCWBDomain::make -C psu_pmu_0/libsrc/zdma_v1_16/src -s include  "SHELL=CMD" "COMPILER=mb-gcc" "ASSEMBLER=mb-as" "ARCHIVER=mb-ar" "COMPILER_
TRACE::2026-01-26.17:21:26::SCWBDomain::FLAGS=  -O2 -c -mcpu=v9.2 -mlittle-endian -mxl-barrel-shift -mxl-pattern-compare -mxl-soft-mul" "EXTRA_COMPILER_FLAGS=-g -ffunc
TRACE::2026-01-26.17:21:26::SCWBDomain::tion-sections -fdata-sections -Wall -Wextra -fno-tree-loop-distribute-patterns  -Os -flto -ffat-lto-objects"

TRACE::2026-01-26.17:21:26::SCWBDomain::"Running Make libs in psu_pmu_0/libsrc/avbuf_v2_5/src"

TRACE::2026-01-26.17:21:26::SCWBDomain::make -C psu_pmu_0/libsrc/avbuf_v2_5/src -s libs  "SHELL=CMD" "COMPILER=mb-gcc" "ASSEMBLER=mb-as" "ARCHIVER=mb-ar" "COMPILER_FLA
TRACE::2026-01-26.17:21:26::SCWBDomain::GS=  -O2 -c -mcpu=v9.2 -mlittle-endian -mxl-barrel-shift -mxl-pattern-compare -mxl-soft-mul" "EXTRA_COMPILER_FLAGS=-g -ffunctio
TRACE::2026-01-26.17:21:26::SCWBDomain::n-sections -fdata-sections -Wall -Wextra -fno-tree-loop-distribute-patterns  -Os -flto -ffat-lto-objects"

TRACE::2026-01-26.17:21:26::SCWBDomain::"Compiling avbuf"

TRACE::2026-01-26.17:21:27::SCWBDomain::"Running Make libs in psu_pmu_0/libsrc/dpdma_v1_4/src"

TRACE::2026-01-26.17:21:27::SCWBDomain::make -C psu_pmu_0/libsrc/dpdma_v1_4/src -s libs  "SHELL=CMD" "COMPILER=mb-gcc" "ASSEMBLER=mb-as" "ARCHIVER=mb-ar" "COMPILER_FLA
TRACE::2026-01-26.17:21:27::SCWBDomain::GS=  -O2 -c -mcpu=v9.2 -mlittle-endian -mxl-barrel-shift -mxl-pattern-compare -mxl-soft-mul" "EXTRA_COMPILER_FLAGS=-g -ffunctio
TRACE::2026-01-26.17:21:27::SCWBDomain::n-sections -fdata-sections -Wall -Wextra -fno-tree-loop-distribute-patterns  -Os -flto -ffat-lto-objects"

TRACE::2026-01-26.17:21:27::SCWBDomain::"Compiling dpdma"

TRACE::2026-01-26.17:21:27::SCWBDomain::"Running Make libs in psu_pmu_0/libsrc/dppsu_v1_6/src"

TRACE::2026-01-26.17:21:27::SCWBDomain::make -C psu_pmu_0/libsrc/dppsu_v1_6/src -s libs  "SHELL=CMD" "COMPILER=mb-gcc" "ASSEMBLER=mb-as" "ARCHIVER=mb-ar" "COMPILER_FLA
TRACE::2026-01-26.17:21:27::SCWBDomain::GS=  -O2 -c -mcpu=v9.2 -mlittle-endian -mxl-barrel-shift -mxl-pattern-compare -mxl-soft-mul" "EXTRA_COMPILER_FLAGS=-g -ffunctio
TRACE::2026-01-26.17:21:27::SCWBDomain::n-sections -fdata-sections -Wall -Wextra -fno-tree-loop-distribute-patterns  -Os -flto -ffat-lto-objects"

TRACE::2026-01-26.17:21:27::SCWBDomain::"Compiling dppsu"

TRACE::2026-01-26.17:21:28::SCWBDomain::"Running Make libs in psu_pmu_0/libsrc/xilsecure_v5_1/src"

TRACE::2026-01-26.17:21:28::SCWBDomain::make -C psu_pmu_0/libsrc/xilsecure_v5_1/src -s libs  "SHELL=CMD" "COMPILER=mb-gcc" "ASSEMBLER=mb-as" "ARCHIVER=mb-ar" "COMPILER
TRACE::2026-01-26.17:21:28::SCWBDomain::_FLAGS=  -O2 -c -mcpu=v9.2 -mlittle-endian -mxl-barrel-shift -mxl-pattern-compare -mxl-soft-mul" "EXTRA_COMPILER_FLAGS=-g -ffun
TRACE::2026-01-26.17:21:28::SCWBDomain::ction-sections -fdata-sections -Wall -Wextra -fno-tree-loop-distribute-patterns  -Os -flto -ffat-lto-objects"

TRACE::2026-01-26.17:21:28::SCWBDomain::"Compiling XilSecure Library"

TRACE::2026-01-26.17:21:30::SCWBDomain::"Running Make libs in psu_pmu_0/libsrc/xilskey_v7_4/src"

TRACE::2026-01-26.17:21:30::SCWBDomain::make -C psu_pmu_0/libsrc/xilskey_v7_4/src -s libs  "SHELL=CMD" "COMPILER=mb-gcc" "ASSEMBLER=mb-as" "ARCHIVER=mb-ar" "COMPILER_F
TRACE::2026-01-26.17:21:30::SCWBDomain::LAGS=  -O2 -c -mcpu=v9.2 -mlittle-endian -mxl-barrel-shift -mxl-pattern-compare -mxl-soft-mul" "EXTRA_COMPILER_FLAGS=-g -ffunct
TRACE::2026-01-26.17:21:30::SCWBDomain::ion-sections -fdata-sections -Wall -Wextra -fno-tree-loop-distribute-patterns  -Os -flto -ffat-lto-objects"

TRACE::2026-01-26.17:21:30::SCWBDomain::"Compiling Xilskey Library"

TRACE::2026-01-26.17:21:31::SCWBDomain::'Finished building libraries sequentially.'

TRACE::2026-01-26.17:21:31::SCWBDomain::make -j 10 --no-print-directory par_libs

TRACE::2026-01-26.17:21:31::SCWBDomain::"Running Make include in psu_pmu_0/libsrc/avbuf_v2_5/src"

TRACE::2026-01-26.17:21:31::SCWBDomain::"Running Make include in psu_pmu_0/libsrc/axipmon_v6_9/src"

TRACE::2026-01-26.17:21:31::SCWBDomain::make -C psu_pmu_0/libsrc/avbuf_v2_5/src -s include  "SHELL=CMD" "COMPILER=mb-gcc" "ASSEMBLER=mb-as" "ARCHIVER=mb-ar" "COMPILER_
TRACE::2026-01-26.17:21:31::SCWBDomain::FLAGS=  -O2 -c -mcpu=v9.2 -mlittle-endian -mxl-barrel-shift -mxl-pattern-compare -mxl-soft-mul" "EXTRA_COMPILER_FLAGS=-g -ffunc
TRACE::2026-01-26.17:21:31::SCWBDomain::tion-sections -fdata-sections -Wall -Wextra -fno-tree-loop-distribute-patterns  -Os -flto -ffat-lto-objects"

TRACE::2026-01-26.17:21:31::SCWBDomain::make -C psu_pmu_0/libsrc/axipmon_v6_9/src -s include  "SHELL=CMD" "COMPILER=mb-gcc" "ASSEMBLER=mb-as" "ARCHIVER=mb-ar" "COMPILE
TRACE::2026-01-26.17:21:31::SCWBDomain::R_FLAGS=  -O2 -c -mcpu=v9.2 -mlittle-endian -mxl-barrel-shift -mxl-pattern-compare -mxl-soft-mul" "EXTRA_COMPILER_FLAGS=-g -ffu
TRACE::2026-01-26.17:21:31::SCWBDomain::nction-sections -fdata-sections -Wall -Wextra -fno-tree-loop-distribute-patterns  -Os -flto -ffat-lto-objects"

TRACE::2026-01-26.17:21:31::SCWBDomain::"Running Make include in psu_pmu_0/libsrc/clockps_v1_4/src"

TRACE::2026-01-26.17:21:31::SCWBDomain::"Running Make include in psu_pmu_0/libsrc/cpu_v2_17/src"

TRACE::2026-01-26.17:21:31::SCWBDomain::make -C psu_pmu_0/libsrc/clockps_v1_4/src -s include  "SHELL=CMD" "COMPILER=mb-gcc" "ASSEMBLER=mb-as" "ARCHIVER=mb-ar" "COMPILE
TRACE::2026-01-26.17:21:31::SCWBDomain::R_FLAGS=  -O2 -c -mcpu=v9.2 -mlittle-endian -mxl-barrel-shift -mxl-pattern-compare -mxl-soft-mul" "EXTRA_COMPILER_FLAGS=-g -ffu
TRACE::2026-01-26.17:21:31::SCWBDomain::nction-sections -fdata-sections -Wall -Wextra -fno-tree-loop-distribute-patterns  -Os -flto -ffat-lto-objects"

TRACE::2026-01-26.17:21:31::SCWBDomain::make -C psu_pmu_0/libsrc/cpu_v2_17/src -s include  "SHELL=CMD" "COMPILER=mb-gcc" "ASSEMBLER=mb-as" "ARCHIVER=mb-ar" "COMPILER_F
TRACE::2026-01-26.17:21:31::SCWBDomain::LAGS=  -O2 -c -mcpu=v9.2 -mlittle-endian -mxl-barrel-shift -mxl-pattern-compare -mxl-soft-mul" "EXTRA_COMPILER_FLAGS=-g -ffunct
TRACE::2026-01-26.17:21:31::SCWBDomain::ion-sections -fdata-sections -Wall -Wextra -fno-tree-loop-distribute-patterns  -Os -flto -ffat-lto-objects"

TRACE::2026-01-26.17:21:31::SCWBDomain::"Running Make include in psu_pmu_0/libsrc/csudma_v1_13/src"

TRACE::2026-01-26.17:21:31::SCWBDomain::make -C psu_pmu_0/libsrc/csudma_v1_13/src -s include  "SHELL=CMD" "COMPILER=mb-gcc" "ASSEMBLER=mb-as" "ARCHIVER=mb-ar" "COMPILE
TRACE::2026-01-26.17:21:31::SCWBDomain::R_FLAGS=  -O2 -c -mcpu=v9.2 -mlittle-endian -mxl-barrel-shift -mxl-pattern-compare -mxl-soft-mul" "EXTRA_COMPILER_FLAGS=-g -ffu
TRACE::2026-01-26.17:21:31::SCWBDomain::nction-sections -fdata-sections -Wall -Wextra -fno-tree-loop-distribute-patterns  -Os -flto -ffat-lto-objects"

TRACE::2026-01-26.17:21:31::SCWBDomain::"Running Make include in psu_pmu_0/libsrc/ddrcpsu_v1_4/src"

TRACE::2026-01-26.17:21:31::SCWBDomain::make -C psu_pmu_0/libsrc/ddrcpsu_v1_4/src -s include  "SHELL=CMD" "COMPILER=mb-gcc" "ASSEMBLER=mb-as" "ARCHIVER=mb-ar" "COMPILE
TRACE::2026-01-26.17:21:31::SCWBDomain::R_FLAGS=  -O2 -c -mcpu=v9.2 -mlittle-endian -mxl-barrel-shift -mxl-pattern-compare -mxl-soft-mul" "EXTRA_COMPILER_FLAGS=-g -ffu
TRACE::2026-01-26.17:21:31::SCWBDomain::nction-sections -fdata-sections -Wall -Wextra -fno-tree-loop-distribute-patterns  -Os -flto -ffat-lto-objects"

TRACE::2026-01-26.17:21:31::SCWBDomain::"Running Make include in psu_pmu_0/libsrc/dpdma_v1_4/src"

TRACE::2026-01-26.17:21:31::SCWBDomain::"Running Make include in psu_pmu_0/libsrc/dppsu_v1_6/src"

TRACE::2026-01-26.17:21:31::SCWBDomain::make -C psu_pmu_0/libsrc/dpdma_v1_4/src -s include  "SHELL=CMD" "COMPILER=mb-gcc" "ASSEMBLER=mb-as" "ARCHIVER=mb-ar" "COMPILER_
TRACE::2026-01-26.17:21:31::SCWBDomain::FLAGS=  -O2 -c -mcpu=v9.2 -mlittle-endian -mxl-barrel-shift -mxl-pattern-compare -mxl-soft-mul" "EXTRA_COMPILER_FLAGS=-g -ffunc
TRACE::2026-01-26.17:21:31::SCWBDomain::tion-sections -fdata-sections -Wall -Wextra -fno-tree-loop-distribute-patterns  -Os -flto -ffat-lto-objects"

TRACE::2026-01-26.17:21:31::SCWBDomain::make -C psu_pmu_0/libsrc/dppsu_v1_6/src -s include  "SHELL=CMD" "COMPILER=mb-gcc" "ASSEMBLER=mb-as" "ARCHIVER=mb-ar" "COMPILER_
TRACE::2026-01-26.17:21:31::SCWBDomain::FLAGS=  -O2 -c -mcpu=v9.2 -mlittle-endian -mxl-barrel-shift -mxl-pattern-compare -mxl-soft-mul" "EXTRA_COMPILER_FLAGS=-g -ffunc
TRACE::2026-01-26.17:21:31::SCWBDomain::tion-sections -fdata-sections -Wall -Wextra -fno-tree-loop-distribute-patterns  -Os -flto -ffat-lto-objects"

TRACE::2026-01-26.17:21:31::SCWBDomain::"Running Make include in psu_pmu_0/libsrc/emacps_v3_18/src"

TRACE::2026-01-26.17:21:31::SCWBDomain::make -C psu_pmu_0/libsrc/emacps_v3_18/src -s include  "SHELL=CMD" "COMPILER=mb-gcc" "ASSEMBLER=mb-as" "ARCHIVER=mb-ar" "COMPILE
TRACE::2026-01-26.17:21:31::SCWBDomain::R_FLAGS=  -O2 -c -mcpu=v9.2 -mlittle-endian -mxl-barrel-shift -mxl-pattern-compare -mxl-soft-mul" "EXTRA_COMPILER_FLAGS=-g -ffu
TRACE::2026-01-26.17:21:31::SCWBDomain::nction-sections -fdata-sections -Wall -Wextra -fno-tree-loop-distribute-patterns  -Os -flto -ffat-lto-objects"

TRACE::2026-01-26.17:21:31::SCWBDomain::"Running Make include in psu_pmu_0/libsrc/gpiops_v3_11/src"

TRACE::2026-01-26.17:21:31::SCWBDomain::make -C psu_pmu_0/libsrc/gpiops_v3_11/src -s include  "SHELL=CMD" "COMPILER=mb-gcc" "ASSEMBLER=mb-as" "ARCHIVER=mb-ar" "COMPILE
TRACE::2026-01-26.17:21:31::SCWBDomain::R_FLAGS=  -O2 -c -mcpu=v9.2 -mlittle-endian -mxl-barrel-shift -mxl-pattern-compare -mxl-soft-mul" "EXTRA_COMPILER_FLAGS=-g -ffu
TRACE::2026-01-26.17:21:31::SCWBDomain::nction-sections -fdata-sections -Wall -Wextra -fno-tree-loop-distribute-patterns  -Os -flto -ffat-lto-objects"

TRACE::2026-01-26.17:21:31::SCWBDomain::"Running Make include in psu_pmu_0/libsrc/iicps_v3_17/src"

TRACE::2026-01-26.17:21:31::SCWBDomain::make -C psu_pmu_0/libsrc/iicps_v3_17/src -s include  "SHELL=CMD" "COMPILER=mb-gcc" "ASSEMBLER=mb-as" "ARCHIVER=mb-ar" "COMPILER
TRACE::2026-01-26.17:21:31::SCWBDomain::_FLAGS=  -O2 -c -mcpu=v9.2 -mlittle-endian -mxl-barrel-shift -mxl-pattern-compare -mxl-soft-mul" "EXTRA_COMPILER_FLAGS=-g -ffun
TRACE::2026-01-26.17:21:31::SCWBDomain::ction-sections -fdata-sections -Wall -Wextra -fno-tree-loop-distribute-patterns  -Os -flto -ffat-lto-objects"

TRACE::2026-01-26.17:21:31::SCWBDomain::"Running Make include in psu_pmu_0/libsrc/ipipsu_v2_13/src"

TRACE::2026-01-26.17:21:31::SCWBDomain::make -C psu_pmu_0/libsrc/ipipsu_v2_13/src -s include  "SHELL=CMD" "COMPILER=mb-gcc" "ASSEMBLER=mb-as" "ARCHIVER=mb-ar" "COMPILE
TRACE::2026-01-26.17:21:31::SCWBDomain::R_FLAGS=  -O2 -c -mcpu=v9.2 -mlittle-endian -mxl-barrel-shift -mxl-pattern-compare -mxl-soft-mul" "EXTRA_COMPILER_FLAGS=-g -ffu
TRACE::2026-01-26.17:21:31::SCWBDomain::nction-sections -fdata-sections -Wall -Wextra -fno-tree-loop-distribute-patterns  -Os -flto -ffat-lto-objects"

TRACE::2026-01-26.17:21:31::SCWBDomain::"Running Make include in psu_pmu_0/libsrc/pciepsu_v1_5/src"

TRACE::2026-01-26.17:21:31::SCWBDomain::make -C psu_pmu_0/libsrc/pciepsu_v1_5/src -s include  "SHELL=CMD" "COMPILER=mb-gcc" "ASSEMBLER=mb-as" "ARCHIVER=mb-ar" "COMPILE
TRACE::2026-01-26.17:21:31::SCWBDomain::R_FLAGS=  -O2 -c -mcpu=v9.2 -mlittle-endian -mxl-barrel-shift -mxl-pattern-compare -mxl-soft-mul" "EXTRA_COMPILER_FLAGS=-g -ffu
TRACE::2026-01-26.17:21:31::SCWBDomain::nction-sections -fdata-sections -Wall -Wextra -fno-tree-loop-distribute-patterns  -Os -flto -ffat-lto-objects"

TRACE::2026-01-26.17:21:31::SCWBDomain::"Running Make include in psu_pmu_0/libsrc/qspipsu_v1_17/src"

TRACE::2026-01-26.17:21:31::SCWBDomain::"Running Make include in psu_pmu_0/libsrc/resetps_v1_5/src"

TRACE::2026-01-26.17:21:31::SCWBDomain::make -C psu_pmu_0/libsrc/qspipsu_v1_17/src -s include  "SHELL=CMD" "COMPILER=mb-gcc" "ASSEMBLER=mb-as" "ARCHIVER=mb-ar" "COMPIL
TRACE::2026-01-26.17:21:31::SCWBDomain::ER_FLAGS=  -O2 -c -mcpu=v9.2 -mlittle-endian -mxl-barrel-shift -mxl-pattern-compare -mxl-soft-mul" "EXTRA_COMPILER_FLAGS=-g -ff
TRACE::2026-01-26.17:21:31::SCWBDomain::unction-sections -fdata-sections -Wall -Wextra -fno-tree-loop-distribute-patterns  -Os -flto -ffat-lto-objects"

TRACE::2026-01-26.17:21:31::SCWBDomain::make -C psu_pmu_0/libsrc/resetps_v1_5/src -s include  "SHELL=CMD" "COMPILER=mb-gcc" "ASSEMBLER=mb-as" "ARCHIVER=mb-ar" "COMPILE
TRACE::2026-01-26.17:21:31::SCWBDomain::R_FLAGS=  -O2 -c -mcpu=v9.2 -mlittle-endian -mxl-barrel-shift -mxl-pattern-compare -mxl-soft-mul" "EXTRA_COMPILER_FLAGS=-g -ffu
TRACE::2026-01-26.17:21:31::SCWBDomain::nction-sections -fdata-sections -Wall -Wextra -fno-tree-loop-distribute-patterns  -Os -flto -ffat-lto-objects"

TRACE::2026-01-26.17:21:31::SCWBDomain::"Running Make include in psu_pmu_0/libsrc/rtcpsu_v1_12/src"

TRACE::2026-01-26.17:21:31::SCWBDomain::make -C psu_pmu_0/libsrc/rtcpsu_v1_12/src -s include  "SHELL=CMD" "COMPILER=mb-gcc" "ASSEMBLER=mb-as" "ARCHIVER=mb-ar" "COMPILE
TRACE::2026-01-26.17:21:31::SCWBDomain::R_FLAGS=  -O2 -c -mcpu=v9.2 -mlittle-endian -mxl-barrel-shift -mxl-pattern-compare -mxl-soft-mul" "EXTRA_COMPILER_FLAGS=-g -ffu
TRACE::2026-01-26.17:21:31::SCWBDomain::nction-sections -fdata-sections -Wall -Wextra -fno-tree-loop-distribute-patterns  -Os -flto -ffat-lto-objects"

TRACE::2026-01-26.17:21:31::SCWBDomain::"Running Make include in psu_pmu_0/libsrc/sdps_v4_1/src"

TRACE::2026-01-26.17:21:31::SCWBDomain::"Running Make include in psu_pmu_0/libsrc/standalone_v8_1/src"

TRACE::2026-01-26.17:21:31::SCWBDomain::make -C psu_pmu_0/libsrc/sdps_v4_1/src -s include  "SHELL=CMD" "COMPILER=mb-gcc" "ASSEMBLER=mb-as" "ARCHIVER=mb-ar" "COMPILER_F
TRACE::2026-01-26.17:21:31::SCWBDomain::LAGS=  -O2 -c -mcpu=v9.2 -mlittle-endian -mxl-barrel-shift -mxl-pattern-compare -mxl-soft-mul" "EXTRA_COMPILER_FLAGS=-g -ffunct
TRACE::2026-01-26.17:21:31::SCWBDomain::ion-sections -fdata-sections -Wall -Wextra -fno-tree-loop-distribute-patterns  -Os -flto -ffat-lto-objects"

TRACE::2026-01-26.17:21:31::SCWBDomain::make -C psu_pmu_0/libsrc/standalone_v8_1/src -s include  "SHELL=CMD" "COMPILER=mb-gcc" "ASSEMBLER=mb-as" "ARCHIVER=mb-ar" "COMP
TRACE::2026-01-26.17:21:31::SCWBDomain::ILER_FLAGS=  -O2 -c -mcpu=v9.2 -mlittle-endian -mxl-barrel-shift -mxl-pattern-compare -mxl-soft-mul" "EXTRA_COMPILER_FLAGS=-g -
TRACE::2026-01-26.17:21:31::SCWBDomain::ffunction-sections -fdata-sections -Wall -Wextra -fno-tree-loop-distribute-patterns  -Os -flto -ffat-lto-objects"

TRACE::2026-01-26.17:21:31::SCWBDomain::"Running Make include in psu_pmu_0/libsrc/sysmonpsu_v2_8/src"

TRACE::2026-01-26.17:21:31::SCWBDomain::make -C psu_pmu_0/libsrc/sysmonpsu_v2_8/src -s include  "SHELL=CMD" "COMPILER=mb-gcc" "ASSEMBLER=mb-as" "ARCHIVER=mb-ar" "COMPI
TRACE::2026-01-26.17:21:31::SCWBDomain::LER_FLAGS=  -O2 -c -mcpu=v9.2 -mlittle-endian -mxl-barrel-shift -mxl-pattern-compare -mxl-soft-mul" "EXTRA_COMPILER_FLAGS=-g -f
TRACE::2026-01-26.17:21:31::SCWBDomain::function-sections -fdata-sections -Wall -Wextra -fno-tree-loop-distribute-patterns  -Os -flto -ffat-lto-objects"

TRACE::2026-01-26.17:21:31::SCWBDomain::"Running Make include in psu_pmu_0/libsrc/ttcps_v3_17/src"

TRACE::2026-01-26.17:21:31::SCWBDomain::make -C psu_pmu_0/libsrc/ttcps_v3_17/src -s include  "SHELL=CMD" "COMPILER=mb-gcc" "ASSEMBLER=mb-as" "ARCHIVER=mb-ar" "COMPILER
TRACE::2026-01-26.17:21:31::SCWBDomain::_FLAGS=  -O2 -c -mcpu=v9.2 -mlittle-endian -mxl-barrel-shift -mxl-pattern-compare -mxl-soft-mul" "EXTRA_COMPILER_FLAGS=-g -ffun
TRACE::2026-01-26.17:21:31::SCWBDomain::ction-sections -fdata-sections -Wall -Wextra -fno-tree-loop-distribute-patterns  -Os -flto -ffat-lto-objects"

TRACE::2026-01-26.17:21:31::SCWBDomain::"Running Make include in psu_pmu_0/libsrc/uartps_v3_12/src"

TRACE::2026-01-26.17:21:31::SCWBDomain::make -C psu_pmu_0/libsrc/uartps_v3_12/src -s include  "SHELL=CMD" "COMPILER=mb-gcc" "ASSEMBLER=mb-as" "ARCHIVER=mb-ar" "COMPILE
TRACE::2026-01-26.17:21:31::SCWBDomain::R_FLAGS=  -O2 -c -mcpu=v9.2 -mlittle-endian -mxl-barrel-shift -mxl-pattern-compare -mxl-soft-mul" "EXTRA_COMPILER_FLAGS=-g -ffu
TRACE::2026-01-26.17:21:31::SCWBDomain::nction-sections -fdata-sections -Wall -Wextra -fno-tree-loop-distribute-patterns  -Os -flto -ffat-lto-objects"

TRACE::2026-01-26.17:21:31::SCWBDomain::"Running Make include in psu_pmu_0/libsrc/usbpsu_v1_13/src"

TRACE::2026-01-26.17:21:31::SCWBDomain::make -C psu_pmu_0/libsrc/usbpsu_v1_13/src -s include  "SHELL=CMD" "COMPILER=mb-gcc" "ASSEMBLER=mb-as" "ARCHIVER=mb-ar" "COMPILE
TRACE::2026-01-26.17:21:31::SCWBDomain::R_FLAGS=  -O2 -c -mcpu=v9.2 -mlittle-endian -mxl-barrel-shift -mxl-pattern-compare -mxl-soft-mul" "EXTRA_COMPILER_FLAGS=-g -ffu
TRACE::2026-01-26.17:21:31::SCWBDomain::nction-sections -fdata-sections -Wall -Wextra -fno-tree-loop-distribute-patterns  -Os -flto -ffat-lto-objects"

TRACE::2026-01-26.17:21:31::SCWBDomain::"Running Make include in psu_pmu_0/libsrc/video_common_v4_13/src"

TRACE::2026-01-26.17:21:31::SCWBDomain::make -C psu_pmu_0/libsrc/video_common_v4_13/src -s include  "SHELL=CMD" "COMPILER=mb-gcc" "ASSEMBLER=mb-as" "ARCHIVER=mb-ar" "C
TRACE::2026-01-26.17:21:31::SCWBDomain::OMPILER_FLAGS=  -O2 -c -mcpu=v9.2 -mlittle-endian -mxl-barrel-shift -mxl-pattern-compare -mxl-soft-mul" "EXTRA_COMPILER_FLAGS=-
TRACE::2026-01-26.17:21:31::SCWBDomain::g -ffunction-sections -fdata-sections -Wall -Wextra -fno-tree-loop-distribute-patterns  -Os -flto -ffat-lto-objects"

TRACE::2026-01-26.17:21:31::SCWBDomain::"Running Make include in psu_pmu_0/libsrc/xilfpga_v6_4/src"

TRACE::2026-01-26.17:21:31::SCWBDomain::make -C psu_pmu_0/libsrc/xilfpga_v6_4/src -s include  "SHELL=CMD" "COMPILER=mb-gcc" "ASSEMBLER=mb-as" "ARCHIVER=mb-ar" "COMPILE
TRACE::2026-01-26.17:21:31::SCWBDomain::R_FLAGS=  -O2 -c -mcpu=v9.2 -mlittle-endian -mxl-barrel-shift -mxl-pattern-compare -mxl-soft-mul" "EXTRA_COMPILER_FLAGS=-g -ffu
TRACE::2026-01-26.17:21:31::SCWBDomain::nction-sections -fdata-sections -Wall -Wextra -fno-tree-loop-distribute-patterns  -Os -flto -ffat-lto-objects"

TRACE::2026-01-26.17:21:31::SCWBDomain::"Running Make include in psu_pmu_0/libsrc/xilsecure_v5_1/src"

TRACE::2026-01-26.17:21:31::SCWBDomain::make -C psu_pmu_0/libsrc/xilsecure_v5_1/src -s include  "SHELL=CMD" "COMPILER=mb-gcc" "ASSEMBLER=mb-as" "ARCHIVER=mb-ar" "COMPI
TRACE::2026-01-26.17:21:31::SCWBDomain::LER_FLAGS=  -O2 -c -mcpu=v9.2 -mlittle-endian -mxl-barrel-shift -mxl-pattern-compare -mxl-soft-mul" "EXTRA_COMPILER_FLAGS=-g -f
TRACE::2026-01-26.17:21:31::SCWBDomain::function-sections -fdata-sections -Wall -Wextra -fno-tree-loop-distribute-patterns  -Os -flto -ffat-lto-objects"

TRACE::2026-01-26.17:21:31::SCWBDomain::"Running Make include in psu_pmu_0/libsrc/xilskey_v7_4/src"

TRACE::2026-01-26.17:21:31::SCWBDomain::make -C psu_pmu_0/libsrc/xilskey_v7_4/src -s include  "SHELL=CMD" "COMPILER=mb-gcc" "ASSEMBLER=mb-as" "ARCHIVER=mb-ar" "COMPILE
TRACE::2026-01-26.17:21:31::SCWBDomain::R_FLAGS=  -O2 -c -mcpu=v9.2 -mlittle-endian -mxl-barrel-shift -mxl-pattern-compare -mxl-soft-mul" "EXTRA_COMPILER_FLAGS=-g -ffu
TRACE::2026-01-26.17:21:31::SCWBDomain::nction-sections -fdata-sections -Wall -Wextra -fno-tree-loop-distribute-patterns  -Os -flto -ffat-lto-objects"

TRACE::2026-01-26.17:21:31::SCWBDomain::"Running Make include in psu_pmu_0/libsrc/zdma_v1_16/src"

TRACE::2026-01-26.17:21:31::SCWBDomain::make -C psu_pmu_0/libsrc/zdma_v1_16/src -s include  "SHELL=CMD" "COMPILER=mb-gcc" "ASSEMBLER=mb-as" "ARCHIVER=mb-ar" "COMPILER_
TRACE::2026-01-26.17:21:31::SCWBDomain::FLAGS=  -O2 -c -mcpu=v9.2 -mlittle-endian -mxl-barrel-shift -mxl-pattern-compare -mxl-soft-mul" "EXTRA_COMPILER_FLAGS=-g -ffunc
TRACE::2026-01-26.17:21:31::SCWBDomain::tion-sections -fdata-sections -Wall -Wextra -fno-tree-loop-distribute-patterns  -Os -flto -ffat-lto-objects"

TRACE::2026-01-26.17:21:31::SCWBDomain::"Running Make libs in psu_pmu_0/libsrc/axipmon_v6_9/src"

TRACE::2026-01-26.17:21:31::SCWBDomain::make -C psu_pmu_0/libsrc/axipmon_v6_9/src -s libs  "SHELL=CMD" "COMPILER=mb-gcc" "ASSEMBLER=mb-as" "ARCHIVER=mb-ar" "COMPILER_F
TRACE::2026-01-26.17:21:31::SCWBDomain::LAGS=  -O2 -c -mcpu=v9.2 -mlittle-endian -mxl-barrel-shift -mxl-pattern-compare -mxl-soft-mul" "EXTRA_COMPILER_FLAGS=-g -ffunct
TRACE::2026-01-26.17:21:31::SCWBDomain::ion-sections -fdata-sections -Wall -Wextra -fno-tree-loop-distribute-patterns  -Os -flto -ffat-lto-objects"

TRACE::2026-01-26.17:21:31::SCWBDomain::"Running Make libs in psu_pmu_0/libsrc/clockps_v1_4/src"

TRACE::2026-01-26.17:21:31::SCWBDomain::make -C psu_pmu_0/libsrc/clockps_v1_4/src -s libs  "SHELL=CMD" "COMPILER=mb-gcc" "ASSEMBLER=mb-as" "ARCHIVER=mb-ar" "COMPILER_F
TRACE::2026-01-26.17:21:31::SCWBDomain::LAGS=  -O2 -c -mcpu=v9.2 -mlittle-endian -mxl-barrel-shift -mxl-pattern-compare -mxl-soft-mul" "EXTRA_COMPILER_FLAGS=-g -ffunct
TRACE::2026-01-26.17:21:31::SCWBDomain::ion-sections -fdata-sections -Wall -Wextra -fno-tree-loop-distribute-patterns  -Os -flto -ffat-lto-objects"

TRACE::2026-01-26.17:21:31::SCWBDomain::"Running Make libs in psu_pmu_0/libsrc/cpu_v2_17/src"

TRACE::2026-01-26.17:21:31::SCWBDomain::make -C psu_pmu_0/libsrc/cpu_v2_17/src -s libs  "SHELL=CMD" "COMPILER=mb-gcc" "ASSEMBLER=mb-as" "ARCHIVER=mb-ar" "COMPILER_FLAG
TRACE::2026-01-26.17:21:31::SCWBDomain::S=  -O2 -c -mcpu=v9.2 -mlittle-endian -mxl-barrel-shift -mxl-pattern-compare -mxl-soft-mul" "EXTRA_COMPILER_FLAGS=-g -ffunction
TRACE::2026-01-26.17:21:31::SCWBDomain::-sections -fdata-sections -Wall -Wextra -fno-tree-loop-distribute-patterns  -Os -flto -ffat-lto-objects"

TRACE::2026-01-26.17:21:31::SCWBDomain::"Running Make libs in psu_pmu_0/libsrc/csudma_v1_13/src"

TRACE::2026-01-26.17:21:31::SCWBDomain::make -C psu_pmu_0/libsrc/csudma_v1_13/src -s libs  "SHELL=CMD" "COMPILER=mb-gcc" "ASSEMBLER=mb-as" "ARCHIVER=mb-ar" "COMPILER_F
TRACE::2026-01-26.17:21:31::SCWBDomain::LAGS=  -O2 -c -mcpu=v9.2 -mlittle-endian -mxl-barrel-shift -mxl-pattern-compare -mxl-soft-mul" "EXTRA_COMPILER_FLAGS=-g -ffunct
TRACE::2026-01-26.17:21:31::SCWBDomain::ion-sections -fdata-sections -Wall -Wextra -fno-tree-loop-distribute-patterns  -Os -flto -ffat-lto-objects"

TRACE::2026-01-26.17:21:31::SCWBDomain::"Running Make libs in psu_pmu_0/libsrc/ddrcpsu_v1_4/src"

TRACE::2026-01-26.17:21:31::SCWBDomain::make -C psu_pmu_0/libsrc/ddrcpsu_v1_4/src -s libs  "SHELL=CMD" "COMPILER=mb-gcc" "ASSEMBLER=mb-as" "ARCHIVER=mb-ar" "COMPILER_F
TRACE::2026-01-26.17:21:31::SCWBDomain::LAGS=  -O2 -c -mcpu=v9.2 -mlittle-endian -mxl-barrel-shift -mxl-pattern-compare -mxl-soft-mul" "EXTRA_COMPILER_FLAGS=-g -ffunct
TRACE::2026-01-26.17:21:31::SCWBDomain::ion-sections -fdata-sections -Wall -Wextra -fno-tree-loop-distribute-patterns  -Os -flto -ffat-lto-objects"

TRACE::2026-01-26.17:21:31::SCWBDomain::"Running Make libs in psu_pmu_0/libsrc/emacps_v3_18/src"

TRACE::2026-01-26.17:21:31::SCWBDomain::make -C psu_pmu_0/libsrc/emacps_v3_18/src -s libs  "SHELL=CMD" "COMPILER=mb-gcc" "ASSEMBLER=mb-as" "ARCHIVER=mb-ar" "COMPILER_F
TRACE::2026-01-26.17:21:31::SCWBDomain::LAGS=  -O2 -c -mcpu=v9.2 -mlittle-endian -mxl-barrel-shift -mxl-pattern-compare -mxl-soft-mul" "EXTRA_COMPILER_FLAGS=-g -ffunct
TRACE::2026-01-26.17:21:31::SCWBDomain::ion-sections -fdata-sections -Wall -Wextra -fno-tree-loop-distribute-patterns  -Os -flto -ffat-lto-objects"

TRACE::2026-01-26.17:21:31::SCWBDomain::"Running Make libs in psu_pmu_0/libsrc/gpiops_v3_11/src"

TRACE::2026-01-26.17:21:31::SCWBDomain::make -C psu_pmu_0/libsrc/gpiops_v3_11/src -s libs  "SHELL=CMD" "COMPILER=mb-gcc" "ASSEMBLER=mb-as" "ARCHIVER=mb-ar" "COMPILER_F
TRACE::2026-01-26.17:21:31::SCWBDomain::LAGS=  -O2 -c -mcpu=v9.2 -mlittle-endian -mxl-barrel-shift -mxl-pattern-compare -mxl-soft-mul" "EXTRA_COMPILER_FLAGS=-g -ffunct
TRACE::2026-01-26.17:21:31::SCWBDomain::ion-sections -fdata-sections -Wall -Wextra -fno-tree-loop-distribute-patterns  -Os -flto -ffat-lto-objects"

TRACE::2026-01-26.17:21:31::SCWBDomain::"Running Make libs in psu_pmu_0/libsrc/iicps_v3_17/src"

TRACE::2026-01-26.17:21:31::SCWBDomain::make -C psu_pmu_0/libsrc/iicps_v3_17/src -s libs  "SHELL=CMD" "COMPILER=mb-gcc" "ASSEMBLER=mb-as" "ARCHIVER=mb-ar" "COMPILER_FL
TRACE::2026-01-26.17:21:31::SCWBDomain::AGS=  -O2 -c -mcpu=v9.2 -mlittle-endian -mxl-barrel-shift -mxl-pattern-compare -mxl-soft-mul" "EXTRA_COMPILER_FLAGS=-g -ffuncti
TRACE::2026-01-26.17:21:31::SCWBDomain::on-sections -fdata-sections -Wall -Wextra -fno-tree-loop-distribute-patterns  -Os -flto -ffat-lto-objects"

TRACE::2026-01-26.17:21:31::SCWBDomain::"Running Make libs in psu_pmu_0/libsrc/ipipsu_v2_13/src"

TRACE::2026-01-26.17:21:31::SCWBDomain::make -C psu_pmu_0/libsrc/ipipsu_v2_13/src -s libs  "SHELL=CMD" "COMPILER=mb-gcc" "ASSEMBLER=mb-as" "ARCHIVER=mb-ar" "COMPILER_F
TRACE::2026-01-26.17:21:31::SCWBDomain::LAGS=  -O2 -c -mcpu=v9.2 -mlittle-endian -mxl-barrel-shift -mxl-pattern-compare -mxl-soft-mul" "EXTRA_COMPILER_FLAGS=-g -ffunct
TRACE::2026-01-26.17:21:31::SCWBDomain::ion-sections -fdata-sections -Wall -Wextra -fno-tree-loop-distribute-patterns  -Os -flto -ffat-lto-objects"

TRACE::2026-01-26.17:21:31::SCWBDomain::"Running Make libs in psu_pmu_0/libsrc/pciepsu_v1_5/src"

TRACE::2026-01-26.17:21:31::SCWBDomain::make -C psu_pmu_0/libsrc/pciepsu_v1_5/src -s libs  "SHELL=CMD" "COMPILER=mb-gcc" "ASSEMBLER=mb-as" "ARCHIVER=mb-ar" "COMPILER_F
TRACE::2026-01-26.17:21:31::SCWBDomain::LAGS=  -O2 -c -mcpu=v9.2 -mlittle-endian -mxl-barrel-shift -mxl-pattern-compare -mxl-soft-mul" "EXTRA_COMPILER_FLAGS=-g -ffunct
TRACE::2026-01-26.17:21:31::SCWBDomain::ion-sections -fdata-sections -Wall -Wextra -fno-tree-loop-distribute-patterns  -Os -flto -ffat-lto-objects"

TRACE::2026-01-26.17:21:32::SCWBDomain::"Running Make libs in psu_pmu_0/libsrc/qspipsu_v1_17/src"

TRACE::2026-01-26.17:21:32::SCWBDomain::make -C psu_pmu_0/libsrc/qspipsu_v1_17/src -s libs  "SHELL=CMD" "COMPILER=mb-gcc" "ASSEMBLER=mb-as" "ARCHIVER=mb-ar" "COMPILER_
TRACE::2026-01-26.17:21:32::SCWBDomain::FLAGS=  -O2 -c -mcpu=v9.2 -mlittle-endian -mxl-barrel-shift -mxl-pattern-compare -mxl-soft-mul" "EXTRA_COMPILER_FLAGS=-g -ffunc
TRACE::2026-01-26.17:21:32::SCWBDomain::tion-sections -fdata-sections -Wall -Wextra -fno-tree-loop-distribute-patterns  -Os -flto -ffat-lto-objects"

TRACE::2026-01-26.17:21:32::SCWBDomain::"Running Make libs in psu_pmu_0/libsrc/resetps_v1_5/src"

TRACE::2026-01-26.17:21:32::SCWBDomain::make -C psu_pmu_0/libsrc/resetps_v1_5/src -s libs  "SHELL=CMD" "COMPILER=mb-gcc" "ASSEMBLER=mb-as" "ARCHIVER=mb-ar" "COMPILER_F
TRACE::2026-01-26.17:21:32::SCWBDomain::LAGS=  -O2 -c -mcpu=v9.2 -mlittle-endian -mxl-barrel-shift -mxl-pattern-compare -mxl-soft-mul" "EXTRA_COMPILER_FLAGS=-g -ffunct
TRACE::2026-01-26.17:21:32::SCWBDomain::ion-sections -fdata-sections -Wall -Wextra -fno-tree-loop-distribute-patterns  -Os -flto -ffat-lto-objects"

TRACE::2026-01-26.17:21:32::SCWBDomain::"Running Make libs in psu_pmu_0/libsrc/rtcpsu_v1_12/src"

TRACE::2026-01-26.17:21:32::SCWBDomain::make -C psu_pmu_0/libsrc/rtcpsu_v1_12/src -s libs  "SHELL=CMD" "COMPILER=mb-gcc" "ASSEMBLER=mb-as" "ARCHIVER=mb-ar" "COMPILER_F
TRACE::2026-01-26.17:21:32::SCWBDomain::LAGS=  -O2 -c -mcpu=v9.2 -mlittle-endian -mxl-barrel-shift -mxl-pattern-compare -mxl-soft-mul" "EXTRA_COMPILER_FLAGS=-g -ffunct
TRACE::2026-01-26.17:21:32::SCWBDomain::ion-sections -fdata-sections -Wall -Wextra -fno-tree-loop-distribute-patterns  -Os -flto -ffat-lto-objects"

TRACE::2026-01-26.17:21:32::SCWBDomain::"Running Make libs in psu_pmu_0/libsrc/sdps_v4_1/src"

TRACE::2026-01-26.17:21:32::SCWBDomain::make -C psu_pmu_0/libsrc/sdps_v4_1/src -s libs  "SHELL=CMD" "COMPILER=mb-gcc" "ASSEMBLER=mb-as" "ARCHIVER=mb-ar" "COMPILER_FLAG
TRACE::2026-01-26.17:21:32::SCWBDomain::S=  -O2 -c -mcpu=v9.2 -mlittle-endian -mxl-barrel-shift -mxl-pattern-compare -mxl-soft-mul" "EXTRA_COMPILER_FLAGS=-g -ffunction
TRACE::2026-01-26.17:21:32::SCWBDomain::-sections -fdata-sections -Wall -Wextra -fno-tree-loop-distribute-patterns  -Os -flto -ffat-lto-objects"

TRACE::2026-01-26.17:21:32::SCWBDomain::"Running Make libs in psu_pmu_0/libsrc/standalone_v8_1/src"

TRACE::2026-01-26.17:21:32::SCWBDomain::make -C psu_pmu_0/libsrc/standalone_v8_1/src -s libs  "SHELL=CMD" "COMPILER=mb-gcc" "ASSEMBLER=mb-as" "ARCHIVER=mb-ar" "COMPILE
TRACE::2026-01-26.17:21:32::SCWBDomain::R_FLAGS=  -O2 -c -mcpu=v9.2 -mlittle-endian -mxl-barrel-shift -mxl-pattern-compare -mxl-soft-mul" "EXTRA_COMPILER_FLAGS=-g -ffu
TRACE::2026-01-26.17:21:32::SCWBDomain::nction-sections -fdata-sections -Wall -Wextra -fno-tree-loop-distribute-patterns  -Os -flto -ffat-lto-objects"

TRACE::2026-01-26.17:21:32::SCWBDomain::"Running Make libs in psu_pmu_0/libsrc/sysmonpsu_v2_8/src"

TRACE::2026-01-26.17:21:32::SCWBDomain::make -C psu_pmu_0/libsrc/sysmonpsu_v2_8/src -s libs  "SHELL=CMD" "COMPILER=mb-gcc" "ASSEMBLER=mb-as" "ARCHIVER=mb-ar" "COMPILER
TRACE::2026-01-26.17:21:32::SCWBDomain::_FLAGS=  -O2 -c -mcpu=v9.2 -mlittle-endian -mxl-barrel-shift -mxl-pattern-compare -mxl-soft-mul" "EXTRA_COMPILER_FLAGS=-g -ffun
TRACE::2026-01-26.17:21:32::SCWBDomain::ction-sections -fdata-sections -Wall -Wextra -fno-tree-loop-distribute-patterns  -Os -flto -ffat-lto-objects"

TRACE::2026-01-26.17:21:32::SCWBDomain::"Running Make libs in psu_pmu_0/libsrc/ttcps_v3_17/src"

TRACE::2026-01-26.17:21:32::SCWBDomain::make -C psu_pmu_0/libsrc/ttcps_v3_17/src -s libs  "SHELL=CMD" "COMPILER=mb-gcc" "ASSEMBLER=mb-as" "ARCHIVER=mb-ar" "COMPILER_FL
TRACE::2026-01-26.17:21:32::SCWBDomain::AGS=  -O2 -c -mcpu=v9.2 -mlittle-endian -mxl-barrel-shift -mxl-pattern-compare -mxl-soft-mul" "EXTRA_COMPILER_FLAGS=-g -ffuncti
TRACE::2026-01-26.17:21:32::SCWBDomain::on-sections -fdata-sections -Wall -Wextra -fno-tree-loop-distribute-patterns  -Os -flto -ffat-lto-objects"

TRACE::2026-01-26.17:21:33::SCWBDomain::"Running Make libs in psu_pmu_0/libsrc/uartps_v3_12/src"

TRACE::2026-01-26.17:21:33::SCWBDomain::make -C psu_pmu_0/libsrc/uartps_v3_12/src -s libs  "SHELL=CMD" "COMPILER=mb-gcc" "ASSEMBLER=mb-as" "ARCHIVER=mb-ar" "COMPILER_F
TRACE::2026-01-26.17:21:33::SCWBDomain::LAGS=  -O2 -c -mcpu=v9.2 -mlittle-endian -mxl-barrel-shift -mxl-pattern-compare -mxl-soft-mul" "EXTRA_COMPILER_FLAGS=-g -ffunct
TRACE::2026-01-26.17:21:33::SCWBDomain::ion-sections -fdata-sections -Wall -Wextra -fno-tree-loop-distribute-patterns  -Os -flto -ffat-lto-objects"

TRACE::2026-01-26.17:21:33::SCWBDomain::"Running Make libs in psu_pmu_0/libsrc/usbpsu_v1_13/src"

TRACE::2026-01-26.17:21:33::SCWBDomain::make -C psu_pmu_0/libsrc/usbpsu_v1_13/src -s libs  "SHELL=CMD" "COMPILER=mb-gcc" "ASSEMBLER=mb-as" "ARCHIVER=mb-ar" "COMPILER_F
TRACE::2026-01-26.17:21:33::SCWBDomain::LAGS=  -O2 -c -mcpu=v9.2 -mlittle-endian -mxl-barrel-shift -mxl-pattern-compare -mxl-soft-mul" "EXTRA_COMPILER_FLAGS=-g -ffunct
TRACE::2026-01-26.17:21:33::SCWBDomain::ion-sections -fdata-sections -Wall -Wextra -fno-tree-loop-distribute-patterns  -Os -flto -ffat-lto-objects"

TRACE::2026-01-26.17:21:33::SCWBDomain::"Running Make libs in psu_pmu_0/libsrc/video_common_v4_13/src"

TRACE::2026-01-26.17:21:33::SCWBDomain::make -C psu_pmu_0/libsrc/video_common_v4_13/src -s libs  "SHELL=CMD" "COMPILER=mb-gcc" "ASSEMBLER=mb-as" "ARCHIVER=mb-ar" "COMP
TRACE::2026-01-26.17:21:33::SCWBDomain::ILER_FLAGS=  -O2 -c -mcpu=v9.2 -mlittle-endian -mxl-barrel-shift -mxl-pattern-compare -mxl-soft-mul" "EXTRA_COMPILER_FLAGS=-g -
TRACE::2026-01-26.17:21:33::SCWBDomain::ffunction-sections -fdata-sections -Wall -Wextra -fno-tree-loop-distribute-patterns  -Os -flto -ffat-lto-objects"

TRACE::2026-01-26.17:21:33::SCWBDomain::"Running Make libs in psu_pmu_0/libsrc/xilfpga_v6_4/src"

TRACE::2026-01-26.17:21:33::SCWBDomain::make -C psu_pmu_0/libsrc/xilfpga_v6_4/src -s libs  "SHELL=CMD" "COMPILER=mb-gcc" "ASSEMBLER=mb-as" "ARCHIVER=mb-ar" "COMPILER_F
TRACE::2026-01-26.17:21:33::SCWBDomain::LAGS=  -O2 -c -mcpu=v9.2 -mlittle-endian -mxl-barrel-shift -mxl-pattern-compare -mxl-soft-mul" "EXTRA_COMPILER_FLAGS=-g -ffunct
TRACE::2026-01-26.17:21:33::SCWBDomain::ion-sections -fdata-sections -Wall -Wextra -fno-tree-loop-distribute-patterns  -Os -flto -ffat-lto-objects"

TRACE::2026-01-26.17:21:33::SCWBDomain::"Running Make libs in psu_pmu_0/libsrc/zdma_v1_16/src"

TRACE::2026-01-26.17:21:33::SCWBDomain::make -C psu_pmu_0/libsrc/zdma_v1_16/src -s libs  "SHELL=CMD" "COMPILER=mb-gcc" "ASSEMBLER=mb-as" "ARCHIVER=mb-ar" "COMPILER_FLA
TRACE::2026-01-26.17:21:33::SCWBDomain::GS=  -O2 -c -mcpu=v9.2 -mlittle-endian -mxl-barrel-shift -mxl-pattern-compare -mxl-soft-mul" "EXTRA_COMPILER_FLAGS=-g -ffunctio
TRACE::2026-01-26.17:21:33::SCWBDomain::n-sections -fdata-sections -Wall -Wextra -fno-tree-loop-distribute-patterns  -Os -flto -ffat-lto-objects"

TRACE::2026-01-26.17:21:34::SCWBDomain::"DEBUG NON_LTO_OBJECTS is ../../../lib/microblaze_interrupt_handler.o"

TRACE::2026-01-26.17:21:34::SCWBDomain::'Finished building libraries parallelly.'

TRACE::2026-01-26.17:21:34::SCWBDomain::make --no-print-directory archive

TRACE::2026-01-26.17:21:34::SCWBDomain::mb-ar -r  psu_pmu_0/lib/libxil.a psu_pmu_0/lib/_exit.o psu_pmu_0/lib/errno.o psu_pmu_0/lib/fcntl.o psu_pmu_0/lib/hw_exception_h
TRACE::2026-01-26.17:21:34::SCWBDomain::andler.o psu_pmu_0/lib/inbyte.o psu_pmu_0/lib/microblaze_disable_dcache.o psu_pmu_0/lib/microblaze_disable_exceptions.o psu_pmu
TRACE::2026-01-26.17:21:34::SCWBDomain::_0/lib/microblaze_disable_icache.o psu_pmu_0/lib/microblaze_disable_interrupts.o psu_pmu_0/lib/microblaze_enable_dcache.o psu_p
TRACE::2026-01-26.17:21:34::SCWBDomain::mu_0/lib/microblaze_enable_exceptions.o psu_pmu_0/lib/microblaze_enable_icache.o psu_pmu_0/lib/microblaze_enable_interrupts.o p
TRACE::2026-01-26.17:21:34::SCWBDomain::su_pmu_0/lib/microblaze_exception_handler.o psu_pmu_0/lib/microblaze_flush_cache_ext.o psu_pmu_0/lib/microblaze_flush_cache_ext
TRACE::2026-01-26.17:21:34::SCWBDomain::_range.o psu_pmu_0/lib/microblaze_flush_dcache.o psu_pmu_0/lib/microblaze_flush_dcache_range.o psu_pmu_0/lib/microblaze_init_dc
TRACE::2026-01-26.17:21:34::SCWBDomain::ache_range.o psu_pmu_0/lib/microblaze_init_icache_range.o psu_pmu_0/lib/microblaze_interrupt_handler.o psu_pmu_0/lib/microblaze
TRACE::2026-01-26.17:21:34::SCWBDomain::_interrupts_g.o psu_pmu_0/lib/microblaze_invalidate_cache_ext.o psu_pmu_0/lib/microblaze_invalidate_cache_ext_range.o psu_pmu_0
TRACE::2026-01-26.17:21:34::SCWBDomain::/lib/microblaze_invalidate_dcache.o psu_pmu_0/lib/microblaze_invalidate_dcache_range.o psu_pmu_0/lib/microblaze_invalidate_icac
TRACE::2026-01-26.17:21:34::SCWBDomain::he.o psu_pmu_0/lib/microblaze_invalidate_icache_range.o psu_pmu_0/lib/microblaze_scrub.o psu_pmu_0/lib/microblaze_selftest.o ps
TRACE::2026-01-26.17:21:34::SCWBDomain::u_pmu_0/lib/microblaze_sleep.o psu_pmu_0/lib/microblaze_update_dcache.o psu_pmu_0/lib/microblaze_update_icache.o psu_pmu_0/lib/
TRACE::2026-01-26.17:21:34::SCWBDomain::outbyte.o psu_pmu_0/lib/print.o psu_pmu_0/lib/pvr.o psu_pmu_0/lib/xaxipmon.o psu_pmu_0/lib/xaxipmon_g.o psu_pmu_0/lib/xaxipmon_
TRACE::2026-01-26.17:21:34::SCWBDomain::selftest.o psu_pmu_0/lib/xaxipmon_sinit.o psu_pmu_0/lib/xclockps.o psu_pmu_0/lib/xclockps_divider.o psu_pmu_0/lib/xclockps_fixe
TRACE::2026-01-26.17:21:34::SCWBDomain::dfactor.o psu_pmu_0/lib/xclockps_g.o psu_pmu_0/lib/xclockps_gate.o psu_pmu_0/lib/xclockps_mux.o psu_pmu_0/lib/xclockps_pll.o ps
TRACE::2026-01-26.17:21:34::SCWBDomain::u_pmu_0/lib/xclockps_sinit.o psu_pmu_0/lib/xcsudma.o psu_pmu_0/lib/xcsudma_g.o psu_pmu_0/lib/xcsudma_intr.o psu_pmu_0/lib/xcsud
TRACE::2026-01-26.17:21:34::SCWBDomain::ma_selftest.o psu_pmu_0/lib/xcsudma_sinit.o psu_pmu_0/lib/xemacps.o psu_pmu_0/lib/xemacps_bdring.o psu_pmu_0/lib/xemacps_contro
TRACE::2026-01-26.17:21:34::SCWBDomain::l.o psu_pmu_0/lib/xemacps_g.o psu_pmu_0/lib/xemacps_hw.o psu_pmu_0/lib/xemacps_intr.o psu_pmu_0/lib/xemacps_sinit.o psu_pmu_0/l
TRACE::2026-01-26.17:21:34::SCWBDomain::ib/xgpiops.o psu_pmu_0/lib/xgpiops_g.o psu_pmu_0/lib/xgpiops_hw.o psu_pmu_0/lib/xgpiops_intr.o psu_pmu_0/lib/xgpiops_selftest.o
TRACE::2026-01-26.17:21:34::SCWBDomain:: psu_pmu_0/lib/xgpiops_sinit.o psu_pmu_0/lib/xiicps.o psu_pmu_0/lib/xiicps_g.o psu_pmu_0/lib/xiicps_hw.o psu_pmu_0/lib/xiicps_i
TRACE::2026-01-26.17:21:34::SCWBDomain::ntr.o psu_pmu_0/lib/xiicps_master.o psu_pmu_0/lib/xiicps_options.o psu_pmu_0/lib/xiicps_selftest.o psu_pmu_0/lib/xiicps_sinit.o
TRACE::2026-01-26.17:21:34::SCWBDomain:: psu_pmu_0/lib/xiicps_slave.o psu_pmu_0/lib/xiicps_xfer.o psu_pmu_0/lib/xil_assert.o psu_pmu_0/lib/xil_cache.o psu_pmu_0/lib/xi
TRACE::2026-01-26.17:21:34::SCWBDomain::l_clocking.o psu_pmu_0/lib/xil_exception.o psu_pmu_0/lib/xil_mem.o psu_pmu_0/lib/xil_misc_psreset_api.o psu_pmu_0/lib/xil_print
TRACE::2026-01-26.17:21:34::SCWBDomain::f.o psu_pmu_0/lib/xil_sleepcommon.o psu_pmu_0/lib/xil_testcache.o psu_pmu_0/lib/xil_testio.o psu_pmu_0/lib/xil_testmem.o psu_pm
TRACE::2026-01-26.17:21:34::SCWBDomain::u_0/lib/xil_util.o psu_pmu_0/lib/xinterrupt_wrap.o psu_pmu_0/lib/xio.o psu_pmu_0/lib/xipipsu.o psu_pmu_0/lib/xipipsu_buf.o psu_
TRACE::2026-01-26.17:21:34::SCWBDomain::pmu_0/lib/xipipsu_g.o psu_pmu_0/lib/xipipsu_sinit.o psu_pmu_0/lib/xpciepsu.o psu_pmu_0/lib/xpciepsu_caps.o psu_pmu_0/lib/xpciep
TRACE::2026-01-26.17:21:34::SCWBDomain::su_ep.o psu_pmu_0/lib/xpciepsu_g.o psu_pmu_0/lib/xpciepsu_sinit.o psu_pmu_0/lib/xplatform_info.o psu_pmu_0/lib/xqspipsu.o psu_p
TRACE::2026-01-26.17:21:34::SCWBDomain::mu_0/lib/xqspipsu_control.o psu_pmu_0/lib/xqspipsu_g.o psu_pmu_0/lib/xqspipsu_hw.o psu_pmu_0/lib/xqspipsu_options.o psu_pmu_0/l
TRACE::2026-01-26.17:21:34::SCWBDomain::ib/xqspipsu_sinit.o psu_pmu_0/lib/xresetps.o psu_pmu_0/lib/xresetps_g.o psu_pmu_0/lib/xresetps_sinit.o psu_pmu_0/lib/xrtcpsu.o 
TRACE::2026-01-26.17:21:34::SCWBDomain::psu_pmu_0/lib/xrtcpsu_g.o psu_pmu_0/lib/xrtcpsu_intr.o psu_pmu_0/lib/xrtcpsu_selftest.o psu_pmu_0/lib/xrtcpsu_sinit.o psu_pmu_0
TRACE::2026-01-26.17:21:34::SCWBDomain::/lib/xsdps.o psu_pmu_0/lib/xsdps_card.o psu_pmu_0/lib/xsdps_g.o psu_pmu_0/lib/xsdps_host.o psu_pmu_0/lib/xsdps_options.o psu_pm
TRACE::2026-01-26.17:21:34::SCWBDomain::u_0/lib/xsdps_sinit.o psu_pmu_0/lib/xsysmonpsu.o psu_pmu_0/lib/xsysmonpsu_g.o psu_pmu_0/lib/xsysmonpsu_intr.o psu_pmu_0/lib/xsy
TRACE::2026-01-26.17:21:34::SCWBDomain::smonpsu_selftest.o psu_pmu_0/lib/xsysmonpsu_sinit.o psu_pmu_0/lib/xttcps.o psu_pmu_0/lib/xttcps_g.o psu_pmu_0/lib/xttcps_option
TRACE::2026-01-26.17:21:34::SCWBDomain::s.o psu_pmu_0/lib/xttcps_selftest.o psu_pmu_0/lib/xttcps_sinit.o psu_pmu_0/lib/xuartps.o psu_pmu_0/lib/xuartps_g.o psu_pmu_0/li
TRACE::2026-01-26.17:21:34::SCWBDomain::b/xuartps_hw.o psu_pmu_0/lib/xuartps_intr.o psu_pmu_0/lib/xuartps_options.o psu_pmu_0/lib/xuartps_selftest.o psu_pmu_0/lib/xuar
TRACE::2026-01-26.17:21:34::SCWBDomain::tps_sinit.o psu_pmu_0/lib/xusbpsu.o psu_pmu_0/lib/xusbpsu_command.o psu_pmu_0/lib/xusbpsu_controltransfers.o psu_pmu_0/lib/xusb
TRACE::2026-01-26.17:21:34::SCWBDomain::psu_device.o psu_pmu_0/lib/xusbpsu_endpoint.o psu_pmu_0/lib/xusbpsu_ep0handler.o psu_pmu_0/lib/xusbpsu_ephandler.o psu_pmu_0/li
TRACE::2026-01-26.17:21:34::SCWBDomain::b/xusbpsu_event.o psu_pmu_0/lib/xusbpsu_g.o psu_pmu_0/lib/xusbpsu_hibernation.o psu_pmu_0/lib/xusbpsu_intr.o psu_pmu_0/lib/xusb
TRACE::2026-01-26.17:21:34::SCWBDomain::psu_sinit.o psu_pmu_0/lib/xvidc.o psu_pmu_0/lib/xvidc_edid.o psu_pmu_0/lib/xvidc_edid_ext.o psu_pmu_0/lib/xvidc_parse_edid.o ps
TRACE::2026-01-26.17:21:34::SCWBDomain::u_pmu_0/lib/xvidc_timings_table.o psu_pmu_0/lib/xzdma.o psu_pmu_0/lib/xzdma_g.o psu_pmu_0/lib/xzdma_intr.o psu_pmu_0/lib/xzdma_
TRACE::2026-01-26.17:21:34::SCWBDomain::selftest.o psu_pmu_0/lib/xzdma_sinit.o

TRACE::2026-01-26.17:21:34::SCWBDomain::'Finished building libraries'

TRACE::2026-01-26.17:21:34::SCWBDomain::make: Leaving directory 'C:/TFG_Vivado/demo/course_s2_Vitis/01_ps_hello/vitis/design_1_wrapper/zynqmp_pmufw/zynqmp_pmufw_bsp'

TRACE::2026-01-26.17:21:34::SCWBDomain::mb-gcc  -mlittle-endian -mxl-barrel-shift -mxl-pattern-compare -mxl-soft-mul -mcpu=v9.2 -MMD -MP      -mlittle-endian -mxl-barr
TRACE::2026-01-26.17:21:34::SCWBDomain::el-shift -mxl-pattern-compare -mcpu=v9.2 -mxl-soft-mul -Os -flto -ffat-lto-objects   -c pm_clock.c -o pm_clock.o -Izynqmp_pmufw
TRACE::2026-01-26.17:21:34::SCWBDomain::_bsp/psu_pmu_0/include -I.

TRACE::2026-01-26.17:21:35::SCWBDomain::mb-gcc  -mlittle-endian -mxl-barrel-shift -mxl-pattern-compare -mxl-soft-mul -mcpu=v9.2 -MMD -MP      -mlittle-endian -mxl-barr
TRACE::2026-01-26.17:21:35::SCWBDomain::el-shift -mxl-pattern-compare -mcpu=v9.2 -mxl-soft-mul -Os -flto -ffat-lto-objects   -c pm_proc.c -o pm_proc.o -Izynqmp_pmufw_b
TRACE::2026-01-26.17:21:35::SCWBDomain::sp/psu_pmu_0/include -I.

TRACE::2026-01-26.17:21:35::SCWBDomain::mb-gcc  -mlittle-endian -mxl-barrel-shift -mxl-pattern-compare -mxl-soft-mul -mcpu=v9.2 -MMD -MP      -mlittle-endian -mxl-barr
TRACE::2026-01-26.17:21:35::SCWBDomain::el-shift -mxl-pattern-compare -mcpu=v9.2 -mxl-soft-mul -Os -flto -ffat-lto-objects   -c xpfw_mod_em.c -o xpfw_mod_em.o -Izynqmp
TRACE::2026-01-26.17:21:35::SCWBDomain::_pmufw_bsp/psu_pmu_0/include -I.

TRACE::2026-01-26.17:21:35::SCWBDomain::mb-gcc  -mlittle-endian -mxl-barrel-shift -mxl-pattern-compare -mxl-soft-mul -mcpu=v9.2 -MMD -MP      -mlittle-endian -mxl-barr
TRACE::2026-01-26.17:21:35::SCWBDomain::el-shift -mxl-pattern-compare -mcpu=v9.2 -mxl-soft-mul -Os -flto -ffat-lto-objects   -c pm_reset.c -o pm_reset.o -Izynqmp_pmufw
TRACE::2026-01-26.17:21:35::SCWBDomain::_bsp/psu_pmu_0/include -I.

TRACE::2026-01-26.17:21:35::SCWBDomain::mb-gcc  -mlittle-endian -mxl-barrel-shift -mxl-pattern-compare -mxl-soft-mul -mcpu=v9.2 -MMD -MP      -mlittle-endian -mxl-barr
TRACE::2026-01-26.17:21:35::SCWBDomain::el-shift -mxl-pattern-compare -mcpu=v9.2 -mxl-soft-mul -Os -flto -ffat-lto-objects   -c xpfw_main.c -o xpfw_main.o -Izynqmp_pmu
TRACE::2026-01-26.17:21:35::SCWBDomain::fw_bsp/psu_pmu_0/include -I.

TRACE::2026-01-26.17:21:35::SCWBDomain::mb-gcc  -mlittle-endian -mxl-barrel-shift -mxl-pattern-compare -mxl-soft-mul -mcpu=v9.2 -MMD -MP      -mlittle-endian -mxl-barr
TRACE::2026-01-26.17:21:35::SCWBDomain::el-shift -mxl-pattern-compare -mcpu=v9.2 -mxl-soft-mul -Os -flto -ffat-lto-objects   -c pm_power.c -o pm_power.o -Izynqmp_pmufw
TRACE::2026-01-26.17:21:35::SCWBDomain::_bsp/psu_pmu_0/include -I.

TRACE::2026-01-26.17:21:35::SCWBDomain::mb-gcc  -mlittle-endian -mxl-barrel-shift -mxl-pattern-compare -mxl-soft-mul -mcpu=v9.2 -MMD -MP      -mlittle-endian -mxl-barr
TRACE::2026-01-26.17:21:35::SCWBDomain::el-shift -mxl-pattern-compare -mcpu=v9.2 -mxl-soft-mul -Os -flto -ffat-lto-objects   -c xpfw_mod_rpu.c -o xpfw_mod_rpu.o -Izynq
TRACE::2026-01-26.17:21:35::SCWBDomain::mp_pmufw_bsp/psu_pmu_0/include -I.

TRACE::2026-01-26.17:21:35::SCWBDomain::mb-gcc  -mlittle-endian -mxl-barrel-shift -mxl-pattern-compare -mxl-soft-mul -mcpu=v9.2 -MMD -MP      -mlittle-endian -mxl-barr
TRACE::2026-01-26.17:21:35::SCWBDomain::el-shift -mxl-pattern-compare -mcpu=v9.2 -mxl-soft-mul -Os -flto -ffat-lto-objects   -c pm_gpp.c -o pm_gpp.o -Izynqmp_pmufw_bsp
TRACE::2026-01-26.17:21:35::SCWBDomain::/psu_pmu_0/include -I.

TRACE::2026-01-26.17:21:36::SCWBDomain::mb-gcc  -mlittle-endian -mxl-barrel-shift -mxl-pattern-compare -mxl-soft-mul -mcpu=v9.2 -MMD -MP      -mlittle-endian -mxl-barr
TRACE::2026-01-26.17:21:36::SCWBDomain::el-shift -mxl-pattern-compare -mcpu=v9.2 -mxl-soft-mul -Os -flto -ffat-lto-objects   -c pm_hooks.c -o pm_hooks.o -Izynqmp_pmufw
TRACE::2026-01-26.17:21:36::SCWBDomain::_bsp/psu_pmu_0/include -I.

TRACE::2026-01-26.17:21:36::SCWBDomain::mb-gcc  -mlittle-endian -mxl-barrel-shift -mxl-pattern-compare -mxl-soft-mul -mcpu=v9.2 -MMD -MP      -mlittle-endian -mxl-barr
TRACE::2026-01-26.17:21:36::SCWBDomain::el-shift -mxl-pattern-compare -mcpu=v9.2 -mxl-soft-mul -Os -flto -ffat-lto-objects   -c pm_pll.c -o pm_pll.o -Izynqmp_pmufw_bsp
TRACE::2026-01-26.17:21:36::SCWBDomain::/psu_pmu_0/include -I.

TRACE::2026-01-26.17:21:36::SCWBDomain::mb-gcc  -mlittle-endian -mxl-barrel-shift -mxl-pattern-compare -mxl-soft-mul -mcpu=v9.2 -MMD -MP      -mlittle-endian -mxl-barr
TRACE::2026-01-26.17:21:36::SCWBDomain::el-shift -mxl-pattern-compare -mcpu=v9.2 -mxl-soft-mul -Os -flto -ffat-lto-objects   -c xpfw_mod_common.c -o xpfw_mod_common.o 
TRACE::2026-01-26.17:21:36::SCWBDomain::-Izynqmp_pmufw_bsp/psu_pmu_0/include -I.

TRACE::2026-01-26.17:21:36::SCWBDomain::mb-gcc  -mlittle-endian -mxl-barrel-shift -mxl-pattern-compare -mxl-soft-mul -mcpu=v9.2 -MMD -MP      -mlittle-endian -mxl-barr
TRACE::2026-01-26.17:21:36::SCWBDomain::el-shift -mxl-pattern-compare -mcpu=v9.2 -mxl-soft-mul -Os -flto -ffat-lto-objects   -c pm_periph.c -o pm_periph.o -Izynqmp_pmu
TRACE::2026-01-26.17:21:36::SCWBDomain::fw_bsp/psu_pmu_0/include -I.

TRACE::2026-01-26.17:21:36::SCWBDomain::mb-gcc  -mlittle-endian -mxl-barrel-shift -mxl-pattern-compare -mxl-soft-mul -mcpu=v9.2 -MMD -MP      -mlittle-endian -mxl-barr
TRACE::2026-01-26.17:21:36::SCWBDomain::el-shift -mxl-pattern-compare -mcpu=v9.2 -mxl-soft-mul -Os -flto -ffat-lto-objects   -c idle_hooks.c -o idle_hooks.o -Izynqmp_p
TRACE::2026-01-26.17:21:36::SCWBDomain::mufw_bsp/psu_pmu_0/include -I.

TRACE::2026-01-26.17:21:36::SCWBDomain::mb-gcc  -mlittle-endian -mxl-barrel-shift -mxl-pattern-compare -mxl-soft-mul -mcpu=v9.2 -MMD -MP      -mlittle-endian -mxl-barr
TRACE::2026-01-26.17:21:36::SCWBDomain::el-shift -mxl-pattern-compare -mcpu=v9.2 -mxl-soft-mul -Os -flto -ffat-lto-objects   -c xpfw_resets.c -o xpfw_resets.o -Izynqmp
TRACE::2026-01-26.17:21:36::SCWBDomain::_pmufw_bsp/psu_pmu_0/include -I.

TRACE::2026-01-26.17:21:36::SCWBDomain::mb-gcc  -mlittle-endian -mxl-barrel-shift -mxl-pattern-compare -mxl-soft-mul -mcpu=v9.2 -MMD -MP      -mlittle-endian -mxl-barr
TRACE::2026-01-26.17:21:36::SCWBDomain::el-shift -mxl-pattern-compare -mcpu=v9.2 -mxl-soft-mul -Os -flto -ffat-lto-objects   -c xpfw_core.c -o xpfw_core.o -Izynqmp_pmu
TRACE::2026-01-26.17:21:36::SCWBDomain::fw_bsp/psu_pmu_0/include -I.

TRACE::2026-01-26.17:21:36::SCWBDomain::mb-gcc  -mlittle-endian -mxl-barrel-shift -mxl-pattern-compare -mxl-soft-mul -mcpu=v9.2 -MMD -MP      -mlittle-endian -mxl-barr
TRACE::2026-01-26.17:21:36::SCWBDomain::el-shift -mxl-pattern-compare -mcpu=v9.2 -mxl-soft-mul -Os -flto -ffat-lto-objects   -c pm_node.c -o pm_node.o -Izynqmp_pmufw_b
TRACE::2026-01-26.17:21:36::SCWBDomain::sp/psu_pmu_0/include -I.

TRACE::2026-01-26.17:21:36::SCWBDomain::mb-gcc  -mlittle-endian -mxl-barrel-shift -mxl-pattern-compare -mxl-soft-mul -mcpu=v9.2 -MMD -MP      -mlittle-endian -mxl-barr
TRACE::2026-01-26.17:21:36::SCWBDomain::el-shift -mxl-pattern-compare -mcpu=v9.2 -mxl-soft-mul -Os -flto -ffat-lto-objects   -c pm_extern.c -o pm_extern.o -Izynqmp_pmu
TRACE::2026-01-26.17:21:36::SCWBDomain::fw_bsp/psu_pmu_0/include -I.

TRACE::2026-01-26.17:21:36::SCWBDomain::mb-gcc  -mlittle-endian -mxl-barrel-shift -mxl-pattern-compare -mxl-soft-mul -mcpu=v9.2 -MMD -MP      -mlittle-endian -mxl-barr
TRACE::2026-01-26.17:21:36::SCWBDomain::el-shift -mxl-pattern-compare -mcpu=v9.2 -mxl-soft-mul -Os -flto -ffat-lto-objects   -c xpfw_mod_extwdt.c -o xpfw_mod_extwdt.o 
TRACE::2026-01-26.17:21:36::SCWBDomain::-Izynqmp_pmufw_bsp/psu_pmu_0/include -I.

TRACE::2026-01-26.17:21:36::SCWBDomain::mb-gcc  -mlittle-endian -mxl-barrel-shift -mxl-pattern-compare -mxl-soft-mul -mcpu=v9.2 -MMD -MP      -mlittle-endian -mxl-barr
TRACE::2026-01-26.17:21:36::SCWBDomain::el-shift -mxl-pattern-compare -mcpu=v9.2 -mxl-soft-mul -Os -flto -ffat-lto-objects   -c xpfw_mod_ultra96.c -o xpfw_mod_ultra96.
TRACE::2026-01-26.17:21:36::SCWBDomain::o -Izynqmp_pmufw_bsp/psu_pmu_0/include -I.

TRACE::2026-01-26.17:21:37::SCWBDomain::mb-gcc  -mlittle-endian -mxl-barrel-shift -mxl-pattern-compare -mxl-soft-mul -mcpu=v9.2 -MMD -MP      -mlittle-endian -mxl-barr
TRACE::2026-01-26.17:21:37::SCWBDomain::el-shift -mxl-pattern-compare -mcpu=v9.2 -mxl-soft-mul -Os -flto -ffat-lto-objects   -c xpfw_mod_dap.c -o xpfw_mod_dap.o -Izynq
TRACE::2026-01-26.17:21:37::SCWBDomain::mp_pmufw_bsp/psu_pmu_0/include -I.

TRACE::2026-01-26.17:21:37::SCWBDomain::mb-gcc  -mlittle-endian -mxl-barrel-shift -mxl-pattern-compare -mxl-soft-mul -mcpu=v9.2 -MMD -MP      -mlittle-endian -mxl-barr
TRACE::2026-01-26.17:21:37::SCWBDomain::el-shift -mxl-pattern-compare -mcpu=v9.2 -mxl-soft-mul -Os -flto -ffat-lto-objects   -c xpfw_interrupts.c -o xpfw_interrupts.o 
TRACE::2026-01-26.17:21:37::SCWBDomain::-Izynqmp_pmufw_bsp/psu_pmu_0/include -I.

TRACE::2026-01-26.17:21:37::SCWBDomain::mb-gcc  -mlittle-endian -mxl-barrel-shift -mxl-pattern-compare -mxl-soft-mul -mcpu=v9.2 -MMD -MP      -mlittle-endian -mxl-barr
TRACE::2026-01-26.17:21:37::SCWBDomain::el-shift -mxl-pattern-compare -mcpu=v9.2 -mxl-soft-mul -Os -flto -ffat-lto-objects   -c xpfw_ipi_manager.c -o xpfw_ipi_manager.
TRACE::2026-01-26.17:21:37::SCWBDomain::o -Izynqmp_pmufw_bsp/psu_pmu_0/include -I.

TRACE::2026-01-26.17:21:37::SCWBDomain::mb-gcc  -mlittle-endian -mxl-barrel-shift -mxl-pattern-compare -mxl-soft-mul -mcpu=v9.2 -MMD -MP      -mlittle-endian -mxl-barr
TRACE::2026-01-26.17:21:37::SCWBDomain::el-shift -mxl-pattern-compare -mcpu=v9.2 -mxl-soft-mul -Os -flto -ffat-lto-objects   -c xpfw_user_startup.c -o xpfw_user_startu
TRACE::2026-01-26.17:21:37::SCWBDomain::p.o -Izynqmp_pmufw_bsp/psu_pmu_0/include -I.

TRACE::2026-01-26.17:21:37::SCWBDomain::mb-gcc  -mlittle-endian -mxl-barrel-shift -mxl-pattern-compare -mxl-soft-mul -mcpu=v9.2 -MMD -MP      -mlittle-endian -mxl-barr
TRACE::2026-01-26.17:21:37::SCWBDomain::el-shift -mxl-pattern-compare -mcpu=v9.2 -mxl-soft-mul -Os -flto -ffat-lto-objects   -c xpfw_mod_stl.c -o xpfw_mod_stl.o -Izynq
TRACE::2026-01-26.17:21:37::SCWBDomain::mp_pmufw_bsp/psu_pmu_0/include -I.

TRACE::2026-01-26.17:21:37::SCWBDomain::mb-gcc  -mlittle-endian -mxl-barrel-shift -mxl-pattern-compare -mxl-soft-mul -mcpu=v9.2 -MMD -MP      -mlittle-endian -mxl-barr
TRACE::2026-01-26.17:21:37::SCWBDomain::el-shift -mxl-pattern-compare -mcpu=v9.2 -mxl-soft-mul -Os -flto -ffat-lto-objects   -c pm_callbacks.c -o pm_callbacks.o -Izynq
TRACE::2026-01-26.17:21:37::SCWBDomain::mp_pmufw_bsp/psu_pmu_0/include -I.

TRACE::2026-01-26.17:21:37::SCWBDomain::mb-gcc  -mlittle-endian -mxl-barrel-shift -mxl-pattern-compare -mxl-soft-mul -mcpu=v9.2 -MMD -MP      -mlittle-endian -mxl-barr
TRACE::2026-01-26.17:21:37::SCWBDomain::el-shift -mxl-pattern-compare -mcpu=v9.2 -mxl-soft-mul -Os -flto -ffat-lto-objects   -c xpfw_mod_wdt.c -o xpfw_mod_wdt.o -Izynq
TRACE::2026-01-26.17:21:37::SCWBDomain::mp_pmufw_bsp/psu_pmu_0/include -I.

TRACE::2026-01-26.17:21:37::SCWBDomain::mb-gcc  -mlittle-endian -mxl-barrel-shift -mxl-pattern-compare -mxl-soft-mul -mcpu=v9.2 -MMD -MP      -mlittle-endian -mxl-barr
TRACE::2026-01-26.17:21:37::SCWBDomain::el-shift -mxl-pattern-compare -mcpu=v9.2 -mxl-soft-mul -Os -flto -ffat-lto-objects   -c pm_csudma.c -o pm_csudma.o -Izynqmp_pmu
TRACE::2026-01-26.17:21:37::SCWBDomain::fw_bsp/psu_pmu_0/include -I.

TRACE::2026-01-26.17:21:37::SCWBDomain::mb-gcc  -mlittle-endian -mxl-barrel-shift -mxl-pattern-compare -mxl-soft-mul -mcpu=v9.2 -MMD -MP      -mlittle-endian -mxl-barr
TRACE::2026-01-26.17:21:37::SCWBDomain::el-shift -mxl-pattern-compare -mcpu=v9.2 -mxl-soft-mul -Os -flto -ffat-lto-objects   -c xpfw_rom_interface.c -o xpfw_rom_interf
TRACE::2026-01-26.17:21:37::SCWBDomain::ace.o -Izynqmp_pmufw_bsp/psu_pmu_0/include -I.

TRACE::2026-01-26.17:21:37::SCWBDomain::mb-gcc  -mlittle-endian -mxl-barrel-shift -mxl-pattern-compare -mxl-soft-mul -mcpu=v9.2 -MMD -MP      -mlittle-endian -mxl-barr
TRACE::2026-01-26.17:21:37::SCWBDomain::el-shift -mxl-pattern-compare -mcpu=v9.2 -mxl-soft-mul -Os -flto -ffat-lto-objects   -c pm_usb.c -o pm_usb.o -Izynqmp_pmufw_bsp
TRACE::2026-01-26.17:21:37::SCWBDomain::/psu_pmu_0/include -I.

TRACE::2026-01-26.17:21:37::SCWBDomain::mb-gcc  -mlittle-endian -mxl-barrel-shift -mxl-pattern-compare -mxl-soft-mul -mcpu=v9.2 -MMD -MP      -mlittle-endian -mxl-barr
TRACE::2026-01-26.17:21:37::SCWBDomain::el-shift -mxl-pattern-compare -mcpu=v9.2 -mxl-soft-mul -Os -flto -ffat-lto-objects   -c xpfw_mod_rtc.c -o xpfw_mod_rtc.o -Izynq
TRACE::2026-01-26.17:21:37::SCWBDomain::mp_pmufw_bsp/psu_pmu_0/include -I.

TRACE::2026-01-26.17:21:38::SCWBDomain::mb-gcc  -mlittle-endian -mxl-barrel-shift -mxl-pattern-compare -mxl-soft-mul -mcpu=v9.2 -MMD -MP      -mlittle-endian -mxl-barr
TRACE::2026-01-26.17:21:38::SCWBDomain::el-shift -mxl-pattern-compare -mcpu=v9.2 -mxl-soft-mul -Os -flto -ffat-lto-objects   -c xpfw_mod_sched.c -o xpfw_mod_sched.o -I
TRACE::2026-01-26.17:21:38::SCWBDomain::zynqmp_pmufw_bsp/psu_pmu_0/include -I.

TRACE::2026-01-26.17:21:38::SCWBDomain::mb-gcc  -mlittle-endian -mxl-barrel-shift -mxl-pattern-compare -mxl-soft-mul -mcpu=v9.2 -MMD -MP      -mlittle-endian -mxl-barr
TRACE::2026-01-26.17:21:38::SCWBDomain::el-shift -mxl-pattern-compare -mcpu=v9.2 -mxl-soft-mul -Os -flto -ffat-lto-objects   -c pm_sram.c -o pm_sram.o -Izynqmp_pmufw_b
TRACE::2026-01-26.17:21:38::SCWBDomain::sp/psu_pmu_0/include -I.

TRACE::2026-01-26.17:21:38::SCWBDomain::mb-gcc  -mlittle-endian -mxl-barrel-shift -mxl-pattern-compare -mxl-soft-mul -mcpu=v9.2 -MMD -MP      -mlittle-endian -mxl-barr
TRACE::2026-01-26.17:21:38::SCWBDomain::el-shift -mxl-pattern-compare -mcpu=v9.2 -mxl-soft-mul -Os -flto -ffat-lto-objects   -c pm_qspi.c -o pm_qspi.o -Izynqmp_pmufw_b
TRACE::2026-01-26.17:21:38::SCWBDomain::sp/psu_pmu_0/include -I.

TRACE::2026-01-26.17:21:38::SCWBDomain::mb-gcc  -mlittle-endian -mxl-barrel-shift -mxl-pattern-compare -mxl-soft-mul -mcpu=v9.2 -MMD -MP      -mlittle-endian -mxl-barr
TRACE::2026-01-26.17:21:38::SCWBDomain::el-shift -mxl-pattern-compare -mcpu=v9.2 -mxl-soft-mul -Os -flto -ffat-lto-objects   -c pm_ddr.c -o pm_ddr.o -Izynqmp_pmufw_bsp
TRACE::2026-01-26.17:21:38::SCWBDomain::/psu_pmu_0/include -I.

TRACE::2026-01-26.17:21:38::SCWBDomain::mb-gcc  -mlittle-endian -mxl-barrel-shift -mxl-pattern-compare -mxl-soft-mul -mcpu=v9.2 -MMD -MP      -mlittle-endian -mxl-barr
TRACE::2026-01-26.17:21:38::SCWBDomain::el-shift -mxl-pattern-compare -mcpu=v9.2 -mxl-soft-mul -Os -flto -ffat-lto-objects   -c xpfw_mod_pm.c -o xpfw_mod_pm.o -Izynqmp
TRACE::2026-01-26.17:21:38::SCWBDomain::_pmufw_bsp/psu_pmu_0/include -I.

TRACE::2026-01-26.17:21:38::SCWBDomain::mb-gcc  -mlittle-endian -mxl-barrel-shift -mxl-pattern-compare -mxl-soft-mul -mcpu=v9.2 -MMD -MP      -mlittle-endian -mxl-barr
TRACE::2026-01-26.17:21:38::SCWBDomain::el-shift -mxl-pattern-compare -mcpu=v9.2 -mxl-soft-mul -Os -flto -ffat-lto-objects   -c xpfw_platform.c -o xpfw_platform.o -Izy
TRACE::2026-01-26.17:21:38::SCWBDomain::nqmp_pmufw_bsp/psu_pmu_0/include -I.

TRACE::2026-01-26.17:21:38::SCWBDomain::mb-gcc  -mlittle-endian -mxl-barrel-shift -mxl-pattern-compare -mxl-soft-mul -mcpu=v9.2 -MMD -MP      -mlittle-endian -mxl-barr
TRACE::2026-01-26.17:21:38::SCWBDomain::el-shift -mxl-pattern-compare -mcpu=v9.2 -mxl-soft-mul -Os -flto -ffat-lto-objects   -c pm_pinctrl.c -o pm_pinctrl.o -Izynqmp_p
TRACE::2026-01-26.17:21:38::SCWBDomain::mufw_bsp/psu_pmu_0/include -I.

TRACE::2026-01-26.17:21:38::SCWBDomain::mb-gcc  -mlittle-endian -mxl-barrel-shift -mxl-pattern-compare -mxl-soft-mul -mcpu=v9.2 -MMD -MP      -mlittle-endian -mxl-barr
TRACE::2026-01-26.17:21:38::SCWBDomain::el-shift -mxl-pattern-compare -mcpu=v9.2 -mxl-soft-mul -Os -flto -ffat-lto-objects   -c pm_slave.c -o pm_slave.o -Izynqmp_pmufw
TRACE::2026-01-26.17:21:38::SCWBDomain::_bsp/psu_pmu_0/include -I.

TRACE::2026-01-26.17:21:38::SCWBDomain::mb-gcc  -mlittle-endian -mxl-barrel-shift -mxl-pattern-compare -mxl-soft-mul -mcpu=v9.2 -MMD -MP      -mlittle-endian -mxl-barr
TRACE::2026-01-26.17:21:38::SCWBDomain::el-shift -mxl-pattern-compare -mcpu=v9.2 -mxl-soft-mul -Os -flto -ffat-lto-objects   -c xpfw_scheduler.c -o xpfw_scheduler.o -I
TRACE::2026-01-26.17:21:38::SCWBDomain::zynqmp_pmufw_bsp/psu_pmu_0/include -I.

TRACE::2026-01-26.17:21:39::SCWBDomain::mb-gcc  -mlittle-endian -mxl-barrel-shift -mxl-pattern-compare -mxl-soft-mul -mcpu=v9.2 -MMD -MP      -mlittle-endian -mxl-barr
TRACE::2026-01-26.17:21:39::SCWBDomain::el-shift -mxl-pattern-compare -mcpu=v9.2 -mxl-soft-mul -Os -flto -ffat-lto-objects   -c pm_binding.c -o pm_binding.o -Izynqmp_p
TRACE::2026-01-26.17:21:39::SCWBDomain::mufw_bsp/psu_pmu_0/include -I.

TRACE::2026-01-26.17:21:39::SCWBDomain::mb-gcc  -mlittle-endian -mxl-barrel-shift -mxl-pattern-compare -mxl-soft-mul -mcpu=v9.2 -MMD -MP      -mlittle-endian -mxl-barr
TRACE::2026-01-26.17:21:39::SCWBDomain::el-shift -mxl-pattern-compare -mcpu=v9.2 -mxl-soft-mul -Os -flto -ffat-lto-objects   -c xpfw_events.c -o xpfw_events.o -Izynqmp
TRACE::2026-01-26.17:21:39::SCWBDomain::_pmufw_bsp/psu_pmu_0/include -I.

TRACE::2026-01-26.17:21:39::SCWBDomain::mb-gcc  -mlittle-endian -mxl-barrel-shift -mxl-pattern-compare -mxl-soft-mul -mcpu=v9.2 -MMD -MP      -mlittle-endian -mxl-barr
TRACE::2026-01-26.17:21:39::SCWBDomain::el-shift -mxl-pattern-compare -mcpu=v9.2 -mxl-soft-mul -Os -flto -ffat-lto-objects   -c xpfw_aib.c -o xpfw_aib.o -Izynqmp_pmufw
TRACE::2026-01-26.17:21:39::SCWBDomain::_bsp/psu_pmu_0/include -I.

TRACE::2026-01-26.17:21:39::SCWBDomain::mb-gcc  -mlittle-endian -mxl-barrel-shift -mxl-pattern-compare -mxl-soft-mul -mcpu=v9.2 -MMD -MP      -mlittle-endian -mxl-barr
TRACE::2026-01-26.17:21:39::SCWBDomain::el-shift -mxl-pattern-compare -mcpu=v9.2 -mxl-soft-mul -Os -flto -ffat-lto-objects   -c xpfw_mod_overtemp.c -o xpfw_mod_overtem
TRACE::2026-01-26.17:21:39::SCWBDomain::p.o -Izynqmp_pmufw_bsp/psu_pmu_0/include -I.

TRACE::2026-01-26.17:21:39::SCWBDomain::mb-gcc  -mlittle-endian -mxl-barrel-shift -mxl-pattern-compare -mxl-soft-mul -mcpu=v9.2 -MMD -MP      -mlittle-endian -mxl-barr
TRACE::2026-01-26.17:21:39::SCWBDomain::el-shift -mxl-pattern-compare -mcpu=v9.2 -mxl-soft-mul -Os -flto -ffat-lto-objects   -c pm_gic_proxy.c -o pm_gic_proxy.o -Izynq
TRACE::2026-01-26.17:21:39::SCWBDomain::mp_pmufw_bsp/psu_pmu_0/include -I.

TRACE::2026-01-26.17:21:39::SCWBDomain::mb-gcc  -mlittle-endian -mxl-barrel-shift -mxl-pattern-compare -mxl-soft-mul -mcpu=v9.2 -MMD -MP      -mlittle-endian -mxl-barr
TRACE::2026-01-26.17:21:39::SCWBDomain::el-shift -mxl-pattern-compare -mcpu=v9.2 -mxl-soft-mul -Os -flto -ffat-lto-objects   -c xpfw_xpu.c -o xpfw_xpu.o -Izynqmp_pmufw
TRACE::2026-01-26.17:21:39::SCWBDomain::_bsp/psu_pmu_0/include -I.

TRACE::2026-01-26.17:21:39::SCWBDomain::mb-gcc  -mlittle-endian -mxl-barrel-shift -mxl-pattern-compare -mxl-soft-mul -mcpu=v9.2 -MMD -MP      -mlittle-endian -mxl-barr
TRACE::2026-01-26.17:21:39::SCWBDomain::el-shift -mxl-pattern-compare -mcpu=v9.2 -mxl-soft-mul -Os -flto -ffat-lto-objects   -c pm_core.c -o pm_core.o -Izynqmp_pmufw_b
TRACE::2026-01-26.17:21:39::SCWBDomain::sp/psu_pmu_0/include -I.

TRACE::2026-01-26.17:21:39::SCWBDomain::mb-gcc  -mlittle-endian -mxl-barrel-shift -mxl-pattern-compare -mxl-soft-mul -mcpu=v9.2 -MMD -MP      -mlittle-endian -mxl-barr
TRACE::2026-01-26.17:21:39::SCWBDomain::el-shift -mxl-pattern-compare -mcpu=v9.2 -mxl-soft-mul -Os -flto -ffat-lto-objects   -c pm_config.c -o pm_config.o -Izynqmp_pmu
TRACE::2026-01-26.17:21:39::SCWBDomain::fw_bsp/psu_pmu_0/include -I.

TRACE::2026-01-26.17:21:39::SCWBDomain::mb-gcc  -mlittle-endian -mxl-barrel-shift -mxl-pattern-compare -mxl-soft-mul -mcpu=v9.2 -MMD -MP      -mlittle-endian -mxl-barr
TRACE::2026-01-26.17:21:39::SCWBDomain::el-shift -mxl-pattern-compare -mcpu=v9.2 -mxl-soft-mul -Os -flto -ffat-lto-objects   -c pm_system.c -o pm_system.o -Izynqmp_pmu
TRACE::2026-01-26.17:21:39::SCWBDomain::fw_bsp/psu_pmu_0/include -I.

TRACE::2026-01-26.17:21:40::SCWBDomain::mb-gcc  -mlittle-endian -mxl-barrel-shift -mxl-pattern-compare -mxl-soft-mul -mcpu=v9.2 -MMD -MP      -mlittle-endian -mxl-barr
TRACE::2026-01-26.17:21:40::SCWBDomain::el-shift -mxl-pattern-compare -mcpu=v9.2 -mxl-soft-mul -Os -flto -ffat-lto-objects   -c pm_mmio_access.c -o pm_mmio_access.o -I
TRACE::2026-01-26.17:21:40::SCWBDomain::zynqmp_pmufw_bsp/psu_pmu_0/include -I.

TRACE::2026-01-26.17:21:40::SCWBDomain::mb-gcc  -mlittle-endian -mxl-barrel-shift -mxl-pattern-compare -mxl-soft-mul -mcpu=v9.2 -MMD -MP      -mlittle-endian -mxl-barr
TRACE::2026-01-26.17:21:40::SCWBDomain::el-shift -mxl-pattern-compare -mcpu=v9.2 -mxl-soft-mul -Os -flto -ffat-lto-objects   -c pm_node_reset.c -o pm_node_reset.o -Izy
TRACE::2026-01-26.17:21:40::SCWBDomain::nqmp_pmufw_bsp/psu_pmu_0/include -I.

TRACE::2026-01-26.17:21:40::SCWBDomain::mb-gcc  -mlittle-endian -mxl-barrel-shift -mxl-pattern-compare -mxl-soft-mul -mcpu=v9.2 -MMD -MP      -mlittle-endian -mxl-barr
TRACE::2026-01-26.17:21:40::SCWBDomain::el-shift -mxl-pattern-compare -mcpu=v9.2 -mxl-soft-mul -Os -flto -ffat-lto-objects   -c pm_requirement.c -o pm_requirement.o -I
TRACE::2026-01-26.17:21:40::SCWBDomain::zynqmp_pmufw_bsp/psu_pmu_0/include -I.

TRACE::2026-01-26.17:21:40::SCWBDomain::mb-gcc  -mlittle-endian -mxl-barrel-shift -mxl-pattern-compare -mxl-soft-mul -mcpu=v9.2 -MMD -MP      -mlittle-endian -mxl-barr
TRACE::2026-01-26.17:21:40::SCWBDomain::el-shift -mxl-pattern-compare -mcpu=v9.2 -mxl-soft-mul -Os -flto -ffat-lto-objects   -c pm_notifier.c -o pm_notifier.o -Izynqmp
TRACE::2026-01-26.17:21:40::SCWBDomain::_pmufw_bsp/psu_pmu_0/include -I.

TRACE::2026-01-26.17:21:40::SCWBDomain::mb-gcc  -mlittle-endian -mxl-barrel-shift -mxl-pattern-compare -mxl-soft-mul -mcpu=v9.2 -MMD -MP      -mlittle-endian -mxl-barr
TRACE::2026-01-26.17:21:40::SCWBDomain::el-shift -mxl-pattern-compare -mcpu=v9.2 -mxl-soft-mul -Os -flto -ffat-lto-objects   -c xpfw_module.c -o xpfw_module.o -Izynqmp
TRACE::2026-01-26.17:21:40::SCWBDomain::_pmufw_bsp/psu_pmu_0/include -I.

TRACE::2026-01-26.17:21:40::SCWBDomain::mb-gcc  -mlittle-endian -mxl-barrel-shift -mxl-pattern-compare -mxl-soft-mul -mcpu=v9.2 -MMD -MP      -mlittle-endian -mxl-barr
TRACE::2026-01-26.17:21:40::SCWBDomain::el-shift -mxl-pattern-compare -mcpu=v9.2 -mxl-soft-mul -Os -flto -ffat-lto-objects   -c xpfw_restart.c -o xpfw_restart.o -Izynq
TRACE::2026-01-26.17:21:40::SCWBDomain::mp_pmufw_bsp/psu_pmu_0/include -I.

TRACE::2026-01-26.17:21:40::SCWBDomain::mb-gcc  -mlittle-endian -mxl-barrel-shift -mxl-pattern-compare -mxl-soft-mul -mcpu=v9.2 -MMD -MP      -mlittle-endian -mxl-barr
TRACE::2026-01-26.17:21:40::SCWBDomain::el-shift -mxl-pattern-compare -mcpu=v9.2 -mxl-soft-mul -Os -flto -ffat-lto-objects   -c xpfw_error_manager.c -o xpfw_error_mana
TRACE::2026-01-26.17:21:40::SCWBDomain::ger.o -Izynqmp_pmufw_bsp/psu_pmu_0/include -I.

TRACE::2026-01-26.17:21:40::SCWBDomain::mb-gcc  -mlittle-endian -mxl-barrel-shift -mxl-pattern-compare -mxl-soft-mul -mcpu=v9.2 -MMD -MP      -mlittle-endian -mxl-barr
TRACE::2026-01-26.17:21:40::SCWBDomain::el-shift -mxl-pattern-compare -mcpu=v9.2 -mxl-soft-mul -Os -flto -ffat-lto-objects   -c xpfw_util.c -o xpfw_util.o -Izynqmp_pmu
TRACE::2026-01-26.17:21:40::SCWBDomain::fw_bsp/psu_pmu_0/include -I.

TRACE::2026-01-26.17:21:40::SCWBDomain::mb-gcc  -mlittle-endian -mxl-barrel-shift -mxl-pattern-compare -mxl-soft-mul -mcpu=v9.2 -MMD -MP      -mlittle-endian -mxl-barr
TRACE::2026-01-26.17:21:40::SCWBDomain::el-shift -mxl-pattern-compare -mcpu=v9.2 -mxl-soft-mul -Os -flto -ffat-lto-objects   -c pm_ioctl.c -o pm_ioctl.o -Izynqmp_pmufw
TRACE::2026-01-26.17:21:40::SCWBDomain::_bsp/psu_pmu_0/include -I.

TRACE::2026-01-26.17:21:40::SCWBDomain::mb-gcc  -mlittle-endian -mxl-barrel-shift -mxl-pattern-compare -mxl-soft-mul -mcpu=v9.2 -MMD -MP      -mlittle-endian -mxl-barr
TRACE::2026-01-26.17:21:40::SCWBDomain::el-shift -mxl-pattern-compare -mcpu=v9.2 -mxl-soft-mul -Os -flto -ffat-lto-objects   -c xpfw_mod_legacy.c -o xpfw_mod_legacy.o 
TRACE::2026-01-26.17:21:40::SCWBDomain::-Izynqmp_pmufw_bsp/psu_pmu_0/include -I.

TRACE::2026-01-26.17:21:40::SCWBDomain::mb-gcc  -mlittle-endian -mxl-barrel-shift -mxl-pattern-compare -mxl-soft-mul -mcpu=v9.2 -MMD -MP      -mlittle-endian -mxl-barr
TRACE::2026-01-26.17:21:40::SCWBDomain::el-shift -mxl-pattern-compare -mcpu=v9.2 -mxl-soft-mul -Os -flto -ffat-lto-objects   -c pm_master.c -o pm_master.o -Izynqmp_pmu
TRACE::2026-01-26.17:21:40::SCWBDomain::fw_bsp/psu_pmu_0/include -I.

TRACE::2026-01-26.17:21:41::SCWBDomain::mb-gcc  -mlittle-endian -mxl-barrel-shift -mxl-pattern-compare -mxl-soft-mul -mcpu=v9.2 -MMD -MP      -mlittle-endian -mxl-barr
TRACE::2026-01-26.17:21:41::SCWBDomain::el-shift -mxl-pattern-compare -mcpu=v9.2 -mxl-soft-mul -Os -flto -ffat-lto-objects   -c xpfw_start.S -o xpfw_start.o -Izynqmp_p
TRACE::2026-01-26.17:21:41::SCWBDomain::mufw_bsp/psu_pmu_0/include -I.

TRACE::2026-01-26.17:21:41::SCWBDomain::mb-gcc -o pmufw.elf idle_hooks.o pm_binding.o pm_callbacks.o pm_clock.o pm_config.o pm_core.o pm_csudma.o pm_ddr.o pm_extern.o 
TRACE::2026-01-26.17:21:41::SCWBDomain::pm_gic_proxy.o pm_gpp.o pm_hooks.o pm_ioctl.o pm_master.o pm_mmio_access.o pm_node.o pm_node_reset.o pm_notifier.o pm_periph.o 
TRACE::2026-01-26.17:21:41::SCWBDomain::pm_pinctrl.o pm_pll.o pm_power.o pm_proc.o pm_qspi.o pm_requirement.o pm_reset.o pm_slave.o pm_sram.o pm_system.o pm_usb.o xpfw
TRACE::2026-01-26.17:21:41::SCWBDomain::_aib.o xpfw_core.o xpfw_error_manager.o xpfw_events.o xpfw_interrupts.o xpfw_ipi_manager.o xpfw_main.o xpfw_mod_common.o xpfw_m
TRACE::2026-01-26.17:21:41::SCWBDomain::od_dap.o xpfw_mod_em.o xpfw_mod_extwdt.o xpfw_mod_legacy.o xpfw_mod_overtemp.o xpfw_mod_pm.o xpfw_mod_rpu.o xpfw_mod_rtc.o xpfw
TRACE::2026-01-26.17:21:41::SCWBDomain::_mod_sched.o xpfw_mod_stl.o xpfw_mod_ultra96.o xpfw_mod_wdt.o xpfw_module.o xpfw_platform.o xpfw_resets.o xpfw_restart.o xpfw_r
TRACE::2026-01-26.17:21:41::SCWBDomain::om_interface.o xpfw_scheduler.o xpfw_start.o xpfw_user_startup.o xpfw_util.o xpfw_xpu.o -MMD -MP      -mlittle-endian -mxl-barr
TRACE::2026-01-26.17:21:41::SCWBDomain::el-shift -mxl-pattern-compare -mcpu=v9.2 -mxl-soft-mul -Os -flto -ffat-lto-objects    -Wl,--start-group,-lxil,-lgcc,-lc,--end-g
TRACE::2026-01-26.17:21:41::SCWBDomain::roup -Wl,--start-group,-lxilfpga,-lxil,-lgcc,-lc,--end-group -Wl,--start-group,-lxilsecure,-lxil,-lgcc,-lc,--end-group -Wl,--st
TRACE::2026-01-26.17:21:41::SCWBDomain::art-group,-lxilskey,-lxil,-lgcc,-lc,--end-group                                                                                
TRACE::2026-01-26.17:21:41::SCWBDomain::                            -nostartfiles -Wl,--no-relax -Wl,--gc-sections -Lzynqmp_pmufw_bsp/psu_pmu_0/lib -Tlscript.ld

LOG::2026-01-26.17:21:43::SCWSystem::Checking the domain standalone_psu_cortexa53_0
LOG::2026-01-26.17:21:43::SCWSystem::Not a boot domain 
LOG::2026-01-26.17:21:43::SCWSystem::Started Processing the domain standalone_psu_cortexa53_0
TRACE::2026-01-26.17:21:43::SCWDomain::Generating domain artifcats
TRACE::2026-01-26.17:21:43::SCWMssOS::Generating standalone artifcats
TRACE::2026-01-26.17:21:43::SCWMssOS::Copying the qemu file from  C:/TFG_Vivado/demo/course_s2_Vitis/01_ps_hello/vitis/design_1_wrapper/resources/design_1_wrapper/standalone_psu_cortexa53_0/qemu_args.txt To C:/TFG_Vivado/demo/course_s2_Vitis/01_ps_hello/vitis/design_1_wrapper/export/design_1_wrapper/sw/design_1_wrapper/qemu/
TRACE::2026-01-26.17:21:43::SCWMssOS::Copying the qemu file from  C:/TFG_Vivado/demo/course_s2_Vitis/01_ps_hello/vitis/design_1_wrapper/resources/design_1_wrapper/standalone_psu_cortexa53_0/qemu_args.txt To C:/TFG_Vivado/demo/course_s2_Vitis/01_ps_hello/vitis/design_1_wrapper/export/design_1_wrapper/sw/design_1_wrapper/qemu/
TRACE::2026-01-26.17:21:43::SCWMssOS::Copying the qemu file from  C:/TFG_Vivado/demo/course_s2_Vitis/01_ps_hello/vitis/design_1_wrapper/resources/design_1_wrapper/standalone_psu_cortexa53_0/qemu_args.txt To C:/TFG_Vivado/demo/course_s2_Vitis/01_ps_hello/vitis/design_1_wrapper/export/design_1_wrapper/sw/design_1_wrapper/standalone_psu_cortexa53_0/qemu/
TRACE::2026-01-26.17:21:43::SCWMssOS::Copying the qemu file from  C:/TFG_Vivado/demo/course_s2_Vitis/01_ps_hello/vitis/design_1_wrapper/resources/design_1_wrapper/standalone_psu_cortexa53_0/qemu_args.txt To C:/TFG_Vivado/demo/course_s2_Vitis/01_ps_hello/vitis/design_1_wrapper/export/design_1_wrapper/sw/design_1_wrapper/standalone_psu_cortexa53_0/qemu/
TRACE::2026-01-26.17:21:43::SCWMssOS:: Copying the user libraries. 
TRACE::2026-01-26.17:21:43::SCWPlatform::Trying to open the hw design at C:/TFG_Vivado/demo/course_s2_Vitis/01_ps_hello/vitis/design_1_wrapper/hw/design_1_wrapper.xsa
TRACE::2026-01-26.17:21:43::SCWPlatform::DSA given C:/TFG_Vivado/demo/course_s2_Vitis/01_ps_hello/vitis/design_1_wrapper/hw/design_1_wrapper.xsa
TRACE::2026-01-26.17:21:43::SCWPlatform::DSA absoulate path C:/TFG_Vivado/demo/course_s2_Vitis/01_ps_hello/vitis/design_1_wrapper/hw/design_1_wrapper.xsa
TRACE::2026-01-26.17:21:43::SCWPlatform::DSA directory C:/TFG_Vivado/demo/course_s2_Vitis/01_ps_hello/vitis/design_1_wrapper/hw
TRACE::2026-01-26.17:21:43::SCWPlatform:: Platform Path C:/TFG_Vivado/demo/course_s2_Vitis/01_ps_hello/vitis/design_1_wrapper/hw/design_1_wrapper.xsa
TRACE::2026-01-26.17:21:43::SCWPlatform:: Unique name xilinx:::0.0
TRACE::2026-01-26.17:21:43::SCWPlatform::Trying to set the existing hwdb with name design_1_wrapper_0
TRACE::2026-01-26.17:21:43::SCWPlatform::Opened existing hwdb design_1_wrapper_0
TRACE::2026-01-26.17:21:43::SCWPlatform::Found the Hw Db part of the input DSA
TRACE::2026-01-26.17:21:43::SCWMssOS::Checking the sw design at  C:/TFG_Vivado/demo/course_s2_Vitis/01_ps_hello/vitis/design_1_wrapper/psu_cortexa53_0/standalone_psu_cortexa53_0/bsp/system.mss
TRACE::2026-01-26.17:21:43::SCWMssOS::DEBUG:  swdes dump  C:/TFG_Vivado/demo/course_s2_Vitis/01_ps_hello/vitis/design_1_wrapper/psu_cortexa53_0/standalone_psu_cortexa53_0/bsp/system.mss|system_1||
C:/TFG_Vivado/demo/course_s2_Vitis/01_ps_hello/vitis/design_1_wrapper/zynqmp_fsbl/zynqmp_fsbl_bsp/system.mss|system||
C:/TFG_Vivado/demo/course_s2_Vitis/01_ps_hello/vitis/design_1_wrapper/zynqmp_pmufw/zynqmp_pmufw_bsp/system.mss|system_0||

TRACE::2026-01-26.17:21:43::SCWMssOS::Sw design exists and opened at  C:/TFG_Vivado/demo/course_s2_Vitis/01_ps_hello/vitis/design_1_wrapper/psu_cortexa53_0/standalone_psu_cortexa53_0/bsp/system.mss
TRACE::2026-01-26.17:21:43::SCWMssOS::Completed writing the mss file at C:/TFG_Vivado/demo/course_s2_Vitis/01_ps_hello/vitis/design_1_wrapper/psu_cortexa53_0/standalone_psu_cortexa53_0/bsp
TRACE::2026-01-26.17:21:43::SCWMssOS::Mss edits present, copying mssfile into export location C:/TFG_Vivado/demo/course_s2_Vitis/01_ps_hello/vitis/design_1_wrapper/psu_cortexa53_0/standalone_psu_cortexa53_0/bsp/system.mss
TRACE::2026-01-26.17:21:43::SCWMssOS::bsp generated is upto date with the mss file. Skipping bsp generation.
TRACE::2026-01-26.17:21:43::SCWMssOS::BSP is already built. skipping the bsp build ... 
TRACE::2026-01-26.17:21:43::SCWDomain::Building the domain as part of full build :  standalone_psu_cortexa53_0
TRACE::2026-01-26.17:21:43::SCWMssOS::doing bsp build ... 
TRACE::2026-01-26.17:21:43::SCWMssOS::System Command Ran  C: & cd  C:/TFG_Vivado/demo/course_s2_Vitis/01_ps_hello/vitis/design_1_wrapper/psu_cortexa53_0/standalone_psu_cortexa53_0/bsp & make 
TRACE::2026-01-26.17:21:43::SCWMssOS::make --no-print-directory seq_libs

TRACE::2026-01-26.17:21:43::SCWMssOS::"Running Make include in psu_cortexa53_0/libsrc/avbuf_v2_5/src"

TRACE::2026-01-26.17:21:43::SCWMssOS::make -C psu_cortexa53_0/libsrc/avbuf_v2_5/src -s include  "SHELL=CMD" "COMPILER=aarch64-none-elf-gcc" "ASSEMBLER=aarch64-none-e
TRACE::2026-01-26.17:21:43::SCWMssOS::lf-as" "ARCHIVER=aarch64-none-elf-ar" "COMPILER_FLAGS=  -O2 -c" "EXTRA_COMPILER_FLAGS=-g -Wall -Wextra -fno-tree-loop-distribut
TRACE::2026-01-26.17:21:43::SCWMssOS::e-patterns"

TRACE::2026-01-26.17:21:43::SCWMssOS::"Running Make include in psu_cortexa53_0/libsrc/axipmon_v6_9/src"

TRACE::2026-01-26.17:21:43::SCWMssOS::make -C psu_cortexa53_0/libsrc/axipmon_v6_9/src -s include  "SHELL=CMD" "COMPILER=aarch64-none-elf-gcc" "ASSEMBLER=aarch64-none
TRACE::2026-01-26.17:21:43::SCWMssOS::-elf-as" "ARCHIVER=aarch64-none-elf-ar" "COMPILER_FLAGS=  -O2 -c" "EXTRA_COMPILER_FLAGS=-g -Wall -Wextra -fno-tree-loop-distrib
TRACE::2026-01-26.17:21:43::SCWMssOS::ute-patterns"

TRACE::2026-01-26.17:21:43::SCWMssOS::"Running Make include in psu_cortexa53_0/libsrc/clockps_v1_4/src"

TRACE::2026-01-26.17:21:43::SCWMssOS::make -C psu_cortexa53_0/libsrc/clockps_v1_4/src -s include  "SHELL=CMD" "COMPILER=aarch64-none-elf-gcc" "ASSEMBLER=aarch64-none
TRACE::2026-01-26.17:21:43::SCWMssOS::-elf-as" "ARCHIVER=aarch64-none-elf-ar" "COMPILER_FLAGS=  -O2 -c" "EXTRA_COMPILER_FLAGS=-g -Wall -Wextra -fno-tree-loop-distrib
TRACE::2026-01-26.17:21:43::SCWMssOS::ute-patterns"

TRACE::2026-01-26.17:21:43::SCWMssOS::"Running Make include in psu_cortexa53_0/libsrc/coresightps_dcc_v1_8/src"

TRACE::2026-01-26.17:21:43::SCWMssOS::make -C psu_cortexa53_0/libsrc/coresightps_dcc_v1_8/src -s include  "SHELL=CMD" "COMPILER=aarch64-none-elf-gcc" "ASSEMBLER=aarc
TRACE::2026-01-26.17:21:43::SCWMssOS::h64-none-elf-as" "ARCHIVER=aarch64-none-elf-ar" "COMPILER_FLAGS=  -O2 -c" "EXTRA_COMPILER_FLAGS=-g -Wall -Wextra -fno-tree-loop
TRACE::2026-01-26.17:21:43::SCWMssOS::-distribute-patterns"

TRACE::2026-01-26.17:21:43::SCWMssOS::"Running Make include in psu_cortexa53_0/libsrc/cpu_cortexa53_v2_0/src"

TRACE::2026-01-26.17:21:43::SCWMssOS::make -C psu_cortexa53_0/libsrc/cpu_cortexa53_v2_0/src -s include  "SHELL=CMD" "COMPILER=aarch64-none-elf-gcc" "ASSEMBLER=aarch6
TRACE::2026-01-26.17:21:43::SCWMssOS::4-none-elf-as" "ARCHIVER=aarch64-none-elf-ar" "COMPILER_FLAGS=  -O2 -c" "EXTRA_COMPILER_FLAGS=-g -Wall -Wextra -fno-tree-loop-d
TRACE::2026-01-26.17:21:43::SCWMssOS::istribute-patterns"

TRACE::2026-01-26.17:21:43::SCWMssOS::"Running Make include in psu_cortexa53_0/libsrc/csudma_v1_13/src"

TRACE::2026-01-26.17:21:43::SCWMssOS::make -C psu_cortexa53_0/libsrc/csudma_v1_13/src -s include  "SHELL=CMD" "COMPILER=aarch64-none-elf-gcc" "ASSEMBLER=aarch64-none
TRACE::2026-01-26.17:21:43::SCWMssOS::-elf-as" "ARCHIVER=aarch64-none-elf-ar" "COMPILER_FLAGS=  -O2 -c" "EXTRA_COMPILER_FLAGS=-g -Wall -Wextra -fno-tree-loop-distrib
TRACE::2026-01-26.17:21:43::SCWMssOS::ute-patterns"

TRACE::2026-01-26.17:21:43::SCWMssOS::"Running Make include in psu_cortexa53_0/libsrc/ddrcpsu_v1_4/src"

TRACE::2026-01-26.17:21:43::SCWMssOS::make -C psu_cortexa53_0/libsrc/ddrcpsu_v1_4/src -s include  "SHELL=CMD" "COMPILER=aarch64-none-elf-gcc" "ASSEMBLER=aarch64-none
TRACE::2026-01-26.17:21:43::SCWMssOS::-elf-as" "ARCHIVER=aarch64-none-elf-ar" "COMPILER_FLAGS=  -O2 -c" "EXTRA_COMPILER_FLAGS=-g -Wall -Wextra -fno-tree-loop-distrib
TRACE::2026-01-26.17:21:43::SCWMssOS::ute-patterns"

TRACE::2026-01-26.17:21:43::SCWMssOS::"Running Make include in psu_cortexa53_0/libsrc/dpdma_v1_4/src"

TRACE::2026-01-26.17:21:43::SCWMssOS::make -C psu_cortexa53_0/libsrc/dpdma_v1_4/src -s include  "SHELL=CMD" "COMPILER=aarch64-none-elf-gcc" "ASSEMBLER=aarch64-none-e
TRACE::2026-01-26.17:21:43::SCWMssOS::lf-as" "ARCHIVER=aarch64-none-elf-ar" "COMPILER_FLAGS=  -O2 -c" "EXTRA_COMPILER_FLAGS=-g -Wall -Wextra -fno-tree-loop-distribut
TRACE::2026-01-26.17:21:43::SCWMssOS::e-patterns"

TRACE::2026-01-26.17:21:43::SCWMssOS::"Running Make include in psu_cortexa53_0/libsrc/dppsu_v1_6/src"

TRACE::2026-01-26.17:21:43::SCWMssOS::make -C psu_cortexa53_0/libsrc/dppsu_v1_6/src -s include  "SHELL=CMD" "COMPILER=aarch64-none-elf-gcc" "ASSEMBLER=aarch64-none-e
TRACE::2026-01-26.17:21:43::SCWMssOS::lf-as" "ARCHIVER=aarch64-none-elf-ar" "COMPILER_FLAGS=  -O2 -c" "EXTRA_COMPILER_FLAGS=-g -Wall -Wextra -fno-tree-loop-distribut
TRACE::2026-01-26.17:21:43::SCWMssOS::e-patterns"

TRACE::2026-01-26.17:21:43::SCWMssOS::"Running Make include in psu_cortexa53_0/libsrc/emacps_v3_18/src"

TRACE::2026-01-26.17:21:43::SCWMssOS::make -C psu_cortexa53_0/libsrc/emacps_v3_18/src -s include  "SHELL=CMD" "COMPILER=aarch64-none-elf-gcc" "ASSEMBLER=aarch64-none
TRACE::2026-01-26.17:21:43::SCWMssOS::-elf-as" "ARCHIVER=aarch64-none-elf-ar" "COMPILER_FLAGS=  -O2 -c" "EXTRA_COMPILER_FLAGS=-g -Wall -Wextra -fno-tree-loop-distrib
TRACE::2026-01-26.17:21:43::SCWMssOS::ute-patterns"

TRACE::2026-01-26.17:21:43::SCWMssOS::"Running Make include in psu_cortexa53_0/libsrc/gpiops_v3_11/src"

TRACE::2026-01-26.17:21:43::SCWMssOS::make -C psu_cortexa53_0/libsrc/gpiops_v3_11/src -s include  "SHELL=CMD" "COMPILER=aarch64-none-elf-gcc" "ASSEMBLER=aarch64-none
TRACE::2026-01-26.17:21:43::SCWMssOS::-elf-as" "ARCHIVER=aarch64-none-elf-ar" "COMPILER_FLAGS=  -O2 -c" "EXTRA_COMPILER_FLAGS=-g -Wall -Wextra -fno-tree-loop-distrib
TRACE::2026-01-26.17:21:43::SCWMssOS::ute-patterns"

TRACE::2026-01-26.17:21:44::SCWMssOS::"Running Make include in psu_cortexa53_0/libsrc/iicps_v3_17/src"

TRACE::2026-01-26.17:21:44::SCWMssOS::make -C psu_cortexa53_0/libsrc/iicps_v3_17/src -s include  "SHELL=CMD" "COMPILER=aarch64-none-elf-gcc" "ASSEMBLER=aarch64-none-
TRACE::2026-01-26.17:21:44::SCWMssOS::elf-as" "ARCHIVER=aarch64-none-elf-ar" "COMPILER_FLAGS=  -O2 -c" "EXTRA_COMPILER_FLAGS=-g -Wall -Wextra -fno-tree-loop-distribu
TRACE::2026-01-26.17:21:44::SCWMssOS::te-patterns"

TRACE::2026-01-26.17:21:44::SCWMssOS::"Running Make include in psu_cortexa53_0/libsrc/ipipsu_v2_13/src"

TRACE::2026-01-26.17:21:44::SCWMssOS::make -C psu_cortexa53_0/libsrc/ipipsu_v2_13/src -s include  "SHELL=CMD" "COMPILER=aarch64-none-elf-gcc" "ASSEMBLER=aarch64-none
TRACE::2026-01-26.17:21:44::SCWMssOS::-elf-as" "ARCHIVER=aarch64-none-elf-ar" "COMPILER_FLAGS=  -O2 -c" "EXTRA_COMPILER_FLAGS=-g -Wall -Wextra -fno-tree-loop-distrib
TRACE::2026-01-26.17:21:44::SCWMssOS::ute-patterns"

TRACE::2026-01-26.17:21:44::SCWMssOS::"Running Make include in psu_cortexa53_0/libsrc/pciepsu_v1_5/src"

TRACE::2026-01-26.17:21:44::SCWMssOS::make -C psu_cortexa53_0/libsrc/pciepsu_v1_5/src -s include  "SHELL=CMD" "COMPILER=aarch64-none-elf-gcc" "ASSEMBLER=aarch64-none
TRACE::2026-01-26.17:21:44::SCWMssOS::-elf-as" "ARCHIVER=aarch64-none-elf-ar" "COMPILER_FLAGS=  -O2 -c" "EXTRA_COMPILER_FLAGS=-g -Wall -Wextra -fno-tree-loop-distrib
TRACE::2026-01-26.17:21:44::SCWMssOS::ute-patterns"

TRACE::2026-01-26.17:21:44::SCWMssOS::"Running Make include in psu_cortexa53_0/libsrc/qspipsu_v1_17/src"

TRACE::2026-01-26.17:21:44::SCWMssOS::make -C psu_cortexa53_0/libsrc/qspipsu_v1_17/src -s include  "SHELL=CMD" "COMPILER=aarch64-none-elf-gcc" "ASSEMBLER=aarch64-non
TRACE::2026-01-26.17:21:44::SCWMssOS::e-elf-as" "ARCHIVER=aarch64-none-elf-ar" "COMPILER_FLAGS=  -O2 -c" "EXTRA_COMPILER_FLAGS=-g -Wall -Wextra -fno-tree-loop-distri
TRACE::2026-01-26.17:21:44::SCWMssOS::bute-patterns"

TRACE::2026-01-26.17:21:44::SCWMssOS::"Running Make include in psu_cortexa53_0/libsrc/resetps_v1_5/src"

TRACE::2026-01-26.17:21:44::SCWMssOS::make -C psu_cortexa53_0/libsrc/resetps_v1_5/src -s include  "SHELL=CMD" "COMPILER=aarch64-none-elf-gcc" "ASSEMBLER=aarch64-none
TRACE::2026-01-26.17:21:44::SCWMssOS::-elf-as" "ARCHIVER=aarch64-none-elf-ar" "COMPILER_FLAGS=  -O2 -c" "EXTRA_COMPILER_FLAGS=-g -Wall -Wextra -fno-tree-loop-distrib
TRACE::2026-01-26.17:21:44::SCWMssOS::ute-patterns"

TRACE::2026-01-26.17:21:44::SCWMssOS::"Running Make include in psu_cortexa53_0/libsrc/rtcpsu_v1_12/src"

TRACE::2026-01-26.17:21:44::SCWMssOS::make -C psu_cortexa53_0/libsrc/rtcpsu_v1_12/src -s include  "SHELL=CMD" "COMPILER=aarch64-none-elf-gcc" "ASSEMBLER=aarch64-none
TRACE::2026-01-26.17:21:44::SCWMssOS::-elf-as" "ARCHIVER=aarch64-none-elf-ar" "COMPILER_FLAGS=  -O2 -c" "EXTRA_COMPILER_FLAGS=-g -Wall -Wextra -fno-tree-loop-distrib
TRACE::2026-01-26.17:21:44::SCWMssOS::ute-patterns"

TRACE::2026-01-26.17:21:44::SCWMssOS::"Running Make include in psu_cortexa53_0/libsrc/scugic_v5_1/src"

TRACE::2026-01-26.17:21:44::SCWMssOS::make -C psu_cortexa53_0/libsrc/scugic_v5_1/src -s include  "SHELL=CMD" "COMPILER=aarch64-none-elf-gcc" "ASSEMBLER=aarch64-none-
TRACE::2026-01-26.17:21:44::SCWMssOS::elf-as" "ARCHIVER=aarch64-none-elf-ar" "COMPILER_FLAGS=  -O2 -c" "EXTRA_COMPILER_FLAGS=-g -Wall -Wextra -fno-tree-loop-distribu
TRACE::2026-01-26.17:21:44::SCWMssOS::te-patterns"

TRACE::2026-01-26.17:21:44::SCWMssOS::"Running Make include in psu_cortexa53_0/libsrc/sdps_v4_1/src"

TRACE::2026-01-26.17:21:44::SCWMssOS::make -C psu_cortexa53_0/libsrc/sdps_v4_1/src -s include  "SHELL=CMD" "COMPILER=aarch64-none-elf-gcc" "ASSEMBLER=aarch64-none-el
TRACE::2026-01-26.17:21:44::SCWMssOS::f-as" "ARCHIVER=aarch64-none-elf-ar" "COMPILER_FLAGS=  -O2 -c" "EXTRA_COMPILER_FLAGS=-g -Wall -Wextra -fno-tree-loop-distribute
TRACE::2026-01-26.17:21:44::SCWMssOS::-patterns"

TRACE::2026-01-26.17:21:44::SCWMssOS::"Running Make include in psu_cortexa53_0/libsrc/standalone_v8_1/src"

TRACE::2026-01-26.17:21:44::SCWMssOS::make -C psu_cortexa53_0/libsrc/standalone_v8_1/src -s include  "SHELL=CMD" "COMPILER=aarch64-none-elf-gcc" "ASSEMBLER=aarch64-n
TRACE::2026-01-26.17:21:44::SCWMssOS::one-elf-as" "ARCHIVER=aarch64-none-elf-ar" "COMPILER_FLAGS=  -O2 -c" "EXTRA_COMPILER_FLAGS=-g -Wall -Wextra -fno-tree-loop-dist
TRACE::2026-01-26.17:21:44::SCWMssOS::ribute-patterns"

TRACE::2026-01-26.17:21:45::SCWMssOS::"Running Make include in psu_cortexa53_0/libsrc/sysmonpsu_v2_8/src"

TRACE::2026-01-26.17:21:45::SCWMssOS::make -C psu_cortexa53_0/libsrc/sysmonpsu_v2_8/src -s include  "SHELL=CMD" "COMPILER=aarch64-none-elf-gcc" "ASSEMBLER=aarch64-no
TRACE::2026-01-26.17:21:45::SCWMssOS::ne-elf-as" "ARCHIVER=aarch64-none-elf-ar" "COMPILER_FLAGS=  -O2 -c" "EXTRA_COMPILER_FLAGS=-g -Wall -Wextra -fno-tree-loop-distr
TRACE::2026-01-26.17:21:45::SCWMssOS::ibute-patterns"

TRACE::2026-01-26.17:21:45::SCWMssOS::"Running Make include in psu_cortexa53_0/libsrc/ttcps_v3_17/src"

TRACE::2026-01-26.17:21:45::SCWMssOS::make -C psu_cortexa53_0/libsrc/ttcps_v3_17/src -s include  "SHELL=CMD" "COMPILER=aarch64-none-elf-gcc" "ASSEMBLER=aarch64-none-
TRACE::2026-01-26.17:21:45::SCWMssOS::elf-as" "ARCHIVER=aarch64-none-elf-ar" "COMPILER_FLAGS=  -O2 -c" "EXTRA_COMPILER_FLAGS=-g -Wall -Wextra -fno-tree-loop-distribu
TRACE::2026-01-26.17:21:45::SCWMssOS::te-patterns"

TRACE::2026-01-26.17:21:46::SCWMssOS::"Running Make include in psu_cortexa53_0/libsrc/uartps_v3_12/src"

TRACE::2026-01-26.17:21:46::SCWMssOS::make -C psu_cortexa53_0/libsrc/uartps_v3_12/src -s include  "SHELL=CMD" "COMPILER=aarch64-none-elf-gcc" "ASSEMBLER=aarch64-none
TRACE::2026-01-26.17:21:46::SCWMssOS::-elf-as" "ARCHIVER=aarch64-none-elf-ar" "COMPILER_FLAGS=  -O2 -c" "EXTRA_COMPILER_FLAGS=-g -Wall -Wextra -fno-tree-loop-distrib
TRACE::2026-01-26.17:21:46::SCWMssOS::ute-patterns"

TRACE::2026-01-26.17:21:46::SCWMssOS::"Running Make include in psu_cortexa53_0/libsrc/usbpsu_v1_13/src"

TRACE::2026-01-26.17:21:46::SCWMssOS::make -C psu_cortexa53_0/libsrc/usbpsu_v1_13/src -s include  "SHELL=CMD" "COMPILER=aarch64-none-elf-gcc" "ASSEMBLER=aarch64-none
TRACE::2026-01-26.17:21:46::SCWMssOS::-elf-as" "ARCHIVER=aarch64-none-elf-ar" "COMPILER_FLAGS=  -O2 -c" "EXTRA_COMPILER_FLAGS=-g -Wall -Wextra -fno-tree-loop-distrib
TRACE::2026-01-26.17:21:46::SCWMssOS::ute-patterns"

TRACE::2026-01-26.17:21:46::SCWMssOS::"Running Make include in psu_cortexa53_0/libsrc/video_common_v4_13/src"

TRACE::2026-01-26.17:21:46::SCWMssOS::make -C psu_cortexa53_0/libsrc/video_common_v4_13/src -s include  "SHELL=CMD" "COMPILER=aarch64-none-elf-gcc" "ASSEMBLER=aarch6
TRACE::2026-01-26.17:21:46::SCWMssOS::4-none-elf-as" "ARCHIVER=aarch64-none-elf-ar" "COMPILER_FLAGS=  -O2 -c" "EXTRA_COMPILER_FLAGS=-g -Wall -Wextra -fno-tree-loop-d
TRACE::2026-01-26.17:21:46::SCWMssOS::istribute-patterns"

TRACE::2026-01-26.17:21:46::SCWMssOS::"Running Make include in psu_cortexa53_0/libsrc/zdma_v1_16/src"

TRACE::2026-01-26.17:21:46::SCWMssOS::make -C psu_cortexa53_0/libsrc/zdma_v1_16/src -s include  "SHELL=CMD" "COMPILER=aarch64-none-elf-gcc" "ASSEMBLER=aarch64-none-e
TRACE::2026-01-26.17:21:46::SCWMssOS::lf-as" "ARCHIVER=aarch64-none-elf-ar" "COMPILER_FLAGS=  -O2 -c" "EXTRA_COMPILER_FLAGS=-g -Wall -Wextra -fno-tree-loop-distribut
TRACE::2026-01-26.17:21:46::SCWMssOS::e-patterns"

TRACE::2026-01-26.17:21:46::SCWMssOS::"Running Make libs in psu_cortexa53_0/libsrc/avbuf_v2_5/src"

TRACE::2026-01-26.17:21:46::SCWMssOS::make -C psu_cortexa53_0/libsrc/avbuf_v2_5/src -s libs  "SHELL=CMD" "COMPILER=aarch64-none-elf-gcc" "ASSEMBLER=aarch64-none-elf-
TRACE::2026-01-26.17:21:46::SCWMssOS::as" "ARCHIVER=aarch64-none-elf-ar" "COMPILER_FLAGS=  -O2 -c" "EXTRA_COMPILER_FLAGS=-g -Wall -Wextra -fno-tree-loop-distribute-p
TRACE::2026-01-26.17:21:46::SCWMssOS::atterns"

TRACE::2026-01-26.17:21:46::SCWMssOS::"Compiling avbuf"

TRACE::2026-01-26.17:21:46::SCWMssOS::"Running Make libs in psu_cortexa53_0/libsrc/dpdma_v1_4/src"

TRACE::2026-01-26.17:21:46::SCWMssOS::make -C psu_cortexa53_0/libsrc/dpdma_v1_4/src -s libs  "SHELL=CMD" "COMPILER=aarch64-none-elf-gcc" "ASSEMBLER=aarch64-none-elf-
TRACE::2026-01-26.17:21:46::SCWMssOS::as" "ARCHIVER=aarch64-none-elf-ar" "COMPILER_FLAGS=  -O2 -c" "EXTRA_COMPILER_FLAGS=-g -Wall -Wextra -fno-tree-loop-distribute-p
TRACE::2026-01-26.17:21:46::SCWMssOS::atterns"

TRACE::2026-01-26.17:21:47::SCWMssOS::"Compiling dpdma"

TRACE::2026-01-26.17:21:47::SCWMssOS::"Running Make libs in psu_cortexa53_0/libsrc/dppsu_v1_6/src"

TRACE::2026-01-26.17:21:47::SCWMssOS::make -C psu_cortexa53_0/libsrc/dppsu_v1_6/src -s libs  "SHELL=CMD" "COMPILER=aarch64-none-elf-gcc" "ASSEMBLER=aarch64-none-elf-
TRACE::2026-01-26.17:21:47::SCWMssOS::as" "ARCHIVER=aarch64-none-elf-ar" "COMPILER_FLAGS=  -O2 -c" "EXTRA_COMPILER_FLAGS=-g -Wall -Wextra -fno-tree-loop-distribute-p
TRACE::2026-01-26.17:21:47::SCWMssOS::atterns"

TRACE::2026-01-26.17:21:47::SCWMssOS::"Compiling dppsu"

TRACE::2026-01-26.17:21:48::SCWMssOS::'Finished building libraries sequentially.'

TRACE::2026-01-26.17:21:48::SCWMssOS::make -j 10 --no-print-directory par_libs

TRACE::2026-01-26.17:21:48::SCWMssOS::"Running Make include in psu_cortexa53_0/libsrc/avbuf_v2_5/src"

TRACE::2026-01-26.17:21:48::SCWMssOS::"Running Make include in psu_cortexa53_0/libsrc/axipmon_v6_9/src"

TRACE::2026-01-26.17:21:48::SCWMssOS::make -C psu_cortexa53_0/libsrc/avbuf_v2_5/src -s include  "SHELL=CMD" "COMPILER=aarch64-none-elf-gcc" "ASSEMBLER=aarch64-none-e
TRACE::2026-01-26.17:21:48::SCWMssOS::lf-as" "ARCHIVER=aarch64-none-elf-ar" "COMPILER_FLAGS=  -O2 -c" "EXTRA_COMPILER_FLAGS=-g -Wall -Wextra -fno-tree-loop-distribut
TRACE::2026-01-26.17:21:48::SCWMssOS::e-patterns"

TRACE::2026-01-26.17:21:48::SCWMssOS::make -C psu_cortexa53_0/libsrc/axipmon_v6_9/src -s include  "SHELL=CMD" "COMPILER=aarch64-none-elf-gcc" "ASSEMBLER=aarch64-none
TRACE::2026-01-26.17:21:48::SCWMssOS::-elf-as" "ARCHIVER=aarch64-none-elf-ar" "COMPILER_FLAGS=  -O2 -c" "EXTRA_COMPILER_FLAGS=-g -Wall -Wextra -fno-tree-loop-distrib
TRACE::2026-01-26.17:21:48::SCWMssOS::ute-patterns"

TRACE::2026-01-26.17:21:48::SCWMssOS::"Running Make include in psu_cortexa53_0/libsrc/clockps_v1_4/src"

TRACE::2026-01-26.17:21:48::SCWMssOS::make -C psu_cortexa53_0/libsrc/clockps_v1_4/src -s include  "SHELL=CMD" "COMPILER=aarch64-none-elf-gcc" "ASSEMBLER=aarch64-none
TRACE::2026-01-26.17:21:48::SCWMssOS::-elf-as" "ARCHIVER=aarch64-none-elf-ar" "COMPILER_FLAGS=  -O2 -c" "EXTRA_COMPILER_FLAGS=-g -Wall -Wextra -fno-tree-loop-distrib
TRACE::2026-01-26.17:21:48::SCWMssOS::ute-patterns"

TRACE::2026-01-26.17:21:48::SCWMssOS::"Running Make include in psu_cortexa53_0/libsrc/coresightps_dcc_v1_8/src"

TRACE::2026-01-26.17:21:48::SCWMssOS::make -C psu_cortexa53_0/libsrc/coresightps_dcc_v1_8/src -s include  "SHELL=CMD" "COMPILER=aarch64-none-elf-gcc" "ASSEMBLER=aarc
TRACE::2026-01-26.17:21:48::SCWMssOS::h64-none-elf-as" "ARCHIVER=aarch64-none-elf-ar" "COMPILER_FLAGS=  -O2 -c" "EXTRA_COMPILER_FLAGS=-g -Wall -Wextra -fno-tree-loop
TRACE::2026-01-26.17:21:48::SCWMssOS::-distribute-patterns"

TRACE::2026-01-26.17:21:48::SCWMssOS::"Running Make include in psu_cortexa53_0/libsrc/cpu_cortexa53_v2_0/src"

TRACE::2026-01-26.17:21:48::SCWMssOS::make -C psu_cortexa53_0/libsrc/cpu_cortexa53_v2_0/src -s include  "SHELL=CMD" "COMPILER=aarch64-none-elf-gcc" "ASSEMBLER=aarch6
TRACE::2026-01-26.17:21:48::SCWMssOS::4-none-elf-as" "ARCHIVER=aarch64-none-elf-ar" "COMPILER_FLAGS=  -O2 -c" "EXTRA_COMPILER_FLAGS=-g -Wall -Wextra -fno-tree-loop-d
TRACE::2026-01-26.17:21:48::SCWMssOS::istribute-patterns"

TRACE::2026-01-26.17:21:48::SCWMssOS::"Running Make include in psu_cortexa53_0/libsrc/csudma_v1_13/src"

TRACE::2026-01-26.17:21:48::SCWMssOS::make -C psu_cortexa53_0/libsrc/csudma_v1_13/src -s include  "SHELL=CMD" "COMPILER=aarch64-none-elf-gcc" "ASSEMBLER=aarch64-none
TRACE::2026-01-26.17:21:48::SCWMssOS::-elf-as" "ARCHIVER=aarch64-none-elf-ar" "COMPILER_FLAGS=  -O2 -c" "EXTRA_COMPILER_FLAGS=-g -Wall -Wextra -fno-tree-loop-distrib
TRACE::2026-01-26.17:21:48::SCWMssOS::ute-patterns"

TRACE::2026-01-26.17:21:48::SCWMssOS::"Running Make include in psu_cortexa53_0/libsrc/ddrcpsu_v1_4/src"

TRACE::2026-01-26.17:21:48::SCWMssOS::make -C psu_cortexa53_0/libsrc/ddrcpsu_v1_4/src -s include  "SHELL=CMD" "COMPILER=aarch64-none-elf-gcc" "ASSEMBLER=aarch64-none
TRACE::2026-01-26.17:21:48::SCWMssOS::-elf-as" "ARCHIVER=aarch64-none-elf-ar" "COMPILER_FLAGS=  -O2 -c" "EXTRA_COMPILER_FLAGS=-g -Wall -Wextra -fno-tree-loop-distrib
TRACE::2026-01-26.17:21:48::SCWMssOS::ute-patterns"

TRACE::2026-01-26.17:21:48::SCWMssOS::"Running Make include in psu_cortexa53_0/libsrc/dpdma_v1_4/src"

TRACE::2026-01-26.17:21:48::SCWMssOS::make -C psu_cortexa53_0/libsrc/dpdma_v1_4/src -s include  "SHELL=CMD" "COMPILER=aarch64-none-elf-gcc" "ASSEMBLER=aarch64-none-e
TRACE::2026-01-26.17:21:48::SCWMssOS::lf-as" "ARCHIVER=aarch64-none-elf-ar" "COMPILER_FLAGS=  -O2 -c" "EXTRA_COMPILER_FLAGS=-g -Wall -Wextra -fno-tree-loop-distribut
TRACE::2026-01-26.17:21:48::SCWMssOS::e-patterns"

TRACE::2026-01-26.17:21:48::SCWMssOS::"Running Make include in psu_cortexa53_0/libsrc/dppsu_v1_6/src"

TRACE::2026-01-26.17:21:48::SCWMssOS::make -C psu_cortexa53_0/libsrc/dppsu_v1_6/src -s include  "SHELL=CMD" "COMPILER=aarch64-none-elf-gcc" "ASSEMBLER=aarch64-none-e
TRACE::2026-01-26.17:21:48::SCWMssOS::lf-as" "ARCHIVER=aarch64-none-elf-ar" "COMPILER_FLAGS=  -O2 -c" "EXTRA_COMPILER_FLAGS=-g -Wall -Wextra -fno-tree-loop-distribut
TRACE::2026-01-26.17:21:48::SCWMssOS::e-patterns"

TRACE::2026-01-26.17:21:48::SCWMssOS::"Running Make include in psu_cortexa53_0/libsrc/emacps_v3_18/src"

TRACE::2026-01-26.17:21:48::SCWMssOS::"Running Make include in psu_cortexa53_0/libsrc/gpiops_v3_11/src"

TRACE::2026-01-26.17:21:48::SCWMssOS::make -C psu_cortexa53_0/libsrc/emacps_v3_18/src -s include  "SHELL=CMD" "COMPILER=aarch64-none-elf-gcc" "ASSEMBLER=aarch64-none
TRACE::2026-01-26.17:21:48::SCWMssOS::-elf-as" "ARCHIVER=aarch64-none-elf-ar" "COMPILER_FLAGS=  -O2 -c" "EXTRA_COMPILER_FLAGS=-g -Wall -Wextra -fno-tree-loop-distrib
TRACE::2026-01-26.17:21:48::SCWMssOS::ute-patterns"

TRACE::2026-01-26.17:21:48::SCWMssOS::make -C psu_cortexa53_0/libsrc/gpiops_v3_11/src -s include  "SHELL=CMD" "COMPILER=aarch64-none-elf-gcc" "ASSEMBLER=aarch64-none
TRACE::2026-01-26.17:21:48::SCWMssOS::-elf-as" "ARCHIVER=aarch64-none-elf-ar" "COMPILER_FLAGS=  -O2 -c" "EXTRA_COMPILER_FLAGS=-g -Wall -Wextra -fno-tree-loop-distrib
TRACE::2026-01-26.17:21:48::SCWMssOS::ute-patterns"

TRACE::2026-01-26.17:21:48::SCWMssOS::"Running Make include in psu_cortexa53_0/libsrc/iicps_v3_17/src"

TRACE::2026-01-26.17:21:48::SCWMssOS::make -C psu_cortexa53_0/libsrc/iicps_v3_17/src -s include  "SHELL=CMD" "COMPILER=aarch64-none-elf-gcc" "ASSEMBLER=aarch64-none-
TRACE::2026-01-26.17:21:48::SCWMssOS::elf-as" "ARCHIVER=aarch64-none-elf-ar" "COMPILER_FLAGS=  -O2 -c" "EXTRA_COMPILER_FLAGS=-g -Wall -Wextra -fno-tree-loop-distribu
TRACE::2026-01-26.17:21:48::SCWMssOS::te-patterns"

TRACE::2026-01-26.17:21:48::SCWMssOS::"Running Make include in psu_cortexa53_0/libsrc/ipipsu_v2_13/src"

TRACE::2026-01-26.17:21:48::SCWMssOS::make -C psu_cortexa53_0/libsrc/ipipsu_v2_13/src -s include  "SHELL=CMD" "COMPILER=aarch64-none-elf-gcc" "ASSEMBLER=aarch64-none
TRACE::2026-01-26.17:21:48::SCWMssOS::-elf-as" "ARCHIVER=aarch64-none-elf-ar" "COMPILER_FLAGS=  -O2 -c" "EXTRA_COMPILER_FLAGS=-g -Wall -Wextra -fno-tree-loop-distrib
TRACE::2026-01-26.17:21:48::SCWMssOS::ute-patterns"

TRACE::2026-01-26.17:21:48::SCWMssOS::"Running Make include in psu_cortexa53_0/libsrc/pciepsu_v1_5/src"

TRACE::2026-01-26.17:21:49::SCWMssOS::"Running Make include in psu_cortexa53_0/libsrc/qspipsu_v1_17/src"

TRACE::2026-01-26.17:21:49::SCWMssOS::make -C psu_cortexa53_0/libsrc/pciepsu_v1_5/src -s include  "SHELL=CMD" "COMPILER=aarch64-none-elf-gcc" "ASSEMBLER=aarch64-none
TRACE::2026-01-26.17:21:49::SCWMssOS::-elf-as" "ARCHIVER=aarch64-none-elf-ar" "COMPILER_FLAGS=  -O2 -c" "EXTRA_COMPILER_FLAGS=-g -Wall -Wextra -fno-tree-loop-distrib
TRACE::2026-01-26.17:21:49::SCWMssOS::ute-patterns"

TRACE::2026-01-26.17:21:49::SCWMssOS::make -C psu_cortexa53_0/libsrc/qspipsu_v1_17/src -s include  "SHELL=CMD" "COMPILER=aarch64-none-elf-gcc" "ASSEMBLER=aarch64-non
TRACE::2026-01-26.17:21:49::SCWMssOS::e-elf-as" "ARCHIVER=aarch64-none-elf-ar" "COMPILER_FLAGS=  -O2 -c" "EXTRA_COMPILER_FLAGS=-g -Wall -Wextra -fno-tree-loop-distri
TRACE::2026-01-26.17:21:49::SCWMssOS::bute-patterns"

TRACE::2026-01-26.17:21:49::SCWMssOS::"Running Make include in psu_cortexa53_0/libsrc/resetps_v1_5/src"

TRACE::2026-01-26.17:21:49::SCWMssOS::make -C psu_cortexa53_0/libsrc/resetps_v1_5/src -s include  "SHELL=CMD" "COMPILER=aarch64-none-elf-gcc" "ASSEMBLER=aarch64-none
TRACE::2026-01-26.17:21:49::SCWMssOS::-elf-as" "ARCHIVER=aarch64-none-elf-ar" "COMPILER_FLAGS=  -O2 -c" "EXTRA_COMPILER_FLAGS=-g -Wall -Wextra -fno-tree-loop-distrib
TRACE::2026-01-26.17:21:49::SCWMssOS::ute-patterns"

TRACE::2026-01-26.17:21:49::SCWMssOS::"Running Make include in psu_cortexa53_0/libsrc/rtcpsu_v1_12/src"

TRACE::2026-01-26.17:21:49::SCWMssOS::make -C psu_cortexa53_0/libsrc/rtcpsu_v1_12/src -s include  "SHELL=CMD" "COMPILER=aarch64-none-elf-gcc" "ASSEMBLER=aarch64-none
TRACE::2026-01-26.17:21:49::SCWMssOS::-elf-as" "ARCHIVER=aarch64-none-elf-ar" "COMPILER_FLAGS=  -O2 -c" "EXTRA_COMPILER_FLAGS=-g -Wall -Wextra -fno-tree-loop-distrib
TRACE::2026-01-26.17:21:49::SCWMssOS::ute-patterns"

TRACE::2026-01-26.17:21:49::SCWMssOS::"Running Make include in psu_cortexa53_0/libsrc/scugic_v5_1/src"

TRACE::2026-01-26.17:21:49::SCWMssOS::make -C psu_cortexa53_0/libsrc/scugic_v5_1/src -s include  "SHELL=CMD" "COMPILER=aarch64-none-elf-gcc" "ASSEMBLER=aarch64-none-
TRACE::2026-01-26.17:21:49::SCWMssOS::elf-as" "ARCHIVER=aarch64-none-elf-ar" "COMPILER_FLAGS=  -O2 -c" "EXTRA_COMPILER_FLAGS=-g -Wall -Wextra -fno-tree-loop-distribu
TRACE::2026-01-26.17:21:49::SCWMssOS::te-patterns"

TRACE::2026-01-26.17:21:49::SCWMssOS::"Running Make include in psu_cortexa53_0/libsrc/sdps_v4_1/src"

TRACE::2026-01-26.17:21:49::SCWMssOS::make -C psu_cortexa53_0/libsrc/sdps_v4_1/src -s include  "SHELL=CMD" "COMPILER=aarch64-none-elf-gcc" "ASSEMBLER=aarch64-none-el
TRACE::2026-01-26.17:21:49::SCWMssOS::f-as" "ARCHIVER=aarch64-none-elf-ar" "COMPILER_FLAGS=  -O2 -c" "EXTRA_COMPILER_FLAGS=-g -Wall -Wextra -fno-tree-loop-distribute
TRACE::2026-01-26.17:21:49::SCWMssOS::-patterns"

TRACE::2026-01-26.17:21:49::SCWMssOS::"Running Make include in psu_cortexa53_0/libsrc/standalone_v8_1/src"

TRACE::2026-01-26.17:21:49::SCWMssOS::make -C psu_cortexa53_0/libsrc/standalone_v8_1/src -s include  "SHELL=CMD" "COMPILER=aarch64-none-elf-gcc" "ASSEMBLER=aarch64-n
TRACE::2026-01-26.17:21:49::SCWMssOS::one-elf-as" "ARCHIVER=aarch64-none-elf-ar" "COMPILER_FLAGS=  -O2 -c" "EXTRA_COMPILER_FLAGS=-g -Wall -Wextra -fno-tree-loop-dist
TRACE::2026-01-26.17:21:49::SCWMssOS::ribute-patterns"

TRACE::2026-01-26.17:21:49::SCWMssOS::"Running Make include in psu_cortexa53_0/libsrc/sysmonpsu_v2_8/src"

TRACE::2026-01-26.17:21:49::SCWMssOS::"Running Make include in psu_cortexa53_0/libsrc/ttcps_v3_17/src"

TRACE::2026-01-26.17:21:49::SCWMssOS::make -C psu_cortexa53_0/libsrc/sysmonpsu_v2_8/src -s include  "SHELL=CMD" "COMPILER=aarch64-none-elf-gcc" "ASSEMBLER=aarch64-no
TRACE::2026-01-26.17:21:49::SCWMssOS::ne-elf-as" "ARCHIVER=aarch64-none-elf-ar" "COMPILER_FLAGS=  -O2 -c" "EXTRA_COMPILER_FLAGS=-g -Wall -Wextra -fno-tree-loop-distr
TRACE::2026-01-26.17:21:49::SCWMssOS::ibute-patterns"

TRACE::2026-01-26.17:21:49::SCWMssOS::make -C psu_cortexa53_0/libsrc/ttcps_v3_17/src -s include  "SHELL=CMD" "COMPILER=aarch64-none-elf-gcc" "ASSEMBLER=aarch64-none-
TRACE::2026-01-26.17:21:49::SCWMssOS::elf-as" "ARCHIVER=aarch64-none-elf-ar" "COMPILER_FLAGS=  -O2 -c" "EXTRA_COMPILER_FLAGS=-g -Wall -Wextra -fno-tree-loop-distribu
TRACE::2026-01-26.17:21:49::SCWMssOS::te-patterns"

TRACE::2026-01-26.17:21:49::SCWMssOS::"Running Make include in psu_cortexa53_0/libsrc/uartps_v3_12/src"

TRACE::2026-01-26.17:21:49::SCWMssOS::make -C psu_cortexa53_0/libsrc/uartps_v3_12/src -s include  "SHELL=CMD" "COMPILER=aarch64-none-elf-gcc" "ASSEMBLER=aarch64-none
TRACE::2026-01-26.17:21:49::SCWMssOS::-elf-as" "ARCHIVER=aarch64-none-elf-ar" "COMPILER_FLAGS=  -O2 -c" "EXTRA_COMPILER_FLAGS=-g -Wall -Wextra -fno-tree-loop-distrib
TRACE::2026-01-26.17:21:49::SCWMssOS::ute-patterns"

TRACE::2026-01-26.17:21:49::SCWMssOS::"Running Make include in psu_cortexa53_0/libsrc/usbpsu_v1_13/src"

TRACE::2026-01-26.17:21:49::SCWMssOS::"Running Make include in psu_cortexa53_0/libsrc/video_common_v4_13/src"

TRACE::2026-01-26.17:21:49::SCWMssOS::make -C psu_cortexa53_0/libsrc/usbpsu_v1_13/src -s include  "SHELL=CMD" "COMPILER=aarch64-none-elf-gcc" "ASSEMBLER=aarch64-none
TRACE::2026-01-26.17:21:49::SCWMssOS::-elf-as" "ARCHIVER=aarch64-none-elf-ar" "COMPILER_FLAGS=  -O2 -c" "EXTRA_COMPILER_FLAGS=-g -Wall -Wextra -fno-tree-loop-distrib
TRACE::2026-01-26.17:21:49::SCWMssOS::ute-patterns"

TRACE::2026-01-26.17:21:49::SCWMssOS::make -C psu_cortexa53_0/libsrc/video_common_v4_13/src -s include  "SHELL=CMD" "COMPILER=aarch64-none-elf-gcc" "ASSEMBLER=aarch6
TRACE::2026-01-26.17:21:49::SCWMssOS::4-none-elf-as" "ARCHIVER=aarch64-none-elf-ar" "COMPILER_FLAGS=  -O2 -c" "EXTRA_COMPILER_FLAGS=-g -Wall -Wextra -fno-tree-loop-d
TRACE::2026-01-26.17:21:49::SCWMssOS::istribute-patterns"

TRACE::2026-01-26.17:21:49::SCWMssOS::"Running Make include in psu_cortexa53_0/libsrc/zdma_v1_16/src"

TRACE::2026-01-26.17:21:49::SCWMssOS::make -C psu_cortexa53_0/libsrc/zdma_v1_16/src -s include  "SHELL=CMD" "COMPILER=aarch64-none-elf-gcc" "ASSEMBLER=aarch64-none-e
TRACE::2026-01-26.17:21:49::SCWMssOS::lf-as" "ARCHIVER=aarch64-none-elf-ar" "COMPILER_FLAGS=  -O2 -c" "EXTRA_COMPILER_FLAGS=-g -Wall -Wextra -fno-tree-loop-distribut
TRACE::2026-01-26.17:21:49::SCWMssOS::e-patterns"

TRACE::2026-01-26.17:21:49::SCWMssOS::"Running Make libs in psu_cortexa53_0/libsrc/axipmon_v6_9/src"

TRACE::2026-01-26.17:21:49::SCWMssOS::"Running Make libs in psu_cortexa53_0/libsrc/clockps_v1_4/src"

TRACE::2026-01-26.17:21:49::SCWMssOS::make -C psu_cortexa53_0/libsrc/axipmon_v6_9/src -s libs  "SHELL=CMD" "COMPILER=aarch64-none-elf-gcc" "ASSEMBLER=aarch64-none-el
TRACE::2026-01-26.17:21:49::SCWMssOS::f-as" "ARCHIVER=aarch64-none-elf-ar" "COMPILER_FLAGS=  -O2 -c" "EXTRA_COMPILER_FLAGS=-g -Wall -Wextra -fno-tree-loop-distribute
TRACE::2026-01-26.17:21:49::SCWMssOS::-patterns"

TRACE::2026-01-26.17:21:49::SCWMssOS::make -C psu_cortexa53_0/libsrc/clockps_v1_4/src -s libs  "SHELL=CMD" "COMPILER=aarch64-none-elf-gcc" "ASSEMBLER=aarch64-none-el
TRACE::2026-01-26.17:21:49::SCWMssOS::f-as" "ARCHIVER=aarch64-none-elf-ar" "COMPILER_FLAGS=  -O2 -c" "EXTRA_COMPILER_FLAGS=-g -Wall -Wextra -fno-tree-loop-distribute
TRACE::2026-01-26.17:21:49::SCWMssOS::-patterns"

TRACE::2026-01-26.17:21:49::SCWMssOS::"Running Make libs in psu_cortexa53_0/libsrc/coresightps_dcc_v1_8/src"

TRACE::2026-01-26.17:21:49::SCWMssOS::"Running Make libs in psu_cortexa53_0/libsrc/cpu_cortexa53_v2_0/src"

TRACE::2026-01-26.17:21:49::SCWMssOS::make -C psu_cortexa53_0/libsrc/coresightps_dcc_v1_8/src -s libs  "SHELL=CMD" "COMPILER=aarch64-none-elf-gcc" "ASSEMBLER=aarch64
TRACE::2026-01-26.17:21:49::SCWMssOS::-none-elf-as" "ARCHIVER=aarch64-none-elf-ar" "COMPILER_FLAGS=  -O2 -c" "EXTRA_COMPILER_FLAGS=-g -Wall -Wextra -fno-tree-loop-di
TRACE::2026-01-26.17:21:49::SCWMssOS::stribute-patterns"

TRACE::2026-01-26.17:21:49::SCWMssOS::make -C psu_cortexa53_0/libsrc/cpu_cortexa53_v2_0/src -s libs  "SHELL=CMD" "COMPILER=aarch64-none-elf-gcc" "ASSEMBLER=aarch64-n
TRACE::2026-01-26.17:21:49::SCWMssOS::one-elf-as" "ARCHIVER=aarch64-none-elf-ar" "COMPILER_FLAGS=  -O2 -c" "EXTRA_COMPILER_FLAGS=-g -Wall -Wextra -fno-tree-loop-dist
TRACE::2026-01-26.17:21:49::SCWMssOS::ribute-patterns"

TRACE::2026-01-26.17:21:49::SCWMssOS::"Running Make libs in psu_cortexa53_0/libsrc/csudma_v1_13/src"

TRACE::2026-01-26.17:21:49::SCWMssOS::make -C psu_cortexa53_0/libsrc/csudma_v1_13/src -s libs  "SHELL=CMD" "COMPILER=aarch64-none-elf-gcc" "ASSEMBLER=aarch64-none-el
TRACE::2026-01-26.17:21:49::SCWMssOS::f-as" "ARCHIVER=aarch64-none-elf-ar" "COMPILER_FLAGS=  -O2 -c" "EXTRA_COMPILER_FLAGS=-g -Wall -Wextra -fno-tree-loop-distribute
TRACE::2026-01-26.17:21:49::SCWMssOS::-patterns"

TRACE::2026-01-26.17:21:49::SCWMssOS::"Running Make libs in psu_cortexa53_0/libsrc/ddrcpsu_v1_4/src"

TRACE::2026-01-26.17:21:49::SCWMssOS::make -C psu_cortexa53_0/libsrc/ddrcpsu_v1_4/src -s libs  "SHELL=CMD" "COMPILER=aarch64-none-elf-gcc" "ASSEMBLER=aarch64-none-el
TRACE::2026-01-26.17:21:49::SCWMssOS::f-as" "ARCHIVER=aarch64-none-elf-ar" "COMPILER_FLAGS=  -O2 -c" "EXTRA_COMPILER_FLAGS=-g -Wall -Wextra -fno-tree-loop-distribute
TRACE::2026-01-26.17:21:49::SCWMssOS::-patterns"

TRACE::2026-01-26.17:21:49::SCWMssOS::"Running Make libs in psu_cortexa53_0/libsrc/emacps_v3_18/src"

TRACE::2026-01-26.17:21:49::SCWMssOS::make -C psu_cortexa53_0/libsrc/emacps_v3_18/src -s libs  "SHELL=CMD" "COMPILER=aarch64-none-elf-gcc" "ASSEMBLER=aarch64-none-el
TRACE::2026-01-26.17:21:49::SCWMssOS::f-as" "ARCHIVER=aarch64-none-elf-ar" "COMPILER_FLAGS=  -O2 -c" "EXTRA_COMPILER_FLAGS=-g -Wall -Wextra -fno-tree-loop-distribute
TRACE::2026-01-26.17:21:49::SCWMssOS::-patterns"

TRACE::2026-01-26.17:21:49::SCWMssOS::"Running Make libs in psu_cortexa53_0/libsrc/gpiops_v3_11/src"

TRACE::2026-01-26.17:21:49::SCWMssOS::make -C psu_cortexa53_0/libsrc/gpiops_v3_11/src -s libs  "SHELL=CMD" "COMPILER=aarch64-none-elf-gcc" "ASSEMBLER=aarch64-none-el
TRACE::2026-01-26.17:21:49::SCWMssOS::f-as" "ARCHIVER=aarch64-none-elf-ar" "COMPILER_FLAGS=  -O2 -c" "EXTRA_COMPILER_FLAGS=-g -Wall -Wextra -fno-tree-loop-distribute
TRACE::2026-01-26.17:21:49::SCWMssOS::-patterns"

TRACE::2026-01-26.17:21:49::SCWMssOS::"Running Make libs in psu_cortexa53_0/libsrc/iicps_v3_17/src"

TRACE::2026-01-26.17:21:49::SCWMssOS::make -C psu_cortexa53_0/libsrc/iicps_v3_17/src -s libs  "SHELL=CMD" "COMPILER=aarch64-none-elf-gcc" "ASSEMBLER=aarch64-none-elf
TRACE::2026-01-26.17:21:49::SCWMssOS::-as" "ARCHIVER=aarch64-none-elf-ar" "COMPILER_FLAGS=  -O2 -c" "EXTRA_COMPILER_FLAGS=-g -Wall -Wextra -fno-tree-loop-distribute-
TRACE::2026-01-26.17:21:49::SCWMssOS::patterns"

TRACE::2026-01-26.17:21:49::SCWMssOS::"Running Make libs in psu_cortexa53_0/libsrc/ipipsu_v2_13/src"

TRACE::2026-01-26.17:21:49::SCWMssOS::make -C psu_cortexa53_0/libsrc/ipipsu_v2_13/src -s libs  "SHELL=CMD" "COMPILER=aarch64-none-elf-gcc" "ASSEMBLER=aarch64-none-el
TRACE::2026-01-26.17:21:49::SCWMssOS::f-as" "ARCHIVER=aarch64-none-elf-ar" "COMPILER_FLAGS=  -O2 -c" "EXTRA_COMPILER_FLAGS=-g -Wall -Wextra -fno-tree-loop-distribute
TRACE::2026-01-26.17:21:49::SCWMssOS::-patterns"

TRACE::2026-01-26.17:21:49::SCWMssOS::"Running Make libs in psu_cortexa53_0/libsrc/pciepsu_v1_5/src"

TRACE::2026-01-26.17:21:49::SCWMssOS::make -C psu_cortexa53_0/libsrc/pciepsu_v1_5/src -s libs  "SHELL=CMD" "COMPILER=aarch64-none-elf-gcc" "ASSEMBLER=aarch64-none-el
TRACE::2026-01-26.17:21:49::SCWMssOS::f-as" "ARCHIVER=aarch64-none-elf-ar" "COMPILER_FLAGS=  -O2 -c" "EXTRA_COMPILER_FLAGS=-g -Wall -Wextra -fno-tree-loop-distribute
TRACE::2026-01-26.17:21:49::SCWMssOS::-patterns"

TRACE::2026-01-26.17:21:49::SCWMssOS::"Running Make libs in psu_cortexa53_0/libsrc/qspipsu_v1_17/src"

TRACE::2026-01-26.17:21:49::SCWMssOS::make -C psu_cortexa53_0/libsrc/qspipsu_v1_17/src -s libs  "SHELL=CMD" "COMPILER=aarch64-none-elf-gcc" "ASSEMBLER=aarch64-none-e
TRACE::2026-01-26.17:21:49::SCWMssOS::lf-as" "ARCHIVER=aarch64-none-elf-ar" "COMPILER_FLAGS=  -O2 -c" "EXTRA_COMPILER_FLAGS=-g -Wall -Wextra -fno-tree-loop-distribut
TRACE::2026-01-26.17:21:49::SCWMssOS::e-patterns"

TRACE::2026-01-26.17:21:50::SCWMssOS::"Running Make libs in psu_cortexa53_0/libsrc/resetps_v1_5/src"

TRACE::2026-01-26.17:21:50::SCWMssOS::make -C psu_cortexa53_0/libsrc/resetps_v1_5/src -s libs  "SHELL=CMD" "COMPILER=aarch64-none-elf-gcc" "ASSEMBLER=aarch64-none-el
TRACE::2026-01-26.17:21:50::SCWMssOS::f-as" "ARCHIVER=aarch64-none-elf-ar" "COMPILER_FLAGS=  -O2 -c" "EXTRA_COMPILER_FLAGS=-g -Wall -Wextra -fno-tree-loop-distribute
TRACE::2026-01-26.17:21:50::SCWMssOS::-patterns"

TRACE::2026-01-26.17:21:50::SCWMssOS::"Running Make libs in psu_cortexa53_0/libsrc/rtcpsu_v1_12/src"

TRACE::2026-01-26.17:21:50::SCWMssOS::make -C psu_cortexa53_0/libsrc/rtcpsu_v1_12/src -s libs  "SHELL=CMD" "COMPILER=aarch64-none-elf-gcc" "ASSEMBLER=aarch64-none-el
TRACE::2026-01-26.17:21:50::SCWMssOS::f-as" "ARCHIVER=aarch64-none-elf-ar" "COMPILER_FLAGS=  -O2 -c" "EXTRA_COMPILER_FLAGS=-g -Wall -Wextra -fno-tree-loop-distribute
TRACE::2026-01-26.17:21:50::SCWMssOS::-patterns"

TRACE::2026-01-26.17:21:50::SCWMssOS::"Running Make libs in psu_cortexa53_0/libsrc/scugic_v5_1/src"

TRACE::2026-01-26.17:21:50::SCWMssOS::make -C psu_cortexa53_0/libsrc/scugic_v5_1/src -s libs  "SHELL=CMD" "COMPILER=aarch64-none-elf-gcc" "ASSEMBLER=aarch64-none-elf
TRACE::2026-01-26.17:21:50::SCWMssOS::-as" "ARCHIVER=aarch64-none-elf-ar" "COMPILER_FLAGS=  -O2 -c" "EXTRA_COMPILER_FLAGS=-g -Wall -Wextra -fno-tree-loop-distribute-
TRACE::2026-01-26.17:21:50::SCWMssOS::patterns"

TRACE::2026-01-26.17:21:50::SCWMssOS::"Running Make libs in psu_cortexa53_0/libsrc/sdps_v4_1/src"

TRACE::2026-01-26.17:21:50::SCWMssOS::make -C psu_cortexa53_0/libsrc/sdps_v4_1/src -s libs  "SHELL=CMD" "COMPILER=aarch64-none-elf-gcc" "ASSEMBLER=aarch64-none-elf-a
TRACE::2026-01-26.17:21:50::SCWMssOS::s" "ARCHIVER=aarch64-none-elf-ar" "COMPILER_FLAGS=  -O2 -c" "EXTRA_COMPILER_FLAGS=-g -Wall -Wextra -fno-tree-loop-distribute-pa
TRACE::2026-01-26.17:21:50::SCWMssOS::tterns"

TRACE::2026-01-26.17:21:50::SCWMssOS::"Running Make libs in psu_cortexa53_0/libsrc/standalone_v8_1/src"

TRACE::2026-01-26.17:21:50::SCWMssOS::make -C psu_cortexa53_0/libsrc/standalone_v8_1/src -s libs  "SHELL=CMD" "COMPILER=aarch64-none-elf-gcc" "ASSEMBLER=aarch64-none
TRACE::2026-01-26.17:21:50::SCWMssOS::-elf-as" "ARCHIVER=aarch64-none-elf-ar" "COMPILER_FLAGS=  -O2 -c" "EXTRA_COMPILER_FLAGS=-g -Wall -Wextra -fno-tree-loop-distrib
TRACE::2026-01-26.17:21:50::SCWMssOS::ute-patterns"

TRACE::2026-01-26.17:21:50::SCWMssOS::"Running Make libs in psu_cortexa53_0/libsrc/sysmonpsu_v2_8/src"

TRACE::2026-01-26.17:21:50::SCWMssOS::make -C psu_cortexa53_0/libsrc/sysmonpsu_v2_8/src -s libs  "SHELL=CMD" "COMPILER=aarch64-none-elf-gcc" "ASSEMBLER=aarch64-none-
TRACE::2026-01-26.17:21:50::SCWMssOS::elf-as" "ARCHIVER=aarch64-none-elf-ar" "COMPILER_FLAGS=  -O2 -c" "EXTRA_COMPILER_FLAGS=-g -Wall -Wextra -fno-tree-loop-distribu
TRACE::2026-01-26.17:21:50::SCWMssOS::te-patterns"

TRACE::2026-01-26.17:21:50::SCWMssOS::"Running Make libs in psu_cortexa53_0/libsrc/ttcps_v3_17/src"

TRACE::2026-01-26.17:21:50::SCWMssOS::make -C psu_cortexa53_0/libsrc/ttcps_v3_17/src -s libs  "SHELL=CMD" "COMPILER=aarch64-none-elf-gcc" "ASSEMBLER=aarch64-none-elf
TRACE::2026-01-26.17:21:50::SCWMssOS::-as" "ARCHIVER=aarch64-none-elf-ar" "COMPILER_FLAGS=  -O2 -c" "EXTRA_COMPILER_FLAGS=-g -Wall -Wextra -fno-tree-loop-distribute-
TRACE::2026-01-26.17:21:50::SCWMssOS::patterns"

TRACE::2026-01-26.17:21:50::SCWMssOS::"Running Make libs in psu_cortexa53_0/libsrc/uartps_v3_12/src"

TRACE::2026-01-26.17:21:50::SCWMssOS::make -C psu_cortexa53_0/libsrc/uartps_v3_12/src -s libs  "SHELL=CMD" "COMPILER=aarch64-none-elf-gcc" "ASSEMBLER=aarch64-none-el
TRACE::2026-01-26.17:21:50::SCWMssOS::f-as" "ARCHIVER=aarch64-none-elf-ar" "COMPILER_FLAGS=  -O2 -c" "EXTRA_COMPILER_FLAGS=-g -Wall -Wextra -fno-tree-loop-distribute
TRACE::2026-01-26.17:21:50::SCWMssOS::-patterns"

TRACE::2026-01-26.17:21:50::SCWMssOS::"Running Make libs in psu_cortexa53_0/libsrc/usbpsu_v1_13/src"

TRACE::2026-01-26.17:21:50::SCWMssOS::make -C psu_cortexa53_0/libsrc/usbpsu_v1_13/src -s libs  "SHELL=CMD" "COMPILER=aarch64-none-elf-gcc" "ASSEMBLER=aarch64-none-el
TRACE::2026-01-26.17:21:50::SCWMssOS::f-as" "ARCHIVER=aarch64-none-elf-ar" "COMPILER_FLAGS=  -O2 -c" "EXTRA_COMPILER_FLAGS=-g -Wall -Wextra -fno-tree-loop-distribute
TRACE::2026-01-26.17:21:50::SCWMssOS::-patterns"

TRACE::2026-01-26.17:21:51::SCWMssOS::"Running Make libs in psu_cortexa53_0/libsrc/video_common_v4_13/src"

TRACE::2026-01-26.17:21:51::SCWMssOS::make -C psu_cortexa53_0/libsrc/video_common_v4_13/src -s libs  "SHELL=CMD" "COMPILER=aarch64-none-elf-gcc" "ASSEMBLER=aarch64-n
TRACE::2026-01-26.17:21:51::SCWMssOS::one-elf-as" "ARCHIVER=aarch64-none-elf-ar" "COMPILER_FLAGS=  -O2 -c" "EXTRA_COMPILER_FLAGS=-g -Wall -Wextra -fno-tree-loop-dist
TRACE::2026-01-26.17:21:51::SCWMssOS::ribute-patterns"

TRACE::2026-01-26.17:21:51::SCWMssOS::"Running Make libs in psu_cortexa53_0/libsrc/zdma_v1_16/src"

TRACE::2026-01-26.17:21:51::SCWMssOS::make -C psu_cortexa53_0/libsrc/zdma_v1_16/src -s libs  "SHELL=CMD" "COMPILER=aarch64-none-elf-gcc" "ASSEMBLER=aarch64-none-elf-
TRACE::2026-01-26.17:21:51::SCWMssOS::as" "ARCHIVER=aarch64-none-elf-ar" "COMPILER_FLAGS=  -O2 -c" "EXTRA_COMPILER_FLAGS=-g -Wall -Wextra -fno-tree-loop-distribute-p
TRACE::2026-01-26.17:21:51::SCWMssOS::atterns"

TRACE::2026-01-26.17:21:52::SCWMssOS::'Finished building libraries parallelly.'

TRACE::2026-01-26.17:21:52::SCWMssOS::make --no-print-directory archive

TRACE::2026-01-26.17:21:52::SCWMssOS::aarch64-none-elf-ar -r  psu_cortexa53_0/lib/libxil.a psu_cortexa53_0/lib/_exit.o psu_cortexa53_0/lib/_open.o psu_cortexa53_0/li
TRACE::2026-01-26.17:21:52::SCWMssOS::b/_sbrk.o psu_cortexa53_0/lib/abort.o psu_cortexa53_0/lib/asm_vectors.o psu_cortexa53_0/lib/boot.o psu_cortexa53_0/lib/close.o 
TRACE::2026-01-26.17:21:52::SCWMssOS::psu_cortexa53_0/lib/cpputest_time.o psu_cortexa53_0/lib/errno.o psu_cortexa53_0/lib/fcntl.o psu_cortexa53_0/lib/fstat.o psu_cor
TRACE::2026-01-26.17:21:52::SCWMssOS::texa53_0/lib/getentropy.o psu_cortexa53_0/lib/getpid.o psu_cortexa53_0/lib/inbyte.o psu_cortexa53_0/lib/initialise_monitor_hand
TRACE::2026-01-26.17:21:52::SCWMssOS::les.o psu_cortexa53_0/lib/isatty.o psu_cortexa53_0/lib/kill.o psu_cortexa53_0/lib/lseek.o psu_cortexa53_0/lib/open.o psu_cortex
TRACE::2026-01-26.17:21:52::SCWMssOS::a53_0/lib/outbyte.o psu_cortexa53_0/lib/print.o psu_cortexa53_0/lib/putnum.o psu_cortexa53_0/lib/read.o psu_cortexa53_0/lib/sbr
TRACE::2026-01-26.17:21:52::SCWMssOS::k.o psu_cortexa53_0/lib/sleep.o psu_cortexa53_0/lib/time.o psu_cortexa53_0/lib/translation_table.o psu_cortexa53_0/lib/unlink.o
TRACE::2026-01-26.17:21:52::SCWMssOS:: psu_cortexa53_0/lib/vectors.o psu_cortexa53_0/lib/write.o psu_cortexa53_0/lib/xaxipmon.o psu_cortexa53_0/lib/xaxipmon_g.o psu_
TRACE::2026-01-26.17:21:52::SCWMssOS::cortexa53_0/lib/xaxipmon_selftest.o psu_cortexa53_0/lib/xaxipmon_sinit.o psu_cortexa53_0/lib/xclockps.o psu_cortexa53_0/lib/xcl
TRACE::2026-01-26.17:21:52::SCWMssOS::ockps_divider.o psu_cortexa53_0/lib/xclockps_fixedfactor.o psu_cortexa53_0/lib/xclockps_g.o psu_cortexa53_0/lib/xclockps_gate.o
TRACE::2026-01-26.17:21:52::SCWMssOS:: psu_cortexa53_0/lib/xclockps_mux.o psu_cortexa53_0/lib/xclockps_pll.o psu_cortexa53_0/lib/xclockps_sinit.o psu_cortexa53_0/lib
TRACE::2026-01-26.17:21:52::SCWMssOS::/xcoresightpsdcc.o psu_cortexa53_0/lib/xcsudma.o psu_cortexa53_0/lib/xcsudma_g.o psu_cortexa53_0/lib/xcsudma_intr.o psu_cortexa
TRACE::2026-01-26.17:21:52::SCWMssOS::53_0/lib/xcsudma_selftest.o psu_cortexa53_0/lib/xcsudma_sinit.o psu_cortexa53_0/lib/xemacps.o psu_cortexa53_0/lib/xemacps_bdrin
TRACE::2026-01-26.17:21:52::SCWMssOS::g.o psu_cortexa53_0/lib/xemacps_control.o psu_cortexa53_0/lib/xemacps_g.o psu_cortexa53_0/lib/xemacps_hw.o psu_cortexa53_0/lib/
TRACE::2026-01-26.17:21:52::SCWMssOS::xemacps_intr.o psu_cortexa53_0/lib/xemacps_sinit.o psu_cortexa53_0/lib/xgpiops.o psu_cortexa53_0/lib/xgpiops_g.o psu_cortexa53_
TRACE::2026-01-26.17:21:52::SCWMssOS::0/lib/xgpiops_hw.o psu_cortexa53_0/lib/xgpiops_intr.o psu_cortexa53_0/lib/xgpiops_selftest.o psu_cortexa53_0/lib/xgpiops_sinit.
TRACE::2026-01-26.17:21:52::SCWMssOS::o psu_cortexa53_0/lib/xiicps.o psu_cortexa53_0/lib/xiicps_g.o psu_cortexa53_0/lib/xiicps_hw.o psu_cortexa53_0/lib/xiicps_intr.o
TRACE::2026-01-26.17:21:52::SCWMssOS:: psu_cortexa53_0/lib/xiicps_master.o psu_cortexa53_0/lib/xiicps_options.o psu_cortexa53_0/lib/xiicps_selftest.o psu_cortexa53_0
TRACE::2026-01-26.17:21:52::SCWMssOS::/lib/xiicps_sinit.o psu_cortexa53_0/lib/xiicps_slave.o psu_cortexa53_0/lib/xiicps_xfer.o psu_cortexa53_0/lib/xil-crt0.o psu_cor
TRACE::2026-01-26.17:21:52::SCWMssOS::texa53_0/lib/xil_assert.o psu_cortexa53_0/lib/xil_cache.o psu_cortexa53_0/lib/xil_clocking.o psu_cortexa53_0/lib/xil_exception.
TRACE::2026-01-26.17:21:52::SCWMssOS::o psu_cortexa53_0/lib/xil_mem.o psu_cortexa53_0/lib/xil_mmu.o psu_cortexa53_0/lib/xil_printf.o psu_cortexa53_0/lib/xil_sleepcom
TRACE::2026-01-26.17:21:52::SCWMssOS::mon.o psu_cortexa53_0/lib/xil_sleeptimer.o psu_cortexa53_0/lib/xil_smc.o psu_cortexa53_0/lib/xil_spinlock.o psu_cortexa53_0/lib
TRACE::2026-01-26.17:21:52::SCWMssOS::/xil_testcache.o psu_cortexa53_0/lib/xil_testio.o psu_cortexa53_0/lib/xil_testmem.o psu_cortexa53_0/lib/xil_util.o psu_cortexa5
TRACE::2026-01-26.17:21:52::SCWMssOS::3_0/lib/xinterrupt_wrap.o psu_cortexa53_0/lib/xipipsu.o psu_cortexa53_0/lib/xipipsu_buf.o psu_cortexa53_0/lib/xipipsu_g.o psu_c
TRACE::2026-01-26.17:21:52::SCWMssOS::ortexa53_0/lib/xipipsu_sinit.o psu_cortexa53_0/lib/xpciepsu.o psu_cortexa53_0/lib/xpciepsu_caps.o psu_cortexa53_0/lib/xpciepsu_
TRACE::2026-01-26.17:21:52::SCWMssOS::ep.o psu_cortexa53_0/lib/xpciepsu_g.o psu_cortexa53_0/lib/xpciepsu_sinit.o psu_cortexa53_0/lib/xplatform_info.o psu_cortexa53_0
TRACE::2026-01-26.17:21:52::SCWMssOS::/lib/xpm_counter.o psu_cortexa53_0/lib/xqspipsu.o psu_cortexa53_0/lib/xqspipsu_control.o psu_cortexa53_0/lib/xqspipsu_g.o psu_c
TRACE::2026-01-26.17:21:52::SCWMssOS::ortexa53_0/lib/xqspipsu_hw.o psu_cortexa53_0/lib/xqspipsu_options.o psu_cortexa53_0/lib/xqspipsu_sinit.o psu_cortexa53_0/lib/xr
TRACE::2026-01-26.17:21:52::SCWMssOS::esetps.o psu_cortexa53_0/lib/xresetps_g.o psu_cortexa53_0/lib/xresetps_sinit.o psu_cortexa53_0/lib/xrtcpsu.o psu_cortexa53_0/li
TRACE::2026-01-26.17:21:52::SCWMssOS::b/xrtcpsu_g.o psu_cortexa53_0/lib/xrtcpsu_intr.o psu_cortexa53_0/lib/xrtcpsu_selftest.o psu_cortexa53_0/lib/xrtcpsu_sinit.o psu
TRACE::2026-01-26.17:21:52::SCWMssOS::_cortexa53_0/lib/xscugic.o psu_cortexa53_0/lib/xscugic_g.o psu_cortexa53_0/lib/xscugic_hw.o psu_cortexa53_0/lib/xscugic_intr.o 
TRACE::2026-01-26.17:21:52::SCWMssOS::psu_cortexa53_0/lib/xscugic_selftest.o psu_cortexa53_0/lib/xscugic_sinit.o psu_cortexa53_0/lib/xsdps.o psu_cortexa53_0/lib/xsdp
TRACE::2026-01-26.17:21:52::SCWMssOS::s_card.o psu_cortexa53_0/lib/xsdps_g.o psu_cortexa53_0/lib/xsdps_host.o psu_cortexa53_0/lib/xsdps_options.o psu_cortexa53_0/lib
TRACE::2026-01-26.17:21:52::SCWMssOS::/xsdps_sinit.o psu_cortexa53_0/lib/xsysmonpsu.o psu_cortexa53_0/lib/xsysmonpsu_g.o psu_cortexa53_0/lib/xsysmonpsu_intr.o psu_co
TRACE::2026-01-26.17:21:52::SCWMssOS::rtexa53_0/lib/xsysmonpsu_selftest.o psu_cortexa53_0/lib/xsysmonpsu_sinit.o psu_cortexa53_0/lib/xtime_l.o psu_cortexa53_0/lib/xt
TRACE::2026-01-26.17:21:52::SCWMssOS::tcps.o psu_cortexa53_0/lib/xttcps_g.o psu_cortexa53_0/lib/xttcps_options.o psu_cortexa53_0/lib/xttcps_selftest.o psu_cortexa53_
TRACE::2026-01-26.17:21:52::SCWMssOS::0/lib/xttcps_sinit.o psu_cortexa53_0/lib/xuartps.o psu_cortexa53_0/lib/xuartps_g.o psu_cortexa53_0/lib/xuartps_hw.o psu_cortexa
TRACE::2026-01-26.17:21:52::SCWMssOS::53_0/lib/xuartps_intr.o psu_cortexa53_0/lib/xuartps_options.o psu_cortexa53_0/lib/xuartps_selftest.o psu_cortexa53_0/lib/xuartp
TRACE::2026-01-26.17:21:52::SCWMssOS::s_sinit.o psu_cortexa53_0/lib/xusbpsu.o psu_cortexa53_0/lib/xusbpsu_command.o psu_cortexa53_0/lib/xusbpsu_controltransfers.o ps
TRACE::2026-01-26.17:21:52::SCWMssOS::u_cortexa53_0/lib/xusbpsu_device.o psu_cortexa53_0/lib/xusbpsu_endpoint.o psu_cortexa53_0/lib/xusbpsu_ep0handler.o psu_cortexa5
TRACE::2026-01-26.17:21:52::SCWMssOS::3_0/lib/xusbpsu_ephandler.o psu_cortexa53_0/lib/xusbpsu_event.o psu_cortexa53_0/lib/xusbpsu_g.o psu_cortexa53_0/lib/xusbpsu_hib
TRACE::2026-01-26.17:21:52::SCWMssOS::ernation.o psu_cortexa53_0/lib/xusbpsu_intr.o psu_cortexa53_0/lib/xusbpsu_sinit.o psu_cortexa53_0/lib/xvidc.o psu_cortexa53_0/l
TRACE::2026-01-26.17:21:52::SCWMssOS::ib/xvidc_edid.o psu_cortexa53_0/lib/xvidc_edid_ext.o psu_cortexa53_0/lib/xvidc_parse_edid.o psu_cortexa53_0/lib/xvidc_timings_t
TRACE::2026-01-26.17:21:52::SCWMssOS::able.o psu_cortexa53_0/lib/xzdma.o psu_cortexa53_0/lib/xzdma_g.o psu_cortexa53_0/lib/xzdma_intr.o psu_cortexa53_0/lib/xzdma_sel
TRACE::2026-01-26.17:21:52::SCWMssOS::ftest.o psu_cortexa53_0/lib/xzdma_sinit.o

TRACE::2026-01-26.17:21:52::SCWMssOS::'Finished building libraries'

TRACE::2026-01-26.17:21:53::SCWMssOS::Copying to export directory.
TRACE::2026-01-26.17:21:53::SCWMssOS:: Checking if to create the Supporting Applications
TRACE::2026-01-26.17:21:53::SCWMssOS:: No Linux domain exists, trying to generate FSBL 
LOG::2026-01-26.17:21:53::SCWSystem::Completed Processing the domain standalone_psu_cortexa53_0
LOG::2026-01-26.17:21:53::SCWSystem::Completed Processing the sysconfig design_1_wrapper
LOG::2026-01-26.17:21:53::SCWPlatform::Completed generating the artifacts for system configuration design_1_wrapper
TRACE::2026-01-26.17:21:53::SCWPlatform::Started preparing the platform 
TRACE::2026-01-26.17:21:53::SCWSystem::Writing the bif file for system config design_1_wrapper
TRACE::2026-01-26.17:21:53::SCWSystem::dir created 
TRACE::2026-01-26.17:21:53::SCWSystem::Writing the bif 
TRACE::2026-01-26.17:21:53::SCWPlatform::Started writing the spfm file 
TRACE::2026-01-26.17:21:53::SCWPlatform::Started writing the xpfm file 
TRACE::2026-01-26.17:21:53::SCWPlatform::Completed generating the platform
TRACE::2026-01-26.17:21:53::SCWMssOS::Saving the mss changes C:/TFG_Vivado/demo/course_s2_Vitis/01_ps_hello/vitis/design_1_wrapper/zynqmp_fsbl/zynqmp_fsbl_bsp/system.mss
TRACE::2026-01-26.17:21:53::SCWMssOS::Found a swdesign opened with the mssfile.
TRACE::2026-01-26.17:21:53::SCWMssOS::Completed writemss as part of save.
TRACE::2026-01-26.17:21:53::SCWMssOS::Commit changes completed.
TRACE::2026-01-26.17:21:53::SCWMssOS::Saving the mss changes C:/TFG_Vivado/demo/course_s2_Vitis/01_ps_hello/vitis/design_1_wrapper/zynqmp_pmufw/zynqmp_pmufw_bsp/system.mss
TRACE::2026-01-26.17:21:53::SCWMssOS::Found a swdesign opened with the mssfile.
TRACE::2026-01-26.17:21:53::SCWMssOS::Completed writemss as part of save.
TRACE::2026-01-26.17:21:53::SCWMssOS::Commit changes completed.
TRACE::2026-01-26.17:21:53::SCWMssOS::Saving the mss changes C:/TFG_Vivado/demo/course_s2_Vitis/01_ps_hello/vitis/design_1_wrapper/psu_cortexa53_0/standalone_psu_cortexa53_0/bsp/system.mss
TRACE::2026-01-26.17:21:53::SCWMssOS::Found a swdesign opened with the mssfile.
TRACE::2026-01-26.17:21:53::SCWMssOS::Completed writemss as part of save.
TRACE::2026-01-26.17:21:53::SCWMssOS::Commit changes completed.
TRACE::2026-01-26.17:21:53::SCWPlatform::Trying to open the hw design at C:/TFG_Vivado/demo/course_s2_Vitis/01_ps_hello/vitis/design_1_wrapper/hw/design_1_wrapper.xsa
TRACE::2026-01-26.17:21:53::SCWPlatform::DSA given C:/TFG_Vivado/demo/course_s2_Vitis/01_ps_hello/vitis/design_1_wrapper/hw/design_1_wrapper.xsa
TRACE::2026-01-26.17:21:53::SCWPlatform::DSA absoulate path C:/TFG_Vivado/demo/course_s2_Vitis/01_ps_hello/vitis/design_1_wrapper/hw/design_1_wrapper.xsa
TRACE::2026-01-26.17:21:53::SCWPlatform::DSA directory C:/TFG_Vivado/demo/course_s2_Vitis/01_ps_hello/vitis/design_1_wrapper/hw
TRACE::2026-01-26.17:21:53::SCWPlatform:: Platform Path C:/TFG_Vivado/demo/course_s2_Vitis/01_ps_hello/vitis/design_1_wrapper/hw/design_1_wrapper.xsa
TRACE::2026-01-26.17:21:53::SCWPlatform:: Unique name xilinx:::0.0
TRACE::2026-01-26.17:21:53::SCWPlatform::Trying to set the existing hwdb with name design_1_wrapper_0
TRACE::2026-01-26.17:21:53::SCWPlatform::Opened existing hwdb design_1_wrapper_0
TRACE::2026-01-26.17:21:53::SCWPlatform::Found the Hw Db part of the input DSA
TRACE::2026-01-26.17:21:53::SCWMssOS::Checking the sw design at  C:/TFG_Vivado/demo/course_s2_Vitis/01_ps_hello/vitis/design_1_wrapper/zynqmp_fsbl/zynqmp_fsbl_bsp/system.mss
TRACE::2026-01-26.17:21:53::SCWMssOS::DEBUG:  swdes dump  C:/TFG_Vivado/demo/course_s2_Vitis/01_ps_hello/vitis/design_1_wrapper/psu_cortexa53_0/standalone_psu_cortexa53_0/bsp/system.mss|system_1||
C:/TFG_Vivado/demo/course_s2_Vitis/01_ps_hello/vitis/design_1_wrapper/zynqmp_fsbl/zynqmp_fsbl_bsp/system.mss|system||
C:/TFG_Vivado/demo/course_s2_Vitis/01_ps_hello/vitis/design_1_wrapper/zynqmp_pmufw/zynqmp_pmufw_bsp/system.mss|system_0||

TRACE::2026-01-26.17:21:53::SCWMssOS::Sw design exists and opened at  C:/TFG_Vivado/demo/course_s2_Vitis/01_ps_hello/vitis/design_1_wrapper/zynqmp_fsbl/zynqmp_fsbl_bsp/system.mss
TRACE::2026-01-26.17:21:53::SCWPlatform::Trying to open the hw design at C:/TFG_Vivado/demo/course_s2_Vitis/01_ps_hello/vitis/design_1_wrapper/hw/design_1_wrapper.xsa
TRACE::2026-01-26.17:21:53::SCWPlatform::DSA given C:/TFG_Vivado/demo/course_s2_Vitis/01_ps_hello/vitis/design_1_wrapper/hw/design_1_wrapper.xsa
TRACE::2026-01-26.17:21:53::SCWPlatform::DSA absoulate path C:/TFG_Vivado/demo/course_s2_Vitis/01_ps_hello/vitis/design_1_wrapper/hw/design_1_wrapper.xsa
TRACE::2026-01-26.17:21:53::SCWPlatform::DSA directory C:/TFG_Vivado/demo/course_s2_Vitis/01_ps_hello/vitis/design_1_wrapper/hw
TRACE::2026-01-26.17:21:53::SCWPlatform:: Platform Path C:/TFG_Vivado/demo/course_s2_Vitis/01_ps_hello/vitis/design_1_wrapper/hw/design_1_wrapper.xsa
TRACE::2026-01-26.17:21:53::SCWPlatform:: Unique name xilinx:::0.0
TRACE::2026-01-26.17:21:53::SCWPlatform::Trying to set the existing hwdb with name design_1_wrapper_0
TRACE::2026-01-26.17:21:53::SCWPlatform::Opened existing hwdb design_1_wrapper_0
TRACE::2026-01-26.17:21:53::SCWPlatform::Found the Hw Db part of the input DSA
TRACE::2026-01-26.17:21:53::SCWMssOS::Checking the sw design at  C:/TFG_Vivado/demo/course_s2_Vitis/01_ps_hello/vitis/design_1_wrapper/zynqmp_fsbl/zynqmp_fsbl_bsp/system.mss
TRACE::2026-01-26.17:21:53::SCWMssOS::DEBUG:  swdes dump  C:/TFG_Vivado/demo/course_s2_Vitis/01_ps_hello/vitis/design_1_wrapper/psu_cortexa53_0/standalone_psu_cortexa53_0/bsp/system.mss|system_1||
C:/TFG_Vivado/demo/course_s2_Vitis/01_ps_hello/vitis/design_1_wrapper/zynqmp_fsbl/zynqmp_fsbl_bsp/system.mss|system||
C:/TFG_Vivado/demo/course_s2_Vitis/01_ps_hello/vitis/design_1_wrapper/zynqmp_pmufw/zynqmp_pmufw_bsp/system.mss|system_0||

TRACE::2026-01-26.17:21:53::SCWMssOS::Sw design exists and opened at  C:/TFG_Vivado/demo/course_s2_Vitis/01_ps_hello/vitis/design_1_wrapper/zynqmp_fsbl/zynqmp_fsbl_bsp/system.mss
TRACE::2026-01-26.17:21:53::SCWPlatform::Trying to open the hw design at C:/TFG_Vivado/demo/course_s2_Vitis/01_ps_hello/vitis/design_1_wrapper/hw/design_1_wrapper.xsa
TRACE::2026-01-26.17:21:53::SCWPlatform::DSA given C:/TFG_Vivado/demo/course_s2_Vitis/01_ps_hello/vitis/design_1_wrapper/hw/design_1_wrapper.xsa
TRACE::2026-01-26.17:21:53::SCWPlatform::DSA absoulate path C:/TFG_Vivado/demo/course_s2_Vitis/01_ps_hello/vitis/design_1_wrapper/hw/design_1_wrapper.xsa
TRACE::2026-01-26.17:21:53::SCWPlatform::DSA directory C:/TFG_Vivado/demo/course_s2_Vitis/01_ps_hello/vitis/design_1_wrapper/hw
TRACE::2026-01-26.17:21:53::SCWPlatform:: Platform Path C:/TFG_Vivado/demo/course_s2_Vitis/01_ps_hello/vitis/design_1_wrapper/hw/design_1_wrapper.xsa
TRACE::2026-01-26.17:21:53::SCWPlatform:: Unique name xilinx:::0.0
TRACE::2026-01-26.17:21:53::SCWPlatform::Trying to set the existing hwdb with name design_1_wrapper_0
TRACE::2026-01-26.17:21:53::SCWPlatform::Opened existing hwdb design_1_wrapper_0
TRACE::2026-01-26.17:21:53::SCWPlatform::Found the Hw Db part of the input DSA
TRACE::2026-01-26.17:21:53::SCWMssOS::Checking the sw design at  C:/TFG_Vivado/demo/course_s2_Vitis/01_ps_hello/vitis/design_1_wrapper/zynqmp_fsbl/zynqmp_fsbl_bsp/system.mss
TRACE::2026-01-26.17:21:53::SCWMssOS::DEBUG:  swdes dump  C:/TFG_Vivado/demo/course_s2_Vitis/01_ps_hello/vitis/design_1_wrapper/psu_cortexa53_0/standalone_psu_cortexa53_0/bsp/system.mss|system_1||
C:/TFG_Vivado/demo/course_s2_Vitis/01_ps_hello/vitis/design_1_wrapper/zynqmp_fsbl/zynqmp_fsbl_bsp/system.mss|system||
C:/TFG_Vivado/demo/course_s2_Vitis/01_ps_hello/vitis/design_1_wrapper/zynqmp_pmufw/zynqmp_pmufw_bsp/system.mss|system_0||

TRACE::2026-01-26.17:21:53::SCWMssOS::Sw design exists and opened at  C:/TFG_Vivado/demo/course_s2_Vitis/01_ps_hello/vitis/design_1_wrapper/zynqmp_fsbl/zynqmp_fsbl_bsp/system.mss
TRACE::2026-01-26.17:21:53::SCWPlatform::Trying to open the hw design at C:/TFG_Vivado/demo/course_s2_Vitis/01_ps_hello/vitis/design_1_wrapper/hw/design_1_wrapper.xsa
TRACE::2026-01-26.17:21:53::SCWPlatform::DSA given C:/TFG_Vivado/demo/course_s2_Vitis/01_ps_hello/vitis/design_1_wrapper/hw/design_1_wrapper.xsa
TRACE::2026-01-26.17:21:53::SCWPlatform::DSA absoulate path C:/TFG_Vivado/demo/course_s2_Vitis/01_ps_hello/vitis/design_1_wrapper/hw/design_1_wrapper.xsa
TRACE::2026-01-26.17:21:53::SCWPlatform::DSA directory C:/TFG_Vivado/demo/course_s2_Vitis/01_ps_hello/vitis/design_1_wrapper/hw
TRACE::2026-01-26.17:21:53::SCWPlatform:: Platform Path C:/TFG_Vivado/demo/course_s2_Vitis/01_ps_hello/vitis/design_1_wrapper/hw/design_1_wrapper.xsa
TRACE::2026-01-26.17:21:53::SCWPlatform:: Unique name xilinx:::0.0
TRACE::2026-01-26.17:21:53::SCWPlatform::Trying to set the existing hwdb with name design_1_wrapper_0
TRACE::2026-01-26.17:21:53::SCWPlatform::Opened existing hwdb design_1_wrapper_0
TRACE::2026-01-26.17:21:53::SCWPlatform::Found the Hw Db part of the input DSA
TRACE::2026-01-26.17:21:53::SCWMssOS::Checking the sw design at  C:/TFG_Vivado/demo/course_s2_Vitis/01_ps_hello/vitis/design_1_wrapper/zynqmp_pmufw/zynqmp_pmufw_bsp/system.mss
TRACE::2026-01-26.17:21:53::SCWMssOS::DEBUG:  swdes dump  C:/TFG_Vivado/demo/course_s2_Vitis/01_ps_hello/vitis/design_1_wrapper/psu_cortexa53_0/standalone_psu_cortexa53_0/bsp/system.mss|system_1||
C:/TFG_Vivado/demo/course_s2_Vitis/01_ps_hello/vitis/design_1_wrapper/zynqmp_fsbl/zynqmp_fsbl_bsp/system.mss|system||
C:/TFG_Vivado/demo/course_s2_Vitis/01_ps_hello/vitis/design_1_wrapper/zynqmp_pmufw/zynqmp_pmufw_bsp/system.mss|system_0||

TRACE::2026-01-26.17:21:53::SCWMssOS::Sw design exists and opened at  C:/TFG_Vivado/demo/course_s2_Vitis/01_ps_hello/vitis/design_1_wrapper/zynqmp_pmufw/zynqmp_pmufw_bsp/system.mss
TRACE::2026-01-26.17:21:53::SCWPlatform::Trying to open the hw design at C:/TFG_Vivado/demo/course_s2_Vitis/01_ps_hello/vitis/design_1_wrapper/hw/design_1_wrapper.xsa
TRACE::2026-01-26.17:21:53::SCWPlatform::DSA given C:/TFG_Vivado/demo/course_s2_Vitis/01_ps_hello/vitis/design_1_wrapper/hw/design_1_wrapper.xsa
TRACE::2026-01-26.17:21:53::SCWPlatform::DSA absoulate path C:/TFG_Vivado/demo/course_s2_Vitis/01_ps_hello/vitis/design_1_wrapper/hw/design_1_wrapper.xsa
TRACE::2026-01-26.17:21:53::SCWPlatform::DSA directory C:/TFG_Vivado/demo/course_s2_Vitis/01_ps_hello/vitis/design_1_wrapper/hw
TRACE::2026-01-26.17:21:53::SCWPlatform:: Platform Path C:/TFG_Vivado/demo/course_s2_Vitis/01_ps_hello/vitis/design_1_wrapper/hw/design_1_wrapper.xsa
TRACE::2026-01-26.17:21:53::SCWPlatform:: Unique name xilinx:::0.0
TRACE::2026-01-26.17:21:53::SCWPlatform::Trying to set the existing hwdb with name design_1_wrapper_0
TRACE::2026-01-26.17:21:53::SCWPlatform::Opened existing hwdb design_1_wrapper_0
TRACE::2026-01-26.17:21:53::SCWPlatform::Found the Hw Db part of the input DSA
TRACE::2026-01-26.17:21:53::SCWMssOS::Checking the sw design at  C:/TFG_Vivado/demo/course_s2_Vitis/01_ps_hello/vitis/design_1_wrapper/zynqmp_pmufw/zynqmp_pmufw_bsp/system.mss
TRACE::2026-01-26.17:21:53::SCWMssOS::DEBUG:  swdes dump  C:/TFG_Vivado/demo/course_s2_Vitis/01_ps_hello/vitis/design_1_wrapper/psu_cortexa53_0/standalone_psu_cortexa53_0/bsp/system.mss|system_1||
C:/TFG_Vivado/demo/course_s2_Vitis/01_ps_hello/vitis/design_1_wrapper/zynqmp_fsbl/zynqmp_fsbl_bsp/system.mss|system||
C:/TFG_Vivado/demo/course_s2_Vitis/01_ps_hello/vitis/design_1_wrapper/zynqmp_pmufw/zynqmp_pmufw_bsp/system.mss|system_0||

TRACE::2026-01-26.17:21:53::SCWMssOS::Sw design exists and opened at  C:/TFG_Vivado/demo/course_s2_Vitis/01_ps_hello/vitis/design_1_wrapper/zynqmp_pmufw/zynqmp_pmufw_bsp/system.mss
TRACE::2026-01-26.17:21:53::SCWPlatform::Trying to open the hw design at C:/TFG_Vivado/demo/course_s2_Vitis/01_ps_hello/vitis/design_1_wrapper/hw/design_1_wrapper.xsa
TRACE::2026-01-26.17:21:53::SCWPlatform::DSA given C:/TFG_Vivado/demo/course_s2_Vitis/01_ps_hello/vitis/design_1_wrapper/hw/design_1_wrapper.xsa
TRACE::2026-01-26.17:21:53::SCWPlatform::DSA absoulate path C:/TFG_Vivado/demo/course_s2_Vitis/01_ps_hello/vitis/design_1_wrapper/hw/design_1_wrapper.xsa
TRACE::2026-01-26.17:21:53::SCWPlatform::DSA directory C:/TFG_Vivado/demo/course_s2_Vitis/01_ps_hello/vitis/design_1_wrapper/hw
TRACE::2026-01-26.17:21:53::SCWPlatform:: Platform Path C:/TFG_Vivado/demo/course_s2_Vitis/01_ps_hello/vitis/design_1_wrapper/hw/design_1_wrapper.xsa
TRACE::2026-01-26.17:21:53::SCWPlatform:: Unique name xilinx:::0.0
TRACE::2026-01-26.17:21:53::SCWPlatform::Trying to set the existing hwdb with name design_1_wrapper_0
TRACE::2026-01-26.17:21:53::SCWPlatform::Opened existing hwdb design_1_wrapper_0
TRACE::2026-01-26.17:21:53::SCWPlatform::Found the Hw Db part of the input DSA
TRACE::2026-01-26.17:21:53::SCWMssOS::Checking the sw design at  C:/TFG_Vivado/demo/course_s2_Vitis/01_ps_hello/vitis/design_1_wrapper/zynqmp_pmufw/zynqmp_pmufw_bsp/system.mss
TRACE::2026-01-26.17:21:53::SCWMssOS::DEBUG:  swdes dump  C:/TFG_Vivado/demo/course_s2_Vitis/01_ps_hello/vitis/design_1_wrapper/psu_cortexa53_0/standalone_psu_cortexa53_0/bsp/system.mss|system_1||
C:/TFG_Vivado/demo/course_s2_Vitis/01_ps_hello/vitis/design_1_wrapper/zynqmp_fsbl/zynqmp_fsbl_bsp/system.mss|system||
C:/TFG_Vivado/demo/course_s2_Vitis/01_ps_hello/vitis/design_1_wrapper/zynqmp_pmufw/zynqmp_pmufw_bsp/system.mss|system_0||

TRACE::2026-01-26.17:21:53::SCWMssOS::Sw design exists and opened at  C:/TFG_Vivado/demo/course_s2_Vitis/01_ps_hello/vitis/design_1_wrapper/zynqmp_pmufw/zynqmp_pmufw_bsp/system.mss
TRACE::2026-01-26.17:21:53::SCWPlatform::Trying to open the hw design at C:/TFG_Vivado/demo/course_s2_Vitis/01_ps_hello/vitis/design_1_wrapper/hw/design_1_wrapper.xsa
TRACE::2026-01-26.17:21:53::SCWPlatform::DSA given C:/TFG_Vivado/demo/course_s2_Vitis/01_ps_hello/vitis/design_1_wrapper/hw/design_1_wrapper.xsa
TRACE::2026-01-26.17:21:53::SCWPlatform::DSA absoulate path C:/TFG_Vivado/demo/course_s2_Vitis/01_ps_hello/vitis/design_1_wrapper/hw/design_1_wrapper.xsa
TRACE::2026-01-26.17:21:53::SCWPlatform::DSA directory C:/TFG_Vivado/demo/course_s2_Vitis/01_ps_hello/vitis/design_1_wrapper/hw
TRACE::2026-01-26.17:21:53::SCWPlatform:: Platform Path C:/TFG_Vivado/demo/course_s2_Vitis/01_ps_hello/vitis/design_1_wrapper/hw/design_1_wrapper.xsa
TRACE::2026-01-26.17:21:53::SCWPlatform:: Unique name xilinx:::0.0
TRACE::2026-01-26.17:21:53::SCWPlatform::Trying to set the existing hwdb with name design_1_wrapper_0
TRACE::2026-01-26.17:21:53::SCWPlatform::Opened existing hwdb design_1_wrapper_0
TRACE::2026-01-26.17:21:53::SCWPlatform::Found the Hw Db part of the input DSA
TRACE::2026-01-26.17:21:53::SCWMssOS::Checking the sw design at  C:/TFG_Vivado/demo/course_s2_Vitis/01_ps_hello/vitis/design_1_wrapper/psu_cortexa53_0/standalone_psu_cortexa53_0/bsp/system.mss
TRACE::2026-01-26.17:21:53::SCWMssOS::DEBUG:  swdes dump  C:/TFG_Vivado/demo/course_s2_Vitis/01_ps_hello/vitis/design_1_wrapper/psu_cortexa53_0/standalone_psu_cortexa53_0/bsp/system.mss|system_1||
C:/TFG_Vivado/demo/course_s2_Vitis/01_ps_hello/vitis/design_1_wrapper/zynqmp_fsbl/zynqmp_fsbl_bsp/system.mss|system||
C:/TFG_Vivado/demo/course_s2_Vitis/01_ps_hello/vitis/design_1_wrapper/zynqmp_pmufw/zynqmp_pmufw_bsp/system.mss|system_0||

TRACE::2026-01-26.17:21:53::SCWMssOS::Sw design exists and opened at  C:/TFG_Vivado/demo/course_s2_Vitis/01_ps_hello/vitis/design_1_wrapper/psu_cortexa53_0/standalone_psu_cortexa53_0/bsp/system.mss
TRACE::2026-01-26.17:21:53::SCWPlatform::Trying to open the hw design at C:/TFG_Vivado/demo/course_s2_Vitis/01_ps_hello/vitis/design_1_wrapper/hw/design_1_wrapper.xsa
TRACE::2026-01-26.17:21:53::SCWPlatform::DSA given C:/TFG_Vivado/demo/course_s2_Vitis/01_ps_hello/vitis/design_1_wrapper/hw/design_1_wrapper.xsa
TRACE::2026-01-26.17:21:53::SCWPlatform::DSA absoulate path C:/TFG_Vivado/demo/course_s2_Vitis/01_ps_hello/vitis/design_1_wrapper/hw/design_1_wrapper.xsa
TRACE::2026-01-26.17:21:53::SCWPlatform::DSA directory C:/TFG_Vivado/demo/course_s2_Vitis/01_ps_hello/vitis/design_1_wrapper/hw
TRACE::2026-01-26.17:21:53::SCWPlatform:: Platform Path C:/TFG_Vivado/demo/course_s2_Vitis/01_ps_hello/vitis/design_1_wrapper/hw/design_1_wrapper.xsa
TRACE::2026-01-26.17:21:53::SCWPlatform:: Unique name xilinx:::0.0
TRACE::2026-01-26.17:21:53::SCWPlatform::Trying to set the existing hwdb with name design_1_wrapper_0
TRACE::2026-01-26.17:21:53::SCWPlatform::Opened existing hwdb design_1_wrapper_0
TRACE::2026-01-26.17:21:53::SCWPlatform::Found the Hw Db part of the input DSA
TRACE::2026-01-26.17:21:53::SCWMssOS::Checking the sw design at  C:/TFG_Vivado/demo/course_s2_Vitis/01_ps_hello/vitis/design_1_wrapper/psu_cortexa53_0/standalone_psu_cortexa53_0/bsp/system.mss
TRACE::2026-01-26.17:21:53::SCWMssOS::DEBUG:  swdes dump  C:/TFG_Vivado/demo/course_s2_Vitis/01_ps_hello/vitis/design_1_wrapper/psu_cortexa53_0/standalone_psu_cortexa53_0/bsp/system.mss|system_1||
C:/TFG_Vivado/demo/course_s2_Vitis/01_ps_hello/vitis/design_1_wrapper/zynqmp_fsbl/zynqmp_fsbl_bsp/system.mss|system||
C:/TFG_Vivado/demo/course_s2_Vitis/01_ps_hello/vitis/design_1_wrapper/zynqmp_pmufw/zynqmp_pmufw_bsp/system.mss|system_0||

TRACE::2026-01-26.17:21:53::SCWMssOS::Sw design exists and opened at  C:/TFG_Vivado/demo/course_s2_Vitis/01_ps_hello/vitis/design_1_wrapper/psu_cortexa53_0/standalone_psu_cortexa53_0/bsp/system.mss
TRACE::2026-01-26.17:21:53::SCWPlatform::Trying to open the hw design at C:/TFG_Vivado/demo/course_s2_Vitis/01_ps_hello/vitis/design_1_wrapper/hw/design_1_wrapper.xsa
TRACE::2026-01-26.17:21:53::SCWPlatform::DSA given C:/TFG_Vivado/demo/course_s2_Vitis/01_ps_hello/vitis/design_1_wrapper/hw/design_1_wrapper.xsa
TRACE::2026-01-26.17:21:53::SCWPlatform::DSA absoulate path C:/TFG_Vivado/demo/course_s2_Vitis/01_ps_hello/vitis/design_1_wrapper/hw/design_1_wrapper.xsa
TRACE::2026-01-26.17:21:53::SCWPlatform::DSA directory C:/TFG_Vivado/demo/course_s2_Vitis/01_ps_hello/vitis/design_1_wrapper/hw
TRACE::2026-01-26.17:21:53::SCWPlatform:: Platform Path C:/TFG_Vivado/demo/course_s2_Vitis/01_ps_hello/vitis/design_1_wrapper/hw/design_1_wrapper.xsa
TRACE::2026-01-26.17:21:53::SCWPlatform:: Unique name xilinx:::0.0
TRACE::2026-01-26.17:21:53::SCWPlatform::Trying to set the existing hwdb with name design_1_wrapper_0
TRACE::2026-01-26.17:21:53::SCWPlatform::Opened existing hwdb design_1_wrapper_0
TRACE::2026-01-26.17:21:53::SCWPlatform::Found the Hw Db part of the input DSA
TRACE::2026-01-26.17:21:53::SCWMssOS::Checking the sw design at  C:/TFG_Vivado/demo/course_s2_Vitis/01_ps_hello/vitis/design_1_wrapper/psu_cortexa53_0/standalone_psu_cortexa53_0/bsp/system.mss
TRACE::2026-01-26.17:21:53::SCWMssOS::DEBUG:  swdes dump  C:/TFG_Vivado/demo/course_s2_Vitis/01_ps_hello/vitis/design_1_wrapper/psu_cortexa53_0/standalone_psu_cortexa53_0/bsp/system.mss|system_1||
C:/TFG_Vivado/demo/course_s2_Vitis/01_ps_hello/vitis/design_1_wrapper/zynqmp_fsbl/zynqmp_fsbl_bsp/system.mss|system||
C:/TFG_Vivado/demo/course_s2_Vitis/01_ps_hello/vitis/design_1_wrapper/zynqmp_pmufw/zynqmp_pmufw_bsp/system.mss|system_0||

TRACE::2026-01-26.17:21:53::SCWMssOS::Sw design exists and opened at  C:/TFG_Vivado/demo/course_s2_Vitis/01_ps_hello/vitis/design_1_wrapper/psu_cortexa53_0/standalone_psu_cortexa53_0/bsp/system.mss
TRACE::2026-01-26.17:21:53::SCWWriter::formatted JSON is {
	"platformName":	"design_1_wrapper",
	"sprVersion":	"2.0",
	"mode":	"gui",
	"dsaType":	"Fixed",
	"platformDesc":	"design_1_wrapper",
	"platHandOff":	"<platformDir>.xsa",
	"platIntHandOff":	"<platformDir>/hw/design_1_wrapper.xsa",
	"deviceType":	"zynqMP",
	"platIsPrebuiltAutogen":	"false",
	"platIsNoBootBsp":	"false",
	"platFsblTarget":	"psu_cortexa53_0",
	"hasFsblMakeHasChanges":	"false",
	"hasPmufwMakeHasChanges":	"false",
	"fsblExtraCompilerFlags":	"-MMD -MP      -Wall -fmessage-length=0 -DARMA53_64 -Os -flto -ffat-lto-objects  ",
	"pmufwExtraCompilerFlags":	"-MMD -MP      -mlittle-endian -mxl-barrel-shift -mxl-pattern-compare -mcpu=v9.2 -mxl-soft-mul -Os -flto -ffat-lto-objects  ",
	"platPreBuiltFlag":	false,
	"platformSamplesDir":	"",
	"platActiveSys":	"design_1_wrapper",
	"systems":	[{
			"systemName":	"design_1_wrapper",
			"systemDesc":	"design_1_wrapper",
			"sysIsBootAutoGen":	"true",
			"systemDispName":	"design_1_wrapper",
			"sysActiveDom":	"standalone_psu_cortexa53_0",
			"sysDefaultDom":	"standalone_psu_cortexa53_0",
			"domains":	[{
					"domainName":	"zynqmp_fsbl",
					"domainDispName":	"zynqmp_fsbl",
					"domainDesc":	"FSBL Application BSP - Auto Generated.",
					"processors":	"psu_cortexa53_0",
					"os":	"standalone",
					"sdxOs":	"standalone",
					"debugEnable":	"",
					"domRuntimes":	["cpp"],
					"swRepo":	"",
					"mssOsVer":	"8.1",
					"mssFile":	"",
					"md5Digest":	"50ffef4a883d3ea676765d60b786a6e4",
					"compatibleApp":	"zynqmp_fsbl",
					"domType":	"bootDomain",
					"arch":	"64-bit",
					"appSettings":	{
						"appCompilerFlags":	"",
						"appLinkerFlags":	""
					},
					"addedLibs":	["xilffs:5.0", "xilsecure:5.1", "xilpm:5.0"],
					"libOptions":	{
						"standalone":	{
							"zynqmp_fsbl_bsp":	"true",
							"libOptionNames":	["zynqmp_fsbl_bsp"]
						},
						"xilffs":	{
							"read_only":	"true",
							"use_mkfs":	"false",
							"libOptionNames":	["read_only", "use_mkfs"]
						},
						"xilsecure":	{
							"tpm_support":	"true",
							"libOptionNames":	["tpm_support"]
						},
						"libsContainingOptions":	["standalone", "xilffs", "xilsecure"]
					},
					"prebuiltLibs":	{
						"prebuiltIncPath":	[],
						"prebuiltLibPath":	[]
					},
					"isolation":	{
					}
				}, {
					"domainName":	"zynqmp_pmufw",
					"domainDispName":	"zynqmp_pmufw",
					"domainDesc":	"PMUFW Application BSP - Auto Generated.",
					"processors":	"psu_pmu_0",
					"os":	"standalone",
					"sdxOs":	"standalone",
					"debugEnable":	"",
					"domRuntimes":	["cpp"],
					"swRepo":	"",
					"mssOsVer":	"8.1",
					"mssFile":	"",
					"md5Digest":	"f53f944c509d63eeaedc429f0d902726",
					"compatibleApp":	"zynqmp_pmufw",
					"domType":	"bootDomain",
					"arch":	"32-bit",
					"appSettings":	{
						"appCompilerFlags":	"",
						"appLinkerFlags":	""
					},
					"addedLibs":	["xilfpga:6.4", "xilsecure:5.1", "xilskey:7.4"],
					"libOptions":	{
						"psu_pmu_0":	{
							"extra_compiler_flags":	"-g -ffunction-sections -fdata-sections -Wall -Wextra -fno-tree-loop-distribute-patterns  -Os -flto -ffat-lto-objects",
							"libOptionNames":	["extra_compiler_flags"]
						},
						"libsContainingOptions":	["psu_pmu_0"]
					},
					"prebuiltLibs":	{
						"prebuiltIncPath":	[],
						"prebuiltLibPath":	[]
					},
					"isolation":	{
					}
				}, {
					"domainName":	"standalone_psu_cortexa53_0",
					"domainDispName":	"standalone_psu_cortexa53_0",
					"domainDesc":	"standalone_psu_cortexa53_0",
					"processors":	"psu_cortexa53_0",
					"os":	"standalone",
					"sdxOs":	"standalone",
					"qemuArgs":	"<platformDir>/resources/design_1_wrapper/standalone_psu_cortexa53_0/qemu_args.txt",
					"qemuData":	"<platformDir>/resources/design_1_wrapper/standalone_psu_cortexa53_0/qemu",
					"pmuQemuArgs":	"<platformDir>/resources/design_1_wrapper/standalone_psu_cortexa53_0/pmu_args.txt",
					"debugEnable":	"False",
					"domRuntimes":	["cpp"],
					"swRepo":	"",
					"mssOsVer":	"8.1",
					"mssFile":	"",
					"md5Digest":	"7824a2544f94f615c7699fb2e7b9fe4e",
					"compatibleApp":	"hello_world",
					"domType":	"mssDomain",
					"arch":	"64-bit",
					"appSettings":	{
						"appCompilerFlags":	"",
						"appLinkerFlags":	""
					},
					"addedLibs":	[],
					"libOptions":	{
						"libsContainingOptions":	[]
					},
					"prebuiltLibs":	{
						"prebuiltIncPath":	[],
						"prebuiltLibPath":	[]
					},
					"isolation":	{
					}
				}]
		}]
}
KEYINFO::2026-01-26.17:21:53::SCWPlatform::updated the xpfm file.
TRACE::2026-01-26.17:21:54::SCWPlatform::Trying to open the hw design at C:/TFG_Vivado/demo/course_s2_Vitis/01_ps_hello/vitis/design_1_wrapper/hw/design_1_wrapper.xsa
TRACE::2026-01-26.17:21:54::SCWPlatform::DSA given C:/TFG_Vivado/demo/course_s2_Vitis/01_ps_hello/vitis/design_1_wrapper/hw/design_1_wrapper.xsa
TRACE::2026-01-26.17:21:54::SCWPlatform::DSA absoulate path C:/TFG_Vivado/demo/course_s2_Vitis/01_ps_hello/vitis/design_1_wrapper/hw/design_1_wrapper.xsa
TRACE::2026-01-26.17:21:54::SCWPlatform::DSA directory C:/TFG_Vivado/demo/course_s2_Vitis/01_ps_hello/vitis/design_1_wrapper/hw
TRACE::2026-01-26.17:21:54::SCWPlatform:: Platform Path C:/TFG_Vivado/demo/course_s2_Vitis/01_ps_hello/vitis/design_1_wrapper/hw/design_1_wrapper.xsa
TRACE::2026-01-26.17:21:54::SCWPlatform:: Unique name xilinx:::0.0
TRACE::2026-01-26.17:21:54::SCWPlatform::Trying to set the existing hwdb with name design_1_wrapper_0
TRACE::2026-01-26.17:21:54::SCWPlatform::Opened existing hwdb design_1_wrapper_0
TRACE::2026-01-26.17:21:54::SCWPlatform::Found the Hw Db part of the input DSA
TRACE::2026-01-26.17:21:54::SCWMssOS::Checking the sw design at  C:/TFG_Vivado/demo/course_s2_Vitis/01_ps_hello/vitis/design_1_wrapper/psu_cortexa53_0/standalone_psu_cortexa53_0/bsp/system.mss
TRACE::2026-01-26.17:21:54::SCWMssOS::DEBUG:  swdes dump  C:/TFG_Vivado/demo/course_s2_Vitis/01_ps_hello/vitis/design_1_wrapper/psu_cortexa53_0/standalone_psu_cortexa53_0/bsp/system.mss|system_1||
C:/TFG_Vivado/demo/course_s2_Vitis/01_ps_hello/vitis/design_1_wrapper/zynqmp_fsbl/zynqmp_fsbl_bsp/system.mss|system||
C:/TFG_Vivado/demo/course_s2_Vitis/01_ps_hello/vitis/design_1_wrapper/zynqmp_pmufw/zynqmp_pmufw_bsp/system.mss|system_0||

TRACE::2026-01-26.17:21:54::SCWMssOS::Sw design exists and opened at  C:/TFG_Vivado/demo/course_s2_Vitis/01_ps_hello/vitis/design_1_wrapper/psu_cortexa53_0/standalone_psu_cortexa53_0/bsp/system.mss
TRACE::2026-01-28.18:13:32::SCWPlatform::Trying to open the hw design at C:/TFG_Vivado/demo/course_s2_Vitis/01_ps_hello/vitis/design_1_wrapper/hw/design_1_wrapper.xsa
TRACE::2026-01-28.18:13:32::SCWPlatform::DSA given C:/TFG_Vivado/demo/course_s2_Vitis/01_ps_hello/vitis/design_1_wrapper/hw/design_1_wrapper.xsa
TRACE::2026-01-28.18:13:32::SCWPlatform::DSA absoulate path C:/TFG_Vivado/demo/course_s2_Vitis/01_ps_hello/vitis/design_1_wrapper/hw/design_1_wrapper.xsa
TRACE::2026-01-28.18:13:32::SCWPlatform::DSA directory C:/TFG_Vivado/demo/course_s2_Vitis/01_ps_hello/vitis/design_1_wrapper/hw
TRACE::2026-01-28.18:13:32::SCWPlatform:: Platform Path C:/TFG_Vivado/demo/course_s2_Vitis/01_ps_hello/vitis/design_1_wrapper/hw/design_1_wrapper.xsa
TRACE::2026-01-28.18:13:32::SCWPlatform:: Unique name xilinx:::0.0
TRACE::2026-01-28.18:13:32::SCWPlatform::Do not have an existing db opened. 
TRACE::2026-01-28.18:13:38::SCWPlatform::Opened new HwDB with name design_1_wrapper
TRACE::2026-01-28.18:13:38::SCWReader::Active system found as  design_1_wrapper
TRACE::2026-01-28.18:13:38::SCWReader::Handling sysconfig design_1_wrapper
TRACE::2026-01-28.18:13:38::SCWDomain::checking for install qemu data   : 
TRACE::2026-01-28.18:13:38::SCWDomain:: Using the QEMU Data from install at  : C:/Xilinx/Vitis/2023.1/data/emulation/platforms/zynqmp/sw/a53_standalone/qemu/
TRACE::2026-01-28.18:13:38::SCWDomain:: Using the QEMU args  from install at  : C:/Xilinx/Vitis/2023.1/data/emulation/platforms/zynqmp/sw/a53_standalone/qemu/qemu_args.txt
TRACE::2026-01-28.18:13:38::SCWDomain:: Using the PMUQEMU args from install at  : C:/Xilinx/Vitis/2023.1/data/emulation/platforms/zynqmp/sw/a53_standalone/qemu/pmu_args.txt
TRACE::2026-01-28.18:13:38::SCWPlatform::Trying to open the hw design at C:/TFG_Vivado/demo/course_s2_Vitis/01_ps_hello/vitis/design_1_wrapper/hw/design_1_wrapper.xsa
TRACE::2026-01-28.18:13:38::SCWPlatform::DSA given C:/TFG_Vivado/demo/course_s2_Vitis/01_ps_hello/vitis/design_1_wrapper/hw/design_1_wrapper.xsa
TRACE::2026-01-28.18:13:38::SCWPlatform::DSA absoulate path C:/TFG_Vivado/demo/course_s2_Vitis/01_ps_hello/vitis/design_1_wrapper/hw/design_1_wrapper.xsa
TRACE::2026-01-28.18:13:38::SCWPlatform::DSA directory C:/TFG_Vivado/demo/course_s2_Vitis/01_ps_hello/vitis/design_1_wrapper/hw
TRACE::2026-01-28.18:13:38::SCWPlatform:: Platform Path C:/TFG_Vivado/demo/course_s2_Vitis/01_ps_hello/vitis/design_1_wrapper/hw/design_1_wrapper.xsa
TRACE::2026-01-28.18:13:38::SCWPlatform:: Unique name xilinx:::0.0
TRACE::2026-01-28.18:13:38::SCWPlatform::Trying to set the existing hwdb with name design_1_wrapper
TRACE::2026-01-28.18:13:38::SCWPlatform::Opened existing hwdb design_1_wrapper
TRACE::2026-01-28.18:13:38::SCWPlatform::Found the Hw Db part of the input DSA
TRACE::2026-01-28.18:13:38::SCWPlatform::Trying to open the hw design at C:/TFG_Vivado/demo/course_s2_Vitis/01_ps_hello/vitis/design_1_wrapper/hw/design_1_wrapper.xsa
TRACE::2026-01-28.18:13:38::SCWPlatform::DSA given C:/TFG_Vivado/demo/course_s2_Vitis/01_ps_hello/vitis/design_1_wrapper/hw/design_1_wrapper.xsa
TRACE::2026-01-28.18:13:38::SCWPlatform::DSA absoulate path C:/TFG_Vivado/demo/course_s2_Vitis/01_ps_hello/vitis/design_1_wrapper/hw/design_1_wrapper.xsa
TRACE::2026-01-28.18:13:38::SCWPlatform::DSA directory C:/TFG_Vivado/demo/course_s2_Vitis/01_ps_hello/vitis/design_1_wrapper/hw
TRACE::2026-01-28.18:13:38::SCWPlatform:: Platform Path C:/TFG_Vivado/demo/course_s2_Vitis/01_ps_hello/vitis/design_1_wrapper/hw/design_1_wrapper.xsa
TRACE::2026-01-28.18:13:38::SCWPlatform:: Unique name xilinx:::0.0
TRACE::2026-01-28.18:13:38::SCWPlatform::Trying to set the existing hwdb with name design_1_wrapper
TRACE::2026-01-28.18:13:38::SCWPlatform::Opened existing hwdb design_1_wrapper
TRACE::2026-01-28.18:13:38::SCWPlatform::Found the Hw Db part of the input DSA
TRACE::2026-01-28.18:13:38::SCWPlatform::Trying to open the hw design at C:/TFG_Vivado/demo/course_s2_Vitis/01_ps_hello/vitis/design_1_wrapper/hw/design_1_wrapper.xsa
TRACE::2026-01-28.18:13:38::SCWPlatform::DSA given C:/TFG_Vivado/demo/course_s2_Vitis/01_ps_hello/vitis/design_1_wrapper/hw/design_1_wrapper.xsa
TRACE::2026-01-28.18:13:38::SCWPlatform::DSA absoulate path C:/TFG_Vivado/demo/course_s2_Vitis/01_ps_hello/vitis/design_1_wrapper/hw/design_1_wrapper.xsa
TRACE::2026-01-28.18:13:38::SCWPlatform::DSA directory C:/TFG_Vivado/demo/course_s2_Vitis/01_ps_hello/vitis/design_1_wrapper/hw
TRACE::2026-01-28.18:13:38::SCWPlatform:: Platform Path C:/TFG_Vivado/demo/course_s2_Vitis/01_ps_hello/vitis/design_1_wrapper/hw/design_1_wrapper.xsa
TRACE::2026-01-28.18:13:38::SCWPlatform:: Unique name xilinx:::0.0
TRACE::2026-01-28.18:13:38::SCWPlatform::Trying to set the existing hwdb with name design_1_wrapper
TRACE::2026-01-28.18:13:38::SCWPlatform::Opened existing hwdb design_1_wrapper
TRACE::2026-01-28.18:13:38::SCWPlatform::Found the Hw Db part of the input DSA
TRACE::2026-01-28.18:13:38::SCWReader::Boot application domain added for zynqmp_fsbl
TRACE::2026-01-28.18:13:38::SCWPlatform::Trying to open the hw design at C:/TFG_Vivado/demo/course_s2_Vitis/01_ps_hello/vitis/design_1_wrapper/hw/design_1_wrapper.xsa
TRACE::2026-01-28.18:13:38::SCWPlatform::DSA given C:/TFG_Vivado/demo/course_s2_Vitis/01_ps_hello/vitis/design_1_wrapper/hw/design_1_wrapper.xsa
TRACE::2026-01-28.18:13:38::SCWPlatform::DSA absoulate path C:/TFG_Vivado/demo/course_s2_Vitis/01_ps_hello/vitis/design_1_wrapper/hw/design_1_wrapper.xsa
TRACE::2026-01-28.18:13:38::SCWPlatform::DSA directory C:/TFG_Vivado/demo/course_s2_Vitis/01_ps_hello/vitis/design_1_wrapper/hw
TRACE::2026-01-28.18:13:38::SCWPlatform:: Platform Path C:/TFG_Vivado/demo/course_s2_Vitis/01_ps_hello/vitis/design_1_wrapper/hw/design_1_wrapper.xsa
TRACE::2026-01-28.18:13:38::SCWPlatform:: Unique name xilinx:::0.0
TRACE::2026-01-28.18:13:38::SCWPlatform::Trying to set the existing hwdb with name design_1_wrapper
TRACE::2026-01-28.18:13:38::SCWPlatform::Opened existing hwdb design_1_wrapper
TRACE::2026-01-28.18:13:38::SCWPlatform::Found the Hw Db part of the input DSA
TRACE::2026-01-28.18:13:38::SCWMssOS::Checking the sw design at  C:/TFG_Vivado/demo/course_s2_Vitis/01_ps_hello/vitis/design_1_wrapper/zynqmp_fsbl/zynqmp_fsbl_bsp/system.mss
TRACE::2026-01-28.18:13:38::SCWMssOS::DEBUG:  swdes dump  
TRACE::2026-01-28.18:13:38::SCWMssOS::No sw design opened at  C:/TFG_Vivado/demo/course_s2_Vitis/01_ps_hello/vitis/design_1_wrapper/zynqmp_fsbl/zynqmp_fsbl_bsp/system.mss
TRACE::2026-01-28.18:13:38::SCWMssOS::mss exists loading the mss file  C:/TFG_Vivado/demo/course_s2_Vitis/01_ps_hello/vitis/design_1_wrapper/zynqmp_fsbl/zynqmp_fsbl_bsp/system.mss
TRACE::2026-01-28.18:13:38::SCWMssOS::Opened the sw design from mss  C:/TFG_Vivado/demo/course_s2_Vitis/01_ps_hello/vitis/design_1_wrapper/zynqmp_fsbl/zynqmp_fsbl_bsp/system.mss
TRACE::2026-01-28.18:13:38::SCWMssOS::Adding the swdes entry C:/TFG_Vivado/demo/course_s2_Vitis/01_ps_hello/vitis/design_1_wrapper/zynqmp_fsbl/zynqmp_fsbl_bsp/system.mss with des name system
TRACE::2026-01-28.18:13:38::SCWMssOS::updating the scw layer about changes
TRACE::2026-01-28.18:13:38::SCWMssOS::Opened the sw design.  C:/TFG_Vivado/demo/course_s2_Vitis/01_ps_hello/vitis/design_1_wrapper/zynqmp_fsbl/zynqmp_fsbl_bsp/system.mss
TRACE::2026-01-28.18:13:38::SCWPlatform::Trying to open the hw design at C:/TFG_Vivado/demo/course_s2_Vitis/01_ps_hello/vitis/design_1_wrapper/hw/design_1_wrapper.xsa
TRACE::2026-01-28.18:13:38::SCWPlatform::DSA given C:/TFG_Vivado/demo/course_s2_Vitis/01_ps_hello/vitis/design_1_wrapper/hw/design_1_wrapper.xsa
TRACE::2026-01-28.18:13:38::SCWPlatform::DSA absoulate path C:/TFG_Vivado/demo/course_s2_Vitis/01_ps_hello/vitis/design_1_wrapper/hw/design_1_wrapper.xsa
TRACE::2026-01-28.18:13:38::SCWPlatform::DSA directory C:/TFG_Vivado/demo/course_s2_Vitis/01_ps_hello/vitis/design_1_wrapper/hw
TRACE::2026-01-28.18:13:38::SCWPlatform:: Platform Path C:/TFG_Vivado/demo/course_s2_Vitis/01_ps_hello/vitis/design_1_wrapper/hw/design_1_wrapper.xsa
TRACE::2026-01-28.18:13:38::SCWPlatform:: Unique name xilinx:::0.0
TRACE::2026-01-28.18:13:38::SCWPlatform::Trying to set the existing hwdb with name design_1_wrapper
TRACE::2026-01-28.18:13:38::SCWPlatform::Opened existing hwdb design_1_wrapper
TRACE::2026-01-28.18:13:38::SCWPlatform::Found the Hw Db part of the input DSA
TRACE::2026-01-28.18:13:38::SCWMssOS::Checking the sw design at  C:/TFG_Vivado/demo/course_s2_Vitis/01_ps_hello/vitis/design_1_wrapper/zynqmp_fsbl/zynqmp_fsbl_bsp/system.mss
TRACE::2026-01-28.18:13:38::SCWMssOS::DEBUG:  swdes dump  C:/TFG_Vivado/demo/course_s2_Vitis/01_ps_hello/vitis/design_1_wrapper/zynqmp_fsbl/zynqmp_fsbl_bsp/system.mss|system||

TRACE::2026-01-28.18:13:38::SCWMssOS::Sw design exists and opened at  C:/TFG_Vivado/demo/course_s2_Vitis/01_ps_hello/vitis/design_1_wrapper/zynqmp_fsbl/zynqmp_fsbl_bsp/system.mss
TRACE::2026-01-28.18:13:38::SCWMssOS:: library already available in sw design:  xilffs:5.0
TRACE::2026-01-28.18:13:38::SCWPlatform::Trying to open the hw design at C:/TFG_Vivado/demo/course_s2_Vitis/01_ps_hello/vitis/design_1_wrapper/hw/design_1_wrapper.xsa
TRACE::2026-01-28.18:13:38::SCWPlatform::DSA given C:/TFG_Vivado/demo/course_s2_Vitis/01_ps_hello/vitis/design_1_wrapper/hw/design_1_wrapper.xsa
TRACE::2026-01-28.18:13:38::SCWPlatform::DSA absoulate path C:/TFG_Vivado/demo/course_s2_Vitis/01_ps_hello/vitis/design_1_wrapper/hw/design_1_wrapper.xsa
TRACE::2026-01-28.18:13:38::SCWPlatform::DSA directory C:/TFG_Vivado/demo/course_s2_Vitis/01_ps_hello/vitis/design_1_wrapper/hw
TRACE::2026-01-28.18:13:38::SCWPlatform:: Platform Path C:/TFG_Vivado/demo/course_s2_Vitis/01_ps_hello/vitis/design_1_wrapper/hw/design_1_wrapper.xsa
TRACE::2026-01-28.18:13:38::SCWPlatform:: Unique name xilinx:::0.0
TRACE::2026-01-28.18:13:38::SCWPlatform::Trying to set the existing hwdb with name design_1_wrapper
TRACE::2026-01-28.18:13:38::SCWPlatform::Opened existing hwdb design_1_wrapper
TRACE::2026-01-28.18:13:38::SCWPlatform::Found the Hw Db part of the input DSA
TRACE::2026-01-28.18:13:38::SCWMssOS::Checking the sw design at  C:/TFG_Vivado/demo/course_s2_Vitis/01_ps_hello/vitis/design_1_wrapper/zynqmp_fsbl/zynqmp_fsbl_bsp/system.mss
TRACE::2026-01-28.18:13:38::SCWMssOS::DEBUG:  swdes dump  C:/TFG_Vivado/demo/course_s2_Vitis/01_ps_hello/vitis/design_1_wrapper/zynqmp_fsbl/zynqmp_fsbl_bsp/system.mss|system||

TRACE::2026-01-28.18:13:38::SCWMssOS::Sw design exists and opened at  C:/TFG_Vivado/demo/course_s2_Vitis/01_ps_hello/vitis/design_1_wrapper/zynqmp_fsbl/zynqmp_fsbl_bsp/system.mss
TRACE::2026-01-28.18:13:38::SCWMssOS:: library already available in sw design:  xilsecure:5.1
TRACE::2026-01-28.18:13:38::SCWPlatform::Trying to open the hw design at C:/TFG_Vivado/demo/course_s2_Vitis/01_ps_hello/vitis/design_1_wrapper/hw/design_1_wrapper.xsa
TRACE::2026-01-28.18:13:38::SCWPlatform::DSA given C:/TFG_Vivado/demo/course_s2_Vitis/01_ps_hello/vitis/design_1_wrapper/hw/design_1_wrapper.xsa
TRACE::2026-01-28.18:13:38::SCWPlatform::DSA absoulate path C:/TFG_Vivado/demo/course_s2_Vitis/01_ps_hello/vitis/design_1_wrapper/hw/design_1_wrapper.xsa
TRACE::2026-01-28.18:13:38::SCWPlatform::DSA directory C:/TFG_Vivado/demo/course_s2_Vitis/01_ps_hello/vitis/design_1_wrapper/hw
TRACE::2026-01-28.18:13:38::SCWPlatform:: Platform Path C:/TFG_Vivado/demo/course_s2_Vitis/01_ps_hello/vitis/design_1_wrapper/hw/design_1_wrapper.xsa
TRACE::2026-01-28.18:13:38::SCWPlatform:: Unique name xilinx:::0.0
TRACE::2026-01-28.18:13:38::SCWPlatform::Trying to set the existing hwdb with name design_1_wrapper
TRACE::2026-01-28.18:13:38::SCWPlatform::Opened existing hwdb design_1_wrapper
TRACE::2026-01-28.18:13:38::SCWPlatform::Found the Hw Db part of the input DSA
TRACE::2026-01-28.18:13:38::SCWMssOS::Checking the sw design at  C:/TFG_Vivado/demo/course_s2_Vitis/01_ps_hello/vitis/design_1_wrapper/zynqmp_fsbl/zynqmp_fsbl_bsp/system.mss
TRACE::2026-01-28.18:13:38::SCWMssOS::DEBUG:  swdes dump  C:/TFG_Vivado/demo/course_s2_Vitis/01_ps_hello/vitis/design_1_wrapper/zynqmp_fsbl/zynqmp_fsbl_bsp/system.mss|system||

TRACE::2026-01-28.18:13:38::SCWMssOS::Sw design exists and opened at  C:/TFG_Vivado/demo/course_s2_Vitis/01_ps_hello/vitis/design_1_wrapper/zynqmp_fsbl/zynqmp_fsbl_bsp/system.mss
TRACE::2026-01-28.18:13:38::SCWMssOS:: library already available in sw design:  xilpm:5.0
TRACE::2026-01-28.18:13:38::SCWPlatform::Trying to open the hw design at C:/TFG_Vivado/demo/course_s2_Vitis/01_ps_hello/vitis/design_1_wrapper/hw/design_1_wrapper.xsa
TRACE::2026-01-28.18:13:38::SCWPlatform::DSA given C:/TFG_Vivado/demo/course_s2_Vitis/01_ps_hello/vitis/design_1_wrapper/hw/design_1_wrapper.xsa
TRACE::2026-01-28.18:13:38::SCWPlatform::DSA absoulate path C:/TFG_Vivado/demo/course_s2_Vitis/01_ps_hello/vitis/design_1_wrapper/hw/design_1_wrapper.xsa
TRACE::2026-01-28.18:13:38::SCWPlatform::DSA directory C:/TFG_Vivado/demo/course_s2_Vitis/01_ps_hello/vitis/design_1_wrapper/hw
TRACE::2026-01-28.18:13:38::SCWPlatform:: Platform Path C:/TFG_Vivado/demo/course_s2_Vitis/01_ps_hello/vitis/design_1_wrapper/hw/design_1_wrapper.xsa
TRACE::2026-01-28.18:13:38::SCWPlatform:: Unique name xilinx:::0.0
TRACE::2026-01-28.18:13:38::SCWPlatform::Trying to set the existing hwdb with name design_1_wrapper
TRACE::2026-01-28.18:13:38::SCWPlatform::Opened existing hwdb design_1_wrapper
TRACE::2026-01-28.18:13:38::SCWPlatform::Found the Hw Db part of the input DSA
TRACE::2026-01-28.18:13:38::SCWMssOS::Checking the sw design at  C:/TFG_Vivado/demo/course_s2_Vitis/01_ps_hello/vitis/design_1_wrapper/zynqmp_fsbl/zynqmp_fsbl_bsp/system.mss
TRACE::2026-01-28.18:13:38::SCWMssOS::DEBUG:  swdes dump  C:/TFG_Vivado/demo/course_s2_Vitis/01_ps_hello/vitis/design_1_wrapper/zynqmp_fsbl/zynqmp_fsbl_bsp/system.mss|system||

TRACE::2026-01-28.18:13:38::SCWMssOS::Sw design exists and opened at  C:/TFG_Vivado/demo/course_s2_Vitis/01_ps_hello/vitis/design_1_wrapper/zynqmp_fsbl/zynqmp_fsbl_bsp/system.mss
TRACE::2026-01-28.18:13:38::SCWPlatform::Trying to open the hw design at C:/TFG_Vivado/demo/course_s2_Vitis/01_ps_hello/vitis/design_1_wrapper/hw/design_1_wrapper.xsa
TRACE::2026-01-28.18:13:38::SCWPlatform::DSA given C:/TFG_Vivado/demo/course_s2_Vitis/01_ps_hello/vitis/design_1_wrapper/hw/design_1_wrapper.xsa
TRACE::2026-01-28.18:13:38::SCWPlatform::DSA absoulate path C:/TFG_Vivado/demo/course_s2_Vitis/01_ps_hello/vitis/design_1_wrapper/hw/design_1_wrapper.xsa
TRACE::2026-01-28.18:13:38::SCWPlatform::DSA directory C:/TFG_Vivado/demo/course_s2_Vitis/01_ps_hello/vitis/design_1_wrapper/hw
TRACE::2026-01-28.18:13:38::SCWPlatform:: Platform Path C:/TFG_Vivado/demo/course_s2_Vitis/01_ps_hello/vitis/design_1_wrapper/hw/design_1_wrapper.xsa
TRACE::2026-01-28.18:13:38::SCWPlatform:: Unique name xilinx:::0.0
TRACE::2026-01-28.18:13:38::SCWPlatform::Trying to set the existing hwdb with name design_1_wrapper
TRACE::2026-01-28.18:13:38::SCWPlatform::Opened existing hwdb design_1_wrapper
TRACE::2026-01-28.18:13:38::SCWPlatform::Found the Hw Db part of the input DSA
TRACE::2026-01-28.18:13:38::SCWMssOS::Checking the sw design at  C:/TFG_Vivado/demo/course_s2_Vitis/01_ps_hello/vitis/design_1_wrapper/zynqmp_fsbl/zynqmp_fsbl_bsp/system.mss
TRACE::2026-01-28.18:13:38::SCWMssOS::DEBUG:  swdes dump  C:/TFG_Vivado/demo/course_s2_Vitis/01_ps_hello/vitis/design_1_wrapper/zynqmp_fsbl/zynqmp_fsbl_bsp/system.mss|system||

TRACE::2026-01-28.18:13:38::SCWMssOS::Sw design exists and opened at  C:/TFG_Vivado/demo/course_s2_Vitis/01_ps_hello/vitis/design_1_wrapper/zynqmp_fsbl/zynqmp_fsbl_bsp/system.mss
TRACE::2026-01-28.18:13:38::SCWPlatform::Trying to open the hw design at C:/TFG_Vivado/demo/course_s2_Vitis/01_ps_hello/vitis/design_1_wrapper/hw/design_1_wrapper.xsa
TRACE::2026-01-28.18:13:38::SCWPlatform::DSA given C:/TFG_Vivado/demo/course_s2_Vitis/01_ps_hello/vitis/design_1_wrapper/hw/design_1_wrapper.xsa
TRACE::2026-01-28.18:13:38::SCWPlatform::DSA absoulate path C:/TFG_Vivado/demo/course_s2_Vitis/01_ps_hello/vitis/design_1_wrapper/hw/design_1_wrapper.xsa
TRACE::2026-01-28.18:13:38::SCWPlatform::DSA directory C:/TFG_Vivado/demo/course_s2_Vitis/01_ps_hello/vitis/design_1_wrapper/hw
TRACE::2026-01-28.18:13:38::SCWPlatform:: Platform Path C:/TFG_Vivado/demo/course_s2_Vitis/01_ps_hello/vitis/design_1_wrapper/hw/design_1_wrapper.xsa
TRACE::2026-01-28.18:13:38::SCWPlatform:: Unique name xilinx:::0.0
TRACE::2026-01-28.18:13:38::SCWPlatform::Trying to set the existing hwdb with name design_1_wrapper
TRACE::2026-01-28.18:13:38::SCWPlatform::Opened existing hwdb design_1_wrapper
TRACE::2026-01-28.18:13:38::SCWPlatform::Found the Hw Db part of the input DSA
TRACE::2026-01-28.18:13:38::SCWMssOS::Checking the sw design at  C:/TFG_Vivado/demo/course_s2_Vitis/01_ps_hello/vitis/design_1_wrapper/zynqmp_fsbl/zynqmp_fsbl_bsp/system.mss
TRACE::2026-01-28.18:13:38::SCWMssOS::DEBUG:  swdes dump  C:/TFG_Vivado/demo/course_s2_Vitis/01_ps_hello/vitis/design_1_wrapper/zynqmp_fsbl/zynqmp_fsbl_bsp/system.mss|system||

TRACE::2026-01-28.18:13:38::SCWMssOS::Sw design exists and opened at  C:/TFG_Vivado/demo/course_s2_Vitis/01_ps_hello/vitis/design_1_wrapper/zynqmp_fsbl/zynqmp_fsbl_bsp/system.mss
TRACE::2026-01-28.18:13:38::SCWPlatform::Trying to open the hw design at C:/TFG_Vivado/demo/course_s2_Vitis/01_ps_hello/vitis/design_1_wrapper/hw/design_1_wrapper.xsa
TRACE::2026-01-28.18:13:38::SCWPlatform::DSA given C:/TFG_Vivado/demo/course_s2_Vitis/01_ps_hello/vitis/design_1_wrapper/hw/design_1_wrapper.xsa
TRACE::2026-01-28.18:13:38::SCWPlatform::DSA absoulate path C:/TFG_Vivado/demo/course_s2_Vitis/01_ps_hello/vitis/design_1_wrapper/hw/design_1_wrapper.xsa
TRACE::2026-01-28.18:13:38::SCWPlatform::DSA directory C:/TFG_Vivado/demo/course_s2_Vitis/01_ps_hello/vitis/design_1_wrapper/hw
TRACE::2026-01-28.18:13:38::SCWPlatform:: Platform Path C:/TFG_Vivado/demo/course_s2_Vitis/01_ps_hello/vitis/design_1_wrapper/hw/design_1_wrapper.xsa
TRACE::2026-01-28.18:13:38::SCWPlatform:: Unique name xilinx:::0.0
TRACE::2026-01-28.18:13:38::SCWPlatform::Trying to set the existing hwdb with name design_1_wrapper
TRACE::2026-01-28.18:13:38::SCWPlatform::Opened existing hwdb design_1_wrapper
TRACE::2026-01-28.18:13:38::SCWPlatform::Found the Hw Db part of the input DSA
TRACE::2026-01-28.18:13:38::SCWMssOS::Checking the sw design at  C:/TFG_Vivado/demo/course_s2_Vitis/01_ps_hello/vitis/design_1_wrapper/zynqmp_fsbl/zynqmp_fsbl_bsp/system.mss
TRACE::2026-01-28.18:13:38::SCWMssOS::DEBUG:  swdes dump  C:/TFG_Vivado/demo/course_s2_Vitis/01_ps_hello/vitis/design_1_wrapper/zynqmp_fsbl/zynqmp_fsbl_bsp/system.mss|system||

TRACE::2026-01-28.18:13:38::SCWMssOS::Sw design exists and opened at  C:/TFG_Vivado/demo/course_s2_Vitis/01_ps_hello/vitis/design_1_wrapper/zynqmp_fsbl/zynqmp_fsbl_bsp/system.mss
TRACE::2026-01-28.18:13:38::SCWPlatform::Trying to open the hw design at C:/TFG_Vivado/demo/course_s2_Vitis/01_ps_hello/vitis/design_1_wrapper/hw/design_1_wrapper.xsa
TRACE::2026-01-28.18:13:38::SCWPlatform::DSA given C:/TFG_Vivado/demo/course_s2_Vitis/01_ps_hello/vitis/design_1_wrapper/hw/design_1_wrapper.xsa
TRACE::2026-01-28.18:13:38::SCWPlatform::DSA absoulate path C:/TFG_Vivado/demo/course_s2_Vitis/01_ps_hello/vitis/design_1_wrapper/hw/design_1_wrapper.xsa
TRACE::2026-01-28.18:13:38::SCWPlatform::DSA directory C:/TFG_Vivado/demo/course_s2_Vitis/01_ps_hello/vitis/design_1_wrapper/hw
TRACE::2026-01-28.18:13:38::SCWPlatform:: Platform Path C:/TFG_Vivado/demo/course_s2_Vitis/01_ps_hello/vitis/design_1_wrapper/hw/design_1_wrapper.xsa
TRACE::2026-01-28.18:13:38::SCWPlatform:: Unique name xilinx:::0.0
TRACE::2026-01-28.18:13:38::SCWPlatform::Trying to set the existing hwdb with name design_1_wrapper
TRACE::2026-01-28.18:13:38::SCWPlatform::Opened existing hwdb design_1_wrapper
TRACE::2026-01-28.18:13:38::SCWPlatform::Found the Hw Db part of the input DSA
TRACE::2026-01-28.18:13:38::SCWMssOS::Checking the sw design at  C:/TFG_Vivado/demo/course_s2_Vitis/01_ps_hello/vitis/design_1_wrapper/zynqmp_fsbl/zynqmp_fsbl_bsp/system.mss
TRACE::2026-01-28.18:13:38::SCWMssOS::DEBUG:  swdes dump  C:/TFG_Vivado/demo/course_s2_Vitis/01_ps_hello/vitis/design_1_wrapper/zynqmp_fsbl/zynqmp_fsbl_bsp/system.mss|system||

TRACE::2026-01-28.18:13:38::SCWMssOS::Sw design exists and opened at  C:/TFG_Vivado/demo/course_s2_Vitis/01_ps_hello/vitis/design_1_wrapper/zynqmp_fsbl/zynqmp_fsbl_bsp/system.mss
TRACE::2026-01-28.18:13:38::SCWPlatform::Trying to open the hw design at C:/TFG_Vivado/demo/course_s2_Vitis/01_ps_hello/vitis/design_1_wrapper/hw/design_1_wrapper.xsa
TRACE::2026-01-28.18:13:38::SCWPlatform::DSA given C:/TFG_Vivado/demo/course_s2_Vitis/01_ps_hello/vitis/design_1_wrapper/hw/design_1_wrapper.xsa
TRACE::2026-01-28.18:13:38::SCWPlatform::DSA absoulate path C:/TFG_Vivado/demo/course_s2_Vitis/01_ps_hello/vitis/design_1_wrapper/hw/design_1_wrapper.xsa
TRACE::2026-01-28.18:13:38::SCWPlatform::DSA directory C:/TFG_Vivado/demo/course_s2_Vitis/01_ps_hello/vitis/design_1_wrapper/hw
TRACE::2026-01-28.18:13:38::SCWPlatform:: Platform Path C:/TFG_Vivado/demo/course_s2_Vitis/01_ps_hello/vitis/design_1_wrapper/hw/design_1_wrapper.xsa
TRACE::2026-01-28.18:13:38::SCWPlatform:: Unique name xilinx:::0.0
TRACE::2026-01-28.18:13:38::SCWPlatform::Trying to set the existing hwdb with name design_1_wrapper
TRACE::2026-01-28.18:13:38::SCWPlatform::Opened existing hwdb design_1_wrapper
TRACE::2026-01-28.18:13:38::SCWPlatform::Found the Hw Db part of the input DSA
TRACE::2026-01-28.18:13:38::SCWMssOS::Checking the sw design at  C:/TFG_Vivado/demo/course_s2_Vitis/01_ps_hello/vitis/design_1_wrapper/zynqmp_fsbl/zynqmp_fsbl_bsp/system.mss
TRACE::2026-01-28.18:13:38::SCWMssOS::DEBUG:  swdes dump  C:/TFG_Vivado/demo/course_s2_Vitis/01_ps_hello/vitis/design_1_wrapper/zynqmp_fsbl/zynqmp_fsbl_bsp/system.mss|system||

TRACE::2026-01-28.18:13:38::SCWMssOS::Sw design exists and opened at  C:/TFG_Vivado/demo/course_s2_Vitis/01_ps_hello/vitis/design_1_wrapper/zynqmp_fsbl/zynqmp_fsbl_bsp/system.mss
TRACE::2026-01-28.18:13:38::SCWPlatform::Trying to open the hw design at C:/TFG_Vivado/demo/course_s2_Vitis/01_ps_hello/vitis/design_1_wrapper/hw/design_1_wrapper.xsa
TRACE::2026-01-28.18:13:38::SCWPlatform::DSA given C:/TFG_Vivado/demo/course_s2_Vitis/01_ps_hello/vitis/design_1_wrapper/hw/design_1_wrapper.xsa
TRACE::2026-01-28.18:13:38::SCWPlatform::DSA absoulate path C:/TFG_Vivado/demo/course_s2_Vitis/01_ps_hello/vitis/design_1_wrapper/hw/design_1_wrapper.xsa
TRACE::2026-01-28.18:13:38::SCWPlatform::DSA directory C:/TFG_Vivado/demo/course_s2_Vitis/01_ps_hello/vitis/design_1_wrapper/hw
TRACE::2026-01-28.18:13:38::SCWPlatform:: Platform Path C:/TFG_Vivado/demo/course_s2_Vitis/01_ps_hello/vitis/design_1_wrapper/hw/design_1_wrapper.xsa
TRACE::2026-01-28.18:13:38::SCWPlatform:: Unique name xilinx:::0.0
TRACE::2026-01-28.18:13:38::SCWPlatform::Trying to set the existing hwdb with name design_1_wrapper
TRACE::2026-01-28.18:13:38::SCWPlatform::Opened existing hwdb design_1_wrapper
TRACE::2026-01-28.18:13:38::SCWPlatform::Found the Hw Db part of the input DSA
TRACE::2026-01-28.18:13:38::SCWMssOS::Checking the sw design at  C:/TFG_Vivado/demo/course_s2_Vitis/01_ps_hello/vitis/design_1_wrapper/zynqmp_fsbl/zynqmp_fsbl_bsp/system.mss
TRACE::2026-01-28.18:13:38::SCWMssOS::DEBUG:  swdes dump  C:/TFG_Vivado/demo/course_s2_Vitis/01_ps_hello/vitis/design_1_wrapper/zynqmp_fsbl/zynqmp_fsbl_bsp/system.mss|system||

TRACE::2026-01-28.18:13:38::SCWMssOS::Sw design exists and opened at  C:/TFG_Vivado/demo/course_s2_Vitis/01_ps_hello/vitis/design_1_wrapper/zynqmp_fsbl/zynqmp_fsbl_bsp/system.mss
TRACE::2026-01-28.18:13:38::SCWPlatform::Trying to open the hw design at C:/TFG_Vivado/demo/course_s2_Vitis/01_ps_hello/vitis/design_1_wrapper/hw/design_1_wrapper.xsa
TRACE::2026-01-28.18:13:38::SCWPlatform::DSA given C:/TFG_Vivado/demo/course_s2_Vitis/01_ps_hello/vitis/design_1_wrapper/hw/design_1_wrapper.xsa
TRACE::2026-01-28.18:13:38::SCWPlatform::DSA absoulate path C:/TFG_Vivado/demo/course_s2_Vitis/01_ps_hello/vitis/design_1_wrapper/hw/design_1_wrapper.xsa
TRACE::2026-01-28.18:13:38::SCWPlatform::DSA directory C:/TFG_Vivado/demo/course_s2_Vitis/01_ps_hello/vitis/design_1_wrapper/hw
TRACE::2026-01-28.18:13:38::SCWPlatform:: Platform Path C:/TFG_Vivado/demo/course_s2_Vitis/01_ps_hello/vitis/design_1_wrapper/hw/design_1_wrapper.xsa
TRACE::2026-01-28.18:13:38::SCWPlatform:: Unique name xilinx:::0.0
TRACE::2026-01-28.18:13:38::SCWPlatform::Trying to set the existing hwdb with name design_1_wrapper
TRACE::2026-01-28.18:13:38::SCWPlatform::Opened existing hwdb design_1_wrapper
TRACE::2026-01-28.18:13:38::SCWPlatform::Found the Hw Db part of the input DSA
TRACE::2026-01-28.18:13:38::SCWMssOS::Checking the sw design at  C:/TFG_Vivado/demo/course_s2_Vitis/01_ps_hello/vitis/design_1_wrapper/zynqmp_fsbl/zynqmp_fsbl_bsp/system.mss
TRACE::2026-01-28.18:13:38::SCWMssOS::DEBUG:  swdes dump  C:/TFG_Vivado/demo/course_s2_Vitis/01_ps_hello/vitis/design_1_wrapper/zynqmp_fsbl/zynqmp_fsbl_bsp/system.mss|system||

TRACE::2026-01-28.18:13:38::SCWMssOS::Sw design exists and opened at  C:/TFG_Vivado/demo/course_s2_Vitis/01_ps_hello/vitis/design_1_wrapper/zynqmp_fsbl/zynqmp_fsbl_bsp/system.mss
TRACE::2026-01-28.18:13:38::SCWMssOS::Saving the mss changes C:/TFG_Vivado/demo/course_s2_Vitis/01_ps_hello/vitis/design_1_wrapper/zynqmp_fsbl/zynqmp_fsbl_bsp/system.mss
TRACE::2026-01-28.18:13:38::SCWMssOS::Found a swdesign opened with the mssfile.
TRACE::2026-01-28.18:13:38::SCWMssOS::Completed writemss as part of save.
TRACE::2026-01-28.18:13:38::SCWMssOS::Commit changes completed.
TRACE::2026-01-28.18:13:38::SCWReader::Adding prebuilt librarypaths as   
TRACE::2026-01-28.18:13:38::SCWReader::Adding prebuilt incpaths  as   
TRACE::2026-01-28.18:13:38::SCWPlatform::Trying to open the hw design at C:/TFG_Vivado/demo/course_s2_Vitis/01_ps_hello/vitis/design_1_wrapper/hw/design_1_wrapper.xsa
TRACE::2026-01-28.18:13:38::SCWPlatform::DSA given C:/TFG_Vivado/demo/course_s2_Vitis/01_ps_hello/vitis/design_1_wrapper/hw/design_1_wrapper.xsa
TRACE::2026-01-28.18:13:38::SCWPlatform::DSA absoulate path C:/TFG_Vivado/demo/course_s2_Vitis/01_ps_hello/vitis/design_1_wrapper/hw/design_1_wrapper.xsa
TRACE::2026-01-28.18:13:38::SCWPlatform::DSA directory C:/TFG_Vivado/demo/course_s2_Vitis/01_ps_hello/vitis/design_1_wrapper/hw
TRACE::2026-01-28.18:13:38::SCWPlatform:: Platform Path C:/TFG_Vivado/demo/course_s2_Vitis/01_ps_hello/vitis/design_1_wrapper/hw/design_1_wrapper.xsa
TRACE::2026-01-28.18:13:38::SCWPlatform:: Unique name xilinx:::0.0
TRACE::2026-01-28.18:13:38::SCWPlatform::Trying to set the existing hwdb with name design_1_wrapper
TRACE::2026-01-28.18:13:38::SCWPlatform::Opened existing hwdb design_1_wrapper
TRACE::2026-01-28.18:13:38::SCWPlatform::Found the Hw Db part of the input DSA
TRACE::2026-01-28.18:13:38::SCWMssOS::Checking the sw design at  C:/TFG_Vivado/demo/course_s2_Vitis/01_ps_hello/vitis/design_1_wrapper/zynqmp_fsbl/zynqmp_fsbl_bsp/system.mss
TRACE::2026-01-28.18:13:38::SCWMssOS::DEBUG:  swdes dump  C:/TFG_Vivado/demo/course_s2_Vitis/01_ps_hello/vitis/design_1_wrapper/zynqmp_fsbl/zynqmp_fsbl_bsp/system.mss|system||

TRACE::2026-01-28.18:13:38::SCWMssOS::Sw design exists and opened at  C:/TFG_Vivado/demo/course_s2_Vitis/01_ps_hello/vitis/design_1_wrapper/zynqmp_fsbl/zynqmp_fsbl_bsp/system.mss
TRACE::2026-01-28.18:13:38::SCWReader::No isolation master present  
TRACE::2026-01-28.18:13:38::SCWDomain::checking for install qemu data   : 
TRACE::2026-01-28.18:13:38::SCWDomain:: Using the QEMU Data from install at  : C:/Xilinx/Vitis/2023.1/data/emulation/platforms/zynqmp/sw/a53_standalone/qemu/
TRACE::2026-01-28.18:13:38::SCWDomain:: Using the QEMU args  from install at  : C:/Xilinx/Vitis/2023.1/data/emulation/platforms/zynqmp/sw/a53_standalone/qemu/qemu_args.txt
TRACE::2026-01-28.18:13:38::SCWDomain:: Using the PMUQEMU args from install at  : C:/Xilinx/Vitis/2023.1/data/emulation/platforms/zynqmp/sw/a53_standalone/qemu/pmu_args.txt
TRACE::2026-01-28.18:13:38::SCWPlatform::Trying to open the hw design at C:/TFG_Vivado/demo/course_s2_Vitis/01_ps_hello/vitis/design_1_wrapper/hw/design_1_wrapper.xsa
TRACE::2026-01-28.18:13:38::SCWPlatform::DSA given C:/TFG_Vivado/demo/course_s2_Vitis/01_ps_hello/vitis/design_1_wrapper/hw/design_1_wrapper.xsa
TRACE::2026-01-28.18:13:38::SCWPlatform::DSA absoulate path C:/TFG_Vivado/demo/course_s2_Vitis/01_ps_hello/vitis/design_1_wrapper/hw/design_1_wrapper.xsa
TRACE::2026-01-28.18:13:38::SCWPlatform::DSA directory C:/TFG_Vivado/demo/course_s2_Vitis/01_ps_hello/vitis/design_1_wrapper/hw
TRACE::2026-01-28.18:13:38::SCWPlatform:: Platform Path C:/TFG_Vivado/demo/course_s2_Vitis/01_ps_hello/vitis/design_1_wrapper/hw/design_1_wrapper.xsa
TRACE::2026-01-28.18:13:38::SCWPlatform:: Unique name xilinx:::0.0
TRACE::2026-01-28.18:13:38::SCWPlatform::Trying to set the existing hwdb with name design_1_wrapper
TRACE::2026-01-28.18:13:38::SCWPlatform::Opened existing hwdb design_1_wrapper
TRACE::2026-01-28.18:13:38::SCWPlatform::Found the Hw Db part of the input DSA
TRACE::2026-01-28.18:13:38::SCWReader::Boot application domain added for zynqmp_pmufw
TRACE::2026-01-28.18:13:38::SCWPlatform::Trying to open the hw design at C:/TFG_Vivado/demo/course_s2_Vitis/01_ps_hello/vitis/design_1_wrapper/hw/design_1_wrapper.xsa
TRACE::2026-01-28.18:13:38::SCWPlatform::DSA given C:/TFG_Vivado/demo/course_s2_Vitis/01_ps_hello/vitis/design_1_wrapper/hw/design_1_wrapper.xsa
TRACE::2026-01-28.18:13:38::SCWPlatform::DSA absoulate path C:/TFG_Vivado/demo/course_s2_Vitis/01_ps_hello/vitis/design_1_wrapper/hw/design_1_wrapper.xsa
TRACE::2026-01-28.18:13:38::SCWPlatform::DSA directory C:/TFG_Vivado/demo/course_s2_Vitis/01_ps_hello/vitis/design_1_wrapper/hw
TRACE::2026-01-28.18:13:38::SCWPlatform:: Platform Path C:/TFG_Vivado/demo/course_s2_Vitis/01_ps_hello/vitis/design_1_wrapper/hw/design_1_wrapper.xsa
TRACE::2026-01-28.18:13:38::SCWPlatform:: Unique name xilinx:::0.0
TRACE::2026-01-28.18:13:38::SCWPlatform::Trying to set the existing hwdb with name design_1_wrapper
TRACE::2026-01-28.18:13:38::SCWPlatform::Opened existing hwdb design_1_wrapper
TRACE::2026-01-28.18:13:38::SCWPlatform::Found the Hw Db part of the input DSA
TRACE::2026-01-28.18:13:38::SCWMssOS::Checking the sw design at  C:/TFG_Vivado/demo/course_s2_Vitis/01_ps_hello/vitis/design_1_wrapper/zynqmp_pmufw/zynqmp_pmufw_bsp/system.mss
TRACE::2026-01-28.18:13:38::SCWMssOS::DEBUG:  swdes dump  C:/TFG_Vivado/demo/course_s2_Vitis/01_ps_hello/vitis/design_1_wrapper/zynqmp_fsbl/zynqmp_fsbl_bsp/system.mss|system||

TRACE::2026-01-28.18:13:38::SCWMssOS::No sw design opened at  C:/TFG_Vivado/demo/course_s2_Vitis/01_ps_hello/vitis/design_1_wrapper/zynqmp_pmufw/zynqmp_pmufw_bsp/system.mss
TRACE::2026-01-28.18:13:38::SCWMssOS::mss exists loading the mss file  C:/TFG_Vivado/demo/course_s2_Vitis/01_ps_hello/vitis/design_1_wrapper/zynqmp_pmufw/zynqmp_pmufw_bsp/system.mss
TRACE::2026-01-28.18:13:38::SCWMssOS::Opened the sw design from mss  C:/TFG_Vivado/demo/course_s2_Vitis/01_ps_hello/vitis/design_1_wrapper/zynqmp_pmufw/zynqmp_pmufw_bsp/system.mss
TRACE::2026-01-28.18:13:38::SCWMssOS::Adding the swdes entry C:/TFG_Vivado/demo/course_s2_Vitis/01_ps_hello/vitis/design_1_wrapper/zynqmp_pmufw/zynqmp_pmufw_bsp/system.mss with des name system_0
TRACE::2026-01-28.18:13:38::SCWMssOS::updating the scw layer about changes
TRACE::2026-01-28.18:13:38::SCWMssOS::Opened the sw design.  C:/TFG_Vivado/demo/course_s2_Vitis/01_ps_hello/vitis/design_1_wrapper/zynqmp_pmufw/zynqmp_pmufw_bsp/system.mss
TRACE::2026-01-28.18:13:38::SCWPlatform::Trying to open the hw design at C:/TFG_Vivado/demo/course_s2_Vitis/01_ps_hello/vitis/design_1_wrapper/hw/design_1_wrapper.xsa
TRACE::2026-01-28.18:13:38::SCWPlatform::DSA given C:/TFG_Vivado/demo/course_s2_Vitis/01_ps_hello/vitis/design_1_wrapper/hw/design_1_wrapper.xsa
TRACE::2026-01-28.18:13:38::SCWPlatform::DSA absoulate path C:/TFG_Vivado/demo/course_s2_Vitis/01_ps_hello/vitis/design_1_wrapper/hw/design_1_wrapper.xsa
TRACE::2026-01-28.18:13:38::SCWPlatform::DSA directory C:/TFG_Vivado/demo/course_s2_Vitis/01_ps_hello/vitis/design_1_wrapper/hw
TRACE::2026-01-28.18:13:38::SCWPlatform:: Platform Path C:/TFG_Vivado/demo/course_s2_Vitis/01_ps_hello/vitis/design_1_wrapper/hw/design_1_wrapper.xsa
TRACE::2026-01-28.18:13:38::SCWPlatform:: Unique name xilinx:::0.0
TRACE::2026-01-28.18:13:38::SCWPlatform::Trying to set the existing hwdb with name design_1_wrapper
TRACE::2026-01-28.18:13:38::SCWPlatform::Opened existing hwdb design_1_wrapper
TRACE::2026-01-28.18:13:38::SCWPlatform::Found the Hw Db part of the input DSA
TRACE::2026-01-28.18:13:38::SCWMssOS::Checking the sw design at  C:/TFG_Vivado/demo/course_s2_Vitis/01_ps_hello/vitis/design_1_wrapper/zynqmp_pmufw/zynqmp_pmufw_bsp/system.mss
TRACE::2026-01-28.18:13:38::SCWMssOS::DEBUG:  swdes dump  C:/TFG_Vivado/demo/course_s2_Vitis/01_ps_hello/vitis/design_1_wrapper/zynqmp_fsbl/zynqmp_fsbl_bsp/system.mss|system||
C:/TFG_Vivado/demo/course_s2_Vitis/01_ps_hello/vitis/design_1_wrapper/zynqmp_pmufw/zynqmp_pmufw_bsp/system.mss|system_0||

TRACE::2026-01-28.18:13:38::SCWMssOS::Sw design exists and opened at  C:/TFG_Vivado/demo/course_s2_Vitis/01_ps_hello/vitis/design_1_wrapper/zynqmp_pmufw/zynqmp_pmufw_bsp/system.mss
TRACE::2026-01-28.18:13:38::SCWMssOS:: library already available in sw design:  xilfpga:6.4
TRACE::2026-01-28.18:13:38::SCWPlatform::Trying to open the hw design at C:/TFG_Vivado/demo/course_s2_Vitis/01_ps_hello/vitis/design_1_wrapper/hw/design_1_wrapper.xsa
TRACE::2026-01-28.18:13:38::SCWPlatform::DSA given C:/TFG_Vivado/demo/course_s2_Vitis/01_ps_hello/vitis/design_1_wrapper/hw/design_1_wrapper.xsa
TRACE::2026-01-28.18:13:38::SCWPlatform::DSA absoulate path C:/TFG_Vivado/demo/course_s2_Vitis/01_ps_hello/vitis/design_1_wrapper/hw/design_1_wrapper.xsa
TRACE::2026-01-28.18:13:38::SCWPlatform::DSA directory C:/TFG_Vivado/demo/course_s2_Vitis/01_ps_hello/vitis/design_1_wrapper/hw
TRACE::2026-01-28.18:13:38::SCWPlatform:: Platform Path C:/TFG_Vivado/demo/course_s2_Vitis/01_ps_hello/vitis/design_1_wrapper/hw/design_1_wrapper.xsa
TRACE::2026-01-28.18:13:38::SCWPlatform:: Unique name xilinx:::0.0
TRACE::2026-01-28.18:13:38::SCWPlatform::Trying to set the existing hwdb with name design_1_wrapper
TRACE::2026-01-28.18:13:38::SCWPlatform::Opened existing hwdb design_1_wrapper
TRACE::2026-01-28.18:13:38::SCWPlatform::Found the Hw Db part of the input DSA
TRACE::2026-01-28.18:13:38::SCWMssOS::Checking the sw design at  C:/TFG_Vivado/demo/course_s2_Vitis/01_ps_hello/vitis/design_1_wrapper/zynqmp_pmufw/zynqmp_pmufw_bsp/system.mss
TRACE::2026-01-28.18:13:38::SCWMssOS::DEBUG:  swdes dump  C:/TFG_Vivado/demo/course_s2_Vitis/01_ps_hello/vitis/design_1_wrapper/zynqmp_fsbl/zynqmp_fsbl_bsp/system.mss|system||
C:/TFG_Vivado/demo/course_s2_Vitis/01_ps_hello/vitis/design_1_wrapper/zynqmp_pmufw/zynqmp_pmufw_bsp/system.mss|system_0||

TRACE::2026-01-28.18:13:38::SCWMssOS::Sw design exists and opened at  C:/TFG_Vivado/demo/course_s2_Vitis/01_ps_hello/vitis/design_1_wrapper/zynqmp_pmufw/zynqmp_pmufw_bsp/system.mss
TRACE::2026-01-28.18:13:38::SCWMssOS:: library already available in sw design:  xilsecure:5.1
TRACE::2026-01-28.18:13:38::SCWPlatform::Trying to open the hw design at C:/TFG_Vivado/demo/course_s2_Vitis/01_ps_hello/vitis/design_1_wrapper/hw/design_1_wrapper.xsa
TRACE::2026-01-28.18:13:38::SCWPlatform::DSA given C:/TFG_Vivado/demo/course_s2_Vitis/01_ps_hello/vitis/design_1_wrapper/hw/design_1_wrapper.xsa
TRACE::2026-01-28.18:13:38::SCWPlatform::DSA absoulate path C:/TFG_Vivado/demo/course_s2_Vitis/01_ps_hello/vitis/design_1_wrapper/hw/design_1_wrapper.xsa
TRACE::2026-01-28.18:13:38::SCWPlatform::DSA directory C:/TFG_Vivado/demo/course_s2_Vitis/01_ps_hello/vitis/design_1_wrapper/hw
TRACE::2026-01-28.18:13:38::SCWPlatform:: Platform Path C:/TFG_Vivado/demo/course_s2_Vitis/01_ps_hello/vitis/design_1_wrapper/hw/design_1_wrapper.xsa
TRACE::2026-01-28.18:13:38::SCWPlatform:: Unique name xilinx:::0.0
TRACE::2026-01-28.18:13:38::SCWPlatform::Trying to set the existing hwdb with name design_1_wrapper
TRACE::2026-01-28.18:13:38::SCWPlatform::Opened existing hwdb design_1_wrapper
TRACE::2026-01-28.18:13:38::SCWPlatform::Found the Hw Db part of the input DSA
TRACE::2026-01-28.18:13:38::SCWMssOS::Checking the sw design at  C:/TFG_Vivado/demo/course_s2_Vitis/01_ps_hello/vitis/design_1_wrapper/zynqmp_pmufw/zynqmp_pmufw_bsp/system.mss
TRACE::2026-01-28.18:13:38::SCWMssOS::DEBUG:  swdes dump  C:/TFG_Vivado/demo/course_s2_Vitis/01_ps_hello/vitis/design_1_wrapper/zynqmp_fsbl/zynqmp_fsbl_bsp/system.mss|system||
C:/TFG_Vivado/demo/course_s2_Vitis/01_ps_hello/vitis/design_1_wrapper/zynqmp_pmufw/zynqmp_pmufw_bsp/system.mss|system_0||

TRACE::2026-01-28.18:13:38::SCWMssOS::Sw design exists and opened at  C:/TFG_Vivado/demo/course_s2_Vitis/01_ps_hello/vitis/design_1_wrapper/zynqmp_pmufw/zynqmp_pmufw_bsp/system.mss
TRACE::2026-01-28.18:13:38::SCWMssOS:: library already available in sw design:  xilskey:7.4
TRACE::2026-01-28.18:13:38::SCWPlatform::Trying to open the hw design at C:/TFG_Vivado/demo/course_s2_Vitis/01_ps_hello/vitis/design_1_wrapper/hw/design_1_wrapper.xsa
TRACE::2026-01-28.18:13:38::SCWPlatform::DSA given C:/TFG_Vivado/demo/course_s2_Vitis/01_ps_hello/vitis/design_1_wrapper/hw/design_1_wrapper.xsa
TRACE::2026-01-28.18:13:38::SCWPlatform::DSA absoulate path C:/TFG_Vivado/demo/course_s2_Vitis/01_ps_hello/vitis/design_1_wrapper/hw/design_1_wrapper.xsa
TRACE::2026-01-28.18:13:38::SCWPlatform::DSA directory C:/TFG_Vivado/demo/course_s2_Vitis/01_ps_hello/vitis/design_1_wrapper/hw
TRACE::2026-01-28.18:13:38::SCWPlatform:: Platform Path C:/TFG_Vivado/demo/course_s2_Vitis/01_ps_hello/vitis/design_1_wrapper/hw/design_1_wrapper.xsa
TRACE::2026-01-28.18:13:38::SCWPlatform:: Unique name xilinx:::0.0
TRACE::2026-01-28.18:13:38::SCWPlatform::Trying to set the existing hwdb with name design_1_wrapper
TRACE::2026-01-28.18:13:38::SCWPlatform::Opened existing hwdb design_1_wrapper
TRACE::2026-01-28.18:13:38::SCWPlatform::Found the Hw Db part of the input DSA
TRACE::2026-01-28.18:13:38::SCWMssOS::Checking the sw design at  C:/TFG_Vivado/demo/course_s2_Vitis/01_ps_hello/vitis/design_1_wrapper/zynqmp_pmufw/zynqmp_pmufw_bsp/system.mss
TRACE::2026-01-28.18:13:38::SCWMssOS::DEBUG:  swdes dump  C:/TFG_Vivado/demo/course_s2_Vitis/01_ps_hello/vitis/design_1_wrapper/zynqmp_fsbl/zynqmp_fsbl_bsp/system.mss|system||
C:/TFG_Vivado/demo/course_s2_Vitis/01_ps_hello/vitis/design_1_wrapper/zynqmp_pmufw/zynqmp_pmufw_bsp/system.mss|system_0||

TRACE::2026-01-28.18:13:38::SCWMssOS::Sw design exists and opened at  C:/TFG_Vivado/demo/course_s2_Vitis/01_ps_hello/vitis/design_1_wrapper/zynqmp_pmufw/zynqmp_pmufw_bsp/system.mss
TRACE::2026-01-28.18:13:38::SCWPlatform::Trying to open the hw design at C:/TFG_Vivado/demo/course_s2_Vitis/01_ps_hello/vitis/design_1_wrapper/hw/design_1_wrapper.xsa
TRACE::2026-01-28.18:13:38::SCWPlatform::DSA given C:/TFG_Vivado/demo/course_s2_Vitis/01_ps_hello/vitis/design_1_wrapper/hw/design_1_wrapper.xsa
TRACE::2026-01-28.18:13:38::SCWPlatform::DSA absoulate path C:/TFG_Vivado/demo/course_s2_Vitis/01_ps_hello/vitis/design_1_wrapper/hw/design_1_wrapper.xsa
TRACE::2026-01-28.18:13:38::SCWPlatform::DSA directory C:/TFG_Vivado/demo/course_s2_Vitis/01_ps_hello/vitis/design_1_wrapper/hw
TRACE::2026-01-28.18:13:38::SCWPlatform:: Platform Path C:/TFG_Vivado/demo/course_s2_Vitis/01_ps_hello/vitis/design_1_wrapper/hw/design_1_wrapper.xsa
TRACE::2026-01-28.18:13:38::SCWPlatform:: Unique name xilinx:::0.0
TRACE::2026-01-28.18:13:38::SCWPlatform::Trying to set the existing hwdb with name design_1_wrapper
TRACE::2026-01-28.18:13:38::SCWPlatform::Opened existing hwdb design_1_wrapper
TRACE::2026-01-28.18:13:38::SCWPlatform::Found the Hw Db part of the input DSA
TRACE::2026-01-28.18:13:38::SCWMssOS::Checking the sw design at  C:/TFG_Vivado/demo/course_s2_Vitis/01_ps_hello/vitis/design_1_wrapper/zynqmp_pmufw/zynqmp_pmufw_bsp/system.mss
TRACE::2026-01-28.18:13:38::SCWMssOS::DEBUG:  swdes dump  C:/TFG_Vivado/demo/course_s2_Vitis/01_ps_hello/vitis/design_1_wrapper/zynqmp_fsbl/zynqmp_fsbl_bsp/system.mss|system||
C:/TFG_Vivado/demo/course_s2_Vitis/01_ps_hello/vitis/design_1_wrapper/zynqmp_pmufw/zynqmp_pmufw_bsp/system.mss|system_0||

TRACE::2026-01-28.18:13:38::SCWMssOS::Sw design exists and opened at  C:/TFG_Vivado/demo/course_s2_Vitis/01_ps_hello/vitis/design_1_wrapper/zynqmp_pmufw/zynqmp_pmufw_bsp/system.mss
TRACE::2026-01-28.18:13:38::SCWMssOS::Saving the mss changes C:/TFG_Vivado/demo/course_s2_Vitis/01_ps_hello/vitis/design_1_wrapper/zynqmp_pmufw/zynqmp_pmufw_bsp/system.mss
TRACE::2026-01-28.18:13:38::SCWMssOS::Found a swdesign opened with the mssfile.
TRACE::2026-01-28.18:13:38::SCWMssOS::Completed writemss as part of save.
TRACE::2026-01-28.18:13:38::SCWMssOS::Commit changes completed.
TRACE::2026-01-28.18:13:38::SCWReader::Adding prebuilt librarypaths as   
TRACE::2026-01-28.18:13:38::SCWReader::Adding prebuilt incpaths  as   
TRACE::2026-01-28.18:13:38::SCWPlatform::Trying to open the hw design at C:/TFG_Vivado/demo/course_s2_Vitis/01_ps_hello/vitis/design_1_wrapper/hw/design_1_wrapper.xsa
TRACE::2026-01-28.18:13:38::SCWPlatform::DSA given C:/TFG_Vivado/demo/course_s2_Vitis/01_ps_hello/vitis/design_1_wrapper/hw/design_1_wrapper.xsa
TRACE::2026-01-28.18:13:38::SCWPlatform::DSA absoulate path C:/TFG_Vivado/demo/course_s2_Vitis/01_ps_hello/vitis/design_1_wrapper/hw/design_1_wrapper.xsa
TRACE::2026-01-28.18:13:38::SCWPlatform::DSA directory C:/TFG_Vivado/demo/course_s2_Vitis/01_ps_hello/vitis/design_1_wrapper/hw
TRACE::2026-01-28.18:13:38::SCWPlatform:: Platform Path C:/TFG_Vivado/demo/course_s2_Vitis/01_ps_hello/vitis/design_1_wrapper/hw/design_1_wrapper.xsa
TRACE::2026-01-28.18:13:38::SCWPlatform:: Unique name xilinx:::0.0
TRACE::2026-01-28.18:13:38::SCWPlatform::Trying to set the existing hwdb with name design_1_wrapper
TRACE::2026-01-28.18:13:38::SCWPlatform::Opened existing hwdb design_1_wrapper
TRACE::2026-01-28.18:13:38::SCWPlatform::Found the Hw Db part of the input DSA
TRACE::2026-01-28.18:13:38::SCWMssOS::Checking the sw design at  C:/TFG_Vivado/demo/course_s2_Vitis/01_ps_hello/vitis/design_1_wrapper/zynqmp_pmufw/zynqmp_pmufw_bsp/system.mss
TRACE::2026-01-28.18:13:38::SCWMssOS::DEBUG:  swdes dump  C:/TFG_Vivado/demo/course_s2_Vitis/01_ps_hello/vitis/design_1_wrapper/zynqmp_fsbl/zynqmp_fsbl_bsp/system.mss|system||
C:/TFG_Vivado/demo/course_s2_Vitis/01_ps_hello/vitis/design_1_wrapper/zynqmp_pmufw/zynqmp_pmufw_bsp/system.mss|system_0||

TRACE::2026-01-28.18:13:38::SCWMssOS::Sw design exists and opened at  C:/TFG_Vivado/demo/course_s2_Vitis/01_ps_hello/vitis/design_1_wrapper/zynqmp_pmufw/zynqmp_pmufw_bsp/system.mss
TRACE::2026-01-28.18:13:38::SCWReader::No isolation master present  
TRACE::2026-01-28.18:13:38::SCWDomain::checking for install qemu data   : 
TRACE::2026-01-28.18:13:38::SCWDomain:: Using the QEMU Data from install at  : C:/Xilinx/Vitis/2023.1/data/emulation/platforms/zynqmp/sw/a53_standalone/qemu/
TRACE::2026-01-28.18:13:38::SCWDomain:: Using the QEMU args  from install at  : C:/Xilinx/Vitis/2023.1/data/emulation/platforms/zynqmp/sw/a53_standalone/qemu/qemu_args.txt
TRACE::2026-01-28.18:13:38::SCWDomain:: Using the PMUQEMU args from install at  : C:/Xilinx/Vitis/2023.1/data/emulation/platforms/zynqmp/sw/a53_standalone/qemu/pmu_args.txt
TRACE::2026-01-28.18:13:38::SCWPlatform::Trying to open the hw design at C:/TFG_Vivado/demo/course_s2_Vitis/01_ps_hello/vitis/design_1_wrapper/hw/design_1_wrapper.xsa
TRACE::2026-01-28.18:13:38::SCWPlatform::DSA given C:/TFG_Vivado/demo/course_s2_Vitis/01_ps_hello/vitis/design_1_wrapper/hw/design_1_wrapper.xsa
TRACE::2026-01-28.18:13:38::SCWPlatform::DSA absoulate path C:/TFG_Vivado/demo/course_s2_Vitis/01_ps_hello/vitis/design_1_wrapper/hw/design_1_wrapper.xsa
TRACE::2026-01-28.18:13:38::SCWPlatform::DSA directory C:/TFG_Vivado/demo/course_s2_Vitis/01_ps_hello/vitis/design_1_wrapper/hw
TRACE::2026-01-28.18:13:38::SCWPlatform:: Platform Path C:/TFG_Vivado/demo/course_s2_Vitis/01_ps_hello/vitis/design_1_wrapper/hw/design_1_wrapper.xsa
TRACE::2026-01-28.18:13:38::SCWPlatform:: Unique name xilinx:::0.0
TRACE::2026-01-28.18:13:38::SCWPlatform::Trying to set the existing hwdb with name design_1_wrapper
TRACE::2026-01-28.18:13:38::SCWPlatform::Opened existing hwdb design_1_wrapper
TRACE::2026-01-28.18:13:38::SCWPlatform::Found the Hw Db part of the input DSA
TRACE::2026-01-28.18:13:38::SCWPlatform::Trying to open the hw design at C:/TFG_Vivado/demo/course_s2_Vitis/01_ps_hello/vitis/design_1_wrapper/hw/design_1_wrapper.xsa
TRACE::2026-01-28.18:13:38::SCWPlatform::DSA given C:/TFG_Vivado/demo/course_s2_Vitis/01_ps_hello/vitis/design_1_wrapper/hw/design_1_wrapper.xsa
TRACE::2026-01-28.18:13:38::SCWPlatform::DSA absoulate path C:/TFG_Vivado/demo/course_s2_Vitis/01_ps_hello/vitis/design_1_wrapper/hw/design_1_wrapper.xsa
TRACE::2026-01-28.18:13:38::SCWPlatform::DSA directory C:/TFG_Vivado/demo/course_s2_Vitis/01_ps_hello/vitis/design_1_wrapper/hw
TRACE::2026-01-28.18:13:38::SCWPlatform:: Platform Path C:/TFG_Vivado/demo/course_s2_Vitis/01_ps_hello/vitis/design_1_wrapper/hw/design_1_wrapper.xsa
TRACE::2026-01-28.18:13:38::SCWPlatform:: Unique name xilinx:::0.0
TRACE::2026-01-28.18:13:38::SCWPlatform::Trying to set the existing hwdb with name design_1_wrapper
TRACE::2026-01-28.18:13:38::SCWPlatform::Opened existing hwdb design_1_wrapper
TRACE::2026-01-28.18:13:38::SCWPlatform::Found the Hw Db part of the input DSA
TRACE::2026-01-28.18:13:38::SCWPlatform::Trying to open the hw design at C:/TFG_Vivado/demo/course_s2_Vitis/01_ps_hello/vitis/design_1_wrapper/hw/design_1_wrapper.xsa
TRACE::2026-01-28.18:13:38::SCWPlatform::DSA given C:/TFG_Vivado/demo/course_s2_Vitis/01_ps_hello/vitis/design_1_wrapper/hw/design_1_wrapper.xsa
TRACE::2026-01-28.18:13:38::SCWPlatform::DSA absoulate path C:/TFG_Vivado/demo/course_s2_Vitis/01_ps_hello/vitis/design_1_wrapper/hw/design_1_wrapper.xsa
TRACE::2026-01-28.18:13:38::SCWPlatform::DSA directory C:/TFG_Vivado/demo/course_s2_Vitis/01_ps_hello/vitis/design_1_wrapper/hw
TRACE::2026-01-28.18:13:38::SCWPlatform:: Platform Path C:/TFG_Vivado/demo/course_s2_Vitis/01_ps_hello/vitis/design_1_wrapper/hw/design_1_wrapper.xsa
TRACE::2026-01-28.18:13:38::SCWPlatform:: Unique name xilinx:::0.0
TRACE::2026-01-28.18:13:38::SCWPlatform::Trying to set the existing hwdb with name design_1_wrapper
TRACE::2026-01-28.18:13:38::SCWPlatform::Opened existing hwdb design_1_wrapper
TRACE::2026-01-28.18:13:38::SCWPlatform::Found the Hw Db part of the input DSA
TRACE::2026-01-28.18:13:38::SCWMssOS::Checking the sw design at  C:/TFG_Vivado/demo/course_s2_Vitis/01_ps_hello/vitis/design_1_wrapper/psu_cortexa53_0/standalone_psu_cortexa53_0/bsp/system.mss
TRACE::2026-01-28.18:13:38::SCWMssOS::DEBUG:  swdes dump  C:/TFG_Vivado/demo/course_s2_Vitis/01_ps_hello/vitis/design_1_wrapper/zynqmp_fsbl/zynqmp_fsbl_bsp/system.mss|system||
C:/TFG_Vivado/demo/course_s2_Vitis/01_ps_hello/vitis/design_1_wrapper/zynqmp_pmufw/zynqmp_pmufw_bsp/system.mss|system_0||

TRACE::2026-01-28.18:13:38::SCWMssOS::No sw design opened at  C:/TFG_Vivado/demo/course_s2_Vitis/01_ps_hello/vitis/design_1_wrapper/psu_cortexa53_0/standalone_psu_cortexa53_0/bsp/system.mss
TRACE::2026-01-28.18:13:38::SCWMssOS::mss exists loading the mss file  C:/TFG_Vivado/demo/course_s2_Vitis/01_ps_hello/vitis/design_1_wrapper/psu_cortexa53_0/standalone_psu_cortexa53_0/bsp/system.mss
TRACE::2026-01-28.18:13:38::SCWMssOS::Opened the sw design from mss  C:/TFG_Vivado/demo/course_s2_Vitis/01_ps_hello/vitis/design_1_wrapper/psu_cortexa53_0/standalone_psu_cortexa53_0/bsp/system.mss
TRACE::2026-01-28.18:13:38::SCWMssOS::Adding the swdes entry C:/TFG_Vivado/demo/course_s2_Vitis/01_ps_hello/vitis/design_1_wrapper/psu_cortexa53_0/standalone_psu_cortexa53_0/bsp/system.mss with des name system_1
TRACE::2026-01-28.18:13:38::SCWMssOS::updating the scw layer about changes
TRACE::2026-01-28.18:13:38::SCWMssOS::Opened the sw design.  C:/TFG_Vivado/demo/course_s2_Vitis/01_ps_hello/vitis/design_1_wrapper/psu_cortexa53_0/standalone_psu_cortexa53_0/bsp/system.mss
TRACE::2026-01-28.18:13:38::SCWMssOS::Saving the mss changes C:/TFG_Vivado/demo/course_s2_Vitis/01_ps_hello/vitis/design_1_wrapper/psu_cortexa53_0/standalone_psu_cortexa53_0/bsp/system.mss
TRACE::2026-01-28.18:13:38::SCWMssOS::Found a swdesign opened with the mssfile.
TRACE::2026-01-28.18:13:38::SCWMssOS::Completed writemss as part of save.
TRACE::2026-01-28.18:13:38::SCWMssOS::Commit changes completed.
TRACE::2026-01-28.18:13:38::SCWReader::Adding prebuilt librarypaths as   
TRACE::2026-01-28.18:13:38::SCWReader::Adding prebuilt incpaths  as   
TRACE::2026-01-28.18:13:38::SCWPlatform::Trying to open the hw design at C:/TFG_Vivado/demo/course_s2_Vitis/01_ps_hello/vitis/design_1_wrapper/hw/design_1_wrapper.xsa
TRACE::2026-01-28.18:13:38::SCWPlatform::DSA given C:/TFG_Vivado/demo/course_s2_Vitis/01_ps_hello/vitis/design_1_wrapper/hw/design_1_wrapper.xsa
TRACE::2026-01-28.18:13:38::SCWPlatform::DSA absoulate path C:/TFG_Vivado/demo/course_s2_Vitis/01_ps_hello/vitis/design_1_wrapper/hw/design_1_wrapper.xsa
TRACE::2026-01-28.18:13:38::SCWPlatform::DSA directory C:/TFG_Vivado/demo/course_s2_Vitis/01_ps_hello/vitis/design_1_wrapper/hw
TRACE::2026-01-28.18:13:38::SCWPlatform:: Platform Path C:/TFG_Vivado/demo/course_s2_Vitis/01_ps_hello/vitis/design_1_wrapper/hw/design_1_wrapper.xsa
TRACE::2026-01-28.18:13:38::SCWPlatform:: Unique name xilinx:::0.0
TRACE::2026-01-28.18:13:38::SCWPlatform::Trying to set the existing hwdb with name design_1_wrapper
TRACE::2026-01-28.18:13:38::SCWPlatform::Opened existing hwdb design_1_wrapper
TRACE::2026-01-28.18:13:38::SCWPlatform::Found the Hw Db part of the input DSA
TRACE::2026-01-28.18:13:38::SCWMssOS::Checking the sw design at  C:/TFG_Vivado/demo/course_s2_Vitis/01_ps_hello/vitis/design_1_wrapper/psu_cortexa53_0/standalone_psu_cortexa53_0/bsp/system.mss
TRACE::2026-01-28.18:13:38::SCWMssOS::DEBUG:  swdes dump  C:/TFG_Vivado/demo/course_s2_Vitis/01_ps_hello/vitis/design_1_wrapper/psu_cortexa53_0/standalone_psu_cortexa53_0/bsp/system.mss|system_1||
C:/TFG_Vivado/demo/course_s2_Vitis/01_ps_hello/vitis/design_1_wrapper/zynqmp_fsbl/zynqmp_fsbl_bsp/system.mss|system||
C:/TFG_Vivado/demo/course_s2_Vitis/01_ps_hello/vitis/design_1_wrapper/zynqmp_pmufw/zynqmp_pmufw_bsp/system.mss|system_0||

TRACE::2026-01-28.18:13:38::SCWMssOS::Sw design exists and opened at  C:/TFG_Vivado/demo/course_s2_Vitis/01_ps_hello/vitis/design_1_wrapper/psu_cortexa53_0/standalone_psu_cortexa53_0/bsp/system.mss
TRACE::2026-01-28.18:13:38::SCWReader::No isolation master present  
LOG::2026-01-28.18:13:38::SCWPlatform::Started generating the artifacts platform design_1_wrapper
TRACE::2026-01-28.18:13:38::SCWPlatform::Sanity checking of platform is completed
LOG::2026-01-28.18:13:38::SCWPlatform::Started generating the artifacts for system configuration design_1_wrapper
LOG::2026-01-28.18:13:38::SCWSystem::Checking the domain zynqmp_fsbl
LOG::2026-01-28.18:13:38::SCWSystem::Doing application build for :  zynqmp_fsbl
TRACE::2026-01-28.18:13:38::SCWBDomain::Not a forced makefile updation, No changes are present. 
TRACE::2026-01-28.18:13:38::SCWDomain::Building the domain :  zynqmp_fsbl
TRACE::2026-01-28.18:13:38::SCWPlatform::Trying to open the hw design at C:/TFG_Vivado/demo/course_s2_Vitis/01_ps_hello/vitis/design_1_wrapper/hw/design_1_wrapper.xsa
TRACE::2026-01-28.18:13:38::SCWPlatform::DSA given C:/TFG_Vivado/demo/course_s2_Vitis/01_ps_hello/vitis/design_1_wrapper/hw/design_1_wrapper.xsa
TRACE::2026-01-28.18:13:38::SCWPlatform::DSA absoulate path C:/TFG_Vivado/demo/course_s2_Vitis/01_ps_hello/vitis/design_1_wrapper/hw/design_1_wrapper.xsa
TRACE::2026-01-28.18:13:38::SCWPlatform::DSA directory C:/TFG_Vivado/demo/course_s2_Vitis/01_ps_hello/vitis/design_1_wrapper/hw
TRACE::2026-01-28.18:13:38::SCWPlatform:: Platform Path C:/TFG_Vivado/demo/course_s2_Vitis/01_ps_hello/vitis/design_1_wrapper/hw/design_1_wrapper.xsa
TRACE::2026-01-28.18:13:38::SCWPlatform:: Unique name xilinx:::0.0
TRACE::2026-01-28.18:13:38::SCWPlatform::Trying to set the existing hwdb with name design_1_wrapper
TRACE::2026-01-28.18:13:38::SCWPlatform::Opened existing hwdb design_1_wrapper
TRACE::2026-01-28.18:13:38::SCWPlatform::Found the Hw Db part of the input DSA
TRACE::2026-01-28.18:13:38::SCWMssOS::Checking the sw design at  C:/TFG_Vivado/demo/course_s2_Vitis/01_ps_hello/vitis/design_1_wrapper/zynqmp_fsbl/zynqmp_fsbl_bsp/system.mss
TRACE::2026-01-28.18:13:38::SCWMssOS::DEBUG:  swdes dump  C:/TFG_Vivado/demo/course_s2_Vitis/01_ps_hello/vitis/design_1_wrapper/psu_cortexa53_0/standalone_psu_cortexa53_0/bsp/system.mss|system_1||
C:/TFG_Vivado/demo/course_s2_Vitis/01_ps_hello/vitis/design_1_wrapper/zynqmp_fsbl/zynqmp_fsbl_bsp/system.mss|system||
C:/TFG_Vivado/demo/course_s2_Vitis/01_ps_hello/vitis/design_1_wrapper/zynqmp_pmufw/zynqmp_pmufw_bsp/system.mss|system_0||

TRACE::2026-01-28.18:13:38::SCWMssOS::Sw design exists and opened at  C:/TFG_Vivado/demo/course_s2_Vitis/01_ps_hello/vitis/design_1_wrapper/zynqmp_fsbl/zynqmp_fsbl_bsp/system.mss
TRACE::2026-01-28.18:13:38::SCWBDomain::Completed writing the mss file at C:/TFG_Vivado/demo/course_s2_Vitis/01_ps_hello/vitis/design_1_wrapper/zynqmp_fsbl/zynqmp_fsbl_bsp
TRACE::2026-01-28.18:13:38::SCWBDomain::bsp generated is upto date with the mss file. Skipping bsp generation.
TRACE::2026-01-28.18:13:38::SCWBDomain::Not a forced makefile updation, No changes are present. 
TRACE::2026-01-28.18:13:38::SCWBDomain::System Command Ran  C:&  cd  C:/TFG_Vivado/demo/course_s2_Vitis/01_ps_hello/vitis/design_1_wrapper/zynqmp_fsbl& make -C  zynqmp_fsbl_bsp & make 
TRACE::2026-01-28.18:13:39::SCWBDomain::make: Entering directory 'C:/TFG_Vivado/demo/course_s2_Vitis/01_ps_hello/vitis/design_1_wrapper/zynqmp_fsbl/zynqmp_fsbl_bsp'

TRACE::2026-01-28.18:13:39::SCWBDomain::make --no-print-directory seq_libs

TRACE::2026-01-28.18:13:39::SCWBDomain::"Running Make include in psu_cortexa53_0/libsrc/avbuf_v2_5/src"

TRACE::2026-01-28.18:13:39::SCWBDomain::make -C psu_cortexa53_0/libsrc/avbuf_v2_5/src -s include  "SHELL=CMD" "COMPILER=aarch64-none-elf-gcc" "ASSEMBLER=aarch64-none-e
TRACE::2026-01-28.18:13:39::SCWBDomain::lf-as" "ARCHIVER=aarch64-none-elf-ar" "COMPILER_FLAGS=  -c" "EXTRA_COMPILER_FLAGS=-g -Wall -Wextra -fno-tree-loop-distribute-pa
TRACE::2026-01-28.18:13:39::SCWBDomain::tterns -Os -flto -ffat-lto-objects"

TRACE::2026-01-28.18:13:40::SCWBDomain::"Running Make include in psu_cortexa53_0/libsrc/axipmon_v6_9/src"

TRACE::2026-01-28.18:13:40::SCWBDomain::make -C psu_cortexa53_0/libsrc/axipmon_v6_9/src -s include  "SHELL=CMD" "COMPILER=aarch64-none-elf-gcc" "ASSEMBLER=aarch64-none
TRACE::2026-01-28.18:13:40::SCWBDomain::-elf-as" "ARCHIVER=aarch64-none-elf-ar" "COMPILER_FLAGS=  -c" "EXTRA_COMPILER_FLAGS=-g -Wall -Wextra -fno-tree-loop-distribute-
TRACE::2026-01-28.18:13:40::SCWBDomain::patterns -Os -flto -ffat-lto-objects"

TRACE::2026-01-28.18:13:40::SCWBDomain::"Running Make include in psu_cortexa53_0/libsrc/clockps_v1_4/src"

TRACE::2026-01-28.18:13:40::SCWBDomain::make -C psu_cortexa53_0/libsrc/clockps_v1_4/src -s include  "SHELL=CMD" "COMPILER=aarch64-none-elf-gcc" "ASSEMBLER=aarch64-none
TRACE::2026-01-28.18:13:40::SCWBDomain::-elf-as" "ARCHIVER=aarch64-none-elf-ar" "COMPILER_FLAGS=  -c" "EXTRA_COMPILER_FLAGS=-g -Wall -Wextra -fno-tree-loop-distribute-
TRACE::2026-01-28.18:13:40::SCWBDomain::patterns -Os -flto -ffat-lto-objects"

TRACE::2026-01-28.18:13:40::SCWBDomain::"Running Make include in psu_cortexa53_0/libsrc/coresightps_dcc_v1_8/src"

TRACE::2026-01-28.18:13:40::SCWBDomain::make -C psu_cortexa53_0/libsrc/coresightps_dcc_v1_8/src -s include  "SHELL=CMD" "COMPILER=aarch64-none-elf-gcc" "ASSEMBLER=aarc
TRACE::2026-01-28.18:13:40::SCWBDomain::h64-none-elf-as" "ARCHIVER=aarch64-none-elf-ar" "COMPILER_FLAGS=  -c" "EXTRA_COMPILER_FLAGS=-g -Wall -Wextra -fno-tree-loop-dis
TRACE::2026-01-28.18:13:40::SCWBDomain::tribute-patterns -Os -flto -ffat-lto-objects"

TRACE::2026-01-28.18:13:40::SCWBDomain::"Running Make include in psu_cortexa53_0/libsrc/cpu_cortexa53_v2_0/src"

TRACE::2026-01-28.18:13:40::SCWBDomain::make -C psu_cortexa53_0/libsrc/cpu_cortexa53_v2_0/src -s include  "SHELL=CMD" "COMPILER=aarch64-none-elf-gcc" "ASSEMBLER=aarch6
TRACE::2026-01-28.18:13:40::SCWBDomain::4-none-elf-as" "ARCHIVER=aarch64-none-elf-ar" "COMPILER_FLAGS=  -c" "EXTRA_COMPILER_FLAGS=-g -Wall -Wextra -fno-tree-loop-distr
TRACE::2026-01-28.18:13:40::SCWBDomain::ibute-patterns -Os -flto -ffat-lto-objects"

TRACE::2026-01-28.18:13:40::SCWBDomain::"Running Make include in psu_cortexa53_0/libsrc/csudma_v1_13/src"

TRACE::2026-01-28.18:13:40::SCWBDomain::make -C psu_cortexa53_0/libsrc/csudma_v1_13/src -s include  "SHELL=CMD" "COMPILER=aarch64-none-elf-gcc" "ASSEMBLER=aarch64-none
TRACE::2026-01-28.18:13:40::SCWBDomain::-elf-as" "ARCHIVER=aarch64-none-elf-ar" "COMPILER_FLAGS=  -c" "EXTRA_COMPILER_FLAGS=-g -Wall -Wextra -fno-tree-loop-distribute-
TRACE::2026-01-28.18:13:40::SCWBDomain::patterns -Os -flto -ffat-lto-objects"

TRACE::2026-01-28.18:13:40::SCWBDomain::"Running Make include in psu_cortexa53_0/libsrc/ddrcpsu_v1_4/src"

TRACE::2026-01-28.18:13:40::SCWBDomain::make -C psu_cortexa53_0/libsrc/ddrcpsu_v1_4/src -s include  "SHELL=CMD" "COMPILER=aarch64-none-elf-gcc" "ASSEMBLER=aarch64-none
TRACE::2026-01-28.18:13:40::SCWBDomain::-elf-as" "ARCHIVER=aarch64-none-elf-ar" "COMPILER_FLAGS=  -c" "EXTRA_COMPILER_FLAGS=-g -Wall -Wextra -fno-tree-loop-distribute-
TRACE::2026-01-28.18:13:40::SCWBDomain::patterns -Os -flto -ffat-lto-objects"

TRACE::2026-01-28.18:13:40::SCWBDomain::"Running Make include in psu_cortexa53_0/libsrc/dpdma_v1_4/src"

TRACE::2026-01-28.18:13:40::SCWBDomain::make -C psu_cortexa53_0/libsrc/dpdma_v1_4/src -s include  "SHELL=CMD" "COMPILER=aarch64-none-elf-gcc" "ASSEMBLER=aarch64-none-e
TRACE::2026-01-28.18:13:40::SCWBDomain::lf-as" "ARCHIVER=aarch64-none-elf-ar" "COMPILER_FLAGS=  -c" "EXTRA_COMPILER_FLAGS=-g -Wall -Wextra -fno-tree-loop-distribute-pa
TRACE::2026-01-28.18:13:40::SCWBDomain::tterns -Os -flto -ffat-lto-objects"

TRACE::2026-01-28.18:13:40::SCWBDomain::"Running Make include in psu_cortexa53_0/libsrc/dppsu_v1_6/src"

TRACE::2026-01-28.18:13:40::SCWBDomain::make -C psu_cortexa53_0/libsrc/dppsu_v1_6/src -s include  "SHELL=CMD" "COMPILER=aarch64-none-elf-gcc" "ASSEMBLER=aarch64-none-e
TRACE::2026-01-28.18:13:40::SCWBDomain::lf-as" "ARCHIVER=aarch64-none-elf-ar" "COMPILER_FLAGS=  -c" "EXTRA_COMPILER_FLAGS=-g -Wall -Wextra -fno-tree-loop-distribute-pa
TRACE::2026-01-28.18:13:40::SCWBDomain::tterns -Os -flto -ffat-lto-objects"

TRACE::2026-01-28.18:13:40::SCWBDomain::"Running Make include in psu_cortexa53_0/libsrc/emacps_v3_18/src"

TRACE::2026-01-28.18:13:40::SCWBDomain::make -C psu_cortexa53_0/libsrc/emacps_v3_18/src -s include  "SHELL=CMD" "COMPILER=aarch64-none-elf-gcc" "ASSEMBLER=aarch64-none
TRACE::2026-01-28.18:13:40::SCWBDomain::-elf-as" "ARCHIVER=aarch64-none-elf-ar" "COMPILER_FLAGS=  -c" "EXTRA_COMPILER_FLAGS=-g -Wall -Wextra -fno-tree-loop-distribute-
TRACE::2026-01-28.18:13:40::SCWBDomain::patterns -Os -flto -ffat-lto-objects"

TRACE::2026-01-28.18:13:40::SCWBDomain::"Running Make include in psu_cortexa53_0/libsrc/gpiops_v3_11/src"

TRACE::2026-01-28.18:13:40::SCWBDomain::make -C psu_cortexa53_0/libsrc/gpiops_v3_11/src -s include  "SHELL=CMD" "COMPILER=aarch64-none-elf-gcc" "ASSEMBLER=aarch64-none
TRACE::2026-01-28.18:13:40::SCWBDomain::-elf-as" "ARCHIVER=aarch64-none-elf-ar" "COMPILER_FLAGS=  -c" "EXTRA_COMPILER_FLAGS=-g -Wall -Wextra -fno-tree-loop-distribute-
TRACE::2026-01-28.18:13:40::SCWBDomain::patterns -Os -flto -ffat-lto-objects"

TRACE::2026-01-28.18:13:40::SCWBDomain::"Running Make include in psu_cortexa53_0/libsrc/iicps_v3_17/src"

TRACE::2026-01-28.18:13:40::SCWBDomain::make -C psu_cortexa53_0/libsrc/iicps_v3_17/src -s include  "SHELL=CMD" "COMPILER=aarch64-none-elf-gcc" "ASSEMBLER=aarch64-none-
TRACE::2026-01-28.18:13:40::SCWBDomain::elf-as" "ARCHIVER=aarch64-none-elf-ar" "COMPILER_FLAGS=  -c" "EXTRA_COMPILER_FLAGS=-g -Wall -Wextra -fno-tree-loop-distribute-p
TRACE::2026-01-28.18:13:40::SCWBDomain::atterns -Os -flto -ffat-lto-objects"

TRACE::2026-01-28.18:13:41::SCWBDomain::"Running Make include in psu_cortexa53_0/libsrc/ipipsu_v2_13/src"

TRACE::2026-01-28.18:13:41::SCWBDomain::make -C psu_cortexa53_0/libsrc/ipipsu_v2_13/src -s include  "SHELL=CMD" "COMPILER=aarch64-none-elf-gcc" "ASSEMBLER=aarch64-none
TRACE::2026-01-28.18:13:41::SCWBDomain::-elf-as" "ARCHIVER=aarch64-none-elf-ar" "COMPILER_FLAGS=  -c" "EXTRA_COMPILER_FLAGS=-g -Wall -Wextra -fno-tree-loop-distribute-
TRACE::2026-01-28.18:13:41::SCWBDomain::patterns -Os -flto -ffat-lto-objects"

TRACE::2026-01-28.18:13:41::SCWBDomain::"Running Make include in psu_cortexa53_0/libsrc/pciepsu_v1_5/src"

TRACE::2026-01-28.18:13:41::SCWBDomain::make -C psu_cortexa53_0/libsrc/pciepsu_v1_5/src -s include  "SHELL=CMD" "COMPILER=aarch64-none-elf-gcc" "ASSEMBLER=aarch64-none
TRACE::2026-01-28.18:13:41::SCWBDomain::-elf-as" "ARCHIVER=aarch64-none-elf-ar" "COMPILER_FLAGS=  -c" "EXTRA_COMPILER_FLAGS=-g -Wall -Wextra -fno-tree-loop-distribute-
TRACE::2026-01-28.18:13:41::SCWBDomain::patterns -Os -flto -ffat-lto-objects"

TRACE::2026-01-28.18:13:41::SCWBDomain::"Running Make include in psu_cortexa53_0/libsrc/qspipsu_v1_17/src"

TRACE::2026-01-28.18:13:41::SCWBDomain::make -C psu_cortexa53_0/libsrc/qspipsu_v1_17/src -s include  "SHELL=CMD" "COMPILER=aarch64-none-elf-gcc" "ASSEMBLER=aarch64-non
TRACE::2026-01-28.18:13:41::SCWBDomain::e-elf-as" "ARCHIVER=aarch64-none-elf-ar" "COMPILER_FLAGS=  -c" "EXTRA_COMPILER_FLAGS=-g -Wall -Wextra -fno-tree-loop-distribute
TRACE::2026-01-28.18:13:41::SCWBDomain::-patterns -Os -flto -ffat-lto-objects"

TRACE::2026-01-28.18:13:41::SCWBDomain::"Running Make include in psu_cortexa53_0/libsrc/resetps_v1_5/src"

TRACE::2026-01-28.18:13:41::SCWBDomain::make -C psu_cortexa53_0/libsrc/resetps_v1_5/src -s include  "SHELL=CMD" "COMPILER=aarch64-none-elf-gcc" "ASSEMBLER=aarch64-none
TRACE::2026-01-28.18:13:41::SCWBDomain::-elf-as" "ARCHIVER=aarch64-none-elf-ar" "COMPILER_FLAGS=  -c" "EXTRA_COMPILER_FLAGS=-g -Wall -Wextra -fno-tree-loop-distribute-
TRACE::2026-01-28.18:13:41::SCWBDomain::patterns -Os -flto -ffat-lto-objects"

TRACE::2026-01-28.18:13:41::SCWBDomain::"Running Make include in psu_cortexa53_0/libsrc/rtcpsu_v1_12/src"

TRACE::2026-01-28.18:13:41::SCWBDomain::make -C psu_cortexa53_0/libsrc/rtcpsu_v1_12/src -s include  "SHELL=CMD" "COMPILER=aarch64-none-elf-gcc" "ASSEMBLER=aarch64-none
TRACE::2026-01-28.18:13:41::SCWBDomain::-elf-as" "ARCHIVER=aarch64-none-elf-ar" "COMPILER_FLAGS=  -c" "EXTRA_COMPILER_FLAGS=-g -Wall -Wextra -fno-tree-loop-distribute-
TRACE::2026-01-28.18:13:41::SCWBDomain::patterns -Os -flto -ffat-lto-objects"

TRACE::2026-01-28.18:13:41::SCWBDomain::"Running Make include in psu_cortexa53_0/libsrc/scugic_v5_1/src"

TRACE::2026-01-28.18:13:41::SCWBDomain::make -C psu_cortexa53_0/libsrc/scugic_v5_1/src -s include  "SHELL=CMD" "COMPILER=aarch64-none-elf-gcc" "ASSEMBLER=aarch64-none-
TRACE::2026-01-28.18:13:41::SCWBDomain::elf-as" "ARCHIVER=aarch64-none-elf-ar" "COMPILER_FLAGS=  -c" "EXTRA_COMPILER_FLAGS=-g -Wall -Wextra -fno-tree-loop-distribute-p
TRACE::2026-01-28.18:13:41::SCWBDomain::atterns -Os -flto -ffat-lto-objects"

TRACE::2026-01-28.18:13:41::SCWBDomain::"Running Make include in psu_cortexa53_0/libsrc/sdps_v4_1/src"

TRACE::2026-01-28.18:13:41::SCWBDomain::make -C psu_cortexa53_0/libsrc/sdps_v4_1/src -s include  "SHELL=CMD" "COMPILER=aarch64-none-elf-gcc" "ASSEMBLER=aarch64-none-el
TRACE::2026-01-28.18:13:41::SCWBDomain::f-as" "ARCHIVER=aarch64-none-elf-ar" "COMPILER_FLAGS=  -c" "EXTRA_COMPILER_FLAGS=-g -Wall -Wextra -fno-tree-loop-distribute-pat
TRACE::2026-01-28.18:13:41::SCWBDomain::terns -Os -flto -ffat-lto-objects"

TRACE::2026-01-28.18:13:41::SCWBDomain::"Running Make include in psu_cortexa53_0/libsrc/standalone_v8_1/src"

TRACE::2026-01-28.18:13:41::SCWBDomain::make -C psu_cortexa53_0/libsrc/standalone_v8_1/src -s include  "SHELL=CMD" "COMPILER=aarch64-none-elf-gcc" "ASSEMBLER=aarch64-n
TRACE::2026-01-28.18:13:41::SCWBDomain::one-elf-as" "ARCHIVER=aarch64-none-elf-ar" "COMPILER_FLAGS=  -c" "EXTRA_COMPILER_FLAGS=-g -Wall -Wextra -fno-tree-loop-distribu
TRACE::2026-01-28.18:13:41::SCWBDomain::te-patterns -Os -flto -ffat-lto-objects"

TRACE::2026-01-28.18:13:41::SCWBDomain::"Running Make include in psu_cortexa53_0/libsrc/sysmonpsu_v2_8/src"

TRACE::2026-01-28.18:13:41::SCWBDomain::make -C psu_cortexa53_0/libsrc/sysmonpsu_v2_8/src -s include  "SHELL=CMD" "COMPILER=aarch64-none-elf-gcc" "ASSEMBLER=aarch64-no
TRACE::2026-01-28.18:13:41::SCWBDomain::ne-elf-as" "ARCHIVER=aarch64-none-elf-ar" "COMPILER_FLAGS=  -c" "EXTRA_COMPILER_FLAGS=-g -Wall -Wextra -fno-tree-loop-distribut
TRACE::2026-01-28.18:13:41::SCWBDomain::e-patterns -Os -flto -ffat-lto-objects"

TRACE::2026-01-28.18:13:41::SCWBDomain::"Running Make include in psu_cortexa53_0/libsrc/ttcps_v3_17/src"

TRACE::2026-01-28.18:13:41::SCWBDomain::make -C psu_cortexa53_0/libsrc/ttcps_v3_17/src -s include  "SHELL=CMD" "COMPILER=aarch64-none-elf-gcc" "ASSEMBLER=aarch64-none-
TRACE::2026-01-28.18:13:41::SCWBDomain::elf-as" "ARCHIVER=aarch64-none-elf-ar" "COMPILER_FLAGS=  -c" "EXTRA_COMPILER_FLAGS=-g -Wall -Wextra -fno-tree-loop-distribute-p
TRACE::2026-01-28.18:13:41::SCWBDomain::atterns -Os -flto -ffat-lto-objects"

TRACE::2026-01-28.18:13:42::SCWBDomain::"Running Make include in psu_cortexa53_0/libsrc/uartps_v3_12/src"

TRACE::2026-01-28.18:13:42::SCWBDomain::make -C psu_cortexa53_0/libsrc/uartps_v3_12/src -s include  "SHELL=CMD" "COMPILER=aarch64-none-elf-gcc" "ASSEMBLER=aarch64-none
TRACE::2026-01-28.18:13:42::SCWBDomain::-elf-as" "ARCHIVER=aarch64-none-elf-ar" "COMPILER_FLAGS=  -c" "EXTRA_COMPILER_FLAGS=-g -Wall -Wextra -fno-tree-loop-distribute-
TRACE::2026-01-28.18:13:42::SCWBDomain::patterns -Os -flto -ffat-lto-objects"

TRACE::2026-01-28.18:13:42::SCWBDomain::"Running Make include in psu_cortexa53_0/libsrc/usbpsu_v1_13/src"

TRACE::2026-01-28.18:13:42::SCWBDomain::make -C psu_cortexa53_0/libsrc/usbpsu_v1_13/src -s include  "SHELL=CMD" "COMPILER=aarch64-none-elf-gcc" "ASSEMBLER=aarch64-none
TRACE::2026-01-28.18:13:42::SCWBDomain::-elf-as" "ARCHIVER=aarch64-none-elf-ar" "COMPILER_FLAGS=  -c" "EXTRA_COMPILER_FLAGS=-g -Wall -Wextra -fno-tree-loop-distribute-
TRACE::2026-01-28.18:13:42::SCWBDomain::patterns -Os -flto -ffat-lto-objects"

TRACE::2026-01-28.18:13:42::SCWBDomain::"Running Make include in psu_cortexa53_0/libsrc/video_common_v4_13/src"

TRACE::2026-01-28.18:13:42::SCWBDomain::make -C psu_cortexa53_0/libsrc/video_common_v4_13/src -s include  "SHELL=CMD" "COMPILER=aarch64-none-elf-gcc" "ASSEMBLER=aarch6
TRACE::2026-01-28.18:13:42::SCWBDomain::4-none-elf-as" "ARCHIVER=aarch64-none-elf-ar" "COMPILER_FLAGS=  -c" "EXTRA_COMPILER_FLAGS=-g -Wall -Wextra -fno-tree-loop-distr
TRACE::2026-01-28.18:13:42::SCWBDomain::ibute-patterns -Os -flto -ffat-lto-objects"

TRACE::2026-01-28.18:13:42::SCWBDomain::"Running Make include in psu_cortexa53_0/libsrc/xilffs_v5_0/src"

TRACE::2026-01-28.18:13:42::SCWBDomain::make -C psu_cortexa53_0/libsrc/xilffs_v5_0/src -s include  "SHELL=CMD" "COMPILER=aarch64-none-elf-gcc" "ASSEMBLER=aarch64-none-
TRACE::2026-01-28.18:13:42::SCWBDomain::elf-as" "ARCHIVER=aarch64-none-elf-ar" "COMPILER_FLAGS=  -c" "EXTRA_COMPILER_FLAGS=-g -Wall -Wextra -fno-tree-loop-distribute-p
TRACE::2026-01-28.18:13:42::SCWBDomain::atterns -Os -flto -ffat-lto-objects"

TRACE::2026-01-28.18:13:42::SCWBDomain::"Running Make include in psu_cortexa53_0/libsrc/xilpm_v5_0/src"

TRACE::2026-01-28.18:13:42::SCWBDomain::make -C psu_cortexa53_0/libsrc/xilpm_v5_0/src -s include  "SHELL=CMD" "COMPILER=aarch64-none-elf-gcc" "ASSEMBLER=aarch64-none-e
TRACE::2026-01-28.18:13:42::SCWBDomain::lf-as" "ARCHIVER=aarch64-none-elf-ar" "COMPILER_FLAGS=  -c" "EXTRA_COMPILER_FLAGS=-g -Wall -Wextra -fno-tree-loop-distribute-pa
TRACE::2026-01-28.18:13:42::SCWBDomain::tterns -Os -flto -ffat-lto-objects"

TRACE::2026-01-28.18:13:42::SCWBDomain::"Include files for this library have already been copied."

TRACE::2026-01-28.18:13:42::SCWBDomain::"Running Make include in psu_cortexa53_0/libsrc/xilsecure_v5_1/src"

TRACE::2026-01-28.18:13:42::SCWBDomain::make -C psu_cortexa53_0/libsrc/xilsecure_v5_1/src -s include  "SHELL=CMD" "COMPILER=aarch64-none-elf-gcc" "ASSEMBLER=aarch64-no
TRACE::2026-01-28.18:13:42::SCWBDomain::ne-elf-as" "ARCHIVER=aarch64-none-elf-ar" "COMPILER_FLAGS=  -c" "EXTRA_COMPILER_FLAGS=-g -Wall -Wextra -fno-tree-loop-distribut
TRACE::2026-01-28.18:13:42::SCWBDomain::e-patterns -Os -flto -ffat-lto-objects"

TRACE::2026-01-28.18:13:42::SCWBDomain::"Running Make include in psu_cortexa53_0/libsrc/zdma_v1_16/src"

TRACE::2026-01-28.18:13:42::SCWBDomain::make -C psu_cortexa53_0/libsrc/zdma_v1_16/src -s include  "SHELL=CMD" "COMPILER=aarch64-none-elf-gcc" "ASSEMBLER=aarch64-none-e
TRACE::2026-01-28.18:13:42::SCWBDomain::lf-as" "ARCHIVER=aarch64-none-elf-ar" "COMPILER_FLAGS=  -c" "EXTRA_COMPILER_FLAGS=-g -Wall -Wextra -fno-tree-loop-distribute-pa
TRACE::2026-01-28.18:13:42::SCWBDomain::tterns -Os -flto -ffat-lto-objects"

TRACE::2026-01-28.18:13:42::SCWBDomain::"Running Make libs in psu_cortexa53_0/libsrc/avbuf_v2_5/src"

TRACE::2026-01-28.18:13:42::SCWBDomain::make -C psu_cortexa53_0/libsrc/avbuf_v2_5/src -s libs  "SHELL=CMD" "COMPILER=aarch64-none-elf-gcc" "ASSEMBLER=aarch64-none-elf-
TRACE::2026-01-28.18:13:42::SCWBDomain::as" "ARCHIVER=aarch64-none-elf-ar" "COMPILER_FLAGS=  -c" "EXTRA_COMPILER_FLAGS=-g -Wall -Wextra -fno-tree-loop-distribute-patte
TRACE::2026-01-28.18:13:42::SCWBDomain::rns -Os -flto -ffat-lto-objects"

TRACE::2026-01-28.18:13:42::SCWBDomain::"Compiling avbuf"

TRACE::2026-01-28.18:13:51::SCWBDomain::"Running Make libs in psu_cortexa53_0/libsrc/dpdma_v1_4/src"

TRACE::2026-01-28.18:13:51::SCWBDomain::make -C psu_cortexa53_0/libsrc/dpdma_v1_4/src -s libs  "SHELL=CMD" "COMPILER=aarch64-none-elf-gcc" "ASSEMBLER=aarch64-none-elf-
TRACE::2026-01-28.18:13:51::SCWBDomain::as" "ARCHIVER=aarch64-none-elf-ar" "COMPILER_FLAGS=  -c" "EXTRA_COMPILER_FLAGS=-g -Wall -Wextra -fno-tree-loop-distribute-patte
TRACE::2026-01-28.18:13:51::SCWBDomain::rns -Os -flto -ffat-lto-objects"

TRACE::2026-01-28.18:13:51::SCWBDomain::"Compiling dpdma"

TRACE::2026-01-28.18:13:52::SCWBDomain::"Running Make libs in psu_cortexa53_0/libsrc/dppsu_v1_6/src"

TRACE::2026-01-28.18:13:52::SCWBDomain::make -C psu_cortexa53_0/libsrc/dppsu_v1_6/src -s libs  "SHELL=CMD" "COMPILER=aarch64-none-elf-gcc" "ASSEMBLER=aarch64-none-elf-
TRACE::2026-01-28.18:13:52::SCWBDomain::as" "ARCHIVER=aarch64-none-elf-ar" "COMPILER_FLAGS=  -c" "EXTRA_COMPILER_FLAGS=-g -Wall -Wextra -fno-tree-loop-distribute-patte
TRACE::2026-01-28.18:13:52::SCWBDomain::rns -Os -flto -ffat-lto-objects"

TRACE::2026-01-28.18:13:52::SCWBDomain::"Compiling dppsu"

TRACE::2026-01-28.18:13:54::SCWBDomain::"Running Make libs in psu_cortexa53_0/libsrc/xilpm_v5_0/src"

TRACE::2026-01-28.18:13:54::SCWBDomain::make -C psu_cortexa53_0/libsrc/xilpm_v5_0/src -s libs  "SHELL=CMD" "COMPILER=aarch64-none-elf-gcc" "ASSEMBLER=aarch64-none-elf-
TRACE::2026-01-28.18:13:54::SCWBDomain::as" "ARCHIVER=aarch64-none-elf-ar" "COMPILER_FLAGS=  -c" "EXTRA_COMPILER_FLAGS=-g -Wall -Wextra -fno-tree-loop-distribute-patte
TRACE::2026-01-28.18:13:54::SCWBDomain::rns -Os -flto -ffat-lto-objects"

TRACE::2026-01-28.18:13:54::SCWBDomain::"Compiling xilpm library"

TRACE::2026-01-28.18:13:54::SCWBDomain::"Running Make libs in psu_cortexa53_0/libsrc/xilsecure_v5_1/src"

TRACE::2026-01-28.18:13:54::SCWBDomain::make -C psu_cortexa53_0/libsrc/xilsecure_v5_1/src -s libs  "SHELL=CMD" "COMPILER=aarch64-none-elf-gcc" "ASSEMBLER=aarch64-none-
TRACE::2026-01-28.18:13:54::SCWBDomain::elf-as" "ARCHIVER=aarch64-none-elf-ar" "COMPILER_FLAGS=  -c" "EXTRA_COMPILER_FLAGS=-g -Wall -Wextra -fno-tree-loop-distribute-p
TRACE::2026-01-28.18:13:54::SCWBDomain::atterns -Os -flto -ffat-lto-objects"

TRACE::2026-01-28.18:13:54::SCWBDomain::"Compiling XilSecure Library"

TRACE::2026-01-28.18:13:54::SCWBDomain::'Finished building libraries sequentially.'

TRACE::2026-01-28.18:13:54::SCWBDomain::make -j 10 --no-print-directory par_libs

TRACE::2026-01-28.18:13:54::SCWBDomain::"Running Make include in psu_cortexa53_0/libsrc/avbuf_v2_5/src"

TRACE::2026-01-28.18:13:54::SCWBDomain::"Running Make include in psu_cortexa53_0/libsrc/axipmon_v6_9/src"

TRACE::2026-01-28.18:13:54::SCWBDomain::"Running Make include in psu_cortexa53_0/libsrc/clockps_v1_4/src"

TRACE::2026-01-28.18:13:54::SCWBDomain::make -C psu_cortexa53_0/libsrc/avbuf_v2_5/src -s include  "SHELL=CMD" "COMPILER=aarch64-none-elf-gcc" "ASSEMBLER=aarch64-none-e
TRACE::2026-01-28.18:13:54::SCWBDomain::lf-as" "ARCHIVER=aarch64-none-elf-ar" "COMPILER_FLAGS=  -c" "EXTRA_COMPILER_FLAGS=-g -Wall -Wextra -fno-tree-loop-distribute-pa
TRACE::2026-01-28.18:13:54::SCWBDomain::tterns -Os -flto -ffat-lto-objects"

TRACE::2026-01-28.18:13:54::SCWBDomain::"Running Make include in psu_cortexa53_0/libsrc/coresightps_dcc_v1_8/src"

TRACE::2026-01-28.18:13:54::SCWBDomain::make -C psu_cortexa53_0/libsrc/axipmon_v6_9/src -s include  "SHELL=CMD" "COMPILER=aarch64-none-elf-gcc" "ASSEMBLER=aarch64-none
TRACE::2026-01-28.18:13:54::SCWBDomain::-elf-as" "ARCHIVER=aarch64-none-elf-ar" "COMPILER_FLAGS=  -c" "EXTRA_COMPILER_FLAGS=-g -Wall -Wextra -fno-tree-loop-distribute-
TRACE::2026-01-28.18:13:54::SCWBDomain::patterns -Os -flto -ffat-lto-objects"

TRACE::2026-01-28.18:13:54::SCWBDomain::make -C psu_cortexa53_0/libsrc/clockps_v1_4/src -s include  "SHELL=CMD" "COMPILER=aarch64-none-elf-gcc" "ASSEMBLER=aarch64-none
TRACE::2026-01-28.18:13:54::SCWBDomain::-elf-as" "ARCHIVER=aarch64-none-elf-ar" "COMPILER_FLAGS=  -c" "EXTRA_COMPILER_FLAGS=-g -Wall -Wextra -fno-tree-loop-distribute-
TRACE::2026-01-28.18:13:54::SCWBDomain::patterns -Os -flto -ffat-lto-objects"

TRACE::2026-01-28.18:13:54::SCWBDomain::make -C psu_cortexa53_0/libsrc/coresightps_dcc_v1_8/src -s include  "SHELL=CMD" "COMPILER=aarch64-none-elf-gcc" "ASSEMBLER=aarc
TRACE::2026-01-28.18:13:54::SCWBDomain::h64-none-elf-as" "ARCHIVER=aarch64-none-elf-ar" "COMPILER_FLAGS=  -c" "EXTRA_COMPILER_FLAGS=-g -Wall -Wextra -fno-tree-loop-dis
TRACE::2026-01-28.18:13:54::SCWBDomain::tribute-patterns -Os -flto -ffat-lto-objects"

TRACE::2026-01-28.18:13:55::SCWBDomain::"Running Make include in psu_cortexa53_0/libsrc/csudma_v1_13/src"

TRACE::2026-01-28.18:13:55::SCWBDomain::"Running Make include in psu_cortexa53_0/libsrc/cpu_cortexa53_v2_0/src"

TRACE::2026-01-28.18:13:55::SCWBDomain::make -C psu_cortexa53_0/libsrc/cpu_cortexa53_v2_0/src -s include  "SHELL=CMD" "COMPILER=aarch64-none-elf-gcc" "ASSEMBLER=aarch6
TRACE::2026-01-28.18:13:55::SCWBDomain::4-none-elf-as" "ARCHIVER=aarch64-none-elf-ar" "COMPILER_FLAGS=  -c" "EXTRA_COMPILER_FLAGS=-g -Wall -Wextra -fno-tree-loop-distr
TRACE::2026-01-28.18:13:55::SCWBDomain::ibute-patterns -Os -flto -ffat-lto-objects"

TRACE::2026-01-28.18:13:55::SCWBDomain::make -C psu_cortexa53_0/libsrc/csudma_v1_13/src -s include  "SHELL=CMD" "COMPILER=aarch64-none-elf-gcc" "ASSEMBLER=aarch64-none
TRACE::2026-01-28.18:13:55::SCWBDomain::-elf-as" "ARCHIVER=aarch64-none-elf-ar" "COMPILER_FLAGS=  -c" "EXTRA_COMPILER_FLAGS=-g -Wall -Wextra -fno-tree-loop-distribute-
TRACE::2026-01-28.18:13:55::SCWBDomain::patterns -Os -flto -ffat-lto-objects"

TRACE::2026-01-28.18:13:55::SCWBDomain::"Running Make include in psu_cortexa53_0/libsrc/dpdma_v1_4/src"

TRACE::2026-01-28.18:13:55::SCWBDomain::"Running Make include in psu_cortexa53_0/libsrc/ddrcpsu_v1_4/src"

TRACE::2026-01-28.18:13:55::SCWBDomain::make -C psu_cortexa53_0/libsrc/ddrcpsu_v1_4/src -s include  "SHELL=CMD" "COMPILER=aarch64-none-elf-gcc" "ASSEMBLER=aarch64-none
TRACE::2026-01-28.18:13:55::SCWBDomain::-elf-as" "ARCHIVER=aarch64-none-elf-ar" "COMPILER_FLAGS=  -c" "EXTRA_COMPILER_FLAGS=-g -Wall -Wextra -fno-tree-loop-distribute-
TRACE::2026-01-28.18:13:55::SCWBDomain::patterns -Os -flto -ffat-lto-objects"

TRACE::2026-01-28.18:13:55::SCWBDomain::"Running Make include in psu_cortexa53_0/libsrc/dppsu_v1_6/src"

TRACE::2026-01-28.18:13:55::SCWBDomain::make -C psu_cortexa53_0/libsrc/dpdma_v1_4/src -s include  "SHELL=CMD" "COMPILER=aarch64-none-elf-gcc" "ASSEMBLER=aarch64-none-e
TRACE::2026-01-28.18:13:55::SCWBDomain::lf-as" "ARCHIVER=aarch64-none-elf-ar" "COMPILER_FLAGS=  -c" "EXTRA_COMPILER_FLAGS=-g -Wall -Wextra -fno-tree-loop-distribute-pa
TRACE::2026-01-28.18:13:55::SCWBDomain::tterns -Os -flto -ffat-lto-objects"

TRACE::2026-01-28.18:13:55::SCWBDomain::make -C psu_cortexa53_0/libsrc/dppsu_v1_6/src -s include  "SHELL=CMD" "COMPILER=aarch64-none-elf-gcc" "ASSEMBLER=aarch64-none-e
TRACE::2026-01-28.18:13:55::SCWBDomain::lf-as" "ARCHIVER=aarch64-none-elf-ar" "COMPILER_FLAGS=  -c" "EXTRA_COMPILER_FLAGS=-g -Wall -Wextra -fno-tree-loop-distribute-pa
TRACE::2026-01-28.18:13:55::SCWBDomain::tterns -Os -flto -ffat-lto-objects"

TRACE::2026-01-28.18:13:55::SCWBDomain::"Running Make include in psu_cortexa53_0/libsrc/emacps_v3_18/src"

TRACE::2026-01-28.18:13:55::SCWBDomain::make -C psu_cortexa53_0/libsrc/emacps_v3_18/src -s include  "SHELL=CMD" "COMPILER=aarch64-none-elf-gcc" "ASSEMBLER=aarch64-none
TRACE::2026-01-28.18:13:55::SCWBDomain::-elf-as" "ARCHIVER=aarch64-none-elf-ar" "COMPILER_FLAGS=  -c" "EXTRA_COMPILER_FLAGS=-g -Wall -Wextra -fno-tree-loop-distribute-
TRACE::2026-01-28.18:13:55::SCWBDomain::patterns -Os -flto -ffat-lto-objects"

TRACE::2026-01-28.18:13:55::SCWBDomain::"Running Make include in psu_cortexa53_0/libsrc/gpiops_v3_11/src"

TRACE::2026-01-28.18:13:55::SCWBDomain::"Running Make include in psu_cortexa53_0/libsrc/iicps_v3_17/src"

TRACE::2026-01-28.18:13:55::SCWBDomain::make -C psu_cortexa53_0/libsrc/gpiops_v3_11/src -s include  "SHELL=CMD" "COMPILER=aarch64-none-elf-gcc" "ASSEMBLER=aarch64-none
TRACE::2026-01-28.18:13:55::SCWBDomain::-elf-as" "ARCHIVER=aarch64-none-elf-ar" "COMPILER_FLAGS=  -c" "EXTRA_COMPILER_FLAGS=-g -Wall -Wextra -fno-tree-loop-distribute-
TRACE::2026-01-28.18:13:55::SCWBDomain::patterns -Os -flto -ffat-lto-objects"

TRACE::2026-01-28.18:13:55::SCWBDomain::make -C psu_cortexa53_0/libsrc/iicps_v3_17/src -s include  "SHELL=CMD" "COMPILER=aarch64-none-elf-gcc" "ASSEMBLER=aarch64-none-
TRACE::2026-01-28.18:13:55::SCWBDomain::elf-as" "ARCHIVER=aarch64-none-elf-ar" "COMPILER_FLAGS=  -c" "EXTRA_COMPILER_FLAGS=-g -Wall -Wextra -fno-tree-loop-distribute-p
TRACE::2026-01-28.18:13:55::SCWBDomain::atterns -Os -flto -ffat-lto-objects"

TRACE::2026-01-28.18:13:55::SCWBDomain::"Running Make include in psu_cortexa53_0/libsrc/ipipsu_v2_13/src"

TRACE::2026-01-28.18:13:55::SCWBDomain::make -C psu_cortexa53_0/libsrc/ipipsu_v2_13/src -s include  "SHELL=CMD" "COMPILER=aarch64-none-elf-gcc" "ASSEMBLER=aarch64-none
TRACE::2026-01-28.18:13:55::SCWBDomain::-elf-as" "ARCHIVER=aarch64-none-elf-ar" "COMPILER_FLAGS=  -c" "EXTRA_COMPILER_FLAGS=-g -Wall -Wextra -fno-tree-loop-distribute-
TRACE::2026-01-28.18:13:55::SCWBDomain::patterns -Os -flto -ffat-lto-objects"

TRACE::2026-01-28.18:13:55::SCWBDomain::"Running Make include in psu_cortexa53_0/libsrc/pciepsu_v1_5/src"

TRACE::2026-01-28.18:13:55::SCWBDomain::make -C psu_cortexa53_0/libsrc/pciepsu_v1_5/src -s include  "SHELL=CMD" "COMPILER=aarch64-none-elf-gcc" "ASSEMBLER=aarch64-none
TRACE::2026-01-28.18:13:55::SCWBDomain::-elf-as" "ARCHIVER=aarch64-none-elf-ar" "COMPILER_FLAGS=  -c" "EXTRA_COMPILER_FLAGS=-g -Wall -Wextra -fno-tree-loop-distribute-
TRACE::2026-01-28.18:13:55::SCWBDomain::patterns -Os -flto -ffat-lto-objects"

TRACE::2026-01-28.18:13:55::SCWBDomain::"Running Make include in psu_cortexa53_0/libsrc/qspipsu_v1_17/src"

TRACE::2026-01-28.18:13:55::SCWBDomain::make -C psu_cortexa53_0/libsrc/qspipsu_v1_17/src -s include  "SHELL=CMD" "COMPILER=aarch64-none-elf-gcc" "ASSEMBLER=aarch64-non
TRACE::2026-01-28.18:13:55::SCWBDomain::e-elf-as" "ARCHIVER=aarch64-none-elf-ar" "COMPILER_FLAGS=  -c" "EXTRA_COMPILER_FLAGS=-g -Wall -Wextra -fno-tree-loop-distribute
TRACE::2026-01-28.18:13:55::SCWBDomain::-patterns -Os -flto -ffat-lto-objects"

TRACE::2026-01-28.18:13:55::SCWBDomain::"Running Make include in psu_cortexa53_0/libsrc/resetps_v1_5/src"

TRACE::2026-01-28.18:13:55::SCWBDomain::make -C psu_cortexa53_0/libsrc/resetps_v1_5/src -s include  "SHELL=CMD" "COMPILER=aarch64-none-elf-gcc" "ASSEMBLER=aarch64-none
TRACE::2026-01-28.18:13:55::SCWBDomain::-elf-as" "ARCHIVER=aarch64-none-elf-ar" "COMPILER_FLAGS=  -c" "EXTRA_COMPILER_FLAGS=-g -Wall -Wextra -fno-tree-loop-distribute-
TRACE::2026-01-28.18:13:55::SCWBDomain::patterns -Os -flto -ffat-lto-objects"

TRACE::2026-01-28.18:13:55::SCWBDomain::"Running Make include in psu_cortexa53_0/libsrc/rtcpsu_v1_12/src"

TRACE::2026-01-28.18:13:55::SCWBDomain::make -C psu_cortexa53_0/libsrc/rtcpsu_v1_12/src -s include  "SHELL=CMD" "COMPILER=aarch64-none-elf-gcc" "ASSEMBLER=aarch64-none
TRACE::2026-01-28.18:13:55::SCWBDomain::-elf-as" "ARCHIVER=aarch64-none-elf-ar" "COMPILER_FLAGS=  -c" "EXTRA_COMPILER_FLAGS=-g -Wall -Wextra -fno-tree-loop-distribute-
TRACE::2026-01-28.18:13:55::SCWBDomain::patterns -Os -flto -ffat-lto-objects"

TRACE::2026-01-28.18:13:55::SCWBDomain::"Running Make include in psu_cortexa53_0/libsrc/scugic_v5_1/src"

TRACE::2026-01-28.18:13:55::SCWBDomain::make -C psu_cortexa53_0/libsrc/scugic_v5_1/src -s include  "SHELL=CMD" "COMPILER=aarch64-none-elf-gcc" "ASSEMBLER=aarch64-none-
TRACE::2026-01-28.18:13:55::SCWBDomain::elf-as" "ARCHIVER=aarch64-none-elf-ar" "COMPILER_FLAGS=  -c" "EXTRA_COMPILER_FLAGS=-g -Wall -Wextra -fno-tree-loop-distribute-p
TRACE::2026-01-28.18:13:55::SCWBDomain::atterns -Os -flto -ffat-lto-objects"

TRACE::2026-01-28.18:13:55::SCWBDomain::"Running Make include in psu_cortexa53_0/libsrc/sdps_v4_1/src"

TRACE::2026-01-28.18:13:55::SCWBDomain::make -C psu_cortexa53_0/libsrc/sdps_v4_1/src -s include  "SHELL=CMD" "COMPILER=aarch64-none-elf-gcc" "ASSEMBLER=aarch64-none-el
TRACE::2026-01-28.18:13:55::SCWBDomain::f-as" "ARCHIVER=aarch64-none-elf-ar" "COMPILER_FLAGS=  -c" "EXTRA_COMPILER_FLAGS=-g -Wall -Wextra -fno-tree-loop-distribute-pat
TRACE::2026-01-28.18:13:55::SCWBDomain::terns -Os -flto -ffat-lto-objects"

TRACE::2026-01-28.18:13:55::SCWBDomain::"Running Make include in psu_cortexa53_0/libsrc/standalone_v8_1/src"

TRACE::2026-01-28.18:13:55::SCWBDomain::"Running Make include in psu_cortexa53_0/libsrc/sysmonpsu_v2_8/src"

TRACE::2026-01-28.18:13:55::SCWBDomain::make -C psu_cortexa53_0/libsrc/standalone_v8_1/src -s include  "SHELL=CMD" "COMPILER=aarch64-none-elf-gcc" "ASSEMBLER=aarch64-n
TRACE::2026-01-28.18:13:55::SCWBDomain::one-elf-as" "ARCHIVER=aarch64-none-elf-ar" "COMPILER_FLAGS=  -c" "EXTRA_COMPILER_FLAGS=-g -Wall -Wextra -fno-tree-loop-distribu
TRACE::2026-01-28.18:13:55::SCWBDomain::te-patterns -Os -flto -ffat-lto-objects"

TRACE::2026-01-28.18:13:55::SCWBDomain::make -C psu_cortexa53_0/libsrc/sysmonpsu_v2_8/src -s include  "SHELL=CMD" "COMPILER=aarch64-none-elf-gcc" "ASSEMBLER=aarch64-no
TRACE::2026-01-28.18:13:55::SCWBDomain::ne-elf-as" "ARCHIVER=aarch64-none-elf-ar" "COMPILER_FLAGS=  -c" "EXTRA_COMPILER_FLAGS=-g -Wall -Wextra -fno-tree-loop-distribut
TRACE::2026-01-28.18:13:55::SCWBDomain::e-patterns -Os -flto -ffat-lto-objects"

TRACE::2026-01-28.18:13:55::SCWBDomain::"Running Make include in psu_cortexa53_0/libsrc/ttcps_v3_17/src"

TRACE::2026-01-28.18:13:55::SCWBDomain::make -C psu_cortexa53_0/libsrc/ttcps_v3_17/src -s include  "SHELL=CMD" "COMPILER=aarch64-none-elf-gcc" "ASSEMBLER=aarch64-none-
TRACE::2026-01-28.18:13:55::SCWBDomain::elf-as" "ARCHIVER=aarch64-none-elf-ar" "COMPILER_FLAGS=  -c" "EXTRA_COMPILER_FLAGS=-g -Wall -Wextra -fno-tree-loop-distribute-p
TRACE::2026-01-28.18:13:55::SCWBDomain::atterns -Os -flto -ffat-lto-objects"

TRACE::2026-01-28.18:13:55::SCWBDomain::"Running Make include in psu_cortexa53_0/libsrc/uartps_v3_12/src"

TRACE::2026-01-28.18:13:55::SCWBDomain::make -C psu_cortexa53_0/libsrc/uartps_v3_12/src -s include  "SHELL=CMD" "COMPILER=aarch64-none-elf-gcc" "ASSEMBLER=aarch64-none
TRACE::2026-01-28.18:13:55::SCWBDomain::-elf-as" "ARCHIVER=aarch64-none-elf-ar" "COMPILER_FLAGS=  -c" "EXTRA_COMPILER_FLAGS=-g -Wall -Wextra -fno-tree-loop-distribute-
TRACE::2026-01-28.18:13:55::SCWBDomain::patterns -Os -flto -ffat-lto-objects"

TRACE::2026-01-28.18:13:55::SCWBDomain::"Running Make include in psu_cortexa53_0/libsrc/usbpsu_v1_13/src"

TRACE::2026-01-28.18:13:55::SCWBDomain::make -C psu_cortexa53_0/libsrc/usbpsu_v1_13/src -s include  "SHELL=CMD" "COMPILER=aarch64-none-elf-gcc" "ASSEMBLER=aarch64-none
TRACE::2026-01-28.18:13:55::SCWBDomain::-elf-as" "ARCHIVER=aarch64-none-elf-ar" "COMPILER_FLAGS=  -c" "EXTRA_COMPILER_FLAGS=-g -Wall -Wextra -fno-tree-loop-distribute-
TRACE::2026-01-28.18:13:55::SCWBDomain::patterns -Os -flto -ffat-lto-objects"

TRACE::2026-01-28.18:13:55::SCWBDomain::"Running Make include in psu_cortexa53_0/libsrc/video_common_v4_13/src"

TRACE::2026-01-28.18:13:55::SCWBDomain::make -C psu_cortexa53_0/libsrc/video_common_v4_13/src -s include  "SHELL=CMD" "COMPILER=aarch64-none-elf-gcc" "ASSEMBLER=aarch6
TRACE::2026-01-28.18:13:55::SCWBDomain::4-none-elf-as" "ARCHIVER=aarch64-none-elf-ar" "COMPILER_FLAGS=  -c" "EXTRA_COMPILER_FLAGS=-g -Wall -Wextra -fno-tree-loop-distr
TRACE::2026-01-28.18:13:55::SCWBDomain::ibute-patterns -Os -flto -ffat-lto-objects"

TRACE::2026-01-28.18:13:55::SCWBDomain::"Running Make include in psu_cortexa53_0/libsrc/xilffs_v5_0/src"

TRACE::2026-01-28.18:13:55::SCWBDomain::make -C psu_cortexa53_0/libsrc/xilffs_v5_0/src -s include  "SHELL=CMD" "COMPILER=aarch64-none-elf-gcc" "ASSEMBLER=aarch64-none-
TRACE::2026-01-28.18:13:55::SCWBDomain::elf-as" "ARCHIVER=aarch64-none-elf-ar" "COMPILER_FLAGS=  -c" "EXTRA_COMPILER_FLAGS=-g -Wall -Wextra -fno-tree-loop-distribute-p
TRACE::2026-01-28.18:13:55::SCWBDomain::atterns -Os -flto -ffat-lto-objects"

TRACE::2026-01-28.18:13:55::SCWBDomain::"Running Make include in psu_cortexa53_0/libsrc/xilpm_v5_0/src"

TRACE::2026-01-28.18:13:55::SCWBDomain::make -C psu_cortexa53_0/libsrc/xilpm_v5_0/src -s include  "SHELL=CMD" "COMPILER=aarch64-none-elf-gcc" "ASSEMBLER=aarch64-none-e
TRACE::2026-01-28.18:13:55::SCWBDomain::lf-as" "ARCHIVER=aarch64-none-elf-ar" "COMPILER_FLAGS=  -c" "EXTRA_COMPILER_FLAGS=-g -Wall -Wextra -fno-tree-loop-distribute-pa
TRACE::2026-01-28.18:13:55::SCWBDomain::tterns -Os -flto -ffat-lto-objects"

TRACE::2026-01-28.18:13:55::SCWBDomain::"Include files for this library have already been copied."

TRACE::2026-01-28.18:13:55::SCWBDomain::"Running Make include in psu_cortexa53_0/libsrc/xilsecure_v5_1/src"

TRACE::2026-01-28.18:13:55::SCWBDomain::make -C psu_cortexa53_0/libsrc/xilsecure_v5_1/src -s include  "SHELL=CMD" "COMPILER=aarch64-none-elf-gcc" "ASSEMBLER=aarch64-no
TRACE::2026-01-28.18:13:55::SCWBDomain::ne-elf-as" "ARCHIVER=aarch64-none-elf-ar" "COMPILER_FLAGS=  -c" "EXTRA_COMPILER_FLAGS=-g -Wall -Wextra -fno-tree-loop-distribut
TRACE::2026-01-28.18:13:55::SCWBDomain::e-patterns -Os -flto -ffat-lto-objects"

TRACE::2026-01-28.18:13:55::SCWBDomain::"Running Make include in psu_cortexa53_0/libsrc/zdma_v1_16/src"

TRACE::2026-01-28.18:13:55::SCWBDomain::make -C psu_cortexa53_0/libsrc/zdma_v1_16/src -s include  "SHELL=CMD" "COMPILER=aarch64-none-elf-gcc" "ASSEMBLER=aarch64-none-e
TRACE::2026-01-28.18:13:55::SCWBDomain::lf-as" "ARCHIVER=aarch64-none-elf-ar" "COMPILER_FLAGS=  -c" "EXTRA_COMPILER_FLAGS=-g -Wall -Wextra -fno-tree-loop-distribute-pa
TRACE::2026-01-28.18:13:55::SCWBDomain::tterns -Os -flto -ffat-lto-objects"

TRACE::2026-01-28.18:13:55::SCWBDomain::"Running Make libs in psu_cortexa53_0/libsrc/axipmon_v6_9/src"

TRACE::2026-01-28.18:13:55::SCWBDomain::"Running Make libs in psu_cortexa53_0/libsrc/clockps_v1_4/src"

TRACE::2026-01-28.18:13:55::SCWBDomain::make -C psu_cortexa53_0/libsrc/axipmon_v6_9/src -s libs  "SHELL=CMD" "COMPILER=aarch64-none-elf-gcc" "ASSEMBLER=aarch64-none-el
TRACE::2026-01-28.18:13:55::SCWBDomain::f-as" "ARCHIVER=aarch64-none-elf-ar" "COMPILER_FLAGS=  -c" "EXTRA_COMPILER_FLAGS=-g -Wall -Wextra -fno-tree-loop-distribute-pat
TRACE::2026-01-28.18:13:55::SCWBDomain::terns -Os -flto -ffat-lto-objects"

TRACE::2026-01-28.18:13:55::SCWBDomain::"Running Make libs in psu_cortexa53_0/libsrc/coresightps_dcc_v1_8/src"

TRACE::2026-01-28.18:13:55::SCWBDomain::make -C psu_cortexa53_0/libsrc/clockps_v1_4/src -s libs  "SHELL=CMD" "COMPILER=aarch64-none-elf-gcc" "ASSEMBLER=aarch64-none-el
TRACE::2026-01-28.18:13:55::SCWBDomain::f-as" "ARCHIVER=aarch64-none-elf-ar" "COMPILER_FLAGS=  -c" "EXTRA_COMPILER_FLAGS=-g -Wall -Wextra -fno-tree-loop-distribute-pat
TRACE::2026-01-28.18:13:55::SCWBDomain::terns -Os -flto -ffat-lto-objects"

TRACE::2026-01-28.18:13:55::SCWBDomain::"Running Make libs in psu_cortexa53_0/libsrc/cpu_cortexa53_v2_0/src"

TRACE::2026-01-28.18:13:55::SCWBDomain::make -C psu_cortexa53_0/libsrc/coresightps_dcc_v1_8/src -s libs  "SHELL=CMD" "COMPILER=aarch64-none-elf-gcc" "ASSEMBLER=aarch64
TRACE::2026-01-28.18:13:55::SCWBDomain::-none-elf-as" "ARCHIVER=aarch64-none-elf-ar" "COMPILER_FLAGS=  -c" "EXTRA_COMPILER_FLAGS=-g -Wall -Wextra -fno-tree-loop-distri
TRACE::2026-01-28.18:13:55::SCWBDomain::bute-patterns -Os -flto -ffat-lto-objects"

TRACE::2026-01-28.18:13:55::SCWBDomain::make -C psu_cortexa53_0/libsrc/cpu_cortexa53_v2_0/src -s libs  "SHELL=CMD" "COMPILER=aarch64-none-elf-gcc" "ASSEMBLER=aarch64-n
TRACE::2026-01-28.18:13:55::SCWBDomain::one-elf-as" "ARCHIVER=aarch64-none-elf-ar" "COMPILER_FLAGS=  -c" "EXTRA_COMPILER_FLAGS=-g -Wall -Wextra -fno-tree-loop-distribu
TRACE::2026-01-28.18:13:55::SCWBDomain::te-patterns -Os -flto -ffat-lto-objects"

TRACE::2026-01-28.18:13:55::SCWBDomain::"Running Make libs in psu_cortexa53_0/libsrc/csudma_v1_13/src"

TRACE::2026-01-28.18:13:55::SCWBDomain::make -C psu_cortexa53_0/libsrc/csudma_v1_13/src -s libs  "SHELL=CMD" "COMPILER=aarch64-none-elf-gcc" "ASSEMBLER=aarch64-none-el
TRACE::2026-01-28.18:13:55::SCWBDomain::f-as" "ARCHIVER=aarch64-none-elf-ar" "COMPILER_FLAGS=  -c" "EXTRA_COMPILER_FLAGS=-g -Wall -Wextra -fno-tree-loop-distribute-pat
TRACE::2026-01-28.18:13:55::SCWBDomain::terns -Os -flto -ffat-lto-objects"

TRACE::2026-01-28.18:13:56::SCWBDomain::"Running Make libs in psu_cortexa53_0/libsrc/ddrcpsu_v1_4/src"

TRACE::2026-01-28.18:13:56::SCWBDomain::make -C psu_cortexa53_0/libsrc/ddrcpsu_v1_4/src -s libs  "SHELL=CMD" "COMPILER=aarch64-none-elf-gcc" "ASSEMBLER=aarch64-none-el
TRACE::2026-01-28.18:13:56::SCWBDomain::f-as" "ARCHIVER=aarch64-none-elf-ar" "COMPILER_FLAGS=  -c" "EXTRA_COMPILER_FLAGS=-g -Wall -Wextra -fno-tree-loop-distribute-pat
TRACE::2026-01-28.18:13:56::SCWBDomain::terns -Os -flto -ffat-lto-objects"

TRACE::2026-01-28.18:13:56::SCWBDomain::"Running Make libs in psu_cortexa53_0/libsrc/emacps_v3_18/src"

TRACE::2026-01-28.18:13:56::SCWBDomain::"Running Make libs in psu_cortexa53_0/libsrc/gpiops_v3_11/src"

TRACE::2026-01-28.18:13:56::SCWBDomain::make -C psu_cortexa53_0/libsrc/emacps_v3_18/src -s libs  "SHELL=CMD" "COMPILER=aarch64-none-elf-gcc" "ASSEMBLER=aarch64-none-el
TRACE::2026-01-28.18:13:56::SCWBDomain::f-as" "ARCHIVER=aarch64-none-elf-ar" "COMPILER_FLAGS=  -c" "EXTRA_COMPILER_FLAGS=-g -Wall -Wextra -fno-tree-loop-distribute-pat
TRACE::2026-01-28.18:13:56::SCWBDomain::terns -Os -flto -ffat-lto-objects"

TRACE::2026-01-28.18:13:56::SCWBDomain::"Running Make libs in psu_cortexa53_0/libsrc/iicps_v3_17/src"

TRACE::2026-01-28.18:13:56::SCWBDomain::make -C psu_cortexa53_0/libsrc/gpiops_v3_11/src -s libs  "SHELL=CMD" "COMPILER=aarch64-none-elf-gcc" "ASSEMBLER=aarch64-none-el
TRACE::2026-01-28.18:13:56::SCWBDomain::f-as" "ARCHIVER=aarch64-none-elf-ar" "COMPILER_FLAGS=  -c" "EXTRA_COMPILER_FLAGS=-g -Wall -Wextra -fno-tree-loop-distribute-pat
TRACE::2026-01-28.18:13:56::SCWBDomain::terns -Os -flto -ffat-lto-objects"

TRACE::2026-01-28.18:13:56::SCWBDomain::make -C psu_cortexa53_0/libsrc/iicps_v3_17/src -s libs  "SHELL=CMD" "COMPILER=aarch64-none-elf-gcc" "ASSEMBLER=aarch64-none-elf
TRACE::2026-01-28.18:13:56::SCWBDomain::-as" "ARCHIVER=aarch64-none-elf-ar" "COMPILER_FLAGS=  -c" "EXTRA_COMPILER_FLAGS=-g -Wall -Wextra -fno-tree-loop-distribute-patt
TRACE::2026-01-28.18:13:56::SCWBDomain::erns -Os -flto -ffat-lto-objects"

TRACE::2026-01-28.18:13:56::SCWBDomain::"Running Make libs in psu_cortexa53_0/libsrc/ipipsu_v2_13/src"

TRACE::2026-01-28.18:13:56::SCWBDomain::make -C psu_cortexa53_0/libsrc/ipipsu_v2_13/src -s libs  "SHELL=CMD" "COMPILER=aarch64-none-elf-gcc" "ASSEMBLER=aarch64-none-el
TRACE::2026-01-28.18:13:56::SCWBDomain::f-as" "ARCHIVER=aarch64-none-elf-ar" "COMPILER_FLAGS=  -c" "EXTRA_COMPILER_FLAGS=-g -Wall -Wextra -fno-tree-loop-distribute-pat
TRACE::2026-01-28.18:13:56::SCWBDomain::terns -Os -flto -ffat-lto-objects"

TRACE::2026-01-28.18:13:56::SCWBDomain::"Running Make libs in psu_cortexa53_0/libsrc/pciepsu_v1_5/src"

TRACE::2026-01-28.18:13:56::SCWBDomain::make -C psu_cortexa53_0/libsrc/pciepsu_v1_5/src -s libs  "SHELL=CMD" "COMPILER=aarch64-none-elf-gcc" "ASSEMBLER=aarch64-none-el
TRACE::2026-01-28.18:13:56::SCWBDomain::f-as" "ARCHIVER=aarch64-none-elf-ar" "COMPILER_FLAGS=  -c" "EXTRA_COMPILER_FLAGS=-g -Wall -Wextra -fno-tree-loop-distribute-pat
TRACE::2026-01-28.18:13:56::SCWBDomain::terns -Os -flto -ffat-lto-objects"

TRACE::2026-01-28.18:13:56::SCWBDomain::"Running Make libs in psu_cortexa53_0/libsrc/qspipsu_v1_17/src"

TRACE::2026-01-28.18:13:56::SCWBDomain::make -C psu_cortexa53_0/libsrc/qspipsu_v1_17/src -s libs  "SHELL=CMD" "COMPILER=aarch64-none-elf-gcc" "ASSEMBLER=aarch64-none-e
TRACE::2026-01-28.18:13:56::SCWBDomain::lf-as" "ARCHIVER=aarch64-none-elf-ar" "COMPILER_FLAGS=  -c" "EXTRA_COMPILER_FLAGS=-g -Wall -Wextra -fno-tree-loop-distribute-pa
TRACE::2026-01-28.18:13:56::SCWBDomain::tterns -Os -flto -ffat-lto-objects"

TRACE::2026-01-28.18:13:56::SCWBDomain::"Running Make libs in psu_cortexa53_0/libsrc/resetps_v1_5/src"

TRACE::2026-01-28.18:13:56::SCWBDomain::make -C psu_cortexa53_0/libsrc/resetps_v1_5/src -s libs  "SHELL=CMD" "COMPILER=aarch64-none-elf-gcc" "ASSEMBLER=aarch64-none-el
TRACE::2026-01-28.18:13:56::SCWBDomain::f-as" "ARCHIVER=aarch64-none-elf-ar" "COMPILER_FLAGS=  -c" "EXTRA_COMPILER_FLAGS=-g -Wall -Wextra -fno-tree-loop-distribute-pat
TRACE::2026-01-28.18:13:56::SCWBDomain::terns -Os -flto -ffat-lto-objects"

TRACE::2026-01-28.18:13:56::SCWBDomain::"Running Make libs in psu_cortexa53_0/libsrc/rtcpsu_v1_12/src"

TRACE::2026-01-28.18:13:56::SCWBDomain::make -C psu_cortexa53_0/libsrc/rtcpsu_v1_12/src -s libs  "SHELL=CMD" "COMPILER=aarch64-none-elf-gcc" "ASSEMBLER=aarch64-none-el
TRACE::2026-01-28.18:13:56::SCWBDomain::f-as" "ARCHIVER=aarch64-none-elf-ar" "COMPILER_FLAGS=  -c" "EXTRA_COMPILER_FLAGS=-g -Wall -Wextra -fno-tree-loop-distribute-pat
TRACE::2026-01-28.18:13:56::SCWBDomain::terns -Os -flto -ffat-lto-objects"

TRACE::2026-01-28.18:13:56::SCWBDomain::"Running Make libs in psu_cortexa53_0/libsrc/scugic_v5_1/src"

TRACE::2026-01-28.18:13:56::SCWBDomain::make -C psu_cortexa53_0/libsrc/scugic_v5_1/src -s libs  "SHELL=CMD" "COMPILER=aarch64-none-elf-gcc" "ASSEMBLER=aarch64-none-elf
TRACE::2026-01-28.18:13:56::SCWBDomain::-as" "ARCHIVER=aarch64-none-elf-ar" "COMPILER_FLAGS=  -c" "EXTRA_COMPILER_FLAGS=-g -Wall -Wextra -fno-tree-loop-distribute-patt
TRACE::2026-01-28.18:13:56::SCWBDomain::erns -Os -flto -ffat-lto-objects"

TRACE::2026-01-28.18:13:56::SCWBDomain::"Running Make libs in psu_cortexa53_0/libsrc/sdps_v4_1/src"

TRACE::2026-01-28.18:13:56::SCWBDomain::"Running Make libs in psu_cortexa53_0/libsrc/standalone_v8_1/src"

TRACE::2026-01-28.18:13:56::SCWBDomain::make -C psu_cortexa53_0/libsrc/sdps_v4_1/src -s libs  "SHELL=CMD" "COMPILER=aarch64-none-elf-gcc" "ASSEMBLER=aarch64-none-elf-a
TRACE::2026-01-28.18:13:56::SCWBDomain::s" "ARCHIVER=aarch64-none-elf-ar" "COMPILER_FLAGS=  -c" "EXTRA_COMPILER_FLAGS=-g -Wall -Wextra -fno-tree-loop-distribute-patter
TRACE::2026-01-28.18:13:56::SCWBDomain::ns -Os -flto -ffat-lto-objects"

TRACE::2026-01-28.18:13:56::SCWBDomain::make -C psu_cortexa53_0/libsrc/standalone_v8_1/src -s libs  "SHELL=CMD" "COMPILER=aarch64-none-elf-gcc" "ASSEMBLER=aarch64-none
TRACE::2026-01-28.18:13:56::SCWBDomain::-elf-as" "ARCHIVER=aarch64-none-elf-ar" "COMPILER_FLAGS=  -c" "EXTRA_COMPILER_FLAGS=-g -Wall -Wextra -fno-tree-loop-distribute-
TRACE::2026-01-28.18:13:56::SCWBDomain::patterns -Os -flto -ffat-lto-objects"

TRACE::2026-01-28.18:13:56::SCWBDomain::"Running Make libs in psu_cortexa53_0/libsrc/sysmonpsu_v2_8/src"

TRACE::2026-01-28.18:13:56::SCWBDomain::make -C psu_cortexa53_0/libsrc/sysmonpsu_v2_8/src -s libs  "SHELL=CMD" "COMPILER=aarch64-none-elf-gcc" "ASSEMBLER=aarch64-none-
TRACE::2026-01-28.18:13:56::SCWBDomain::elf-as" "ARCHIVER=aarch64-none-elf-ar" "COMPILER_FLAGS=  -c" "EXTRA_COMPILER_FLAGS=-g -Wall -Wextra -fno-tree-loop-distribute-p
TRACE::2026-01-28.18:13:56::SCWBDomain::atterns -Os -flto -ffat-lto-objects"

TRACE::2026-01-28.18:13:56::SCWBDomain::"Running Make libs in psu_cortexa53_0/libsrc/ttcps_v3_17/src"

TRACE::2026-01-28.18:13:56::SCWBDomain::make -C psu_cortexa53_0/libsrc/ttcps_v3_17/src -s libs  "SHELL=CMD" "COMPILER=aarch64-none-elf-gcc" "ASSEMBLER=aarch64-none-elf
TRACE::2026-01-28.18:13:56::SCWBDomain::-as" "ARCHIVER=aarch64-none-elf-ar" "COMPILER_FLAGS=  -c" "EXTRA_COMPILER_FLAGS=-g -Wall -Wextra -fno-tree-loop-distribute-patt
TRACE::2026-01-28.18:13:56::SCWBDomain::erns -Os -flto -ffat-lto-objects"

TRACE::2026-01-28.18:13:56::SCWBDomain::"Running Make libs in psu_cortexa53_0/libsrc/uartps_v3_12/src"

TRACE::2026-01-28.18:13:56::SCWBDomain::make -C psu_cortexa53_0/libsrc/uartps_v3_12/src -s libs  "SHELL=CMD" "COMPILER=aarch64-none-elf-gcc" "ASSEMBLER=aarch64-none-el
TRACE::2026-01-28.18:13:56::SCWBDomain::f-as" "ARCHIVER=aarch64-none-elf-ar" "COMPILER_FLAGS=  -c" "EXTRA_COMPILER_FLAGS=-g -Wall -Wextra -fno-tree-loop-distribute-pat
TRACE::2026-01-28.18:13:56::SCWBDomain::terns -Os -flto -ffat-lto-objects"

TRACE::2026-01-28.18:13:56::SCWBDomain::"Running Make libs in psu_cortexa53_0/libsrc/usbpsu_v1_13/src"

TRACE::2026-01-28.18:13:56::SCWBDomain::make -C psu_cortexa53_0/libsrc/usbpsu_v1_13/src -s libs  "SHELL=CMD" "COMPILER=aarch64-none-elf-gcc" "ASSEMBLER=aarch64-none-el
TRACE::2026-01-28.18:13:56::SCWBDomain::f-as" "ARCHIVER=aarch64-none-elf-ar" "COMPILER_FLAGS=  -c" "EXTRA_COMPILER_FLAGS=-g -Wall -Wextra -fno-tree-loop-distribute-pat
TRACE::2026-01-28.18:13:56::SCWBDomain::terns -Os -flto -ffat-lto-objects"

TRACE::2026-01-28.18:13:56::SCWBDomain::"Running Make libs in psu_cortexa53_0/libsrc/video_common_v4_13/src"

TRACE::2026-01-28.18:13:56::SCWBDomain::make -C psu_cortexa53_0/libsrc/video_common_v4_13/src -s libs  "SHELL=CMD" "COMPILER=aarch64-none-elf-gcc" "ASSEMBLER=aarch64-n
TRACE::2026-01-28.18:13:56::SCWBDomain::one-elf-as" "ARCHIVER=aarch64-none-elf-ar" "COMPILER_FLAGS=  -c" "EXTRA_COMPILER_FLAGS=-g -Wall -Wextra -fno-tree-loop-distribu
TRACE::2026-01-28.18:13:56::SCWBDomain::te-patterns -Os -flto -ffat-lto-objects"

TRACE::2026-01-28.18:13:56::SCWBDomain::"Running Make libs in psu_cortexa53_0/libsrc/xilffs_v5_0/src"

TRACE::2026-01-28.18:13:56::SCWBDomain::make -C psu_cortexa53_0/libsrc/xilffs_v5_0/src -s libs  "SHELL=CMD" "COMPILER=aarch64-none-elf-gcc" "ASSEMBLER=aarch64-none-elf
TRACE::2026-01-28.18:13:56::SCWBDomain::-as" "ARCHIVER=aarch64-none-elf-ar" "COMPILER_FLAGS=  -c" "EXTRA_COMPILER_FLAGS=-g -Wall -Wextra -fno-tree-loop-distribute-patt
TRACE::2026-01-28.18:13:56::SCWBDomain::erns -Os -flto -ffat-lto-objects"

TRACE::2026-01-28.18:13:56::SCWBDomain::"Running Make libs in psu_cortexa53_0/libsrc/zdma_v1_16/src"

TRACE::2026-01-28.18:13:56::SCWBDomain::make -C psu_cortexa53_0/libsrc/zdma_v1_16/src -s libs  "SHELL=CMD" "COMPILER=aarch64-none-elf-gcc" "ASSEMBLER=aarch64-none-elf-
TRACE::2026-01-28.18:13:56::SCWBDomain::as" "ARCHIVER=aarch64-none-elf-ar" "COMPILER_FLAGS=  -c" "EXTRA_COMPILER_FLAGS=-g -Wall -Wextra -fno-tree-loop-distribute-patte
TRACE::2026-01-28.18:13:56::SCWBDomain::rns -Os -flto -ffat-lto-objects"

TRACE::2026-01-28.18:13:56::SCWBDomain::'Finished building libraries parallelly.'

TRACE::2026-01-28.18:13:56::SCWBDomain::make --no-print-directory archive

TRACE::2026-01-28.18:13:56::SCWBDomain::aarch64-none-elf-ar -r  psu_cortexa53_0/lib/libxil.a psu_cortexa53_0/lib/_exit.o psu_cortexa53_0/lib/_open.o psu_cortexa53_0/li
TRACE::2026-01-28.18:13:56::SCWBDomain::b/_sbrk.o psu_cortexa53_0/lib/abort.o psu_cortexa53_0/lib/asm_vectors.o psu_cortexa53_0/lib/boot.o psu_cortexa53_0/lib/close.o 
TRACE::2026-01-28.18:13:56::SCWBDomain::psu_cortexa53_0/lib/cpputest_time.o psu_cortexa53_0/lib/errno.o psu_cortexa53_0/lib/fcntl.o psu_cortexa53_0/lib/fstat.o psu_cor
TRACE::2026-01-28.18:13:56::SCWBDomain::texa53_0/lib/getentropy.o psu_cortexa53_0/lib/getpid.o psu_cortexa53_0/lib/inbyte.o psu_cortexa53_0/lib/initialise_monitor_hand
TRACE::2026-01-28.18:13:56::SCWBDomain::les.o psu_cortexa53_0/lib/isatty.o psu_cortexa53_0/lib/kill.o psu_cortexa53_0/lib/lseek.o psu_cortexa53_0/lib/open.o psu_cortex
TRACE::2026-01-28.18:13:56::SCWBDomain::a53_0/lib/outbyte.o psu_cortexa53_0/lib/print.o psu_cortexa53_0/lib/putnum.o psu_cortexa53_0/lib/read.o psu_cortexa53_0/lib/sbr
TRACE::2026-01-28.18:13:56::SCWBDomain::k.o psu_cortexa53_0/lib/sleep.o psu_cortexa53_0/lib/time.o psu_cortexa53_0/lib/translation_table.o psu_cortexa53_0/lib/unlink.o
TRACE::2026-01-28.18:13:56::SCWBDomain:: psu_cortexa53_0/lib/vectors.o psu_cortexa53_0/lib/write.o psu_cortexa53_0/lib/xaxipmon.o psu_cortexa53_0/lib/xaxipmon_g.o psu_
TRACE::2026-01-28.18:13:56::SCWBDomain::cortexa53_0/lib/xaxipmon_selftest.o psu_cortexa53_0/lib/xaxipmon_sinit.o psu_cortexa53_0/lib/xclockps.o psu_cortexa53_0/lib/xcl
TRACE::2026-01-28.18:13:56::SCWBDomain::ockps_divider.o psu_cortexa53_0/lib/xclockps_fixedfactor.o psu_cortexa53_0/lib/xclockps_g.o psu_cortexa53_0/lib/xclockps_gate.o
TRACE::2026-01-28.18:13:56::SCWBDomain:: psu_cortexa53_0/lib/xclockps_mux.o psu_cortexa53_0/lib/xclockps_pll.o psu_cortexa53_0/lib/xclockps_sinit.o psu_cortexa53_0/lib
TRACE::2026-01-28.18:13:56::SCWBDomain::/xcoresightpsdcc.o psu_cortexa53_0/lib/xcsudma.o psu_cortexa53_0/lib/xcsudma_g.o psu_cortexa53_0/lib/xcsudma_intr.o psu_cortexa
TRACE::2026-01-28.18:13:56::SCWBDomain::53_0/lib/xcsudma_selftest.o psu_cortexa53_0/lib/xcsudma_sinit.o psu_cortexa53_0/lib/xemacps.o psu_cortexa53_0/lib/xemacps_bdrin
TRACE::2026-01-28.18:13:56::SCWBDomain::g.o psu_cortexa53_0/lib/xemacps_control.o psu_cortexa53_0/lib/xemacps_g.o psu_cortexa53_0/lib/xemacps_hw.o psu_cortexa53_0/lib/
TRACE::2026-01-28.18:13:56::SCWBDomain::xemacps_intr.o psu_cortexa53_0/lib/xemacps_sinit.o psu_cortexa53_0/lib/xgpiops.o psu_cortexa53_0/lib/xgpiops_g.o psu_cortexa53_
TRACE::2026-01-28.18:13:56::SCWBDomain::0/lib/xgpiops_hw.o psu_cortexa53_0/lib/xgpiops_intr.o psu_cortexa53_0/lib/xgpiops_selftest.o psu_cortexa53_0/lib/xgpiops_sinit.
TRACE::2026-01-28.18:13:56::SCWBDomain::o psu_cortexa53_0/lib/xiicps.o psu_cortexa53_0/lib/xiicps_g.o psu_cortexa53_0/lib/xiicps_hw.o psu_cortexa53_0/lib/xiicps_intr.o
TRACE::2026-01-28.18:13:56::SCWBDomain:: psu_cortexa53_0/lib/xiicps_master.o psu_cortexa53_0/lib/xiicps_options.o psu_cortexa53_0/lib/xiicps_selftest.o psu_cortexa53_0
TRACE::2026-01-28.18:13:56::SCWBDomain::/lib/xiicps_sinit.o psu_cortexa53_0/lib/xiicps_slave.o psu_cortexa53_0/lib/xiicps_xfer.o psu_cortexa53_0/lib/xil-crt0.o psu_cor
TRACE::2026-01-28.18:13:56::SCWBDomain::texa53_0/lib/xil_assert.o psu_cortexa53_0/lib/xil_cache.o psu_cortexa53_0/lib/xil_clocking.o psu_cortexa53_0/lib/xil_exception.
TRACE::2026-01-28.18:13:56::SCWBDomain::o psu_cortexa53_0/lib/xil_mem.o psu_cortexa53_0/lib/xil_mmu.o psu_cortexa53_0/lib/xil_printf.o psu_cortexa53_0/lib/xil_sleepcom
TRACE::2026-01-28.18:13:56::SCWBDomain::mon.o psu_cortexa53_0/lib/xil_sleeptimer.o psu_cortexa53_0/lib/xil_smc.o psu_cortexa53_0/lib/xil_spinlock.o psu_cortexa53_0/lib
TRACE::2026-01-28.18:13:56::SCWBDomain::/xil_testcache.o psu_cortexa53_0/lib/xil_testio.o psu_cortexa53_0/lib/xil_testmem.o psu_cortexa53_0/lib/xil_util.o psu_cortexa5
TRACE::2026-01-28.18:13:56::SCWBDomain::3_0/lib/xinterrupt_wrap.o psu_cortexa53_0/lib/xipipsu.o psu_cortexa53_0/lib/xipipsu_buf.o psu_cortexa53_0/lib/xipipsu_g.o psu_c
TRACE::2026-01-28.18:13:56::SCWBDomain::ortexa53_0/lib/xipipsu_sinit.o psu_cortexa53_0/lib/xpciepsu.o psu_cortexa53_0/lib/xpciepsu_caps.o psu_cortexa53_0/lib/xpciepsu_
TRACE::2026-01-28.18:13:56::SCWBDomain::ep.o psu_cortexa53_0/lib/xpciepsu_g.o psu_cortexa53_0/lib/xpciepsu_sinit.o psu_cortexa53_0/lib/xplatform_info.o psu_cortexa53_0
TRACE::2026-01-28.18:13:56::SCWBDomain::/lib/xpm_counter.o psu_cortexa53_0/lib/xqspipsu.o psu_cortexa53_0/lib/xqspipsu_control.o psu_cortexa53_0/lib/xqspipsu_g.o psu_c
TRACE::2026-01-28.18:13:56::SCWBDomain::ortexa53_0/lib/xqspipsu_hw.o psu_cortexa53_0/lib/xqspipsu_options.o psu_cortexa53_0/lib/xqspipsu_sinit.o psu_cortexa53_0/lib/xr
TRACE::2026-01-28.18:13:56::SCWBDomain::esetps.o psu_cortexa53_0/lib/xresetps_g.o psu_cortexa53_0/lib/xresetps_sinit.o psu_cortexa53_0/lib/xrtcpsu.o psu_cortexa53_0/li
TRACE::2026-01-28.18:13:56::SCWBDomain::b/xrtcpsu_g.o psu_cortexa53_0/lib/xrtcpsu_intr.o psu_cortexa53_0/lib/xrtcpsu_selftest.o psu_cortexa53_0/lib/xrtcpsu_sinit.o psu
TRACE::2026-01-28.18:13:56::SCWBDomain::_cortexa53_0/lib/xscugic.o psu_cortexa53_0/lib/xscugic_g.o psu_cortexa53_0/lib/xscugic_hw.o psu_cortexa53_0/lib/xscugic_intr.o 
TRACE::2026-01-28.18:13:56::SCWBDomain::psu_cortexa53_0/lib/xscugic_selftest.o psu_cortexa53_0/lib/xscugic_sinit.o psu_cortexa53_0/lib/xsdps.o psu_cortexa53_0/lib/xsdp
TRACE::2026-01-28.18:13:56::SCWBDomain::s_card.o psu_cortexa53_0/lib/xsdps_g.o psu_cortexa53_0/lib/xsdps_host.o psu_cortexa53_0/lib/xsdps_options.o psu_cortexa53_0/lib
TRACE::2026-01-28.18:13:56::SCWBDomain::/xsdps_sinit.o psu_cortexa53_0/lib/xsysmonpsu.o psu_cortexa53_0/lib/xsysmonpsu_g.o psu_cortexa53_0/lib/xsysmonpsu_intr.o psu_co
TRACE::2026-01-28.18:13:56::SCWBDomain::rtexa53_0/lib/xsysmonpsu_selftest.o psu_cortexa53_0/lib/xsysmonpsu_sinit.o psu_cortexa53_0/lib/xtime_l.o psu_cortexa53_0/lib/xt
TRACE::2026-01-28.18:13:56::SCWBDomain::tcps.o psu_cortexa53_0/lib/xttcps_g.o psu_cortexa53_0/lib/xttcps_options.o psu_cortexa53_0/lib/xttcps_selftest.o psu_cortexa53_
TRACE::2026-01-28.18:13:56::SCWBDomain::0/lib/xttcps_sinit.o psu_cortexa53_0/lib/xuartps.o psu_cortexa53_0/lib/xuartps_g.o psu_cortexa53_0/lib/xuartps_hw.o psu_cortexa
TRACE::2026-01-28.18:13:56::SCWBDomain::53_0/lib/xuartps_intr.o psu_cortexa53_0/lib/xuartps_options.o psu_cortexa53_0/lib/xuartps_selftest.o psu_cortexa53_0/lib/xuartp
TRACE::2026-01-28.18:13:56::SCWBDomain::s_sinit.o psu_cortexa53_0/lib/xusbpsu.o psu_cortexa53_0/lib/xusbpsu_command.o psu_cortexa53_0/lib/xusbpsu_controltransfers.o ps
TRACE::2026-01-28.18:13:56::SCWBDomain::u_cortexa53_0/lib/xusbpsu_device.o psu_cortexa53_0/lib/xusbpsu_endpoint.o psu_cortexa53_0/lib/xusbpsu_ep0handler.o psu_cortexa5
TRACE::2026-01-28.18:13:56::SCWBDomain::3_0/lib/xusbpsu_ephandler.o psu_cortexa53_0/lib/xusbpsu_event.o psu_cortexa53_0/lib/xusbpsu_g.o psu_cortexa53_0/lib/xusbpsu_hib
TRACE::2026-01-28.18:13:56::SCWBDomain::ernation.o psu_cortexa53_0/lib/xusbpsu_intr.o psu_cortexa53_0/lib/xusbpsu_sinit.o psu_cortexa53_0/lib/xvidc.o psu_cortexa53_0/l
TRACE::2026-01-28.18:13:56::SCWBDomain::ib/xvidc_edid.o psu_cortexa53_0/lib/xvidc_edid_ext.o psu_cortexa53_0/lib/xvidc_parse_edid.o psu_cortexa53_0/lib/xvidc_timings_t
TRACE::2026-01-28.18:13:56::SCWBDomain::able.o psu_cortexa53_0/lib/xzdma.o psu_cortexa53_0/lib/xzdma_g.o psu_cortexa53_0/lib/xzdma_intr.o psu_cortexa53_0/lib/xzdma_sel
TRACE::2026-01-28.18:13:56::SCWBDomain::ftest.o psu_cortexa53_0/lib/xzdma_sinit.o

TRACE::2026-01-28.18:13:57::SCWBDomain::'Finished building libraries'

TRACE::2026-01-28.18:13:57::SCWBDomain::make: Leaving directory 'C:/TFG_Vivado/demo/course_s2_Vitis/01_ps_hello/vitis/design_1_wrapper/zynqmp_fsbl/zynqmp_fsbl_bsp'

TRACE::2026-01-28.18:13:57::SCWBDomain::aarch64-none-elf-gcc  -c -MMD -MP      -Wall -fmessage-length=0 -DARMA53_64 -Os -flto -ffat-lto-objects   -c xfsbl_partition_lo
TRACE::2026-01-28.18:13:57::SCWBDomain::ad.c -o xfsbl_partition_load.o -Izynqmp_fsbl_bsp/psu_cortexa53_0/include -I.

TRACE::2026-01-28.18:13:57::SCWBDomain::aarch64-none-elf-gcc  -c -MMD -MP      -Wall -fmessage-length=0 -DARMA53_64 -Os -flto -ffat-lto-objects   -c xfsbl_qspi.c -o xf
TRACE::2026-01-28.18:13:57::SCWBDomain::sbl_qspi.o -Izynqmp_fsbl_bsp/psu_cortexa53_0/include -I.

TRACE::2026-01-28.18:13:57::SCWBDomain::aarch64-none-elf-gcc  -c -MMD -MP      -Wall -fmessage-length=0 -DARMA53_64 -Os -flto -ffat-lto-objects   -c xfsbl_csu_dma.c -o
TRACE::2026-01-28.18:13:57::SCWBDomain:: xfsbl_csu_dma.o -Izynqmp_fsbl_bsp/psu_cortexa53_0/include -I.

TRACE::2026-01-28.18:13:58::SCWBDomain::aarch64-none-elf-gcc  -c -MMD -MP      -Wall -fmessage-length=0 -DARMA53_64 -Os -flto -ffat-lto-objects   -c xfsbl_nand.c -o xf
TRACE::2026-01-28.18:13:58::SCWBDomain::sbl_nand.o -Izynqmp_fsbl_bsp/psu_cortexa53_0/include -I.

TRACE::2026-01-28.18:13:58::SCWBDomain::aarch64-none-elf-gcc  -c -MMD -MP      -Wall -fmessage-length=0 -DARMA53_64 -Os -flto -ffat-lto-objects   -c xfsbl_image_header
TRACE::2026-01-28.18:13:58::SCWBDomain::.c -o xfsbl_image_header.o -Izynqmp_fsbl_bsp/psu_cortexa53_0/include -I.

TRACE::2026-01-28.18:13:58::SCWBDomain::aarch64-none-elf-gcc  -c -MMD -MP      -Wall -fmessage-length=0 -DARMA53_64 -Os -flto -ffat-lto-objects   -c xfsbl_hooks.c -o x
TRACE::2026-01-28.18:13:58::SCWBDomain::fsbl_hooks.o -Izynqmp_fsbl_bsp/psu_cortexa53_0/include -I.

TRACE::2026-01-28.18:13:58::SCWBDomain::aarch64-none-elf-gcc  -c -MMD -MP      -Wall -fmessage-length=0 -DARMA53_64 -Os -flto -ffat-lto-objects   -c xfsbl_main.c -o xf
TRACE::2026-01-28.18:13:58::SCWBDomain::sbl_main.o -Izynqmp_fsbl_bsp/psu_cortexa53_0/include -I.

TRACE::2026-01-28.18:13:58::SCWBDomain::aarch64-none-elf-gcc  -c -MMD -MP      -Wall -fmessage-length=0 -DARMA53_64 -Os -flto -ffat-lto-objects   -c xfsbl_dfu_util.c -
TRACE::2026-01-28.18:13:58::SCWBDomain::o xfsbl_dfu_util.o -Izynqmp_fsbl_bsp/psu_cortexa53_0/include -I.

TRACE::2026-01-28.18:13:58::SCWBDomain::aarch64-none-elf-gcc  -c -MMD -MP      -Wall -fmessage-length=0 -DARMA53_64 -Os -flto -ffat-lto-objects   -c xfsbl_tpm.c -o xfs
TRACE::2026-01-28.18:13:58::SCWBDomain::bl_tpm.o -Izynqmp_fsbl_bsp/psu_cortexa53_0/include -I.

TRACE::2026-01-28.18:13:58::SCWBDomain::aarch64-none-elf-gcc  -c -MMD -MP      -Wall -fmessage-length=0 -DARMA53_64 -Os -flto -ffat-lto-objects   -c xfsbl_initializati
TRACE::2026-01-28.18:13:58::SCWBDomain::on.c -o xfsbl_initialization.o -Izynqmp_fsbl_bsp/psu_cortexa53_0/include -I.

TRACE::2026-01-28.18:13:59::SCWBDomain::aarch64-none-elf-gcc  -c -MMD -MP      -Wall -fmessage-length=0 -DARMA53_64 -Os -flto -ffat-lto-objects   -c xfsbl_ddr_init.c -
TRACE::2026-01-28.18:13:59::SCWBDomain::o xfsbl_ddr_init.o -Izynqmp_fsbl_bsp/psu_cortexa53_0/include -I.

TRACE::2026-01-28.18:13:59::SCWBDomain::aarch64-none-elf-gcc  -c -MMD -MP      -Wall -fmessage-length=0 -DARMA53_64 -Os -flto -ffat-lto-objects   -c xfsbl_handoff.c -o
TRACE::2026-01-28.18:13:59::SCWBDomain:: xfsbl_handoff.o -Izynqmp_fsbl_bsp/psu_cortexa53_0/include -I.

TRACE::2026-01-28.18:13:59::SCWBDomain::aarch64-none-elf-gcc  -c -MMD -MP      -Wall -fmessage-length=0 -DARMA53_64 -Os -flto -ffat-lto-objects   -c xfsbl_sd.c -o xfsb
TRACE::2026-01-28.18:13:59::SCWBDomain::l_sd.o -Izynqmp_fsbl_bsp/psu_cortexa53_0/include -I.

TRACE::2026-01-28.18:13:59::SCWBDomain::aarch64-none-elf-gcc  -c -MMD -MP      -Wall -fmessage-length=0 -DARMA53_64 -Os -flto -ffat-lto-objects   -c xfsbl_board.c -o x
TRACE::2026-01-28.18:13:59::SCWBDomain::fsbl_board.o -Izynqmp_fsbl_bsp/psu_cortexa53_0/include -I.

TRACE::2026-01-28.18:13:59::SCWBDomain::aarch64-none-elf-gcc  -c -MMD -MP      -Wall -fmessage-length=0 -DARMA53_64 -Os -flto -ffat-lto-objects   -c xfsbl_misc_drivers
TRACE::2026-01-28.18:13:59::SCWBDomain::.c -o xfsbl_misc_drivers.o -Izynqmp_fsbl_bsp/psu_cortexa53_0/include -I.

TRACE::2026-01-28.18:13:59::SCWBDomain::aarch64-none-elf-gcc  -c -MMD -MP      -Wall -fmessage-length=0 -DARMA53_64 -Os -flto -ffat-lto-objects   -c xfsbl_bs.c -o xfsb
TRACE::2026-01-28.18:13:59::SCWBDomain::l_bs.o -Izynqmp_fsbl_bsp/psu_cortexa53_0/include -I.

TRACE::2026-01-28.18:13:59::SCWBDomain::aarch64-none-elf-gcc  -c -MMD -MP      -Wall -fmessage-length=0 -DARMA53_64 -Os -flto -ffat-lto-objects   -c xfsbl_tpm_util.c -
TRACE::2026-01-28.18:13:59::SCWBDomain::o xfsbl_tpm_util.o -Izynqmp_fsbl_bsp/psu_cortexa53_0/include -I.

TRACE::2026-01-28.18:13:59::SCWBDomain::aarch64-none-elf-gcc  -c -MMD -MP      -Wall -fmessage-length=0 -DARMA53_64 -Os -flto -ffat-lto-objects   -c xfsbl_rsa_sha.c -o
TRACE::2026-01-28.18:13:59::SCWBDomain:: xfsbl_rsa_sha.o -Izynqmp_fsbl_bsp/psu_cortexa53_0/include -I.

TRACE::2026-01-28.18:14:00::SCWBDomain::aarch64-none-elf-gcc  -c -MMD -MP      -Wall -fmessage-length=0 -DARMA53_64 -Os -flto -ffat-lto-objects   -c xfsbl_plpartition_
TRACE::2026-01-28.18:14:00::SCWBDomain::valid.c -o xfsbl_plpartition_valid.o -Izynqmp_fsbl_bsp/psu_cortexa53_0/include -I.

TRACE::2026-01-28.18:14:00::SCWBDomain::aarch64-none-elf-gcc  -c -MMD -MP      -Wall -fmessage-length=0 -DARMA53_64 -Os -flto -ffat-lto-objects   -c xfsbl_misc.c -o xf
TRACE::2026-01-28.18:14:00::SCWBDomain::sbl_misc.o -Izynqmp_fsbl_bsp/psu_cortexa53_0/include -I.

TRACE::2026-01-28.18:14:00::SCWBDomain::aarch64-none-elf-gcc  -c -MMD -MP      -Wall -fmessage-length=0 -DARMA53_64 -Os -flto -ffat-lto-objects   -c xfsbl_authenticati
TRACE::2026-01-28.18:14:00::SCWBDomain::on.c -o xfsbl_authentication.o -Izynqmp_fsbl_bsp/psu_cortexa53_0/include -I.

TRACE::2026-01-28.18:14:00::SCWBDomain::aarch64-none-elf-gcc  -c -MMD -MP      -Wall -fmessage-length=0 -DARMA53_64 -Os -flto -ffat-lto-objects   -c xfsbl_usb.c -o xfs
TRACE::2026-01-28.18:14:00::SCWBDomain::bl_usb.o -Izynqmp_fsbl_bsp/psu_cortexa53_0/include -I.

TRACE::2026-01-28.18:14:00::SCWBDomain::aarch64-none-elf-gcc -o fsbl_a53.elf psu_init.o xfsbl_authentication.o xfsbl_board.o xfsbl_bs.o xfsbl_csu_dma.o xfsbl_ddr_init.
TRACE::2026-01-28.18:14:00::SCWBDomain::o xfsbl_dfu_util.o xfsbl_exit.o xfsbl_handoff.o xfsbl_hooks.o xfsbl_image_header.o xfsbl_initialization.o xfsbl_main.o xfsbl_mi
TRACE::2026-01-28.18:14:00::SCWBDomain::sc.o xfsbl_misc_drivers.o xfsbl_nand.o xfsbl_partition_load.o xfsbl_plpartition_valid.o xfsbl_qspi.o xfsbl_rsa_sha.o xfsbl_sd.o
TRACE::2026-01-28.18:14:00::SCWBDomain:: xfsbl_tpm.o xfsbl_tpm_util.o xfsbl_translation_table.o xfsbl_usb.o -MMD -MP      -Wall -fmessage-length=0 -DARMA53_64 -Os -flt
TRACE::2026-01-28.18:14:00::SCWBDomain::o -ffat-lto-objects    -Wl,--start-group,-lxil,-lgcc,-lc,--end-group -Wl,--start-group,-lxilffs,-lxil,-lgcc,-lc,--end-group -Wl
TRACE::2026-01-28.18:14:00::SCWBDomain::,--start-group,-lxilsecure,-lxil,-lgcc,-lc,--end-group -Wl,--start-group,-lxilpm,-lxil,-lgcc,-lc,--end-group                   
TRACE::2026-01-28.18:14:00::SCWBDomain::                                                                                      -n  -Wl,--gc-sections -Lzynqmp_fsbl_bsp/p
TRACE::2026-01-28.18:14:00::SCWBDomain::su_cortexa53_0/lib -Tlscript.ld

LOG::2026-01-28.18:14:10::SCWSystem::Checking the domain zynqmp_pmufw
LOG::2026-01-28.18:14:10::SCWSystem::Doing application build for :  zynqmp_pmufw
TRACE::2026-01-28.18:14:10::SCWBDomain::Not a forced makefile updation, No changes are present. 
TRACE::2026-01-28.18:14:10::SCWDomain::Skipping the build for domain :  zynqmp_pmufw
LOG::2026-01-28.18:14:10::SCWSystem::Checking the domain standalone_psu_cortexa53_0
LOG::2026-01-28.18:14:10::SCWSystem::Not a boot domain 
LOG::2026-01-28.18:14:10::SCWSystem::Started Processing the domain standalone_psu_cortexa53_0
TRACE::2026-01-28.18:14:10::SCWDomain::Generating domain artifcats
TRACE::2026-01-28.18:14:10::SCWMssOS::Generating standalone artifcats
TRACE::2026-01-28.18:14:10::SCWMssOS::Copying the qemu file from  C:/TFG_Vivado/demo/course_s2_Vitis/01_ps_hello/vitis/design_1_wrapper/resources/design_1_wrapper/standalone_psu_cortexa53_0/qemu_args.txt To C:/TFG_Vivado/demo/course_s2_Vitis/01_ps_hello/vitis/design_1_wrapper/export/design_1_wrapper/sw/design_1_wrapper/qemu/
TRACE::2026-01-28.18:14:10::SCWMssOS::Copying the qemu file from  C:/TFG_Vivado/demo/course_s2_Vitis/01_ps_hello/vitis/design_1_wrapper/resources/design_1_wrapper/standalone_psu_cortexa53_0/qemu_args.txt To C:/TFG_Vivado/demo/course_s2_Vitis/01_ps_hello/vitis/design_1_wrapper/export/design_1_wrapper/sw/design_1_wrapper/qemu/
TRACE::2026-01-28.18:14:10::SCWMssOS::Copying the qemu file from  C:/TFG_Vivado/demo/course_s2_Vitis/01_ps_hello/vitis/design_1_wrapper/resources/design_1_wrapper/standalone_psu_cortexa53_0/qemu_args.txt To C:/TFG_Vivado/demo/course_s2_Vitis/01_ps_hello/vitis/design_1_wrapper/export/design_1_wrapper/sw/design_1_wrapper/standalone_psu_cortexa53_0/qemu/
TRACE::2026-01-28.18:14:10::SCWMssOS::Copying the qemu file from  C:/TFG_Vivado/demo/course_s2_Vitis/01_ps_hello/vitis/design_1_wrapper/resources/design_1_wrapper/standalone_psu_cortexa53_0/qemu_args.txt To C:/TFG_Vivado/demo/course_s2_Vitis/01_ps_hello/vitis/design_1_wrapper/export/design_1_wrapper/sw/design_1_wrapper/standalone_psu_cortexa53_0/qemu/
TRACE::2026-01-28.18:14:10::SCWMssOS:: Copying the user libraries. 
TRACE::2026-01-28.18:14:10::SCWPlatform::Trying to open the hw design at C:/TFG_Vivado/demo/course_s2_Vitis/01_ps_hello/vitis/design_1_wrapper/hw/design_1_wrapper.xsa
TRACE::2026-01-28.18:14:10::SCWPlatform::DSA given C:/TFG_Vivado/demo/course_s2_Vitis/01_ps_hello/vitis/design_1_wrapper/hw/design_1_wrapper.xsa
TRACE::2026-01-28.18:14:10::SCWPlatform::DSA absoulate path C:/TFG_Vivado/demo/course_s2_Vitis/01_ps_hello/vitis/design_1_wrapper/hw/design_1_wrapper.xsa
TRACE::2026-01-28.18:14:10::SCWPlatform::DSA directory C:/TFG_Vivado/demo/course_s2_Vitis/01_ps_hello/vitis/design_1_wrapper/hw
TRACE::2026-01-28.18:14:10::SCWPlatform:: Platform Path C:/TFG_Vivado/demo/course_s2_Vitis/01_ps_hello/vitis/design_1_wrapper/hw/design_1_wrapper.xsa
TRACE::2026-01-28.18:14:10::SCWPlatform:: Unique name xilinx:::0.0
TRACE::2026-01-28.18:14:10::SCWPlatform::Trying to set the existing hwdb with name design_1_wrapper
TRACE::2026-01-28.18:14:10::SCWPlatform::Opened existing hwdb design_1_wrapper
TRACE::2026-01-28.18:14:10::SCWPlatform::Found the Hw Db part of the input DSA
TRACE::2026-01-28.18:14:10::SCWMssOS::Checking the sw design at  C:/TFG_Vivado/demo/course_s2_Vitis/01_ps_hello/vitis/design_1_wrapper/psu_cortexa53_0/standalone_psu_cortexa53_0/bsp/system.mss
TRACE::2026-01-28.18:14:10::SCWMssOS::DEBUG:  swdes dump  C:/TFG_Vivado/demo/course_s2_Vitis/01_ps_hello/vitis/design_1_wrapper/psu_cortexa53_0/standalone_psu_cortexa53_0/bsp/system.mss|system_1||
C:/TFG_Vivado/demo/course_s2_Vitis/01_ps_hello/vitis/design_1_wrapper/zynqmp_fsbl/zynqmp_fsbl_bsp/system.mss|system||
C:/TFG_Vivado/demo/course_s2_Vitis/01_ps_hello/vitis/design_1_wrapper/zynqmp_pmufw/zynqmp_pmufw_bsp/system.mss|system_0||

TRACE::2026-01-28.18:14:10::SCWMssOS::Sw design exists and opened at  C:/TFG_Vivado/demo/course_s2_Vitis/01_ps_hello/vitis/design_1_wrapper/psu_cortexa53_0/standalone_psu_cortexa53_0/bsp/system.mss
TRACE::2026-01-28.18:14:10::SCWMssOS::Completed writing the mss file at C:/TFG_Vivado/demo/course_s2_Vitis/01_ps_hello/vitis/design_1_wrapper/psu_cortexa53_0/standalone_psu_cortexa53_0/bsp
TRACE::2026-01-28.18:14:10::SCWMssOS::Mss edits present, copying mssfile into export location C:/TFG_Vivado/demo/course_s2_Vitis/01_ps_hello/vitis/design_1_wrapper/psu_cortexa53_0/standalone_psu_cortexa53_0/bsp/system.mss
TRACE::2026-01-28.18:14:10::SCWMssOS::bsp generated is upto date with the mss file. Skipping bsp generation.
TRACE::2026-01-28.18:14:10::SCWMssOS::BSP is already built. skipping the bsp build ... 
TRACE::2026-01-28.18:14:10::SCWDomain::Skipping the build for domain :  standalone_psu_cortexa53_0
TRACE::2026-01-28.18:14:10::SCWMssOS::skipping the bsp build ... 
TRACE::2026-01-28.18:14:10::SCWMssOS::Copying to export directory.
TRACE::2026-01-28.18:14:11::SCWMssOS:: Checking if to create the Supporting Applications
TRACE::2026-01-28.18:14:11::SCWMssOS:: No Linux domain exists, trying to generate FSBL 
LOG::2026-01-28.18:14:11::SCWSystem::Completed Processing the domain standalone_psu_cortexa53_0
LOG::2026-01-28.18:14:11::SCWSystem::Completed Processing the sysconfig design_1_wrapper
LOG::2026-01-28.18:14:11::SCWPlatform::Completed generating the artifacts for system configuration design_1_wrapper
TRACE::2026-01-28.18:14:11::SCWPlatform::Started preparing the platform 
TRACE::2026-01-28.18:14:11::SCWSystem::Writing the bif file for system config design_1_wrapper
TRACE::2026-01-28.18:14:11::SCWSystem::dir created 
TRACE::2026-01-28.18:14:11::SCWSystem::Writing the bif 
TRACE::2026-01-28.18:14:11::SCWPlatform::Started writing the spfm file 
TRACE::2026-01-28.18:14:11::SCWPlatform::Started writing the xpfm file 
TRACE::2026-01-28.18:14:11::SCWPlatform::Completed generating the platform
TRACE::2026-01-28.18:14:11::SCWMssOS::Saving the mss changes C:/TFG_Vivado/demo/course_s2_Vitis/01_ps_hello/vitis/design_1_wrapper/zynqmp_fsbl/zynqmp_fsbl_bsp/system.mss
TRACE::2026-01-28.18:14:11::SCWMssOS::Found a swdesign opened with the mssfile.
TRACE::2026-01-28.18:14:11::SCWMssOS::Completed writemss as part of save.
TRACE::2026-01-28.18:14:11::SCWMssOS::Commit changes completed.
TRACE::2026-01-28.18:14:11::SCWMssOS::Saving the mss changes C:/TFG_Vivado/demo/course_s2_Vitis/01_ps_hello/vitis/design_1_wrapper/zynqmp_pmufw/zynqmp_pmufw_bsp/system.mss
TRACE::2026-01-28.18:14:11::SCWMssOS::Found a swdesign opened with the mssfile.
TRACE::2026-01-28.18:14:11::SCWMssOS::Completed writemss as part of save.
TRACE::2026-01-28.18:14:11::SCWMssOS::Commit changes completed.
TRACE::2026-01-28.18:14:11::SCWMssOS::Saving the mss changes C:/TFG_Vivado/demo/course_s2_Vitis/01_ps_hello/vitis/design_1_wrapper/psu_cortexa53_0/standalone_psu_cortexa53_0/bsp/system.mss
TRACE::2026-01-28.18:14:11::SCWMssOS::Found a swdesign opened with the mssfile.
TRACE::2026-01-28.18:14:11::SCWMssOS::Completed writemss as part of save.
TRACE::2026-01-28.18:14:11::SCWMssOS::Commit changes completed.
TRACE::2026-01-28.18:14:11::SCWPlatform::Trying to open the hw design at C:/TFG_Vivado/demo/course_s2_Vitis/01_ps_hello/vitis/design_1_wrapper/hw/design_1_wrapper.xsa
TRACE::2026-01-28.18:14:11::SCWPlatform::DSA given C:/TFG_Vivado/demo/course_s2_Vitis/01_ps_hello/vitis/design_1_wrapper/hw/design_1_wrapper.xsa
TRACE::2026-01-28.18:14:11::SCWPlatform::DSA absoulate path C:/TFG_Vivado/demo/course_s2_Vitis/01_ps_hello/vitis/design_1_wrapper/hw/design_1_wrapper.xsa
TRACE::2026-01-28.18:14:11::SCWPlatform::DSA directory C:/TFG_Vivado/demo/course_s2_Vitis/01_ps_hello/vitis/design_1_wrapper/hw
TRACE::2026-01-28.18:14:11::SCWPlatform:: Platform Path C:/TFG_Vivado/demo/course_s2_Vitis/01_ps_hello/vitis/design_1_wrapper/hw/design_1_wrapper.xsa
TRACE::2026-01-28.18:14:11::SCWPlatform:: Unique name xilinx:::0.0
TRACE::2026-01-28.18:14:11::SCWPlatform::Trying to set the existing hwdb with name design_1_wrapper
TRACE::2026-01-28.18:14:11::SCWPlatform::Opened existing hwdb design_1_wrapper
TRACE::2026-01-28.18:14:11::SCWPlatform::Found the Hw Db part of the input DSA
TRACE::2026-01-28.18:14:11::SCWMssOS::Checking the sw design at  C:/TFG_Vivado/demo/course_s2_Vitis/01_ps_hello/vitis/design_1_wrapper/zynqmp_fsbl/zynqmp_fsbl_bsp/system.mss
TRACE::2026-01-28.18:14:11::SCWMssOS::DEBUG:  swdes dump  C:/TFG_Vivado/demo/course_s2_Vitis/01_ps_hello/vitis/design_1_wrapper/psu_cortexa53_0/standalone_psu_cortexa53_0/bsp/system.mss|system_1||
C:/TFG_Vivado/demo/course_s2_Vitis/01_ps_hello/vitis/design_1_wrapper/zynqmp_fsbl/zynqmp_fsbl_bsp/system.mss|system||
C:/TFG_Vivado/demo/course_s2_Vitis/01_ps_hello/vitis/design_1_wrapper/zynqmp_pmufw/zynqmp_pmufw_bsp/system.mss|system_0||

TRACE::2026-01-28.18:14:11::SCWMssOS::Sw design exists and opened at  C:/TFG_Vivado/demo/course_s2_Vitis/01_ps_hello/vitis/design_1_wrapper/zynqmp_fsbl/zynqmp_fsbl_bsp/system.mss
TRACE::2026-01-28.18:14:11::SCWPlatform::Trying to open the hw design at C:/TFG_Vivado/demo/course_s2_Vitis/01_ps_hello/vitis/design_1_wrapper/hw/design_1_wrapper.xsa
TRACE::2026-01-28.18:14:11::SCWPlatform::DSA given C:/TFG_Vivado/demo/course_s2_Vitis/01_ps_hello/vitis/design_1_wrapper/hw/design_1_wrapper.xsa
TRACE::2026-01-28.18:14:11::SCWPlatform::DSA absoulate path C:/TFG_Vivado/demo/course_s2_Vitis/01_ps_hello/vitis/design_1_wrapper/hw/design_1_wrapper.xsa
TRACE::2026-01-28.18:14:11::SCWPlatform::DSA directory C:/TFG_Vivado/demo/course_s2_Vitis/01_ps_hello/vitis/design_1_wrapper/hw
TRACE::2026-01-28.18:14:11::SCWPlatform:: Platform Path C:/TFG_Vivado/demo/course_s2_Vitis/01_ps_hello/vitis/design_1_wrapper/hw/design_1_wrapper.xsa
TRACE::2026-01-28.18:14:11::SCWPlatform:: Unique name xilinx:::0.0
TRACE::2026-01-28.18:14:11::SCWPlatform::Trying to set the existing hwdb with name design_1_wrapper
TRACE::2026-01-28.18:14:11::SCWPlatform::Opened existing hwdb design_1_wrapper
TRACE::2026-01-28.18:14:11::SCWPlatform::Found the Hw Db part of the input DSA
TRACE::2026-01-28.18:14:11::SCWMssOS::Checking the sw design at  C:/TFG_Vivado/demo/course_s2_Vitis/01_ps_hello/vitis/design_1_wrapper/zynqmp_pmufw/zynqmp_pmufw_bsp/system.mss
TRACE::2026-01-28.18:14:11::SCWMssOS::DEBUG:  swdes dump  C:/TFG_Vivado/demo/course_s2_Vitis/01_ps_hello/vitis/design_1_wrapper/psu_cortexa53_0/standalone_psu_cortexa53_0/bsp/system.mss|system_1||
C:/TFG_Vivado/demo/course_s2_Vitis/01_ps_hello/vitis/design_1_wrapper/zynqmp_fsbl/zynqmp_fsbl_bsp/system.mss|system||
C:/TFG_Vivado/demo/course_s2_Vitis/01_ps_hello/vitis/design_1_wrapper/zynqmp_pmufw/zynqmp_pmufw_bsp/system.mss|system_0||

TRACE::2026-01-28.18:14:11::SCWMssOS::Sw design exists and opened at  C:/TFG_Vivado/demo/course_s2_Vitis/01_ps_hello/vitis/design_1_wrapper/zynqmp_pmufw/zynqmp_pmufw_bsp/system.mss
TRACE::2026-01-28.18:14:11::SCWPlatform::Trying to open the hw design at C:/TFG_Vivado/demo/course_s2_Vitis/01_ps_hello/vitis/design_1_wrapper/hw/design_1_wrapper.xsa
TRACE::2026-01-28.18:14:11::SCWPlatform::DSA given C:/TFG_Vivado/demo/course_s2_Vitis/01_ps_hello/vitis/design_1_wrapper/hw/design_1_wrapper.xsa
TRACE::2026-01-28.18:14:11::SCWPlatform::DSA absoulate path C:/TFG_Vivado/demo/course_s2_Vitis/01_ps_hello/vitis/design_1_wrapper/hw/design_1_wrapper.xsa
TRACE::2026-01-28.18:14:11::SCWPlatform::DSA directory C:/TFG_Vivado/demo/course_s2_Vitis/01_ps_hello/vitis/design_1_wrapper/hw
TRACE::2026-01-28.18:14:11::SCWPlatform:: Platform Path C:/TFG_Vivado/demo/course_s2_Vitis/01_ps_hello/vitis/design_1_wrapper/hw/design_1_wrapper.xsa
TRACE::2026-01-28.18:14:11::SCWPlatform:: Unique name xilinx:::0.0
TRACE::2026-01-28.18:14:11::SCWPlatform::Trying to set the existing hwdb with name design_1_wrapper
TRACE::2026-01-28.18:14:11::SCWPlatform::Opened existing hwdb design_1_wrapper
TRACE::2026-01-28.18:14:11::SCWPlatform::Found the Hw Db part of the input DSA
TRACE::2026-01-28.18:14:11::SCWMssOS::Checking the sw design at  C:/TFG_Vivado/demo/course_s2_Vitis/01_ps_hello/vitis/design_1_wrapper/psu_cortexa53_0/standalone_psu_cortexa53_0/bsp/system.mss
TRACE::2026-01-28.18:14:11::SCWMssOS::DEBUG:  swdes dump  C:/TFG_Vivado/demo/course_s2_Vitis/01_ps_hello/vitis/design_1_wrapper/psu_cortexa53_0/standalone_psu_cortexa53_0/bsp/system.mss|system_1||
C:/TFG_Vivado/demo/course_s2_Vitis/01_ps_hello/vitis/design_1_wrapper/zynqmp_fsbl/zynqmp_fsbl_bsp/system.mss|system||
C:/TFG_Vivado/demo/course_s2_Vitis/01_ps_hello/vitis/design_1_wrapper/zynqmp_pmufw/zynqmp_pmufw_bsp/system.mss|system_0||

TRACE::2026-01-28.18:14:11::SCWMssOS::Sw design exists and opened at  C:/TFG_Vivado/demo/course_s2_Vitis/01_ps_hello/vitis/design_1_wrapper/psu_cortexa53_0/standalone_psu_cortexa53_0/bsp/system.mss
TRACE::2026-01-28.18:14:11::SCWWriter::formatted JSON is {
	"platformName":	"design_1_wrapper",
	"sprVersion":	"2.0",
	"mode":	"gui",
	"dsaType":	"Fixed",
	"platformDesc":	"design_1_wrapper",
	"platHandOff":	"<platformDir>.xsa",
	"platIntHandOff":	"<platformDir>/hw/design_1_wrapper.xsa",
	"deviceType":	"zynqMP",
	"platIsPrebuiltAutogen":	"false",
	"platIsNoBootBsp":	"false",
	"platFsblTarget":	"psu_cortexa53_0",
	"hasFsblMakeHasChanges":	"false",
	"hasPmufwMakeHasChanges":	"false",
	"fsblExtraCompilerFlags":	"-MMD -MP      -Wall -fmessage-length=0 -DARMA53_64 -Os -flto -ffat-lto-objects  ",
	"pmufwExtraCompilerFlags":	"-MMD -MP      -mlittle-endian -mxl-barrel-shift -mxl-pattern-compare -mcpu=v9.2 -mxl-soft-mul -Os -flto -ffat-lto-objects  ",
	"platPreBuiltFlag":	false,
	"platformSamplesDir":	"",
	"platActiveSys":	"design_1_wrapper",
	"systems":	[{
			"systemName":	"design_1_wrapper",
			"systemDesc":	"design_1_wrapper",
			"sysIsBootAutoGen":	"true",
			"systemDispName":	"design_1_wrapper",
			"sysActiveDom":	"standalone_psu_cortexa53_0",
			"sysDefaultDom":	"standalone_psu_cortexa53_0",
			"domains":	[{
					"domainName":	"zynqmp_fsbl",
					"domainDispName":	"zynqmp_fsbl",
					"domainDesc":	"FSBL Application BSP - Auto Generated.",
					"processors":	"psu_cortexa53_0",
					"os":	"standalone",
					"sdxOs":	"standalone",
					"debugEnable":	"",
					"domRuntimes":	["cpp"],
					"swRepo":	"",
					"mssOsVer":	"8.1",
					"mssFile":	"",
					"md5Digest":	"50ffef4a883d3ea676765d60b786a6e4",
					"compatibleApp":	"zynqmp_fsbl",
					"domType":	"bootDomain",
					"arch":	"64-bit",
					"appSettings":	{
						"appCompilerFlags":	"",
						"appLinkerFlags":	""
					},
					"addedLibs":	["xilffs:5.0", "xilsecure:5.1", "xilpm:5.0"],
					"libOptions":	{
						"standalone":	{
							"zynqmp_fsbl_bsp":	"true",
							"libOptionNames":	["zynqmp_fsbl_bsp"]
						},
						"xilffs":	{
							"read_only":	"true",
							"use_mkfs":	"false",
							"libOptionNames":	["read_only", "use_mkfs"]
						},
						"xilsecure":	{
							"tpm_support":	"true",
							"libOptionNames":	["tpm_support"]
						},
						"libsContainingOptions":	["standalone", "xilffs", "xilsecure"]
					},
					"prebuiltLibs":	{
						"prebuiltIncPath":	[],
						"prebuiltLibPath":	[]
					},
					"isolation":	{
					}
				}, {
					"domainName":	"zynqmp_pmufw",
					"domainDispName":	"zynqmp_pmufw",
					"domainDesc":	"PMUFW Application BSP - Auto Generated.",
					"processors":	"psu_pmu_0",
					"os":	"standalone",
					"sdxOs":	"standalone",
					"debugEnable":	"",
					"domRuntimes":	["cpp"],
					"swRepo":	"",
					"mssOsVer":	"8.1",
					"mssFile":	"",
					"md5Digest":	"f53f944c509d63eeaedc429f0d902726",
					"compatibleApp":	"zynqmp_pmufw",
					"domType":	"bootDomain",
					"arch":	"32-bit",
					"appSettings":	{
						"appCompilerFlags":	"",
						"appLinkerFlags":	""
					},
					"addedLibs":	["xilfpga:6.4", "xilsecure:5.1", "xilskey:7.4"],
					"libOptions":	{
						"psu_pmu_0":	{
							"extra_compiler_flags":	"-g -ffunction-sections -fdata-sections -Wall -Wextra -fno-tree-loop-distribute-patterns  -Os -flto -ffat-lto-objects",
							"libOptionNames":	["extra_compiler_flags"]
						},
						"libsContainingOptions":	["psu_pmu_0"]
					},
					"prebuiltLibs":	{
						"prebuiltIncPath":	[],
						"prebuiltLibPath":	[]
					},
					"isolation":	{
					}
				}, {
					"domainName":	"standalone_psu_cortexa53_0",
					"domainDispName":	"standalone_psu_cortexa53_0",
					"domainDesc":	"standalone_psu_cortexa53_0",
					"processors":	"psu_cortexa53_0",
					"os":	"standalone",
					"sdxOs":	"standalone",
					"qemuArgs":	"<platformDir>/resources/design_1_wrapper/standalone_psu_cortexa53_0/qemu_args.txt",
					"qemuData":	"<platformDir>/resources/design_1_wrapper/standalone_psu_cortexa53_0/qemu",
					"pmuQemuArgs":	"<platformDir>/resources/design_1_wrapper/standalone_psu_cortexa53_0/pmu_args.txt",
					"debugEnable":	"False",
					"domRuntimes":	["cpp"],
					"swRepo":	"",
					"mssOsVer":	"8.1",
					"mssFile":	"",
					"md5Digest":	"7824a2544f94f615c7699fb2e7b9fe4e",
					"compatibleApp":	"",
					"domType":	"mssDomain",
					"arch":	"64-bit",
					"appSettings":	{
						"appCompilerFlags":	"",
						"appLinkerFlags":	""
					},
					"addedLibs":	[],
					"libOptions":	{
						"libsContainingOptions":	[]
					},
					"prebuiltLibs":	{
						"prebuiltIncPath":	[],
						"prebuiltLibPath":	[]
					},
					"isolation":	{
					}
				}]
		}]
}
KEYINFO::2026-01-28.18:14:11::SCWPlatform::updated the xpfm file.
TRACE::2026-01-28.18:14:11::SCWPlatform::Trying to open the hw design at C:/TFG_Vivado/demo/course_s2_Vitis/01_ps_hello/vitis/design_1_wrapper/hw/design_1_wrapper.xsa
TRACE::2026-01-28.18:14:11::SCWPlatform::DSA given C:/TFG_Vivado/demo/course_s2_Vitis/01_ps_hello/vitis/design_1_wrapper/hw/design_1_wrapper.xsa
TRACE::2026-01-28.18:14:11::SCWPlatform::DSA absoulate path C:/TFG_Vivado/demo/course_s2_Vitis/01_ps_hello/vitis/design_1_wrapper/hw/design_1_wrapper.xsa
TRACE::2026-01-28.18:14:11::SCWPlatform::DSA directory C:/TFG_Vivado/demo/course_s2_Vitis/01_ps_hello/vitis/design_1_wrapper/hw
TRACE::2026-01-28.18:14:11::SCWPlatform:: Platform Path C:/TFG_Vivado/demo/course_s2_Vitis/01_ps_hello/vitis/design_1_wrapper/hw/design_1_wrapper.xsa
TRACE::2026-01-28.18:14:11::SCWPlatform:: Unique name xilinx:::0.0
TRACE::2026-01-28.18:14:11::SCWPlatform::Trying to set the existing hwdb with name design_1_wrapper
TRACE::2026-01-28.18:14:11::SCWPlatform::Opened existing hwdb design_1_wrapper
TRACE::2026-01-28.18:14:11::SCWPlatform::Found the Hw Db part of the input DSA
TRACE::2026-01-28.18:14:11::SCWMssOS::Checking the sw design at  C:/TFG_Vivado/demo/course_s2_Vitis/01_ps_hello/vitis/design_1_wrapper/psu_cortexa53_0/standalone_psu_cortexa53_0/bsp/system.mss
TRACE::2026-01-28.18:14:11::SCWMssOS::DEBUG:  swdes dump  C:/TFG_Vivado/demo/course_s2_Vitis/01_ps_hello/vitis/design_1_wrapper/psu_cortexa53_0/standalone_psu_cortexa53_0/bsp/system.mss|system_1||
C:/TFG_Vivado/demo/course_s2_Vitis/01_ps_hello/vitis/design_1_wrapper/zynqmp_fsbl/zynqmp_fsbl_bsp/system.mss|system||
C:/TFG_Vivado/demo/course_s2_Vitis/01_ps_hello/vitis/design_1_wrapper/zynqmp_pmufw/zynqmp_pmufw_bsp/system.mss|system_0||

TRACE::2026-01-28.18:14:11::SCWMssOS::Sw design exists and opened at  C:/TFG_Vivado/demo/course_s2_Vitis/01_ps_hello/vitis/design_1_wrapper/psu_cortexa53_0/standalone_psu_cortexa53_0/bsp/system.mss
TRACE::2026-02-05.11:18:06::SCWPlatform::Trying to open the hw design at C:/TFG_Vivado/demo/course_s2_Vitis/01_ps_hello/vitis/design_1_wrapper/hw/design_1_wrapper.xsa
TRACE::2026-02-05.11:18:06::SCWPlatform::DSA given C:/TFG_Vivado/demo/course_s2_Vitis/01_ps_hello/vitis/design_1_wrapper/hw/design_1_wrapper.xsa
TRACE::2026-02-05.11:18:06::SCWPlatform::DSA absoulate path C:/TFG_Vivado/demo/course_s2_Vitis/01_ps_hello/vitis/design_1_wrapper/hw/design_1_wrapper.xsa
TRACE::2026-02-05.11:18:06::SCWPlatform::DSA directory C:/TFG_Vivado/demo/course_s2_Vitis/01_ps_hello/vitis/design_1_wrapper/hw
TRACE::2026-02-05.11:18:06::SCWPlatform:: Platform Path C:/TFG_Vivado/demo/course_s2_Vitis/01_ps_hello/vitis/design_1_wrapper/hw/design_1_wrapper.xsa
TRACE::2026-02-05.11:18:06::SCWPlatform:: Unique name xilinx:::0.0
TRACE::2026-02-05.11:18:06::SCWPlatform::Do not have an existing db opened. 
TRACE::2026-02-05.11:18:12::SCWPlatform::Opened new HwDB with name design_1_wrapper_1
TRACE::2026-02-05.11:18:12::SCWReader::Active system found as  design_1_wrapper
TRACE::2026-02-05.11:18:12::SCWReader::Handling sysconfig design_1_wrapper
TRACE::2026-02-05.11:18:12::SCWDomain::checking for install qemu data   : 
TRACE::2026-02-05.11:18:12::SCWDomain:: Using the QEMU Data from install at  : C:/Xilinx/Vitis/2023.1/data/emulation/platforms/zynqmp/sw/a53_standalone/qemu/
TRACE::2026-02-05.11:18:12::SCWDomain:: Using the QEMU args  from install at  : C:/Xilinx/Vitis/2023.1/data/emulation/platforms/zynqmp/sw/a53_standalone/qemu/qemu_args.txt
TRACE::2026-02-05.11:18:12::SCWDomain:: Using the PMUQEMU args from install at  : C:/Xilinx/Vitis/2023.1/data/emulation/platforms/zynqmp/sw/a53_standalone/qemu/pmu_args.txt
TRACE::2026-02-05.11:18:12::SCWPlatform::Trying to open the hw design at C:/TFG_Vivado/demo/course_s2_Vitis/01_ps_hello/vitis/design_1_wrapper/hw/design_1_wrapper.xsa
TRACE::2026-02-05.11:18:12::SCWPlatform::DSA given C:/TFG_Vivado/demo/course_s2_Vitis/01_ps_hello/vitis/design_1_wrapper/hw/design_1_wrapper.xsa
TRACE::2026-02-05.11:18:12::SCWPlatform::DSA absoulate path C:/TFG_Vivado/demo/course_s2_Vitis/01_ps_hello/vitis/design_1_wrapper/hw/design_1_wrapper.xsa
TRACE::2026-02-05.11:18:12::SCWPlatform::DSA directory C:/TFG_Vivado/demo/course_s2_Vitis/01_ps_hello/vitis/design_1_wrapper/hw
TRACE::2026-02-05.11:18:12::SCWPlatform:: Platform Path C:/TFG_Vivado/demo/course_s2_Vitis/01_ps_hello/vitis/design_1_wrapper/hw/design_1_wrapper.xsa
TRACE::2026-02-05.11:18:12::SCWPlatform:: Unique name xilinx:::0.0
TRACE::2026-02-05.11:18:12::SCWPlatform::Trying to set the existing hwdb with name design_1_wrapper_1
TRACE::2026-02-05.11:18:12::SCWPlatform::Opened existing hwdb design_1_wrapper_1
TRACE::2026-02-05.11:18:12::SCWPlatform::Found the Hw Db part of the input DSA
TRACE::2026-02-05.11:18:12::SCWPlatform::Trying to open the hw design at C:/TFG_Vivado/demo/course_s2_Vitis/01_ps_hello/vitis/design_1_wrapper/hw/design_1_wrapper.xsa
TRACE::2026-02-05.11:18:12::SCWPlatform::DSA given C:/TFG_Vivado/demo/course_s2_Vitis/01_ps_hello/vitis/design_1_wrapper/hw/design_1_wrapper.xsa
TRACE::2026-02-05.11:18:12::SCWPlatform::DSA absoulate path C:/TFG_Vivado/demo/course_s2_Vitis/01_ps_hello/vitis/design_1_wrapper/hw/design_1_wrapper.xsa
TRACE::2026-02-05.11:18:12::SCWPlatform::DSA directory C:/TFG_Vivado/demo/course_s2_Vitis/01_ps_hello/vitis/design_1_wrapper/hw
TRACE::2026-02-05.11:18:12::SCWPlatform:: Platform Path C:/TFG_Vivado/demo/course_s2_Vitis/01_ps_hello/vitis/design_1_wrapper/hw/design_1_wrapper.xsa
TRACE::2026-02-05.11:18:12::SCWPlatform:: Unique name xilinx:::0.0
TRACE::2026-02-05.11:18:12::SCWPlatform::Trying to set the existing hwdb with name design_1_wrapper_1
TRACE::2026-02-05.11:18:12::SCWPlatform::Opened existing hwdb design_1_wrapper_1
TRACE::2026-02-05.11:18:12::SCWPlatform::Found the Hw Db part of the input DSA
TRACE::2026-02-05.11:18:12::SCWPlatform::Trying to open the hw design at C:/TFG_Vivado/demo/course_s2_Vitis/01_ps_hello/vitis/design_1_wrapper/hw/design_1_wrapper.xsa
TRACE::2026-02-05.11:18:12::SCWPlatform::DSA given C:/TFG_Vivado/demo/course_s2_Vitis/01_ps_hello/vitis/design_1_wrapper/hw/design_1_wrapper.xsa
TRACE::2026-02-05.11:18:12::SCWPlatform::DSA absoulate path C:/TFG_Vivado/demo/course_s2_Vitis/01_ps_hello/vitis/design_1_wrapper/hw/design_1_wrapper.xsa
TRACE::2026-02-05.11:18:12::SCWPlatform::DSA directory C:/TFG_Vivado/demo/course_s2_Vitis/01_ps_hello/vitis/design_1_wrapper/hw
TRACE::2026-02-05.11:18:12::SCWPlatform:: Platform Path C:/TFG_Vivado/demo/course_s2_Vitis/01_ps_hello/vitis/design_1_wrapper/hw/design_1_wrapper.xsa
TRACE::2026-02-05.11:18:12::SCWPlatform:: Unique name xilinx:::0.0
TRACE::2026-02-05.11:18:12::SCWPlatform::Trying to set the existing hwdb with name design_1_wrapper_1
TRACE::2026-02-05.11:18:12::SCWPlatform::Opened existing hwdb design_1_wrapper_1
TRACE::2026-02-05.11:18:12::SCWPlatform::Found the Hw Db part of the input DSA
TRACE::2026-02-05.11:18:12::SCWReader::Boot application domain added for zynqmp_fsbl
TRACE::2026-02-05.11:18:12::SCWPlatform::Trying to open the hw design at C:/TFG_Vivado/demo/course_s2_Vitis/01_ps_hello/vitis/design_1_wrapper/hw/design_1_wrapper.xsa
TRACE::2026-02-05.11:18:12::SCWPlatform::DSA given C:/TFG_Vivado/demo/course_s2_Vitis/01_ps_hello/vitis/design_1_wrapper/hw/design_1_wrapper.xsa
TRACE::2026-02-05.11:18:12::SCWPlatform::DSA absoulate path C:/TFG_Vivado/demo/course_s2_Vitis/01_ps_hello/vitis/design_1_wrapper/hw/design_1_wrapper.xsa
TRACE::2026-02-05.11:18:12::SCWPlatform::DSA directory C:/TFG_Vivado/demo/course_s2_Vitis/01_ps_hello/vitis/design_1_wrapper/hw
TRACE::2026-02-05.11:18:12::SCWPlatform:: Platform Path C:/TFG_Vivado/demo/course_s2_Vitis/01_ps_hello/vitis/design_1_wrapper/hw/design_1_wrapper.xsa
TRACE::2026-02-05.11:18:12::SCWPlatform:: Unique name xilinx:::0.0
TRACE::2026-02-05.11:18:12::SCWPlatform::Trying to set the existing hwdb with name design_1_wrapper_1
TRACE::2026-02-05.11:18:12::SCWPlatform::Opened existing hwdb design_1_wrapper_1
TRACE::2026-02-05.11:18:12::SCWPlatform::Found the Hw Db part of the input DSA
TRACE::2026-02-05.11:18:12::SCWMssOS::Checking the sw design at  C:/TFG_Vivado/demo/course_s2_Vitis/01_ps_hello/vitis/design_1_wrapper/zynqmp_fsbl/zynqmp_fsbl_bsp/system.mss
TRACE::2026-02-05.11:18:12::SCWMssOS::DEBUG:  swdes dump  
TRACE::2026-02-05.11:18:12::SCWMssOS::No sw design opened at  C:/TFG_Vivado/demo/course_s2_Vitis/01_ps_hello/vitis/design_1_wrapper/zynqmp_fsbl/zynqmp_fsbl_bsp/system.mss
TRACE::2026-02-05.11:18:12::SCWMssOS::mss exists loading the mss file  C:/TFG_Vivado/demo/course_s2_Vitis/01_ps_hello/vitis/design_1_wrapper/zynqmp_fsbl/zynqmp_fsbl_bsp/system.mss
TRACE::2026-02-05.11:18:12::SCWMssOS::Opened the sw design from mss  C:/TFG_Vivado/demo/course_s2_Vitis/01_ps_hello/vitis/design_1_wrapper/zynqmp_fsbl/zynqmp_fsbl_bsp/system.mss
TRACE::2026-02-05.11:18:12::SCWMssOS::Adding the swdes entry C:/TFG_Vivado/demo/course_s2_Vitis/01_ps_hello/vitis/design_1_wrapper/zynqmp_fsbl/zynqmp_fsbl_bsp/system.mss with des name system
TRACE::2026-02-05.11:18:12::SCWMssOS::updating the scw layer about changes
TRACE::2026-02-05.11:18:12::SCWMssOS::Opened the sw design.  C:/TFG_Vivado/demo/course_s2_Vitis/01_ps_hello/vitis/design_1_wrapper/zynqmp_fsbl/zynqmp_fsbl_bsp/system.mss
TRACE::2026-02-05.11:18:12::SCWPlatform::Trying to open the hw design at C:/TFG_Vivado/demo/course_s2_Vitis/01_ps_hello/vitis/design_1_wrapper/hw/design_1_wrapper.xsa
TRACE::2026-02-05.11:18:12::SCWPlatform::DSA given C:/TFG_Vivado/demo/course_s2_Vitis/01_ps_hello/vitis/design_1_wrapper/hw/design_1_wrapper.xsa
TRACE::2026-02-05.11:18:12::SCWPlatform::DSA absoulate path C:/TFG_Vivado/demo/course_s2_Vitis/01_ps_hello/vitis/design_1_wrapper/hw/design_1_wrapper.xsa
TRACE::2026-02-05.11:18:12::SCWPlatform::DSA directory C:/TFG_Vivado/demo/course_s2_Vitis/01_ps_hello/vitis/design_1_wrapper/hw
TRACE::2026-02-05.11:18:12::SCWPlatform:: Platform Path C:/TFG_Vivado/demo/course_s2_Vitis/01_ps_hello/vitis/design_1_wrapper/hw/design_1_wrapper.xsa
TRACE::2026-02-05.11:18:12::SCWPlatform:: Unique name xilinx:::0.0
TRACE::2026-02-05.11:18:12::SCWPlatform::Trying to set the existing hwdb with name design_1_wrapper_1
TRACE::2026-02-05.11:18:12::SCWPlatform::Opened existing hwdb design_1_wrapper_1
TRACE::2026-02-05.11:18:12::SCWPlatform::Found the Hw Db part of the input DSA
TRACE::2026-02-05.11:18:12::SCWMssOS::Checking the sw design at  C:/TFG_Vivado/demo/course_s2_Vitis/01_ps_hello/vitis/design_1_wrapper/zynqmp_fsbl/zynqmp_fsbl_bsp/system.mss
TRACE::2026-02-05.11:18:12::SCWMssOS::DEBUG:  swdes dump  C:/TFG_Vivado/demo/course_s2_Vitis/01_ps_hello/vitis/design_1_wrapper/zynqmp_fsbl/zynqmp_fsbl_bsp/system.mss|system||

TRACE::2026-02-05.11:18:12::SCWMssOS::Sw design exists and opened at  C:/TFG_Vivado/demo/course_s2_Vitis/01_ps_hello/vitis/design_1_wrapper/zynqmp_fsbl/zynqmp_fsbl_bsp/system.mss
TRACE::2026-02-05.11:18:12::SCWMssOS:: library already available in sw design:  xilffs:5.0
TRACE::2026-02-05.11:18:12::SCWPlatform::Trying to open the hw design at C:/TFG_Vivado/demo/course_s2_Vitis/01_ps_hello/vitis/design_1_wrapper/hw/design_1_wrapper.xsa
TRACE::2026-02-05.11:18:12::SCWPlatform::DSA given C:/TFG_Vivado/demo/course_s2_Vitis/01_ps_hello/vitis/design_1_wrapper/hw/design_1_wrapper.xsa
TRACE::2026-02-05.11:18:12::SCWPlatform::DSA absoulate path C:/TFG_Vivado/demo/course_s2_Vitis/01_ps_hello/vitis/design_1_wrapper/hw/design_1_wrapper.xsa
TRACE::2026-02-05.11:18:12::SCWPlatform::DSA directory C:/TFG_Vivado/demo/course_s2_Vitis/01_ps_hello/vitis/design_1_wrapper/hw
TRACE::2026-02-05.11:18:12::SCWPlatform:: Platform Path C:/TFG_Vivado/demo/course_s2_Vitis/01_ps_hello/vitis/design_1_wrapper/hw/design_1_wrapper.xsa
TRACE::2026-02-05.11:18:12::SCWPlatform:: Unique name xilinx:::0.0
TRACE::2026-02-05.11:18:12::SCWPlatform::Trying to set the existing hwdb with name design_1_wrapper_1
TRACE::2026-02-05.11:18:12::SCWPlatform::Opened existing hwdb design_1_wrapper_1
TRACE::2026-02-05.11:18:12::SCWPlatform::Found the Hw Db part of the input DSA
TRACE::2026-02-05.11:18:12::SCWMssOS::Checking the sw design at  C:/TFG_Vivado/demo/course_s2_Vitis/01_ps_hello/vitis/design_1_wrapper/zynqmp_fsbl/zynqmp_fsbl_bsp/system.mss
TRACE::2026-02-05.11:18:12::SCWMssOS::DEBUG:  swdes dump  C:/TFG_Vivado/demo/course_s2_Vitis/01_ps_hello/vitis/design_1_wrapper/zynqmp_fsbl/zynqmp_fsbl_bsp/system.mss|system||

TRACE::2026-02-05.11:18:12::SCWMssOS::Sw design exists and opened at  C:/TFG_Vivado/demo/course_s2_Vitis/01_ps_hello/vitis/design_1_wrapper/zynqmp_fsbl/zynqmp_fsbl_bsp/system.mss
TRACE::2026-02-05.11:18:12::SCWMssOS:: library already available in sw design:  xilsecure:5.1
TRACE::2026-02-05.11:18:12::SCWPlatform::Trying to open the hw design at C:/TFG_Vivado/demo/course_s2_Vitis/01_ps_hello/vitis/design_1_wrapper/hw/design_1_wrapper.xsa
TRACE::2026-02-05.11:18:12::SCWPlatform::DSA given C:/TFG_Vivado/demo/course_s2_Vitis/01_ps_hello/vitis/design_1_wrapper/hw/design_1_wrapper.xsa
TRACE::2026-02-05.11:18:12::SCWPlatform::DSA absoulate path C:/TFG_Vivado/demo/course_s2_Vitis/01_ps_hello/vitis/design_1_wrapper/hw/design_1_wrapper.xsa
TRACE::2026-02-05.11:18:12::SCWPlatform::DSA directory C:/TFG_Vivado/demo/course_s2_Vitis/01_ps_hello/vitis/design_1_wrapper/hw
TRACE::2026-02-05.11:18:12::SCWPlatform:: Platform Path C:/TFG_Vivado/demo/course_s2_Vitis/01_ps_hello/vitis/design_1_wrapper/hw/design_1_wrapper.xsa
TRACE::2026-02-05.11:18:12::SCWPlatform:: Unique name xilinx:::0.0
TRACE::2026-02-05.11:18:12::SCWPlatform::Trying to set the existing hwdb with name design_1_wrapper_1
TRACE::2026-02-05.11:18:12::SCWPlatform::Opened existing hwdb design_1_wrapper_1
TRACE::2026-02-05.11:18:12::SCWPlatform::Found the Hw Db part of the input DSA
TRACE::2026-02-05.11:18:12::SCWMssOS::Checking the sw design at  C:/TFG_Vivado/demo/course_s2_Vitis/01_ps_hello/vitis/design_1_wrapper/zynqmp_fsbl/zynqmp_fsbl_bsp/system.mss
TRACE::2026-02-05.11:18:12::SCWMssOS::DEBUG:  swdes dump  C:/TFG_Vivado/demo/course_s2_Vitis/01_ps_hello/vitis/design_1_wrapper/zynqmp_fsbl/zynqmp_fsbl_bsp/system.mss|system||

TRACE::2026-02-05.11:18:12::SCWMssOS::Sw design exists and opened at  C:/TFG_Vivado/demo/course_s2_Vitis/01_ps_hello/vitis/design_1_wrapper/zynqmp_fsbl/zynqmp_fsbl_bsp/system.mss
TRACE::2026-02-05.11:18:12::SCWMssOS:: library already available in sw design:  xilpm:5.0
TRACE::2026-02-05.11:18:12::SCWPlatform::Trying to open the hw design at C:/TFG_Vivado/demo/course_s2_Vitis/01_ps_hello/vitis/design_1_wrapper/hw/design_1_wrapper.xsa
TRACE::2026-02-05.11:18:12::SCWPlatform::DSA given C:/TFG_Vivado/demo/course_s2_Vitis/01_ps_hello/vitis/design_1_wrapper/hw/design_1_wrapper.xsa
TRACE::2026-02-05.11:18:12::SCWPlatform::DSA absoulate path C:/TFG_Vivado/demo/course_s2_Vitis/01_ps_hello/vitis/design_1_wrapper/hw/design_1_wrapper.xsa
TRACE::2026-02-05.11:18:12::SCWPlatform::DSA directory C:/TFG_Vivado/demo/course_s2_Vitis/01_ps_hello/vitis/design_1_wrapper/hw
TRACE::2026-02-05.11:18:12::SCWPlatform:: Platform Path C:/TFG_Vivado/demo/course_s2_Vitis/01_ps_hello/vitis/design_1_wrapper/hw/design_1_wrapper.xsa
TRACE::2026-02-05.11:18:12::SCWPlatform:: Unique name xilinx:::0.0
TRACE::2026-02-05.11:18:12::SCWPlatform::Trying to set the existing hwdb with name design_1_wrapper_1
TRACE::2026-02-05.11:18:12::SCWPlatform::Opened existing hwdb design_1_wrapper_1
TRACE::2026-02-05.11:18:12::SCWPlatform::Found the Hw Db part of the input DSA
TRACE::2026-02-05.11:18:12::SCWMssOS::Checking the sw design at  C:/TFG_Vivado/demo/course_s2_Vitis/01_ps_hello/vitis/design_1_wrapper/zynqmp_fsbl/zynqmp_fsbl_bsp/system.mss
TRACE::2026-02-05.11:18:12::SCWMssOS::DEBUG:  swdes dump  C:/TFG_Vivado/demo/course_s2_Vitis/01_ps_hello/vitis/design_1_wrapper/zynqmp_fsbl/zynqmp_fsbl_bsp/system.mss|system||

TRACE::2026-02-05.11:18:12::SCWMssOS::Sw design exists and opened at  C:/TFG_Vivado/demo/course_s2_Vitis/01_ps_hello/vitis/design_1_wrapper/zynqmp_fsbl/zynqmp_fsbl_bsp/system.mss
TRACE::2026-02-05.11:18:12::SCWPlatform::Trying to open the hw design at C:/TFG_Vivado/demo/course_s2_Vitis/01_ps_hello/vitis/design_1_wrapper/hw/design_1_wrapper.xsa
TRACE::2026-02-05.11:18:12::SCWPlatform::DSA given C:/TFG_Vivado/demo/course_s2_Vitis/01_ps_hello/vitis/design_1_wrapper/hw/design_1_wrapper.xsa
TRACE::2026-02-05.11:18:12::SCWPlatform::DSA absoulate path C:/TFG_Vivado/demo/course_s2_Vitis/01_ps_hello/vitis/design_1_wrapper/hw/design_1_wrapper.xsa
TRACE::2026-02-05.11:18:12::SCWPlatform::DSA directory C:/TFG_Vivado/demo/course_s2_Vitis/01_ps_hello/vitis/design_1_wrapper/hw
TRACE::2026-02-05.11:18:12::SCWPlatform:: Platform Path C:/TFG_Vivado/demo/course_s2_Vitis/01_ps_hello/vitis/design_1_wrapper/hw/design_1_wrapper.xsa
TRACE::2026-02-05.11:18:12::SCWPlatform:: Unique name xilinx:::0.0
TRACE::2026-02-05.11:18:12::SCWPlatform::Trying to set the existing hwdb with name design_1_wrapper_1
TRACE::2026-02-05.11:18:12::SCWPlatform::Opened existing hwdb design_1_wrapper_1
TRACE::2026-02-05.11:18:12::SCWPlatform::Found the Hw Db part of the input DSA
TRACE::2026-02-05.11:18:12::SCWMssOS::Checking the sw design at  C:/TFG_Vivado/demo/course_s2_Vitis/01_ps_hello/vitis/design_1_wrapper/zynqmp_fsbl/zynqmp_fsbl_bsp/system.mss
TRACE::2026-02-05.11:18:12::SCWMssOS::DEBUG:  swdes dump  C:/TFG_Vivado/demo/course_s2_Vitis/01_ps_hello/vitis/design_1_wrapper/zynqmp_fsbl/zynqmp_fsbl_bsp/system.mss|system||

TRACE::2026-02-05.11:18:12::SCWMssOS::Sw design exists and opened at  C:/TFG_Vivado/demo/course_s2_Vitis/01_ps_hello/vitis/design_1_wrapper/zynqmp_fsbl/zynqmp_fsbl_bsp/system.mss
TRACE::2026-02-05.11:18:12::SCWPlatform::Trying to open the hw design at C:/TFG_Vivado/demo/course_s2_Vitis/01_ps_hello/vitis/design_1_wrapper/hw/design_1_wrapper.xsa
TRACE::2026-02-05.11:18:12::SCWPlatform::DSA given C:/TFG_Vivado/demo/course_s2_Vitis/01_ps_hello/vitis/design_1_wrapper/hw/design_1_wrapper.xsa
TRACE::2026-02-05.11:18:12::SCWPlatform::DSA absoulate path C:/TFG_Vivado/demo/course_s2_Vitis/01_ps_hello/vitis/design_1_wrapper/hw/design_1_wrapper.xsa
TRACE::2026-02-05.11:18:12::SCWPlatform::DSA directory C:/TFG_Vivado/demo/course_s2_Vitis/01_ps_hello/vitis/design_1_wrapper/hw
TRACE::2026-02-05.11:18:12::SCWPlatform:: Platform Path C:/TFG_Vivado/demo/course_s2_Vitis/01_ps_hello/vitis/design_1_wrapper/hw/design_1_wrapper.xsa
TRACE::2026-02-05.11:18:12::SCWPlatform:: Unique name xilinx:::0.0
TRACE::2026-02-05.11:18:12::SCWPlatform::Trying to set the existing hwdb with name design_1_wrapper_1
TRACE::2026-02-05.11:18:12::SCWPlatform::Opened existing hwdb design_1_wrapper_1
TRACE::2026-02-05.11:18:12::SCWPlatform::Found the Hw Db part of the input DSA
TRACE::2026-02-05.11:18:12::SCWMssOS::Checking the sw design at  C:/TFG_Vivado/demo/course_s2_Vitis/01_ps_hello/vitis/design_1_wrapper/zynqmp_fsbl/zynqmp_fsbl_bsp/system.mss
TRACE::2026-02-05.11:18:12::SCWMssOS::DEBUG:  swdes dump  C:/TFG_Vivado/demo/course_s2_Vitis/01_ps_hello/vitis/design_1_wrapper/zynqmp_fsbl/zynqmp_fsbl_bsp/system.mss|system||

TRACE::2026-02-05.11:18:12::SCWMssOS::Sw design exists and opened at  C:/TFG_Vivado/demo/course_s2_Vitis/01_ps_hello/vitis/design_1_wrapper/zynqmp_fsbl/zynqmp_fsbl_bsp/system.mss
TRACE::2026-02-05.11:18:12::SCWPlatform::Trying to open the hw design at C:/TFG_Vivado/demo/course_s2_Vitis/01_ps_hello/vitis/design_1_wrapper/hw/design_1_wrapper.xsa
TRACE::2026-02-05.11:18:12::SCWPlatform::DSA given C:/TFG_Vivado/demo/course_s2_Vitis/01_ps_hello/vitis/design_1_wrapper/hw/design_1_wrapper.xsa
TRACE::2026-02-05.11:18:12::SCWPlatform::DSA absoulate path C:/TFG_Vivado/demo/course_s2_Vitis/01_ps_hello/vitis/design_1_wrapper/hw/design_1_wrapper.xsa
TRACE::2026-02-05.11:18:12::SCWPlatform::DSA directory C:/TFG_Vivado/demo/course_s2_Vitis/01_ps_hello/vitis/design_1_wrapper/hw
TRACE::2026-02-05.11:18:12::SCWPlatform:: Platform Path C:/TFG_Vivado/demo/course_s2_Vitis/01_ps_hello/vitis/design_1_wrapper/hw/design_1_wrapper.xsa
TRACE::2026-02-05.11:18:12::SCWPlatform:: Unique name xilinx:::0.0
TRACE::2026-02-05.11:18:12::SCWPlatform::Trying to set the existing hwdb with name design_1_wrapper_1
TRACE::2026-02-05.11:18:12::SCWPlatform::Opened existing hwdb design_1_wrapper_1
TRACE::2026-02-05.11:18:12::SCWPlatform::Found the Hw Db part of the input DSA
TRACE::2026-02-05.11:18:12::SCWMssOS::Checking the sw design at  C:/TFG_Vivado/demo/course_s2_Vitis/01_ps_hello/vitis/design_1_wrapper/zynqmp_fsbl/zynqmp_fsbl_bsp/system.mss
TRACE::2026-02-05.11:18:12::SCWMssOS::DEBUG:  swdes dump  C:/TFG_Vivado/demo/course_s2_Vitis/01_ps_hello/vitis/design_1_wrapper/zynqmp_fsbl/zynqmp_fsbl_bsp/system.mss|system||

TRACE::2026-02-05.11:18:12::SCWMssOS::Sw design exists and opened at  C:/TFG_Vivado/demo/course_s2_Vitis/01_ps_hello/vitis/design_1_wrapper/zynqmp_fsbl/zynqmp_fsbl_bsp/system.mss
TRACE::2026-02-05.11:18:12::SCWPlatform::Trying to open the hw design at C:/TFG_Vivado/demo/course_s2_Vitis/01_ps_hello/vitis/design_1_wrapper/hw/design_1_wrapper.xsa
TRACE::2026-02-05.11:18:12::SCWPlatform::DSA given C:/TFG_Vivado/demo/course_s2_Vitis/01_ps_hello/vitis/design_1_wrapper/hw/design_1_wrapper.xsa
TRACE::2026-02-05.11:18:12::SCWPlatform::DSA absoulate path C:/TFG_Vivado/demo/course_s2_Vitis/01_ps_hello/vitis/design_1_wrapper/hw/design_1_wrapper.xsa
TRACE::2026-02-05.11:18:12::SCWPlatform::DSA directory C:/TFG_Vivado/demo/course_s2_Vitis/01_ps_hello/vitis/design_1_wrapper/hw
TRACE::2026-02-05.11:18:12::SCWPlatform:: Platform Path C:/TFG_Vivado/demo/course_s2_Vitis/01_ps_hello/vitis/design_1_wrapper/hw/design_1_wrapper.xsa
TRACE::2026-02-05.11:18:12::SCWPlatform:: Unique name xilinx:::0.0
TRACE::2026-02-05.11:18:12::SCWPlatform::Trying to set the existing hwdb with name design_1_wrapper_1
TRACE::2026-02-05.11:18:12::SCWPlatform::Opened existing hwdb design_1_wrapper_1
TRACE::2026-02-05.11:18:12::SCWPlatform::Found the Hw Db part of the input DSA
TRACE::2026-02-05.11:18:12::SCWMssOS::Checking the sw design at  C:/TFG_Vivado/demo/course_s2_Vitis/01_ps_hello/vitis/design_1_wrapper/zynqmp_fsbl/zynqmp_fsbl_bsp/system.mss
TRACE::2026-02-05.11:18:12::SCWMssOS::DEBUG:  swdes dump  C:/TFG_Vivado/demo/course_s2_Vitis/01_ps_hello/vitis/design_1_wrapper/zynqmp_fsbl/zynqmp_fsbl_bsp/system.mss|system||

TRACE::2026-02-05.11:18:12::SCWMssOS::Sw design exists and opened at  C:/TFG_Vivado/demo/course_s2_Vitis/01_ps_hello/vitis/design_1_wrapper/zynqmp_fsbl/zynqmp_fsbl_bsp/system.mss
TRACE::2026-02-05.11:18:12::SCWPlatform::Trying to open the hw design at C:/TFG_Vivado/demo/course_s2_Vitis/01_ps_hello/vitis/design_1_wrapper/hw/design_1_wrapper.xsa
TRACE::2026-02-05.11:18:12::SCWPlatform::DSA given C:/TFG_Vivado/demo/course_s2_Vitis/01_ps_hello/vitis/design_1_wrapper/hw/design_1_wrapper.xsa
TRACE::2026-02-05.11:18:12::SCWPlatform::DSA absoulate path C:/TFG_Vivado/demo/course_s2_Vitis/01_ps_hello/vitis/design_1_wrapper/hw/design_1_wrapper.xsa
TRACE::2026-02-05.11:18:12::SCWPlatform::DSA directory C:/TFG_Vivado/demo/course_s2_Vitis/01_ps_hello/vitis/design_1_wrapper/hw
TRACE::2026-02-05.11:18:12::SCWPlatform:: Platform Path C:/TFG_Vivado/demo/course_s2_Vitis/01_ps_hello/vitis/design_1_wrapper/hw/design_1_wrapper.xsa
TRACE::2026-02-05.11:18:12::SCWPlatform:: Unique name xilinx:::0.0
TRACE::2026-02-05.11:18:12::SCWPlatform::Trying to set the existing hwdb with name design_1_wrapper_1
TRACE::2026-02-05.11:18:12::SCWPlatform::Opened existing hwdb design_1_wrapper_1
TRACE::2026-02-05.11:18:12::SCWPlatform::Found the Hw Db part of the input DSA
TRACE::2026-02-05.11:18:12::SCWMssOS::Checking the sw design at  C:/TFG_Vivado/demo/course_s2_Vitis/01_ps_hello/vitis/design_1_wrapper/zynqmp_fsbl/zynqmp_fsbl_bsp/system.mss
TRACE::2026-02-05.11:18:12::SCWMssOS::DEBUG:  swdes dump  C:/TFG_Vivado/demo/course_s2_Vitis/01_ps_hello/vitis/design_1_wrapper/zynqmp_fsbl/zynqmp_fsbl_bsp/system.mss|system||

TRACE::2026-02-05.11:18:12::SCWMssOS::Sw design exists and opened at  C:/TFG_Vivado/demo/course_s2_Vitis/01_ps_hello/vitis/design_1_wrapper/zynqmp_fsbl/zynqmp_fsbl_bsp/system.mss
TRACE::2026-02-05.11:18:12::SCWPlatform::Trying to open the hw design at C:/TFG_Vivado/demo/course_s2_Vitis/01_ps_hello/vitis/design_1_wrapper/hw/design_1_wrapper.xsa
TRACE::2026-02-05.11:18:12::SCWPlatform::DSA given C:/TFG_Vivado/demo/course_s2_Vitis/01_ps_hello/vitis/design_1_wrapper/hw/design_1_wrapper.xsa
TRACE::2026-02-05.11:18:12::SCWPlatform::DSA absoulate path C:/TFG_Vivado/demo/course_s2_Vitis/01_ps_hello/vitis/design_1_wrapper/hw/design_1_wrapper.xsa
TRACE::2026-02-05.11:18:12::SCWPlatform::DSA directory C:/TFG_Vivado/demo/course_s2_Vitis/01_ps_hello/vitis/design_1_wrapper/hw
TRACE::2026-02-05.11:18:12::SCWPlatform:: Platform Path C:/TFG_Vivado/demo/course_s2_Vitis/01_ps_hello/vitis/design_1_wrapper/hw/design_1_wrapper.xsa
TRACE::2026-02-05.11:18:12::SCWPlatform:: Unique name xilinx:::0.0
TRACE::2026-02-05.11:18:12::SCWPlatform::Trying to set the existing hwdb with name design_1_wrapper_1
TRACE::2026-02-05.11:18:12::SCWPlatform::Opened existing hwdb design_1_wrapper_1
TRACE::2026-02-05.11:18:12::SCWPlatform::Found the Hw Db part of the input DSA
TRACE::2026-02-05.11:18:12::SCWMssOS::Checking the sw design at  C:/TFG_Vivado/demo/course_s2_Vitis/01_ps_hello/vitis/design_1_wrapper/zynqmp_fsbl/zynqmp_fsbl_bsp/system.mss
TRACE::2026-02-05.11:18:12::SCWMssOS::DEBUG:  swdes dump  C:/TFG_Vivado/demo/course_s2_Vitis/01_ps_hello/vitis/design_1_wrapper/zynqmp_fsbl/zynqmp_fsbl_bsp/system.mss|system||

TRACE::2026-02-05.11:18:12::SCWMssOS::Sw design exists and opened at  C:/TFG_Vivado/demo/course_s2_Vitis/01_ps_hello/vitis/design_1_wrapper/zynqmp_fsbl/zynqmp_fsbl_bsp/system.mss
TRACE::2026-02-05.11:18:12::SCWPlatform::Trying to open the hw design at C:/TFG_Vivado/demo/course_s2_Vitis/01_ps_hello/vitis/design_1_wrapper/hw/design_1_wrapper.xsa
TRACE::2026-02-05.11:18:12::SCWPlatform::DSA given C:/TFG_Vivado/demo/course_s2_Vitis/01_ps_hello/vitis/design_1_wrapper/hw/design_1_wrapper.xsa
TRACE::2026-02-05.11:18:12::SCWPlatform::DSA absoulate path C:/TFG_Vivado/demo/course_s2_Vitis/01_ps_hello/vitis/design_1_wrapper/hw/design_1_wrapper.xsa
TRACE::2026-02-05.11:18:12::SCWPlatform::DSA directory C:/TFG_Vivado/demo/course_s2_Vitis/01_ps_hello/vitis/design_1_wrapper/hw
TRACE::2026-02-05.11:18:12::SCWPlatform:: Platform Path C:/TFG_Vivado/demo/course_s2_Vitis/01_ps_hello/vitis/design_1_wrapper/hw/design_1_wrapper.xsa
TRACE::2026-02-05.11:18:12::SCWPlatform:: Unique name xilinx:::0.0
TRACE::2026-02-05.11:18:12::SCWPlatform::Trying to set the existing hwdb with name design_1_wrapper_1
TRACE::2026-02-05.11:18:12::SCWPlatform::Opened existing hwdb design_1_wrapper_1
TRACE::2026-02-05.11:18:12::SCWPlatform::Found the Hw Db part of the input DSA
TRACE::2026-02-05.11:18:12::SCWMssOS::Checking the sw design at  C:/TFG_Vivado/demo/course_s2_Vitis/01_ps_hello/vitis/design_1_wrapper/zynqmp_fsbl/zynqmp_fsbl_bsp/system.mss
TRACE::2026-02-05.11:18:12::SCWMssOS::DEBUG:  swdes dump  C:/TFG_Vivado/demo/course_s2_Vitis/01_ps_hello/vitis/design_1_wrapper/zynqmp_fsbl/zynqmp_fsbl_bsp/system.mss|system||

TRACE::2026-02-05.11:18:12::SCWMssOS::Sw design exists and opened at  C:/TFG_Vivado/demo/course_s2_Vitis/01_ps_hello/vitis/design_1_wrapper/zynqmp_fsbl/zynqmp_fsbl_bsp/system.mss
TRACE::2026-02-05.11:18:12::SCWMssOS::Saving the mss changes C:/TFG_Vivado/demo/course_s2_Vitis/01_ps_hello/vitis/design_1_wrapper/zynqmp_fsbl/zynqmp_fsbl_bsp/system.mss
TRACE::2026-02-05.11:18:12::SCWMssOS::Found a swdesign opened with the mssfile.
TRACE::2026-02-05.11:18:12::SCWMssOS::Completed writemss as part of save.
TRACE::2026-02-05.11:18:12::SCWMssOS::Commit changes completed.
TRACE::2026-02-05.11:18:12::SCWReader::Adding prebuilt librarypaths as   
TRACE::2026-02-05.11:18:12::SCWReader::Adding prebuilt incpaths  as   
TRACE::2026-02-05.11:18:12::SCWPlatform::Trying to open the hw design at C:/TFG_Vivado/demo/course_s2_Vitis/01_ps_hello/vitis/design_1_wrapper/hw/design_1_wrapper.xsa
TRACE::2026-02-05.11:18:12::SCWPlatform::DSA given C:/TFG_Vivado/demo/course_s2_Vitis/01_ps_hello/vitis/design_1_wrapper/hw/design_1_wrapper.xsa
TRACE::2026-02-05.11:18:12::SCWPlatform::DSA absoulate path C:/TFG_Vivado/demo/course_s2_Vitis/01_ps_hello/vitis/design_1_wrapper/hw/design_1_wrapper.xsa
TRACE::2026-02-05.11:18:12::SCWPlatform::DSA directory C:/TFG_Vivado/demo/course_s2_Vitis/01_ps_hello/vitis/design_1_wrapper/hw
TRACE::2026-02-05.11:18:12::SCWPlatform:: Platform Path C:/TFG_Vivado/demo/course_s2_Vitis/01_ps_hello/vitis/design_1_wrapper/hw/design_1_wrapper.xsa
TRACE::2026-02-05.11:18:12::SCWPlatform:: Unique name xilinx:::0.0
TRACE::2026-02-05.11:18:12::SCWPlatform::Trying to set the existing hwdb with name design_1_wrapper_1
TRACE::2026-02-05.11:18:12::SCWPlatform::Opened existing hwdb design_1_wrapper_1
TRACE::2026-02-05.11:18:12::SCWPlatform::Found the Hw Db part of the input DSA
TRACE::2026-02-05.11:18:12::SCWMssOS::Checking the sw design at  C:/TFG_Vivado/demo/course_s2_Vitis/01_ps_hello/vitis/design_1_wrapper/zynqmp_fsbl/zynqmp_fsbl_bsp/system.mss
TRACE::2026-02-05.11:18:12::SCWMssOS::DEBUG:  swdes dump  C:/TFG_Vivado/demo/course_s2_Vitis/01_ps_hello/vitis/design_1_wrapper/zynqmp_fsbl/zynqmp_fsbl_bsp/system.mss|system||

TRACE::2026-02-05.11:18:12::SCWMssOS::Sw design exists and opened at  C:/TFG_Vivado/demo/course_s2_Vitis/01_ps_hello/vitis/design_1_wrapper/zynqmp_fsbl/zynqmp_fsbl_bsp/system.mss
TRACE::2026-02-05.11:18:12::SCWReader::No isolation master present  
TRACE::2026-02-05.11:18:12::SCWDomain::checking for install qemu data   : 
TRACE::2026-02-05.11:18:12::SCWDomain:: Using the QEMU Data from install at  : C:/Xilinx/Vitis/2023.1/data/emulation/platforms/zynqmp/sw/a53_standalone/qemu/
TRACE::2026-02-05.11:18:12::SCWDomain:: Using the QEMU args  from install at  : C:/Xilinx/Vitis/2023.1/data/emulation/platforms/zynqmp/sw/a53_standalone/qemu/qemu_args.txt
TRACE::2026-02-05.11:18:12::SCWDomain:: Using the PMUQEMU args from install at  : C:/Xilinx/Vitis/2023.1/data/emulation/platforms/zynqmp/sw/a53_standalone/qemu/pmu_args.txt
TRACE::2026-02-05.11:18:12::SCWPlatform::Trying to open the hw design at C:/TFG_Vivado/demo/course_s2_Vitis/01_ps_hello/vitis/design_1_wrapper/hw/design_1_wrapper.xsa
TRACE::2026-02-05.11:18:12::SCWPlatform::DSA given C:/TFG_Vivado/demo/course_s2_Vitis/01_ps_hello/vitis/design_1_wrapper/hw/design_1_wrapper.xsa
TRACE::2026-02-05.11:18:12::SCWPlatform::DSA absoulate path C:/TFG_Vivado/demo/course_s2_Vitis/01_ps_hello/vitis/design_1_wrapper/hw/design_1_wrapper.xsa
TRACE::2026-02-05.11:18:12::SCWPlatform::DSA directory C:/TFG_Vivado/demo/course_s2_Vitis/01_ps_hello/vitis/design_1_wrapper/hw
TRACE::2026-02-05.11:18:12::SCWPlatform:: Platform Path C:/TFG_Vivado/demo/course_s2_Vitis/01_ps_hello/vitis/design_1_wrapper/hw/design_1_wrapper.xsa
TRACE::2026-02-05.11:18:12::SCWPlatform:: Unique name xilinx:::0.0
TRACE::2026-02-05.11:18:12::SCWPlatform::Trying to set the existing hwdb with name design_1_wrapper_1
TRACE::2026-02-05.11:18:12::SCWPlatform::Opened existing hwdb design_1_wrapper_1
TRACE::2026-02-05.11:18:12::SCWPlatform::Found the Hw Db part of the input DSA
TRACE::2026-02-05.11:18:12::SCWReader::Boot application domain added for zynqmp_pmufw
TRACE::2026-02-05.11:18:12::SCWPlatform::Trying to open the hw design at C:/TFG_Vivado/demo/course_s2_Vitis/01_ps_hello/vitis/design_1_wrapper/hw/design_1_wrapper.xsa
TRACE::2026-02-05.11:18:12::SCWPlatform::DSA given C:/TFG_Vivado/demo/course_s2_Vitis/01_ps_hello/vitis/design_1_wrapper/hw/design_1_wrapper.xsa
TRACE::2026-02-05.11:18:12::SCWPlatform::DSA absoulate path C:/TFG_Vivado/demo/course_s2_Vitis/01_ps_hello/vitis/design_1_wrapper/hw/design_1_wrapper.xsa
TRACE::2026-02-05.11:18:12::SCWPlatform::DSA directory C:/TFG_Vivado/demo/course_s2_Vitis/01_ps_hello/vitis/design_1_wrapper/hw
TRACE::2026-02-05.11:18:12::SCWPlatform:: Platform Path C:/TFG_Vivado/demo/course_s2_Vitis/01_ps_hello/vitis/design_1_wrapper/hw/design_1_wrapper.xsa
TRACE::2026-02-05.11:18:12::SCWPlatform:: Unique name xilinx:::0.0
TRACE::2026-02-05.11:18:12::SCWPlatform::Trying to set the existing hwdb with name design_1_wrapper_1
TRACE::2026-02-05.11:18:12::SCWPlatform::Opened existing hwdb design_1_wrapper_1
TRACE::2026-02-05.11:18:12::SCWPlatform::Found the Hw Db part of the input DSA
TRACE::2026-02-05.11:18:12::SCWMssOS::Checking the sw design at  C:/TFG_Vivado/demo/course_s2_Vitis/01_ps_hello/vitis/design_1_wrapper/zynqmp_pmufw/zynqmp_pmufw_bsp/system.mss
TRACE::2026-02-05.11:18:12::SCWMssOS::DEBUG:  swdes dump  C:/TFG_Vivado/demo/course_s2_Vitis/01_ps_hello/vitis/design_1_wrapper/zynqmp_fsbl/zynqmp_fsbl_bsp/system.mss|system||

TRACE::2026-02-05.11:18:12::SCWMssOS::No sw design opened at  C:/TFG_Vivado/demo/course_s2_Vitis/01_ps_hello/vitis/design_1_wrapper/zynqmp_pmufw/zynqmp_pmufw_bsp/system.mss
TRACE::2026-02-05.11:18:12::SCWMssOS::mss exists loading the mss file  C:/TFG_Vivado/demo/course_s2_Vitis/01_ps_hello/vitis/design_1_wrapper/zynqmp_pmufw/zynqmp_pmufw_bsp/system.mss
TRACE::2026-02-05.11:18:12::SCWMssOS::Opened the sw design from mss  C:/TFG_Vivado/demo/course_s2_Vitis/01_ps_hello/vitis/design_1_wrapper/zynqmp_pmufw/zynqmp_pmufw_bsp/system.mss
TRACE::2026-02-05.11:18:12::SCWMssOS::Adding the swdes entry C:/TFG_Vivado/demo/course_s2_Vitis/01_ps_hello/vitis/design_1_wrapper/zynqmp_pmufw/zynqmp_pmufw_bsp/system.mss with des name system_0
TRACE::2026-02-05.11:18:12::SCWMssOS::updating the scw layer about changes
TRACE::2026-02-05.11:18:12::SCWMssOS::Opened the sw design.  C:/TFG_Vivado/demo/course_s2_Vitis/01_ps_hello/vitis/design_1_wrapper/zynqmp_pmufw/zynqmp_pmufw_bsp/system.mss
TRACE::2026-02-05.11:18:12::SCWPlatform::Trying to open the hw design at C:/TFG_Vivado/demo/course_s2_Vitis/01_ps_hello/vitis/design_1_wrapper/hw/design_1_wrapper.xsa
TRACE::2026-02-05.11:18:12::SCWPlatform::DSA given C:/TFG_Vivado/demo/course_s2_Vitis/01_ps_hello/vitis/design_1_wrapper/hw/design_1_wrapper.xsa
TRACE::2026-02-05.11:18:12::SCWPlatform::DSA absoulate path C:/TFG_Vivado/demo/course_s2_Vitis/01_ps_hello/vitis/design_1_wrapper/hw/design_1_wrapper.xsa
TRACE::2026-02-05.11:18:12::SCWPlatform::DSA directory C:/TFG_Vivado/demo/course_s2_Vitis/01_ps_hello/vitis/design_1_wrapper/hw
TRACE::2026-02-05.11:18:12::SCWPlatform:: Platform Path C:/TFG_Vivado/demo/course_s2_Vitis/01_ps_hello/vitis/design_1_wrapper/hw/design_1_wrapper.xsa
TRACE::2026-02-05.11:18:12::SCWPlatform:: Unique name xilinx:::0.0
TRACE::2026-02-05.11:18:12::SCWPlatform::Trying to set the existing hwdb with name design_1_wrapper_1
TRACE::2026-02-05.11:18:12::SCWPlatform::Opened existing hwdb design_1_wrapper_1
TRACE::2026-02-05.11:18:12::SCWPlatform::Found the Hw Db part of the input DSA
TRACE::2026-02-05.11:18:12::SCWMssOS::Checking the sw design at  C:/TFG_Vivado/demo/course_s2_Vitis/01_ps_hello/vitis/design_1_wrapper/zynqmp_pmufw/zynqmp_pmufw_bsp/system.mss
TRACE::2026-02-05.11:18:12::SCWMssOS::DEBUG:  swdes dump  C:/TFG_Vivado/demo/course_s2_Vitis/01_ps_hello/vitis/design_1_wrapper/zynqmp_fsbl/zynqmp_fsbl_bsp/system.mss|system||
C:/TFG_Vivado/demo/course_s2_Vitis/01_ps_hello/vitis/design_1_wrapper/zynqmp_pmufw/zynqmp_pmufw_bsp/system.mss|system_0||

TRACE::2026-02-05.11:18:12::SCWMssOS::Sw design exists and opened at  C:/TFG_Vivado/demo/course_s2_Vitis/01_ps_hello/vitis/design_1_wrapper/zynqmp_pmufw/zynqmp_pmufw_bsp/system.mss
TRACE::2026-02-05.11:18:12::SCWMssOS:: library already available in sw design:  xilfpga:6.4
TRACE::2026-02-05.11:18:12::SCWPlatform::Trying to open the hw design at C:/TFG_Vivado/demo/course_s2_Vitis/01_ps_hello/vitis/design_1_wrapper/hw/design_1_wrapper.xsa
TRACE::2026-02-05.11:18:12::SCWPlatform::DSA given C:/TFG_Vivado/demo/course_s2_Vitis/01_ps_hello/vitis/design_1_wrapper/hw/design_1_wrapper.xsa
TRACE::2026-02-05.11:18:12::SCWPlatform::DSA absoulate path C:/TFG_Vivado/demo/course_s2_Vitis/01_ps_hello/vitis/design_1_wrapper/hw/design_1_wrapper.xsa
TRACE::2026-02-05.11:18:12::SCWPlatform::DSA directory C:/TFG_Vivado/demo/course_s2_Vitis/01_ps_hello/vitis/design_1_wrapper/hw
TRACE::2026-02-05.11:18:12::SCWPlatform:: Platform Path C:/TFG_Vivado/demo/course_s2_Vitis/01_ps_hello/vitis/design_1_wrapper/hw/design_1_wrapper.xsa
TRACE::2026-02-05.11:18:12::SCWPlatform:: Unique name xilinx:::0.0
TRACE::2026-02-05.11:18:12::SCWPlatform::Trying to set the existing hwdb with name design_1_wrapper_1
TRACE::2026-02-05.11:18:12::SCWPlatform::Opened existing hwdb design_1_wrapper_1
TRACE::2026-02-05.11:18:12::SCWPlatform::Found the Hw Db part of the input DSA
TRACE::2026-02-05.11:18:12::SCWMssOS::Checking the sw design at  C:/TFG_Vivado/demo/course_s2_Vitis/01_ps_hello/vitis/design_1_wrapper/zynqmp_pmufw/zynqmp_pmufw_bsp/system.mss
TRACE::2026-02-05.11:18:12::SCWMssOS::DEBUG:  swdes dump  C:/TFG_Vivado/demo/course_s2_Vitis/01_ps_hello/vitis/design_1_wrapper/zynqmp_fsbl/zynqmp_fsbl_bsp/system.mss|system||
C:/TFG_Vivado/demo/course_s2_Vitis/01_ps_hello/vitis/design_1_wrapper/zynqmp_pmufw/zynqmp_pmufw_bsp/system.mss|system_0||

TRACE::2026-02-05.11:18:12::SCWMssOS::Sw design exists and opened at  C:/TFG_Vivado/demo/course_s2_Vitis/01_ps_hello/vitis/design_1_wrapper/zynqmp_pmufw/zynqmp_pmufw_bsp/system.mss
TRACE::2026-02-05.11:18:12::SCWMssOS:: library already available in sw design:  xilsecure:5.1
TRACE::2026-02-05.11:18:12::SCWPlatform::Trying to open the hw design at C:/TFG_Vivado/demo/course_s2_Vitis/01_ps_hello/vitis/design_1_wrapper/hw/design_1_wrapper.xsa
TRACE::2026-02-05.11:18:12::SCWPlatform::DSA given C:/TFG_Vivado/demo/course_s2_Vitis/01_ps_hello/vitis/design_1_wrapper/hw/design_1_wrapper.xsa
TRACE::2026-02-05.11:18:12::SCWPlatform::DSA absoulate path C:/TFG_Vivado/demo/course_s2_Vitis/01_ps_hello/vitis/design_1_wrapper/hw/design_1_wrapper.xsa
TRACE::2026-02-05.11:18:12::SCWPlatform::DSA directory C:/TFG_Vivado/demo/course_s2_Vitis/01_ps_hello/vitis/design_1_wrapper/hw
TRACE::2026-02-05.11:18:12::SCWPlatform:: Platform Path C:/TFG_Vivado/demo/course_s2_Vitis/01_ps_hello/vitis/design_1_wrapper/hw/design_1_wrapper.xsa
TRACE::2026-02-05.11:18:12::SCWPlatform:: Unique name xilinx:::0.0
TRACE::2026-02-05.11:18:12::SCWPlatform::Trying to set the existing hwdb with name design_1_wrapper_1
TRACE::2026-02-05.11:18:12::SCWPlatform::Opened existing hwdb design_1_wrapper_1
TRACE::2026-02-05.11:18:12::SCWPlatform::Found the Hw Db part of the input DSA
TRACE::2026-02-05.11:18:12::SCWMssOS::Checking the sw design at  C:/TFG_Vivado/demo/course_s2_Vitis/01_ps_hello/vitis/design_1_wrapper/zynqmp_pmufw/zynqmp_pmufw_bsp/system.mss
TRACE::2026-02-05.11:18:12::SCWMssOS::DEBUG:  swdes dump  C:/TFG_Vivado/demo/course_s2_Vitis/01_ps_hello/vitis/design_1_wrapper/zynqmp_fsbl/zynqmp_fsbl_bsp/system.mss|system||
C:/TFG_Vivado/demo/course_s2_Vitis/01_ps_hello/vitis/design_1_wrapper/zynqmp_pmufw/zynqmp_pmufw_bsp/system.mss|system_0||

TRACE::2026-02-05.11:18:12::SCWMssOS::Sw design exists and opened at  C:/TFG_Vivado/demo/course_s2_Vitis/01_ps_hello/vitis/design_1_wrapper/zynqmp_pmufw/zynqmp_pmufw_bsp/system.mss
TRACE::2026-02-05.11:18:12::SCWMssOS:: library already available in sw design:  xilskey:7.4
TRACE::2026-02-05.11:18:12::SCWPlatform::Trying to open the hw design at C:/TFG_Vivado/demo/course_s2_Vitis/01_ps_hello/vitis/design_1_wrapper/hw/design_1_wrapper.xsa
TRACE::2026-02-05.11:18:12::SCWPlatform::DSA given C:/TFG_Vivado/demo/course_s2_Vitis/01_ps_hello/vitis/design_1_wrapper/hw/design_1_wrapper.xsa
TRACE::2026-02-05.11:18:12::SCWPlatform::DSA absoulate path C:/TFG_Vivado/demo/course_s2_Vitis/01_ps_hello/vitis/design_1_wrapper/hw/design_1_wrapper.xsa
TRACE::2026-02-05.11:18:12::SCWPlatform::DSA directory C:/TFG_Vivado/demo/course_s2_Vitis/01_ps_hello/vitis/design_1_wrapper/hw
TRACE::2026-02-05.11:18:12::SCWPlatform:: Platform Path C:/TFG_Vivado/demo/course_s2_Vitis/01_ps_hello/vitis/design_1_wrapper/hw/design_1_wrapper.xsa
TRACE::2026-02-05.11:18:12::SCWPlatform:: Unique name xilinx:::0.0
TRACE::2026-02-05.11:18:12::SCWPlatform::Trying to set the existing hwdb with name design_1_wrapper_1
TRACE::2026-02-05.11:18:12::SCWPlatform::Opened existing hwdb design_1_wrapper_1
TRACE::2026-02-05.11:18:12::SCWPlatform::Found the Hw Db part of the input DSA
TRACE::2026-02-05.11:18:12::SCWMssOS::Checking the sw design at  C:/TFG_Vivado/demo/course_s2_Vitis/01_ps_hello/vitis/design_1_wrapper/zynqmp_pmufw/zynqmp_pmufw_bsp/system.mss
TRACE::2026-02-05.11:18:12::SCWMssOS::DEBUG:  swdes dump  C:/TFG_Vivado/demo/course_s2_Vitis/01_ps_hello/vitis/design_1_wrapper/zynqmp_fsbl/zynqmp_fsbl_bsp/system.mss|system||
C:/TFG_Vivado/demo/course_s2_Vitis/01_ps_hello/vitis/design_1_wrapper/zynqmp_pmufw/zynqmp_pmufw_bsp/system.mss|system_0||

TRACE::2026-02-05.11:18:12::SCWMssOS::Sw design exists and opened at  C:/TFG_Vivado/demo/course_s2_Vitis/01_ps_hello/vitis/design_1_wrapper/zynqmp_pmufw/zynqmp_pmufw_bsp/system.mss
TRACE::2026-02-05.11:18:12::SCWPlatform::Trying to open the hw design at C:/TFG_Vivado/demo/course_s2_Vitis/01_ps_hello/vitis/design_1_wrapper/hw/design_1_wrapper.xsa
TRACE::2026-02-05.11:18:12::SCWPlatform::DSA given C:/TFG_Vivado/demo/course_s2_Vitis/01_ps_hello/vitis/design_1_wrapper/hw/design_1_wrapper.xsa
TRACE::2026-02-05.11:18:12::SCWPlatform::DSA absoulate path C:/TFG_Vivado/demo/course_s2_Vitis/01_ps_hello/vitis/design_1_wrapper/hw/design_1_wrapper.xsa
TRACE::2026-02-05.11:18:12::SCWPlatform::DSA directory C:/TFG_Vivado/demo/course_s2_Vitis/01_ps_hello/vitis/design_1_wrapper/hw
TRACE::2026-02-05.11:18:12::SCWPlatform:: Platform Path C:/TFG_Vivado/demo/course_s2_Vitis/01_ps_hello/vitis/design_1_wrapper/hw/design_1_wrapper.xsa
TRACE::2026-02-05.11:18:12::SCWPlatform:: Unique name xilinx:::0.0
TRACE::2026-02-05.11:18:12::SCWPlatform::Trying to set the existing hwdb with name design_1_wrapper_1
TRACE::2026-02-05.11:18:12::SCWPlatform::Opened existing hwdb design_1_wrapper_1
TRACE::2026-02-05.11:18:12::SCWPlatform::Found the Hw Db part of the input DSA
TRACE::2026-02-05.11:18:12::SCWMssOS::Checking the sw design at  C:/TFG_Vivado/demo/course_s2_Vitis/01_ps_hello/vitis/design_1_wrapper/zynqmp_pmufw/zynqmp_pmufw_bsp/system.mss
TRACE::2026-02-05.11:18:12::SCWMssOS::DEBUG:  swdes dump  C:/TFG_Vivado/demo/course_s2_Vitis/01_ps_hello/vitis/design_1_wrapper/zynqmp_fsbl/zynqmp_fsbl_bsp/system.mss|system||
C:/TFG_Vivado/demo/course_s2_Vitis/01_ps_hello/vitis/design_1_wrapper/zynqmp_pmufw/zynqmp_pmufw_bsp/system.mss|system_0||

TRACE::2026-02-05.11:18:12::SCWMssOS::Sw design exists and opened at  C:/TFG_Vivado/demo/course_s2_Vitis/01_ps_hello/vitis/design_1_wrapper/zynqmp_pmufw/zynqmp_pmufw_bsp/system.mss
TRACE::2026-02-05.11:18:12::SCWMssOS::Saving the mss changes C:/TFG_Vivado/demo/course_s2_Vitis/01_ps_hello/vitis/design_1_wrapper/zynqmp_pmufw/zynqmp_pmufw_bsp/system.mss
TRACE::2026-02-05.11:18:12::SCWMssOS::Found a swdesign opened with the mssfile.
TRACE::2026-02-05.11:18:12::SCWMssOS::Completed writemss as part of save.
TRACE::2026-02-05.11:18:12::SCWMssOS::Commit changes completed.
TRACE::2026-02-05.11:18:12::SCWReader::Adding prebuilt librarypaths as   
TRACE::2026-02-05.11:18:12::SCWReader::Adding prebuilt incpaths  as   
TRACE::2026-02-05.11:18:12::SCWPlatform::Trying to open the hw design at C:/TFG_Vivado/demo/course_s2_Vitis/01_ps_hello/vitis/design_1_wrapper/hw/design_1_wrapper.xsa
TRACE::2026-02-05.11:18:12::SCWPlatform::DSA given C:/TFG_Vivado/demo/course_s2_Vitis/01_ps_hello/vitis/design_1_wrapper/hw/design_1_wrapper.xsa
TRACE::2026-02-05.11:18:12::SCWPlatform::DSA absoulate path C:/TFG_Vivado/demo/course_s2_Vitis/01_ps_hello/vitis/design_1_wrapper/hw/design_1_wrapper.xsa
TRACE::2026-02-05.11:18:12::SCWPlatform::DSA directory C:/TFG_Vivado/demo/course_s2_Vitis/01_ps_hello/vitis/design_1_wrapper/hw
TRACE::2026-02-05.11:18:12::SCWPlatform:: Platform Path C:/TFG_Vivado/demo/course_s2_Vitis/01_ps_hello/vitis/design_1_wrapper/hw/design_1_wrapper.xsa
TRACE::2026-02-05.11:18:12::SCWPlatform:: Unique name xilinx:::0.0
TRACE::2026-02-05.11:18:12::SCWPlatform::Trying to set the existing hwdb with name design_1_wrapper_1
TRACE::2026-02-05.11:18:12::SCWPlatform::Opened existing hwdb design_1_wrapper_1
TRACE::2026-02-05.11:18:12::SCWPlatform::Found the Hw Db part of the input DSA
TRACE::2026-02-05.11:18:12::SCWMssOS::Checking the sw design at  C:/TFG_Vivado/demo/course_s2_Vitis/01_ps_hello/vitis/design_1_wrapper/zynqmp_pmufw/zynqmp_pmufw_bsp/system.mss
TRACE::2026-02-05.11:18:12::SCWMssOS::DEBUG:  swdes dump  C:/TFG_Vivado/demo/course_s2_Vitis/01_ps_hello/vitis/design_1_wrapper/zynqmp_fsbl/zynqmp_fsbl_bsp/system.mss|system||
C:/TFG_Vivado/demo/course_s2_Vitis/01_ps_hello/vitis/design_1_wrapper/zynqmp_pmufw/zynqmp_pmufw_bsp/system.mss|system_0||

TRACE::2026-02-05.11:18:12::SCWMssOS::Sw design exists and opened at  C:/TFG_Vivado/demo/course_s2_Vitis/01_ps_hello/vitis/design_1_wrapper/zynqmp_pmufw/zynqmp_pmufw_bsp/system.mss
TRACE::2026-02-05.11:18:12::SCWReader::No isolation master present  
TRACE::2026-02-05.11:18:12::SCWDomain::checking for install qemu data   : 
TRACE::2026-02-05.11:18:12::SCWDomain:: Using the QEMU Data from install at  : C:/Xilinx/Vitis/2023.1/data/emulation/platforms/zynqmp/sw/a53_standalone/qemu/
TRACE::2026-02-05.11:18:12::SCWDomain:: Using the QEMU args  from install at  : C:/Xilinx/Vitis/2023.1/data/emulation/platforms/zynqmp/sw/a53_standalone/qemu/qemu_args.txt
TRACE::2026-02-05.11:18:12::SCWDomain:: Using the PMUQEMU args from install at  : C:/Xilinx/Vitis/2023.1/data/emulation/platforms/zynqmp/sw/a53_standalone/qemu/pmu_args.txt
TRACE::2026-02-05.11:18:12::SCWPlatform::Trying to open the hw design at C:/TFG_Vivado/demo/course_s2_Vitis/01_ps_hello/vitis/design_1_wrapper/hw/design_1_wrapper.xsa
TRACE::2026-02-05.11:18:12::SCWPlatform::DSA given C:/TFG_Vivado/demo/course_s2_Vitis/01_ps_hello/vitis/design_1_wrapper/hw/design_1_wrapper.xsa
TRACE::2026-02-05.11:18:12::SCWPlatform::DSA absoulate path C:/TFG_Vivado/demo/course_s2_Vitis/01_ps_hello/vitis/design_1_wrapper/hw/design_1_wrapper.xsa
TRACE::2026-02-05.11:18:12::SCWPlatform::DSA directory C:/TFG_Vivado/demo/course_s2_Vitis/01_ps_hello/vitis/design_1_wrapper/hw
TRACE::2026-02-05.11:18:12::SCWPlatform:: Platform Path C:/TFG_Vivado/demo/course_s2_Vitis/01_ps_hello/vitis/design_1_wrapper/hw/design_1_wrapper.xsa
TRACE::2026-02-05.11:18:12::SCWPlatform:: Unique name xilinx:::0.0
TRACE::2026-02-05.11:18:12::SCWPlatform::Trying to set the existing hwdb with name design_1_wrapper_1
TRACE::2026-02-05.11:18:12::SCWPlatform::Opened existing hwdb design_1_wrapper_1
TRACE::2026-02-05.11:18:12::SCWPlatform::Found the Hw Db part of the input DSA
TRACE::2026-02-05.11:18:12::SCWPlatform::Trying to open the hw design at C:/TFG_Vivado/demo/course_s2_Vitis/01_ps_hello/vitis/design_1_wrapper/hw/design_1_wrapper.xsa
TRACE::2026-02-05.11:18:12::SCWPlatform::DSA given C:/TFG_Vivado/demo/course_s2_Vitis/01_ps_hello/vitis/design_1_wrapper/hw/design_1_wrapper.xsa
TRACE::2026-02-05.11:18:12::SCWPlatform::DSA absoulate path C:/TFG_Vivado/demo/course_s2_Vitis/01_ps_hello/vitis/design_1_wrapper/hw/design_1_wrapper.xsa
TRACE::2026-02-05.11:18:12::SCWPlatform::DSA directory C:/TFG_Vivado/demo/course_s2_Vitis/01_ps_hello/vitis/design_1_wrapper/hw
TRACE::2026-02-05.11:18:12::SCWPlatform:: Platform Path C:/TFG_Vivado/demo/course_s2_Vitis/01_ps_hello/vitis/design_1_wrapper/hw/design_1_wrapper.xsa
TRACE::2026-02-05.11:18:12::SCWPlatform:: Unique name xilinx:::0.0
TRACE::2026-02-05.11:18:12::SCWPlatform::Trying to set the existing hwdb with name design_1_wrapper_1
TRACE::2026-02-05.11:18:12::SCWPlatform::Opened existing hwdb design_1_wrapper_1
TRACE::2026-02-05.11:18:12::SCWPlatform::Found the Hw Db part of the input DSA
TRACE::2026-02-05.11:18:12::SCWPlatform::Trying to open the hw design at C:/TFG_Vivado/demo/course_s2_Vitis/01_ps_hello/vitis/design_1_wrapper/hw/design_1_wrapper.xsa
TRACE::2026-02-05.11:18:12::SCWPlatform::DSA given C:/TFG_Vivado/demo/course_s2_Vitis/01_ps_hello/vitis/design_1_wrapper/hw/design_1_wrapper.xsa
TRACE::2026-02-05.11:18:12::SCWPlatform::DSA absoulate path C:/TFG_Vivado/demo/course_s2_Vitis/01_ps_hello/vitis/design_1_wrapper/hw/design_1_wrapper.xsa
TRACE::2026-02-05.11:18:12::SCWPlatform::DSA directory C:/TFG_Vivado/demo/course_s2_Vitis/01_ps_hello/vitis/design_1_wrapper/hw
TRACE::2026-02-05.11:18:12::SCWPlatform:: Platform Path C:/TFG_Vivado/demo/course_s2_Vitis/01_ps_hello/vitis/design_1_wrapper/hw/design_1_wrapper.xsa
TRACE::2026-02-05.11:18:12::SCWPlatform:: Unique name xilinx:::0.0
TRACE::2026-02-05.11:18:12::SCWPlatform::Trying to set the existing hwdb with name design_1_wrapper_1
TRACE::2026-02-05.11:18:12::SCWPlatform::Opened existing hwdb design_1_wrapper_1
TRACE::2026-02-05.11:18:12::SCWPlatform::Found the Hw Db part of the input DSA
TRACE::2026-02-05.11:18:12::SCWMssOS::Checking the sw design at  C:/TFG_Vivado/demo/course_s2_Vitis/01_ps_hello/vitis/design_1_wrapper/psu_cortexa53_0/standalone_psu_cortexa53_0/bsp/system.mss
TRACE::2026-02-05.11:18:12::SCWMssOS::DEBUG:  swdes dump  C:/TFG_Vivado/demo/course_s2_Vitis/01_ps_hello/vitis/design_1_wrapper/zynqmp_fsbl/zynqmp_fsbl_bsp/system.mss|system||
C:/TFG_Vivado/demo/course_s2_Vitis/01_ps_hello/vitis/design_1_wrapper/zynqmp_pmufw/zynqmp_pmufw_bsp/system.mss|system_0||

TRACE::2026-02-05.11:18:12::SCWMssOS::No sw design opened at  C:/TFG_Vivado/demo/course_s2_Vitis/01_ps_hello/vitis/design_1_wrapper/psu_cortexa53_0/standalone_psu_cortexa53_0/bsp/system.mss
TRACE::2026-02-05.11:18:12::SCWMssOS::mss exists loading the mss file  C:/TFG_Vivado/demo/course_s2_Vitis/01_ps_hello/vitis/design_1_wrapper/psu_cortexa53_0/standalone_psu_cortexa53_0/bsp/system.mss
TRACE::2026-02-05.11:18:12::SCWMssOS::Opened the sw design from mss  C:/TFG_Vivado/demo/course_s2_Vitis/01_ps_hello/vitis/design_1_wrapper/psu_cortexa53_0/standalone_psu_cortexa53_0/bsp/system.mss
TRACE::2026-02-05.11:18:12::SCWMssOS::Adding the swdes entry C:/TFG_Vivado/demo/course_s2_Vitis/01_ps_hello/vitis/design_1_wrapper/psu_cortexa53_0/standalone_psu_cortexa53_0/bsp/system.mss with des name system_1
TRACE::2026-02-05.11:18:12::SCWMssOS::updating the scw layer about changes
TRACE::2026-02-05.11:18:12::SCWMssOS::Opened the sw design.  C:/TFG_Vivado/demo/course_s2_Vitis/01_ps_hello/vitis/design_1_wrapper/psu_cortexa53_0/standalone_psu_cortexa53_0/bsp/system.mss
TRACE::2026-02-05.11:18:12::SCWMssOS::Saving the mss changes C:/TFG_Vivado/demo/course_s2_Vitis/01_ps_hello/vitis/design_1_wrapper/psu_cortexa53_0/standalone_psu_cortexa53_0/bsp/system.mss
TRACE::2026-02-05.11:18:12::SCWMssOS::Found a swdesign opened with the mssfile.
TRACE::2026-02-05.11:18:12::SCWMssOS::Completed writemss as part of save.
TRACE::2026-02-05.11:18:12::SCWMssOS::Commit changes completed.
TRACE::2026-02-05.11:18:12::SCWReader::Adding prebuilt librarypaths as   
TRACE::2026-02-05.11:18:12::SCWReader::Adding prebuilt incpaths  as   
TRACE::2026-02-05.11:18:12::SCWPlatform::Trying to open the hw design at C:/TFG_Vivado/demo/course_s2_Vitis/01_ps_hello/vitis/design_1_wrapper/hw/design_1_wrapper.xsa
TRACE::2026-02-05.11:18:12::SCWPlatform::DSA given C:/TFG_Vivado/demo/course_s2_Vitis/01_ps_hello/vitis/design_1_wrapper/hw/design_1_wrapper.xsa
TRACE::2026-02-05.11:18:12::SCWPlatform::DSA absoulate path C:/TFG_Vivado/demo/course_s2_Vitis/01_ps_hello/vitis/design_1_wrapper/hw/design_1_wrapper.xsa
TRACE::2026-02-05.11:18:12::SCWPlatform::DSA directory C:/TFG_Vivado/demo/course_s2_Vitis/01_ps_hello/vitis/design_1_wrapper/hw
TRACE::2026-02-05.11:18:12::SCWPlatform:: Platform Path C:/TFG_Vivado/demo/course_s2_Vitis/01_ps_hello/vitis/design_1_wrapper/hw/design_1_wrapper.xsa
TRACE::2026-02-05.11:18:12::SCWPlatform:: Unique name xilinx:::0.0
TRACE::2026-02-05.11:18:12::SCWPlatform::Trying to set the existing hwdb with name design_1_wrapper_1
TRACE::2026-02-05.11:18:12::SCWPlatform::Opened existing hwdb design_1_wrapper_1
TRACE::2026-02-05.11:18:12::SCWPlatform::Found the Hw Db part of the input DSA
TRACE::2026-02-05.11:18:12::SCWMssOS::Checking the sw design at  C:/TFG_Vivado/demo/course_s2_Vitis/01_ps_hello/vitis/design_1_wrapper/psu_cortexa53_0/standalone_psu_cortexa53_0/bsp/system.mss
TRACE::2026-02-05.11:18:12::SCWMssOS::DEBUG:  swdes dump  C:/TFG_Vivado/demo/course_s2_Vitis/01_ps_hello/vitis/design_1_wrapper/psu_cortexa53_0/standalone_psu_cortexa53_0/bsp/system.mss|system_1||
C:/TFG_Vivado/demo/course_s2_Vitis/01_ps_hello/vitis/design_1_wrapper/zynqmp_fsbl/zynqmp_fsbl_bsp/system.mss|system||
C:/TFG_Vivado/demo/course_s2_Vitis/01_ps_hello/vitis/design_1_wrapper/zynqmp_pmufw/zynqmp_pmufw_bsp/system.mss|system_0||

TRACE::2026-02-05.11:18:12::SCWMssOS::Sw design exists and opened at  C:/TFG_Vivado/demo/course_s2_Vitis/01_ps_hello/vitis/design_1_wrapper/psu_cortexa53_0/standalone_psu_cortexa53_0/bsp/system.mss
TRACE::2026-02-05.11:18:12::SCWReader::No isolation master present  
TRACE::2026-02-05.11:18:13::SCWPlatform::Trying to open the hw design at C:/TFG_Vivado/demo/course_s2_Vitis/01_ps_hello/vitis/design_1_wrapper/hw/design_1_wrapper.xsa
TRACE::2026-02-05.11:18:13::SCWPlatform::DSA given C:/TFG_Vivado/demo/course_s2_Vitis/01_ps_hello/vitis/design_1_wrapper/hw/design_1_wrapper.xsa
TRACE::2026-02-05.11:18:13::SCWPlatform::DSA absoulate path C:/TFG_Vivado/demo/course_s2_Vitis/01_ps_hello/vitis/design_1_wrapper/hw/design_1_wrapper.xsa
TRACE::2026-02-05.11:18:13::SCWPlatform::DSA directory C:/TFG_Vivado/demo/course_s2_Vitis/01_ps_hello/vitis/design_1_wrapper/hw
TRACE::2026-02-05.11:18:13::SCWPlatform:: Platform Path C:/TFG_Vivado/demo/course_s2_Vitis/01_ps_hello/vitis/design_1_wrapper/hw/design_1_wrapper.xsa
TRACE::2026-02-05.11:18:13::SCWPlatform:: Unique name xilinx:::0.0
TRACE::2026-02-05.11:18:13::SCWPlatform::Trying to set the existing hwdb with name design_1_wrapper_1
TRACE::2026-02-05.11:18:13::SCWPlatform::Opened existing hwdb design_1_wrapper_1
TRACE::2026-02-05.11:18:13::SCWPlatform::Found the Hw Db part of the input DSA
TRACE::2026-02-05.11:18:13::SCWMssOS::Checking the sw design at  C:/TFG_Vivado/demo/course_s2_Vitis/01_ps_hello/vitis/design_1_wrapper/psu_cortexa53_0/standalone_psu_cortexa53_0/bsp/system.mss
TRACE::2026-02-05.11:18:13::SCWMssOS::DEBUG:  swdes dump  C:/TFG_Vivado/demo/course_s2_Vitis/01_ps_hello/vitis/design_1_wrapper/psu_cortexa53_0/standalone_psu_cortexa53_0/bsp/system.mss|system_1||
C:/TFG_Vivado/demo/course_s2_Vitis/01_ps_hello/vitis/design_1_wrapper/zynqmp_fsbl/zynqmp_fsbl_bsp/system.mss|system||
C:/TFG_Vivado/demo/course_s2_Vitis/01_ps_hello/vitis/design_1_wrapper/zynqmp_pmufw/zynqmp_pmufw_bsp/system.mss|system_0||

TRACE::2026-02-05.11:18:13::SCWMssOS::Sw design exists and opened at  C:/TFG_Vivado/demo/course_s2_Vitis/01_ps_hello/vitis/design_1_wrapper/psu_cortexa53_0/standalone_psu_cortexa53_0/bsp/system.mss
TRACE::2026-02-05.11:18:13::SCWMssOS::In reload Mss file.
TRACE::2026-02-05.11:18:13::SCWPlatform::Trying to open the hw design at C:/TFG_Vivado/demo/course_s2_Vitis/01_ps_hello/vitis/design_1_wrapper/hw/design_1_wrapper.xsa
TRACE::2026-02-05.11:18:13::SCWPlatform::DSA given C:/TFG_Vivado/demo/course_s2_Vitis/01_ps_hello/vitis/design_1_wrapper/hw/design_1_wrapper.xsa
TRACE::2026-02-05.11:18:13::SCWPlatform::DSA absoulate path C:/TFG_Vivado/demo/course_s2_Vitis/01_ps_hello/vitis/design_1_wrapper/hw/design_1_wrapper.xsa
TRACE::2026-02-05.11:18:13::SCWPlatform::DSA directory C:/TFG_Vivado/demo/course_s2_Vitis/01_ps_hello/vitis/design_1_wrapper/hw
TRACE::2026-02-05.11:18:13::SCWPlatform:: Platform Path C:/TFG_Vivado/demo/course_s2_Vitis/01_ps_hello/vitis/design_1_wrapper/hw/design_1_wrapper.xsa
TRACE::2026-02-05.11:18:13::SCWPlatform:: Unique name xilinx:::0.0
TRACE::2026-02-05.11:18:13::SCWPlatform::Trying to set the existing hwdb with name design_1_wrapper_1
TRACE::2026-02-05.11:18:13::SCWPlatform::Opened existing hwdb design_1_wrapper_1
TRACE::2026-02-05.11:18:13::SCWPlatform::Found the Hw Db part of the input DSA
TRACE::2026-02-05.11:18:13::SCWMssOS::Checking the sw design at  C:/TFG_Vivado/demo/course_s2_Vitis/01_ps_hello/vitis/design_1_wrapper/psu_cortexa53_0/standalone_psu_cortexa53_0/bsp/system.mss
TRACE::2026-02-05.11:18:13::SCWMssOS::DEBUG:  swdes dump  C:/TFG_Vivado/demo/course_s2_Vitis/01_ps_hello/vitis/design_1_wrapper/zynqmp_fsbl/zynqmp_fsbl_bsp/system.mss|system||
C:/TFG_Vivado/demo/course_s2_Vitis/01_ps_hello/vitis/design_1_wrapper/zynqmp_pmufw/zynqmp_pmufw_bsp/system.mss|system_0||

TRACE::2026-02-05.11:18:13::SCWMssOS::No sw design opened at  C:/TFG_Vivado/demo/course_s2_Vitis/01_ps_hello/vitis/design_1_wrapper/psu_cortexa53_0/standalone_psu_cortexa53_0/bsp/system.mss
TRACE::2026-02-05.11:18:13::SCWMssOS::mss exists loading the mss file  C:/TFG_Vivado/demo/course_s2_Vitis/01_ps_hello/vitis/design_1_wrapper/psu_cortexa53_0/standalone_psu_cortexa53_0/bsp/system.mss
TRACE::2026-02-05.11:18:13::SCWMssOS::Opened the sw design from mss  C:/TFG_Vivado/demo/course_s2_Vitis/01_ps_hello/vitis/design_1_wrapper/psu_cortexa53_0/standalone_psu_cortexa53_0/bsp/system.mss
TRACE::2026-02-05.11:18:13::SCWMssOS::Adding the swdes entry C:/TFG_Vivado/demo/course_s2_Vitis/01_ps_hello/vitis/design_1_wrapper/psu_cortexa53_0/standalone_psu_cortexa53_0/bsp/system.mss with des name system_1
TRACE::2026-02-05.11:18:13::SCWMssOS::updating the scw layer about changes
TRACE::2026-02-05.11:18:13::SCWMssOS::Opened the sw design.  C:/TFG_Vivado/demo/course_s2_Vitis/01_ps_hello/vitis/design_1_wrapper/psu_cortexa53_0/standalone_psu_cortexa53_0/bsp/system.mss
TRACE::2026-02-05.11:18:13::SCWMssOS::Saving the mss changes C:/TFG_Vivado/demo/course_s2_Vitis/01_ps_hello/vitis/design_1_wrapper/psu_cortexa53_0/standalone_psu_cortexa53_0/bsp/system.mss
TRACE::2026-02-05.11:18:13::SCWMssOS::Found a swdesign opened with the mssfile.
TRACE::2026-02-05.11:18:13::SCWMssOS::Completed writemss as part of save.
TRACE::2026-02-05.11:18:13::SCWMssOS::Commit changes completed.
TRACE::2026-02-05.11:18:13::SCWPlatform::Trying to open the hw design at C:/TFG_Vivado/demo/course_s2_Vitis/01_ps_hello/vitis/design_1_wrapper/hw/design_1_wrapper.xsa
TRACE::2026-02-05.11:18:13::SCWPlatform::DSA given C:/TFG_Vivado/demo/course_s2_Vitis/01_ps_hello/vitis/design_1_wrapper/hw/design_1_wrapper.xsa
TRACE::2026-02-05.11:18:13::SCWPlatform::DSA absoulate path C:/TFG_Vivado/demo/course_s2_Vitis/01_ps_hello/vitis/design_1_wrapper/hw/design_1_wrapper.xsa
TRACE::2026-02-05.11:18:13::SCWPlatform::DSA directory C:/TFG_Vivado/demo/course_s2_Vitis/01_ps_hello/vitis/design_1_wrapper/hw
TRACE::2026-02-05.11:18:13::SCWPlatform:: Platform Path C:/TFG_Vivado/demo/course_s2_Vitis/01_ps_hello/vitis/design_1_wrapper/hw/design_1_wrapper.xsa
TRACE::2026-02-05.11:18:13::SCWPlatform:: Unique name xilinx:::0.0
TRACE::2026-02-05.11:18:13::SCWPlatform::Trying to set the existing hwdb with name design_1_wrapper_1
TRACE::2026-02-05.11:18:13::SCWPlatform::Opened existing hwdb design_1_wrapper_1
TRACE::2026-02-05.11:18:13::SCWPlatform::Found the Hw Db part of the input DSA
TRACE::2026-02-05.11:18:13::SCWMssOS::Checking the sw design at  C:/TFG_Vivado/demo/course_s2_Vitis/01_ps_hello/vitis/design_1_wrapper/psu_cortexa53_0/standalone_psu_cortexa53_0/bsp/system.mss
TRACE::2026-02-05.11:18:13::SCWMssOS::DEBUG:  swdes dump  C:/TFG_Vivado/demo/course_s2_Vitis/01_ps_hello/vitis/design_1_wrapper/psu_cortexa53_0/standalone_psu_cortexa53_0/bsp/system.mss|system_1||
C:/TFG_Vivado/demo/course_s2_Vitis/01_ps_hello/vitis/design_1_wrapper/zynqmp_fsbl/zynqmp_fsbl_bsp/system.mss|system||
C:/TFG_Vivado/demo/course_s2_Vitis/01_ps_hello/vitis/design_1_wrapper/zynqmp_pmufw/zynqmp_pmufw_bsp/system.mss|system_0||

TRACE::2026-02-05.11:18:13::SCWMssOS::Sw design exists and opened at  C:/TFG_Vivado/demo/course_s2_Vitis/01_ps_hello/vitis/design_1_wrapper/psu_cortexa53_0/standalone_psu_cortexa53_0/bsp/system.mss
TRACE::2026-02-05.11:18:13::SCWMssOS::Removing the swdes entry for  C:/TFG_Vivado/demo/course_s2_Vitis/01_ps_hello/vitis/design_1_wrapper/psu_cortexa53_0/standalone_psu_cortexa53_0/bsp/system.mss
LOG::2026-02-05.11:20:24::SCWPlatform::Started generating the artifacts platform design_1_wrapper
TRACE::2026-02-05.11:20:24::SCWPlatform::Sanity checking of platform is completed
LOG::2026-02-05.11:20:24::SCWPlatform::Started generating the artifacts for system configuration design_1_wrapper
LOG::2026-02-05.11:20:24::SCWSystem::Checking the domain zynqmp_fsbl
LOG::2026-02-05.11:20:24::SCWSystem::Doing application build for :  zynqmp_fsbl
TRACE::2026-02-05.11:20:24::SCWBDomain::Not a forced makefile updation, No changes are present. 
TRACE::2026-02-05.11:20:24::SCWDomain::Skipping the build for domain :  zynqmp_fsbl
LOG::2026-02-05.11:20:24::SCWSystem::Checking the domain zynqmp_pmufw
LOG::2026-02-05.11:20:24::SCWSystem::Doing application build for :  zynqmp_pmufw
TRACE::2026-02-05.11:20:24::SCWBDomain::Not a forced makefile updation, No changes are present. 
TRACE::2026-02-05.11:20:24::SCWDomain::Skipping the build for domain :  zynqmp_pmufw
LOG::2026-02-05.11:20:24::SCWSystem::Checking the domain standalone_psu_cortexa53_0
LOG::2026-02-05.11:20:24::SCWSystem::Not a boot domain 
LOG::2026-02-05.11:20:24::SCWSystem::Started Processing the domain standalone_psu_cortexa53_0
TRACE::2026-02-05.11:20:24::SCWDomain::Generating domain artifcats
TRACE::2026-02-05.11:20:24::SCWMssOS::Generating standalone artifcats
TRACE::2026-02-05.11:20:24::SCWMssOS::Copying the qemu file from  C:/TFG_Vivado/demo/course_s2_Vitis/01_ps_hello/vitis/design_1_wrapper/resources/design_1_wrapper/standalone_psu_cortexa53_0/qemu_args.txt To C:/TFG_Vivado/demo/course_s2_Vitis/01_ps_hello/vitis/design_1_wrapper/export/design_1_wrapper/sw/design_1_wrapper/qemu/
TRACE::2026-02-05.11:20:24::SCWMssOS::Copying the qemu file from  C:/TFG_Vivado/demo/course_s2_Vitis/01_ps_hello/vitis/design_1_wrapper/resources/design_1_wrapper/standalone_psu_cortexa53_0/qemu_args.txt To C:/TFG_Vivado/demo/course_s2_Vitis/01_ps_hello/vitis/design_1_wrapper/export/design_1_wrapper/sw/design_1_wrapper/qemu/
TRACE::2026-02-05.11:20:24::SCWMssOS::Copying the qemu file from  C:/TFG_Vivado/demo/course_s2_Vitis/01_ps_hello/vitis/design_1_wrapper/resources/design_1_wrapper/standalone_psu_cortexa53_0/qemu_args.txt To C:/TFG_Vivado/demo/course_s2_Vitis/01_ps_hello/vitis/design_1_wrapper/export/design_1_wrapper/sw/design_1_wrapper/standalone_psu_cortexa53_0/qemu/
TRACE::2026-02-05.11:20:24::SCWMssOS::Copying the qemu file from  C:/TFG_Vivado/demo/course_s2_Vitis/01_ps_hello/vitis/design_1_wrapper/resources/design_1_wrapper/standalone_psu_cortexa53_0/qemu_args.txt To C:/TFG_Vivado/demo/course_s2_Vitis/01_ps_hello/vitis/design_1_wrapper/export/design_1_wrapper/sw/design_1_wrapper/standalone_psu_cortexa53_0/qemu/
TRACE::2026-02-05.11:20:24::SCWMssOS:: Copying the user libraries. 
TRACE::2026-02-05.11:20:24::SCWPlatform::Trying to open the hw design at C:/TFG_Vivado/demo/course_s2_Vitis/01_ps_hello/vitis/design_1_wrapper/hw/design_1_wrapper.xsa
TRACE::2026-02-05.11:20:24::SCWPlatform::DSA given C:/TFG_Vivado/demo/course_s2_Vitis/01_ps_hello/vitis/design_1_wrapper/hw/design_1_wrapper.xsa
TRACE::2026-02-05.11:20:24::SCWPlatform::DSA absoulate path C:/TFG_Vivado/demo/course_s2_Vitis/01_ps_hello/vitis/design_1_wrapper/hw/design_1_wrapper.xsa
TRACE::2026-02-05.11:20:24::SCWPlatform::DSA directory C:/TFG_Vivado/demo/course_s2_Vitis/01_ps_hello/vitis/design_1_wrapper/hw
TRACE::2026-02-05.11:20:24::SCWPlatform:: Platform Path C:/TFG_Vivado/demo/course_s2_Vitis/01_ps_hello/vitis/design_1_wrapper/hw/design_1_wrapper.xsa
TRACE::2026-02-05.11:20:24::SCWPlatform:: Unique name xilinx:::0.0
TRACE::2026-02-05.11:20:24::SCWPlatform::Trying to set the existing hwdb with name design_1_wrapper_1
TRACE::2026-02-05.11:20:24::SCWPlatform::Opened existing hwdb design_1_wrapper_1
TRACE::2026-02-05.11:20:24::SCWPlatform::Found the Hw Db part of the input DSA
TRACE::2026-02-05.11:20:24::SCWMssOS::Checking the sw design at  C:/TFG_Vivado/demo/course_s2_Vitis/01_ps_hello/vitis/design_1_wrapper/psu_cortexa53_0/standalone_psu_cortexa53_0/bsp/system.mss
TRACE::2026-02-05.11:20:24::SCWMssOS::DEBUG:  swdes dump  C:/TFG_Vivado/demo/course_s2_Vitis/01_ps_hello/vitis/design_1_wrapper/zynqmp_fsbl/zynqmp_fsbl_bsp/system.mss|system||
C:/TFG_Vivado/demo/course_s2_Vitis/01_ps_hello/vitis/design_1_wrapper/zynqmp_pmufw/zynqmp_pmufw_bsp/system.mss|system_0||

TRACE::2026-02-05.11:20:24::SCWMssOS::No sw design opened at  C:/TFG_Vivado/demo/course_s2_Vitis/01_ps_hello/vitis/design_1_wrapper/psu_cortexa53_0/standalone_psu_cortexa53_0/bsp/system.mss
TRACE::2026-02-05.11:20:24::SCWMssOS::mss exists loading the mss file  C:/TFG_Vivado/demo/course_s2_Vitis/01_ps_hello/vitis/design_1_wrapper/psu_cortexa53_0/standalone_psu_cortexa53_0/bsp/system.mss
TRACE::2026-02-05.11:20:24::SCWMssOS::Opened the sw design from mss  C:/TFG_Vivado/demo/course_s2_Vitis/01_ps_hello/vitis/design_1_wrapper/psu_cortexa53_0/standalone_psu_cortexa53_0/bsp/system.mss
TRACE::2026-02-05.11:20:24::SCWMssOS::Adding the swdes entry C:/TFG_Vivado/demo/course_s2_Vitis/01_ps_hello/vitis/design_1_wrapper/psu_cortexa53_0/standalone_psu_cortexa53_0/bsp/system.mss with des name system_1
TRACE::2026-02-05.11:20:24::SCWMssOS::updating the scw layer about changes
TRACE::2026-02-05.11:20:24::SCWMssOS::Opened the sw design.  C:/TFG_Vivado/demo/course_s2_Vitis/01_ps_hello/vitis/design_1_wrapper/psu_cortexa53_0/standalone_psu_cortexa53_0/bsp/system.mss
TRACE::2026-02-05.11:20:24::SCWMssOS::Completed writing the mss file at C:/TFG_Vivado/demo/course_s2_Vitis/01_ps_hello/vitis/design_1_wrapper/psu_cortexa53_0/standalone_psu_cortexa53_0/bsp
TRACE::2026-02-05.11:20:24::SCWMssOS::Mss edits present, copying mssfile into export location C:/TFG_Vivado/demo/course_s2_Vitis/01_ps_hello/vitis/design_1_wrapper/psu_cortexa53_0/standalone_psu_cortexa53_0/bsp/system.mss
TRACE::2026-02-05.11:20:24::SCWMssOS::bsp generated is upto date with the mss file. Skipping bsp generation.
TRACE::2026-02-05.11:20:24::SCWMssOS::BSP is already built. skipping the bsp build ... 
TRACE::2026-02-05.11:20:24::SCWDomain::Skipping the build for domain :  standalone_psu_cortexa53_0
TRACE::2026-02-05.11:20:24::SCWMssOS::skipping the bsp build ... 
TRACE::2026-02-05.11:20:24::SCWMssOS::Copying to export directory.
TRACE::2026-02-05.11:20:24::SCWMssOS:: Checking if to create the Supporting Applications
TRACE::2026-02-05.11:20:24::SCWMssOS:: No Linux domain exists, trying to generate FSBL 
LOG::2026-02-05.11:20:24::SCWSystem::Completed Processing the domain standalone_psu_cortexa53_0
LOG::2026-02-05.11:20:24::SCWSystem::Completed Processing the sysconfig design_1_wrapper
LOG::2026-02-05.11:20:24::SCWPlatform::Completed generating the artifacts for system configuration design_1_wrapper
TRACE::2026-02-05.11:20:24::SCWPlatform::Started preparing the platform 
TRACE::2026-02-05.11:20:24::SCWSystem::Writing the bif file for system config design_1_wrapper
TRACE::2026-02-05.11:20:24::SCWSystem::dir created 
TRACE::2026-02-05.11:20:24::SCWSystem::Writing the bif 
TRACE::2026-02-05.11:20:24::SCWPlatform::Started writing the spfm file 
TRACE::2026-02-05.11:20:24::SCWPlatform::Started writing the xpfm file 
TRACE::2026-02-05.11:20:24::SCWPlatform::Completed generating the platform
TRACE::2026-02-05.11:20:24::SCWMssOS::Saving the mss changes C:/TFG_Vivado/demo/course_s2_Vitis/01_ps_hello/vitis/design_1_wrapper/zynqmp_fsbl/zynqmp_fsbl_bsp/system.mss
TRACE::2026-02-05.11:20:24::SCWMssOS::Found a swdesign opened with the mssfile.
TRACE::2026-02-05.11:20:24::SCWMssOS::Completed writemss as part of save.
TRACE::2026-02-05.11:20:24::SCWMssOS::Commit changes completed.
TRACE::2026-02-05.11:20:24::SCWMssOS::Saving the mss changes C:/TFG_Vivado/demo/course_s2_Vitis/01_ps_hello/vitis/design_1_wrapper/zynqmp_pmufw/zynqmp_pmufw_bsp/system.mss
TRACE::2026-02-05.11:20:24::SCWMssOS::Found a swdesign opened with the mssfile.
TRACE::2026-02-05.11:20:24::SCWMssOS::Completed writemss as part of save.
TRACE::2026-02-05.11:20:24::SCWMssOS::Commit changes completed.
TRACE::2026-02-05.11:20:24::SCWMssOS::Saving the mss changes C:/TFG_Vivado/demo/course_s2_Vitis/01_ps_hello/vitis/design_1_wrapper/psu_cortexa53_0/standalone_psu_cortexa53_0/bsp/system.mss
TRACE::2026-02-05.11:20:24::SCWMssOS::Found a swdesign opened with the mssfile.
TRACE::2026-02-05.11:20:24::SCWMssOS::Completed writemss as part of save.
TRACE::2026-02-05.11:20:24::SCWMssOS::Commit changes completed.
TRACE::2026-02-05.11:20:24::SCWPlatform::Trying to open the hw design at C:/TFG_Vivado/demo/course_s2_Vitis/01_ps_hello/vitis/design_1_wrapper/hw/design_1_wrapper.xsa
TRACE::2026-02-05.11:20:24::SCWPlatform::DSA given C:/TFG_Vivado/demo/course_s2_Vitis/01_ps_hello/vitis/design_1_wrapper/hw/design_1_wrapper.xsa
TRACE::2026-02-05.11:20:24::SCWPlatform::DSA absoulate path C:/TFG_Vivado/demo/course_s2_Vitis/01_ps_hello/vitis/design_1_wrapper/hw/design_1_wrapper.xsa
TRACE::2026-02-05.11:20:24::SCWPlatform::DSA directory C:/TFG_Vivado/demo/course_s2_Vitis/01_ps_hello/vitis/design_1_wrapper/hw
TRACE::2026-02-05.11:20:24::SCWPlatform:: Platform Path C:/TFG_Vivado/demo/course_s2_Vitis/01_ps_hello/vitis/design_1_wrapper/hw/design_1_wrapper.xsa
TRACE::2026-02-05.11:20:24::SCWPlatform:: Unique name xilinx:::0.0
TRACE::2026-02-05.11:20:24::SCWPlatform::Trying to set the existing hwdb with name design_1_wrapper_1
TRACE::2026-02-05.11:20:24::SCWPlatform::Opened existing hwdb design_1_wrapper_1
TRACE::2026-02-05.11:20:24::SCWPlatform::Found the Hw Db part of the input DSA
TRACE::2026-02-05.11:20:24::SCWMssOS::Checking the sw design at  C:/TFG_Vivado/demo/course_s2_Vitis/01_ps_hello/vitis/design_1_wrapper/zynqmp_fsbl/zynqmp_fsbl_bsp/system.mss
TRACE::2026-02-05.11:20:24::SCWMssOS::DEBUG:  swdes dump  C:/TFG_Vivado/demo/course_s2_Vitis/01_ps_hello/vitis/design_1_wrapper/psu_cortexa53_0/standalone_psu_cortexa53_0/bsp/system.mss|system_1||
C:/TFG_Vivado/demo/course_s2_Vitis/01_ps_hello/vitis/design_1_wrapper/zynqmp_fsbl/zynqmp_fsbl_bsp/system.mss|system||
C:/TFG_Vivado/demo/course_s2_Vitis/01_ps_hello/vitis/design_1_wrapper/zynqmp_pmufw/zynqmp_pmufw_bsp/system.mss|system_0||

TRACE::2026-02-05.11:20:24::SCWMssOS::Sw design exists and opened at  C:/TFG_Vivado/demo/course_s2_Vitis/01_ps_hello/vitis/design_1_wrapper/zynqmp_fsbl/zynqmp_fsbl_bsp/system.mss
TRACE::2026-02-05.11:20:24::SCWPlatform::Trying to open the hw design at C:/TFG_Vivado/demo/course_s2_Vitis/01_ps_hello/vitis/design_1_wrapper/hw/design_1_wrapper.xsa
TRACE::2026-02-05.11:20:24::SCWPlatform::DSA given C:/TFG_Vivado/demo/course_s2_Vitis/01_ps_hello/vitis/design_1_wrapper/hw/design_1_wrapper.xsa
TRACE::2026-02-05.11:20:24::SCWPlatform::DSA absoulate path C:/TFG_Vivado/demo/course_s2_Vitis/01_ps_hello/vitis/design_1_wrapper/hw/design_1_wrapper.xsa
TRACE::2026-02-05.11:20:24::SCWPlatform::DSA directory C:/TFG_Vivado/demo/course_s2_Vitis/01_ps_hello/vitis/design_1_wrapper/hw
TRACE::2026-02-05.11:20:24::SCWPlatform:: Platform Path C:/TFG_Vivado/demo/course_s2_Vitis/01_ps_hello/vitis/design_1_wrapper/hw/design_1_wrapper.xsa
TRACE::2026-02-05.11:20:24::SCWPlatform:: Unique name xilinx:::0.0
TRACE::2026-02-05.11:20:24::SCWPlatform::Trying to set the existing hwdb with name design_1_wrapper_1
TRACE::2026-02-05.11:20:24::SCWPlatform::Opened existing hwdb design_1_wrapper_1
TRACE::2026-02-05.11:20:24::SCWPlatform::Found the Hw Db part of the input DSA
TRACE::2026-02-05.11:20:24::SCWMssOS::Checking the sw design at  C:/TFG_Vivado/demo/course_s2_Vitis/01_ps_hello/vitis/design_1_wrapper/zynqmp_pmufw/zynqmp_pmufw_bsp/system.mss
TRACE::2026-02-05.11:20:24::SCWMssOS::DEBUG:  swdes dump  C:/TFG_Vivado/demo/course_s2_Vitis/01_ps_hello/vitis/design_1_wrapper/psu_cortexa53_0/standalone_psu_cortexa53_0/bsp/system.mss|system_1||
C:/TFG_Vivado/demo/course_s2_Vitis/01_ps_hello/vitis/design_1_wrapper/zynqmp_fsbl/zynqmp_fsbl_bsp/system.mss|system||
C:/TFG_Vivado/demo/course_s2_Vitis/01_ps_hello/vitis/design_1_wrapper/zynqmp_pmufw/zynqmp_pmufw_bsp/system.mss|system_0||

TRACE::2026-02-05.11:20:24::SCWMssOS::Sw design exists and opened at  C:/TFG_Vivado/demo/course_s2_Vitis/01_ps_hello/vitis/design_1_wrapper/zynqmp_pmufw/zynqmp_pmufw_bsp/system.mss
TRACE::2026-02-05.11:20:24::SCWPlatform::Trying to open the hw design at C:/TFG_Vivado/demo/course_s2_Vitis/01_ps_hello/vitis/design_1_wrapper/hw/design_1_wrapper.xsa
TRACE::2026-02-05.11:20:24::SCWPlatform::DSA given C:/TFG_Vivado/demo/course_s2_Vitis/01_ps_hello/vitis/design_1_wrapper/hw/design_1_wrapper.xsa
TRACE::2026-02-05.11:20:24::SCWPlatform::DSA absoulate path C:/TFG_Vivado/demo/course_s2_Vitis/01_ps_hello/vitis/design_1_wrapper/hw/design_1_wrapper.xsa
TRACE::2026-02-05.11:20:24::SCWPlatform::DSA directory C:/TFG_Vivado/demo/course_s2_Vitis/01_ps_hello/vitis/design_1_wrapper/hw
TRACE::2026-02-05.11:20:24::SCWPlatform:: Platform Path C:/TFG_Vivado/demo/course_s2_Vitis/01_ps_hello/vitis/design_1_wrapper/hw/design_1_wrapper.xsa
TRACE::2026-02-05.11:20:24::SCWPlatform:: Unique name xilinx:::0.0
TRACE::2026-02-05.11:20:24::SCWPlatform::Trying to set the existing hwdb with name design_1_wrapper_1
TRACE::2026-02-05.11:20:24::SCWPlatform::Opened existing hwdb design_1_wrapper_1
TRACE::2026-02-05.11:20:24::SCWPlatform::Found the Hw Db part of the input DSA
TRACE::2026-02-05.11:20:24::SCWMssOS::Checking the sw design at  C:/TFG_Vivado/demo/course_s2_Vitis/01_ps_hello/vitis/design_1_wrapper/psu_cortexa53_0/standalone_psu_cortexa53_0/bsp/system.mss
TRACE::2026-02-05.11:20:24::SCWMssOS::DEBUG:  swdes dump  C:/TFG_Vivado/demo/course_s2_Vitis/01_ps_hello/vitis/design_1_wrapper/psu_cortexa53_0/standalone_psu_cortexa53_0/bsp/system.mss|system_1||
C:/TFG_Vivado/demo/course_s2_Vitis/01_ps_hello/vitis/design_1_wrapper/zynqmp_fsbl/zynqmp_fsbl_bsp/system.mss|system||
C:/TFG_Vivado/demo/course_s2_Vitis/01_ps_hello/vitis/design_1_wrapper/zynqmp_pmufw/zynqmp_pmufw_bsp/system.mss|system_0||

TRACE::2026-02-05.11:20:24::SCWMssOS::Sw design exists and opened at  C:/TFG_Vivado/demo/course_s2_Vitis/01_ps_hello/vitis/design_1_wrapper/psu_cortexa53_0/standalone_psu_cortexa53_0/bsp/system.mss
TRACE::2026-02-05.11:20:24::SCWWriter::formatted JSON is {
	"platformName":	"design_1_wrapper",
	"sprVersion":	"2.0",
	"mode":	"gui",
	"dsaType":	"Fixed",
	"platformDesc":	"design_1_wrapper",
	"platHandOff":	"<platformDir>.xsa",
	"platIntHandOff":	"<platformDir>/hw/design_1_wrapper.xsa",
	"deviceType":	"zynqMP",
	"platIsPrebuiltAutogen":	"false",
	"platIsNoBootBsp":	"false",
	"platFsblTarget":	"psu_cortexa53_0",
	"hasFsblMakeHasChanges":	"false",
	"hasPmufwMakeHasChanges":	"false",
	"fsblExtraCompilerFlags":	"-MMD -MP      -Wall -fmessage-length=0 -DARMA53_64 -Os -flto -ffat-lto-objects  ",
	"pmufwExtraCompilerFlags":	"-MMD -MP      -mlittle-endian -mxl-barrel-shift -mxl-pattern-compare -mcpu=v9.2 -mxl-soft-mul -Os -flto -ffat-lto-objects  ",
	"platPreBuiltFlag":	false,
	"platformSamplesDir":	"",
	"platActiveSys":	"design_1_wrapper",
	"systems":	[{
			"systemName":	"design_1_wrapper",
			"systemDesc":	"design_1_wrapper",
			"sysIsBootAutoGen":	"true",
			"systemDispName":	"design_1_wrapper",
			"sysActiveDom":	"standalone_psu_cortexa53_0",
			"sysDefaultDom":	"standalone_psu_cortexa53_0",
			"domains":	[{
					"domainName":	"zynqmp_fsbl",
					"domainDispName":	"zynqmp_fsbl",
					"domainDesc":	"FSBL Application BSP - Auto Generated.",
					"processors":	"psu_cortexa53_0",
					"os":	"standalone",
					"sdxOs":	"standalone",
					"debugEnable":	"",
					"domRuntimes":	["cpp"],
					"swRepo":	"",
					"mssOsVer":	"8.1",
					"mssFile":	"",
					"md5Digest":	"50ffef4a883d3ea676765d60b786a6e4",
					"compatibleApp":	"zynqmp_fsbl",
					"domType":	"bootDomain",
					"arch":	"64-bit",
					"appSettings":	{
						"appCompilerFlags":	"",
						"appLinkerFlags":	""
					},
					"addedLibs":	["xilffs:5.0", "xilsecure:5.1", "xilpm:5.0"],
					"libOptions":	{
						"standalone":	{
							"zynqmp_fsbl_bsp":	"true",
							"libOptionNames":	["zynqmp_fsbl_bsp"]
						},
						"xilffs":	{
							"read_only":	"true",
							"use_mkfs":	"false",
							"libOptionNames":	["read_only", "use_mkfs"]
						},
						"xilsecure":	{
							"tpm_support":	"true",
							"libOptionNames":	["tpm_support"]
						},
						"libsContainingOptions":	["standalone", "xilffs", "xilsecure"]
					},
					"prebuiltLibs":	{
						"prebuiltIncPath":	[],
						"prebuiltLibPath":	[]
					},
					"isolation":	{
					}
				}, {
					"domainName":	"zynqmp_pmufw",
					"domainDispName":	"zynqmp_pmufw",
					"domainDesc":	"PMUFW Application BSP - Auto Generated.",
					"processors":	"psu_pmu_0",
					"os":	"standalone",
					"sdxOs":	"standalone",
					"debugEnable":	"",
					"domRuntimes":	["cpp"],
					"swRepo":	"",
					"mssOsVer":	"8.1",
					"mssFile":	"",
					"md5Digest":	"f53f944c509d63eeaedc429f0d902726",
					"compatibleApp":	"zynqmp_pmufw",
					"domType":	"bootDomain",
					"arch":	"32-bit",
					"appSettings":	{
						"appCompilerFlags":	"",
						"appLinkerFlags":	""
					},
					"addedLibs":	["xilfpga:6.4", "xilsecure:5.1", "xilskey:7.4"],
					"libOptions":	{
						"psu_pmu_0":	{
							"extra_compiler_flags":	"-g -ffunction-sections -fdata-sections -Wall -Wextra -fno-tree-loop-distribute-patterns  -Os -flto -ffat-lto-objects",
							"libOptionNames":	["extra_compiler_flags"]
						},
						"libsContainingOptions":	["psu_pmu_0"]
					},
					"prebuiltLibs":	{
						"prebuiltIncPath":	[],
						"prebuiltLibPath":	[]
					},
					"isolation":	{
					}
				}, {
					"domainName":	"standalone_psu_cortexa53_0",
					"domainDispName":	"standalone_psu_cortexa53_0",
					"domainDesc":	"standalone_psu_cortexa53_0",
					"processors":	"psu_cortexa53_0",
					"os":	"standalone",
					"sdxOs":	"standalone",
					"qemuArgs":	"<platformDir>/resources/design_1_wrapper/standalone_psu_cortexa53_0/qemu_args.txt",
					"qemuData":	"<platformDir>/resources/design_1_wrapper/standalone_psu_cortexa53_0/qemu",
					"pmuQemuArgs":	"<platformDir>/resources/design_1_wrapper/standalone_psu_cortexa53_0/pmu_args.txt",
					"debugEnable":	"False",
					"domRuntimes":	["cpp"],
					"swRepo":	"",
					"mssOsVer":	"8.1",
					"mssFile":	"",
					"md5Digest":	"7824a2544f94f615c7699fb2e7b9fe4e",
					"compatibleApp":	"",
					"domType":	"mssDomain",
					"arch":	"64-bit",
					"appSettings":	{
						"appCompilerFlags":	"",
						"appLinkerFlags":	""
					},
					"addedLibs":	[],
					"libOptions":	{
						"libsContainingOptions":	[]
					},
					"prebuiltLibs":	{
						"prebuiltIncPath":	[],
						"prebuiltLibPath":	[]
					},
					"isolation":	{
					}
				}]
		}]
}
KEYINFO::2026-02-05.11:20:24::SCWPlatform::updated the xpfm file.
TRACE::2026-02-05.11:20:24::SCWPlatform::Trying to open the hw design at C:/TFG_Vivado/demo/course_s2_Vitis/01_ps_hello/vitis/design_1_wrapper/hw/design_1_wrapper.xsa
TRACE::2026-02-05.11:20:24::SCWPlatform::DSA given C:/TFG_Vivado/demo/course_s2_Vitis/01_ps_hello/vitis/design_1_wrapper/hw/design_1_wrapper.xsa
TRACE::2026-02-05.11:20:24::SCWPlatform::DSA absoulate path C:/TFG_Vivado/demo/course_s2_Vitis/01_ps_hello/vitis/design_1_wrapper/hw/design_1_wrapper.xsa
TRACE::2026-02-05.11:20:24::SCWPlatform::DSA directory C:/TFG_Vivado/demo/course_s2_Vitis/01_ps_hello/vitis/design_1_wrapper/hw
TRACE::2026-02-05.11:20:24::SCWPlatform:: Platform Path C:/TFG_Vivado/demo/course_s2_Vitis/01_ps_hello/vitis/design_1_wrapper/hw/design_1_wrapper.xsa
TRACE::2026-02-05.11:20:24::SCWPlatform:: Unique name xilinx:::0.0
TRACE::2026-02-05.11:20:24::SCWPlatform::Trying to set the existing hwdb with name design_1_wrapper_1
TRACE::2026-02-05.11:20:24::SCWPlatform::Opened existing hwdb design_1_wrapper_1
TRACE::2026-02-05.11:20:24::SCWPlatform::Found the Hw Db part of the input DSA
TRACE::2026-02-05.11:20:24::SCWMssOS::Checking the sw design at  C:/TFG_Vivado/demo/course_s2_Vitis/01_ps_hello/vitis/design_1_wrapper/psu_cortexa53_0/standalone_psu_cortexa53_0/bsp/system.mss
TRACE::2026-02-05.11:20:24::SCWMssOS::DEBUG:  swdes dump  C:/TFG_Vivado/demo/course_s2_Vitis/01_ps_hello/vitis/design_1_wrapper/psu_cortexa53_0/standalone_psu_cortexa53_0/bsp/system.mss|system_1||
C:/TFG_Vivado/demo/course_s2_Vitis/01_ps_hello/vitis/design_1_wrapper/zynqmp_fsbl/zynqmp_fsbl_bsp/system.mss|system||
C:/TFG_Vivado/demo/course_s2_Vitis/01_ps_hello/vitis/design_1_wrapper/zynqmp_pmufw/zynqmp_pmufw_bsp/system.mss|system_0||

TRACE::2026-02-05.11:20:24::SCWMssOS::Sw design exists and opened at  C:/TFG_Vivado/demo/course_s2_Vitis/01_ps_hello/vitis/design_1_wrapper/psu_cortexa53_0/standalone_psu_cortexa53_0/bsp/system.mss
LOG::2026-02-05.19:50:02::SCWPlatform::Started generating the artifacts platform design_1_wrapper
TRACE::2026-02-05.19:50:02::SCWPlatform::Sanity checking of platform is completed
LOG::2026-02-05.19:50:03::SCWPlatform::Started generating the artifacts for system configuration design_1_wrapper
LOG::2026-02-05.19:50:03::SCWSystem::Checking the domain zynqmp_fsbl
LOG::2026-02-05.19:50:03::SCWSystem::Doing application build for :  zynqmp_fsbl
TRACE::2026-02-05.19:50:03::SCWBDomain::Not a forced makefile updation, No changes are present. 
TRACE::2026-02-05.19:50:03::SCWDomain::Building the domain :  zynqmp_fsbl
TRACE::2026-02-05.19:50:03::SCWPlatform::Trying to open the hw design at C:/TFG_Vivado/demo/course_s2_Vitis/01_ps_hello/vitis/design_1_wrapper/hw/design_1_wrapper.xsa
TRACE::2026-02-05.19:50:03::SCWPlatform::DSA given C:/TFG_Vivado/demo/course_s2_Vitis/01_ps_hello/vitis/design_1_wrapper/hw/design_1_wrapper.xsa
TRACE::2026-02-05.19:50:03::SCWPlatform::DSA absoulate path C:/TFG_Vivado/demo/course_s2_Vitis/01_ps_hello/vitis/design_1_wrapper/hw/design_1_wrapper.xsa
TRACE::2026-02-05.19:50:03::SCWPlatform::DSA directory C:/TFG_Vivado/demo/course_s2_Vitis/01_ps_hello/vitis/design_1_wrapper/hw
TRACE::2026-02-05.19:50:03::SCWPlatform:: Platform Path C:/TFG_Vivado/demo/course_s2_Vitis/01_ps_hello/vitis/design_1_wrapper/hw/design_1_wrapper.xsa
TRACE::2026-02-05.19:50:03::SCWPlatform:: Unique name xilinx:::0.0
TRACE::2026-02-05.19:50:03::SCWPlatform::Trying to set the existing hwdb with name design_1_wrapper_1
TRACE::2026-02-05.19:50:03::SCWPlatform::Opened existing hwdb design_1_wrapper_1
TRACE::2026-02-05.19:50:03::SCWPlatform::Found the Hw Db part of the input DSA
TRACE::2026-02-05.19:50:03::SCWMssOS::Checking the sw design at  C:/TFG_Vivado/demo/course_s2_Vitis/01_ps_hello/vitis/design_1_wrapper/zynqmp_fsbl/zynqmp_fsbl_bsp/system.mss
TRACE::2026-02-05.19:50:03::SCWMssOS::DEBUG:  swdes dump  C:/TFG_Vivado/demo/course_s2_Vitis/01_ps_hello/vitis/design_1_wrapper/psu_cortexa53_0/standalone_psu_cortexa53_0/bsp/system.mss|system_1||
C:/TFG_Vivado/demo/course_s2_Vitis/01_ps_hello/vitis/design_1_wrapper/zynqmp_fsbl/zynqmp_fsbl_bsp/system.mss|system||
C:/TFG_Vivado/demo/course_s2_Vitis/01_ps_hello/vitis/design_1_wrapper/zynqmp_pmufw/zynqmp_pmufw_bsp/system.mss|system_0||

TRACE::2026-02-05.19:50:03::SCWMssOS::Sw design exists and opened at  C:/TFG_Vivado/demo/course_s2_Vitis/01_ps_hello/vitis/design_1_wrapper/zynqmp_fsbl/zynqmp_fsbl_bsp/system.mss
TRACE::2026-02-05.19:50:03::SCWBDomain::Completed writing the mss file at C:/TFG_Vivado/demo/course_s2_Vitis/01_ps_hello/vitis/design_1_wrapper/zynqmp_fsbl/zynqmp_fsbl_bsp
TRACE::2026-02-05.19:50:03::SCWBDomain::bsp generated is upto date with the mss file. Skipping bsp generation.
TRACE::2026-02-05.19:50:03::SCWBDomain::Not a forced makefile updation, No changes are present. 
TRACE::2026-02-05.19:50:03::SCWBDomain::System Command Ran  C:&  cd  C:/TFG_Vivado/demo/course_s2_Vitis/01_ps_hello/vitis/design_1_wrapper/zynqmp_fsbl& make -C  zynqmp_fsbl_bsp & make 
TRACE::2026-02-05.19:50:03::SCWBDomain::make: Entering directory 'C:/TFG_Vivado/demo/course_s2_Vitis/01_ps_hello/vitis/design_1_wrapper/zynqmp_fsbl/zynqmp_fsbl_bsp'

TRACE::2026-02-05.19:50:03::SCWBDomain::make --no-print-directory seq_libs

TRACE::2026-02-05.19:50:03::SCWBDomain::"Running Make include in psu_cortexa53_0/libsrc/avbuf_v2_5/src"

TRACE::2026-02-05.19:50:03::SCWBDomain::make -C psu_cortexa53_0/libsrc/avbuf_v2_5/src -s include  "SHELL=CMD" "COMPILER=aarch64-none-elf-gcc" "ASSEMBLER=aarch64-none-e
TRACE::2026-02-05.19:50:03::SCWBDomain::lf-as" "ARCHIVER=aarch64-none-elf-ar" "COMPILER_FLAGS=  -c" "EXTRA_COMPILER_FLAGS=-g -Wall -Wextra -fno-tree-loop-distribute-pa
TRACE::2026-02-05.19:50:03::SCWBDomain::tterns -Os -flto -ffat-lto-objects"

TRACE::2026-02-05.19:50:04::SCWBDomain::"Running Make include in psu_cortexa53_0/libsrc/axipmon_v6_9/src"

TRACE::2026-02-05.19:50:04::SCWBDomain::make -C psu_cortexa53_0/libsrc/axipmon_v6_9/src -s include  "SHELL=CMD" "COMPILER=aarch64-none-elf-gcc" "ASSEMBLER=aarch64-none
TRACE::2026-02-05.19:50:04::SCWBDomain::-elf-as" "ARCHIVER=aarch64-none-elf-ar" "COMPILER_FLAGS=  -c" "EXTRA_COMPILER_FLAGS=-g -Wall -Wextra -fno-tree-loop-distribute-
TRACE::2026-02-05.19:50:04::SCWBDomain::patterns -Os -flto -ffat-lto-objects"

TRACE::2026-02-05.19:50:04::SCWBDomain::"Running Make include in psu_cortexa53_0/libsrc/clockps_v1_4/src"

TRACE::2026-02-05.19:50:04::SCWBDomain::make -C psu_cortexa53_0/libsrc/clockps_v1_4/src -s include  "SHELL=CMD" "COMPILER=aarch64-none-elf-gcc" "ASSEMBLER=aarch64-none
TRACE::2026-02-05.19:50:04::SCWBDomain::-elf-as" "ARCHIVER=aarch64-none-elf-ar" "COMPILER_FLAGS=  -c" "EXTRA_COMPILER_FLAGS=-g -Wall -Wextra -fno-tree-loop-distribute-
TRACE::2026-02-05.19:50:04::SCWBDomain::patterns -Os -flto -ffat-lto-objects"

TRACE::2026-02-05.19:50:04::SCWBDomain::"Running Make include in psu_cortexa53_0/libsrc/coresightps_dcc_v1_8/src"

TRACE::2026-02-05.19:50:04::SCWBDomain::make -C psu_cortexa53_0/libsrc/coresightps_dcc_v1_8/src -s include  "SHELL=CMD" "COMPILER=aarch64-none-elf-gcc" "ASSEMBLER=aarc
TRACE::2026-02-05.19:50:04::SCWBDomain::h64-none-elf-as" "ARCHIVER=aarch64-none-elf-ar" "COMPILER_FLAGS=  -c" "EXTRA_COMPILER_FLAGS=-g -Wall -Wextra -fno-tree-loop-dis
TRACE::2026-02-05.19:50:04::SCWBDomain::tribute-patterns -Os -flto -ffat-lto-objects"

TRACE::2026-02-05.19:50:04::SCWBDomain::"Running Make include in psu_cortexa53_0/libsrc/cpu_cortexa53_v2_0/src"

TRACE::2026-02-05.19:50:05::SCWBDomain::make -C psu_cortexa53_0/libsrc/cpu_cortexa53_v2_0/src -s include  "SHELL=CMD" "COMPILER=aarch64-none-elf-gcc" "ASSEMBLER=aarch6
TRACE::2026-02-05.19:50:05::SCWBDomain::4-none-elf-as" "ARCHIVER=aarch64-none-elf-ar" "COMPILER_FLAGS=  -c" "EXTRA_COMPILER_FLAGS=-g -Wall -Wextra -fno-tree-loop-distr
TRACE::2026-02-05.19:50:05::SCWBDomain::ibute-patterns -Os -flto -ffat-lto-objects"

TRACE::2026-02-05.19:50:05::SCWBDomain::"Running Make include in psu_cortexa53_0/libsrc/csudma_v1_13/src"

TRACE::2026-02-05.19:50:05::SCWBDomain::make -C psu_cortexa53_0/libsrc/csudma_v1_13/src -s include  "SHELL=CMD" "COMPILER=aarch64-none-elf-gcc" "ASSEMBLER=aarch64-none
TRACE::2026-02-05.19:50:05::SCWBDomain::-elf-as" "ARCHIVER=aarch64-none-elf-ar" "COMPILER_FLAGS=  -c" "EXTRA_COMPILER_FLAGS=-g -Wall -Wextra -fno-tree-loop-distribute-
TRACE::2026-02-05.19:50:05::SCWBDomain::patterns -Os -flto -ffat-lto-objects"

TRACE::2026-02-05.19:50:05::SCWBDomain::"Running Make include in psu_cortexa53_0/libsrc/ddrcpsu_v1_4/src"

TRACE::2026-02-05.19:50:05::SCWBDomain::make -C psu_cortexa53_0/libsrc/ddrcpsu_v1_4/src -s include  "SHELL=CMD" "COMPILER=aarch64-none-elf-gcc" "ASSEMBLER=aarch64-none
TRACE::2026-02-05.19:50:05::SCWBDomain::-elf-as" "ARCHIVER=aarch64-none-elf-ar" "COMPILER_FLAGS=  -c" "EXTRA_COMPILER_FLAGS=-g -Wall -Wextra -fno-tree-loop-distribute-
TRACE::2026-02-05.19:50:05::SCWBDomain::patterns -Os -flto -ffat-lto-objects"

TRACE::2026-02-05.19:50:05::SCWBDomain::"Running Make include in psu_cortexa53_0/libsrc/dpdma_v1_4/src"

TRACE::2026-02-05.19:50:05::SCWBDomain::make -C psu_cortexa53_0/libsrc/dpdma_v1_4/src -s include  "SHELL=CMD" "COMPILER=aarch64-none-elf-gcc" "ASSEMBLER=aarch64-none-e
TRACE::2026-02-05.19:50:05::SCWBDomain::lf-as" "ARCHIVER=aarch64-none-elf-ar" "COMPILER_FLAGS=  -c" "EXTRA_COMPILER_FLAGS=-g -Wall -Wextra -fno-tree-loop-distribute-pa
TRACE::2026-02-05.19:50:05::SCWBDomain::tterns -Os -flto -ffat-lto-objects"

TRACE::2026-02-05.19:50:05::SCWBDomain::"Running Make include in psu_cortexa53_0/libsrc/dppsu_v1_6/src"

TRACE::2026-02-05.19:50:05::SCWBDomain::make -C psu_cortexa53_0/libsrc/dppsu_v1_6/src -s include  "SHELL=CMD" "COMPILER=aarch64-none-elf-gcc" "ASSEMBLER=aarch64-none-e
TRACE::2026-02-05.19:50:05::SCWBDomain::lf-as" "ARCHIVER=aarch64-none-elf-ar" "COMPILER_FLAGS=  -c" "EXTRA_COMPILER_FLAGS=-g -Wall -Wextra -fno-tree-loop-distribute-pa
TRACE::2026-02-05.19:50:05::SCWBDomain::tterns -Os -flto -ffat-lto-objects"

TRACE::2026-02-05.19:50:05::SCWBDomain::"Running Make include in psu_cortexa53_0/libsrc/emacps_v3_18/src"

TRACE::2026-02-05.19:50:05::SCWBDomain::make -C psu_cortexa53_0/libsrc/emacps_v3_18/src -s include  "SHELL=CMD" "COMPILER=aarch64-none-elf-gcc" "ASSEMBLER=aarch64-none
TRACE::2026-02-05.19:50:05::SCWBDomain::-elf-as" "ARCHIVER=aarch64-none-elf-ar" "COMPILER_FLAGS=  -c" "EXTRA_COMPILER_FLAGS=-g -Wall -Wextra -fno-tree-loop-distribute-
TRACE::2026-02-05.19:50:05::SCWBDomain::patterns -Os -flto -ffat-lto-objects"

TRACE::2026-02-05.19:50:05::SCWBDomain::"Running Make include in psu_cortexa53_0/libsrc/gpiops_v3_11/src"

TRACE::2026-02-05.19:50:05::SCWBDomain::make -C psu_cortexa53_0/libsrc/gpiops_v3_11/src -s include  "SHELL=CMD" "COMPILER=aarch64-none-elf-gcc" "ASSEMBLER=aarch64-none
TRACE::2026-02-05.19:50:05::SCWBDomain::-elf-as" "ARCHIVER=aarch64-none-elf-ar" "COMPILER_FLAGS=  -c" "EXTRA_COMPILER_FLAGS=-g -Wall -Wextra -fno-tree-loop-distribute-
TRACE::2026-02-05.19:50:05::SCWBDomain::patterns -Os -flto -ffat-lto-objects"

TRACE::2026-02-05.19:50:05::SCWBDomain::"Running Make include in psu_cortexa53_0/libsrc/iicps_v3_17/src"

TRACE::2026-02-05.19:50:05::SCWBDomain::make -C psu_cortexa53_0/libsrc/iicps_v3_17/src -s include  "SHELL=CMD" "COMPILER=aarch64-none-elf-gcc" "ASSEMBLER=aarch64-none-
TRACE::2026-02-05.19:50:05::SCWBDomain::elf-as" "ARCHIVER=aarch64-none-elf-ar" "COMPILER_FLAGS=  -c" "EXTRA_COMPILER_FLAGS=-g -Wall -Wextra -fno-tree-loop-distribute-p
TRACE::2026-02-05.19:50:05::SCWBDomain::atterns -Os -flto -ffat-lto-objects"

TRACE::2026-02-05.19:50:05::SCWBDomain::"Running Make include in psu_cortexa53_0/libsrc/ipipsu_v2_13/src"

TRACE::2026-02-05.19:50:05::SCWBDomain::make -C psu_cortexa53_0/libsrc/ipipsu_v2_13/src -s include  "SHELL=CMD" "COMPILER=aarch64-none-elf-gcc" "ASSEMBLER=aarch64-none
TRACE::2026-02-05.19:50:05::SCWBDomain::-elf-as" "ARCHIVER=aarch64-none-elf-ar" "COMPILER_FLAGS=  -c" "EXTRA_COMPILER_FLAGS=-g -Wall -Wextra -fno-tree-loop-distribute-
TRACE::2026-02-05.19:50:05::SCWBDomain::patterns -Os -flto -ffat-lto-objects"

TRACE::2026-02-05.19:50:06::SCWBDomain::"Running Make include in psu_cortexa53_0/libsrc/pciepsu_v1_5/src"

TRACE::2026-02-05.19:50:06::SCWBDomain::make -C psu_cortexa53_0/libsrc/pciepsu_v1_5/src -s include  "SHELL=CMD" "COMPILER=aarch64-none-elf-gcc" "ASSEMBLER=aarch64-none
TRACE::2026-02-05.19:50:06::SCWBDomain::-elf-as" "ARCHIVER=aarch64-none-elf-ar" "COMPILER_FLAGS=  -c" "EXTRA_COMPILER_FLAGS=-g -Wall -Wextra -fno-tree-loop-distribute-
TRACE::2026-02-05.19:50:06::SCWBDomain::patterns -Os -flto -ffat-lto-objects"

TRACE::2026-02-05.19:50:06::SCWBDomain::"Running Make include in psu_cortexa53_0/libsrc/qspipsu_v1_17/src"

TRACE::2026-02-05.19:50:06::SCWBDomain::make -C psu_cortexa53_0/libsrc/qspipsu_v1_17/src -s include  "SHELL=CMD" "COMPILER=aarch64-none-elf-gcc" "ASSEMBLER=aarch64-non
TRACE::2026-02-05.19:50:06::SCWBDomain::e-elf-as" "ARCHIVER=aarch64-none-elf-ar" "COMPILER_FLAGS=  -c" "EXTRA_COMPILER_FLAGS=-g -Wall -Wextra -fno-tree-loop-distribute
TRACE::2026-02-05.19:50:06::SCWBDomain::-patterns -Os -flto -ffat-lto-objects"

TRACE::2026-02-05.19:50:06::SCWBDomain::"Running Make include in psu_cortexa53_0/libsrc/resetps_v1_5/src"

TRACE::2026-02-05.19:50:06::SCWBDomain::make -C psu_cortexa53_0/libsrc/resetps_v1_5/src -s include  "SHELL=CMD" "COMPILER=aarch64-none-elf-gcc" "ASSEMBLER=aarch64-none
TRACE::2026-02-05.19:50:06::SCWBDomain::-elf-as" "ARCHIVER=aarch64-none-elf-ar" "COMPILER_FLAGS=  -c" "EXTRA_COMPILER_FLAGS=-g -Wall -Wextra -fno-tree-loop-distribute-
TRACE::2026-02-05.19:50:06::SCWBDomain::patterns -Os -flto -ffat-lto-objects"

TRACE::2026-02-05.19:50:06::SCWBDomain::"Running Make include in psu_cortexa53_0/libsrc/rtcpsu_v1_12/src"

TRACE::2026-02-05.19:50:06::SCWBDomain::make -C psu_cortexa53_0/libsrc/rtcpsu_v1_12/src -s include  "SHELL=CMD" "COMPILER=aarch64-none-elf-gcc" "ASSEMBLER=aarch64-none
TRACE::2026-02-05.19:50:06::SCWBDomain::-elf-as" "ARCHIVER=aarch64-none-elf-ar" "COMPILER_FLAGS=  -c" "EXTRA_COMPILER_FLAGS=-g -Wall -Wextra -fno-tree-loop-distribute-
TRACE::2026-02-05.19:50:06::SCWBDomain::patterns -Os -flto -ffat-lto-objects"

TRACE::2026-02-05.19:50:06::SCWBDomain::"Running Make include in psu_cortexa53_0/libsrc/scugic_v5_1/src"

TRACE::2026-02-05.19:50:06::SCWBDomain::make -C psu_cortexa53_0/libsrc/scugic_v5_1/src -s include  "SHELL=CMD" "COMPILER=aarch64-none-elf-gcc" "ASSEMBLER=aarch64-none-
TRACE::2026-02-05.19:50:06::SCWBDomain::elf-as" "ARCHIVER=aarch64-none-elf-ar" "COMPILER_FLAGS=  -c" "EXTRA_COMPILER_FLAGS=-g -Wall -Wextra -fno-tree-loop-distribute-p
TRACE::2026-02-05.19:50:06::SCWBDomain::atterns -Os -flto -ffat-lto-objects"

TRACE::2026-02-05.19:50:06::SCWBDomain::"Running Make include in psu_cortexa53_0/libsrc/sdps_v4_1/src"

TRACE::2026-02-05.19:50:06::SCWBDomain::make -C psu_cortexa53_0/libsrc/sdps_v4_1/src -s include  "SHELL=CMD" "COMPILER=aarch64-none-elf-gcc" "ASSEMBLER=aarch64-none-el
TRACE::2026-02-05.19:50:06::SCWBDomain::f-as" "ARCHIVER=aarch64-none-elf-ar" "COMPILER_FLAGS=  -c" "EXTRA_COMPILER_FLAGS=-g -Wall -Wextra -fno-tree-loop-distribute-pat
TRACE::2026-02-05.19:50:06::SCWBDomain::terns -Os -flto -ffat-lto-objects"

TRACE::2026-02-05.19:50:06::SCWBDomain::"Running Make include in psu_cortexa53_0/libsrc/standalone_v8_1/src"

TRACE::2026-02-05.19:50:06::SCWBDomain::make -C psu_cortexa53_0/libsrc/standalone_v8_1/src -s include  "SHELL=CMD" "COMPILER=aarch64-none-elf-gcc" "ASSEMBLER=aarch64-n
TRACE::2026-02-05.19:50:06::SCWBDomain::one-elf-as" "ARCHIVER=aarch64-none-elf-ar" "COMPILER_FLAGS=  -c" "EXTRA_COMPILER_FLAGS=-g -Wall -Wextra -fno-tree-loop-distribu
TRACE::2026-02-05.19:50:06::SCWBDomain::te-patterns -Os -flto -ffat-lto-objects"

TRACE::2026-02-05.19:50:06::SCWBDomain::"Running Make include in psu_cortexa53_0/libsrc/sysmonpsu_v2_8/src"

TRACE::2026-02-05.19:50:06::SCWBDomain::make -C psu_cortexa53_0/libsrc/sysmonpsu_v2_8/src -s include  "SHELL=CMD" "COMPILER=aarch64-none-elf-gcc" "ASSEMBLER=aarch64-no
TRACE::2026-02-05.19:50:06::SCWBDomain::ne-elf-as" "ARCHIVER=aarch64-none-elf-ar" "COMPILER_FLAGS=  -c" "EXTRA_COMPILER_FLAGS=-g -Wall -Wextra -fno-tree-loop-distribut
TRACE::2026-02-05.19:50:06::SCWBDomain::e-patterns -Os -flto -ffat-lto-objects"

TRACE::2026-02-05.19:50:07::SCWBDomain::"Running Make include in psu_cortexa53_0/libsrc/ttcps_v3_17/src"

TRACE::2026-02-05.19:50:07::SCWBDomain::make -C psu_cortexa53_0/libsrc/ttcps_v3_17/src -s include  "SHELL=CMD" "COMPILER=aarch64-none-elf-gcc" "ASSEMBLER=aarch64-none-
TRACE::2026-02-05.19:50:07::SCWBDomain::elf-as" "ARCHIVER=aarch64-none-elf-ar" "COMPILER_FLAGS=  -c" "EXTRA_COMPILER_FLAGS=-g -Wall -Wextra -fno-tree-loop-distribute-p
TRACE::2026-02-05.19:50:07::SCWBDomain::atterns -Os -flto -ffat-lto-objects"

TRACE::2026-02-05.19:50:07::SCWBDomain::"Running Make include in psu_cortexa53_0/libsrc/uartps_v3_12/src"

TRACE::2026-02-05.19:50:07::SCWBDomain::make -C psu_cortexa53_0/libsrc/uartps_v3_12/src -s include  "SHELL=CMD" "COMPILER=aarch64-none-elf-gcc" "ASSEMBLER=aarch64-none
TRACE::2026-02-05.19:50:07::SCWBDomain::-elf-as" "ARCHIVER=aarch64-none-elf-ar" "COMPILER_FLAGS=  -c" "EXTRA_COMPILER_FLAGS=-g -Wall -Wextra -fno-tree-loop-distribute-
TRACE::2026-02-05.19:50:07::SCWBDomain::patterns -Os -flto -ffat-lto-objects"

TRACE::2026-02-05.19:50:07::SCWBDomain::"Running Make include in psu_cortexa53_0/libsrc/usbpsu_v1_13/src"

TRACE::2026-02-05.19:50:07::SCWBDomain::make -C psu_cortexa53_0/libsrc/usbpsu_v1_13/src -s include  "SHELL=CMD" "COMPILER=aarch64-none-elf-gcc" "ASSEMBLER=aarch64-none
TRACE::2026-02-05.19:50:07::SCWBDomain::-elf-as" "ARCHIVER=aarch64-none-elf-ar" "COMPILER_FLAGS=  -c" "EXTRA_COMPILER_FLAGS=-g -Wall -Wextra -fno-tree-loop-distribute-
TRACE::2026-02-05.19:50:07::SCWBDomain::patterns -Os -flto -ffat-lto-objects"

TRACE::2026-02-05.19:50:07::SCWBDomain::"Running Make include in psu_cortexa53_0/libsrc/video_common_v4_13/src"

TRACE::2026-02-05.19:50:07::SCWBDomain::make -C psu_cortexa53_0/libsrc/video_common_v4_13/src -s include  "SHELL=CMD" "COMPILER=aarch64-none-elf-gcc" "ASSEMBLER=aarch6
TRACE::2026-02-05.19:50:07::SCWBDomain::4-none-elf-as" "ARCHIVER=aarch64-none-elf-ar" "COMPILER_FLAGS=  -c" "EXTRA_COMPILER_FLAGS=-g -Wall -Wextra -fno-tree-loop-distr
TRACE::2026-02-05.19:50:07::SCWBDomain::ibute-patterns -Os -flto -ffat-lto-objects"

TRACE::2026-02-05.19:50:08::SCWBDomain::"Running Make include in psu_cortexa53_0/libsrc/xilffs_v5_0/src"

TRACE::2026-02-05.19:50:08::SCWBDomain::make -C psu_cortexa53_0/libsrc/xilffs_v5_0/src -s include  "SHELL=CMD" "COMPILER=aarch64-none-elf-gcc" "ASSEMBLER=aarch64-none-
TRACE::2026-02-05.19:50:08::SCWBDomain::elf-as" "ARCHIVER=aarch64-none-elf-ar" "COMPILER_FLAGS=  -c" "EXTRA_COMPILER_FLAGS=-g -Wall -Wextra -fno-tree-loop-distribute-p
TRACE::2026-02-05.19:50:08::SCWBDomain::atterns -Os -flto -ffat-lto-objects"

TRACE::2026-02-05.19:50:08::SCWBDomain::"Running Make include in psu_cortexa53_0/libsrc/xilpm_v5_0/src"

TRACE::2026-02-05.19:50:08::SCWBDomain::make -C psu_cortexa53_0/libsrc/xilpm_v5_0/src -s include  "SHELL=CMD" "COMPILER=aarch64-none-elf-gcc" "ASSEMBLER=aarch64-none-e
TRACE::2026-02-05.19:50:08::SCWBDomain::lf-as" "ARCHIVER=aarch64-none-elf-ar" "COMPILER_FLAGS=  -c" "EXTRA_COMPILER_FLAGS=-g -Wall -Wextra -fno-tree-loop-distribute-pa
TRACE::2026-02-05.19:50:08::SCWBDomain::tterns -Os -flto -ffat-lto-objects"

TRACE::2026-02-05.19:50:08::SCWBDomain::"Include files for this library have already been copied."

TRACE::2026-02-05.19:50:08::SCWBDomain::"Running Make include in psu_cortexa53_0/libsrc/xilsecure_v5_1/src"

TRACE::2026-02-05.19:50:08::SCWBDomain::make -C psu_cortexa53_0/libsrc/xilsecure_v5_1/src -s include  "SHELL=CMD" "COMPILER=aarch64-none-elf-gcc" "ASSEMBLER=aarch64-no
TRACE::2026-02-05.19:50:08::SCWBDomain::ne-elf-as" "ARCHIVER=aarch64-none-elf-ar" "COMPILER_FLAGS=  -c" "EXTRA_COMPILER_FLAGS=-g -Wall -Wextra -fno-tree-loop-distribut
TRACE::2026-02-05.19:50:08::SCWBDomain::e-patterns -Os -flto -ffat-lto-objects"

TRACE::2026-02-05.19:50:08::SCWBDomain::"Running Make include in psu_cortexa53_0/libsrc/zdma_v1_16/src"

TRACE::2026-02-05.19:50:08::SCWBDomain::make -C psu_cortexa53_0/libsrc/zdma_v1_16/src -s include  "SHELL=CMD" "COMPILER=aarch64-none-elf-gcc" "ASSEMBLER=aarch64-none-e
TRACE::2026-02-05.19:50:08::SCWBDomain::lf-as" "ARCHIVER=aarch64-none-elf-ar" "COMPILER_FLAGS=  -c" "EXTRA_COMPILER_FLAGS=-g -Wall -Wextra -fno-tree-loop-distribute-pa
TRACE::2026-02-05.19:50:08::SCWBDomain::tterns -Os -flto -ffat-lto-objects"

TRACE::2026-02-05.19:50:09::SCWBDomain::"Running Make libs in psu_cortexa53_0/libsrc/avbuf_v2_5/src"

TRACE::2026-02-05.19:50:09::SCWBDomain::make -C psu_cortexa53_0/libsrc/avbuf_v2_5/src -s libs  "SHELL=CMD" "COMPILER=aarch64-none-elf-gcc" "ASSEMBLER=aarch64-none-elf-
TRACE::2026-02-05.19:50:09::SCWBDomain::as" "ARCHIVER=aarch64-none-elf-ar" "COMPILER_FLAGS=  -c" "EXTRA_COMPILER_FLAGS=-g -Wall -Wextra -fno-tree-loop-distribute-patte
TRACE::2026-02-05.19:50:09::SCWBDomain::rns -Os -flto -ffat-lto-objects"

TRACE::2026-02-05.19:50:09::SCWBDomain::"Compiling avbuf"

TRACE::2026-02-05.19:50:13::SCWBDomain::"Running Make libs in psu_cortexa53_0/libsrc/dpdma_v1_4/src"

TRACE::2026-02-05.19:50:13::SCWBDomain::make -C psu_cortexa53_0/libsrc/dpdma_v1_4/src -s libs  "SHELL=CMD" "COMPILER=aarch64-none-elf-gcc" "ASSEMBLER=aarch64-none-elf-
TRACE::2026-02-05.19:50:13::SCWBDomain::as" "ARCHIVER=aarch64-none-elf-ar" "COMPILER_FLAGS=  -c" "EXTRA_COMPILER_FLAGS=-g -Wall -Wextra -fno-tree-loop-distribute-patte
TRACE::2026-02-05.19:50:13::SCWBDomain::rns -Os -flto -ffat-lto-objects"

TRACE::2026-02-05.19:50:13::SCWBDomain::"Compiling dpdma"

TRACE::2026-02-05.19:50:14::SCWBDomain::"Running Make libs in psu_cortexa53_0/libsrc/dppsu_v1_6/src"

TRACE::2026-02-05.19:50:14::SCWBDomain::make -C psu_cortexa53_0/libsrc/dppsu_v1_6/src -s libs  "SHELL=CMD" "COMPILER=aarch64-none-elf-gcc" "ASSEMBLER=aarch64-none-elf-
TRACE::2026-02-05.19:50:14::SCWBDomain::as" "ARCHIVER=aarch64-none-elf-ar" "COMPILER_FLAGS=  -c" "EXTRA_COMPILER_FLAGS=-g -Wall -Wextra -fno-tree-loop-distribute-patte
TRACE::2026-02-05.19:50:14::SCWBDomain::rns -Os -flto -ffat-lto-objects"

TRACE::2026-02-05.19:50:14::SCWBDomain::"Compiling dppsu"

TRACE::2026-02-05.19:50:16::SCWBDomain::"Running Make libs in psu_cortexa53_0/libsrc/xilpm_v5_0/src"

TRACE::2026-02-05.19:50:16::SCWBDomain::make -C psu_cortexa53_0/libsrc/xilpm_v5_0/src -s libs  "SHELL=CMD" "COMPILER=aarch64-none-elf-gcc" "ASSEMBLER=aarch64-none-elf-
TRACE::2026-02-05.19:50:16::SCWBDomain::as" "ARCHIVER=aarch64-none-elf-ar" "COMPILER_FLAGS=  -c" "EXTRA_COMPILER_FLAGS=-g -Wall -Wextra -fno-tree-loop-distribute-patte
TRACE::2026-02-05.19:50:16::SCWBDomain::rns -Os -flto -ffat-lto-objects"

TRACE::2026-02-05.19:50:16::SCWBDomain::"Compiling xilpm library"

TRACE::2026-02-05.19:50:16::SCWBDomain::"Running Make libs in psu_cortexa53_0/libsrc/xilsecure_v5_1/src"

TRACE::2026-02-05.19:50:16::SCWBDomain::make -C psu_cortexa53_0/libsrc/xilsecure_v5_1/src -s libs  "SHELL=CMD" "COMPILER=aarch64-none-elf-gcc" "ASSEMBLER=aarch64-none-
TRACE::2026-02-05.19:50:16::SCWBDomain::elf-as" "ARCHIVER=aarch64-none-elf-ar" "COMPILER_FLAGS=  -c" "EXTRA_COMPILER_FLAGS=-g -Wall -Wextra -fno-tree-loop-distribute-p
TRACE::2026-02-05.19:50:16::SCWBDomain::atterns -Os -flto -ffat-lto-objects"

TRACE::2026-02-05.19:50:16::SCWBDomain::"Compiling XilSecure Library"

TRACE::2026-02-05.19:50:17::SCWBDomain::'Finished building libraries sequentially.'

TRACE::2026-02-05.19:50:17::SCWBDomain::make -j 10 --no-print-directory par_libs

TRACE::2026-02-05.19:50:17::SCWBDomain::"Running Make include in psu_cortexa53_0/libsrc/avbuf_v2_5/src"

TRACE::2026-02-05.19:50:17::SCWBDomain::make -C psu_cortexa53_0/libsrc/avbuf_v2_5/src -s include  "SHELL=CMD" "COMPILER=aarch64-none-elf-gcc" "ASSEMBLER=aarch64-none-e
TRACE::2026-02-05.19:50:17::SCWBDomain::lf-as" "ARCHIVER=aarch64-none-elf-ar" "COMPILER_FLAGS=  -c" "EXTRA_COMPILER_FLAGS=-g -Wall -Wextra -fno-tree-loop-distribute-pa
TRACE::2026-02-05.19:50:17::SCWBDomain::tterns -Os -flto -ffat-lto-objects"

TRACE::2026-02-05.19:50:17::SCWBDomain::"Running Make include in psu_cortexa53_0/libsrc/axipmon_v6_9/src"

TRACE::2026-02-05.19:50:17::SCWBDomain::"Running Make include in psu_cortexa53_0/libsrc/clockps_v1_4/src"

TRACE::2026-02-05.19:50:17::SCWBDomain::"Running Make include in psu_cortexa53_0/libsrc/coresightps_dcc_v1_8/src"

TRACE::2026-02-05.19:50:17::SCWBDomain::"Running Make include in psu_cortexa53_0/libsrc/cpu_cortexa53_v2_0/src"

TRACE::2026-02-05.19:50:17::SCWBDomain::make -C psu_cortexa53_0/libsrc/axipmon_v6_9/src -s include  "SHELL=CMD" "COMPILER=aarch64-none-elf-gcc" "ASSEMBLER=aarch64-none
TRACE::2026-02-05.19:50:17::SCWBDomain::-elf-as" "ARCHIVER=aarch64-none-elf-ar" "COMPILER_FLAGS=  -c" "EXTRA_COMPILER_FLAGS=-g -Wall -Wextra -fno-tree-loop-distribute-
TRACE::2026-02-05.19:50:17::SCWBDomain::patterns -Os -flto -ffat-lto-objects"

TRACE::2026-02-05.19:50:17::SCWBDomain::"Running Make include in psu_cortexa53_0/libsrc/csudma_v1_13/src"

TRACE::2026-02-05.19:50:17::SCWBDomain::"Running Make include in psu_cortexa53_0/libsrc/ddrcpsu_v1_4/src"

TRACE::2026-02-05.19:50:17::SCWBDomain::make -C psu_cortexa53_0/libsrc/clockps_v1_4/src -s include  "SHELL=CMD" "COMPILER=aarch64-none-elf-gcc" "ASSEMBLER=aarch64-none
TRACE::2026-02-05.19:50:17::SCWBDomain::-elf-as" "ARCHIVER=aarch64-none-elf-ar" "COMPILER_FLAGS=  -c" "EXTRA_COMPILER_FLAGS=-g -Wall -Wextra -fno-tree-loop-distribute-
TRACE::2026-02-05.19:50:17::SCWBDomain::patterns -Os -flto -ffat-lto-objects"

TRACE::2026-02-05.19:50:17::SCWBDomain::make -C psu_cortexa53_0/libsrc/coresightps_dcc_v1_8/src -s include  "SHELL=CMD" "COMPILER=aarch64-none-elf-gcc" "ASSEMBLER=aarc
TRACE::2026-02-05.19:50:17::SCWBDomain::h64-none-elf-as" "ARCHIVER=aarch64-none-elf-ar" "COMPILER_FLAGS=  -c" "EXTRA_COMPILER_FLAGS=-g -Wall -Wextra -fno-tree-loop-dis
TRACE::2026-02-05.19:50:17::SCWBDomain::tribute-patterns -Os -flto -ffat-lto-objects"

TRACE::2026-02-05.19:50:17::SCWBDomain::make -C psu_cortexa53_0/libsrc/cpu_cortexa53_v2_0/src -s include  "SHELL=CMD" "COMPILER=aarch64-none-elf-gcc" "ASSEMBLER=aarch6
TRACE::2026-02-05.19:50:17::SCWBDomain::4-none-elf-as" "ARCHIVER=aarch64-none-elf-ar" "COMPILER_FLAGS=  -c" "EXTRA_COMPILER_FLAGS=-g -Wall -Wextra -fno-tree-loop-distr
TRACE::2026-02-05.19:50:17::SCWBDomain::ibute-patterns -Os -flto -ffat-lto-objects"

TRACE::2026-02-05.19:50:17::SCWBDomain::make -C psu_cortexa53_0/libsrc/csudma_v1_13/src -s include  "SHELL=CMD" "COMPILER=aarch64-none-elf-gcc" "ASSEMBLER=aarch64-none
TRACE::2026-02-05.19:50:17::SCWBDomain::-elf-as" "ARCHIVER=aarch64-none-elf-ar" "COMPILER_FLAGS=  -c" "EXTRA_COMPILER_FLAGS=-g -Wall -Wextra -fno-tree-loop-distribute-
TRACE::2026-02-05.19:50:17::SCWBDomain::patterns -Os -flto -ffat-lto-objects"

TRACE::2026-02-05.19:50:17::SCWBDomain::make -C psu_cortexa53_0/libsrc/ddrcpsu_v1_4/src -s include  "SHELL=CMD" "COMPILER=aarch64-none-elf-gcc" "ASSEMBLER=aarch64-none
TRACE::2026-02-05.19:50:17::SCWBDomain::-elf-as" "ARCHIVER=aarch64-none-elf-ar" "COMPILER_FLAGS=  -c" "EXTRA_COMPILER_FLAGS=-g -Wall -Wextra -fno-tree-loop-distribute-
TRACE::2026-02-05.19:50:17::SCWBDomain::patterns -Os -flto -ffat-lto-objects"

TRACE::2026-02-05.19:50:17::SCWBDomain::"Running Make include in psu_cortexa53_0/libsrc/dpdma_v1_4/src"

TRACE::2026-02-05.19:50:17::SCWBDomain::make -C psu_cortexa53_0/libsrc/dpdma_v1_4/src -s include  "SHELL=CMD" "COMPILER=aarch64-none-elf-gcc" "ASSEMBLER=aarch64-none-e
TRACE::2026-02-05.19:50:17::SCWBDomain::lf-as" "ARCHIVER=aarch64-none-elf-ar" "COMPILER_FLAGS=  -c" "EXTRA_COMPILER_FLAGS=-g -Wall -Wextra -fno-tree-loop-distribute-pa
TRACE::2026-02-05.19:50:17::SCWBDomain::tterns -Os -flto -ffat-lto-objects"

TRACE::2026-02-05.19:50:17::SCWBDomain::"Running Make include in psu_cortexa53_0/libsrc/dppsu_v1_6/src"

TRACE::2026-02-05.19:50:17::SCWBDomain::make -C psu_cortexa53_0/libsrc/dppsu_v1_6/src -s include  "SHELL=CMD" "COMPILER=aarch64-none-elf-gcc" "ASSEMBLER=aarch64-none-e
TRACE::2026-02-05.19:50:17::SCWBDomain::lf-as" "ARCHIVER=aarch64-none-elf-ar" "COMPILER_FLAGS=  -c" "EXTRA_COMPILER_FLAGS=-g -Wall -Wextra -fno-tree-loop-distribute-pa
TRACE::2026-02-05.19:50:17::SCWBDomain::tterns -Os -flto -ffat-lto-objects"

TRACE::2026-02-05.19:50:17::SCWBDomain::"Running Make include in psu_cortexa53_0/libsrc/emacps_v3_18/src"

TRACE::2026-02-05.19:50:17::SCWBDomain::"Running Make include in psu_cortexa53_0/libsrc/gpiops_v3_11/src"

TRACE::2026-02-05.19:50:17::SCWBDomain::make -C psu_cortexa53_0/libsrc/emacps_v3_18/src -s include  "SHELL=CMD" "COMPILER=aarch64-none-elf-gcc" "ASSEMBLER=aarch64-none
TRACE::2026-02-05.19:50:17::SCWBDomain::-elf-as" "ARCHIVER=aarch64-none-elf-ar" "COMPILER_FLAGS=  -c" "EXTRA_COMPILER_FLAGS=-g -Wall -Wextra -fno-tree-loop-distribute-
TRACE::2026-02-05.19:50:17::SCWBDomain::patterns -Os -flto -ffat-lto-objects"

TRACE::2026-02-05.19:50:17::SCWBDomain::make -C psu_cortexa53_0/libsrc/gpiops_v3_11/src -s include  "SHELL=CMD" "COMPILER=aarch64-none-elf-gcc" "ASSEMBLER=aarch64-none
TRACE::2026-02-05.19:50:17::SCWBDomain::-elf-as" "ARCHIVER=aarch64-none-elf-ar" "COMPILER_FLAGS=  -c" "EXTRA_COMPILER_FLAGS=-g -Wall -Wextra -fno-tree-loop-distribute-
TRACE::2026-02-05.19:50:17::SCWBDomain::patterns -Os -flto -ffat-lto-objects"

TRACE::2026-02-05.19:50:17::SCWBDomain::"Running Make include in psu_cortexa53_0/libsrc/iicps_v3_17/src"

TRACE::2026-02-05.19:50:17::SCWBDomain::make -C psu_cortexa53_0/libsrc/iicps_v3_17/src -s include  "SHELL=CMD" "COMPILER=aarch64-none-elf-gcc" "ASSEMBLER=aarch64-none-
TRACE::2026-02-05.19:50:17::SCWBDomain::elf-as" "ARCHIVER=aarch64-none-elf-ar" "COMPILER_FLAGS=  -c" "EXTRA_COMPILER_FLAGS=-g -Wall -Wextra -fno-tree-loop-distribute-p
TRACE::2026-02-05.19:50:17::SCWBDomain::atterns -Os -flto -ffat-lto-objects"

TRACE::2026-02-05.19:50:17::SCWBDomain::"Running Make include in psu_cortexa53_0/libsrc/ipipsu_v2_13/src"

TRACE::2026-02-05.19:50:17::SCWBDomain::make -C psu_cortexa53_0/libsrc/ipipsu_v2_13/src -s include  "SHELL=CMD" "COMPILER=aarch64-none-elf-gcc" "ASSEMBLER=aarch64-none
TRACE::2026-02-05.19:50:17::SCWBDomain::-elf-as" "ARCHIVER=aarch64-none-elf-ar" "COMPILER_FLAGS=  -c" "EXTRA_COMPILER_FLAGS=-g -Wall -Wextra -fno-tree-loop-distribute-
TRACE::2026-02-05.19:50:17::SCWBDomain::patterns -Os -flto -ffat-lto-objects"

TRACE::2026-02-05.19:50:17::SCWBDomain::"Running Make include in psu_cortexa53_0/libsrc/qspipsu_v1_17/src"

TRACE::2026-02-05.19:50:17::SCWBDomain::"Running Make include in psu_cortexa53_0/libsrc/pciepsu_v1_5/src"

TRACE::2026-02-05.19:50:17::SCWBDomain::make -C psu_cortexa53_0/libsrc/pciepsu_v1_5/src -s include  "SHELL=CMD" "COMPILER=aarch64-none-elf-gcc" "ASSEMBLER=aarch64-none
TRACE::2026-02-05.19:50:17::SCWBDomain::-elf-as" "ARCHIVER=aarch64-none-elf-ar" "COMPILER_FLAGS=  -c" "EXTRA_COMPILER_FLAGS=-g -Wall -Wextra -fno-tree-loop-distribute-
TRACE::2026-02-05.19:50:17::SCWBDomain::patterns -Os -flto -ffat-lto-objects"

TRACE::2026-02-05.19:50:17::SCWBDomain::make -C psu_cortexa53_0/libsrc/qspipsu_v1_17/src -s include  "SHELL=CMD" "COMPILER=aarch64-none-elf-gcc" "ASSEMBLER=aarch64-non
TRACE::2026-02-05.19:50:17::SCWBDomain::e-elf-as" "ARCHIVER=aarch64-none-elf-ar" "COMPILER_FLAGS=  -c" "EXTRA_COMPILER_FLAGS=-g -Wall -Wextra -fno-tree-loop-distribute
TRACE::2026-02-05.19:50:17::SCWBDomain::-patterns -Os -flto -ffat-lto-objects"

TRACE::2026-02-05.19:50:17::SCWBDomain::"Running Make include in psu_cortexa53_0/libsrc/scugic_v5_1/src"

TRACE::2026-02-05.19:50:17::SCWBDomain::"Running Make include in psu_cortexa53_0/libsrc/resetps_v1_5/src"

TRACE::2026-02-05.19:50:17::SCWBDomain::make -C psu_cortexa53_0/libsrc/scugic_v5_1/src -s include  "SHELL=CMD" "COMPILER=aarch64-none-elf-gcc" "ASSEMBLER=aarch64-none-
TRACE::2026-02-05.19:50:17::SCWBDomain::elf-as" "ARCHIVER=aarch64-none-elf-ar" "COMPILER_FLAGS=  -c" "EXTRA_COMPILER_FLAGS=-g -Wall -Wextra -fno-tree-loop-distribute-p
TRACE::2026-02-05.19:50:17::SCWBDomain::atterns -Os -flto -ffat-lto-objects"

TRACE::2026-02-05.19:50:17::SCWBDomain::"Running Make include in psu_cortexa53_0/libsrc/rtcpsu_v1_12/src"

TRACE::2026-02-05.19:50:17::SCWBDomain::make -C psu_cortexa53_0/libsrc/resetps_v1_5/src -s include  "SHELL=CMD" "COMPILER=aarch64-none-elf-gcc" "ASSEMBLER=aarch64-none
TRACE::2026-02-05.19:50:17::SCWBDomain::-elf-as" "ARCHIVER=aarch64-none-elf-ar" "COMPILER_FLAGS=  -c" "EXTRA_COMPILER_FLAGS=-g -Wall -Wextra -fno-tree-loop-distribute-
TRACE::2026-02-05.19:50:17::SCWBDomain::patterns -Os -flto -ffat-lto-objects"

TRACE::2026-02-05.19:50:17::SCWBDomain::"Running Make include in psu_cortexa53_0/libsrc/sdps_v4_1/src"

TRACE::2026-02-05.19:50:17::SCWBDomain::make -C psu_cortexa53_0/libsrc/rtcpsu_v1_12/src -s include  "SHELL=CMD" "COMPILER=aarch64-none-elf-gcc" "ASSEMBLER=aarch64-none
TRACE::2026-02-05.19:50:17::SCWBDomain::-elf-as" "ARCHIVER=aarch64-none-elf-ar" "COMPILER_FLAGS=  -c" "EXTRA_COMPILER_FLAGS=-g -Wall -Wextra -fno-tree-loop-distribute-
TRACE::2026-02-05.19:50:17::SCWBDomain::patterns -Os -flto -ffat-lto-objects"

TRACE::2026-02-05.19:50:17::SCWBDomain::make -C psu_cortexa53_0/libsrc/sdps_v4_1/src -s include  "SHELL=CMD" "COMPILER=aarch64-none-elf-gcc" "ASSEMBLER=aarch64-none-el
TRACE::2026-02-05.19:50:17::SCWBDomain::f-as" "ARCHIVER=aarch64-none-elf-ar" "COMPILER_FLAGS=  -c" "EXTRA_COMPILER_FLAGS=-g -Wall -Wextra -fno-tree-loop-distribute-pat
TRACE::2026-02-05.19:50:17::SCWBDomain::terns -Os -flto -ffat-lto-objects"

TRACE::2026-02-05.19:50:17::SCWBDomain::"Running Make include in psu_cortexa53_0/libsrc/standalone_v8_1/src"

TRACE::2026-02-05.19:50:17::SCWBDomain::make -C psu_cortexa53_0/libsrc/standalone_v8_1/src -s include  "SHELL=CMD" "COMPILER=aarch64-none-elf-gcc" "ASSEMBLER=aarch64-n
TRACE::2026-02-05.19:50:17::SCWBDomain::one-elf-as" "ARCHIVER=aarch64-none-elf-ar" "COMPILER_FLAGS=  -c" "EXTRA_COMPILER_FLAGS=-g -Wall -Wextra -fno-tree-loop-distribu
TRACE::2026-02-05.19:50:17::SCWBDomain::te-patterns -Os -flto -ffat-lto-objects"

TRACE::2026-02-05.19:50:17::SCWBDomain::"Running Make include in psu_cortexa53_0/libsrc/sysmonpsu_v2_8/src"

TRACE::2026-02-05.19:50:17::SCWBDomain::make -C psu_cortexa53_0/libsrc/sysmonpsu_v2_8/src -s include  "SHELL=CMD" "COMPILER=aarch64-none-elf-gcc" "ASSEMBLER=aarch64-no
TRACE::2026-02-05.19:50:17::SCWBDomain::ne-elf-as" "ARCHIVER=aarch64-none-elf-ar" "COMPILER_FLAGS=  -c" "EXTRA_COMPILER_FLAGS=-g -Wall -Wextra -fno-tree-loop-distribut
TRACE::2026-02-05.19:50:17::SCWBDomain::e-patterns -Os -flto -ffat-lto-objects"

TRACE::2026-02-05.19:50:17::SCWBDomain::"Running Make include in psu_cortexa53_0/libsrc/ttcps_v3_17/src"

TRACE::2026-02-05.19:50:17::SCWBDomain::make -C psu_cortexa53_0/libsrc/ttcps_v3_17/src -s include  "SHELL=CMD" "COMPILER=aarch64-none-elf-gcc" "ASSEMBLER=aarch64-none-
TRACE::2026-02-05.19:50:17::SCWBDomain::elf-as" "ARCHIVER=aarch64-none-elf-ar" "COMPILER_FLAGS=  -c" "EXTRA_COMPILER_FLAGS=-g -Wall -Wextra -fno-tree-loop-distribute-p
TRACE::2026-02-05.19:50:17::SCWBDomain::atterns -Os -flto -ffat-lto-objects"

TRACE::2026-02-05.19:50:17::SCWBDomain::"Running Make include in psu_cortexa53_0/libsrc/uartps_v3_12/src"

TRACE::2026-02-05.19:50:17::SCWBDomain::make -C psu_cortexa53_0/libsrc/uartps_v3_12/src -s include  "SHELL=CMD" "COMPILER=aarch64-none-elf-gcc" "ASSEMBLER=aarch64-none
TRACE::2026-02-05.19:50:17::SCWBDomain::-elf-as" "ARCHIVER=aarch64-none-elf-ar" "COMPILER_FLAGS=  -c" "EXTRA_COMPILER_FLAGS=-g -Wall -Wextra -fno-tree-loop-distribute-
TRACE::2026-02-05.19:50:17::SCWBDomain::patterns -Os -flto -ffat-lto-objects"

TRACE::2026-02-05.19:50:17::SCWBDomain::"Running Make include in psu_cortexa53_0/libsrc/usbpsu_v1_13/src"

TRACE::2026-02-05.19:50:17::SCWBDomain::make -C psu_cortexa53_0/libsrc/usbpsu_v1_13/src -s include  "SHELL=CMD" "COMPILER=aarch64-none-elf-gcc" "ASSEMBLER=aarch64-none
TRACE::2026-02-05.19:50:17::SCWBDomain::-elf-as" "ARCHIVER=aarch64-none-elf-ar" "COMPILER_FLAGS=  -c" "EXTRA_COMPILER_FLAGS=-g -Wall -Wextra -fno-tree-loop-distribute-
TRACE::2026-02-05.19:50:17::SCWBDomain::patterns -Os -flto -ffat-lto-objects"

TRACE::2026-02-05.19:50:17::SCWBDomain::"Running Make include in psu_cortexa53_0/libsrc/video_common_v4_13/src"

TRACE::2026-02-05.19:50:17::SCWBDomain::make -C psu_cortexa53_0/libsrc/video_common_v4_13/src -s include  "SHELL=CMD" "COMPILER=aarch64-none-elf-gcc" "ASSEMBLER=aarch6
TRACE::2026-02-05.19:50:17::SCWBDomain::4-none-elf-as" "ARCHIVER=aarch64-none-elf-ar" "COMPILER_FLAGS=  -c" "EXTRA_COMPILER_FLAGS=-g -Wall -Wextra -fno-tree-loop-distr
TRACE::2026-02-05.19:50:17::SCWBDomain::ibute-patterns -Os -flto -ffat-lto-objects"

TRACE::2026-02-05.19:50:17::SCWBDomain::"Running Make include in psu_cortexa53_0/libsrc/xilffs_v5_0/src"

TRACE::2026-02-05.19:50:17::SCWBDomain::make -C psu_cortexa53_0/libsrc/xilffs_v5_0/src -s include  "SHELL=CMD" "COMPILER=aarch64-none-elf-gcc" "ASSEMBLER=aarch64-none-
TRACE::2026-02-05.19:50:17::SCWBDomain::elf-as" "ARCHIVER=aarch64-none-elf-ar" "COMPILER_FLAGS=  -c" "EXTRA_COMPILER_FLAGS=-g -Wall -Wextra -fno-tree-loop-distribute-p
TRACE::2026-02-05.19:50:17::SCWBDomain::atterns -Os -flto -ffat-lto-objects"

TRACE::2026-02-05.19:50:17::SCWBDomain::"Running Make include in psu_cortexa53_0/libsrc/xilpm_v5_0/src"

TRACE::2026-02-05.19:50:17::SCWBDomain::make -C psu_cortexa53_0/libsrc/xilpm_v5_0/src -s include  "SHELL=CMD" "COMPILER=aarch64-none-elf-gcc" "ASSEMBLER=aarch64-none-e
TRACE::2026-02-05.19:50:17::SCWBDomain::lf-as" "ARCHIVER=aarch64-none-elf-ar" "COMPILER_FLAGS=  -c" "EXTRA_COMPILER_FLAGS=-g -Wall -Wextra -fno-tree-loop-distribute-pa
TRACE::2026-02-05.19:50:17::SCWBDomain::tterns -Os -flto -ffat-lto-objects"

TRACE::2026-02-05.19:50:17::SCWBDomain::"Running Make include in psu_cortexa53_0/libsrc/xilsecure_v5_1/src"

TRACE::2026-02-05.19:50:18::SCWBDomain::make -C psu_cortexa53_0/libsrc/xilsecure_v5_1/src -s include  "SHELL=CMD" "COMPILER=aarch64-none-elf-gcc" "ASSEMBLER=aarch64-no
TRACE::2026-02-05.19:50:18::SCWBDomain::ne-elf-as" "ARCHIVER=aarch64-none-elf-ar" "COMPILER_FLAGS=  -c" "EXTRA_COMPILER_FLAGS=-g -Wall -Wextra -fno-tree-loop-distribut
TRACE::2026-02-05.19:50:18::SCWBDomain::e-patterns -Os -flto -ffat-lto-objects"

TRACE::2026-02-05.19:50:18::SCWBDomain::"Running Make include in psu_cortexa53_0/libsrc/zdma_v1_16/src"

TRACE::2026-02-05.19:50:18::SCWBDomain::make -C psu_cortexa53_0/libsrc/zdma_v1_16/src -s include  "SHELL=CMD" "COMPILER=aarch64-none-elf-gcc" "ASSEMBLER=aarch64-none-e
TRACE::2026-02-05.19:50:18::SCWBDomain::lf-as" "ARCHIVER=aarch64-none-elf-ar" "COMPILER_FLAGS=  -c" "EXTRA_COMPILER_FLAGS=-g -Wall -Wextra -fno-tree-loop-distribute-pa
TRACE::2026-02-05.19:50:18::SCWBDomain::tterns -Os -flto -ffat-lto-objects"

TRACE::2026-02-05.19:50:18::SCWBDomain::"Include files for this library have already been copied."

TRACE::2026-02-05.19:50:18::SCWBDomain::"Running Make libs in psu_cortexa53_0/libsrc/axipmon_v6_9/src"

TRACE::2026-02-05.19:50:18::SCWBDomain::make -C psu_cortexa53_0/libsrc/axipmon_v6_9/src -s libs  "SHELL=CMD" "COMPILER=aarch64-none-elf-gcc" "ASSEMBLER=aarch64-none-el
TRACE::2026-02-05.19:50:18::SCWBDomain::f-as" "ARCHIVER=aarch64-none-elf-ar" "COMPILER_FLAGS=  -c" "EXTRA_COMPILER_FLAGS=-g -Wall -Wextra -fno-tree-loop-distribute-pat
TRACE::2026-02-05.19:50:18::SCWBDomain::terns -Os -flto -ffat-lto-objects"

TRACE::2026-02-05.19:50:18::SCWBDomain::"Running Make libs in psu_cortexa53_0/libsrc/clockps_v1_4/src"

TRACE::2026-02-05.19:50:18::SCWBDomain::make -C psu_cortexa53_0/libsrc/clockps_v1_4/src -s libs  "SHELL=CMD" "COMPILER=aarch64-none-elf-gcc" "ASSEMBLER=aarch64-none-el
TRACE::2026-02-05.19:50:18::SCWBDomain::f-as" "ARCHIVER=aarch64-none-elf-ar" "COMPILER_FLAGS=  -c" "EXTRA_COMPILER_FLAGS=-g -Wall -Wextra -fno-tree-loop-distribute-pat
TRACE::2026-02-05.19:50:18::SCWBDomain::terns -Os -flto -ffat-lto-objects"

TRACE::2026-02-05.19:50:18::SCWBDomain::"Running Make libs in psu_cortexa53_0/libsrc/coresightps_dcc_v1_8/src"

TRACE::2026-02-05.19:50:18::SCWBDomain::make -C psu_cortexa53_0/libsrc/coresightps_dcc_v1_8/src -s libs  "SHELL=CMD" "COMPILER=aarch64-none-elf-gcc" "ASSEMBLER=aarch64
TRACE::2026-02-05.19:50:18::SCWBDomain::-none-elf-as" "ARCHIVER=aarch64-none-elf-ar" "COMPILER_FLAGS=  -c" "EXTRA_COMPILER_FLAGS=-g -Wall -Wextra -fno-tree-loop-distri
TRACE::2026-02-05.19:50:18::SCWBDomain::bute-patterns -Os -flto -ffat-lto-objects"

TRACE::2026-02-05.19:50:18::SCWBDomain::"Running Make libs in psu_cortexa53_0/libsrc/cpu_cortexa53_v2_0/src"

TRACE::2026-02-05.19:50:18::SCWBDomain::make -C psu_cortexa53_0/libsrc/cpu_cortexa53_v2_0/src -s libs  "SHELL=CMD" "COMPILER=aarch64-none-elf-gcc" "ASSEMBLER=aarch64-n
TRACE::2026-02-05.19:50:18::SCWBDomain::one-elf-as" "ARCHIVER=aarch64-none-elf-ar" "COMPILER_FLAGS=  -c" "EXTRA_COMPILER_FLAGS=-g -Wall -Wextra -fno-tree-loop-distribu
TRACE::2026-02-05.19:50:18::SCWBDomain::te-patterns -Os -flto -ffat-lto-objects"

TRACE::2026-02-05.19:50:18::SCWBDomain::"Running Make libs in psu_cortexa53_0/libsrc/csudma_v1_13/src"

TRACE::2026-02-05.19:50:18::SCWBDomain::make -C psu_cortexa53_0/libsrc/csudma_v1_13/src -s libs  "SHELL=CMD" "COMPILER=aarch64-none-elf-gcc" "ASSEMBLER=aarch64-none-el
TRACE::2026-02-05.19:50:18::SCWBDomain::f-as" "ARCHIVER=aarch64-none-elf-ar" "COMPILER_FLAGS=  -c" "EXTRA_COMPILER_FLAGS=-g -Wall -Wextra -fno-tree-loop-distribute-pat
TRACE::2026-02-05.19:50:18::SCWBDomain::terns -Os -flto -ffat-lto-objects"

TRACE::2026-02-05.19:50:18::SCWBDomain::"Running Make libs in psu_cortexa53_0/libsrc/ddrcpsu_v1_4/src"

TRACE::2026-02-05.19:50:18::SCWBDomain::"Running Make libs in psu_cortexa53_0/libsrc/emacps_v3_18/src"

TRACE::2026-02-05.19:50:18::SCWBDomain::make -C psu_cortexa53_0/libsrc/ddrcpsu_v1_4/src -s libs  "SHELL=CMD" "COMPILER=aarch64-none-elf-gcc" "ASSEMBLER=aarch64-none-el
TRACE::2026-02-05.19:50:18::SCWBDomain::f-as" "ARCHIVER=aarch64-none-elf-ar" "COMPILER_FLAGS=  -c" "EXTRA_COMPILER_FLAGS=-g -Wall -Wextra -fno-tree-loop-distribute-pat
TRACE::2026-02-05.19:50:18::SCWBDomain::terns -Os -flto -ffat-lto-objects"

TRACE::2026-02-05.19:50:18::SCWBDomain::make -C psu_cortexa53_0/libsrc/emacps_v3_18/src -s libs  "SHELL=CMD" "COMPILER=aarch64-none-elf-gcc" "ASSEMBLER=aarch64-none-el
TRACE::2026-02-05.19:50:18::SCWBDomain::f-as" "ARCHIVER=aarch64-none-elf-ar" "COMPILER_FLAGS=  -c" "EXTRA_COMPILER_FLAGS=-g -Wall -Wextra -fno-tree-loop-distribute-pat
TRACE::2026-02-05.19:50:18::SCWBDomain::terns -Os -flto -ffat-lto-objects"

TRACE::2026-02-05.19:50:18::SCWBDomain::"Running Make libs in psu_cortexa53_0/libsrc/gpiops_v3_11/src"

TRACE::2026-02-05.19:50:18::SCWBDomain::make -C psu_cortexa53_0/libsrc/gpiops_v3_11/src -s libs  "SHELL=CMD" "COMPILER=aarch64-none-elf-gcc" "ASSEMBLER=aarch64-none-el
TRACE::2026-02-05.19:50:18::SCWBDomain::f-as" "ARCHIVER=aarch64-none-elf-ar" "COMPILER_FLAGS=  -c" "EXTRA_COMPILER_FLAGS=-g -Wall -Wextra -fno-tree-loop-distribute-pat
TRACE::2026-02-05.19:50:18::SCWBDomain::terns -Os -flto -ffat-lto-objects"

TRACE::2026-02-05.19:50:18::SCWBDomain::"Running Make libs in psu_cortexa53_0/libsrc/iicps_v3_17/src"

TRACE::2026-02-05.19:50:18::SCWBDomain::make -C psu_cortexa53_0/libsrc/iicps_v3_17/src -s libs  "SHELL=CMD" "COMPILER=aarch64-none-elf-gcc" "ASSEMBLER=aarch64-none-elf
TRACE::2026-02-05.19:50:18::SCWBDomain::-as" "ARCHIVER=aarch64-none-elf-ar" "COMPILER_FLAGS=  -c" "EXTRA_COMPILER_FLAGS=-g -Wall -Wextra -fno-tree-loop-distribute-patt
TRACE::2026-02-05.19:50:18::SCWBDomain::erns -Os -flto -ffat-lto-objects"

TRACE::2026-02-05.19:50:18::SCWBDomain::"Running Make libs in psu_cortexa53_0/libsrc/ipipsu_v2_13/src"

TRACE::2026-02-05.19:50:18::SCWBDomain::make -C psu_cortexa53_0/libsrc/ipipsu_v2_13/src -s libs  "SHELL=CMD" "COMPILER=aarch64-none-elf-gcc" "ASSEMBLER=aarch64-none-el
TRACE::2026-02-05.19:50:18::SCWBDomain::f-as" "ARCHIVER=aarch64-none-elf-ar" "COMPILER_FLAGS=  -c" "EXTRA_COMPILER_FLAGS=-g -Wall -Wextra -fno-tree-loop-distribute-pat
TRACE::2026-02-05.19:50:18::SCWBDomain::terns -Os -flto -ffat-lto-objects"

TRACE::2026-02-05.19:50:18::SCWBDomain::"Running Make libs in psu_cortexa53_0/libsrc/pciepsu_v1_5/src"

TRACE::2026-02-05.19:50:18::SCWBDomain::make -C psu_cortexa53_0/libsrc/pciepsu_v1_5/src -s libs  "SHELL=CMD" "COMPILER=aarch64-none-elf-gcc" "ASSEMBLER=aarch64-none-el
TRACE::2026-02-05.19:50:18::SCWBDomain::f-as" "ARCHIVER=aarch64-none-elf-ar" "COMPILER_FLAGS=  -c" "EXTRA_COMPILER_FLAGS=-g -Wall -Wextra -fno-tree-loop-distribute-pat
TRACE::2026-02-05.19:50:18::SCWBDomain::terns -Os -flto -ffat-lto-objects"

TRACE::2026-02-05.19:50:18::SCWBDomain::"Running Make libs in psu_cortexa53_0/libsrc/qspipsu_v1_17/src"

TRACE::2026-02-05.19:50:18::SCWBDomain::make -C psu_cortexa53_0/libsrc/qspipsu_v1_17/src -s libs  "SHELL=CMD" "COMPILER=aarch64-none-elf-gcc" "ASSEMBLER=aarch64-none-e
TRACE::2026-02-05.19:50:18::SCWBDomain::lf-as" "ARCHIVER=aarch64-none-elf-ar" "COMPILER_FLAGS=  -c" "EXTRA_COMPILER_FLAGS=-g -Wall -Wextra -fno-tree-loop-distribute-pa
TRACE::2026-02-05.19:50:18::SCWBDomain::tterns -Os -flto -ffat-lto-objects"

TRACE::2026-02-05.19:50:18::SCWBDomain::"Running Make libs in psu_cortexa53_0/libsrc/resetps_v1_5/src"

TRACE::2026-02-05.19:50:18::SCWBDomain::make -C psu_cortexa53_0/libsrc/resetps_v1_5/src -s libs  "SHELL=CMD" "COMPILER=aarch64-none-elf-gcc" "ASSEMBLER=aarch64-none-el
TRACE::2026-02-05.19:50:18::SCWBDomain::f-as" "ARCHIVER=aarch64-none-elf-ar" "COMPILER_FLAGS=  -c" "EXTRA_COMPILER_FLAGS=-g -Wall -Wextra -fno-tree-loop-distribute-pat
TRACE::2026-02-05.19:50:18::SCWBDomain::terns -Os -flto -ffat-lto-objects"

TRACE::2026-02-05.19:50:18::SCWBDomain::"Running Make libs in psu_cortexa53_0/libsrc/rtcpsu_v1_12/src"

TRACE::2026-02-05.19:50:18::SCWBDomain::make -C psu_cortexa53_0/libsrc/rtcpsu_v1_12/src -s libs  "SHELL=CMD" "COMPILER=aarch64-none-elf-gcc" "ASSEMBLER=aarch64-none-el
TRACE::2026-02-05.19:50:18::SCWBDomain::f-as" "ARCHIVER=aarch64-none-elf-ar" "COMPILER_FLAGS=  -c" "EXTRA_COMPILER_FLAGS=-g -Wall -Wextra -fno-tree-loop-distribute-pat
TRACE::2026-02-05.19:50:18::SCWBDomain::terns -Os -flto -ffat-lto-objects"

TRACE::2026-02-05.19:50:18::SCWBDomain::"Running Make libs in psu_cortexa53_0/libsrc/scugic_v5_1/src"

TRACE::2026-02-05.19:50:18::SCWBDomain::"Running Make libs in psu_cortexa53_0/libsrc/sdps_v4_1/src"

TRACE::2026-02-05.19:50:18::SCWBDomain::make -C psu_cortexa53_0/libsrc/scugic_v5_1/src -s libs  "SHELL=CMD" "COMPILER=aarch64-none-elf-gcc" "ASSEMBLER=aarch64-none-elf
TRACE::2026-02-05.19:50:18::SCWBDomain::-as" "ARCHIVER=aarch64-none-elf-ar" "COMPILER_FLAGS=  -c" "EXTRA_COMPILER_FLAGS=-g -Wall -Wextra -fno-tree-loop-distribute-patt
TRACE::2026-02-05.19:50:18::SCWBDomain::erns -Os -flto -ffat-lto-objects"

TRACE::2026-02-05.19:50:18::SCWBDomain::make -C psu_cortexa53_0/libsrc/sdps_v4_1/src -s libs  "SHELL=CMD" "COMPILER=aarch64-none-elf-gcc" "ASSEMBLER=aarch64-none-elf-a
TRACE::2026-02-05.19:50:18::SCWBDomain::s" "ARCHIVER=aarch64-none-elf-ar" "COMPILER_FLAGS=  -c" "EXTRA_COMPILER_FLAGS=-g -Wall -Wextra -fno-tree-loop-distribute-patter
TRACE::2026-02-05.19:50:18::SCWBDomain::ns -Os -flto -ffat-lto-objects"

TRACE::2026-02-05.19:50:18::SCWBDomain::"Running Make libs in psu_cortexa53_0/libsrc/standalone_v8_1/src"

TRACE::2026-02-05.19:50:18::SCWBDomain::make -C psu_cortexa53_0/libsrc/standalone_v8_1/src -s libs  "SHELL=CMD" "COMPILER=aarch64-none-elf-gcc" "ASSEMBLER=aarch64-none
TRACE::2026-02-05.19:50:18::SCWBDomain::-elf-as" "ARCHIVER=aarch64-none-elf-ar" "COMPILER_FLAGS=  -c" "EXTRA_COMPILER_FLAGS=-g -Wall -Wextra -fno-tree-loop-distribute-
TRACE::2026-02-05.19:50:18::SCWBDomain::patterns -Os -flto -ffat-lto-objects"

TRACE::2026-02-05.19:50:18::SCWBDomain::"Running Make libs in psu_cortexa53_0/libsrc/sysmonpsu_v2_8/src"

TRACE::2026-02-05.19:50:18::SCWBDomain::make -C psu_cortexa53_0/libsrc/sysmonpsu_v2_8/src -s libs  "SHELL=CMD" "COMPILER=aarch64-none-elf-gcc" "ASSEMBLER=aarch64-none-
TRACE::2026-02-05.19:50:18::SCWBDomain::elf-as" "ARCHIVER=aarch64-none-elf-ar" "COMPILER_FLAGS=  -c" "EXTRA_COMPILER_FLAGS=-g -Wall -Wextra -fno-tree-loop-distribute-p
TRACE::2026-02-05.19:50:18::SCWBDomain::atterns -Os -flto -ffat-lto-objects"

TRACE::2026-02-05.19:50:18::SCWBDomain::"Running Make libs in psu_cortexa53_0/libsrc/ttcps_v3_17/src"

TRACE::2026-02-05.19:50:18::SCWBDomain::make -C psu_cortexa53_0/libsrc/ttcps_v3_17/src -s libs  "SHELL=CMD" "COMPILER=aarch64-none-elf-gcc" "ASSEMBLER=aarch64-none-elf
TRACE::2026-02-05.19:50:18::SCWBDomain::-as" "ARCHIVER=aarch64-none-elf-ar" "COMPILER_FLAGS=  -c" "EXTRA_COMPILER_FLAGS=-g -Wall -Wextra -fno-tree-loop-distribute-patt
TRACE::2026-02-05.19:50:18::SCWBDomain::erns -Os -flto -ffat-lto-objects"

TRACE::2026-02-05.19:50:18::SCWBDomain::"Running Make libs in psu_cortexa53_0/libsrc/uartps_v3_12/src"

TRACE::2026-02-05.19:50:18::SCWBDomain::make -C psu_cortexa53_0/libsrc/uartps_v3_12/src -s libs  "SHELL=CMD" "COMPILER=aarch64-none-elf-gcc" "ASSEMBLER=aarch64-none-el
TRACE::2026-02-05.19:50:18::SCWBDomain::f-as" "ARCHIVER=aarch64-none-elf-ar" "COMPILER_FLAGS=  -c" "EXTRA_COMPILER_FLAGS=-g -Wall -Wextra -fno-tree-loop-distribute-pat
TRACE::2026-02-05.19:50:18::SCWBDomain::terns -Os -flto -ffat-lto-objects"

TRACE::2026-02-05.19:50:18::SCWBDomain::"Running Make libs in psu_cortexa53_0/libsrc/usbpsu_v1_13/src"

TRACE::2026-02-05.19:50:18::SCWBDomain::make -C psu_cortexa53_0/libsrc/usbpsu_v1_13/src -s libs  "SHELL=CMD" "COMPILER=aarch64-none-elf-gcc" "ASSEMBLER=aarch64-none-el
TRACE::2026-02-05.19:50:18::SCWBDomain::f-as" "ARCHIVER=aarch64-none-elf-ar" "COMPILER_FLAGS=  -c" "EXTRA_COMPILER_FLAGS=-g -Wall -Wextra -fno-tree-loop-distribute-pat
TRACE::2026-02-05.19:50:18::SCWBDomain::terns -Os -flto -ffat-lto-objects"

TRACE::2026-02-05.19:50:18::SCWBDomain::"Running Make libs in psu_cortexa53_0/libsrc/video_common_v4_13/src"

TRACE::2026-02-05.19:50:18::SCWBDomain::"Running Make libs in psu_cortexa53_0/libsrc/xilffs_v5_0/src"

TRACE::2026-02-05.19:50:18::SCWBDomain::make -C psu_cortexa53_0/libsrc/video_common_v4_13/src -s libs  "SHELL=CMD" "COMPILER=aarch64-none-elf-gcc" "ASSEMBLER=aarch64-n
TRACE::2026-02-05.19:50:18::SCWBDomain::one-elf-as" "ARCHIVER=aarch64-none-elf-ar" "COMPILER_FLAGS=  -c" "EXTRA_COMPILER_FLAGS=-g -Wall -Wextra -fno-tree-loop-distribu
TRACE::2026-02-05.19:50:18::SCWBDomain::te-patterns -Os -flto -ffat-lto-objects"

TRACE::2026-02-05.19:50:18::SCWBDomain::make -C psu_cortexa53_0/libsrc/xilffs_v5_0/src -s libs  "SHELL=CMD" "COMPILER=aarch64-none-elf-gcc" "ASSEMBLER=aarch64-none-elf
TRACE::2026-02-05.19:50:18::SCWBDomain::-as" "ARCHIVER=aarch64-none-elf-ar" "COMPILER_FLAGS=  -c" "EXTRA_COMPILER_FLAGS=-g -Wall -Wextra -fno-tree-loop-distribute-patt
TRACE::2026-02-05.19:50:18::SCWBDomain::erns -Os -flto -ffat-lto-objects"

TRACE::2026-02-05.19:50:18::SCWBDomain::"Running Make libs in psu_cortexa53_0/libsrc/zdma_v1_16/src"

TRACE::2026-02-05.19:50:18::SCWBDomain::make -C psu_cortexa53_0/libsrc/zdma_v1_16/src -s libs  "SHELL=CMD" "COMPILER=aarch64-none-elf-gcc" "ASSEMBLER=aarch64-none-elf-
TRACE::2026-02-05.19:50:18::SCWBDomain::as" "ARCHIVER=aarch64-none-elf-ar" "COMPILER_FLAGS=  -c" "EXTRA_COMPILER_FLAGS=-g -Wall -Wextra -fno-tree-loop-distribute-patte
TRACE::2026-02-05.19:50:18::SCWBDomain::rns -Os -flto -ffat-lto-objects"

TRACE::2026-02-05.19:50:19::SCWBDomain::'Finished building libraries parallelly.'

TRACE::2026-02-05.19:50:19::SCWBDomain::make --no-print-directory archive

TRACE::2026-02-05.19:50:19::SCWBDomain::aarch64-none-elf-ar -r  psu_cortexa53_0/lib/libxil.a psu_cortexa53_0/lib/_exit.o psu_cortexa53_0/lib/_open.o psu_cortexa53_0/li
TRACE::2026-02-05.19:50:19::SCWBDomain::b/_sbrk.o psu_cortexa53_0/lib/abort.o psu_cortexa53_0/lib/asm_vectors.o psu_cortexa53_0/lib/boot.o psu_cortexa53_0/lib/close.o 
TRACE::2026-02-05.19:50:19::SCWBDomain::psu_cortexa53_0/lib/cpputest_time.o psu_cortexa53_0/lib/errno.o psu_cortexa53_0/lib/fcntl.o psu_cortexa53_0/lib/fstat.o psu_cor
TRACE::2026-02-05.19:50:19::SCWBDomain::texa53_0/lib/getentropy.o psu_cortexa53_0/lib/getpid.o psu_cortexa53_0/lib/inbyte.o psu_cortexa53_0/lib/initialise_monitor_hand
TRACE::2026-02-05.19:50:19::SCWBDomain::les.o psu_cortexa53_0/lib/isatty.o psu_cortexa53_0/lib/kill.o psu_cortexa53_0/lib/lseek.o psu_cortexa53_0/lib/open.o psu_cortex
TRACE::2026-02-05.19:50:19::SCWBDomain::a53_0/lib/outbyte.o psu_cortexa53_0/lib/print.o psu_cortexa53_0/lib/putnum.o psu_cortexa53_0/lib/read.o psu_cortexa53_0/lib/sbr
TRACE::2026-02-05.19:50:19::SCWBDomain::k.o psu_cortexa53_0/lib/sleep.o psu_cortexa53_0/lib/time.o psu_cortexa53_0/lib/translation_table.o psu_cortexa53_0/lib/unlink.o
TRACE::2026-02-05.19:50:19::SCWBDomain:: psu_cortexa53_0/lib/vectors.o psu_cortexa53_0/lib/write.o psu_cortexa53_0/lib/xaxipmon.o psu_cortexa53_0/lib/xaxipmon_g.o psu_
TRACE::2026-02-05.19:50:19::SCWBDomain::cortexa53_0/lib/xaxipmon_selftest.o psu_cortexa53_0/lib/xaxipmon_sinit.o psu_cortexa53_0/lib/xclockps.o psu_cortexa53_0/lib/xcl
TRACE::2026-02-05.19:50:19::SCWBDomain::ockps_divider.o psu_cortexa53_0/lib/xclockps_fixedfactor.o psu_cortexa53_0/lib/xclockps_g.o psu_cortexa53_0/lib/xclockps_gate.o
TRACE::2026-02-05.19:50:19::SCWBDomain:: psu_cortexa53_0/lib/xclockps_mux.o psu_cortexa53_0/lib/xclockps_pll.o psu_cortexa53_0/lib/xclockps_sinit.o psu_cortexa53_0/lib
TRACE::2026-02-05.19:50:19::SCWBDomain::/xcoresightpsdcc.o psu_cortexa53_0/lib/xcsudma.o psu_cortexa53_0/lib/xcsudma_g.o psu_cortexa53_0/lib/xcsudma_intr.o psu_cortexa
TRACE::2026-02-05.19:50:19::SCWBDomain::53_0/lib/xcsudma_selftest.o psu_cortexa53_0/lib/xcsudma_sinit.o psu_cortexa53_0/lib/xemacps.o psu_cortexa53_0/lib/xemacps_bdrin
TRACE::2026-02-05.19:50:19::SCWBDomain::g.o psu_cortexa53_0/lib/xemacps_control.o psu_cortexa53_0/lib/xemacps_g.o psu_cortexa53_0/lib/xemacps_hw.o psu_cortexa53_0/lib/
TRACE::2026-02-05.19:50:19::SCWBDomain::xemacps_intr.o psu_cortexa53_0/lib/xemacps_sinit.o psu_cortexa53_0/lib/xgpiops.o psu_cortexa53_0/lib/xgpiops_g.o psu_cortexa53_
TRACE::2026-02-05.19:50:19::SCWBDomain::0/lib/xgpiops_hw.o psu_cortexa53_0/lib/xgpiops_intr.o psu_cortexa53_0/lib/xgpiops_selftest.o psu_cortexa53_0/lib/xgpiops_sinit.
TRACE::2026-02-05.19:50:19::SCWBDomain::o psu_cortexa53_0/lib/xiicps.o psu_cortexa53_0/lib/xiicps_g.o psu_cortexa53_0/lib/xiicps_hw.o psu_cortexa53_0/lib/xiicps_intr.o
TRACE::2026-02-05.19:50:19::SCWBDomain:: psu_cortexa53_0/lib/xiicps_master.o psu_cortexa53_0/lib/xiicps_options.o psu_cortexa53_0/lib/xiicps_selftest.o psu_cortexa53_0
TRACE::2026-02-05.19:50:19::SCWBDomain::/lib/xiicps_sinit.o psu_cortexa53_0/lib/xiicps_slave.o psu_cortexa53_0/lib/xiicps_xfer.o psu_cortexa53_0/lib/xil-crt0.o psu_cor
TRACE::2026-02-05.19:50:19::SCWBDomain::texa53_0/lib/xil_assert.o psu_cortexa53_0/lib/xil_cache.o psu_cortexa53_0/lib/xil_clocking.o psu_cortexa53_0/lib/xil_exception.
TRACE::2026-02-05.19:50:19::SCWBDomain::o psu_cortexa53_0/lib/xil_mem.o psu_cortexa53_0/lib/xil_mmu.o psu_cortexa53_0/lib/xil_printf.o psu_cortexa53_0/lib/xil_sleepcom
TRACE::2026-02-05.19:50:19::SCWBDomain::mon.o psu_cortexa53_0/lib/xil_sleeptimer.o psu_cortexa53_0/lib/xil_smc.o psu_cortexa53_0/lib/xil_spinlock.o psu_cortexa53_0/lib
TRACE::2026-02-05.19:50:19::SCWBDomain::/xil_testcache.o psu_cortexa53_0/lib/xil_testio.o psu_cortexa53_0/lib/xil_testmem.o psu_cortexa53_0/lib/xil_util.o psu_cortexa5
TRACE::2026-02-05.19:50:19::SCWBDomain::3_0/lib/xinterrupt_wrap.o psu_cortexa53_0/lib/xipipsu.o psu_cortexa53_0/lib/xipipsu_buf.o psu_cortexa53_0/lib/xipipsu_g.o psu_c
TRACE::2026-02-05.19:50:19::SCWBDomain::ortexa53_0/lib/xipipsu_sinit.o psu_cortexa53_0/lib/xpciepsu.o psu_cortexa53_0/lib/xpciepsu_caps.o psu_cortexa53_0/lib/xpciepsu_
TRACE::2026-02-05.19:50:19::SCWBDomain::ep.o psu_cortexa53_0/lib/xpciepsu_g.o psu_cortexa53_0/lib/xpciepsu_sinit.o psu_cortexa53_0/lib/xplatform_info.o psu_cortexa53_0
TRACE::2026-02-05.19:50:19::SCWBDomain::/lib/xpm_counter.o psu_cortexa53_0/lib/xqspipsu.o psu_cortexa53_0/lib/xqspipsu_control.o psu_cortexa53_0/lib/xqspipsu_g.o psu_c
TRACE::2026-02-05.19:50:19::SCWBDomain::ortexa53_0/lib/xqspipsu_hw.o psu_cortexa53_0/lib/xqspipsu_options.o psu_cortexa53_0/lib/xqspipsu_sinit.o psu_cortexa53_0/lib/xr
TRACE::2026-02-05.19:50:19::SCWBDomain::esetps.o psu_cortexa53_0/lib/xresetps_g.o psu_cortexa53_0/lib/xresetps_sinit.o psu_cortexa53_0/lib/xrtcpsu.o psu_cortexa53_0/li
TRACE::2026-02-05.19:50:19::SCWBDomain::b/xrtcpsu_g.o psu_cortexa53_0/lib/xrtcpsu_intr.o psu_cortexa53_0/lib/xrtcpsu_selftest.o psu_cortexa53_0/lib/xrtcpsu_sinit.o psu
TRACE::2026-02-05.19:50:19::SCWBDomain::_cortexa53_0/lib/xscugic.o psu_cortexa53_0/lib/xscugic_g.o psu_cortexa53_0/lib/xscugic_hw.o psu_cortexa53_0/lib/xscugic_intr.o 
TRACE::2026-02-05.19:50:19::SCWBDomain::psu_cortexa53_0/lib/xscugic_selftest.o psu_cortexa53_0/lib/xscugic_sinit.o psu_cortexa53_0/lib/xsdps.o psu_cortexa53_0/lib/xsdp
TRACE::2026-02-05.19:50:19::SCWBDomain::s_card.o psu_cortexa53_0/lib/xsdps_g.o psu_cortexa53_0/lib/xsdps_host.o psu_cortexa53_0/lib/xsdps_options.o psu_cortexa53_0/lib
TRACE::2026-02-05.19:50:19::SCWBDomain::/xsdps_sinit.o psu_cortexa53_0/lib/xsysmonpsu.o psu_cortexa53_0/lib/xsysmonpsu_g.o psu_cortexa53_0/lib/xsysmonpsu_intr.o psu_co
TRACE::2026-02-05.19:50:19::SCWBDomain::rtexa53_0/lib/xsysmonpsu_selftest.o psu_cortexa53_0/lib/xsysmonpsu_sinit.o psu_cortexa53_0/lib/xtime_l.o psu_cortexa53_0/lib/xt
TRACE::2026-02-05.19:50:19::SCWBDomain::tcps.o psu_cortexa53_0/lib/xttcps_g.o psu_cortexa53_0/lib/xttcps_options.o psu_cortexa53_0/lib/xttcps_selftest.o psu_cortexa53_
TRACE::2026-02-05.19:50:19::SCWBDomain::0/lib/xttcps_sinit.o psu_cortexa53_0/lib/xuartps.o psu_cortexa53_0/lib/xuartps_g.o psu_cortexa53_0/lib/xuartps_hw.o psu_cortexa
TRACE::2026-02-05.19:50:19::SCWBDomain::53_0/lib/xuartps_intr.o psu_cortexa53_0/lib/xuartps_options.o psu_cortexa53_0/lib/xuartps_selftest.o psu_cortexa53_0/lib/xuartp
TRACE::2026-02-05.19:50:19::SCWBDomain::s_sinit.o psu_cortexa53_0/lib/xusbpsu.o psu_cortexa53_0/lib/xusbpsu_command.o psu_cortexa53_0/lib/xusbpsu_controltransfers.o ps
TRACE::2026-02-05.19:50:19::SCWBDomain::u_cortexa53_0/lib/xusbpsu_device.o psu_cortexa53_0/lib/xusbpsu_endpoint.o psu_cortexa53_0/lib/xusbpsu_ep0handler.o psu_cortexa5
TRACE::2026-02-05.19:50:19::SCWBDomain::3_0/lib/xusbpsu_ephandler.o psu_cortexa53_0/lib/xusbpsu_event.o psu_cortexa53_0/lib/xusbpsu_g.o psu_cortexa53_0/lib/xusbpsu_hib
TRACE::2026-02-05.19:50:19::SCWBDomain::ernation.o psu_cortexa53_0/lib/xusbpsu_intr.o psu_cortexa53_0/lib/xusbpsu_sinit.o psu_cortexa53_0/lib/xvidc.o psu_cortexa53_0/l
TRACE::2026-02-05.19:50:19::SCWBDomain::ib/xvidc_edid.o psu_cortexa53_0/lib/xvidc_edid_ext.o psu_cortexa53_0/lib/xvidc_parse_edid.o psu_cortexa53_0/lib/xvidc_timings_t
TRACE::2026-02-05.19:50:19::SCWBDomain::able.o psu_cortexa53_0/lib/xzdma.o psu_cortexa53_0/lib/xzdma_g.o psu_cortexa53_0/lib/xzdma_intr.o psu_cortexa53_0/lib/xzdma_sel
TRACE::2026-02-05.19:50:19::SCWBDomain::ftest.o psu_cortexa53_0/lib/xzdma_sinit.o

TRACE::2026-02-05.19:50:19::SCWBDomain::'Finished building libraries'

TRACE::2026-02-05.19:50:19::SCWBDomain::make: Leaving directory 'C:/TFG_Vivado/demo/course_s2_Vitis/01_ps_hello/vitis/design_1_wrapper/zynqmp_fsbl/zynqmp_fsbl_bsp'

TRACE::2026-02-05.19:50:19::SCWBDomain::aarch64-none-elf-gcc  -c -MMD -MP      -Wall -fmessage-length=0 -DARMA53_64 -Os -flto -ffat-lto-objects   -c xfsbl_partition_lo
TRACE::2026-02-05.19:50:19::SCWBDomain::ad.c -o xfsbl_partition_load.o -Izynqmp_fsbl_bsp/psu_cortexa53_0/include -I.

TRACE::2026-02-05.19:50:20::SCWBDomain::aarch64-none-elf-gcc  -c -MMD -MP      -Wall -fmessage-length=0 -DARMA53_64 -Os -flto -ffat-lto-objects   -c xfsbl_qspi.c -o xf
TRACE::2026-02-05.19:50:20::SCWBDomain::sbl_qspi.o -Izynqmp_fsbl_bsp/psu_cortexa53_0/include -I.

TRACE::2026-02-05.19:50:20::SCWBDomain::aarch64-none-elf-gcc  -c -MMD -MP      -Wall -fmessage-length=0 -DARMA53_64 -Os -flto -ffat-lto-objects   -c xfsbl_csu_dma.c -o
TRACE::2026-02-05.19:50:20::SCWBDomain:: xfsbl_csu_dma.o -Izynqmp_fsbl_bsp/psu_cortexa53_0/include -I.

TRACE::2026-02-05.19:50:20::SCWBDomain::aarch64-none-elf-gcc  -c -MMD -MP      -Wall -fmessage-length=0 -DARMA53_64 -Os -flto -ffat-lto-objects   -c xfsbl_nand.c -o xf
TRACE::2026-02-05.19:50:20::SCWBDomain::sbl_nand.o -Izynqmp_fsbl_bsp/psu_cortexa53_0/include -I.

TRACE::2026-02-05.19:50:20::SCWBDomain::aarch64-none-elf-gcc  -c -MMD -MP      -Wall -fmessage-length=0 -DARMA53_64 -Os -flto -ffat-lto-objects   -c xfsbl_image_header
TRACE::2026-02-05.19:50:20::SCWBDomain::.c -o xfsbl_image_header.o -Izynqmp_fsbl_bsp/psu_cortexa53_0/include -I.

TRACE::2026-02-05.19:50:20::SCWBDomain::aarch64-none-elf-gcc  -c -MMD -MP      -Wall -fmessage-length=0 -DARMA53_64 -Os -flto -ffat-lto-objects   -c xfsbl_hooks.c -o x
TRACE::2026-02-05.19:50:20::SCWBDomain::fsbl_hooks.o -Izynqmp_fsbl_bsp/psu_cortexa53_0/include -I.

TRACE::2026-02-05.19:50:21::SCWBDomain::aarch64-none-elf-gcc  -c -MMD -MP      -Wall -fmessage-length=0 -DARMA53_64 -Os -flto -ffat-lto-objects   -c xfsbl_main.c -o xf
TRACE::2026-02-05.19:50:21::SCWBDomain::sbl_main.o -Izynqmp_fsbl_bsp/psu_cortexa53_0/include -I.

TRACE::2026-02-05.19:50:21::SCWBDomain::aarch64-none-elf-gcc  -c -MMD -MP      -Wall -fmessage-length=0 -DARMA53_64 -Os -flto -ffat-lto-objects   -c xfsbl_dfu_util.c -
TRACE::2026-02-05.19:50:21::SCWBDomain::o xfsbl_dfu_util.o -Izynqmp_fsbl_bsp/psu_cortexa53_0/include -I.

TRACE::2026-02-05.19:50:21::SCWBDomain::aarch64-none-elf-gcc  -c -MMD -MP      -Wall -fmessage-length=0 -DARMA53_64 -Os -flto -ffat-lto-objects   -c xfsbl_tpm.c -o xfs
TRACE::2026-02-05.19:50:21::SCWBDomain::bl_tpm.o -Izynqmp_fsbl_bsp/psu_cortexa53_0/include -I.

TRACE::2026-02-05.19:50:21::SCWBDomain::aarch64-none-elf-gcc  -c -MMD -MP      -Wall -fmessage-length=0 -DARMA53_64 -Os -flto -ffat-lto-objects   -c xfsbl_initializati
TRACE::2026-02-05.19:50:21::SCWBDomain::on.c -o xfsbl_initialization.o -Izynqmp_fsbl_bsp/psu_cortexa53_0/include -I.

TRACE::2026-02-05.19:50:21::SCWBDomain::aarch64-none-elf-gcc  -c -MMD -MP      -Wall -fmessage-length=0 -DARMA53_64 -Os -flto -ffat-lto-objects   -c xfsbl_ddr_init.c -
TRACE::2026-02-05.19:50:21::SCWBDomain::o xfsbl_ddr_init.o -Izynqmp_fsbl_bsp/psu_cortexa53_0/include -I.

TRACE::2026-02-05.19:50:21::SCWBDomain::aarch64-none-elf-gcc  -c -MMD -MP      -Wall -fmessage-length=0 -DARMA53_64 -Os -flto -ffat-lto-objects   -c xfsbl_handoff.c -o
TRACE::2026-02-05.19:50:21::SCWBDomain:: xfsbl_handoff.o -Izynqmp_fsbl_bsp/psu_cortexa53_0/include -I.

TRACE::2026-02-05.19:50:21::SCWBDomain::aarch64-none-elf-gcc  -c -MMD -MP      -Wall -fmessage-length=0 -DARMA53_64 -Os -flto -ffat-lto-objects   -c xfsbl_sd.c -o xfsb
TRACE::2026-02-05.19:50:21::SCWBDomain::l_sd.o -Izynqmp_fsbl_bsp/psu_cortexa53_0/include -I.

TRACE::2026-02-05.19:50:22::SCWBDomain::aarch64-none-elf-gcc  -c -MMD -MP      -Wall -fmessage-length=0 -DARMA53_64 -Os -flto -ffat-lto-objects   -c xfsbl_board.c -o x
TRACE::2026-02-05.19:50:22::SCWBDomain::fsbl_board.o -Izynqmp_fsbl_bsp/psu_cortexa53_0/include -I.

TRACE::2026-02-05.19:50:22::SCWBDomain::aarch64-none-elf-gcc  -c -MMD -MP      -Wall -fmessage-length=0 -DARMA53_64 -Os -flto -ffat-lto-objects   -c xfsbl_misc_drivers
TRACE::2026-02-05.19:50:22::SCWBDomain::.c -o xfsbl_misc_drivers.o -Izynqmp_fsbl_bsp/psu_cortexa53_0/include -I.

TRACE::2026-02-05.19:50:22::SCWBDomain::aarch64-none-elf-gcc  -c -MMD -MP      -Wall -fmessage-length=0 -DARMA53_64 -Os -flto -ffat-lto-objects   -c xfsbl_bs.c -o xfsb
TRACE::2026-02-05.19:50:22::SCWBDomain::l_bs.o -Izynqmp_fsbl_bsp/psu_cortexa53_0/include -I.

TRACE::2026-02-05.19:50:22::SCWBDomain::aarch64-none-elf-gcc  -c -MMD -MP      -Wall -fmessage-length=0 -DARMA53_64 -Os -flto -ffat-lto-objects   -c xfsbl_tpm_util.c -
TRACE::2026-02-05.19:50:22::SCWBDomain::o xfsbl_tpm_util.o -Izynqmp_fsbl_bsp/psu_cortexa53_0/include -I.

TRACE::2026-02-05.19:50:22::SCWBDomain::aarch64-none-elf-gcc  -c -MMD -MP      -Wall -fmessage-length=0 -DARMA53_64 -Os -flto -ffat-lto-objects   -c xfsbl_rsa_sha.c -o
TRACE::2026-02-05.19:50:22::SCWBDomain:: xfsbl_rsa_sha.o -Izynqmp_fsbl_bsp/psu_cortexa53_0/include -I.

TRACE::2026-02-05.19:50:22::SCWBDomain::aarch64-none-elf-gcc  -c -MMD -MP      -Wall -fmessage-length=0 -DARMA53_64 -Os -flto -ffat-lto-objects   -c xfsbl_plpartition_
TRACE::2026-02-05.19:50:22::SCWBDomain::valid.c -o xfsbl_plpartition_valid.o -Izynqmp_fsbl_bsp/psu_cortexa53_0/include -I.

TRACE::2026-02-05.19:50:22::SCWBDomain::aarch64-none-elf-gcc  -c -MMD -MP      -Wall -fmessage-length=0 -DARMA53_64 -Os -flto -ffat-lto-objects   -c xfsbl_misc.c -o xf
TRACE::2026-02-05.19:50:22::SCWBDomain::sbl_misc.o -Izynqmp_fsbl_bsp/psu_cortexa53_0/include -I.

TRACE::2026-02-05.19:50:23::SCWBDomain::aarch64-none-elf-gcc  -c -MMD -MP      -Wall -fmessage-length=0 -DARMA53_64 -Os -flto -ffat-lto-objects   -c xfsbl_authenticati
TRACE::2026-02-05.19:50:23::SCWBDomain::on.c -o xfsbl_authentication.o -Izynqmp_fsbl_bsp/psu_cortexa53_0/include -I.

TRACE::2026-02-05.19:50:23::SCWBDomain::aarch64-none-elf-gcc  -c -MMD -MP      -Wall -fmessage-length=0 -DARMA53_64 -Os -flto -ffat-lto-objects   -c xfsbl_usb.c -o xfs
TRACE::2026-02-05.19:50:23::SCWBDomain::bl_usb.o -Izynqmp_fsbl_bsp/psu_cortexa53_0/include -I.

TRACE::2026-02-05.19:50:23::SCWBDomain::aarch64-none-elf-gcc -o fsbl_a53.elf psu_init.o xfsbl_authentication.o xfsbl_board.o xfsbl_bs.o xfsbl_csu_dma.o xfsbl_ddr_init.
TRACE::2026-02-05.19:50:23::SCWBDomain::o xfsbl_dfu_util.o xfsbl_exit.o xfsbl_handoff.o xfsbl_hooks.o xfsbl_image_header.o xfsbl_initialization.o xfsbl_main.o xfsbl_mi
TRACE::2026-02-05.19:50:23::SCWBDomain::sc.o xfsbl_misc_drivers.o xfsbl_nand.o xfsbl_partition_load.o xfsbl_plpartition_valid.o xfsbl_qspi.o xfsbl_rsa_sha.o xfsbl_sd.o
TRACE::2026-02-05.19:50:23::SCWBDomain:: xfsbl_tpm.o xfsbl_tpm_util.o xfsbl_translation_table.o xfsbl_usb.o -MMD -MP      -Wall -fmessage-length=0 -DARMA53_64 -Os -flt
TRACE::2026-02-05.19:50:23::SCWBDomain::o -ffat-lto-objects    -Wl,--start-group,-lxil,-lgcc,-lc,--end-group -Wl,--start-group,-lxilffs,-lxil,-lgcc,-lc,--end-group -Wl
TRACE::2026-02-05.19:50:23::SCWBDomain::,--start-group,-lxilsecure,-lxil,-lgcc,-lc,--end-group -Wl,--start-group,-lxilpm,-lxil,-lgcc,-lc,--end-group                   
TRACE::2026-02-05.19:50:23::SCWBDomain::                                                                                      -n  -Wl,--gc-sections -Lzynqmp_fsbl_bsp/p
TRACE::2026-02-05.19:50:23::SCWBDomain::su_cortexa53_0/lib -Tlscript.ld

LOG::2026-02-05.19:50:31::SCWSystem::Checking the domain zynqmp_pmufw
LOG::2026-02-05.19:50:31::SCWSystem::Doing application build for :  zynqmp_pmufw
TRACE::2026-02-05.19:50:31::SCWBDomain::Not a forced makefile updation, No changes are present. 
TRACE::2026-02-05.19:50:31::SCWDomain::Skipping the build for domain :  zynqmp_pmufw
LOG::2026-02-05.19:50:31::SCWSystem::Checking the domain standalone_psu_cortexa53_0
LOG::2026-02-05.19:50:31::SCWSystem::Not a boot domain 
LOG::2026-02-05.19:50:31::SCWSystem::Started Processing the domain standalone_psu_cortexa53_0
TRACE::2026-02-05.19:50:31::SCWDomain::Generating domain artifcats
TRACE::2026-02-05.19:50:31::SCWMssOS::Generating standalone artifcats
TRACE::2026-02-05.19:50:31::SCWMssOS::Copying the qemu file from  C:/TFG_Vivado/demo/course_s2_Vitis/01_ps_hello/vitis/design_1_wrapper/resources/design_1_wrapper/standalone_psu_cortexa53_0/qemu_args.txt To C:/TFG_Vivado/demo/course_s2_Vitis/01_ps_hello/vitis/design_1_wrapper/export/design_1_wrapper/sw/design_1_wrapper/qemu/
TRACE::2026-02-05.19:50:31::SCWMssOS::Copying the qemu file from  C:/TFG_Vivado/demo/course_s2_Vitis/01_ps_hello/vitis/design_1_wrapper/resources/design_1_wrapper/standalone_psu_cortexa53_0/qemu_args.txt To C:/TFG_Vivado/demo/course_s2_Vitis/01_ps_hello/vitis/design_1_wrapper/export/design_1_wrapper/sw/design_1_wrapper/qemu/
TRACE::2026-02-05.19:50:31::SCWMssOS::Copying the qemu file from  C:/TFG_Vivado/demo/course_s2_Vitis/01_ps_hello/vitis/design_1_wrapper/resources/design_1_wrapper/standalone_psu_cortexa53_0/qemu_args.txt To C:/TFG_Vivado/demo/course_s2_Vitis/01_ps_hello/vitis/design_1_wrapper/export/design_1_wrapper/sw/design_1_wrapper/standalone_psu_cortexa53_0/qemu/
TRACE::2026-02-05.19:50:31::SCWMssOS::Copying the qemu file from  C:/TFG_Vivado/demo/course_s2_Vitis/01_ps_hello/vitis/design_1_wrapper/resources/design_1_wrapper/standalone_psu_cortexa53_0/qemu_args.txt To C:/TFG_Vivado/demo/course_s2_Vitis/01_ps_hello/vitis/design_1_wrapper/export/design_1_wrapper/sw/design_1_wrapper/standalone_psu_cortexa53_0/qemu/
TRACE::2026-02-05.19:50:31::SCWMssOS:: Copying the user libraries. 
TRACE::2026-02-05.19:50:31::SCWPlatform::Trying to open the hw design at C:/TFG_Vivado/demo/course_s2_Vitis/01_ps_hello/vitis/design_1_wrapper/hw/design_1_wrapper.xsa
TRACE::2026-02-05.19:50:31::SCWPlatform::DSA given C:/TFG_Vivado/demo/course_s2_Vitis/01_ps_hello/vitis/design_1_wrapper/hw/design_1_wrapper.xsa
TRACE::2026-02-05.19:50:31::SCWPlatform::DSA absoulate path C:/TFG_Vivado/demo/course_s2_Vitis/01_ps_hello/vitis/design_1_wrapper/hw/design_1_wrapper.xsa
TRACE::2026-02-05.19:50:31::SCWPlatform::DSA directory C:/TFG_Vivado/demo/course_s2_Vitis/01_ps_hello/vitis/design_1_wrapper/hw
TRACE::2026-02-05.19:50:31::SCWPlatform:: Platform Path C:/TFG_Vivado/demo/course_s2_Vitis/01_ps_hello/vitis/design_1_wrapper/hw/design_1_wrapper.xsa
TRACE::2026-02-05.19:50:31::SCWPlatform:: Unique name xilinx:::0.0
TRACE::2026-02-05.19:50:31::SCWPlatform::Trying to set the existing hwdb with name design_1_wrapper_1
TRACE::2026-02-05.19:50:31::SCWPlatform::Opened existing hwdb design_1_wrapper_1
TRACE::2026-02-05.19:50:31::SCWPlatform::Found the Hw Db part of the input DSA
TRACE::2026-02-05.19:50:31::SCWMssOS::Checking the sw design at  C:/TFG_Vivado/demo/course_s2_Vitis/01_ps_hello/vitis/design_1_wrapper/psu_cortexa53_0/standalone_psu_cortexa53_0/bsp/system.mss
TRACE::2026-02-05.19:50:31::SCWMssOS::DEBUG:  swdes dump  C:/TFG_Vivado/demo/course_s2_Vitis/01_ps_hello/vitis/design_1_wrapper/psu_cortexa53_0/standalone_psu_cortexa53_0/bsp/system.mss|system_1||
C:/TFG_Vivado/demo/course_s2_Vitis/01_ps_hello/vitis/design_1_wrapper/zynqmp_fsbl/zynqmp_fsbl_bsp/system.mss|system||
C:/TFG_Vivado/demo/course_s2_Vitis/01_ps_hello/vitis/design_1_wrapper/zynqmp_pmufw/zynqmp_pmufw_bsp/system.mss|system_0||

TRACE::2026-02-05.19:50:31::SCWMssOS::Sw design exists and opened at  C:/TFG_Vivado/demo/course_s2_Vitis/01_ps_hello/vitis/design_1_wrapper/psu_cortexa53_0/standalone_psu_cortexa53_0/bsp/system.mss
TRACE::2026-02-05.19:50:31::SCWMssOS::Completed writing the mss file at C:/TFG_Vivado/demo/course_s2_Vitis/01_ps_hello/vitis/design_1_wrapper/psu_cortexa53_0/standalone_psu_cortexa53_0/bsp
TRACE::2026-02-05.19:50:31::SCWMssOS::Mss edits present, copying mssfile into export location C:/TFG_Vivado/demo/course_s2_Vitis/01_ps_hello/vitis/design_1_wrapper/psu_cortexa53_0/standalone_psu_cortexa53_0/bsp/system.mss
TRACE::2026-02-05.19:50:31::SCWMssOS::bsp generated is upto date with the mss file. Skipping bsp generation.
TRACE::2026-02-05.19:50:31::SCWMssOS::BSP is already built. skipping the bsp build ... 
TRACE::2026-02-05.19:50:31::SCWDomain::Skipping the build for domain :  standalone_psu_cortexa53_0
TRACE::2026-02-05.19:50:31::SCWMssOS::skipping the bsp build ... 
TRACE::2026-02-05.19:50:31::SCWMssOS::Copying to export directory.
TRACE::2026-02-05.19:50:31::SCWMssOS:: Checking if to create the Supporting Applications
TRACE::2026-02-05.19:50:31::SCWMssOS:: No Linux domain exists, trying to generate FSBL 
LOG::2026-02-05.19:50:31::SCWSystem::Completed Processing the domain standalone_psu_cortexa53_0
LOG::2026-02-05.19:50:31::SCWSystem::Completed Processing the sysconfig design_1_wrapper
LOG::2026-02-05.19:50:31::SCWPlatform::Completed generating the artifacts for system configuration design_1_wrapper
TRACE::2026-02-05.19:50:31::SCWPlatform::Started preparing the platform 
TRACE::2026-02-05.19:50:31::SCWSystem::Writing the bif file for system config design_1_wrapper
TRACE::2026-02-05.19:50:31::SCWSystem::dir created 
TRACE::2026-02-05.19:50:31::SCWSystem::Writing the bif 
TRACE::2026-02-05.19:50:31::SCWPlatform::Started writing the spfm file 
TRACE::2026-02-05.19:50:31::SCWPlatform::Started writing the xpfm file 
TRACE::2026-02-05.19:50:31::SCWPlatform::Completed generating the platform
TRACE::2026-02-05.19:50:31::SCWMssOS::Saving the mss changes C:/TFG_Vivado/demo/course_s2_Vitis/01_ps_hello/vitis/design_1_wrapper/zynqmp_fsbl/zynqmp_fsbl_bsp/system.mss
TRACE::2026-02-05.19:50:31::SCWMssOS::Found a swdesign opened with the mssfile.
TRACE::2026-02-05.19:50:31::SCWMssOS::Completed writemss as part of save.
TRACE::2026-02-05.19:50:31::SCWMssOS::Commit changes completed.
TRACE::2026-02-05.19:50:31::SCWMssOS::Saving the mss changes C:/TFG_Vivado/demo/course_s2_Vitis/01_ps_hello/vitis/design_1_wrapper/zynqmp_pmufw/zynqmp_pmufw_bsp/system.mss
TRACE::2026-02-05.19:50:31::SCWMssOS::Found a swdesign opened with the mssfile.
TRACE::2026-02-05.19:50:31::SCWMssOS::Completed writemss as part of save.
TRACE::2026-02-05.19:50:31::SCWMssOS::Commit changes completed.
TRACE::2026-02-05.19:50:31::SCWMssOS::Saving the mss changes C:/TFG_Vivado/demo/course_s2_Vitis/01_ps_hello/vitis/design_1_wrapper/psu_cortexa53_0/standalone_psu_cortexa53_0/bsp/system.mss
TRACE::2026-02-05.19:50:31::SCWMssOS::Found a swdesign opened with the mssfile.
TRACE::2026-02-05.19:50:31::SCWMssOS::Completed writemss as part of save.
TRACE::2026-02-05.19:50:31::SCWMssOS::Commit changes completed.
TRACE::2026-02-05.19:50:31::SCWPlatform::Trying to open the hw design at C:/TFG_Vivado/demo/course_s2_Vitis/01_ps_hello/vitis/design_1_wrapper/hw/design_1_wrapper.xsa
TRACE::2026-02-05.19:50:31::SCWPlatform::DSA given C:/TFG_Vivado/demo/course_s2_Vitis/01_ps_hello/vitis/design_1_wrapper/hw/design_1_wrapper.xsa
TRACE::2026-02-05.19:50:31::SCWPlatform::DSA absoulate path C:/TFG_Vivado/demo/course_s2_Vitis/01_ps_hello/vitis/design_1_wrapper/hw/design_1_wrapper.xsa
TRACE::2026-02-05.19:50:31::SCWPlatform::DSA directory C:/TFG_Vivado/demo/course_s2_Vitis/01_ps_hello/vitis/design_1_wrapper/hw
TRACE::2026-02-05.19:50:31::SCWPlatform:: Platform Path C:/TFG_Vivado/demo/course_s2_Vitis/01_ps_hello/vitis/design_1_wrapper/hw/design_1_wrapper.xsa
TRACE::2026-02-05.19:50:31::SCWPlatform:: Unique name xilinx:::0.0
TRACE::2026-02-05.19:50:31::SCWPlatform::Trying to set the existing hwdb with name design_1_wrapper_1
TRACE::2026-02-05.19:50:31::SCWPlatform::Opened existing hwdb design_1_wrapper_1
TRACE::2026-02-05.19:50:31::SCWPlatform::Found the Hw Db part of the input DSA
TRACE::2026-02-05.19:50:31::SCWMssOS::Checking the sw design at  C:/TFG_Vivado/demo/course_s2_Vitis/01_ps_hello/vitis/design_1_wrapper/zynqmp_fsbl/zynqmp_fsbl_bsp/system.mss
TRACE::2026-02-05.19:50:31::SCWMssOS::DEBUG:  swdes dump  C:/TFG_Vivado/demo/course_s2_Vitis/01_ps_hello/vitis/design_1_wrapper/psu_cortexa53_0/standalone_psu_cortexa53_0/bsp/system.mss|system_1||
C:/TFG_Vivado/demo/course_s2_Vitis/01_ps_hello/vitis/design_1_wrapper/zynqmp_fsbl/zynqmp_fsbl_bsp/system.mss|system||
C:/TFG_Vivado/demo/course_s2_Vitis/01_ps_hello/vitis/design_1_wrapper/zynqmp_pmufw/zynqmp_pmufw_bsp/system.mss|system_0||

TRACE::2026-02-05.19:50:31::SCWMssOS::Sw design exists and opened at  C:/TFG_Vivado/demo/course_s2_Vitis/01_ps_hello/vitis/design_1_wrapper/zynqmp_fsbl/zynqmp_fsbl_bsp/system.mss
TRACE::2026-02-05.19:50:31::SCWPlatform::Trying to open the hw design at C:/TFG_Vivado/demo/course_s2_Vitis/01_ps_hello/vitis/design_1_wrapper/hw/design_1_wrapper.xsa
TRACE::2026-02-05.19:50:31::SCWPlatform::DSA given C:/TFG_Vivado/demo/course_s2_Vitis/01_ps_hello/vitis/design_1_wrapper/hw/design_1_wrapper.xsa
TRACE::2026-02-05.19:50:31::SCWPlatform::DSA absoulate path C:/TFG_Vivado/demo/course_s2_Vitis/01_ps_hello/vitis/design_1_wrapper/hw/design_1_wrapper.xsa
TRACE::2026-02-05.19:50:31::SCWPlatform::DSA directory C:/TFG_Vivado/demo/course_s2_Vitis/01_ps_hello/vitis/design_1_wrapper/hw
TRACE::2026-02-05.19:50:31::SCWPlatform:: Platform Path C:/TFG_Vivado/demo/course_s2_Vitis/01_ps_hello/vitis/design_1_wrapper/hw/design_1_wrapper.xsa
TRACE::2026-02-05.19:50:31::SCWPlatform:: Unique name xilinx:::0.0
TRACE::2026-02-05.19:50:31::SCWPlatform::Trying to set the existing hwdb with name design_1_wrapper_1
TRACE::2026-02-05.19:50:31::SCWPlatform::Opened existing hwdb design_1_wrapper_1
TRACE::2026-02-05.19:50:31::SCWPlatform::Found the Hw Db part of the input DSA
TRACE::2026-02-05.19:50:31::SCWMssOS::Checking the sw design at  C:/TFG_Vivado/demo/course_s2_Vitis/01_ps_hello/vitis/design_1_wrapper/zynqmp_pmufw/zynqmp_pmufw_bsp/system.mss
TRACE::2026-02-05.19:50:31::SCWMssOS::DEBUG:  swdes dump  C:/TFG_Vivado/demo/course_s2_Vitis/01_ps_hello/vitis/design_1_wrapper/psu_cortexa53_0/standalone_psu_cortexa53_0/bsp/system.mss|system_1||
C:/TFG_Vivado/demo/course_s2_Vitis/01_ps_hello/vitis/design_1_wrapper/zynqmp_fsbl/zynqmp_fsbl_bsp/system.mss|system||
C:/TFG_Vivado/demo/course_s2_Vitis/01_ps_hello/vitis/design_1_wrapper/zynqmp_pmufw/zynqmp_pmufw_bsp/system.mss|system_0||

TRACE::2026-02-05.19:50:31::SCWMssOS::Sw design exists and opened at  C:/TFG_Vivado/demo/course_s2_Vitis/01_ps_hello/vitis/design_1_wrapper/zynqmp_pmufw/zynqmp_pmufw_bsp/system.mss
TRACE::2026-02-05.19:50:31::SCWPlatform::Trying to open the hw design at C:/TFG_Vivado/demo/course_s2_Vitis/01_ps_hello/vitis/design_1_wrapper/hw/design_1_wrapper.xsa
TRACE::2026-02-05.19:50:31::SCWPlatform::DSA given C:/TFG_Vivado/demo/course_s2_Vitis/01_ps_hello/vitis/design_1_wrapper/hw/design_1_wrapper.xsa
TRACE::2026-02-05.19:50:31::SCWPlatform::DSA absoulate path C:/TFG_Vivado/demo/course_s2_Vitis/01_ps_hello/vitis/design_1_wrapper/hw/design_1_wrapper.xsa
TRACE::2026-02-05.19:50:31::SCWPlatform::DSA directory C:/TFG_Vivado/demo/course_s2_Vitis/01_ps_hello/vitis/design_1_wrapper/hw
TRACE::2026-02-05.19:50:31::SCWPlatform:: Platform Path C:/TFG_Vivado/demo/course_s2_Vitis/01_ps_hello/vitis/design_1_wrapper/hw/design_1_wrapper.xsa
TRACE::2026-02-05.19:50:31::SCWPlatform:: Unique name xilinx:::0.0
TRACE::2026-02-05.19:50:31::SCWPlatform::Trying to set the existing hwdb with name design_1_wrapper_1
TRACE::2026-02-05.19:50:31::SCWPlatform::Opened existing hwdb design_1_wrapper_1
TRACE::2026-02-05.19:50:31::SCWPlatform::Found the Hw Db part of the input DSA
TRACE::2026-02-05.19:50:31::SCWMssOS::Checking the sw design at  C:/TFG_Vivado/demo/course_s2_Vitis/01_ps_hello/vitis/design_1_wrapper/psu_cortexa53_0/standalone_psu_cortexa53_0/bsp/system.mss
TRACE::2026-02-05.19:50:31::SCWMssOS::DEBUG:  swdes dump  C:/TFG_Vivado/demo/course_s2_Vitis/01_ps_hello/vitis/design_1_wrapper/psu_cortexa53_0/standalone_psu_cortexa53_0/bsp/system.mss|system_1||
C:/TFG_Vivado/demo/course_s2_Vitis/01_ps_hello/vitis/design_1_wrapper/zynqmp_fsbl/zynqmp_fsbl_bsp/system.mss|system||
C:/TFG_Vivado/demo/course_s2_Vitis/01_ps_hello/vitis/design_1_wrapper/zynqmp_pmufw/zynqmp_pmufw_bsp/system.mss|system_0||

TRACE::2026-02-05.19:50:31::SCWMssOS::Sw design exists and opened at  C:/TFG_Vivado/demo/course_s2_Vitis/01_ps_hello/vitis/design_1_wrapper/psu_cortexa53_0/standalone_psu_cortexa53_0/bsp/system.mss
TRACE::2026-02-05.19:50:31::SCWWriter::formatted JSON is {
	"platformName":	"design_1_wrapper",
	"sprVersion":	"2.0",
	"mode":	"gui",
	"dsaType":	"Fixed",
	"platformDesc":	"design_1_wrapper",
	"platHandOff":	"<platformDir>.xsa",
	"platIntHandOff":	"<platformDir>/hw/design_1_wrapper.xsa",
	"deviceType":	"zynqMP",
	"platIsPrebuiltAutogen":	"false",
	"platIsNoBootBsp":	"false",
	"platFsblTarget":	"psu_cortexa53_0",
	"hasFsblMakeHasChanges":	"false",
	"hasPmufwMakeHasChanges":	"false",
	"fsblExtraCompilerFlags":	"-MMD -MP      -Wall -fmessage-length=0 -DARMA53_64 -Os -flto -ffat-lto-objects  ",
	"pmufwExtraCompilerFlags":	"-MMD -MP      -mlittle-endian -mxl-barrel-shift -mxl-pattern-compare -mcpu=v9.2 -mxl-soft-mul -Os -flto -ffat-lto-objects  ",
	"platPreBuiltFlag":	false,
	"platformSamplesDir":	"",
	"platActiveSys":	"design_1_wrapper",
	"systems":	[{
			"systemName":	"design_1_wrapper",
			"systemDesc":	"design_1_wrapper",
			"sysIsBootAutoGen":	"true",
			"systemDispName":	"design_1_wrapper",
			"sysActiveDom":	"standalone_psu_cortexa53_0",
			"sysDefaultDom":	"standalone_psu_cortexa53_0",
			"domains":	[{
					"domainName":	"zynqmp_fsbl",
					"domainDispName":	"zynqmp_fsbl",
					"domainDesc":	"FSBL Application BSP - Auto Generated.",
					"processors":	"psu_cortexa53_0",
					"os":	"standalone",
					"sdxOs":	"standalone",
					"debugEnable":	"",
					"domRuntimes":	["cpp"],
					"swRepo":	"",
					"mssOsVer":	"8.1",
					"mssFile":	"",
					"md5Digest":	"50ffef4a883d3ea676765d60b786a6e4",
					"compatibleApp":	"zynqmp_fsbl",
					"domType":	"bootDomain",
					"arch":	"64-bit",
					"appSettings":	{
						"appCompilerFlags":	"",
						"appLinkerFlags":	""
					},
					"addedLibs":	["xilffs:5.0", "xilsecure:5.1", "xilpm:5.0"],
					"libOptions":	{
						"standalone":	{
							"zynqmp_fsbl_bsp":	"true",
							"libOptionNames":	["zynqmp_fsbl_bsp"]
						},
						"xilffs":	{
							"read_only":	"true",
							"use_mkfs":	"false",
							"libOptionNames":	["read_only", "use_mkfs"]
						},
						"xilsecure":	{
							"tpm_support":	"true",
							"libOptionNames":	["tpm_support"]
						},
						"libsContainingOptions":	["standalone", "xilffs", "xilsecure"]
					},
					"prebuiltLibs":	{
						"prebuiltIncPath":	[],
						"prebuiltLibPath":	[]
					},
					"isolation":	{
					}
				}, {
					"domainName":	"zynqmp_pmufw",
					"domainDispName":	"zynqmp_pmufw",
					"domainDesc":	"PMUFW Application BSP - Auto Generated.",
					"processors":	"psu_pmu_0",
					"os":	"standalone",
					"sdxOs":	"standalone",
					"debugEnable":	"",
					"domRuntimes":	["cpp"],
					"swRepo":	"",
					"mssOsVer":	"8.1",
					"mssFile":	"",
					"md5Digest":	"f53f944c509d63eeaedc429f0d902726",
					"compatibleApp":	"zynqmp_pmufw",
					"domType":	"bootDomain",
					"arch":	"32-bit",
					"appSettings":	{
						"appCompilerFlags":	"",
						"appLinkerFlags":	""
					},
					"addedLibs":	["xilfpga:6.4", "xilsecure:5.1", "xilskey:7.4"],
					"libOptions":	{
						"psu_pmu_0":	{
							"extra_compiler_flags":	"-g -ffunction-sections -fdata-sections -Wall -Wextra -fno-tree-loop-distribute-patterns  -Os -flto -ffat-lto-objects",
							"libOptionNames":	["extra_compiler_flags"]
						},
						"libsContainingOptions":	["psu_pmu_0"]
					},
					"prebuiltLibs":	{
						"prebuiltIncPath":	[],
						"prebuiltLibPath":	[]
					},
					"isolation":	{
					}
				}, {
					"domainName":	"standalone_psu_cortexa53_0",
					"domainDispName":	"standalone_psu_cortexa53_0",
					"domainDesc":	"standalone_psu_cortexa53_0",
					"processors":	"psu_cortexa53_0",
					"os":	"standalone",
					"sdxOs":	"standalone",
					"qemuArgs":	"<platformDir>/resources/design_1_wrapper/standalone_psu_cortexa53_0/qemu_args.txt",
					"qemuData":	"<platformDir>/resources/design_1_wrapper/standalone_psu_cortexa53_0/qemu",
					"pmuQemuArgs":	"<platformDir>/resources/design_1_wrapper/standalone_psu_cortexa53_0/pmu_args.txt",
					"debugEnable":	"False",
					"domRuntimes":	["cpp"],
					"swRepo":	"",
					"mssOsVer":	"8.1",
					"mssFile":	"",
					"md5Digest":	"7824a2544f94f615c7699fb2e7b9fe4e",
					"compatibleApp":	"",
					"domType":	"mssDomain",
					"arch":	"64-bit",
					"appSettings":	{
						"appCompilerFlags":	"",
						"appLinkerFlags":	""
					},
					"addedLibs":	[],
					"libOptions":	{
						"libsContainingOptions":	[]
					},
					"prebuiltLibs":	{
						"prebuiltIncPath":	[],
						"prebuiltLibPath":	[]
					},
					"isolation":	{
					}
				}]
		}]
}
KEYINFO::2026-02-05.19:50:31::SCWPlatform::updated the xpfm file.
TRACE::2026-02-05.19:50:32::SCWPlatform::Trying to open the hw design at C:/TFG_Vivado/demo/course_s2_Vitis/01_ps_hello/vitis/design_1_wrapper/hw/design_1_wrapper.xsa
TRACE::2026-02-05.19:50:32::SCWPlatform::DSA given C:/TFG_Vivado/demo/course_s2_Vitis/01_ps_hello/vitis/design_1_wrapper/hw/design_1_wrapper.xsa
TRACE::2026-02-05.19:50:32::SCWPlatform::DSA absoulate path C:/TFG_Vivado/demo/course_s2_Vitis/01_ps_hello/vitis/design_1_wrapper/hw/design_1_wrapper.xsa
TRACE::2026-02-05.19:50:32::SCWPlatform::DSA directory C:/TFG_Vivado/demo/course_s2_Vitis/01_ps_hello/vitis/design_1_wrapper/hw
TRACE::2026-02-05.19:50:32::SCWPlatform:: Platform Path C:/TFG_Vivado/demo/course_s2_Vitis/01_ps_hello/vitis/design_1_wrapper/hw/design_1_wrapper.xsa
TRACE::2026-02-05.19:50:32::SCWPlatform:: Unique name xilinx:::0.0
TRACE::2026-02-05.19:50:32::SCWPlatform::Trying to set the existing hwdb with name design_1_wrapper_1
TRACE::2026-02-05.19:50:32::SCWPlatform::Opened existing hwdb design_1_wrapper_1
TRACE::2026-02-05.19:50:32::SCWPlatform::Found the Hw Db part of the input DSA
TRACE::2026-02-05.19:50:32::SCWMssOS::Checking the sw design at  C:/TFG_Vivado/demo/course_s2_Vitis/01_ps_hello/vitis/design_1_wrapper/psu_cortexa53_0/standalone_psu_cortexa53_0/bsp/system.mss
TRACE::2026-02-05.19:50:32::SCWMssOS::DEBUG:  swdes dump  C:/TFG_Vivado/demo/course_s2_Vitis/01_ps_hello/vitis/design_1_wrapper/psu_cortexa53_0/standalone_psu_cortexa53_0/bsp/system.mss|system_1||
C:/TFG_Vivado/demo/course_s2_Vitis/01_ps_hello/vitis/design_1_wrapper/zynqmp_fsbl/zynqmp_fsbl_bsp/system.mss|system||
C:/TFG_Vivado/demo/course_s2_Vitis/01_ps_hello/vitis/design_1_wrapper/zynqmp_pmufw/zynqmp_pmufw_bsp/system.mss|system_0||

TRACE::2026-02-05.19:50:32::SCWMssOS::Sw design exists and opened at  C:/TFG_Vivado/demo/course_s2_Vitis/01_ps_hello/vitis/design_1_wrapper/psu_cortexa53_0/standalone_psu_cortexa53_0/bsp/system.mss
