Execute       source -notrace -encoding utf-8 C:/AMDDesignTools/2025.2/Vitis/tps/tcl/tcl8.6/clock.tcl 
Execute         source -encoding utf-8 C:/AMDDesignTools/2025.2/Vitis/tps/tcl/tcl8/8.5/msgcat-1.6.1.tm 
Execute           source C:/AMDDesignTools/2025.2/Vitis/tps/tcl/tcllib2.0/0compatibility/pkgIndex.tcl 
Execute           source C:/AMDDesignTools/2025.2/Vitis/tps/tcl/tcllib2.0/amazon-s3/pkgIndex.tcl 
Execute           source C:/AMDDesignTools/2025.2/Vitis/tps/tcl/tcllib2.0/asn/pkgIndex.tcl 
Execute           source C:/AMDDesignTools/2025.2/Vitis/tps/tcl/tcllib2.0/base32/pkgIndex.tcl 
Execute           source C:/AMDDesignTools/2025.2/Vitis/tps/tcl/tcllib2.0/base64/pkgIndex.tcl 
Execute           source C:/AMDDesignTools/2025.2/Vitis/tps/tcl/tcllib2.0/bee/pkgIndex.tcl 
Execute           source C:/AMDDesignTools/2025.2/Vitis/tps/tcl/tcllib2.0/bench/pkgIndex.tcl 
Execute           source C:/AMDDesignTools/2025.2/Vitis/tps/tcl/tcllib2.0/bibtex/pkgIndex.tcl 
Execute           source C:/AMDDesignTools/2025.2/Vitis/tps/tcl/tcllib2.0/cache/pkgIndex.tcl 
Execute           source C:/AMDDesignTools/2025.2/Vitis/tps/tcl/tcllib2.0/clay/pkgIndex.tcl 
Execute           source C:/AMDDesignTools/2025.2/Vitis/tps/tcl/tcllib2.0/clock/pkgIndex.tcl 
Execute           source C:/AMDDesignTools/2025.2/Vitis/tps/tcl/tcllib2.0/cmdline/pkgIndex.tcl 
Execute           source C:/AMDDesignTools/2025.2/Vitis/tps/tcl/tcllib2.0/comm/pkgIndex.tcl 
Execute           source C:/AMDDesignTools/2025.2/Vitis/tps/tcl/tcllib2.0/control/pkgIndex.tcl 
Execute           source C:/AMDDesignTools/2025.2/Vitis/tps/tcl/tcllib2.0/coroutine/pkgIndex.tcl 
Execute           source C:/AMDDesignTools/2025.2/Vitis/tps/tcl/tcllib2.0/counter/pkgIndex.tcl 
Execute           source C:/AMDDesignTools/2025.2/Vitis/tps/tcl/tcllib2.0/crc/pkgIndex.tcl 
Execute           source C:/AMDDesignTools/2025.2/Vitis/tps/tcl/tcllib2.0/cron/pkgIndex.tcl 
Execute           source C:/AMDDesignTools/2025.2/Vitis/tps/tcl/tcllib2.0/csv/pkgIndex.tcl 
Execute           source C:/AMDDesignTools/2025.2/Vitis/tps/tcl/tcllib2.0/debug/pkgIndex.tcl 
Execute           source C:/AMDDesignTools/2025.2/Vitis/tps/tcl/tcllib2.0/defer/pkgIndex.tcl 
Execute           source C:/AMDDesignTools/2025.2/Vitis/tps/tcl/tcllib2.0/dicttool/pkgIndex.tcl 
Execute           source C:/AMDDesignTools/2025.2/Vitis/tps/tcl/tcllib2.0/dns/pkgIndex.tcl 
Execute           source C:/AMDDesignTools/2025.2/Vitis/tps/tcl/tcllib2.0/docstrip/pkgIndex.tcl 
Execute           source C:/AMDDesignTools/2025.2/Vitis/tps/tcl/tcllib2.0/doctools/pkgIndex.tcl 
Execute           source C:/AMDDesignTools/2025.2/Vitis/tps/tcl/tcllib2.0/doctools2base/pkgIndex.tcl 
Execute           source C:/AMDDesignTools/2025.2/Vitis/tps/tcl/tcllib2.0/doctools2idx/pkgIndex.tcl 
Execute           source C:/AMDDesignTools/2025.2/Vitis/tps/tcl/tcllib2.0/doctools2toc/pkgIndex.tcl 
Execute           source C:/AMDDesignTools/2025.2/Vitis/tps/tcl/tcllib2.0/dtplite/pkgIndex.tcl 
Execute           source C:/AMDDesignTools/2025.2/Vitis/tps/tcl/tcllib2.0/fileutil/pkgIndex.tcl 
Execute           source C:/AMDDesignTools/2025.2/Vitis/tps/tcl/tcllib2.0/ftp/pkgIndex.tcl 
Execute           source C:/AMDDesignTools/2025.2/Vitis/tps/tcl/tcllib2.0/ftpd/pkgIndex.tcl 
Execute           source C:/AMDDesignTools/2025.2/Vitis/tps/tcl/tcllib2.0/fumagic/pkgIndex.tcl 
Execute           source C:/AMDDesignTools/2025.2/Vitis/tps/tcl/tcllib2.0/generator/pkgIndex.tcl 
Execute           source C:/AMDDesignTools/2025.2/Vitis/tps/tcl/tcllib2.0/gpx/pkgIndex.tcl 
Execute           source C:/AMDDesignTools/2025.2/Vitis/tps/tcl/tcllib2.0/grammar_aycock/pkgIndex.tcl 
Execute           source C:/AMDDesignTools/2025.2/Vitis/tps/tcl/tcllib2.0/grammar_fa/pkgIndex.tcl 
Execute           source C:/AMDDesignTools/2025.2/Vitis/tps/tcl/tcllib2.0/grammar_me/pkgIndex.tcl 
Execute           source C:/AMDDesignTools/2025.2/Vitis/tps/tcl/tcllib2.0/grammar_peg/pkgIndex.tcl 
Execute           source C:/AMDDesignTools/2025.2/Vitis/tps/tcl/tcllib2.0/hook/pkgIndex.tcl 
Execute           source C:/AMDDesignTools/2025.2/Vitis/tps/tcl/tcllib2.0/html/pkgIndex.tcl 
Execute           source C:/AMDDesignTools/2025.2/Vitis/tps/tcl/tcllib2.0/htmlparse/pkgIndex.tcl 
Execute           source C:/AMDDesignTools/2025.2/Vitis/tps/tcl/tcllib2.0/http/pkgIndex.tcl 
Execute           source C:/AMDDesignTools/2025.2/Vitis/tps/tcl/tcllib2.0/httpd/pkgIndex.tcl 
Execute           source C:/AMDDesignTools/2025.2/Vitis/tps/tcl/tcllib2.0/httpwget/pkgIndex.tcl 
Execute           source C:/AMDDesignTools/2025.2/Vitis/tps/tcl/tcllib2.0/ident/pkgIndex.tcl 
Execute           source C:/AMDDesignTools/2025.2/Vitis/tps/tcl/tcllib2.0/imap4/pkgIndex.tcl 
Execute           source C:/AMDDesignTools/2025.2/Vitis/tps/tcl/tcllib2.0/inifile/pkgIndex.tcl 
Execute           source C:/AMDDesignTools/2025.2/Vitis/tps/tcl/tcllib2.0/interp/pkgIndex.tcl 
Execute           source C:/AMDDesignTools/2025.2/Vitis/tps/tcl/tcllib2.0/irc/pkgIndex.tcl 
Execute           source C:/AMDDesignTools/2025.2/Vitis/tps/tcl/tcllib2.0/javascript/pkgIndex.tcl 
Execute           source C:/AMDDesignTools/2025.2/Vitis/tps/tcl/tcllib2.0/jpeg/pkgIndex.tcl 
Execute           source C:/AMDDesignTools/2025.2/Vitis/tps/tcl/tcllib2.0/json/pkgIndex.tcl 
Execute           source C:/AMDDesignTools/2025.2/Vitis/tps/tcl/tcllib2.0/lambda/pkgIndex.tcl 
Execute           source C:/AMDDesignTools/2025.2/Vitis/tps/tcl/tcllib2.0/lazyset/pkgIndex.tcl 
Execute           source C:/AMDDesignTools/2025.2/Vitis/tps/tcl/tcllib2.0/ldap/pkgIndex.tcl 
Execute           source C:/AMDDesignTools/2025.2/Vitis/tps/tcl/tcllib2.0/log/pkgIndex.tcl 
Execute           source C:/AMDDesignTools/2025.2/Vitis/tps/tcl/tcllib2.0/map/pkgIndex.tcl 
Execute           source C:/AMDDesignTools/2025.2/Vitis/tps/tcl/tcllib2.0/mapproj/pkgIndex.tcl 
Execute           source C:/AMDDesignTools/2025.2/Vitis/tps/tcl/tcllib2.0/markdown/pkgIndex.tcl 
Execute           source C:/AMDDesignTools/2025.2/Vitis/tps/tcl/tcllib2.0/math/pkgIndex.tcl 
Execute           source C:/AMDDesignTools/2025.2/Vitis/tps/tcl/tcllib2.0/md4/pkgIndex.tcl 
Execute           source C:/AMDDesignTools/2025.2/Vitis/tps/tcl/tcllib2.0/md5/pkgIndex.tcl 
Execute           source C:/AMDDesignTools/2025.2/Vitis/tps/tcl/tcllib2.0/md5crypt/pkgIndex.tcl 
Execute           source C:/AMDDesignTools/2025.2/Vitis/tps/tcl/tcllib2.0/mime/pkgIndex.tcl 
Execute           source C:/AMDDesignTools/2025.2/Vitis/tps/tcl/tcllib2.0/mkdoc/pkgIndex.tcl 
Execute           source C:/AMDDesignTools/2025.2/Vitis/tps/tcl/tcllib2.0/multiplexer/pkgIndex.tcl 
Execute           source C:/AMDDesignTools/2025.2/Vitis/tps/tcl/tcllib2.0/namespacex/pkgIndex.tcl 
Execute           source C:/AMDDesignTools/2025.2/Vitis/tps/tcl/tcllib2.0/ncgi/pkgIndex.tcl 
Execute           source C:/AMDDesignTools/2025.2/Vitis/tps/tcl/tcllib2.0/nettool/pkgIndex.tcl 
Execute           source C:/AMDDesignTools/2025.2/Vitis/tps/tcl/tcllib2.0/nmea/pkgIndex.tcl 
Execute           source C:/AMDDesignTools/2025.2/Vitis/tps/tcl/tcllib2.0/nns/pkgIndex.tcl 
Execute           source C:/AMDDesignTools/2025.2/Vitis/tps/tcl/tcllib2.0/nntp/pkgIndex.tcl 
Execute           source C:/AMDDesignTools/2025.2/Vitis/tps/tcl/tcllib2.0/ntp/pkgIndex.tcl 
Execute           source C:/AMDDesignTools/2025.2/Vitis/tps/tcl/tcllib2.0/oauth/pkgIndex.tcl 
Execute           source C:/AMDDesignTools/2025.2/Vitis/tps/tcl/tcllib2.0/oodialect/pkgIndex.tcl 
Execute           source C:/AMDDesignTools/2025.2/Vitis/tps/tcl/tcllib2.0/oometa/pkgIndex.tcl 
Execute           source C:/AMDDesignTools/2025.2/Vitis/tps/tcl/tcllib2.0/ooutil/pkgIndex.tcl 
Execute           source C:/AMDDesignTools/2025.2/Vitis/tps/tcl/tcllib2.0/otp/pkgIndex.tcl 
Execute           source C:/AMDDesignTools/2025.2/Vitis/tps/tcl/tcllib2.0/page/pkgIndex.tcl 
Execute           source C:/AMDDesignTools/2025.2/Vitis/tps/tcl/tcllib2.0/pluginmgr/pkgIndex.tcl 
Execute           source C:/AMDDesignTools/2025.2/Vitis/tps/tcl/tcllib2.0/png/pkgIndex.tcl 
Execute           source C:/AMDDesignTools/2025.2/Vitis/tps/tcl/tcllib2.0/pop3/pkgIndex.tcl 
Execute           source C:/AMDDesignTools/2025.2/Vitis/tps/tcl/tcllib2.0/pop3d/pkgIndex.tcl 
Execute           source C:/AMDDesignTools/2025.2/Vitis/tps/tcl/tcllib2.0/practcl/pkgIndex.tcl 
Execute           source C:/AMDDesignTools/2025.2/Vitis/tps/tcl/tcllib2.0/processman/pkgIndex.tcl 
Execute           source C:/AMDDesignTools/2025.2/Vitis/tps/tcl/tcllib2.0/profiler/pkgIndex.tcl 
Execute           source C:/AMDDesignTools/2025.2/Vitis/tps/tcl/tcllib2.0/pt/pkgIndex.tcl 
Execute           source C:/AMDDesignTools/2025.2/Vitis/tps/tcl/tcllib2.0/rcs/pkgIndex.tcl 
Execute           source C:/AMDDesignTools/2025.2/Vitis/tps/tcl/tcllib2.0/report/pkgIndex.tcl 
Execute           source C:/AMDDesignTools/2025.2/Vitis/tps/tcl/tcllib2.0/rest/pkgIndex.tcl 
Execute           source C:/AMDDesignTools/2025.2/Vitis/tps/tcl/tcllib2.0/ripemd/pkgIndex.tcl 
Execute           source C:/AMDDesignTools/2025.2/Vitis/tps/tcl/tcllib2.0/sasl/pkgIndex.tcl 
Execute           source C:/AMDDesignTools/2025.2/Vitis/tps/tcl/tcllib2.0/sha1/pkgIndex.tcl 
Execute           source C:/AMDDesignTools/2025.2/Vitis/tps/tcl/tcllib2.0/simulation/pkgIndex.tcl 
Execute           source C:/AMDDesignTools/2025.2/Vitis/tps/tcl/tcllib2.0/smtpd/pkgIndex.tcl 
Execute           source C:/AMDDesignTools/2025.2/Vitis/tps/tcl/tcllib2.0/snit/pkgIndex.tcl 
Execute           source C:/AMDDesignTools/2025.2/Vitis/tps/tcl/tcllib2.0/soundex/pkgIndex.tcl 
Execute           source C:/AMDDesignTools/2025.2/Vitis/tps/tcl/tcllib2.0/stooop/pkgIndex.tcl 
Execute           source C:/AMDDesignTools/2025.2/Vitis/tps/tcl/tcllib2.0/string/pkgIndex.tcl 
Execute           source C:/AMDDesignTools/2025.2/Vitis/tps/tcl/tcllib2.0/stringprep/pkgIndex.tcl 
Execute           source C:/AMDDesignTools/2025.2/Vitis/tps/tcl/tcllib2.0/struct/pkgIndex.tcl 
Execute           source C:/AMDDesignTools/2025.2/Vitis/tps/tcl/tcllib2.0/tar/pkgIndex.tcl 
Execute           source C:/AMDDesignTools/2025.2/Vitis/tps/tcl/tcllib2.0/tepam/pkgIndex.tcl 
Execute           source C:/AMDDesignTools/2025.2/Vitis/tps/tcl/tcllib2.0/term/pkgIndex.tcl 
Execute           source C:/AMDDesignTools/2025.2/Vitis/tps/tcl/tcllib2.0/textutil/pkgIndex.tcl 
Execute           source C:/AMDDesignTools/2025.2/Vitis/tps/tcl/tcllib2.0/tie/pkgIndex.tcl 
Execute           source C:/AMDDesignTools/2025.2/Vitis/tps/tcl/tcllib2.0/tiff/pkgIndex.tcl 
Execute           source C:/AMDDesignTools/2025.2/Vitis/tps/tcl/tcllib2.0/tool/pkgIndex.tcl 
Execute           source C:/AMDDesignTools/2025.2/Vitis/tps/tcl/tcllib2.0/transfer/pkgIndex.tcl 
Execute           source C:/AMDDesignTools/2025.2/Vitis/tps/tcl/tcllib2.0/treeql/pkgIndex.tcl 
Execute           source C:/AMDDesignTools/2025.2/Vitis/tps/tcl/tcllib2.0/try/pkgIndex.tcl 
Execute           source C:/AMDDesignTools/2025.2/Vitis/tps/tcl/tcllib2.0/udpcluster/pkgIndex.tcl 
Execute           source C:/AMDDesignTools/2025.2/Vitis/tps/tcl/tcllib2.0/uev/pkgIndex.tcl 
Execute           source C:/AMDDesignTools/2025.2/Vitis/tps/tcl/tcllib2.0/units/pkgIndex.tcl 
Execute           source C:/AMDDesignTools/2025.2/Vitis/tps/tcl/tcllib2.0/uri/pkgIndex.tcl 
Execute           source C:/AMDDesignTools/2025.2/Vitis/tps/tcl/tcllib2.0/uuid/pkgIndex.tcl 
Execute           source C:/AMDDesignTools/2025.2/Vitis/tps/tcl/tcllib2.0/valtype/pkgIndex.tcl 
Execute           source C:/AMDDesignTools/2025.2/Vitis/tps/tcl/tcllib2.0/virtchannel_base/pkgIndex.tcl 
Execute           source C:/AMDDesignTools/2025.2/Vitis/tps/tcl/tcllib2.0/virtchannel_core/pkgIndex.tcl 
Execute           source C:/AMDDesignTools/2025.2/Vitis/tps/tcl/tcllib2.0/virtchannel_transform/pkgIndex.tcl 
Execute           source C:/AMDDesignTools/2025.2/Vitis/tps/tcl/tcllib2.0/websocket/pkgIndex.tcl 
Execute           source C:/AMDDesignTools/2025.2/Vitis/tps/tcl/tcllib2.0/wip/pkgIndex.tcl 
Execute           source C:/AMDDesignTools/2025.2/Vitis/tps/tcl/tcllib2.0/yaml/pkgIndex.tcl 
Execute           source C:/AMDDesignTools/2025.2/Vitis/tps/tcl/tcllib2.0/zip/pkgIndex.tcl 
Execute           source C:/AMDDesignTools/2025.2/Vitis/tps/tcl/tcllib2.0/pkgIndex.tcl 
Execute             source C:/AMDDesignTools/2025.2/Vitis/tps/tcl/tcllib2.0/0compatibility/pkgIndex.tcl 
Execute             source C:/AMDDesignTools/2025.2/Vitis/tps/tcl/tcllib2.0/amazon-s3/pkgIndex.tcl 
Execute             source C:/AMDDesignTools/2025.2/Vitis/tps/tcl/tcllib2.0/asn/pkgIndex.tcl 
Execute             source C:/AMDDesignTools/2025.2/Vitis/tps/tcl/tcllib2.0/base32/pkgIndex.tcl 
Execute             source C:/AMDDesignTools/2025.2/Vitis/tps/tcl/tcllib2.0/base64/pkgIndex.tcl 
Execute             source C:/AMDDesignTools/2025.2/Vitis/tps/tcl/tcllib2.0/bee/pkgIndex.tcl 
Execute             source C:/AMDDesignTools/2025.2/Vitis/tps/tcl/tcllib2.0/bench/pkgIndex.tcl 
Execute             source C:/AMDDesignTools/2025.2/Vitis/tps/tcl/tcllib2.0/bibtex/pkgIndex.tcl 
Execute             source C:/AMDDesignTools/2025.2/Vitis/tps/tcl/tcllib2.0/cache/pkgIndex.tcl 
Execute             source C:/AMDDesignTools/2025.2/Vitis/tps/tcl/tcllib2.0/clay/pkgIndex.tcl 
Execute             source C:/AMDDesignTools/2025.2/Vitis/tps/tcl/tcllib2.0/clock/pkgIndex.tcl 
Execute             source C:/AMDDesignTools/2025.2/Vitis/tps/tcl/tcllib2.0/cmdline/pkgIndex.tcl 
Execute             source C:/AMDDesignTools/2025.2/Vitis/tps/tcl/tcllib2.0/comm/pkgIndex.tcl 
Execute             source C:/AMDDesignTools/2025.2/Vitis/tps/tcl/tcllib2.0/control/pkgIndex.tcl 
Execute             source C:/AMDDesignTools/2025.2/Vitis/tps/tcl/tcllib2.0/coroutine/pkgIndex.tcl 
Execute             source C:/AMDDesignTools/2025.2/Vitis/tps/tcl/tcllib2.0/counter/pkgIndex.tcl 
Execute             source C:/AMDDesignTools/2025.2/Vitis/tps/tcl/tcllib2.0/crc/pkgIndex.tcl 
Execute             source C:/AMDDesignTools/2025.2/Vitis/tps/tcl/tcllib2.0/cron/pkgIndex.tcl 
Execute             source C:/AMDDesignTools/2025.2/Vitis/tps/tcl/tcllib2.0/csv/pkgIndex.tcl 
Execute             source C:/AMDDesignTools/2025.2/Vitis/tps/tcl/tcllib2.0/debug/pkgIndex.tcl 
Execute             source C:/AMDDesignTools/2025.2/Vitis/tps/tcl/tcllib2.0/defer/pkgIndex.tcl 
Execute             source C:/AMDDesignTools/2025.2/Vitis/tps/tcl/tcllib2.0/dicttool/pkgIndex.tcl 
Execute             source C:/AMDDesignTools/2025.2/Vitis/tps/tcl/tcllib2.0/dns/pkgIndex.tcl 
Execute             source C:/AMDDesignTools/2025.2/Vitis/tps/tcl/tcllib2.0/docstrip/pkgIndex.tcl 
Execute             source C:/AMDDesignTools/2025.2/Vitis/tps/tcl/tcllib2.0/doctools/pkgIndex.tcl 
Execute             source C:/AMDDesignTools/2025.2/Vitis/tps/tcl/tcllib2.0/doctools2base/pkgIndex.tcl 
Execute             source C:/AMDDesignTools/2025.2/Vitis/tps/tcl/tcllib2.0/doctools2idx/pkgIndex.tcl 
Execute             source C:/AMDDesignTools/2025.2/Vitis/tps/tcl/tcllib2.0/doctools2toc/pkgIndex.tcl 
Execute             source C:/AMDDesignTools/2025.2/Vitis/tps/tcl/tcllib2.0/dtplite/pkgIndex.tcl 
Execute             source C:/AMDDesignTools/2025.2/Vitis/tps/tcl/tcllib2.0/fileutil/pkgIndex.tcl 
Execute             source C:/AMDDesignTools/2025.2/Vitis/tps/tcl/tcllib2.0/ftp/pkgIndex.tcl 
Execute             source C:/AMDDesignTools/2025.2/Vitis/tps/tcl/tcllib2.0/ftpd/pkgIndex.tcl 
Execute             source C:/AMDDesignTools/2025.2/Vitis/tps/tcl/tcllib2.0/fumagic/pkgIndex.tcl 
Execute             source C:/AMDDesignTools/2025.2/Vitis/tps/tcl/tcllib2.0/generator/pkgIndex.tcl 
Execute             source C:/AMDDesignTools/2025.2/Vitis/tps/tcl/tcllib2.0/gpx/pkgIndex.tcl 
Execute             source C:/AMDDesignTools/2025.2/Vitis/tps/tcl/tcllib2.0/grammar_aycock/pkgIndex.tcl 
Execute             source C:/AMDDesignTools/2025.2/Vitis/tps/tcl/tcllib2.0/grammar_fa/pkgIndex.tcl 
Execute             source C:/AMDDesignTools/2025.2/Vitis/tps/tcl/tcllib2.0/grammar_me/pkgIndex.tcl 
Execute             source C:/AMDDesignTools/2025.2/Vitis/tps/tcl/tcllib2.0/grammar_peg/pkgIndex.tcl 
Execute             source C:/AMDDesignTools/2025.2/Vitis/tps/tcl/tcllib2.0/hook/pkgIndex.tcl 
Execute             source C:/AMDDesignTools/2025.2/Vitis/tps/tcl/tcllib2.0/html/pkgIndex.tcl 
Execute             source C:/AMDDesignTools/2025.2/Vitis/tps/tcl/tcllib2.0/htmlparse/pkgIndex.tcl 
Execute             source C:/AMDDesignTools/2025.2/Vitis/tps/tcl/tcllib2.0/http/pkgIndex.tcl 
Execute             source C:/AMDDesignTools/2025.2/Vitis/tps/tcl/tcllib2.0/httpd/pkgIndex.tcl 
Execute             source C:/AMDDesignTools/2025.2/Vitis/tps/tcl/tcllib2.0/httpwget/pkgIndex.tcl 
Execute             source C:/AMDDesignTools/2025.2/Vitis/tps/tcl/tcllib2.0/ident/pkgIndex.tcl 
Execute             source C:/AMDDesignTools/2025.2/Vitis/tps/tcl/tcllib2.0/imap4/pkgIndex.tcl 
Execute             source C:/AMDDesignTools/2025.2/Vitis/tps/tcl/tcllib2.0/inifile/pkgIndex.tcl 
Execute             source C:/AMDDesignTools/2025.2/Vitis/tps/tcl/tcllib2.0/interp/pkgIndex.tcl 
Execute             source C:/AMDDesignTools/2025.2/Vitis/tps/tcl/tcllib2.0/irc/pkgIndex.tcl 
Execute             source C:/AMDDesignTools/2025.2/Vitis/tps/tcl/tcllib2.0/javascript/pkgIndex.tcl 
Execute             source C:/AMDDesignTools/2025.2/Vitis/tps/tcl/tcllib2.0/jpeg/pkgIndex.tcl 
Execute             source C:/AMDDesignTools/2025.2/Vitis/tps/tcl/tcllib2.0/json/pkgIndex.tcl 
Execute             source C:/AMDDesignTools/2025.2/Vitis/tps/tcl/tcllib2.0/lambda/pkgIndex.tcl 
Execute             source C:/AMDDesignTools/2025.2/Vitis/tps/tcl/tcllib2.0/lazyset/pkgIndex.tcl 
Execute             source C:/AMDDesignTools/2025.2/Vitis/tps/tcl/tcllib2.0/ldap/pkgIndex.tcl 
Execute             source C:/AMDDesignTools/2025.2/Vitis/tps/tcl/tcllib2.0/log/pkgIndex.tcl 
Execute             source C:/AMDDesignTools/2025.2/Vitis/tps/tcl/tcllib2.0/map/pkgIndex.tcl 
Execute             source C:/AMDDesignTools/2025.2/Vitis/tps/tcl/tcllib2.0/mapproj/pkgIndex.tcl 
Execute             source C:/AMDDesignTools/2025.2/Vitis/tps/tcl/tcllib2.0/markdown/pkgIndex.tcl 
Execute             source C:/AMDDesignTools/2025.2/Vitis/tps/tcl/tcllib2.0/math/pkgIndex.tcl 
Execute             source C:/AMDDesignTools/2025.2/Vitis/tps/tcl/tcllib2.0/md4/pkgIndex.tcl 
Execute             source C:/AMDDesignTools/2025.2/Vitis/tps/tcl/tcllib2.0/md5/pkgIndex.tcl 
Execute             source C:/AMDDesignTools/2025.2/Vitis/tps/tcl/tcllib2.0/md5crypt/pkgIndex.tcl 
Execute             source C:/AMDDesignTools/2025.2/Vitis/tps/tcl/tcllib2.0/mime/pkgIndex.tcl 
Execute             source C:/AMDDesignTools/2025.2/Vitis/tps/tcl/tcllib2.0/mkdoc/pkgIndex.tcl 
Execute             source C:/AMDDesignTools/2025.2/Vitis/tps/tcl/tcllib2.0/multiplexer/pkgIndex.tcl 
Execute             source C:/AMDDesignTools/2025.2/Vitis/tps/tcl/tcllib2.0/namespacex/pkgIndex.tcl 
Execute             source C:/AMDDesignTools/2025.2/Vitis/tps/tcl/tcllib2.0/ncgi/pkgIndex.tcl 
Execute             source C:/AMDDesignTools/2025.2/Vitis/tps/tcl/tcllib2.0/nettool/pkgIndex.tcl 
Execute             source C:/AMDDesignTools/2025.2/Vitis/tps/tcl/tcllib2.0/nmea/pkgIndex.tcl 
Execute             source C:/AMDDesignTools/2025.2/Vitis/tps/tcl/tcllib2.0/nns/pkgIndex.tcl 
Execute             source C:/AMDDesignTools/2025.2/Vitis/tps/tcl/tcllib2.0/nntp/pkgIndex.tcl 
Execute             source C:/AMDDesignTools/2025.2/Vitis/tps/tcl/tcllib2.0/ntp/pkgIndex.tcl 
Execute             source C:/AMDDesignTools/2025.2/Vitis/tps/tcl/tcllib2.0/oauth/pkgIndex.tcl 
Execute             source C:/AMDDesignTools/2025.2/Vitis/tps/tcl/tcllib2.0/oodialect/pkgIndex.tcl 
Execute             source C:/AMDDesignTools/2025.2/Vitis/tps/tcl/tcllib2.0/oometa/pkgIndex.tcl 
Execute             source C:/AMDDesignTools/2025.2/Vitis/tps/tcl/tcllib2.0/ooutil/pkgIndex.tcl 
Execute             source C:/AMDDesignTools/2025.2/Vitis/tps/tcl/tcllib2.0/otp/pkgIndex.tcl 
Execute             source C:/AMDDesignTools/2025.2/Vitis/tps/tcl/tcllib2.0/page/pkgIndex.tcl 
Execute             source C:/AMDDesignTools/2025.2/Vitis/tps/tcl/tcllib2.0/pluginmgr/pkgIndex.tcl 
Execute             source C:/AMDDesignTools/2025.2/Vitis/tps/tcl/tcllib2.0/png/pkgIndex.tcl 
Execute             source C:/AMDDesignTools/2025.2/Vitis/tps/tcl/tcllib2.0/pop3/pkgIndex.tcl 
Execute             source C:/AMDDesignTools/2025.2/Vitis/tps/tcl/tcllib2.0/pop3d/pkgIndex.tcl 
Execute             source C:/AMDDesignTools/2025.2/Vitis/tps/tcl/tcllib2.0/practcl/pkgIndex.tcl 
Execute             source C:/AMDDesignTools/2025.2/Vitis/tps/tcl/tcllib2.0/processman/pkgIndex.tcl 
Execute             source C:/AMDDesignTools/2025.2/Vitis/tps/tcl/tcllib2.0/profiler/pkgIndex.tcl 
Execute             source C:/AMDDesignTools/2025.2/Vitis/tps/tcl/tcllib2.0/pt/pkgIndex.tcl 
Execute             source C:/AMDDesignTools/2025.2/Vitis/tps/tcl/tcllib2.0/rcs/pkgIndex.tcl 
Execute             source C:/AMDDesignTools/2025.2/Vitis/tps/tcl/tcllib2.0/report/pkgIndex.tcl 
Execute             source C:/AMDDesignTools/2025.2/Vitis/tps/tcl/tcllib2.0/rest/pkgIndex.tcl 
Execute             source C:/AMDDesignTools/2025.2/Vitis/tps/tcl/tcllib2.0/ripemd/pkgIndex.tcl 
Execute             source C:/AMDDesignTools/2025.2/Vitis/tps/tcl/tcllib2.0/sasl/pkgIndex.tcl 
Execute             source C:/AMDDesignTools/2025.2/Vitis/tps/tcl/tcllib2.0/sha1/pkgIndex.tcl 
Execute             source C:/AMDDesignTools/2025.2/Vitis/tps/tcl/tcllib2.0/simulation/pkgIndex.tcl 
Execute             source C:/AMDDesignTools/2025.2/Vitis/tps/tcl/tcllib2.0/smtpd/pkgIndex.tcl 
Execute             source C:/AMDDesignTools/2025.2/Vitis/tps/tcl/tcllib2.0/snit/pkgIndex.tcl 
Execute             source C:/AMDDesignTools/2025.2/Vitis/tps/tcl/tcllib2.0/soundex/pkgIndex.tcl 
Execute             source C:/AMDDesignTools/2025.2/Vitis/tps/tcl/tcllib2.0/stooop/pkgIndex.tcl 
Execute             source C:/AMDDesignTools/2025.2/Vitis/tps/tcl/tcllib2.0/string/pkgIndex.tcl 
Execute             source C:/AMDDesignTools/2025.2/Vitis/tps/tcl/tcllib2.0/stringprep/pkgIndex.tcl 
Execute             source C:/AMDDesignTools/2025.2/Vitis/tps/tcl/tcllib2.0/struct/pkgIndex.tcl 
Execute             source C:/AMDDesignTools/2025.2/Vitis/tps/tcl/tcllib2.0/tar/pkgIndex.tcl 
Execute             source C:/AMDDesignTools/2025.2/Vitis/tps/tcl/tcllib2.0/tepam/pkgIndex.tcl 
Execute             source C:/AMDDesignTools/2025.2/Vitis/tps/tcl/tcllib2.0/term/pkgIndex.tcl 
Execute             source C:/AMDDesignTools/2025.2/Vitis/tps/tcl/tcllib2.0/textutil/pkgIndex.tcl 
Execute             source C:/AMDDesignTools/2025.2/Vitis/tps/tcl/tcllib2.0/tie/pkgIndex.tcl 
Execute             source C:/AMDDesignTools/2025.2/Vitis/tps/tcl/tcllib2.0/tiff/pkgIndex.tcl 
Execute             source C:/AMDDesignTools/2025.2/Vitis/tps/tcl/tcllib2.0/tool/pkgIndex.tcl 
Execute             source C:/AMDDesignTools/2025.2/Vitis/tps/tcl/tcllib2.0/transfer/pkgIndex.tcl 
Execute             source C:/AMDDesignTools/2025.2/Vitis/tps/tcl/tcllib2.0/treeql/pkgIndex.tcl 
Execute             source C:/AMDDesignTools/2025.2/Vitis/tps/tcl/tcllib2.0/try/pkgIndex.tcl 
Execute             source C:/AMDDesignTools/2025.2/Vitis/tps/tcl/tcllib2.0/udpcluster/pkgIndex.tcl 
Execute             source C:/AMDDesignTools/2025.2/Vitis/tps/tcl/tcllib2.0/uev/pkgIndex.tcl 
Execute             source C:/AMDDesignTools/2025.2/Vitis/tps/tcl/tcllib2.0/units/pkgIndex.tcl 
Execute             source C:/AMDDesignTools/2025.2/Vitis/tps/tcl/tcllib2.0/uri/pkgIndex.tcl 
Execute             source C:/AMDDesignTools/2025.2/Vitis/tps/tcl/tcllib2.0/uuid/pkgIndex.tcl 
Execute             source C:/AMDDesignTools/2025.2/Vitis/tps/tcl/tcllib2.0/valtype/pkgIndex.tcl 
Execute             source C:/AMDDesignTools/2025.2/Vitis/tps/tcl/tcllib2.0/virtchannel_base/pkgIndex.tcl 
Execute             source C:/AMDDesignTools/2025.2/Vitis/tps/tcl/tcllib2.0/virtchannel_core/pkgIndex.tcl 
Execute             source C:/AMDDesignTools/2025.2/Vitis/tps/tcl/tcllib2.0/virtchannel_transform/pkgIndex.tcl 
Execute             source C:/AMDDesignTools/2025.2/Vitis/tps/tcl/tcllib2.0/websocket/pkgIndex.tcl 
Execute             source C:/AMDDesignTools/2025.2/Vitis/tps/tcl/tcllib2.0/wip/pkgIndex.tcl 
Execute             source C:/AMDDesignTools/2025.2/Vitis/tps/tcl/tcllib2.0/yaml/pkgIndex.tcl 
Execute             source C:/AMDDesignTools/2025.2/Vitis/tps/tcl/tcllib2.0/zip/pkgIndex.tcl 
Command           ap_source done; 0.275 sec.
Execute           source C:/AMDDesignTools/2025.2/Vitis/tps/tcl/tdom/pkgIndex.tcl 
Execute           source C:/AMDDesignTools/2025.2/Vitis/tps/tcl/tk8.6/pkgIndex.tcl 
Execute           source C:/AMDDesignTools/2025.2/Vitis/tps/tcl/tcl8.6/opt0.4/pkgIndex.tcl 
Execute           source C:/AMDDesignTools/2025.2/Vitis/tps/tcl/tcl8.6/pkgs/win/thread2.8.7/pkgIndex.tcl 
Command         ap_source done; 0.637 sec.
Execute         source C:/AMDDesignTools/2025.2/Vitis/tps/tcl/tcllib2.0/0compatibility/pkgIndex.tcl 
Execute         source C:/AMDDesignTools/2025.2/Vitis/tps/tcl/tcllib2.0/amazon-s3/pkgIndex.tcl 
Execute         source C:/AMDDesignTools/2025.2/Vitis/tps/tcl/tcllib2.0/asn/pkgIndex.tcl 
Execute         source C:/AMDDesignTools/2025.2/Vitis/tps/tcl/tcllib2.0/base32/pkgIndex.tcl 
Execute         source C:/AMDDesignTools/2025.2/Vitis/tps/tcl/tcllib2.0/base64/pkgIndex.tcl 
Execute         source C:/AMDDesignTools/2025.2/Vitis/tps/tcl/tcllib2.0/bee/pkgIndex.tcl 
Execute         source C:/AMDDesignTools/2025.2/Vitis/tps/tcl/tcllib2.0/bench/pkgIndex.tcl 
Execute         source C:/AMDDesignTools/2025.2/Vitis/tps/tcl/tcllib2.0/bibtex/pkgIndex.tcl 
Execute         source C:/AMDDesignTools/2025.2/Vitis/tps/tcl/tcllib2.0/cache/pkgIndex.tcl 
Execute         source C:/AMDDesignTools/2025.2/Vitis/tps/tcl/tcllib2.0/clay/pkgIndex.tcl 
Execute         source C:/AMDDesignTools/2025.2/Vitis/tps/tcl/tcllib2.0/clock/pkgIndex.tcl 
Execute         source C:/AMDDesignTools/2025.2/Vitis/tps/tcl/tcllib2.0/cmdline/pkgIndex.tcl 
Execute         source C:/AMDDesignTools/2025.2/Vitis/tps/tcl/tcllib2.0/comm/pkgIndex.tcl 
Execute         source C:/AMDDesignTools/2025.2/Vitis/tps/tcl/tcllib2.0/control/pkgIndex.tcl 
Execute         source C:/AMDDesignTools/2025.2/Vitis/tps/tcl/tcllib2.0/coroutine/pkgIndex.tcl 
Execute         source C:/AMDDesignTools/2025.2/Vitis/tps/tcl/tcllib2.0/counter/pkgIndex.tcl 
Execute         source C:/AMDDesignTools/2025.2/Vitis/tps/tcl/tcllib2.0/crc/pkgIndex.tcl 
Execute         source C:/AMDDesignTools/2025.2/Vitis/tps/tcl/tcllib2.0/cron/pkgIndex.tcl 
Execute         source C:/AMDDesignTools/2025.2/Vitis/tps/tcl/tcllib2.0/csv/pkgIndex.tcl 
Execute         source C:/AMDDesignTools/2025.2/Vitis/tps/tcl/tcllib2.0/debug/pkgIndex.tcl 
Execute         source C:/AMDDesignTools/2025.2/Vitis/tps/tcl/tcllib2.0/defer/pkgIndex.tcl 
Execute         source C:/AMDDesignTools/2025.2/Vitis/tps/tcl/tcllib2.0/dicttool/pkgIndex.tcl 
Execute         source C:/AMDDesignTools/2025.2/Vitis/tps/tcl/tcllib2.0/dns/pkgIndex.tcl 
Execute         source C:/AMDDesignTools/2025.2/Vitis/tps/tcl/tcllib2.0/docstrip/pkgIndex.tcl 
Execute         source C:/AMDDesignTools/2025.2/Vitis/tps/tcl/tcllib2.0/doctools/pkgIndex.tcl 
Execute         source C:/AMDDesignTools/2025.2/Vitis/tps/tcl/tcllib2.0/doctools2base/pkgIndex.tcl 
Execute         source C:/AMDDesignTools/2025.2/Vitis/tps/tcl/tcllib2.0/doctools2idx/pkgIndex.tcl 
Execute         source C:/AMDDesignTools/2025.2/Vitis/tps/tcl/tcllib2.0/doctools2toc/pkgIndex.tcl 
Execute         source C:/AMDDesignTools/2025.2/Vitis/tps/tcl/tcllib2.0/dtplite/pkgIndex.tcl 
Execute         source C:/AMDDesignTools/2025.2/Vitis/tps/tcl/tcllib2.0/fileutil/pkgIndex.tcl 
Execute         source C:/AMDDesignTools/2025.2/Vitis/tps/tcl/tcllib2.0/ftp/pkgIndex.tcl 
Execute         source C:/AMDDesignTools/2025.2/Vitis/tps/tcl/tcllib2.0/ftpd/pkgIndex.tcl 
Execute         source C:/AMDDesignTools/2025.2/Vitis/tps/tcl/tcllib2.0/fumagic/pkgIndex.tcl 
Execute         source C:/AMDDesignTools/2025.2/Vitis/tps/tcl/tcllib2.0/generator/pkgIndex.tcl 
Execute         source C:/AMDDesignTools/2025.2/Vitis/tps/tcl/tcllib2.0/gpx/pkgIndex.tcl 
Execute         source C:/AMDDesignTools/2025.2/Vitis/tps/tcl/tcllib2.0/grammar_aycock/pkgIndex.tcl 
Execute         source C:/AMDDesignTools/2025.2/Vitis/tps/tcl/tcllib2.0/grammar_fa/pkgIndex.tcl 
Execute         source C:/AMDDesignTools/2025.2/Vitis/tps/tcl/tcllib2.0/grammar_me/pkgIndex.tcl 
Execute         source C:/AMDDesignTools/2025.2/Vitis/tps/tcl/tcllib2.0/grammar_peg/pkgIndex.tcl 
Execute         source C:/AMDDesignTools/2025.2/Vitis/tps/tcl/tcllib2.0/hook/pkgIndex.tcl 
Execute         source C:/AMDDesignTools/2025.2/Vitis/tps/tcl/tcllib2.0/html/pkgIndex.tcl 
Execute         source C:/AMDDesignTools/2025.2/Vitis/tps/tcl/tcllib2.0/htmlparse/pkgIndex.tcl 
Execute         source C:/AMDDesignTools/2025.2/Vitis/tps/tcl/tcllib2.0/http/pkgIndex.tcl 
Execute         source C:/AMDDesignTools/2025.2/Vitis/tps/tcl/tcllib2.0/httpd/pkgIndex.tcl 
Execute         source C:/AMDDesignTools/2025.2/Vitis/tps/tcl/tcllib2.0/httpwget/pkgIndex.tcl 
Execute         source C:/AMDDesignTools/2025.2/Vitis/tps/tcl/tcllib2.0/ident/pkgIndex.tcl 
Execute         source C:/AMDDesignTools/2025.2/Vitis/tps/tcl/tcllib2.0/imap4/pkgIndex.tcl 
Execute         source C:/AMDDesignTools/2025.2/Vitis/tps/tcl/tcllib2.0/inifile/pkgIndex.tcl 
Execute         source C:/AMDDesignTools/2025.2/Vitis/tps/tcl/tcllib2.0/interp/pkgIndex.tcl 
Execute         source C:/AMDDesignTools/2025.2/Vitis/tps/tcl/tcllib2.0/irc/pkgIndex.tcl 
Execute         source C:/AMDDesignTools/2025.2/Vitis/tps/tcl/tcllib2.0/javascript/pkgIndex.tcl 
Execute         source C:/AMDDesignTools/2025.2/Vitis/tps/tcl/tcllib2.0/jpeg/pkgIndex.tcl 
Execute         source C:/AMDDesignTools/2025.2/Vitis/tps/tcl/tcllib2.0/json/pkgIndex.tcl 
Execute         source C:/AMDDesignTools/2025.2/Vitis/tps/tcl/tcllib2.0/lambda/pkgIndex.tcl 
Execute         source C:/AMDDesignTools/2025.2/Vitis/tps/tcl/tcllib2.0/lazyset/pkgIndex.tcl 
Execute         source C:/AMDDesignTools/2025.2/Vitis/tps/tcl/tcllib2.0/ldap/pkgIndex.tcl 
Execute         source C:/AMDDesignTools/2025.2/Vitis/tps/tcl/tcllib2.0/log/pkgIndex.tcl 
Execute         source C:/AMDDesignTools/2025.2/Vitis/tps/tcl/tcllib2.0/map/pkgIndex.tcl 
Execute         source C:/AMDDesignTools/2025.2/Vitis/tps/tcl/tcllib2.0/mapproj/pkgIndex.tcl 
Execute         source C:/AMDDesignTools/2025.2/Vitis/tps/tcl/tcllib2.0/markdown/pkgIndex.tcl 
Execute         source C:/AMDDesignTools/2025.2/Vitis/tps/tcl/tcllib2.0/math/pkgIndex.tcl 
Execute         source C:/AMDDesignTools/2025.2/Vitis/tps/tcl/tcllib2.0/md4/pkgIndex.tcl 
Execute         source C:/AMDDesignTools/2025.2/Vitis/tps/tcl/tcllib2.0/md5/pkgIndex.tcl 
Execute         source C:/AMDDesignTools/2025.2/Vitis/tps/tcl/tcllib2.0/md5crypt/pkgIndex.tcl 
Execute         source C:/AMDDesignTools/2025.2/Vitis/tps/tcl/tcllib2.0/mime/pkgIndex.tcl 
Execute         source C:/AMDDesignTools/2025.2/Vitis/tps/tcl/tcllib2.0/mkdoc/pkgIndex.tcl 
Execute         source C:/AMDDesignTools/2025.2/Vitis/tps/tcl/tcllib2.0/multiplexer/pkgIndex.tcl 
Execute         source C:/AMDDesignTools/2025.2/Vitis/tps/tcl/tcllib2.0/namespacex/pkgIndex.tcl 
Execute         source C:/AMDDesignTools/2025.2/Vitis/tps/tcl/tcllib2.0/ncgi/pkgIndex.tcl 
Execute         source C:/AMDDesignTools/2025.2/Vitis/tps/tcl/tcllib2.0/nettool/pkgIndex.tcl 
Execute         source C:/AMDDesignTools/2025.2/Vitis/tps/tcl/tcllib2.0/nmea/pkgIndex.tcl 
Execute         source C:/AMDDesignTools/2025.2/Vitis/tps/tcl/tcllib2.0/nns/pkgIndex.tcl 
Execute         source C:/AMDDesignTools/2025.2/Vitis/tps/tcl/tcllib2.0/nntp/pkgIndex.tcl 
Execute         source C:/AMDDesignTools/2025.2/Vitis/tps/tcl/tcllib2.0/ntp/pkgIndex.tcl 
Execute         source C:/AMDDesignTools/2025.2/Vitis/tps/tcl/tcllib2.0/oauth/pkgIndex.tcl 
Execute         source C:/AMDDesignTools/2025.2/Vitis/tps/tcl/tcllib2.0/oodialect/pkgIndex.tcl 
Execute         source C:/AMDDesignTools/2025.2/Vitis/tps/tcl/tcllib2.0/oometa/pkgIndex.tcl 
Execute         source C:/AMDDesignTools/2025.2/Vitis/tps/tcl/tcllib2.0/ooutil/pkgIndex.tcl 
Execute         source C:/AMDDesignTools/2025.2/Vitis/tps/tcl/tcllib2.0/otp/pkgIndex.tcl 
Execute         source C:/AMDDesignTools/2025.2/Vitis/tps/tcl/tcllib2.0/page/pkgIndex.tcl 
Execute         source C:/AMDDesignTools/2025.2/Vitis/tps/tcl/tcllib2.0/pluginmgr/pkgIndex.tcl 
Execute         source C:/AMDDesignTools/2025.2/Vitis/tps/tcl/tcllib2.0/png/pkgIndex.tcl 
Execute         source C:/AMDDesignTools/2025.2/Vitis/tps/tcl/tcllib2.0/pop3/pkgIndex.tcl 
Execute         source C:/AMDDesignTools/2025.2/Vitis/tps/tcl/tcllib2.0/pop3d/pkgIndex.tcl 
Execute         source C:/AMDDesignTools/2025.2/Vitis/tps/tcl/tcllib2.0/practcl/pkgIndex.tcl 
Execute         source C:/AMDDesignTools/2025.2/Vitis/tps/tcl/tcllib2.0/processman/pkgIndex.tcl 
Execute         source C:/AMDDesignTools/2025.2/Vitis/tps/tcl/tcllib2.0/profiler/pkgIndex.tcl 
Execute         source C:/AMDDesignTools/2025.2/Vitis/tps/tcl/tcllib2.0/pt/pkgIndex.tcl 
Execute         source C:/AMDDesignTools/2025.2/Vitis/tps/tcl/tcllib2.0/rcs/pkgIndex.tcl 
Execute         source C:/AMDDesignTools/2025.2/Vitis/tps/tcl/tcllib2.0/report/pkgIndex.tcl 
Execute         source C:/AMDDesignTools/2025.2/Vitis/tps/tcl/tcllib2.0/rest/pkgIndex.tcl 
Execute         source C:/AMDDesignTools/2025.2/Vitis/tps/tcl/tcllib2.0/ripemd/pkgIndex.tcl 
Execute         source C:/AMDDesignTools/2025.2/Vitis/tps/tcl/tcllib2.0/sasl/pkgIndex.tcl 
Execute         source C:/AMDDesignTools/2025.2/Vitis/tps/tcl/tcllib2.0/sha1/pkgIndex.tcl 
Execute         source C:/AMDDesignTools/2025.2/Vitis/tps/tcl/tcllib2.0/simulation/pkgIndex.tcl 
Execute         source C:/AMDDesignTools/2025.2/Vitis/tps/tcl/tcllib2.0/smtpd/pkgIndex.tcl 
Execute         source C:/AMDDesignTools/2025.2/Vitis/tps/tcl/tcllib2.0/snit/pkgIndex.tcl 
Execute         source C:/AMDDesignTools/2025.2/Vitis/tps/tcl/tcllib2.0/soundex/pkgIndex.tcl 
Execute         source C:/AMDDesignTools/2025.2/Vitis/tps/tcl/tcllib2.0/stooop/pkgIndex.tcl 
Execute         source C:/AMDDesignTools/2025.2/Vitis/tps/tcl/tcllib2.0/string/pkgIndex.tcl 
Execute         source C:/AMDDesignTools/2025.2/Vitis/tps/tcl/tcllib2.0/stringprep/pkgIndex.tcl 
Execute         source C:/AMDDesignTools/2025.2/Vitis/tps/tcl/tcllib2.0/struct/pkgIndex.tcl 
Execute         source C:/AMDDesignTools/2025.2/Vitis/tps/tcl/tcllib2.0/tar/pkgIndex.tcl 
Execute         source C:/AMDDesignTools/2025.2/Vitis/tps/tcl/tcllib2.0/tepam/pkgIndex.tcl 
Execute         source C:/AMDDesignTools/2025.2/Vitis/tps/tcl/tcllib2.0/term/pkgIndex.tcl 
Execute         source C:/AMDDesignTools/2025.2/Vitis/tps/tcl/tcllib2.0/textutil/pkgIndex.tcl 
Execute         source C:/AMDDesignTools/2025.2/Vitis/tps/tcl/tcllib2.0/tie/pkgIndex.tcl 
Execute         source C:/AMDDesignTools/2025.2/Vitis/tps/tcl/tcllib2.0/tiff/pkgIndex.tcl 
Execute         source C:/AMDDesignTools/2025.2/Vitis/tps/tcl/tcllib2.0/tool/pkgIndex.tcl 
Execute         source C:/AMDDesignTools/2025.2/Vitis/tps/tcl/tcllib2.0/transfer/pkgIndex.tcl 
Execute         source C:/AMDDesignTools/2025.2/Vitis/tps/tcl/tcllib2.0/treeql/pkgIndex.tcl 
Execute         source C:/AMDDesignTools/2025.2/Vitis/tps/tcl/tcllib2.0/try/pkgIndex.tcl 
Execute         source C:/AMDDesignTools/2025.2/Vitis/tps/tcl/tcllib2.0/udpcluster/pkgIndex.tcl 
Execute         source C:/AMDDesignTools/2025.2/Vitis/tps/tcl/tcllib2.0/uev/pkgIndex.tcl 
Execute         source C:/AMDDesignTools/2025.2/Vitis/tps/tcl/tcllib2.0/units/pkgIndex.tcl 
Execute         source C:/AMDDesignTools/2025.2/Vitis/tps/tcl/tcllib2.0/uri/pkgIndex.tcl 
Execute         source C:/AMDDesignTools/2025.2/Vitis/tps/tcl/tcllib2.0/uuid/pkgIndex.tcl 
Execute         source C:/AMDDesignTools/2025.2/Vitis/tps/tcl/tcllib2.0/valtype/pkgIndex.tcl 
Execute         source C:/AMDDesignTools/2025.2/Vitis/tps/tcl/tcllib2.0/virtchannel_base/pkgIndex.tcl 
Execute         source C:/AMDDesignTools/2025.2/Vitis/tps/tcl/tcllib2.0/virtchannel_core/pkgIndex.tcl 
Execute         source C:/AMDDesignTools/2025.2/Vitis/tps/tcl/tcllib2.0/virtchannel_transform/pkgIndex.tcl 
Execute         source C:/AMDDesignTools/2025.2/Vitis/tps/tcl/tcllib2.0/websocket/pkgIndex.tcl 
Execute         source C:/AMDDesignTools/2025.2/Vitis/tps/tcl/tcllib2.0/wip/pkgIndex.tcl 
Execute         source C:/AMDDesignTools/2025.2/Vitis/tps/tcl/tcllib2.0/yaml/pkgIndex.tcl 
Execute         source C:/AMDDesignTools/2025.2/Vitis/tps/tcl/tcllib2.0/zip/pkgIndex.tcl 
Execute         source C:/AMDDesignTools/2025.2/Vitis/tps/tcl/tcllib2.0/pkgIndex.tcl 
Execute           source C:/AMDDesignTools/2025.2/Vitis/tps/tcl/tcllib2.0/0compatibility/pkgIndex.tcl 
Execute           source C:/AMDDesignTools/2025.2/Vitis/tps/tcl/tcllib2.0/amazon-s3/pkgIndex.tcl 
Execute           source C:/AMDDesignTools/2025.2/Vitis/tps/tcl/tcllib2.0/asn/pkgIndex.tcl 
Execute           source C:/AMDDesignTools/2025.2/Vitis/tps/tcl/tcllib2.0/base32/pkgIndex.tcl 
Execute           source C:/AMDDesignTools/2025.2/Vitis/tps/tcl/tcllib2.0/base64/pkgIndex.tcl 
Execute           source C:/AMDDesignTools/2025.2/Vitis/tps/tcl/tcllib2.0/bee/pkgIndex.tcl 
Execute           source C:/AMDDesignTools/2025.2/Vitis/tps/tcl/tcllib2.0/bench/pkgIndex.tcl 
Execute           source C:/AMDDesignTools/2025.2/Vitis/tps/tcl/tcllib2.0/bibtex/pkgIndex.tcl 
Execute           source C:/AMDDesignTools/2025.2/Vitis/tps/tcl/tcllib2.0/cache/pkgIndex.tcl 
Execute           source C:/AMDDesignTools/2025.2/Vitis/tps/tcl/tcllib2.0/clay/pkgIndex.tcl 
Execute           source C:/AMDDesignTools/2025.2/Vitis/tps/tcl/tcllib2.0/clock/pkgIndex.tcl 
Execute           source C:/AMDDesignTools/2025.2/Vitis/tps/tcl/tcllib2.0/cmdline/pkgIndex.tcl 
Execute           source C:/AMDDesignTools/2025.2/Vitis/tps/tcl/tcllib2.0/comm/pkgIndex.tcl 
Execute           source C:/AMDDesignTools/2025.2/Vitis/tps/tcl/tcllib2.0/control/pkgIndex.tcl 
Execute           source C:/AMDDesignTools/2025.2/Vitis/tps/tcl/tcllib2.0/coroutine/pkgIndex.tcl 
Execute           source C:/AMDDesignTools/2025.2/Vitis/tps/tcl/tcllib2.0/counter/pkgIndex.tcl 
Execute           source C:/AMDDesignTools/2025.2/Vitis/tps/tcl/tcllib2.0/crc/pkgIndex.tcl 
Execute           source C:/AMDDesignTools/2025.2/Vitis/tps/tcl/tcllib2.0/cron/pkgIndex.tcl 
Execute           source C:/AMDDesignTools/2025.2/Vitis/tps/tcl/tcllib2.0/csv/pkgIndex.tcl 
Execute           source C:/AMDDesignTools/2025.2/Vitis/tps/tcl/tcllib2.0/debug/pkgIndex.tcl 
Execute           source C:/AMDDesignTools/2025.2/Vitis/tps/tcl/tcllib2.0/defer/pkgIndex.tcl 
Execute           source C:/AMDDesignTools/2025.2/Vitis/tps/tcl/tcllib2.0/dicttool/pkgIndex.tcl 
Execute           source C:/AMDDesignTools/2025.2/Vitis/tps/tcl/tcllib2.0/dns/pkgIndex.tcl 
Execute           source C:/AMDDesignTools/2025.2/Vitis/tps/tcl/tcllib2.0/docstrip/pkgIndex.tcl 
Execute           source C:/AMDDesignTools/2025.2/Vitis/tps/tcl/tcllib2.0/doctools/pkgIndex.tcl 
Execute           source C:/AMDDesignTools/2025.2/Vitis/tps/tcl/tcllib2.0/doctools2base/pkgIndex.tcl 
Execute           source C:/AMDDesignTools/2025.2/Vitis/tps/tcl/tcllib2.0/doctools2idx/pkgIndex.tcl 
Execute           source C:/AMDDesignTools/2025.2/Vitis/tps/tcl/tcllib2.0/doctools2toc/pkgIndex.tcl 
Execute           source C:/AMDDesignTools/2025.2/Vitis/tps/tcl/tcllib2.0/dtplite/pkgIndex.tcl 
Execute           source C:/AMDDesignTools/2025.2/Vitis/tps/tcl/tcllib2.0/fileutil/pkgIndex.tcl 
Execute           source C:/AMDDesignTools/2025.2/Vitis/tps/tcl/tcllib2.0/ftp/pkgIndex.tcl 
Execute           source C:/AMDDesignTools/2025.2/Vitis/tps/tcl/tcllib2.0/ftpd/pkgIndex.tcl 
Execute           source C:/AMDDesignTools/2025.2/Vitis/tps/tcl/tcllib2.0/fumagic/pkgIndex.tcl 
Execute           source C:/AMDDesignTools/2025.2/Vitis/tps/tcl/tcllib2.0/generator/pkgIndex.tcl 
Execute           source C:/AMDDesignTools/2025.2/Vitis/tps/tcl/tcllib2.0/gpx/pkgIndex.tcl 
Execute           source C:/AMDDesignTools/2025.2/Vitis/tps/tcl/tcllib2.0/grammar_aycock/pkgIndex.tcl 
Execute           source C:/AMDDesignTools/2025.2/Vitis/tps/tcl/tcllib2.0/grammar_fa/pkgIndex.tcl 
Execute           source C:/AMDDesignTools/2025.2/Vitis/tps/tcl/tcllib2.0/grammar_me/pkgIndex.tcl 
Execute           source C:/AMDDesignTools/2025.2/Vitis/tps/tcl/tcllib2.0/grammar_peg/pkgIndex.tcl 
Execute           source C:/AMDDesignTools/2025.2/Vitis/tps/tcl/tcllib2.0/hook/pkgIndex.tcl 
Execute           source C:/AMDDesignTools/2025.2/Vitis/tps/tcl/tcllib2.0/html/pkgIndex.tcl 
Execute           source C:/AMDDesignTools/2025.2/Vitis/tps/tcl/tcllib2.0/htmlparse/pkgIndex.tcl 
Execute           source C:/AMDDesignTools/2025.2/Vitis/tps/tcl/tcllib2.0/http/pkgIndex.tcl 
Execute           source C:/AMDDesignTools/2025.2/Vitis/tps/tcl/tcllib2.0/httpd/pkgIndex.tcl 
Execute           source C:/AMDDesignTools/2025.2/Vitis/tps/tcl/tcllib2.0/httpwget/pkgIndex.tcl 
Execute           source C:/AMDDesignTools/2025.2/Vitis/tps/tcl/tcllib2.0/ident/pkgIndex.tcl 
Execute           source C:/AMDDesignTools/2025.2/Vitis/tps/tcl/tcllib2.0/imap4/pkgIndex.tcl 
Execute           source C:/AMDDesignTools/2025.2/Vitis/tps/tcl/tcllib2.0/inifile/pkgIndex.tcl 
Execute           source C:/AMDDesignTools/2025.2/Vitis/tps/tcl/tcllib2.0/interp/pkgIndex.tcl 
Execute           source C:/AMDDesignTools/2025.2/Vitis/tps/tcl/tcllib2.0/irc/pkgIndex.tcl 
Execute           source C:/AMDDesignTools/2025.2/Vitis/tps/tcl/tcllib2.0/javascript/pkgIndex.tcl 
Execute           source C:/AMDDesignTools/2025.2/Vitis/tps/tcl/tcllib2.0/jpeg/pkgIndex.tcl 
Execute           source C:/AMDDesignTools/2025.2/Vitis/tps/tcl/tcllib2.0/json/pkgIndex.tcl 
Execute           source C:/AMDDesignTools/2025.2/Vitis/tps/tcl/tcllib2.0/lambda/pkgIndex.tcl 
Execute           source C:/AMDDesignTools/2025.2/Vitis/tps/tcl/tcllib2.0/lazyset/pkgIndex.tcl 
Execute           source C:/AMDDesignTools/2025.2/Vitis/tps/tcl/tcllib2.0/ldap/pkgIndex.tcl 
Execute           source C:/AMDDesignTools/2025.2/Vitis/tps/tcl/tcllib2.0/log/pkgIndex.tcl 
Execute           source C:/AMDDesignTools/2025.2/Vitis/tps/tcl/tcllib2.0/map/pkgIndex.tcl 
Execute           source C:/AMDDesignTools/2025.2/Vitis/tps/tcl/tcllib2.0/mapproj/pkgIndex.tcl 
Execute           source C:/AMDDesignTools/2025.2/Vitis/tps/tcl/tcllib2.0/markdown/pkgIndex.tcl 
Execute           source C:/AMDDesignTools/2025.2/Vitis/tps/tcl/tcllib2.0/math/pkgIndex.tcl 
Execute           source C:/AMDDesignTools/2025.2/Vitis/tps/tcl/tcllib2.0/md4/pkgIndex.tcl 
Execute           source C:/AMDDesignTools/2025.2/Vitis/tps/tcl/tcllib2.0/md5/pkgIndex.tcl 
Execute           source C:/AMDDesignTools/2025.2/Vitis/tps/tcl/tcllib2.0/md5crypt/pkgIndex.tcl 
Execute           source C:/AMDDesignTools/2025.2/Vitis/tps/tcl/tcllib2.0/mime/pkgIndex.tcl 
Execute           source C:/AMDDesignTools/2025.2/Vitis/tps/tcl/tcllib2.0/mkdoc/pkgIndex.tcl 
Execute           source C:/AMDDesignTools/2025.2/Vitis/tps/tcl/tcllib2.0/multiplexer/pkgIndex.tcl 
Execute           source C:/AMDDesignTools/2025.2/Vitis/tps/tcl/tcllib2.0/namespacex/pkgIndex.tcl 
Execute           source C:/AMDDesignTools/2025.2/Vitis/tps/tcl/tcllib2.0/ncgi/pkgIndex.tcl 
Execute           source C:/AMDDesignTools/2025.2/Vitis/tps/tcl/tcllib2.0/nettool/pkgIndex.tcl 
Execute           source C:/AMDDesignTools/2025.2/Vitis/tps/tcl/tcllib2.0/nmea/pkgIndex.tcl 
Execute           source C:/AMDDesignTools/2025.2/Vitis/tps/tcl/tcllib2.0/nns/pkgIndex.tcl 
Execute           source C:/AMDDesignTools/2025.2/Vitis/tps/tcl/tcllib2.0/nntp/pkgIndex.tcl 
Execute           source C:/AMDDesignTools/2025.2/Vitis/tps/tcl/tcllib2.0/ntp/pkgIndex.tcl 
Execute           source C:/AMDDesignTools/2025.2/Vitis/tps/tcl/tcllib2.0/oauth/pkgIndex.tcl 
Execute           source C:/AMDDesignTools/2025.2/Vitis/tps/tcl/tcllib2.0/oodialect/pkgIndex.tcl 
Execute           source C:/AMDDesignTools/2025.2/Vitis/tps/tcl/tcllib2.0/oometa/pkgIndex.tcl 
Execute           source C:/AMDDesignTools/2025.2/Vitis/tps/tcl/tcllib2.0/ooutil/pkgIndex.tcl 
Execute           source C:/AMDDesignTools/2025.2/Vitis/tps/tcl/tcllib2.0/otp/pkgIndex.tcl 
Execute           source C:/AMDDesignTools/2025.2/Vitis/tps/tcl/tcllib2.0/page/pkgIndex.tcl 
Execute           source C:/AMDDesignTools/2025.2/Vitis/tps/tcl/tcllib2.0/pluginmgr/pkgIndex.tcl 
Execute           source C:/AMDDesignTools/2025.2/Vitis/tps/tcl/tcllib2.0/png/pkgIndex.tcl 
Execute           source C:/AMDDesignTools/2025.2/Vitis/tps/tcl/tcllib2.0/pop3/pkgIndex.tcl 
Execute           source C:/AMDDesignTools/2025.2/Vitis/tps/tcl/tcllib2.0/pop3d/pkgIndex.tcl 
Execute           source C:/AMDDesignTools/2025.2/Vitis/tps/tcl/tcllib2.0/practcl/pkgIndex.tcl 
Execute           source C:/AMDDesignTools/2025.2/Vitis/tps/tcl/tcllib2.0/processman/pkgIndex.tcl 
Execute           source C:/AMDDesignTools/2025.2/Vitis/tps/tcl/tcllib2.0/profiler/pkgIndex.tcl 
Execute           source C:/AMDDesignTools/2025.2/Vitis/tps/tcl/tcllib2.0/pt/pkgIndex.tcl 
Execute           source C:/AMDDesignTools/2025.2/Vitis/tps/tcl/tcllib2.0/rcs/pkgIndex.tcl 
Execute           source C:/AMDDesignTools/2025.2/Vitis/tps/tcl/tcllib2.0/report/pkgIndex.tcl 
Execute           source C:/AMDDesignTools/2025.2/Vitis/tps/tcl/tcllib2.0/rest/pkgIndex.tcl 
Execute           source C:/AMDDesignTools/2025.2/Vitis/tps/tcl/tcllib2.0/ripemd/pkgIndex.tcl 
Execute           source C:/AMDDesignTools/2025.2/Vitis/tps/tcl/tcllib2.0/sasl/pkgIndex.tcl 
Execute           source C:/AMDDesignTools/2025.2/Vitis/tps/tcl/tcllib2.0/sha1/pkgIndex.tcl 
Execute           source C:/AMDDesignTools/2025.2/Vitis/tps/tcl/tcllib2.0/simulation/pkgIndex.tcl 
Execute           source C:/AMDDesignTools/2025.2/Vitis/tps/tcl/tcllib2.0/smtpd/pkgIndex.tcl 
Execute           source C:/AMDDesignTools/2025.2/Vitis/tps/tcl/tcllib2.0/snit/pkgIndex.tcl 
Execute           source C:/AMDDesignTools/2025.2/Vitis/tps/tcl/tcllib2.0/soundex/pkgIndex.tcl 
Execute           source C:/AMDDesignTools/2025.2/Vitis/tps/tcl/tcllib2.0/stooop/pkgIndex.tcl 
Execute           source C:/AMDDesignTools/2025.2/Vitis/tps/tcl/tcllib2.0/string/pkgIndex.tcl 
Execute           source C:/AMDDesignTools/2025.2/Vitis/tps/tcl/tcllib2.0/stringprep/pkgIndex.tcl 
Execute           source C:/AMDDesignTools/2025.2/Vitis/tps/tcl/tcllib2.0/struct/pkgIndex.tcl 
Execute           source C:/AMDDesignTools/2025.2/Vitis/tps/tcl/tcllib2.0/tar/pkgIndex.tcl 
Execute           source C:/AMDDesignTools/2025.2/Vitis/tps/tcl/tcllib2.0/tepam/pkgIndex.tcl 
Execute           source C:/AMDDesignTools/2025.2/Vitis/tps/tcl/tcllib2.0/term/pkgIndex.tcl 
Execute           source C:/AMDDesignTools/2025.2/Vitis/tps/tcl/tcllib2.0/textutil/pkgIndex.tcl 
Execute           source C:/AMDDesignTools/2025.2/Vitis/tps/tcl/tcllib2.0/tie/pkgIndex.tcl 
Execute           source C:/AMDDesignTools/2025.2/Vitis/tps/tcl/tcllib2.0/tiff/pkgIndex.tcl 
Execute           source C:/AMDDesignTools/2025.2/Vitis/tps/tcl/tcllib2.0/tool/pkgIndex.tcl 
Execute           source C:/AMDDesignTools/2025.2/Vitis/tps/tcl/tcllib2.0/transfer/pkgIndex.tcl 
Execute           source C:/AMDDesignTools/2025.2/Vitis/tps/tcl/tcllib2.0/treeql/pkgIndex.tcl 
Execute           source C:/AMDDesignTools/2025.2/Vitis/tps/tcl/tcllib2.0/try/pkgIndex.tcl 
Execute           source C:/AMDDesignTools/2025.2/Vitis/tps/tcl/tcllib2.0/udpcluster/pkgIndex.tcl 
Execute           source C:/AMDDesignTools/2025.2/Vitis/tps/tcl/tcllib2.0/uev/pkgIndex.tcl 
Execute           source C:/AMDDesignTools/2025.2/Vitis/tps/tcl/tcllib2.0/units/pkgIndex.tcl 
Execute           source C:/AMDDesignTools/2025.2/Vitis/tps/tcl/tcllib2.0/uri/pkgIndex.tcl 
Execute           source C:/AMDDesignTools/2025.2/Vitis/tps/tcl/tcllib2.0/uuid/pkgIndex.tcl 
Execute           source C:/AMDDesignTools/2025.2/Vitis/tps/tcl/tcllib2.0/valtype/pkgIndex.tcl 
Execute           source C:/AMDDesignTools/2025.2/Vitis/tps/tcl/tcllib2.0/virtchannel_base/pkgIndex.tcl 
Execute           source C:/AMDDesignTools/2025.2/Vitis/tps/tcl/tcllib2.0/virtchannel_core/pkgIndex.tcl 
Execute           source C:/AMDDesignTools/2025.2/Vitis/tps/tcl/tcllib2.0/virtchannel_transform/pkgIndex.tcl 
Execute           source C:/AMDDesignTools/2025.2/Vitis/tps/tcl/tcllib2.0/websocket/pkgIndex.tcl 
Execute           source C:/AMDDesignTools/2025.2/Vitis/tps/tcl/tcllib2.0/wip/pkgIndex.tcl 
Execute           source C:/AMDDesignTools/2025.2/Vitis/tps/tcl/tcllib2.0/yaml/pkgIndex.tcl 
Execute           source C:/AMDDesignTools/2025.2/Vitis/tps/tcl/tcllib2.0/zip/pkgIndex.tcl 
Command         ap_source done; 0.229 sec.
Execute         source C:/AMDDesignTools/2025.2/Vitis/tps/tcl/tdom/pkgIndex.tcl 
Execute         source C:/AMDDesignTools/2025.2/Vitis/tps/tcl/tk8.6/pkgIndex.tcl 
Execute         source C:/AMDDesignTools/2025.2/Vitis/tps/tcl/tcl8.6/opt0.4/pkgIndex.tcl 
Execute         source C:/AMDDesignTools/2025.2/Vitis/tps/tcl/tcl8.6/pkgs/win/thread2.8.7/pkgIndex.tcl 
Command       ap_source done; 1.156 sec.
INFO-FLOW: Workspace C:/TFG_Vivado/vivado/axu2cga_trd.runs/bd_197a_csc_0_synth_1/prj/sol opened at Wed Jan 21 13:00:15 +0100 2026
Execute       send_msg_by_id INFO @200-1505@%s%s default  vivado 
INFO: [HLS 200-1505] Using default flow_target 'vivado'
Command     open_solution done; 1.244 sec.
Execute     set_part xczu2cg-sfvc784-1-e 
INFO: [HLS 200-1510] Running: set_part xczu2cg-sfvc784-1-e 
Execute       create_platform xczu2cg-sfvc784-1-e -board  
DBG:HLSDevice: Trying to load device library: C:/AMDDesignTools/2025.2/Vitis\lib\win64.o\xv_hlsvwrap.dll
DBG:HLSDevice: first parts/arch.xml in RDI_DATADIR: C:/AMDDesignTools/2025.2/Vivado/data/parts/arch.xml
DBG:HLSDevice: init success
INFO: [HLS 200-1611] Setting target device to 'xczu2cg-sfvc784-1-e'
Command       create_platform done; 1.736 sec.
Execute       source C:/AMDDesignTools/2025.2/Vitis/common/technology/xilinx/common/xilinx.gen 
Execute         source C:/AMDDesignTools/2025.2/Vitis/common/technology/xilinx/interface/plb46.gen 
Execute         source C:/AMDDesignTools/2025.2/Vitis/common/technology/xilinx/interface/axi4.gen 
Execute         source C:/AMDDesignTools/2025.2/Vitis/common/technology/xilinx/interface/nativeAXI4.gen 
Execute           source C:/AMDDesignTools/2025.2/Vitis/common/technology/xilinx/interface/saxilite.gen 
Execute         source C:/AMDDesignTools/2025.2/Vitis/common/technology/xilinx/scripts/xilinxcoregen.gen 
Execute         source C:/AMDDesignTools/2025.2/Vitis/common/technology/xilinx/interface/XilEDKCoreGen.gen 
Execute         source C:/AMDDesignTools/2025.2/Vitis/common/technology/xilinx/ip/dds_compiler.gen 
Execute         source C:/AMDDesignTools/2025.2/Vitis/common/technology/xilinx/ip/util.gen 
Execute         source C:/AMDDesignTools/2025.2/Vitis/common/technology/xilinx/ip/xfft.gen 
Command         ap_source done; 0.123 sec.
Execute         source C:/AMDDesignTools/2025.2/Vitis/common/technology/xilinx/ip/xfir.gen 
Execute         source C:/AMDDesignTools/2025.2/Vitis/common/technology/xilinx/DSP48/dsp48.gen 
Command       ap_source done; 0.196 sec.
Execute       ap_part_info -name xczu2cg-sfvc784-1-e -data info 
Execute       config_compile -quiet -complex-mul-dsp=0 
Command     set_part done; 1.957 sec.
Execute     add_files -cflags  -I c:/TFG_Vivado/vivado/axu2cga_trd.gen/sources_1/bd/design_1/ip/design_1_v_proc_ss_1_0/bd_0/ip/ip_0/src/hls -I c:/TFG_Vivado/vivado/axu2cga_trd.gen/sources_1/bd/design_1/ip/design_1_v_proc_ss_1_0/bd_0/ip/ip_0/src  c:/TFG_Vivado/vivado/axu2cga_trd.gen/sources_1/bd/design_1/ip/design_1_v_proc_ss_1_0/bd_0/ip/ip_0/src/v_csc_config.h 
INFO: [HLS 200-1510] Running: add_files -cflags  -I c:/TFG_Vivado/vivado/axu2cga_trd.gen/sources_1/bd/design_1/ip/design_1_v_proc_ss_1_0/bd_0/ip/ip_0/src/hls -I c:/TFG_Vivado/vivado/axu2cga_trd.gen/sources_1/bd/design_1/ip/design_1_v_proc_ss_1_0/bd_0/ip/ip_0/src  c:/TFG_Vivado/vivado/axu2cga_trd.gen/sources_1/bd/design_1/ip/design_1_v_proc_ss_1_0/bd_0/ip/ip_0/src/v_csc_config.h 
INFO: [HLS 200-10] Adding design file 'c:/TFG_Vivado/vivado/axu2cga_trd.gen/sources_1/bd/design_1/ip/design_1_v_proc_ss_1_0/bd_0/ip/ip_0/src/v_csc_config.h' to the project
Execute     add_files -cflags  -I c:/TFG_Vivado/vivado/axu2cga_trd.gen/sources_1/bd/design_1/ip/design_1_v_proc_ss_1_0/bd_0/ip/ip_0/src/hls -I c:/TFG_Vivado/vivado/axu2cga_trd.gen/sources_1/bd/design_1/ip/design_1_v_proc_ss_1_0/bd_0/ip/ip_0/src  c:/TFG_Vivado/vivado/axu2cga_trd.gen/sources_1/bd/design_1/ip/design_1_v_proc_ss_1_0/bd_0/ip/ip_0/src/v_csc.cpp 
INFO: [HLS 200-1510] Running: add_files -cflags  -I c:/TFG_Vivado/vivado/axu2cga_trd.gen/sources_1/bd/design_1/ip/design_1_v_proc_ss_1_0/bd_0/ip/ip_0/src/hls -I c:/TFG_Vivado/vivado/axu2cga_trd.gen/sources_1/bd/design_1/ip/design_1_v_proc_ss_1_0/bd_0/ip/ip_0/src  c:/TFG_Vivado/vivado/axu2cga_trd.gen/sources_1/bd/design_1/ip/design_1_v_proc_ss_1_0/bd_0/ip/ip_0/src/v_csc.cpp 
INFO: [HLS 200-10] Adding design file 'c:/TFG_Vivado/vivado/axu2cga_trd.gen/sources_1/bd/design_1/ip/design_1_v_proc_ss_1_0/bd_0/ip/ip_0/src/v_csc.cpp' to the project
Execute     add_files -cflags  -I c:/TFG_Vivado/vivado/axu2cga_trd.gen/sources_1/bd/design_1/ip/design_1_v_proc_ss_1_0/bd_0/ip/ip_0/src/hls -I c:/TFG_Vivado/vivado/axu2cga_trd.gen/sources_1/bd/design_1/ip/design_1_v_proc_ss_1_0/bd_0/ip/ip_0/src  c:/TFG_Vivado/vivado/axu2cga_trd.gen/sources_1/bd/design_1/ip/design_1_v_proc_ss_1_0/bd_0/ip/ip_0/src/v_csc.h 
INFO: [HLS 200-1510] Running: add_files -cflags  -I c:/TFG_Vivado/vivado/axu2cga_trd.gen/sources_1/bd/design_1/ip/design_1_v_proc_ss_1_0/bd_0/ip/ip_0/src/hls -I c:/TFG_Vivado/vivado/axu2cga_trd.gen/sources_1/bd/design_1/ip/design_1_v_proc_ss_1_0/bd_0/ip/ip_0/src  c:/TFG_Vivado/vivado/axu2cga_trd.gen/sources_1/bd/design_1/ip/design_1_v_proc_ss_1_0/bd_0/ip/ip_0/src/v_csc.h 
INFO: [HLS 200-10] Adding design file 'c:/TFG_Vivado/vivado/axu2cga_trd.gen/sources_1/bd/design_1/ip/design_1_v_proc_ss_1_0/bd_0/ip/ip_0/src/v_csc.h' to the project
Execute     add_files -cflags  -I c:/TFG_Vivado/vivado/axu2cga_trd.gen/sources_1/bd/design_1/ip/design_1_v_proc_ss_1_0/bd_0/ip/ip_0/src/hls -I c:/TFG_Vivado/vivado/axu2cga_trd.gen/sources_1/bd/design_1/ip/design_1_v_proc_ss_1_0/bd_0/ip/ip_0/src  c:/TFG_Vivado/vivado/axu2cga_trd.gen/sources_1/bd/design_1/ip/design_1_v_proc_ss_1_0/bd_0/ip/ip_0/src/hls_video.h 
INFO: [HLS 200-1510] Running: add_files -cflags  -I c:/TFG_Vivado/vivado/axu2cga_trd.gen/sources_1/bd/design_1/ip/design_1_v_proc_ss_1_0/bd_0/ip/ip_0/src/hls -I c:/TFG_Vivado/vivado/axu2cga_trd.gen/sources_1/bd/design_1/ip/design_1_v_proc_ss_1_0/bd_0/ip/ip_0/src  c:/TFG_Vivado/vivado/axu2cga_trd.gen/sources_1/bd/design_1/ip/design_1_v_proc_ss_1_0/bd_0/ip/ip_0/src/hls_video.h 
INFO: [HLS 200-10] Adding design file 'c:/TFG_Vivado/vivado/axu2cga_trd.gen/sources_1/bd/design_1/ip/design_1_v_proc_ss_1_0/bd_0/ip/ip_0/src/hls_video.h' to the project
Execute     add_files -cflags  -I c:/TFG_Vivado/vivado/axu2cga_trd.gen/sources_1/bd/design_1/ip/design_1_v_proc_ss_1_0/bd_0/ip/ip_0/src/hls -I c:/TFG_Vivado/vivado/axu2cga_trd.gen/sources_1/bd/design_1/ip/design_1_v_proc_ss_1_0/bd_0/ip/ip_0/src  c:/TFG_Vivado/vivado/axu2cga_trd.gen/sources_1/bd/design_1/ip/design_1_v_proc_ss_1_0/bd_0/ip/ip_0/src/hls_opencv.h 
INFO: [HLS 200-1510] Running: add_files -cflags  -I c:/TFG_Vivado/vivado/axu2cga_trd.gen/sources_1/bd/design_1/ip/design_1_v_proc_ss_1_0/bd_0/ip/ip_0/src/hls -I c:/TFG_Vivado/vivado/axu2cga_trd.gen/sources_1/bd/design_1/ip/design_1_v_proc_ss_1_0/bd_0/ip/ip_0/src  c:/TFG_Vivado/vivado/axu2cga_trd.gen/sources_1/bd/design_1/ip/design_1_v_proc_ss_1_0/bd_0/ip/ip_0/src/hls_opencv.h 
INFO: [HLS 200-10] Adding design file 'c:/TFG_Vivado/vivado/axu2cga_trd.gen/sources_1/bd/design_1/ip/design_1_v_proc_ss_1_0/bd_0/ip/ip_0/src/hls_opencv.h' to the project
Execute     add_files -cflags  -I c:/TFG_Vivado/vivado/axu2cga_trd.gen/sources_1/bd/design_1/ip/design_1_v_proc_ss_1_0/bd_0/ip/ip_0/src/hls -I c:/TFG_Vivado/vivado/axu2cga_trd.gen/sources_1/bd/design_1/ip/design_1_v_proc_ss_1_0/bd_0/ip/ip_0/src  c:/TFG_Vivado/vivado/axu2cga_trd.gen/sources_1/bd/design_1/ip/design_1_v_proc_ss_1_0/bd_0/ip/ip_0/src/hls/hls_axi_io.h 
INFO: [HLS 200-1510] Running: add_files -cflags  -I c:/TFG_Vivado/vivado/axu2cga_trd.gen/sources_1/bd/design_1/ip/design_1_v_proc_ss_1_0/bd_0/ip/ip_0/src/hls -I c:/TFG_Vivado/vivado/axu2cga_trd.gen/sources_1/bd/design_1/ip/design_1_v_proc_ss_1_0/bd_0/ip/ip_0/src  c:/TFG_Vivado/vivado/axu2cga_trd.gen/sources_1/bd/design_1/ip/design_1_v_proc_ss_1_0/bd_0/ip/ip_0/src/hls/hls_axi_io.h 
INFO: [HLS 200-10] Adding design file 'c:/TFG_Vivado/vivado/axu2cga_trd.gen/sources_1/bd/design_1/ip/design_1_v_proc_ss_1_0/bd_0/ip/ip_0/src/hls/hls_axi_io.h' to the project
Execute     add_files -cflags  -I c:/TFG_Vivado/vivado/axu2cga_trd.gen/sources_1/bd/design_1/ip/design_1_v_proc_ss_1_0/bd_0/ip/ip_0/src/hls -I c:/TFG_Vivado/vivado/axu2cga_trd.gen/sources_1/bd/design_1/ip/design_1_v_proc_ss_1_0/bd_0/ip/ip_0/src  c:/TFG_Vivado/vivado/axu2cga_trd.gen/sources_1/bd/design_1/ip/design_1_v_proc_ss_1_0/bd_0/ip/ip_0/src/hls/hls_video_arithm.h 
INFO: [HLS 200-1510] Running: add_files -cflags  -I c:/TFG_Vivado/vivado/axu2cga_trd.gen/sources_1/bd/design_1/ip/design_1_v_proc_ss_1_0/bd_0/ip/ip_0/src/hls -I c:/TFG_Vivado/vivado/axu2cga_trd.gen/sources_1/bd/design_1/ip/design_1_v_proc_ss_1_0/bd_0/ip/ip_0/src  c:/TFG_Vivado/vivado/axu2cga_trd.gen/sources_1/bd/design_1/ip/design_1_v_proc_ss_1_0/bd_0/ip/ip_0/src/hls/hls_video_arithm.h 
INFO: [HLS 200-10] Adding design file 'c:/TFG_Vivado/vivado/axu2cga_trd.gen/sources_1/bd/design_1/ip/design_1_v_proc_ss_1_0/bd_0/ip/ip_0/src/hls/hls_video_arithm.h' to the project
Execute     add_files -cflags  -I c:/TFG_Vivado/vivado/axu2cga_trd.gen/sources_1/bd/design_1/ip/design_1_v_proc_ss_1_0/bd_0/ip/ip_0/src/hls -I c:/TFG_Vivado/vivado/axu2cga_trd.gen/sources_1/bd/design_1/ip/design_1_v_proc_ss_1_0/bd_0/ip/ip_0/src  c:/TFG_Vivado/vivado/axu2cga_trd.gen/sources_1/bd/design_1/ip/design_1_v_proc_ss_1_0/bd_0/ip/ip_0/src/hls/hls_video_core.h 
INFO: [HLS 200-1510] Running: add_files -cflags  -I c:/TFG_Vivado/vivado/axu2cga_trd.gen/sources_1/bd/design_1/ip/design_1_v_proc_ss_1_0/bd_0/ip/ip_0/src/hls -I c:/TFG_Vivado/vivado/axu2cga_trd.gen/sources_1/bd/design_1/ip/design_1_v_proc_ss_1_0/bd_0/ip/ip_0/src  c:/TFG_Vivado/vivado/axu2cga_trd.gen/sources_1/bd/design_1/ip/design_1_v_proc_ss_1_0/bd_0/ip/ip_0/src/hls/hls_video_core.h 
INFO: [HLS 200-10] Adding design file 'c:/TFG_Vivado/vivado/axu2cga_trd.gen/sources_1/bd/design_1/ip/design_1_v_proc_ss_1_0/bd_0/ip/ip_0/src/hls/hls_video_core.h' to the project
Execute     add_files -cflags  -I c:/TFG_Vivado/vivado/axu2cga_trd.gen/sources_1/bd/design_1/ip/design_1_v_proc_ss_1_0/bd_0/ip/ip_0/src/hls -I c:/TFG_Vivado/vivado/axu2cga_trd.gen/sources_1/bd/design_1/ip/design_1_v_proc_ss_1_0/bd_0/ip/ip_0/src  c:/TFG_Vivado/vivado/axu2cga_trd.gen/sources_1/bd/design_1/ip/design_1_v_proc_ss_1_0/bd_0/ip/ip_0/src/hls/hls_video_fast.h 
INFO: [HLS 200-1510] Running: add_files -cflags  -I c:/TFG_Vivado/vivado/axu2cga_trd.gen/sources_1/bd/design_1/ip/design_1_v_proc_ss_1_0/bd_0/ip/ip_0/src/hls -I c:/TFG_Vivado/vivado/axu2cga_trd.gen/sources_1/bd/design_1/ip/design_1_v_proc_ss_1_0/bd_0/ip/ip_0/src  c:/TFG_Vivado/vivado/axu2cga_trd.gen/sources_1/bd/design_1/ip/design_1_v_proc_ss_1_0/bd_0/ip/ip_0/src/hls/hls_video_fast.h 
INFO: [HLS 200-10] Adding design file 'c:/TFG_Vivado/vivado/axu2cga_trd.gen/sources_1/bd/design_1/ip/design_1_v_proc_ss_1_0/bd_0/ip/ip_0/src/hls/hls_video_fast.h' to the project
Execute     add_files -cflags  -I c:/TFG_Vivado/vivado/axu2cga_trd.gen/sources_1/bd/design_1/ip/design_1_v_proc_ss_1_0/bd_0/ip/ip_0/src/hls -I c:/TFG_Vivado/vivado/axu2cga_trd.gen/sources_1/bd/design_1/ip/design_1_v_proc_ss_1_0/bd_0/ip/ip_0/src  c:/TFG_Vivado/vivado/axu2cga_trd.gen/sources_1/bd/design_1/ip/design_1_v_proc_ss_1_0/bd_0/ip/ip_0/src/hls/hls_video_haar.h 
INFO: [HLS 200-1510] Running: add_files -cflags  -I c:/TFG_Vivado/vivado/axu2cga_trd.gen/sources_1/bd/design_1/ip/design_1_v_proc_ss_1_0/bd_0/ip/ip_0/src/hls -I c:/TFG_Vivado/vivado/axu2cga_trd.gen/sources_1/bd/design_1/ip/design_1_v_proc_ss_1_0/bd_0/ip/ip_0/src  c:/TFG_Vivado/vivado/axu2cga_trd.gen/sources_1/bd/design_1/ip/design_1_v_proc_ss_1_0/bd_0/ip/ip_0/src/hls/hls_video_haar.h 
INFO: [HLS 200-10] Adding design file 'c:/TFG_Vivado/vivado/axu2cga_trd.gen/sources_1/bd/design_1/ip/design_1_v_proc_ss_1_0/bd_0/ip/ip_0/src/hls/hls_video_haar.h' to the project
Execute     add_files -cflags  -I c:/TFG_Vivado/vivado/axu2cga_trd.gen/sources_1/bd/design_1/ip/design_1_v_proc_ss_1_0/bd_0/ip/ip_0/src/hls -I c:/TFG_Vivado/vivado/axu2cga_trd.gen/sources_1/bd/design_1/ip/design_1_v_proc_ss_1_0/bd_0/ip/ip_0/src  c:/TFG_Vivado/vivado/axu2cga_trd.gen/sources_1/bd/design_1/ip/design_1_v_proc_ss_1_0/bd_0/ip/ip_0/src/hls/hls_video_harris.h 
INFO: [HLS 200-1510] Running: add_files -cflags  -I c:/TFG_Vivado/vivado/axu2cga_trd.gen/sources_1/bd/design_1/ip/design_1_v_proc_ss_1_0/bd_0/ip/ip_0/src/hls -I c:/TFG_Vivado/vivado/axu2cga_trd.gen/sources_1/bd/design_1/ip/design_1_v_proc_ss_1_0/bd_0/ip/ip_0/src  c:/TFG_Vivado/vivado/axu2cga_trd.gen/sources_1/bd/design_1/ip/design_1_v_proc_ss_1_0/bd_0/ip/ip_0/src/hls/hls_video_harris.h 
INFO: [HLS 200-10] Adding design file 'c:/TFG_Vivado/vivado/axu2cga_trd.gen/sources_1/bd/design_1/ip/design_1_v_proc_ss_1_0/bd_0/ip/ip_0/src/hls/hls_video_harris.h' to the project
Execute     add_files -cflags  -I c:/TFG_Vivado/vivado/axu2cga_trd.gen/sources_1/bd/design_1/ip/design_1_v_proc_ss_1_0/bd_0/ip/ip_0/src/hls -I c:/TFG_Vivado/vivado/axu2cga_trd.gen/sources_1/bd/design_1/ip/design_1_v_proc_ss_1_0/bd_0/ip/ip_0/src  c:/TFG_Vivado/vivado/axu2cga_trd.gen/sources_1/bd/design_1/ip/design_1_v_proc_ss_1_0/bd_0/ip/ip_0/src/hls/hls_video_histogram.h 
INFO: [HLS 200-1510] Running: add_files -cflags  -I c:/TFG_Vivado/vivado/axu2cga_trd.gen/sources_1/bd/design_1/ip/design_1_v_proc_ss_1_0/bd_0/ip/ip_0/src/hls -I c:/TFG_Vivado/vivado/axu2cga_trd.gen/sources_1/bd/design_1/ip/design_1_v_proc_ss_1_0/bd_0/ip/ip_0/src  c:/TFG_Vivado/vivado/axu2cga_trd.gen/sources_1/bd/design_1/ip/design_1_v_proc_ss_1_0/bd_0/ip/ip_0/src/hls/hls_video_histogram.h 
INFO: [HLS 200-10] Adding design file 'c:/TFG_Vivado/vivado/axu2cga_trd.gen/sources_1/bd/design_1/ip/design_1_v_proc_ss_1_0/bd_0/ip/ip_0/src/hls/hls_video_histogram.h' to the project
Execute     add_files -cflags  -I c:/TFG_Vivado/vivado/axu2cga_trd.gen/sources_1/bd/design_1/ip/design_1_v_proc_ss_1_0/bd_0/ip/ip_0/src/hls -I c:/TFG_Vivado/vivado/axu2cga_trd.gen/sources_1/bd/design_1/ip/design_1_v_proc_ss_1_0/bd_0/ip/ip_0/src  c:/TFG_Vivado/vivado/axu2cga_trd.gen/sources_1/bd/design_1/ip/design_1_v_proc_ss_1_0/bd_0/ip/ip_0/src/hls/hls_video_hough.h 
INFO: [HLS 200-1510] Running: add_files -cflags  -I c:/TFG_Vivado/vivado/axu2cga_trd.gen/sources_1/bd/design_1/ip/design_1_v_proc_ss_1_0/bd_0/ip/ip_0/src/hls -I c:/TFG_Vivado/vivado/axu2cga_trd.gen/sources_1/bd/design_1/ip/design_1_v_proc_ss_1_0/bd_0/ip/ip_0/src  c:/TFG_Vivado/vivado/axu2cga_trd.gen/sources_1/bd/design_1/ip/design_1_v_proc_ss_1_0/bd_0/ip/ip_0/src/hls/hls_video_hough.h 
INFO: [HLS 200-10] Adding design file 'c:/TFG_Vivado/vivado/axu2cga_trd.gen/sources_1/bd/design_1/ip/design_1_v_proc_ss_1_0/bd_0/ip/ip_0/src/hls/hls_video_hough.h' to the project
Execute     add_files -cflags  -I c:/TFG_Vivado/vivado/axu2cga_trd.gen/sources_1/bd/design_1/ip/design_1_v_proc_ss_1_0/bd_0/ip/ip_0/src/hls -I c:/TFG_Vivado/vivado/axu2cga_trd.gen/sources_1/bd/design_1/ip/design_1_v_proc_ss_1_0/bd_0/ip/ip_0/src  c:/TFG_Vivado/vivado/axu2cga_trd.gen/sources_1/bd/design_1/ip/design_1_v_proc_ss_1_0/bd_0/ip/ip_0/src/hls/hls_video_imgbase.h 
INFO: [HLS 200-1510] Running: add_files -cflags  -I c:/TFG_Vivado/vivado/axu2cga_trd.gen/sources_1/bd/design_1/ip/design_1_v_proc_ss_1_0/bd_0/ip/ip_0/src/hls -I c:/TFG_Vivado/vivado/axu2cga_trd.gen/sources_1/bd/design_1/ip/design_1_v_proc_ss_1_0/bd_0/ip/ip_0/src  c:/TFG_Vivado/vivado/axu2cga_trd.gen/sources_1/bd/design_1/ip/design_1_v_proc_ss_1_0/bd_0/ip/ip_0/src/hls/hls_video_imgbase.h 
INFO: [HLS 200-10] Adding design file 'c:/TFG_Vivado/vivado/axu2cga_trd.gen/sources_1/bd/design_1/ip/design_1_v_proc_ss_1_0/bd_0/ip/ip_0/src/hls/hls_video_imgbase.h' to the project
Execute     add_files -cflags  -I c:/TFG_Vivado/vivado/axu2cga_trd.gen/sources_1/bd/design_1/ip/design_1_v_proc_ss_1_0/bd_0/ip/ip_0/src/hls -I c:/TFG_Vivado/vivado/axu2cga_trd.gen/sources_1/bd/design_1/ip/design_1_v_proc_ss_1_0/bd_0/ip/ip_0/src  c:/TFG_Vivado/vivado/axu2cga_trd.gen/sources_1/bd/design_1/ip/design_1_v_proc_ss_1_0/bd_0/ip/ip_0/src/hls/hls_video_imgproc.h 
INFO: [HLS 200-1510] Running: add_files -cflags  -I c:/TFG_Vivado/vivado/axu2cga_trd.gen/sources_1/bd/design_1/ip/design_1_v_proc_ss_1_0/bd_0/ip/ip_0/src/hls -I c:/TFG_Vivado/vivado/axu2cga_trd.gen/sources_1/bd/design_1/ip/design_1_v_proc_ss_1_0/bd_0/ip/ip_0/src  c:/TFG_Vivado/vivado/axu2cga_trd.gen/sources_1/bd/design_1/ip/design_1_v_proc_ss_1_0/bd_0/ip/ip_0/src/hls/hls_video_imgproc.h 
INFO: [HLS 200-10] Adding design file 'c:/TFG_Vivado/vivado/axu2cga_trd.gen/sources_1/bd/design_1/ip/design_1_v_proc_ss_1_0/bd_0/ip/ip_0/src/hls/hls_video_imgproc.h' to the project
Execute     add_files -cflags  -I c:/TFG_Vivado/vivado/axu2cga_trd.gen/sources_1/bd/design_1/ip/design_1_v_proc_ss_1_0/bd_0/ip/ip_0/src/hls -I c:/TFG_Vivado/vivado/axu2cga_trd.gen/sources_1/bd/design_1/ip/design_1_v_proc_ss_1_0/bd_0/ip/ip_0/src  c:/TFG_Vivado/vivado/axu2cga_trd.gen/sources_1/bd/design_1/ip/design_1_v_proc_ss_1_0/bd_0/ip/ip_0/src/hls/hls_video_io.h 
INFO: [HLS 200-1510] Running: add_files -cflags  -I c:/TFG_Vivado/vivado/axu2cga_trd.gen/sources_1/bd/design_1/ip/design_1_v_proc_ss_1_0/bd_0/ip/ip_0/src/hls -I c:/TFG_Vivado/vivado/axu2cga_trd.gen/sources_1/bd/design_1/ip/design_1_v_proc_ss_1_0/bd_0/ip/ip_0/src  c:/TFG_Vivado/vivado/axu2cga_trd.gen/sources_1/bd/design_1/ip/design_1_v_proc_ss_1_0/bd_0/ip/ip_0/src/hls/hls_video_io.h 
INFO: [HLS 200-10] Adding design file 'c:/TFG_Vivado/vivado/axu2cga_trd.gen/sources_1/bd/design_1/ip/design_1_v_proc_ss_1_0/bd_0/ip/ip_0/src/hls/hls_video_io.h' to the project
Execute     add_files -cflags  -I c:/TFG_Vivado/vivado/axu2cga_trd.gen/sources_1/bd/design_1/ip/design_1_v_proc_ss_1_0/bd_0/ip/ip_0/src/hls -I c:/TFG_Vivado/vivado/axu2cga_trd.gen/sources_1/bd/design_1/ip/design_1_v_proc_ss_1_0/bd_0/ip/ip_0/src  c:/TFG_Vivado/vivado/axu2cga_trd.gen/sources_1/bd/design_1/ip/design_1_v_proc_ss_1_0/bd_0/ip/ip_0/src/hls/hls_video_mem.h 
INFO: [HLS 200-1510] Running: add_files -cflags  -I c:/TFG_Vivado/vivado/axu2cga_trd.gen/sources_1/bd/design_1/ip/design_1_v_proc_ss_1_0/bd_0/ip/ip_0/src/hls -I c:/TFG_Vivado/vivado/axu2cga_trd.gen/sources_1/bd/design_1/ip/design_1_v_proc_ss_1_0/bd_0/ip/ip_0/src  c:/TFG_Vivado/vivado/axu2cga_trd.gen/sources_1/bd/design_1/ip/design_1_v_proc_ss_1_0/bd_0/ip/ip_0/src/hls/hls_video_mem.h 
INFO: [HLS 200-10] Adding design file 'c:/TFG_Vivado/vivado/axu2cga_trd.gen/sources_1/bd/design_1/ip/design_1_v_proc_ss_1_0/bd_0/ip/ip_0/src/hls/hls_video_mem.h' to the project
Execute     add_files -cflags  -I c:/TFG_Vivado/vivado/axu2cga_trd.gen/sources_1/bd/design_1/ip/design_1_v_proc_ss_1_0/bd_0/ip/ip_0/src/hls -I c:/TFG_Vivado/vivado/axu2cga_trd.gen/sources_1/bd/design_1/ip/design_1_v_proc_ss_1_0/bd_0/ip/ip_0/src  c:/TFG_Vivado/vivado/axu2cga_trd.gen/sources_1/bd/design_1/ip/design_1_v_proc_ss_1_0/bd_0/ip/ip_0/src/hls/hls_video_stereobm.h 
INFO: [HLS 200-1510] Running: add_files -cflags  -I c:/TFG_Vivado/vivado/axu2cga_trd.gen/sources_1/bd/design_1/ip/design_1_v_proc_ss_1_0/bd_0/ip/ip_0/src/hls -I c:/TFG_Vivado/vivado/axu2cga_trd.gen/sources_1/bd/design_1/ip/design_1_v_proc_ss_1_0/bd_0/ip/ip_0/src  c:/TFG_Vivado/vivado/axu2cga_trd.gen/sources_1/bd/design_1/ip/design_1_v_proc_ss_1_0/bd_0/ip/ip_0/src/hls/hls_video_stereobm.h 
INFO: [HLS 200-10] Adding design file 'c:/TFG_Vivado/vivado/axu2cga_trd.gen/sources_1/bd/design_1/ip/design_1_v_proc_ss_1_0/bd_0/ip/ip_0/src/hls/hls_video_stereobm.h' to the project
Execute     add_files -cflags  -I c:/TFG_Vivado/vivado/axu2cga_trd.gen/sources_1/bd/design_1/ip/design_1_v_proc_ss_1_0/bd_0/ip/ip_0/src/hls -I c:/TFG_Vivado/vivado/axu2cga_trd.gen/sources_1/bd/design_1/ip/design_1_v_proc_ss_1_0/bd_0/ip/ip_0/src  c:/TFG_Vivado/vivado/axu2cga_trd.gen/sources_1/bd/design_1/ip/design_1_v_proc_ss_1_0/bd_0/ip/ip_0/src/hls/hls_video_types.h 
INFO: [HLS 200-1510] Running: add_files -cflags  -I c:/TFG_Vivado/vivado/axu2cga_trd.gen/sources_1/bd/design_1/ip/design_1_v_proc_ss_1_0/bd_0/ip/ip_0/src/hls -I c:/TFG_Vivado/vivado/axu2cga_trd.gen/sources_1/bd/design_1/ip/design_1_v_proc_ss_1_0/bd_0/ip/ip_0/src  c:/TFG_Vivado/vivado/axu2cga_trd.gen/sources_1/bd/design_1/ip/design_1_v_proc_ss_1_0/bd_0/ip/ip_0/src/hls/hls_video_types.h 
INFO: [HLS 200-10] Adding design file 'c:/TFG_Vivado/vivado/axu2cga_trd.gen/sources_1/bd/design_1/ip/design_1_v_proc_ss_1_0/bd_0/ip/ip_0/src/hls/hls_video_types.h' to the project
Execute     add_files -cflags  -I c:/TFG_Vivado/vivado/axu2cga_trd.gen/sources_1/bd/design_1/ip/design_1_v_proc_ss_1_0/bd_0/ip/ip_0/src/hls -I c:/TFG_Vivado/vivado/axu2cga_trd.gen/sources_1/bd/design_1/ip/design_1_v_proc_ss_1_0/bd_0/ip/ip_0/src  c:/TFG_Vivado/vivado/axu2cga_trd.gen/sources_1/bd/design_1/ip/design_1_v_proc_ss_1_0/bd_0/ip/ip_0/src/hls/hls_video_undistort.h 
INFO: [HLS 200-1510] Running: add_files -cflags  -I c:/TFG_Vivado/vivado/axu2cga_trd.gen/sources_1/bd/design_1/ip/design_1_v_proc_ss_1_0/bd_0/ip/ip_0/src/hls -I c:/TFG_Vivado/vivado/axu2cga_trd.gen/sources_1/bd/design_1/ip/design_1_v_proc_ss_1_0/bd_0/ip/ip_0/src  c:/TFG_Vivado/vivado/axu2cga_trd.gen/sources_1/bd/design_1/ip/design_1_v_proc_ss_1_0/bd_0/ip/ip_0/src/hls/hls_video_undistort.h 
INFO: [HLS 200-10] Adding design file 'c:/TFG_Vivado/vivado/axu2cga_trd.gen/sources_1/bd/design_1/ip/design_1_v_proc_ss_1_0/bd_0/ip/ip_0/src/hls/hls_video_undistort.h' to the project
Execute     create_clock -period 5 -name ap_clk 
INFO: [HLS 200-1510] Running: create_clock -period 5 -name ap_clk 
Execute       ap_set_clock -name ap_clk -period 5 -unit ns -default=false 
INFO: [SYN 201-201] Setting up clock 'ap_clk' with a period of 5ns.
Execute     config_rtl -module_prefix bd_197a_csc_0_ 
INFO: [HLS 200-1510] Running: config_rtl -module_prefix bd_197a_csc_0_ 
Execute     config_export -vendor xilinx.com -library ip -version 1.1 
INFO: [HLS 200-1510] Running: config_export -vendor xilinx.com -library ip -version 1.1 
Execute     csynth_design 
INFO: [HLS 200-1510] Running: csynth_design 
Execute       ::AP::init_summary_file csynth 
Execute       AP::msg_collection_file -open C:/TFG_Vivado/vivado/axu2cga_trd.runs/bd_197a_csc_0_synth_1/prj/sol/.autopilot/db/be_messages.xml 
Execute       ap_part_info -name xczu2cg-sfvc784-1-e -data info 
INFO-FLOW: run_clang v_csc.cpp.xilinx-performance-pragma-detector exec: C:/AMDDesignTools/2025.2/Vitis/win64/tools/clang-16/bin/xilinx-performance-pragma-detector C:/TFG_Vivado/vivado/axu2cga_trd.gen/sources_1/bd/design_1/ip/design_1_v_proc_ss_1_0/bd_0/ip/ip_0/src/v_csc.cpp -- -fhls -Ic:/TFG_Vivado/vivado/axu2cga_trd.gen/sources_1/bd/design_1/ip/design_1_v_proc_ss_1_0/bd_0/ip/ip_0/src/hls -Ic:/TFG_Vivado/vivado/axu2cga_trd.gen/sources_1/bd/design_1/ip/design_1_v_proc_ss_1_0/bd_0/ip/ip_0/src -D__VITIS_HLS__ -DAESL_SYN -D__SYNTHESIS__ -D__HLS_SYN__ -I C:/AMDDesignTools/2025.2/Vitis/common/technology/autopilot -I C:/AMDDesignTools/2025.2/Vitis/common/technology/autopilot/ap_sysc -include etc/autopilot_ssdm_op.h -D__DSP48E2__ -target fpga64-xilinx-mingw32 --sysroot C:/AMDDesignTools/2025.2/Vitis/tps/mingw/8.3.0/win64.o/nt {-hls-platform-db-name=C:/AMDDesignTools/2025.2/Vitis\common/technology\xilinx/common/platform.db} -hls-platform-name=zynquplus_slow -device-resource-info=BRAM_300.000000_DSP_240.000000_FF_94464.000000_LUT_47232.000000_SLICE_8820.000000_URAM_0.000000 -device-name-info=xczu2cg-sfvc784-1-e > C:/TFG_Vivado/vivado/axu2cga_trd.runs/bd_197a_csc_0_synth_1/prj/sol/.autopilot/db/v_csc.cpp.xilinx-performance-pragma-detector.out.log 2> C:/TFG_Vivado/vivado/axu2cga_trd.runs/bd_197a_csc_0_synth_1/prj/sol/.autopilot/db/v_csc.cpp.xilinx-performance-pragma-detector.err.log
INFO-FLOW: run_clang result=success num-err-msgs=0 num-stderr-lines=47
Execute       elaborate -effort=medium -skip_syncheck=0 -keep_printf=0 -skip_cdt=0 -skip_transform=0 -ng=0 -g=0 -from_csynth_design=1 
INFO: [HLS 200-111] Finished File checks and directory preparation: CPU user time: 0 seconds. CPU system time: 0 seconds. Elapsed time: 0.504 seconds; current allocated memory: 136.906 MB.
Execute         send_msg_by_id INFO @200-2191@%s%s C-Synthesis clang-16 
INFO: [HLS 200-2191] C-Synthesis will use clang-16 as the compiler
Execute         set_directive_top v_csc -name=v_csc 
Execute         source C:/AMDDesignTools/2025.2/Vitis/tps/tcl/tcllib2.0/yaml/huddle.tcl 
Execute           source C:/AMDDesignTools/2025.2/Vitis/tps/tcl/tcllib2.0/yaml/huddle_types.tcl 
Execute         source C:/AMDDesignTools/2025.2/Vitis/tps/tcl/tcllib2.0/yaml/json2huddle.tcl 
Execute           source C:/AMDDesignTools/2025.2/Vitis/tps/tcl/tcllib2.0/try/try.tcl 
INFO: [HLS 200-10] Analyzing design file 'C:/TFG_Vivado/vivado/axu2cga_trd.gen/sources_1/bd/design_1/ip/design_1_v_proc_ss_1_0/bd_0/ip/ip_0/src/v_csc.cpp' ... 
INFO-FLOW: Compiling one TU...
INFO-FLOW: Handling C:/TFG_Vivado/vivado/axu2cga_trd.gen/sources_1/bd/design_1/ip/design_1_v_proc_ss_1_0/bd_0/ip/ip_0/src/v_csc.cpp as C++
Execute         ap_part_info -name xczu2cg-sfvc784-1-e -data info 
INFO-FLOW: Running: GCC PP 39
INFO-FLOW: Source preprocessing
INFO-FLOW: run_clang v_csc.cpp.clang exec: C:/AMDDesignTools/2025.2/Vitis/win64/tools/clang-16/bin/clang C:/TFG_Vivado/vivado/axu2cga_trd.runs/bd_197a_csc_0_synth_1/prj/sol/.autopilot/db/v_csc.cpp -foptimization-record-file=C:/TFG_Vivado/vivado/axu2cga_trd.runs/bd_197a_csc_0_synth_1/prj/sol/.autopilot/db/v_csc.cpp.clang.diag.yml -mllvm -pass-remarks-missed=reflow|pasta|unroll|inline -mllvm -pass-remarks=reflow|pasta|unroll|inline -fno-limit-debug-info --sysroot C:/AMDDesignTools/2025.2/Vitis/tps/mingw/8.3.0/win64.o/nt -fhls -fno-exceptions -insert-hls-directive=C:/TFG_Vivado/vivado/axu2cga_trd.runs/bd_197a_csc_0_synth_1/prj/sol/.autopilot/db/all.directive.json -hls-directive-location -E -Ic:/TFG_Vivado/vivado/axu2cga_trd.gen/sources_1/bd/design_1/ip/design_1_v_proc_ss_1_0/bd_0/ip/ip_0/src/hls -Ic:/TFG_Vivado/vivado/axu2cga_trd.gen/sources_1/bd/design_1/ip/design_1_v_proc_ss_1_0/bd_0/ip/ip_0/src -fno-math-errno -c -emit-llvm -mllvm -disable-llvm-optzns -Xclang -no-opaque-pointers -Xclang -fmerge-all-constants -Werror=implicit-hls-streams -Werror=return-type -Wpragmas -Wunused-parameter -Wdump-hls-pragmas -Wno-error=dump-hls-pragmas -hls-clock-period=5 -fno-threadsafe-statics -fno-use-cxa-atexit -target fpga64-xilinx-mingw32 -fno-threadsafe-statics -fno-use-cxa-atexit -D__VITIS_HLS__ -DAESL_SYN -D__SYNTHESIS__ -D__HLS_SYN__ -I C:/AMDDesignTools/2025.2/Vitis/common/technology/autopilot -I C:/AMDDesignTools/2025.2/Vitis/common/technology/autopilot/ap_sysc -include etc/autopilot_ssdm_op.h -D__DSP48E2__ -o C:/TFG_Vivado/vivado/axu2cga_trd.runs/bd_197a_csc_0_synth_1/prj/sol/.autopilot/db/v_csc.pp.0.cpp {-hls-platform-db-name=C:/AMDDesignTools/2025.2/Vitis\common/technology\xilinx/common/platform.db} -hls-platform-name=zynquplus_slow -device-resource-info=BRAM_300.000000_DSP_240.000000_FF_94464.000000_LUT_47232.000000_SLICE_8820.000000_URAM_0.000000 -device-name-info=xczu2cg-sfvc784-1-e > C:/TFG_Vivado/vivado/axu2cga_trd.runs/bd_197a_csc_0_synth_1/prj/sol/.autopilot/db/v_csc.cpp.clang.out.log 2> C:/TFG_Vivado/vivado/axu2cga_trd.runs/bd_197a_csc_0_synth_1/prj/sol/.autopilot/db/v_csc.cpp.clang.err.log
INFO-FLOW: run_clang result=success num-err-msgs=0 num-stderr-lines=0
INFO-FLOW: Done: GCC PP 39 time: 2 seconds 
INFO-FLOW: Source syntax check for synthesis
INFO-FLOW: run_clang clang exec: C:/AMDDesignTools/2025.2/Vitis/win64/tools/clang-16/bin/clang -foptimization-record-file=C:/TFG_Vivado/vivado/axu2cga_trd.runs/bd_197a_csc_0_synth_1/prj/sol/.autopilot/db/clang.diag.yml -mllvm -pass-remarks-missed=reflow|pasta|unroll|inline -mllvm -pass-remarks=reflow|pasta|unroll|inline -fsyntax-only -fhls -target fpga64-xilinx-linux-gnu C:/TFG_Vivado/vivado/axu2cga_trd.runs/bd_197a_csc_0_synth_1/prj/sol/.autopilot/db/v_csc.pp.0.cpp {-hls-platform-db-name=C:/AMDDesignTools/2025.2/Vitis\common/technology\xilinx/common/platform.db} -hls-platform-name=zynquplus_slow -device-resource-info=BRAM_300.000000_DSP_240.000000_FF_94464.000000_LUT_47232.000000_SLICE_8820.000000_URAM_0.000000 -device-name-info=xczu2cg-sfvc784-1-e > C:/TFG_Vivado/vivado/axu2cga_trd.runs/bd_197a_csc_0_synth_1/prj/sol/.autopilot/db/clang.out.log 2> C:/TFG_Vivado/vivado/axu2cga_trd.runs/bd_197a_csc_0_synth_1/prj/sol/.autopilot/db/clang.err.log
INFO-FLOW: run_clang result=success num-err-msgs=0 num-stderr-lines=0
Execute         clang_tidy xilinx-systemc-detector -desc systemc-detector C:/TFG_Vivado/vivado/axu2cga_trd.runs/bd_197a_csc_0_synth_1/prj/sol/.autopilot/db/v_csc.pp.0.cpp  -target fpga -directive=C:/TFG_Vivado/vivado/axu2cga_trd.runs/bd_197a_csc_0_synth_1/prj/sol/.autopilot/db/.systemc_flag 
INFO-FLOW: exec C:/AMDDesignTools/2025.2/Vitis/win64/tools/clang-16/bin/clang-tidy -header-filter=.* --checks=-*,xilinx-systemc-detector -import-directive=C:/TFG_Vivado/vivado/axu2cga_trd.runs/bd_197a_csc_0_synth_1/prj/sol/.autopilot/db/.systemc_flag -fix-errors C:/TFG_Vivado/vivado/axu2cga_trd.runs/bd_197a_csc_0_synth_1/prj/sol/.autopilot/db/v_csc.pp.0.cpp -- - -target fpga -fhls -ferror-limit=0
Command         clang_tidy done; 8.525 sec.
INFO-FLOW: Running: clang-tidy CDT preprocess 39
Execute         clang_tidy xilinx-directive2pragma -desc directive2pragma C:/TFG_Vivado/vivado/axu2cga_trd.runs/bd_197a_csc_0_synth_1/prj/sol/.autopilot/db/v_csc.pp.0.cpp  -target fpga -directive=C:/TFG_Vivado/vivado/axu2cga_trd.runs/bd_197a_csc_0_synth_1/prj/sol/.autopilot/db/all.directive.json 
INFO-FLOW: exec C:/AMDDesignTools/2025.2/Vitis/win64/tools/clang-16/bin/clang-tidy -header-filter=.* --checks=-*,xilinx-directive2pragma -import-directive=C:/TFG_Vivado/vivado/axu2cga_trd.runs/bd_197a_csc_0_synth_1/prj/sol/.autopilot/db/all.directive.json -fix-errors C:/TFG_Vivado/vivado/axu2cga_trd.runs/bd_197a_csc_0_synth_1/prj/sol/.autopilot/db/v_csc.pp.0.cpp -- - -target fpga -fhls -ferror-limit=0
Command         clang_tidy done; 9.927 sec.
INFO-FLOW: Done: clang-tidy CDT preprocess 39 time: 9.9 seconds 
INFO-FLOW: Calling xilinx-label-all-loops ... 
INFO-FLOW: Calling xilinx-aggregate-on-hls-vector ... 
Execute         clang_tidy -errorcheck -desc loop-label xilinx-label-all-loops,xilinx-aggregate-on-hls-vector,,xilinx-warn-mayneed-no-ctor-attribute C:/TFG_Vivado/vivado/axu2cga_trd.runs/bd_197a_csc_0_synth_1/prj/sol/.autopilot/db/v_csc.pp.0.cpp  -target fpga 
INFO-FLOW: run_clang loop-label exec: C:/AMDDesignTools/2025.2/Vitis/win64/tools/clang-16/bin/clang-tidy -export-fixes=C:/TFG_Vivado/vivado/axu2cga_trd.runs/bd_197a_csc_0_synth_1/prj/sol/.autopilot/db/v_csc.pp.0.cpp.clang-tidy.loop-label.diag.yml -header-filter=.* --checks=-*,xilinx-label-all-loops,xilinx-aggregate-on-hls-vector,,xilinx-warn-mayneed-no-ctor-attribute -fix-errors C:/TFG_Vivado/vivado/axu2cga_trd.runs/bd_197a_csc_0_synth_1/prj/sol/.autopilot/db/v_csc.pp.0.cpp -- - -target fpga -fhls -ferror-limit=0 > C:/TFG_Vivado/vivado/axu2cga_trd.runs/bd_197a_csc_0_synth_1/prj/sol/.autopilot/db/v_csc.pp.0.cpp.clang-tidy.loop-label.out.log 2> C:/TFG_Vivado/vivado/axu2cga_trd.runs/bd_197a_csc_0_synth_1/prj/sol/.autopilot/db/v_csc.pp.0.cpp.clang-tidy.loop-label.err.log
Execute           source C:/AMDDesignTools/2025.2/Vitis/tps/tcl/tcllib2.0/yaml/yaml.tcl 
Execute             source C:/AMDDesignTools/2025.2/Vitis/tps/tcl/tcllib2.0/cmdline/cmdline.tcl 
INFO-FLOW: run_clang result=success num-err-msgs=0 num-stderr-lines=1793
Command         clang_tidy done; 23.834 sec.
INFO-FLOW: run_clang v_csc.pp.0.cpp.xilinx-dataflow-lawyer exec: C:/AMDDesignTools/2025.2/Vitis/win64/tools/clang-16/bin/xilinx-dataflow-lawyer -export-fixes=C:/TFG_Vivado/vivado/axu2cga_trd.runs/bd_197a_csc_0_synth_1/prj/sol/.autopilot/db/v_csc.pp.0.cpp.xilinx-dataflow-lawyer.diag.yml C:/TFG_Vivado/vivado/axu2cga_trd.runs/bd_197a_csc_0_synth_1/prj/sol/.autopilot/db/v_csc.pp.0.cpp -- - -target fpga -fhls -ferror-limit=0 -fstrict-dataflow > C:/TFG_Vivado/vivado/axu2cga_trd.runs/bd_197a_csc_0_synth_1/prj/sol/.autopilot/db/v_csc.pp.0.cpp.xilinx-dataflow-lawyer.out.log 2> C:/TFG_Vivado/vivado/axu2cga_trd.runs/bd_197a_csc_0_synth_1/prj/sol/.autopilot/db/v_csc.pp.0.cpp.xilinx-dataflow-lawyer.err.log
WARNING: [HLS 214-114] Since the only kind of statements allowed in a canonical dataflow region are variable declarations and function calls, the compiler may not be able to correctly handle the region (C:/TFG_Vivado/vivado/axu2cga_trd.runs/bd_197a_csc_0_synth_1/prj/sol/.autopilot/db/v_csc.cpp:438:9)
WARNING: [HLS 214-169] There are a total of 30 such instances of non-canonical statements in the dataflow region (C:/TFG_Vivado/vivado/axu2cga_trd.runs/bd_197a_csc_0_synth_1/prj/sol/.autopilot/db/v_csc.cpp:438:9)
INFO-FLOW: run_clang result=success num-err-msgs=0 num-stderr-lines=5
Execute         send_msg_by_id WARNING @200-471@%s%s 2 C:/TFG_Vivado/vivado/axu2cga_trd.gen/sources_1/bd/design_1/ip/design_1_v_proc_ss_1_0/bd_0/ip/ip_0/src/v_csc.cpp 
WARNING: [HLS 200-471] Dataflow form checks found 2 issue(s) in file C:/TFG_Vivado/vivado/axu2cga_trd.gen/sources_1/bd/design_1/ip/design_1_v_proc_ss_1_0/bd_0/ip/ip_0/src/v_csc.cpp
Execute         ap_part_info -name xczu2cg-sfvc784-1-e -data info 
INFO-FLOW: compiling source code to llvm bc
INFO-FLOW: run_clang v_csc.pp.0.cpp.clang exec: C:/AMDDesignTools/2025.2/Vitis/win64/tools/clang-16/bin/clang -foptimization-record-file=C:/TFG_Vivado/vivado/axu2cga_trd.runs/bd_197a_csc_0_synth_1/prj/sol/.autopilot/db/v_csc.pp.0.cpp.clang.diag.yml -mllvm -pass-remarks-missed=reflow|pasta|unroll|inline -mllvm -pass-remarks=reflow|pasta|unroll|inline -flto -fno-exceptions -Wno-error=c++11-narrowing -fno-limit-debug-info -fhls -hls-emit-hint-scope C:/TFG_Vivado/vivado/axu2cga_trd.runs/bd_197a_csc_0_synth_1/prj/sol/.autopilot/db/v_csc.pp.0.cpp -Ic:/TFG_Vivado/vivado/axu2cga_trd.gen/sources_1/bd/design_1/ip/design_1_v_proc_ss_1_0/bd_0/ip/ip_0/src/hls -Ic:/TFG_Vivado/vivado/axu2cga_trd.gen/sources_1/bd/design_1/ip/design_1_v_proc_ss_1_0/bd_0/ip/ip_0/src -fno-math-errno -c -emit-llvm -mllvm -disable-llvm-optzns -Xclang -no-opaque-pointers -Xclang -fmerge-all-constants -Werror=implicit-hls-streams -Werror=return-type -Wpragmas -Wunused-parameter -Wdump-hls-pragmas -Wno-error=dump-hls-pragmas -hls-clock-period=5 -fno-threadsafe-statics -fno-use-cxa-atexit -target fpga64-xilinx-linux-gnu -D__VITIS_HLS__ -DAESL_SYN -D__SYNTHESIS__ -D__HLS_SYN__ -I C:/AMDDesignTools/2025.2/Vitis/common/technology/autopilot -I C:/AMDDesignTools/2025.2/Vitis/common/technology/autopilot/ap_sysc -include etc/autopilot_ssdm_op.h -D__DSP48E2__ -g -o C:/TFG_Vivado/vivado/axu2cga_trd.runs/bd_197a_csc_0_synth_1/prj/sol/.autopilot/db/v_csc.pre.g.bc {-hls-platform-db-name=C:/AMDDesignTools/2025.2/Vitis\common/technology\xilinx/common/platform.db} -hls-platform-name=zynquplus_slow -device-resource-info=BRAM_300.000000_DSP_240.000000_FF_94464.000000_LUT_47232.000000_SLICE_8820.000000_URAM_0.000000 -device-name-info=xczu2cg-sfvc784-1-e > C:/TFG_Vivado/vivado/axu2cga_trd.runs/bd_197a_csc_0_synth_1/prj/sol/.autopilot/db/v_csc.pp.0.cpp.clang.out.log 2> C:/TFG_Vivado/vivado/axu2cga_trd.runs/bd_197a_csc_0_synth_1/prj/sol/.autopilot/db/v_csc.pp.0.cpp.clang.err.log
INFO-FLOW: run_clang result=success num-err-msgs=0 num-stderr-lines=0
INFO-FLOW: converting llvm 16.0.4 bc to downstrem bc
INFO-FLOW: run_clang v_csc.bc.llvm-converter exec: C:/AMDDesignTools/2025.2/Vitis/win64/tools/clang-16/bin/llvm-converter -opaque-pointers=0 C:/TFG_Vivado/vivado/axu2cga_trd.runs/bd_197a_csc_0_synth_1/prj/sol/.autopilot/db/v_csc.pre.g.bc -o C:/TFG_Vivado/vivado/axu2cga_trd.runs/bd_197a_csc_0_synth_1/prj/sol/.autopilot/db/v_csc.bc > C:/TFG_Vivado/vivado/axu2cga_trd.runs/bd_197a_csc_0_synth_1/prj/sol/.autopilot/db/v_csc.bc.llvm-converter.out.log 2> C:/TFG_Vivado/vivado/axu2cga_trd.runs/bd_197a_csc_0_synth_1/prj/sol/.autopilot/db/v_csc.bc.llvm-converter.err.log
INFO-FLOW: run_clang result=success num-err-msgs=0 num-stderr-lines=0
INFO: [HLS 200-111] Finished Source Code Analysis and Preprocessing: CPU user time: 5 seconds. CPU system time: 0 seconds. Elapsed time: 89.23 seconds; current allocated memory: 138.922 MB.
INFO-FLOW: Linking Debug ...
INFO-FLOW: Linking dut bc code.
Execute         run_link_or_opt -out C:/TFG_Vivado/vivado/axu2cga_trd.runs/bd_197a_csc_0_synth_1/prj/sol/.autopilot/db/a.g.ld.0.bc -args C:/TFG_Vivado/vivado/axu2cga_trd.runs/bd_197a_csc_0_synth_1/prj/sol/.autopilot/db/v_csc.bc 
INFO-FLOW: run_clang a.g.ld.0.bc.llvm-link exec: C:/AMDDesignTools/2025.2/Vitis/win64/tools/clang-3.9-csynth/bin/llvm-link C:/TFG_Vivado/vivado/axu2cga_trd.runs/bd_197a_csc_0_synth_1/prj/sol/.autopilot/db/v_csc.bc -o C:/TFG_Vivado/vivado/axu2cga_trd.runs/bd_197a_csc_0_synth_1/prj/sol/.autopilot/db/a.g.ld.0.bc > C:/TFG_Vivado/vivado/axu2cga_trd.runs/bd_197a_csc_0_synth_1/prj/sol/.autopilot/db/a.g.ld.0.bc.llvm-link.out.log 2> C:/TFG_Vivado/vivado/axu2cga_trd.runs/bd_197a_csc_0_synth_1/prj/sol/.autopilot/db/a.g.ld.0.bc.llvm-link.err.log
INFO-FLOW: run_clang result=success num-err-msgs=0 num-stderr-lines=0
Command         run_link_or_opt done; 0.215 sec.
Execute         run_link_or_opt -opt -out C:/TFG_Vivado/vivado/axu2cga_trd.runs/bd_197a_csc_0_synth_1/prj/sol/.autopilot/db/a.g.ld.1.lower.bc -args C:/TFG_Vivado/vivado/axu2cga_trd.runs/bd_197a_csc_0_synth_1/prj/sol/.autopilot/db/a.g.ld.0.bc -reflow-lower-math-intrinsics 
INFO-FLOW: run_clang a.g.ld.1.lower.bc.opt exec: C:/AMDDesignTools/2025.2/Vitis/win64/tools/clang-3.9-csynth/bin/opt -pass-remarks-missed=reflow|pasta|unroll|inline -pass-remarks=reflow|pasta|unroll|inline -pass-remarks-output=C:/TFG_Vivado/vivado/axu2cga_trd.runs/bd_197a_csc_0_synth_1/prj/sol/.autopilot/db/a.g.ld.1.lower.bc.opt.diag.yml C:/TFG_Vivado/vivado/axu2cga_trd.runs/bd_197a_csc_0_synth_1/prj/sol/.autopilot/db/a.g.ld.0.bc -reflow-lower-math-intrinsics -o C:/TFG_Vivado/vivado/axu2cga_trd.runs/bd_197a_csc_0_synth_1/prj/sol/.autopilot/db/a.g.ld.1.lower.bc > C:/TFG_Vivado/vivado/axu2cga_trd.runs/bd_197a_csc_0_synth_1/prj/sol/.autopilot/db/a.g.ld.1.lower.bc.opt.out.log 2> C:/TFG_Vivado/vivado/axu2cga_trd.runs/bd_197a_csc_0_synth_1/prj/sol/.autopilot/db/a.g.ld.1.lower.bc.opt.err.log
INFO-FLOW: run_clang result=success num-err-msgs=0 num-stderr-lines=0
INFO-FLOW: Running: gen_design_size_report post-opt
INFO-FLOW: Done: gen_design_size_report post-opt time: 0 seconds 
Command         run_link_or_opt done; 0.268 sec.
INFO-FLOW: Linking math bc lib
Execute         run_link_or_opt -out C:/TFG_Vivado/vivado/axu2cga_trd.runs/bd_197a_csc_0_synth_1/prj/sol/.autopilot/db/a.g.ld.2.m1.bc -args C:/TFG_Vivado/vivado/axu2cga_trd.runs/bd_197a_csc_0_synth_1/prj/sol/.autopilot/db/a.g.ld.1.lower.bc -only-needed C:/AMDDesignTools/2025.2/Vitis/win64/lib/libhlsm_39.bc C:/AMDDesignTools/2025.2/Vitis/win64/lib/libhlsmc++_39.bc 
INFO-FLOW: run_clang a.g.ld.2.m1.bc.llvm-link exec: C:/AMDDesignTools/2025.2/Vitis/win64/tools/clang-3.9-csynth/bin/llvm-link C:/TFG_Vivado/vivado/axu2cga_trd.runs/bd_197a_csc_0_synth_1/prj/sol/.autopilot/db/a.g.ld.1.lower.bc -only-needed C:/AMDDesignTools/2025.2/Vitis/win64/lib/libhlsm_39.bc C:/AMDDesignTools/2025.2/Vitis/win64/lib/libhlsmc++_39.bc -o C:/TFG_Vivado/vivado/axu2cga_trd.runs/bd_197a_csc_0_synth_1/prj/sol/.autopilot/db/a.g.ld.2.m1.bc > C:/TFG_Vivado/vivado/axu2cga_trd.runs/bd_197a_csc_0_synth_1/prj/sol/.autopilot/db/a.g.ld.2.m1.bc.llvm-link.out.log 2> C:/TFG_Vivado/vivado/axu2cga_trd.runs/bd_197a_csc_0_synth_1/prj/sol/.autopilot/db/a.g.ld.2.m1.bc.llvm-link.err.log
INFO-FLOW: run_clang result=success num-err-msgs=0 num-stderr-lines=0
Command         run_link_or_opt done; 9.766 sec.
Execute         run_link_or_opt -opt -out C:/TFG_Vivado/vivado/axu2cga_trd.runs/bd_197a_csc_0_synth_1/prj/sol/.autopilot/db/a.g.ld.3.fpc.bc -args C:/TFG_Vivado/vivado/axu2cga_trd.runs/bd_197a_csc_0_synth_1/prj/sol/.autopilot/db/a.g.ld.2.m1.bc -reflow-globaldce -hls-top-function-name=v_csc -reflow-float-conversion 
INFO-FLOW: run_clang a.g.ld.3.fpc.bc.opt exec: C:/AMDDesignTools/2025.2/Vitis/win64/tools/clang-3.9-csynth/bin/opt -pass-remarks-missed=reflow|pasta|unroll|inline -pass-remarks=reflow|pasta|unroll|inline -pass-remarks-output=C:/TFG_Vivado/vivado/axu2cga_trd.runs/bd_197a_csc_0_synth_1/prj/sol/.autopilot/db/a.g.ld.3.fpc.bc.opt.diag.yml C:/TFG_Vivado/vivado/axu2cga_trd.runs/bd_197a_csc_0_synth_1/prj/sol/.autopilot/db/a.g.ld.2.m1.bc -reflow-globaldce -hls-top-function-name=v_csc -reflow-float-conversion -o C:/TFG_Vivado/vivado/axu2cga_trd.runs/bd_197a_csc_0_synth_1/prj/sol/.autopilot/db/a.g.ld.3.fpc.bc > C:/TFG_Vivado/vivado/axu2cga_trd.runs/bd_197a_csc_0_synth_1/prj/sol/.autopilot/db/a.g.ld.3.fpc.bc.opt.out.log 2> C:/TFG_Vivado/vivado/axu2cga_trd.runs/bd_197a_csc_0_synth_1/prj/sol/.autopilot/db/a.g.ld.3.fpc.bc.opt.err.log
INFO-FLOW: run_clang result=success num-err-msgs=0 num-stderr-lines=0
INFO-FLOW: Running: gen_design_size_report post-opt
INFO-FLOW: Done: gen_design_size_report post-opt time: 0 seconds 
Command         run_link_or_opt done; 1.355 sec.
Execute         run_link_or_opt -out C:/TFG_Vivado/vivado/axu2cga_trd.runs/bd_197a_csc_0_synth_1/prj/sol/.autopilot/db/a.g.ld.4.m2.bc -args C:/TFG_Vivado/vivado/axu2cga_trd.runs/bd_197a_csc_0_synth_1/prj/sol/.autopilot/db/a.g.ld.3.fpc.bc -only-needed C:/AMDDesignTools/2025.2/Vitis/win64/lib/libfloatconversion_39.bc 
INFO-FLOW: run_clang a.g.ld.4.m2.bc.llvm-link exec: C:/AMDDesignTools/2025.2/Vitis/win64/tools/clang-3.9-csynth/bin/llvm-link C:/TFG_Vivado/vivado/axu2cga_trd.runs/bd_197a_csc_0_synth_1/prj/sol/.autopilot/db/a.g.ld.3.fpc.bc -only-needed C:/AMDDesignTools/2025.2/Vitis/win64/lib/libfloatconversion_39.bc -o C:/TFG_Vivado/vivado/axu2cga_trd.runs/bd_197a_csc_0_synth_1/prj/sol/.autopilot/db/a.g.ld.4.m2.bc > C:/TFG_Vivado/vivado/axu2cga_trd.runs/bd_197a_csc_0_synth_1/prj/sol/.autopilot/db/a.g.ld.4.m2.bc.llvm-link.out.log 2> C:/TFG_Vivado/vivado/axu2cga_trd.runs/bd_197a_csc_0_synth_1/prj/sol/.autopilot/db/a.g.ld.4.m2.bc.llvm-link.err.log
INFO-FLOW: run_clang result=success num-err-msgs=0 num-stderr-lines=0
Command         run_link_or_opt done; 0.122 sec.
Execute         run_link_or_opt -opt -out C:/TFG_Vivado/vivado/axu2cga_trd.runs/bd_197a_csc_0_synth_1/prj/sol/.autopilot/db/a.g.ld.5.gdce.bc -args C:/TFG_Vivado/vivado/axu2cga_trd.runs/bd_197a_csc_0_synth_1/prj/sol/.autopilot/db/a.g.ld.4.m2.bc -reflow-globaldce -hls-top-function-name=v_csc 
INFO-FLOW: run_clang a.g.ld.5.gdce.bc.opt exec: C:/AMDDesignTools/2025.2/Vitis/win64/tools/clang-3.9-csynth/bin/opt -pass-remarks-missed=reflow|pasta|unroll|inline -pass-remarks=reflow|pasta|unroll|inline -pass-remarks-output=C:/TFG_Vivado/vivado/axu2cga_trd.runs/bd_197a_csc_0_synth_1/prj/sol/.autopilot/db/a.g.ld.5.gdce.bc.opt.diag.yml C:/TFG_Vivado/vivado/axu2cga_trd.runs/bd_197a_csc_0_synth_1/prj/sol/.autopilot/db/a.g.ld.4.m2.bc -reflow-globaldce -hls-top-function-name=v_csc -o C:/TFG_Vivado/vivado/axu2cga_trd.runs/bd_197a_csc_0_synth_1/prj/sol/.autopilot/db/a.g.ld.5.gdce.bc > C:/TFG_Vivado/vivado/axu2cga_trd.runs/bd_197a_csc_0_synth_1/prj/sol/.autopilot/db/a.g.ld.5.gdce.bc.opt.out.log 2> C:/TFG_Vivado/vivado/axu2cga_trd.runs/bd_197a_csc_0_synth_1/prj/sol/.autopilot/db/a.g.ld.5.gdce.bc.opt.err.log
INFO-FLOW: run_clang result=success num-err-msgs=0 num-stderr-lines=0
INFO-FLOW: Running: gen_design_size_report post-opt
INFO-FLOW: Done: gen_design_size_report post-opt time: 0 seconds 
Command         run_link_or_opt done; 0.123 sec.
Execute         send_msg_by_id INFO @200-777@%s Vivado 
INFO: [HLS 200-777] Using interface defaults for 'Vivado' flow target.
Execute         is_m_axi_addr64 
INFO-FLOW: Doing LTO.
INFO-FLOW: run_clang reflow (background poll_ms 5000) exec: C:/AMDDesignTools/2025.2/Vitis/win64/tools/clang-3.9-csynth/bin/clang -foptimization-record-file=C:/TFG_Vivado/vivado/axu2cga_trd.runs/bd_197a_csc_0_synth_1/prj/sol/.autopilot/db/a.g.ld.0.bc.clang.reflow.diag.yml -mllvm -pass-remarks-missed=reflow|pasta|unroll|inline -mllvm -pass-remarks=reflow|pasta|unroll|inline -fhls -mllvm -hls-top-function-name=v_csc -mllvm -hls-db-dir -mllvm C:/TFG_Vivado/vivado/axu2cga_trd.runs/bd_197a_csc_0_synth_1/prj/sol/.autopilot/db -emit-llvm -c -target fpga64-xilinx-none -mllvm -xcl-xmlinfo=C:/TFG_Vivado/vivado/axu2cga_trd.runs/bd_197a_csc_0_synth_1/prj/sol/.autopilot/db/kernel.internal.xml -mllvm -top-io-mapping-info=C:/TFG_Vivado/vivado/axu2cga_trd.runs/bd_197a_csc_0_synth_1/prj/sol/.autopilot/db/top-io-fe.xml -mllvm -hls-bitcode-version=3.1 -mllvm -hls-top-function-prefix=bd_197a_csc_0_ -mllvm -reflow-enable-slave-interface-default-setting=true -mllvm -gen-kernel-xml=false -mllvm -default-maxi-offset=slave -mllvm -reflow-unroll-size-threshold=10000 -mllvm -reflow-unroll-cost-threshold=1000000 -mllvm -maxi-latency=0 -mllvm -hls-maxi-data-size-in-bits=8 -mllvm -hls-maxi-max-data-size-in-bits=1024 -mllvm -hls-max-widen-size-in-bits=0 -mllvm -xcl-kernel-max-mem-ports=0 -mllvm -maxi-read-trans=16 -mllvm -maxi-write-trans=16 -mllvm -maxi-read-burst-len=16 -mllvm -maxi-write-burst-len=16 -mllvm -reflow-enable-saxi-64bits=0 -mllvm -reflow-basic-block-instr-threshold=200000 -mllvm -reflow-auto-pipeline-threshold=64 -mllvm -reflow-enable-maxi-auto-id-channel=0 -mllvm -reflow-bdd-simplify-threshold=1048576 -mllvm -reflow-fanout-threshold=16 -mllvm -reflow-force-aggressive-unroll=0 -mllvm -reflow-aggressive-unroll-adjust-factor=1.000000 -mllvm -reflow-complete-threshold=4 -mllvm -reflow-array-promotion-threshold=64 -mllvm -reflow-enable-critical-path-for-performance=1 -mllvm -assume-maxi-align=1 -mllvm -reflow-enable-dataflow-strict-mode-checking=1 -ftime-report -mllvm -time-passes -mllvm -reflow-auto-array-partition-mode=default -mllvm -reflow-enable-auto-small-array-partition=true -mllvm -reflow-enable-auto-array-promotion=true -mllvm -reflow-enable-auto-array-partition-for-flatten=true -mllvm -reflow-enable-auto-parallel-performance-driven=true -mllvm -reflow-enable-partition-for-automation=true -mllvm -reflow-aggregate-bitwidth-threshold=4096 -mllvm -reflow-reserved-saxilite-registers=0 -mllvm -enable-reflow-auto-loop-pipeline -mllvm -reflow-max-unroll-threshold=409600 -mllvm -auto-unroll-tripcount-threshold=0 -mllvm -reflow-assume-no-address-wrap=true -mllvm -reflow-enable-occurrence-inference=true -mllvm -reflow-emit-hint-scope=true -mllvm -reflow-enable-codegen-with-if=true -mllvm -reflow-enable-dataflow-canon=true -mllvm -reflow-enable-dataflow-canon2=true -mllvm -reflow-dump-extra-complexity-metric=true -mllvm -reflow-enable-dse-loop-nest-extraction=false -mllvm -hls -mllvm -disable-inlined-alloca-merging=true -mllvm -default-clock-period=5 -mllvm -use_read_first_ram_in_loop=1 -mllvm -default-clock-uncertainty=1.35 -x ir C:/TFG_Vivado/vivado/axu2cga_trd.runs/bd_197a_csc_0_synth_1/prj/sol/.autopilot/db/a.g.ld.5.gdce.bc -o C:/TFG_Vivado/vivado/axu2cga_trd.runs/bd_197a_csc_0_synth_1/prj/sol/.autopilot/db/a.g.lto.bc {-hls-platform-db-name=C:/AMDDesignTools/2025.2/Vitis\common/technology\xilinx/common/platform.db} -hls-platform-name=zynquplus_slow -device-resource-info=BRAM_300.000000_DSP_240.000000_FF_94464.000000_LUT_47232.000000_SLICE_8820.000000_URAM_0.000000 -device-name-info=xczu2cg-sfvc784-1-e 2> C:/TFG_Vivado/vivado/axu2cga_trd.runs/bd_197a_csc_0_synth_1/prj/sol/.autopilot/db/a.g.ld.0.bc.clang.reflow.err.log bg_poll_cmd: ::AP::poll_clang_39_closed_source
Execute         send_msg_by_id INFO @200-1995@%s%s%s 7,680 Compile/Link (C:/TFG_Vivado/vivado/axu2cga_trd.runs/bd_197a_csc_0_synth_1/prj/sol/syn/report/csynth_design_size.rpt:2) 
INFO: [HLS 200-1995] There were 7,680 instructions in the design after the 'Compile/Link' phase of compilation. See the Design Size Report for more details (C:/TFG_Vivado/vivado/axu2cga_trd.runs/bd_197a_csc_0_synth_1/prj/sol/syn/report/csynth_design_size.rpt:2)
Execute         send_msg_by_id INFO @200-1995@%s%s%s 2,786 Unroll/Inline (step 1) (C:/TFG_Vivado/vivado/axu2cga_trd.runs/bd_197a_csc_0_synth_1/prj/sol/syn/report/csynth_design_size.rpt:2) 
INFO: [HLS 200-1995] There were 2,786 instructions in the design after the 'Unroll/Inline (step 1)' phase of compilation. See the Design Size Report for more details (C:/TFG_Vivado/vivado/axu2cga_trd.runs/bd_197a_csc_0_synth_1/prj/sol/syn/report/csynth_design_size.rpt:2)
Execute         send_msg_by_id INFO @200-1995@%s%s%s 1,883 Unroll/Inline (step 2) (C:/TFG_Vivado/vivado/axu2cga_trd.runs/bd_197a_csc_0_synth_1/prj/sol/syn/report/csynth_design_size.rpt:2) 
INFO: [HLS 200-1995] There were 1,883 instructions in the design after the 'Unroll/Inline (step 2)' phase of compilation. See the Design Size Report for more details (C:/TFG_Vivado/vivado/axu2cga_trd.runs/bd_197a_csc_0_synth_1/prj/sol/syn/report/csynth_design_size.rpt:2)
Execute         send_msg_by_id INFO @200-1995@%s%s%s 1,836 Unroll/Inline (step 3) (C:/TFG_Vivado/vivado/axu2cga_trd.runs/bd_197a_csc_0_synth_1/prj/sol/syn/report/csynth_design_size.rpt:2) 
INFO: [HLS 200-1995] There were 1,836 instructions in the design after the 'Unroll/Inline (step 3)' phase of compilation. See the Design Size Report for more details (C:/TFG_Vivado/vivado/axu2cga_trd.runs/bd_197a_csc_0_synth_1/prj/sol/syn/report/csynth_design_size.rpt:2)
Execute         send_msg_by_id INFO @200-1995@%s%s%s 1,712 Unroll/Inline (step 4) (C:/TFG_Vivado/vivado/axu2cga_trd.runs/bd_197a_csc_0_synth_1/prj/sol/syn/report/csynth_design_size.rpt:2) 
INFO: [HLS 200-1995] There were 1,712 instructions in the design after the 'Unroll/Inline (step 4)' phase of compilation. See the Design Size Report for more details (C:/TFG_Vivado/vivado/axu2cga_trd.runs/bd_197a_csc_0_synth_1/prj/sol/syn/report/csynth_design_size.rpt:2)
Execute         send_msg_by_id INFO @200-1995@%s%s%s 1,219 Array/Struct (step 1) (C:/TFG_Vivado/vivado/axu2cga_trd.runs/bd_197a_csc_0_synth_1/prj/sol/syn/report/csynth_design_size.rpt:2) 
INFO: [HLS 200-1995] There were 1,219 instructions in the design after the 'Array/Struct (step 1)' phase of compilation. See the Design Size Report for more details (C:/TFG_Vivado/vivado/axu2cga_trd.runs/bd_197a_csc_0_synth_1/prj/sol/syn/report/csynth_design_size.rpt:2)
Execute         send_msg_by_id INFO @200-1995@%s%s%s 1,201 Array/Struct (step 2) (C:/TFG_Vivado/vivado/axu2cga_trd.runs/bd_197a_csc_0_synth_1/prj/sol/syn/report/csynth_design_size.rpt:2) 
INFO: [HLS 200-1995] There were 1,201 instructions in the design after the 'Array/Struct (step 2)' phase of compilation. See the Design Size Report for more details (C:/TFG_Vivado/vivado/axu2cga_trd.runs/bd_197a_csc_0_synth_1/prj/sol/syn/report/csynth_design_size.rpt:2)
Execute         send_msg_by_id INFO @200-1995@%s%s%s 1,215 Array/Struct (step 3) (C:/TFG_Vivado/vivado/axu2cga_trd.runs/bd_197a_csc_0_synth_1/prj/sol/syn/report/csynth_design_size.rpt:2) 
INFO: [HLS 200-1995] There were 1,215 instructions in the design after the 'Array/Struct (step 3)' phase of compilation. See the Design Size Report for more details (C:/TFG_Vivado/vivado/axu2cga_trd.runs/bd_197a_csc_0_synth_1/prj/sol/syn/report/csynth_design_size.rpt:2)
Execute         send_msg_by_id INFO @200-1995@%s%s%s 1,603 Array/Struct (step 4) (C:/TFG_Vivado/vivado/axu2cga_trd.runs/bd_197a_csc_0_synth_1/prj/sol/syn/report/csynth_design_size.rpt:2) 
INFO: [HLS 200-1995] There were 1,603 instructions in the design after the 'Array/Struct (step 4)' phase of compilation. See the Design Size Report for more details (C:/TFG_Vivado/vivado/axu2cga_trd.runs/bd_197a_csc_0_synth_1/prj/sol/syn/report/csynth_design_size.rpt:2)
Execute         send_msg_by_id INFO @200-1995@%s%s%s 1,772 Array/Struct (step 5) (C:/TFG_Vivado/vivado/axu2cga_trd.runs/bd_197a_csc_0_synth_1/prj/sol/syn/report/csynth_design_size.rpt:2) 
INFO: [HLS 200-1995] There were 1,772 instructions in the design after the 'Array/Struct (step 5)' phase of compilation. See the Design Size Report for more details (C:/TFG_Vivado/vivado/axu2cga_trd.runs/bd_197a_csc_0_synth_1/prj/sol/syn/report/csynth_design_size.rpt:2)
Execute         send_msg_by_id INFO @200-1995@%s%s%s 1,649 Performance (step 1) (C:/TFG_Vivado/vivado/axu2cga_trd.runs/bd_197a_csc_0_synth_1/prj/sol/syn/report/csynth_design_size.rpt:2) 
INFO: [HLS 200-1995] There were 1,649 instructions in the design after the 'Performance (step 1)' phase of compilation. See the Design Size Report for more details (C:/TFG_Vivado/vivado/axu2cga_trd.runs/bd_197a_csc_0_synth_1/prj/sol/syn/report/csynth_design_size.rpt:2)
Execute         send_msg_by_id INFO @200-1995@%s%s%s 1,561 Performance (step 2) (C:/TFG_Vivado/vivado/axu2cga_trd.runs/bd_197a_csc_0_synth_1/prj/sol/syn/report/csynth_design_size.rpt:2) 
INFO: [HLS 200-1995] There were 1,561 instructions in the design after the 'Performance (step 2)' phase of compilation. See the Design Size Report for more details (C:/TFG_Vivado/vivado/axu2cga_trd.runs/bd_197a_csc_0_synth_1/prj/sol/syn/report/csynth_design_size.rpt:2)
Execute         send_msg_by_id INFO @200-1995@%s%s%s 1,483 Performance (step 3) (C:/TFG_Vivado/vivado/axu2cga_trd.runs/bd_197a_csc_0_synth_1/prj/sol/syn/report/csynth_design_size.rpt:2) 
INFO: [HLS 200-1995] There were 1,483 instructions in the design after the 'Performance (step 3)' phase of compilation. See the Design Size Report for more details (C:/TFG_Vivado/vivado/axu2cga_trd.runs/bd_197a_csc_0_synth_1/prj/sol/syn/report/csynth_design_size.rpt:2)
Execute         send_msg_by_id INFO @200-1995@%s%s%s 1,481 Performance (step 4) (C:/TFG_Vivado/vivado/axu2cga_trd.runs/bd_197a_csc_0_synth_1/prj/sol/syn/report/csynth_design_size.rpt:2) 
INFO: [HLS 200-1995] There were 1,481 instructions in the design after the 'Performance (step 4)' phase of compilation. See the Design Size Report for more details (C:/TFG_Vivado/vivado/axu2cga_trd.runs/bd_197a_csc_0_synth_1/prj/sol/syn/report/csynth_design_size.rpt:2)
Execute         send_msg_by_id INFO @200-1995@%s%s%s 1,408 HW Transforms (step 1) (C:/TFG_Vivado/vivado/axu2cga_trd.runs/bd_197a_csc_0_synth_1/prj/sol/syn/report/csynth_design_size.rpt:2) 
INFO: [HLS 200-1995] There were 1,408 instructions in the design after the 'HW Transforms (step 1)' phase of compilation. See the Design Size Report for more details (C:/TFG_Vivado/vivado/axu2cga_trd.runs/bd_197a_csc_0_synth_1/prj/sol/syn/report/csynth_design_size.rpt:2)
Execute         send_msg_by_id INFO @200-1995@%s%s%s 1,331 HW Transforms (step 2) (C:/TFG_Vivado/vivado/axu2cga_trd.runs/bd_197a_csc_0_synth_1/prj/sol/syn/report/csynth_design_size.rpt:2) 
INFO: [HLS 200-1995] There were 1,331 instructions in the design after the 'HW Transforms (step 2)' phase of compilation. See the Design Size Report for more details (C:/TFG_Vivado/vivado/axu2cga_trd.runs/bd_197a_csc_0_synth_1/prj/sol/syn/report/csynth_design_size.rpt:2)
Command         send_msg_by_id done; 0.899 sec.
INFO: [HLS 214-131] Inlining function 'void hls::AXIGetBitFields<48, ap_uint<8> >(ap_uint<48>, int, int, ap_uint<8>&)' into 'void hls::AXIGetBitFields<48, ap_uint<8> >(hls::axis<ap_uint<48>, 1ul, 1ul, 1ul, (unsigned char)56, false>, int, int, ap_uint<8>&)' (c:/TFG_Vivado/vivado/axu2cga_trd.gen/sources_1/bd/design_1/ip/design_1_v_proc_ss_1_0/bd_0/ip/ip_0/src/hls/hls_axi_io.h:85:5)
INFO: [HLS 214-131] Inlining function 'hls::Scalar<6, ap_uint<8> >::Scalar()' into 'AXIvideo2MultiPixStream(hls::stream<hls::axis<ap_uint<48>, 1ul, 1ul, 1ul, (unsigned char)56, false>, 0>&, hls::stream<hls::Scalar<6, ap_uint<8> >, 0>&, unsigned short&, unsigned short&, unsigned char&)' (C:/TFG_Vivado/vivado/axu2cga_trd.runs/bd_197a_csc_0_synth_1/prj/sol/.autopilot/db/v_csc.cpp:517:18)
INFO: [HLS 214-131] Inlining function 'void hls::AXIGetBitFields<48, ap_uint<8> >(hls::axis<ap_uint<48>, 1ul, 1ul, 1ul, (unsigned char)56, false>, int, int, ap_uint<8>&)' into 'AXIvideo2MultiPixStream(hls::stream<hls::axis<ap_uint<48>, 1ul, 1ul, 1ul, (unsigned char)56, false>, 0>&, hls::stream<hls::Scalar<6, ap_uint<8> >, 0>&, unsigned short&, unsigned short&, unsigned char&)' (C:/TFG_Vivado/vivado/axu2cga_trd.runs/bd_197a_csc_0_synth_1/prj/sol/.autopilot/db/v_csc.cpp:573:6)
INFO: [HLS 214-131] Inlining function 'hls::Scalar<6, ap_uint<8> >::Scalar()' into 'v_hcresampler_core(hls::stream<hls::Scalar<6, ap_uint<8> >, 0>&, unsigned short&, unsigned short&, unsigned char const&, bool, hls::stream<hls::Scalar<6, ap_uint<8> >, 0>&)' (C:/TFG_Vivado/vivado/axu2cga_trd.runs/bd_197a_csc_0_synth_1/prj/sol/.autopilot/db/v_csc.cpp:735:18)
INFO: [HLS 214-131] Inlining function 'hls::Scalar<1, ap_uint<8> >::Scalar()' into 'v_hcresampler_core(hls::stream<hls::Scalar<6, ap_uint<8> >, 0>&, unsigned short&, unsigned short&, unsigned char const&, bool, hls::stream<hls::Scalar<6, ap_uint<8> >, 0>&)' (C:/TFG_Vivado/vivado/axu2cga_trd.runs/bd_197a_csc_0_synth_1/prj/sol/.autopilot/db/v_csc.cpp:746:37)
INFO: [HLS 214-131] Inlining function 'hls::Scalar<2, ap_uint<8> >::Scalar()' into 'v_hcresampler_core(hls::stream<hls::Scalar<6, ap_uint<8> >, 0>&, unsigned short&, unsigned short&, unsigned char const&, bool, hls::stream<hls::Scalar<6, ap_uint<8> >, 0>&)' (C:/TFG_Vivado/vivado/axu2cga_trd.runs/bd_197a_csc_0_synth_1/prj/sol/.autopilot/db/v_csc.cpp:738:25)
INFO: [HLS 214-131] Inlining function 'hls::Scalar<6, ap_uint<8> >::Scalar()' into 'v_csc_core(hls::stream<hls::Scalar<6, ap_uint<8> >, 0>&, unsigned short&, unsigned short&, unsigned short&, unsigned short&, unsigned short&, unsigned short&, short&, short&, short&, short&, short&, short&, short&, short&, short&, ap_int<10>&, ap_int<10>&, ap_int<10>&, ap_uint<8>&, ap_uint<8>&, short&, short&, short&, short&, short&, short&, short&, short&, short&, ap_int<10>&, ap_int<10>&, ap_int<10>&, ap_uint<8>&, ap_uint<8>&, hls::stream<hls::Scalar<6, ap_uint<8> >, 0>&)' (C:/TFG_Vivado/vivado/axu2cga_trd.runs/bd_197a_csc_0_synth_1/prj/sol/.autopilot/db/v_csc.cpp:127:18)
INFO: [HLS 214-131] Inlining function 'hls::Scalar<6, ap_uint<8> >::Scalar()' into 'MultiPixStream2AXIvideo(hls::stream<hls::Scalar<6, ap_uint<8> >, 0>&, hls::stream<hls::axis<ap_uint<48>, 1ul, 1ul, 1ul, (unsigned char)56, false>, 0>&, unsigned short&, unsigned short&, unsigned char&)' (C:/TFG_Vivado/vivado/axu2cga_trd.runs/bd_197a_csc_0_synth_1/prj/sol/.autopilot/db/v_csc.cpp:615:18)
INFO: [HLS 214-377] Adding 'pix' into disaggregation list because there's array-partition pragma applied on the struct field (c:/TFG_Vivado/vivado/axu2cga_trd.gen/sources_1/bd/design_1/ip/design_1_v_proc_ss_1_0/bd_0/ip/ip_0/src/hls/hls_video_core.h:198:1)
INFO: [HLS 214-377] Adding 'dstPix' into disaggregation list because there's array-partition pragma applied on the struct field (c:/TFG_Vivado/vivado/axu2cga_trd.gen/sources_1/bd/design_1/ip/design_1_v_proc_ss_1_0/bd_0/ip/ip_0/src/hls/hls_video_core.h:198:1)
INFO: [HLS 214-377] Adding 'srcPix' into disaggregation list because there's array-partition pragma applied on the struct field (c:/TFG_Vivado/vivado/axu2cga_trd.gen/sources_1/bd/design_1/ip/design_1_v_proc_ss_1_0/bd_0/ip/ip_0/src/hls/hls_video_core.h:198:1)
INFO: [HLS 214-377] Adding 'outpix' into disaggregation list because there's array-partition pragma applied on the struct field (c:/TFG_Vivado/vivado/axu2cga_trd.gen/sources_1/bd/design_1/ip/design_1_v_proc_ss_1_0/bd_0/ip/ip_0/src/hls/hls_video_core.h:198:1)
INFO: [HLS 214-377] Adding 'mpix_y' into disaggregation list because there's array-partition pragma applied on the struct field (c:/TFG_Vivado/vivado/axu2cga_trd.gen/sources_1/bd/design_1/ip/design_1_v_proc_ss_1_0/bd_0/ip/ip_0/src/hls/hls_video_core.h:198:1)
INFO: [HLS 214-377] Adding 'mpix_cb' into disaggregation list because there's array-partition pragma applied on the struct field (c:/TFG_Vivado/vivado/axu2cga_trd.gen/sources_1/bd/design_1/ip/design_1_v_proc_ss_1_0/bd_0/ip/ip_0/src/hls/hls_video_core.h:198:1)
INFO: [HLS 214-377] Adding 'mpix_cr' into disaggregation list because there's array-partition pragma applied on the struct field (c:/TFG_Vivado/vivado/axu2cga_trd.gen/sources_1/bd/design_1/ip/design_1_v_proc_ss_1_0/bd_0/ip/ip_0/src/hls/hls_video_core.h:198:1)
INFO: [HLS 214-377] Adding 'pixbuf_y' into disaggregation list because there's array-partition pragma applied on the struct field (c:/TFG_Vivado/vivado/axu2cga_trd.gen/sources_1/bd/design_1/ip/design_1_v_proc_ss_1_0/bd_0/ip/ip_0/src/hls/hls_video_core.h:198:1)
INFO: [HLS 214-377] Adding 'pixbuf_cb' into disaggregation list because there's array-partition pragma applied on the struct field (c:/TFG_Vivado/vivado/axu2cga_trd.gen/sources_1/bd/design_1/ip/design_1_v_proc_ss_1_0/bd_0/ip/ip_0/src/hls/hls_video_core.h:198:1)
INFO: [HLS 214-377] Adding 'pixbuf_cr' into disaggregation list because there's array-partition pragma applied on the struct field (c:/TFG_Vivado/vivado/axu2cga_trd.gen/sources_1/bd/design_1/ip/design_1_v_proc_ss_1_0/bd_0/ip/ip_0/src/hls/hls_video_core.h:198:1)
INFO: [HLS 214-377] Adding 'inpix' into disaggregation list because there's array-partition pragma applied on the struct field (c:/TFG_Vivado/vivado/axu2cga_trd.gen/sources_1/bd/design_1/ip/design_1_v_proc_ss_1_0/bd_0/ip/ip_0/src/hls/hls_video_core.h:198:1)
INFO: [HLS 214-210] Disaggregating variable 'pix' (C:/TFG_Vivado/vivado/axu2cga_trd.runs/bd_197a_csc_0_synth_1/prj/sol/.autopilot/db/v_csc.cpp:517:18)
INFO: [HLS 214-210] Disaggregating variable 'pixbuf_cr' (C:/TFG_Vivado/vivado/axu2cga_trd.runs/bd_197a_csc_0_synth_1/prj/sol/.autopilot/db/v_csc.cpp:746:37)
INFO: [HLS 214-210] Disaggregating variable 'pixbuf_cb' (C:/TFG_Vivado/vivado/axu2cga_trd.runs/bd_197a_csc_0_synth_1/prj/sol/.autopilot/db/v_csc.cpp:746:10)
INFO: [HLS 214-210] Disaggregating variable 'pixbuf_y' (C:/TFG_Vivado/vivado/axu2cga_trd.runs/bd_197a_csc_0_synth_1/prj/sol/.autopilot/db/v_csc.cpp:745:10)
INFO: [HLS 214-210] Disaggregating variable 'mpix_cr' (C:/TFG_Vivado/vivado/axu2cga_trd.runs/bd_197a_csc_0_synth_1/prj/sol/.autopilot/db/v_csc.cpp:738:25)
INFO: [HLS 214-210] Disaggregating variable 'mpix_cb' (C:/TFG_Vivado/vivado/axu2cga_trd.runs/bd_197a_csc_0_synth_1/prj/sol/.autopilot/db/v_csc.cpp:738:16)
INFO: [HLS 214-210] Disaggregating variable 'mpix_y' (C:/TFG_Vivado/vivado/axu2cga_trd.runs/bd_197a_csc_0_synth_1/prj/sol/.autopilot/db/v_csc.cpp:737:16)
INFO: [HLS 214-210] Disaggregating variable 'outpix' (C:/TFG_Vivado/vivado/axu2cga_trd.runs/bd_197a_csc_0_synth_1/prj/sol/.autopilot/db/v_csc.cpp:736:18)
INFO: [HLS 214-210] Disaggregating variable 'inpix' (C:/TFG_Vivado/vivado/axu2cga_trd.runs/bd_197a_csc_0_synth_1/prj/sol/.autopilot/db/v_csc.cpp:735:18)
INFO: [HLS 214-210] Disaggregating variable 'dstPix' (C:/TFG_Vivado/vivado/axu2cga_trd.runs/bd_197a_csc_0_synth_1/prj/sol/.autopilot/db/v_csc.cpp:128:18)
INFO: [HLS 214-210] Disaggregating variable 'srcPix' (C:/TFG_Vivado/vivado/axu2cga_trd.runs/bd_197a_csc_0_synth_1/prj/sol/.autopilot/db/v_csc.cpp:127:18)
INFO: [HLS 214-210] Disaggregating variable 'pix' (C:/TFG_Vivado/vivado/axu2cga_trd.runs/bd_197a_csc_0_synth_1/prj/sol/.autopilot/db/v_csc.cpp:615:18)
INFO: [HLS 214-291] Loop 'VITIS_LOOP_688_3' is marked as complete unroll implied by the pipeline pragma (C:/TFG_Vivado/vivado/axu2cga_trd.runs/bd_197a_csc_0_synth_1/prj/sol/.autopilot/db/v_csc.cpp:688:22)
INFO: [HLS 214-291] Loop 'VITIS_LOOP_690_4' is marked as complete unroll implied by the pipeline pragma (C:/TFG_Vivado/vivado/axu2cga_trd.runs/bd_197a_csc_0_synth_1/prj/sol/.autopilot/db/v_csc.cpp:690:23)
INFO: [HLS 214-291] Loop 'VITIS_LOOP_142_3' is marked as complete unroll implied by the pipeline pragma (C:/TFG_Vivado/vivado/axu2cga_trd.runs/bd_197a_csc_0_synth_1/prj/sol/.autopilot/db/v_csc.cpp:142:22)
INFO: [HLS 214-291] Loop 'VITIS_LOOP_781_3' is marked as complete unroll implied by the pipeline pragma (C:/TFG_Vivado/vivado/axu2cga_trd.runs/bd_197a_csc_0_synth_1/prj/sol/.autopilot/db/v_csc.cpp:781:23)
INFO: [HLS 214-291] Loop 'VITIS_LOOP_805_4' is marked as complete unroll implied by the pipeline pragma (C:/TFG_Vivado/vivado/axu2cga_trd.runs/bd_197a_csc_0_synth_1/prj/sol/.autopilot/db/v_csc.cpp:805:22)
INFO: [HLS 214-291] Loop 'VITIS_LOOP_810_5' is marked as complete unroll implied by the pipeline pragma (C:/TFG_Vivado/vivado/axu2cga_trd.runs/bd_197a_csc_0_synth_1/prj/sol/.autopilot/db/v_csc.cpp:810:22)
INFO: [HLS 214-291] Loop 'VITIS_LOOP_826_6' is marked as complete unroll implied by the pipeline pragma (C:/TFG_Vivado/vivado/axu2cga_trd.runs/bd_197a_csc_0_synth_1/prj/sol/.autopilot/db/v_csc.cpp:826:22)
INFO: [HLS 214-291] Loop 'VITIS_LOOP_840_7' is marked as complete unroll implied by the pipeline pragma (C:/TFG_Vivado/vivado/axu2cga_trd.runs/bd_197a_csc_0_synth_1/prj/sol/.autopilot/db/v_csc.cpp:840:24)
INFO: [HLS 214-291] Loop 'VITIS_LOOP_861_8' is marked as complete unroll implied by the pipeline pragma (C:/TFG_Vivado/vivado/axu2cga_trd.runs/bd_197a_csc_0_synth_1/prj/sol/.autopilot/db/v_csc.cpp:861:24)
INFO: [HLS 214-291] Loop 'VITIS_LOOP_869_9' is marked as complete unroll implied by the pipeline pragma (C:/TFG_Vivado/vivado/axu2cga_trd.runs/bd_197a_csc_0_synth_1/prj/sol/.autopilot/db/v_csc.cpp:869:22)
INFO: [HLS 214-291] Loop 'VITIS_LOOP_563_1' is marked as complete unroll implied by the pipeline pragma (C:/TFG_Vivado/vivado/axu2cga_trd.runs/bd_197a_csc_0_synth_1/prj/sol/.autopilot/db/v_csc.cpp:563:22)
INFO: [HLS 214-291] Loop 'VITIS_LOOP_565_2' is marked as complete unroll implied by the pipeline pragma (C:/TFG_Vivado/vivado/axu2cga_trd.runs/bd_197a_csc_0_synth_1/prj/sol/.autopilot/db/v_csc.cpp:565:23)
INFO: [HLS 214-186] Unrolling loop 'VITIS_LOOP_688_3' (C:/TFG_Vivado/vivado/axu2cga_trd.runs/bd_197a_csc_0_synth_1/prj/sol/.autopilot/db/v_csc.cpp:688:22) in function 'MultiPixStream2AXIvideo' completely with a factor of 2 (C:/TFG_Vivado/vivado/axu2cga_trd.runs/bd_197a_csc_0_synth_1/prj/sol/.autopilot/db/v_csc.cpp:613:0)
INFO: [HLS 214-186] Unrolling loop 'VITIS_LOOP_690_4' (C:/TFG_Vivado/vivado/axu2cga_trd.runs/bd_197a_csc_0_synth_1/prj/sol/.autopilot/db/v_csc.cpp:690:23) in function 'MultiPixStream2AXIvideo' completely with a factor of 3 (C:/TFG_Vivado/vivado/axu2cga_trd.runs/bd_197a_csc_0_synth_1/prj/sol/.autopilot/db/v_csc.cpp:613:0)
INFO: [HLS 214-186] Unrolling loop 'VITIS_LOOP_142_3' (C:/TFG_Vivado/vivado/axu2cga_trd.runs/bd_197a_csc_0_synth_1/prj/sol/.autopilot/db/v_csc.cpp:142:22) in function 'v_csc_core' completely with a factor of 2 (C:/TFG_Vivado/vivado/axu2cga_trd.runs/bd_197a_csc_0_synth_1/prj/sol/.autopilot/db/v_csc.cpp:104:0)
INFO: [HLS 214-186] Unrolling loop 'VITIS_LOOP_781_3' (C:/TFG_Vivado/vivado/axu2cga_trd.runs/bd_197a_csc_0_synth_1/prj/sol/.autopilot/db/v_csc.cpp:781:23) in function 'v_hcresampler_core' completely with a factor of 2 (C:/TFG_Vivado/vivado/axu2cga_trd.runs/bd_197a_csc_0_synth_1/prj/sol/.autopilot/db/v_csc.cpp:724:0)
INFO: [HLS 214-186] Unrolling loop 'VITIS_LOOP_805_4' (C:/TFG_Vivado/vivado/axu2cga_trd.runs/bd_197a_csc_0_synth_1/prj/sol/.autopilot/db/v_csc.cpp:805:22) in function 'v_hcresampler_core' completely with a factor of 6 (C:/TFG_Vivado/vivado/axu2cga_trd.runs/bd_197a_csc_0_synth_1/prj/sol/.autopilot/db/v_csc.cpp:724:0)
INFO: [HLS 214-186] Unrolling loop 'VITIS_LOOP_810_5' (C:/TFG_Vivado/vivado/axu2cga_trd.runs/bd_197a_csc_0_synth_1/prj/sol/.autopilot/db/v_csc.cpp:810:22) in function 'v_hcresampler_core' completely with a factor of 2 (C:/TFG_Vivado/vivado/axu2cga_trd.runs/bd_197a_csc_0_synth_1/prj/sol/.autopilot/db/v_csc.cpp:724:0)
INFO: [HLS 214-186] Unrolling loop 'VITIS_LOOP_826_6' (C:/TFG_Vivado/vivado/axu2cga_trd.runs/bd_197a_csc_0_synth_1/prj/sol/.autopilot/db/v_csc.cpp:826:22) in function 'v_hcresampler_core' completely with a factor of 2 (C:/TFG_Vivado/vivado/axu2cga_trd.runs/bd_197a_csc_0_synth_1/prj/sol/.autopilot/db/v_csc.cpp:724:0)
INFO: [HLS 214-186] Unrolling loop 'VITIS_LOOP_861_8' (C:/TFG_Vivado/vivado/axu2cga_trd.runs/bd_197a_csc_0_synth_1/prj/sol/.autopilot/db/v_csc.cpp:861:24) in function 'v_hcresampler_core' completely with a factor of 4 (C:/TFG_Vivado/vivado/axu2cga_trd.runs/bd_197a_csc_0_synth_1/prj/sol/.autopilot/db/v_csc.cpp:724:0)
INFO: [HLS 214-186] Unrolling loop 'VITIS_LOOP_840_7' (C:/TFG_Vivado/vivado/axu2cga_trd.runs/bd_197a_csc_0_synth_1/prj/sol/.autopilot/db/v_csc.cpp:840:24) in function 'v_hcresampler_core' completely with a factor of 4 (C:/TFG_Vivado/vivado/axu2cga_trd.runs/bd_197a_csc_0_synth_1/prj/sol/.autopilot/db/v_csc.cpp:724:0)
INFO: [HLS 214-186] Unrolling loop 'VITIS_LOOP_869_9' (C:/TFG_Vivado/vivado/axu2cga_trd.runs/bd_197a_csc_0_synth_1/prj/sol/.autopilot/db/v_csc.cpp:869:22) in function 'v_hcresampler_core' completely with a factor of 2 (C:/TFG_Vivado/vivado/axu2cga_trd.runs/bd_197a_csc_0_synth_1/prj/sol/.autopilot/db/v_csc.cpp:724:0)
INFO: [HLS 214-186] Unrolling loop 'VITIS_LOOP_563_1' (C:/TFG_Vivado/vivado/axu2cga_trd.runs/bd_197a_csc_0_synth_1/prj/sol/.autopilot/db/v_csc.cpp:563:22) in function 'AXIvideo2MultiPixStream' completely with a factor of 2 (C:/TFG_Vivado/vivado/axu2cga_trd.runs/bd_197a_csc_0_synth_1/prj/sol/.autopilot/db/v_csc.cpp:514:0)
INFO: [HLS 214-186] Unrolling loop 'VITIS_LOOP_565_2' (C:/TFG_Vivado/vivado/axu2cga_trd.runs/bd_197a_csc_0_synth_1/prj/sol/.autopilot/db/v_csc.cpp:565:23) in function 'AXIvideo2MultiPixStream' completely with a factor of 3 (C:/TFG_Vivado/vivado/axu2cga_trd.runs/bd_197a_csc_0_synth_1/prj/sol/.autopilot/db/v_csc.cpp:514:0)
INFO: [HLS 214-178] Inlining function 'hls::axis<ap_uint<48>, 1ul, 1ul, 1ul, (unsigned char)56, false>::axis()' into 'AXIvideo2MultiPixStream(hls::stream<hls::axis<ap_uint<48>, 1ul, 1ul, 1ul, (unsigned char)56, false>, 0>&, hls::stream<hls::Scalar<6, ap_uint<8> >, 0>&, unsigned short&, unsigned short&, unsigned char&)' (C:/TFG_Vivado/vivado/axu2cga_trd.runs/bd_197a_csc_0_synth_1/prj/sol/.autopilot/db/v_csc.cpp:514:0)
INFO: [HLS 214-178] Inlining function 'hls::axis<ap_uint<48>, 1ul, 1ul, 1ul, (unsigned char)56, false>::axis()' into 'MultiPixStream2AXIvideo(hls::stream<hls::Scalar<6, ap_uint<8> >, 0>&, hls::stream<hls::axis<ap_uint<48>, 1ul, 1ul, 1ul, (unsigned char)56, false>, 0>&, unsigned short&, unsigned short&, unsigned char&)' (C:/TFG_Vivado/vivado/axu2cga_trd.runs/bd_197a_csc_0_synth_1/prj/sol/.autopilot/db/v_csc.cpp:613:0)
INFO: [HLS 214-248] Applying array_partition to 'mpix_cb': Complete partitioning on dimension 1. (C:/TFG_Vivado/vivado/axu2cga_trd.runs/bd_197a_csc_0_synth_1/prj/sol/.autopilot/db/v_csc.cpp:738:16)
INFO: [HLS 214-248] Applying array_partition to 'mpix_cr': Complete partitioning on dimension 1. (C:/TFG_Vivado/vivado/axu2cga_trd.runs/bd_197a_csc_0_synth_1/prj/sol/.autopilot/db/v_csc.cpp:738:25)
INFO: [HLS 214-248] Applying array_partition to 'pixbuf_y': Complete partitioning on dimension 1. Complete partitioning on dimension 2. (C:/TFG_Vivado/vivado/axu2cga_trd.runs/bd_197a_csc_0_synth_1/prj/sol/.autopilot/db/v_csc.cpp:745:10)
WARNING: [HLS 214-358] Array transformation on index using bit extension logic may lead to poor performance. Please use int or long for array index computation to benefit from optimizations. (C:/TFG_Vivado/vivado/axu2cga_trd.runs/bd_197a_csc_0_synth_1/prj/sol/.autopilot/db/v_csc.cpp:884:35)
INFO: [HLS 214-241] Aggregating fifo (hls::stream) variable 'stream_csc' with compact=bit mode in 48-bits (C:/TFG_Vivado/vivado/axu2cga_trd.runs/bd_197a_csc_0_synth_1/prj/sol/.autopilot/db/v_csc.cpp:434:24)
INFO: [HLS 214-241] Aggregating fifo (hls::stream) variable 'stream_in_hresampled' with compact=bit mode in 48-bits (C:/TFG_Vivado/vivado/axu2cga_trd.runs/bd_197a_csc_0_synth_1/prj/sol/.autopilot/db/v_csc.cpp:433:24)
INFO: [HLS 214-241] Aggregating fifo (hls::stream) variable 'stream_out_hresampled' with compact=bit mode in 48-bits (C:/TFG_Vivado/vivado/axu2cga_trd.runs/bd_197a_csc_0_synth_1/prj/sol/.autopilot/db/v_csc.cpp:433:46)
INFO: [HLS 214-241] Aggregating fifo (hls::stream) variable 'stream_in' with compact=bit mode in 48-bits (C:/TFG_Vivado/vivado/axu2cga_trd.runs/bd_197a_csc_0_synth_1/prj/sol/.autopilot/db/v_csc.cpp:431:24)
INFO-FLOW: run_clang result=success num-err-msgs=0 num-stderr-lines=134
INFO-FLOW: DBG:PUTS: copy_raw_kernel_xml ap_link_39: kernel.xml not generated: C:/TFG_Vivado/vivado/axu2cga_trd.runs/bd_197a_csc_0_synth_1/prj/sol/.autopilot/db/kernel.internal.xml
INFO: [HLS 200-111] Finished Compiling Optimization and Transform: CPU user time: 0 seconds. CPU system time: 1 seconds. Elapsed time: 20.969 seconds; current allocated memory: 138.922 MB.
INFO: [HLS 200-111] Finished Checking Pragmas: CPU user time: 0 seconds. CPU system time: 0 seconds. Elapsed time: 0.01 seconds; current allocated memory: 138.922 MB.
Execute         opt_and_import_c a -opt_level=2 -skip_syncheck=0 -ng=0 -keep_printf=0 
Execute           cleanup_all_models 
INFO: [HLS 200-10] Starting code transformations ...
INFO-FLOW: Running Standard Transforms...
Execute           transform -hls -share-std-xform -demangle-name -inline-byval-memcpy -always-inline -promote-dbg-pointer -interface-preproc -mem2reg -reassociate -gvn -reassociate -scalarrepl -mem2reg -keep-read-access -instcombine -dce -promote-dbg-pointer -bitop-raise -loop-simplify -indvarspre -indvars -loop-simplify -constprop -instcombine -simplifycfg -indvars -simplifycfg -dce -globaldce -basicaa -simplifycfg -mem2reg -globalopt -global-constprop -deadargelim -instcombine -simplifycfg -scalarrepl -instcombine -reassociate -licm -simplifycfg -loop-simplify -indvars -instcombine -simplifycfg -mem2reg -loop-simplify -indvars -instcombine -gvn -gvn -instcombine -adce -break-crit-edges -simplifycfg -loop-delete -global-array-opt -dce -dse -adce -find-syn-modules -top v_csc -deadargelim -mem2reg -instcombine -dce -presyn-prepare -interface-preproc -syn-check -check-rec-only -find-region -simplifycfg -func-extr -function-inline -globaldce -mem2reg -instcombine -dce -gvn -globaldce -adce -adse -constprop -instcombine -bit-constprop -instcombine -dce -simplifycfg -bitop-raise -simplifycfg -dce -loop-delete -reassociate -globalopt -global-privatize -mem2reg -dce -global-constprop -pointer-simplify -constprop -dce -promote-dbg-pointer -norm-name C:/TFG_Vivado/vivado/axu2cga_trd.runs/bd_197a_csc_0_synth_1/prj/sol/.autopilot/db/a.g.0.bc -o C:/TFG_Vivado/vivado/axu2cga_trd.runs/bd_197a_csc_0_synth_1/prj/sol/.autopilot/db/a.g.1.bc -f -phase std-opt 
Command           transform done; 1.099 sec.
INFO: [HLS 200-111] Finished Standard Transforms: CPU user time: 1 seconds. CPU system time: 0 seconds. Elapsed time: 1.225 seconds; current allocated memory: 138.922 MB.
INFO: [HLS 200-10] Checking synthesizability ...
INFO-FLOW: Checking Synthesizability 1/2..
Execute           transform -hls -syn-check -check-rec-only -scalarrepl -norm-name -dce -mem2reg -instcombine -directive-preproc -mem2reg -dse -dce -dce -pag -array-normalize -instcombine -dce -array-seg-normalize -instcombine -dce -data-pack -instcombine -dce -inst-simplify -array-flatten -instcombine -dce -array-burst -dce -deadargelim -promote-global-argument -simplifycfg -mem2reg -globaldce -dce -deadargelim -dce -instcombine -function-inline -globaldce -dce -doublePtrSimplify -doublePtrElim -dce -doublePtrSimplify -promote-dbg-pointer -dce -scalarrepl -dse -adse -instcombine -ptrLegalization -simplifycfg -dce -instcombine -pointer-simplify -ptrArgReplace -dce -instcombine -resolve-double-ptr -scalarrepl -norm-name -dce -mem2reg -instcombine -ptrLegalization -simplifycfg -deadargelim -instcombine -dce -inst-simplify -directive-preproc -mem2reg -dse -dce -globaldce C:/TFG_Vivado/vivado/axu2cga_trd.runs/bd_197a_csc_0_synth_1/prj/sol/.autopilot/db/a.g.1.bc -o C:/TFG_Vivado/vivado/axu2cga_trd.runs/bd_197a_csc_0_synth_1/prj/sol/.autopilot/db/a.g.2.prechk.bc -f 
Command           transform done; 0.547 sec.
INFO-FLOW: Checking Synthesizability 2/2..
Execute           transform -syn-check C:/TFG_Vivado/vivado/axu2cga_trd.runs/bd_197a_csc_0_synth_1/prj/sol/.autopilot/db/a.g.2.prechk.bc -o C:/TFG_Vivado/vivado/axu2cga_trd.runs/bd_197a_csc_0_synth_1/prj/sol/.autopilot/db/a.g.2.bc -f -phase syn-check 
INFO: [HLS 200-111] Finished Checking Synthesizability: CPU user time: 0 seconds. CPU system time: 0 seconds. Elapsed time: 0.64 seconds; current allocated memory: 138.922 MB.
INFO-FLOW: Compiler optimizing ...
INFO-FLOW: Share syncheck's 1.bc for syn flow: copy C:/TFG_Vivado/vivado/axu2cga_trd.runs/bd_197a_csc_0_synth_1/prj/sol/.autopilot/db/a.g.1.bc to C:/TFG_Vivado/vivado/axu2cga_trd.runs/bd_197a_csc_0_synth_1/prj/sol/.autopilot/db/a.o.1.bc
INFO-FLOW: Presyn 1...
Execute           transform -hls -tmp C:/TFG_Vivado/vivado/axu2cga_trd.runs/bd_197a_csc_0_synth_1/prj/sol/.autopilot/db -interface-port-rename -directive-preproc -mem2reg -dse -dce -scalarrepl -norm-name -deadargelim -dce -hls-dead-arg-elim -deadargelim -mem2reg -instcombine -dce -simplifycfg -dce -resource-proc -clib-intrinsic-prepare -dce -func-buffer -dce -pag -array-normalize -func-legal -instcombine -gvn -constprop -dce -simplifycfg -mem2reg -globaldce -resolve-double-ptr -dce -deadargelim -dce -instcombine -ptrArgReplace -mem2reg -dce -array-seg-normalize -deadargelim -instcombine -dce -directive-preproc -mem2reg -dse -dce -pointer-simplify -dce -dce -interface-preproc -data-pack -instcombine -dce -basicaa -aggr-aa -aggrmodref-aa -aggr-aa -gvn -gvn -basicaa -aggr-aa -aggrmodref-aa -aggr-aa -dse -adse -adce -loop-simplify -indvars -instcombine -gvn -loop-simplify -mem2reg -dce -find-region -instcombine -inst-simplify -interface-preproc -cfgopt -instcombine -indvars -loop-simplify -loop-bound -constprop -instcombine -simplifycfg -indvars -simplifycfg -dce -globaldce -clean-region -attach-range -gvn -inst-simplify -constprop -simplifycfg -dce -pointer-simplify -dce -globalopt -constprop -dce -ptrArgReplace -mem2reg -simplifycfg -dce -instcombine -dce -array-transform-check -array-reshape -instcombine -simplifycfg -dce -ptrArgReplace -deadargelim -mem2reg -instcombine -simplifycfg -dce -indvars -loop-simplify -loop-bound -constprop -instcombine -simplifycfg -indvars -simplifycfg -dce -globaldce -basicaa -aggr-aa -aggrmodref-aa -aggr-aa -dse -duplicate-dataflow-processes -globaldce -instcombine -array-partition -prepare-dynamic-array-partition -instcombine -simplifycfg -dce -ptrArgReplace -global-constprop -deadargelim -mem2reg -func-legal -dce -global-constprop -deadargelim -mem2reg -simplifycfg -dce -merge-param -deadargelim -globalopt -constprop -dce -ptrArgReplace -mem2reg -simplifycfg -dce -mem-intrinsic-preproc -dce -global-internalize -global-privatize -mem2reg -globaldce -lcssa -loop-simplify -phi-select-elim -promote-global-argument -ptrArgReplace -mem2reg -dce -globalopt -mergereturn -simplify-global-access -mem2reg -dce -pointer-simplify -dce -basicaa -aggr-aa -aggrmodref-aa -aggr-aa -functionattrs -basicaa -aggr-aa -aggrmodref-aa -aggr-aa -gvn -gvn -basicaa -aggr-aa -aggrmodref-aa -aggr-aa -dse -adse -adce -dce -norm-name -basicaa -aggr-aa -aggrmodref-aa -aggr-aa -accesses-merge -function-inline -complex-op-raise -inst-simplify -globaldce -func-legal -dce -loop-bound -arraycheck -bitwidthmin2 -bitwidthmin2 -on-by-dataflow -loop-delete -instcombine -simplifycfg -globaldce -dce -gvn -deadargelim -dce -loop-simplify -clean-region -simplifycfg -propagate-stable-arguments -instcombine -simplifycfg -dce -globaldce -duplicate-dataflow-processes -stream-intrinsic-preproc -dce -check-ap-stream -loop-simplify -eliminate-keepreads -extract-dataflow-in-loop -loop-simplify -dce -gvn -deadargelim -dse -duplicate-dataflow-processes -check-dataflow-syntax -legalize-stream-variable -globaldce -extract-subproc -global-constprop -deadargelim -globaldce -legalize-global -dce -dead-channel-elimination -canonicalize-gep -globaldce -dce -gvn -hls-dead-arg-elim -deadargelim -canonicalize-dataflow -directive-preproc -dce -globaldce -scalar-preprocessing -scalar-propagation2 -scalar-stream -deadargelim -globaldce -mem2reg -check-dataflow-channels -function-stream -dce -globaldce -prop-fifo-spec -internal-stream-gen -canonicalize-gep -globaldce -dce -gvn -deadargelim -mergereturn -indvars -loop-simplify -instcombine -array-stream -array-seg-normalize -array-partition -clean-array-spec -func-legal -instcombine -simplifycfg -dce -bundle-memfifo-ops -deadargelim -directive-preproc -mem2reg -dse -dce -group-axi-access -licm -simplifycfg -dce -loop-delete -hls-display -norm-name C:/TFG_Vivado/vivado/axu2cga_trd.runs/bd_197a_csc_0_synth_1/prj/sol/.autopilot/db/a.o.1.bc -o C:/TFG_Vivado/vivado/axu2cga_trd.runs/bd_197a_csc_0_synth_1/prj/sol/.autopilot/db/a.o.1.tmp.bc -f 
WARNING: [XFORM 203-561] Updating loop upper bound from 65535 to 32767 for loop 'VITIS_LOOP_767_1' (C:/TFG_Vivado/vivado/axu2cga_trd.runs/bd_197a_csc_0_synth_1/prj/sol/.autopilot/db/v_csc.cpp:738:16) in function 'v_hcresampler_core.1'.
WARNING: [XFORM 203-561] Updating loop upper bound from 65535 to 32767 for loop 'VITIS_LOOP_767_1' (C:/TFG_Vivado/vivado/axu2cga_trd.runs/bd_197a_csc_0_synth_1/prj/sol/.autopilot/db/v_csc.cpp:738:16) in function 'v_hcresampler_core'.
WARNING: [XFORM 203-561] Updating loop upper bound from 32767 to 960 for loop 'VITIS_LOOP_664_2' (C:/TFG_Vivado/vivado/axu2cga_trd.runs/bd_197a_csc_0_synth_1/prj/sol/.autopilot/db/v_csc.cpp:661:7) in function 'MultiPixStream2AXIvideo'.
WARNING: [XFORM 203-561] Updating loop lower bound from 0 to 32 for loop 'VITIS_LOOP_664_2' (C:/TFG_Vivado/vivado/axu2cga_trd.runs/bd_197a_csc_0_synth_1/prj/sol/.autopilot/db/v_csc.cpp:661:7) in function 'MultiPixStream2AXIvideo'.
WARNING: [XFORM 203-561] Ignored invalid trip count directive (MAX (= 960) < AVE (= 16383)) for loop 'VITIS_LOOP_664_2' (C:/TFG_Vivado/vivado/axu2cga_trd.runs/bd_197a_csc_0_synth_1/prj/sol/.autopilot/db/v_csc.cpp:661:7) in function 'MultiPixStream2AXIvideo'.
WARNING: [XFORM 203-561] Updating loop upper bound from 65535 to 1080 for loop 'VITIS_LOOP_662_1' (C:/TFG_Vivado/vivado/axu2cga_trd.runs/bd_197a_csc_0_synth_1/prj/sol/.autopilot/db/v_csc.cpp:661:7) in function 'MultiPixStream2AXIvideo'.
WARNING: [XFORM 203-561] Updating loop lower bound from 0 to 64 for loop 'VITIS_LOOP_662_1' (C:/TFG_Vivado/vivado/axu2cga_trd.runs/bd_197a_csc_0_synth_1/prj/sol/.autopilot/db/v_csc.cpp:661:7) in function 'MultiPixStream2AXIvideo'.
WARNING: [XFORM 203-561] Ignored invalid trip count directive (MAX (= 1080) < AVE (= 32767)) for loop 'VITIS_LOOP_662_1' (C:/TFG_Vivado/vivado/axu2cga_trd.runs/bd_197a_csc_0_synth_1/prj/sol/.autopilot/db/v_csc.cpp:661:7) in function 'MultiPixStream2AXIvideo'.
WARNING: [XFORM 203-561] Updating loop upper bound from 32767 to 960 for loop 'loop_width' (C:/TFG_Vivado/vivado/axu2cga_trd.runs/bd_197a_csc_0_synth_1/prj/sol/.autopilot/db/v_csc.cpp:531:7) in function 'AXIvideo2MultiPixStream'.
WARNING: [XFORM 203-561] Updating loop lower bound from 0 to 32 for loop 'loop_width' (C:/TFG_Vivado/vivado/axu2cga_trd.runs/bd_197a_csc_0_synth_1/prj/sol/.autopilot/db/v_csc.cpp:531:7) in function 'AXIvideo2MultiPixStream'.
WARNING: [XFORM 203-561] Ignored invalid trip count directive (MAX (= 960) < AVE (= 16383)) for loop 'loop_width' (C:/TFG_Vivado/vivado/axu2cga_trd.runs/bd_197a_csc_0_synth_1/prj/sol/.autopilot/db/v_csc.cpp:531:7) in function 'AXIvideo2MultiPixStream'.
WARNING: [XFORM 203-561] Updating loop upper bound from 65535 to 1080 for loop 'loop_height' (C:/TFG_Vivado/vivado/axu2cga_trd.runs/bd_197a_csc_0_synth_1/prj/sol/.autopilot/db/v_csc.cpp:531:7) in function 'AXIvideo2MultiPixStream'.
WARNING: [XFORM 203-561] Updating loop lower bound from 0 to 64 for loop 'loop_height' (C:/TFG_Vivado/vivado/axu2cga_trd.runs/bd_197a_csc_0_synth_1/prj/sol/.autopilot/db/v_csc.cpp:531:7) in function 'AXIvideo2MultiPixStream'.
WARNING: [XFORM 203-561] Ignored invalid trip count directive (MAX (= 1080) < AVE (= 32767)) for loop 'loop_height' (C:/TFG_Vivado/vivado/axu2cga_trd.runs/bd_197a_csc_0_synth_1/prj/sol/.autopilot/db/v_csc.cpp:531:7) in function 'AXIvideo2MultiPixStream'.
INFO: [XFORM 203-712] Applying dataflow to function 'v_csc' (C:/TFG_Vivado/vivado/axu2cga_trd.runs/bd_197a_csc_0_synth_1/prj/sol/.autopilot/db/v_csc.cpp:220:1), detected/extracted 6 process function(s): 
	 'Block_entry_proc.1'
	 'AXIvideo2MultiPixStream'
	 'v_hcresampler_core'
	 'v_csc_core'
	 'v_hcresampler_core.1'
	 'MultiPixStream2AXIvideo'.
Command           transform done; 1.72 sec.
INFO-FLOW: Presyn 2...
Execute           transform -hls -keep-callgraph -scalarrepl -mem2reg -attach-range -dce -pipe-mux-gen -indvars -loop-bound -inst-simplify -instcombine -dce -merge-array-access -mem2reg -dce -clean-region -mergereturn -if-conv -instcombine -dce -constprop -basicaa -aggr-aa -aggrmodref-aa -aggr-aa -gvn -gvn -basicaa -aggr-aa -aggrmodref-aa -aggr-aa -dse -adse -adce -scalarrepl -mem2reg -global-constprop -deadargelim -deadargelim -instcombine -dce -simplifycfg -ptrArgReplace -mem2reg -function-inline -globaldce -mem2reg -instcombine -dce -expr-balance -instcombine -dce -bitwidthmin2 -bitwidthmin2 -interface-preproc -directive-preproc -inst-rectify -instcombine -dce -basicaa -aggr-aa -aggrmodref-aa -aggr-aa -functionattrs -constprop -instcombine -bit-constprop -simplify-global-access -globalopt -globaldce -inst-simplify -instcombine -elimdeaddata -dce -loop-delete -simplifycfg -loop-simplify -barrier -norm-name C:/TFG_Vivado/vivado/axu2cga_trd.runs/bd_197a_csc_0_synth_1/prj/sol/.autopilot/db/a.o.1.tmp.bc -o C:/TFG_Vivado/vivado/axu2cga_trd.runs/bd_197a_csc_0_synth_1/prj/sol/.autopilot/db/a.o.2.bc -f -phase presyn 
WARNING: [XFORM 203-561] Updating loop upper bound from 32770 to 32767 for loop 'VITIS_LOOP_769_2' (C:/TFG_Vivado/vivado/axu2cga_trd.runs/bd_197a_csc_0_synth_1/prj/sol/.autopilot/db/v_csc.cpp:738:16) in function 'v_hcresampler_core.1'.
WARNING: [XFORM 203-561] Updating loop upper bound from 32770 to 32767 for loop 'VITIS_LOOP_769_2' (C:/TFG_Vivado/vivado/axu2cga_trd.runs/bd_197a_csc_0_synth_1/prj/sol/.autopilot/db/v_csc.cpp:738:16) in function 'v_hcresampler_core'.
INFO: [XFORM 203-401] Performing if-conversion on hyperblock from (C:/TFG_Vivado/vivado/axu2cga_trd.runs/bd_197a_csc_0_synth_1/prj/sol/.autopilot/db/v_csc.cpp:139:1) to (C:/TFG_Vivado/vivado/axu2cga_trd.runs/bd_197a_csc_0_synth_1/prj/sol/.autopilot/db/v_csc.cpp:136:21) in function 'v_csc_core'... converting 7 basic blocks.
INFO: [XFORM 203-401] Performing if-conversion on hyperblock from (c:/TFG_Vivado/vivado/axu2cga_trd.gen/sources_1/bd/design_1/ip/design_1_v_proc_ss_1_0/bd_0/ip/ip_0/src/hls/hls_axi_io.h:83:39) to (C:/TFG_Vivado/vivado/axu2cga_trd.runs/bd_197a_csc_0_synth_1/prj/sol/.autopilot/db/v_csc.cpp:545:3) in function 'AXIvideo2MultiPixStream'... converting 7 basic blocks.
Command           transform done; 0.556 sec.
INFO: [HLS 200-111] Finished Loop, function and other optimizations: CPU user time: 0 seconds. CPU system time: 0 seconds. Elapsed time: 2.31 seconds; current allocated memory: 138.922 MB.
Execute           transform -hls -auto-function-inline -globaldce -ptrArgReplace -mem2reg -dce -reset-lda -loop-simplify -indvars -aggr-aa -licm -loop-dep -loop-bound -licm -loop-simplify -loop-sink-hoist -flattenloopnest -array-flatten -gvn -instcombine -dce -array-map -dce -func-legal -gvn -adce -instcombine -cfgopt -simplifycfg-lite -loop-simplify -array-burst -promote-global-argument -dce -array-seg-normalize -basicaa -aggrmodref-aa -globalsmodref-aa -aggr-aa -gvn -gvn -basicaa -aggrmodref-aa -globalsmodref-aa -aggr-aa -dse -adse -adce -licm -inst-simplify -dce -globaldce -instcombine -array-stream -eliminate-keepreads -instcombine -dce -deadargelim -doublePtrSimplify -doublePtrElim -dce -doublePtrSimplify -promote-dbg-pointer -dce -scalarrepl -mem2reg -norm-name -mem2reg -instcombine -dse -adse -adce -ptrLegalization -dce -array-flatten -dce -instcombine -check-doubleptr -loop-rot -constprop -inst-simplify -cfgopt -simplifycfg-lite -loop-simplify -indvars -pointer-simplify -dce -loop-bound -loop-simplify -loop-preproc -constprop -global-constprop -gvn -mem2reg -instcombine -dce -loop-bound -loop-merge -dce -deadargelim -dce -canonicalize-dataflow -dce -deadargelim -globaldce -mem2reg -bram-byte-enable -inst-simplify -inst-rectify -instcombine -adce -deadargelim -load-elim -read-loop-dep -loop-simplify -loop-rewind-sink-hoist -loop-outline -hls-dead-arg-elim -directive-preproc -bitwidthmin2 -bitwidthmin2 -read-loop-dep -interface-preproc -directive-preproc -interface-gen -bram-byte-enable-spec-prop -mul2addshift -deadargelim -inst-simplify -dce -mem2reg -instcombine -gvn -dce -adse -loop-bound -instcombine -cfgopt -simplifycfg-lite -loop-simplify -clean-region -io-protocol -find-region -mem2reg -bitop-raise -complex-op-raise -inst-simplify -inst-rectify -instcombine -gvn -adce -deadargelim -float-op-raise -loop-simplify -phi-opt -bitop-raise -cfgopt -simplifycfg-lite -strip-dead-prototypes -interface-lower -bitop-lower -intrinsic-lower -auto-function-inline -basicaa -aggrmodref-aa -globalsmodref-aa -aggr-aa -inst-simplify -simplifycfg-lite -loop-simplify -mergereturn -inst-simplify -inst-rectify -globaldce -dce -load-elim -bitop-lower -float-op-raise -fma-raise -loop-rewind -pointer-simplify -dce -cfgopt -dce -loop-bound -loop-dep -read-loop-dep -dce -dyn-mem-reuse -dce -recurrence-min -dce -share-scalar-alloca -deadargelim -dce -check-stream -norm-name -legalize -inst-clarity -bitwidth -dce -validate-dataflow -dump-loop-dep-to-ir -check-all-ssdm -drop-inferred-ii -dump-complexity-metric C:/TFG_Vivado/vivado/axu2cga_trd.runs/bd_197a_csc_0_synth_1/prj/sol/.autopilot/db/a.o.2.bc -o C:/TFG_Vivado/vivado/axu2cga_trd.runs/bd_197a_csc_0_synth_1/prj/sol/.autopilot/db/a.o.3.bc -f -phase build-ssdm 
Execute             AP::auto_get_db
Command           transform done; 0.92 sec.
INFO-FLOW: Building ssdm...
Execute           transform -hls -cdfg-build C:/TFG_Vivado/vivado/axu2cga_trd.runs/bd_197a_csc_0_synth_1/prj/sol/.autopilot/db/a.o.3.bc -o C:/TFG_Vivado/vivado/axu2cga_trd.runs/bd_197a_csc_0_synth_1/prj/sol/.autopilot/db/a.o.3.bc -f -phase build-ssdm 
Command           transform done; 0.953 sec.
INFO: [HLS 200-111] Finished Architecture Synthesis: CPU user time: 0 seconds. CPU system time: 0 seconds. Elapsed time: 1.879 seconds; current allocated memory: 138.922 MB.
INFO-FLOW: Finish building internal data model.
Command         opt_and_import_c done; 6.059 sec.
Command       elaborate done; 116.361 sec.
Execute       ap_eval exec zip -j C:/TFG_Vivado/vivado/axu2cga_trd.runs/bd_197a_csc_0_synth_1/prj/sol/.autopilot/db/dut.hcp $dbDir/a.o.3.bc $dbDir/${topname}.rtl_wrap.cfg.tcl $dbDir/apatb_${topname}.cpp $dbDir/apatb_${topname}_util.cpp $dbDir/apatb_${topname}_ir.ll $dbDir/mapper_${topname}.cpp $dbDir/top-io-fe.xml $dbDir/kernel.internal.xml $workdir/../hls.app 
Command       ap_eval done; 0.788 sec.
INFO: [HLS 200-10] Starting hardware synthesis ...
INFO-FLOW: Synthesizing C/C++ design AP::SynTopModule=v_csc
INFO: [HLS 200-10] Synthesizing 'v_csc' ...
Execute       ap_set_top_model v_csc 
WARNING: [SYN 201-103] Legalizing function name 'Block_entry_proc.1' to 'Block_entry_proc_1'.
WARNING: [SYN 201-103] Legalizing function name 'reg<unsigned short>' to 'reg_unsigned_short_s'.
WARNING: [SYN 201-103] Legalizing function name 'v_hcresampler_core.1_Pipeline_VITIS_LOOP_769_2' to 'v_hcresampler_core_1_Pipeline_VITIS_LOOP_769_2'.
WARNING: [SYN 201-103] Legalizing function name 'v_hcresampler_core.1' to 'v_hcresampler_core_1'.
Execute       get_model_list v_csc -filter all-wo-channel -topdown 
Execute       preproc_iomode -model v_csc 
Execute       preproc_iomode -model MultiPixStream2AXIvideo 
Execute       preproc_iomode -model MultiPixStream2AXIvideo_Pipeline_VITIS_LOOP_664_2 
Execute       preproc_iomode -model v_hcresampler_core.1 
Execute       preproc_iomode -model v_hcresampler_core.1_Pipeline_VITIS_LOOP_769_2 
Execute       preproc_iomode -model v_csc_core 
Execute       preproc_iomode -model v_csc_core_Pipeline_VITIS_LOOP_136_2 
Execute       preproc_iomode -model v_hcresampler_core 
Execute       preproc_iomode -model v_hcresampler_core_Pipeline_VITIS_LOOP_769_2 
Execute       preproc_iomode -model AXIvideo2MultiPixStream 
Execute       preproc_iomode -model AXIvideo2MultiPixStream_Pipeline_loop_wait_for_eol 
Execute       preproc_iomode -model AXIvideo2MultiPixStream_Pipeline_loop_width 
Execute       preproc_iomode -model AXIvideo2MultiPixStream_Pipeline_loop_wait_for_start 
Execute       preproc_iomode -model reg<unsigned short> 
Execute       preproc_iomode -model Block_entry_proc.1 
Execute       get_model_list v_csc -filter all-wo-channel 
INFO-FLOW: Model list for configure: Block_entry_proc.1 {reg<unsigned short>} AXIvideo2MultiPixStream_Pipeline_loop_wait_for_start AXIvideo2MultiPixStream_Pipeline_loop_width AXIvideo2MultiPixStream_Pipeline_loop_wait_for_eol AXIvideo2MultiPixStream v_hcresampler_core_Pipeline_VITIS_LOOP_769_2 v_hcresampler_core v_csc_core_Pipeline_VITIS_LOOP_136_2 v_csc_core v_hcresampler_core.1_Pipeline_VITIS_LOOP_769_2 v_hcresampler_core.1 MultiPixStream2AXIvideo_Pipeline_VITIS_LOOP_664_2 MultiPixStream2AXIvideo v_csc
INFO-FLOW: Configuring Module : Block_entry_proc.1 ...
Execute       set_default_model Block_entry_proc.1 
Execute       apply_spec_resource_limit Block_entry_proc.1 
INFO-FLOW: Configuring Module : reg<unsigned short> ...
Execute       set_default_model reg<unsigned short> 
Execute       apply_spec_resource_limit reg<unsigned short> 
INFO-FLOW: Configuring Module : AXIvideo2MultiPixStream_Pipeline_loop_wait_for_start ...
Execute       set_default_model AXIvideo2MultiPixStream_Pipeline_loop_wait_for_start 
Execute       apply_spec_resource_limit AXIvideo2MultiPixStream_Pipeline_loop_wait_for_start 
INFO-FLOW: Configuring Module : AXIvideo2MultiPixStream_Pipeline_loop_width ...
Execute       set_default_model AXIvideo2MultiPixStream_Pipeline_loop_width 
Execute       apply_spec_resource_limit AXIvideo2MultiPixStream_Pipeline_loop_width 
INFO-FLOW: Configuring Module : AXIvideo2MultiPixStream_Pipeline_loop_wait_for_eol ...
Execute       set_default_model AXIvideo2MultiPixStream_Pipeline_loop_wait_for_eol 
Execute       apply_spec_resource_limit AXIvideo2MultiPixStream_Pipeline_loop_wait_for_eol 
INFO-FLOW: Configuring Module : AXIvideo2MultiPixStream ...
Execute       set_default_model AXIvideo2MultiPixStream 
Execute       apply_spec_resource_limit AXIvideo2MultiPixStream 
INFO-FLOW: Configuring Module : v_hcresampler_core_Pipeline_VITIS_LOOP_769_2 ...
Execute       set_default_model v_hcresampler_core_Pipeline_VITIS_LOOP_769_2 
Execute       apply_spec_resource_limit v_hcresampler_core_Pipeline_VITIS_LOOP_769_2 
INFO-FLOW: Configuring Module : v_hcresampler_core ...
Execute       set_default_model v_hcresampler_core 
Execute       apply_spec_resource_limit v_hcresampler_core 
INFO-FLOW: Configuring Module : v_csc_core_Pipeline_VITIS_LOOP_136_2 ...
Execute       set_default_model v_csc_core_Pipeline_VITIS_LOOP_136_2 
Execute       apply_spec_resource_limit v_csc_core_Pipeline_VITIS_LOOP_136_2 
INFO-FLOW: Configuring Module : v_csc_core ...
Execute       set_default_model v_csc_core 
Execute       apply_spec_resource_limit v_csc_core 
INFO-FLOW: Configuring Module : v_hcresampler_core.1_Pipeline_VITIS_LOOP_769_2 ...
Execute       set_default_model v_hcresampler_core.1_Pipeline_VITIS_LOOP_769_2 
Execute       apply_spec_resource_limit v_hcresampler_core.1_Pipeline_VITIS_LOOP_769_2 
INFO-FLOW: Configuring Module : v_hcresampler_core.1 ...
Execute       set_default_model v_hcresampler_core.1 
Execute       apply_spec_resource_limit v_hcresampler_core.1 
INFO-FLOW: Configuring Module : MultiPixStream2AXIvideo_Pipeline_VITIS_LOOP_664_2 ...
Execute       set_default_model MultiPixStream2AXIvideo_Pipeline_VITIS_LOOP_664_2 
Execute       apply_spec_resource_limit MultiPixStream2AXIvideo_Pipeline_VITIS_LOOP_664_2 
INFO-FLOW: Configuring Module : MultiPixStream2AXIvideo ...
Execute       set_default_model MultiPixStream2AXIvideo 
Execute       apply_spec_resource_limit MultiPixStream2AXIvideo 
INFO-FLOW: Configuring Module : v_csc ...
Execute       set_default_model v_csc 
Execute       apply_spec_resource_limit v_csc 
INFO-FLOW: Model list for preprocess: Block_entry_proc.1 {reg<unsigned short>} AXIvideo2MultiPixStream_Pipeline_loop_wait_for_start AXIvideo2MultiPixStream_Pipeline_loop_width AXIvideo2MultiPixStream_Pipeline_loop_wait_for_eol AXIvideo2MultiPixStream v_hcresampler_core_Pipeline_VITIS_LOOP_769_2 v_hcresampler_core v_csc_core_Pipeline_VITIS_LOOP_136_2 v_csc_core v_hcresampler_core.1_Pipeline_VITIS_LOOP_769_2 v_hcresampler_core.1 MultiPixStream2AXIvideo_Pipeline_VITIS_LOOP_664_2 MultiPixStream2AXIvideo v_csc
INFO-FLOW: Preprocessing Module: Block_entry_proc.1 ...
Execute       set_default_model Block_entry_proc.1 
Execute       cdfg_preprocess -model Block_entry_proc.1 
Execute       rtl_gen_preprocess Block_entry_proc.1 
INFO-FLOW: Preprocessing Module: reg<unsigned short> ...
Execute       set_default_model reg<unsigned short> 
Execute       cdfg_preprocess -model reg<unsigned short> 
Execute       rtl_gen_preprocess reg<unsigned short> 
INFO-FLOW: Preprocessing Module: AXIvideo2MultiPixStream_Pipeline_loop_wait_for_start ...
Execute       set_default_model AXIvideo2MultiPixStream_Pipeline_loop_wait_for_start 
Execute       cdfg_preprocess -model AXIvideo2MultiPixStream_Pipeline_loop_wait_for_start 
Execute       rtl_gen_preprocess AXIvideo2MultiPixStream_Pipeline_loop_wait_for_start 
INFO-FLOW: Preprocessing Module: AXIvideo2MultiPixStream_Pipeline_loop_width ...
Execute       set_default_model AXIvideo2MultiPixStream_Pipeline_loop_width 
Execute       cdfg_preprocess -model AXIvideo2MultiPixStream_Pipeline_loop_width 
Execute       rtl_gen_preprocess AXIvideo2MultiPixStream_Pipeline_loop_width 
INFO-FLOW: Preprocessing Module: AXIvideo2MultiPixStream_Pipeline_loop_wait_for_eol ...
Execute       set_default_model AXIvideo2MultiPixStream_Pipeline_loop_wait_for_eol 
Execute       cdfg_preprocess -model AXIvideo2MultiPixStream_Pipeline_loop_wait_for_eol 
Execute       rtl_gen_preprocess AXIvideo2MultiPixStream_Pipeline_loop_wait_for_eol 
INFO-FLOW: Preprocessing Module: AXIvideo2MultiPixStream ...
Execute       set_default_model AXIvideo2MultiPixStream 
Execute       cdfg_preprocess -model AXIvideo2MultiPixStream 
Execute       rtl_gen_preprocess AXIvideo2MultiPixStream 
INFO-FLOW: Preprocessing Module: v_hcresampler_core_Pipeline_VITIS_LOOP_769_2 ...
Execute       set_default_model v_hcresampler_core_Pipeline_VITIS_LOOP_769_2 
Execute       cdfg_preprocess -model v_hcresampler_core_Pipeline_VITIS_LOOP_769_2 
Execute       rtl_gen_preprocess v_hcresampler_core_Pipeline_VITIS_LOOP_769_2 
INFO-FLOW: Preprocessing Module: v_hcresampler_core ...
Execute       set_default_model v_hcresampler_core 
Execute       cdfg_preprocess -model v_hcresampler_core 
Execute       rtl_gen_preprocess v_hcresampler_core 
INFO-FLOW: Preprocessing Module: v_csc_core_Pipeline_VITIS_LOOP_136_2 ...
Execute       set_default_model v_csc_core_Pipeline_VITIS_LOOP_136_2 
Execute       cdfg_preprocess -model v_csc_core_Pipeline_VITIS_LOOP_136_2 
Execute       rtl_gen_preprocess v_csc_core_Pipeline_VITIS_LOOP_136_2 
INFO-FLOW: Preprocessing Module: v_csc_core ...
Execute       set_default_model v_csc_core 
Execute       cdfg_preprocess -model v_csc_core 
Execute       rtl_gen_preprocess v_csc_core 
INFO-FLOW: Preprocessing Module: v_hcresampler_core.1_Pipeline_VITIS_LOOP_769_2 ...
Execute       set_default_model v_hcresampler_core.1_Pipeline_VITIS_LOOP_769_2 
Execute       cdfg_preprocess -model v_hcresampler_core.1_Pipeline_VITIS_LOOP_769_2 
Execute       rtl_gen_preprocess v_hcresampler_core.1_Pipeline_VITIS_LOOP_769_2 
INFO-FLOW: Preprocessing Module: v_hcresampler_core.1 ...
Execute       set_default_model v_hcresampler_core.1 
Execute       cdfg_preprocess -model v_hcresampler_core.1 
Execute       rtl_gen_preprocess v_hcresampler_core.1 
INFO-FLOW: Preprocessing Module: MultiPixStream2AXIvideo_Pipeline_VITIS_LOOP_664_2 ...
Execute       set_default_model MultiPixStream2AXIvideo_Pipeline_VITIS_LOOP_664_2 
Execute       cdfg_preprocess -model MultiPixStream2AXIvideo_Pipeline_VITIS_LOOP_664_2 
Execute       rtl_gen_preprocess MultiPixStream2AXIvideo_Pipeline_VITIS_LOOP_664_2 
INFO-FLOW: Preprocessing Module: MultiPixStream2AXIvideo ...
Execute       set_default_model MultiPixStream2AXIvideo 
Execute       cdfg_preprocess -model MultiPixStream2AXIvideo 
Execute       rtl_gen_preprocess MultiPixStream2AXIvideo 
INFO-FLOW: Preprocessing Module: v_csc ...
Execute       set_default_model v_csc 
Execute       cdfg_preprocess -model v_csc 
Command       cdfg_preprocess done; 0.252 sec.
Execute       rtl_gen_preprocess v_csc 
INFO-FLOW: Model list for synthesis: Block_entry_proc.1 {reg<unsigned short>} AXIvideo2MultiPixStream_Pipeline_loop_wait_for_start AXIvideo2MultiPixStream_Pipeline_loop_width AXIvideo2MultiPixStream_Pipeline_loop_wait_for_eol AXIvideo2MultiPixStream v_hcresampler_core_Pipeline_VITIS_LOOP_769_2 v_hcresampler_core v_csc_core_Pipeline_VITIS_LOOP_136_2 v_csc_core v_hcresampler_core.1_Pipeline_VITIS_LOOP_769_2 v_hcresampler_core.1 MultiPixStream2AXIvideo_Pipeline_VITIS_LOOP_664_2 MultiPixStream2AXIvideo v_csc
INFO: [HLS 200-10] ----------------------------------------------------------------
INFO: [HLS 200-42] -- Implementing module 'Block_entry_proc_1' 
INFO: [HLS 200-10] ----------------------------------------------------------------
Execute       set_default_model Block_entry_proc.1 
Execute       schedule -model Block_entry_proc.1 
INFO: [SCHED 204-11] Starting scheduling ...
INFO: [SCHED 204-11] Finished scheduling.
Command       schedule done; 1.629 sec.
INFO: [HLS 200-111] Finished Scheduling: CPU user time: 0 seconds. CPU system time: 0 seconds. Elapsed time: 3.101 seconds; current allocated memory: 138.922 MB.
Execute       syn_report -verbosereport -o C:/TFG_Vivado/vivado/axu2cga_trd.runs/bd_197a_csc_0_synth_1/prj/sol/.autopilot/db/Block_entry_proc_1.verbose.sched.rpt 
Execute         list_part -family xczu2cg-sfvc784-1-e 
Execute           ap_family_info -name xczu2cg-sfvc784-1-e -data names 
Execute           ap_part_info -quiet -name xczu2cg-sfvc784-1-e -data family 
Command       syn_report done; 0.28 sec.
Execute       db_write -o C:/TFG_Vivado/vivado/axu2cga_trd.runs/bd_197a_csc_0_synth_1/prj/sol/.autopilot/db/Block_entry_proc_1.sched.adb -f 
Command       db_write done; 0.703 sec.
INFO-FLOW: Finish scheduling Block_entry_proc.1.
Execute       set_default_model Block_entry_proc.1 
Execute       bind -model Block_entry_proc.1 
INFO: [BIND 205-100] Starting micro-architecture generation ...
INFO: [BIND 205-101] Performing variable lifetime analysis.
INFO: [BIND 205-101] Exploring resource sharing.
INFO: [BIND 205-101] Binding ...
INFO: [BIND 205-100] Finished micro-architecture generation.
Command       bind done; 0.619 sec.
INFO: [HLS 200-111] Finished Binding: CPU user time: 0 seconds. CPU system time: 0 seconds. Elapsed time: 1.603 seconds; current allocated memory: 139.742 MB.
Execute       syn_report -verbosereport -o C:/TFG_Vivado/vivado/axu2cga_trd.runs/bd_197a_csc_0_synth_1/prj/sol/.autopilot/db/Block_entry_proc_1.verbose.bind.rpt 
Execute         list_part -family xczu2cg-sfvc784-1-e 
Execute           ap_family_info -name xczu2cg-sfvc784-1-e -data names 
Execute           ap_part_info -quiet -name xczu2cg-sfvc784-1-e -data family 
Execute       db_write -o C:/TFG_Vivado/vivado/axu2cga_trd.runs/bd_197a_csc_0_synth_1/prj/sol/.autopilot/db/Block_entry_proc_1.bind.adb -f 
INFO-FLOW: Finish binding Block_entry_proc.1.
INFO: [HLS 200-10] ----------------------------------------------------------------
INFO: [HLS 200-42] -- Implementing module 'reg_unsigned_short_s' 
INFO: [HLS 200-10] ----------------------------------------------------------------
Execute       set_default_model reg<unsigned short> 
Execute       schedule -model reg<unsigned short> 
INFO: [SCHED 204-11] Starting scheduling ...
INFO: [SCHED 204-61] Pipelining function 'reg<unsigned short>'.
INFO: [HLS 200-1470] Pipelining result : Target II = 1, Final II = 1, Depth = 2, function 'reg<unsigned short>'
INFO: [SCHED 204-11] Finished scheduling.
Command       schedule done; 0.353 sec.
INFO: [HLS 200-111] Finished Scheduling: CPU user time: 0 seconds. CPU system time: 0 seconds. Elapsed time: 0.382 seconds; current allocated memory: 140.613 MB.
Execute       syn_report -verbosereport -o C:/TFG_Vivado/vivado/axu2cga_trd.runs/bd_197a_csc_0_synth_1/prj/sol/.autopilot/db/reg_unsigned_short_s.verbose.sched.rpt 
Execute         list_part -family xczu2cg-sfvc784-1-e 
Execute           ap_family_info -name xczu2cg-sfvc784-1-e -data names 
Execute           ap_part_info -quiet -name xczu2cg-sfvc784-1-e -data family 
Execute       db_write -o C:/TFG_Vivado/vivado/axu2cga_trd.runs/bd_197a_csc_0_synth_1/prj/sol/.autopilot/db/reg_unsigned_short_s.sched.adb -f 
INFO-FLOW: Finish scheduling reg<unsigned short>.
Execute       set_default_model reg<unsigned short> 
Execute       bind -model reg<unsigned short> 
INFO: [BIND 205-100] Starting micro-architecture generation ...
INFO: [BIND 205-101] Performing variable lifetime analysis.
INFO: [BIND 205-101] Exploring resource sharing.
INFO: [BIND 205-101] Binding ...
INFO: [BIND 205-100] Finished micro-architecture generation.
INFO: [HLS 200-111] Finished Binding: CPU user time: 0 seconds. CPU system time: 0 seconds. Elapsed time: 0.02 seconds; current allocated memory: 140.625 MB.
Execute       syn_report -verbosereport -o C:/TFG_Vivado/vivado/axu2cga_trd.runs/bd_197a_csc_0_synth_1/prj/sol/.autopilot/db/reg_unsigned_short_s.verbose.bind.rpt 
Execute         list_part -family xczu2cg-sfvc784-1-e 
Execute           ap_family_info -name xczu2cg-sfvc784-1-e -data names 
Execute           ap_part_info -quiet -name xczu2cg-sfvc784-1-e -data family 
Execute       db_write -o C:/TFG_Vivado/vivado/axu2cga_trd.runs/bd_197a_csc_0_synth_1/prj/sol/.autopilot/db/reg_unsigned_short_s.bind.adb -f 
INFO-FLOW: Finish binding reg<unsigned short>.
INFO: [HLS 200-10] ----------------------------------------------------------------
INFO: [HLS 200-42] -- Implementing module 'AXIvideo2MultiPixStream_Pipeline_loop_wait_for_start' 
INFO: [HLS 200-10] ----------------------------------------------------------------
Execute       set_default_model AXIvideo2MultiPixStream_Pipeline_loop_wait_for_start 
Execute       schedule -model AXIvideo2MultiPixStream_Pipeline_loop_wait_for_start 
INFO: [SCHED 204-11] Starting scheduling ...
INFO: [SCHED 204-61] Pipelining loop 'loop_wait_for_start'.
INFO: [HLS 200-1470] Pipelining result : Target II = 1, Final II = 1, Depth = 1, loop 'loop_wait_for_start'
INFO: [SCHED 204-11] Finished scheduling.
INFO: [HLS 200-111] Finished Scheduling: CPU user time: 0 seconds. CPU system time: 0 seconds. Elapsed time: 0.059 seconds; current allocated memory: 141.246 MB.
Execute       syn_report -verbosereport -o C:/TFG_Vivado/vivado/axu2cga_trd.runs/bd_197a_csc_0_synth_1/prj/sol/.autopilot/db/AXIvideo2MultiPixStream_Pipeline_loop_wait_for_start.verbose.sched.rpt 
Execute         list_part -family xczu2cg-sfvc784-1-e 
Execute           ap_family_info -name xczu2cg-sfvc784-1-e -data names 
Execute           ap_part_info -quiet -name xczu2cg-sfvc784-1-e -data family 
Execute       db_write -o C:/TFG_Vivado/vivado/axu2cga_trd.runs/bd_197a_csc_0_synth_1/prj/sol/.autopilot/db/AXIvideo2MultiPixStream_Pipeline_loop_wait_for_start.sched.adb -f 
INFO-FLOW: Finish scheduling AXIvideo2MultiPixStream_Pipeline_loop_wait_for_start.
Execute       set_default_model AXIvideo2MultiPixStream_Pipeline_loop_wait_for_start 
Execute       bind -model AXIvideo2MultiPixStream_Pipeline_loop_wait_for_start 
INFO: [BIND 205-100] Starting micro-architecture generation ...
INFO: [BIND 205-101] Performing variable lifetime analysis.
INFO: [BIND 205-101] Exploring resource sharing.
INFO: [BIND 205-101] Binding ...
INFO: [BIND 205-100] Finished micro-architecture generation.
INFO: [HLS 200-111] Finished Binding: CPU user time: 0 seconds. CPU system time: 0 seconds. Elapsed time: 0.029 seconds; current allocated memory: 141.527 MB.
Execute       syn_report -verbosereport -o C:/TFG_Vivado/vivado/axu2cga_trd.runs/bd_197a_csc_0_synth_1/prj/sol/.autopilot/db/AXIvideo2MultiPixStream_Pipeline_loop_wait_for_start.verbose.bind.rpt 
Execute         list_part -family xczu2cg-sfvc784-1-e 
Execute           ap_family_info -name xczu2cg-sfvc784-1-e -data names 
Execute           ap_part_info -quiet -name xczu2cg-sfvc784-1-e -data family 
Execute       db_write -o C:/TFG_Vivado/vivado/axu2cga_trd.runs/bd_197a_csc_0_synth_1/prj/sol/.autopilot/db/AXIvideo2MultiPixStream_Pipeline_loop_wait_for_start.bind.adb -f 
INFO-FLOW: Finish binding AXIvideo2MultiPixStream_Pipeline_loop_wait_for_start.
INFO: [HLS 200-10] ----------------------------------------------------------------
INFO: [HLS 200-42] -- Implementing module 'AXIvideo2MultiPixStream_Pipeline_loop_width' 
INFO: [HLS 200-10] ----------------------------------------------------------------
Execute       set_default_model AXIvideo2MultiPixStream_Pipeline_loop_width 
Execute       schedule -model AXIvideo2MultiPixStream_Pipeline_loop_width 
INFO: [SCHED 204-11] Starting scheduling ...
INFO: [SCHED 204-61] Pipelining loop 'loop_width'.
INFO: [HLS 200-1470] Pipelining result : Target II = 1, Final II = 1, Depth = 3, loop 'loop_width'
INFO: [SCHED 204-11] Finished scheduling.
INFO: [HLS 200-111] Finished Scheduling: CPU user time: 0 seconds. CPU system time: 0 seconds. Elapsed time: 0.071 seconds; current allocated memory: 141.973 MB.
Execute       syn_report -verbosereport -o C:/TFG_Vivado/vivado/axu2cga_trd.runs/bd_197a_csc_0_synth_1/prj/sol/.autopilot/db/AXIvideo2MultiPixStream_Pipeline_loop_width.verbose.sched.rpt 
Execute         list_part -family xczu2cg-sfvc784-1-e 
Execute           ap_family_info -name xczu2cg-sfvc784-1-e -data names 
Execute           ap_part_info -quiet -name xczu2cg-sfvc784-1-e -data family 
Execute       db_write -o C:/TFG_Vivado/vivado/axu2cga_trd.runs/bd_197a_csc_0_synth_1/prj/sol/.autopilot/db/AXIvideo2MultiPixStream_Pipeline_loop_width.sched.adb -f 
INFO-FLOW: Finish scheduling AXIvideo2MultiPixStream_Pipeline_loop_width.
Execute       set_default_model AXIvideo2MultiPixStream_Pipeline_loop_width 
Execute       bind -model AXIvideo2MultiPixStream_Pipeline_loop_width 
INFO: [BIND 205-100] Starting micro-architecture generation ...
INFO: [BIND 205-101] Performing variable lifetime analysis.
INFO: [BIND 205-101] Exploring resource sharing.
INFO: [BIND 205-101] Binding ...
INFO: [BIND 205-100] Finished micro-architecture generation.
INFO: [HLS 200-111] Finished Binding: CPU user time: 0 seconds. CPU system time: 0 seconds. Elapsed time: 0.132 seconds; current allocated memory: 142.297 MB.
Execute       syn_report -verbosereport -o C:/TFG_Vivado/vivado/axu2cga_trd.runs/bd_197a_csc_0_synth_1/prj/sol/.autopilot/db/AXIvideo2MultiPixStream_Pipeline_loop_width.verbose.bind.rpt 
Execute         list_part -family xczu2cg-sfvc784-1-e 
Execute           ap_family_info -name xczu2cg-sfvc784-1-e -data names 
Execute           ap_part_info -quiet -name xczu2cg-sfvc784-1-e -data family 
Execute       db_write -o C:/TFG_Vivado/vivado/axu2cga_trd.runs/bd_197a_csc_0_synth_1/prj/sol/.autopilot/db/AXIvideo2MultiPixStream_Pipeline_loop_width.bind.adb -f 
INFO-FLOW: Finish binding AXIvideo2MultiPixStream_Pipeline_loop_width.
INFO: [HLS 200-10] ----------------------------------------------------------------
INFO: [HLS 200-42] -- Implementing module 'AXIvideo2MultiPixStream_Pipeline_loop_wait_for_eol' 
INFO: [HLS 200-10] ----------------------------------------------------------------
Execute       set_default_model AXIvideo2MultiPixStream_Pipeline_loop_wait_for_eol 
Execute       schedule -model AXIvideo2MultiPixStream_Pipeline_loop_wait_for_eol 
INFO: [SCHED 204-11] Starting scheduling ...
INFO: [SCHED 204-61] Pipelining loop 'loop_wait_for_eol'.
INFO: [HLS 200-1470] Pipelining result : Target II = 1, Final II = 1, Depth = 1, loop 'loop_wait_for_eol'
INFO: [SCHED 204-11] Finished scheduling.
Command       schedule done; 0.385 sec.
INFO: [HLS 200-111] Finished Scheduling: CPU user time: 0 seconds. CPU system time: 0 seconds. Elapsed time: 0.438 seconds; current allocated memory: 142.438 MB.
Execute       syn_report -verbosereport -o C:/TFG_Vivado/vivado/axu2cga_trd.runs/bd_197a_csc_0_synth_1/prj/sol/.autopilot/db/AXIvideo2MultiPixStream_Pipeline_loop_wait_for_eol.verbose.sched.rpt 
Execute         list_part -family xczu2cg-sfvc784-1-e 
Execute           ap_family_info -name xczu2cg-sfvc784-1-e -data names 
Execute           ap_part_info -quiet -name xczu2cg-sfvc784-1-e -data family 
Execute       db_write -o C:/TFG_Vivado/vivado/axu2cga_trd.runs/bd_197a_csc_0_synth_1/prj/sol/.autopilot/db/AXIvideo2MultiPixStream_Pipeline_loop_wait_for_eol.sched.adb -f 
INFO-FLOW: Finish scheduling AXIvideo2MultiPixStream_Pipeline_loop_wait_for_eol.
Execute       set_default_model AXIvideo2MultiPixStream_Pipeline_loop_wait_for_eol 
Execute       bind -model AXIvideo2MultiPixStream_Pipeline_loop_wait_for_eol 
INFO: [BIND 205-100] Starting micro-architecture generation ...
INFO: [BIND 205-101] Performing variable lifetime analysis.
INFO: [BIND 205-101] Exploring resource sharing.
INFO: [BIND 205-101] Binding ...
INFO: [BIND 205-100] Finished micro-architecture generation.
INFO: [HLS 200-111] Finished Binding: CPU user time: 0 seconds. CPU system time: 0 seconds. Elapsed time: 0.031 seconds; current allocated memory: 142.512 MB.
Execute       syn_report -verbosereport -o C:/TFG_Vivado/vivado/axu2cga_trd.runs/bd_197a_csc_0_synth_1/prj/sol/.autopilot/db/AXIvideo2MultiPixStream_Pipeline_loop_wait_for_eol.verbose.bind.rpt 
Execute         list_part -family xczu2cg-sfvc784-1-e 
Execute           ap_family_info -name xczu2cg-sfvc784-1-e -data names 
Execute           ap_part_info -quiet -name xczu2cg-sfvc784-1-e -data family 
Execute       db_write -o C:/TFG_Vivado/vivado/axu2cga_trd.runs/bd_197a_csc_0_synth_1/prj/sol/.autopilot/db/AXIvideo2MultiPixStream_Pipeline_loop_wait_for_eol.bind.adb -f 
INFO-FLOW: Finish binding AXIvideo2MultiPixStream_Pipeline_loop_wait_for_eol.
INFO: [HLS 200-10] ----------------------------------------------------------------
INFO: [HLS 200-42] -- Implementing module 'AXIvideo2MultiPixStream' 
INFO: [HLS 200-10] ----------------------------------------------------------------
Execute       set_default_model AXIvideo2MultiPixStream 
Execute       schedule -model AXIvideo2MultiPixStream 
INFO: [SCHED 204-11] Starting scheduling ...
INFO: [SCHED 204-11] Finished scheduling.
INFO: [HLS 200-111] Finished Scheduling: CPU user time: 0 seconds. CPU system time: 0 seconds. Elapsed time: 0.03 seconds; current allocated memory: 142.582 MB.
Execute       syn_report -verbosereport -o C:/TFG_Vivado/vivado/axu2cga_trd.runs/bd_197a_csc_0_synth_1/prj/sol/.autopilot/db/AXIvideo2MultiPixStream.verbose.sched.rpt 
Execute         list_part -family xczu2cg-sfvc784-1-e 
Execute           ap_family_info -name xczu2cg-sfvc784-1-e -data names 
Execute           ap_part_info -quiet -name xczu2cg-sfvc784-1-e -data family 
Execute       db_write -o C:/TFG_Vivado/vivado/axu2cga_trd.runs/bd_197a_csc_0_synth_1/prj/sol/.autopilot/db/AXIvideo2MultiPixStream.sched.adb -f 
INFO-FLOW: Finish scheduling AXIvideo2MultiPixStream.
Execute       set_default_model AXIvideo2MultiPixStream 
Execute       bind -model AXIvideo2MultiPixStream 
INFO: [BIND 205-100] Starting micro-architecture generation ...
INFO: [BIND 205-101] Performing variable lifetime analysis.
INFO: [BIND 205-101] Exploring resource sharing.
INFO: [BIND 205-101] Binding ...
INFO: [BIND 205-100] Finished micro-architecture generation.
INFO: [HLS 200-111] Finished Binding: CPU user time: 0 seconds. CPU system time: 0 seconds. Elapsed time: 0.09 seconds; current allocated memory: 142.891 MB.
Execute       syn_report -verbosereport -o C:/TFG_Vivado/vivado/axu2cga_trd.runs/bd_197a_csc_0_synth_1/prj/sol/.autopilot/db/AXIvideo2MultiPixStream.verbose.bind.rpt 
Execute         list_part -family xczu2cg-sfvc784-1-e 
Execute           ap_family_info -name xczu2cg-sfvc784-1-e -data names 
Execute           ap_part_info -quiet -name xczu2cg-sfvc784-1-e -data family 
Execute       db_write -o C:/TFG_Vivado/vivado/axu2cga_trd.runs/bd_197a_csc_0_synth_1/prj/sol/.autopilot/db/AXIvideo2MultiPixStream.bind.adb -f 
INFO-FLOW: Finish binding AXIvideo2MultiPixStream.
INFO: [HLS 200-10] ----------------------------------------------------------------
INFO: [HLS 200-42] -- Implementing module 'v_hcresampler_core_Pipeline_VITIS_LOOP_769_2' 
INFO: [HLS 200-10] ----------------------------------------------------------------
Execute       set_default_model v_hcresampler_core_Pipeline_VITIS_LOOP_769_2 
Execute       schedule -model v_hcresampler_core_Pipeline_VITIS_LOOP_769_2 
INFO: [SCHED 204-11] Starting scheduling ...
INFO: [SCHED 204-61] Pipelining loop 'VITIS_LOOP_769_2'.
INFO: [HLS 200-1470] Pipelining result : Target II = 1, Final II = 1, Depth = 3, loop 'VITIS_LOOP_769_2'
INFO: [SCHED 204-11] Finished scheduling.
Command       schedule done; 0.265 sec.
INFO: [HLS 200-111] Finished Scheduling: CPU user time: 0 seconds. CPU system time: 0 seconds. Elapsed time: 0.353 seconds; current allocated memory: 144.094 MB.
Execute       syn_report -verbosereport -o C:/TFG_Vivado/vivado/axu2cga_trd.runs/bd_197a_csc_0_synth_1/prj/sol/.autopilot/db/v_hcresampler_core_Pipeline_VITIS_LOOP_769_2.verbose.sched.rpt 
Execute         list_part -family xczu2cg-sfvc784-1-e 
Execute           ap_family_info -name xczu2cg-sfvc784-1-e -data names 
Execute           ap_part_info -quiet -name xczu2cg-sfvc784-1-e -data family 
Command       syn_report done; 0.138 sec.
Execute       db_write -o C:/TFG_Vivado/vivado/axu2cga_trd.runs/bd_197a_csc_0_synth_1/prj/sol/.autopilot/db/v_hcresampler_core_Pipeline_VITIS_LOOP_769_2.sched.adb -f 
INFO-FLOW: Finish scheduling v_hcresampler_core_Pipeline_VITIS_LOOP_769_2.
Execute       set_default_model v_hcresampler_core_Pipeline_VITIS_LOOP_769_2 
Execute       bind -model v_hcresampler_core_Pipeline_VITIS_LOOP_769_2 
INFO: [BIND 205-100] Starting micro-architecture generation ...
INFO: [BIND 205-101] Performing variable lifetime analysis.
INFO: [BIND 205-101] Exploring resource sharing.
INFO: [BIND 205-101] Binding ...
INFO: [BIND 205-100] Finished micro-architecture generation.
INFO: [HLS 200-111] Finished Binding: CPU user time: 0 seconds. CPU system time: 0 seconds. Elapsed time: 0.226 seconds; current allocated memory: 144.309 MB.
Execute       syn_report -verbosereport -o C:/TFG_Vivado/vivado/axu2cga_trd.runs/bd_197a_csc_0_synth_1/prj/sol/.autopilot/db/v_hcresampler_core_Pipeline_VITIS_LOOP_769_2.verbose.bind.rpt 
Execute         list_part -family xczu2cg-sfvc784-1-e 
Execute           ap_family_info -name xczu2cg-sfvc784-1-e -data names 
Execute           ap_part_info -quiet -name xczu2cg-sfvc784-1-e -data family 
Execute       db_write -o C:/TFG_Vivado/vivado/axu2cga_trd.runs/bd_197a_csc_0_synth_1/prj/sol/.autopilot/db/v_hcresampler_core_Pipeline_VITIS_LOOP_769_2.bind.adb -f 
INFO-FLOW: Finish binding v_hcresampler_core_Pipeline_VITIS_LOOP_769_2.
INFO: [HLS 200-10] ----------------------------------------------------------------
INFO: [HLS 200-42] -- Implementing module 'v_hcresampler_core' 
INFO: [HLS 200-10] ----------------------------------------------------------------
Execute       set_default_model v_hcresampler_core 
Execute       schedule -model v_hcresampler_core 
INFO: [SCHED 204-11] Starting scheduling ...
INFO: [SCHED 204-11] Finished scheduling.
INFO: [HLS 200-111] Finished Scheduling: CPU user time: 1 seconds. CPU system time: 0 seconds. Elapsed time: 0.156 seconds; current allocated memory: 144.672 MB.
Execute       syn_report -verbosereport -o C:/TFG_Vivado/vivado/axu2cga_trd.runs/bd_197a_csc_0_synth_1/prj/sol/.autopilot/db/v_hcresampler_core.verbose.sched.rpt 
Execute         list_part -family xczu2cg-sfvc784-1-e 
Execute           ap_family_info -name xczu2cg-sfvc784-1-e -data names 
Execute           ap_part_info -quiet -name xczu2cg-sfvc784-1-e -data family 
Execute       db_write -o C:/TFG_Vivado/vivado/axu2cga_trd.runs/bd_197a_csc_0_synth_1/prj/sol/.autopilot/db/v_hcresampler_core.sched.adb -f 
INFO-FLOW: Finish scheduling v_hcresampler_core.
Execute       set_default_model v_hcresampler_core 
Execute       bind -model v_hcresampler_core 
INFO: [BIND 205-100] Starting micro-architecture generation ...
INFO: [BIND 205-101] Performing variable lifetime analysis.
INFO: [BIND 205-101] Exploring resource sharing.
INFO: [BIND 205-101] Binding ...
INFO: [BIND 205-100] Finished micro-architecture generation.
INFO: [HLS 200-111] Finished Binding: CPU user time: 0 seconds. CPU system time: 0 seconds. Elapsed time: 0.05 seconds; current allocated memory: 145.094 MB.
Execute       syn_report -verbosereport -o C:/TFG_Vivado/vivado/axu2cga_trd.runs/bd_197a_csc_0_synth_1/prj/sol/.autopilot/db/v_hcresampler_core.verbose.bind.rpt 
Execute         list_part -family xczu2cg-sfvc784-1-e 
Execute           ap_family_info -name xczu2cg-sfvc784-1-e -data names 
Execute           ap_part_info -quiet -name xczu2cg-sfvc784-1-e -data family 
Execute       db_write -o C:/TFG_Vivado/vivado/axu2cga_trd.runs/bd_197a_csc_0_synth_1/prj/sol/.autopilot/db/v_hcresampler_core.bind.adb -f 
INFO-FLOW: Finish binding v_hcresampler_core.
INFO: [HLS 200-10] ----------------------------------------------------------------
INFO: [HLS 200-42] -- Implementing module 'v_csc_core_Pipeline_VITIS_LOOP_136_2' 
INFO: [HLS 200-10] ----------------------------------------------------------------
Execute       set_default_model v_csc_core_Pipeline_VITIS_LOOP_136_2 
Execute       schedule -model v_csc_core_Pipeline_VITIS_LOOP_136_2 
INFO: [SCHED 204-11] Starting scheduling ...
INFO: [HLS 200-486] Changing DSP latency (root=add_ln196_6) to 3 in order to utilize available DSP registers.
INFO: [HLS 200-486] Changing DSP latency (root=add_ln196_4) to 3 in order to utilize available DSP registers.
INFO: [HLS 200-486] Changing DSP latency (root=add_ln194_6) to 3 in order to utilize available DSP registers.
INFO: [HLS 200-486] Changing DSP latency (root=add_ln194_4) to 3 in order to utilize available DSP registers.
INFO: [HLS 200-486] Changing DSP latency (root=add_ln192_6) to 3 in order to utilize available DSP registers.
INFO: [HLS 200-486] Changing DSP latency (root=add_ln192_4) to 3 in order to utilize available DSP registers.
INFO: [HLS 200-486] Changing DSP latency (root=add_ln196_2) to 3 in order to utilize available DSP registers.
INFO: [HLS 200-486] Changing DSP latency (root=add_ln196) to 3 in order to utilize available DSP registers.
INFO: [HLS 200-486] Changing DSP latency (root=add_ln194_2) to 3 in order to utilize available DSP registers.
INFO: [HLS 200-486] Changing DSP latency (root=add_ln194) to 3 in order to utilize available DSP registers.
INFO: [HLS 200-486] Changing DSP latency (root=add_ln192_2) to 3 in order to utilize available DSP registers.
INFO: [HLS 200-486] Changing DSP latency (root=add_ln192) to 3 in order to utilize available DSP registers.
INFO: [SCHED 204-61] Pipelining loop 'VITIS_LOOP_136_2'.
INFO: [HLS 200-1470] Pipelining result : Target II = 1, Final II = 1, Depth = 6, loop 'VITIS_LOOP_136_2'
INFO: [SCHED 204-11] Finished scheduling.
Command       schedule done; 1.185 sec.
INFO: [HLS 200-111] Finished Scheduling: CPU user time: 0 seconds. CPU system time: 0 seconds. Elapsed time: 1.236 seconds; current allocated memory: 148.156 MB.
Execute       syn_report -verbosereport -o C:/TFG_Vivado/vivado/axu2cga_trd.runs/bd_197a_csc_0_synth_1/prj/sol/.autopilot/db/v_csc_core_Pipeline_VITIS_LOOP_136_2.verbose.sched.rpt 
Execute         list_part -family xczu2cg-sfvc784-1-e 
Execute           ap_family_info -name xczu2cg-sfvc784-1-e -data names 
Execute           ap_part_info -quiet -name xczu2cg-sfvc784-1-e -data family 
Execute       db_write -o C:/TFG_Vivado/vivado/axu2cga_trd.runs/bd_197a_csc_0_synth_1/prj/sol/.autopilot/db/v_csc_core_Pipeline_VITIS_LOOP_136_2.sched.adb -f 
INFO-FLOW: Finish scheduling v_csc_core_Pipeline_VITIS_LOOP_136_2.
Execute       set_default_model v_csc_core_Pipeline_VITIS_LOOP_136_2 
Execute       bind -model v_csc_core_Pipeline_VITIS_LOOP_136_2 
INFO: [BIND 205-100] Starting micro-architecture generation ...
INFO: [BIND 205-101] Performing variable lifetime analysis.
INFO: [BIND 205-101] Exploring resource sharing.
INFO: [BIND 205-101] Binding ...
INFO: [BIND 205-100] Finished micro-architecture generation.
INFO: [HLS 200-111] Finished Binding: CPU user time: 0 seconds. CPU system time: 0 seconds. Elapsed time: 0.109 seconds; current allocated memory: 148.168 MB.
Execute       syn_report -verbosereport -o C:/TFG_Vivado/vivado/axu2cga_trd.runs/bd_197a_csc_0_synth_1/prj/sol/.autopilot/db/v_csc_core_Pipeline_VITIS_LOOP_136_2.verbose.bind.rpt 
Execute         list_part -family xczu2cg-sfvc784-1-e 
Execute           ap_family_info -name xczu2cg-sfvc784-1-e -data names 
Execute           ap_part_info -quiet -name xczu2cg-sfvc784-1-e -data family 
Execute       db_write -o C:/TFG_Vivado/vivado/axu2cga_trd.runs/bd_197a_csc_0_synth_1/prj/sol/.autopilot/db/v_csc_core_Pipeline_VITIS_LOOP_136_2.bind.adb -f 
INFO-FLOW: Finish binding v_csc_core_Pipeline_VITIS_LOOP_136_2.
INFO: [HLS 200-10] ----------------------------------------------------------------
INFO: [HLS 200-42] -- Implementing module 'v_csc_core' 
INFO: [HLS 200-10] ----------------------------------------------------------------
Execute       set_default_model v_csc_core 
Execute       schedule -model v_csc_core 
INFO: [SCHED 204-11] Starting scheduling ...
INFO: [SCHED 204-11] Finished scheduling.
INFO: [HLS 200-111] Finished Scheduling: CPU user time: 0 seconds. CPU system time: 0 seconds. Elapsed time: 0.144 seconds; current allocated memory: 148.500 MB.
Execute       syn_report -verbosereport -o C:/TFG_Vivado/vivado/axu2cga_trd.runs/bd_197a_csc_0_synth_1/prj/sol/.autopilot/db/v_csc_core.verbose.sched.rpt 
Execute         list_part -family xczu2cg-sfvc784-1-e 
Execute           ap_family_info -name xczu2cg-sfvc784-1-e -data names 
Execute           ap_part_info -quiet -name xczu2cg-sfvc784-1-e -data family 
Execute       db_write -o C:/TFG_Vivado/vivado/axu2cga_trd.runs/bd_197a_csc_0_synth_1/prj/sol/.autopilot/db/v_csc_core.sched.adb -f 
INFO-FLOW: Finish scheduling v_csc_core.
Execute       set_default_model v_csc_core 
Execute       bind -model v_csc_core 
INFO: [BIND 205-100] Starting micro-architecture generation ...
INFO: [BIND 205-101] Performing variable lifetime analysis.
INFO: [BIND 205-101] Exploring resource sharing.
INFO: [BIND 205-101] Binding ...
INFO: [BIND 205-100] Finished micro-architecture generation.
INFO: [HLS 200-111] Finished Binding: CPU user time: 0 seconds. CPU system time: 0 seconds. Elapsed time: 0.095 seconds; current allocated memory: 148.738 MB.
Execute       syn_report -verbosereport -o C:/TFG_Vivado/vivado/axu2cga_trd.runs/bd_197a_csc_0_synth_1/prj/sol/.autopilot/db/v_csc_core.verbose.bind.rpt 
Execute         list_part -family xczu2cg-sfvc784-1-e 
Execute           ap_family_info -name xczu2cg-sfvc784-1-e -data names 
Execute           ap_part_info -quiet -name xczu2cg-sfvc784-1-e -data family 
Execute       db_write -o C:/TFG_Vivado/vivado/axu2cga_trd.runs/bd_197a_csc_0_synth_1/prj/sol/.autopilot/db/v_csc_core.bind.adb -f 
INFO-FLOW: Finish binding v_csc_core.
INFO: [HLS 200-10] ----------------------------------------------------------------
INFO: [HLS 200-42] -- Implementing module 'v_hcresampler_core_1_Pipeline_VITIS_LOOP_769_2' 
INFO: [HLS 200-10] ----------------------------------------------------------------
Execute       set_default_model v_hcresampler_core.1_Pipeline_VITIS_LOOP_769_2 
Execute       schedule -model v_hcresampler_core.1_Pipeline_VITIS_LOOP_769_2 
INFO: [SCHED 204-11] Starting scheduling ...
INFO: [SCHED 204-61] Pipelining loop 'VITIS_LOOP_769_2'.
INFO: [HLS 200-1470] Pipelining result : Target II = 1, Final II = 1, Depth = 4, loop 'VITIS_LOOP_769_2'
INFO: [SCHED 204-11] Finished scheduling.
INFO: [HLS 200-111] Finished Scheduling: CPU user time: 0 seconds. CPU system time: 0 seconds. Elapsed time: 0.245 seconds; current allocated memory: 150.137 MB.
Execute       syn_report -verbosereport -o C:/TFG_Vivado/vivado/axu2cga_trd.runs/bd_197a_csc_0_synth_1/prj/sol/.autopilot/db/v_hcresampler_core_1_Pipeline_VITIS_LOOP_769_2.verbose.sched.rpt 
Execute         list_part -family xczu2cg-sfvc784-1-e 
Execute           ap_family_info -name xczu2cg-sfvc784-1-e -data names 
Execute           ap_part_info -quiet -name xczu2cg-sfvc784-1-e -data family 
Execute       db_write -o C:/TFG_Vivado/vivado/axu2cga_trd.runs/bd_197a_csc_0_synth_1/prj/sol/.autopilot/db/v_hcresampler_core_1_Pipeline_VITIS_LOOP_769_2.sched.adb -f 
INFO-FLOW: Finish scheduling v_hcresampler_core.1_Pipeline_VITIS_LOOP_769_2.
Execute       set_default_model v_hcresampler_core.1_Pipeline_VITIS_LOOP_769_2 
Execute       bind -model v_hcresampler_core.1_Pipeline_VITIS_LOOP_769_2 
INFO: [BIND 205-100] Starting micro-architecture generation ...
INFO: [BIND 205-101] Performing variable lifetime analysis.
INFO: [BIND 205-101] Exploring resource sharing.
INFO: [BIND 205-101] Binding ...
INFO: [BIND 205-100] Finished micro-architecture generation.
INFO: [HLS 200-111] Finished Binding: CPU user time: 0 seconds. CPU system time: 0 seconds. Elapsed time: 0.084 seconds; current allocated memory: 150.320 MB.
Execute       syn_report -verbosereport -o C:/TFG_Vivado/vivado/axu2cga_trd.runs/bd_197a_csc_0_synth_1/prj/sol/.autopilot/db/v_hcresampler_core_1_Pipeline_VITIS_LOOP_769_2.verbose.bind.rpt 
Execute         list_part -family xczu2cg-sfvc784-1-e 
Execute           ap_family_info -name xczu2cg-sfvc784-1-e -data names 
Execute           ap_part_info -quiet -name xczu2cg-sfvc784-1-e -data family 
Execute       db_write -o C:/TFG_Vivado/vivado/axu2cga_trd.runs/bd_197a_csc_0_synth_1/prj/sol/.autopilot/db/v_hcresampler_core_1_Pipeline_VITIS_LOOP_769_2.bind.adb -f 
INFO-FLOW: Finish binding v_hcresampler_core.1_Pipeline_VITIS_LOOP_769_2.
INFO: [HLS 200-10] ----------------------------------------------------------------
INFO: [HLS 200-42] -- Implementing module 'v_hcresampler_core_1' 
INFO: [HLS 200-10] ----------------------------------------------------------------
Execute       set_default_model v_hcresampler_core.1 
Execute       schedule -model v_hcresampler_core.1 
INFO: [SCHED 204-11] Starting scheduling ...
INFO: [SCHED 204-11] Finished scheduling.
INFO: [HLS 200-111] Finished Scheduling: CPU user time: 0 seconds. CPU system time: 0 seconds. Elapsed time: 0.148 seconds; current allocated memory: 150.680 MB.
Execute       syn_report -verbosereport -o C:/TFG_Vivado/vivado/axu2cga_trd.runs/bd_197a_csc_0_synth_1/prj/sol/.autopilot/db/v_hcresampler_core_1.verbose.sched.rpt 
Execute         list_part -family xczu2cg-sfvc784-1-e 
Execute           ap_family_info -name xczu2cg-sfvc784-1-e -data names 
Execute           ap_part_info -quiet -name xczu2cg-sfvc784-1-e -data family 
Execute       db_write -o C:/TFG_Vivado/vivado/axu2cga_trd.runs/bd_197a_csc_0_synth_1/prj/sol/.autopilot/db/v_hcresampler_core_1.sched.adb -f 
INFO-FLOW: Finish scheduling v_hcresampler_core.1.
Execute       set_default_model v_hcresampler_core.1 
Execute       bind -model v_hcresampler_core.1 
INFO: [BIND 205-100] Starting micro-architecture generation ...
INFO: [BIND 205-101] Performing variable lifetime analysis.
INFO: [BIND 205-101] Exploring resource sharing.
INFO: [BIND 205-101] Binding ...
INFO: [BIND 205-100] Finished micro-architecture generation.
INFO: [HLS 200-111] Finished Binding: CPU user time: 0 seconds. CPU system time: 0 seconds. Elapsed time: 0.055 seconds; current allocated memory: 151.082 MB.
Execute       syn_report -verbosereport -o C:/TFG_Vivado/vivado/axu2cga_trd.runs/bd_197a_csc_0_synth_1/prj/sol/.autopilot/db/v_hcresampler_core_1.verbose.bind.rpt 
Execute         list_part -family xczu2cg-sfvc784-1-e 
Execute           ap_family_info -name xczu2cg-sfvc784-1-e -data names 
Execute           ap_part_info -quiet -name xczu2cg-sfvc784-1-e -data family 
Execute       db_write -o C:/TFG_Vivado/vivado/axu2cga_trd.runs/bd_197a_csc_0_synth_1/prj/sol/.autopilot/db/v_hcresampler_core_1.bind.adb -f 
INFO-FLOW: Finish binding v_hcresampler_core.1.
INFO: [HLS 200-10] ----------------------------------------------------------------
INFO: [HLS 200-42] -- Implementing module 'MultiPixStream2AXIvideo_Pipeline_VITIS_LOOP_664_2' 
INFO: [HLS 200-10] ----------------------------------------------------------------
Execute       set_default_model MultiPixStream2AXIvideo_Pipeline_VITIS_LOOP_664_2 
Execute       schedule -model MultiPixStream2AXIvideo_Pipeline_VITIS_LOOP_664_2 
INFO: [SCHED 204-11] Starting scheduling ...
INFO: [SCHED 204-61] Pipelining loop 'VITIS_LOOP_664_2'.
INFO: [HLS 200-1470] Pipelining result : Target II = 1, Final II = 1, Depth = 3, loop 'VITIS_LOOP_664_2'
INFO: [SCHED 204-11] Finished scheduling.
Command       schedule done; 0.97 sec.
INFO: [HLS 200-111] Finished Scheduling: CPU user time: 0 seconds. CPU system time: 0 seconds. Elapsed time: 1.041 seconds; current allocated memory: 151.480 MB.
Execute       syn_report -verbosereport -o C:/TFG_Vivado/vivado/axu2cga_trd.runs/bd_197a_csc_0_synth_1/prj/sol/.autopilot/db/MultiPixStream2AXIvideo_Pipeline_VITIS_LOOP_664_2.verbose.sched.rpt 
Execute         list_part -family xczu2cg-sfvc784-1-e 
Execute           ap_family_info -name xczu2cg-sfvc784-1-e -data names 
Execute           ap_part_info -quiet -name xczu2cg-sfvc784-1-e -data family 
Execute       db_write -o C:/TFG_Vivado/vivado/axu2cga_trd.runs/bd_197a_csc_0_synth_1/prj/sol/.autopilot/db/MultiPixStream2AXIvideo_Pipeline_VITIS_LOOP_664_2.sched.adb -f 
INFO-FLOW: Finish scheduling MultiPixStream2AXIvideo_Pipeline_VITIS_LOOP_664_2.
Execute       set_default_model MultiPixStream2AXIvideo_Pipeline_VITIS_LOOP_664_2 
Execute       bind -model MultiPixStream2AXIvideo_Pipeline_VITIS_LOOP_664_2 
INFO: [BIND 205-100] Starting micro-architecture generation ...
INFO: [BIND 205-101] Performing variable lifetime analysis.
INFO: [BIND 205-101] Exploring resource sharing.
INFO: [BIND 205-101] Binding ...
INFO: [BIND 205-100] Finished micro-architecture generation.
INFO: [HLS 200-111] Finished Binding: CPU user time: 0 seconds. CPU system time: 0 seconds. Elapsed time: 0.044 seconds; current allocated memory: 151.523 MB.
Execute       syn_report -verbosereport -o C:/TFG_Vivado/vivado/axu2cga_trd.runs/bd_197a_csc_0_synth_1/prj/sol/.autopilot/db/MultiPixStream2AXIvideo_Pipeline_VITIS_LOOP_664_2.verbose.bind.rpt 
Execute         list_part -family xczu2cg-sfvc784-1-e 
Execute           ap_family_info -name xczu2cg-sfvc784-1-e -data names 
Execute           ap_part_info -quiet -name xczu2cg-sfvc784-1-e -data family 
Execute       db_write -o C:/TFG_Vivado/vivado/axu2cga_trd.runs/bd_197a_csc_0_synth_1/prj/sol/.autopilot/db/MultiPixStream2AXIvideo_Pipeline_VITIS_LOOP_664_2.bind.adb -f 
INFO-FLOW: Finish binding MultiPixStream2AXIvideo_Pipeline_VITIS_LOOP_664_2.
INFO: [HLS 200-10] ----------------------------------------------------------------
INFO: [HLS 200-42] -- Implementing module 'MultiPixStream2AXIvideo' 
INFO: [HLS 200-10] ----------------------------------------------------------------
Execute       set_default_model MultiPixStream2AXIvideo 
Execute       schedule -model MultiPixStream2AXIvideo 
INFO: [SCHED 204-11] Starting scheduling ...
INFO: [SCHED 204-11] Finished scheduling.
INFO: [HLS 200-111] Finished Scheduling: CPU user time: 0 seconds. CPU system time: 0 seconds. Elapsed time: 0.055 seconds; current allocated memory: 151.668 MB.
Execute       syn_report -verbosereport -o C:/TFG_Vivado/vivado/axu2cga_trd.runs/bd_197a_csc_0_synth_1/prj/sol/.autopilot/db/MultiPixStream2AXIvideo.verbose.sched.rpt 
Execute         list_part -family xczu2cg-sfvc784-1-e 
Execute           ap_family_info -name xczu2cg-sfvc784-1-e -data names 
Execute           ap_part_info -quiet -name xczu2cg-sfvc784-1-e -data family 
Execute       db_write -o C:/TFG_Vivado/vivado/axu2cga_trd.runs/bd_197a_csc_0_synth_1/prj/sol/.autopilot/db/MultiPixStream2AXIvideo.sched.adb -f 
INFO-FLOW: Finish scheduling MultiPixStream2AXIvideo.
Execute       set_default_model MultiPixStream2AXIvideo 
Execute       bind -model MultiPixStream2AXIvideo 
INFO: [BIND 205-100] Starting micro-architecture generation ...
INFO: [BIND 205-101] Performing variable lifetime analysis.
INFO: [BIND 205-101] Exploring resource sharing.
INFO: [BIND 205-101] Binding ...
INFO: [BIND 205-100] Finished micro-architecture generation.
INFO: [HLS 200-111] Finished Binding: CPU user time: 0 seconds. CPU system time: 0 seconds. Elapsed time: 0.041 seconds; current allocated memory: 151.875 MB.
Execute       syn_report -verbosereport -o C:/TFG_Vivado/vivado/axu2cga_trd.runs/bd_197a_csc_0_synth_1/prj/sol/.autopilot/db/MultiPixStream2AXIvideo.verbose.bind.rpt 
Execute         list_part -family xczu2cg-sfvc784-1-e 
Execute           ap_family_info -name xczu2cg-sfvc784-1-e -data names 
Execute           ap_part_info -quiet -name xczu2cg-sfvc784-1-e -data family 
Execute       db_write -o C:/TFG_Vivado/vivado/axu2cga_trd.runs/bd_197a_csc_0_synth_1/prj/sol/.autopilot/db/MultiPixStream2AXIvideo.bind.adb -f 
INFO-FLOW: Finish binding MultiPixStream2AXIvideo.
INFO: [HLS 200-10] ----------------------------------------------------------------
INFO: [HLS 200-42] -- Implementing module 'v_csc' 
INFO: [HLS 200-10] ----------------------------------------------------------------
Execute       set_default_model v_csc 
Execute       schedule -model v_csc 
INFO: [SCHED 204-11] Starting scheduling ...
INFO: [SCHED 204-11] Finished scheduling.
WARNING: [HLS 200-1020] Increasing the depth of FIFO cond64_loc_channel (from Block_entry_proc_1_U0 to v_hcresampler_core_1_U0) to 4 to improve performance and/or avoid deadlocks.
Command       schedule done; 0.177 sec.
INFO: [HLS 200-111] Finished Scheduling: CPU user time: 0 seconds. CPU system time: 0 seconds. Elapsed time: 0.243 seconds; current allocated memory: 152.691 MB.
Execute       syn_report -verbosereport -o C:/TFG_Vivado/vivado/axu2cga_trd.runs/bd_197a_csc_0_synth_1/prj/sol/.autopilot/db/v_csc.verbose.sched.rpt 
Execute         list_part -family xczu2cg-sfvc784-1-e 
Execute           ap_family_info -name xczu2cg-sfvc784-1-e -data names 
Execute           ap_part_info -quiet -name xczu2cg-sfvc784-1-e -data family 
Execute       db_write -o C:/TFG_Vivado/vivado/axu2cga_trd.runs/bd_197a_csc_0_synth_1/prj/sol/.autopilot/db/v_csc.sched.adb -f 
INFO-FLOW: Finish scheduling v_csc.
Execute       set_default_model v_csc 
Execute       bind -model v_csc 
INFO: [BIND 205-100] Starting micro-architecture generation ...
INFO: [BIND 205-101] Performing variable lifetime analysis.
INFO: [BIND 205-101] Exploring resource sharing.
INFO: [BIND 205-101] Binding ...
INFO: [BIND 205-100] Finished micro-architecture generation.
INFO: [HLS 200-111] Finished Binding: CPU user time: 0 seconds. CPU system time: 0 seconds. Elapsed time: 0.157 seconds; current allocated memory: 153.148 MB.
Execute       syn_report -verbosereport -o C:/TFG_Vivado/vivado/axu2cga_trd.runs/bd_197a_csc_0_synth_1/prj/sol/.autopilot/db/v_csc.verbose.bind.rpt 
Execute         list_part -family xczu2cg-sfvc784-1-e 
Execute           ap_family_info -name xczu2cg-sfvc784-1-e -data names 
Execute           ap_part_info -quiet -name xczu2cg-sfvc784-1-e -data family 
Execute       db_write -o C:/TFG_Vivado/vivado/axu2cga_trd.runs/bd_197a_csc_0_synth_1/prj/sol/.autopilot/db/v_csc.bind.adb -f 
INFO-FLOW: Finish binding v_csc.
Execute       get_model_list v_csc -filter all-wo-channel 
INFO-FLOW: Preprocessing for RTLGen ...
Execute       rtl_gen_preprocess Block_entry_proc.1 
Execute       rtl_gen_preprocess reg<unsigned short> 
Execute       rtl_gen_preprocess AXIvideo2MultiPixStream_Pipeline_loop_wait_for_start 
Execute       rtl_gen_preprocess AXIvideo2MultiPixStream_Pipeline_loop_width 
Execute       rtl_gen_preprocess AXIvideo2MultiPixStream_Pipeline_loop_wait_for_eol 
Execute       rtl_gen_preprocess AXIvideo2MultiPixStream 
Execute       rtl_gen_preprocess v_hcresampler_core_Pipeline_VITIS_LOOP_769_2 
Execute       rtl_gen_preprocess v_hcresampler_core 
Execute       rtl_gen_preprocess v_csc_core_Pipeline_VITIS_LOOP_136_2 
Execute       rtl_gen_preprocess v_csc_core 
Execute       rtl_gen_preprocess v_hcresampler_core.1_Pipeline_VITIS_LOOP_769_2 
Execute       rtl_gen_preprocess v_hcresampler_core.1 
Execute       rtl_gen_preprocess MultiPixStream2AXIvideo_Pipeline_VITIS_LOOP_664_2 
Execute       rtl_gen_preprocess MultiPixStream2AXIvideo 
Execute       rtl_gen_preprocess v_csc 
INFO-FLOW: Model list for RTL generation: Block_entry_proc.1 {reg<unsigned short>} AXIvideo2MultiPixStream_Pipeline_loop_wait_for_start AXIvideo2MultiPixStream_Pipeline_loop_width AXIvideo2MultiPixStream_Pipeline_loop_wait_for_eol AXIvideo2MultiPixStream v_hcresampler_core_Pipeline_VITIS_LOOP_769_2 v_hcresampler_core v_csc_core_Pipeline_VITIS_LOOP_136_2 v_csc_core v_hcresampler_core.1_Pipeline_VITIS_LOOP_769_2 v_hcresampler_core.1 MultiPixStream2AXIvideo_Pipeline_VITIS_LOOP_664_2 MultiPixStream2AXIvideo v_csc
INFO: [HLS 200-10] ----------------------------------------------------------------
INFO: [HLS 200-10] -- Generating RTL for module 'Block_entry_proc_1' 
INFO: [HLS 200-10] ----------------------------------------------------------------
Execute       create_rtl_model Block_entry_proc.1 -top_prefix bd_197a_csc_0_ -sub_prefix bd_197a_csc_0_ -mg_file C:/TFG_Vivado/vivado/axu2cga_trd.runs/bd_197a_csc_0_synth_1/prj/sol/.autopilot/db/Block_entry_proc_1.compgen.tcl 
INFO: [RTGEN 206-100] Finished creating RTL model for 'Block_entry_proc_1'.
Command       create_rtl_model done; 1.99 sec.
INFO: [HLS 200-111] Finished Creating RTL model: CPU user time: 0 seconds. CPU system time: 0 seconds. Elapsed time: 2.158 seconds; current allocated memory: 154.633 MB.
Execute       source C:/TFG_Vivado/vivado/axu2cga_trd.runs/bd_197a_csc_0_synth_1/prj/sol/.autopilot/db/v_csc.rtl_wrap.cfg.tcl 
Execute       gen_rtl Block_entry_proc.1 -style xilinx -f -lang vhdl -o C:/TFG_Vivado/vivado/axu2cga_trd.runs/bd_197a_csc_0_synth_1/prj/sol/syn/vhdl/bd_197a_csc_0_Block_entry_proc_1 
Execute       gen_rtl Block_entry_proc.1 -style xilinx -f -lang vlog -o C:/TFG_Vivado/vivado/axu2cga_trd.runs/bd_197a_csc_0_synth_1/prj/sol/syn/verilog/bd_197a_csc_0_Block_entry_proc_1 
Command       gen_rtl done; 0.126 sec.
Execute       syn_report -csynth -model Block_entry_proc.1 -o C:/TFG_Vivado/vivado/axu2cga_trd.runs/bd_197a_csc_0_synth_1/prj/sol/syn/report/Block_entry_proc_1_csynth.rpt 
Execute         list_part -family xczu2cg-sfvc784-1-e 
Execute           ap_family_info -name xczu2cg-sfvc784-1-e -data names 
Execute           ap_part_info -quiet -name xczu2cg-sfvc784-1-e -data family 
Command       syn_report done; 0.161 sec.
Execute       syn_report -rtlxml -model Block_entry_proc.1 -o C:/TFG_Vivado/vivado/axu2cga_trd.runs/bd_197a_csc_0_synth_1/prj/sol/syn/report/Block_entry_proc_1_csynth.xml 
Execute         list_part -family xczu2cg-sfvc784-1-e 
Execute           ap_family_info -name xczu2cg-sfvc784-1-e -data names 
Execute           ap_part_info -quiet -name xczu2cg-sfvc784-1-e -data family 
Execute       syn_report -verbosereport -model Block_entry_proc.1 -o C:/TFG_Vivado/vivado/axu2cga_trd.runs/bd_197a_csc_0_synth_1/prj/sol/.autopilot/db/Block_entry_proc_1.verbose.rpt 
Execute         list_part -family xczu2cg-sfvc784-1-e 
Execute           ap_family_info -name xczu2cg-sfvc784-1-e -data names 
Execute           ap_part_info -quiet -name xczu2cg-sfvc784-1-e -data family 
Execute       db_write -model Block_entry_proc.1 -f -o C:/TFG_Vivado/vivado/axu2cga_trd.runs/bd_197a_csc_0_synth_1/prj/sol/.autopilot/db/Block_entry_proc_1.adb 
Execute       db_write -model Block_entry_proc.1 -bindview -o C:/TFG_Vivado/vivado/axu2cga_trd.runs/bd_197a_csc_0_synth_1/prj/sol/.autopilot/db/design.bindinfo.xml 
Command       db_write done; 0.146 sec.
Execute       gen_tb_info Block_entry_proc.1 -p C:/TFG_Vivado/vivado/axu2cga_trd.runs/bd_197a_csc_0_synth_1/prj/sol/.autopilot/db -o C:/TFG_Vivado/vivado/axu2cga_trd.runs/bd_197a_csc_0_synth_1/prj/sol/.autopilot/db/Block_entry_proc_1 
INFO: [HLS 200-10] ----------------------------------------------------------------
INFO: [HLS 200-10] -- Generating RTL for module 'reg_unsigned_short_s' 
INFO: [HLS 200-10] ----------------------------------------------------------------
Execute       create_rtl_model reg<unsigned short> -top_prefix bd_197a_csc_0_ -sub_prefix bd_197a_csc_0_ -mg_file C:/TFG_Vivado/vivado/axu2cga_trd.runs/bd_197a_csc_0_synth_1/prj/sol/.autopilot/db/reg_unsigned_short_s.compgen.tcl 
INFO: [HLS 200-1030] Apply Unified Pipeline Control on module 'reg_unsigned_short_s' pipeline 'reg<unsigned short>' pipeline type 'function pipeline'
INFO: [RTGEN 206-100] Finished creating RTL model for 'reg_unsigned_short_s'.
Command       create_rtl_model done; 0.128 sec.
INFO: [HLS 200-111] Finished Creating RTL model: CPU user time: 0 seconds. CPU system time: 0 seconds. Elapsed time: 1.157 seconds; current allocated memory: 156.180 MB.
Execute       source C:/TFG_Vivado/vivado/axu2cga_trd.runs/bd_197a_csc_0_synth_1/prj/sol/.autopilot/db/v_csc.rtl_wrap.cfg.tcl 
Execute       gen_rtl reg<unsigned short> -style xilinx -f -lang vhdl -o C:/TFG_Vivado/vivado/axu2cga_trd.runs/bd_197a_csc_0_synth_1/prj/sol/syn/vhdl/bd_197a_csc_0_reg_unsigned_short_s 
Execute       gen_rtl reg<unsigned short> -style xilinx -f -lang vlog -o C:/TFG_Vivado/vivado/axu2cga_trd.runs/bd_197a_csc_0_synth_1/prj/sol/syn/verilog/bd_197a_csc_0_reg_unsigned_short_s 
Execute       syn_report -csynth -model reg<unsigned short> -o C:/TFG_Vivado/vivado/axu2cga_trd.runs/bd_197a_csc_0_synth_1/prj/sol/syn/report/reg_unsigned_short_s_csynth.rpt 
Execute         list_part -family xczu2cg-sfvc784-1-e 
Execute           ap_family_info -name xczu2cg-sfvc784-1-e -data names 
Execute           ap_part_info -quiet -name xczu2cg-sfvc784-1-e -data family 
Execute       syn_report -rtlxml -model reg<unsigned short> -o C:/TFG_Vivado/vivado/axu2cga_trd.runs/bd_197a_csc_0_synth_1/prj/sol/syn/report/reg_unsigned_short_s_csynth.xml 
Execute         list_part -family xczu2cg-sfvc784-1-e 
Execute           ap_family_info -name xczu2cg-sfvc784-1-e -data names 
Execute           ap_part_info -quiet -name xczu2cg-sfvc784-1-e -data family 
Execute       syn_report -verbosereport -model reg<unsigned short> -o C:/TFG_Vivado/vivado/axu2cga_trd.runs/bd_197a_csc_0_synth_1/prj/sol/.autopilot/db/reg_unsigned_short_s.verbose.rpt 
Execute         list_part -family xczu2cg-sfvc784-1-e 
Execute           ap_family_info -name xczu2cg-sfvc784-1-e -data names 
Execute           ap_part_info -quiet -name xczu2cg-sfvc784-1-e -data family 
Execute       db_write -model reg<unsigned short> -f -o C:/TFG_Vivado/vivado/axu2cga_trd.runs/bd_197a_csc_0_synth_1/prj/sol/.autopilot/db/reg_unsigned_short_s.adb 
Execute       db_write -model reg<unsigned short> -bindview -o C:/TFG_Vivado/vivado/axu2cga_trd.runs/bd_197a_csc_0_synth_1/prj/sol/.autopilot/db/design.bindinfo.xml 
Execute       gen_tb_info reg<unsigned short> -p C:/TFG_Vivado/vivado/axu2cga_trd.runs/bd_197a_csc_0_synth_1/prj/sol/.autopilot/db -o C:/TFG_Vivado/vivado/axu2cga_trd.runs/bd_197a_csc_0_synth_1/prj/sol/.autopilot/db/reg_unsigned_short_s 
INFO: [HLS 200-10] ----------------------------------------------------------------
INFO: [HLS 200-10] -- Generating RTL for module 'AXIvideo2MultiPixStream_Pipeline_loop_wait_for_start' 
INFO: [HLS 200-10] ----------------------------------------------------------------
Execute       create_rtl_model AXIvideo2MultiPixStream_Pipeline_loop_wait_for_start -top_prefix bd_197a_csc_0_ -sub_prefix bd_197a_csc_0_ -mg_file C:/TFG_Vivado/vivado/axu2cga_trd.runs/bd_197a_csc_0_synth_1/prj/sol/.autopilot/db/AXIvideo2MultiPixStream_Pipeline_loop_wait_for_start.compgen.tcl 
INFO: [RTGEN 206-100] Finished creating RTL model for 'AXIvideo2MultiPixStream_Pipeline_loop_wait_for_start'.
INFO: [HLS 200-111] Finished Creating RTL model: CPU user time: 0 seconds. CPU system time: 0 seconds. Elapsed time: 0.238 seconds; current allocated memory: 156.625 MB.
Execute       source C:/TFG_Vivado/vivado/axu2cga_trd.runs/bd_197a_csc_0_synth_1/prj/sol/.autopilot/db/v_csc.rtl_wrap.cfg.tcl 
Execute       gen_rtl AXIvideo2MultiPixStream_Pipeline_loop_wait_for_start -style xilinx -f -lang vhdl -o C:/TFG_Vivado/vivado/axu2cga_trd.runs/bd_197a_csc_0_synth_1/prj/sol/syn/vhdl/bd_197a_csc_0_AXIvideo2MultiPixStream_Pipeline_loop_wait_for_start 
Execute       gen_rtl AXIvideo2MultiPixStream_Pipeline_loop_wait_for_start -style xilinx -f -lang vlog -o C:/TFG_Vivado/vivado/axu2cga_trd.runs/bd_197a_csc_0_synth_1/prj/sol/syn/verilog/bd_197a_csc_0_AXIvideo2MultiPixStream_Pipeline_loop_wait_for_start 
Execute       syn_report -csynth -model AXIvideo2MultiPixStream_Pipeline_loop_wait_for_start -o C:/TFG_Vivado/vivado/axu2cga_trd.runs/bd_197a_csc_0_synth_1/prj/sol/syn/report/AXIvideo2MultiPixStream_Pipeline_loop_wait_for_start_csynth.rpt 
Execute         list_part -family xczu2cg-sfvc784-1-e 
Execute           ap_family_info -name xczu2cg-sfvc784-1-e -data names 
Execute           ap_part_info -quiet -name xczu2cg-sfvc784-1-e -data family 
Execute       syn_report -rtlxml -model AXIvideo2MultiPixStream_Pipeline_loop_wait_for_start -o C:/TFG_Vivado/vivado/axu2cga_trd.runs/bd_197a_csc_0_synth_1/prj/sol/syn/report/AXIvideo2MultiPixStream_Pipeline_loop_wait_for_start_csynth.xml 
Execute         list_part -family xczu2cg-sfvc784-1-e 
Execute           ap_family_info -name xczu2cg-sfvc784-1-e -data names 
Execute           ap_part_info -quiet -name xczu2cg-sfvc784-1-e -data family 
Execute       syn_report -verbosereport -model AXIvideo2MultiPixStream_Pipeline_loop_wait_for_start -o C:/TFG_Vivado/vivado/axu2cga_trd.runs/bd_197a_csc_0_synth_1/prj/sol/.autopilot/db/AXIvideo2MultiPixStream_Pipeline_loop_wait_for_start.verbose.rpt 
Execute         list_part -family xczu2cg-sfvc784-1-e 
Execute           ap_family_info -name xczu2cg-sfvc784-1-e -data names 
Execute           ap_part_info -quiet -name xczu2cg-sfvc784-1-e -data family 
Execute       db_write -model AXIvideo2MultiPixStream_Pipeline_loop_wait_for_start -f -o C:/TFG_Vivado/vivado/axu2cga_trd.runs/bd_197a_csc_0_synth_1/prj/sol/.autopilot/db/AXIvideo2MultiPixStream_Pipeline_loop_wait_for_start.adb 
Execute       db_write -model AXIvideo2MultiPixStream_Pipeline_loop_wait_for_start -bindview -o C:/TFG_Vivado/vivado/axu2cga_trd.runs/bd_197a_csc_0_synth_1/prj/sol/.autopilot/db/design.bindinfo.xml 
Execute       gen_tb_info AXIvideo2MultiPixStream_Pipeline_loop_wait_for_start -p C:/TFG_Vivado/vivado/axu2cga_trd.runs/bd_197a_csc_0_synth_1/prj/sol/.autopilot/db -o C:/TFG_Vivado/vivado/axu2cga_trd.runs/bd_197a_csc_0_synth_1/prj/sol/.autopilot/db/AXIvideo2MultiPixStream_Pipeline_loop_wait_for_start 
INFO: [HLS 200-10] ----------------------------------------------------------------
INFO: [HLS 200-10] -- Generating RTL for module 'AXIvideo2MultiPixStream_Pipeline_loop_width' 
INFO: [HLS 200-10] ----------------------------------------------------------------
Execute       create_rtl_model AXIvideo2MultiPixStream_Pipeline_loop_width -top_prefix bd_197a_csc_0_ -sub_prefix bd_197a_csc_0_ -mg_file C:/TFG_Vivado/vivado/axu2cga_trd.runs/bd_197a_csc_0_synth_1/prj/sol/.autopilot/db/AXIvideo2MultiPixStream_Pipeline_loop_width.compgen.tcl 
INFO: [HLS 200-1030] Apply Unified Pipeline Control on module 'AXIvideo2MultiPixStream_Pipeline_loop_width' pipeline 'loop_width' pipeline type 'loop pipeline'
INFO: [RTGEN 206-100] Generating core module 'sparsemux_5_8_8_1_1': 1 instance(s).
INFO: [RTGEN 206-100] Finished creating RTL model for 'AXIvideo2MultiPixStream_Pipeline_loop_width'.
Command       create_rtl_model done; 0.527 sec.
INFO: [HLS 200-111] Finished Creating RTL model: CPU user time: 0 seconds. CPU system time: 0 seconds. Elapsed time: 0.674 seconds; current allocated memory: 157.930 MB.
Execute       source C:/TFG_Vivado/vivado/axu2cga_trd.runs/bd_197a_csc_0_synth_1/prj/sol/.autopilot/db/v_csc.rtl_wrap.cfg.tcl 
Execute       gen_rtl AXIvideo2MultiPixStream_Pipeline_loop_width -style xilinx -f -lang vhdl -o C:/TFG_Vivado/vivado/axu2cga_trd.runs/bd_197a_csc_0_synth_1/prj/sol/syn/vhdl/bd_197a_csc_0_AXIvideo2MultiPixStream_Pipeline_loop_width 
Execute       gen_rtl AXIvideo2MultiPixStream_Pipeline_loop_width -style xilinx -f -lang vlog -o C:/TFG_Vivado/vivado/axu2cga_trd.runs/bd_197a_csc_0_synth_1/prj/sol/syn/verilog/bd_197a_csc_0_AXIvideo2MultiPixStream_Pipeline_loop_width 
Execute       syn_report -csynth -model AXIvideo2MultiPixStream_Pipeline_loop_width -o C:/TFG_Vivado/vivado/axu2cga_trd.runs/bd_197a_csc_0_synth_1/prj/sol/syn/report/AXIvideo2MultiPixStream_Pipeline_loop_width_csynth.rpt 
Execute         list_part -family xczu2cg-sfvc784-1-e 
Execute           ap_family_info -name xczu2cg-sfvc784-1-e -data names 
Execute           ap_part_info -quiet -name xczu2cg-sfvc784-1-e -data family 
Execute       syn_report -rtlxml -model AXIvideo2MultiPixStream_Pipeline_loop_width -o C:/TFG_Vivado/vivado/axu2cga_trd.runs/bd_197a_csc_0_synth_1/prj/sol/syn/report/AXIvideo2MultiPixStream_Pipeline_loop_width_csynth.xml 
Execute         list_part -family xczu2cg-sfvc784-1-e 
Execute           ap_family_info -name xczu2cg-sfvc784-1-e -data names 
Execute           ap_part_info -quiet -name xczu2cg-sfvc784-1-e -data family 
Execute       syn_report -verbosereport -model AXIvideo2MultiPixStream_Pipeline_loop_width -o C:/TFG_Vivado/vivado/axu2cga_trd.runs/bd_197a_csc_0_synth_1/prj/sol/.autopilot/db/AXIvideo2MultiPixStream_Pipeline_loop_width.verbose.rpt 
Execute         list_part -family xczu2cg-sfvc784-1-e 
Execute           ap_family_info -name xczu2cg-sfvc784-1-e -data names 
Execute           ap_part_info -quiet -name xczu2cg-sfvc784-1-e -data family 
Execute       db_write -model AXIvideo2MultiPixStream_Pipeline_loop_width -f -o C:/TFG_Vivado/vivado/axu2cga_trd.runs/bd_197a_csc_0_synth_1/prj/sol/.autopilot/db/AXIvideo2MultiPixStream_Pipeline_loop_width.adb 
Execute       db_write -model AXIvideo2MultiPixStream_Pipeline_loop_width -bindview -o C:/TFG_Vivado/vivado/axu2cga_trd.runs/bd_197a_csc_0_synth_1/prj/sol/.autopilot/db/design.bindinfo.xml 
Execute       gen_tb_info AXIvideo2MultiPixStream_Pipeline_loop_width -p C:/TFG_Vivado/vivado/axu2cga_trd.runs/bd_197a_csc_0_synth_1/prj/sol/.autopilot/db -o C:/TFG_Vivado/vivado/axu2cga_trd.runs/bd_197a_csc_0_synth_1/prj/sol/.autopilot/db/AXIvideo2MultiPixStream_Pipeline_loop_width 
INFO: [HLS 200-10] ----------------------------------------------------------------
INFO: [HLS 200-10] -- Generating RTL for module 'AXIvideo2MultiPixStream_Pipeline_loop_wait_for_eol' 
INFO: [HLS 200-10] ----------------------------------------------------------------
Execute       create_rtl_model AXIvideo2MultiPixStream_Pipeline_loop_wait_for_eol -top_prefix bd_197a_csc_0_ -sub_prefix bd_197a_csc_0_ -mg_file C:/TFG_Vivado/vivado/axu2cga_trd.runs/bd_197a_csc_0_synth_1/prj/sol/.autopilot/db/AXIvideo2MultiPixStream_Pipeline_loop_wait_for_eol.compgen.tcl 
INFO: [RTGEN 206-100] Finished creating RTL model for 'AXIvideo2MultiPixStream_Pipeline_loop_wait_for_eol'.
INFO: [HLS 200-111] Finished Creating RTL model: CPU user time: 1 seconds. CPU system time: 0 seconds. Elapsed time: 0.22 seconds; current allocated memory: 159.469 MB.
Execute       source C:/TFG_Vivado/vivado/axu2cga_trd.runs/bd_197a_csc_0_synth_1/prj/sol/.autopilot/db/v_csc.rtl_wrap.cfg.tcl 
Execute       gen_rtl AXIvideo2MultiPixStream_Pipeline_loop_wait_for_eol -style xilinx -f -lang vhdl -o C:/TFG_Vivado/vivado/axu2cga_trd.runs/bd_197a_csc_0_synth_1/prj/sol/syn/vhdl/bd_197a_csc_0_AXIvideo2MultiPixStream_Pipeline_loop_wait_for_eol 
Execute       gen_rtl AXIvideo2MultiPixStream_Pipeline_loop_wait_for_eol -style xilinx -f -lang vlog -o C:/TFG_Vivado/vivado/axu2cga_trd.runs/bd_197a_csc_0_synth_1/prj/sol/syn/verilog/bd_197a_csc_0_AXIvideo2MultiPixStream_Pipeline_loop_wait_for_eol 
Execute       syn_report -csynth -model AXIvideo2MultiPixStream_Pipeline_loop_wait_for_eol -o C:/TFG_Vivado/vivado/axu2cga_trd.runs/bd_197a_csc_0_synth_1/prj/sol/syn/report/AXIvideo2MultiPixStream_Pipeline_loop_wait_for_eol_csynth.rpt 
Execute         list_part -family xczu2cg-sfvc784-1-e 
Execute           ap_family_info -name xczu2cg-sfvc784-1-e -data names 
Execute           ap_part_info -quiet -name xczu2cg-sfvc784-1-e -data family 
Execute       syn_report -rtlxml -model AXIvideo2MultiPixStream_Pipeline_loop_wait_for_eol -o C:/TFG_Vivado/vivado/axu2cga_trd.runs/bd_197a_csc_0_synth_1/prj/sol/syn/report/AXIvideo2MultiPixStream_Pipeline_loop_wait_for_eol_csynth.xml 
Execute         list_part -family xczu2cg-sfvc784-1-e 
Execute           ap_family_info -name xczu2cg-sfvc784-1-e -data names 
Execute           ap_part_info -quiet -name xczu2cg-sfvc784-1-e -data family 
Execute       syn_report -verbosereport -model AXIvideo2MultiPixStream_Pipeline_loop_wait_for_eol -o C:/TFG_Vivado/vivado/axu2cga_trd.runs/bd_197a_csc_0_synth_1/prj/sol/.autopilot/db/AXIvideo2MultiPixStream_Pipeline_loop_wait_for_eol.verbose.rpt 
Execute         list_part -family xczu2cg-sfvc784-1-e 
Execute           ap_family_info -name xczu2cg-sfvc784-1-e -data names 
Execute           ap_part_info -quiet -name xczu2cg-sfvc784-1-e -data family 
Execute       db_write -model AXIvideo2MultiPixStream_Pipeline_loop_wait_for_eol -f -o C:/TFG_Vivado/vivado/axu2cga_trd.runs/bd_197a_csc_0_synth_1/prj/sol/.autopilot/db/AXIvideo2MultiPixStream_Pipeline_loop_wait_for_eol.adb 
Execute       db_write -model AXIvideo2MultiPixStream_Pipeline_loop_wait_for_eol -bindview -o C:/TFG_Vivado/vivado/axu2cga_trd.runs/bd_197a_csc_0_synth_1/prj/sol/.autopilot/db/design.bindinfo.xml 
Execute       gen_tb_info AXIvideo2MultiPixStream_Pipeline_loop_wait_for_eol -p C:/TFG_Vivado/vivado/axu2cga_trd.runs/bd_197a_csc_0_synth_1/prj/sol/.autopilot/db -o C:/TFG_Vivado/vivado/axu2cga_trd.runs/bd_197a_csc_0_synth_1/prj/sol/.autopilot/db/AXIvideo2MultiPixStream_Pipeline_loop_wait_for_eol 
INFO: [HLS 200-10] ----------------------------------------------------------------
INFO: [HLS 200-10] -- Generating RTL for module 'AXIvideo2MultiPixStream' 
INFO: [HLS 200-10] ----------------------------------------------------------------
Execute       create_rtl_model AXIvideo2MultiPixStream -top_prefix bd_197a_csc_0_ -sub_prefix bd_197a_csc_0_ -mg_file C:/TFG_Vivado/vivado/axu2cga_trd.runs/bd_197a_csc_0_synth_1/prj/sol/.autopilot/db/AXIvideo2MultiPixStream.compgen.tcl 
INFO: [RTGEN 206-100] Finished creating RTL model for 'AXIvideo2MultiPixStream'.
Command       create_rtl_model done; 0.24 sec.
INFO: [HLS 200-111] Finished Creating RTL model: CPU user time: 0 seconds. CPU system time: 0 seconds. Elapsed time: 0.358 seconds; current allocated memory: 160.059 MB.
Execute       source C:/TFG_Vivado/vivado/axu2cga_trd.runs/bd_197a_csc_0_synth_1/prj/sol/.autopilot/db/v_csc.rtl_wrap.cfg.tcl 
Execute       gen_rtl AXIvideo2MultiPixStream -style xilinx -f -lang vhdl -o C:/TFG_Vivado/vivado/axu2cga_trd.runs/bd_197a_csc_0_synth_1/prj/sol/syn/vhdl/bd_197a_csc_0_AXIvideo2MultiPixStream 
Execute       gen_rtl AXIvideo2MultiPixStream -style xilinx -f -lang vlog -o C:/TFG_Vivado/vivado/axu2cga_trd.runs/bd_197a_csc_0_synth_1/prj/sol/syn/verilog/bd_197a_csc_0_AXIvideo2MultiPixStream 
Execute       syn_report -csynth -model AXIvideo2MultiPixStream -o C:/TFG_Vivado/vivado/axu2cga_trd.runs/bd_197a_csc_0_synth_1/prj/sol/syn/report/AXIvideo2MultiPixStream_csynth.rpt 
Execute         list_part -family xczu2cg-sfvc784-1-e 
Execute           ap_family_info -name xczu2cg-sfvc784-1-e -data names 
Execute           ap_part_info -quiet -name xczu2cg-sfvc784-1-e -data family 
Execute       syn_report -rtlxml -model AXIvideo2MultiPixStream -o C:/TFG_Vivado/vivado/axu2cga_trd.runs/bd_197a_csc_0_synth_1/prj/sol/syn/report/AXIvideo2MultiPixStream_csynth.xml 
Execute         list_part -family xczu2cg-sfvc784-1-e 
Execute           ap_family_info -name xczu2cg-sfvc784-1-e -data names 
Execute           ap_part_info -quiet -name xczu2cg-sfvc784-1-e -data family 
Execute       syn_report -verbosereport -model AXIvideo2MultiPixStream -o C:/TFG_Vivado/vivado/axu2cga_trd.runs/bd_197a_csc_0_synth_1/prj/sol/.autopilot/db/AXIvideo2MultiPixStream.verbose.rpt 
Execute         list_part -family xczu2cg-sfvc784-1-e 
Execute           ap_family_info -name xczu2cg-sfvc784-1-e -data names 
Execute           ap_part_info -quiet -name xczu2cg-sfvc784-1-e -data family 
Execute       db_write -model AXIvideo2MultiPixStream -f -o C:/TFG_Vivado/vivado/axu2cga_trd.runs/bd_197a_csc_0_synth_1/prj/sol/.autopilot/db/AXIvideo2MultiPixStream.adb 
Execute       db_write -model AXIvideo2MultiPixStream -bindview -o C:/TFG_Vivado/vivado/axu2cga_trd.runs/bd_197a_csc_0_synth_1/prj/sol/.autopilot/db/design.bindinfo.xml 
Execute       gen_tb_info AXIvideo2MultiPixStream -p C:/TFG_Vivado/vivado/axu2cga_trd.runs/bd_197a_csc_0_synth_1/prj/sol/.autopilot/db -o C:/TFG_Vivado/vivado/axu2cga_trd.runs/bd_197a_csc_0_synth_1/prj/sol/.autopilot/db/AXIvideo2MultiPixStream 
INFO: [HLS 200-10] ----------------------------------------------------------------
INFO: [HLS 200-10] -- Generating RTL for module 'v_hcresampler_core_Pipeline_VITIS_LOOP_769_2' 
INFO: [HLS 200-10] ----------------------------------------------------------------
Execute       create_rtl_model v_hcresampler_core_Pipeline_VITIS_LOOP_769_2 -top_prefix bd_197a_csc_0_ -sub_prefix bd_197a_csc_0_ -mg_file C:/TFG_Vivado/vivado/axu2cga_trd.runs/bd_197a_csc_0_synth_1/prj/sol/.autopilot/db/v_hcresampler_core_Pipeline_VITIS_LOOP_769_2.compgen.tcl 
INFO: [HLS 200-1030] Apply Unified Pipeline Control on module 'v_hcresampler_core_Pipeline_VITIS_LOOP_769_2' pipeline 'VITIS_LOOP_769_2' pipeline type 'loop pipeline'
INFO: [RTGEN 206-100] Finished creating RTL model for 'v_hcresampler_core_Pipeline_VITIS_LOOP_769_2'.
INFO: [HLS 200-111] Finished Creating RTL model: CPU user time: 0 seconds. CPU system time: 0 seconds. Elapsed time: 0.176 seconds; current allocated memory: 161.895 MB.
Execute       source C:/TFG_Vivado/vivado/axu2cga_trd.runs/bd_197a_csc_0_synth_1/prj/sol/.autopilot/db/v_csc.rtl_wrap.cfg.tcl 
Execute       gen_rtl v_hcresampler_core_Pipeline_VITIS_LOOP_769_2 -style xilinx -f -lang vhdl -o C:/TFG_Vivado/vivado/axu2cga_trd.runs/bd_197a_csc_0_synth_1/prj/sol/syn/vhdl/bd_197a_csc_0_v_hcresampler_core_Pipeline_VITIS_LOOP_769_2 
Execute       gen_rtl v_hcresampler_core_Pipeline_VITIS_LOOP_769_2 -style xilinx -f -lang vlog -o C:/TFG_Vivado/vivado/axu2cga_trd.runs/bd_197a_csc_0_synth_1/prj/sol/syn/verilog/bd_197a_csc_0_v_hcresampler_core_Pipeline_VITIS_LOOP_769_2 
Execute       syn_report -csynth -model v_hcresampler_core_Pipeline_VITIS_LOOP_769_2 -o C:/TFG_Vivado/vivado/axu2cga_trd.runs/bd_197a_csc_0_synth_1/prj/sol/syn/report/v_hcresampler_core_Pipeline_VITIS_LOOP_769_2_csynth.rpt 
Execute         list_part -family xczu2cg-sfvc784-1-e 
Execute           ap_family_info -name xczu2cg-sfvc784-1-e -data names 
Execute           ap_part_info -quiet -name xczu2cg-sfvc784-1-e -data family 
Execute       syn_report -rtlxml -model v_hcresampler_core_Pipeline_VITIS_LOOP_769_2 -o C:/TFG_Vivado/vivado/axu2cga_trd.runs/bd_197a_csc_0_synth_1/prj/sol/syn/report/v_hcresampler_core_Pipeline_VITIS_LOOP_769_2_csynth.xml 
Execute         list_part -family xczu2cg-sfvc784-1-e 
Execute           ap_family_info -name xczu2cg-sfvc784-1-e -data names 
Execute           ap_part_info -quiet -name xczu2cg-sfvc784-1-e -data family 
Execute       syn_report -verbosereport -model v_hcresampler_core_Pipeline_VITIS_LOOP_769_2 -o C:/TFG_Vivado/vivado/axu2cga_trd.runs/bd_197a_csc_0_synth_1/prj/sol/.autopilot/db/v_hcresampler_core_Pipeline_VITIS_LOOP_769_2.verbose.rpt 
Execute         list_part -family xczu2cg-sfvc784-1-e 
Execute           ap_family_info -name xczu2cg-sfvc784-1-e -data names 
Execute           ap_part_info -quiet -name xczu2cg-sfvc784-1-e -data family 
Execute       db_write -model v_hcresampler_core_Pipeline_VITIS_LOOP_769_2 -f -o C:/TFG_Vivado/vivado/axu2cga_trd.runs/bd_197a_csc_0_synth_1/prj/sol/.autopilot/db/v_hcresampler_core_Pipeline_VITIS_LOOP_769_2.adb 
Execute       db_write -model v_hcresampler_core_Pipeline_VITIS_LOOP_769_2 -bindview -o C:/TFG_Vivado/vivado/axu2cga_trd.runs/bd_197a_csc_0_synth_1/prj/sol/.autopilot/db/design.bindinfo.xml 
Execute       gen_tb_info v_hcresampler_core_Pipeline_VITIS_LOOP_769_2 -p C:/TFG_Vivado/vivado/axu2cga_trd.runs/bd_197a_csc_0_synth_1/prj/sol/.autopilot/db -o C:/TFG_Vivado/vivado/axu2cga_trd.runs/bd_197a_csc_0_synth_1/prj/sol/.autopilot/db/v_hcresampler_core_Pipeline_VITIS_LOOP_769_2 
INFO: [HLS 200-10] ----------------------------------------------------------------
INFO: [HLS 200-10] -- Generating RTL for module 'v_hcresampler_core' 
INFO: [HLS 200-10] ----------------------------------------------------------------
Execute       create_rtl_model v_hcresampler_core -top_prefix bd_197a_csc_0_ -sub_prefix bd_197a_csc_0_ -mg_file C:/TFG_Vivado/vivado/axu2cga_trd.runs/bd_197a_csc_0_synth_1/prj/sol/.autopilot/db/v_hcresampler_core.compgen.tcl 
INFO: [RTGEN 206-100] Finished creating RTL model for 'v_hcresampler_core'.
INFO: [HLS 200-111] Finished Creating RTL model: CPU user time: 0 seconds. CPU system time: 0 seconds. Elapsed time: 0.211 seconds; current allocated memory: 165.266 MB.
Execute       source C:/TFG_Vivado/vivado/axu2cga_trd.runs/bd_197a_csc_0_synth_1/prj/sol/.autopilot/db/v_csc.rtl_wrap.cfg.tcl 
Execute       gen_rtl v_hcresampler_core -style xilinx -f -lang vhdl -o C:/TFG_Vivado/vivado/axu2cga_trd.runs/bd_197a_csc_0_synth_1/prj/sol/syn/vhdl/bd_197a_csc_0_v_hcresampler_core 
Execute       gen_rtl v_hcresampler_core -style xilinx -f -lang vlog -o C:/TFG_Vivado/vivado/axu2cga_trd.runs/bd_197a_csc_0_synth_1/prj/sol/syn/verilog/bd_197a_csc_0_v_hcresampler_core 
Execute       syn_report -csynth -model v_hcresampler_core -o C:/TFG_Vivado/vivado/axu2cga_trd.runs/bd_197a_csc_0_synth_1/prj/sol/syn/report/v_hcresampler_core_csynth.rpt 
Execute         list_part -family xczu2cg-sfvc784-1-e 
Execute           ap_family_info -name xczu2cg-sfvc784-1-e -data names 
Execute           ap_part_info -quiet -name xczu2cg-sfvc784-1-e -data family 
Execute       syn_report -rtlxml -model v_hcresampler_core -o C:/TFG_Vivado/vivado/axu2cga_trd.runs/bd_197a_csc_0_synth_1/prj/sol/syn/report/v_hcresampler_core_csynth.xml 
Execute         list_part -family xczu2cg-sfvc784-1-e 
Execute           ap_family_info -name xczu2cg-sfvc784-1-e -data names 
Execute           ap_part_info -quiet -name xczu2cg-sfvc784-1-e -data family 
Execute       syn_report -verbosereport -model v_hcresampler_core -o C:/TFG_Vivado/vivado/axu2cga_trd.runs/bd_197a_csc_0_synth_1/prj/sol/.autopilot/db/v_hcresampler_core.verbose.rpt 
Execute         list_part -family xczu2cg-sfvc784-1-e 
Execute           ap_family_info -name xczu2cg-sfvc784-1-e -data names 
Execute           ap_part_info -quiet -name xczu2cg-sfvc784-1-e -data family 
Execute       db_write -model v_hcresampler_core -f -o C:/TFG_Vivado/vivado/axu2cga_trd.runs/bd_197a_csc_0_synth_1/prj/sol/.autopilot/db/v_hcresampler_core.adb 
Execute       db_write -model v_hcresampler_core -bindview -o C:/TFG_Vivado/vivado/axu2cga_trd.runs/bd_197a_csc_0_synth_1/prj/sol/.autopilot/db/design.bindinfo.xml 
Execute       gen_tb_info v_hcresampler_core -p C:/TFG_Vivado/vivado/axu2cga_trd.runs/bd_197a_csc_0_synth_1/prj/sol/.autopilot/db -o C:/TFG_Vivado/vivado/axu2cga_trd.runs/bd_197a_csc_0_synth_1/prj/sol/.autopilot/db/v_hcresampler_core 
Command       gen_tb_info done; 0.121 sec.
INFO: [HLS 200-10] ----------------------------------------------------------------
INFO: [HLS 200-10] -- Generating RTL for module 'v_csc_core_Pipeline_VITIS_LOOP_136_2' 
INFO: [HLS 200-10] ----------------------------------------------------------------
Execute       create_rtl_model v_csc_core_Pipeline_VITIS_LOOP_136_2 -top_prefix bd_197a_csc_0_ -sub_prefix bd_197a_csc_0_ -mg_file C:/TFG_Vivado/vivado/axu2cga_trd.runs/bd_197a_csc_0_synth_1/prj/sol/.autopilot/db/v_csc_core_Pipeline_VITIS_LOOP_136_2.compgen.tcl 
INFO: [HLS 200-1030] Apply Unified Pipeline Control on module 'v_csc_core_Pipeline_VITIS_LOOP_136_2' pipeline 'VITIS_LOOP_136_2' pipeline type 'loop pipeline'
INFO: [RTGEN 206-100] Generating core module 'mac_muladd_16s_8ns_12ns_24_4_1': 6 instance(s).
INFO: [RTGEN 206-100] Generating core module 'mac_muladd_16s_8ns_22s_25_4_1': 6 instance(s).
INFO: [RTGEN 206-100] Generating core module 'mul_16s_8ns_24_1_1': 3 instance(s).
INFO: [RTGEN 206-100] Generating core module 'mul_8ns_16s_24_1_1': 3 instance(s).
INFO: [RTGEN 206-100] Finished creating RTL model for 'v_csc_core_Pipeline_VITIS_LOOP_136_2'.
Command       create_rtl_model done; 1.135 sec.
INFO: [HLS 200-111] Finished Creating RTL model: CPU user time: 0 seconds. CPU system time: 0 seconds. Elapsed time: 1.488 seconds; current allocated memory: 169.129 MB.
Execute       source C:/TFG_Vivado/vivado/axu2cga_trd.runs/bd_197a_csc_0_synth_1/prj/sol/.autopilot/db/v_csc.rtl_wrap.cfg.tcl 
Execute       gen_rtl v_csc_core_Pipeline_VITIS_LOOP_136_2 -style xilinx -f -lang vhdl -o C:/TFG_Vivado/vivado/axu2cga_trd.runs/bd_197a_csc_0_synth_1/prj/sol/syn/vhdl/bd_197a_csc_0_v_csc_core_Pipeline_VITIS_LOOP_136_2 
Execute       gen_rtl v_csc_core_Pipeline_VITIS_LOOP_136_2 -style xilinx -f -lang vlog -o C:/TFG_Vivado/vivado/axu2cga_trd.runs/bd_197a_csc_0_synth_1/prj/sol/syn/verilog/bd_197a_csc_0_v_csc_core_Pipeline_VITIS_LOOP_136_2 
Execute       syn_report -csynth -model v_csc_core_Pipeline_VITIS_LOOP_136_2 -o C:/TFG_Vivado/vivado/axu2cga_trd.runs/bd_197a_csc_0_synth_1/prj/sol/syn/report/v_csc_core_Pipeline_VITIS_LOOP_136_2_csynth.rpt 
Execute         list_part -family xczu2cg-sfvc784-1-e 
Execute           ap_family_info -name xczu2cg-sfvc784-1-e -data names 
Execute           ap_part_info -quiet -name xczu2cg-sfvc784-1-e -data family 
Execute       syn_report -rtlxml -model v_csc_core_Pipeline_VITIS_LOOP_136_2 -o C:/TFG_Vivado/vivado/axu2cga_trd.runs/bd_197a_csc_0_synth_1/prj/sol/syn/report/v_csc_core_Pipeline_VITIS_LOOP_136_2_csynth.xml 
Execute         list_part -family xczu2cg-sfvc784-1-e 
Execute           ap_family_info -name xczu2cg-sfvc784-1-e -data names 
Execute           ap_part_info -quiet -name xczu2cg-sfvc784-1-e -data family 
Execute       syn_report -verbosereport -model v_csc_core_Pipeline_VITIS_LOOP_136_2 -o C:/TFG_Vivado/vivado/axu2cga_trd.runs/bd_197a_csc_0_synth_1/prj/sol/.autopilot/db/v_csc_core_Pipeline_VITIS_LOOP_136_2.verbose.rpt 
Execute         list_part -family xczu2cg-sfvc784-1-e 
Execute           ap_family_info -name xczu2cg-sfvc784-1-e -data names 
Execute           ap_part_info -quiet -name xczu2cg-sfvc784-1-e -data family 
Execute       db_write -model v_csc_core_Pipeline_VITIS_LOOP_136_2 -f -o C:/TFG_Vivado/vivado/axu2cga_trd.runs/bd_197a_csc_0_synth_1/prj/sol/.autopilot/db/v_csc_core_Pipeline_VITIS_LOOP_136_2.adb 
Execute       db_write -model v_csc_core_Pipeline_VITIS_LOOP_136_2 -bindview -o C:/TFG_Vivado/vivado/axu2cga_trd.runs/bd_197a_csc_0_synth_1/prj/sol/.autopilot/db/design.bindinfo.xml 
Execute       gen_tb_info v_csc_core_Pipeline_VITIS_LOOP_136_2 -p C:/TFG_Vivado/vivado/axu2cga_trd.runs/bd_197a_csc_0_synth_1/prj/sol/.autopilot/db -o C:/TFG_Vivado/vivado/axu2cga_trd.runs/bd_197a_csc_0_synth_1/prj/sol/.autopilot/db/v_csc_core_Pipeline_VITIS_LOOP_136_2 
INFO: [HLS 200-10] ----------------------------------------------------------------
INFO: [HLS 200-10] -- Generating RTL for module 'v_csc_core' 
INFO: [HLS 200-10] ----------------------------------------------------------------
Execute       create_rtl_model v_csc_core -top_prefix bd_197a_csc_0_ -sub_prefix bd_197a_csc_0_ -mg_file C:/TFG_Vivado/vivado/axu2cga_trd.runs/bd_197a_csc_0_synth_1/prj/sol/.autopilot/db/v_csc_core.compgen.tcl 
INFO: [RTGEN 206-100] Finished creating RTL model for 'v_csc_core'.
INFO: [HLS 200-111] Finished Creating RTL model: CPU user time: 0 seconds. CPU system time: 0 seconds. Elapsed time: 0.396 seconds; current allocated memory: 175.570 MB.
Execute       source C:/TFG_Vivado/vivado/axu2cga_trd.runs/bd_197a_csc_0_synth_1/prj/sol/.autopilot/db/v_csc.rtl_wrap.cfg.tcl 
Execute       gen_rtl v_csc_core -style xilinx -f -lang vhdl -o C:/TFG_Vivado/vivado/axu2cga_trd.runs/bd_197a_csc_0_synth_1/prj/sol/syn/vhdl/bd_197a_csc_0_v_csc_core 
Execute       gen_rtl v_csc_core -style xilinx -f -lang vlog -o C:/TFG_Vivado/vivado/axu2cga_trd.runs/bd_197a_csc_0_synth_1/prj/sol/syn/verilog/bd_197a_csc_0_v_csc_core 
Execute       syn_report -csynth -model v_csc_core -o C:/TFG_Vivado/vivado/axu2cga_trd.runs/bd_197a_csc_0_synth_1/prj/sol/syn/report/v_csc_core_csynth.rpt 
Execute         list_part -family xczu2cg-sfvc784-1-e 
Execute           ap_family_info -name xczu2cg-sfvc784-1-e -data names 
Execute           ap_part_info -quiet -name xczu2cg-sfvc784-1-e -data family 
Execute       syn_report -rtlxml -model v_csc_core -o C:/TFG_Vivado/vivado/axu2cga_trd.runs/bd_197a_csc_0_synth_1/prj/sol/syn/report/v_csc_core_csynth.xml 
Execute         list_part -family xczu2cg-sfvc784-1-e 
Execute           ap_family_info -name xczu2cg-sfvc784-1-e -data names 
Execute           ap_part_info -quiet -name xczu2cg-sfvc784-1-e -data family 
Execute       syn_report -verbosereport -model v_csc_core -o C:/TFG_Vivado/vivado/axu2cga_trd.runs/bd_197a_csc_0_synth_1/prj/sol/.autopilot/db/v_csc_core.verbose.rpt 
Execute         list_part -family xczu2cg-sfvc784-1-e 
Execute           ap_family_info -name xczu2cg-sfvc784-1-e -data names 
Execute           ap_part_info -quiet -name xczu2cg-sfvc784-1-e -data family 
Execute       db_write -model v_csc_core -f -o C:/TFG_Vivado/vivado/axu2cga_trd.runs/bd_197a_csc_0_synth_1/prj/sol/.autopilot/db/v_csc_core.adb 
Execute       db_write -model v_csc_core -bindview -o C:/TFG_Vivado/vivado/axu2cga_trd.runs/bd_197a_csc_0_synth_1/prj/sol/.autopilot/db/design.bindinfo.xml 
Execute       gen_tb_info v_csc_core -p C:/TFG_Vivado/vivado/axu2cga_trd.runs/bd_197a_csc_0_synth_1/prj/sol/.autopilot/db -o C:/TFG_Vivado/vivado/axu2cga_trd.runs/bd_197a_csc_0_synth_1/prj/sol/.autopilot/db/v_csc_core 
INFO: [HLS 200-10] ----------------------------------------------------------------
INFO: [HLS 200-10] -- Generating RTL for module 'v_hcresampler_core_1_Pipeline_VITIS_LOOP_769_2' 
INFO: [HLS 200-10] ----------------------------------------------------------------
Execute       create_rtl_model v_hcresampler_core.1_Pipeline_VITIS_LOOP_769_2 -top_prefix bd_197a_csc_0_ -sub_prefix bd_197a_csc_0_ -mg_file C:/TFG_Vivado/vivado/axu2cga_trd.runs/bd_197a_csc_0_synth_1/prj/sol/.autopilot/db/v_hcresampler_core_1_Pipeline_VITIS_LOOP_769_2.compgen.tcl 
INFO: [HLS 200-1030] Apply Unified Pipeline Control on module 'v_hcresampler_core_1_Pipeline_VITIS_LOOP_769_2' pipeline 'VITIS_LOOP_769_2' pipeline type 'loop pipeline'
INFO: [RTGEN 206-100] Finished creating RTL model for 'v_hcresampler_core_1_Pipeline_VITIS_LOOP_769_2'.
INFO: [HLS 200-111] Finished Creating RTL model: CPU user time: 0 seconds. CPU system time: 0 seconds. Elapsed time: 0.175 seconds; current allocated memory: 176.824 MB.
Execute       source C:/TFG_Vivado/vivado/axu2cga_trd.runs/bd_197a_csc_0_synth_1/prj/sol/.autopilot/db/v_csc.rtl_wrap.cfg.tcl 
Execute       gen_rtl v_hcresampler_core.1_Pipeline_VITIS_LOOP_769_2 -style xilinx -f -lang vhdl -o C:/TFG_Vivado/vivado/axu2cga_trd.runs/bd_197a_csc_0_synth_1/prj/sol/syn/vhdl/bd_197a_csc_0_v_hcresampler_core_1_Pipeline_VITIS_LOOP_769_2 
Execute       gen_rtl v_hcresampler_core.1_Pipeline_VITIS_LOOP_769_2 -style xilinx -f -lang vlog -o C:/TFG_Vivado/vivado/axu2cga_trd.runs/bd_197a_csc_0_synth_1/prj/sol/syn/verilog/bd_197a_csc_0_v_hcresampler_core_1_Pipeline_VITIS_LOOP_769_2 
Execute       syn_report -csynth -model v_hcresampler_core.1_Pipeline_VITIS_LOOP_769_2 -o C:/TFG_Vivado/vivado/axu2cga_trd.runs/bd_197a_csc_0_synth_1/prj/sol/syn/report/v_hcresampler_core_1_Pipeline_VITIS_LOOP_769_2_csynth.rpt 
Execute         list_part -family xczu2cg-sfvc784-1-e 
Execute           ap_family_info -name xczu2cg-sfvc784-1-e -data names 
Execute           ap_part_info -quiet -name xczu2cg-sfvc784-1-e -data family 
Execute       syn_report -rtlxml -model v_hcresampler_core.1_Pipeline_VITIS_LOOP_769_2 -o C:/TFG_Vivado/vivado/axu2cga_trd.runs/bd_197a_csc_0_synth_1/prj/sol/syn/report/v_hcresampler_core_1_Pipeline_VITIS_LOOP_769_2_csynth.xml 
Execute         list_part -family xczu2cg-sfvc784-1-e 
Execute           ap_family_info -name xczu2cg-sfvc784-1-e -data names 
Execute           ap_part_info -quiet -name xczu2cg-sfvc784-1-e -data family 
Execute       syn_report -verbosereport -model v_hcresampler_core.1_Pipeline_VITIS_LOOP_769_2 -o C:/TFG_Vivado/vivado/axu2cga_trd.runs/bd_197a_csc_0_synth_1/prj/sol/.autopilot/db/v_hcresampler_core_1_Pipeline_VITIS_LOOP_769_2.verbose.rpt 
Execute         list_part -family xczu2cg-sfvc784-1-e 
Execute           ap_family_info -name xczu2cg-sfvc784-1-e -data names 
Execute           ap_part_info -quiet -name xczu2cg-sfvc784-1-e -data family 
Execute       db_write -model v_hcresampler_core.1_Pipeline_VITIS_LOOP_769_2 -f -o C:/TFG_Vivado/vivado/axu2cga_trd.runs/bd_197a_csc_0_synth_1/prj/sol/.autopilot/db/v_hcresampler_core_1_Pipeline_VITIS_LOOP_769_2.adb 
Execute       db_write -model v_hcresampler_core.1_Pipeline_VITIS_LOOP_769_2 -bindview -o C:/TFG_Vivado/vivado/axu2cga_trd.runs/bd_197a_csc_0_synth_1/prj/sol/.autopilot/db/design.bindinfo.xml 
Execute       gen_tb_info v_hcresampler_core.1_Pipeline_VITIS_LOOP_769_2 -p C:/TFG_Vivado/vivado/axu2cga_trd.runs/bd_197a_csc_0_synth_1/prj/sol/.autopilot/db -o C:/TFG_Vivado/vivado/axu2cga_trd.runs/bd_197a_csc_0_synth_1/prj/sol/.autopilot/db/v_hcresampler_core_1_Pipeline_VITIS_LOOP_769_2 
INFO: [HLS 200-10] ----------------------------------------------------------------
INFO: [HLS 200-10] -- Generating RTL for module 'v_hcresampler_core_1' 
INFO: [HLS 200-10] ----------------------------------------------------------------
Execute       create_rtl_model v_hcresampler_core.1 -top_prefix bd_197a_csc_0_ -sub_prefix bd_197a_csc_0_ -mg_file C:/TFG_Vivado/vivado/axu2cga_trd.runs/bd_197a_csc_0_synth_1/prj/sol/.autopilot/db/v_hcresampler_core_1.compgen.tcl 
INFO: [RTGEN 206-100] Finished creating RTL model for 'v_hcresampler_core_1'.
INFO: [HLS 200-111] Finished Creating RTL model: CPU user time: 0 seconds. CPU system time: 0 seconds. Elapsed time: 0.195 seconds; current allocated memory: 180.777 MB.
Execute       source C:/TFG_Vivado/vivado/axu2cga_trd.runs/bd_197a_csc_0_synth_1/prj/sol/.autopilot/db/v_csc.rtl_wrap.cfg.tcl 
Execute       gen_rtl v_hcresampler_core.1 -style xilinx -f -lang vhdl -o C:/TFG_Vivado/vivado/axu2cga_trd.runs/bd_197a_csc_0_synth_1/prj/sol/syn/vhdl/bd_197a_csc_0_v_hcresampler_core_1 
Execute       gen_rtl v_hcresampler_core.1 -style xilinx -f -lang vlog -o C:/TFG_Vivado/vivado/axu2cga_trd.runs/bd_197a_csc_0_synth_1/prj/sol/syn/verilog/bd_197a_csc_0_v_hcresampler_core_1 
Execute       syn_report -csynth -model v_hcresampler_core.1 -o C:/TFG_Vivado/vivado/axu2cga_trd.runs/bd_197a_csc_0_synth_1/prj/sol/syn/report/v_hcresampler_core_1_csynth.rpt 
Execute         list_part -family xczu2cg-sfvc784-1-e 
Execute           ap_family_info -name xczu2cg-sfvc784-1-e -data names 
Execute           ap_part_info -quiet -name xczu2cg-sfvc784-1-e -data family 
Execute       syn_report -rtlxml -model v_hcresampler_core.1 -o C:/TFG_Vivado/vivado/axu2cga_trd.runs/bd_197a_csc_0_synth_1/prj/sol/syn/report/v_hcresampler_core_1_csynth.xml 
Execute         list_part -family xczu2cg-sfvc784-1-e 
Execute           ap_family_info -name xczu2cg-sfvc784-1-e -data names 
Execute           ap_part_info -quiet -name xczu2cg-sfvc784-1-e -data family 
Execute       syn_report -verbosereport -model v_hcresampler_core.1 -o C:/TFG_Vivado/vivado/axu2cga_trd.runs/bd_197a_csc_0_synth_1/prj/sol/.autopilot/db/v_hcresampler_core_1.verbose.rpt 
Execute         list_part -family xczu2cg-sfvc784-1-e 
Execute           ap_family_info -name xczu2cg-sfvc784-1-e -data names 
Execute           ap_part_info -quiet -name xczu2cg-sfvc784-1-e -data family 
Execute       db_write -model v_hcresampler_core.1 -f -o C:/TFG_Vivado/vivado/axu2cga_trd.runs/bd_197a_csc_0_synth_1/prj/sol/.autopilot/db/v_hcresampler_core_1.adb 
Execute       db_write -model v_hcresampler_core.1 -bindview -o C:/TFG_Vivado/vivado/axu2cga_trd.runs/bd_197a_csc_0_synth_1/prj/sol/.autopilot/db/design.bindinfo.xml 
Execute       gen_tb_info v_hcresampler_core.1 -p C:/TFG_Vivado/vivado/axu2cga_trd.runs/bd_197a_csc_0_synth_1/prj/sol/.autopilot/db -o C:/TFG_Vivado/vivado/axu2cga_trd.runs/bd_197a_csc_0_synth_1/prj/sol/.autopilot/db/v_hcresampler_core_1 
INFO: [HLS 200-10] ----------------------------------------------------------------
INFO: [HLS 200-10] -- Generating RTL for module 'MultiPixStream2AXIvideo_Pipeline_VITIS_LOOP_664_2' 
INFO: [HLS 200-10] ----------------------------------------------------------------
Execute       create_rtl_model MultiPixStream2AXIvideo_Pipeline_VITIS_LOOP_664_2 -top_prefix bd_197a_csc_0_ -sub_prefix bd_197a_csc_0_ -mg_file C:/TFG_Vivado/vivado/axu2cga_trd.runs/bd_197a_csc_0_synth_1/prj/sol/.autopilot/db/MultiPixStream2AXIvideo_Pipeline_VITIS_LOOP_664_2.compgen.tcl 
INFO: [HLS 200-1030] Apply Unified Pipeline Control on module 'MultiPixStream2AXIvideo_Pipeline_VITIS_LOOP_664_2' pipeline 'VITIS_LOOP_664_2' pipeline type 'loop pipeline'
INFO: [RTGEN 206-100] Finished creating RTL model for 'MultiPixStream2AXIvideo_Pipeline_VITIS_LOOP_664_2'.
INFO: [HLS 200-111] Finished Creating RTL model: CPU user time: 0 seconds. CPU system time: 0 seconds. Elapsed time: 0.204 seconds; current allocated memory: 182.902 MB.
Execute       source C:/TFG_Vivado/vivado/axu2cga_trd.runs/bd_197a_csc_0_synth_1/prj/sol/.autopilot/db/v_csc.rtl_wrap.cfg.tcl 
Execute       gen_rtl MultiPixStream2AXIvideo_Pipeline_VITIS_LOOP_664_2 -style xilinx -f -lang vhdl -o C:/TFG_Vivado/vivado/axu2cga_trd.runs/bd_197a_csc_0_synth_1/prj/sol/syn/vhdl/bd_197a_csc_0_MultiPixStream2AXIvideo_Pipeline_VITIS_LOOP_664_2 
Execute       gen_rtl MultiPixStream2AXIvideo_Pipeline_VITIS_LOOP_664_2 -style xilinx -f -lang vlog -o C:/TFG_Vivado/vivado/axu2cga_trd.runs/bd_197a_csc_0_synth_1/prj/sol/syn/verilog/bd_197a_csc_0_MultiPixStream2AXIvideo_Pipeline_VITIS_LOOP_664_2 
Execute       syn_report -csynth -model MultiPixStream2AXIvideo_Pipeline_VITIS_LOOP_664_2 -o C:/TFG_Vivado/vivado/axu2cga_trd.runs/bd_197a_csc_0_synth_1/prj/sol/syn/report/MultiPixStream2AXIvideo_Pipeline_VITIS_LOOP_664_2_csynth.rpt 
Execute         list_part -family xczu2cg-sfvc784-1-e 
Execute           ap_family_info -name xczu2cg-sfvc784-1-e -data names 
Execute           ap_part_info -quiet -name xczu2cg-sfvc784-1-e -data family 
Execute       syn_report -rtlxml -model MultiPixStream2AXIvideo_Pipeline_VITIS_LOOP_664_2 -o C:/TFG_Vivado/vivado/axu2cga_trd.runs/bd_197a_csc_0_synth_1/prj/sol/syn/report/MultiPixStream2AXIvideo_Pipeline_VITIS_LOOP_664_2_csynth.xml 
Execute         list_part -family xczu2cg-sfvc784-1-e 
Execute           ap_family_info -name xczu2cg-sfvc784-1-e -data names 
Execute           ap_part_info -quiet -name xczu2cg-sfvc784-1-e -data family 
Execute       syn_report -verbosereport -model MultiPixStream2AXIvideo_Pipeline_VITIS_LOOP_664_2 -o C:/TFG_Vivado/vivado/axu2cga_trd.runs/bd_197a_csc_0_synth_1/prj/sol/.autopilot/db/MultiPixStream2AXIvideo_Pipeline_VITIS_LOOP_664_2.verbose.rpt 
Execute         list_part -family xczu2cg-sfvc784-1-e 
Execute           ap_family_info -name xczu2cg-sfvc784-1-e -data names 
Execute           ap_part_info -quiet -name xczu2cg-sfvc784-1-e -data family 
Execute       db_write -model MultiPixStream2AXIvideo_Pipeline_VITIS_LOOP_664_2 -f -o C:/TFG_Vivado/vivado/axu2cga_trd.runs/bd_197a_csc_0_synth_1/prj/sol/.autopilot/db/MultiPixStream2AXIvideo_Pipeline_VITIS_LOOP_664_2.adb 
Execute       db_write -model MultiPixStream2AXIvideo_Pipeline_VITIS_LOOP_664_2 -bindview -o C:/TFG_Vivado/vivado/axu2cga_trd.runs/bd_197a_csc_0_synth_1/prj/sol/.autopilot/db/design.bindinfo.xml 
Execute       gen_tb_info MultiPixStream2AXIvideo_Pipeline_VITIS_LOOP_664_2 -p C:/TFG_Vivado/vivado/axu2cga_trd.runs/bd_197a_csc_0_synth_1/prj/sol/.autopilot/db -o C:/TFG_Vivado/vivado/axu2cga_trd.runs/bd_197a_csc_0_synth_1/prj/sol/.autopilot/db/MultiPixStream2AXIvideo_Pipeline_VITIS_LOOP_664_2 
INFO: [HLS 200-10] ----------------------------------------------------------------
INFO: [HLS 200-10] -- Generating RTL for module 'MultiPixStream2AXIvideo' 
INFO: [HLS 200-10] ----------------------------------------------------------------
Execute       create_rtl_model MultiPixStream2AXIvideo -top_prefix bd_197a_csc_0_ -sub_prefix bd_197a_csc_0_ -mg_file C:/TFG_Vivado/vivado/axu2cga_trd.runs/bd_197a_csc_0_synth_1/prj/sol/.autopilot/db/MultiPixStream2AXIvideo.compgen.tcl 
INFO: [RTGEN 206-100] Finished creating RTL model for 'MultiPixStream2AXIvideo'.
Command       create_rtl_model done; 0.113 sec.
INFO: [HLS 200-111] Finished Creating RTL model: CPU user time: 1 seconds. CPU system time: 0 seconds. Elapsed time: 0.282 seconds; current allocated memory: 184.266 MB.
Execute       source C:/TFG_Vivado/vivado/axu2cga_trd.runs/bd_197a_csc_0_synth_1/prj/sol/.autopilot/db/v_csc.rtl_wrap.cfg.tcl 
Execute       gen_rtl MultiPixStream2AXIvideo -style xilinx -f -lang vhdl -o C:/TFG_Vivado/vivado/axu2cga_trd.runs/bd_197a_csc_0_synth_1/prj/sol/syn/vhdl/bd_197a_csc_0_MultiPixStream2AXIvideo 
Execute       gen_rtl MultiPixStream2AXIvideo -style xilinx -f -lang vlog -o C:/TFG_Vivado/vivado/axu2cga_trd.runs/bd_197a_csc_0_synth_1/prj/sol/syn/verilog/bd_197a_csc_0_MultiPixStream2AXIvideo 
Execute       syn_report -csynth -model MultiPixStream2AXIvideo -o C:/TFG_Vivado/vivado/axu2cga_trd.runs/bd_197a_csc_0_synth_1/prj/sol/syn/report/MultiPixStream2AXIvideo_csynth.rpt 
Execute         list_part -family xczu2cg-sfvc784-1-e 
Execute           ap_family_info -name xczu2cg-sfvc784-1-e -data names 
Execute           ap_part_info -quiet -name xczu2cg-sfvc784-1-e -data family 
Execute       syn_report -rtlxml -model MultiPixStream2AXIvideo -o C:/TFG_Vivado/vivado/axu2cga_trd.runs/bd_197a_csc_0_synth_1/prj/sol/syn/report/MultiPixStream2AXIvideo_csynth.xml 
Execute         list_part -family xczu2cg-sfvc784-1-e 
Execute           ap_family_info -name xczu2cg-sfvc784-1-e -data names 
Execute           ap_part_info -quiet -name xczu2cg-sfvc784-1-e -data family 
Execute       syn_report -verbosereport -model MultiPixStream2AXIvideo -o C:/TFG_Vivado/vivado/axu2cga_trd.runs/bd_197a_csc_0_synth_1/prj/sol/.autopilot/db/MultiPixStream2AXIvideo.verbose.rpt 
Execute         list_part -family xczu2cg-sfvc784-1-e 
Execute           ap_family_info -name xczu2cg-sfvc784-1-e -data names 
Execute           ap_part_info -quiet -name xczu2cg-sfvc784-1-e -data family 
Execute       db_write -model MultiPixStream2AXIvideo -f -o C:/TFG_Vivado/vivado/axu2cga_trd.runs/bd_197a_csc_0_synth_1/prj/sol/.autopilot/db/MultiPixStream2AXIvideo.adb 
Execute       db_write -model MultiPixStream2AXIvideo -bindview -o C:/TFG_Vivado/vivado/axu2cga_trd.runs/bd_197a_csc_0_synth_1/prj/sol/.autopilot/db/design.bindinfo.xml 
Execute       gen_tb_info MultiPixStream2AXIvideo -p C:/TFG_Vivado/vivado/axu2cga_trd.runs/bd_197a_csc_0_synth_1/prj/sol/.autopilot/db -o C:/TFG_Vivado/vivado/axu2cga_trd.runs/bd_197a_csc_0_synth_1/prj/sol/.autopilot/db/MultiPixStream2AXIvideo 
INFO: [HLS 200-10] ----------------------------------------------------------------
INFO: [HLS 200-10] -- Generating RTL for module 'v_csc' 
INFO: [HLS 200-10] ----------------------------------------------------------------
Execute       create_rtl_model v_csc -top_prefix bd_197a_csc_0_ -sub_prefix bd_197a_csc_0_ -mg_file C:/TFG_Vivado/vivado/axu2cga_trd.runs/bd_197a_csc_0_synth_1/prj/sol/.autopilot/db/v_csc.compgen.tcl 
WARNING: [RTGEN 206-101] Design contains AXI ports. Reset is fixed to synchronous and active low.
INFO: [RTGEN 206-500] Setting interface mode on port 'v_csc/s_axis_video_V_data_V' to 'axis' (register, both mode).
INFO: [RTGEN 206-500] Setting interface mode on port 'v_csc/s_axis_video_V_keep_V' to 'axis' (register, both mode).
INFO: [RTGEN 206-500] Setting interface mode on port 'v_csc/s_axis_video_V_strb_V' to 'axis' (register, both mode).
INFO: [RTGEN 206-500] Setting interface mode on port 'v_csc/s_axis_video_V_user_V' to 'axis' (register, both mode).
INFO: [RTGEN 206-500] Setting interface mode on port 'v_csc/s_axis_video_V_last_V' to 'axis' (register, both mode).
INFO: [RTGEN 206-500] Setting interface mode on port 'v_csc/s_axis_video_V_id_V' to 'axis' (register, both mode).
INFO: [RTGEN 206-500] Setting interface mode on port 'v_csc/s_axis_video_V_dest_V' to 'axis' (register, both mode).
INFO: [RTGEN 206-500] Setting interface mode on port 'v_csc/InVideoFormat' to 's_axilite & ap_none'.
INFO: [RTGEN 206-500] Setting interface mode on port 'v_csc/OutVideoFormat' to 's_axilite & ap_none'.
INFO: [RTGEN 206-500] Setting interface mode on port 'v_csc/width' to 's_axilite & ap_none'.
INFO: [RTGEN 206-500] Setting interface mode on port 'v_csc/height' to 's_axilite & ap_none'.
INFO: [RTGEN 206-500] Setting interface mode on port 'v_csc/ColStart' to 's_axilite & ap_none'.
INFO: [RTGEN 206-500] Setting interface mode on port 'v_csc/ColEnd' to 's_axilite & ap_none'.
INFO: [RTGEN 206-500] Setting interface mode on port 'v_csc/RowStart' to 's_axilite & ap_none'.
INFO: [RTGEN 206-500] Setting interface mode on port 'v_csc/RowEnd' to 's_axilite & ap_none'.
INFO: [RTGEN 206-500] Setting interface mode on port 'v_csc/K11' to 's_axilite & ap_none'.
INFO: [RTGEN 206-500] Setting interface mode on port 'v_csc/K12' to 's_axilite & ap_none'.
INFO: [RTGEN 206-500] Setting interface mode on port 'v_csc/K13' to 's_axilite & ap_none'.
INFO: [RTGEN 206-500] Setting interface mode on port 'v_csc/K21' to 's_axilite & ap_none'.
INFO: [RTGEN 206-500] Setting interface mode on port 'v_csc/K22' to 's_axilite & ap_none'.
INFO: [RTGEN 206-500] Setting interface mode on port 'v_csc/K23' to 's_axilite & ap_none'.
INFO: [RTGEN 206-500] Setting interface mode on port 'v_csc/K31' to 's_axilite & ap_none'.
INFO: [RTGEN 206-500] Setting interface mode on port 'v_csc/K32' to 's_axilite & ap_none'.
INFO: [RTGEN 206-500] Setting interface mode on port 'v_csc/K33' to 's_axilite & ap_none'.
INFO: [RTGEN 206-500] Setting interface mode on port 'v_csc/ROffset' to 's_axilite & ap_none'.
INFO: [RTGEN 206-500] Setting interface mode on port 'v_csc/GOffset' to 's_axilite & ap_none'.
INFO: [RTGEN 206-500] Setting interface mode on port 'v_csc/BOffset' to 's_axilite & ap_none'.
INFO: [RTGEN 206-500] Setting interface mode on port 'v_csc/ClampMin' to 's_axilite & ap_none'.
INFO: [RTGEN 206-500] Setting interface mode on port 'v_csc/ClipMax' to 's_axilite & ap_none'.
INFO: [RTGEN 206-500] Setting interface mode on port 'v_csc/K11_2' to 's_axilite & ap_none'.
INFO: [RTGEN 206-500] Setting interface mode on port 'v_csc/K12_2' to 's_axilite & ap_none'.
INFO: [RTGEN 206-500] Setting interface mode on port 'v_csc/K13_2' to 's_axilite & ap_none'.
INFO: [RTGEN 206-500] Setting interface mode on port 'v_csc/K21_2' to 's_axilite & ap_none'.
INFO: [RTGEN 206-500] Setting interface mode on port 'v_csc/K22_2' to 's_axilite & ap_none'.
INFO: [RTGEN 206-500] Setting interface mode on port 'v_csc/K23_2' to 's_axilite & ap_none'.
INFO: [RTGEN 206-500] Setting interface mode on port 'v_csc/K31_2' to 's_axilite & ap_none'.
INFO: [RTGEN 206-500] Setting interface mode on port 'v_csc/K32_2' to 's_axilite & ap_none'.
INFO: [RTGEN 206-500] Setting interface mode on port 'v_csc/K33_2' to 's_axilite & ap_none'.
INFO: [RTGEN 206-500] Setting interface mode on port 'v_csc/ROffset_2' to 's_axilite & ap_none'.
INFO: [RTGEN 206-500] Setting interface mode on port 'v_csc/GOffset_2' to 's_axilite & ap_none'.
INFO: [RTGEN 206-500] Setting interface mode on port 'v_csc/BOffset_2' to 's_axilite & ap_none'.
INFO: [RTGEN 206-500] Setting interface mode on port 'v_csc/ClampMin_2' to 's_axilite & ap_none'.
INFO: [RTGEN 206-500] Setting interface mode on port 'v_csc/ClipMax_2' to 's_axilite & ap_none'.
INFO: [RTGEN 206-500] Setting interface mode on port 'v_csc/m_axis_video_V_data_V' to 'axis' (register, both mode).
INFO: [RTGEN 206-500] Setting interface mode on port 'v_csc/m_axis_video_V_keep_V' to 'axis' (register, both mode).
INFO: [RTGEN 206-500] Setting interface mode on port 'v_csc/m_axis_video_V_strb_V' to 'axis' (register, both mode).
INFO: [RTGEN 206-500] Setting interface mode on port 'v_csc/m_axis_video_V_user_V' to 'axis' (register, both mode).
INFO: [RTGEN 206-500] Setting interface mode on port 'v_csc/m_axis_video_V_last_V' to 'axis' (register, both mode).
INFO: [RTGEN 206-500] Setting interface mode on port 'v_csc/m_axis_video_V_id_V' to 'axis' (register, both mode).
INFO: [RTGEN 206-500] Setting interface mode on port 'v_csc/m_axis_video_V_dest_V' to 'axis' (register, both mode).
INFO: [RTGEN 206-500] Setting interface mode on function 'v_csc' to 's_axilite & ap_ctrl_hs'.
INFO: [RTGEN 206-100] Bundling port 'InVideoFormat', 'OutVideoFormat', 'width', 'height', 'ColStart', 'ColEnd', 'RowStart', 'RowEnd', 'K11', 'K12', 'K13', 'K21', 'K22', 'K23', 'K31', 'K32', 'K33', 'ROffset', 'GOffset', 'BOffset', 'ClampMin', 'ClipMax', 'K11_2', 'K12_2', 'K13_2', 'K21_2', 'K22_2', 'K23_2', 'K31_2', 'K32_2', 'K33_2', 'ROffset_2', 'GOffset_2', 'BOffset_2', 'ClampMin_2', 'ClipMax_2' to AXI-Lite port CTRL.
INFO: [RTGEN 206-100] Finished creating RTL model for 'v_csc'.
INFO: [RTMG 210-285] Implementing FIFO 'cond_loc_channel_U(bd_197a_csc_0_fifo_w1_d2_S)' using Shift Registers.
INFO: [RTMG 210-285] Implementing FIFO 'cond64_loc_channel_U(bd_197a_csc_0_fifo_w1_d4_S)' using Shift Registers.
INFO: [RTMG 210-285] Implementing FIFO 'stream_in_U(bd_197a_csc_0_fifo_w48_d16_S)' using Shift Registers.
INFO: [RTMG 210-285] Implementing FIFO 'stream_in_hresampled_U(bd_197a_csc_0_fifo_w48_d16_S)' using Shift Registers.
INFO: [RTMG 210-285] Implementing FIFO 'stream_csc_U(bd_197a_csc_0_fifo_w48_d16_S)' using Shift Registers.
INFO: [RTMG 210-285] Implementing FIFO 'stream_out_hresampled_U(bd_197a_csc_0_fifo_w48_d16_S)' using Shift Registers.
INFO: [RTMG 210-285] Implementing FIFO 'start_for_v_csc_core_U0_U(bd_197a_csc_0_start_for_v_csc_core_U0)' using Shift Registers.
INFO: [RTMG 210-285] Implementing FIFO 'start_for_MultiPixStream2AXIvideo_U0_U(bd_197a_csc_0_start_for_MultiPixStream2AXIvideo_U0)' using Shift Registers.
Command       create_rtl_model done; 1.815 sec.
INFO: [HLS 200-111] Finished Creating RTL model: CPU user time: 0 seconds. CPU system time: 0 seconds. Elapsed time: 2.029 seconds; current allocated memory: 185.496 MB.
Execute       source C:/TFG_Vivado/vivado/axu2cga_trd.runs/bd_197a_csc_0_synth_1/prj/sol/.autopilot/db/v_csc.rtl_wrap.cfg.tcl 
Execute       gen_rtl v_csc -istop -style xilinx -f -lang vhdl -o C:/TFG_Vivado/vivado/axu2cga_trd.runs/bd_197a_csc_0_synth_1/prj/sol/syn/vhdl/bd_197a_csc_0_v_csc 
Execute       gen_rtl v_csc -istop -style xilinx -f -lang vlog -o C:/TFG_Vivado/vivado/axu2cga_trd.runs/bd_197a_csc_0_synth_1/prj/sol/syn/verilog/bd_197a_csc_0_v_csc 
Execute       syn_report -csynth -model v_csc -o C:/TFG_Vivado/vivado/axu2cga_trd.runs/bd_197a_csc_0_synth_1/prj/sol/syn/report/v_csc_csynth.rpt 
Execute         list_part -family xczu2cg-sfvc784-1-e 
Execute           ap_family_info -name xczu2cg-sfvc784-1-e -data names 
Execute           ap_part_info -quiet -name xczu2cg-sfvc784-1-e -data family 
Execute       syn_report -rtlxml -model v_csc -o C:/TFG_Vivado/vivado/axu2cga_trd.runs/bd_197a_csc_0_synth_1/prj/sol/syn/report/v_csc_csynth.xml 
Execute         list_part -family xczu2cg-sfvc784-1-e 
Execute           ap_family_info -name xczu2cg-sfvc784-1-e -data names 
Execute           ap_part_info -quiet -name xczu2cg-sfvc784-1-e -data family 
Execute       syn_report -verbosereport -model v_csc -o C:/TFG_Vivado/vivado/axu2cga_trd.runs/bd_197a_csc_0_synth_1/prj/sol/.autopilot/db/v_csc.verbose.rpt 
Execute         list_part -family xczu2cg-sfvc784-1-e 
Execute           ap_family_info -name xczu2cg-sfvc784-1-e -data names 
Execute           ap_part_info -quiet -name xczu2cg-sfvc784-1-e -data family 
Execute       db_write -model v_csc -f -o C:/TFG_Vivado/vivado/axu2cga_trd.runs/bd_197a_csc_0_synth_1/prj/sol/.autopilot/db/v_csc.adb 
Execute       db_write -model v_csc -bindview -o C:/TFG_Vivado/vivado/axu2cga_trd.runs/bd_197a_csc_0_synth_1/prj/sol/.autopilot/db/design.bindinfo.xml 
Execute       gen_tb_info v_csc -p C:/TFG_Vivado/vivado/axu2cga_trd.runs/bd_197a_csc_0_synth_1/prj/sol/.autopilot/db -o C:/TFG_Vivado/vivado/axu2cga_trd.runs/bd_197a_csc_0_synth_1/prj/sol/.autopilot/db/v_csc 
Execute       export_constraint_db -f -tool general -o C:/TFG_Vivado/vivado/axu2cga_trd.runs/bd_197a_csc_0_synth_1/prj/sol/.autopilot/db/v_csc.constraint.tcl 
Execute       syn_report -designview -model v_csc -o C:/TFG_Vivado/vivado/axu2cga_trd.runs/bd_197a_csc_0_synth_1/prj/sol/.autopilot/db/v_csc.design.xml 
Execute       syn_report -csynthDesign -model v_csc -o C:/TFG_Vivado/vivado/axu2cga_trd.runs/bd_197a_csc_0_synth_1/prj/sol/syn/report/csynth.rpt -MHOut C:/TFG_Vivado/vivado/axu2cga_trd.runs/bd_197a_csc_0_synth_1/prj/sol/.autopilot/db/kernel_module_hierarchy.tcl 
Execute         list_part -family xczu2cg-sfvc784-1-e 
Execute           ap_family_info -name xczu2cg-sfvc784-1-e -data names 
Execute           ap_part_info -quiet -name xczu2cg-sfvc784-1-e -data family 
Execute       syn_report -wcfg -model v_csc -o C:/TFG_Vivado/vivado/axu2cga_trd.runs/bd_197a_csc_0_synth_1/prj/sol/.autopilot/db/v_csc_dataflow_ana.wcfg 
Command       syn_report done; 0.101 sec.
Execute       syn_report -protoinst -model v_csc -o C:/TFG_Vivado/vivado/axu2cga_trd.runs/bd_197a_csc_0_synth_1/prj/sol/.autopilot/db/v_csc.protoinst 
Command       syn_report done; 0.124 sec.
Execute       sc_get_clocks v_csc 
Execute       sc_get_portdomain v_csc 
INFO-FLOW: Model list for RTL component generation: Block_entry_proc.1 {reg<unsigned short>} AXIvideo2MultiPixStream_Pipeline_loop_wait_for_start AXIvideo2MultiPixStream_Pipeline_loop_width AXIvideo2MultiPixStream_Pipeline_loop_wait_for_eol AXIvideo2MultiPixStream v_hcresampler_core_Pipeline_VITIS_LOOP_769_2 v_hcresampler_core v_csc_core_Pipeline_VITIS_LOOP_136_2 v_csc_core v_hcresampler_core.1_Pipeline_VITIS_LOOP_769_2 v_hcresampler_core.1 MultiPixStream2AXIvideo_Pipeline_VITIS_LOOP_664_2 MultiPixStream2AXIvideo v_csc
INFO-FLOW: Handling components in module [Block_entry_proc_1] ... 
Execute       source C:/TFG_Vivado/vivado/axu2cga_trd.runs/bd_197a_csc_0_synth_1/prj/sol/.autopilot/db/Block_entry_proc_1.compgen.tcl 
INFO-FLOW: Handling components in module [reg_unsigned_short_s] ... 
Execute       source C:/TFG_Vivado/vivado/axu2cga_trd.runs/bd_197a_csc_0_synth_1/prj/sol/.autopilot/db/reg_unsigned_short_s.compgen.tcl 
INFO-FLOW: Handling components in module [AXIvideo2MultiPixStream_Pipeline_loop_wait_for_start] ... 
Execute       source C:/TFG_Vivado/vivado/axu2cga_trd.runs/bd_197a_csc_0_synth_1/prj/sol/.autopilot/db/AXIvideo2MultiPixStream_Pipeline_loop_wait_for_start.compgen.tcl 
INFO-FLOW: Found component bd_197a_csc_0_flow_control_loop_pipe_sequential_init.
INFO-FLOW: Append model bd_197a_csc_0_flow_control_loop_pipe_sequential_init
INFO-FLOW: Handling components in module [AXIvideo2MultiPixStream_Pipeline_loop_width] ... 
Execute       source C:/TFG_Vivado/vivado/axu2cga_trd.runs/bd_197a_csc_0_synth_1/prj/sol/.autopilot/db/AXIvideo2MultiPixStream_Pipeline_loop_width.compgen.tcl 
INFO-FLOW: Found component bd_197a_csc_0_sparsemux_5_8_8_1_1.
INFO-FLOW: Append model bd_197a_csc_0_sparsemux_5_8_8_1_1
INFO-FLOW: Found component bd_197a_csc_0_flow_control_loop_pipe_sequential_init.
INFO-FLOW: Append model bd_197a_csc_0_flow_control_loop_pipe_sequential_init
INFO-FLOW: Handling components in module [AXIvideo2MultiPixStream_Pipeline_loop_wait_for_eol] ... 
Execute       source C:/TFG_Vivado/vivado/axu2cga_trd.runs/bd_197a_csc_0_synth_1/prj/sol/.autopilot/db/AXIvideo2MultiPixStream_Pipeline_loop_wait_for_eol.compgen.tcl 
INFO-FLOW: Found component bd_197a_csc_0_flow_control_loop_pipe_sequential_init.
INFO-FLOW: Append model bd_197a_csc_0_flow_control_loop_pipe_sequential_init
INFO-FLOW: Handling components in module [AXIvideo2MultiPixStream] ... 
Execute       source C:/TFG_Vivado/vivado/axu2cga_trd.runs/bd_197a_csc_0_synth_1/prj/sol/.autopilot/db/AXIvideo2MultiPixStream.compgen.tcl 
INFO-FLOW: Found component bd_197a_csc_0_regslice_both.
INFO-FLOW: Append model bd_197a_csc_0_regslice_both
INFO-FLOW: Found component bd_197a_csc_0_regslice_both.
INFO-FLOW: Append model bd_197a_csc_0_regslice_both
INFO-FLOW: Found component bd_197a_csc_0_regslice_both.
INFO-FLOW: Append model bd_197a_csc_0_regslice_both
INFO-FLOW: Found component bd_197a_csc_0_regslice_both.
INFO-FLOW: Append model bd_197a_csc_0_regslice_both
INFO-FLOW: Found component bd_197a_csc_0_regslice_both.
INFO-FLOW: Append model bd_197a_csc_0_regslice_both
INFO-FLOW: Found component bd_197a_csc_0_regslice_both.
INFO-FLOW: Append model bd_197a_csc_0_regslice_both
INFO-FLOW: Found component bd_197a_csc_0_regslice_both.
INFO-FLOW: Append model bd_197a_csc_0_regslice_both
INFO-FLOW: Handling components in module [v_hcresampler_core_Pipeline_VITIS_LOOP_769_2] ... 
Execute       source C:/TFG_Vivado/vivado/axu2cga_trd.runs/bd_197a_csc_0_synth_1/prj/sol/.autopilot/db/v_hcresampler_core_Pipeline_VITIS_LOOP_769_2.compgen.tcl 
INFO-FLOW: Found component bd_197a_csc_0_flow_control_loop_pipe_sequential_init.
INFO-FLOW: Append model bd_197a_csc_0_flow_control_loop_pipe_sequential_init
INFO-FLOW: Handling components in module [v_hcresampler_core] ... 
Execute       source C:/TFG_Vivado/vivado/axu2cga_trd.runs/bd_197a_csc_0_synth_1/prj/sol/.autopilot/db/v_hcresampler_core.compgen.tcl 
INFO-FLOW: Handling components in module [v_csc_core_Pipeline_VITIS_LOOP_136_2] ... 
Execute       source C:/TFG_Vivado/vivado/axu2cga_trd.runs/bd_197a_csc_0_synth_1/prj/sol/.autopilot/db/v_csc_core_Pipeline_VITIS_LOOP_136_2.compgen.tcl 
INFO-FLOW: Found component bd_197a_csc_0_mul_16s_8ns_24_1_1.
INFO-FLOW: Append model bd_197a_csc_0_mul_16s_8ns_24_1_1
INFO-FLOW: Found component bd_197a_csc_0_mul_8ns_16s_24_1_1.
INFO-FLOW: Append model bd_197a_csc_0_mul_8ns_16s_24_1_1
INFO-FLOW: Found component bd_197a_csc_0_mac_muladd_16s_8ns_22s_25_4_1.
INFO-FLOW: Append model bd_197a_csc_0_mac_muladd_16s_8ns_22s_25_4_1
INFO-FLOW: Found component bd_197a_csc_0_mac_muladd_16s_8ns_12ns_24_4_1.
INFO-FLOW: Append model bd_197a_csc_0_mac_muladd_16s_8ns_12ns_24_4_1
INFO-FLOW: Found component bd_197a_csc_0_flow_control_loop_pipe_sequential_init.
INFO-FLOW: Append model bd_197a_csc_0_flow_control_loop_pipe_sequential_init
INFO-FLOW: Handling components in module [v_csc_core] ... 
Execute       source C:/TFG_Vivado/vivado/axu2cga_trd.runs/bd_197a_csc_0_synth_1/prj/sol/.autopilot/db/v_csc_core.compgen.tcl 
INFO-FLOW: Handling components in module [v_hcresampler_core_1_Pipeline_VITIS_LOOP_769_2] ... 
Execute       source C:/TFG_Vivado/vivado/axu2cga_trd.runs/bd_197a_csc_0_synth_1/prj/sol/.autopilot/db/v_hcresampler_core_1_Pipeline_VITIS_LOOP_769_2.compgen.tcl 
INFO-FLOW: Found component bd_197a_csc_0_flow_control_loop_pipe_sequential_init.
INFO-FLOW: Append model bd_197a_csc_0_flow_control_loop_pipe_sequential_init
INFO-FLOW: Handling components in module [v_hcresampler_core_1] ... 
Execute       source C:/TFG_Vivado/vivado/axu2cga_trd.runs/bd_197a_csc_0_synth_1/prj/sol/.autopilot/db/v_hcresampler_core_1.compgen.tcl 
INFO-FLOW: Handling components in module [MultiPixStream2AXIvideo_Pipeline_VITIS_LOOP_664_2] ... 
Execute       source C:/TFG_Vivado/vivado/axu2cga_trd.runs/bd_197a_csc_0_synth_1/prj/sol/.autopilot/db/MultiPixStream2AXIvideo_Pipeline_VITIS_LOOP_664_2.compgen.tcl 
INFO-FLOW: Found component bd_197a_csc_0_flow_control_loop_pipe_sequential_init.
INFO-FLOW: Append model bd_197a_csc_0_flow_control_loop_pipe_sequential_init
INFO-FLOW: Handling components in module [MultiPixStream2AXIvideo] ... 
Execute       source C:/TFG_Vivado/vivado/axu2cga_trd.runs/bd_197a_csc_0_synth_1/prj/sol/.autopilot/db/MultiPixStream2AXIvideo.compgen.tcl 
INFO-FLOW: Found component bd_197a_csc_0_regslice_both.
INFO-FLOW: Append model bd_197a_csc_0_regslice_both
INFO-FLOW: Found component bd_197a_csc_0_regslice_both.
INFO-FLOW: Append model bd_197a_csc_0_regslice_both
INFO-FLOW: Found component bd_197a_csc_0_regslice_both.
INFO-FLOW: Append model bd_197a_csc_0_regslice_both
INFO-FLOW: Found component bd_197a_csc_0_regslice_both.
INFO-FLOW: Append model bd_197a_csc_0_regslice_both
INFO-FLOW: Found component bd_197a_csc_0_regslice_both.
INFO-FLOW: Append model bd_197a_csc_0_regslice_both
INFO-FLOW: Found component bd_197a_csc_0_regslice_both.
INFO-FLOW: Append model bd_197a_csc_0_regslice_both
INFO-FLOW: Found component bd_197a_csc_0_regslice_both.
INFO-FLOW: Append model bd_197a_csc_0_regslice_both
INFO-FLOW: Handling components in module [v_csc] ... 
Execute       source C:/TFG_Vivado/vivado/axu2cga_trd.runs/bd_197a_csc_0_synth_1/prj/sol/.autopilot/db/v_csc.compgen.tcl 
INFO-FLOW: Found component bd_197a_csc_0_fifo_w1_d2_S.
INFO-FLOW: Append model bd_197a_csc_0_fifo_w1_d2_S
INFO-FLOW: Found component bd_197a_csc_0_fifo_w1_d4_S.
INFO-FLOW: Append model bd_197a_csc_0_fifo_w1_d4_S
INFO-FLOW: Found component bd_197a_csc_0_fifo_w48_d16_S.
INFO-FLOW: Append model bd_197a_csc_0_fifo_w48_d16_S
INFO-FLOW: Found component bd_197a_csc_0_fifo_w48_d16_S.
INFO-FLOW: Append model bd_197a_csc_0_fifo_w48_d16_S
INFO-FLOW: Found component bd_197a_csc_0_fifo_w48_d16_S.
INFO-FLOW: Append model bd_197a_csc_0_fifo_w48_d16_S
INFO-FLOW: Found component bd_197a_csc_0_fifo_w48_d16_S.
INFO-FLOW: Append model bd_197a_csc_0_fifo_w48_d16_S
INFO-FLOW: Found component bd_197a_csc_0_start_for_v_csc_core_U0.
INFO-FLOW: Append model bd_197a_csc_0_start_for_v_csc_core_U0
INFO-FLOW: Found component bd_197a_csc_0_start_for_MultiPixStream2AXIvideo_U0.
INFO-FLOW: Append model bd_197a_csc_0_start_for_MultiPixStream2AXIvideo_U0
INFO-FLOW: Found component bd_197a_csc_0_CTRL_s_axi.
INFO-FLOW: Append model bd_197a_csc_0_CTRL_s_axi
INFO-FLOW: Append model Block_entry_proc_1
INFO-FLOW: Append model reg_unsigned_short_s
INFO-FLOW: Append model AXIvideo2MultiPixStream_Pipeline_loop_wait_for_start
INFO-FLOW: Append model AXIvideo2MultiPixStream_Pipeline_loop_width
INFO-FLOW: Append model AXIvideo2MultiPixStream_Pipeline_loop_wait_for_eol
INFO-FLOW: Append model AXIvideo2MultiPixStream
INFO-FLOW: Append model v_hcresampler_core_Pipeline_VITIS_LOOP_769_2
INFO-FLOW: Append model v_hcresampler_core
INFO-FLOW: Append model v_csc_core_Pipeline_VITIS_LOOP_136_2
INFO-FLOW: Append model v_csc_core
INFO-FLOW: Append model v_hcresampler_core_1_Pipeline_VITIS_LOOP_769_2
INFO-FLOW: Append model v_hcresampler_core_1
INFO-FLOW: Append model MultiPixStream2AXIvideo_Pipeline_VITIS_LOOP_664_2
INFO-FLOW: Append model MultiPixStream2AXIvideo
INFO-FLOW: Append model v_csc
INFO-FLOW: Generating RTL model list ...
INFO-FLOW: All models in this session: bd_197a_csc_0_flow_control_loop_pipe_sequential_init bd_197a_csc_0_sparsemux_5_8_8_1_1 bd_197a_csc_0_flow_control_loop_pipe_sequential_init bd_197a_csc_0_flow_control_loop_pipe_sequential_init bd_197a_csc_0_regslice_both bd_197a_csc_0_regslice_both bd_197a_csc_0_regslice_both bd_197a_csc_0_regslice_both bd_197a_csc_0_regslice_both bd_197a_csc_0_regslice_both bd_197a_csc_0_regslice_both bd_197a_csc_0_flow_control_loop_pipe_sequential_init bd_197a_csc_0_mul_16s_8ns_24_1_1 bd_197a_csc_0_mul_8ns_16s_24_1_1 bd_197a_csc_0_mac_muladd_16s_8ns_22s_25_4_1 bd_197a_csc_0_mac_muladd_16s_8ns_12ns_24_4_1 bd_197a_csc_0_flow_control_loop_pipe_sequential_init bd_197a_csc_0_flow_control_loop_pipe_sequential_init bd_197a_csc_0_flow_control_loop_pipe_sequential_init bd_197a_csc_0_regslice_both bd_197a_csc_0_regslice_both bd_197a_csc_0_regslice_both bd_197a_csc_0_regslice_both bd_197a_csc_0_regslice_both bd_197a_csc_0_regslice_both bd_197a_csc_0_regslice_both bd_197a_csc_0_fifo_w1_d2_S bd_197a_csc_0_fifo_w1_d4_S bd_197a_csc_0_fifo_w48_d16_S bd_197a_csc_0_fifo_w48_d16_S bd_197a_csc_0_fifo_w48_d16_S bd_197a_csc_0_fifo_w48_d16_S bd_197a_csc_0_start_for_v_csc_core_U0 bd_197a_csc_0_start_for_MultiPixStream2AXIvideo_U0 bd_197a_csc_0_CTRL_s_axi Block_entry_proc_1 reg_unsigned_short_s AXIvideo2MultiPixStream_Pipeline_loop_wait_for_start AXIvideo2MultiPixStream_Pipeline_loop_width AXIvideo2MultiPixStream_Pipeline_loop_wait_for_eol AXIvideo2MultiPixStream v_hcresampler_core_Pipeline_VITIS_LOOP_769_2 v_hcresampler_core v_csc_core_Pipeline_VITIS_LOOP_136_2 v_csc_core v_hcresampler_core_1_Pipeline_VITIS_LOOP_769_2 v_hcresampler_core_1 MultiPixStream2AXIvideo_Pipeline_VITIS_LOOP_664_2 MultiPixStream2AXIvideo v_csc
INFO-FLOW: Generating C:/TFG_Vivado/vivado/axu2cga_trd.runs/bd_197a_csc_0_synth_1/prj/sol/.autopilot/db/autopilot.rtl.models.txt file...
INFO-FLOW: To file: write model bd_197a_csc_0_flow_control_loop_pipe_sequential_init
INFO-FLOW: To file: write model bd_197a_csc_0_sparsemux_5_8_8_1_1
INFO-FLOW: To file: write model bd_197a_csc_0_flow_control_loop_pipe_sequential_init
INFO-FLOW: To file: write model bd_197a_csc_0_flow_control_loop_pipe_sequential_init
INFO-FLOW: To file: write model bd_197a_csc_0_regslice_both
INFO-FLOW: To file: write model bd_197a_csc_0_regslice_both
INFO-FLOW: To file: write model bd_197a_csc_0_regslice_both
INFO-FLOW: To file: write model bd_197a_csc_0_regslice_both
INFO-FLOW: To file: write model bd_197a_csc_0_regslice_both
INFO-FLOW: To file: write model bd_197a_csc_0_regslice_both
INFO-FLOW: To file: write model bd_197a_csc_0_regslice_both
INFO-FLOW: To file: write model bd_197a_csc_0_flow_control_loop_pipe_sequential_init
INFO-FLOW: To file: write model bd_197a_csc_0_mul_16s_8ns_24_1_1
INFO-FLOW: To file: write model bd_197a_csc_0_mul_8ns_16s_24_1_1
INFO-FLOW: To file: write model bd_197a_csc_0_mac_muladd_16s_8ns_22s_25_4_1
INFO-FLOW: To file: write model bd_197a_csc_0_mac_muladd_16s_8ns_12ns_24_4_1
INFO-FLOW: To file: write model bd_197a_csc_0_flow_control_loop_pipe_sequential_init
INFO-FLOW: To file: write model bd_197a_csc_0_flow_control_loop_pipe_sequential_init
INFO-FLOW: To file: write model bd_197a_csc_0_flow_control_loop_pipe_sequential_init
INFO-FLOW: To file: write model bd_197a_csc_0_regslice_both
INFO-FLOW: To file: write model bd_197a_csc_0_regslice_both
INFO-FLOW: To file: write model bd_197a_csc_0_regslice_both
INFO-FLOW: To file: write model bd_197a_csc_0_regslice_both
INFO-FLOW: To file: write model bd_197a_csc_0_regslice_both
INFO-FLOW: To file: write model bd_197a_csc_0_regslice_both
INFO-FLOW: To file: write model bd_197a_csc_0_regslice_both
INFO-FLOW: To file: write model bd_197a_csc_0_fifo_w1_d2_S
INFO-FLOW: To file: write model bd_197a_csc_0_fifo_w1_d4_S
INFO-FLOW: To file: write model bd_197a_csc_0_fifo_w48_d16_S
INFO-FLOW: To file: write model bd_197a_csc_0_fifo_w48_d16_S
INFO-FLOW: To file: write model bd_197a_csc_0_fifo_w48_d16_S
INFO-FLOW: To file: write model bd_197a_csc_0_fifo_w48_d16_S
INFO-FLOW: To file: write model bd_197a_csc_0_start_for_v_csc_core_U0
INFO-FLOW: To file: write model bd_197a_csc_0_start_for_MultiPixStream2AXIvideo_U0
INFO-FLOW: To file: write model bd_197a_csc_0_CTRL_s_axi
INFO-FLOW: To file: write model Block_entry_proc_1
INFO-FLOW: To file: write model reg_unsigned_short_s
INFO-FLOW: To file: write model AXIvideo2MultiPixStream_Pipeline_loop_wait_for_start
INFO-FLOW: To file: write model AXIvideo2MultiPixStream_Pipeline_loop_width
INFO-FLOW: To file: write model AXIvideo2MultiPixStream_Pipeline_loop_wait_for_eol
INFO-FLOW: To file: write model AXIvideo2MultiPixStream
INFO-FLOW: To file: write model v_hcresampler_core_Pipeline_VITIS_LOOP_769_2
INFO-FLOW: To file: write model v_hcresampler_core
INFO-FLOW: To file: write model v_csc_core_Pipeline_VITIS_LOOP_136_2
INFO-FLOW: To file: write model v_csc_core
INFO-FLOW: To file: write model v_hcresampler_core_1_Pipeline_VITIS_LOOP_769_2
INFO-FLOW: To file: write model v_hcresampler_core_1
INFO-FLOW: To file: write model MultiPixStream2AXIvideo_Pipeline_VITIS_LOOP_664_2
INFO-FLOW: To file: write model MultiPixStream2AXIvideo
INFO-FLOW: To file: write model v_csc
INFO-FLOW: Generating C:/TFG_Vivado/vivado/axu2cga_trd.runs/bd_197a_csc_0_synth_1/prj/sol/.autopilot/db/autopilot.rtl.models.tcl file...
INFO-FLOW: Finished generating RTL model list.


INFO-FLOW: RTL Generation done.
INFO-FLOW: CAS Generation done.
INFO-FLOW: CBC Generation done.
Execute       AP::msg_collection_file -close 
INFO-FLOW: DBG:PROC: ::AESL_AUTOMG::auto_generate_csynth_design
INFO-FLOW: DBG:PUTS: read_platform_lib C:/TFG_Vivado/vivado/axu2cga_trd.runs/bd_197a_csc_0_synth_1/prj/sol/.autopilot/db/global.setting.tcl
Execute       source C:/AMDDesignTools/2025.2/Vitis/common/technology/generic/autopilot/common.gen 
Execute         source C:/AMDDesignTools/2025.2/Vitis/common/technology/generic/autopilot/APCoreGen.gen 
Command         ap_source done; 0.204 sec.
Command       ap_source done; 0.281 sec.
Execute       source C:/AMDDesignTools/2025.2/Vitis/common/technology/generic/autopilot/op.gen 
Command       ap_source done; 0.117 sec.
Execute       source C:/AMDDesignTools/2025.2/Vitis/common/technology/generic/autopilot/op_simcore.gen 
Execute       source C:/AMDDesignTools/2025.2/Vitis/common/technology/generic/autopilot/interface.gen 
Execute       source C:/TFG_Vivado/vivado/axu2cga_trd.runs/bd_197a_csc_0_synth_1/prj/sol/.autopilot/db/global.setting.tcl 
Execute       source C:/AMDDesignTools/2025.2/Vitis/common/technology/xilinx/common/xilinx.gen 
Execute         source C:/AMDDesignTools/2025.2/Vitis/common/technology/xilinx/interface/plb46.gen 
Command         ap_source done; 0.233 sec.
Execute         source C:/AMDDesignTools/2025.2/Vitis/common/technology/xilinx/interface/axi4.gen 
Execute         source C:/AMDDesignTools/2025.2/Vitis/common/technology/xilinx/interface/nativeAXI4.gen 
Execute           source C:/AMDDesignTools/2025.2/Vitis/common/technology/xilinx/interface/saxilite.gen 
Command           ap_source done; 0.46 sec.
Command         ap_source done; 0.463 sec.
Execute         source C:/AMDDesignTools/2025.2/Vitis/common/technology/xilinx/scripts/xilinxcoregen.gen 
Execute         source C:/AMDDesignTools/2025.2/Vitis/common/technology/xilinx/interface/XilEDKCoreGen.gen 
Command         ap_source done; 0.34 sec.
Execute         source C:/AMDDesignTools/2025.2/Vitis/common/technology/xilinx/ip/dds_compiler.gen 
Command         ap_source done; 0.14 sec.
Execute         source C:/AMDDesignTools/2025.2/Vitis/common/technology/xilinx/ip/util.gen 
Execute         source C:/AMDDesignTools/2025.2/Vitis/common/technology/xilinx/ip/xfft.gen 
Command         ap_source done; 2.385 sec.
Execute         source C:/AMDDesignTools/2025.2/Vitis/common/technology/xilinx/ip/xfir.gen 
Execute         source C:/AMDDesignTools/2025.2/Vitis/common/technology/xilinx/DSP48/dsp48.gen 
Command       ap_source done; 3.768 sec.
INFO-FLOW: DBG:PUTS:   using AESL_AUTOCG::g_clock_period=5.000 (was NA)
INFO-FLOW: DBG:PROC: ::AESL_AUTOMG::generate_ip_cores gen_sim_model='1' gen_fp_models='0' gen_for_export='0' dstSCDir='' dstVhdlDir='C:/TFG_Vivado/vivado/axu2cga_trd.runs/bd_197a_csc_0_synth_1/prj/sol/.autopilot/db/vhdl' dstVlogDir='C:/TFG_Vivado/vivado/axu2cga_trd.runs/bd_197a_csc_0_synth_1/prj/sol/.autopilot/db/vlog' tclDir='C:/TFG_Vivado/vivado/axu2cga_trd.runs/bd_197a_csc_0_synth_1/prj/sol/.autopilot/db' modelList='bd_197a_csc_0_flow_control_loop_pipe_sequential_init
bd_197a_csc_0_sparsemux_5_8_8_1_1
bd_197a_csc_0_flow_control_loop_pipe_sequential_init
bd_197a_csc_0_flow_control_loop_pipe_sequential_init
bd_197a_csc_0_regslice_both
bd_197a_csc_0_regslice_both
bd_197a_csc_0_regslice_both
bd_197a_csc_0_regslice_both
bd_197a_csc_0_regslice_both
bd_197a_csc_0_regslice_both
bd_197a_csc_0_regslice_both
bd_197a_csc_0_flow_control_loop_pipe_sequential_init
bd_197a_csc_0_mul_16s_8ns_24_1_1
bd_197a_csc_0_mul_8ns_16s_24_1_1
bd_197a_csc_0_mac_muladd_16s_8ns_22s_25_4_1
bd_197a_csc_0_mac_muladd_16s_8ns_12ns_24_4_1
bd_197a_csc_0_flow_control_loop_pipe_sequential_init
bd_197a_csc_0_flow_control_loop_pipe_sequential_init
bd_197a_csc_0_flow_control_loop_pipe_sequential_init
bd_197a_csc_0_regslice_both
bd_197a_csc_0_regslice_both
bd_197a_csc_0_regslice_both
bd_197a_csc_0_regslice_both
bd_197a_csc_0_regslice_both
bd_197a_csc_0_regslice_both
bd_197a_csc_0_regslice_both
bd_197a_csc_0_fifo_w1_d2_S
bd_197a_csc_0_fifo_w1_d4_S
bd_197a_csc_0_fifo_w48_d16_S
bd_197a_csc_0_fifo_w48_d16_S
bd_197a_csc_0_fifo_w48_d16_S
bd_197a_csc_0_fifo_w48_d16_S
bd_197a_csc_0_start_for_v_csc_core_U0
bd_197a_csc_0_start_for_MultiPixStream2AXIvideo_U0
bd_197a_csc_0_CTRL_s_axi
Block_entry_proc_1
reg_unsigned_short_s
AXIvideo2MultiPixStream_Pipeline_loop_wait_for_start
AXIvideo2MultiPixStream_Pipeline_loop_width
AXIvideo2MultiPixStream_Pipeline_loop_wait_for_eol
AXIvideo2MultiPixStream
v_hcresampler_core_Pipeline_VITIS_LOOP_769_2
v_hcresampler_core
v_csc_core_Pipeline_VITIS_LOOP_136_2
v_csc_core
v_hcresampler_core_1_Pipeline_VITIS_LOOP_769_2
v_hcresampler_core_1
MultiPixStream2AXIvideo_Pipeline_VITIS_LOOP_664_2
MultiPixStream2AXIvideo
v_csc
' expOnly='0'
Execute       source C:/TFG_Vivado/vivado/axu2cga_trd.runs/bd_197a_csc_0_synth_1/prj/sol/.autopilot/db/global.setting.tcl 
Execute       ap_part_info -name xczu2cg-sfvc784-1-e -data names -quiet 
Execute       ap_part_info -name xczu2cg-sfvc784-1-e -data info -quiet 
Execute       source C:/TFG_Vivado/vivado/axu2cga_trd.runs/bd_197a_csc_0_synth_1/prj/sol/.autopilot/db/global.setting.tcl 
Execute       source C:/TFG_Vivado/vivado/axu2cga_trd.runs/bd_197a_csc_0_synth_1/prj/sol/.autopilot/db/global.setting.tcl 
Execute       source C:/TFG_Vivado/vivado/axu2cga_trd.runs/bd_197a_csc_0_synth_1/prj/sol/.autopilot/db/Block_entry_proc_1.compgen.tcl 
Execute       source C:/TFG_Vivado/vivado/axu2cga_trd.runs/bd_197a_csc_0_synth_1/prj/sol/.autopilot/db/reg_unsigned_short_s.compgen.tcl 
Execute       source C:/TFG_Vivado/vivado/axu2cga_trd.runs/bd_197a_csc_0_synth_1/prj/sol/.autopilot/db/AXIvideo2MultiPixStream_Pipeline_loop_wait_for_start.compgen.tcl 
Execute       source C:/TFG_Vivado/vivado/axu2cga_trd.runs/bd_197a_csc_0_synth_1/prj/sol/.autopilot/db/AXIvideo2MultiPixStream_Pipeline_loop_width.compgen.tcl 
Execute       source C:/TFG_Vivado/vivado/axu2cga_trd.runs/bd_197a_csc_0_synth_1/prj/sol/.autopilot/db/AXIvideo2MultiPixStream_Pipeline_loop_wait_for_eol.compgen.tcl 
Execute       source C:/TFG_Vivado/vivado/axu2cga_trd.runs/bd_197a_csc_0_synth_1/prj/sol/.autopilot/db/AXIvideo2MultiPixStream.compgen.tcl 
Execute       source C:/TFG_Vivado/vivado/axu2cga_trd.runs/bd_197a_csc_0_synth_1/prj/sol/.autopilot/db/v_hcresampler_core_Pipeline_VITIS_LOOP_769_2.compgen.tcl 
Execute       source C:/TFG_Vivado/vivado/axu2cga_trd.runs/bd_197a_csc_0_synth_1/prj/sol/.autopilot/db/v_hcresampler_core.compgen.tcl 
Execute       source C:/TFG_Vivado/vivado/axu2cga_trd.runs/bd_197a_csc_0_synth_1/prj/sol/.autopilot/db/v_csc_core_Pipeline_VITIS_LOOP_136_2.compgen.tcl 
Execute       source C:/TFG_Vivado/vivado/axu2cga_trd.runs/bd_197a_csc_0_synth_1/prj/sol/.autopilot/db/v_csc_core.compgen.tcl 
Execute       source C:/TFG_Vivado/vivado/axu2cga_trd.runs/bd_197a_csc_0_synth_1/prj/sol/.autopilot/db/v_hcresampler_core_1_Pipeline_VITIS_LOOP_769_2.compgen.tcl 
Execute       source C:/TFG_Vivado/vivado/axu2cga_trd.runs/bd_197a_csc_0_synth_1/prj/sol/.autopilot/db/v_hcresampler_core_1.compgen.tcl 
Execute       source C:/TFG_Vivado/vivado/axu2cga_trd.runs/bd_197a_csc_0_synth_1/prj/sol/.autopilot/db/MultiPixStream2AXIvideo_Pipeline_VITIS_LOOP_664_2.compgen.tcl 
Execute       source C:/TFG_Vivado/vivado/axu2cga_trd.runs/bd_197a_csc_0_synth_1/prj/sol/.autopilot/db/MultiPixStream2AXIvideo.compgen.tcl 
Execute       source C:/TFG_Vivado/vivado/axu2cga_trd.runs/bd_197a_csc_0_synth_1/prj/sol/.autopilot/db/v_csc.compgen.tcl 
Execute         source ./bd_197a_csc_0_CTRL.slave.tcl 
Command       ap_source done; 0.463 sec.
INFO: [HLS 200-111] Finished Generating all RTL models: CPU user time: 0 seconds. CPU system time: 1 seconds. Elapsed time: 7.848 seconds; current allocated memory: 208.574 MB.
INFO-FLOW: DBG:PROC: ::HLSREPORTS::create_csynth_xml bind_info_var='bind_info' RtlSubPrefix='bd_197a_csc_0_' outfile=''
INFO-FLOW: Running: create_csynth_xml read xml data
INFO-FLOW: Done: create_csynth_xml read xml data time: 0 seconds 
INFO-FLOW: create_csynth_xml: all_module_nodes count=15
INFO-FLOW: Running: create_csynth_xml bind info
INFO-FLOW: create_csynth_xml: all_bind_nodes count=227
INFO-FLOW: No bind nodes found for module_name reg_unsigned_short_s
INFO-FLOW: No bind nodes found for module_name AXIvideo2MultiPixStream_Pipeline_loop_wait_for_start
INFO-FLOW: No bind nodes found for module_name AXIvideo2MultiPixStream_Pipeline_loop_wait_for_eol
INFO-FLOW: Done: create_csynth_xml bind info time: 0.1 seconds 
INFO-FLOW: create_csynth_xml: bind_instances counts: modules=12 instances=227
INFO-FLOW: Running: create_csynth_xml update csynth_xml_module_hier
INFO-FLOW: Done: create_csynth_xml update csynth_xml_module_hier time: 0 seconds 
INFO-FLOW: create_csynth_xml: csynth_xml_module_hier max_depth=4
INFO-FLOW: Running: create_csynth_xml gen bind_report_dict
INFO-FLOW: Done: create_csynth_xml gen bind_report_dict time: 0 seconds 
INFO-FLOW: Running: create_csynth_xml config info
INFO-FLOW: Done: create_csynth_xml config info time: 0.8 seconds 
INFO-FLOW: Running: create_csynth_xml write xml
INFO-FLOW: Done: create_csynth_xml write xml time: 0 seconds 
INFO-FLOW: DBG:PUTS:      create_csynth_xml wrote csynth_xml=C:/TFG_Vivado/vivado/axu2cga_trd.runs/bd_197a_csc_0_synth_1/prj/sol/syn/report/csynth.xml
INFO-FLOW: Running: generate_json
INFO-FLOW: DBG:PROC: ::AP::DESIGN_DATA::generate_json generate_bd_files='0' generate_xo_files='0' modelList='bd_197a_csc_0_flow_control_loop_pipe_sequential_init
bd_197a_csc_0_sparsemux_5_8_8_1_1
bd_197a_csc_0_flow_control_loop_pipe_sequential_init
bd_197a_csc_0_flow_control_loop_pipe_sequential_init
bd_197a_csc_0_regslice_both
bd_197a_csc_0_regslice_both
bd_197a_csc_0_regslice_both
bd_197a_csc_0_regslice_both
bd_197a_csc_0_regslice_both
bd_197a_csc_0_regslice_both
bd_197a_csc_0_regslice_both
bd_197a_csc_0_flow_control_loop_pipe_sequential_init
bd_197a_csc_0_mul_16s_8ns_24_1_1
bd_197a_csc_0_mul_8ns_16s_24_1_1
bd_197a_csc_0_mac_muladd_16s_8ns_22s_25_4_1
bd_197a_csc_0_mac_muladd_16s_8ns_12ns_24_4_1
bd_197a_csc_0_flow_control_loop_pipe_sequential_init
bd_197a_csc_0_flow_control_loop_pipe_sequential_init
bd_197a_csc_0_flow_control_loop_pipe_sequential_init
bd_197a_csc_0_regslice_both
bd_197a_csc_0_regslice_both
bd_197a_csc_0_regslice_both
bd_197a_csc_0_regslice_both
bd_197a_csc_0_regslice_both
bd_197a_csc_0_regslice_both
bd_197a_csc_0_regslice_both
bd_197a_csc_0_fifo_w1_d2_S
bd_197a_csc_0_fifo_w1_d4_S
bd_197a_csc_0_fifo_w48_d16_S
bd_197a_csc_0_fifo_w48_d16_S
bd_197a_csc_0_fifo_w48_d16_S
bd_197a_csc_0_fifo_w48_d16_S
bd_197a_csc_0_start_for_v_csc_core_U0
bd_197a_csc_0_start_for_MultiPixStream2AXIvideo_U0
bd_197a_csc_0_CTRL_s_axi
Block_entry_proc_1
reg_unsigned_short_s
AXIvideo2MultiPixStream_Pipeline_loop_wait_for_start
AXIvideo2MultiPixStream_Pipeline_loop_width
AXIvideo2MultiPixStream_Pipeline_loop_wait_for_eol
AXIvideo2MultiPixStream
v_hcresampler_core_Pipeline_VITIS_LOOP_769_2
v_hcresampler_core
v_csc_core_Pipeline_VITIS_LOOP_136_2
v_csc_core
v_hcresampler_core_1_Pipeline_VITIS_LOOP_769_2
v_hcresampler_core_1
MultiPixStream2AXIvideo_Pipeline_VITIS_LOOP_664_2
MultiPixStream2AXIvideo
v_csc
' rtl_lang='both' bootstrap_tcl='false' outdir='' outfilename=''
Execute       source C:/TFG_Vivado/vivado/axu2cga_trd.runs/bd_197a_csc_0_synth_1/prj/sol/.autopilot/db/global.setting.tcl 
Execute       source C:/TFG_Vivado/vivado/axu2cga_trd.runs/bd_197a_csc_0_synth_1/prj/sol/.autopilot/db/global.setting.tcl 
Execute       source C:/TFG_Vivado/vivado/axu2cga_trd.runs/bd_197a_csc_0_synth_1/prj/sol/.autopilot/db/top-io-be.tcl 
Execute       source C:/TFG_Vivado/vivado/axu2cga_trd.runs/bd_197a_csc_0_synth_1/prj/sol/.autopilot/db/v_csc.tbgen.tcl 
Execute       source C:/TFG_Vivado/vivado/axu2cga_trd.runs/bd_197a_csc_0_synth_1/prj/sol/.autopilot/db/v_csc.compgen.dataonly.tcl 
Execute       source C:/TFG_Vivado/vivado/axu2cga_trd.runs/bd_197a_csc_0_synth_1/prj/sol/.autopilot/db/v_csc.compgen.dataonly.tcl 
Execute       source C:/TFG_Vivado/vivado/axu2cga_trd.runs/bd_197a_csc_0_synth_1/prj/sol/.autopilot/db/v_csc.rtl_wrap.cfg.tcl 
Execute       source C:/TFG_Vivado/vivado/axu2cga_trd.runs/bd_197a_csc_0_synth_1/prj/sol/.autopilot/db/v_csc.compgen.dataonly.tcl 
Execute       source C:/TFG_Vivado/vivado/axu2cga_trd.runs/bd_197a_csc_0_synth_1/prj/sol/.autopilot/db/Block_entry_proc_1.tbgen.tcl 
Execute       source C:/TFG_Vivado/vivado/axu2cga_trd.runs/bd_197a_csc_0_synth_1/prj/sol/.autopilot/db/reg_unsigned_short_s.tbgen.tcl 
Execute       source C:/TFG_Vivado/vivado/axu2cga_trd.runs/bd_197a_csc_0_synth_1/prj/sol/.autopilot/db/AXIvideo2MultiPixStream_Pipeline_loop_wait_for_start.tbgen.tcl 
Execute       source C:/TFG_Vivado/vivado/axu2cga_trd.runs/bd_197a_csc_0_synth_1/prj/sol/.autopilot/db/AXIvideo2MultiPixStream_Pipeline_loop_width.tbgen.tcl 
Execute       source C:/TFG_Vivado/vivado/axu2cga_trd.runs/bd_197a_csc_0_synth_1/prj/sol/.autopilot/db/AXIvideo2MultiPixStream_Pipeline_loop_wait_for_eol.tbgen.tcl 
Execute       source C:/TFG_Vivado/vivado/axu2cga_trd.runs/bd_197a_csc_0_synth_1/prj/sol/.autopilot/db/AXIvideo2MultiPixStream.tbgen.tcl 
Execute       source C:/TFG_Vivado/vivado/axu2cga_trd.runs/bd_197a_csc_0_synth_1/prj/sol/.autopilot/db/v_hcresampler_core_Pipeline_VITIS_LOOP_769_2.tbgen.tcl 
Execute       source C:/TFG_Vivado/vivado/axu2cga_trd.runs/bd_197a_csc_0_synth_1/prj/sol/.autopilot/db/v_hcresampler_core.tbgen.tcl 
Execute       source C:/TFG_Vivado/vivado/axu2cga_trd.runs/bd_197a_csc_0_synth_1/prj/sol/.autopilot/db/v_csc_core_Pipeline_VITIS_LOOP_136_2.tbgen.tcl 
Execute       source C:/TFG_Vivado/vivado/axu2cga_trd.runs/bd_197a_csc_0_synth_1/prj/sol/.autopilot/db/v_csc_core.tbgen.tcl 
Command       ap_source done; 0.104 sec.
Execute       source C:/TFG_Vivado/vivado/axu2cga_trd.runs/bd_197a_csc_0_synth_1/prj/sol/.autopilot/db/v_hcresampler_core_1_Pipeline_VITIS_LOOP_769_2.tbgen.tcl 
Execute       source C:/TFG_Vivado/vivado/axu2cga_trd.runs/bd_197a_csc_0_synth_1/prj/sol/.autopilot/db/v_hcresampler_core_1.tbgen.tcl 
Execute       source C:/TFG_Vivado/vivado/axu2cga_trd.runs/bd_197a_csc_0_synth_1/prj/sol/.autopilot/db/MultiPixStream2AXIvideo_Pipeline_VITIS_LOOP_664_2.tbgen.tcl 
Execute       source C:/TFG_Vivado/vivado/axu2cga_trd.runs/bd_197a_csc_0_synth_1/prj/sol/.autopilot/db/MultiPixStream2AXIvideo.tbgen.tcl 
Execute       source C:/TFG_Vivado/vivado/axu2cga_trd.runs/bd_197a_csc_0_synth_1/prj/sol/.autopilot/db/v_csc.tbgen.tcl 
Execute       source C:/TFG_Vivado/vivado/axu2cga_trd.runs/bd_197a_csc_0_synth_1/prj/sol/.autopilot/db/global.setting.tcl 
Execute       ap_part_info -name xczu2cg-sfvc784-1-e -data names -quiet 
Execute       ap_part_info -name xczu2cg-sfvc784-1-e -data info -quiet 
Execute       source C:/TFG_Vivado/vivado/axu2cga_trd.runs/bd_197a_csc_0_synth_1/prj/sol/.autopilot/db/v_csc.constraint.tcl 
Execute       sc_get_clocks v_csc 
Execute       source C:/TFG_Vivado/vivado/axu2cga_trd.runs/bd_197a_csc_0_synth_1/prj/sol/.autopilot/db/global.setting.tcl 
Execute       source C:/AMDDesignTools/2025.2/Vitis/tps/tcl/tcllib2.0/fileutil/fileutil.tcl 
INFO-FLOW: Done: generate_json time: 3.6 seconds 
INFO-FLOW: Running: add_csynth_report_sections
INFO-FLOW: DBG:PROC: ::HLSREPORTS::add_csynth_report_sections bind_info_dict='adapter_nodes {{BINDTYPE adapter ID {} IMPL {} LATENCY {} OPTYPE {} PRAGMA {} RTLNAME CTRL_s_axi_U SOURCE {} VARIABLE {} LOOP {} BUNDLEDNAME CTRL DSP 0 BRAM 0 URAM 0 STORAGESUBTYPE s_axilite STORAGESIZE {} STORAGEUSAGE interface DISPNAME {bind_adapter }}} cache_nodes {} report_dict {TOPINST v_csc MODULE2INSTS {v_csc v_csc AXIvideo2MultiPixStream AXIvideo2MultiPixStream_U0 AXIvideo2MultiPixStream_Pipeline_loop_wait_for_start grp_AXIvideo2MultiPixStream_Pipeline_loop_wait_for_start_fu_150 reg_unsigned_short_s {grp_reg_unsigned_short_s_fu_233 grp_reg_unsigned_short_s_fu_239 grp_reg_unsigned_short_s_fu_149 grp_reg_unsigned_short_s_fu_155} AXIvideo2MultiPixStream_Pipeline_loop_width grp_AXIvideo2MultiPixStream_Pipeline_loop_width_fu_170 AXIvideo2MultiPixStream_Pipeline_loop_wait_for_eol grp_AXIvideo2MultiPixStream_Pipeline_loop_wait_for_eol_fu_199 Block_entry_proc_1 Block_entry_proc_1_U0 v_hcresampler_core v_hcresampler_core_U0 v_hcresampler_core_Pipeline_VITIS_LOOP_769_2 grp_v_hcresampler_core_Pipeline_VITIS_LOOP_769_2_fu_184 v_csc_core v_csc_core_U0 v_csc_core_Pipeline_VITIS_LOOP_136_2 grp_v_csc_core_Pipeline_VITIS_LOOP_136_2_fu_326 v_hcresampler_core_1 v_hcresampler_core_1_U0 v_hcresampler_core_1_Pipeline_VITIS_LOOP_769_2 grp_v_hcresampler_core_1_Pipeline_VITIS_LOOP_769_2_fu_190 MultiPixStream2AXIvideo MultiPixStream2AXIvideo_U0 MultiPixStream2AXIvideo_Pipeline_VITIS_LOOP_664_2 grp_MultiPixStream2AXIvideo_Pipeline_VITIS_LOOP_664_2_fu_116} INST2MODULE {v_csc v_csc AXIvideo2MultiPixStream_U0 AXIvideo2MultiPixStream grp_AXIvideo2MultiPixStream_Pipeline_loop_wait_for_start_fu_150 AXIvideo2MultiPixStream_Pipeline_loop_wait_for_start grp_reg_unsigned_short_s_fu_233 reg_unsigned_short_s grp_reg_unsigned_short_s_fu_239 reg_unsigned_short_s grp_AXIvideo2MultiPixStream_Pipeline_loop_width_fu_170 AXIvideo2MultiPixStream_Pipeline_loop_width grp_AXIvideo2MultiPixStream_Pipeline_loop_wait_for_eol_fu_199 AXIvideo2MultiPixStream_Pipeline_loop_wait_for_eol Block_entry_proc_1_U0 Block_entry_proc_1 v_hcresampler_core_U0 v_hcresampler_core grp_v_hcresampler_core_Pipeline_VITIS_LOOP_769_2_fu_184 v_hcresampler_core_Pipeline_VITIS_LOOP_769_2 v_csc_core_U0 v_csc_core grp_v_csc_core_Pipeline_VITIS_LOOP_136_2_fu_326 v_csc_core_Pipeline_VITIS_LOOP_136_2 v_hcresampler_core_1_U0 v_hcresampler_core_1 grp_v_hcresampler_core_1_Pipeline_VITIS_LOOP_769_2_fu_190 v_hcresampler_core_1_Pipeline_VITIS_LOOP_769_2 MultiPixStream2AXIvideo_U0 MultiPixStream2AXIvideo grp_reg_unsigned_short_s_fu_149 reg_unsigned_short_s grp_reg_unsigned_short_s_fu_155 reg_unsigned_short_s grp_MultiPixStream2AXIvideo_Pipeline_VITIS_LOOP_664_2_fu_116 MultiPixStream2AXIvideo_Pipeline_VITIS_LOOP_664_2} INSTDATA {v_csc {DEPTH 1 CHILDREN {AXIvideo2MultiPixStream_U0 Block_entry_proc_1_U0 v_hcresampler_core_U0 v_csc_core_U0 v_hcresampler_core_1_U0 MultiPixStream2AXIvideo_U0}} AXIvideo2MultiPixStream_U0 {DEPTH 2 CHILDREN {grp_AXIvideo2MultiPixStream_Pipeline_loop_wait_for_start_fu_150 grp_reg_unsigned_short_s_fu_233 grp_reg_unsigned_short_s_fu_239 grp_AXIvideo2MultiPixStream_Pipeline_loop_width_fu_170 grp_AXIvideo2MultiPixStream_Pipeline_loop_wait_for_eol_fu_199}} grp_AXIvideo2MultiPixStream_Pipeline_loop_wait_for_start_fu_150 {DEPTH 3 CHILDREN {}} grp_reg_unsigned_short_s_fu_233 {DEPTH 3 CHILDREN {}} grp_reg_unsigned_short_s_fu_239 {DEPTH 3 CHILDREN {}} grp_AXIvideo2MultiPixStream_Pipeline_loop_width_fu_170 {DEPTH 3 CHILDREN {}} grp_AXIvideo2MultiPixStream_Pipeline_loop_wait_for_eol_fu_199 {DEPTH 3 CHILDREN {}} Block_entry_proc_1_U0 {DEPTH 2 CHILDREN {}} v_hcresampler_core_U0 {DEPTH 2 CHILDREN grp_v_hcresampler_core_Pipeline_VITIS_LOOP_769_2_fu_184} grp_v_hcresampler_core_Pipeline_VITIS_LOOP_769_2_fu_184 {DEPTH 3 CHILDREN {}} v_csc_core_U0 {DEPTH 2 CHILDREN grp_v_csc_core_Pipeline_VITIS_LOOP_136_2_fu_326} grp_v_csc_core_Pipeline_VITIS_LOOP_136_2_fu_326 {DEPTH 3 CHILDREN {}} v_hcresampler_core_1_U0 {DEPTH 2 CHILDREN grp_v_hcresampler_core_1_Pipeline_VITIS_LOOP_769_2_fu_190} grp_v_hcresampler_core_1_Pipeline_VITIS_LOOP_769_2_fu_190 {DEPTH 3 CHILDREN {}} MultiPixStream2AXIvideo_U0 {DEPTH 2 CHILDREN {grp_reg_unsigned_short_s_fu_149 grp_reg_unsigned_short_s_fu_155 grp_MultiPixStream2AXIvideo_Pipeline_VITIS_LOOP_664_2_fu_116}} grp_reg_unsigned_short_s_fu_149 {DEPTH 3 CHILDREN {}} grp_reg_unsigned_short_s_fu_155 {DEPTH 3 CHILDREN {}} grp_MultiPixStream2AXIvideo_Pipeline_VITIS_LOOP_664_2_fu_116 {DEPTH 3 CHILDREN {}}} MODULEDATA {Block_entry_proc_1 {BINDINFO {{BINDTYPE op ID {} IMPL auto LATENCY 0 OPTYPE setne PRAGMA {} RTLNAME icmp_ln423_fu_30_p2 SOURCE C:/TFG_Vivado/vivado/axu2cga_trd.runs/bd_197a_csc_0_synth_1/prj/sol/.autopilot/db/v_csc.cpp:423 VARIABLE icmp_ln423 LOOP {} BUNDLEDNAME {} DSP 0 BRAM 0 URAM 0 STORAGESUBTYPE {} DISPNAME {bind_op setne} VISIBLE false} {BINDTYPE op ID {} IMPL auto LATENCY 0 OPTYPE setne PRAGMA {} RTLNAME icmp_ln423_1_fu_36_p2 SOURCE C:/TFG_Vivado/vivado/axu2cga_trd.runs/bd_197a_csc_0_synth_1/prj/sol/.autopilot/db/v_csc.cpp:423 VARIABLE icmp_ln423_1 LOOP {} BUNDLEDNAME {} DSP 0 BRAM 0 URAM 0 STORAGESUBTYPE {} DISPNAME {bind_op setne} VISIBLE false} {BINDTYPE op ID {} IMPL auto LATENCY 0 OPTYPE and PRAGMA {} RTLNAME and_ln423_fu_42_p2 SOURCE C:/TFG_Vivado/vivado/axu2cga_trd.runs/bd_197a_csc_0_synth_1/prj/sol/.autopilot/db/v_csc.cpp:423 VARIABLE and_ln423 LOOP {} BUNDLEDNAME {} DSP 0 BRAM 0 URAM 0 STORAGESUBTYPE {} DISPNAME {bind_op and} VISIBLE false} {BINDTYPE op ID {} IMPL auto LATENCY 0 OPTYPE setne PRAGMA {} RTLNAME icmp_ln426_fu_48_p2 SOURCE C:/TFG_Vivado/vivado/axu2cga_trd.runs/bd_197a_csc_0_synth_1/prj/sol/.autopilot/db/v_csc.cpp:426 VARIABLE icmp_ln426 LOOP {} BUNDLEDNAME {} DSP 0 BRAM 0 URAM 0 STORAGESUBTYPE {} DISPNAME {bind_op setne} VISIBLE false} {BINDTYPE op ID {} IMPL auto LATENCY 0 OPTYPE setne PRAGMA {} RTLNAME icmp_ln426_1_fu_54_p2 SOURCE C:/TFG_Vivado/vivado/axu2cga_trd.runs/bd_197a_csc_0_synth_1/prj/sol/.autopilot/db/v_csc.cpp:426 VARIABLE icmp_ln426_1 LOOP {} BUNDLEDNAME {} DSP 0 BRAM 0 URAM 0 STORAGESUBTYPE {} DISPNAME {bind_op setne} VISIBLE false} {BINDTYPE op ID {} IMPL auto LATENCY 0 OPTYPE and PRAGMA {} RTLNAME and_ln426_fu_60_p2 SOURCE C:/TFG_Vivado/vivado/axu2cga_trd.runs/bd_197a_csc_0_synth_1/prj/sol/.autopilot/db/v_csc.cpp:426 VARIABLE and_ln426 LOOP {} BUNDLEDNAME {} DSP 0 BRAM 0 URAM 0 STORAGESUBTYPE {} DISPNAME {bind_op and} VISIBLE false}} AREA {DSP 0 BRAM 0 URAM 0}} AXIvideo2MultiPixStream_Pipeline_loop_width {BINDINFO {{BINDTYPE op ID {} IMPL auto LATENCY 0 OPTYPE seteq PRAGMA {} RTLNAME icmp_ln574_fu_209_p2 SOURCE C:/TFG_Vivado/vivado/axu2cga_trd.runs/bd_197a_csc_0_synth_1/prj/sol/.autopilot/db/v_csc.cpp:574 VARIABLE icmp_ln574 LOOP {} BUNDLEDNAME {} DSP 0 BRAM 0 URAM 0 STORAGESUBTYPE {} DISPNAME {bind_op seteq} VISIBLE false} {BINDTYPE op ID {} IMPL auto LATENCY 0 OPTYPE seteq PRAGMA {} RTLNAME icmp_ln545_fu_233_p2 SOURCE C:/TFG_Vivado/vivado/axu2cga_trd.runs/bd_197a_csc_0_synth_1/prj/sol/.autopilot/db/v_csc.cpp:545 VARIABLE icmp_ln545 LOOP loop_width BUNDLEDNAME {} DSP 0 BRAM 0 URAM 0 STORAGESUBTYPE {} DISPNAME {bind_op seteq} VISIBLE false} {BINDTYPE op ID {} IMPL fabric LATENCY 0 OPTYPE add PRAGMA {} RTLNAME j_4_fu_239_p2 SOURCE C:/TFG_Vivado/vivado/axu2cga_trd.runs/bd_197a_csc_0_synth_1/prj/sol/.autopilot/db/v_csc.cpp:545 VARIABLE j_4 LOOP loop_width BUNDLEDNAME {} DSP 0 BRAM 0 URAM 0 STORAGESUBTYPE {} DISPNAME {bind_op add} VISIBLE true} {BINDTYPE op ID {} IMPL auto LATENCY 0 OPTYPE or PRAGMA {} RTLNAME or_ln549_fu_250_p2 SOURCE C:/TFG_Vivado/vivado/axu2cga_trd.runs/bd_197a_csc_0_synth_1/prj/sol/.autopilot/db/v_csc.cpp:549 VARIABLE or_ln549 LOOP loop_width BUNDLEDNAME {} DSP 0 BRAM 0 URAM 0 STORAGESUBTYPE {} DISPNAME {bind_op or} VISIBLE false} {BINDTYPE op ID {} IMPL auto_sel LATENCY 0 OPTYPE select PRAGMA {} RTLNAME select_ln574_fu_292_p3 SOURCE C:/TFG_Vivado/vivado/axu2cga_trd.runs/bd_197a_csc_0_synth_1/prj/sol/.autopilot/db/v_csc.cpp:574 VARIABLE select_ln574 LOOP loop_width BUNDLEDNAME {} DSP 0 BRAM 0 URAM 0 STORAGESUBTYPE {} DISPNAME {bind_op select} VISIBLE false} {BINDTYPE op ID {} IMPL auto_sel LATENCY 0 OPTYPE select PRAGMA {} RTLNAME select_ln574_1_fu_307_p3 SOURCE C:/TFG_Vivado/vivado/axu2cga_trd.runs/bd_197a_csc_0_synth_1/prj/sol/.autopilot/db/v_csc.cpp:574 VARIABLE select_ln574_1 LOOP loop_width BUNDLEDNAME {} DSP 0 BRAM 0 URAM 0 STORAGESUBTYPE {} DISPNAME {bind_op select} VISIBLE false} {BINDTYPE op ID {} IMPL auto_sel LATENCY 0 OPTYPE select PRAGMA {} RTLNAME select_ln574_2_fu_314_p3 SOURCE C:/TFG_Vivado/vivado/axu2cga_trd.runs/bd_197a_csc_0_synth_1/prj/sol/.autopilot/db/v_csc.cpp:574 VARIABLE select_ln574_2 LOOP loop_width BUNDLEDNAME {} DSP 0 BRAM 0 URAM 0 STORAGESUBTYPE {} DISPNAME {bind_op select} VISIBLE false} {BINDTYPE op ID {} IMPL compactencoding_realdef LATENCY 0 OPTYPE sparsemux PRAGMA {} RTLNAME sparsemux_5_8_8_1_1_U13 SOURCE c:/TFG_Vivado/vivado/axu2cga_trd.gen/sources_1/bd/design_1/ip/design_1_v_proc_ss_1_0/bd_0/ip/ip_0/src/hls/hls_axi_io.h:63 VARIABLE tmp_9 LOOP loop_width BUNDLEDNAME {} DSP 0 BRAM 0 URAM 0 STORAGESUBTYPE {} DISPNAME {bind_op sparsemux} VISIBLE false} {BINDTYPE op ID {} IMPL auto LATENCY 0 OPTYPE seteq PRAGMA {} RTLNAME icmp_ln574_1_fu_360_p2 SOURCE C:/TFG_Vivado/vivado/axu2cga_trd.runs/bd_197a_csc_0_synth_1/prj/sol/.autopilot/db/v_csc.cpp:574 VARIABLE icmp_ln574_1 LOOP loop_width BUNDLEDNAME {} DSP 0 BRAM 0 URAM 0 STORAGESUBTYPE {} DISPNAME {bind_op seteq} VISIBLE false} {BINDTYPE op ID {} IMPL auto_sel LATENCY 0 OPTYPE select PRAGMA {} RTLNAME empty_fu_365_p3 SOURCE C:/TFG_Vivado/vivado/axu2cga_trd.runs/bd_197a_csc_0_synth_1/prj/sol/.autopilot/db/v_csc.cpp:574 VARIABLE empty LOOP loop_width BUNDLEDNAME {} DSP 0 BRAM 0 URAM 0 STORAGESUBTYPE {} DISPNAME {bind_op select} VISIBLE false} {BINDTYPE op ID {} IMPL auto_sel LATENCY 0 OPTYPE select PRAGMA {} RTLNAME empty_142_fu_373_p3 SOURCE C:/TFG_Vivado/vivado/axu2cga_trd.runs/bd_197a_csc_0_synth_1/prj/sol/.autopilot/db/v_csc.cpp:574 VARIABLE empty_142 LOOP loop_width BUNDLEDNAME {} DSP 0 BRAM 0 URAM 0 STORAGESUBTYPE {} DISPNAME {bind_op select} VISIBLE false}} AREA {DSP 0 BRAM 0 URAM 0}} AXIvideo2MultiPixStream {BINDINFO {{BINDTYPE op ID {} IMPL auto LATENCY 0 OPTYPE seteq PRAGMA {} RTLNAME icmp_ln541_fu_299_p2 SOURCE C:/TFG_Vivado/vivado/axu2cga_trd.runs/bd_197a_csc_0_synth_1/prj/sol/.autopilot/db/v_csc.cpp:541 VARIABLE icmp_ln541 LOOP loop_height BUNDLEDNAME {} DSP 0 BRAM 0 URAM 0 STORAGESUBTYPE {} DISPNAME {bind_op seteq} VISIBLE false} {BINDTYPE op ID {} IMPL fabric LATENCY 0 OPTYPE add PRAGMA {} RTLNAME i_4_fu_304_p2 SOURCE C:/TFG_Vivado/vivado/axu2cga_trd.runs/bd_197a_csc_0_synth_1/prj/sol/.autopilot/db/v_csc.cpp:541 VARIABLE i_4 LOOP loop_height BUNDLEDNAME {} DSP 0 BRAM 0 URAM 0 STORAGESUBTYPE {} DISPNAME {bind_op add} VISIBLE true}} AREA {DSP 0 BRAM 0 URAM 0}} v_hcresampler_core_Pipeline_VITIS_LOOP_769_2 {BINDINFO {{BINDTYPE op ID {} IMPL auto_sel LATENCY 0 OPTYPE select PRAGMA {} RTLNAME select_ln765_cast_cast_fu_315_p3 SOURCE {} VARIABLE select_ln765_cast_cast LOOP {} BUNDLEDNAME {} DSP 0 BRAM 0 URAM 0 STORAGESUBTYPE {} DISPNAME {bind_op select} VISIBLE false} {BINDTYPE op ID {} IMPL auto LATENCY 0 OPTYPE setlt PRAGMA {} RTLNAME icmp_ln769_fu_385_p2 SOURCE C:/TFG_Vivado/vivado/axu2cga_trd.runs/bd_197a_csc_0_synth_1/prj/sol/.autopilot/db/v_csc.cpp:769 VARIABLE icmp_ln769 LOOP VITIS_LOOP_769_2 BUNDLEDNAME {} DSP 0 BRAM 0 URAM 0 STORAGESUBTYPE {} DISPNAME {bind_op setlt} VISIBLE false} {BINDTYPE op ID {} IMPL fabric LATENCY 0 OPTYPE add PRAGMA {} RTLNAME x_2_fu_391_p2 SOURCE C:/TFG_Vivado/vivado/axu2cga_trd.runs/bd_197a_csc_0_synth_1/prj/sol/.autopilot/db/v_csc.cpp:769 VARIABLE x_2 LOOP VITIS_LOOP_769_2 BUNDLEDNAME {} DSP 0 BRAM 0 URAM 0 STORAGESUBTYPE {} DISPNAME {bind_op add} VISIBLE true} {BINDTYPE op ID {} IMPL fabric LATENCY 0 OPTYPE sub PRAGMA {} RTLNAME out_x_fu_397_p2 SOURCE C:/TFG_Vivado/vivado/axu2cga_trd.runs/bd_197a_csc_0_synth_1/prj/sol/.autopilot/db/v_csc.cpp:775 VARIABLE out_x LOOP VITIS_LOOP_769_2 BUNDLEDNAME {} DSP 0 BRAM 0 URAM 0 STORAGESUBTYPE {} DISPNAME {bind_op sub} VISIBLE true} {BINDTYPE op ID {} IMPL auto LATENCY 0 OPTYPE setgt PRAGMA {} RTLNAME icmp_ln777_fu_403_p2 SOURCE C:/TFG_Vivado/vivado/axu2cga_trd.runs/bd_197a_csc_0_synth_1/prj/sol/.autopilot/db/v_csc.cpp:777 VARIABLE icmp_ln777 LOOP VITIS_LOOP_769_2 BUNDLEDNAME {} DSP 0 BRAM 0 URAM 0 STORAGESUBTYPE {} DISPNAME {bind_op setgt} VISIBLE false} {BINDTYPE op ID {} IMPL auto LATENCY 0 OPTYPE seteq PRAGMA {} RTLNAME icmp_ln833_fu_409_p2 SOURCE C:/TFG_Vivado/vivado/axu2cga_trd.runs/bd_197a_csc_0_synth_1/prj/sol/.autopilot/db/v_csc.cpp:833 VARIABLE icmp_ln833 LOOP VITIS_LOOP_769_2 BUNDLEDNAME {} DSP 0 BRAM 0 URAM 0 STORAGESUBTYPE {} DISPNAME {bind_op seteq} VISIBLE false} {BINDTYPE op ID {} IMPL auto_sel LATENCY 0 OPTYPE select PRAGMA {} RTLNAME select_ln859_fu_580_p3 SOURCE C:/TFG_Vivado/vivado/axu2cga_trd.runs/bd_197a_csc_0_synth_1/prj/sol/.autopilot/db/v_csc.cpp:859 VARIABLE select_ln859 LOOP VITIS_LOOP_769_2 BUNDLEDNAME {} DSP 0 BRAM 0 URAM 0 STORAGESUBTYPE {} DISPNAME {bind_op select} VISIBLE false} {BINDTYPE op ID {} IMPL auto_sel LATENCY 0 OPTYPE select PRAGMA {} RTLNAME select_ln859_1_fu_587_p3 SOURCE C:/TFG_Vivado/vivado/axu2cga_trd.runs/bd_197a_csc_0_synth_1/prj/sol/.autopilot/db/v_csc.cpp:859 VARIABLE select_ln859_1 LOOP VITIS_LOOP_769_2 BUNDLEDNAME {} DSP 0 BRAM 0 URAM 0 STORAGESUBTYPE {} DISPNAME {bind_op select} VISIBLE false} {BINDTYPE op ID {} IMPL auto_sel LATENCY 0 OPTYPE select PRAGMA {} RTLNAME select_ln859_2_fu_594_p3 SOURCE C:/TFG_Vivado/vivado/axu2cga_trd.runs/bd_197a_csc_0_synth_1/prj/sol/.autopilot/db/v_csc.cpp:859 VARIABLE select_ln859_2 LOOP VITIS_LOOP_769_2 BUNDLEDNAME {} DSP 0 BRAM 0 URAM 0 STORAGESUBTYPE {} DISPNAME {bind_op select} VISIBLE false} {BINDTYPE op ID {} IMPL auto_sel LATENCY 0 OPTYPE select PRAGMA {} RTLNAME select_ln859_3_fu_601_p3 SOURCE C:/TFG_Vivado/vivado/axu2cga_trd.runs/bd_197a_csc_0_synth_1/prj/sol/.autopilot/db/v_csc.cpp:859 VARIABLE select_ln859_3 LOOP VITIS_LOOP_769_2 BUNDLEDNAME {} DSP 0 BRAM 0 URAM 0 STORAGESUBTYPE {} DISPNAME {bind_op select} VISIBLE false} {BINDTYPE op ID {} IMPL auto_sel LATENCY 0 OPTYPE select PRAGMA {} RTLNAME select_ln859_4_fu_608_p3 SOURCE C:/TFG_Vivado/vivado/axu2cga_trd.runs/bd_197a_csc_0_synth_1/prj/sol/.autopilot/db/v_csc.cpp:859 VARIABLE select_ln859_4 LOOP VITIS_LOOP_769_2 BUNDLEDNAME {} DSP 0 BRAM 0 URAM 0 STORAGESUBTYPE {} DISPNAME {bind_op select} VISIBLE false} {BINDTYPE op ID {} IMPL auto_sel LATENCY 0 OPTYPE select PRAGMA {} RTLNAME select_ln859_5_fu_615_p3 SOURCE C:/TFG_Vivado/vivado/axu2cga_trd.runs/bd_197a_csc_0_synth_1/prj/sol/.autopilot/db/v_csc.cpp:859 VARIABLE select_ln859_5 LOOP VITIS_LOOP_769_2 BUNDLEDNAME {} DSP 0 BRAM 0 URAM 0 STORAGESUBTYPE {} DISPNAME {bind_op select} VISIBLE false}} AREA {DSP 0 BRAM 0 URAM 0}} v_hcresampler_core {BINDINFO {{BINDTYPE op ID {} IMPL auto LATENCY 0 OPTYPE xor PRAGMA {} RTLNAME xor_ln765_fu_229_p2 SOURCE C:/TFG_Vivado/vivado/axu2cga_trd.runs/bd_197a_csc_0_synth_1/prj/sol/.autopilot/db/v_csc.cpp:765 VARIABLE xor_ln765 LOOP {} BUNDLEDNAME {} DSP 0 BRAM 0 URAM 0 STORAGESUBTYPE {} DISPNAME {bind_op xor} VISIBLE false} {BINDTYPE op ID {} IMPL auto_sel LATENCY 0 OPTYPE select PRAGMA {} RTLNAME select_ln765_fu_234_p3 SOURCE C:/TFG_Vivado/vivado/axu2cga_trd.runs/bd_197a_csc_0_synth_1/prj/sol/.autopilot/db/v_csc.cpp:765 VARIABLE select_ln765 LOOP {} BUNDLEDNAME {} DSP 0 BRAM 0 URAM 0 STORAGESUBTYPE {} DISPNAME {bind_op select} VISIBLE false} {BINDTYPE op ID {} IMPL fabric LATENCY 0 OPTYPE add PRAGMA {} RTLNAME loopWidth_fu_255_p2 SOURCE C:/TFG_Vivado/vivado/axu2cga_trd.runs/bd_197a_csc_0_synth_1/prj/sol/.autopilot/db/v_csc.cpp:765 VARIABLE loopWidth LOOP {} BUNDLEDNAME {} DSP 0 BRAM 0 URAM 0 STORAGESUBTYPE {} DISPNAME {bind_op add} VISIBLE true} {BINDTYPE op ID {} IMPL auto LATENCY 0 OPTYPE setgt PRAGMA {} RTLNAME icmp_ln769_fu_261_p2 SOURCE C:/TFG_Vivado/vivado/axu2cga_trd.runs/bd_197a_csc_0_synth_1/prj/sol/.autopilot/db/v_csc.cpp:769 VARIABLE icmp_ln769 LOOP {} BUNDLEDNAME {} DSP 0 BRAM 0 URAM 0 STORAGESUBTYPE {} DISPNAME {bind_op setgt} VISIBLE false} {BINDTYPE op ID {} IMPL auto LATENCY 0 OPTYPE setlt PRAGMA {} RTLNAME icmp_ln767_fu_274_p2 SOURCE C:/TFG_Vivado/vivado/axu2cga_trd.runs/bd_197a_csc_0_synth_1/prj/sol/.autopilot/db/v_csc.cpp:767 VARIABLE icmp_ln767 LOOP VITIS_LOOP_767_1 BUNDLEDNAME {} DSP 0 BRAM 0 URAM 0 STORAGESUBTYPE {} DISPNAME {bind_op setlt} VISIBLE false} {BINDTYPE op ID {} IMPL fabric LATENCY 0 OPTYPE add PRAGMA {} RTLNAME add_ln767_fu_279_p2 SOURCE C:/TFG_Vivado/vivado/axu2cga_trd.runs/bd_197a_csc_0_synth_1/prj/sol/.autopilot/db/v_csc.cpp:767 VARIABLE add_ln767 LOOP VITIS_LOOP_767_1 BUNDLEDNAME {} DSP 0 BRAM 0 URAM 0 STORAGESUBTYPE {} DISPNAME {bind_op add} VISIBLE true} {BINDTYPE op ID {} IMPL auto_sel LATENCY 0 OPTYPE select PRAGMA {} RTLNAME select_ln738_fu_340_p3 SOURCE C:/TFG_Vivado/vivado/axu2cga_trd.runs/bd_197a_csc_0_synth_1/prj/sol/.autopilot/db/v_csc.cpp:738 VARIABLE select_ln738 LOOP VITIS_LOOP_767_1 BUNDLEDNAME {} DSP 0 BRAM 0 URAM 0 STORAGESUBTYPE {} DISPNAME {bind_op select} VISIBLE false} {BINDTYPE op ID {} IMPL auto_sel LATENCY 0 OPTYPE select PRAGMA {} RTLNAME select_ln738_4_fu_346_p3 SOURCE C:/TFG_Vivado/vivado/axu2cga_trd.runs/bd_197a_csc_0_synth_1/prj/sol/.autopilot/db/v_csc.cpp:738 VARIABLE select_ln738_4 LOOP VITIS_LOOP_767_1 BUNDLEDNAME {} DSP 0 BRAM 0 URAM 0 STORAGESUBTYPE {} DISPNAME {bind_op select} VISIBLE false} {BINDTYPE op ID {} IMPL auto_sel LATENCY 0 OPTYPE select PRAGMA {} RTLNAME select_ln738_5_fu_352_p3 SOURCE C:/TFG_Vivado/vivado/axu2cga_trd.runs/bd_197a_csc_0_synth_1/prj/sol/.autopilot/db/v_csc.cpp:738 VARIABLE select_ln738_5 LOOP VITIS_LOOP_767_1 BUNDLEDNAME {} DSP 0 BRAM 0 URAM 0 STORAGESUBTYPE {} DISPNAME {bind_op select} VISIBLE false} {BINDTYPE op ID {} IMPL auto_sel LATENCY 0 OPTYPE select PRAGMA {} RTLNAME select_ln738_6_fu_358_p3 SOURCE C:/TFG_Vivado/vivado/axu2cga_trd.runs/bd_197a_csc_0_synth_1/prj/sol/.autopilot/db/v_csc.cpp:738 VARIABLE select_ln738_6 LOOP VITIS_LOOP_767_1 BUNDLEDNAME {} DSP 0 BRAM 0 URAM 0 STORAGESUBTYPE {} DISPNAME {bind_op select} VISIBLE false}} AREA {DSP 0 BRAM 0 URAM 0}} v_csc_core_Pipeline_VITIS_LOOP_136_2 {BINDINFO {{BINDTYPE op ID {} IMPL auto LATENCY 0 OPTYPE seteq PRAGMA {} RTLNAME icmp_ln136_fu_383_p2 SOURCE C:/TFG_Vivado/vivado/axu2cga_trd.runs/bd_197a_csc_0_synth_1/prj/sol/.autopilot/db/v_csc.cpp:136 VARIABLE icmp_ln136 LOOP VITIS_LOOP_136_2 BUNDLEDNAME {} DSP 0 BRAM 0 URAM 0 STORAGESUBTYPE {} DISPNAME {bind_op seteq} VISIBLE false} {BINDTYPE op ID {} IMPL auto LATENCY 0 OPTYPE seteq PRAGMA {} RTLNAME icmp_ln148_fu_389_p2 SOURCE C:/TFG_Vivado/vivado/axu2cga_trd.runs/bd_197a_csc_0_synth_1/prj/sol/.autopilot/db/v_csc.cpp:148 VARIABLE icmp_ln148 LOOP VITIS_LOOP_136_2 BUNDLEDNAME {} DSP 0 BRAM 0 URAM 0 STORAGESUBTYPE {} DISPNAME {bind_op seteq} VISIBLE false} {BINDTYPE op ID {} IMPL auto LATENCY 0 OPTYPE setne PRAGMA {} RTLNAME icmp_ln148_1_fu_395_p2 SOURCE C:/TFG_Vivado/vivado/axu2cga_trd.runs/bd_197a_csc_0_synth_1/prj/sol/.autopilot/db/v_csc.cpp:148 VARIABLE icmp_ln148_1 LOOP VITIS_LOOP_136_2 BUNDLEDNAME {} DSP 0 BRAM 0 URAM 0 STORAGESUBTYPE {} DISPNAME {bind_op setne} VISIBLE false} {BINDTYPE op ID {} IMPL auto LATENCY 0 OPTYPE setgt PRAGMA {} RTLNAME icmp_ln149_fu_401_p2 SOURCE C:/TFG_Vivado/vivado/axu2cga_trd.runs/bd_197a_csc_0_synth_1/prj/sol/.autopilot/db/v_csc.cpp:149 VARIABLE icmp_ln149 LOOP VITIS_LOOP_136_2 BUNDLEDNAME {} DSP 0 BRAM 0 URAM 0 STORAGESUBTYPE {} DISPNAME {bind_op setgt} VISIBLE false} {BINDTYPE op ID {} IMPL auto LATENCY 0 OPTYPE setlt PRAGMA {} RTLNAME icmp_ln149_1_fu_407_p2 SOURCE C:/TFG_Vivado/vivado/axu2cga_trd.runs/bd_197a_csc_0_synth_1/prj/sol/.autopilot/db/v_csc.cpp:149 VARIABLE icmp_ln149_1 LOOP VITIS_LOOP_136_2 BUNDLEDNAME {} DSP 0 BRAM 0 URAM 0 STORAGESUBTYPE {} DISPNAME {bind_op setlt} VISIBLE false} {BINDTYPE op ID {} IMPL auto LATENCY 0 OPTYPE seteq PRAGMA {} RTLNAME icmp_ln150_fu_413_p2 SOURCE C:/TFG_Vivado/vivado/axu2cga_trd.runs/bd_197a_csc_0_synth_1/prj/sol/.autopilot/db/v_csc.cpp:150 VARIABLE icmp_ln150 LOOP VITIS_LOOP_136_2 BUNDLEDNAME {} DSP 0 BRAM 0 URAM 0 STORAGESUBTYPE {} DISPNAME {bind_op seteq} VISIBLE false} {BINDTYPE op ID {} IMPL auto LATENCY 0 OPTYPE setne PRAGMA {} RTLNAME icmp_ln150_1_fu_419_p2 SOURCE C:/TFG_Vivado/vivado/axu2cga_trd.runs/bd_197a_csc_0_synth_1/prj/sol/.autopilot/db/v_csc.cpp:150 VARIABLE icmp_ln150_1 LOOP VITIS_LOOP_136_2 BUNDLEDNAME {} DSP 0 BRAM 0 URAM 0 STORAGESUBTYPE {} DISPNAME {bind_op setne} VISIBLE false} {BINDTYPE op ID {} IMPL auto LATENCY 0 OPTYPE and PRAGMA {} RTLNAME and_ln148_fu_425_p2 SOURCE C:/TFG_Vivado/vivado/axu2cga_trd.runs/bd_197a_csc_0_synth_1/prj/sol/.autopilot/db/v_csc.cpp:148 VARIABLE and_ln148 LOOP VITIS_LOOP_136_2 BUNDLEDNAME {} DSP 0 BRAM 0 URAM 0 STORAGESUBTYPE {} DISPNAME {bind_op and} VISIBLE false} {BINDTYPE op ID {} IMPL auto LATENCY 0 OPTYPE and PRAGMA {} RTLNAME and_ln148_1_fu_431_p2 SOURCE C:/TFG_Vivado/vivado/axu2cga_trd.runs/bd_197a_csc_0_synth_1/prj/sol/.autopilot/db/v_csc.cpp:148 VARIABLE and_ln148_1 LOOP VITIS_LOOP_136_2 BUNDLEDNAME {} DSP 0 BRAM 0 URAM 0 STORAGESUBTYPE {} DISPNAME {bind_op and} VISIBLE false} {BINDTYPE op ID {} IMPL auto LATENCY 0 OPTYPE and PRAGMA {} RTLNAME and_ln148_2_fu_437_p2 SOURCE C:/TFG_Vivado/vivado/axu2cga_trd.runs/bd_197a_csc_0_synth_1/prj/sol/.autopilot/db/v_csc.cpp:148 VARIABLE and_ln148_2 LOOP VITIS_LOOP_136_2 BUNDLEDNAME {} DSP 0 BRAM 0 URAM 0 STORAGESUBTYPE {} DISPNAME {bind_op and} VISIBLE false} {BINDTYPE op ID {} IMPL auto LATENCY 0 OPTYPE or PRAGMA {} RTLNAME or_ln148_fu_443_p2 SOURCE C:/TFG_Vivado/vivado/axu2cga_trd.runs/bd_197a_csc_0_synth_1/prj/sol/.autopilot/db/v_csc.cpp:148 VARIABLE or_ln148 LOOP VITIS_LOOP_136_2 BUNDLEDNAME {} DSP 0 BRAM 0 URAM 0 STORAGESUBTYPE {} DISPNAME {bind_op or} VISIBLE false} {BINDTYPE op ID {} IMPL auto LATENCY 0 OPTYPE or PRAGMA {} RTLNAME or_ln148_1_fu_449_p2 SOURCE C:/TFG_Vivado/vivado/axu2cga_trd.runs/bd_197a_csc_0_synth_1/prj/sol/.autopilot/db/v_csc.cpp:148 VARIABLE or_ln148_1 LOOP VITIS_LOOP_136_2 BUNDLEDNAME {} DSP 0 BRAM 0 URAM 0 STORAGESUBTYPE {} DISPNAME {bind_op or} VISIBLE false} {BINDTYPE op ID {} IMPL auto LATENCY 0 OPTYPE xor PRAGMA {} RTLNAME xor_ln148_2_fu_455_p2 SOURCE C:/TFG_Vivado/vivado/axu2cga_trd.runs/bd_197a_csc_0_synth_1/prj/sol/.autopilot/db/v_csc.cpp:148 VARIABLE xor_ln148_2 LOOP VITIS_LOOP_136_2 BUNDLEDNAME {} DSP 0 BRAM 0 URAM 0 STORAGESUBTYPE {} DISPNAME {bind_op xor} VISIBLE false} {BINDTYPE op ID {} IMPL auto LATENCY 0 OPTYPE or PRAGMA {} RTLNAME or_ln148_3_fu_461_p2 SOURCE C:/TFG_Vivado/vivado/axu2cga_trd.runs/bd_197a_csc_0_synth_1/prj/sol/.autopilot/db/v_csc.cpp:148 VARIABLE or_ln148_3 LOOP VITIS_LOOP_136_2 BUNDLEDNAME {} DSP 0 BRAM 0 URAM 0 STORAGESUBTYPE {} DISPNAME {bind_op or} VISIBLE false} {BINDTYPE op ID {} IMPL auto_sel LATENCY 0 OPTYPE select PRAGMA {} RTLNAME coef11_1_fu_542_p3 SOURCE C:/TFG_Vivado/vivado/axu2cga_trd.runs/bd_197a_csc_0_synth_1/prj/sol/.autopilot/db/v_csc.cpp:148 VARIABLE coef11_1 LOOP VITIS_LOOP_136_2 BUNDLEDNAME {} DSP 0 BRAM 0 URAM 0 STORAGESUBTYPE {} DISPNAME {bind_op select} VISIBLE false} {BINDTYPE op ID {} IMPL auto_sel LATENCY 0 OPTYPE select PRAGMA {} RTLNAME coef12_1_fu_692_p3 SOURCE C:/TFG_Vivado/vivado/axu2cga_trd.runs/bd_197a_csc_0_synth_1/prj/sol/.autopilot/db/v_csc.cpp:148 VARIABLE coef12_1 LOOP VITIS_LOOP_136_2 BUNDLEDNAME {} DSP 0 BRAM 0 URAM 0 STORAGESUBTYPE {} DISPNAME {bind_op select} VISIBLE false} {BINDTYPE op ID {} IMPL auto_sel LATENCY 0 OPTYPE select PRAGMA {} RTLNAME coef13_1_fu_547_p3 SOURCE C:/TFG_Vivado/vivado/axu2cga_trd.runs/bd_197a_csc_0_synth_1/prj/sol/.autopilot/db/v_csc.cpp:148 VARIABLE coef13_1 LOOP VITIS_LOOP_136_2 BUNDLEDNAME {} DSP 0 BRAM 0 URAM 0 STORAGESUBTYPE {} DISPNAME {bind_op select} VISIBLE false} {BINDTYPE op ID {} IMPL auto_sel LATENCY 0 OPTYPE select PRAGMA {} RTLNAME coef21_1_fu_552_p3 SOURCE C:/TFG_Vivado/vivado/axu2cga_trd.runs/bd_197a_csc_0_synth_1/prj/sol/.autopilot/db/v_csc.cpp:148 VARIABLE coef21_1 LOOP VITIS_LOOP_136_2 BUNDLEDNAME {} DSP 0 BRAM 0 URAM 0 STORAGESUBTYPE {} DISPNAME {bind_op select} VISIBLE false} {BINDTYPE op ID {} IMPL auto_sel LATENCY 0 OPTYPE select PRAGMA {} RTLNAME coef22_1_fu_697_p3 SOURCE C:/TFG_Vivado/vivado/axu2cga_trd.runs/bd_197a_csc_0_synth_1/prj/sol/.autopilot/db/v_csc.cpp:148 VARIABLE coef22_1 LOOP VITIS_LOOP_136_2 BUNDLEDNAME {} DSP 0 BRAM 0 URAM 0 STORAGESUBTYPE {} DISPNAME {bind_op select} VISIBLE false} {BINDTYPE op ID {} IMPL auto_sel LATENCY 0 OPTYPE select PRAGMA {} RTLNAME coef23_1_fu_557_p3 SOURCE C:/TFG_Vivado/vivado/axu2cga_trd.runs/bd_197a_csc_0_synth_1/prj/sol/.autopilot/db/v_csc.cpp:148 VARIABLE coef23_1 LOOP VITIS_LOOP_136_2 BUNDLEDNAME {} DSP 0 BRAM 0 URAM 0 STORAGESUBTYPE {} DISPNAME {bind_op select} VISIBLE false} {BINDTYPE op ID {} IMPL auto_sel LATENCY 0 OPTYPE select PRAGMA {} RTLNAME coef31_1_fu_562_p3 SOURCE C:/TFG_Vivado/vivado/axu2cga_trd.runs/bd_197a_csc_0_synth_1/prj/sol/.autopilot/db/v_csc.cpp:148 VARIABLE coef31_1 LOOP VITIS_LOOP_136_2 BUNDLEDNAME {} DSP 0 BRAM 0 URAM 0 STORAGESUBTYPE {} DISPNAME {bind_op select} VISIBLE false} {BINDTYPE op ID {} IMPL auto_sel LATENCY 0 OPTYPE select PRAGMA {} RTLNAME coef32_1_fu_702_p3 SOURCE C:/TFG_Vivado/vivado/axu2cga_trd.runs/bd_197a_csc_0_synth_1/prj/sol/.autopilot/db/v_csc.cpp:148 VARIABLE coef32_1 LOOP VITIS_LOOP_136_2 BUNDLEDNAME {} DSP 0 BRAM 0 URAM 0 STORAGESUBTYPE {} DISPNAME {bind_op select} VISIBLE false} {BINDTYPE op ID {} IMPL auto_sel LATENCY 0 OPTYPE select PRAGMA {} RTLNAME coef33_1_fu_567_p3 SOURCE C:/TFG_Vivado/vivado/axu2cga_trd.runs/bd_197a_csc_0_synth_1/prj/sol/.autopilot/db/v_csc.cpp:148 VARIABLE coef33_1 LOOP VITIS_LOOP_136_2 BUNDLEDNAME {} DSP 0 BRAM 0 URAM 0 STORAGESUBTYPE {} DISPNAME {bind_op select} VISIBLE false} {BINDTYPE op ID {} IMPL auto_sel LATENCY 0 OPTYPE select PRAGMA {} RTLNAME offsetR_1_fu_707_p3 SOURCE C:/TFG_Vivado/vivado/axu2cga_trd.runs/bd_197a_csc_0_synth_1/prj/sol/.autopilot/db/v_csc.cpp:148 VARIABLE offsetR_1 LOOP VITIS_LOOP_136_2 BUNDLEDNAME {} DSP 0 BRAM 0 URAM 0 STORAGESUBTYPE {} DISPNAME {bind_op select} VISIBLE false} {BINDTYPE op ID {} IMPL auto_sel LATENCY 0 OPTYPE select PRAGMA {} RTLNAME offsetG_1_fu_712_p3 SOURCE C:/TFG_Vivado/vivado/axu2cga_trd.runs/bd_197a_csc_0_synth_1/prj/sol/.autopilot/db/v_csc.cpp:148 VARIABLE offsetG_1 LOOP VITIS_LOOP_136_2 BUNDLEDNAME {} DSP 0 BRAM 0 URAM 0 STORAGESUBTYPE {} DISPNAME {bind_op select} VISIBLE false} {BINDTYPE op ID {} IMPL auto_sel LATENCY 0 OPTYPE select PRAGMA {} RTLNAME offsetB_1_fu_717_p3 SOURCE C:/TFG_Vivado/vivado/axu2cga_trd.runs/bd_197a_csc_0_synth_1/prj/sol/.autopilot/db/v_csc.cpp:148 VARIABLE offsetB_1 LOOP VITIS_LOOP_136_2 BUNDLEDNAME {} DSP 0 BRAM 0 URAM 0 STORAGESUBTYPE {} DISPNAME {bind_op select} VISIBLE false} {BINDTYPE op ID {} IMPL auto_sel LATENCY 0 OPTYPE select PRAGMA {} RTLNAME max_val_1_fu_842_p3 SOURCE C:/TFG_Vivado/vivado/axu2cga_trd.runs/bd_197a_csc_0_synth_1/prj/sol/.autopilot/db/v_csc.cpp:148 VARIABLE max_val_1 LOOP VITIS_LOOP_136_2 BUNDLEDNAME {} DSP 0 BRAM 0 URAM 0 STORAGESUBTYPE {} DISPNAME {bind_op select} VISIBLE false} {BINDTYPE op ID {} IMPL auto_sel LATENCY 0 OPTYPE select PRAGMA {} RTLNAME min_val_1_fu_847_p3 SOURCE C:/TFG_Vivado/vivado/axu2cga_trd.runs/bd_197a_csc_0_synth_1/prj/sol/.autopilot/db/v_csc.cpp:148 VARIABLE min_val_1 LOOP VITIS_LOOP_136_2 BUNDLEDNAME {} DSP 0 BRAM 0 URAM 0 STORAGESUBTYPE {} DISPNAME {bind_op select} VISIBLE false} {BINDTYPE op ID {} IMPL dsp_slice LATENCY 3 OPTYPE mul PRAGMA {} RTLNAME mac_muladd_16s_8ns_22s_25_4_1_U103 SOURCE C:/TFG_Vivado/vivado/axu2cga_trd.runs/bd_197a_csc_0_synth_1/prj/sol/.autopilot/db/v_csc.cpp:192 VARIABLE mul_ln192 LOOP VITIS_LOOP_136_2 BUNDLEDNAME {} DSP 1 BRAM 0 URAM 0 STORAGESUBTYPE {} DISPNAME {bind_op mul} VISIBLE true} {BINDTYPE op ID {} IMPL dsp_slice LATENCY 3 OPTYPE sext PRAGMA {} RTLNAME mac_muladd_16s_8ns_22s_25_4_1_U103 SOURCE C:/TFG_Vivado/vivado/axu2cga_trd.runs/bd_197a_csc_0_synth_1/prj/sol/.autopilot/db/v_csc.cpp:192 VARIABLE sext_ln192 LOOP VITIS_LOOP_136_2 BUNDLEDNAME {} DSP 1 BRAM 0 URAM 0 STORAGESUBTYPE {} DISPNAME {bind_op sext} VISIBLE false} {BINDTYPE op ID {} IMPL dsp_slice LATENCY 3 OPTYPE mul PRAGMA {} RTLNAME mac_muladd_16s_8ns_12ns_24_4_1_U104 SOURCE C:/TFG_Vivado/vivado/axu2cga_trd.runs/bd_197a_csc_0_synth_1/prj/sol/.autopilot/db/v_csc.cpp:192 VARIABLE mul_ln192_1 LOOP VITIS_LOOP_136_2 BUNDLEDNAME {} DSP 1 BRAM 0 URAM 0 STORAGESUBTYPE {} DISPNAME {bind_op mul} VISIBLE true} {BINDTYPE op ID {} IMPL auto LATENCY 0 OPTYPE mul PRAGMA {} RTLNAME mul_16s_8ns_24_1_1_U97 SOURCE C:/TFG_Vivado/vivado/axu2cga_trd.runs/bd_197a_csc_0_synth_1/prj/sol/.autopilot/db/v_csc.cpp:192 VARIABLE mul_ln192_2 LOOP VITIS_LOOP_136_2 BUNDLEDNAME {} DSP 1 BRAM 0 URAM 0 STORAGESUBTYPE {} DISPNAME {bind_op mul} VISIBLE true} {BINDTYPE op ID {} IMPL dsp_slice LATENCY 3 OPTYPE add PRAGMA {} RTLNAME mac_muladd_16s_8ns_12ns_24_4_1_U104 SOURCE C:/TFG_Vivado/vivado/axu2cga_trd.runs/bd_197a_csc_0_synth_1/prj/sol/.autopilot/db/v_csc.cpp:192 VARIABLE add_ln192 LOOP VITIS_LOOP_136_2 BUNDLEDNAME {} DSP 1 BRAM 0 URAM 0 STORAGESUBTYPE {} DISPNAME {bind_op add} VISIBLE true} {BINDTYPE op ID {} IMPL fabric LATENCY 0 OPTYPE add PRAGMA {} RTLNAME add_ln192_10_fu_858_p2 SOURCE C:/TFG_Vivado/vivado/axu2cga_trd.runs/bd_197a_csc_0_synth_1/prj/sol/.autopilot/db/v_csc.cpp:192 VARIABLE add_ln192_10 LOOP VITIS_LOOP_136_2 BUNDLEDNAME {} DSP 0 BRAM 0 URAM 0 STORAGESUBTYPE {} DISPNAME {bind_op add} VISIBLE true} {BINDTYPE op ID {} IMPL fabric LATENCY 0 OPTYPE add PRAGMA {} RTLNAME add_ln192_1_fu_862_p2 SOURCE C:/TFG_Vivado/vivado/axu2cga_trd.runs/bd_197a_csc_0_synth_1/prj/sol/.autopilot/db/v_csc.cpp:192 VARIABLE add_ln192_1 LOOP VITIS_LOOP_136_2 BUNDLEDNAME {} DSP 0 BRAM 0 URAM 0 STORAGESUBTYPE {} DISPNAME {bind_op add} VISIBLE true} {BINDTYPE op ID {} IMPL dsp_slice LATENCY 3 OPTYPE add PRAGMA {} RTLNAME mac_muladd_16s_8ns_22s_25_4_1_U103 SOURCE C:/TFG_Vivado/vivado/axu2cga_trd.runs/bd_197a_csc_0_synth_1/prj/sol/.autopilot/db/v_csc.cpp:192 VARIABLE add_ln192_2 LOOP VITIS_LOOP_136_2 BUNDLEDNAME {} DSP 1 BRAM 0 URAM 0 STORAGESUBTYPE {} DISPNAME {bind_op add} VISIBLE true} {BINDTYPE op ID {} IMPL fabric LATENCY 0 OPTYPE add PRAGMA {} RTLNAME add_ln192_8_fu_1144_p2 SOURCE C:/TFG_Vivado/vivado/axu2cga_trd.runs/bd_197a_csc_0_synth_1/prj/sol/.autopilot/db/v_csc.cpp:192 VARIABLE add_ln192_8 LOOP VITIS_LOOP_136_2 BUNDLEDNAME {} DSP 0 BRAM 0 URAM 0 STORAGESUBTYPE {} DISPNAME {bind_op add} VISIBLE true} {BINDTYPE op ID {} IMPL fabric LATENCY 0 OPTYPE add PRAGMA {} RTLNAME add_ln192_3_fu_882_p2 SOURCE C:/TFG_Vivado/vivado/axu2cga_trd.runs/bd_197a_csc_0_synth_1/prj/sol/.autopilot/db/v_csc.cpp:192 VARIABLE add_ln192_3 LOOP VITIS_LOOP_136_2 BUNDLEDNAME {} DSP 0 BRAM 0 URAM 0 STORAGESUBTYPE {} DISPNAME {bind_op add} VISIBLE true} {BINDTYPE op ID {} IMPL dsp_slice LATENCY 3 OPTYPE mul PRAGMA {} RTLNAME mac_muladd_16s_8ns_22s_25_4_1_U105 SOURCE C:/TFG_Vivado/vivado/axu2cga_trd.runs/bd_197a_csc_0_synth_1/prj/sol/.autopilot/db/v_csc.cpp:194 VARIABLE mul_ln194 LOOP VITIS_LOOP_136_2 BUNDLEDNAME {} DSP 1 BRAM 0 URAM 0 STORAGESUBTYPE {} DISPNAME {bind_op mul} VISIBLE true} {BINDTYPE op ID {} IMPL dsp_slice LATENCY 3 OPTYPE sext PRAGMA {} RTLNAME mac_muladd_16s_8ns_22s_25_4_1_U105 SOURCE C:/TFG_Vivado/vivado/axu2cga_trd.runs/bd_197a_csc_0_synth_1/prj/sol/.autopilot/db/v_csc.cpp:194 VARIABLE sext_ln194 LOOP VITIS_LOOP_136_2 BUNDLEDNAME {} DSP 1 BRAM 0 URAM 0 STORAGESUBTYPE {} DISPNAME {bind_op sext} VISIBLE false} {BINDTYPE op ID {} IMPL dsp_slice LATENCY 3 OPTYPE mul PRAGMA {} RTLNAME mac_muladd_16s_8ns_12ns_24_4_1_U106 SOURCE C:/TFG_Vivado/vivado/axu2cga_trd.runs/bd_197a_csc_0_synth_1/prj/sol/.autopilot/db/v_csc.cpp:194 VARIABLE mul_ln194_1 LOOP VITIS_LOOP_136_2 BUNDLEDNAME {} DSP 1 BRAM 0 URAM 0 STORAGESUBTYPE {} DISPNAME {bind_op mul} VISIBLE true} {BINDTYPE op ID {} IMPL auto LATENCY 0 OPTYPE mul PRAGMA {} RTLNAME mul_16s_8ns_24_1_1_U98 SOURCE C:/TFG_Vivado/vivado/axu2cga_trd.runs/bd_197a_csc_0_synth_1/prj/sol/.autopilot/db/v_csc.cpp:194 VARIABLE mul_ln194_2 LOOP VITIS_LOOP_136_2 BUNDLEDNAME {} DSP 1 BRAM 0 URAM 0 STORAGESUBTYPE {} DISPNAME {bind_op mul} VISIBLE true} {BINDTYPE op ID {} IMPL dsp_slice LATENCY 3 OPTYPE add PRAGMA {} RTLNAME mac_muladd_16s_8ns_12ns_24_4_1_U106 SOURCE C:/TFG_Vivado/vivado/axu2cga_trd.runs/bd_197a_csc_0_synth_1/prj/sol/.autopilot/db/v_csc.cpp:194 VARIABLE add_ln194 LOOP VITIS_LOOP_136_2 BUNDLEDNAME {} DSP 1 BRAM 0 URAM 0 STORAGESUBTYPE {} DISPNAME {bind_op add} VISIBLE true} {BINDTYPE op ID {} IMPL fabric LATENCY 0 OPTYPE add PRAGMA {} RTLNAME add_ln194_10_fu_904_p2 SOURCE C:/TFG_Vivado/vivado/axu2cga_trd.runs/bd_197a_csc_0_synth_1/prj/sol/.autopilot/db/v_csc.cpp:194 VARIABLE add_ln194_10 LOOP VITIS_LOOP_136_2 BUNDLEDNAME {} DSP 0 BRAM 0 URAM 0 STORAGESUBTYPE {} DISPNAME {bind_op add} VISIBLE true} {BINDTYPE op ID {} IMPL fabric LATENCY 0 OPTYPE add PRAGMA {} RTLNAME add_ln194_1_fu_908_p2 SOURCE C:/TFG_Vivado/vivado/axu2cga_trd.runs/bd_197a_csc_0_synth_1/prj/sol/.autopilot/db/v_csc.cpp:194 VARIABLE add_ln194_1 LOOP VITIS_LOOP_136_2 BUNDLEDNAME {} DSP 0 BRAM 0 URAM 0 STORAGESUBTYPE {} DISPNAME {bind_op add} VISIBLE true} {BINDTYPE op ID {} IMPL dsp_slice LATENCY 3 OPTYPE add PRAGMA {} RTLNAME mac_muladd_16s_8ns_22s_25_4_1_U105 SOURCE C:/TFG_Vivado/vivado/axu2cga_trd.runs/bd_197a_csc_0_synth_1/prj/sol/.autopilot/db/v_csc.cpp:194 VARIABLE add_ln194_2 LOOP VITIS_LOOP_136_2 BUNDLEDNAME {} DSP 1 BRAM 0 URAM 0 STORAGESUBTYPE {} DISPNAME {bind_op add} VISIBLE true} {BINDTYPE op ID {} IMPL fabric LATENCY 0 OPTYPE add PRAGMA {} RTLNAME add_ln194_8_fu_1148_p2 SOURCE C:/TFG_Vivado/vivado/axu2cga_trd.runs/bd_197a_csc_0_synth_1/prj/sol/.autopilot/db/v_csc.cpp:194 VARIABLE add_ln194_8 LOOP VITIS_LOOP_136_2 BUNDLEDNAME {} DSP 0 BRAM 0 URAM 0 STORAGESUBTYPE {} DISPNAME {bind_op add} VISIBLE true} {BINDTYPE op ID {} IMPL fabric LATENCY 0 OPTYPE add PRAGMA {} RTLNAME add_ln194_3_fu_928_p2 SOURCE C:/TFG_Vivado/vivado/axu2cga_trd.runs/bd_197a_csc_0_synth_1/prj/sol/.autopilot/db/v_csc.cpp:194 VARIABLE add_ln194_3 LOOP VITIS_LOOP_136_2 BUNDLEDNAME {} DSP 0 BRAM 0 URAM 0 STORAGESUBTYPE {} DISPNAME {bind_op add} VISIBLE true} {BINDTYPE op ID {} IMPL dsp_slice LATENCY 3 OPTYPE mul PRAGMA {} RTLNAME mac_muladd_16s_8ns_22s_25_4_1_U107 SOURCE C:/TFG_Vivado/vivado/axu2cga_trd.runs/bd_197a_csc_0_synth_1/prj/sol/.autopilot/db/v_csc.cpp:196 VARIABLE mul_ln196 LOOP VITIS_LOOP_136_2 BUNDLEDNAME {} DSP 1 BRAM 0 URAM 0 STORAGESUBTYPE {} DISPNAME {bind_op mul} VISIBLE true} {BINDTYPE op ID {} IMPL dsp_slice LATENCY 3 OPTYPE sext PRAGMA {} RTLNAME mac_muladd_16s_8ns_22s_25_4_1_U107 SOURCE C:/TFG_Vivado/vivado/axu2cga_trd.runs/bd_197a_csc_0_synth_1/prj/sol/.autopilot/db/v_csc.cpp:196 VARIABLE sext_ln196 LOOP VITIS_LOOP_136_2 BUNDLEDNAME {} DSP 1 BRAM 0 URAM 0 STORAGESUBTYPE {} DISPNAME {bind_op sext} VISIBLE false} {BINDTYPE op ID {} IMPL dsp_slice LATENCY 3 OPTYPE mul PRAGMA {} RTLNAME mac_muladd_16s_8ns_12ns_24_4_1_U108 SOURCE C:/TFG_Vivado/vivado/axu2cga_trd.runs/bd_197a_csc_0_synth_1/prj/sol/.autopilot/db/v_csc.cpp:196 VARIABLE mul_ln196_1 LOOP VITIS_LOOP_136_2 BUNDLEDNAME {} DSP 1 BRAM 0 URAM 0 STORAGESUBTYPE {} DISPNAME {bind_op mul} VISIBLE true} {BINDTYPE op ID {} IMPL auto LATENCY 0 OPTYPE mul PRAGMA {} RTLNAME mul_16s_8ns_24_1_1_U99 SOURCE C:/TFG_Vivado/vivado/axu2cga_trd.runs/bd_197a_csc_0_synth_1/prj/sol/.autopilot/db/v_csc.cpp:196 VARIABLE mul_ln196_2 LOOP VITIS_LOOP_136_2 BUNDLEDNAME {} DSP 1 BRAM 0 URAM 0 STORAGESUBTYPE {} DISPNAME {bind_op mul} VISIBLE true} {BINDTYPE op ID {} IMPL dsp_slice LATENCY 3 OPTYPE add PRAGMA {} RTLNAME mac_muladd_16s_8ns_12ns_24_4_1_U108 SOURCE C:/TFG_Vivado/vivado/axu2cga_trd.runs/bd_197a_csc_0_synth_1/prj/sol/.autopilot/db/v_csc.cpp:196 VARIABLE add_ln196 LOOP VITIS_LOOP_136_2 BUNDLEDNAME {} DSP 1 BRAM 0 URAM 0 STORAGESUBTYPE {} DISPNAME {bind_op add} VISIBLE true} {BINDTYPE op ID {} IMPL fabric LATENCY 0 OPTYPE add PRAGMA {} RTLNAME add_ln196_10_fu_950_p2 SOURCE C:/TFG_Vivado/vivado/axu2cga_trd.runs/bd_197a_csc_0_synth_1/prj/sol/.autopilot/db/v_csc.cpp:196 VARIABLE add_ln196_10 LOOP VITIS_LOOP_136_2 BUNDLEDNAME {} DSP 0 BRAM 0 URAM 0 STORAGESUBTYPE {} DISPNAME {bind_op add} VISIBLE true} {BINDTYPE op ID {} IMPL fabric LATENCY 0 OPTYPE add PRAGMA {} RTLNAME add_ln196_1_fu_954_p2 SOURCE C:/TFG_Vivado/vivado/axu2cga_trd.runs/bd_197a_csc_0_synth_1/prj/sol/.autopilot/db/v_csc.cpp:196 VARIABLE add_ln196_1 LOOP VITIS_LOOP_136_2 BUNDLEDNAME {} DSP 0 BRAM 0 URAM 0 STORAGESUBTYPE {} DISPNAME {bind_op add} VISIBLE true} {BINDTYPE op ID {} IMPL dsp_slice LATENCY 3 OPTYPE add PRAGMA {} RTLNAME mac_muladd_16s_8ns_22s_25_4_1_U107 SOURCE C:/TFG_Vivado/vivado/axu2cga_trd.runs/bd_197a_csc_0_synth_1/prj/sol/.autopilot/db/v_csc.cpp:196 VARIABLE add_ln196_2 LOOP VITIS_LOOP_136_2 BUNDLEDNAME {} DSP 1 BRAM 0 URAM 0 STORAGESUBTYPE {} DISPNAME {bind_op add} VISIBLE true} {BINDTYPE op ID {} IMPL fabric LATENCY 0 OPTYPE add PRAGMA {} RTLNAME add_ln196_8_fu_1152_p2 SOURCE C:/TFG_Vivado/vivado/axu2cga_trd.runs/bd_197a_csc_0_synth_1/prj/sol/.autopilot/db/v_csc.cpp:196 VARIABLE add_ln196_8 LOOP VITIS_LOOP_136_2 BUNDLEDNAME {} DSP 0 BRAM 0 URAM 0 STORAGESUBTYPE {} DISPNAME {bind_op add} VISIBLE true} {BINDTYPE op ID {} IMPL fabric LATENCY 0 OPTYPE add PRAGMA {} RTLNAME add_ln196_3_fu_974_p2 SOURCE C:/TFG_Vivado/vivado/axu2cga_trd.runs/bd_197a_csc_0_synth_1/prj/sol/.autopilot/db/v_csc.cpp:196 VARIABLE add_ln196_3 LOOP VITIS_LOOP_136_2 BUNDLEDNAME {} DSP 0 BRAM 0 URAM 0 STORAGESUBTYPE {} DISPNAME {bind_op add} VISIBLE true} {BINDTYPE op ID {} IMPL auto LATENCY 0 OPTYPE setlt PRAGMA {} RTLNAME icmp_ln198_fu_1156_p2 SOURCE C:/TFG_Vivado/vivado/axu2cga_trd.runs/bd_197a_csc_0_synth_1/prj/sol/.autopilot/db/v_csc.cpp:198 VARIABLE icmp_ln198 LOOP VITIS_LOOP_136_2 BUNDLEDNAME {} DSP 0 BRAM 0 URAM 0 STORAGESUBTYPE {} DISPNAME {bind_op setlt} VISIBLE false} {BINDTYPE op ID {} IMPL auto LATENCY 0 OPTYPE setgt PRAGMA {} RTLNAME icmp_ln198_1_fu_1161_p2 SOURCE C:/TFG_Vivado/vivado/axu2cga_trd.runs/bd_197a_csc_0_synth_1/prj/sol/.autopilot/db/v_csc.cpp:198 VARIABLE icmp_ln198_1 LOOP VITIS_LOOP_136_2 BUNDLEDNAME {} DSP 0 BRAM 0 URAM 0 STORAGESUBTYPE {} DISPNAME {bind_op setgt} VISIBLE false} {BINDTYPE op ID {} IMPL auto_sel LATENCY 0 OPTYPE select PRAGMA {} RTLNAME select_ln198_fu_1176_p3 SOURCE C:/TFG_Vivado/vivado/axu2cga_trd.runs/bd_197a_csc_0_synth_1/prj/sol/.autopilot/db/v_csc.cpp:198 VARIABLE select_ln198 LOOP VITIS_LOOP_136_2 BUNDLEDNAME {} DSP 0 BRAM 0 URAM 0 STORAGESUBTYPE {} DISPNAME {bind_op select} VISIBLE false} {BINDTYPE op ID {} IMPL auto_sel LATENCY 0 OPTYPE select PRAGMA {} RTLNAME select_ln198_1_fu_1183_p3 SOURCE C:/TFG_Vivado/vivado/axu2cga_trd.runs/bd_197a_csc_0_synth_1/prj/sol/.autopilot/db/v_csc.cpp:198 VARIABLE select_ln198_1 LOOP VITIS_LOOP_136_2 BUNDLEDNAME {} DSP 0 BRAM 0 URAM 0 STORAGESUBTYPE {} DISPNAME {bind_op select} VISIBLE false} {BINDTYPE op ID {} IMPL auto LATENCY 0 OPTYPE setlt PRAGMA {} RTLNAME icmp_ln199_fu_1190_p2 SOURCE C:/TFG_Vivado/vivado/axu2cga_trd.runs/bd_197a_csc_0_synth_1/prj/sol/.autopilot/db/v_csc.cpp:199 VARIABLE icmp_ln199 LOOP VITIS_LOOP_136_2 BUNDLEDNAME {} DSP 0 BRAM 0 URAM 0 STORAGESUBTYPE {} DISPNAME {bind_op setlt} VISIBLE false} {BINDTYPE op ID {} IMPL auto LATENCY 0 OPTYPE setgt PRAGMA {} RTLNAME icmp_ln199_1_fu_1195_p2 SOURCE C:/TFG_Vivado/vivado/axu2cga_trd.runs/bd_197a_csc_0_synth_1/prj/sol/.autopilot/db/v_csc.cpp:199 VARIABLE icmp_ln199_1 LOOP VITIS_LOOP_136_2 BUNDLEDNAME {} DSP 0 BRAM 0 URAM 0 STORAGESUBTYPE {} DISPNAME {bind_op setgt} VISIBLE false} {BINDTYPE op ID {} IMPL auto_sel LATENCY 0 OPTYPE select PRAGMA {} RTLNAME select_ln199_fu_1210_p3 SOURCE C:/TFG_Vivado/vivado/axu2cga_trd.runs/bd_197a_csc_0_synth_1/prj/sol/.autopilot/db/v_csc.cpp:199 VARIABLE select_ln199 LOOP VITIS_LOOP_136_2 BUNDLEDNAME {} DSP 0 BRAM 0 URAM 0 STORAGESUBTYPE {} DISPNAME {bind_op select} VISIBLE false} {BINDTYPE op ID {} IMPL auto_sel LATENCY 0 OPTYPE select PRAGMA {} RTLNAME select_ln199_1_fu_1217_p3 SOURCE C:/TFG_Vivado/vivado/axu2cga_trd.runs/bd_197a_csc_0_synth_1/prj/sol/.autopilot/db/v_csc.cpp:199 VARIABLE select_ln199_1 LOOP VITIS_LOOP_136_2 BUNDLEDNAME {} DSP 0 BRAM 0 URAM 0 STORAGESUBTYPE {} DISPNAME {bind_op select} VISIBLE false} {BINDTYPE op ID {} IMPL auto LATENCY 0 OPTYPE setlt PRAGMA {} RTLNAME icmp_ln200_fu_1224_p2 SOURCE C:/TFG_Vivado/vivado/axu2cga_trd.runs/bd_197a_csc_0_synth_1/prj/sol/.autopilot/db/v_csc.cpp:200 VARIABLE icmp_ln200 LOOP VITIS_LOOP_136_2 BUNDLEDNAME {} DSP 0 BRAM 0 URAM 0 STORAGESUBTYPE {} DISPNAME {bind_op setlt} VISIBLE false} {BINDTYPE op ID {} IMPL auto LATENCY 0 OPTYPE setgt PRAGMA {} RTLNAME icmp_ln200_1_fu_1229_p2 SOURCE C:/TFG_Vivado/vivado/axu2cga_trd.runs/bd_197a_csc_0_synth_1/prj/sol/.autopilot/db/v_csc.cpp:200 VARIABLE icmp_ln200_1 LOOP VITIS_LOOP_136_2 BUNDLEDNAME {} DSP 0 BRAM 0 URAM 0 STORAGESUBTYPE {} DISPNAME {bind_op setgt} VISIBLE false} {BINDTYPE op ID {} IMPL auto_sel LATENCY 0 OPTYPE select PRAGMA {} RTLNAME select_ln200_fu_1244_p3 SOURCE C:/TFG_Vivado/vivado/axu2cga_trd.runs/bd_197a_csc_0_synth_1/prj/sol/.autopilot/db/v_csc.cpp:200 VARIABLE select_ln200 LOOP VITIS_LOOP_136_2 BUNDLEDNAME {} DSP 0 BRAM 0 URAM 0 STORAGESUBTYPE {} DISPNAME {bind_op select} VISIBLE false} {BINDTYPE op ID {} IMPL auto_sel LATENCY 0 OPTYPE select PRAGMA {} RTLNAME select_ln200_1_fu_1251_p3 SOURCE C:/TFG_Vivado/vivado/axu2cga_trd.runs/bd_197a_csc_0_synth_1/prj/sol/.autopilot/db/v_csc.cpp:200 VARIABLE select_ln200_1 LOOP VITIS_LOOP_136_2 BUNDLEDNAME {} DSP 0 BRAM 0 URAM 0 STORAGESUBTYPE {} DISPNAME {bind_op select} VISIBLE false} {BINDTYPE op ID {} IMPL auto LATENCY 0 OPTYPE and PRAGMA {} RTLNAME and_ln148_3_fu_467_p2 SOURCE C:/TFG_Vivado/vivado/axu2cga_trd.runs/bd_197a_csc_0_synth_1/prj/sol/.autopilot/db/v_csc.cpp:148 VARIABLE and_ln148_3 LOOP VITIS_LOOP_136_2 BUNDLEDNAME {} DSP 0 BRAM 0 URAM 0 STORAGESUBTYPE {} DISPNAME {bind_op and} VISIBLE false} {BINDTYPE op ID {} IMPL auto LATENCY 0 OPTYPE xor PRAGMA {} RTLNAME xor_ln148_fu_473_p2 SOURCE C:/TFG_Vivado/vivado/axu2cga_trd.runs/bd_197a_csc_0_synth_1/prj/sol/.autopilot/db/v_csc.cpp:148 VARIABLE xor_ln148 LOOP VITIS_LOOP_136_2 BUNDLEDNAME {} DSP 0 BRAM 0 URAM 0 STORAGESUBTYPE {} DISPNAME {bind_op xor} VISIBLE false} {BINDTYPE op ID {} IMPL auto LATENCY 0 OPTYPE and PRAGMA {} RTLNAME and_ln148_4_fu_479_p2 SOURCE C:/TFG_Vivado/vivado/axu2cga_trd.runs/bd_197a_csc_0_synth_1/prj/sol/.autopilot/db/v_csc.cpp:148 VARIABLE and_ln148_4 LOOP VITIS_LOOP_136_2 BUNDLEDNAME {} DSP 0 BRAM 0 URAM 0 STORAGESUBTYPE {} DISPNAME {bind_op and} VISIBLE false} {BINDTYPE op ID {} IMPL auto LATENCY 0 OPTYPE or PRAGMA {} RTLNAME or_ln148_2_fu_485_p2 SOURCE C:/TFG_Vivado/vivado/axu2cga_trd.runs/bd_197a_csc_0_synth_1/prj/sol/.autopilot/db/v_csc.cpp:148 VARIABLE or_ln148_2 LOOP VITIS_LOOP_136_2 BUNDLEDNAME {} DSP 0 BRAM 0 URAM 0 STORAGESUBTYPE {} DISPNAME {bind_op or} VISIBLE false} {BINDTYPE op ID {} IMPL auto LATENCY 0 OPTYPE xor PRAGMA {} RTLNAME xor_ln148_3_fu_491_p2 SOURCE C:/TFG_Vivado/vivado/axu2cga_trd.runs/bd_197a_csc_0_synth_1/prj/sol/.autopilot/db/v_csc.cpp:148 VARIABLE xor_ln148_3 LOOP VITIS_LOOP_136_2 BUNDLEDNAME {} DSP 0 BRAM 0 URAM 0 STORAGESUBTYPE {} DISPNAME {bind_op xor} VISIBLE false} {BINDTYPE op ID {} IMPL auto LATENCY 0 OPTYPE or PRAGMA {} RTLNAME or_ln148_4_fu_497_p2 SOURCE C:/TFG_Vivado/vivado/axu2cga_trd.runs/bd_197a_csc_0_synth_1/prj/sol/.autopilot/db/v_csc.cpp:148 VARIABLE or_ln148_4 LOOP VITIS_LOOP_136_2 BUNDLEDNAME {} DSP 0 BRAM 0 URAM 0 STORAGESUBTYPE {} DISPNAME {bind_op or} VISIBLE false} {BINDTYPE op ID {} IMPL auto_sel LATENCY 0 OPTYPE select PRAGMA {} RTLNAME coef11_2_fu_600_p3 SOURCE C:/TFG_Vivado/vivado/axu2cga_trd.runs/bd_197a_csc_0_synth_1/prj/sol/.autopilot/db/v_csc.cpp:148 VARIABLE coef11_2 LOOP VITIS_LOOP_136_2 BUNDLEDNAME {} DSP 0 BRAM 0 URAM 0 STORAGESUBTYPE {} DISPNAME {bind_op select} VISIBLE false} {BINDTYPE op ID {} IMPL auto_sel LATENCY 0 OPTYPE select PRAGMA {} RTLNAME coef12_2_fu_767_p3 SOURCE C:/TFG_Vivado/vivado/axu2cga_trd.runs/bd_197a_csc_0_synth_1/prj/sol/.autopilot/db/v_csc.cpp:148 VARIABLE coef12_2 LOOP VITIS_LOOP_136_2 BUNDLEDNAME {} DSP 0 BRAM 0 URAM 0 STORAGESUBTYPE {} DISPNAME {bind_op select} VISIBLE false} {BINDTYPE op ID {} IMPL auto_sel LATENCY 0 OPTYPE select PRAGMA {} RTLNAME coef13_2_fu_605_p3 SOURCE C:/TFG_Vivado/vivado/axu2cga_trd.runs/bd_197a_csc_0_synth_1/prj/sol/.autopilot/db/v_csc.cpp:148 VARIABLE coef13_2 LOOP VITIS_LOOP_136_2 BUNDLEDNAME {} DSP 0 BRAM 0 URAM 0 STORAGESUBTYPE {} DISPNAME {bind_op select} VISIBLE false} {BINDTYPE op ID {} IMPL auto_sel LATENCY 0 OPTYPE select PRAGMA {} RTLNAME coef21_2_fu_610_p3 SOURCE C:/TFG_Vivado/vivado/axu2cga_trd.runs/bd_197a_csc_0_synth_1/prj/sol/.autopilot/db/v_csc.cpp:148 VARIABLE coef21_2 LOOP VITIS_LOOP_136_2 BUNDLEDNAME {} DSP 0 BRAM 0 URAM 0 STORAGESUBTYPE {} DISPNAME {bind_op select} VISIBLE false} {BINDTYPE op ID {} IMPL auto_sel LATENCY 0 OPTYPE select PRAGMA {} RTLNAME coef22_2_fu_772_p3 SOURCE C:/TFG_Vivado/vivado/axu2cga_trd.runs/bd_197a_csc_0_synth_1/prj/sol/.autopilot/db/v_csc.cpp:148 VARIABLE coef22_2 LOOP VITIS_LOOP_136_2 BUNDLEDNAME {} DSP 0 BRAM 0 URAM 0 STORAGESUBTYPE {} DISPNAME {bind_op select} VISIBLE false} {BINDTYPE op ID {} IMPL auto_sel LATENCY 0 OPTYPE select PRAGMA {} RTLNAME coef23_2_fu_615_p3 SOURCE C:/TFG_Vivado/vivado/axu2cga_trd.runs/bd_197a_csc_0_synth_1/prj/sol/.autopilot/db/v_csc.cpp:148 VARIABLE coef23_2 LOOP VITIS_LOOP_136_2 BUNDLEDNAME {} DSP 0 BRAM 0 URAM 0 STORAGESUBTYPE {} DISPNAME {bind_op select} VISIBLE false} {BINDTYPE op ID {} IMPL auto_sel LATENCY 0 OPTYPE select PRAGMA {} RTLNAME coef31_2_fu_620_p3 SOURCE C:/TFG_Vivado/vivado/axu2cga_trd.runs/bd_197a_csc_0_synth_1/prj/sol/.autopilot/db/v_csc.cpp:148 VARIABLE coef31_2 LOOP VITIS_LOOP_136_2 BUNDLEDNAME {} DSP 0 BRAM 0 URAM 0 STORAGESUBTYPE {} DISPNAME {bind_op select} VISIBLE false} {BINDTYPE op ID {} IMPL auto_sel LATENCY 0 OPTYPE select PRAGMA {} RTLNAME coef32_2_fu_777_p3 SOURCE C:/TFG_Vivado/vivado/axu2cga_trd.runs/bd_197a_csc_0_synth_1/prj/sol/.autopilot/db/v_csc.cpp:148 VARIABLE coef32_2 LOOP VITIS_LOOP_136_2 BUNDLEDNAME {} DSP 0 BRAM 0 URAM 0 STORAGESUBTYPE {} DISPNAME {bind_op select} VISIBLE false} {BINDTYPE op ID {} IMPL auto_sel LATENCY 0 OPTYPE select PRAGMA {} RTLNAME coef33_2_fu_625_p3 SOURCE C:/TFG_Vivado/vivado/axu2cga_trd.runs/bd_197a_csc_0_synth_1/prj/sol/.autopilot/db/v_csc.cpp:148 VARIABLE coef33_2 LOOP VITIS_LOOP_136_2 BUNDLEDNAME {} DSP 0 BRAM 0 URAM 0 STORAGESUBTYPE {} DISPNAME {bind_op select} VISIBLE false} {BINDTYPE op ID {} IMPL auto_sel LATENCY 0 OPTYPE select PRAGMA {} RTLNAME offsetR_2_fu_782_p3 SOURCE C:/TFG_Vivado/vivado/axu2cga_trd.runs/bd_197a_csc_0_synth_1/prj/sol/.autopilot/db/v_csc.cpp:148 VARIABLE offsetR_2 LOOP VITIS_LOOP_136_2 BUNDLEDNAME {} DSP 0 BRAM 0 URAM 0 STORAGESUBTYPE {} DISPNAME {bind_op select} VISIBLE false} {BINDTYPE op ID {} IMPL auto_sel LATENCY 0 OPTYPE select PRAGMA {} RTLNAME offsetG_2_fu_787_p3 SOURCE C:/TFG_Vivado/vivado/axu2cga_trd.runs/bd_197a_csc_0_synth_1/prj/sol/.autopilot/db/v_csc.cpp:148 VARIABLE offsetG_2 LOOP VITIS_LOOP_136_2 BUNDLEDNAME {} DSP 0 BRAM 0 URAM 0 STORAGESUBTYPE {} DISPNAME {bind_op select} VISIBLE false} {BINDTYPE op ID {} IMPL auto_sel LATENCY 0 OPTYPE select PRAGMA {} RTLNAME offsetB_2_fu_792_p3 SOURCE C:/TFG_Vivado/vivado/axu2cga_trd.runs/bd_197a_csc_0_synth_1/prj/sol/.autopilot/db/v_csc.cpp:148 VARIABLE offsetB_2 LOOP VITIS_LOOP_136_2 BUNDLEDNAME {} DSP 0 BRAM 0 URAM 0 STORAGESUBTYPE {} DISPNAME {bind_op select} VISIBLE false} {BINDTYPE op ID {} IMPL auto_sel LATENCY 0 OPTYPE select PRAGMA {} RTLNAME max_val_2_fu_990_p3 SOURCE C:/TFG_Vivado/vivado/axu2cga_trd.runs/bd_197a_csc_0_synth_1/prj/sol/.autopilot/db/v_csc.cpp:148 VARIABLE max_val_2 LOOP VITIS_LOOP_136_2 BUNDLEDNAME {} DSP 0 BRAM 0 URAM 0 STORAGESUBTYPE {} DISPNAME {bind_op select} VISIBLE false} {BINDTYPE op ID {} IMPL auto_sel LATENCY 0 OPTYPE select PRAGMA {} RTLNAME min_val_2_fu_995_p3 SOURCE C:/TFG_Vivado/vivado/axu2cga_trd.runs/bd_197a_csc_0_synth_1/prj/sol/.autopilot/db/v_csc.cpp:148 VARIABLE min_val_2 LOOP VITIS_LOOP_136_2 BUNDLEDNAME {} DSP 0 BRAM 0 URAM 0 STORAGESUBTYPE {} DISPNAME {bind_op select} VISIBLE false} {BINDTYPE op ID {} IMPL dsp_slice LATENCY 3 OPTYPE mul PRAGMA {} RTLNAME mac_muladd_16s_8ns_22s_25_4_1_U109 SOURCE C:/TFG_Vivado/vivado/axu2cga_trd.runs/bd_197a_csc_0_synth_1/prj/sol/.autopilot/db/v_csc.cpp:192 VARIABLE mul_ln192_3 LOOP VITIS_LOOP_136_2 BUNDLEDNAME {} DSP 1 BRAM 0 URAM 0 STORAGESUBTYPE {} DISPNAME {bind_op mul} VISIBLE true} {BINDTYPE op ID {} IMPL dsp_slice LATENCY 3 OPTYPE sext PRAGMA {} RTLNAME mac_muladd_16s_8ns_22s_25_4_1_U109 SOURCE C:/TFG_Vivado/vivado/axu2cga_trd.runs/bd_197a_csc_0_synth_1/prj/sol/.autopilot/db/v_csc.cpp:192 VARIABLE sext_ln192_8 LOOP VITIS_LOOP_136_2 BUNDLEDNAME {} DSP 1 BRAM 0 URAM 0 STORAGESUBTYPE {} DISPNAME {bind_op sext} VISIBLE false} {BINDTYPE op ID {} IMPL dsp_slice LATENCY 3 OPTYPE mul PRAGMA {} RTLNAME mac_muladd_16s_8ns_12ns_24_4_1_U110 SOURCE C:/TFG_Vivado/vivado/axu2cga_trd.runs/bd_197a_csc_0_synth_1/prj/sol/.autopilot/db/v_csc.cpp:192 VARIABLE mul_ln192_4 LOOP VITIS_LOOP_136_2 BUNDLEDNAME {} DSP 1 BRAM 0 URAM 0 STORAGESUBTYPE {} DISPNAME {bind_op mul} VISIBLE true} {BINDTYPE op ID {} IMPL auto LATENCY 0 OPTYPE mul PRAGMA {} RTLNAME mul_8ns_16s_24_1_1_U100 SOURCE C:/TFG_Vivado/vivado/axu2cga_trd.runs/bd_197a_csc_0_synth_1/prj/sol/.autopilot/db/v_csc.cpp:192 VARIABLE mul_ln192_5 LOOP VITIS_LOOP_136_2 BUNDLEDNAME {} DSP 1 BRAM 0 URAM 0 STORAGESUBTYPE {} DISPNAME {bind_op mul} VISIBLE true} {BINDTYPE op ID {} IMPL dsp_slice LATENCY 3 OPTYPE add PRAGMA {} RTLNAME mac_muladd_16s_8ns_12ns_24_4_1_U110 SOURCE C:/TFG_Vivado/vivado/axu2cga_trd.runs/bd_197a_csc_0_synth_1/prj/sol/.autopilot/db/v_csc.cpp:192 VARIABLE add_ln192_4 LOOP VITIS_LOOP_136_2 BUNDLEDNAME {} DSP 1 BRAM 0 URAM 0 STORAGESUBTYPE {} DISPNAME {bind_op add} VISIBLE true} {BINDTYPE op ID {} IMPL fabric LATENCY 0 OPTYPE add PRAGMA {} RTLNAME add_ln192_11_fu_1006_p2 SOURCE C:/TFG_Vivado/vivado/axu2cga_trd.runs/bd_197a_csc_0_synth_1/prj/sol/.autopilot/db/v_csc.cpp:192 VARIABLE add_ln192_11 LOOP VITIS_LOOP_136_2 BUNDLEDNAME {} DSP 0 BRAM 0 URAM 0 STORAGESUBTYPE {} DISPNAME {bind_op add} VISIBLE true} {BINDTYPE op ID {} IMPL fabric LATENCY 0 OPTYPE add PRAGMA {} RTLNAME add_ln192_5_fu_1010_p2 SOURCE C:/TFG_Vivado/vivado/axu2cga_trd.runs/bd_197a_csc_0_synth_1/prj/sol/.autopilot/db/v_csc.cpp:192 VARIABLE add_ln192_5 LOOP VITIS_LOOP_136_2 BUNDLEDNAME {} DSP 0 BRAM 0 URAM 0 STORAGESUBTYPE {} DISPNAME {bind_op add} VISIBLE true} {BINDTYPE op ID {} IMPL dsp_slice LATENCY 3 OPTYPE add PRAGMA {} RTLNAME mac_muladd_16s_8ns_22s_25_4_1_U109 SOURCE C:/TFG_Vivado/vivado/axu2cga_trd.runs/bd_197a_csc_0_synth_1/prj/sol/.autopilot/db/v_csc.cpp:192 VARIABLE add_ln192_6 LOOP VITIS_LOOP_136_2 BUNDLEDNAME {} DSP 1 BRAM 0 URAM 0 STORAGESUBTYPE {} DISPNAME {bind_op add} VISIBLE true} {BINDTYPE op ID {} IMPL fabric LATENCY 0 OPTYPE add PRAGMA {} RTLNAME add_ln192_9_fu_1264_p2 SOURCE C:/TFG_Vivado/vivado/axu2cga_trd.runs/bd_197a_csc_0_synth_1/prj/sol/.autopilot/db/v_csc.cpp:192 VARIABLE add_ln192_9 LOOP VITIS_LOOP_136_2 BUNDLEDNAME {} DSP 0 BRAM 0 URAM 0 STORAGESUBTYPE {} DISPNAME {bind_op add} VISIBLE true} {BINDTYPE op ID {} IMPL fabric LATENCY 0 OPTYPE add PRAGMA {} RTLNAME add_ln192_7_fu_1030_p2 SOURCE C:/TFG_Vivado/vivado/axu2cga_trd.runs/bd_197a_csc_0_synth_1/prj/sol/.autopilot/db/v_csc.cpp:192 VARIABLE add_ln192_7 LOOP VITIS_LOOP_136_2 BUNDLEDNAME {} DSP 0 BRAM 0 URAM 0 STORAGESUBTYPE {} DISPNAME {bind_op add} VISIBLE true} {BINDTYPE op ID {} IMPL dsp_slice LATENCY 3 OPTYPE mul PRAGMA {} RTLNAME mac_muladd_16s_8ns_22s_25_4_1_U111 SOURCE C:/TFG_Vivado/vivado/axu2cga_trd.runs/bd_197a_csc_0_synth_1/prj/sol/.autopilot/db/v_csc.cpp:194 VARIABLE mul_ln194_3 LOOP VITIS_LOOP_136_2 BUNDLEDNAME {} DSP 1 BRAM 0 URAM 0 STORAGESUBTYPE {} DISPNAME {bind_op mul} VISIBLE true} {BINDTYPE op ID {} IMPL dsp_slice LATENCY 3 OPTYPE sext PRAGMA {} RTLNAME mac_muladd_16s_8ns_22s_25_4_1_U111 SOURCE C:/TFG_Vivado/vivado/axu2cga_trd.runs/bd_197a_csc_0_synth_1/prj/sol/.autopilot/db/v_csc.cpp:194 VARIABLE sext_ln194_8 LOOP VITIS_LOOP_136_2 BUNDLEDNAME {} DSP 1 BRAM 0 URAM 0 STORAGESUBTYPE {} DISPNAME {bind_op sext} VISIBLE false} {BINDTYPE op ID {} IMPL dsp_slice LATENCY 3 OPTYPE mul PRAGMA {} RTLNAME mac_muladd_16s_8ns_12ns_24_4_1_U112 SOURCE C:/TFG_Vivado/vivado/axu2cga_trd.runs/bd_197a_csc_0_synth_1/prj/sol/.autopilot/db/v_csc.cpp:194 VARIABLE mul_ln194_4 LOOP VITIS_LOOP_136_2 BUNDLEDNAME {} DSP 1 BRAM 0 URAM 0 STORAGESUBTYPE {} DISPNAME {bind_op mul} VISIBLE true} {BINDTYPE op ID {} IMPL auto LATENCY 0 OPTYPE mul PRAGMA {} RTLNAME mul_8ns_16s_24_1_1_U101 SOURCE C:/TFG_Vivado/vivado/axu2cga_trd.runs/bd_197a_csc_0_synth_1/prj/sol/.autopilot/db/v_csc.cpp:194 VARIABLE mul_ln194_5 LOOP VITIS_LOOP_136_2 BUNDLEDNAME {} DSP 1 BRAM 0 URAM 0 STORAGESUBTYPE {} DISPNAME {bind_op mul} VISIBLE true} {BINDTYPE op ID {} IMPL dsp_slice LATENCY 3 OPTYPE add PRAGMA {} RTLNAME mac_muladd_16s_8ns_12ns_24_4_1_U112 SOURCE C:/TFG_Vivado/vivado/axu2cga_trd.runs/bd_197a_csc_0_synth_1/prj/sol/.autopilot/db/v_csc.cpp:194 VARIABLE add_ln194_4 LOOP VITIS_LOOP_136_2 BUNDLEDNAME {} DSP 1 BRAM 0 URAM 0 STORAGESUBTYPE {} DISPNAME {bind_op add} VISIBLE true} {BINDTYPE op ID {} IMPL fabric LATENCY 0 OPTYPE add PRAGMA {} RTLNAME add_ln194_11_fu_1052_p2 SOURCE C:/TFG_Vivado/vivado/axu2cga_trd.runs/bd_197a_csc_0_synth_1/prj/sol/.autopilot/db/v_csc.cpp:194 VARIABLE add_ln194_11 LOOP VITIS_LOOP_136_2 BUNDLEDNAME {} DSP 0 BRAM 0 URAM 0 STORAGESUBTYPE {} DISPNAME {bind_op add} VISIBLE true} {BINDTYPE op ID {} IMPL fabric LATENCY 0 OPTYPE add PRAGMA {} RTLNAME add_ln194_5_fu_1056_p2 SOURCE C:/TFG_Vivado/vivado/axu2cga_trd.runs/bd_197a_csc_0_synth_1/prj/sol/.autopilot/db/v_csc.cpp:194 VARIABLE add_ln194_5 LOOP VITIS_LOOP_136_2 BUNDLEDNAME {} DSP 0 BRAM 0 URAM 0 STORAGESUBTYPE {} DISPNAME {bind_op add} VISIBLE true} {BINDTYPE op ID {} IMPL dsp_slice LATENCY 3 OPTYPE add PRAGMA {} RTLNAME mac_muladd_16s_8ns_22s_25_4_1_U111 SOURCE C:/TFG_Vivado/vivado/axu2cga_trd.runs/bd_197a_csc_0_synth_1/prj/sol/.autopilot/db/v_csc.cpp:194 VARIABLE add_ln194_6 LOOP VITIS_LOOP_136_2 BUNDLEDNAME {} DSP 1 BRAM 0 URAM 0 STORAGESUBTYPE {} DISPNAME {bind_op add} VISIBLE true} {BINDTYPE op ID {} IMPL fabric LATENCY 0 OPTYPE add PRAGMA {} RTLNAME add_ln194_9_fu_1268_p2 SOURCE C:/TFG_Vivado/vivado/axu2cga_trd.runs/bd_197a_csc_0_synth_1/prj/sol/.autopilot/db/v_csc.cpp:194 VARIABLE add_ln194_9 LOOP VITIS_LOOP_136_2 BUNDLEDNAME {} DSP 0 BRAM 0 URAM 0 STORAGESUBTYPE {} DISPNAME {bind_op add} VISIBLE true} {BINDTYPE op ID {} IMPL fabric LATENCY 0 OPTYPE add PRAGMA {} RTLNAME add_ln194_7_fu_1076_p2 SOURCE C:/TFG_Vivado/vivado/axu2cga_trd.runs/bd_197a_csc_0_synth_1/prj/sol/.autopilot/db/v_csc.cpp:194 VARIABLE add_ln194_7 LOOP VITIS_LOOP_136_2 BUNDLEDNAME {} DSP 0 BRAM 0 URAM 0 STORAGESUBTYPE {} DISPNAME {bind_op add} VISIBLE true} {BINDTYPE op ID {} IMPL dsp_slice LATENCY 3 OPTYPE mul PRAGMA {} RTLNAME mac_muladd_16s_8ns_22s_25_4_1_U113 SOURCE C:/TFG_Vivado/vivado/axu2cga_trd.runs/bd_197a_csc_0_synth_1/prj/sol/.autopilot/db/v_csc.cpp:196 VARIABLE mul_ln196_3 LOOP VITIS_LOOP_136_2 BUNDLEDNAME {} DSP 1 BRAM 0 URAM 0 STORAGESUBTYPE {} DISPNAME {bind_op mul} VISIBLE true} {BINDTYPE op ID {} IMPL dsp_slice LATENCY 3 OPTYPE sext PRAGMA {} RTLNAME mac_muladd_16s_8ns_22s_25_4_1_U113 SOURCE C:/TFG_Vivado/vivado/axu2cga_trd.runs/bd_197a_csc_0_synth_1/prj/sol/.autopilot/db/v_csc.cpp:196 VARIABLE sext_ln196_8 LOOP VITIS_LOOP_136_2 BUNDLEDNAME {} DSP 1 BRAM 0 URAM 0 STORAGESUBTYPE {} DISPNAME {bind_op sext} VISIBLE false} {BINDTYPE op ID {} IMPL dsp_slice LATENCY 3 OPTYPE mul PRAGMA {} RTLNAME mac_muladd_16s_8ns_12ns_24_4_1_U114 SOURCE C:/TFG_Vivado/vivado/axu2cga_trd.runs/bd_197a_csc_0_synth_1/prj/sol/.autopilot/db/v_csc.cpp:196 VARIABLE mul_ln196_4 LOOP VITIS_LOOP_136_2 BUNDLEDNAME {} DSP 1 BRAM 0 URAM 0 STORAGESUBTYPE {} DISPNAME {bind_op mul} VISIBLE true} {BINDTYPE op ID {} IMPL auto LATENCY 0 OPTYPE mul PRAGMA {} RTLNAME mul_8ns_16s_24_1_1_U102 SOURCE C:/TFG_Vivado/vivado/axu2cga_trd.runs/bd_197a_csc_0_synth_1/prj/sol/.autopilot/db/v_csc.cpp:196 VARIABLE mul_ln196_5 LOOP VITIS_LOOP_136_2 BUNDLEDNAME {} DSP 1 BRAM 0 URAM 0 STORAGESUBTYPE {} DISPNAME {bind_op mul} VISIBLE true} {BINDTYPE op ID {} IMPL dsp_slice LATENCY 3 OPTYPE add PRAGMA {} RTLNAME mac_muladd_16s_8ns_12ns_24_4_1_U114 SOURCE C:/TFG_Vivado/vivado/axu2cga_trd.runs/bd_197a_csc_0_synth_1/prj/sol/.autopilot/db/v_csc.cpp:196 VARIABLE add_ln196_4 LOOP VITIS_LOOP_136_2 BUNDLEDNAME {} DSP 1 BRAM 0 URAM 0 STORAGESUBTYPE {} DISPNAME {bind_op add} VISIBLE true} {BINDTYPE op ID {} IMPL fabric LATENCY 0 OPTYPE add PRAGMA {} RTLNAME add_ln196_11_fu_1098_p2 SOURCE C:/TFG_Vivado/vivado/axu2cga_trd.runs/bd_197a_csc_0_synth_1/prj/sol/.autopilot/db/v_csc.cpp:196 VARIABLE add_ln196_11 LOOP VITIS_LOOP_136_2 BUNDLEDNAME {} DSP 0 BRAM 0 URAM 0 STORAGESUBTYPE {} DISPNAME {bind_op add} VISIBLE true} {BINDTYPE op ID {} IMPL fabric LATENCY 0 OPTYPE add PRAGMA {} RTLNAME add_ln196_5_fu_1102_p2 SOURCE C:/TFG_Vivado/vivado/axu2cga_trd.runs/bd_197a_csc_0_synth_1/prj/sol/.autopilot/db/v_csc.cpp:196 VARIABLE add_ln196_5 LOOP VITIS_LOOP_136_2 BUNDLEDNAME {} DSP 0 BRAM 0 URAM 0 STORAGESUBTYPE {} DISPNAME {bind_op add} VISIBLE true} {BINDTYPE op ID {} IMPL dsp_slice LATENCY 3 OPTYPE add PRAGMA {} RTLNAME mac_muladd_16s_8ns_22s_25_4_1_U113 SOURCE C:/TFG_Vivado/vivado/axu2cga_trd.runs/bd_197a_csc_0_synth_1/prj/sol/.autopilot/db/v_csc.cpp:196 VARIABLE add_ln196_6 LOOP VITIS_LOOP_136_2 BUNDLEDNAME {} DSP 1 BRAM 0 URAM 0 STORAGESUBTYPE {} DISPNAME {bind_op add} VISIBLE true} {BINDTYPE op ID {} IMPL fabric LATENCY 0 OPTYPE add PRAGMA {} RTLNAME add_ln196_9_fu_1272_p2 SOURCE C:/TFG_Vivado/vivado/axu2cga_trd.runs/bd_197a_csc_0_synth_1/prj/sol/.autopilot/db/v_csc.cpp:196 VARIABLE add_ln196_9 LOOP VITIS_LOOP_136_2 BUNDLEDNAME {} DSP 0 BRAM 0 URAM 0 STORAGESUBTYPE {} DISPNAME {bind_op add} VISIBLE true} {BINDTYPE op ID {} IMPL fabric LATENCY 0 OPTYPE add PRAGMA {} RTLNAME add_ln196_7_fu_1122_p2 SOURCE C:/TFG_Vivado/vivado/axu2cga_trd.runs/bd_197a_csc_0_synth_1/prj/sol/.autopilot/db/v_csc.cpp:196 VARIABLE add_ln196_7 LOOP VITIS_LOOP_136_2 BUNDLEDNAME {} DSP 0 BRAM 0 URAM 0 STORAGESUBTYPE {} DISPNAME {bind_op add} VISIBLE true} {BINDTYPE op ID {} IMPL auto LATENCY 0 OPTYPE setlt PRAGMA {} RTLNAME icmp_ln198_2_fu_1276_p2 SOURCE C:/TFG_Vivado/vivado/axu2cga_trd.runs/bd_197a_csc_0_synth_1/prj/sol/.autopilot/db/v_csc.cpp:198 VARIABLE icmp_ln198_2 LOOP VITIS_LOOP_136_2 BUNDLEDNAME {} DSP 0 BRAM 0 URAM 0 STORAGESUBTYPE {} DISPNAME {bind_op setlt} VISIBLE false} {BINDTYPE op ID {} IMPL auto LATENCY 0 OPTYPE setgt PRAGMA {} RTLNAME icmp_ln198_3_fu_1281_p2 SOURCE C:/TFG_Vivado/vivado/axu2cga_trd.runs/bd_197a_csc_0_synth_1/prj/sol/.autopilot/db/v_csc.cpp:198 VARIABLE icmp_ln198_3 LOOP VITIS_LOOP_136_2 BUNDLEDNAME {} DSP 0 BRAM 0 URAM 0 STORAGESUBTYPE {} DISPNAME {bind_op setgt} VISIBLE false} {BINDTYPE op ID {} IMPL auto_sel LATENCY 0 OPTYPE select PRAGMA {} RTLNAME select_ln198_2_fu_1296_p3 SOURCE C:/TFG_Vivado/vivado/axu2cga_trd.runs/bd_197a_csc_0_synth_1/prj/sol/.autopilot/db/v_csc.cpp:198 VARIABLE select_ln198_2 LOOP VITIS_LOOP_136_2 BUNDLEDNAME {} DSP 0 BRAM 0 URAM 0 STORAGESUBTYPE {} DISPNAME {bind_op select} VISIBLE false} {BINDTYPE op ID {} IMPL auto_sel LATENCY 0 OPTYPE select PRAGMA {} RTLNAME select_ln198_3_fu_1303_p3 SOURCE C:/TFG_Vivado/vivado/axu2cga_trd.runs/bd_197a_csc_0_synth_1/prj/sol/.autopilot/db/v_csc.cpp:198 VARIABLE select_ln198_3 LOOP VITIS_LOOP_136_2 BUNDLEDNAME {} DSP 0 BRAM 0 URAM 0 STORAGESUBTYPE {} DISPNAME {bind_op select} VISIBLE false} {BINDTYPE op ID {} IMPL auto LATENCY 0 OPTYPE setlt PRAGMA {} RTLNAME icmp_ln199_2_fu_1310_p2 SOURCE C:/TFG_Vivado/vivado/axu2cga_trd.runs/bd_197a_csc_0_synth_1/prj/sol/.autopilot/db/v_csc.cpp:199 VARIABLE icmp_ln199_2 LOOP VITIS_LOOP_136_2 BUNDLEDNAME {} DSP 0 BRAM 0 URAM 0 STORAGESUBTYPE {} DISPNAME {bind_op setlt} VISIBLE false} {BINDTYPE op ID {} IMPL auto LATENCY 0 OPTYPE setgt PRAGMA {} RTLNAME icmp_ln199_3_fu_1315_p2 SOURCE C:/TFG_Vivado/vivado/axu2cga_trd.runs/bd_197a_csc_0_synth_1/prj/sol/.autopilot/db/v_csc.cpp:199 VARIABLE icmp_ln199_3 LOOP VITIS_LOOP_136_2 BUNDLEDNAME {} DSP 0 BRAM 0 URAM 0 STORAGESUBTYPE {} DISPNAME {bind_op setgt} VISIBLE false} {BINDTYPE op ID {} IMPL auto_sel LATENCY 0 OPTYPE select PRAGMA {} RTLNAME select_ln199_2_fu_1330_p3 SOURCE C:/TFG_Vivado/vivado/axu2cga_trd.runs/bd_197a_csc_0_synth_1/prj/sol/.autopilot/db/v_csc.cpp:199 VARIABLE select_ln199_2 LOOP VITIS_LOOP_136_2 BUNDLEDNAME {} DSP 0 BRAM 0 URAM 0 STORAGESUBTYPE {} DISPNAME {bind_op select} VISIBLE false} {BINDTYPE op ID {} IMPL auto_sel LATENCY 0 OPTYPE select PRAGMA {} RTLNAME select_ln199_3_fu_1337_p3 SOURCE C:/TFG_Vivado/vivado/axu2cga_trd.runs/bd_197a_csc_0_synth_1/prj/sol/.autopilot/db/v_csc.cpp:199 VARIABLE select_ln199_3 LOOP VITIS_LOOP_136_2 BUNDLEDNAME {} DSP 0 BRAM 0 URAM 0 STORAGESUBTYPE {} DISPNAME {bind_op select} VISIBLE false} {BINDTYPE op ID {} IMPL auto LATENCY 0 OPTYPE setlt PRAGMA {} RTLNAME icmp_ln200_2_fu_1344_p2 SOURCE C:/TFG_Vivado/vivado/axu2cga_trd.runs/bd_197a_csc_0_synth_1/prj/sol/.autopilot/db/v_csc.cpp:200 VARIABLE icmp_ln200_2 LOOP VITIS_LOOP_136_2 BUNDLEDNAME {} DSP 0 BRAM 0 URAM 0 STORAGESUBTYPE {} DISPNAME {bind_op setlt} VISIBLE false} {BINDTYPE op ID {} IMPL auto LATENCY 0 OPTYPE setgt PRAGMA {} RTLNAME icmp_ln200_3_fu_1349_p2 SOURCE C:/TFG_Vivado/vivado/axu2cga_trd.runs/bd_197a_csc_0_synth_1/prj/sol/.autopilot/db/v_csc.cpp:200 VARIABLE icmp_ln200_3 LOOP VITIS_LOOP_136_2 BUNDLEDNAME {} DSP 0 BRAM 0 URAM 0 STORAGESUBTYPE {} DISPNAME {bind_op setgt} VISIBLE false} {BINDTYPE op ID {} IMPL auto_sel LATENCY 0 OPTYPE select PRAGMA {} RTLNAME select_ln200_2_fu_1364_p3 SOURCE C:/TFG_Vivado/vivado/axu2cga_trd.runs/bd_197a_csc_0_synth_1/prj/sol/.autopilot/db/v_csc.cpp:200 VARIABLE select_ln200_2 LOOP VITIS_LOOP_136_2 BUNDLEDNAME {} DSP 0 BRAM 0 URAM 0 STORAGESUBTYPE {} DISPNAME {bind_op select} VISIBLE false} {BINDTYPE op ID {} IMPL auto_sel LATENCY 0 OPTYPE select PRAGMA {} RTLNAME select_ln200_3_fu_1371_p3 SOURCE C:/TFG_Vivado/vivado/axu2cga_trd.runs/bd_197a_csc_0_synth_1/prj/sol/.autopilot/db/v_csc.cpp:200 VARIABLE select_ln200_3 LOOP VITIS_LOOP_136_2 BUNDLEDNAME {} DSP 0 BRAM 0 URAM 0 STORAGESUBTYPE {} DISPNAME {bind_op select} VISIBLE false} {BINDTYPE op ID {} IMPL fabric LATENCY 0 OPTYPE add PRAGMA {} RTLNAME x_6_fu_503_p2 SOURCE C:/TFG_Vivado/vivado/axu2cga_trd.runs/bd_197a_csc_0_synth_1/prj/sol/.autopilot/db/v_csc.cpp:136 VARIABLE x_6 LOOP VITIS_LOOP_136_2 BUNDLEDNAME {} DSP 0 BRAM 0 URAM 0 STORAGESUBTYPE {} DISPNAME {bind_op add} VISIBLE true}} AREA {DSP 18 BRAM 0 URAM 0}} v_csc_core {BINDINFO {{BINDTYPE op ID {} IMPL fabric LATENCY 0 OPTYPE add PRAGMA {} RTLNAME add_ln120_fu_386_p2 SOURCE C:/TFG_Vivado/vivado/axu2cga_trd.runs/bd_197a_csc_0_synth_1/prj/sol/.autopilot/db/v_csc.cpp:120 VARIABLE add_ln120 LOOP {} BUNDLEDNAME {} DSP 0 BRAM 0 URAM 0 STORAGESUBTYPE {} DISPNAME {bind_op add} VISIBLE true} {BINDTYPE op ID {} IMPL fabric LATENCY 0 OPTYPE add PRAGMA {} RTLNAME add_ln122_fu_410_p2 SOURCE C:/TFG_Vivado/vivado/axu2cga_trd.runs/bd_197a_csc_0_synth_1/prj/sol/.autopilot/db/v_csc.cpp:122 VARIABLE add_ln122 LOOP {} BUNDLEDNAME {} DSP 0 BRAM 0 URAM 0 STORAGESUBTYPE {} DISPNAME {bind_op add} VISIBLE true} {BINDTYPE op ID {} IMPL auto LATENCY 0 OPTYPE xor PRAGMA {} RTLNAME xor_ln148_1_fu_490_p2 SOURCE C:/TFG_Vivado/vivado/axu2cga_trd.runs/bd_197a_csc_0_synth_1/prj/sol/.autopilot/db/v_csc.cpp:148 VARIABLE xor_ln148_1 LOOP {} BUNDLEDNAME {} DSP 0 BRAM 0 URAM 0 STORAGESUBTYPE {} DISPNAME {bind_op xor} VISIBLE false} {BINDTYPE op ID {} IMPL fabric LATENCY 0 OPTYPE add PRAGMA {} RTLNAME add_ln134_fu_496_p2 SOURCE C:/TFG_Vivado/vivado/axu2cga_trd.runs/bd_197a_csc_0_synth_1/prj/sol/.autopilot/db/v_csc.cpp:134 VARIABLE add_ln134 LOOP {} BUNDLEDNAME {} DSP 0 BRAM 0 URAM 0 STORAGESUBTYPE {} DISPNAME {bind_op add} VISIBLE true} {BINDTYPE op ID {} IMPL auto LATENCY 0 OPTYPE setgt PRAGMA {} RTLNAME icmp_ln134_fu_514_p2 SOURCE C:/TFG_Vivado/vivado/axu2cga_trd.runs/bd_197a_csc_0_synth_1/prj/sol/.autopilot/db/v_csc.cpp:134 VARIABLE icmp_ln134 LOOP VITIS_LOOP_134_1 BUNDLEDNAME {} DSP 0 BRAM 0 URAM 0 STORAGESUBTYPE {} DISPNAME {bind_op setgt} VISIBLE false} {BINDTYPE op ID {} IMPL auto LATENCY 0 OPTYPE setlt PRAGMA {} RTLNAME icmp_ln147_fu_519_p2 SOURCE C:/TFG_Vivado/vivado/axu2cga_trd.runs/bd_197a_csc_0_synth_1/prj/sol/.autopilot/db/v_csc.cpp:147 VARIABLE icmp_ln147 LOOP VITIS_LOOP_134_1 BUNDLEDNAME {} DSP 0 BRAM 0 URAM 0 STORAGESUBTYPE {} DISPNAME {bind_op setlt} VISIBLE false} {BINDTYPE op ID {} IMPL auto LATENCY 0 OPTYPE setgt PRAGMA {} RTLNAME icmp_ln147_1_fu_524_p2 SOURCE C:/TFG_Vivado/vivado/axu2cga_trd.runs/bd_197a_csc_0_synth_1/prj/sol/.autopilot/db/v_csc.cpp:147 VARIABLE icmp_ln147_1 LOOP VITIS_LOOP_134_1 BUNDLEDNAME {} DSP 0 BRAM 0 URAM 0 STORAGESUBTYPE {} DISPNAME {bind_op setgt} VISIBLE false} {BINDTYPE op ID {} IMPL auto LATENCY 0 OPTYPE or PRAGMA {} RTLNAME or_ln147_fu_529_p2 SOURCE C:/TFG_Vivado/vivado/axu2cga_trd.runs/bd_197a_csc_0_synth_1/prj/sol/.autopilot/db/v_csc.cpp:147 VARIABLE or_ln147 LOOP VITIS_LOOP_134_1 BUNDLEDNAME {} DSP 0 BRAM 0 URAM 0 STORAGESUBTYPE {} DISPNAME {bind_op or} VISIBLE false} {BINDTYPE op ID {} IMPL fabric LATENCY 0 OPTYPE add PRAGMA {} RTLNAME y_3_fu_536_p2 SOURCE C:/TFG_Vivado/vivado/axu2cga_trd.runs/bd_197a_csc_0_synth_1/prj/sol/.autopilot/db/v_csc.cpp:134 VARIABLE y_3 LOOP VITIS_LOOP_134_1 BUNDLEDNAME {} DSP 0 BRAM 0 URAM 0 STORAGESUBTYPE {} DISPNAME {bind_op add} VISIBLE true}} AREA {DSP 18 BRAM 0 URAM 0}} v_hcresampler_core_1_Pipeline_VITIS_LOOP_769_2 {BINDINFO {{BINDTYPE op ID {} IMPL auto LATENCY 0 OPTYPE setlt PRAGMA {} RTLNAME icmp_ln769_fu_393_p2 SOURCE C:/TFG_Vivado/vivado/axu2cga_trd.runs/bd_197a_csc_0_synth_1/prj/sol/.autopilot/db/v_csc.cpp:769 VARIABLE icmp_ln769 LOOP VITIS_LOOP_769_2 BUNDLEDNAME {} DSP 0 BRAM 0 URAM 0 STORAGESUBTYPE {} DISPNAME {bind_op setlt} VISIBLE false} {BINDTYPE op ID {} IMPL fabric LATENCY 0 OPTYPE add PRAGMA {} RTLNAME x_4_fu_399_p2 SOURCE C:/TFG_Vivado/vivado/axu2cga_trd.runs/bd_197a_csc_0_synth_1/prj/sol/.autopilot/db/v_csc.cpp:769 VARIABLE x_4 LOOP VITIS_LOOP_769_2 BUNDLEDNAME {} DSP 0 BRAM 0 URAM 0 STORAGESUBTYPE {} DISPNAME {bind_op add} VISIBLE true} {BINDTYPE op ID {} IMPL fabric LATENCY 0 OPTYPE sub PRAGMA {} RTLNAME out_x_fu_405_p2 SOURCE C:/TFG_Vivado/vivado/axu2cga_trd.runs/bd_197a_csc_0_synth_1/prj/sol/.autopilot/db/v_csc.cpp:775 VARIABLE out_x LOOP VITIS_LOOP_769_2 BUNDLEDNAME {} DSP 0 BRAM 0 URAM 0 STORAGESUBTYPE {} DISPNAME {bind_op sub} VISIBLE true} {BINDTYPE op ID {} IMPL auto LATENCY 0 OPTYPE setgt PRAGMA {} RTLNAME icmp_ln777_fu_411_p2 SOURCE C:/TFG_Vivado/vivado/axu2cga_trd.runs/bd_197a_csc_0_synth_1/prj/sol/.autopilot/db/v_csc.cpp:777 VARIABLE icmp_ln777 LOOP VITIS_LOOP_769_2 BUNDLEDNAME {} DSP 0 BRAM 0 URAM 0 STORAGESUBTYPE {} DISPNAME {bind_op setgt} VISIBLE false} {BINDTYPE op ID {} IMPL auto LATENCY 0 OPTYPE seteq PRAGMA {} RTLNAME icmp_ln833_fu_417_p2 SOURCE C:/TFG_Vivado/vivado/axu2cga_trd.runs/bd_197a_csc_0_synth_1/prj/sol/.autopilot/db/v_csc.cpp:833 VARIABLE icmp_ln833 LOOP VITIS_LOOP_769_2 BUNDLEDNAME {} DSP 0 BRAM 0 URAM 0 STORAGESUBTYPE {} DISPNAME {bind_op seteq} VISIBLE false} {BINDTYPE op ID {} IMPL auto_sel LATENCY 0 OPTYPE select PRAGMA {} RTLNAME select_ln845_fu_608_p3 SOURCE C:/TFG_Vivado/vivado/axu2cga_trd.runs/bd_197a_csc_0_synth_1/prj/sol/.autopilot/db/v_csc.cpp:845 VARIABLE select_ln845 LOOP VITIS_LOOP_769_2 BUNDLEDNAME {} DSP 0 BRAM 0 URAM 0 STORAGESUBTYPE {} DISPNAME {bind_op select} VISIBLE false} {BINDTYPE op ID {} IMPL auto_sel LATENCY 0 OPTYPE select PRAGMA {} RTLNAME select_ln845_1_fu_615_p3 SOURCE C:/TFG_Vivado/vivado/axu2cga_trd.runs/bd_197a_csc_0_synth_1/prj/sol/.autopilot/db/v_csc.cpp:845 VARIABLE select_ln845_1 LOOP VITIS_LOOP_769_2 BUNDLEDNAME {} DSP 0 BRAM 0 URAM 0 STORAGESUBTYPE {} DISPNAME {bind_op select} VISIBLE false} {BINDTYPE op ID {} IMPL auto_sel LATENCY 0 OPTYPE select PRAGMA {} RTLNAME select_ln859_fu_622_p3 SOURCE C:/TFG_Vivado/vivado/axu2cga_trd.runs/bd_197a_csc_0_synth_1/prj/sol/.autopilot/db/v_csc.cpp:859 VARIABLE select_ln859 LOOP VITIS_LOOP_769_2 BUNDLEDNAME {} DSP 0 BRAM 0 URAM 0 STORAGESUBTYPE {} DISPNAME {bind_op select} VISIBLE false} {BINDTYPE op ID {} IMPL auto_sel LATENCY 0 OPTYPE select PRAGMA {} RTLNAME select_ln859_1_fu_629_p3 SOURCE C:/TFG_Vivado/vivado/axu2cga_trd.runs/bd_197a_csc_0_synth_1/prj/sol/.autopilot/db/v_csc.cpp:859 VARIABLE select_ln859_1 LOOP VITIS_LOOP_769_2 BUNDLEDNAME {} DSP 0 BRAM 0 URAM 0 STORAGESUBTYPE {} DISPNAME {bind_op select} VISIBLE false} {BINDTYPE op ID {} IMPL auto_sel LATENCY 0 OPTYPE select PRAGMA {} RTLNAME select_ln859_2_fu_636_p3 SOURCE C:/TFG_Vivado/vivado/axu2cga_trd.runs/bd_197a_csc_0_synth_1/prj/sol/.autopilot/db/v_csc.cpp:859 VARIABLE select_ln859_2 LOOP VITIS_LOOP_769_2 BUNDLEDNAME {} DSP 0 BRAM 0 URAM 0 STORAGESUBTYPE {} DISPNAME {bind_op select} VISIBLE false} {BINDTYPE op ID {} IMPL auto_sel LATENCY 0 OPTYPE select PRAGMA {} RTLNAME select_ln859_3_fu_643_p3 SOURCE C:/TFG_Vivado/vivado/axu2cga_trd.runs/bd_197a_csc_0_synth_1/prj/sol/.autopilot/db/v_csc.cpp:859 VARIABLE select_ln859_3 LOOP VITIS_LOOP_769_2 BUNDLEDNAME {} DSP 0 BRAM 0 URAM 0 STORAGESUBTYPE {} DISPNAME {bind_op select} VISIBLE false} {BINDTYPE op ID {} IMPL auto_sel LATENCY 0 OPTYPE select PRAGMA {} RTLNAME select_ln859_4_fu_650_p3 SOURCE C:/TFG_Vivado/vivado/axu2cga_trd.runs/bd_197a_csc_0_synth_1/prj/sol/.autopilot/db/v_csc.cpp:859 VARIABLE select_ln859_4 LOOP VITIS_LOOP_769_2 BUNDLEDNAME {} DSP 0 BRAM 0 URAM 0 STORAGESUBTYPE {} DISPNAME {bind_op select} VISIBLE false} {BINDTYPE op ID {} IMPL auto_sel LATENCY 0 OPTYPE select PRAGMA {} RTLNAME select_ln859_5_fu_657_p3 SOURCE C:/TFG_Vivado/vivado/axu2cga_trd.runs/bd_197a_csc_0_synth_1/prj/sol/.autopilot/db/v_csc.cpp:859 VARIABLE select_ln859_5 LOOP VITIS_LOOP_769_2 BUNDLEDNAME {} DSP 0 BRAM 0 URAM 0 STORAGESUBTYPE {} DISPNAME {bind_op select} VISIBLE false} {BINDTYPE op ID {} IMPL auto_sel LATENCY 0 OPTYPE select PRAGMA {} RTLNAME select_ln903_fu_891_p3 SOURCE C:/TFG_Vivado/vivado/axu2cga_trd.runs/bd_197a_csc_0_synth_1/prj/sol/.autopilot/db/v_csc.cpp:903 VARIABLE select_ln903 LOOP VITIS_LOOP_769_2 BUNDLEDNAME {} DSP 0 BRAM 0 URAM 0 STORAGESUBTYPE {} DISPNAME {bind_op select} VISIBLE false} {BINDTYPE op ID {} IMPL auto_sel LATENCY 0 OPTYPE select PRAGMA {} RTLNAME select_ln903_1_fu_897_p3 SOURCE C:/TFG_Vivado/vivado/axu2cga_trd.runs/bd_197a_csc_0_synth_1/prj/sol/.autopilot/db/v_csc.cpp:903 VARIABLE select_ln903_1 LOOP VITIS_LOOP_769_2 BUNDLEDNAME {} DSP 0 BRAM 0 URAM 0 STORAGESUBTYPE {} DISPNAME {bind_op select} VISIBLE false} {BINDTYPE op ID {} IMPL auto_sel LATENCY 0 OPTYPE select PRAGMA {} RTLNAME select_ln859_6_fu_664_p3 SOURCE C:/TFG_Vivado/vivado/axu2cga_trd.runs/bd_197a_csc_0_synth_1/prj/sol/.autopilot/db/v_csc.cpp:859 VARIABLE select_ln859_6 LOOP VITIS_LOOP_769_2 BUNDLEDNAME {} DSP 0 BRAM 0 URAM 0 STORAGESUBTYPE {} DISPNAME {bind_op select} VISIBLE false} {BINDTYPE op ID {} IMPL fabric LATENCY 0 OPTYPE add PRAGMA {} RTLNAME add_ln891_fu_691_p2 SOURCE C:/TFG_Vivado/vivado/axu2cga_trd.runs/bd_197a_csc_0_synth_1/prj/sol/.autopilot/db/v_csc.cpp:891 VARIABLE add_ln891 LOOP VITIS_LOOP_769_2 BUNDLEDNAME {} DSP 0 BRAM 0 URAM 0 STORAGESUBTYPE {} DISPNAME {bind_op add} VISIBLE true} {BINDTYPE op ID {} IMPL auto_sel LATENCY 0 OPTYPE select PRAGMA {} RTLNAME select_ln859_7_fu_713_p3 SOURCE C:/TFG_Vivado/vivado/axu2cga_trd.runs/bd_197a_csc_0_synth_1/prj/sol/.autopilot/db/v_csc.cpp:859 VARIABLE select_ln859_7 LOOP VITIS_LOOP_769_2 BUNDLEDNAME {} DSP 0 BRAM 0 URAM 0 STORAGESUBTYPE {} DISPNAME {bind_op select} VISIBLE false} {BINDTYPE op ID {} IMPL fabric LATENCY 0 OPTYPE add PRAGMA {} RTLNAME add_ln894_fu_740_p2 SOURCE C:/TFG_Vivado/vivado/axu2cga_trd.runs/bd_197a_csc_0_synth_1/prj/sol/.autopilot/db/v_csc.cpp:894 VARIABLE add_ln894 LOOP VITIS_LOOP_769_2 BUNDLEDNAME {} DSP 0 BRAM 0 URAM 0 STORAGESUBTYPE {} DISPNAME {bind_op add} VISIBLE true}} AREA {DSP 0 BRAM 0 URAM 0}} v_hcresampler_core_1 {BINDINFO {{BINDTYPE op ID {} IMPL auto LATENCY 0 OPTYPE xor PRAGMA {} RTLNAME xOffset_fu_237_p2 SOURCE C:/TFG_Vivado/vivado/axu2cga_trd.runs/bd_197a_csc_0_synth_1/prj/sol/.autopilot/db/v_csc.cpp:749 VARIABLE xOffset LOOP {} BUNDLEDNAME {} DSP 0 BRAM 0 URAM 0 STORAGESUBTYPE {} DISPNAME {bind_op xor} VISIBLE false} {BINDTYPE op ID {} IMPL fabric LATENCY 0 OPTYPE add PRAGMA {} RTLNAME loopWidth_fu_260_p2 SOURCE C:/TFG_Vivado/vivado/axu2cga_trd.runs/bd_197a_csc_0_synth_1/prj/sol/.autopilot/db/v_csc.cpp:765 VARIABLE loopWidth LOOP {} BUNDLEDNAME {} DSP 0 BRAM 0 URAM 0 STORAGESUBTYPE {} DISPNAME {bind_op add} VISIBLE true} {BINDTYPE op ID {} IMPL auto LATENCY 0 OPTYPE setgt PRAGMA {} RTLNAME icmp_ln769_fu_266_p2 SOURCE C:/TFG_Vivado/vivado/axu2cga_trd.runs/bd_197a_csc_0_synth_1/prj/sol/.autopilot/db/v_csc.cpp:769 VARIABLE icmp_ln769 LOOP {} BUNDLEDNAME {} DSP 0 BRAM 0 URAM 0 STORAGESUBTYPE {} DISPNAME {bind_op setgt} VISIBLE false} {BINDTYPE op ID {} IMPL auto LATENCY 0 OPTYPE setlt PRAGMA {} RTLNAME icmp_ln767_fu_279_p2 SOURCE C:/TFG_Vivado/vivado/axu2cga_trd.runs/bd_197a_csc_0_synth_1/prj/sol/.autopilot/db/v_csc.cpp:767 VARIABLE icmp_ln767 LOOP VITIS_LOOP_767_1 BUNDLEDNAME {} DSP 0 BRAM 0 URAM 0 STORAGESUBTYPE {} DISPNAME {bind_op setlt} VISIBLE false} {BINDTYPE op ID {} IMPL fabric LATENCY 0 OPTYPE add PRAGMA {} RTLNAME add_ln767_fu_284_p2 SOURCE C:/TFG_Vivado/vivado/axu2cga_trd.runs/bd_197a_csc_0_synth_1/prj/sol/.autopilot/db/v_csc.cpp:767 VARIABLE add_ln767 LOOP VITIS_LOOP_767_1 BUNDLEDNAME {} DSP 0 BRAM 0 URAM 0 STORAGESUBTYPE {} DISPNAME {bind_op add} VISIBLE true} {BINDTYPE op ID {} IMPL auto_sel LATENCY 0 OPTYPE select PRAGMA {} RTLNAME select_ln738_fu_345_p3 SOURCE C:/TFG_Vivado/vivado/axu2cga_trd.runs/bd_197a_csc_0_synth_1/prj/sol/.autopilot/db/v_csc.cpp:738 VARIABLE select_ln738 LOOP VITIS_LOOP_767_1 BUNDLEDNAME {} DSP 0 BRAM 0 URAM 0 STORAGESUBTYPE {} DISPNAME {bind_op select} VISIBLE false} {BINDTYPE op ID {} IMPL auto_sel LATENCY 0 OPTYPE select PRAGMA {} RTLNAME select_ln738_1_fu_351_p3 SOURCE C:/TFG_Vivado/vivado/axu2cga_trd.runs/bd_197a_csc_0_synth_1/prj/sol/.autopilot/db/v_csc.cpp:738 VARIABLE select_ln738_1 LOOP VITIS_LOOP_767_1 BUNDLEDNAME {} DSP 0 BRAM 0 URAM 0 STORAGESUBTYPE {} DISPNAME {bind_op select} VISIBLE false} {BINDTYPE op ID {} IMPL auto_sel LATENCY 0 OPTYPE select PRAGMA {} RTLNAME select_ln738_2_fu_357_p3 SOURCE C:/TFG_Vivado/vivado/axu2cga_trd.runs/bd_197a_csc_0_synth_1/prj/sol/.autopilot/db/v_csc.cpp:738 VARIABLE select_ln738_2 LOOP VITIS_LOOP_767_1 BUNDLEDNAME {} DSP 0 BRAM 0 URAM 0 STORAGESUBTYPE {} DISPNAME {bind_op select} VISIBLE false} {BINDTYPE op ID {} IMPL auto_sel LATENCY 0 OPTYPE select PRAGMA {} RTLNAME select_ln738_3_fu_363_p3 SOURCE C:/TFG_Vivado/vivado/axu2cga_trd.runs/bd_197a_csc_0_synth_1/prj/sol/.autopilot/db/v_csc.cpp:738 VARIABLE select_ln738_3 LOOP VITIS_LOOP_767_1 BUNDLEDNAME {} DSP 0 BRAM 0 URAM 0 STORAGESUBTYPE {} DISPNAME {bind_op select} VISIBLE false}} AREA {DSP 0 BRAM 0 URAM 0}} MultiPixStream2AXIvideo_Pipeline_VITIS_LOOP_664_2 {BINDINFO {{BINDTYPE op ID {} IMPL auto LATENCY 0 OPTYPE seteq PRAGMA {} RTLNAME icmp_ln697_fu_225_p2 SOURCE C:/TFG_Vivado/vivado/axu2cga_trd.runs/bd_197a_csc_0_synth_1/prj/sol/.autopilot/db/v_csc.cpp:697 VARIABLE icmp_ln697 LOOP {} BUNDLEDNAME {} DSP 0 BRAM 0 URAM 0 STORAGESUBTYPE {} DISPNAME {bind_op seteq} VISIBLE false} {BINDTYPE op ID {} IMPL auto LATENCY 0 OPTYPE seteq PRAGMA {} RTLNAME icmp_ln664_fu_239_p2 SOURCE C:/TFG_Vivado/vivado/axu2cga_trd.runs/bd_197a_csc_0_synth_1/prj/sol/.autopilot/db/v_csc.cpp:664 VARIABLE icmp_ln664 LOOP VITIS_LOOP_664_2 BUNDLEDNAME {} DSP 0 BRAM 0 URAM 0 STORAGESUBTYPE {} DISPNAME {bind_op seteq} VISIBLE false} {BINDTYPE op ID {} IMPL fabric LATENCY 0 OPTYPE add PRAGMA {} RTLNAME j_2_fu_245_p2 SOURCE C:/TFG_Vivado/vivado/axu2cga_trd.runs/bd_197a_csc_0_synth_1/prj/sol/.autopilot/db/v_csc.cpp:664 VARIABLE j_2 LOOP VITIS_LOOP_664_2 BUNDLEDNAME {} DSP 0 BRAM 0 URAM 0 STORAGESUBTYPE {} DISPNAME {bind_op add} VISIBLE true} {BINDTYPE op ID {} IMPL auto LATENCY 0 OPTYPE seteq PRAGMA {} RTLNAME icmp_ln677_fu_251_p2 SOURCE C:/TFG_Vivado/vivado/axu2cga_trd.runs/bd_197a_csc_0_synth_1/prj/sol/.autopilot/db/v_csc.cpp:677 VARIABLE icmp_ln677 LOOP VITIS_LOOP_664_2 BUNDLEDNAME {} DSP 0 BRAM 0 URAM 0 STORAGESUBTYPE {} DISPNAME {bind_op seteq} VISIBLE false} {BINDTYPE op ID {} IMPL auto_sel LATENCY 0 OPTYPE select PRAGMA {} RTLNAME select_ln697_fu_357_p3 SOURCE C:/TFG_Vivado/vivado/axu2cga_trd.runs/bd_197a_csc_0_synth_1/prj/sol/.autopilot/db/v_csc.cpp:697 VARIABLE select_ln697 LOOP VITIS_LOOP_664_2 BUNDLEDNAME {} DSP 0 BRAM 0 URAM 0 STORAGESUBTYPE {} DISPNAME {bind_op select} VISIBLE false} {BINDTYPE op ID {} IMPL auto_sel LATENCY 0 OPTYPE select PRAGMA {} RTLNAME select_ln697_1_fu_364_p3 SOURCE C:/TFG_Vivado/vivado/axu2cga_trd.runs/bd_197a_csc_0_synth_1/prj/sol/.autopilot/db/v_csc.cpp:697 VARIABLE select_ln697_1 LOOP VITIS_LOOP_664_2 BUNDLEDNAME {} DSP 0 BRAM 0 URAM 0 STORAGESUBTYPE {} DISPNAME {bind_op select} VISIBLE false}} AREA {DSP 0 BRAM 0 URAM 0}} MultiPixStream2AXIvideo {BINDINFO {{BINDTYPE op ID {} IMPL fabric LATENCY 0 OPTYPE add PRAGMA {} RTLNAME add_ln677_fu_176_p2 SOURCE C:/TFG_Vivado/vivado/axu2cga_trd.runs/bd_197a_csc_0_synth_1/prj/sol/.autopilot/db/v_csc.cpp:677 VARIABLE add_ln677 LOOP {} BUNDLEDNAME {} DSP 0 BRAM 0 URAM 0 STORAGESUBTYPE {} DISPNAME {bind_op add} VISIBLE true} {BINDTYPE op ID {} IMPL auto LATENCY 0 OPTYPE seteq PRAGMA {} RTLNAME icmp_ln662_fu_185_p2 SOURCE C:/TFG_Vivado/vivado/axu2cga_trd.runs/bd_197a_csc_0_synth_1/prj/sol/.autopilot/db/v_csc.cpp:662 VARIABLE icmp_ln662 LOOP VITIS_LOOP_662_1 BUNDLEDNAME {} DSP 0 BRAM 0 URAM 0 STORAGESUBTYPE {} DISPNAME {bind_op seteq} VISIBLE false} {BINDTYPE op ID {} IMPL fabric LATENCY 0 OPTYPE add PRAGMA {} RTLNAME i_2_fu_190_p2 SOURCE C:/TFG_Vivado/vivado/axu2cga_trd.runs/bd_197a_csc_0_synth_1/prj/sol/.autopilot/db/v_csc.cpp:662 VARIABLE i_2 LOOP VITIS_LOOP_662_1 BUNDLEDNAME {} DSP 0 BRAM 0 URAM 0 STORAGESUBTYPE {} DISPNAME {bind_op add} VISIBLE true}} AREA {DSP 0 BRAM 0 URAM 0}} v_csc {BINDINFO {{BINDTYPE storage ID {} IMPL srl LATENCY 0 OPTYPE fifo PRAGMA {} RTLNAME cond_loc_channel_U SOURCE C:/TFG_Vivado/vivado/axu2cga_trd.runs/bd_197a_csc_0_synth_1/prj/sol/.autopilot/db/v_csc.cpp:369 VARIABLE cond_loc_channel LOOP {} BUNDLEDNAME {} DSP 0 BRAM 0 URAM 0 STORAGESUBTYPE {task level} STORAGESIZE {1 2 1} STORAGEUSAGE {fifo channel} DISPNAME {bind_storage fifo} VISIBLE true} {BINDTYPE storage ID {} IMPL srl LATENCY 0 OPTYPE fifo PRAGMA {} RTLNAME cond64_loc_channel_U SOURCE C:/TFG_Vivado/vivado/axu2cga_trd.runs/bd_197a_csc_0_synth_1/prj/sol/.autopilot/db/v_csc.cpp:369 VARIABLE cond64_loc_channel LOOP {} BUNDLEDNAME {} DSP 0 BRAM 0 URAM 0 STORAGESUBTYPE {task level} STORAGESIZE {1 4 1} STORAGEUSAGE {fifo channel} DISPNAME {bind_storage fifo} VISIBLE true} {BINDTYPE storage ID {} IMPL srl LATENCY 0 OPTYPE fifo PRAGMA {} RTLNAME stream_in_U SOURCE C:/TFG_Vivado/vivado/axu2cga_trd.runs/bd_197a_csc_0_synth_1/prj/sol/.autopilot/db/v_csc.cpp:431 VARIABLE stream_in LOOP {} BUNDLEDNAME {} DSP 0 BRAM 0 URAM 0 STORAGESUBTYPE stream STORAGESIZE {48 16 1} STORAGEUSAGE {fifo channel} DISPNAME {bind_storage fifo} VISIBLE true} {BINDTYPE storage ID {} IMPL srl LATENCY 0 OPTYPE fifo PRAGMA {} RTLNAME stream_in_hresampled_U SOURCE C:/TFG_Vivado/vivado/axu2cga_trd.runs/bd_197a_csc_0_synth_1/prj/sol/.autopilot/db/v_csc.cpp:433 VARIABLE stream_in_hresampled LOOP {} BUNDLEDNAME {} DSP 0 BRAM 0 URAM 0 STORAGESUBTYPE stream STORAGESIZE {48 16 1} STORAGEUSAGE {fifo channel} DISPNAME {bind_storage fifo} VISIBLE true} {BINDTYPE storage ID {} IMPL srl LATENCY 0 OPTYPE fifo PRAGMA {} RTLNAME stream_csc_U SOURCE C:/TFG_Vivado/vivado/axu2cga_trd.runs/bd_197a_csc_0_synth_1/prj/sol/.autopilot/db/v_csc.cpp:434 VARIABLE stream_csc LOOP {} BUNDLEDNAME {} DSP 0 BRAM 0 URAM 0 STORAGESUBTYPE stream STORAGESIZE {48 16 1} STORAGEUSAGE {fifo channel} DISPNAME {bind_storage fifo} VISIBLE true} {BINDTYPE storage ID {} IMPL srl LATENCY 0 OPTYPE fifo PRAGMA {} RTLNAME stream_out_hresampled_U SOURCE C:/TFG_Vivado/vivado/axu2cga_trd.runs/bd_197a_csc_0_synth_1/prj/sol/.autopilot/db/v_csc.cpp:433 VARIABLE stream_out_hresampled LOOP {} BUNDLEDNAME {} DSP 0 BRAM 0 URAM 0 STORAGESUBTYPE stream STORAGESIZE {48 16 1} STORAGEUSAGE {fifo channel} DISPNAME {bind_storage fifo} VISIBLE true}} AREA {DSP 18 BRAM 0 URAM 0}} reg_unsigned_short_s {AREA {DSP 0 BRAM 0 URAM 0}} AXIvideo2MultiPixStream_Pipeline_loop_wait_for_start {AREA {DSP 0 BRAM 0 URAM 0}} AXIvideo2MultiPixStream_Pipeline_loop_wait_for_eol {AREA {DSP 0 BRAM 0 URAM 0}}}}'
INFO-FLOW: DBG:PUTS:      update_csynth_reports json2rpt_hw_sw_interfaces
INFO-FLOW: Running: gen_csynth_sec_pragma
INFO-FLOW: Done: gen_csynth_sec_pragma time: 1.6 seconds 
Execute       send_msg_by_id INFO @200-2225@%s C:/TFG_Vivado/vivado/axu2cga_trd.runs/bd_197a_csc_0_synth_1/prj/sol/syn/inferred_directives.ini 
INFO: [HLS 200-2225] Wrote inferred directives to file C:/TFG_Vivado/vivado/axu2cga_trd.runs/bd_197a_csc_0_synth_1/prj/sol/syn/inferred_directives.ini
INFO-FLOW: DBG:PUTS:      update_csynth_reports wrote xml
INFO-FLOW: DBG:PUTS:      update_csynth_reports appended to csynth rpt file
INFO-FLOW: Done: add_csynth_report_sections time: 2 seconds 
INFO: [HLS 200-111] Finished Updating report files: CPU user time: 3 seconds. CPU system time: 1 seconds. Elapsed time: 6.515 seconds; current allocated memory: 219.988 MB.
INFO: [VHDL 208-304] Generating VHDL RTL for v_csc with prefix bd_197a_csc_0_.
INFO: [VLOG 209-307] Generating Verilog RTL for v_csc with prefix bd_197a_csc_0_.
Execute       syn_report -model v_csc -printsummary 
INFO: [HLS 200-790] **** Loop Constraint Status: All loop constraints were satisfied.
INFO: [HLS 200-789] **** Estimated Fmax: 290.45 MHz
Execute       AP::msg_collection_file -close 
Command     csynth_design done; 151.748 sec.
INFO: [HLS 200-2161] Finished Command csynth_design Elapsed time: 00:02:31; Allocated memory: 83.375 MB.
Execute     export_design -format ip_catalog 
INFO: [HLS 200-1510] Running: export_design -format ip_catalog 
Execute       config_export -format=ip_catalog 
Execute       ::AP::init_summary_file package-ip 
INFO-FLOW: DBG:PUTS: export_design_wrap: -format ip_catalog -rtl verilog -vendor xilinx.com -library ip -version 1.1
Execute       source C:/TFG_Vivado/vivado/axu2cga_trd.runs/bd_197a_csc_0_synth_1/prj/sol/.autopilot/db/global.setting.tcl 
INFO-FLOW: DBG:PUTS:   auto_impl: pack: -export -rtl verilog
INFO-FLOW: DBG:PROC: ::AESL_AUTOIMPL::auto_impl args='-export -rtl verilog'
Execute       source C:/TFG_Vivado/vivado/axu2cga_trd.runs/bd_197a_csc_0_synth_1/prj/sol/.autopilot/db/global.setting.tcl 
INFO: [IMPL 213-8] Exporting RTL as a Vivado IP.
INFO-FLOW: DBG:PUTS: automg_wrap -export -pcore_version 1.00.a -rtl vlog -tool Vivado -impltomg_flag
INFO-FLOW: DBG:PROC: ::AESL_AUTOMG::auto_generate args='-export -pcore_version 1.00.a -rtl vlog -tool Vivado -impltomg_flag'
INFO-FLOW: DBG:PUTS:     auto_generate -export -pcore_version 1.00.a -rtl vlog -tool Vivado -impltomg_flag
Execute       source C:/TFG_Vivado/vivado/axu2cga_trd.runs/bd_197a_csc_0_synth_1/prj/sol/.autopilot/db/global.setting.tcl 
INFO-FLOW: DBG:PUTS: read_platform_lib C:/TFG_Vivado/vivado/axu2cga_trd.runs/bd_197a_csc_0_synth_1/prj/sol/.autopilot/db/global.setting.tcl
Execute       source C:/AMDDesignTools/2025.2/Vitis/common/technology/generic/autopilot/common.gen 
Execute         source C:/AMDDesignTools/2025.2/Vitis/common/technology/generic/autopilot/APCoreGen.gen 
Execute       source C:/AMDDesignTools/2025.2/Vitis/common/technology/generic/autopilot/op.gen 
Execute       source C:/AMDDesignTools/2025.2/Vitis/common/technology/generic/autopilot/op_simcore.gen 
Execute       source C:/AMDDesignTools/2025.2/Vitis/common/technology/generic/autopilot/interface.gen 
Execute       source C:/TFG_Vivado/vivado/axu2cga_trd.runs/bd_197a_csc_0_synth_1/prj/sol/.autopilot/db/global.setting.tcl 
Execute       source C:/AMDDesignTools/2025.2/Vitis/common/technology/xilinx/common/xilinx.gen 
Execute         source C:/AMDDesignTools/2025.2/Vitis/common/technology/xilinx/interface/plb46.gen 
Execute         source C:/AMDDesignTools/2025.2/Vitis/common/technology/xilinx/interface/axi4.gen 
Execute         source C:/AMDDesignTools/2025.2/Vitis/common/technology/xilinx/interface/nativeAXI4.gen 
Execute           source C:/AMDDesignTools/2025.2/Vitis/common/technology/xilinx/interface/saxilite.gen 
Execute         source C:/AMDDesignTools/2025.2/Vitis/common/technology/xilinx/scripts/xilinxcoregen.gen 
Execute         source C:/AMDDesignTools/2025.2/Vitis/common/technology/xilinx/interface/XilEDKCoreGen.gen 
Execute         source C:/AMDDesignTools/2025.2/Vitis/common/technology/xilinx/ip/dds_compiler.gen 
Execute         source C:/AMDDesignTools/2025.2/Vitis/common/technology/xilinx/ip/util.gen 
Execute         source C:/AMDDesignTools/2025.2/Vitis/common/technology/xilinx/ip/xfft.gen 
Execute         source C:/AMDDesignTools/2025.2/Vitis/common/technology/xilinx/ip/xfir.gen 
Execute         source C:/AMDDesignTools/2025.2/Vitis/common/technology/xilinx/DSP48/dsp48.gen 
Command       ap_source done; 0.125 sec.
INFO-FLOW: DBG:PUTS:       initCTypeInfo top_module=v_csc xml_exists=0
Execute       source C:/TFG_Vivado/vivado/axu2cga_trd.runs/bd_197a_csc_0_synth_1/prj/sol/.autopilot/db/v_csc.rtl_wrap.cfg.tcl 
Execute       source C:/TFG_Vivado/vivado/axu2cga_trd.runs/bd_197a_csc_0_synth_1/prj/sol/.autopilot/db/v_csc.rtl_wrap.cfg.tcl 
Execute       source C:/TFG_Vivado/vivado/axu2cga_trd.runs/bd_197a_csc_0_synth_1/prj/sol/.autopilot/db/v_csc.rtl_wrap.cfg.tcl 
Execute       source C:/TFG_Vivado/vivado/axu2cga_trd.runs/bd_197a_csc_0_synth_1/prj/sol/.autopilot/db/v_csc.tbgen.tcl 
Execute       source C:/TFG_Vivado/vivado/axu2cga_trd.runs/bd_197a_csc_0_synth_1/prj/sol/.autopilot/db/v_csc.tbgen.tcl 
Execute       source C:/TFG_Vivado/vivado/axu2cga_trd.runs/bd_197a_csc_0_synth_1/prj/sol/.autopilot/db/v_csc.tbgen.tcl 
Execute       source C:/TFG_Vivado/vivado/axu2cga_trd.runs/bd_197a_csc_0_synth_1/prj/sol/.autopilot/db/global.setting.tcl 
Execute       source C:/TFG_Vivado/vivado/axu2cga_trd.runs/bd_197a_csc_0_synth_1/prj/sol/.autopilot/db/v_csc.tbgen.tcl 
Execute       source C:/TFG_Vivado/vivado/axu2cga_trd.runs/bd_197a_csc_0_synth_1/prj/sol/.autopilot/db/cosimDB.tcl 
INFO-FLOW: DBG:PUTS:       cosim_export_main adding deadlock detection to bd_197a_csc_0_v_csc
INFO-FLOW: DBG:PUTS:       generate_datafile_ip_script ip_types={vitis sysgen} #gSsdmPorts=0
INFO-FLOW: DBG:PUTS: Skipping loadAnalyze_DB, #g_database=50
INFO-FLOW: DBG:PUTS:       generate_json generate_bd_files=0 generate_xo_files=false #modelList=50 #gSsdmPorts=0
INFO-FLOW: DBG:PROC: ::AP::DESIGN_DATA::generate_json generate_bd_files='0' generate_xo_files='false' modelList='bd_197a_csc_0_flow_control_loop_pipe_sequential_init
bd_197a_csc_0_sparsemux_5_8_8_1_1
bd_197a_csc_0_flow_control_loop_pipe_sequential_init
bd_197a_csc_0_flow_control_loop_pipe_sequential_init
bd_197a_csc_0_regslice_both
bd_197a_csc_0_regslice_both
bd_197a_csc_0_regslice_both
bd_197a_csc_0_regslice_both
bd_197a_csc_0_regslice_both
bd_197a_csc_0_regslice_both
bd_197a_csc_0_regslice_both
bd_197a_csc_0_flow_control_loop_pipe_sequential_init
bd_197a_csc_0_mul_16s_8ns_24_1_1
bd_197a_csc_0_mul_8ns_16s_24_1_1
bd_197a_csc_0_mac_muladd_16s_8ns_22s_25_4_1
bd_197a_csc_0_mac_muladd_16s_8ns_12ns_24_4_1
bd_197a_csc_0_flow_control_loop_pipe_sequential_init
bd_197a_csc_0_flow_control_loop_pipe_sequential_init
bd_197a_csc_0_flow_control_loop_pipe_sequential_init
bd_197a_csc_0_regslice_both
bd_197a_csc_0_regslice_both
bd_197a_csc_0_regslice_both
bd_197a_csc_0_regslice_both
bd_197a_csc_0_regslice_both
bd_197a_csc_0_regslice_both
bd_197a_csc_0_regslice_both
bd_197a_csc_0_fifo_w1_d2_S
bd_197a_csc_0_fifo_w1_d4_S
bd_197a_csc_0_fifo_w48_d16_S
bd_197a_csc_0_fifo_w48_d16_S
bd_197a_csc_0_fifo_w48_d16_S
bd_197a_csc_0_fifo_w48_d16_S
bd_197a_csc_0_start_for_v_csc_core_U0
bd_197a_csc_0_start_for_MultiPixStream2AXIvideo_U0
bd_197a_csc_0_CTRL_s_axi
Block_entry_proc_1
reg_unsigned_short_s
AXIvideo2MultiPixStream_Pipeline_loop_wait_for_start
AXIvideo2MultiPixStream_Pipeline_loop_width
AXIvideo2MultiPixStream_Pipeline_loop_wait_for_eol
AXIvideo2MultiPixStream
v_hcresampler_core_Pipeline_VITIS_LOOP_769_2
v_hcresampler_core
v_csc_core_Pipeline_VITIS_LOOP_136_2
v_csc_core
v_hcresampler_core_1_Pipeline_VITIS_LOOP_769_2
v_hcresampler_core_1
MultiPixStream2AXIvideo_Pipeline_VITIS_LOOP_664_2
MultiPixStream2AXIvideo
v_csc
' rtl_lang='vlog' bootstrap_tcl='false' outdir='' outfilename=''
Execute       source C:/TFG_Vivado/vivado/axu2cga_trd.runs/bd_197a_csc_0_synth_1/prj/sol/.autopilot/db/global.setting.tcl 
Execute       source C:/TFG_Vivado/vivado/axu2cga_trd.runs/bd_197a_csc_0_synth_1/prj/sol/.autopilot/db/global.setting.tcl 
Execute       source C:/TFG_Vivado/vivado/axu2cga_trd.runs/bd_197a_csc_0_synth_1/prj/sol/.autopilot/db/top-io-be.tcl 
Execute       source C:/TFG_Vivado/vivado/axu2cga_trd.runs/bd_197a_csc_0_synth_1/prj/sol/.autopilot/db/v_csc.tbgen.tcl 
Execute       source C:/TFG_Vivado/vivado/axu2cga_trd.runs/bd_197a_csc_0_synth_1/prj/sol/.autopilot/db/v_csc.compgen.dataonly.tcl 
Execute       source C:/TFG_Vivado/vivado/axu2cga_trd.runs/bd_197a_csc_0_synth_1/prj/sol/.autopilot/db/v_csc.compgen.dataonly.tcl 
Execute       source C:/TFG_Vivado/vivado/axu2cga_trd.runs/bd_197a_csc_0_synth_1/prj/sol/.autopilot/db/v_csc.rtl_wrap.cfg.tcl 
Execute       source C:/TFG_Vivado/vivado/axu2cga_trd.runs/bd_197a_csc_0_synth_1/prj/sol/.autopilot/db/v_csc.compgen.dataonly.tcl 
Execute       source C:/TFG_Vivado/vivado/axu2cga_trd.runs/bd_197a_csc_0_synth_1/prj/sol/.autopilot/db/Block_entry_proc_1.tbgen.tcl 
Execute       source C:/TFG_Vivado/vivado/axu2cga_trd.runs/bd_197a_csc_0_synth_1/prj/sol/.autopilot/db/reg_unsigned_short_s.tbgen.tcl 
Execute       source C:/TFG_Vivado/vivado/axu2cga_trd.runs/bd_197a_csc_0_synth_1/prj/sol/.autopilot/db/AXIvideo2MultiPixStream_Pipeline_loop_wait_for_start.tbgen.tcl 
Execute       source C:/TFG_Vivado/vivado/axu2cga_trd.runs/bd_197a_csc_0_synth_1/prj/sol/.autopilot/db/AXIvideo2MultiPixStream_Pipeline_loop_width.tbgen.tcl 
Execute       source C:/TFG_Vivado/vivado/axu2cga_trd.runs/bd_197a_csc_0_synth_1/prj/sol/.autopilot/db/AXIvideo2MultiPixStream_Pipeline_loop_wait_for_eol.tbgen.tcl 
Execute       source C:/TFG_Vivado/vivado/axu2cga_trd.runs/bd_197a_csc_0_synth_1/prj/sol/.autopilot/db/AXIvideo2MultiPixStream.tbgen.tcl 
Execute       source C:/TFG_Vivado/vivado/axu2cga_trd.runs/bd_197a_csc_0_synth_1/prj/sol/.autopilot/db/v_hcresampler_core_Pipeline_VITIS_LOOP_769_2.tbgen.tcl 
Execute       source C:/TFG_Vivado/vivado/axu2cga_trd.runs/bd_197a_csc_0_synth_1/prj/sol/.autopilot/db/v_hcresampler_core.tbgen.tcl 
Execute       source C:/TFG_Vivado/vivado/axu2cga_trd.runs/bd_197a_csc_0_synth_1/prj/sol/.autopilot/db/v_csc_core_Pipeline_VITIS_LOOP_136_2.tbgen.tcl 
Execute       source C:/TFG_Vivado/vivado/axu2cga_trd.runs/bd_197a_csc_0_synth_1/prj/sol/.autopilot/db/v_csc_core.tbgen.tcl 
Execute       source C:/TFG_Vivado/vivado/axu2cga_trd.runs/bd_197a_csc_0_synth_1/prj/sol/.autopilot/db/v_hcresampler_core_1_Pipeline_VITIS_LOOP_769_2.tbgen.tcl 
Execute       source C:/TFG_Vivado/vivado/axu2cga_trd.runs/bd_197a_csc_0_synth_1/prj/sol/.autopilot/db/v_hcresampler_core_1.tbgen.tcl 
Execute       source C:/TFG_Vivado/vivado/axu2cga_trd.runs/bd_197a_csc_0_synth_1/prj/sol/.autopilot/db/MultiPixStream2AXIvideo_Pipeline_VITIS_LOOP_664_2.tbgen.tcl 
Execute       source C:/TFG_Vivado/vivado/axu2cga_trd.runs/bd_197a_csc_0_synth_1/prj/sol/.autopilot/db/MultiPixStream2AXIvideo.tbgen.tcl 
Execute       source C:/TFG_Vivado/vivado/axu2cga_trd.runs/bd_197a_csc_0_synth_1/prj/sol/.autopilot/db/v_csc.tbgen.tcl 
Execute       source C:/TFG_Vivado/vivado/axu2cga_trd.runs/bd_197a_csc_0_synth_1/prj/sol/.autopilot/db/global.setting.tcl 
Execute       ap_part_info -name xczu2cg-sfvc784-1-e -data names -quiet 
Execute       ap_part_info -name xczu2cg-sfvc784-1-e -data info -quiet 
Execute       source C:/TFG_Vivado/vivado/axu2cga_trd.runs/bd_197a_csc_0_synth_1/prj/sol/.autopilot/db/v_csc.constraint.tcl 
Execute       sc_get_clocks v_csc 
Execute       source C:/TFG_Vivado/vivado/axu2cga_trd.runs/bd_197a_csc_0_synth_1/prj/sol/.autopilot/db/global.setting.tcl 
INFO-FLOW: DBG:PUTS:       generate_syn_sh
Execute       ap_part_info -name xczu2cg-sfvc784-1-e -data names -quiet 
Execute       ap_part_info -name xczu2cg-sfvc784-1-e -data info -quiet 
Execute       source C:/TFG_Vivado/vivado/axu2cga_trd.runs/bd_197a_csc_0_synth_1/prj/sol/.autopilot/db/global.setting.tcl 
INFO-FLOW: DBG:PUTS:       generate_imp_constraints
Execute       ap_part_info -name xczu2cg-sfvc784-1-e -data names -quiet 
Execute       ap_part_info -name xczu2cg-sfvc784-1-e -data info -quiet 
Execute       source C:/TFG_Vivado/vivado/axu2cga_trd.runs/bd_197a_csc_0_synth_1/prj/sol/.autopilot/db/v_csc.constraint.tcl 
Execute       source C:/TFG_Vivado/vivado/axu2cga_trd.runs/bd_197a_csc_0_synth_1/prj/sol/.autopilot/db/v_csc.tbgen.tcl 
INFO-FLOW: DBG:PUTS:       delete-temp-dirs pwd=C:/TFG_Vivado/vivado/axu2cga_trd.runs/bd_197a_csc_0_synth_1/prj/sol
Execute       ap_part_info -name xczu2cg-sfvc784-1-e -data names -quiet 
Execute       ap_part_info -name xczu2cg-sfvc784-1-e -data info -quiet 
INFO-FLOW: DBG:PUTS: read_platform_lib C:/TFG_Vivado/vivado/axu2cga_trd.runs/bd_197a_csc_0_synth_1/prj/sol/.autopilot/db/global.setting.tcl
Execute       source C:/AMDDesignTools/2025.2/Vitis/common/technology/generic/autopilot/common.gen 
Execute         source C:/AMDDesignTools/2025.2/Vitis/common/technology/generic/autopilot/APCoreGen.gen 
Execute       source C:/AMDDesignTools/2025.2/Vitis/common/technology/generic/autopilot/op.gen 
Execute       source C:/AMDDesignTools/2025.2/Vitis/common/technology/generic/autopilot/op_simcore.gen 
Execute       source C:/AMDDesignTools/2025.2/Vitis/common/technology/generic/autopilot/interface.gen 
Execute       source C:/TFG_Vivado/vivado/axu2cga_trd.runs/bd_197a_csc_0_synth_1/prj/sol/.autopilot/db/global.setting.tcl 
Execute       source C:/AMDDesignTools/2025.2/Vitis/common/technology/xilinx/common/xilinx.gen 
Execute         source C:/AMDDesignTools/2025.2/Vitis/common/technology/xilinx/interface/plb46.gen 
Execute         source C:/AMDDesignTools/2025.2/Vitis/common/technology/xilinx/interface/axi4.gen 
Execute         source C:/AMDDesignTools/2025.2/Vitis/common/technology/xilinx/interface/nativeAXI4.gen 
Execute           source C:/AMDDesignTools/2025.2/Vitis/common/technology/xilinx/interface/saxilite.gen 
Execute         source C:/AMDDesignTools/2025.2/Vitis/common/technology/xilinx/scripts/xilinxcoregen.gen 
Execute         source C:/AMDDesignTools/2025.2/Vitis/common/technology/xilinx/interface/XilEDKCoreGen.gen 
Execute         source C:/AMDDesignTools/2025.2/Vitis/common/technology/xilinx/ip/dds_compiler.gen 
Execute         source C:/AMDDesignTools/2025.2/Vitis/common/technology/xilinx/ip/util.gen 
Execute         source C:/AMDDesignTools/2025.2/Vitis/common/technology/xilinx/ip/xfft.gen 
Execute         source C:/AMDDesignTools/2025.2/Vitis/common/technology/xilinx/ip/xfir.gen 
Execute         source C:/AMDDesignTools/2025.2/Vitis/common/technology/xilinx/DSP48/dsp48.gen 
INFO-FLOW: DBG:PUTS:     IP package: exec C:/TFG_Vivado/vivado/axu2cga_trd.runs/bd_197a_csc_0_synth_1/prj/sol/impl/ip/pack.bat
INFO-FLOW: DBG:PUTS:     IP package: success C:/TFG_Vivado/vivado/axu2cga_trd.runs/bd_197a_csc_0_synth_1/prj/sol/impl/ip/pack.bat
Execute       send_msg_by_id INFO @200-802@%s prj/sol/impl/export.zip 
INFO: [HLS 200-802] Generated output file prj/sol/impl/export.zip
Command     export_design done; 54.158 sec.
INFO: [HLS 200-2161] Finished Command export_design Elapsed time: 00:00:54; Allocated memory: 6.820 MB.
Execute     cleanup_all 
Command     cleanup_all done; 0.108 sec.
