

================================================================
== Vitis HLS Report for 'v_csc'
================================================================
* Date:           Wed Jan 21 13:02:27 2026

* Version:        2025.2 (Build 6295257 on Nov 14 2025)
* Project:        prj
* Solution:       sol (Vivado IP Flow Target)
* Product family: zynquplus
* Target device:  xczu2cg-sfvc784-1-e


================================================================
== Performance Estimates
================================================================
+ Timing: 
    * Summary: 
    +--------+---------+----------+------------+
    |  Clock |  Target | Estimated| Uncertainty|
    +--------+---------+----------+------------+
    |ap_clk  |  5.00 ns|  3.443 ns|     1.35 ns|
    +--------+---------+----------+------------+

+ Latency: 
    * Summary: 
    +---------+---------+----------+----------+-----+-----+----------+
    |  Latency (cycles) |  Latency (absolute) |  Interval | Pipeline |
    |   min   |   max   |    min   |    max   | min | max |   Type   |
    +---------+---------+----------+----------+-----+-----+----------+
    |        ?|        ?|         ?|         ?|    ?|    ?|  dataflow|
    +---------+---------+----------+----------+-----+-----+----------+

    + Detail: 
        * Instance: 
        +------------------------------------+-------------------------+---------+------------+-----------+-----------+------+------------+---------+
        |                                    |                         |   Latency (cycles)   |   Latency (absolute)  |      Interval     | Pipeline|
        |              Instance              |          Module         |   min   |     max    |    min    |    max    |  min |     max    |   Type  |
        +------------------------------------+-------------------------+---------+------------+-----------+-----------+------+------------+---------+
        |grp_AXIvideo2MultiPixStream_fu_272  |AXIvideo2MultiPixStream  |     2630|     1046526|  13.150 us|   5.233 ms|  2630|     1046526|       no|
        |call_ret_Block_entry_proc_1_fu_297  |Block_entry_proc_1       |        0|           0|       0 ns|       0 ns|     0|           0|       no|
        |grp_v_hcresampler_core_fu_305       |v_hcresampler_core       |        2|  1073938427|  10.000 ns|  5.370 sec|     2|  1073938427|       no|
        |grp_v_csc_core_fu_316               |v_csc_core               |        ?|           ?|          ?|          ?|     ?|           ?|       no|
        |grp_v_hcresampler_core_1_fu_390     |v_hcresampler_core_1     |        2|  1073938427|  10.000 ns|  5.370 sec|     2|  1073938427|       no|
        |grp_MultiPixStream2AXIvideo_fu_401  |MultiPixStream2AXIvideo  |     2435|     1043283|  12.175 us|   5.216 ms|  2435|     1043283|       no|
        +------------------------------------+-------------------------+---------+------------+-----------+-----------+------+------------+---------+

        * Loop: 
        N/A

============================================================
+ Verbose Summary: Synthesis Manager
============================================================
InlineROM: 1
ExposeGlobal: 0
============================================================
+ Verbose Summary: CDFG Model
============================================================
IsTopModel: 1
ResetActiveHigh: 1
IsCombinational: 2
IsDatapathOnly: 0
HasWiredReturn: 1
HasMFsm: 0
HasVarLatency: 1
IsPipeline: 0
IsRtlPipelined: 0
IsInstanceOverlapped: 0
IsDontTouch: 0
HasImplIP: 0
IsGatedGlobalClock: 0


============================================================
+ Verbose Summary: Schedule
============================================================
* Number of FSM states : 12
* Pipeline : 0
* Dataflow Pipeline: 1
  DF-Pipeline-0: Size = 12, States = { 1 2 3 4 5 6 7 8 9 10 11 12 }

* FSM state transitions: 
1 --> 2 
2 --> 3 
3 --> 4 
4 --> 5 
5 --> 6 
6 --> 7 
7 --> 8 
8 --> 9 
9 --> 10 
10 --> 11 
11 --> 12 
12 --> 

* FSM state operations: 

State 1 <SV = 0> <Delay = 0.00>
ST_1 : Operation 13 [1/1] (0.00ns)   --->   "%stream_in = alloca i64 1" [C:/TFG_Vivado/vivado/axu2cga_trd.runs/bd_197a_csc_0_synth_1/prj/sol/.autopilot/db/v_csc.cpp:431]   --->   Operation 13 'alloca' 'stream_in' <Predicate = true> <Delay = 0.00> <CoreInst = "FIFO_SRL">   --->   Core 80 'FIFO_SRL' <Latency = 0> <II = 1> <Delay = 2.25> <Storage> <Opcode : 'read' 'write' 'nbread' 'nbwrite'> <Ports = 0> <Width = 48> <Depth = 16> <FIFO>
ST_1 : Operation 14 [1/1] (0.00ns)   --->   "%stream_in_hresampled = alloca i64 1" [C:/TFG_Vivado/vivado/axu2cga_trd.runs/bd_197a_csc_0_synth_1/prj/sol/.autopilot/db/v_csc.cpp:433]   --->   Operation 14 'alloca' 'stream_in_hresampled' <Predicate = true> <Delay = 0.00> <CoreInst = "FIFO_SRL">   --->   Core 80 'FIFO_SRL' <Latency = 0> <II = 1> <Delay = 2.25> <Storage> <Opcode : 'read' 'write' 'nbread' 'nbwrite'> <Ports = 0> <Width = 48> <Depth = 16> <FIFO>
ST_1 : Operation 15 [1/1] (0.00ns)   --->   "%stream_out_hresampled = alloca i64 1" [C:/TFG_Vivado/vivado/axu2cga_trd.runs/bd_197a_csc_0_synth_1/prj/sol/.autopilot/db/v_csc.cpp:433]   --->   Operation 15 'alloca' 'stream_out_hresampled' <Predicate = true> <Delay = 0.00> <CoreInst = "FIFO_SRL">   --->   Core 80 'FIFO_SRL' <Latency = 0> <II = 1> <Delay = 2.25> <Storage> <Opcode : 'read' 'write' 'nbread' 'nbwrite'> <Ports = 0> <Width = 48> <Depth = 16> <FIFO>
ST_1 : Operation 16 [1/1] (0.00ns)   --->   "%stream_csc = alloca i64 1" [C:/TFG_Vivado/vivado/axu2cga_trd.runs/bd_197a_csc_0_synth_1/prj/sol/.autopilot/db/v_csc.cpp:434]   --->   Operation 16 'alloca' 'stream_csc' <Predicate = true> <Delay = 0.00> <CoreInst = "FIFO_SRL">   --->   Core 80 'FIFO_SRL' <Latency = 0> <II = 1> <Delay = 2.25> <Storage> <Opcode : 'read' 'write' 'nbread' 'nbwrite'> <Ports = 0> <Width = 48> <Depth = 16> <FIFO>

State 2 <SV = 1> <Delay = 0.00>
ST_2 : Operation 17 [2/2] (0.00ns)   --->   "%call_ln372 = call void @AXIvideo2MultiPixStream, i16 %height, i16 %width, i8 %InVideoFormat, i48 %s_axis_video_V_data_V, i6 %s_axis_video_V_keep_V, i6 %s_axis_video_V_strb_V, i1 %s_axis_video_V_user_V, i1 %s_axis_video_V_last_V, i1 %s_axis_video_V_id_V, i1 %s_axis_video_V_dest_V, i48 %stream_in" [C:/TFG_Vivado/vivado/axu2cga_trd.runs/bd_197a_csc_0_synth_1/prj/sol/.autopilot/db/v_csc.cpp:372]   --->   Operation 17 'call' 'call_ln372' <Predicate = true> <Delay = 0.00> <CoreType = "Generic">   --->   Generic Core

State 3 <SV = 2> <Delay = 0.94>
ST_3 : Operation 18 [1/2] (0.94ns)   --->   "%call_ln372 = call void @AXIvideo2MultiPixStream, i16 %height, i16 %width, i8 %InVideoFormat, i48 %s_axis_video_V_data_V, i6 %s_axis_video_V_keep_V, i6 %s_axis_video_V_strb_V, i1 %s_axis_video_V_user_V, i1 %s_axis_video_V_last_V, i1 %s_axis_video_V_id_V, i1 %s_axis_video_V_dest_V, i48 %stream_in" [C:/TFG_Vivado/vivado/axu2cga_trd.runs/bd_197a_csc_0_synth_1/prj/sol/.autopilot/db/v_csc.cpp:372]   --->   Operation 18 'call' 'call_ln372' <Predicate = true> <Delay = 0.94> <CoreType = "Generic">   --->   Generic Core

State 4 <SV = 3> <Delay = 3.25>
ST_4 : Operation 19 [1/1] (1.23ns)   --->   "%call_ret = call i2 @Block_entry_proc.1, i8 %InVideoFormat, i8 %OutVideoFormat" [C:/TFG_Vivado/vivado/axu2cga_trd.runs/bd_197a_csc_0_synth_1/prj/sol/.autopilot/db/v_csc.cpp:369]   --->   Operation 19 'call' 'call_ret' <Predicate = true> <Delay = 1.23> <CoreType = "Generic">   --->   Generic Core
ST_4 : Operation 20 [1/1] (0.00ns)   --->   "%cond_loc_channel = extractvalue i2 %call_ret" [C:/TFG_Vivado/vivado/axu2cga_trd.runs/bd_197a_csc_0_synth_1/prj/sol/.autopilot/db/v_csc.cpp:369]   --->   Operation 20 'extractvalue' 'cond_loc_channel' <Predicate = true> <Delay = 0.00> <CoreInst = "FIFO_SRL">   --->   Core 80 'FIFO_SRL' <Latency = 0> <II = 1> <Delay = 2.16> <Storage> <Opcode : 'read' 'write' 'nbread' 'nbwrite'> <Ports = 0> <Width = 1> <Depth = 2> <FIFO>
ST_4 : Operation 21 [1/1] (0.00ns)   --->   "%cond64_loc_channel = extractvalue i2 %call_ret" [C:/TFG_Vivado/vivado/axu2cga_trd.runs/bd_197a_csc_0_synth_1/prj/sol/.autopilot/db/v_csc.cpp:369]   --->   Operation 21 'extractvalue' 'cond64_loc_channel' <Predicate = true> <Delay = 0.00> <CoreInst = "FIFO_SRL">   --->   Core 80 'FIFO_SRL' <Latency = 0> <II = 1> <Delay = 2.16> <Storage> <Opcode : 'read' 'write' 'nbread' 'nbwrite'> <Ports = 0> <Width = 1> <Depth = 2> <FIFO>
ST_4 : Operation 22 [2/2] (2.01ns)   --->   "%call_ln372 = call void @v_hcresampler_core, i16 %height, i16 %width, i1 %cond_loc_channel, i48 %stream_in, i48 %stream_in_hresampled" [C:/TFG_Vivado/vivado/axu2cga_trd.runs/bd_197a_csc_0_synth_1/prj/sol/.autopilot/db/v_csc.cpp:372]   --->   Operation 22 'call' 'call_ln372' <Predicate = true> <Delay = 2.01> <CoreType = "Generic">   --->   Generic Core

State 5 <SV = 4> <Delay = 1.01>
ST_5 : Operation 23 [1/2] (1.01ns)   --->   "%call_ln372 = call void @v_hcresampler_core, i16 %height, i16 %width, i1 %cond_loc_channel, i48 %stream_in, i48 %stream_in_hresampled" [C:/TFG_Vivado/vivado/axu2cga_trd.runs/bd_197a_csc_0_synth_1/prj/sol/.autopilot/db/v_csc.cpp:372]   --->   Operation 23 'call' 'call_ln372' <Predicate = true> <Delay = 1.01> <CoreType = "Generic">   --->   Generic Core

State 6 <SV = 5> <Delay = 1.34>
ST_6 : Operation 24 [2/2] (1.34ns)   --->   "%call_ln372 = call void @v_csc_core, i16 %height, i16 %width, i16 %ColStart, i16 %ColEnd, i16 %RowStart, i16 %RowEnd, i16 %K11, i16 %K12, i16 %K13, i16 %K21, i16 %K22, i16 %K23, i16 %K31, i16 %K32, i16 %K33, i10 %ROffset, i10 %GOffset, i10 %BOffset, i8 %ClampMin, i8 %ClipMax, i16 %K11_2, i16 %K12_2, i16 %K13_2, i16 %K21_2, i16 %K22_2, i16 %K23_2, i16 %K31_2, i16 %K32_2, i16 %K33_2, i10 %ROffset_2, i10 %GOffset_2, i10 %BOffset_2, i8 %ClampMin_2, i8 %ClipMax_2, i48 %stream_in_hresampled, i48 %stream_csc" [C:/TFG_Vivado/vivado/axu2cga_trd.runs/bd_197a_csc_0_synth_1/prj/sol/.autopilot/db/v_csc.cpp:372]   --->   Operation 24 'call' 'call_ln372' <Predicate = true> <Delay = 1.34> <CoreType = "Generic">   --->   Generic Core

State 7 <SV = 6> <Delay = 1.01>
ST_7 : Operation 25 [1/2] (1.01ns)   --->   "%call_ln372 = call void @v_csc_core, i16 %height, i16 %width, i16 %ColStart, i16 %ColEnd, i16 %RowStart, i16 %RowEnd, i16 %K11, i16 %K12, i16 %K13, i16 %K21, i16 %K22, i16 %K23, i16 %K31, i16 %K32, i16 %K33, i10 %ROffset, i10 %GOffset, i10 %BOffset, i8 %ClampMin, i8 %ClipMax, i16 %K11_2, i16 %K12_2, i16 %K13_2, i16 %K21_2, i16 %K22_2, i16 %K23_2, i16 %K31_2, i16 %K32_2, i16 %K33_2, i10 %ROffset_2, i10 %GOffset_2, i10 %BOffset_2, i8 %ClampMin_2, i8 %ClipMax_2, i48 %stream_in_hresampled, i48 %stream_csc" [C:/TFG_Vivado/vivado/axu2cga_trd.runs/bd_197a_csc_0_synth_1/prj/sol/.autopilot/db/v_csc.cpp:372]   --->   Operation 25 'call' 'call_ln372' <Predicate = true> <Delay = 1.01> <CoreType = "Generic">   --->   Generic Core

State 8 <SV = 7> <Delay = 2.01>
ST_8 : Operation 26 [2/2] (2.01ns)   --->   "%call_ln372 = call void @v_hcresampler_core.1, i16 %height, i16 %width, i1 %cond64_loc_channel, i48 %stream_csc, i48 %stream_out_hresampled" [C:/TFG_Vivado/vivado/axu2cga_trd.runs/bd_197a_csc_0_synth_1/prj/sol/.autopilot/db/v_csc.cpp:372]   --->   Operation 26 'call' 'call_ln372' <Predicate = true> <Delay = 2.01> <CoreType = "Generic">   --->   Generic Core

State 9 <SV = 8> <Delay = 1.01>
ST_9 : Operation 27 [1/2] (1.01ns)   --->   "%call_ln372 = call void @v_hcresampler_core.1, i16 %height, i16 %width, i1 %cond64_loc_channel, i48 %stream_csc, i48 %stream_out_hresampled" [C:/TFG_Vivado/vivado/axu2cga_trd.runs/bd_197a_csc_0_synth_1/prj/sol/.autopilot/db/v_csc.cpp:372]   --->   Operation 27 'call' 'call_ln372' <Predicate = true> <Delay = 1.01> <CoreType = "Generic">   --->   Generic Core

State 10 <SV = 9> <Delay = 0.00>
ST_10 : Operation 28 [2/2] (0.00ns)   --->   "%call_ln372 = call void @MultiPixStream2AXIvideo, i16 %height, i16 %width, i8 %OutVideoFormat, i48 %stream_out_hresampled, i48 %m_axis_video_V_data_V, i6 %m_axis_video_V_keep_V, i6 %m_axis_video_V_strb_V, i1 %m_axis_video_V_user_V, i1 %m_axis_video_V_last_V, i1 %m_axis_video_V_id_V, i1 %m_axis_video_V_dest_V" [C:/TFG_Vivado/vivado/axu2cga_trd.runs/bd_197a_csc_0_synth_1/prj/sol/.autopilot/db/v_csc.cpp:372]   --->   Operation 28 'call' 'call_ln372' <Predicate = true> <Delay = 0.00> <CoreType = "Generic">   --->   Generic Core

State 11 <SV = 10> <Delay = 0.00>
ST_11 : Operation 29 [1/2] (0.00ns)   --->   "%call_ln372 = call void @MultiPixStream2AXIvideo, i16 %height, i16 %width, i8 %OutVideoFormat, i48 %stream_out_hresampled, i48 %m_axis_video_V_data_V, i6 %m_axis_video_V_keep_V, i6 %m_axis_video_V_strb_V, i1 %m_axis_video_V_user_V, i1 %m_axis_video_V_last_V, i1 %m_axis_video_V_id_V, i1 %m_axis_video_V_dest_V" [C:/TFG_Vivado/vivado/axu2cga_trd.runs/bd_197a_csc_0_synth_1/prj/sol/.autopilot/db/v_csc.cpp:372]   --->   Operation 29 'call' 'call_ln372' <Predicate = true> <Delay = 0.00> <CoreType = "Generic">   --->   Generic Core

State 12 <SV = 11> <Delay = 1.00>
ST_12 : Operation 30 [1/1] (0.00ns)   --->   "%specdataflowpipeline_ln438 = specdataflowpipeline void @_ssdm_op_SpecDataflowPipeline, i32 4294967295, i32 0, void @empty_49" [C:/TFG_Vivado/vivado/axu2cga_trd.runs/bd_197a_csc_0_synth_1/prj/sol/.autopilot/db/v_csc.cpp:438]   --->   Operation 30 'specdataflowpipeline' 'specdataflowpipeline_ln438' <Predicate = true> <Delay = 0.00>
ST_12 : Operation 31 [1/1] (0.00ns)   --->   "%spectopmodule_ln220 = spectopmodule void @_ssdm_op_SpecTopModule, void @empty_37" [C:/TFG_Vivado/vivado/axu2cga_trd.runs/bd_197a_csc_0_synth_1/prj/sol/.autopilot/db/v_csc.cpp:220]   --->   Operation 31 'spectopmodule' 'spectopmodule_ln220' <Predicate = true> <Delay = 0.00>
ST_12 : Operation 32 [1/1] (0.00ns)   --->   "%specinterface_ln0 = specinterface void @_ssdm_op_SpecInterface, i48 %s_axis_video_V_data_V, i6 %s_axis_video_V_keep_V, i6 %s_axis_video_V_strb_V, i1 %s_axis_video_V_user_V, i1 %s_axis_video_V_last_V, i1 %s_axis_video_V_id_V, i1 %s_axis_video_V_dest_V, void @empty_8, i32 1, i32 1, void @empty_48, i32 0, i32 0, void @empty_49, void @empty_49, void @empty_49, i32 0, i32 0, i32 0, i32 0, void @empty_49, void @empty_49, i32 4294967295, i32 0, i32 0, i32 0"   --->   Operation 32 'specinterface' 'specinterface_ln0' <Predicate = true> <Delay = 0.00>
ST_12 : Operation 33 [1/1] (0.00ns)   --->   "%specbitsmap_ln0 = specbitsmap void @_ssdm_op_SpecBitsMap, i48 %s_axis_video_V_data_V"   --->   Operation 33 'specbitsmap' 'specbitsmap_ln0' <Predicate = true> <Delay = 0.00>
ST_12 : Operation 34 [1/1] (0.00ns)   --->   "%specbitsmap_ln0 = specbitsmap void @_ssdm_op_SpecBitsMap, i6 %s_axis_video_V_keep_V"   --->   Operation 34 'specbitsmap' 'specbitsmap_ln0' <Predicate = true> <Delay = 0.00>
ST_12 : Operation 35 [1/1] (0.00ns)   --->   "%specbitsmap_ln0 = specbitsmap void @_ssdm_op_SpecBitsMap, i6 %s_axis_video_V_strb_V"   --->   Operation 35 'specbitsmap' 'specbitsmap_ln0' <Predicate = true> <Delay = 0.00>
ST_12 : Operation 36 [1/1] (0.00ns)   --->   "%specbitsmap_ln0 = specbitsmap void @_ssdm_op_SpecBitsMap, i1 %s_axis_video_V_user_V"   --->   Operation 36 'specbitsmap' 'specbitsmap_ln0' <Predicate = true> <Delay = 0.00>
ST_12 : Operation 37 [1/1] (0.00ns)   --->   "%specbitsmap_ln0 = specbitsmap void @_ssdm_op_SpecBitsMap, i1 %s_axis_video_V_last_V"   --->   Operation 37 'specbitsmap' 'specbitsmap_ln0' <Predicate = true> <Delay = 0.00>
ST_12 : Operation 38 [1/1] (0.00ns)   --->   "%specbitsmap_ln0 = specbitsmap void @_ssdm_op_SpecBitsMap, i1 %s_axis_video_V_id_V"   --->   Operation 38 'specbitsmap' 'specbitsmap_ln0' <Predicate = true> <Delay = 0.00>
ST_12 : Operation 39 [1/1] (0.00ns)   --->   "%specbitsmap_ln0 = specbitsmap void @_ssdm_op_SpecBitsMap, i1 %s_axis_video_V_dest_V"   --->   Operation 39 'specbitsmap' 'specbitsmap_ln0' <Predicate = true> <Delay = 0.00>
ST_12 : Operation 40 [1/1] (0.00ns)   --->   "%specbitsmap_ln0 = specbitsmap void @_ssdm_op_SpecBitsMap, i8 %InVideoFormat"   --->   Operation 40 'specbitsmap' 'specbitsmap_ln0' <Predicate = true> <Delay = 0.00>
ST_12 : Operation 41 [1/1] (0.00ns)   --->   "%specinterface_ln0 = specinterface void @_ssdm_op_SpecInterface, i8 %InVideoFormat, void @empty_50, i32 4294967295, i32 4294967295, void @empty_49, i32 0, i32 0, void @empty_51, void @empty_52, void @empty_49, i32 0, i32 0, i32 0, i32 0, void @empty_49, void @empty_49, i32 4294967295, i32 0, i32 0, i32 0"   --->   Operation 41 'specinterface' 'specinterface_ln0' <Predicate = true> <Delay = 0.00>
ST_12 : Operation 42 [1/1] (0.00ns)   --->   "%specinterface_ln0 = specinterface void @_ssdm_op_SpecInterface, i8 %InVideoFormat, void @empty_53, i32 0, i32 0, void @empty_49, i32 0, i32 0, void @empty_49, void @empty_49, void @empty_49, i32 0, i32 0, i32 0, i32 0, void @empty_49, void @empty_49, i32 4294967295, i32 0, i32 0, i32 0"   --->   Operation 42 'specinterface' 'specinterface_ln0' <Predicate = true> <Delay = 0.00>
ST_12 : Operation 43 [1/1] (0.00ns)   --->   "%specbitsmap_ln0 = specbitsmap void @_ssdm_op_SpecBitsMap, i8 %OutVideoFormat"   --->   Operation 43 'specbitsmap' 'specbitsmap_ln0' <Predicate = true> <Delay = 0.00>
ST_12 : Operation 44 [1/1] (0.00ns)   --->   "%specinterface_ln0 = specinterface void @_ssdm_op_SpecInterface, i8 %OutVideoFormat, void @empty_50, i32 4294967295, i32 4294967295, void @empty_49, i32 0, i32 0, void @empty_51, void @empty, void @empty_49, i32 0, i32 0, i32 0, i32 0, void @empty_49, void @empty_49, i32 4294967295, i32 0, i32 0, i32 0"   --->   Operation 44 'specinterface' 'specinterface_ln0' <Predicate = true> <Delay = 0.00>
ST_12 : Operation 45 [1/1] (0.00ns)   --->   "%specinterface_ln0 = specinterface void @_ssdm_op_SpecInterface, i8 %OutVideoFormat, void @empty_53, i32 0, i32 0, void @empty_49, i32 0, i32 0, void @empty_49, void @empty_49, void @empty_49, i32 0, i32 0, i32 0, i32 0, void @empty_49, void @empty_49, i32 4294967295, i32 0, i32 0, i32 0"   --->   Operation 45 'specinterface' 'specinterface_ln0' <Predicate = true> <Delay = 0.00>
ST_12 : Operation 46 [1/1] (0.00ns)   --->   "%specbitsmap_ln0 = specbitsmap void @_ssdm_op_SpecBitsMap, i16 %width"   --->   Operation 46 'specbitsmap' 'specbitsmap_ln0' <Predicate = true> <Delay = 0.00>
ST_12 : Operation 47 [1/1] (0.00ns)   --->   "%specinterface_ln0 = specinterface void @_ssdm_op_SpecInterface, i16 %width, void @empty_50, i32 4294967295, i32 4294967295, void @empty_49, i32 0, i32 0, void @empty_51, void @empty_0, void @empty_49, i32 0, i32 0, i32 0, i32 0, void @empty_49, void @empty_49, i32 4294967295, i32 0, i32 0, i32 0"   --->   Operation 47 'specinterface' 'specinterface_ln0' <Predicate = true> <Delay = 0.00>
ST_12 : Operation 48 [1/1] (0.00ns)   --->   "%specinterface_ln0 = specinterface void @_ssdm_op_SpecInterface, i16 %width, void @empty_53, i32 0, i32 0, void @empty_49, i32 0, i32 0, void @empty_49, void @empty_49, void @empty_49, i32 0, i32 0, i32 0, i32 0, void @empty_49, void @empty_49, i32 4294967295, i32 0, i32 0, i32 0"   --->   Operation 48 'specinterface' 'specinterface_ln0' <Predicate = true> <Delay = 0.00>
ST_12 : Operation 49 [1/1] (0.00ns)   --->   "%specbitsmap_ln0 = specbitsmap void @_ssdm_op_SpecBitsMap, i16 %height"   --->   Operation 49 'specbitsmap' 'specbitsmap_ln0' <Predicate = true> <Delay = 0.00>
ST_12 : Operation 50 [1/1] (0.00ns)   --->   "%specinterface_ln0 = specinterface void @_ssdm_op_SpecInterface, i16 %height, void @empty_50, i32 4294967295, i32 4294967295, void @empty_49, i32 0, i32 0, void @empty_51, void @empty_54, void @empty_49, i32 0, i32 0, i32 0, i32 0, void @empty_49, void @empty_49, i32 4294967295, i32 0, i32 0, i32 0"   --->   Operation 50 'specinterface' 'specinterface_ln0' <Predicate = true> <Delay = 0.00>
ST_12 : Operation 51 [1/1] (0.00ns)   --->   "%specinterface_ln0 = specinterface void @_ssdm_op_SpecInterface, i16 %height, void @empty_53, i32 0, i32 0, void @empty_49, i32 0, i32 0, void @empty_49, void @empty_49, void @empty_49, i32 0, i32 0, i32 0, i32 0, void @empty_49, void @empty_49, i32 4294967295, i32 0, i32 0, i32 0"   --->   Operation 51 'specinterface' 'specinterface_ln0' <Predicate = true> <Delay = 0.00>
ST_12 : Operation 52 [1/1] (0.00ns)   --->   "%specbitsmap_ln0 = specbitsmap void @_ssdm_op_SpecBitsMap, i16 %ColStart"   --->   Operation 52 'specbitsmap' 'specbitsmap_ln0' <Predicate = true> <Delay = 0.00>
ST_12 : Operation 53 [1/1] (0.00ns)   --->   "%specinterface_ln0 = specinterface void @_ssdm_op_SpecInterface, i16 %ColStart, void @empty_50, i32 4294967295, i32 4294967295, void @empty_49, i32 0, i32 0, void @empty_51, void @empty_2, void @empty_49, i32 0, i32 0, i32 0, i32 0, void @empty_49, void @empty_49, i32 4294967295, i32 0, i32 0, i32 0"   --->   Operation 53 'specinterface' 'specinterface_ln0' <Predicate = true> <Delay = 0.00>
ST_12 : Operation 54 [1/1] (0.00ns)   --->   "%specinterface_ln0 = specinterface void @_ssdm_op_SpecInterface, i16 %ColStart, void @empty_53, i32 0, i32 0, void @empty_49, i32 0, i32 0, void @empty_49, void @empty_49, void @empty_49, i32 0, i32 0, i32 0, i32 0, void @empty_49, void @empty_49, i32 4294967295, i32 0, i32 0, i32 0"   --->   Operation 54 'specinterface' 'specinterface_ln0' <Predicate = true> <Delay = 0.00>
ST_12 : Operation 55 [1/1] (0.00ns)   --->   "%specbitsmap_ln0 = specbitsmap void @_ssdm_op_SpecBitsMap, i16 %ColEnd"   --->   Operation 55 'specbitsmap' 'specbitsmap_ln0' <Predicate = true> <Delay = 0.00>
ST_12 : Operation 56 [1/1] (0.00ns)   --->   "%specinterface_ln0 = specinterface void @_ssdm_op_SpecInterface, i16 %ColEnd, void @empty_50, i32 4294967295, i32 4294967295, void @empty_49, i32 0, i32 0, void @empty_51, void @empty_3, void @empty_49, i32 0, i32 0, i32 0, i32 0, void @empty_49, void @empty_49, i32 4294967295, i32 0, i32 0, i32 0"   --->   Operation 56 'specinterface' 'specinterface_ln0' <Predicate = true> <Delay = 0.00>
ST_12 : Operation 57 [1/1] (0.00ns)   --->   "%specinterface_ln0 = specinterface void @_ssdm_op_SpecInterface, i16 %ColEnd, void @empty_53, i32 0, i32 0, void @empty_49, i32 0, i32 0, void @empty_49, void @empty_49, void @empty_49, i32 0, i32 0, i32 0, i32 0, void @empty_49, void @empty_49, i32 4294967295, i32 0, i32 0, i32 0"   --->   Operation 57 'specinterface' 'specinterface_ln0' <Predicate = true> <Delay = 0.00>
ST_12 : Operation 58 [1/1] (0.00ns)   --->   "%specbitsmap_ln0 = specbitsmap void @_ssdm_op_SpecBitsMap, i16 %RowStart"   --->   Operation 58 'specbitsmap' 'specbitsmap_ln0' <Predicate = true> <Delay = 0.00>
ST_12 : Operation 59 [1/1] (0.00ns)   --->   "%specinterface_ln0 = specinterface void @_ssdm_op_SpecInterface, i16 %RowStart, void @empty_50, i32 4294967295, i32 4294967295, void @empty_49, i32 0, i32 0, void @empty_51, void @empty_4, void @empty_49, i32 0, i32 0, i32 0, i32 0, void @empty_49, void @empty_49, i32 4294967295, i32 0, i32 0, i32 0"   --->   Operation 59 'specinterface' 'specinterface_ln0' <Predicate = true> <Delay = 0.00>
ST_12 : Operation 60 [1/1] (0.00ns)   --->   "%specinterface_ln0 = specinterface void @_ssdm_op_SpecInterface, i16 %RowStart, void @empty_53, i32 0, i32 0, void @empty_49, i32 0, i32 0, void @empty_49, void @empty_49, void @empty_49, i32 0, i32 0, i32 0, i32 0, void @empty_49, void @empty_49, i32 4294967295, i32 0, i32 0, i32 0"   --->   Operation 60 'specinterface' 'specinterface_ln0' <Predicate = true> <Delay = 0.00>
ST_12 : Operation 61 [1/1] (0.00ns)   --->   "%specbitsmap_ln0 = specbitsmap void @_ssdm_op_SpecBitsMap, i16 %RowEnd"   --->   Operation 61 'specbitsmap' 'specbitsmap_ln0' <Predicate = true> <Delay = 0.00>
ST_12 : Operation 62 [1/1] (0.00ns)   --->   "%specinterface_ln0 = specinterface void @_ssdm_op_SpecInterface, i16 %RowEnd, void @empty_50, i32 4294967295, i32 4294967295, void @empty_49, i32 0, i32 0, void @empty_51, void @empty_5, void @empty_49, i32 0, i32 0, i32 0, i32 0, void @empty_49, void @empty_49, i32 4294967295, i32 0, i32 0, i32 0"   --->   Operation 62 'specinterface' 'specinterface_ln0' <Predicate = true> <Delay = 0.00>
ST_12 : Operation 63 [1/1] (0.00ns)   --->   "%specinterface_ln0 = specinterface void @_ssdm_op_SpecInterface, i16 %RowEnd, void @empty_53, i32 0, i32 0, void @empty_49, i32 0, i32 0, void @empty_49, void @empty_49, void @empty_49, i32 0, i32 0, i32 0, i32 0, void @empty_49, void @empty_49, i32 4294967295, i32 0, i32 0, i32 0"   --->   Operation 63 'specinterface' 'specinterface_ln0' <Predicate = true> <Delay = 0.00>
ST_12 : Operation 64 [1/1] (0.00ns)   --->   "%specbitsmap_ln0 = specbitsmap void @_ssdm_op_SpecBitsMap, i16 %K11"   --->   Operation 64 'specbitsmap' 'specbitsmap_ln0' <Predicate = true> <Delay = 0.00>
ST_12 : Operation 65 [1/1] (0.00ns)   --->   "%specinterface_ln0 = specinterface void @_ssdm_op_SpecInterface, i16 %K11, void @empty_50, i32 4294967295, i32 4294967295, void @empty_49, i32 0, i32 0, void @empty_51, void @empty_6, void @empty_49, i32 0, i32 0, i32 0, i32 0, void @empty_49, void @empty_49, i32 4294967295, i32 0, i32 0, i32 0"   --->   Operation 65 'specinterface' 'specinterface_ln0' <Predicate = true> <Delay = 0.00>
ST_12 : Operation 66 [1/1] (0.00ns)   --->   "%specinterface_ln0 = specinterface void @_ssdm_op_SpecInterface, i16 %K11, void @empty_53, i32 0, i32 0, void @empty_49, i32 0, i32 0, void @empty_49, void @empty_49, void @empty_49, i32 0, i32 0, i32 0, i32 0, void @empty_49, void @empty_49, i32 4294967295, i32 0, i32 0, i32 0"   --->   Operation 66 'specinterface' 'specinterface_ln0' <Predicate = true> <Delay = 0.00>
ST_12 : Operation 67 [1/1] (0.00ns)   --->   "%specbitsmap_ln0 = specbitsmap void @_ssdm_op_SpecBitsMap, i16 %K12"   --->   Operation 67 'specbitsmap' 'specbitsmap_ln0' <Predicate = true> <Delay = 0.00>
ST_12 : Operation 68 [1/1] (0.00ns)   --->   "%specinterface_ln0 = specinterface void @_ssdm_op_SpecInterface, i16 %K12, void @empty_50, i32 4294967295, i32 4294967295, void @empty_49, i32 0, i32 0, void @empty_51, void @empty_7, void @empty_49, i32 0, i32 0, i32 0, i32 0, void @empty_49, void @empty_49, i32 4294967295, i32 0, i32 0, i32 0"   --->   Operation 68 'specinterface' 'specinterface_ln0' <Predicate = true> <Delay = 0.00>
ST_12 : Operation 69 [1/1] (0.00ns)   --->   "%specinterface_ln0 = specinterface void @_ssdm_op_SpecInterface, i16 %K12, void @empty_53, i32 0, i32 0, void @empty_49, i32 0, i32 0, void @empty_49, void @empty_49, void @empty_49, i32 0, i32 0, i32 0, i32 0, void @empty_49, void @empty_49, i32 4294967295, i32 0, i32 0, i32 0"   --->   Operation 69 'specinterface' 'specinterface_ln0' <Predicate = true> <Delay = 0.00>
ST_12 : Operation 70 [1/1] (0.00ns)   --->   "%specbitsmap_ln0 = specbitsmap void @_ssdm_op_SpecBitsMap, i16 %K13"   --->   Operation 70 'specbitsmap' 'specbitsmap_ln0' <Predicate = true> <Delay = 0.00>
ST_12 : Operation 71 [1/1] (0.00ns)   --->   "%specinterface_ln0 = specinterface void @_ssdm_op_SpecInterface, i16 %K13, void @empty_50, i32 4294967295, i32 4294967295, void @empty_49, i32 0, i32 0, void @empty_51, void @empty_47, void @empty_49, i32 0, i32 0, i32 0, i32 0, void @empty_49, void @empty_49, i32 4294967295, i32 0, i32 0, i32 0"   --->   Operation 71 'specinterface' 'specinterface_ln0' <Predicate = true> <Delay = 0.00>
ST_12 : Operation 72 [1/1] (0.00ns)   --->   "%specinterface_ln0 = specinterface void @_ssdm_op_SpecInterface, i16 %K13, void @empty_53, i32 0, i32 0, void @empty_49, i32 0, i32 0, void @empty_49, void @empty_49, void @empty_49, i32 0, i32 0, i32 0, i32 0, void @empty_49, void @empty_49, i32 4294967295, i32 0, i32 0, i32 0"   --->   Operation 72 'specinterface' 'specinterface_ln0' <Predicate = true> <Delay = 0.00>
ST_12 : Operation 73 [1/1] (0.00ns)   --->   "%specbitsmap_ln0 = specbitsmap void @_ssdm_op_SpecBitsMap, i16 %K21"   --->   Operation 73 'specbitsmap' 'specbitsmap_ln0' <Predicate = true> <Delay = 0.00>
ST_12 : Operation 74 [1/1] (0.00ns)   --->   "%specinterface_ln0 = specinterface void @_ssdm_op_SpecInterface, i16 %K21, void @empty_50, i32 4294967295, i32 4294967295, void @empty_49, i32 0, i32 0, void @empty_51, void @empty_9, void @empty_49, i32 0, i32 0, i32 0, i32 0, void @empty_49, void @empty_49, i32 4294967295, i32 0, i32 0, i32 0"   --->   Operation 74 'specinterface' 'specinterface_ln0' <Predicate = true> <Delay = 0.00>
ST_12 : Operation 75 [1/1] (0.00ns)   --->   "%specinterface_ln0 = specinterface void @_ssdm_op_SpecInterface, i16 %K21, void @empty_53, i32 0, i32 0, void @empty_49, i32 0, i32 0, void @empty_49, void @empty_49, void @empty_49, i32 0, i32 0, i32 0, i32 0, void @empty_49, void @empty_49, i32 4294967295, i32 0, i32 0, i32 0"   --->   Operation 75 'specinterface' 'specinterface_ln0' <Predicate = true> <Delay = 0.00>
ST_12 : Operation 76 [1/1] (0.00ns)   --->   "%specbitsmap_ln0 = specbitsmap void @_ssdm_op_SpecBitsMap, i16 %K22"   --->   Operation 76 'specbitsmap' 'specbitsmap_ln0' <Predicate = true> <Delay = 0.00>
ST_12 : Operation 77 [1/1] (0.00ns)   --->   "%specinterface_ln0 = specinterface void @_ssdm_op_SpecInterface, i16 %K22, void @empty_50, i32 4294967295, i32 4294967295, void @empty_49, i32 0, i32 0, void @empty_51, void @empty_10, void @empty_49, i32 0, i32 0, i32 0, i32 0, void @empty_49, void @empty_49, i32 4294967295, i32 0, i32 0, i32 0"   --->   Operation 77 'specinterface' 'specinterface_ln0' <Predicate = true> <Delay = 0.00>
ST_12 : Operation 78 [1/1] (0.00ns)   --->   "%specinterface_ln0 = specinterface void @_ssdm_op_SpecInterface, i16 %K22, void @empty_53, i32 0, i32 0, void @empty_49, i32 0, i32 0, void @empty_49, void @empty_49, void @empty_49, i32 0, i32 0, i32 0, i32 0, void @empty_49, void @empty_49, i32 4294967295, i32 0, i32 0, i32 0"   --->   Operation 78 'specinterface' 'specinterface_ln0' <Predicate = true> <Delay = 0.00>
ST_12 : Operation 79 [1/1] (0.00ns)   --->   "%specbitsmap_ln0 = specbitsmap void @_ssdm_op_SpecBitsMap, i16 %K23"   --->   Operation 79 'specbitsmap' 'specbitsmap_ln0' <Predicate = true> <Delay = 0.00>
ST_12 : Operation 80 [1/1] (0.00ns)   --->   "%specinterface_ln0 = specinterface void @_ssdm_op_SpecInterface, i16 %K23, void @empty_50, i32 4294967295, i32 4294967295, void @empty_49, i32 0, i32 0, void @empty_51, void @empty_11, void @empty_49, i32 0, i32 0, i32 0, i32 0, void @empty_49, void @empty_49, i32 4294967295, i32 0, i32 0, i32 0"   --->   Operation 80 'specinterface' 'specinterface_ln0' <Predicate = true> <Delay = 0.00>
ST_12 : Operation 81 [1/1] (0.00ns)   --->   "%specinterface_ln0 = specinterface void @_ssdm_op_SpecInterface, i16 %K23, void @empty_53, i32 0, i32 0, void @empty_49, i32 0, i32 0, void @empty_49, void @empty_49, void @empty_49, i32 0, i32 0, i32 0, i32 0, void @empty_49, void @empty_49, i32 4294967295, i32 0, i32 0, i32 0"   --->   Operation 81 'specinterface' 'specinterface_ln0' <Predicate = true> <Delay = 0.00>
ST_12 : Operation 82 [1/1] (0.00ns)   --->   "%specbitsmap_ln0 = specbitsmap void @_ssdm_op_SpecBitsMap, i16 %K31"   --->   Operation 82 'specbitsmap' 'specbitsmap_ln0' <Predicate = true> <Delay = 0.00>
ST_12 : Operation 83 [1/1] (0.00ns)   --->   "%specinterface_ln0 = specinterface void @_ssdm_op_SpecInterface, i16 %K31, void @empty_50, i32 4294967295, i32 4294967295, void @empty_49, i32 0, i32 0, void @empty_51, void @empty_12, void @empty_49, i32 0, i32 0, i32 0, i32 0, void @empty_49, void @empty_49, i32 4294967295, i32 0, i32 0, i32 0"   --->   Operation 83 'specinterface' 'specinterface_ln0' <Predicate = true> <Delay = 0.00>
ST_12 : Operation 84 [1/1] (0.00ns)   --->   "%specinterface_ln0 = specinterface void @_ssdm_op_SpecInterface, i16 %K31, void @empty_53, i32 0, i32 0, void @empty_49, i32 0, i32 0, void @empty_49, void @empty_49, void @empty_49, i32 0, i32 0, i32 0, i32 0, void @empty_49, void @empty_49, i32 4294967295, i32 0, i32 0, i32 0"   --->   Operation 84 'specinterface' 'specinterface_ln0' <Predicate = true> <Delay = 0.00>
ST_12 : Operation 85 [1/1] (0.00ns)   --->   "%specbitsmap_ln0 = specbitsmap void @_ssdm_op_SpecBitsMap, i16 %K32"   --->   Operation 85 'specbitsmap' 'specbitsmap_ln0' <Predicate = true> <Delay = 0.00>
ST_12 : Operation 86 [1/1] (0.00ns)   --->   "%specinterface_ln0 = specinterface void @_ssdm_op_SpecInterface, i16 %K32, void @empty_50, i32 4294967295, i32 4294967295, void @empty_49, i32 0, i32 0, void @empty_51, void @empty_13, void @empty_49, i32 0, i32 0, i32 0, i32 0, void @empty_49, void @empty_49, i32 4294967295, i32 0, i32 0, i32 0"   --->   Operation 86 'specinterface' 'specinterface_ln0' <Predicate = true> <Delay = 0.00>
ST_12 : Operation 87 [1/1] (0.00ns)   --->   "%specinterface_ln0 = specinterface void @_ssdm_op_SpecInterface, i16 %K32, void @empty_53, i32 0, i32 0, void @empty_49, i32 0, i32 0, void @empty_49, void @empty_49, void @empty_49, i32 0, i32 0, i32 0, i32 0, void @empty_49, void @empty_49, i32 4294967295, i32 0, i32 0, i32 0"   --->   Operation 87 'specinterface' 'specinterface_ln0' <Predicate = true> <Delay = 0.00>
ST_12 : Operation 88 [1/1] (0.00ns)   --->   "%specbitsmap_ln0 = specbitsmap void @_ssdm_op_SpecBitsMap, i16 %K33"   --->   Operation 88 'specbitsmap' 'specbitsmap_ln0' <Predicate = true> <Delay = 0.00>
ST_12 : Operation 89 [1/1] (0.00ns)   --->   "%specinterface_ln0 = specinterface void @_ssdm_op_SpecInterface, i16 %K33, void @empty_50, i32 4294967295, i32 4294967295, void @empty_49, i32 0, i32 0, void @empty_51, void @empty_14, void @empty_49, i32 0, i32 0, i32 0, i32 0, void @empty_49, void @empty_49, i32 4294967295, i32 0, i32 0, i32 0"   --->   Operation 89 'specinterface' 'specinterface_ln0' <Predicate = true> <Delay = 0.00>
ST_12 : Operation 90 [1/1] (0.00ns)   --->   "%specinterface_ln0 = specinterface void @_ssdm_op_SpecInterface, i16 %K33, void @empty_53, i32 0, i32 0, void @empty_49, i32 0, i32 0, void @empty_49, void @empty_49, void @empty_49, i32 0, i32 0, i32 0, i32 0, void @empty_49, void @empty_49, i32 4294967295, i32 0, i32 0, i32 0"   --->   Operation 90 'specinterface' 'specinterface_ln0' <Predicate = true> <Delay = 0.00>
ST_12 : Operation 91 [1/1] (0.00ns)   --->   "%specbitsmap_ln0 = specbitsmap void @_ssdm_op_SpecBitsMap, i10 %ROffset"   --->   Operation 91 'specbitsmap' 'specbitsmap_ln0' <Predicate = true> <Delay = 0.00>
ST_12 : Operation 92 [1/1] (0.00ns)   --->   "%specinterface_ln0 = specinterface void @_ssdm_op_SpecInterface, i10 %ROffset, void @empty_50, i32 4294967295, i32 4294967295, void @empty_49, i32 0, i32 0, void @empty_51, void @empty_15, void @empty_49, i32 0, i32 0, i32 0, i32 0, void @empty_49, void @empty_49, i32 4294967295, i32 0, i32 0, i32 0"   --->   Operation 92 'specinterface' 'specinterface_ln0' <Predicate = true> <Delay = 0.00>
ST_12 : Operation 93 [1/1] (0.00ns)   --->   "%specinterface_ln0 = specinterface void @_ssdm_op_SpecInterface, i10 %ROffset, void @empty_53, i32 0, i32 0, void @empty_49, i32 0, i32 0, void @empty_49, void @empty_49, void @empty_49, i32 0, i32 0, i32 0, i32 0, void @empty_49, void @empty_49, i32 4294967295, i32 0, i32 0, i32 0"   --->   Operation 93 'specinterface' 'specinterface_ln0' <Predicate = true> <Delay = 0.00>
ST_12 : Operation 94 [1/1] (0.00ns)   --->   "%specbitsmap_ln0 = specbitsmap void @_ssdm_op_SpecBitsMap, i10 %GOffset"   --->   Operation 94 'specbitsmap' 'specbitsmap_ln0' <Predicate = true> <Delay = 0.00>
ST_12 : Operation 95 [1/1] (0.00ns)   --->   "%specinterface_ln0 = specinterface void @_ssdm_op_SpecInterface, i10 %GOffset, void @empty_50, i32 4294967295, i32 4294967295, void @empty_49, i32 0, i32 0, void @empty_51, void @empty_16, void @empty_49, i32 0, i32 0, i32 0, i32 0, void @empty_49, void @empty_49, i32 4294967295, i32 0, i32 0, i32 0"   --->   Operation 95 'specinterface' 'specinterface_ln0' <Predicate = true> <Delay = 0.00>
ST_12 : Operation 96 [1/1] (0.00ns)   --->   "%specinterface_ln0 = specinterface void @_ssdm_op_SpecInterface, i10 %GOffset, void @empty_53, i32 0, i32 0, void @empty_49, i32 0, i32 0, void @empty_49, void @empty_49, void @empty_49, i32 0, i32 0, i32 0, i32 0, void @empty_49, void @empty_49, i32 4294967295, i32 0, i32 0, i32 0"   --->   Operation 96 'specinterface' 'specinterface_ln0' <Predicate = true> <Delay = 0.00>
ST_12 : Operation 97 [1/1] (0.00ns)   --->   "%specbitsmap_ln0 = specbitsmap void @_ssdm_op_SpecBitsMap, i10 %BOffset"   --->   Operation 97 'specbitsmap' 'specbitsmap_ln0' <Predicate = true> <Delay = 0.00>
ST_12 : Operation 98 [1/1] (0.00ns)   --->   "%specinterface_ln0 = specinterface void @_ssdm_op_SpecInterface, i10 %BOffset, void @empty_50, i32 4294967295, i32 4294967295, void @empty_49, i32 0, i32 0, void @empty_51, void @empty_17, void @empty_49, i32 0, i32 0, i32 0, i32 0, void @empty_49, void @empty_49, i32 4294967295, i32 0, i32 0, i32 0"   --->   Operation 98 'specinterface' 'specinterface_ln0' <Predicate = true> <Delay = 0.00>
ST_12 : Operation 99 [1/1] (0.00ns)   --->   "%specinterface_ln0 = specinterface void @_ssdm_op_SpecInterface, i10 %BOffset, void @empty_53, i32 0, i32 0, void @empty_49, i32 0, i32 0, void @empty_49, void @empty_49, void @empty_49, i32 0, i32 0, i32 0, i32 0, void @empty_49, void @empty_49, i32 4294967295, i32 0, i32 0, i32 0"   --->   Operation 99 'specinterface' 'specinterface_ln0' <Predicate = true> <Delay = 0.00>
ST_12 : Operation 100 [1/1] (0.00ns)   --->   "%specbitsmap_ln0 = specbitsmap void @_ssdm_op_SpecBitsMap, i8 %ClampMin"   --->   Operation 100 'specbitsmap' 'specbitsmap_ln0' <Predicate = true> <Delay = 0.00>
ST_12 : Operation 101 [1/1] (0.00ns)   --->   "%specinterface_ln0 = specinterface void @_ssdm_op_SpecInterface, i8 %ClampMin, void @empty_50, i32 4294967295, i32 4294967295, void @empty_49, i32 0, i32 0, void @empty_51, void @empty_18, void @empty_49, i32 0, i32 0, i32 0, i32 0, void @empty_49, void @empty_49, i32 4294967295, i32 0, i32 0, i32 0"   --->   Operation 101 'specinterface' 'specinterface_ln0' <Predicate = true> <Delay = 0.00>
ST_12 : Operation 102 [1/1] (0.00ns)   --->   "%specinterface_ln0 = specinterface void @_ssdm_op_SpecInterface, i8 %ClampMin, void @empty_53, i32 0, i32 0, void @empty_49, i32 0, i32 0, void @empty_49, void @empty_49, void @empty_49, i32 0, i32 0, i32 0, i32 0, void @empty_49, void @empty_49, i32 4294967295, i32 0, i32 0, i32 0"   --->   Operation 102 'specinterface' 'specinterface_ln0' <Predicate = true> <Delay = 0.00>
ST_12 : Operation 103 [1/1] (0.00ns)   --->   "%specbitsmap_ln0 = specbitsmap void @_ssdm_op_SpecBitsMap, i8 %ClipMax"   --->   Operation 103 'specbitsmap' 'specbitsmap_ln0' <Predicate = true> <Delay = 0.00>
ST_12 : Operation 104 [1/1] (0.00ns)   --->   "%specinterface_ln0 = specinterface void @_ssdm_op_SpecInterface, i8 %ClipMax, void @empty_50, i32 4294967295, i32 4294967295, void @empty_49, i32 0, i32 0, void @empty_51, void @empty_19, void @empty_49, i32 0, i32 0, i32 0, i32 0, void @empty_49, void @empty_49, i32 4294967295, i32 0, i32 0, i32 0"   --->   Operation 104 'specinterface' 'specinterface_ln0' <Predicate = true> <Delay = 0.00>
ST_12 : Operation 105 [1/1] (0.00ns)   --->   "%specinterface_ln0 = specinterface void @_ssdm_op_SpecInterface, i8 %ClipMax, void @empty_53, i32 0, i32 0, void @empty_49, i32 0, i32 0, void @empty_49, void @empty_49, void @empty_49, i32 0, i32 0, i32 0, i32 0, void @empty_49, void @empty_49, i32 4294967295, i32 0, i32 0, i32 0"   --->   Operation 105 'specinterface' 'specinterface_ln0' <Predicate = true> <Delay = 0.00>
ST_12 : Operation 106 [1/1] (0.00ns)   --->   "%specbitsmap_ln0 = specbitsmap void @_ssdm_op_SpecBitsMap, i16 %K11_2"   --->   Operation 106 'specbitsmap' 'specbitsmap_ln0' <Predicate = true> <Delay = 0.00>
ST_12 : Operation 107 [1/1] (0.00ns)   --->   "%specinterface_ln0 = specinterface void @_ssdm_op_SpecInterface, i16 %K11_2, void @empty_50, i32 4294967295, i32 4294967295, void @empty_49, i32 0, i32 0, void @empty_51, void @empty_20, void @empty_49, i32 0, i32 0, i32 0, i32 0, void @empty_49, void @empty_49, i32 4294967295, i32 0, i32 0, i32 0"   --->   Operation 107 'specinterface' 'specinterface_ln0' <Predicate = true> <Delay = 0.00>
ST_12 : Operation 108 [1/1] (0.00ns)   --->   "%specinterface_ln0 = specinterface void @_ssdm_op_SpecInterface, i16 %K11_2, void @empty_53, i32 0, i32 0, void @empty_49, i32 0, i32 0, void @empty_49, void @empty_49, void @empty_49, i32 0, i32 0, i32 0, i32 0, void @empty_49, void @empty_49, i32 4294967295, i32 0, i32 0, i32 0"   --->   Operation 108 'specinterface' 'specinterface_ln0' <Predicate = true> <Delay = 0.00>
ST_12 : Operation 109 [1/1] (0.00ns)   --->   "%specbitsmap_ln0 = specbitsmap void @_ssdm_op_SpecBitsMap, i16 %K12_2"   --->   Operation 109 'specbitsmap' 'specbitsmap_ln0' <Predicate = true> <Delay = 0.00>
ST_12 : Operation 110 [1/1] (0.00ns)   --->   "%specinterface_ln0 = specinterface void @_ssdm_op_SpecInterface, i16 %K12_2, void @empty_50, i32 4294967295, i32 4294967295, void @empty_49, i32 0, i32 0, void @empty_51, void @empty_21, void @empty_49, i32 0, i32 0, i32 0, i32 0, void @empty_49, void @empty_49, i32 4294967295, i32 0, i32 0, i32 0"   --->   Operation 110 'specinterface' 'specinterface_ln0' <Predicate = true> <Delay = 0.00>
ST_12 : Operation 111 [1/1] (0.00ns)   --->   "%specinterface_ln0 = specinterface void @_ssdm_op_SpecInterface, i16 %K12_2, void @empty_53, i32 0, i32 0, void @empty_49, i32 0, i32 0, void @empty_49, void @empty_49, void @empty_49, i32 0, i32 0, i32 0, i32 0, void @empty_49, void @empty_49, i32 4294967295, i32 0, i32 0, i32 0"   --->   Operation 111 'specinterface' 'specinterface_ln0' <Predicate = true> <Delay = 0.00>
ST_12 : Operation 112 [1/1] (0.00ns)   --->   "%specbitsmap_ln0 = specbitsmap void @_ssdm_op_SpecBitsMap, i16 %K13_2"   --->   Operation 112 'specbitsmap' 'specbitsmap_ln0' <Predicate = true> <Delay = 0.00>
ST_12 : Operation 113 [1/1] (0.00ns)   --->   "%specinterface_ln0 = specinterface void @_ssdm_op_SpecInterface, i16 %K13_2, void @empty_50, i32 4294967295, i32 4294967295, void @empty_49, i32 0, i32 0, void @empty_51, void @empty_22, void @empty_49, i32 0, i32 0, i32 0, i32 0, void @empty_49, void @empty_49, i32 4294967295, i32 0, i32 0, i32 0"   --->   Operation 113 'specinterface' 'specinterface_ln0' <Predicate = true> <Delay = 0.00>
ST_12 : Operation 114 [1/1] (0.00ns)   --->   "%specinterface_ln0 = specinterface void @_ssdm_op_SpecInterface, i16 %K13_2, void @empty_53, i32 0, i32 0, void @empty_49, i32 0, i32 0, void @empty_49, void @empty_49, void @empty_49, i32 0, i32 0, i32 0, i32 0, void @empty_49, void @empty_49, i32 4294967295, i32 0, i32 0, i32 0"   --->   Operation 114 'specinterface' 'specinterface_ln0' <Predicate = true> <Delay = 0.00>
ST_12 : Operation 115 [1/1] (0.00ns)   --->   "%specbitsmap_ln0 = specbitsmap void @_ssdm_op_SpecBitsMap, i16 %K21_2"   --->   Operation 115 'specbitsmap' 'specbitsmap_ln0' <Predicate = true> <Delay = 0.00>
ST_12 : Operation 116 [1/1] (0.00ns)   --->   "%specinterface_ln0 = specinterface void @_ssdm_op_SpecInterface, i16 %K21_2, void @empty_50, i32 4294967295, i32 4294967295, void @empty_49, i32 0, i32 0, void @empty_51, void @empty_23, void @empty_49, i32 0, i32 0, i32 0, i32 0, void @empty_49, void @empty_49, i32 4294967295, i32 0, i32 0, i32 0"   --->   Operation 116 'specinterface' 'specinterface_ln0' <Predicate = true> <Delay = 0.00>
ST_12 : Operation 117 [1/1] (0.00ns)   --->   "%specinterface_ln0 = specinterface void @_ssdm_op_SpecInterface, i16 %K21_2, void @empty_53, i32 0, i32 0, void @empty_49, i32 0, i32 0, void @empty_49, void @empty_49, void @empty_49, i32 0, i32 0, i32 0, i32 0, void @empty_49, void @empty_49, i32 4294967295, i32 0, i32 0, i32 0"   --->   Operation 117 'specinterface' 'specinterface_ln0' <Predicate = true> <Delay = 0.00>
ST_12 : Operation 118 [1/1] (0.00ns)   --->   "%specbitsmap_ln0 = specbitsmap void @_ssdm_op_SpecBitsMap, i16 %K22_2"   --->   Operation 118 'specbitsmap' 'specbitsmap_ln0' <Predicate = true> <Delay = 0.00>
ST_12 : Operation 119 [1/1] (0.00ns)   --->   "%specinterface_ln0 = specinterface void @_ssdm_op_SpecInterface, i16 %K22_2, void @empty_50, i32 4294967295, i32 4294967295, void @empty_49, i32 0, i32 0, void @empty_51, void @empty_24, void @empty_49, i32 0, i32 0, i32 0, i32 0, void @empty_49, void @empty_49, i32 4294967295, i32 0, i32 0, i32 0"   --->   Operation 119 'specinterface' 'specinterface_ln0' <Predicate = true> <Delay = 0.00>
ST_12 : Operation 120 [1/1] (0.00ns)   --->   "%specinterface_ln0 = specinterface void @_ssdm_op_SpecInterface, i16 %K22_2, void @empty_53, i32 0, i32 0, void @empty_49, i32 0, i32 0, void @empty_49, void @empty_49, void @empty_49, i32 0, i32 0, i32 0, i32 0, void @empty_49, void @empty_49, i32 4294967295, i32 0, i32 0, i32 0"   --->   Operation 120 'specinterface' 'specinterface_ln0' <Predicate = true> <Delay = 0.00>
ST_12 : Operation 121 [1/1] (0.00ns)   --->   "%specbitsmap_ln0 = specbitsmap void @_ssdm_op_SpecBitsMap, i16 %K23_2"   --->   Operation 121 'specbitsmap' 'specbitsmap_ln0' <Predicate = true> <Delay = 0.00>
ST_12 : Operation 122 [1/1] (0.00ns)   --->   "%specinterface_ln0 = specinterface void @_ssdm_op_SpecInterface, i16 %K23_2, void @empty_50, i32 4294967295, i32 4294967295, void @empty_49, i32 0, i32 0, void @empty_51, void @empty_25, void @empty_49, i32 0, i32 0, i32 0, i32 0, void @empty_49, void @empty_49, i32 4294967295, i32 0, i32 0, i32 0"   --->   Operation 122 'specinterface' 'specinterface_ln0' <Predicate = true> <Delay = 0.00>
ST_12 : Operation 123 [1/1] (0.00ns)   --->   "%specinterface_ln0 = specinterface void @_ssdm_op_SpecInterface, i16 %K23_2, void @empty_53, i32 0, i32 0, void @empty_49, i32 0, i32 0, void @empty_49, void @empty_49, void @empty_49, i32 0, i32 0, i32 0, i32 0, void @empty_49, void @empty_49, i32 4294967295, i32 0, i32 0, i32 0"   --->   Operation 123 'specinterface' 'specinterface_ln0' <Predicate = true> <Delay = 0.00>
ST_12 : Operation 124 [1/1] (0.00ns)   --->   "%specbitsmap_ln0 = specbitsmap void @_ssdm_op_SpecBitsMap, i16 %K31_2"   --->   Operation 124 'specbitsmap' 'specbitsmap_ln0' <Predicate = true> <Delay = 0.00>
ST_12 : Operation 125 [1/1] (0.00ns)   --->   "%specinterface_ln0 = specinterface void @_ssdm_op_SpecInterface, i16 %K31_2, void @empty_50, i32 4294967295, i32 4294967295, void @empty_49, i32 0, i32 0, void @empty_51, void @empty_26, void @empty_49, i32 0, i32 0, i32 0, i32 0, void @empty_49, void @empty_49, i32 4294967295, i32 0, i32 0, i32 0"   --->   Operation 125 'specinterface' 'specinterface_ln0' <Predicate = true> <Delay = 0.00>
ST_12 : Operation 126 [1/1] (0.00ns)   --->   "%specinterface_ln0 = specinterface void @_ssdm_op_SpecInterface, i16 %K31_2, void @empty_53, i32 0, i32 0, void @empty_49, i32 0, i32 0, void @empty_49, void @empty_49, void @empty_49, i32 0, i32 0, i32 0, i32 0, void @empty_49, void @empty_49, i32 4294967295, i32 0, i32 0, i32 0"   --->   Operation 126 'specinterface' 'specinterface_ln0' <Predicate = true> <Delay = 0.00>
ST_12 : Operation 127 [1/1] (0.00ns)   --->   "%specbitsmap_ln0 = specbitsmap void @_ssdm_op_SpecBitsMap, i16 %K32_2"   --->   Operation 127 'specbitsmap' 'specbitsmap_ln0' <Predicate = true> <Delay = 0.00>
ST_12 : Operation 128 [1/1] (0.00ns)   --->   "%specinterface_ln0 = specinterface void @_ssdm_op_SpecInterface, i16 %K32_2, void @empty_50, i32 4294967295, i32 4294967295, void @empty_49, i32 0, i32 0, void @empty_51, void @empty_27, void @empty_49, i32 0, i32 0, i32 0, i32 0, void @empty_49, void @empty_49, i32 4294967295, i32 0, i32 0, i32 0"   --->   Operation 128 'specinterface' 'specinterface_ln0' <Predicate = true> <Delay = 0.00>
ST_12 : Operation 129 [1/1] (0.00ns)   --->   "%specinterface_ln0 = specinterface void @_ssdm_op_SpecInterface, i16 %K32_2, void @empty_53, i32 0, i32 0, void @empty_49, i32 0, i32 0, void @empty_49, void @empty_49, void @empty_49, i32 0, i32 0, i32 0, i32 0, void @empty_49, void @empty_49, i32 4294967295, i32 0, i32 0, i32 0"   --->   Operation 129 'specinterface' 'specinterface_ln0' <Predicate = true> <Delay = 0.00>
ST_12 : Operation 130 [1/1] (0.00ns)   --->   "%specbitsmap_ln0 = specbitsmap void @_ssdm_op_SpecBitsMap, i16 %K33_2"   --->   Operation 130 'specbitsmap' 'specbitsmap_ln0' <Predicate = true> <Delay = 0.00>
ST_12 : Operation 131 [1/1] (0.00ns)   --->   "%specinterface_ln0 = specinterface void @_ssdm_op_SpecInterface, i16 %K33_2, void @empty_50, i32 4294967295, i32 4294967295, void @empty_49, i32 0, i32 0, void @empty_51, void @empty_28, void @empty_49, i32 0, i32 0, i32 0, i32 0, void @empty_49, void @empty_49, i32 4294967295, i32 0, i32 0, i32 0"   --->   Operation 131 'specinterface' 'specinterface_ln0' <Predicate = true> <Delay = 0.00>
ST_12 : Operation 132 [1/1] (0.00ns)   --->   "%specinterface_ln0 = specinterface void @_ssdm_op_SpecInterface, i16 %K33_2, void @empty_53, i32 0, i32 0, void @empty_49, i32 0, i32 0, void @empty_49, void @empty_49, void @empty_49, i32 0, i32 0, i32 0, i32 0, void @empty_49, void @empty_49, i32 4294967295, i32 0, i32 0, i32 0"   --->   Operation 132 'specinterface' 'specinterface_ln0' <Predicate = true> <Delay = 0.00>
ST_12 : Operation 133 [1/1] (0.00ns)   --->   "%specbitsmap_ln0 = specbitsmap void @_ssdm_op_SpecBitsMap, i10 %ROffset_2"   --->   Operation 133 'specbitsmap' 'specbitsmap_ln0' <Predicate = true> <Delay = 0.00>
ST_12 : Operation 134 [1/1] (0.00ns)   --->   "%specinterface_ln0 = specinterface void @_ssdm_op_SpecInterface, i10 %ROffset_2, void @empty_50, i32 4294967295, i32 4294967295, void @empty_49, i32 0, i32 0, void @empty_51, void @empty_29, void @empty_49, i32 0, i32 0, i32 0, i32 0, void @empty_49, void @empty_49, i32 4294967295, i32 0, i32 0, i32 0"   --->   Operation 134 'specinterface' 'specinterface_ln0' <Predicate = true> <Delay = 0.00>
ST_12 : Operation 135 [1/1] (0.00ns)   --->   "%specinterface_ln0 = specinterface void @_ssdm_op_SpecInterface, i10 %ROffset_2, void @empty_53, i32 0, i32 0, void @empty_49, i32 0, i32 0, void @empty_49, void @empty_49, void @empty_49, i32 0, i32 0, i32 0, i32 0, void @empty_49, void @empty_49, i32 4294967295, i32 0, i32 0, i32 0"   --->   Operation 135 'specinterface' 'specinterface_ln0' <Predicate = true> <Delay = 0.00>
ST_12 : Operation 136 [1/1] (0.00ns)   --->   "%specbitsmap_ln0 = specbitsmap void @_ssdm_op_SpecBitsMap, i10 %GOffset_2"   --->   Operation 136 'specbitsmap' 'specbitsmap_ln0' <Predicate = true> <Delay = 0.00>
ST_12 : Operation 137 [1/1] (0.00ns)   --->   "%specinterface_ln0 = specinterface void @_ssdm_op_SpecInterface, i10 %GOffset_2, void @empty_50, i32 4294967295, i32 4294967295, void @empty_49, i32 0, i32 0, void @empty_51, void @empty_30, void @empty_49, i32 0, i32 0, i32 0, i32 0, void @empty_49, void @empty_49, i32 4294967295, i32 0, i32 0, i32 0"   --->   Operation 137 'specinterface' 'specinterface_ln0' <Predicate = true> <Delay = 0.00>
ST_12 : Operation 138 [1/1] (0.00ns)   --->   "%specinterface_ln0 = specinterface void @_ssdm_op_SpecInterface, i10 %GOffset_2, void @empty_53, i32 0, i32 0, void @empty_49, i32 0, i32 0, void @empty_49, void @empty_49, void @empty_49, i32 0, i32 0, i32 0, i32 0, void @empty_49, void @empty_49, i32 4294967295, i32 0, i32 0, i32 0"   --->   Operation 138 'specinterface' 'specinterface_ln0' <Predicate = true> <Delay = 0.00>
ST_12 : Operation 139 [1/1] (0.00ns)   --->   "%specbitsmap_ln0 = specbitsmap void @_ssdm_op_SpecBitsMap, i10 %BOffset_2"   --->   Operation 139 'specbitsmap' 'specbitsmap_ln0' <Predicate = true> <Delay = 0.00>
ST_12 : Operation 140 [1/1] (0.00ns)   --->   "%specinterface_ln0 = specinterface void @_ssdm_op_SpecInterface, i10 %BOffset_2, void @empty_50, i32 4294967295, i32 4294967295, void @empty_49, i32 0, i32 0, void @empty_51, void @empty_31, void @empty_49, i32 0, i32 0, i32 0, i32 0, void @empty_49, void @empty_49, i32 4294967295, i32 0, i32 0, i32 0"   --->   Operation 140 'specinterface' 'specinterface_ln0' <Predicate = true> <Delay = 0.00>
ST_12 : Operation 141 [1/1] (0.00ns)   --->   "%specinterface_ln0 = specinterface void @_ssdm_op_SpecInterface, i10 %BOffset_2, void @empty_53, i32 0, i32 0, void @empty_49, i32 0, i32 0, void @empty_49, void @empty_49, void @empty_49, i32 0, i32 0, i32 0, i32 0, void @empty_49, void @empty_49, i32 4294967295, i32 0, i32 0, i32 0"   --->   Operation 141 'specinterface' 'specinterface_ln0' <Predicate = true> <Delay = 0.00>
ST_12 : Operation 142 [1/1] (0.00ns)   --->   "%specbitsmap_ln0 = specbitsmap void @_ssdm_op_SpecBitsMap, i8 %ClampMin_2"   --->   Operation 142 'specbitsmap' 'specbitsmap_ln0' <Predicate = true> <Delay = 0.00>
ST_12 : Operation 143 [1/1] (0.00ns)   --->   "%specinterface_ln0 = specinterface void @_ssdm_op_SpecInterface, i8 %ClampMin_2, void @empty_50, i32 4294967295, i32 4294967295, void @empty_49, i32 0, i32 0, void @empty_51, void @empty_32, void @empty_49, i32 0, i32 0, i32 0, i32 0, void @empty_49, void @empty_49, i32 4294967295, i32 0, i32 0, i32 0"   --->   Operation 143 'specinterface' 'specinterface_ln0' <Predicate = true> <Delay = 0.00>
ST_12 : Operation 144 [1/1] (0.00ns)   --->   "%specinterface_ln0 = specinterface void @_ssdm_op_SpecInterface, i8 %ClampMin_2, void @empty_53, i32 0, i32 0, void @empty_49, i32 0, i32 0, void @empty_49, void @empty_49, void @empty_49, i32 0, i32 0, i32 0, i32 0, void @empty_49, void @empty_49, i32 4294967295, i32 0, i32 0, i32 0"   --->   Operation 144 'specinterface' 'specinterface_ln0' <Predicate = true> <Delay = 0.00>
ST_12 : Operation 145 [1/1] (0.00ns)   --->   "%specbitsmap_ln0 = specbitsmap void @_ssdm_op_SpecBitsMap, i8 %ClipMax_2"   --->   Operation 145 'specbitsmap' 'specbitsmap_ln0' <Predicate = true> <Delay = 0.00>
ST_12 : Operation 146 [1/1] (0.00ns)   --->   "%specinterface_ln0 = specinterface void @_ssdm_op_SpecInterface, i8 %ClipMax_2, void @empty_50, i32 4294967295, i32 4294967295, void @empty_49, i32 0, i32 0, void @empty_51, void @empty_33, void @empty_49, i32 0, i32 0, i32 0, i32 0, void @empty_49, void @empty_49, i32 4294967295, i32 0, i32 0, i32 0"   --->   Operation 146 'specinterface' 'specinterface_ln0' <Predicate = true> <Delay = 0.00>
ST_12 : Operation 147 [1/1] (0.00ns)   --->   "%specinterface_ln0 = specinterface void @_ssdm_op_SpecInterface, i8 %ClipMax_2, void @empty_53, i32 0, i32 0, void @empty_49, i32 0, i32 0, void @empty_49, void @empty_49, void @empty_49, i32 0, i32 0, i32 0, i32 0, void @empty_49, void @empty_49, i32 4294967295, i32 0, i32 0, i32 0"   --->   Operation 147 'specinterface' 'specinterface_ln0' <Predicate = true> <Delay = 0.00>
ST_12 : Operation 148 [1/1] (0.00ns)   --->   "%specinterface_ln0 = specinterface void @_ssdm_op_SpecInterface, i48 %m_axis_video_V_data_V, i6 %m_axis_video_V_keep_V, i6 %m_axis_video_V_strb_V, i1 %m_axis_video_V_user_V, i1 %m_axis_video_V_last_V, i1 %m_axis_video_V_id_V, i1 %m_axis_video_V_dest_V, void @empty_8, i32 1, i32 1, void @empty_48, i32 0, i32 0, void @empty_49, void @empty_49, void @empty_49, i32 0, i32 0, i32 0, i32 0, void @empty_49, void @empty_49, i32 4294967295, i32 0, i32 0, i32 0"   --->   Operation 148 'specinterface' 'specinterface_ln0' <Predicate = true> <Delay = 0.00>
ST_12 : Operation 149 [1/1] (0.00ns)   --->   "%specbitsmap_ln0 = specbitsmap void @_ssdm_op_SpecBitsMap, i48 %m_axis_video_V_data_V"   --->   Operation 149 'specbitsmap' 'specbitsmap_ln0' <Predicate = true> <Delay = 0.00>
ST_12 : Operation 150 [1/1] (0.00ns)   --->   "%specbitsmap_ln0 = specbitsmap void @_ssdm_op_SpecBitsMap, i6 %m_axis_video_V_keep_V"   --->   Operation 150 'specbitsmap' 'specbitsmap_ln0' <Predicate = true> <Delay = 0.00>
ST_12 : Operation 151 [1/1] (0.00ns)   --->   "%specbitsmap_ln0 = specbitsmap void @_ssdm_op_SpecBitsMap, i6 %m_axis_video_V_strb_V"   --->   Operation 151 'specbitsmap' 'specbitsmap_ln0' <Predicate = true> <Delay = 0.00>
ST_12 : Operation 152 [1/1] (0.00ns)   --->   "%specbitsmap_ln0 = specbitsmap void @_ssdm_op_SpecBitsMap, i1 %m_axis_video_V_user_V"   --->   Operation 152 'specbitsmap' 'specbitsmap_ln0' <Predicate = true> <Delay = 0.00>
ST_12 : Operation 153 [1/1] (0.00ns)   --->   "%specbitsmap_ln0 = specbitsmap void @_ssdm_op_SpecBitsMap, i1 %m_axis_video_V_last_V"   --->   Operation 153 'specbitsmap' 'specbitsmap_ln0' <Predicate = true> <Delay = 0.00>
ST_12 : Operation 154 [1/1] (0.00ns)   --->   "%specbitsmap_ln0 = specbitsmap void @_ssdm_op_SpecBitsMap, i1 %m_axis_video_V_id_V"   --->   Operation 154 'specbitsmap' 'specbitsmap_ln0' <Predicate = true> <Delay = 0.00>
ST_12 : Operation 155 [1/1] (0.00ns)   --->   "%specbitsmap_ln0 = specbitsmap void @_ssdm_op_SpecBitsMap, i1 %m_axis_video_V_dest_V"   --->   Operation 155 'specbitsmap' 'specbitsmap_ln0' <Predicate = true> <Delay = 0.00>
ST_12 : Operation 156 [1/1] (0.00ns)   --->   "%specinterface_ln0 = specinterface void @_ssdm_op_SpecInterface, i32 0, void @empty_50, i32 0, i32 0, void @empty_49, i32 0, i32 0, void @empty_51, void @empty_49, void @empty_49, i32 0, i32 0, i32 0, i32 0, void @empty_49, void @empty_49, i32 0, i32 0, i32 0, i32 0"   --->   Operation 156 'specinterface' 'specinterface_ln0' <Predicate = true> <Delay = 0.00>
ST_12 : Operation 157 [1/1] (0.00ns)   --->   "%empty = specchannel i32 @_ssdm_op_SpecChannel, void @stream_in_str, i32 1, void @p_str, void @p_str, i32 16, i32 16, i48 %stream_in, i48 %stream_in"   --->   Operation 157 'specchannel' 'empty' <Predicate = true> <Delay = 0.00>
ST_12 : Operation 158 [1/1] (0.00ns)   --->   "%specinterface_ln0 = specinterface void @_ssdm_op_SpecInterface, i48 %stream_in, void @empty_34, i32 0, i32 0, void @empty_49, i32 0, i32 0, void @empty_49, void @empty_49, void @empty_49, i32 0, i32 0, i32 0, i32 0, void @empty_49, void @empty_49, i32 4294967295, i32 0, i32 0, i32 0"   --->   Operation 158 'specinterface' 'specinterface_ln0' <Predicate = true> <Delay = 0.00>
ST_12 : Operation 159 [1/1] (0.00ns)   --->   "%empty_75 = specchannel i32 @_ssdm_op_SpecChannel, void @stream_in_hresampled_str, i32 1, void @p_str, void @p_str, i32 16, i32 16, i48 %stream_in_hresampled, i48 %stream_in_hresampled"   --->   Operation 159 'specchannel' 'empty_75' <Predicate = true> <Delay = 0.00>
ST_12 : Operation 160 [1/1] (0.00ns)   --->   "%specinterface_ln0 = specinterface void @_ssdm_op_SpecInterface, i48 %stream_in_hresampled, void @empty_34, i32 0, i32 0, void @empty_49, i32 0, i32 0, void @empty_49, void @empty_49, void @empty_49, i32 0, i32 0, i32 0, i32 0, void @empty_49, void @empty_49, i32 4294967295, i32 0, i32 0, i32 0"   --->   Operation 160 'specinterface' 'specinterface_ln0' <Predicate = true> <Delay = 0.00>
ST_12 : Operation 161 [1/1] (0.00ns)   --->   "%empty_76 = specchannel i32 @_ssdm_op_SpecChannel, void @stream_out_hresampled_str, i32 1, void @p_str, void @p_str, i32 16, i32 16, i48 %stream_out_hresampled, i48 %stream_out_hresampled"   --->   Operation 161 'specchannel' 'empty_76' <Predicate = true> <Delay = 0.00>
ST_12 : Operation 162 [1/1] (0.00ns)   --->   "%specinterface_ln0 = specinterface void @_ssdm_op_SpecInterface, i48 %stream_out_hresampled, void @empty_34, i32 0, i32 0, void @empty_49, i32 0, i32 0, void @empty_49, void @empty_49, void @empty_49, i32 0, i32 0, i32 0, i32 0, void @empty_49, void @empty_49, i32 4294967295, i32 0, i32 0, i32 0"   --->   Operation 162 'specinterface' 'specinterface_ln0' <Predicate = true> <Delay = 0.00>
ST_12 : Operation 163 [1/1] (0.00ns)   --->   "%empty_77 = specchannel i32 @_ssdm_op_SpecChannel, void @stream_csc_str, i32 1, void @p_str, void @p_str, i32 16, i32 16, i48 %stream_csc, i48 %stream_csc"   --->   Operation 163 'specchannel' 'empty_77' <Predicate = true> <Delay = 0.00>
ST_12 : Operation 164 [1/1] (0.00ns)   --->   "%specinterface_ln0 = specinterface void @_ssdm_op_SpecInterface, i48 %stream_csc, void @empty_34, i32 0, i32 0, void @empty_49, i32 0, i32 0, void @empty_49, void @empty_49, void @empty_49, i32 0, i32 0, i32 0, i32 0, void @empty_49, void @empty_49, i32 4294967295, i32 0, i32 0, i32 0"   --->   Operation 164 'specinterface' 'specinterface_ln0' <Predicate = true> <Delay = 0.00>
ST_12 : Operation 165 [1/1] (0.00ns)   --->   "%specstablecontent_ln286 = specstablecontent void @_ssdm_op_SpecStableContent, i8 %InVideoFormat, i1 1, void " [C:/TFG_Vivado/vivado/axu2cga_trd.runs/bd_197a_csc_0_synth_1/prj/sol/.autopilot/db/v_csc.cpp:286]   --->   Operation 165 'specstablecontent' 'specstablecontent_ln286' <Predicate = true> <Delay = 0.00>
ST_12 : Operation 166 [1/1] (0.00ns)   --->   "%specstablecontent_ln288 = specstablecontent void @_ssdm_op_SpecStableContent, i8 %OutVideoFormat, i1 1, void " [C:/TFG_Vivado/vivado/axu2cga_trd.runs/bd_197a_csc_0_synth_1/prj/sol/.autopilot/db/v_csc.cpp:288]   --->   Operation 166 'specstablecontent' 'specstablecontent_ln288' <Predicate = true> <Delay = 0.00>
ST_12 : Operation 167 [1/1] (0.00ns)   --->   "%specstablecontent_ln290 = specstablecontent void @_ssdm_op_SpecStableContent, i16 %width, i1 1, void " [C:/TFG_Vivado/vivado/axu2cga_trd.runs/bd_197a_csc_0_synth_1/prj/sol/.autopilot/db/v_csc.cpp:290]   --->   Operation 167 'specstablecontent' 'specstablecontent_ln290' <Predicate = true> <Delay = 0.00>
ST_12 : Operation 168 [1/1] (0.00ns)   --->   "%specstablecontent_ln292 = specstablecontent void @_ssdm_op_SpecStableContent, i16 %height, i1 1, void " [C:/TFG_Vivado/vivado/axu2cga_trd.runs/bd_197a_csc_0_synth_1/prj/sol/.autopilot/db/v_csc.cpp:292]   --->   Operation 168 'specstablecontent' 'specstablecontent_ln292' <Predicate = true> <Delay = 0.00>
ST_12 : Operation 169 [1/1] (0.00ns)   --->   "%specstablecontent_ln295 = specstablecontent void @_ssdm_op_SpecStableContent, i16 %ColStart, i1 1, void " [C:/TFG_Vivado/vivado/axu2cga_trd.runs/bd_197a_csc_0_synth_1/prj/sol/.autopilot/db/v_csc.cpp:295]   --->   Operation 169 'specstablecontent' 'specstablecontent_ln295' <Predicate = true> <Delay = 0.00>
ST_12 : Operation 170 [1/1] (0.00ns)   --->   "%specstablecontent_ln297 = specstablecontent void @_ssdm_op_SpecStableContent, i16 %ColEnd, i1 1, void " [C:/TFG_Vivado/vivado/axu2cga_trd.runs/bd_197a_csc_0_synth_1/prj/sol/.autopilot/db/v_csc.cpp:297]   --->   Operation 170 'specstablecontent' 'specstablecontent_ln297' <Predicate = true> <Delay = 0.00>
ST_12 : Operation 171 [1/1] (0.00ns)   --->   "%specstablecontent_ln299 = specstablecontent void @_ssdm_op_SpecStableContent, i16 %RowStart, i1 1, void " [C:/TFG_Vivado/vivado/axu2cga_trd.runs/bd_197a_csc_0_synth_1/prj/sol/.autopilot/db/v_csc.cpp:299]   --->   Operation 171 'specstablecontent' 'specstablecontent_ln299' <Predicate = true> <Delay = 0.00>
ST_12 : Operation 172 [1/1] (0.00ns)   --->   "%specstablecontent_ln301 = specstablecontent void @_ssdm_op_SpecStableContent, i16 %RowEnd, i1 1, void " [C:/TFG_Vivado/vivado/axu2cga_trd.runs/bd_197a_csc_0_synth_1/prj/sol/.autopilot/db/v_csc.cpp:301]   --->   Operation 172 'specstablecontent' 'specstablecontent_ln301' <Predicate = true> <Delay = 0.00>
ST_12 : Operation 173 [1/1] (0.00ns)   --->   "%specstablecontent_ln304 = specstablecontent void @_ssdm_op_SpecStableContent, i16 %K11, i1 1, void " [C:/TFG_Vivado/vivado/axu2cga_trd.runs/bd_197a_csc_0_synth_1/prj/sol/.autopilot/db/v_csc.cpp:304]   --->   Operation 173 'specstablecontent' 'specstablecontent_ln304' <Predicate = true> <Delay = 0.00>
ST_12 : Operation 174 [1/1] (0.00ns)   --->   "%specstablecontent_ln306 = specstablecontent void @_ssdm_op_SpecStableContent, i16 %K12, i1 1, void " [C:/TFG_Vivado/vivado/axu2cga_trd.runs/bd_197a_csc_0_synth_1/prj/sol/.autopilot/db/v_csc.cpp:306]   --->   Operation 174 'specstablecontent' 'specstablecontent_ln306' <Predicate = true> <Delay = 0.00>
ST_12 : Operation 175 [1/1] (0.00ns)   --->   "%specstablecontent_ln308 = specstablecontent void @_ssdm_op_SpecStableContent, i16 %K13, i1 1, void " [C:/TFG_Vivado/vivado/axu2cga_trd.runs/bd_197a_csc_0_synth_1/prj/sol/.autopilot/db/v_csc.cpp:308]   --->   Operation 175 'specstablecontent' 'specstablecontent_ln308' <Predicate = true> <Delay = 0.00>
ST_12 : Operation 176 [1/1] (0.00ns)   --->   "%specstablecontent_ln310 = specstablecontent void @_ssdm_op_SpecStableContent, i16 %K21, i1 1, void " [C:/TFG_Vivado/vivado/axu2cga_trd.runs/bd_197a_csc_0_synth_1/prj/sol/.autopilot/db/v_csc.cpp:310]   --->   Operation 176 'specstablecontent' 'specstablecontent_ln310' <Predicate = true> <Delay = 0.00>
ST_12 : Operation 177 [1/1] (0.00ns)   --->   "%specstablecontent_ln312 = specstablecontent void @_ssdm_op_SpecStableContent, i16 %K22, i1 1, void " [C:/TFG_Vivado/vivado/axu2cga_trd.runs/bd_197a_csc_0_synth_1/prj/sol/.autopilot/db/v_csc.cpp:312]   --->   Operation 177 'specstablecontent' 'specstablecontent_ln312' <Predicate = true> <Delay = 0.00>
ST_12 : Operation 178 [1/1] (0.00ns)   --->   "%specstablecontent_ln314 = specstablecontent void @_ssdm_op_SpecStableContent, i16 %K23, i1 1, void " [C:/TFG_Vivado/vivado/axu2cga_trd.runs/bd_197a_csc_0_synth_1/prj/sol/.autopilot/db/v_csc.cpp:314]   --->   Operation 178 'specstablecontent' 'specstablecontent_ln314' <Predicate = true> <Delay = 0.00>
ST_12 : Operation 179 [1/1] (0.00ns)   --->   "%specstablecontent_ln316 = specstablecontent void @_ssdm_op_SpecStableContent, i16 %K31, i1 1, void " [C:/TFG_Vivado/vivado/axu2cga_trd.runs/bd_197a_csc_0_synth_1/prj/sol/.autopilot/db/v_csc.cpp:316]   --->   Operation 179 'specstablecontent' 'specstablecontent_ln316' <Predicate = true> <Delay = 0.00>
ST_12 : Operation 180 [1/1] (0.00ns)   --->   "%specstablecontent_ln318 = specstablecontent void @_ssdm_op_SpecStableContent, i16 %K32, i1 1, void " [C:/TFG_Vivado/vivado/axu2cga_trd.runs/bd_197a_csc_0_synth_1/prj/sol/.autopilot/db/v_csc.cpp:318]   --->   Operation 180 'specstablecontent' 'specstablecontent_ln318' <Predicate = true> <Delay = 0.00>
ST_12 : Operation 181 [1/1] (0.00ns)   --->   "%specstablecontent_ln320 = specstablecontent void @_ssdm_op_SpecStableContent, i16 %K33, i1 1, void " [C:/TFG_Vivado/vivado/axu2cga_trd.runs/bd_197a_csc_0_synth_1/prj/sol/.autopilot/db/v_csc.cpp:320]   --->   Operation 181 'specstablecontent' 'specstablecontent_ln320' <Predicate = true> <Delay = 0.00>
ST_12 : Operation 182 [1/1] (0.00ns)   --->   "%specstablecontent_ln322 = specstablecontent void @_ssdm_op_SpecStableContent, i10 %ROffset, i1 1, void " [C:/TFG_Vivado/vivado/axu2cga_trd.runs/bd_197a_csc_0_synth_1/prj/sol/.autopilot/db/v_csc.cpp:322]   --->   Operation 182 'specstablecontent' 'specstablecontent_ln322' <Predicate = true> <Delay = 0.00>
ST_12 : Operation 183 [1/1] (0.00ns)   --->   "%specstablecontent_ln324 = specstablecontent void @_ssdm_op_SpecStableContent, i10 %GOffset, i1 1, void " [C:/TFG_Vivado/vivado/axu2cga_trd.runs/bd_197a_csc_0_synth_1/prj/sol/.autopilot/db/v_csc.cpp:324]   --->   Operation 183 'specstablecontent' 'specstablecontent_ln324' <Predicate = true> <Delay = 0.00>
ST_12 : Operation 184 [1/1] (0.00ns)   --->   "%specstablecontent_ln326 = specstablecontent void @_ssdm_op_SpecStableContent, i10 %BOffset, i1 1, void " [C:/TFG_Vivado/vivado/axu2cga_trd.runs/bd_197a_csc_0_synth_1/prj/sol/.autopilot/db/v_csc.cpp:326]   --->   Operation 184 'specstablecontent' 'specstablecontent_ln326' <Predicate = true> <Delay = 0.00>
ST_12 : Operation 185 [1/1] (0.00ns)   --->   "%specstablecontent_ln328 = specstablecontent void @_ssdm_op_SpecStableContent, i8 %ClampMin, i1 1, void " [C:/TFG_Vivado/vivado/axu2cga_trd.runs/bd_197a_csc_0_synth_1/prj/sol/.autopilot/db/v_csc.cpp:328]   --->   Operation 185 'specstablecontent' 'specstablecontent_ln328' <Predicate = true> <Delay = 0.00>
ST_12 : Operation 186 [1/1] (0.00ns)   --->   "%specstablecontent_ln330 = specstablecontent void @_ssdm_op_SpecStableContent, i8 %ClipMax, i1 1, void " [C:/TFG_Vivado/vivado/axu2cga_trd.runs/bd_197a_csc_0_synth_1/prj/sol/.autopilot/db/v_csc.cpp:330]   --->   Operation 186 'specstablecontent' 'specstablecontent_ln330' <Predicate = true> <Delay = 0.00>
ST_12 : Operation 187 [1/1] (0.00ns)   --->   "%specstablecontent_ln333 = specstablecontent void @_ssdm_op_SpecStableContent, i16 %K11_2, i1 1, void " [C:/TFG_Vivado/vivado/axu2cga_trd.runs/bd_197a_csc_0_synth_1/prj/sol/.autopilot/db/v_csc.cpp:333]   --->   Operation 187 'specstablecontent' 'specstablecontent_ln333' <Predicate = true> <Delay = 0.00>
ST_12 : Operation 188 [1/1] (0.00ns)   --->   "%specstablecontent_ln335 = specstablecontent void @_ssdm_op_SpecStableContent, i16 %K12_2, i1 1, void " [C:/TFG_Vivado/vivado/axu2cga_trd.runs/bd_197a_csc_0_synth_1/prj/sol/.autopilot/db/v_csc.cpp:335]   --->   Operation 188 'specstablecontent' 'specstablecontent_ln335' <Predicate = true> <Delay = 0.00>
ST_12 : Operation 189 [1/1] (0.00ns)   --->   "%specstablecontent_ln337 = specstablecontent void @_ssdm_op_SpecStableContent, i16 %K13_2, i1 1, void " [C:/TFG_Vivado/vivado/axu2cga_trd.runs/bd_197a_csc_0_synth_1/prj/sol/.autopilot/db/v_csc.cpp:337]   --->   Operation 189 'specstablecontent' 'specstablecontent_ln337' <Predicate = true> <Delay = 0.00>
ST_12 : Operation 190 [1/1] (0.00ns)   --->   "%specstablecontent_ln339 = specstablecontent void @_ssdm_op_SpecStableContent, i16 %K21_2, i1 1, void " [C:/TFG_Vivado/vivado/axu2cga_trd.runs/bd_197a_csc_0_synth_1/prj/sol/.autopilot/db/v_csc.cpp:339]   --->   Operation 190 'specstablecontent' 'specstablecontent_ln339' <Predicate = true> <Delay = 0.00>
ST_12 : Operation 191 [1/1] (0.00ns)   --->   "%specstablecontent_ln341 = specstablecontent void @_ssdm_op_SpecStableContent, i16 %K22_2, i1 1, void " [C:/TFG_Vivado/vivado/axu2cga_trd.runs/bd_197a_csc_0_synth_1/prj/sol/.autopilot/db/v_csc.cpp:341]   --->   Operation 191 'specstablecontent' 'specstablecontent_ln341' <Predicate = true> <Delay = 0.00>
ST_12 : Operation 192 [1/1] (0.00ns)   --->   "%specstablecontent_ln343 = specstablecontent void @_ssdm_op_SpecStableContent, i16 %K23_2, i1 1, void " [C:/TFG_Vivado/vivado/axu2cga_trd.runs/bd_197a_csc_0_synth_1/prj/sol/.autopilot/db/v_csc.cpp:343]   --->   Operation 192 'specstablecontent' 'specstablecontent_ln343' <Predicate = true> <Delay = 0.00>
ST_12 : Operation 193 [1/1] (0.00ns)   --->   "%specstablecontent_ln345 = specstablecontent void @_ssdm_op_SpecStableContent, i16 %K31_2, i1 1, void " [C:/TFG_Vivado/vivado/axu2cga_trd.runs/bd_197a_csc_0_synth_1/prj/sol/.autopilot/db/v_csc.cpp:345]   --->   Operation 193 'specstablecontent' 'specstablecontent_ln345' <Predicate = true> <Delay = 0.00>
ST_12 : Operation 194 [1/1] (0.00ns)   --->   "%specstablecontent_ln347 = specstablecontent void @_ssdm_op_SpecStableContent, i16 %K32_2, i1 1, void " [C:/TFG_Vivado/vivado/axu2cga_trd.runs/bd_197a_csc_0_synth_1/prj/sol/.autopilot/db/v_csc.cpp:347]   --->   Operation 194 'specstablecontent' 'specstablecontent_ln347' <Predicate = true> <Delay = 0.00>
ST_12 : Operation 195 [1/1] (0.00ns)   --->   "%specstablecontent_ln349 = specstablecontent void @_ssdm_op_SpecStableContent, i16 %K33_2, i1 1, void " [C:/TFG_Vivado/vivado/axu2cga_trd.runs/bd_197a_csc_0_synth_1/prj/sol/.autopilot/db/v_csc.cpp:349]   --->   Operation 195 'specstablecontent' 'specstablecontent_ln349' <Predicate = true> <Delay = 0.00>
ST_12 : Operation 196 [1/1] (0.00ns)   --->   "%specstablecontent_ln351 = specstablecontent void @_ssdm_op_SpecStableContent, i10 %ROffset_2, i1 1, void " [C:/TFG_Vivado/vivado/axu2cga_trd.runs/bd_197a_csc_0_synth_1/prj/sol/.autopilot/db/v_csc.cpp:351]   --->   Operation 196 'specstablecontent' 'specstablecontent_ln351' <Predicate = true> <Delay = 0.00>
ST_12 : Operation 197 [1/1] (0.00ns)   --->   "%specstablecontent_ln353 = specstablecontent void @_ssdm_op_SpecStableContent, i10 %GOffset_2, i1 1, void " [C:/TFG_Vivado/vivado/axu2cga_trd.runs/bd_197a_csc_0_synth_1/prj/sol/.autopilot/db/v_csc.cpp:353]   --->   Operation 197 'specstablecontent' 'specstablecontent_ln353' <Predicate = true> <Delay = 0.00>
ST_12 : Operation 198 [1/1] (0.00ns)   --->   "%specstablecontent_ln355 = specstablecontent void @_ssdm_op_SpecStableContent, i10 %BOffset_2, i1 1, void " [C:/TFG_Vivado/vivado/axu2cga_trd.runs/bd_197a_csc_0_synth_1/prj/sol/.autopilot/db/v_csc.cpp:355]   --->   Operation 198 'specstablecontent' 'specstablecontent_ln355' <Predicate = true> <Delay = 0.00>
ST_12 : Operation 199 [1/1] (0.00ns)   --->   "%specstablecontent_ln357 = specstablecontent void @_ssdm_op_SpecStableContent, i8 %ClampMin_2, i1 1, void " [C:/TFG_Vivado/vivado/axu2cga_trd.runs/bd_197a_csc_0_synth_1/prj/sol/.autopilot/db/v_csc.cpp:357]   --->   Operation 199 'specstablecontent' 'specstablecontent_ln357' <Predicate = true> <Delay = 0.00>
ST_12 : Operation 200 [1/1] (0.00ns)   --->   "%specstablecontent_ln359 = specstablecontent void @_ssdm_op_SpecStableContent, i8 %ClipMax_2, i1 1, void " [C:/TFG_Vivado/vivado/axu2cga_trd.runs/bd_197a_csc_0_synth_1/prj/sol/.autopilot/db/v_csc.cpp:359]   --->   Operation 200 'specstablecontent' 'specstablecontent_ln359' <Predicate = true> <Delay = 0.00>
ST_12 : Operation 201 [1/1] (1.00ns)   --->   "%HwReg_width = read i16 @_ssdm_op_Read.s_axilite.i16P0A, i16 %width" [C:/TFG_Vivado/vivado/axu2cga_trd.runs/bd_197a_csc_0_synth_1/prj/sol/.autopilot/db/v_csc.cpp:371]   --->   Operation 201 'read' 'HwReg_width' <Predicate = true> <Delay = 1.00> <CoreInst = "s_axilite">   --->   Core 120 's_axilite' <Latency = 0> <II = 1> <Delay = 1.00> <Adapter> <Opcode : 'read' 'write'>
ST_12 : Operation 202 [1/1] (1.00ns)   --->   "%HwReg_height = read i16 @_ssdm_op_Read.s_axilite.i16P0A, i16 %height" [C:/TFG_Vivado/vivado/axu2cga_trd.runs/bd_197a_csc_0_synth_1/prj/sol/.autopilot/db/v_csc.cpp:372]   --->   Operation 202 'read' 'HwReg_height' <Predicate = true> <Delay = 1.00> <CoreInst = "s_axilite">   --->   Core 120 's_axilite' <Latency = 0> <II = 1> <Delay = 1.00> <Adapter> <Opcode : 'read' 'write'>
ST_12 : Operation 203 [1/1] (0.00ns)   --->   "%specaxissidechannel_ln503 = specaxissidechannel void @_ssdm_op_SpecAXISSideChannel, i48 %m_axis_video_V_data_V, i6 %m_axis_video_V_keep_V, i6 %m_axis_video_V_strb_V, i1 %m_axis_video_V_user_V, i1 %m_axis_video_V_last_V, i1 %m_axis_video_V_id_V, i1 %m_axis_video_V_dest_V, void @empty_35" [C:/TFG_Vivado/vivado/axu2cga_trd.runs/bd_197a_csc_0_synth_1/prj/sol/.autopilot/db/v_csc.cpp:503]   --->   Operation 203 'specaxissidechannel' 'specaxissidechannel_ln503' <Predicate = true> <Delay = 0.00>
ST_12 : Operation 204 [1/1] (0.00ns)   --->   "%specaxissidechannel_ln503 = specaxissidechannel void @_ssdm_op_SpecAXISSideChannel, i48 %s_axis_video_V_data_V, i6 %s_axis_video_V_keep_V, i6 %s_axis_video_V_strb_V, i1 %s_axis_video_V_user_V, i1 %s_axis_video_V_last_V, i1 %s_axis_video_V_id_V, i1 %s_axis_video_V_dest_V, void @empty_36" [C:/TFG_Vivado/vivado/axu2cga_trd.runs/bd_197a_csc_0_synth_1/prj/sol/.autopilot/db/v_csc.cpp:503]   --->   Operation 204 'specaxissidechannel' 'specaxissidechannel_ln503' <Predicate = true> <Delay = 0.00>
ST_12 : Operation 205 [1/1] (0.00ns)   --->   "%ret_ln503 = ret" [C:/TFG_Vivado/vivado/axu2cga_trd.runs/bd_197a_csc_0_synth_1/prj/sol/.autopilot/db/v_csc.cpp:503]   --->   Operation 205 'ret' 'ret_ln503' <Predicate = true> <Delay = 0.00>


============================================================
+ Verbose Summary: Binding
============================================================
STG Binding: 
---------------- STG Properties BEGIN ----------------
- Is combinational: 0
- Is one-state seq: 0
- Is datapath-only: 0
- Is pipelined: 0
- Is top level: 1
Port [ Return ] is wired: 1; IO mode=ap_ctrl_hs:ce=0
Port [ s_axis_video_V_data_V]:  wired=1; compound=1; hidden=0; nouse=0; global=0; static=0; extern=0; dir=0; type=0; pingpong=0; private_global=0; IO mode=axis:ce=0
Port [ s_axis_video_V_keep_V]:  wired=1; compound=1; hidden=0; nouse=0; global=0; static=0; extern=0; dir=0; type=0; pingpong=0; private_global=0; IO mode=axis:ce=0
Port [ s_axis_video_V_strb_V]:  wired=1; compound=1; hidden=0; nouse=0; global=0; static=0; extern=0; dir=0; type=0; pingpong=0; private_global=0; IO mode=axis:ce=0
Port [ s_axis_video_V_user_V]:  wired=1; compound=1; hidden=0; nouse=0; global=0; static=0; extern=0; dir=0; type=0; pingpong=0; private_global=0; IO mode=axis:ce=0
Port [ s_axis_video_V_last_V]:  wired=1; compound=1; hidden=0; nouse=0; global=0; static=0; extern=0; dir=0; type=0; pingpong=0; private_global=0; IO mode=axis:ce=0
Port [ s_axis_video_V_id_V]:  wired=1; compound=1; hidden=0; nouse=0; global=0; static=0; extern=0; dir=0; type=0; pingpong=0; private_global=0; IO mode=axis:ce=0
Port [ s_axis_video_V_dest_V]:  wired=1; compound=1; hidden=0; nouse=0; global=0; static=0; extern=0; dir=0; type=0; pingpong=0; private_global=0; IO mode=axis:ce=0
Port [ InVideoFormat]:  wired=1; compound=0; hidden=0; nouse=0; global=0; static=0; extern=0; dir=0; type=0; pingpong=0; private_global=0; IO mode=ap_none:ce=0
Port [ OutVideoFormat]:  wired=1; compound=0; hidden=0; nouse=0; global=0; static=0; extern=0; dir=0; type=0; pingpong=0; private_global=0; IO mode=ap_none:ce=0
Port [ width]:  wired=1; compound=0; hidden=0; nouse=0; global=0; static=0; extern=0; dir=0; type=0; pingpong=0; private_global=0; IO mode=ap_none:ce=0
Port [ height]:  wired=1; compound=0; hidden=0; nouse=0; global=0; static=0; extern=0; dir=0; type=0; pingpong=0; private_global=0; IO mode=ap_none:ce=0
Port [ ColStart]:  wired=1; compound=0; hidden=0; nouse=0; global=0; static=0; extern=0; dir=0; type=0; pingpong=0; private_global=0; IO mode=ap_none:ce=0
Port [ ColEnd]:  wired=1; compound=0; hidden=0; nouse=0; global=0; static=0; extern=0; dir=0; type=0; pingpong=0; private_global=0; IO mode=ap_none:ce=0
Port [ RowStart]:  wired=1; compound=0; hidden=0; nouse=0; global=0; static=0; extern=0; dir=0; type=0; pingpong=0; private_global=0; IO mode=ap_none:ce=0
Port [ RowEnd]:  wired=1; compound=0; hidden=0; nouse=0; global=0; static=0; extern=0; dir=0; type=0; pingpong=0; private_global=0; IO mode=ap_none:ce=0
Port [ K11]:  wired=1; compound=0; hidden=0; nouse=0; global=0; static=0; extern=0; dir=0; type=0; pingpong=0; private_global=0; IO mode=ap_none:ce=0
Port [ K12]:  wired=1; compound=0; hidden=0; nouse=0; global=0; static=0; extern=0; dir=0; type=0; pingpong=0; private_global=0; IO mode=ap_none:ce=0
Port [ K13]:  wired=1; compound=0; hidden=0; nouse=0; global=0; static=0; extern=0; dir=0; type=0; pingpong=0; private_global=0; IO mode=ap_none:ce=0
Port [ K21]:  wired=1; compound=0; hidden=0; nouse=0; global=0; static=0; extern=0; dir=0; type=0; pingpong=0; private_global=0; IO mode=ap_none:ce=0
Port [ K22]:  wired=1; compound=0; hidden=0; nouse=0; global=0; static=0; extern=0; dir=0; type=0; pingpong=0; private_global=0; IO mode=ap_none:ce=0
Port [ K23]:  wired=1; compound=0; hidden=0; nouse=0; global=0; static=0; extern=0; dir=0; type=0; pingpong=0; private_global=0; IO mode=ap_none:ce=0
Port [ K31]:  wired=1; compound=0; hidden=0; nouse=0; global=0; static=0; extern=0; dir=0; type=0; pingpong=0; private_global=0; IO mode=ap_none:ce=0
Port [ K32]:  wired=1; compound=0; hidden=0; nouse=0; global=0; static=0; extern=0; dir=0; type=0; pingpong=0; private_global=0; IO mode=ap_none:ce=0
Port [ K33]:  wired=1; compound=0; hidden=0; nouse=0; global=0; static=0; extern=0; dir=0; type=0; pingpong=0; private_global=0; IO mode=ap_none:ce=0
Port [ ROffset]:  wired=1; compound=0; hidden=0; nouse=0; global=0; static=0; extern=0; dir=0; type=0; pingpong=0; private_global=0; IO mode=ap_none:ce=0
Port [ GOffset]:  wired=1; compound=0; hidden=0; nouse=0; global=0; static=0; extern=0; dir=0; type=0; pingpong=0; private_global=0; IO mode=ap_none:ce=0
Port [ BOffset]:  wired=1; compound=0; hidden=0; nouse=0; global=0; static=0; extern=0; dir=0; type=0; pingpong=0; private_global=0; IO mode=ap_none:ce=0
Port [ ClampMin]:  wired=1; compound=0; hidden=0; nouse=0; global=0; static=0; extern=0; dir=0; type=0; pingpong=0; private_global=0; IO mode=ap_none:ce=0
Port [ ClipMax]:  wired=1; compound=0; hidden=0; nouse=0; global=0; static=0; extern=0; dir=0; type=0; pingpong=0; private_global=0; IO mode=ap_none:ce=0
Port [ K11_2]:  wired=1; compound=0; hidden=0; nouse=0; global=0; static=0; extern=0; dir=0; type=0; pingpong=0; private_global=0; IO mode=ap_none:ce=0
Port [ K12_2]:  wired=1; compound=0; hidden=0; nouse=0; global=0; static=0; extern=0; dir=0; type=0; pingpong=0; private_global=0; IO mode=ap_none:ce=0
Port [ K13_2]:  wired=1; compound=0; hidden=0; nouse=0; global=0; static=0; extern=0; dir=0; type=0; pingpong=0; private_global=0; IO mode=ap_none:ce=0
Port [ K21_2]:  wired=1; compound=0; hidden=0; nouse=0; global=0; static=0; extern=0; dir=0; type=0; pingpong=0; private_global=0; IO mode=ap_none:ce=0
Port [ K22_2]:  wired=1; compound=0; hidden=0; nouse=0; global=0; static=0; extern=0; dir=0; type=0; pingpong=0; private_global=0; IO mode=ap_none:ce=0
Port [ K23_2]:  wired=1; compound=0; hidden=0; nouse=0; global=0; static=0; extern=0; dir=0; type=0; pingpong=0; private_global=0; IO mode=ap_none:ce=0
Port [ K31_2]:  wired=1; compound=0; hidden=0; nouse=0; global=0; static=0; extern=0; dir=0; type=0; pingpong=0; private_global=0; IO mode=ap_none:ce=0
Port [ K32_2]:  wired=1; compound=0; hidden=0; nouse=0; global=0; static=0; extern=0; dir=0; type=0; pingpong=0; private_global=0; IO mode=ap_none:ce=0
Port [ K33_2]:  wired=1; compound=0; hidden=0; nouse=0; global=0; static=0; extern=0; dir=0; type=0; pingpong=0; private_global=0; IO mode=ap_none:ce=0
Port [ ROffset_2]:  wired=1; compound=0; hidden=0; nouse=0; global=0; static=0; extern=0; dir=0; type=0; pingpong=0; private_global=0; IO mode=ap_none:ce=0
Port [ GOffset_2]:  wired=1; compound=0; hidden=0; nouse=0; global=0; static=0; extern=0; dir=0; type=0; pingpong=0; private_global=0; IO mode=ap_none:ce=0
Port [ BOffset_2]:  wired=1; compound=0; hidden=0; nouse=0; global=0; static=0; extern=0; dir=0; type=0; pingpong=0; private_global=0; IO mode=ap_none:ce=0
Port [ ClampMin_2]:  wired=1; compound=0; hidden=0; nouse=0; global=0; static=0; extern=0; dir=0; type=0; pingpong=0; private_global=0; IO mode=ap_none:ce=0
Port [ ClipMax_2]:  wired=1; compound=0; hidden=0; nouse=0; global=0; static=0; extern=0; dir=0; type=0; pingpong=0; private_global=0; IO mode=ap_none:ce=0
Port [ m_axis_video_V_data_V]:  wired=1; compound=1; hidden=0; nouse=0; global=0; static=0; extern=0; dir=1; type=0; pingpong=0; private_global=0; IO mode=axis:ce=0
Port [ m_axis_video_V_keep_V]:  wired=1; compound=1; hidden=0; nouse=0; global=0; static=0; extern=0; dir=1; type=0; pingpong=0; private_global=0; IO mode=axis:ce=0
Port [ m_axis_video_V_strb_V]:  wired=1; compound=1; hidden=0; nouse=0; global=0; static=0; extern=0; dir=1; type=0; pingpong=0; private_global=0; IO mode=axis:ce=0
Port [ m_axis_video_V_user_V]:  wired=1; compound=1; hidden=0; nouse=0; global=0; static=0; extern=0; dir=1; type=0; pingpong=0; private_global=0; IO mode=axis:ce=0
Port [ m_axis_video_V_last_V]:  wired=1; compound=1; hidden=0; nouse=0; global=0; static=0; extern=0; dir=1; type=0; pingpong=0; private_global=0; IO mode=axis:ce=0
Port [ m_axis_video_V_id_V]:  wired=1; compound=1; hidden=0; nouse=0; global=0; static=0; extern=0; dir=1; type=0; pingpong=0; private_global=0; IO mode=axis:ce=0
Port [ m_axis_video_V_dest_V]:  wired=1; compound=1; hidden=0; nouse=0; global=0; static=0; extern=0; dir=1; type=0; pingpong=0; private_global=0; IO mode=axis:ce=0
---------------- STG Properties END ------------------

---------------- Datapath Model BEGIN ----------------

<LifeTime>
<method=bitvector/>
stream_in                  (alloca              ) [ 0011111111111]
stream_in_hresampled       (alloca              ) [ 0011111111111]
stream_out_hresampled      (alloca              ) [ 0011111111111]
stream_csc                 (alloca              ) [ 0011111111111]
call_ln372                 (call                ) [ 0000000000000]
call_ret                   (call                ) [ 0000000000000]
cond_loc_channel           (extractvalue        ) [ 0000010000000]
cond64_loc_channel         (extractvalue        ) [ 0000011111000]
call_ln372                 (call                ) [ 0000000000000]
call_ln372                 (call                ) [ 0000000000000]
call_ln372                 (call                ) [ 0000000000000]
call_ln372                 (call                ) [ 0000000000000]
specdataflowpipeline_ln438 (specdataflowpipeline) [ 0000000000000]
spectopmodule_ln220        (spectopmodule       ) [ 0000000000000]
specinterface_ln0          (specinterface       ) [ 0000000000000]
specbitsmap_ln0            (specbitsmap         ) [ 0000000000000]
specbitsmap_ln0            (specbitsmap         ) [ 0000000000000]
specbitsmap_ln0            (specbitsmap         ) [ 0000000000000]
specbitsmap_ln0            (specbitsmap         ) [ 0000000000000]
specbitsmap_ln0            (specbitsmap         ) [ 0000000000000]
specbitsmap_ln0            (specbitsmap         ) [ 0000000000000]
specbitsmap_ln0            (specbitsmap         ) [ 0000000000000]
specbitsmap_ln0            (specbitsmap         ) [ 0000000000000]
specinterface_ln0          (specinterface       ) [ 0000000000000]
specinterface_ln0          (specinterface       ) [ 0000000000000]
specbitsmap_ln0            (specbitsmap         ) [ 0000000000000]
specinterface_ln0          (specinterface       ) [ 0000000000000]
specinterface_ln0          (specinterface       ) [ 0000000000000]
specbitsmap_ln0            (specbitsmap         ) [ 0000000000000]
specinterface_ln0          (specinterface       ) [ 0000000000000]
specinterface_ln0          (specinterface       ) [ 0000000000000]
specbitsmap_ln0            (specbitsmap         ) [ 0000000000000]
specinterface_ln0          (specinterface       ) [ 0000000000000]
specinterface_ln0          (specinterface       ) [ 0000000000000]
specbitsmap_ln0            (specbitsmap         ) [ 0000000000000]
specinterface_ln0          (specinterface       ) [ 0000000000000]
specinterface_ln0          (specinterface       ) [ 0000000000000]
specbitsmap_ln0            (specbitsmap         ) [ 0000000000000]
specinterface_ln0          (specinterface       ) [ 0000000000000]
specinterface_ln0          (specinterface       ) [ 0000000000000]
specbitsmap_ln0            (specbitsmap         ) [ 0000000000000]
specinterface_ln0          (specinterface       ) [ 0000000000000]
specinterface_ln0          (specinterface       ) [ 0000000000000]
specbitsmap_ln0            (specbitsmap         ) [ 0000000000000]
specinterface_ln0          (specinterface       ) [ 0000000000000]
specinterface_ln0          (specinterface       ) [ 0000000000000]
specbitsmap_ln0            (specbitsmap         ) [ 0000000000000]
specinterface_ln0          (specinterface       ) [ 0000000000000]
specinterface_ln0          (specinterface       ) [ 0000000000000]
specbitsmap_ln0            (specbitsmap         ) [ 0000000000000]
specinterface_ln0          (specinterface       ) [ 0000000000000]
specinterface_ln0          (specinterface       ) [ 0000000000000]
specbitsmap_ln0            (specbitsmap         ) [ 0000000000000]
specinterface_ln0          (specinterface       ) [ 0000000000000]
specinterface_ln0          (specinterface       ) [ 0000000000000]
specbitsmap_ln0            (specbitsmap         ) [ 0000000000000]
specinterface_ln0          (specinterface       ) [ 0000000000000]
specinterface_ln0          (specinterface       ) [ 0000000000000]
specbitsmap_ln0            (specbitsmap         ) [ 0000000000000]
specinterface_ln0          (specinterface       ) [ 0000000000000]
specinterface_ln0          (specinterface       ) [ 0000000000000]
specbitsmap_ln0            (specbitsmap         ) [ 0000000000000]
specinterface_ln0          (specinterface       ) [ 0000000000000]
specinterface_ln0          (specinterface       ) [ 0000000000000]
specbitsmap_ln0            (specbitsmap         ) [ 0000000000000]
specinterface_ln0          (specinterface       ) [ 0000000000000]
specinterface_ln0          (specinterface       ) [ 0000000000000]
specbitsmap_ln0            (specbitsmap         ) [ 0000000000000]
specinterface_ln0          (specinterface       ) [ 0000000000000]
specinterface_ln0          (specinterface       ) [ 0000000000000]
specbitsmap_ln0            (specbitsmap         ) [ 0000000000000]
specinterface_ln0          (specinterface       ) [ 0000000000000]
specinterface_ln0          (specinterface       ) [ 0000000000000]
specbitsmap_ln0            (specbitsmap         ) [ 0000000000000]
specinterface_ln0          (specinterface       ) [ 0000000000000]
specinterface_ln0          (specinterface       ) [ 0000000000000]
specbitsmap_ln0            (specbitsmap         ) [ 0000000000000]
specinterface_ln0          (specinterface       ) [ 0000000000000]
specinterface_ln0          (specinterface       ) [ 0000000000000]
specbitsmap_ln0            (specbitsmap         ) [ 0000000000000]
specinterface_ln0          (specinterface       ) [ 0000000000000]
specinterface_ln0          (specinterface       ) [ 0000000000000]
specbitsmap_ln0            (specbitsmap         ) [ 0000000000000]
specinterface_ln0          (specinterface       ) [ 0000000000000]
specinterface_ln0          (specinterface       ) [ 0000000000000]
specbitsmap_ln0            (specbitsmap         ) [ 0000000000000]
specinterface_ln0          (specinterface       ) [ 0000000000000]
specinterface_ln0          (specinterface       ) [ 0000000000000]
specbitsmap_ln0            (specbitsmap         ) [ 0000000000000]
specinterface_ln0          (specinterface       ) [ 0000000000000]
specinterface_ln0          (specinterface       ) [ 0000000000000]
specbitsmap_ln0            (specbitsmap         ) [ 0000000000000]
specinterface_ln0          (specinterface       ) [ 0000000000000]
specinterface_ln0          (specinterface       ) [ 0000000000000]
specbitsmap_ln0            (specbitsmap         ) [ 0000000000000]
specinterface_ln0          (specinterface       ) [ 0000000000000]
specinterface_ln0          (specinterface       ) [ 0000000000000]
specbitsmap_ln0            (specbitsmap         ) [ 0000000000000]
specinterface_ln0          (specinterface       ) [ 0000000000000]
specinterface_ln0          (specinterface       ) [ 0000000000000]
specbitsmap_ln0            (specbitsmap         ) [ 0000000000000]
specinterface_ln0          (specinterface       ) [ 0000000000000]
specinterface_ln0          (specinterface       ) [ 0000000000000]
specbitsmap_ln0            (specbitsmap         ) [ 0000000000000]
specinterface_ln0          (specinterface       ) [ 0000000000000]
specinterface_ln0          (specinterface       ) [ 0000000000000]
specbitsmap_ln0            (specbitsmap         ) [ 0000000000000]
specinterface_ln0          (specinterface       ) [ 0000000000000]
specinterface_ln0          (specinterface       ) [ 0000000000000]
specbitsmap_ln0            (specbitsmap         ) [ 0000000000000]
specinterface_ln0          (specinterface       ) [ 0000000000000]
specinterface_ln0          (specinterface       ) [ 0000000000000]
specbitsmap_ln0            (specbitsmap         ) [ 0000000000000]
specinterface_ln0          (specinterface       ) [ 0000000000000]
specinterface_ln0          (specinterface       ) [ 0000000000000]
specbitsmap_ln0            (specbitsmap         ) [ 0000000000000]
specinterface_ln0          (specinterface       ) [ 0000000000000]
specinterface_ln0          (specinterface       ) [ 0000000000000]
specbitsmap_ln0            (specbitsmap         ) [ 0000000000000]
specinterface_ln0          (specinterface       ) [ 0000000000000]
specinterface_ln0          (specinterface       ) [ 0000000000000]
specbitsmap_ln0            (specbitsmap         ) [ 0000000000000]
specinterface_ln0          (specinterface       ) [ 0000000000000]
specinterface_ln0          (specinterface       ) [ 0000000000000]
specbitsmap_ln0            (specbitsmap         ) [ 0000000000000]
specinterface_ln0          (specinterface       ) [ 0000000000000]
specinterface_ln0          (specinterface       ) [ 0000000000000]
specbitsmap_ln0            (specbitsmap         ) [ 0000000000000]
specinterface_ln0          (specinterface       ) [ 0000000000000]
specinterface_ln0          (specinterface       ) [ 0000000000000]
specinterface_ln0          (specinterface       ) [ 0000000000000]
specbitsmap_ln0            (specbitsmap         ) [ 0000000000000]
specbitsmap_ln0            (specbitsmap         ) [ 0000000000000]
specbitsmap_ln0            (specbitsmap         ) [ 0000000000000]
specbitsmap_ln0            (specbitsmap         ) [ 0000000000000]
specbitsmap_ln0            (specbitsmap         ) [ 0000000000000]
specbitsmap_ln0            (specbitsmap         ) [ 0000000000000]
specbitsmap_ln0            (specbitsmap         ) [ 0000000000000]
specinterface_ln0          (specinterface       ) [ 0000000000000]
empty                      (specchannel         ) [ 0000000000000]
specinterface_ln0          (specinterface       ) [ 0000000000000]
empty_75                   (specchannel         ) [ 0000000000000]
specinterface_ln0          (specinterface       ) [ 0000000000000]
empty_76                   (specchannel         ) [ 0000000000000]
specinterface_ln0          (specinterface       ) [ 0000000000000]
empty_77                   (specchannel         ) [ 0000000000000]
specinterface_ln0          (specinterface       ) [ 0000000000000]
specstablecontent_ln286    (specstablecontent   ) [ 0000000000000]
specstablecontent_ln288    (specstablecontent   ) [ 0000000000000]
specstablecontent_ln290    (specstablecontent   ) [ 0000000000000]
specstablecontent_ln292    (specstablecontent   ) [ 0000000000000]
specstablecontent_ln295    (specstablecontent   ) [ 0000000000000]
specstablecontent_ln297    (specstablecontent   ) [ 0000000000000]
specstablecontent_ln299    (specstablecontent   ) [ 0000000000000]
specstablecontent_ln301    (specstablecontent   ) [ 0000000000000]
specstablecontent_ln304    (specstablecontent   ) [ 0000000000000]
specstablecontent_ln306    (specstablecontent   ) [ 0000000000000]
specstablecontent_ln308    (specstablecontent   ) [ 0000000000000]
specstablecontent_ln310    (specstablecontent   ) [ 0000000000000]
specstablecontent_ln312    (specstablecontent   ) [ 0000000000000]
specstablecontent_ln314    (specstablecontent   ) [ 0000000000000]
specstablecontent_ln316    (specstablecontent   ) [ 0000000000000]
specstablecontent_ln318    (specstablecontent   ) [ 0000000000000]
specstablecontent_ln320    (specstablecontent   ) [ 0000000000000]
specstablecontent_ln322    (specstablecontent   ) [ 0000000000000]
specstablecontent_ln324    (specstablecontent   ) [ 0000000000000]
specstablecontent_ln326    (specstablecontent   ) [ 0000000000000]
specstablecontent_ln328    (specstablecontent   ) [ 0000000000000]
specstablecontent_ln330    (specstablecontent   ) [ 0000000000000]
specstablecontent_ln333    (specstablecontent   ) [ 0000000000000]
specstablecontent_ln335    (specstablecontent   ) [ 0000000000000]
specstablecontent_ln337    (specstablecontent   ) [ 0000000000000]
specstablecontent_ln339    (specstablecontent   ) [ 0000000000000]
specstablecontent_ln341    (specstablecontent   ) [ 0000000000000]
specstablecontent_ln343    (specstablecontent   ) [ 0000000000000]
specstablecontent_ln345    (specstablecontent   ) [ 0000000000000]
specstablecontent_ln347    (specstablecontent   ) [ 0000000000000]
specstablecontent_ln349    (specstablecontent   ) [ 0000000000000]
specstablecontent_ln351    (specstablecontent   ) [ 0000000000000]
specstablecontent_ln353    (specstablecontent   ) [ 0000000000000]
specstablecontent_ln355    (specstablecontent   ) [ 0000000000000]
specstablecontent_ln357    (specstablecontent   ) [ 0000000000000]
specstablecontent_ln359    (specstablecontent   ) [ 0000000000000]
HwReg_width                (read                ) [ 0000000000000]
HwReg_height               (read                ) [ 0000000000000]
specaxissidechannel_ln503  (specaxissidechannel ) [ 0000000000000]
specaxissidechannel_ln503  (specaxissidechannel ) [ 0000000000000]
ret_ln503                  (ret                 ) [ 0000000000000]
</LifeTime>

<model>

<comp_list>
<comp id="0" class="1000" name="s_axis_video_V_data_V">
<pin_list>
<pin id="1" dir="1" index="0" bw="1" slack="0"/>
</pin_list>
<bind>
<StgValue><ssdm name="s_axis_video_V_data_V"/></StgValue>
</bind>
</comp>

<comp id="2" class="1000" name="s_axis_video_V_keep_V">
<pin_list>
<pin id="3" dir="1" index="0" bw="1" slack="0"/>
</pin_list>
<bind>
<StgValue><ssdm name="s_axis_video_V_keep_V"/></StgValue>
</bind>
</comp>

<comp id="4" class="1000" name="s_axis_video_V_strb_V">
<pin_list>
<pin id="5" dir="1" index="0" bw="1" slack="0"/>
</pin_list>
<bind>
<StgValue><ssdm name="s_axis_video_V_strb_V"/></StgValue>
</bind>
</comp>

<comp id="6" class="1000" name="s_axis_video_V_user_V">
<pin_list>
<pin id="7" dir="1" index="0" bw="1" slack="0"/>
</pin_list>
<bind>
<StgValue><ssdm name="s_axis_video_V_user_V"/></StgValue>
</bind>
</comp>

<comp id="8" class="1000" name="s_axis_video_V_last_V">
<pin_list>
<pin id="9" dir="1" index="0" bw="1" slack="0"/>
</pin_list>
<bind>
<StgValue><ssdm name="s_axis_video_V_last_V"/></StgValue>
</bind>
</comp>

<comp id="10" class="1000" name="s_axis_video_V_id_V">
<pin_list>
<pin id="11" dir="1" index="0" bw="1" slack="0"/>
</pin_list>
<bind>
<StgValue><ssdm name="s_axis_video_V_id_V"/></StgValue>
</bind>
</comp>

<comp id="12" class="1000" name="s_axis_video_V_dest_V">
<pin_list>
<pin id="13" dir="1" index="0" bw="1" slack="0"/>
</pin_list>
<bind>
<StgValue><ssdm name="s_axis_video_V_dest_V"/></StgValue>
</bind>
</comp>

<comp id="14" class="1000" name="InVideoFormat">
<pin_list>
<pin id="15" dir="1" index="0" bw="1" slack="0"/>
</pin_list>
<bind>
<StgValue><ssdm name="InVideoFormat"/></StgValue>
</bind>
</comp>

<comp id="16" class="1000" name="OutVideoFormat">
<pin_list>
<pin id="17" dir="1" index="0" bw="1" slack="0"/>
</pin_list>
<bind>
<StgValue><ssdm name="OutVideoFormat"/></StgValue>
</bind>
</comp>

<comp id="18" class="1000" name="width">
<pin_list>
<pin id="19" dir="1" index="0" bw="1" slack="0"/>
</pin_list>
<bind>
<StgValue><ssdm name="width"/></StgValue>
</bind>
</comp>

<comp id="20" class="1000" name="height">
<pin_list>
<pin id="21" dir="1" index="0" bw="1" slack="0"/>
</pin_list>
<bind>
<StgValue><ssdm name="height"/></StgValue>
</bind>
</comp>

<comp id="22" class="1000" name="ColStart">
<pin_list>
<pin id="23" dir="1" index="0" bw="1" slack="0"/>
</pin_list>
<bind>
<StgValue><ssdm name="ColStart"/></StgValue>
</bind>
</comp>

<comp id="24" class="1000" name="ColEnd">
<pin_list>
<pin id="25" dir="1" index="0" bw="1" slack="0"/>
</pin_list>
<bind>
<StgValue><ssdm name="ColEnd"/></StgValue>
</bind>
</comp>

<comp id="26" class="1000" name="RowStart">
<pin_list>
<pin id="27" dir="1" index="0" bw="1" slack="0"/>
</pin_list>
<bind>
<StgValue><ssdm name="RowStart"/></StgValue>
</bind>
</comp>

<comp id="28" class="1000" name="RowEnd">
<pin_list>
<pin id="29" dir="1" index="0" bw="1" slack="0"/>
</pin_list>
<bind>
<StgValue><ssdm name="RowEnd"/></StgValue>
</bind>
</comp>

<comp id="30" class="1000" name="K11">
<pin_list>
<pin id="31" dir="1" index="0" bw="1" slack="0"/>
</pin_list>
<bind>
<StgValue><ssdm name="K11"/></StgValue>
</bind>
</comp>

<comp id="32" class="1000" name="K12">
<pin_list>
<pin id="33" dir="1" index="0" bw="1" slack="0"/>
</pin_list>
<bind>
<StgValue><ssdm name="K12"/></StgValue>
</bind>
</comp>

<comp id="34" class="1000" name="K13">
<pin_list>
<pin id="35" dir="1" index="0" bw="1" slack="0"/>
</pin_list>
<bind>
<StgValue><ssdm name="K13"/></StgValue>
</bind>
</comp>

<comp id="36" class="1000" name="K21">
<pin_list>
<pin id="37" dir="1" index="0" bw="1" slack="0"/>
</pin_list>
<bind>
<StgValue><ssdm name="K21"/></StgValue>
</bind>
</comp>

<comp id="38" class="1000" name="K22">
<pin_list>
<pin id="39" dir="1" index="0" bw="1" slack="0"/>
</pin_list>
<bind>
<StgValue><ssdm name="K22"/></StgValue>
</bind>
</comp>

<comp id="40" class="1000" name="K23">
<pin_list>
<pin id="41" dir="1" index="0" bw="1" slack="0"/>
</pin_list>
<bind>
<StgValue><ssdm name="K23"/></StgValue>
</bind>
</comp>

<comp id="42" class="1000" name="K31">
<pin_list>
<pin id="43" dir="1" index="0" bw="1" slack="0"/>
</pin_list>
<bind>
<StgValue><ssdm name="K31"/></StgValue>
</bind>
</comp>

<comp id="44" class="1000" name="K32">
<pin_list>
<pin id="45" dir="1" index="0" bw="1" slack="0"/>
</pin_list>
<bind>
<StgValue><ssdm name="K32"/></StgValue>
</bind>
</comp>

<comp id="46" class="1000" name="K33">
<pin_list>
<pin id="47" dir="1" index="0" bw="1" slack="0"/>
</pin_list>
<bind>
<StgValue><ssdm name="K33"/></StgValue>
</bind>
</comp>

<comp id="48" class="1000" name="ROffset">
<pin_list>
<pin id="49" dir="1" index="0" bw="1" slack="0"/>
</pin_list>
<bind>
<StgValue><ssdm name="ROffset"/></StgValue>
</bind>
</comp>

<comp id="50" class="1000" name="GOffset">
<pin_list>
<pin id="51" dir="1" index="0" bw="1" slack="0"/>
</pin_list>
<bind>
<StgValue><ssdm name="GOffset"/></StgValue>
</bind>
</comp>

<comp id="52" class="1000" name="BOffset">
<pin_list>
<pin id="53" dir="1" index="0" bw="1" slack="0"/>
</pin_list>
<bind>
<StgValue><ssdm name="BOffset"/></StgValue>
</bind>
</comp>

<comp id="54" class="1000" name="ClampMin">
<pin_list>
<pin id="55" dir="1" index="0" bw="1" slack="0"/>
</pin_list>
<bind>
<StgValue><ssdm name="ClampMin"/></StgValue>
</bind>
</comp>

<comp id="56" class="1000" name="ClipMax">
<pin_list>
<pin id="57" dir="1" index="0" bw="1" slack="0"/>
</pin_list>
<bind>
<StgValue><ssdm name="ClipMax"/></StgValue>
</bind>
</comp>

<comp id="58" class="1000" name="K11_2">
<pin_list>
<pin id="59" dir="1" index="0" bw="1" slack="0"/>
</pin_list>
<bind>
<StgValue><ssdm name="K11_2"/></StgValue>
</bind>
</comp>

<comp id="60" class="1000" name="K12_2">
<pin_list>
<pin id="61" dir="1" index="0" bw="1" slack="0"/>
</pin_list>
<bind>
<StgValue><ssdm name="K12_2"/></StgValue>
</bind>
</comp>

<comp id="62" class="1000" name="K13_2">
<pin_list>
<pin id="63" dir="1" index="0" bw="1" slack="0"/>
</pin_list>
<bind>
<StgValue><ssdm name="K13_2"/></StgValue>
</bind>
</comp>

<comp id="64" class="1000" name="K21_2">
<pin_list>
<pin id="65" dir="1" index="0" bw="1" slack="0"/>
</pin_list>
<bind>
<StgValue><ssdm name="K21_2"/></StgValue>
</bind>
</comp>

<comp id="66" class="1000" name="K22_2">
<pin_list>
<pin id="67" dir="1" index="0" bw="1" slack="0"/>
</pin_list>
<bind>
<StgValue><ssdm name="K22_2"/></StgValue>
</bind>
</comp>

<comp id="68" class="1000" name="K23_2">
<pin_list>
<pin id="69" dir="1" index="0" bw="1" slack="0"/>
</pin_list>
<bind>
<StgValue><ssdm name="K23_2"/></StgValue>
</bind>
</comp>

<comp id="70" class="1000" name="K31_2">
<pin_list>
<pin id="71" dir="1" index="0" bw="1" slack="0"/>
</pin_list>
<bind>
<StgValue><ssdm name="K31_2"/></StgValue>
</bind>
</comp>

<comp id="72" class="1000" name="K32_2">
<pin_list>
<pin id="73" dir="1" index="0" bw="1" slack="0"/>
</pin_list>
<bind>
<StgValue><ssdm name="K32_2"/></StgValue>
</bind>
</comp>

<comp id="74" class="1000" name="K33_2">
<pin_list>
<pin id="75" dir="1" index="0" bw="1" slack="0"/>
</pin_list>
<bind>
<StgValue><ssdm name="K33_2"/></StgValue>
</bind>
</comp>

<comp id="76" class="1000" name="ROffset_2">
<pin_list>
<pin id="77" dir="1" index="0" bw="1" slack="0"/>
</pin_list>
<bind>
<StgValue><ssdm name="ROffset_2"/></StgValue>
</bind>
</comp>

<comp id="78" class="1000" name="GOffset_2">
<pin_list>
<pin id="79" dir="1" index="0" bw="1" slack="0"/>
</pin_list>
<bind>
<StgValue><ssdm name="GOffset_2"/></StgValue>
</bind>
</comp>

<comp id="80" class="1000" name="BOffset_2">
<pin_list>
<pin id="81" dir="1" index="0" bw="1" slack="0"/>
</pin_list>
<bind>
<StgValue><ssdm name="BOffset_2"/></StgValue>
</bind>
</comp>

<comp id="82" class="1000" name="ClampMin_2">
<pin_list>
<pin id="83" dir="1" index="0" bw="1" slack="0"/>
</pin_list>
<bind>
<StgValue><ssdm name="ClampMin_2"/></StgValue>
</bind>
</comp>

<comp id="84" class="1000" name="ClipMax_2">
<pin_list>
<pin id="85" dir="1" index="0" bw="1" slack="0"/>
</pin_list>
<bind>
<StgValue><ssdm name="ClipMax_2"/></StgValue>
</bind>
</comp>

<comp id="86" class="1000" name="m_axis_video_V_data_V">
<pin_list>
<pin id="87" dir="1" index="0" bw="1" slack="0"/>
</pin_list>
<bind>
<StgValue><ssdm name="m_axis_video_V_data_V"/></StgValue>
</bind>
</comp>

<comp id="88" class="1000" name="m_axis_video_V_keep_V">
<pin_list>
<pin id="89" dir="1" index="0" bw="1" slack="0"/>
</pin_list>
<bind>
<StgValue><ssdm name="m_axis_video_V_keep_V"/></StgValue>
</bind>
</comp>

<comp id="90" class="1000" name="m_axis_video_V_strb_V">
<pin_list>
<pin id="91" dir="1" index="0" bw="1" slack="0"/>
</pin_list>
<bind>
<StgValue><ssdm name="m_axis_video_V_strb_V"/></StgValue>
</bind>
</comp>

<comp id="92" class="1000" name="m_axis_video_V_user_V">
<pin_list>
<pin id="93" dir="1" index="0" bw="1" slack="0"/>
</pin_list>
<bind>
<StgValue><ssdm name="m_axis_video_V_user_V"/></StgValue>
</bind>
</comp>

<comp id="94" class="1000" name="m_axis_video_V_last_V">
<pin_list>
<pin id="95" dir="1" index="0" bw="1" slack="0"/>
</pin_list>
<bind>
<StgValue><ssdm name="m_axis_video_V_last_V"/></StgValue>
</bind>
</comp>

<comp id="96" class="1000" name="m_axis_video_V_id_V">
<pin_list>
<pin id="97" dir="1" index="0" bw="1" slack="0"/>
</pin_list>
<bind>
<StgValue><ssdm name="m_axis_video_V_id_V"/></StgValue>
</bind>
</comp>

<comp id="98" class="1000" name="m_axis_video_V_dest_V">
<pin_list>
<pin id="99" dir="1" index="0" bw="1" slack="0"/>
</pin_list>
<bind>
<StgValue><ssdm name="m_axis_video_V_dest_V"/></StgValue>
</bind>
</comp>

<comp id="100" class="1001" name="const_100">
<pin_list>
<pin id="101" dir="1" index="0" bw="1" slack="0"/>
</pin_list>
<bind>
<StgValue><ssdm name=""/></StgValue>
</bind>
</comp>

<comp id="102" class="1001" name="const_102">
<pin_list>
<pin id="103" dir="1" index="0" bw="1" slack="0"/>
</pin_list>
<bind>
<StgValue><ssdm name="AXIvideo2MultiPixStream"/></StgValue>
</bind>
</comp>

<comp id="104" class="1001" name="const_104">
<pin_list>
<pin id="105" dir="1" index="0" bw="1" slack="0"/>
</pin_list>
<bind>
<StgValue><ssdm name="Block_entry_proc.1"/></StgValue>
</bind>
</comp>

<comp id="106" class="1001" name="const_106">
<pin_list>
<pin id="107" dir="1" index="0" bw="1" slack="0"/>
</pin_list>
<bind>
<StgValue><ssdm name="v_hcresampler_core"/></StgValue>
</bind>
</comp>

<comp id="108" class="1001" name="const_108">
<pin_list>
<pin id="109" dir="1" index="0" bw="1" slack="0"/>
</pin_list>
<bind>
<StgValue><ssdm name="v_csc_core"/></StgValue>
</bind>
</comp>

<comp id="110" class="1001" name="const_110">
<pin_list>
<pin id="111" dir="1" index="0" bw="1" slack="0"/>
</pin_list>
<bind>
<StgValue><ssdm name="v_hcresampler_core.1"/></StgValue>
</bind>
</comp>

<comp id="112" class="1001" name="const_112">
<pin_list>
<pin id="113" dir="1" index="0" bw="1" slack="0"/>
</pin_list>
<bind>
<StgValue><ssdm name="MultiPixStream2AXIvideo"/></StgValue>
</bind>
</comp>

<comp id="114" class="1001" name="const_114">
<pin_list>
<pin id="115" dir="1" index="0" bw="1" slack="2147483647"/>
</pin_list>
<bind>
<StgValue><ssdm name="_ssdm_op_SpecDataflowPipeline"/></StgValue>
</bind>
</comp>

<comp id="116" class="1001" name="const_116">
<pin_list>
<pin id="117" dir="1" index="0" bw="1" slack="2147483647"/>
</pin_list>
<bind>
<StgValue><ssdm name=""/></StgValue>
</bind>
</comp>

<comp id="118" class="1001" name="const_118">
<pin_list>
<pin id="119" dir="1" index="0" bw="1" slack="2147483647"/>
</pin_list>
<bind>
<StgValue><ssdm name=""/></StgValue>
</bind>
</comp>

<comp id="120" class="1001" name="const_120">
<pin_list>
<pin id="121" dir="1" index="0" bw="1" slack="2147483647"/>
</pin_list>
<bind>
<StgValue><ssdm name="empty_49"/></StgValue>
</bind>
</comp>

<comp id="122" class="1001" name="const_122">
<pin_list>
<pin id="123" dir="1" index="0" bw="1" slack="2147483647"/>
</pin_list>
<bind>
<StgValue><ssdm name="_ssdm_op_SpecTopModule"/></StgValue>
</bind>
</comp>

<comp id="124" class="1001" name="const_124">
<pin_list>
<pin id="125" dir="1" index="0" bw="1" slack="2147483647"/>
</pin_list>
<bind>
<StgValue><ssdm name="empty_37"/></StgValue>
</bind>
</comp>

<comp id="126" class="1001" name="const_126">
<pin_list>
<pin id="127" dir="1" index="0" bw="1" slack="2147483647"/>
</pin_list>
<bind>
<StgValue><ssdm name="_ssdm_op_SpecInterface"/></StgValue>
</bind>
</comp>

<comp id="128" class="1001" name="const_128">
<pin_list>
<pin id="129" dir="1" index="0" bw="1" slack="2147483647"/>
</pin_list>
<bind>
<StgValue><ssdm name="empty_8"/></StgValue>
</bind>
</comp>

<comp id="130" class="1001" name="const_130">
<pin_list>
<pin id="131" dir="1" index="0" bw="1" slack="2147483647"/>
</pin_list>
<bind>
<StgValue><ssdm name=""/></StgValue>
</bind>
</comp>

<comp id="132" class="1001" name="const_132">
<pin_list>
<pin id="133" dir="1" index="0" bw="1" slack="2147483647"/>
</pin_list>
<bind>
<StgValue><ssdm name="empty_48"/></StgValue>
</bind>
</comp>

<comp id="134" class="1001" name="const_134">
<pin_list>
<pin id="135" dir="1" index="0" bw="1" slack="2147483647"/>
</pin_list>
<bind>
<StgValue><ssdm name="_ssdm_op_SpecBitsMap"/></StgValue>
</bind>
</comp>

<comp id="136" class="1001" name="const_136">
<pin_list>
<pin id="137" dir="1" index="0" bw="1" slack="2147483647"/>
</pin_list>
<bind>
<StgValue><ssdm name="empty_50"/></StgValue>
</bind>
</comp>

<comp id="138" class="1001" name="const_138">
<pin_list>
<pin id="139" dir="1" index="0" bw="1" slack="2147483647"/>
</pin_list>
<bind>
<StgValue><ssdm name="empty_51"/></StgValue>
</bind>
</comp>

<comp id="140" class="1001" name="const_140">
<pin_list>
<pin id="141" dir="1" index="0" bw="1" slack="2147483647"/>
</pin_list>
<bind>
<StgValue><ssdm name="empty_52"/></StgValue>
</bind>
</comp>

<comp id="142" class="1001" name="const_142">
<pin_list>
<pin id="143" dir="1" index="0" bw="1" slack="2147483647"/>
</pin_list>
<bind>
<StgValue><ssdm name="empty_53"/></StgValue>
</bind>
</comp>

<comp id="144" class="1001" name="const_144">
<pin_list>
<pin id="145" dir="1" index="0" bw="1" slack="2147483647"/>
</pin_list>
<bind>
<StgValue><ssdm name="empty"/></StgValue>
</bind>
</comp>

<comp id="146" class="1001" name="const_146">
<pin_list>
<pin id="147" dir="1" index="0" bw="1" slack="2147483647"/>
</pin_list>
<bind>
<StgValue><ssdm name="empty_0"/></StgValue>
</bind>
</comp>

<comp id="148" class="1001" name="const_148">
<pin_list>
<pin id="149" dir="1" index="0" bw="1" slack="2147483647"/>
</pin_list>
<bind>
<StgValue><ssdm name="empty_54"/></StgValue>
</bind>
</comp>

<comp id="150" class="1001" name="const_150">
<pin_list>
<pin id="151" dir="1" index="0" bw="1" slack="2147483647"/>
</pin_list>
<bind>
<StgValue><ssdm name="empty_2"/></StgValue>
</bind>
</comp>

<comp id="152" class="1001" name="const_152">
<pin_list>
<pin id="153" dir="1" index="0" bw="1" slack="2147483647"/>
</pin_list>
<bind>
<StgValue><ssdm name="empty_3"/></StgValue>
</bind>
</comp>

<comp id="154" class="1001" name="const_154">
<pin_list>
<pin id="155" dir="1" index="0" bw="1" slack="2147483647"/>
</pin_list>
<bind>
<StgValue><ssdm name="empty_4"/></StgValue>
</bind>
</comp>

<comp id="156" class="1001" name="const_156">
<pin_list>
<pin id="157" dir="1" index="0" bw="1" slack="2147483647"/>
</pin_list>
<bind>
<StgValue><ssdm name="empty_5"/></StgValue>
</bind>
</comp>

<comp id="158" class="1001" name="const_158">
<pin_list>
<pin id="159" dir="1" index="0" bw="1" slack="2147483647"/>
</pin_list>
<bind>
<StgValue><ssdm name="empty_6"/></StgValue>
</bind>
</comp>

<comp id="160" class="1001" name="const_160">
<pin_list>
<pin id="161" dir="1" index="0" bw="1" slack="2147483647"/>
</pin_list>
<bind>
<StgValue><ssdm name="empty_7"/></StgValue>
</bind>
</comp>

<comp id="162" class="1001" name="const_162">
<pin_list>
<pin id="163" dir="1" index="0" bw="1" slack="2147483647"/>
</pin_list>
<bind>
<StgValue><ssdm name="empty_47"/></StgValue>
</bind>
</comp>

<comp id="164" class="1001" name="const_164">
<pin_list>
<pin id="165" dir="1" index="0" bw="1" slack="2147483647"/>
</pin_list>
<bind>
<StgValue><ssdm name="empty_9"/></StgValue>
</bind>
</comp>

<comp id="166" class="1001" name="const_166">
<pin_list>
<pin id="167" dir="1" index="0" bw="1" slack="2147483647"/>
</pin_list>
<bind>
<StgValue><ssdm name="empty_10"/></StgValue>
</bind>
</comp>

<comp id="168" class="1001" name="const_168">
<pin_list>
<pin id="169" dir="1" index="0" bw="1" slack="2147483647"/>
</pin_list>
<bind>
<StgValue><ssdm name="empty_11"/></StgValue>
</bind>
</comp>

<comp id="170" class="1001" name="const_170">
<pin_list>
<pin id="171" dir="1" index="0" bw="1" slack="2147483647"/>
</pin_list>
<bind>
<StgValue><ssdm name="empty_12"/></StgValue>
</bind>
</comp>

<comp id="172" class="1001" name="const_172">
<pin_list>
<pin id="173" dir="1" index="0" bw="1" slack="2147483647"/>
</pin_list>
<bind>
<StgValue><ssdm name="empty_13"/></StgValue>
</bind>
</comp>

<comp id="174" class="1001" name="const_174">
<pin_list>
<pin id="175" dir="1" index="0" bw="1" slack="2147483647"/>
</pin_list>
<bind>
<StgValue><ssdm name="empty_14"/></StgValue>
</bind>
</comp>

<comp id="176" class="1001" name="const_176">
<pin_list>
<pin id="177" dir="1" index="0" bw="1" slack="2147483647"/>
</pin_list>
<bind>
<StgValue><ssdm name="empty_15"/></StgValue>
</bind>
</comp>

<comp id="178" class="1001" name="const_178">
<pin_list>
<pin id="179" dir="1" index="0" bw="1" slack="2147483647"/>
</pin_list>
<bind>
<StgValue><ssdm name="empty_16"/></StgValue>
</bind>
</comp>

<comp id="180" class="1001" name="const_180">
<pin_list>
<pin id="181" dir="1" index="0" bw="1" slack="2147483647"/>
</pin_list>
<bind>
<StgValue><ssdm name="empty_17"/></StgValue>
</bind>
</comp>

<comp id="182" class="1001" name="const_182">
<pin_list>
<pin id="183" dir="1" index="0" bw="1" slack="2147483647"/>
</pin_list>
<bind>
<StgValue><ssdm name="empty_18"/></StgValue>
</bind>
</comp>

<comp id="184" class="1001" name="const_184">
<pin_list>
<pin id="185" dir="1" index="0" bw="1" slack="2147483647"/>
</pin_list>
<bind>
<StgValue><ssdm name="empty_19"/></StgValue>
</bind>
</comp>

<comp id="186" class="1001" name="const_186">
<pin_list>
<pin id="187" dir="1" index="0" bw="1" slack="2147483647"/>
</pin_list>
<bind>
<StgValue><ssdm name="empty_20"/></StgValue>
</bind>
</comp>

<comp id="188" class="1001" name="const_188">
<pin_list>
<pin id="189" dir="1" index="0" bw="1" slack="2147483647"/>
</pin_list>
<bind>
<StgValue><ssdm name="empty_21"/></StgValue>
</bind>
</comp>

<comp id="190" class="1001" name="const_190">
<pin_list>
<pin id="191" dir="1" index="0" bw="1" slack="2147483647"/>
</pin_list>
<bind>
<StgValue><ssdm name="empty_22"/></StgValue>
</bind>
</comp>

<comp id="192" class="1001" name="const_192">
<pin_list>
<pin id="193" dir="1" index="0" bw="1" slack="2147483647"/>
</pin_list>
<bind>
<StgValue><ssdm name="empty_23"/></StgValue>
</bind>
</comp>

<comp id="194" class="1001" name="const_194">
<pin_list>
<pin id="195" dir="1" index="0" bw="1" slack="2147483647"/>
</pin_list>
<bind>
<StgValue><ssdm name="empty_24"/></StgValue>
</bind>
</comp>

<comp id="196" class="1001" name="const_196">
<pin_list>
<pin id="197" dir="1" index="0" bw="1" slack="2147483647"/>
</pin_list>
<bind>
<StgValue><ssdm name="empty_25"/></StgValue>
</bind>
</comp>

<comp id="198" class="1001" name="const_198">
<pin_list>
<pin id="199" dir="1" index="0" bw="1" slack="2147483647"/>
</pin_list>
<bind>
<StgValue><ssdm name="empty_26"/></StgValue>
</bind>
</comp>

<comp id="200" class="1001" name="const_200">
<pin_list>
<pin id="201" dir="1" index="0" bw="1" slack="2147483647"/>
</pin_list>
<bind>
<StgValue><ssdm name="empty_27"/></StgValue>
</bind>
</comp>

<comp id="202" class="1001" name="const_202">
<pin_list>
<pin id="203" dir="1" index="0" bw="1" slack="2147483647"/>
</pin_list>
<bind>
<StgValue><ssdm name="empty_28"/></StgValue>
</bind>
</comp>

<comp id="204" class="1001" name="const_204">
<pin_list>
<pin id="205" dir="1" index="0" bw="1" slack="2147483647"/>
</pin_list>
<bind>
<StgValue><ssdm name="empty_29"/></StgValue>
</bind>
</comp>

<comp id="206" class="1001" name="const_206">
<pin_list>
<pin id="207" dir="1" index="0" bw="1" slack="2147483647"/>
</pin_list>
<bind>
<StgValue><ssdm name="empty_30"/></StgValue>
</bind>
</comp>

<comp id="208" class="1001" name="const_208">
<pin_list>
<pin id="209" dir="1" index="0" bw="1" slack="2147483647"/>
</pin_list>
<bind>
<StgValue><ssdm name="empty_31"/></StgValue>
</bind>
</comp>

<comp id="210" class="1001" name="const_210">
<pin_list>
<pin id="211" dir="1" index="0" bw="1" slack="2147483647"/>
</pin_list>
<bind>
<StgValue><ssdm name="empty_32"/></StgValue>
</bind>
</comp>

<comp id="212" class="1001" name="const_212">
<pin_list>
<pin id="213" dir="1" index="0" bw="1" slack="2147483647"/>
</pin_list>
<bind>
<StgValue><ssdm name="empty_33"/></StgValue>
</bind>
</comp>

<comp id="214" class="1001" name="const_214">
<pin_list>
<pin id="215" dir="1" index="0" bw="1" slack="2147483647"/>
</pin_list>
<bind>
<StgValue><ssdm name="_ssdm_op_SpecChannel"/></StgValue>
</bind>
</comp>

<comp id="216" class="1001" name="const_216">
<pin_list>
<pin id="217" dir="1" index="0" bw="1" slack="2147483647"/>
</pin_list>
<bind>
<StgValue><ssdm name="stream_in_str"/></StgValue>
</bind>
</comp>

<comp id="218" class="1001" name="const_218">
<pin_list>
<pin id="219" dir="1" index="0" bw="1" slack="2147483647"/>
</pin_list>
<bind>
<StgValue><ssdm name="p_str"/></StgValue>
</bind>
</comp>

<comp id="220" class="1001" name="const_220">
<pin_list>
<pin id="221" dir="1" index="0" bw="1" slack="2147483647"/>
</pin_list>
<bind>
<StgValue><ssdm name=""/></StgValue>
</bind>
</comp>

<comp id="222" class="1001" name="const_222">
<pin_list>
<pin id="223" dir="1" index="0" bw="1" slack="2147483647"/>
</pin_list>
<bind>
<StgValue><ssdm name="empty_34"/></StgValue>
</bind>
</comp>

<comp id="224" class="1001" name="const_224">
<pin_list>
<pin id="225" dir="1" index="0" bw="1" slack="2147483647"/>
</pin_list>
<bind>
<StgValue><ssdm name="stream_in_hresampled_str"/></StgValue>
</bind>
</comp>

<comp id="226" class="1001" name="const_226">
<pin_list>
<pin id="227" dir="1" index="0" bw="1" slack="2147483647"/>
</pin_list>
<bind>
<StgValue><ssdm name="stream_out_hresampled_str"/></StgValue>
</bind>
</comp>

<comp id="228" class="1001" name="const_228">
<pin_list>
<pin id="229" dir="1" index="0" bw="1" slack="2147483647"/>
</pin_list>
<bind>
<StgValue><ssdm name="stream_csc_str"/></StgValue>
</bind>
</comp>

<comp id="230" class="1001" name="const_230">
<pin_list>
<pin id="231" dir="1" index="0" bw="1" slack="2147483647"/>
</pin_list>
<bind>
<StgValue><ssdm name="_ssdm_op_SpecStableContent"/></StgValue>
</bind>
</comp>

<comp id="232" class="1001" name="const_232">
<pin_list>
<pin id="233" dir="1" index="0" bw="1" slack="2147483647"/>
</pin_list>
<bind>
<StgValue><ssdm name=""/></StgValue>
</bind>
</comp>

<comp id="234" class="1001" name="const_234">
<pin_list>
<pin id="235" dir="1" index="0" bw="1" slack="2147483647"/>
</pin_list>
<bind>
<StgValue><ssdm name=""/></StgValue>
</bind>
</comp>

<comp id="236" class="1001" name="const_236">
<pin_list>
<pin id="237" dir="1" index="0" bw="1" slack="0"/>
</pin_list>
<bind>
<StgValue><ssdm name="_ssdm_op_Read.s_axilite.i16P0A"/></StgValue>
</bind>
</comp>

<comp id="238" class="1001" name="const_238">
<pin_list>
<pin id="239" dir="1" index="0" bw="1" slack="2147483647"/>
</pin_list>
<bind>
<StgValue><ssdm name="_ssdm_op_SpecAXISSideChannel"/></StgValue>
</bind>
</comp>

<comp id="240" class="1001" name="const_240">
<pin_list>
<pin id="241" dir="1" index="0" bw="1" slack="2147483647"/>
</pin_list>
<bind>
<StgValue><ssdm name="empty_35"/></StgValue>
</bind>
</comp>

<comp id="242" class="1001" name="const_242">
<pin_list>
<pin id="243" dir="1" index="0" bw="1" slack="2147483647"/>
</pin_list>
<bind>
<StgValue><ssdm name="empty_36"/></StgValue>
</bind>
</comp>

<comp id="244" class="1004" name="stream_in_fu_244">
<pin_list>
<pin id="245" dir="0" index="0" bw="1" slack="0"/>
<pin id="246" dir="1" index="1" bw="48" slack="1"/>
</pin_list>
<bind>
<opcode="alloca(26) " fcode="alloca"/>
<opset="stream_in/1 "/>
</bind>
</comp>

<comp id="248" class="1004" name="stream_in_hresampled_fu_248">
<pin_list>
<pin id="249" dir="0" index="0" bw="1" slack="0"/>
<pin id="250" dir="1" index="1" bw="48" slack="3"/>
</pin_list>
<bind>
<opcode="alloca(26) " fcode="alloca"/>
<opset="stream_in_hresampled/1 "/>
</bind>
</comp>

<comp id="252" class="1004" name="stream_out_hresampled_fu_252">
<pin_list>
<pin id="253" dir="0" index="0" bw="1" slack="0"/>
<pin id="254" dir="1" index="1" bw="48" slack="7"/>
</pin_list>
<bind>
<opcode="alloca(26) " fcode="alloca"/>
<opset="stream_out_hresampled/1 "/>
</bind>
</comp>

<comp id="256" class="1004" name="stream_csc_fu_256">
<pin_list>
<pin id="257" dir="0" index="0" bw="1" slack="0"/>
<pin id="258" dir="1" index="1" bw="48" slack="5"/>
</pin_list>
<bind>
<opcode="alloca(26) " fcode="alloca"/>
<opset="stream_csc/1 "/>
</bind>
</comp>

<comp id="260" class="1004" name="HwReg_width_read_fu_260">
<pin_list>
<pin id="261" dir="0" index="0" bw="16" slack="0"/>
<pin id="262" dir="0" index="1" bw="16" slack="0"/>
<pin id="263" dir="1" index="2" bw="16" slack="2147483647"/>
</pin_list>
<bind>
<opcode="read(1150) " fcode="read"/>
<opset="HwReg_width/12 "/>
</bind>
</comp>

<comp id="266" class="1004" name="HwReg_height_read_fu_266">
<pin_list>
<pin id="267" dir="0" index="0" bw="16" slack="0"/>
<pin id="268" dir="0" index="1" bw="16" slack="0"/>
<pin id="269" dir="1" index="2" bw="16" slack="2147483647"/>
</pin_list>
<bind>
<opcode="read(1150) " fcode="read"/>
<opset="HwReg_height/12 "/>
</bind>
</comp>

<comp id="272" class="1004" name="grp_AXIvideo2MultiPixStream_fu_272">
<pin_list>
<pin id="273" dir="0" index="0" bw="0" slack="0"/>
<pin id="274" dir="0" index="1" bw="16" slack="0"/>
<pin id="275" dir="0" index="2" bw="16" slack="0"/>
<pin id="276" dir="0" index="3" bw="8" slack="0"/>
<pin id="277" dir="0" index="4" bw="48" slack="0"/>
<pin id="278" dir="0" index="5" bw="6" slack="0"/>
<pin id="279" dir="0" index="6" bw="6" slack="0"/>
<pin id="280" dir="0" index="7" bw="1" slack="0"/>
<pin id="281" dir="0" index="8" bw="1" slack="0"/>
<pin id="282" dir="0" index="9" bw="1" slack="0"/>
<pin id="283" dir="0" index="10" bw="1" slack="0"/>
<pin id="284" dir="0" index="11" bw="48" slack="1"/>
<pin id="285" dir="1" index="12" bw="0" slack="2147483647"/>
</pin_list>
<bind>
<opcode="call(48) " fcode="call"/>
<opset="call_ln372/2 "/>
</bind>
</comp>

<comp id="297" class="1004" name="call_ret_Block_entry_proc_1_fu_297">
<pin_list>
<pin id="298" dir="0" index="0" bw="2" slack="0"/>
<pin id="299" dir="0" index="1" bw="8" slack="0"/>
<pin id="300" dir="0" index="2" bw="8" slack="0"/>
<pin id="301" dir="1" index="3" bw="2" slack="0"/>
</pin_list>
<bind>
<opcode="call(48) " fcode="call"/>
<opset="call_ret/4 "/>
</bind>
</comp>

<comp id="305" class="1004" name="grp_v_hcresampler_core_fu_305">
<pin_list>
<pin id="306" dir="0" index="0" bw="0" slack="0"/>
<pin id="307" dir="0" index="1" bw="16" slack="0"/>
<pin id="308" dir="0" index="2" bw="16" slack="0"/>
<pin id="309" dir="0" index="3" bw="1" slack="0"/>
<pin id="310" dir="0" index="4" bw="48" slack="3"/>
<pin id="311" dir="0" index="5" bw="48" slack="3"/>
<pin id="312" dir="1" index="6" bw="0" slack="2147483647"/>
</pin_list>
<bind>
<opcode="call(48) " fcode="call"/>
<opset="call_ln372/4 "/>
</bind>
</comp>

<comp id="316" class="1004" name="grp_v_csc_core_fu_316">
<pin_list>
<pin id="317" dir="0" index="0" bw="0" slack="0"/>
<pin id="318" dir="0" index="1" bw="16" slack="0"/>
<pin id="319" dir="0" index="2" bw="16" slack="0"/>
<pin id="320" dir="0" index="3" bw="16" slack="0"/>
<pin id="321" dir="0" index="4" bw="16" slack="0"/>
<pin id="322" dir="0" index="5" bw="16" slack="0"/>
<pin id="323" dir="0" index="6" bw="16" slack="0"/>
<pin id="324" dir="0" index="7" bw="16" slack="0"/>
<pin id="325" dir="0" index="8" bw="16" slack="0"/>
<pin id="326" dir="0" index="9" bw="16" slack="0"/>
<pin id="327" dir="0" index="10" bw="16" slack="0"/>
<pin id="328" dir="0" index="11" bw="16" slack="0"/>
<pin id="329" dir="0" index="12" bw="16" slack="0"/>
<pin id="330" dir="0" index="13" bw="16" slack="0"/>
<pin id="331" dir="0" index="14" bw="16" slack="0"/>
<pin id="332" dir="0" index="15" bw="16" slack="0"/>
<pin id="333" dir="0" index="16" bw="10" slack="0"/>
<pin id="334" dir="0" index="17" bw="10" slack="0"/>
<pin id="335" dir="0" index="18" bw="10" slack="0"/>
<pin id="336" dir="0" index="19" bw="8" slack="0"/>
<pin id="337" dir="0" index="20" bw="8" slack="0"/>
<pin id="338" dir="0" index="21" bw="16" slack="0"/>
<pin id="339" dir="0" index="22" bw="16" slack="0"/>
<pin id="340" dir="0" index="23" bw="16" slack="0"/>
<pin id="341" dir="0" index="24" bw="16" slack="0"/>
<pin id="342" dir="0" index="25" bw="16" slack="0"/>
<pin id="343" dir="0" index="26" bw="16" slack="0"/>
<pin id="344" dir="0" index="27" bw="16" slack="0"/>
<pin id="345" dir="0" index="28" bw="16" slack="0"/>
<pin id="346" dir="0" index="29" bw="16" slack="0"/>
<pin id="347" dir="0" index="30" bw="10" slack="0"/>
<pin id="348" dir="0" index="31" bw="10" slack="0"/>
<pin id="349" dir="0" index="32" bw="10" slack="0"/>
<pin id="350" dir="0" index="33" bw="8" slack="0"/>
<pin id="351" dir="0" index="34" bw="8" slack="0"/>
<pin id="352" dir="0" index="35" bw="48" slack="5"/>
<pin id="353" dir="0" index="36" bw="48" slack="5"/>
<pin id="354" dir="1" index="37" bw="0" slack="2147483647"/>
</pin_list>
<bind>
<opcode="call(48) " fcode="call"/>
<opset="call_ln372/6 "/>
</bind>
</comp>

<comp id="390" class="1004" name="grp_v_hcresampler_core_1_fu_390">
<pin_list>
<pin id="391" dir="0" index="0" bw="0" slack="0"/>
<pin id="392" dir="0" index="1" bw="16" slack="0"/>
<pin id="393" dir="0" index="2" bw="16" slack="0"/>
<pin id="394" dir="0" index="3" bw="1" slack="4"/>
<pin id="395" dir="0" index="4" bw="48" slack="7"/>
<pin id="396" dir="0" index="5" bw="48" slack="7"/>
<pin id="397" dir="1" index="6" bw="0" slack="2147483647"/>
</pin_list>
<bind>
<opcode="call(48) " fcode="call"/>
<opset="call_ln372/8 "/>
</bind>
</comp>

<comp id="401" class="1004" name="grp_MultiPixStream2AXIvideo_fu_401">
<pin_list>
<pin id="402" dir="0" index="0" bw="0" slack="0"/>
<pin id="403" dir="0" index="1" bw="16" slack="0"/>
<pin id="404" dir="0" index="2" bw="16" slack="0"/>
<pin id="405" dir="0" index="3" bw="8" slack="0"/>
<pin id="406" dir="0" index="4" bw="48" slack="9"/>
<pin id="407" dir="0" index="5" bw="48" slack="0"/>
<pin id="408" dir="0" index="6" bw="6" slack="0"/>
<pin id="409" dir="0" index="7" bw="6" slack="0"/>
<pin id="410" dir="0" index="8" bw="1" slack="0"/>
<pin id="411" dir="0" index="9" bw="1" slack="0"/>
<pin id="412" dir="0" index="10" bw="1" slack="0"/>
<pin id="413" dir="0" index="11" bw="1" slack="0"/>
<pin id="414" dir="1" index="12" bw="0" slack="2147483647"/>
</pin_list>
<bind>
<opcode="call(48) " fcode="call"/>
<opset="call_ln372/10 "/>
</bind>
</comp>

<comp id="426" class="1004" name="cond_loc_channel_fu_426">
<pin_list>
<pin id="427" dir="0" index="0" bw="2" slack="0"/>
<pin id="428" dir="1" index="1" bw="1" slack="0"/>
</pin_list>
<bind>
<opcode="extractvalue(56) " fcode="extractvalue"/>
<opset="cond_loc_channel/4 "/>
</bind>
</comp>

<comp id="431" class="1004" name="cond64_loc_channel_fu_431">
<pin_list>
<pin id="432" dir="0" index="0" bw="2" slack="0"/>
<pin id="433" dir="1" index="1" bw="1" slack="4"/>
</pin_list>
<bind>
<opcode="extractvalue(56) " fcode="extractvalue"/>
<opset="cond64_loc_channel/4 "/>
</bind>
</comp>

<comp id="435" class="1005" name="stream_in_reg_435">
<pin_list>
<pin id="436" dir="0" index="0" bw="48" slack="1"/>
<pin id="437" dir="1" index="1" bw="48" slack="1"/>
</pin_list>
<bind>
<opset="stream_in "/>
</bind>
</comp>

<comp id="441" class="1005" name="stream_in_hresampled_reg_441">
<pin_list>
<pin id="442" dir="0" index="0" bw="48" slack="3"/>
<pin id="443" dir="1" index="1" bw="48" slack="3"/>
</pin_list>
<bind>
<opset="stream_in_hresampled "/>
</bind>
</comp>

<comp id="447" class="1005" name="stream_out_hresampled_reg_447">
<pin_list>
<pin id="448" dir="0" index="0" bw="48" slack="7"/>
<pin id="449" dir="1" index="1" bw="48" slack="7"/>
</pin_list>
<bind>
<opset="stream_out_hresampled "/>
</bind>
</comp>

<comp id="453" class="1005" name="stream_csc_reg_453">
<pin_list>
<pin id="454" dir="0" index="0" bw="48" slack="5"/>
<pin id="455" dir="1" index="1" bw="48" slack="5"/>
</pin_list>
<bind>
<opset="stream_csc "/>
</bind>
</comp>

<comp id="459" class="1005" name="cond_loc_channel_reg_459">
<pin_list>
<pin id="460" dir="0" index="0" bw="1" slack="1"/>
<pin id="461" dir="1" index="1" bw="1" slack="1"/>
</pin_list>
<bind>
<opset="cond_loc_channel "/>
</bind>
</comp>

<comp id="464" class="1005" name="cond64_loc_channel_reg_464">
<pin_list>
<pin id="465" dir="0" index="0" bw="1" slack="4"/>
<pin id="466" dir="1" index="1" bw="1" slack="4"/>
</pin_list>
<bind>
<opset="cond64_loc_channel "/>
</bind>
</comp>

</comp_list>

<net_list>
<net id="247"><net_src comp="100" pin="0"/><net_sink comp="244" pin=0"/></net>

<net id="251"><net_src comp="100" pin="0"/><net_sink comp="248" pin=0"/></net>

<net id="255"><net_src comp="100" pin="0"/><net_sink comp="252" pin=0"/></net>

<net id="259"><net_src comp="100" pin="0"/><net_sink comp="256" pin=0"/></net>

<net id="264"><net_src comp="236" pin="0"/><net_sink comp="260" pin=0"/></net>

<net id="265"><net_src comp="18" pin="0"/><net_sink comp="260" pin=1"/></net>

<net id="270"><net_src comp="236" pin="0"/><net_sink comp="266" pin=0"/></net>

<net id="271"><net_src comp="20" pin="0"/><net_sink comp="266" pin=1"/></net>

<net id="286"><net_src comp="102" pin="0"/><net_sink comp="272" pin=0"/></net>

<net id="287"><net_src comp="20" pin="0"/><net_sink comp="272" pin=1"/></net>

<net id="288"><net_src comp="18" pin="0"/><net_sink comp="272" pin=2"/></net>

<net id="289"><net_src comp="14" pin="0"/><net_sink comp="272" pin=3"/></net>

<net id="290"><net_src comp="0" pin="0"/><net_sink comp="272" pin=4"/></net>

<net id="291"><net_src comp="2" pin="0"/><net_sink comp="272" pin=5"/></net>

<net id="292"><net_src comp="4" pin="0"/><net_sink comp="272" pin=6"/></net>

<net id="293"><net_src comp="6" pin="0"/><net_sink comp="272" pin=7"/></net>

<net id="294"><net_src comp="8" pin="0"/><net_sink comp="272" pin=8"/></net>

<net id="295"><net_src comp="10" pin="0"/><net_sink comp="272" pin=9"/></net>

<net id="296"><net_src comp="12" pin="0"/><net_sink comp="272" pin=10"/></net>

<net id="302"><net_src comp="104" pin="0"/><net_sink comp="297" pin=0"/></net>

<net id="303"><net_src comp="14" pin="0"/><net_sink comp="297" pin=1"/></net>

<net id="304"><net_src comp="16" pin="0"/><net_sink comp="297" pin=2"/></net>

<net id="313"><net_src comp="106" pin="0"/><net_sink comp="305" pin=0"/></net>

<net id="314"><net_src comp="20" pin="0"/><net_sink comp="305" pin=1"/></net>

<net id="315"><net_src comp="18" pin="0"/><net_sink comp="305" pin=2"/></net>

<net id="355"><net_src comp="108" pin="0"/><net_sink comp="316" pin=0"/></net>

<net id="356"><net_src comp="20" pin="0"/><net_sink comp="316" pin=1"/></net>

<net id="357"><net_src comp="18" pin="0"/><net_sink comp="316" pin=2"/></net>

<net id="358"><net_src comp="22" pin="0"/><net_sink comp="316" pin=3"/></net>

<net id="359"><net_src comp="24" pin="0"/><net_sink comp="316" pin=4"/></net>

<net id="360"><net_src comp="26" pin="0"/><net_sink comp="316" pin=5"/></net>

<net id="361"><net_src comp="28" pin="0"/><net_sink comp="316" pin=6"/></net>

<net id="362"><net_src comp="30" pin="0"/><net_sink comp="316" pin=7"/></net>

<net id="363"><net_src comp="32" pin="0"/><net_sink comp="316" pin=8"/></net>

<net id="364"><net_src comp="34" pin="0"/><net_sink comp="316" pin=9"/></net>

<net id="365"><net_src comp="36" pin="0"/><net_sink comp="316" pin=10"/></net>

<net id="366"><net_src comp="38" pin="0"/><net_sink comp="316" pin=11"/></net>

<net id="367"><net_src comp="40" pin="0"/><net_sink comp="316" pin=12"/></net>

<net id="368"><net_src comp="42" pin="0"/><net_sink comp="316" pin=13"/></net>

<net id="369"><net_src comp="44" pin="0"/><net_sink comp="316" pin=14"/></net>

<net id="370"><net_src comp="46" pin="0"/><net_sink comp="316" pin=15"/></net>

<net id="371"><net_src comp="48" pin="0"/><net_sink comp="316" pin=16"/></net>

<net id="372"><net_src comp="50" pin="0"/><net_sink comp="316" pin=17"/></net>

<net id="373"><net_src comp="52" pin="0"/><net_sink comp="316" pin=18"/></net>

<net id="374"><net_src comp="54" pin="0"/><net_sink comp="316" pin=19"/></net>

<net id="375"><net_src comp="56" pin="0"/><net_sink comp="316" pin=20"/></net>

<net id="376"><net_src comp="58" pin="0"/><net_sink comp="316" pin=21"/></net>

<net id="377"><net_src comp="60" pin="0"/><net_sink comp="316" pin=22"/></net>

<net id="378"><net_src comp="62" pin="0"/><net_sink comp="316" pin=23"/></net>

<net id="379"><net_src comp="64" pin="0"/><net_sink comp="316" pin=24"/></net>

<net id="380"><net_src comp="66" pin="0"/><net_sink comp="316" pin=25"/></net>

<net id="381"><net_src comp="68" pin="0"/><net_sink comp="316" pin=26"/></net>

<net id="382"><net_src comp="70" pin="0"/><net_sink comp="316" pin=27"/></net>

<net id="383"><net_src comp="72" pin="0"/><net_sink comp="316" pin=28"/></net>

<net id="384"><net_src comp="74" pin="0"/><net_sink comp="316" pin=29"/></net>

<net id="385"><net_src comp="76" pin="0"/><net_sink comp="316" pin=30"/></net>

<net id="386"><net_src comp="78" pin="0"/><net_sink comp="316" pin=31"/></net>

<net id="387"><net_src comp="80" pin="0"/><net_sink comp="316" pin=32"/></net>

<net id="388"><net_src comp="82" pin="0"/><net_sink comp="316" pin=33"/></net>

<net id="389"><net_src comp="84" pin="0"/><net_sink comp="316" pin=34"/></net>

<net id="398"><net_src comp="110" pin="0"/><net_sink comp="390" pin=0"/></net>

<net id="399"><net_src comp="20" pin="0"/><net_sink comp="390" pin=1"/></net>

<net id="400"><net_src comp="18" pin="0"/><net_sink comp="390" pin=2"/></net>

<net id="415"><net_src comp="112" pin="0"/><net_sink comp="401" pin=0"/></net>

<net id="416"><net_src comp="20" pin="0"/><net_sink comp="401" pin=1"/></net>

<net id="417"><net_src comp="18" pin="0"/><net_sink comp="401" pin=2"/></net>

<net id="418"><net_src comp="16" pin="0"/><net_sink comp="401" pin=3"/></net>

<net id="419"><net_src comp="86" pin="0"/><net_sink comp="401" pin=5"/></net>

<net id="420"><net_src comp="88" pin="0"/><net_sink comp="401" pin=6"/></net>

<net id="421"><net_src comp="90" pin="0"/><net_sink comp="401" pin=7"/></net>

<net id="422"><net_src comp="92" pin="0"/><net_sink comp="401" pin=8"/></net>

<net id="423"><net_src comp="94" pin="0"/><net_sink comp="401" pin=9"/></net>

<net id="424"><net_src comp="96" pin="0"/><net_sink comp="401" pin=10"/></net>

<net id="425"><net_src comp="98" pin="0"/><net_sink comp="401" pin=11"/></net>

<net id="429"><net_src comp="297" pin="3"/><net_sink comp="426" pin=0"/></net>

<net id="430"><net_src comp="426" pin="1"/><net_sink comp="305" pin=3"/></net>

<net id="434"><net_src comp="297" pin="3"/><net_sink comp="431" pin=0"/></net>

<net id="438"><net_src comp="244" pin="1"/><net_sink comp="435" pin=0"/></net>

<net id="439"><net_src comp="435" pin="1"/><net_sink comp="272" pin=11"/></net>

<net id="440"><net_src comp="435" pin="1"/><net_sink comp="305" pin=4"/></net>

<net id="444"><net_src comp="248" pin="1"/><net_sink comp="441" pin=0"/></net>

<net id="445"><net_src comp="441" pin="1"/><net_sink comp="305" pin=5"/></net>

<net id="446"><net_src comp="441" pin="1"/><net_sink comp="316" pin=35"/></net>

<net id="450"><net_src comp="252" pin="1"/><net_sink comp="447" pin=0"/></net>

<net id="451"><net_src comp="447" pin="1"/><net_sink comp="390" pin=5"/></net>

<net id="452"><net_src comp="447" pin="1"/><net_sink comp="401" pin=4"/></net>

<net id="456"><net_src comp="256" pin="1"/><net_sink comp="453" pin=0"/></net>

<net id="457"><net_src comp="453" pin="1"/><net_sink comp="316" pin=36"/></net>

<net id="458"><net_src comp="453" pin="1"/><net_sink comp="390" pin=4"/></net>

<net id="462"><net_src comp="426" pin="1"/><net_sink comp="459" pin=0"/></net>

<net id="463"><net_src comp="459" pin="1"/><net_sink comp="305" pin=3"/></net>

<net id="467"><net_src comp="431" pin="1"/><net_sink comp="464" pin=0"/></net>

<net id="468"><net_src comp="464" pin="1"/><net_sink comp="390" pin=3"/></net>

</net_list>

</model> 
---------------- Datapath Model END ------------------

* FSMD analyzer results:
  - Output states:
	Port: m_axis_video_V_data_V | {10 11 }
	Port: m_axis_video_V_keep_V | {10 11 }
	Port: m_axis_video_V_strb_V | {10 11 }
	Port: m_axis_video_V_user_V | {10 11 }
	Port: m_axis_video_V_last_V | {10 11 }
	Port: m_axis_video_V_id_V | {10 11 }
	Port: m_axis_video_V_dest_V | {10 11 }
 - Input state : 
	Port: v_csc : s_axis_video_V_data_V | {2 3 }
	Port: v_csc : s_axis_video_V_keep_V | {2 3 }
	Port: v_csc : s_axis_video_V_strb_V | {2 3 }
	Port: v_csc : s_axis_video_V_user_V | {2 3 }
	Port: v_csc : s_axis_video_V_last_V | {2 3 }
	Port: v_csc : s_axis_video_V_id_V | {2 3 }
	Port: v_csc : s_axis_video_V_dest_V | {2 3 }
	Port: v_csc : InVideoFormat | {2 3 4 }
	Port: v_csc : OutVideoFormat | {4 10 11 }
	Port: v_csc : width | {2 3 4 5 6 7 8 9 10 11 12 }
	Port: v_csc : height | {2 3 4 5 6 7 8 9 10 11 12 }
	Port: v_csc : ColStart | {6 7 }
	Port: v_csc : ColEnd | {6 7 }
	Port: v_csc : RowStart | {6 7 }
	Port: v_csc : RowEnd | {6 7 }
	Port: v_csc : K11 | {6 7 }
	Port: v_csc : K12 | {6 7 }
	Port: v_csc : K13 | {6 7 }
	Port: v_csc : K21 | {6 7 }
	Port: v_csc : K22 | {6 7 }
	Port: v_csc : K23 | {6 7 }
	Port: v_csc : K31 | {6 7 }
	Port: v_csc : K32 | {6 7 }
	Port: v_csc : K33 | {6 7 }
	Port: v_csc : ROffset | {6 7 }
	Port: v_csc : GOffset | {6 7 }
	Port: v_csc : BOffset | {6 7 }
	Port: v_csc : ClampMin | {6 7 }
	Port: v_csc : ClipMax | {6 7 }
	Port: v_csc : K11_2 | {6 7 }
	Port: v_csc : K12_2 | {6 7 }
	Port: v_csc : K13_2 | {6 7 }
	Port: v_csc : K21_2 | {6 7 }
	Port: v_csc : K22_2 | {6 7 }
	Port: v_csc : K23_2 | {6 7 }
	Port: v_csc : K31_2 | {6 7 }
	Port: v_csc : K32_2 | {6 7 }
	Port: v_csc : K33_2 | {6 7 }
	Port: v_csc : ROffset_2 | {6 7 }
	Port: v_csc : GOffset_2 | {6 7 }
	Port: v_csc : BOffset_2 | {6 7 }
	Port: v_csc : ClampMin_2 | {6 7 }
	Port: v_csc : ClipMax_2 | {6 7 }
  - Chain level:
	State 1
	State 2
	State 3
	State 4
		cond_loc_channel : 1
		cond64_loc_channel : 1
		call_ln372 : 2
	State 5
	State 6
	State 7
	State 8
	State 9
	State 10
	State 11
	State 12


============================================================
+ Verbose Summary: Datapath Resource usage 
============================================================

* Functional unit list:
|----------|------------------------------------|---------|---------|---------|---------|
| Operation|           Functional Unit          |   DSP   |  Delay  |    FF   |   LUT   |
|----------|------------------------------------|---------|---------|---------|---------|
|          | grp_AXIvideo2MultiPixStream_fu_272 |    0    |  1.036  |   241   |   169   |
|          | call_ret_Block_entry_proc_1_fu_297 |    0    |    0    |    0    |    64   |
|   call   |    grp_v_hcresampler_core_fu_305   |    0    |  0.489  |   389   |   372   |
|          |        grp_v_csc_core_fu_316       |    18   |  12.573 |   2090  |   2184  |
|          |   grp_v_hcresampler_core_1_fu_390  |    0    |  0.489  |   453   |   442   |
|          | grp_MultiPixStream2AXIvideo_fu_401 |    0    |  0.547  |   168   |   144   |
|----------|------------------------------------|---------|---------|---------|---------|
|   read   |       HwReg_width_read_fu_260      |    0    |    0    |    0    |    0    |
|          |      HwReg_height_read_fu_266      |    0    |    0    |    0    |    0    |
|----------|------------------------------------|---------|---------|---------|---------|
|extractvalue|       cond_loc_channel_fu_426      |    0    |    0    |    0    |    0    |
|          |      cond64_loc_channel_fu_431     |    0    |    0    |    0    |    0    |
|----------|------------------------------------|---------|---------|---------|---------|
|   Total  |                                    |    18   |  15.134 |   3341  |   3375  |
|----------|------------------------------------|---------|---------|---------|---------|

Memories:
N/A

* Register list:
+-----------------------------+--------+
|                             |   FF   |
+-----------------------------+--------+
|  cond64_loc_channel_reg_464 |    1   |
|   cond_loc_channel_reg_459  |    1   |
|      stream_csc_reg_453     |   48   |
| stream_in_hresampled_reg_441|   48   |
|      stream_in_reg_435      |   48   |
|stream_out_hresampled_reg_447|   48   |
+-----------------------------+--------+
|            Total            |   194  |
+-----------------------------+--------+

* Multiplexer (MUX) list: 
|-------------------------------|------|------|------|--------||---------||---------||---------|
|              Comp             |  Pin | Size |  BW  | S x BW ||  Delay  ||    FF   ||   LUT   |
|-------------------------------|------|------|------|--------||---------||---------||---------|
| grp_v_hcresampler_core_fu_305 |  p3  |   2  |   1  |    2   ||    0    ||    9    |
|-------------------------------|------|------|------|--------||---------||---------||---------|
|             Total             |      |      |      |    2   ||  0.489  ||    0    ||    9    |
|-------------------------------|------|------|------|--------||---------||---------||---------|



* Summary:
+-----------+--------+--------+--------+--------+
|           |   DSP  |  Delay |   FF   |   LUT  |
+-----------+--------+--------+--------+--------+
|  Function |   18   |   15   |  3341  |  3375  |
|   Memory  |    -   |    -   |    -   |    -   |
|Multiplexer|    -   |    0   |    0   |    9   |
|  Register |    -   |    -   |   194  |    -   |
+-----------+--------+--------+--------+--------+
|   Total   |   18   |   15   |  3535  |  3384  |
+-----------+--------+--------+--------+--------+
