

================================================================
== Vitis HLS Report for 'v_hcresampler_core_1_Pipeline_VITIS_LOOP_769_2'
================================================================
* Date:           Wed Jan 21 13:02:34 2026

* Version:        2025.2 (Build 6295257 on Nov 14 2025)
* Project:        prj
* Solution:       sol (Vivado IP Flow Target)
* Product family: zynquplus
* Target device:  xczu2cg-sfvc784-1-e


================================================================
== Performance Estimates
================================================================
+ Timing: 
    * Summary: 
    +--------+---------+----------+------------+
    |  Clock |  Target | Estimated| Uncertainty|
    +--------+---------+----------+------------+
    |ap_clk  |  5.00 ns|  2.476 ns|     1.35 ns|
    +--------+---------+----------+------------+

+ Latency: 
    * Summary: 
    +---------+---------+-----------+----------+-----+-----+-------------------+
    |  Latency (cycles) |  Latency (absolute)  |  Interval |      Pipeline     |
    |   min   |   max   |    min    |    max   | min | max |        Type       |
    +---------+---------+-----------+----------+-----+-----+-------------------+
    |        4|    32771|  20.000 ns|  0.164 ms|    0|    0|  loop pipeline stp|
    +---------+---------+-----------+----------+-----+-----+-------------------+

    + Detail: 
        * Instance: 
        N/A

        * Loop: 
        +--------------------+---------+---------+----------+-----------+-----------+-----------+----------+
        |                    |  Latency (cycles) | Iteration|  Initiation Interval  |    Trip   |          |
        |      Loop Name     |   min   |   max   |  Latency |  achieved |   target  |   Count   | Pipelined|
        +--------------------+---------+---------+----------+-----------+-----------+-----------+----------+
        |- VITIS_LOOP_769_2  |        2|    32769|         4|          1|          1|  0 ~ 32767|       yes|
        +--------------------+---------+---------+----------+-----------+-----------+-----------+----------+



================================================================
== Utilization Estimates
================================================================
* Summary: 
+-----------------+---------+-----+-------+-------+-----+
|       Name      | BRAM_18K| DSP |   FF  |  LUT  | URAM|
+-----------------+---------+-----+-------+-------+-----+
|DSP              |        -|    -|      -|      -|    -|
|Expression       |        -|    -|      0|    330|    -|
|FIFO             |        -|    -|      -|      -|    -|
|Instance         |        -|    -|      -|      -|    -|
|Memory           |        -|    -|      -|      -|    -|
|Multiplexer      |        -|    -|      0|    284|    -|
|Register         |        -|    -|    222|     32|    -|
+-----------------+---------+-----+-------+-------+-----+
|Total            |        0|    0|    222|    646|    0|
+-----------------+---------+-----+-------+-------+-----+
|Available        |      300|  240|  94464|  47232|    0|
+-----------------+---------+-----+-------+-------+-----+
|Utilization (%)  |        0|    0|     ~0|      1|    0|
+-----------------+---------+-----+-------+-------+-----+

+ Detail: 
    * Instance: 
    N/A

    * DSP: 
    N/A

    * Memory: 
    N/A

    * FIFO: 
    N/A

    * Expression: 
    +---------------------------------------+----------+----+---+----+------------+------------+
    |             Variable Name             | Operation| DSP| FF| LUT| Bitwidth P0| Bitwidth P1|
    +---------------------------------------+----------+----+---+----+------------+------------+
    |add_ln891_1_fu_707_p2                  |         +|   0|  0|  18|          10|          10|
    |add_ln891_2_fu_701_p2                  |         +|   0|  0|  18|          10|          10|
    |add_ln891_fu_691_p2                    |         +|   0|  0|  16|           9|           2|
    |add_ln894_1_fu_756_p2                  |         +|   0|  0|  18|          10|          10|
    |add_ln894_2_fu_750_p2                  |         +|   0|  0|  18|          10|          10|
    |add_ln894_fu_740_p2                    |         +|   0|  0|  16|           9|           2|
    |x_4_fu_399_p2                          |         +|   0|  0|  22|          15|           1|
    |out_x_fu_405_p2                        |         -|   0|  0|  23|          16|          16|
    |ap_block_state2_pp0_stage0_iter1_grp1  |       and|   0|  0|   2|           1|           1|
    |ap_block_state3_pp0_stage0_iter2_grp1  |       and|   0|  0|   2|           1|           1|
    |ap_block_state4_pp0_stage0_iter3_grp1  |       and|   0|  0|   2|           1|           1|
    |ap_condition_668                       |       and|   0|  0|   2|           1|           1|
    |ap_predicate_op133_write_state3        |       and|   0|  0|   2|           1|           1|
    |ap_predicate_op153_write_state4        |       and|   0|  0|   2|           1|           1|
    |ap_predicate_op63_read_state2          |       and|   0|  0|   2|           1|           1|
    |icmp_ln769_fu_393_p2                   |      icmp|   0|  0|  23|          16|          16|
    |icmp_ln777_fu_411_p2                   |      icmp|   0|  0|  22|          15|          15|
    |icmp_ln833_fu_417_p2                   |      icmp|   0|  0|  22|          15|           1|
    |ap_block_pp0_stage0_01001_grp1         |        or|   0|  0|   2|           1|           1|
    |select_ln845_1_fu_615_p3               |    select|   0|  0|   8|           1|           8|
    |select_ln845_fu_608_p3                 |    select|   0|  0|   8|           1|           8|
    |select_ln859_1_fu_629_p3               |    select|   0|  0|   8|           1|           8|
    |select_ln859_2_fu_636_p3               |    select|   0|  0|   8|           1|           8|
    |select_ln859_3_fu_643_p3               |    select|   0|  0|   8|           1|           8|
    |select_ln859_4_fu_650_p3               |    select|   0|  0|   8|           1|           8|
    |select_ln859_5_fu_657_p3               |    select|   0|  0|   8|           1|           8|
    |select_ln859_6_fu_664_p3               |    select|   0|  0|   8|           1|           8|
    |select_ln859_7_fu_713_p3               |    select|   0|  0|   8|           1|           8|
    |select_ln859_fu_622_p3                 |    select|   0|  0|   8|           1|           8|
    |select_ln903_1_fu_897_p3               |    select|   0|  0|   8|           1|           8|
    |select_ln903_fu_891_p3                 |    select|   0|  0|   8|           1|           8|
    |ap_enable_pp0                          |       xor|   0|  0|   2|           1|           2|
    +---------------------------------------+----------+----+---+----+------------+------------+
    |Total                                  |          |   0|  0| 330|         156|         199|
    +---------------------------------------+----------+----+---+----+------------+------------+

    * Multiplexer: 
    +---------------------------------+----+-----------+-----+-----------+
    |               Name              | LUT| Input Size| Bits| Total Bits|
    +---------------------------------+----+-----------+-----+-----------+
    |ap_done_int                      |   9|          2|    1|          2|
    |ap_enable_reg_pp0_iter3          |   9|          2|    1|          2|
    |ap_sig_allocacmp_x_3             |   9|          2|   15|         30|
    |inpix_0_0_0_0_0_load745_i_out_o  |   9|          2|    8|         16|
    |inpix_0_1_0_0_0_load747_i_out_o  |   9|          2|    8|         16|
    |inpix_0_2_0_0_0_load749_i_out_o  |   9|          2|    8|         16|
    |inpix_0_3_0_0_0_load751_i_out_o  |   9|          2|    8|         16|
    |inpix_0_4_0_0_0_load753_i_out_o  |   9|          2|    8|         16|
    |inpix_0_5_0_0_0_load755_i_out_o  |   9|          2|    8|         16|
    |mpix_cb_2_out_o                  |   9|          2|    8|         16|
    |mpix_cb_3_fu_178                 |   9|          2|    8|         16|
    |mpix_cr_2_out_o                  |   9|          2|    8|         16|
    |mpix_cr_3_fu_182                 |   9|          2|    8|         16|
    |p_0_0_0_0_0509_1_3787_i_fu_158   |   9|          2|    8|         16|
    |p_0_0_0_0_0509_2770_i_out_o      |   9|          2|    8|         16|
    |p_0_0_0_0_0509_3778_i_out_o      |   9|          2|    8|         16|
    |p_0_0_0_0_0517757_i_fu_170       |   9|          2|    8|         16|
    |p_0_0_0_0_0_2774_i_out_o         |   9|          2|    8|         16|
    |p_0_0_0_0_0_3782_i_out_o         |   9|          2|    8|         16|
    |p_0_3_0_0_0759_i_fu_174          |   9|          2|    8|         16|
    |pixbuf_y_10_fu_198               |   9|          2|    8|         16|
    |pixbuf_y_6_out_o                 |   9|          2|    8|         16|
    |pixbuf_y_7_out_o                 |   9|          2|    8|         16|
    |pixbuf_y_8_fu_190                |   9|          2|    8|         16|
    |pixbuf_y_9_fu_194                |   9|          2|    8|         16|
    |pixbuf_y_fu_186                  |   9|          2|    8|         16|
    |storemerge744791_i_fu_162        |   9|          2|    8|         16|
    |stream_csc_blk_n                 |   9|          2|    1|          2|
    |stream_out_hresampled_blk_n      |   9|          2|    1|          2|
    |stream_out_hresampled_din        |  14|          3|   48|        144|
    |x_fu_166                         |   9|          2|   15|         30|
    +---------------------------------+----+-----------+-----+-----------+
    |Total                            | 284|         63|  274|        596|
    +---------------------------------+----+-----------+-----+-----------+

    * Register: 
    +-------------------------------------------+----+----+-----+-----------+
    |                    Name                   | FF | LUT| Bits| Const Bits|
    +-------------------------------------------+----+----+-----+-----------+
    |ap_CS_fsm                                  |   1|   0|    1|          0|
    |ap_block_pp0_stage0_subdone_grp0_done_reg  |   1|   0|    1|          0|
    |ap_done_reg                                |   1|   0|    1|          0|
    |ap_enable_reg_pp0_iter1                    |   1|   0|    1|          0|
    |ap_enable_reg_pp0_iter2                    |   1|   0|    1|          0|
    |ap_enable_reg_pp0_iter3                    |   1|   0|    1|          0|
    |ap_loop_exit_ready_pp0_iter1_reg           |   1|   0|    1|          0|
    |ap_loop_exit_ready_pp0_iter2_reg           |   1|   0|    1|          0|
    |icmp_ln769_reg_1035                        |   1|   0|    1|          0|
    |icmp_ln769_reg_1035_pp0_iter1_reg          |   1|   0|    1|          0|
    |icmp_ln777_reg_1039                        |   1|   0|    1|          0|
    |icmp_ln777_reg_1039_pp0_iter1_reg          |   1|   0|    1|          0|
    |icmp_ln833_reg_1045                        |   1|   0|    1|          0|
    |icmp_ln833_reg_1045_pp0_iter1_reg          |   1|   0|    1|          0|
    |lshr_ln1_reg_1081                          |   8|   0|    8|          0|
    |mpix_cb_3_fu_178                           |   8|   0|    8|          0|
    |mpix_cr_3_fu_182                           |   8|   0|    8|          0|
    |p_0_0_0_0_0509_1_3787_i_fu_158             |   8|   0|    8|          0|
    |p_0_0_0_0_0517757_i_fu_170                 |   8|   0|    8|          0|
    |p_0_3_0_0_0759_i_fu_174                    |   8|   0|    8|          0|
    |pixbuf_y_10_fu_198                         |   8|   0|    8|          0|
    |pixbuf_y_11_reg_1061                       |   8|   0|    8|          0|
    |pixbuf_y_12_reg_1066                       |   8|   0|    8|          0|
    |pixbuf_y_13_reg_1071                       |   8|   0|    8|          0|
    |pixbuf_y_14_reg_1076                       |   8|   0|    8|          0|
    |pixbuf_y_8_fu_190                          |   8|   0|    8|          0|
    |pixbuf_y_9_fu_194                          |   8|   0|    8|          0|
    |pixbuf_y_fu_186                            |   8|   0|    8|          0|
    |storemerge744791_i_fu_162                  |   8|   0|    8|          0|
    |tmp_reg_1057                               |   1|   0|    1|          0|
    |trunc_ln2_reg_1086                         |   8|   0|    8|          0|
    |x_fu_166                                   |  15|   0|   15|          0|
    |tmp_reg_1057                               |  64|  32|    1|          0|
    +-------------------------------------------+----+----+-----+-----------+
    |Total                                      | 222|  32|  159|          0|
    +-------------------------------------------+----+----+-----+-----------+



================================================================
== Interface
================================================================
* Summary: 
+----------------------------------------+-----+-----+------------+------------------------------------------------+--------------+
|                RTL Ports               | Dir | Bits|  Protocol  |                  Source Object                 |    C Type    |
+----------------------------------------+-----+-----+------------+------------------------------------------------+--------------+
|ap_clk                                  |   in|    1|  ap_ctrl_hs|  v_hcresampler_core.1_Pipeline_VITIS_LOOP_769_2|  return value|
|ap_rst                                  |   in|    1|  ap_ctrl_hs|  v_hcresampler_core.1_Pipeline_VITIS_LOOP_769_2|  return value|
|ap_start                                |   in|    1|  ap_ctrl_hs|  v_hcresampler_core.1_Pipeline_VITIS_LOOP_769_2|  return value|
|ap_done                                 |  out|    1|  ap_ctrl_hs|  v_hcresampler_core.1_Pipeline_VITIS_LOOP_769_2|  return value|
|ap_idle                                 |  out|    1|  ap_ctrl_hs|  v_hcresampler_core.1_Pipeline_VITIS_LOOP_769_2|  return value|
|ap_ready                                |  out|    1|  ap_ctrl_hs|  v_hcresampler_core.1_Pipeline_VITIS_LOOP_769_2|  return value|
|stream_csc_dout                         |   in|   48|     ap_fifo|                                      stream_csc|       pointer|
|stream_csc_empty_n                      |   in|    1|     ap_fifo|                                      stream_csc|       pointer|
|stream_csc_read                         |  out|    1|     ap_fifo|                                      stream_csc|       pointer|
|stream_csc_num_data_valid               |   in|    5|     ap_fifo|                                      stream_csc|       pointer|
|stream_csc_fifo_cap                     |   in|    5|     ap_fifo|                                      stream_csc|       pointer|
|stream_out_hresampled_din               |  out|   48|     ap_fifo|                           stream_out_hresampled|       pointer|
|stream_out_hresampled_full_n            |   in|    1|     ap_fifo|                           stream_out_hresampled|       pointer|
|stream_out_hresampled_write             |  out|    1|     ap_fifo|                           stream_out_hresampled|       pointer|
|stream_out_hresampled_num_data_valid    |   in|   32|     ap_fifo|                           stream_out_hresampled|       pointer|
|stream_out_hresampled_fifo_cap          |   in|   32|     ap_fifo|                           stream_out_hresampled|       pointer|
|pixbuf_y_5                              |   in|    8|     ap_none|                                      pixbuf_y_5|        scalar|
|pixbuf_y_4                              |   in|    8|     ap_none|                                      pixbuf_y_4|        scalar|
|pixbuf_y_3                              |   in|    8|     ap_none|                                      pixbuf_y_3|        scalar|
|pixbuf_y_2                              |   in|    8|     ap_none|                                      pixbuf_y_2|        scalar|
|mpix_cr_1                               |   in|    8|     ap_none|                                       mpix_cr_1|        scalar|
|mpix_cb_1                               |   in|    8|     ap_none|                                       mpix_cb_1|        scalar|
|storemerge_lcssa850_i                   |   in|    8|     ap_none|                           storemerge_lcssa850_i|        scalar|
|p_0_0_0_0_0509_1_3788_lcssa847_i        |   in|    8|     ap_none|                p_0_0_0_0_0509_1_3788_lcssa847_i|        scalar|
|p_0_3_0_0_0760_lcssa821_i               |   in|    8|     ap_none|                       p_0_3_0_0_0760_lcssa821_i|        scalar|
|p_0_0_0_0_0517758_lcssa818_i            |   in|    8|     ap_none|                    p_0_0_0_0_0517758_lcssa818_i|        scalar|
|loopWidth                               |   in|   16|     ap_none|                                       loopWidth|        scalar|
|p_read                                  |   in|    1|     ap_none|                                          p_read|        scalar|
|zext_ln730                              |   in|    1|     ap_none|                                      zext_ln730|        scalar|
|lshr_ln                                 |   in|   15|   ap_stable|                                         lshr_ln|        scalar|
|pixbuf_y_11_out                         |  out|    8|      ap_vld|                                 pixbuf_y_11_out|       pointer|
|pixbuf_y_11_out_ap_vld                  |  out|    1|      ap_vld|                                 pixbuf_y_11_out|       pointer|
|pixbuf_y_10_out                         |  out|    8|      ap_vld|                                 pixbuf_y_10_out|       pointer|
|pixbuf_y_10_out_ap_vld                  |  out|    1|      ap_vld|                                 pixbuf_y_10_out|       pointer|
|pixbuf_y_9_out                          |  out|    8|      ap_vld|                                  pixbuf_y_9_out|       pointer|
|pixbuf_y_9_out_ap_vld                   |  out|    1|      ap_vld|                                  pixbuf_y_9_out|       pointer|
|pixbuf_y_8_out                          |  out|    8|      ap_vld|                                  pixbuf_y_8_out|       pointer|
|pixbuf_y_8_out_ap_vld                   |  out|    1|      ap_vld|                                  pixbuf_y_8_out|       pointer|
|pixbuf_y_7_out_i                        |   in|    8|     ap_ovld|                                  pixbuf_y_7_out|       pointer|
|pixbuf_y_7_out_o                        |  out|    8|     ap_ovld|                                  pixbuf_y_7_out|       pointer|
|pixbuf_y_7_out_o_ap_vld                 |  out|    1|     ap_ovld|                                  pixbuf_y_7_out|       pointer|
|pixbuf_y_6_out_i                        |   in|    8|     ap_ovld|                                  pixbuf_y_6_out|       pointer|
|pixbuf_y_6_out_o                        |  out|    8|     ap_ovld|                                  pixbuf_y_6_out|       pointer|
|pixbuf_y_6_out_o_ap_vld                 |  out|    1|     ap_ovld|                                  pixbuf_y_6_out|       pointer|
|mpix_cr_3_out                           |  out|    8|      ap_vld|                                   mpix_cr_3_out|       pointer|
|mpix_cr_3_out_ap_vld                    |  out|    1|      ap_vld|                                   mpix_cr_3_out|       pointer|
|mpix_cr_2_out_i                         |   in|    8|     ap_ovld|                                   mpix_cr_2_out|       pointer|
|mpix_cr_2_out_o                         |  out|    8|     ap_ovld|                                   mpix_cr_2_out|       pointer|
|mpix_cr_2_out_o_ap_vld                  |  out|    1|     ap_ovld|                                   mpix_cr_2_out|       pointer|
|mpix_cb_3_out                           |  out|    8|      ap_vld|                                   mpix_cb_3_out|       pointer|
|mpix_cb_3_out_ap_vld                    |  out|    1|      ap_vld|                                   mpix_cb_3_out|       pointer|
|mpix_cb_2_out_i                         |   in|    8|     ap_ovld|                                   mpix_cb_2_out|       pointer|
|mpix_cb_2_out_o                         |  out|    8|     ap_ovld|                                   mpix_cb_2_out|       pointer|
|mpix_cb_2_out_o_ap_vld                  |  out|    1|     ap_ovld|                                   mpix_cb_2_out|       pointer|
|p_0_0_0_0_0_3782_i_out_i                |   in|    8|     ap_ovld|                          p_0_0_0_0_0_3782_i_out|       pointer|
|p_0_0_0_0_0_3782_i_out_o                |  out|    8|     ap_ovld|                          p_0_0_0_0_0_3782_i_out|       pointer|
|p_0_0_0_0_0_3782_i_out_o_ap_vld         |  out|    1|     ap_ovld|                          p_0_0_0_0_0_3782_i_out|       pointer|
|p_0_0_0_0_0509_3778_i_out_i             |   in|    8|     ap_ovld|                       p_0_0_0_0_0509_3778_i_out|       pointer|
|p_0_0_0_0_0509_3778_i_out_o             |  out|    8|     ap_ovld|                       p_0_0_0_0_0509_3778_i_out|       pointer|
|p_0_0_0_0_0509_3778_i_out_o_ap_vld      |  out|    1|     ap_ovld|                       p_0_0_0_0_0509_3778_i_out|       pointer|
|p_0_0_0_0_0_2774_i_out_i                |   in|    8|     ap_ovld|                          p_0_0_0_0_0_2774_i_out|       pointer|
|p_0_0_0_0_0_2774_i_out_o                |  out|    8|     ap_ovld|                          p_0_0_0_0_0_2774_i_out|       pointer|
|p_0_0_0_0_0_2774_i_out_o_ap_vld         |  out|    1|     ap_ovld|                          p_0_0_0_0_0_2774_i_out|       pointer|
|p_0_0_0_0_0509_2770_i_out_i             |   in|    8|     ap_ovld|                       p_0_0_0_0_0509_2770_i_out|       pointer|
|p_0_0_0_0_0509_2770_i_out_o             |  out|    8|     ap_ovld|                       p_0_0_0_0_0509_2770_i_out|       pointer|
|p_0_0_0_0_0509_2770_i_out_o_ap_vld      |  out|    1|     ap_ovld|                       p_0_0_0_0_0509_2770_i_out|       pointer|
|inpix_0_5_0_0_0_load755_i_out_i         |   in|    8|     ap_ovld|                   inpix_0_5_0_0_0_load755_i_out|       pointer|
|inpix_0_5_0_0_0_load755_i_out_o         |  out|    8|     ap_ovld|                   inpix_0_5_0_0_0_load755_i_out|       pointer|
|inpix_0_5_0_0_0_load755_i_out_o_ap_vld  |  out|    1|     ap_ovld|                   inpix_0_5_0_0_0_load755_i_out|       pointer|
|inpix_0_4_0_0_0_load753_i_out_i         |   in|    8|     ap_ovld|                   inpix_0_4_0_0_0_load753_i_out|       pointer|
|inpix_0_4_0_0_0_load753_i_out_o         |  out|    8|     ap_ovld|                   inpix_0_4_0_0_0_load753_i_out|       pointer|
|inpix_0_4_0_0_0_load753_i_out_o_ap_vld  |  out|    1|     ap_ovld|                   inpix_0_4_0_0_0_load753_i_out|       pointer|
|inpix_0_3_0_0_0_load751_i_out_i         |   in|    8|     ap_ovld|                   inpix_0_3_0_0_0_load751_i_out|       pointer|
|inpix_0_3_0_0_0_load751_i_out_o         |  out|    8|     ap_ovld|                   inpix_0_3_0_0_0_load751_i_out|       pointer|
|inpix_0_3_0_0_0_load751_i_out_o_ap_vld  |  out|    1|     ap_ovld|                   inpix_0_3_0_0_0_load751_i_out|       pointer|
|inpix_0_2_0_0_0_load749_i_out_i         |   in|    8|     ap_ovld|                   inpix_0_2_0_0_0_load749_i_out|       pointer|
|inpix_0_2_0_0_0_load749_i_out_o         |  out|    8|     ap_ovld|                   inpix_0_2_0_0_0_load749_i_out|       pointer|
|inpix_0_2_0_0_0_load749_i_out_o_ap_vld  |  out|    1|     ap_ovld|                   inpix_0_2_0_0_0_load749_i_out|       pointer|
|inpix_0_1_0_0_0_load747_i_out_i         |   in|    8|     ap_ovld|                   inpix_0_1_0_0_0_load747_i_out|       pointer|
|inpix_0_1_0_0_0_load747_i_out_o         |  out|    8|     ap_ovld|                   inpix_0_1_0_0_0_load747_i_out|       pointer|
|inpix_0_1_0_0_0_load747_i_out_o_ap_vld  |  out|    1|     ap_ovld|                   inpix_0_1_0_0_0_load747_i_out|       pointer|
|inpix_0_0_0_0_0_load745_i_out_i         |   in|    8|     ap_ovld|                   inpix_0_0_0_0_0_load745_i_out|       pointer|
|inpix_0_0_0_0_0_load745_i_out_o         |  out|    8|     ap_ovld|                   inpix_0_0_0_0_0_load745_i_out|       pointer|
|inpix_0_0_0_0_0_load745_i_out_o_ap_vld  |  out|    1|     ap_ovld|                   inpix_0_0_0_0_0_load745_i_out|       pointer|
+----------------------------------------+-----+-----+------------+------------------------------------------------+--------------+

============================================================
+ Verbose Summary: Synthesis Manager
============================================================
InlineROM: 1
ExposeGlobal: 0
============================================================
+ Verbose Summary: CDFG Model
============================================================
IsTopModel: 0
ResetActiveHigh: 1
IsCombinational: 2
IsDatapathOnly: 2
HasWiredReturn: 1
HasMFsm: 2
HasVarLatency: 1
IsPipeline: 0
IsRtlPipelined: 0
IsInstanceOverlapped: 0
IsDontTouch: 0
HasImplIP: 0
IsGatedGlobalClock: 0

+ Individual pipeline summary: 
  * Pipeline-0: initiation interval (II) = 1, depth = 4


============================================================
+ Verbose Summary: Schedule
============================================================
* Number of FSM states : 4
* Pipeline : 1
  Pipeline-0 : II = 1, D = 4, States = { 1 2 3 4 }
* Dataflow Pipeline: 0

* FSM state transitions: 
1 --> 2 
2 --> 3 
3 --> 4 
4 --> 

* FSM state operations: 

State 1 <SV = 0> <Delay = 1.99>
ST_1 : Operation 7 [1/1] (0.00ns)   --->   "%p_0_0_0_0_0509_1_3787_i = alloca i32 1"   --->   Operation 7 'alloca' 'p_0_0_0_0_0509_1_3787_i' <Predicate = true> <Delay = 0.00>
ST_1 : Operation 8 [1/1] (0.00ns)   --->   "%storemerge744791_i = alloca i32 1"   --->   Operation 8 'alloca' 'storemerge744791_i' <Predicate = true> <Delay = 0.00>
ST_1 : Operation 9 [1/1] (0.00ns)   --->   "%x = alloca i32 1" [C:/TFG_Vivado/vivado/axu2cga_trd.runs/bd_197a_csc_0_synth_1/prj/sol/.autopilot/db/v_csc.cpp:725->C:/TFG_Vivado/vivado/axu2cga_trd.runs/bd_197a_csc_0_synth_1/prj/sol/.autopilot/db/v_csc.cpp:483]   --->   Operation 9 'alloca' 'x' <Predicate = true> <Delay = 0.00>
ST_1 : Operation 10 [1/1] (0.00ns)   --->   "%p_0_0_0_0_0517757_i = alloca i32 1"   --->   Operation 10 'alloca' 'p_0_0_0_0_0517757_i' <Predicate = true> <Delay = 0.00>
ST_1 : Operation 11 [1/1] (0.00ns)   --->   "%p_0_3_0_0_0759_i = alloca i32 1"   --->   Operation 11 'alloca' 'p_0_3_0_0_0759_i' <Predicate = true> <Delay = 0.00>
ST_1 : Operation 12 [1/1] (0.00ns)   --->   "%mpix_cb_3 = alloca i32 1" [C:/TFG_Vivado/vivado/axu2cga_trd.runs/bd_197a_csc_0_synth_1/prj/sol/.autopilot/db/v_csc.cpp:738->C:/TFG_Vivado/vivado/axu2cga_trd.runs/bd_197a_csc_0_synth_1/prj/sol/.autopilot/db/v_csc.cpp:483]   --->   Operation 12 'alloca' 'mpix_cb_3' <Predicate = true> <Delay = 0.00>
ST_1 : Operation 13 [1/1] (0.00ns)   --->   "%mpix_cr_3 = alloca i32 1" [C:/TFG_Vivado/vivado/axu2cga_trd.runs/bd_197a_csc_0_synth_1/prj/sol/.autopilot/db/v_csc.cpp:738->C:/TFG_Vivado/vivado/axu2cga_trd.runs/bd_197a_csc_0_synth_1/prj/sol/.autopilot/db/v_csc.cpp:483]   --->   Operation 13 'alloca' 'mpix_cr_3' <Predicate = true> <Delay = 0.00>
ST_1 : Operation 14 [1/1] (0.00ns)   --->   "%pixbuf_y = alloca i32 1" [C:/TFG_Vivado/vivado/axu2cga_trd.runs/bd_197a_csc_0_synth_1/prj/sol/.autopilot/db/v_csc.cpp:745->C:/TFG_Vivado/vivado/axu2cga_trd.runs/bd_197a_csc_0_synth_1/prj/sol/.autopilot/db/v_csc.cpp:483]   --->   Operation 14 'alloca' 'pixbuf_y' <Predicate = true> <Delay = 0.00>
ST_1 : Operation 15 [1/1] (0.00ns)   --->   "%pixbuf_y_8 = alloca i32 1" [C:/TFG_Vivado/vivado/axu2cga_trd.runs/bd_197a_csc_0_synth_1/prj/sol/.autopilot/db/v_csc.cpp:745->C:/TFG_Vivado/vivado/axu2cga_trd.runs/bd_197a_csc_0_synth_1/prj/sol/.autopilot/db/v_csc.cpp:483]   --->   Operation 15 'alloca' 'pixbuf_y_8' <Predicate = true> <Delay = 0.00>
ST_1 : Operation 16 [1/1] (0.00ns)   --->   "%pixbuf_y_9 = alloca i32 1" [C:/TFG_Vivado/vivado/axu2cga_trd.runs/bd_197a_csc_0_synth_1/prj/sol/.autopilot/db/v_csc.cpp:745->C:/TFG_Vivado/vivado/axu2cga_trd.runs/bd_197a_csc_0_synth_1/prj/sol/.autopilot/db/v_csc.cpp:483]   --->   Operation 16 'alloca' 'pixbuf_y_9' <Predicate = true> <Delay = 0.00>
ST_1 : Operation 17 [1/1] (0.00ns)   --->   "%pixbuf_y_10 = alloca i32 1" [C:/TFG_Vivado/vivado/axu2cga_trd.runs/bd_197a_csc_0_synth_1/prj/sol/.autopilot/db/v_csc.cpp:745->C:/TFG_Vivado/vivado/axu2cga_trd.runs/bd_197a_csc_0_synth_1/prj/sol/.autopilot/db/v_csc.cpp:483]   --->   Operation 17 'alloca' 'pixbuf_y_10' <Predicate = true> <Delay = 0.00>
ST_1 : Operation 18 [1/1] (0.00ns)   --->   "%lshr_ln_read = read i15 @_ssdm_op_Read.ap_auto.i15, i15 %lshr_ln"   --->   Operation 18 'read' 'lshr_ln_read' <Predicate = true> <Delay = 0.00>
ST_1 : Operation 19 [1/1] (0.00ns)   --->   "%zext_ln730_read = read i1 @_ssdm_op_Read.ap_auto.i1, i1 %zext_ln730"   --->   Operation 19 'read' 'zext_ln730_read' <Predicate = true> <Delay = 0.00>
ST_1 : Operation 20 [1/1] (0.00ns)   --->   "%p_read_2 = read i1 @_ssdm_op_Read.ap_auto.i1, i1 %p_read"   --->   Operation 20 'read' 'p_read_2' <Predicate = true> <Delay = 0.00>
ST_1 : Operation 21 [1/1] (0.00ns)   --->   "%loopWidth_read = read i16 @_ssdm_op_Read.ap_auto.i16, i16 %loopWidth"   --->   Operation 21 'read' 'loopWidth_read' <Predicate = true> <Delay = 0.00>
ST_1 : Operation 22 [1/1] (0.00ns)   --->   "%p_0_0_0_0_0517758_lcssa818_i_read = read i8 @_ssdm_op_Read.ap_auto.i8, i8 %p_0_0_0_0_0517758_lcssa818_i"   --->   Operation 22 'read' 'p_0_0_0_0_0517758_lcssa818_i_read' <Predicate = true> <Delay = 0.00>
ST_1 : Operation 23 [1/1] (0.00ns)   --->   "%p_0_3_0_0_0760_lcssa821_i_read = read i8 @_ssdm_op_Read.ap_auto.i8, i8 %p_0_3_0_0_0760_lcssa821_i"   --->   Operation 23 'read' 'p_0_3_0_0_0760_lcssa821_i_read' <Predicate = true> <Delay = 0.00>
ST_1 : Operation 24 [1/1] (0.00ns)   --->   "%p_0_0_0_0_0509_1_3788_lcssa847_i_read = read i8 @_ssdm_op_Read.ap_auto.i8, i8 %p_0_0_0_0_0509_1_3788_lcssa847_i"   --->   Operation 24 'read' 'p_0_0_0_0_0509_1_3788_lcssa847_i_read' <Predicate = true> <Delay = 0.00>
ST_1 : Operation 25 [1/1] (0.00ns)   --->   "%storemerge_lcssa850_i_read = read i8 @_ssdm_op_Read.ap_auto.i8, i8 %storemerge_lcssa850_i"   --->   Operation 25 'read' 'storemerge_lcssa850_i_read' <Predicate = true> <Delay = 0.00>
ST_1 : Operation 26 [1/1] (0.00ns)   --->   "%mpix_cb_1_read = read i8 @_ssdm_op_Read.ap_auto.i8, i8 %mpix_cb_1"   --->   Operation 26 'read' 'mpix_cb_1_read' <Predicate = true> <Delay = 0.00>
ST_1 : Operation 27 [1/1] (0.00ns)   --->   "%mpix_cr_1_read = read i8 @_ssdm_op_Read.ap_auto.i8, i8 %mpix_cr_1"   --->   Operation 27 'read' 'mpix_cr_1_read' <Predicate = true> <Delay = 0.00>
ST_1 : Operation 28 [1/1] (0.00ns)   --->   "%pixbuf_y_2_read = read i8 @_ssdm_op_Read.ap_auto.i8, i8 %pixbuf_y_2"   --->   Operation 28 'read' 'pixbuf_y_2_read' <Predicate = true> <Delay = 0.00>
ST_1 : Operation 29 [1/1] (0.00ns)   --->   "%pixbuf_y_3_read = read i8 @_ssdm_op_Read.ap_auto.i8, i8 %pixbuf_y_3"   --->   Operation 29 'read' 'pixbuf_y_3_read' <Predicate = true> <Delay = 0.00>
ST_1 : Operation 30 [1/1] (0.00ns)   --->   "%pixbuf_y_4_read = read i8 @_ssdm_op_Read.ap_auto.i8, i8 %pixbuf_y_4"   --->   Operation 30 'read' 'pixbuf_y_4_read' <Predicate = true> <Delay = 0.00>
ST_1 : Operation 31 [1/1] (0.00ns)   --->   "%pixbuf_y_5_read = read i8 @_ssdm_op_Read.ap_auto.i8, i8 %pixbuf_y_5"   --->   Operation 31 'read' 'pixbuf_y_5_read' <Predicate = true> <Delay = 0.00>
ST_1 : Operation 32 [1/1] (0.00ns)   --->   "%zext_ln730_cast = zext i1 %zext_ln730_read"   --->   Operation 32 'zext' 'zext_ln730_cast' <Predicate = true> <Delay = 0.00>
ST_1 : Operation 33 [1/1] (0.00ns)   --->   "%specinterface_ln0 = specinterface void @_ssdm_op_SpecInterface, i48 %stream_out_hresampled, void @empty_34, i32 0, i32 0, void @empty_49, i32 0, i32 0, void @empty_49, void @empty_49, void @empty_49, i32 0, i32 0, i32 0, i32 0, void @empty_49, void @empty_49, i32 4294967295, i32 0, i32 0, i32 0"   --->   Operation 33 'specinterface' 'specinterface_ln0' <Predicate = true> <Delay = 0.00>
ST_1 : Operation 34 [1/1] (0.00ns)   --->   "%specinterface_ln0 = specinterface void @_ssdm_op_SpecInterface, i48 %stream_csc, void @empty_34, i32 0, i32 0, void @empty_49, i32 0, i32 0, void @empty_49, void @empty_49, void @empty_49, i32 0, i32 0, i32 0, i32 0, void @empty_49, void @empty_49, i32 4294967295, i32 0, i32 0, i32 0"   --->   Operation 34 'specinterface' 'specinterface_ln0' <Predicate = true> <Delay = 0.00>
ST_1 : Operation 35 [1/1] (0.48ns)   --->   "%store_ln745 = store i8 %pixbuf_y_5_read, i8 %pixbuf_y_10" [C:/TFG_Vivado/vivado/axu2cga_trd.runs/bd_197a_csc_0_synth_1/prj/sol/.autopilot/db/v_csc.cpp:745->C:/TFG_Vivado/vivado/axu2cga_trd.runs/bd_197a_csc_0_synth_1/prj/sol/.autopilot/db/v_csc.cpp:483]   --->   Operation 35 'store' 'store_ln745' <Predicate = true> <Delay = 0.48>
ST_1 : Operation 36 [1/1] (0.48ns)   --->   "%store_ln745 = store i8 %pixbuf_y_4_read, i8 %pixbuf_y_9" [C:/TFG_Vivado/vivado/axu2cga_trd.runs/bd_197a_csc_0_synth_1/prj/sol/.autopilot/db/v_csc.cpp:745->C:/TFG_Vivado/vivado/axu2cga_trd.runs/bd_197a_csc_0_synth_1/prj/sol/.autopilot/db/v_csc.cpp:483]   --->   Operation 36 'store' 'store_ln745' <Predicate = true> <Delay = 0.48>
ST_1 : Operation 37 [1/1] (0.48ns)   --->   "%store_ln745 = store i8 %pixbuf_y_3_read, i8 %pixbuf_y_8" [C:/TFG_Vivado/vivado/axu2cga_trd.runs/bd_197a_csc_0_synth_1/prj/sol/.autopilot/db/v_csc.cpp:745->C:/TFG_Vivado/vivado/axu2cga_trd.runs/bd_197a_csc_0_synth_1/prj/sol/.autopilot/db/v_csc.cpp:483]   --->   Operation 37 'store' 'store_ln745' <Predicate = true> <Delay = 0.48>
ST_1 : Operation 38 [1/1] (0.48ns)   --->   "%store_ln745 = store i8 %pixbuf_y_2_read, i8 %pixbuf_y" [C:/TFG_Vivado/vivado/axu2cga_trd.runs/bd_197a_csc_0_synth_1/prj/sol/.autopilot/db/v_csc.cpp:745->C:/TFG_Vivado/vivado/axu2cga_trd.runs/bd_197a_csc_0_synth_1/prj/sol/.autopilot/db/v_csc.cpp:483]   --->   Operation 38 'store' 'store_ln745' <Predicate = true> <Delay = 0.48>
ST_1 : Operation 39 [1/1] (0.48ns)   --->   "%store_ln738 = store i8 %mpix_cr_1_read, i8 %mpix_cr_3" [C:/TFG_Vivado/vivado/axu2cga_trd.runs/bd_197a_csc_0_synth_1/prj/sol/.autopilot/db/v_csc.cpp:738->C:/TFG_Vivado/vivado/axu2cga_trd.runs/bd_197a_csc_0_synth_1/prj/sol/.autopilot/db/v_csc.cpp:483]   --->   Operation 39 'store' 'store_ln738' <Predicate = true> <Delay = 0.48>
ST_1 : Operation 40 [1/1] (0.48ns)   --->   "%store_ln738 = store i8 %mpix_cb_1_read, i8 %mpix_cb_3" [C:/TFG_Vivado/vivado/axu2cga_trd.runs/bd_197a_csc_0_synth_1/prj/sol/.autopilot/db/v_csc.cpp:738->C:/TFG_Vivado/vivado/axu2cga_trd.runs/bd_197a_csc_0_synth_1/prj/sol/.autopilot/db/v_csc.cpp:483]   --->   Operation 40 'store' 'store_ln738' <Predicate = true> <Delay = 0.48>
ST_1 : Operation 41 [1/1] (0.48ns)   --->   "%store_ln0 = store i8 %p_0_3_0_0_0760_lcssa821_i_read, i8 %p_0_3_0_0_0759_i"   --->   Operation 41 'store' 'store_ln0' <Predicate = true> <Delay = 0.48>
ST_1 : Operation 42 [1/1] (0.48ns)   --->   "%store_ln0 = store i8 %p_0_0_0_0_0517758_lcssa818_i_read, i8 %p_0_0_0_0_0517757_i"   --->   Operation 42 'store' 'store_ln0' <Predicate = true> <Delay = 0.48>
ST_1 : Operation 43 [1/1] (0.48ns)   --->   "%store_ln725 = store i15 0, i15 %x" [C:/TFG_Vivado/vivado/axu2cga_trd.runs/bd_197a_csc_0_synth_1/prj/sol/.autopilot/db/v_csc.cpp:725->C:/TFG_Vivado/vivado/axu2cga_trd.runs/bd_197a_csc_0_synth_1/prj/sol/.autopilot/db/v_csc.cpp:483]   --->   Operation 43 'store' 'store_ln725' <Predicate = true> <Delay = 0.48>
ST_1 : Operation 44 [1/1] (0.48ns)   --->   "%store_ln0 = store i8 %storemerge_lcssa850_i_read, i8 %storemerge744791_i"   --->   Operation 44 'store' 'store_ln0' <Predicate = true> <Delay = 0.48>
ST_1 : Operation 45 [1/1] (0.48ns)   --->   "%store_ln0 = store i8 %p_0_0_0_0_0509_1_3788_lcssa847_i_read, i8 %p_0_0_0_0_0509_1_3787_i"   --->   Operation 45 'store' 'store_ln0' <Predicate = true> <Delay = 0.48>
ST_1 : Operation 46 [1/1] (0.00ns)   --->   "%br_ln769 = br void %for.body37.i" [C:/TFG_Vivado/vivado/axu2cga_trd.runs/bd_197a_csc_0_synth_1/prj/sol/.autopilot/db/v_csc.cpp:769->C:/TFG_Vivado/vivado/axu2cga_trd.runs/bd_197a_csc_0_synth_1/prj/sol/.autopilot/db/v_csc.cpp:483]   --->   Operation 46 'br' 'br_ln769' <Predicate = true> <Delay = 0.00>
ST_1 : Operation 47 [1/1] (0.00ns)   --->   "%x_3 = load i15 %x" [C:/TFG_Vivado/vivado/axu2cga_trd.runs/bd_197a_csc_0_synth_1/prj/sol/.autopilot/db/v_csc.cpp:769->C:/TFG_Vivado/vivado/axu2cga_trd.runs/bd_197a_csc_0_synth_1/prj/sol/.autopilot/db/v_csc.cpp:483]   --->   Operation 47 'load' 'x_3' <Predicate = true> <Delay = 0.00>
ST_1 : Operation 48 [1/1] (0.00ns)   --->   "%zext_ln769 = zext i15 %x_3" [C:/TFG_Vivado/vivado/axu2cga_trd.runs/bd_197a_csc_0_synth_1/prj/sol/.autopilot/db/v_csc.cpp:769->C:/TFG_Vivado/vivado/axu2cga_trd.runs/bd_197a_csc_0_synth_1/prj/sol/.autopilot/db/v_csc.cpp:483]   --->   Operation 48 'zext' 'zext_ln769' <Predicate = true> <Delay = 0.00>
ST_1 : Operation 49 [1/1] (1.01ns)   --->   "%icmp_ln769 = icmp_slt  i16 %zext_ln769, i16 %loopWidth_read" [C:/TFG_Vivado/vivado/axu2cga_trd.runs/bd_197a_csc_0_synth_1/prj/sol/.autopilot/db/v_csc.cpp:769->C:/TFG_Vivado/vivado/axu2cga_trd.runs/bd_197a_csc_0_synth_1/prj/sol/.autopilot/db/v_csc.cpp:483]   --->   Operation 49 'icmp' 'icmp_ln769' <Predicate = true> <Delay = 1.01> <CoreInst = "Cmp">   --->   Core 9 'Cmp' <Latency = 0> <II = 1> <Delay = 1.01> <FuncUnit> <Opcode : 'seteq' 'setne' 'setle' 'setge' 'setlt' 'setgt'> <InPorts = 2> <OutPorts = 1>
ST_1 : Operation 50 [1/1] (1.00ns)   --->   "%x_4 = add i15 %x_3, i15 1" [C:/TFG_Vivado/vivado/axu2cga_trd.runs/bd_197a_csc_0_synth_1/prj/sol/.autopilot/db/v_csc.cpp:769->C:/TFG_Vivado/vivado/axu2cga_trd.runs/bd_197a_csc_0_synth_1/prj/sol/.autopilot/db/v_csc.cpp:483]   --->   Operation 50 'add' 'x_4' <Predicate = true> <Delay = 1.00> <CoreInst = "Adder">   --->   Core 1 'Adder' <Latency = 0> <II = 1> <Delay = 1.00> <FuncUnit> <Opcode : 'add' 'sub'> <InPorts = 2> <OutPorts = 1>
ST_1 : Operation 51 [1/1] (0.00ns)   --->   "%br_ln769 = br i1 %icmp_ln769, void %for.inc483.i.exitStub, void %for.body37.split.i" [C:/TFG_Vivado/vivado/axu2cga_trd.runs/bd_197a_csc_0_synth_1/prj/sol/.autopilot/db/v_csc.cpp:769->C:/TFG_Vivado/vivado/axu2cga_trd.runs/bd_197a_csc_0_synth_1/prj/sol/.autopilot/db/v_csc.cpp:483]   --->   Operation 51 'br' 'br_ln769' <Predicate = true> <Delay = 0.00>
ST_1 : Operation 52 [1/1] (0.00ns)   --->   "%specpipeline_ln772 = specpipeline void @_ssdm_op_SpecPipeline, i32 1, i32 0, i32 0, i32 0, i32 4294967295, void @empty_49" [C:/TFG_Vivado/vivado/axu2cga_trd.runs/bd_197a_csc_0_synth_1/prj/sol/.autopilot/db/v_csc.cpp:772->C:/TFG_Vivado/vivado/axu2cga_trd.runs/bd_197a_csc_0_synth_1/prj/sol/.autopilot/db/v_csc.cpp:483]   --->   Operation 52 'specpipeline' 'specpipeline_ln772' <Predicate = (icmp_ln769)> <Delay = 0.00>
ST_1 : Operation 53 [1/1] (0.00ns)   --->   "%specloopname_ln769 = specloopname void @_ssdm_op_SpecLoopName, void @empty_42" [C:/TFG_Vivado/vivado/axu2cga_trd.runs/bd_197a_csc_0_synth_1/prj/sol/.autopilot/db/v_csc.cpp:769->C:/TFG_Vivado/vivado/axu2cga_trd.runs/bd_197a_csc_0_synth_1/prj/sol/.autopilot/db/v_csc.cpp:483]   --->   Operation 53 'specloopname' 'specloopname_ln769' <Predicate = (icmp_ln769)> <Delay = 0.00>
ST_1 : Operation 54 [1/1] (1.00ns)   --->   "%out_x = sub i16 %zext_ln769, i16 %zext_ln730_cast" [C:/TFG_Vivado/vivado/axu2cga_trd.runs/bd_197a_csc_0_synth_1/prj/sol/.autopilot/db/v_csc.cpp:775->C:/TFG_Vivado/vivado/axu2cga_trd.runs/bd_197a_csc_0_synth_1/prj/sol/.autopilot/db/v_csc.cpp:483]   --->   Operation 54 'sub' 'out_x' <Predicate = (icmp_ln769)> <Delay = 1.00> <CoreInst = "Adder">   --->   Core 1 'Adder' <Latency = 0> <II = 1> <Delay = 1.01> <FuncUnit> <Opcode : 'add' 'sub'> <InPorts = 2> <OutPorts = 1>
ST_1 : Operation 55 [1/1] (1.00ns)   --->   "%icmp_ln777 = icmp_ugt  i15 %lshr_ln_read, i15 %x_3" [C:/TFG_Vivado/vivado/axu2cga_trd.runs/bd_197a_csc_0_synth_1/prj/sol/.autopilot/db/v_csc.cpp:777->C:/TFG_Vivado/vivado/axu2cga_trd.runs/bd_197a_csc_0_synth_1/prj/sol/.autopilot/db/v_csc.cpp:483]   --->   Operation 55 'icmp' 'icmp_ln777' <Predicate = (icmp_ln769)> <Delay = 1.00> <CoreInst = "Cmp">   --->   Core 9 'Cmp' <Latency = 0> <II = 1> <Delay = 1.00> <FuncUnit> <Opcode : 'seteq' 'setne' 'setle' 'setge' 'setlt' 'setgt'> <InPorts = 2> <OutPorts = 1>
ST_1 : Operation 56 [1/1] (0.00ns)   --->   "%br_ln777 = br i1 %icmp_ln777, void %VITIS_LOOP_805_4.i, void %VITIS_LOOP_781_3.i" [C:/TFG_Vivado/vivado/axu2cga_trd.runs/bd_197a_csc_0_synth_1/prj/sol/.autopilot/db/v_csc.cpp:777->C:/TFG_Vivado/vivado/axu2cga_trd.runs/bd_197a_csc_0_synth_1/prj/sol/.autopilot/db/v_csc.cpp:483]   --->   Operation 56 'br' 'br_ln777' <Predicate = (icmp_ln769)> <Delay = 0.00>
ST_1 : Operation 57 [1/1] (1.00ns)   --->   "%icmp_ln833 = icmp_eq  i15 %x_3, i15 0" [C:/TFG_Vivado/vivado/axu2cga_trd.runs/bd_197a_csc_0_synth_1/prj/sol/.autopilot/db/v_csc.cpp:833->C:/TFG_Vivado/vivado/axu2cga_trd.runs/bd_197a_csc_0_synth_1/prj/sol/.autopilot/db/v_csc.cpp:483]   --->   Operation 57 'icmp' 'icmp_ln833' <Predicate = (icmp_ln769)> <Delay = 1.00> <CoreInst = "Cmp">   --->   Core 9 'Cmp' <Latency = 0> <II = 1> <Delay = 1.00> <FuncUnit> <Opcode : 'seteq' 'setne' 'setle' 'setge' 'setlt' 'setgt'> <InPorts = 2> <OutPorts = 1>
ST_1 : Operation 58 [1/1] (0.00ns)   --->   "%tmp = bitselect i1 @_ssdm_op_BitSelect.i1.i16.i32, i16 %out_x, i32 15" [C:/TFG_Vivado/vivado/axu2cga_trd.runs/bd_197a_csc_0_synth_1/prj/sol/.autopilot/db/v_csc.cpp:922->C:/TFG_Vivado/vivado/axu2cga_trd.runs/bd_197a_csc_0_synth_1/prj/sol/.autopilot/db/v_csc.cpp:483]   --->   Operation 58 'bitselect' 'tmp' <Predicate = (icmp_ln769)> <Delay = 0.00>
ST_1 : Operation 59 [1/1] (0.00ns)   --->   "%br_ln922 = br i1 %tmp, void %if.then475.i, void %for.inc480.i" [C:/TFG_Vivado/vivado/axu2cga_trd.runs/bd_197a_csc_0_synth_1/prj/sol/.autopilot/db/v_csc.cpp:922->C:/TFG_Vivado/vivado/axu2cga_trd.runs/bd_197a_csc_0_synth_1/prj/sol/.autopilot/db/v_csc.cpp:483]   --->   Operation 59 'br' 'br_ln922' <Predicate = (icmp_ln769)> <Delay = 0.00>
ST_1 : Operation 60 [1/1] (0.00ns)   --->   "%br_ln924 = br i1 %p_read_2, void %if.else477.i, void %if.then476.i" [C:/TFG_Vivado/vivado/axu2cga_trd.runs/bd_197a_csc_0_synth_1/prj/sol/.autopilot/db/v_csc.cpp:924->C:/TFG_Vivado/vivado/axu2cga_trd.runs/bd_197a_csc_0_synth_1/prj/sol/.autopilot/db/v_csc.cpp:483]   --->   Operation 60 'br' 'br_ln924' <Predicate = (icmp_ln769 & !tmp)> <Delay = 0.00>
ST_1 : Operation 61 [1/1] (0.00ns)   --->   "%br_ln928 = br void %for.inc480.i" [C:/TFG_Vivado/vivado/axu2cga_trd.runs/bd_197a_csc_0_synth_1/prj/sol/.autopilot/db/v_csc.cpp:928->C:/TFG_Vivado/vivado/axu2cga_trd.runs/bd_197a_csc_0_synth_1/prj/sol/.autopilot/db/v_csc.cpp:483]   --->   Operation 61 'br' 'br_ln928' <Predicate = (icmp_ln769 & !tmp)> <Delay = 0.00>
ST_1 : Operation 62 [1/1] (0.48ns)   --->   "%store_ln725 = store i15 %x_4, i15 %x" [C:/TFG_Vivado/vivado/axu2cga_trd.runs/bd_197a_csc_0_synth_1/prj/sol/.autopilot/db/v_csc.cpp:725->C:/TFG_Vivado/vivado/axu2cga_trd.runs/bd_197a_csc_0_synth_1/prj/sol/.autopilot/db/v_csc.cpp:483]   --->   Operation 62 'store' 'store_ln725' <Predicate = (icmp_ln769)> <Delay = 0.48>

State 2 <SV = 1> <Delay = 2.31>
ST_2 : Operation 63 [1/1] ( I:1.82ns O:1.82ns )   --->   "%stream_csc_read = read i48 @_ssdm_op_Read.ap_fifo.volatile.i48P0A, i48 %stream_csc" [C:/TFG_Vivado/vivado/axu2cga_trd.runs/bd_197a_csc_0_synth_1/prj/sol/.autopilot/db/v_csc.cpp:779->C:/TFG_Vivado/vivado/axu2cga_trd.runs/bd_197a_csc_0_synth_1/prj/sol/.autopilot/db/v_csc.cpp:483]   --->   Operation 63 'read' 'stream_csc_read' <Predicate = (icmp_ln769 & icmp_ln777)> <Delay = 1.82> <CoreInst = "FIFO_SRL">   --->   Core 80 'FIFO_SRL' <Latency = 0> <II = 1> <Delay = 2.25> <Storage> <Opcode : 'read' 'write' 'nbread' 'nbwrite'> <Ports = 0> <Width = 48> <Depth = 16> <FIFO>
ST_2 : Operation 64 [1/1] (0.00ns)   --->   "%trunc_ln779 = trunc i48 %stream_csc_read" [C:/TFG_Vivado/vivado/axu2cga_trd.runs/bd_197a_csc_0_synth_1/prj/sol/.autopilot/db/v_csc.cpp:779->C:/TFG_Vivado/vivado/axu2cga_trd.runs/bd_197a_csc_0_synth_1/prj/sol/.autopilot/db/v_csc.cpp:483]   --->   Operation 64 'trunc' 'trunc_ln779' <Predicate = (icmp_ln769 & icmp_ln777)> <Delay = 0.00>
ST_2 : Operation 65 [1/1] (0.00ns)   --->   "%mpix_cb = partselect i8 @_ssdm_op_PartSelect.i8.i48.i32.i32, i48 %stream_csc_read, i32 8, i32 15" [C:/TFG_Vivado/vivado/axu2cga_trd.runs/bd_197a_csc_0_synth_1/prj/sol/.autopilot/db/v_csc.cpp:779->C:/TFG_Vivado/vivado/axu2cga_trd.runs/bd_197a_csc_0_synth_1/prj/sol/.autopilot/db/v_csc.cpp:483]   --->   Operation 65 'partselect' 'mpix_cb' <Predicate = (icmp_ln769 & icmp_ln777)> <Delay = 0.00>
ST_2 : Operation 66 [1/1] (0.00ns)   --->   "%mpix_cr = partselect i8 @_ssdm_op_PartSelect.i8.i48.i32.i32, i48 %stream_csc_read, i32 16, i32 23" [C:/TFG_Vivado/vivado/axu2cga_trd.runs/bd_197a_csc_0_synth_1/prj/sol/.autopilot/db/v_csc.cpp:779->C:/TFG_Vivado/vivado/axu2cga_trd.runs/bd_197a_csc_0_synth_1/prj/sol/.autopilot/db/v_csc.cpp:483]   --->   Operation 66 'partselect' 'mpix_cr' <Predicate = (icmp_ln769 & icmp_ln777)> <Delay = 0.00>
ST_2 : Operation 67 [1/1] (0.00ns)   --->   "%trunc_ln779_3 = partselect i8 @_ssdm_op_PartSelect.i8.i48.i32.i32, i48 %stream_csc_read, i32 24, i32 31" [C:/TFG_Vivado/vivado/axu2cga_trd.runs/bd_197a_csc_0_synth_1/prj/sol/.autopilot/db/v_csc.cpp:779->C:/TFG_Vivado/vivado/axu2cga_trd.runs/bd_197a_csc_0_synth_1/prj/sol/.autopilot/db/v_csc.cpp:483]   --->   Operation 67 'partselect' 'trunc_ln779_3' <Predicate = (icmp_ln769 & icmp_ln777)> <Delay = 0.00>
ST_2 : Operation 68 [1/1] (0.00ns)   --->   "%mpix_cb_4 = partselect i8 @_ssdm_op_PartSelect.i8.i48.i32.i32, i48 %stream_csc_read, i32 32, i32 39" [C:/TFG_Vivado/vivado/axu2cga_trd.runs/bd_197a_csc_0_synth_1/prj/sol/.autopilot/db/v_csc.cpp:779->C:/TFG_Vivado/vivado/axu2cga_trd.runs/bd_197a_csc_0_synth_1/prj/sol/.autopilot/db/v_csc.cpp:483]   --->   Operation 68 'partselect' 'mpix_cb_4' <Predicate = (icmp_ln769 & icmp_ln777)> <Delay = 0.00>
ST_2 : Operation 69 [1/1] (0.00ns)   --->   "%mpix_cr_4 = partselect i8 @_ssdm_op_PartSelect.i8.i48.i32.i32, i48 %stream_csc_read, i32 40, i32 47" [C:/TFG_Vivado/vivado/axu2cga_trd.runs/bd_197a_csc_0_synth_1/prj/sol/.autopilot/db/v_csc.cpp:779->C:/TFG_Vivado/vivado/axu2cga_trd.runs/bd_197a_csc_0_synth_1/prj/sol/.autopilot/db/v_csc.cpp:483]   --->   Operation 69 'partselect' 'mpix_cr_4' <Predicate = (icmp_ln769 & icmp_ln777)> <Delay = 0.00>
ST_2 : Operation 70 [1/1] (0.48ns)   --->   "%store_ln738 = store i8 %mpix_cr_4, i8 %mpix_cr_3" [C:/TFG_Vivado/vivado/axu2cga_trd.runs/bd_197a_csc_0_synth_1/prj/sol/.autopilot/db/v_csc.cpp:738->C:/TFG_Vivado/vivado/axu2cga_trd.runs/bd_197a_csc_0_synth_1/prj/sol/.autopilot/db/v_csc.cpp:483]   --->   Operation 70 'store' 'store_ln738' <Predicate = (icmp_ln769 & icmp_ln777)> <Delay = 0.48>
ST_2 : Operation 71 [1/1] (0.00ns)   --->   "%store_ln738 = store i8 %mpix_cr, i8 %mpix_cr_2_out" [C:/TFG_Vivado/vivado/axu2cga_trd.runs/bd_197a_csc_0_synth_1/prj/sol/.autopilot/db/v_csc.cpp:738->C:/TFG_Vivado/vivado/axu2cga_trd.runs/bd_197a_csc_0_synth_1/prj/sol/.autopilot/db/v_csc.cpp:483]   --->   Operation 71 'store' 'store_ln738' <Predicate = (icmp_ln769 & icmp_ln777)> <Delay = 0.00>
ST_2 : Operation 72 [1/1] (0.48ns)   --->   "%store_ln738 = store i8 %mpix_cb_4, i8 %mpix_cb_3" [C:/TFG_Vivado/vivado/axu2cga_trd.runs/bd_197a_csc_0_synth_1/prj/sol/.autopilot/db/v_csc.cpp:738->C:/TFG_Vivado/vivado/axu2cga_trd.runs/bd_197a_csc_0_synth_1/prj/sol/.autopilot/db/v_csc.cpp:483]   --->   Operation 72 'store' 'store_ln738' <Predicate = (icmp_ln769 & icmp_ln777)> <Delay = 0.48>
ST_2 : Operation 73 [1/1] (0.00ns)   --->   "%store_ln738 = store i8 %mpix_cb, i8 %mpix_cb_2_out" [C:/TFG_Vivado/vivado/axu2cga_trd.runs/bd_197a_csc_0_synth_1/prj/sol/.autopilot/db/v_csc.cpp:738->C:/TFG_Vivado/vivado/axu2cga_trd.runs/bd_197a_csc_0_synth_1/prj/sol/.autopilot/db/v_csc.cpp:483]   --->   Operation 73 'store' 'store_ln738' <Predicate = (icmp_ln769 & icmp_ln777)> <Delay = 0.00>
ST_2 : Operation 74 [1/1] (0.48ns)   --->   "%store_ln779 = store i8 %trunc_ln779_3, i8 %p_0_3_0_0_0759_i" [C:/TFG_Vivado/vivado/axu2cga_trd.runs/bd_197a_csc_0_synth_1/prj/sol/.autopilot/db/v_csc.cpp:779->C:/TFG_Vivado/vivado/axu2cga_trd.runs/bd_197a_csc_0_synth_1/prj/sol/.autopilot/db/v_csc.cpp:483]   --->   Operation 74 'store' 'store_ln779' <Predicate = (icmp_ln769 & icmp_ln777)> <Delay = 0.48>
ST_2 : Operation 75 [1/1] (0.48ns)   --->   "%store_ln779 = store i8 %trunc_ln779, i8 %p_0_0_0_0_0517757_i" [C:/TFG_Vivado/vivado/axu2cga_trd.runs/bd_197a_csc_0_synth_1/prj/sol/.autopilot/db/v_csc.cpp:779->C:/TFG_Vivado/vivado/axu2cga_trd.runs/bd_197a_csc_0_synth_1/prj/sol/.autopilot/db/v_csc.cpp:483]   --->   Operation 75 'store' 'store_ln779' <Predicate = (icmp_ln769 & icmp_ln777)> <Delay = 0.48>
ST_2 : Operation 76 [1/1] (0.00ns)   --->   "%store_ln779 = store i8 %mpix_cr_4, i8 %inpix_0_5_0_0_0_load755_i_out" [C:/TFG_Vivado/vivado/axu2cga_trd.runs/bd_197a_csc_0_synth_1/prj/sol/.autopilot/db/v_csc.cpp:779->C:/TFG_Vivado/vivado/axu2cga_trd.runs/bd_197a_csc_0_synth_1/prj/sol/.autopilot/db/v_csc.cpp:483]   --->   Operation 76 'store' 'store_ln779' <Predicate = (icmp_ln769 & icmp_ln777)> <Delay = 0.00>
ST_2 : Operation 77 [1/1] (0.00ns)   --->   "%store_ln779 = store i8 %mpix_cb_4, i8 %inpix_0_4_0_0_0_load753_i_out" [C:/TFG_Vivado/vivado/axu2cga_trd.runs/bd_197a_csc_0_synth_1/prj/sol/.autopilot/db/v_csc.cpp:779->C:/TFG_Vivado/vivado/axu2cga_trd.runs/bd_197a_csc_0_synth_1/prj/sol/.autopilot/db/v_csc.cpp:483]   --->   Operation 77 'store' 'store_ln779' <Predicate = (icmp_ln769 & icmp_ln777)> <Delay = 0.00>
ST_2 : Operation 78 [1/1] (0.00ns)   --->   "%store_ln779 = store i8 %trunc_ln779_3, i8 %inpix_0_3_0_0_0_load751_i_out" [C:/TFG_Vivado/vivado/axu2cga_trd.runs/bd_197a_csc_0_synth_1/prj/sol/.autopilot/db/v_csc.cpp:779->C:/TFG_Vivado/vivado/axu2cga_trd.runs/bd_197a_csc_0_synth_1/prj/sol/.autopilot/db/v_csc.cpp:483]   --->   Operation 78 'store' 'store_ln779' <Predicate = (icmp_ln769 & icmp_ln777)> <Delay = 0.00>
ST_2 : Operation 79 [1/1] (0.00ns)   --->   "%store_ln779 = store i8 %mpix_cr, i8 %inpix_0_2_0_0_0_load749_i_out" [C:/TFG_Vivado/vivado/axu2cga_trd.runs/bd_197a_csc_0_synth_1/prj/sol/.autopilot/db/v_csc.cpp:779->C:/TFG_Vivado/vivado/axu2cga_trd.runs/bd_197a_csc_0_synth_1/prj/sol/.autopilot/db/v_csc.cpp:483]   --->   Operation 79 'store' 'store_ln779' <Predicate = (icmp_ln769 & icmp_ln777)> <Delay = 0.00>
ST_2 : Operation 80 [1/1] (0.00ns)   --->   "%store_ln779 = store i8 %mpix_cb, i8 %inpix_0_1_0_0_0_load747_i_out" [C:/TFG_Vivado/vivado/axu2cga_trd.runs/bd_197a_csc_0_synth_1/prj/sol/.autopilot/db/v_csc.cpp:779->C:/TFG_Vivado/vivado/axu2cga_trd.runs/bd_197a_csc_0_synth_1/prj/sol/.autopilot/db/v_csc.cpp:483]   --->   Operation 80 'store' 'store_ln779' <Predicate = (icmp_ln769 & icmp_ln777)> <Delay = 0.00>
ST_2 : Operation 81 [1/1] (0.00ns)   --->   "%store_ln779 = store i8 %trunc_ln779, i8 %inpix_0_0_0_0_0_load745_i_out" [C:/TFG_Vivado/vivado/axu2cga_trd.runs/bd_197a_csc_0_synth_1/prj/sol/.autopilot/db/v_csc.cpp:779->C:/TFG_Vivado/vivado/axu2cga_trd.runs/bd_197a_csc_0_synth_1/prj/sol/.autopilot/db/v_csc.cpp:483]   --->   Operation 81 'store' 'store_ln779' <Predicate = (icmp_ln769 & icmp_ln777)> <Delay = 0.00>
ST_2 : Operation 82 [1/1] (0.00ns)   --->   "%br_ln801 = br void %VITIS_LOOP_805_4.i" [C:/TFG_Vivado/vivado/axu2cga_trd.runs/bd_197a_csc_0_synth_1/prj/sol/.autopilot/db/v_csc.cpp:801->C:/TFG_Vivado/vivado/axu2cga_trd.runs/bd_197a_csc_0_synth_1/prj/sol/.autopilot/db/v_csc.cpp:483]   --->   Operation 82 'br' 'br_ln801' <Predicate = (icmp_ln769 & icmp_ln777)> <Delay = 0.00>

State 3 <SV = 2> <Delay = 2.47>
ST_3 : Operation 83 [1/1] (0.00ns)   --->   "%pixbuf_y_11 = load i8 %pixbuf_y"   --->   Operation 83 'load' 'pixbuf_y_11' <Predicate = true> <Delay = 0.00>
ST_3 : Operation 84 [1/1] (0.00ns)   --->   "%pixbuf_y_12 = load i8 %pixbuf_y_8"   --->   Operation 84 'load' 'pixbuf_y_12' <Predicate = true> <Delay = 0.00>
ST_3 : Operation 85 [1/1] (0.00ns)   --->   "%pixbuf_y_13 = load i8 %pixbuf_y_9"   --->   Operation 85 'load' 'pixbuf_y_13' <Predicate = true> <Delay = 0.00>
ST_3 : Operation 86 [1/1] (0.00ns)   --->   "%pixbuf_y_14 = load i8 %pixbuf_y_10"   --->   Operation 86 'load' 'pixbuf_y_14' <Predicate = true> <Delay = 0.00>
ST_3 : Operation 87 [1/1] (0.00ns)   --->   "%speclooptripcount_ln0 = speclooptripcount void @_ssdm_op_SpecLoopTripCount, i64 0, i64 32767, i64 16385"   --->   Operation 87 'speclooptripcount' 'speclooptripcount_ln0' <Predicate = true> <Delay = 0.00>
ST_3 : Operation 88 [1/1] (0.00ns)   --->   "%p_0_0_0_0_0509_2770_i_out_load = load i8 %p_0_0_0_0_0509_2770_i_out" [C:/TFG_Vivado/vivado/axu2cga_trd.runs/bd_197a_csc_0_synth_1/prj/sol/.autopilot/db/v_csc.cpp:859->C:/TFG_Vivado/vivado/axu2cga_trd.runs/bd_197a_csc_0_synth_1/prj/sol/.autopilot/db/v_csc.cpp:483]   --->   Operation 88 'load' 'p_0_0_0_0_0509_2770_i_out_load' <Predicate = (icmp_ln769 & !icmp_ln833)> <Delay = 0.00>
ST_3 : Operation 89 [1/1] (0.00ns)   --->   "%p_0_0_0_0_0_2774_i_out_load = load i8 %p_0_0_0_0_0_2774_i_out" [C:/TFG_Vivado/vivado/axu2cga_trd.runs/bd_197a_csc_0_synth_1/prj/sol/.autopilot/db/v_csc.cpp:859->C:/TFG_Vivado/vivado/axu2cga_trd.runs/bd_197a_csc_0_synth_1/prj/sol/.autopilot/db/v_csc.cpp:483]   --->   Operation 89 'load' 'p_0_0_0_0_0_2774_i_out_load' <Predicate = (icmp_ln769 & !icmp_ln833)> <Delay = 0.00>
ST_3 : Operation 90 [1/1] (0.00ns)   --->   "%p_0_0_0_0_0509_3778_i_out_load = load i8 %p_0_0_0_0_0509_3778_i_out" [C:/TFG_Vivado/vivado/axu2cga_trd.runs/bd_197a_csc_0_synth_1/prj/sol/.autopilot/db/v_csc.cpp:859->C:/TFG_Vivado/vivado/axu2cga_trd.runs/bd_197a_csc_0_synth_1/prj/sol/.autopilot/db/v_csc.cpp:483]   --->   Operation 90 'load' 'p_0_0_0_0_0509_3778_i_out_load' <Predicate = (icmp_ln769 & !icmp_ln833)> <Delay = 0.00>
ST_3 : Operation 91 [1/1] (0.00ns)   --->   "%p_0_0_0_0_0_3782_i_out_load = load i8 %p_0_0_0_0_0_3782_i_out" [C:/TFG_Vivado/vivado/axu2cga_trd.runs/bd_197a_csc_0_synth_1/prj/sol/.autopilot/db/v_csc.cpp:859->C:/TFG_Vivado/vivado/axu2cga_trd.runs/bd_197a_csc_0_synth_1/prj/sol/.autopilot/db/v_csc.cpp:483]   --->   Operation 91 'load' 'p_0_0_0_0_0_3782_i_out_load' <Predicate = (icmp_ln769 & !icmp_ln833)> <Delay = 0.00>
ST_3 : Operation 92 [1/1] (0.00ns)   --->   "%p_0_0_0_0_0509_1_3787_i_load = load i8 %p_0_0_0_0_0509_1_3787_i" [C:/TFG_Vivado/vivado/axu2cga_trd.runs/bd_197a_csc_0_synth_1/prj/sol/.autopilot/db/v_csc.cpp:859->C:/TFG_Vivado/vivado/axu2cga_trd.runs/bd_197a_csc_0_synth_1/prj/sol/.autopilot/db/v_csc.cpp:483]   --->   Operation 92 'load' 'p_0_0_0_0_0509_1_3787_i_load' <Predicate = (icmp_ln769 & !icmp_ln833)> <Delay = 0.00>
ST_3 : Operation 93 [1/1] (0.00ns)   --->   "%storemerge744791_i_load = load i8 %storemerge744791_i" [C:/TFG_Vivado/vivado/axu2cga_trd.runs/bd_197a_csc_0_synth_1/prj/sol/.autopilot/db/v_csc.cpp:859->C:/TFG_Vivado/vivado/axu2cga_trd.runs/bd_197a_csc_0_synth_1/prj/sol/.autopilot/db/v_csc.cpp:483]   --->   Operation 93 'load' 'storemerge744791_i_load' <Predicate = (icmp_ln769 & !icmp_ln833)> <Delay = 0.00>
ST_3 : Operation 94 [1/1] (0.00ns)   --->   "%mpix_cb_5 = load i8 %mpix_cb_2_out" [C:/TFG_Vivado/vivado/axu2cga_trd.runs/bd_197a_csc_0_synth_1/prj/sol/.autopilot/db/v_csc.cpp:859->C:/TFG_Vivado/vivado/axu2cga_trd.runs/bd_197a_csc_0_synth_1/prj/sol/.autopilot/db/v_csc.cpp:483]   --->   Operation 94 'load' 'mpix_cb_5' <Predicate = (icmp_ln769)> <Delay = 0.00>
ST_3 : Operation 95 [1/1] (0.00ns)   --->   "%mpix_cb_6 = load i8 %mpix_cb_3" [C:/TFG_Vivado/vivado/axu2cga_trd.runs/bd_197a_csc_0_synth_1/prj/sol/.autopilot/db/v_csc.cpp:845->C:/TFG_Vivado/vivado/axu2cga_trd.runs/bd_197a_csc_0_synth_1/prj/sol/.autopilot/db/v_csc.cpp:483]   --->   Operation 95 'load' 'mpix_cb_6' <Predicate = (icmp_ln769)> <Delay = 0.00>
ST_3 : Operation 96 [1/1] (0.00ns)   --->   "%mpix_cr_5 = load i8 %mpix_cr_2_out" [C:/TFG_Vivado/vivado/axu2cga_trd.runs/bd_197a_csc_0_synth_1/prj/sol/.autopilot/db/v_csc.cpp:859->C:/TFG_Vivado/vivado/axu2cga_trd.runs/bd_197a_csc_0_synth_1/prj/sol/.autopilot/db/v_csc.cpp:483]   --->   Operation 96 'load' 'mpix_cr_5' <Predicate = (icmp_ln769)> <Delay = 0.00>
ST_3 : Operation 97 [1/1] (0.00ns)   --->   "%mpix_cr_6 = load i8 %mpix_cr_3" [C:/TFG_Vivado/vivado/axu2cga_trd.runs/bd_197a_csc_0_synth_1/prj/sol/.autopilot/db/v_csc.cpp:845->C:/TFG_Vivado/vivado/axu2cga_trd.runs/bd_197a_csc_0_synth_1/prj/sol/.autopilot/db/v_csc.cpp:483]   --->   Operation 97 'load' 'mpix_cr_6' <Predicate = (icmp_ln769)> <Delay = 0.00>
ST_3 : Operation 98 [1/1] (0.00ns) (grouped into LUT with out node select_ln859)   --->   "%select_ln845 = select i1 %icmp_ln777, i8 %mpix_cr_5, i8 %mpix_cr_6" [C:/TFG_Vivado/vivado/axu2cga_trd.runs/bd_197a_csc_0_synth_1/prj/sol/.autopilot/db/v_csc.cpp:845->C:/TFG_Vivado/vivado/axu2cga_trd.runs/bd_197a_csc_0_synth_1/prj/sol/.autopilot/db/v_csc.cpp:483]   --->   Operation 98 'select' 'select_ln845' <Predicate = (icmp_ln769 & !icmp_ln833)> <Delay = 0.00> <CoreInst = "Sel">   --->   Core 73 'Sel' <Latency = 0> <II = 1> <Delay = 0.44> <FuncUnit> <Opcode : 'select'> <InPorts = 3> <OutPorts = 1>
ST_3 : Operation 99 [1/1] (0.00ns) (grouped into LUT with out node select_ln859_1)   --->   "%select_ln845_1 = select i1 %icmp_ln777, i8 %mpix_cb_5, i8 %mpix_cb_6" [C:/TFG_Vivado/vivado/axu2cga_trd.runs/bd_197a_csc_0_synth_1/prj/sol/.autopilot/db/v_csc.cpp:845->C:/TFG_Vivado/vivado/axu2cga_trd.runs/bd_197a_csc_0_synth_1/prj/sol/.autopilot/db/v_csc.cpp:483]   --->   Operation 99 'select' 'select_ln845_1' <Predicate = (icmp_ln769 & !icmp_ln833)> <Delay = 0.00> <CoreInst = "Sel">   --->   Core 73 'Sel' <Latency = 0> <II = 1> <Delay = 0.44> <FuncUnit> <Opcode : 'select'> <InPorts = 3> <OutPorts = 1>
ST_3 : Operation 100 [1/1] (0.44ns) (out node of the LUT)   --->   "%select_ln859 = select i1 %icmp_ln833, i8 %mpix_cr_5, i8 %select_ln845" [C:/TFG_Vivado/vivado/axu2cga_trd.runs/bd_197a_csc_0_synth_1/prj/sol/.autopilot/db/v_csc.cpp:859->C:/TFG_Vivado/vivado/axu2cga_trd.runs/bd_197a_csc_0_synth_1/prj/sol/.autopilot/db/v_csc.cpp:483]   --->   Operation 100 'select' 'select_ln859' <Predicate = (icmp_ln769)> <Delay = 0.44> <CoreInst = "Sel">   --->   Core 73 'Sel' <Latency = 0> <II = 1> <Delay = 0.44> <FuncUnit> <Opcode : 'select'> <InPorts = 3> <OutPorts = 1>
ST_3 : Operation 101 [1/1] (0.44ns) (out node of the LUT)   --->   "%select_ln859_1 = select i1 %icmp_ln833, i8 %mpix_cb_5, i8 %select_ln845_1" [C:/TFG_Vivado/vivado/axu2cga_trd.runs/bd_197a_csc_0_synth_1/prj/sol/.autopilot/db/v_csc.cpp:859->C:/TFG_Vivado/vivado/axu2cga_trd.runs/bd_197a_csc_0_synth_1/prj/sol/.autopilot/db/v_csc.cpp:483]   --->   Operation 101 'select' 'select_ln859_1' <Predicate = (icmp_ln769)> <Delay = 0.44> <CoreInst = "Sel">   --->   Core 73 'Sel' <Latency = 0> <II = 1> <Delay = 0.44> <FuncUnit> <Opcode : 'select'> <InPorts = 3> <OutPorts = 1>
ST_3 : Operation 102 [1/1] (0.44ns)   --->   "%select_ln859_2 = select i1 %icmp_ln833, i8 %mpix_cr_5, i8 %storemerge744791_i_load" [C:/TFG_Vivado/vivado/axu2cga_trd.runs/bd_197a_csc_0_synth_1/prj/sol/.autopilot/db/v_csc.cpp:859->C:/TFG_Vivado/vivado/axu2cga_trd.runs/bd_197a_csc_0_synth_1/prj/sol/.autopilot/db/v_csc.cpp:483]   --->   Operation 102 'select' 'select_ln859_2' <Predicate = (icmp_ln769)> <Delay = 0.44> <CoreInst = "Sel">   --->   Core 73 'Sel' <Latency = 0> <II = 1> <Delay = 0.44> <FuncUnit> <Opcode : 'select'> <InPorts = 3> <OutPorts = 1>
ST_3 : Operation 103 [1/1] (0.44ns)   --->   "%select_ln859_3 = select i1 %icmp_ln833, i8 %mpix_cb_5, i8 %p_0_0_0_0_0509_1_3787_i_load" [C:/TFG_Vivado/vivado/axu2cga_trd.runs/bd_197a_csc_0_synth_1/prj/sol/.autopilot/db/v_csc.cpp:859->C:/TFG_Vivado/vivado/axu2cga_trd.runs/bd_197a_csc_0_synth_1/prj/sol/.autopilot/db/v_csc.cpp:483]   --->   Operation 103 'select' 'select_ln859_3' <Predicate = (icmp_ln769)> <Delay = 0.44> <CoreInst = "Sel">   --->   Core 73 'Sel' <Latency = 0> <II = 1> <Delay = 0.44> <FuncUnit> <Opcode : 'select'> <InPorts = 3> <OutPorts = 1>
ST_3 : Operation 104 [1/1] (0.44ns)   --->   "%select_ln859_4 = select i1 %icmp_ln833, i8 %mpix_cr_5, i8 %p_0_0_0_0_0_2774_i_out_load" [C:/TFG_Vivado/vivado/axu2cga_trd.runs/bd_197a_csc_0_synth_1/prj/sol/.autopilot/db/v_csc.cpp:859->C:/TFG_Vivado/vivado/axu2cga_trd.runs/bd_197a_csc_0_synth_1/prj/sol/.autopilot/db/v_csc.cpp:483]   --->   Operation 104 'select' 'select_ln859_4' <Predicate = (icmp_ln769)> <Delay = 0.44> <CoreInst = "Sel">   --->   Core 73 'Sel' <Latency = 0> <II = 1> <Delay = 0.44> <FuncUnit> <Opcode : 'select'> <InPorts = 3> <OutPorts = 1>
ST_3 : Operation 105 [1/1] (0.44ns)   --->   "%select_ln859_5 = select i1 %icmp_ln833, i8 %mpix_cb_5, i8 %p_0_0_0_0_0509_2770_i_out_load" [C:/TFG_Vivado/vivado/axu2cga_trd.runs/bd_197a_csc_0_synth_1/prj/sol/.autopilot/db/v_csc.cpp:859->C:/TFG_Vivado/vivado/axu2cga_trd.runs/bd_197a_csc_0_synth_1/prj/sol/.autopilot/db/v_csc.cpp:483]   --->   Operation 105 'select' 'select_ln859_5' <Predicate = (icmp_ln769)> <Delay = 0.44> <CoreInst = "Sel">   --->   Core 73 'Sel' <Latency = 0> <II = 1> <Delay = 0.44> <FuncUnit> <Opcode : 'select'> <InPorts = 3> <OutPorts = 1>
ST_3 : Operation 106 [1/1] (0.44ns)   --->   "%select_ln859_6 = select i1 %icmp_ln833, i8 %mpix_cb_5, i8 %p_0_0_0_0_0509_3778_i_out_load" [C:/TFG_Vivado/vivado/axu2cga_trd.runs/bd_197a_csc_0_synth_1/prj/sol/.autopilot/db/v_csc.cpp:859->C:/TFG_Vivado/vivado/axu2cga_trd.runs/bd_197a_csc_0_synth_1/prj/sol/.autopilot/db/v_csc.cpp:483]   --->   Operation 106 'select' 'select_ln859_6' <Predicate = (icmp_ln769)> <Delay = 0.44> <CoreInst = "Sel">   --->   Core 73 'Sel' <Latency = 0> <II = 1> <Delay = 0.44> <FuncUnit> <Opcode : 'select'> <InPorts = 3> <OutPorts = 1>
ST_3 : Operation 107 [1/1] (0.00ns)   --->   "%shl_ln = bitconcatenate i9 @_ssdm_op_BitConcatenate.i9.i8.i1, i8 %select_ln859_6, i1 0" [C:/TFG_Vivado/vivado/axu2cga_trd.runs/bd_197a_csc_0_synth_1/prj/sol/.autopilot/db/v_csc.cpp:890->C:/TFG_Vivado/vivado/axu2cga_trd.runs/bd_197a_csc_0_synth_1/prj/sol/.autopilot/db/v_csc.cpp:483]   --->   Operation 107 'bitconcatenate' 'shl_ln' <Predicate = (icmp_ln769)> <Delay = 0.00>
ST_3 : Operation 108 [1/1] (0.00ns)   --->   "%zext_ln890 = zext i8 %select_ln859_5" [C:/TFG_Vivado/vivado/axu2cga_trd.runs/bd_197a_csc_0_synth_1/prj/sol/.autopilot/db/v_csc.cpp:890->C:/TFG_Vivado/vivado/axu2cga_trd.runs/bd_197a_csc_0_synth_1/prj/sol/.autopilot/db/v_csc.cpp:483]   --->   Operation 108 'zext' 'zext_ln890' <Predicate = (icmp_ln769)> <Delay = 0.00>
ST_3 : Operation 109 [1/1] (0.00ns)   --->   "%zext_ln890_1 = zext i9 %shl_ln" [C:/TFG_Vivado/vivado/axu2cga_trd.runs/bd_197a_csc_0_synth_1/prj/sol/.autopilot/db/v_csc.cpp:890->C:/TFG_Vivado/vivado/axu2cga_trd.runs/bd_197a_csc_0_synth_1/prj/sol/.autopilot/db/v_csc.cpp:483]   --->   Operation 109 'zext' 'zext_ln890_1' <Predicate = (icmp_ln769)> <Delay = 0.00>
ST_3 : Operation 110 [1/1] (0.00ns)   --->   "%zext_ln891 = zext i8 %select_ln859_3" [C:/TFG_Vivado/vivado/axu2cga_trd.runs/bd_197a_csc_0_synth_1/prj/sol/.autopilot/db/v_csc.cpp:891->C:/TFG_Vivado/vivado/axu2cga_trd.runs/bd_197a_csc_0_synth_1/prj/sol/.autopilot/db/v_csc.cpp:483]   --->   Operation 110 'zext' 'zext_ln891' <Predicate = (icmp_ln769)> <Delay = 0.00>
ST_3 : Operation 111 [1/1] (0.90ns)   --->   "%add_ln891 = add i9 %zext_ln891, i9 2" [C:/TFG_Vivado/vivado/axu2cga_trd.runs/bd_197a_csc_0_synth_1/prj/sol/.autopilot/db/v_csc.cpp:891->C:/TFG_Vivado/vivado/axu2cga_trd.runs/bd_197a_csc_0_synth_1/prj/sol/.autopilot/db/v_csc.cpp:483]   --->   Operation 111 'add' 'add_ln891' <Predicate = (icmp_ln769)> <Delay = 0.90> <CoreInst = "Adder">   --->   Core 1 'Adder' <Latency = 0> <II = 1> <Delay = 0.92> <FuncUnit> <Opcode : 'add' 'sub'> <InPorts = 2> <OutPorts = 1>
ST_3 : Operation 112 [1/1] (0.00ns)   --->   "%zext_ln891_1 = zext i9 %add_ln891" [C:/TFG_Vivado/vivado/axu2cga_trd.runs/bd_197a_csc_0_synth_1/prj/sol/.autopilot/db/v_csc.cpp:891->C:/TFG_Vivado/vivado/axu2cga_trd.runs/bd_197a_csc_0_synth_1/prj/sol/.autopilot/db/v_csc.cpp:483]   --->   Operation 112 'zext' 'zext_ln891_1' <Predicate = (icmp_ln769)> <Delay = 0.00>
ST_3 : Operation 113 [1/1] (0.00ns) (grouped into TernaryAdder)   --->   "%add_ln891_2 = add i10 %zext_ln891_1, i10 %zext_ln890" [C:/TFG_Vivado/vivado/axu2cga_trd.runs/bd_197a_csc_0_synth_1/prj/sol/.autopilot/db/v_csc.cpp:891->C:/TFG_Vivado/vivado/axu2cga_trd.runs/bd_197a_csc_0_synth_1/prj/sol/.autopilot/db/v_csc.cpp:483]   --->   Operation 113 'add' 'add_ln891_2' <Predicate = (icmp_ln769)> <Delay = 0.00> <CoreInst = "TAddSub">   --->   Core 10 'TAddSub' <Latency = 0> <II = 1> <Delay = 0.56> <IPBlock> <Opcode : 'add' 'sub'> <InPorts = 3> <OutPorts = 1> <Sync> <CReg>
ST_3 : Operation 114 [1/1] (1.12ns) (root node of TernaryAdder)   --->   "%add_ln891_1 = add i10 %add_ln891_2, i10 %zext_ln890_1" [C:/TFG_Vivado/vivado/axu2cga_trd.runs/bd_197a_csc_0_synth_1/prj/sol/.autopilot/db/v_csc.cpp:891->C:/TFG_Vivado/vivado/axu2cga_trd.runs/bd_197a_csc_0_synth_1/prj/sol/.autopilot/db/v_csc.cpp:483]   --->   Operation 114 'add' 'add_ln891_1' <Predicate = (icmp_ln769)> <Delay = 1.12> <CoreInst = "TAddSub">   --->   Core 10 'TAddSub' <Latency = 0> <II = 1> <Delay = 0.56> <IPBlock> <Opcode : 'add' 'sub'> <InPorts = 3> <OutPorts = 1> <Sync> <CReg>
ST_3 : Operation 115 [1/1] (0.44ns)   --->   "%select_ln859_7 = select i1 %icmp_ln833, i8 %mpix_cr_5, i8 %p_0_0_0_0_0_3782_i_out_load" [C:/TFG_Vivado/vivado/axu2cga_trd.runs/bd_197a_csc_0_synth_1/prj/sol/.autopilot/db/v_csc.cpp:859->C:/TFG_Vivado/vivado/axu2cga_trd.runs/bd_197a_csc_0_synth_1/prj/sol/.autopilot/db/v_csc.cpp:483]   --->   Operation 115 'select' 'select_ln859_7' <Predicate = (icmp_ln769)> <Delay = 0.44> <CoreInst = "Sel">   --->   Core 73 'Sel' <Latency = 0> <II = 1> <Delay = 0.44> <FuncUnit> <Opcode : 'select'> <InPorts = 3> <OutPorts = 1>
ST_3 : Operation 116 [1/1] (0.00ns)   --->   "%shl_ln1 = bitconcatenate i9 @_ssdm_op_BitConcatenate.i9.i8.i1, i8 %select_ln859_7, i1 0" [C:/TFG_Vivado/vivado/axu2cga_trd.runs/bd_197a_csc_0_synth_1/prj/sol/.autopilot/db/v_csc.cpp:893->C:/TFG_Vivado/vivado/axu2cga_trd.runs/bd_197a_csc_0_synth_1/prj/sol/.autopilot/db/v_csc.cpp:483]   --->   Operation 116 'bitconcatenate' 'shl_ln1' <Predicate = (icmp_ln769)> <Delay = 0.00>
ST_3 : Operation 117 [1/1] (0.00ns)   --->   "%zext_ln893 = zext i8 %select_ln859_4" [C:/TFG_Vivado/vivado/axu2cga_trd.runs/bd_197a_csc_0_synth_1/prj/sol/.autopilot/db/v_csc.cpp:893->C:/TFG_Vivado/vivado/axu2cga_trd.runs/bd_197a_csc_0_synth_1/prj/sol/.autopilot/db/v_csc.cpp:483]   --->   Operation 117 'zext' 'zext_ln893' <Predicate = (icmp_ln769)> <Delay = 0.00>
ST_3 : Operation 118 [1/1] (0.00ns)   --->   "%zext_ln893_1 = zext i9 %shl_ln1" [C:/TFG_Vivado/vivado/axu2cga_trd.runs/bd_197a_csc_0_synth_1/prj/sol/.autopilot/db/v_csc.cpp:893->C:/TFG_Vivado/vivado/axu2cga_trd.runs/bd_197a_csc_0_synth_1/prj/sol/.autopilot/db/v_csc.cpp:483]   --->   Operation 118 'zext' 'zext_ln893_1' <Predicate = (icmp_ln769)> <Delay = 0.00>
ST_3 : Operation 119 [1/1] (0.00ns)   --->   "%zext_ln894 = zext i8 %select_ln859_2" [C:/TFG_Vivado/vivado/axu2cga_trd.runs/bd_197a_csc_0_synth_1/prj/sol/.autopilot/db/v_csc.cpp:894->C:/TFG_Vivado/vivado/axu2cga_trd.runs/bd_197a_csc_0_synth_1/prj/sol/.autopilot/db/v_csc.cpp:483]   --->   Operation 119 'zext' 'zext_ln894' <Predicate = (icmp_ln769)> <Delay = 0.00>
ST_3 : Operation 120 [1/1] (0.90ns)   --->   "%add_ln894 = add i9 %zext_ln894, i9 2" [C:/TFG_Vivado/vivado/axu2cga_trd.runs/bd_197a_csc_0_synth_1/prj/sol/.autopilot/db/v_csc.cpp:894->C:/TFG_Vivado/vivado/axu2cga_trd.runs/bd_197a_csc_0_synth_1/prj/sol/.autopilot/db/v_csc.cpp:483]   --->   Operation 120 'add' 'add_ln894' <Predicate = (icmp_ln769)> <Delay = 0.90> <CoreInst = "Adder">   --->   Core 1 'Adder' <Latency = 0> <II = 1> <Delay = 0.92> <FuncUnit> <Opcode : 'add' 'sub'> <InPorts = 2> <OutPorts = 1>
ST_3 : Operation 121 [1/1] (0.00ns)   --->   "%zext_ln894_1 = zext i9 %add_ln894" [C:/TFG_Vivado/vivado/axu2cga_trd.runs/bd_197a_csc_0_synth_1/prj/sol/.autopilot/db/v_csc.cpp:894->C:/TFG_Vivado/vivado/axu2cga_trd.runs/bd_197a_csc_0_synth_1/prj/sol/.autopilot/db/v_csc.cpp:483]   --->   Operation 121 'zext' 'zext_ln894_1' <Predicate = (icmp_ln769)> <Delay = 0.00>
ST_3 : Operation 122 [1/1] (0.00ns) (grouped into TernaryAdder)   --->   "%add_ln894_2 = add i10 %zext_ln894_1, i10 %zext_ln893" [C:/TFG_Vivado/vivado/axu2cga_trd.runs/bd_197a_csc_0_synth_1/prj/sol/.autopilot/db/v_csc.cpp:894->C:/TFG_Vivado/vivado/axu2cga_trd.runs/bd_197a_csc_0_synth_1/prj/sol/.autopilot/db/v_csc.cpp:483]   --->   Operation 122 'add' 'add_ln894_2' <Predicate = (icmp_ln769)> <Delay = 0.00> <CoreInst = "TAddSub">   --->   Core 10 'TAddSub' <Latency = 0> <II = 1> <Delay = 0.56> <IPBlock> <Opcode : 'add' 'sub'> <InPorts = 3> <OutPorts = 1> <Sync> <CReg>
ST_3 : Operation 123 [1/1] (1.12ns) (root node of TernaryAdder)   --->   "%add_ln894_1 = add i10 %add_ln894_2, i10 %zext_ln893_1" [C:/TFG_Vivado/vivado/axu2cga_trd.runs/bd_197a_csc_0_synth_1/prj/sol/.autopilot/db/v_csc.cpp:894->C:/TFG_Vivado/vivado/axu2cga_trd.runs/bd_197a_csc_0_synth_1/prj/sol/.autopilot/db/v_csc.cpp:483]   --->   Operation 123 'add' 'add_ln894_1' <Predicate = (icmp_ln769)> <Delay = 1.12> <CoreInst = "TAddSub">   --->   Core 10 'TAddSub' <Latency = 0> <II = 1> <Delay = 0.56> <IPBlock> <Opcode : 'add' 'sub'> <InPorts = 3> <OutPorts = 1> <Sync> <CReg>
ST_3 : Operation 124 [1/1] (0.00ns)   --->   "%lshr_ln1 = partselect i8 @_ssdm_op_PartSelect.i8.i10.i32.i32, i10 %add_ln891_1, i32 2, i32 9" [C:/TFG_Vivado/vivado/axu2cga_trd.runs/bd_197a_csc_0_synth_1/prj/sol/.autopilot/db/v_csc.cpp:891->C:/TFG_Vivado/vivado/axu2cga_trd.runs/bd_197a_csc_0_synth_1/prj/sol/.autopilot/db/v_csc.cpp:483]   --->   Operation 124 'partselect' 'lshr_ln1' <Predicate = (icmp_ln769)> <Delay = 0.00>
ST_3 : Operation 125 [1/1] (0.00ns)   --->   "%trunc_ln2 = partselect i8 @_ssdm_op_PartSelect.i8.i10.i32.i32, i10 %add_ln894_1, i32 2, i32 9" [C:/TFG_Vivado/vivado/axu2cga_trd.runs/bd_197a_csc_0_synth_1/prj/sol/.autopilot/db/v_csc.cpp:896->C:/TFG_Vivado/vivado/axu2cga_trd.runs/bd_197a_csc_0_synth_1/prj/sol/.autopilot/db/v_csc.cpp:483]   --->   Operation 125 'partselect' 'trunc_ln2' <Predicate = (icmp_ln769)> <Delay = 0.00>
ST_3 : Operation 126 [1/1] (0.00ns)   --->   "%inpix_0_0_0_0_0_load = load i8 %inpix_0_0_0_0_0_load745_i_out" [C:/TFG_Vivado/vivado/axu2cga_trd.runs/bd_197a_csc_0_synth_1/prj/sol/.autopilot/db/v_csc.cpp:925->C:/TFG_Vivado/vivado/axu2cga_trd.runs/bd_197a_csc_0_synth_1/prj/sol/.autopilot/db/v_csc.cpp:483]   --->   Operation 126 'load' 'inpix_0_0_0_0_0_load' <Predicate = (icmp_ln769 & !tmp & p_read_2)> <Delay = 0.00>
ST_3 : Operation 127 [1/1] (0.00ns)   --->   "%inpix_0_1_0_0_0_load = load i8 %inpix_0_1_0_0_0_load747_i_out" [C:/TFG_Vivado/vivado/axu2cga_trd.runs/bd_197a_csc_0_synth_1/prj/sol/.autopilot/db/v_csc.cpp:925->C:/TFG_Vivado/vivado/axu2cga_trd.runs/bd_197a_csc_0_synth_1/prj/sol/.autopilot/db/v_csc.cpp:483]   --->   Operation 127 'load' 'inpix_0_1_0_0_0_load' <Predicate = (icmp_ln769 & !tmp & p_read_2)> <Delay = 0.00>
ST_3 : Operation 128 [1/1] (0.00ns)   --->   "%inpix_0_2_0_0_0_load = load i8 %inpix_0_2_0_0_0_load749_i_out" [C:/TFG_Vivado/vivado/axu2cga_trd.runs/bd_197a_csc_0_synth_1/prj/sol/.autopilot/db/v_csc.cpp:925->C:/TFG_Vivado/vivado/axu2cga_trd.runs/bd_197a_csc_0_synth_1/prj/sol/.autopilot/db/v_csc.cpp:483]   --->   Operation 128 'load' 'inpix_0_2_0_0_0_load' <Predicate = (icmp_ln769 & !tmp & p_read_2)> <Delay = 0.00>
ST_3 : Operation 129 [1/1] (0.00ns)   --->   "%inpix_0_3_0_0_0_load = load i8 %inpix_0_3_0_0_0_load751_i_out" [C:/TFG_Vivado/vivado/axu2cga_trd.runs/bd_197a_csc_0_synth_1/prj/sol/.autopilot/db/v_csc.cpp:925->C:/TFG_Vivado/vivado/axu2cga_trd.runs/bd_197a_csc_0_synth_1/prj/sol/.autopilot/db/v_csc.cpp:483]   --->   Operation 129 'load' 'inpix_0_3_0_0_0_load' <Predicate = (icmp_ln769 & !tmp & p_read_2)> <Delay = 0.00>
ST_3 : Operation 130 [1/1] (0.00ns)   --->   "%inpix_0_4_0_0_0_load = load i8 %inpix_0_4_0_0_0_load753_i_out" [C:/TFG_Vivado/vivado/axu2cga_trd.runs/bd_197a_csc_0_synth_1/prj/sol/.autopilot/db/v_csc.cpp:925->C:/TFG_Vivado/vivado/axu2cga_trd.runs/bd_197a_csc_0_synth_1/prj/sol/.autopilot/db/v_csc.cpp:483]   --->   Operation 130 'load' 'inpix_0_4_0_0_0_load' <Predicate = (icmp_ln769 & !tmp & p_read_2)> <Delay = 0.00>
ST_3 : Operation 131 [1/1] (0.00ns)   --->   "%inpix_0_5_0_0_0_load = load i8 %inpix_0_5_0_0_0_load755_i_out" [C:/TFG_Vivado/vivado/axu2cga_trd.runs/bd_197a_csc_0_synth_1/prj/sol/.autopilot/db/v_csc.cpp:925->C:/TFG_Vivado/vivado/axu2cga_trd.runs/bd_197a_csc_0_synth_1/prj/sol/.autopilot/db/v_csc.cpp:483]   --->   Operation 131 'load' 'inpix_0_5_0_0_0_load' <Predicate = (icmp_ln769 & !tmp & p_read_2)> <Delay = 0.00>
ST_3 : Operation 132 [1/1] (0.00ns)   --->   "%or_ln925_9 = bitconcatenate i48 @_ssdm_op_BitConcatenate.i48.i8.i8.i8.i8.i8.i8, i8 %inpix_0_5_0_0_0_load, i8 %inpix_0_4_0_0_0_load, i8 %inpix_0_3_0_0_0_load, i8 %inpix_0_2_0_0_0_load, i8 %inpix_0_1_0_0_0_load, i8 %inpix_0_0_0_0_0_load" [C:/TFG_Vivado/vivado/axu2cga_trd.runs/bd_197a_csc_0_synth_1/prj/sol/.autopilot/db/v_csc.cpp:925->C:/TFG_Vivado/vivado/axu2cga_trd.runs/bd_197a_csc_0_synth_1/prj/sol/.autopilot/db/v_csc.cpp:483]   --->   Operation 132 'bitconcatenate' 'or_ln925_9' <Predicate = (icmp_ln769 & !tmp & p_read_2)> <Delay = 0.00>
ST_3 : Operation 133 [1/1] ( I:1.82ns O:1.82ns )   --->   "%write_ln925 = write void @_ssdm_op_Write.ap_fifo.volatile.i48P0A, i48 %stream_out_hresampled, i48 %or_ln925_9" [C:/TFG_Vivado/vivado/axu2cga_trd.runs/bd_197a_csc_0_synth_1/prj/sol/.autopilot/db/v_csc.cpp:925->C:/TFG_Vivado/vivado/axu2cga_trd.runs/bd_197a_csc_0_synth_1/prj/sol/.autopilot/db/v_csc.cpp:483]   --->   Operation 133 'write' 'write_ln925' <Predicate = (icmp_ln769 & !tmp & p_read_2)> <Delay = 1.82> <CoreInst = "FIFO_SRL">   --->   Core 80 'FIFO_SRL' <Latency = 0> <II = 1> <Delay = 2.25> <Storage> <Opcode : 'read' 'write' 'nbread' 'nbwrite'> <Ports = 0> <Width = 48> <Depth = 16> <FIFO>
ST_3 : Operation 134 [1/1] (0.00ns)   --->   "%br_ln925 = br void %if.end478.i" [C:/TFG_Vivado/vivado/axu2cga_trd.runs/bd_197a_csc_0_synth_1/prj/sol/.autopilot/db/v_csc.cpp:925->C:/TFG_Vivado/vivado/axu2cga_trd.runs/bd_197a_csc_0_synth_1/prj/sol/.autopilot/db/v_csc.cpp:483]   --->   Operation 134 'br' 'br_ln925' <Predicate = (icmp_ln769 & !tmp & p_read_2)> <Delay = 0.00>
ST_3 : Operation 135 [1/1] (0.00ns)   --->   "%p_0_0_0_0_0517757_i_load = load i8 %p_0_0_0_0_0517757_i" [C:/TFG_Vivado/vivado/axu2cga_trd.runs/bd_197a_csc_0_synth_1/prj/sol/.autopilot/db/v_csc.cpp:745->C:/TFG_Vivado/vivado/axu2cga_trd.runs/bd_197a_csc_0_synth_1/prj/sol/.autopilot/db/v_csc.cpp:483]   --->   Operation 135 'load' 'p_0_0_0_0_0517757_i_load' <Predicate = (icmp_ln769)> <Delay = 0.00>
ST_3 : Operation 136 [1/1] (0.00ns)   --->   "%p_0_3_0_0_0759_i_load = load i8 %p_0_3_0_0_0759_i" [C:/TFG_Vivado/vivado/axu2cga_trd.runs/bd_197a_csc_0_synth_1/prj/sol/.autopilot/db/v_csc.cpp:745->C:/TFG_Vivado/vivado/axu2cga_trd.runs/bd_197a_csc_0_synth_1/prj/sol/.autopilot/db/v_csc.cpp:483]   --->   Operation 136 'load' 'p_0_3_0_0_0759_i_load' <Predicate = (icmp_ln769)> <Delay = 0.00>
ST_3 : Operation 137 [1/1] (0.48ns)   --->   "%store_ln745 = store i8 %p_0_3_0_0_0759_i_load, i8 %pixbuf_y_10" [C:/TFG_Vivado/vivado/axu2cga_trd.runs/bd_197a_csc_0_synth_1/prj/sol/.autopilot/db/v_csc.cpp:745->C:/TFG_Vivado/vivado/axu2cga_trd.runs/bd_197a_csc_0_synth_1/prj/sol/.autopilot/db/v_csc.cpp:483]   --->   Operation 137 'store' 'store_ln745' <Predicate = (icmp_ln769)> <Delay = 0.48>
ST_3 : Operation 138 [1/1] (0.48ns)   --->   "%store_ln745 = store i8 %p_0_0_0_0_0517757_i_load, i8 %pixbuf_y_9" [C:/TFG_Vivado/vivado/axu2cga_trd.runs/bd_197a_csc_0_synth_1/prj/sol/.autopilot/db/v_csc.cpp:745->C:/TFG_Vivado/vivado/axu2cga_trd.runs/bd_197a_csc_0_synth_1/prj/sol/.autopilot/db/v_csc.cpp:483]   --->   Operation 138 'store' 'store_ln745' <Predicate = (icmp_ln769)> <Delay = 0.48>
ST_3 : Operation 139 [1/1] (0.48ns)   --->   "%store_ln745 = store i8 %pixbuf_y_14, i8 %pixbuf_y_8" [C:/TFG_Vivado/vivado/axu2cga_trd.runs/bd_197a_csc_0_synth_1/prj/sol/.autopilot/db/v_csc.cpp:745->C:/TFG_Vivado/vivado/axu2cga_trd.runs/bd_197a_csc_0_synth_1/prj/sol/.autopilot/db/v_csc.cpp:483]   --->   Operation 139 'store' 'store_ln745' <Predicate = (icmp_ln769)> <Delay = 0.48>
ST_3 : Operation 140 [1/1] (0.48ns)   --->   "%store_ln745 = store i8 %pixbuf_y_13, i8 %pixbuf_y" [C:/TFG_Vivado/vivado/axu2cga_trd.runs/bd_197a_csc_0_synth_1/prj/sol/.autopilot/db/v_csc.cpp:745->C:/TFG_Vivado/vivado/axu2cga_trd.runs/bd_197a_csc_0_synth_1/prj/sol/.autopilot/db/v_csc.cpp:483]   --->   Operation 140 'store' 'store_ln745' <Predicate = (icmp_ln769)> <Delay = 0.48>
ST_3 : Operation 141 [1/1] (0.48ns)   --->   "%store_ln845 = store i8 %mpix_cr_6, i8 %storemerge744791_i" [C:/TFG_Vivado/vivado/axu2cga_trd.runs/bd_197a_csc_0_synth_1/prj/sol/.autopilot/db/v_csc.cpp:845->C:/TFG_Vivado/vivado/axu2cga_trd.runs/bd_197a_csc_0_synth_1/prj/sol/.autopilot/db/v_csc.cpp:483]   --->   Operation 141 'store' 'store_ln845' <Predicate = (icmp_ln769)> <Delay = 0.48>
ST_3 : Operation 142 [1/1] (0.48ns)   --->   "%store_ln845 = store i8 %mpix_cb_6, i8 %p_0_0_0_0_0509_1_3787_i" [C:/TFG_Vivado/vivado/axu2cga_trd.runs/bd_197a_csc_0_synth_1/prj/sol/.autopilot/db/v_csc.cpp:845->C:/TFG_Vivado/vivado/axu2cga_trd.runs/bd_197a_csc_0_synth_1/prj/sol/.autopilot/db/v_csc.cpp:483]   --->   Operation 142 'store' 'store_ln845' <Predicate = (icmp_ln769)> <Delay = 0.48>
ST_3 : Operation 143 [1/1] (0.00ns)   --->   "%store_ln859 = store i8 %select_ln859, i8 %p_0_0_0_0_0_3782_i_out" [C:/TFG_Vivado/vivado/axu2cga_trd.runs/bd_197a_csc_0_synth_1/prj/sol/.autopilot/db/v_csc.cpp:859->C:/TFG_Vivado/vivado/axu2cga_trd.runs/bd_197a_csc_0_synth_1/prj/sol/.autopilot/db/v_csc.cpp:483]   --->   Operation 143 'store' 'store_ln859' <Predicate = (icmp_ln769)> <Delay = 0.00>
ST_3 : Operation 144 [1/1] (0.00ns)   --->   "%store_ln859 = store i8 %select_ln859_1, i8 %p_0_0_0_0_0509_3778_i_out" [C:/TFG_Vivado/vivado/axu2cga_trd.runs/bd_197a_csc_0_synth_1/prj/sol/.autopilot/db/v_csc.cpp:859->C:/TFG_Vivado/vivado/axu2cga_trd.runs/bd_197a_csc_0_synth_1/prj/sol/.autopilot/db/v_csc.cpp:483]   --->   Operation 144 'store' 'store_ln859' <Predicate = (icmp_ln769)> <Delay = 0.00>
ST_3 : Operation 145 [1/1] (0.00ns)   --->   "%store_ln859 = store i8 %select_ln859_2, i8 %p_0_0_0_0_0_2774_i_out" [C:/TFG_Vivado/vivado/axu2cga_trd.runs/bd_197a_csc_0_synth_1/prj/sol/.autopilot/db/v_csc.cpp:859->C:/TFG_Vivado/vivado/axu2cga_trd.runs/bd_197a_csc_0_synth_1/prj/sol/.autopilot/db/v_csc.cpp:483]   --->   Operation 145 'store' 'store_ln859' <Predicate = (icmp_ln769)> <Delay = 0.00>
ST_3 : Operation 146 [1/1] (0.00ns)   --->   "%store_ln859 = store i8 %select_ln859_3, i8 %p_0_0_0_0_0509_2770_i_out" [C:/TFG_Vivado/vivado/axu2cga_trd.runs/bd_197a_csc_0_synth_1/prj/sol/.autopilot/db/v_csc.cpp:859->C:/TFG_Vivado/vivado/axu2cga_trd.runs/bd_197a_csc_0_synth_1/prj/sol/.autopilot/db/v_csc.cpp:483]   --->   Operation 146 'store' 'store_ln859' <Predicate = (icmp_ln769)> <Delay = 0.00>
ST_3 : Operation 158 [1/1] (0.00ns)   --->   "%mpix_cb_3_load = load i8 %mpix_cb_3"   --->   Operation 158 'load' 'mpix_cb_3_load' <Predicate = (!icmp_ln769)> <Delay = 0.00>
ST_3 : Operation 159 [1/1] (0.00ns)   --->   "%mpix_cr_3_load = load i8 %mpix_cr_3"   --->   Operation 159 'load' 'mpix_cr_3_load' <Predicate = (!icmp_ln769)> <Delay = 0.00>
ST_3 : Operation 160 [1/1] (0.00ns)   --->   "%write_ln0 = write void @_ssdm_op_Write.ap_auto.i8P0A, i8 %pixbuf_y_11_out, i8 %pixbuf_y_14"   --->   Operation 160 'write' 'write_ln0' <Predicate = (!icmp_ln769)> <Delay = 0.00>
ST_3 : Operation 161 [1/1] (0.00ns)   --->   "%write_ln0 = write void @_ssdm_op_Write.ap_auto.i8P0A, i8 %pixbuf_y_10_out, i8 %pixbuf_y_13"   --->   Operation 161 'write' 'write_ln0' <Predicate = (!icmp_ln769)> <Delay = 0.00>
ST_3 : Operation 162 [1/1] (0.00ns)   --->   "%store_ln0 = store i8 %pixbuf_y_12, i8 %pixbuf_y_9_out"   --->   Operation 162 'store' 'store_ln0' <Predicate = (!icmp_ln769)> <Delay = 0.00>
ST_3 : Operation 163 [1/1] (0.00ns)   --->   "%store_ln0 = store i8 %pixbuf_y_11, i8 %pixbuf_y_8_out"   --->   Operation 163 'store' 'store_ln0' <Predicate = (!icmp_ln769)> <Delay = 0.00>
ST_3 : Operation 164 [1/1] (0.00ns)   --->   "%write_ln0 = write void @_ssdm_op_Write.ap_auto.i8P0A, i8 %mpix_cr_3_out, i8 %mpix_cr_3_load"   --->   Operation 164 'write' 'write_ln0' <Predicate = (!icmp_ln769)> <Delay = 0.00>
ST_3 : Operation 165 [1/1] (0.00ns)   --->   "%write_ln0 = write void @_ssdm_op_Write.ap_auto.i8P0A, i8 %mpix_cb_3_out, i8 %mpix_cb_3_load"   --->   Operation 165 'write' 'write_ln0' <Predicate = (!icmp_ln769)> <Delay = 0.00>
ST_3 : Operation 166 [1/1] (0.48ns)   --->   "%ret_ln0 = ret"   --->   Operation 166 'ret' 'ret_ln0' <Predicate = (!icmp_ln769)> <Delay = 0.48>

State 4 <SV = 3> <Delay = 2.27>
ST_4 : Operation 147 [1/1] (0.00ns)   --->   "%pixbuf_y_6_out_load = load i8 %pixbuf_y_6_out" [C:/TFG_Vivado/vivado/axu2cga_trd.runs/bd_197a_csc_0_synth_1/prj/sol/.autopilot/db/v_csc.cpp:903->C:/TFG_Vivado/vivado/axu2cga_trd.runs/bd_197a_csc_0_synth_1/prj/sol/.autopilot/db/v_csc.cpp:483]   --->   Operation 147 'load' 'pixbuf_y_6_out_load' <Predicate = (p_read_2)> <Delay = 0.00>
ST_4 : Operation 148 [1/1] (0.00ns)   --->   "%pixbuf_y_7_out_load = load i8 %pixbuf_y_7_out" [C:/TFG_Vivado/vivado/axu2cga_trd.runs/bd_197a_csc_0_synth_1/prj/sol/.autopilot/db/v_csc.cpp:903->C:/TFG_Vivado/vivado/axu2cga_trd.runs/bd_197a_csc_0_synth_1/prj/sol/.autopilot/db/v_csc.cpp:483]   --->   Operation 148 'load' 'pixbuf_y_7_out_load' <Predicate = (p_read_2)> <Delay = 0.00>
ST_4 : Operation 149 [1/1] (0.44ns)   --->   "%select_ln903 = select i1 %p_read_2, i8 %pixbuf_y_6_out_load, i8 %pixbuf_y_13" [C:/TFG_Vivado/vivado/axu2cga_trd.runs/bd_197a_csc_0_synth_1/prj/sol/.autopilot/db/v_csc.cpp:903->C:/TFG_Vivado/vivado/axu2cga_trd.runs/bd_197a_csc_0_synth_1/prj/sol/.autopilot/db/v_csc.cpp:483]   --->   Operation 149 'select' 'select_ln903' <Predicate = true> <Delay = 0.44> <CoreInst = "Sel">   --->   Core 73 'Sel' <Latency = 0> <II = 1> <Delay = 0.44> <FuncUnit> <Opcode : 'select'> <InPorts = 3> <OutPorts = 1>
ST_4 : Operation 150 [1/1] (0.44ns)   --->   "%select_ln903_1 = select i1 %p_read_2, i8 %pixbuf_y_7_out_load, i8 %pixbuf_y_14" [C:/TFG_Vivado/vivado/axu2cga_trd.runs/bd_197a_csc_0_synth_1/prj/sol/.autopilot/db/v_csc.cpp:903->C:/TFG_Vivado/vivado/axu2cga_trd.runs/bd_197a_csc_0_synth_1/prj/sol/.autopilot/db/v_csc.cpp:483]   --->   Operation 150 'select' 'select_ln903_1' <Predicate = true> <Delay = 0.44> <CoreInst = "Sel">   --->   Core 73 'Sel' <Latency = 0> <II = 1> <Delay = 0.44> <FuncUnit> <Opcode : 'select'> <InPorts = 3> <OutPorts = 1>
ST_4 : Operation 151 [1/1] (0.00ns)   --->   "%tmp_4 = bitconcatenate i40 @_ssdm_op_BitConcatenate.i40.i8.i8.i8.i8.i8, i8 %trunc_ln2, i8 %select_ln903_1, i8 0, i8 %lshr_ln1, i8 %select_ln903" [C:/TFG_Vivado/vivado/axu2cga_trd.runs/bd_197a_csc_0_synth_1/prj/sol/.autopilot/db/v_csc.cpp:927->C:/TFG_Vivado/vivado/axu2cga_trd.runs/bd_197a_csc_0_synth_1/prj/sol/.autopilot/db/v_csc.cpp:483]   --->   Operation 151 'bitconcatenate' 'tmp_4' <Predicate = (!tmp & !p_read_2)> <Delay = 0.00>
ST_4 : Operation 152 [1/1] (0.00ns)   --->   "%zext_ln927 = zext i40 %tmp_4" [C:/TFG_Vivado/vivado/axu2cga_trd.runs/bd_197a_csc_0_synth_1/prj/sol/.autopilot/db/v_csc.cpp:927->C:/TFG_Vivado/vivado/axu2cga_trd.runs/bd_197a_csc_0_synth_1/prj/sol/.autopilot/db/v_csc.cpp:483]   --->   Operation 152 'zext' 'zext_ln927' <Predicate = (!tmp & !p_read_2)> <Delay = 0.00>
ST_4 : Operation 153 [1/1] ( I:1.82ns O:1.82ns )   --->   "%write_ln927 = write void @_ssdm_op_Write.ap_fifo.volatile.i48P0A, i48 %stream_out_hresampled, i48 %zext_ln927" [C:/TFG_Vivado/vivado/axu2cga_trd.runs/bd_197a_csc_0_synth_1/prj/sol/.autopilot/db/v_csc.cpp:927->C:/TFG_Vivado/vivado/axu2cga_trd.runs/bd_197a_csc_0_synth_1/prj/sol/.autopilot/db/v_csc.cpp:483]   --->   Operation 153 'write' 'write_ln927' <Predicate = (!tmp & !p_read_2)> <Delay = 1.82> <CoreInst = "FIFO_SRL">   --->   Core 80 'FIFO_SRL' <Latency = 0> <II = 1> <Delay = 2.25> <Storage> <Opcode : 'read' 'write' 'nbread' 'nbwrite'> <Ports = 0> <Width = 48> <Depth = 16> <FIFO>
ST_4 : Operation 154 [1/1] (0.00ns)   --->   "%br_ln0 = br void %if.end478.i"   --->   Operation 154 'br' 'br_ln0' <Predicate = (!tmp & !p_read_2)> <Delay = 0.00>
ST_4 : Operation 155 [1/1] (0.00ns)   --->   "%store_ln745 = store i8 %pixbuf_y_12, i8 %pixbuf_y_7_out" [C:/TFG_Vivado/vivado/axu2cga_trd.runs/bd_197a_csc_0_synth_1/prj/sol/.autopilot/db/v_csc.cpp:745->C:/TFG_Vivado/vivado/axu2cga_trd.runs/bd_197a_csc_0_synth_1/prj/sol/.autopilot/db/v_csc.cpp:483]   --->   Operation 155 'store' 'store_ln745' <Predicate = true> <Delay = 0.00>
ST_4 : Operation 156 [1/1] (0.00ns)   --->   "%store_ln745 = store i8 %pixbuf_y_11, i8 %pixbuf_y_6_out" [C:/TFG_Vivado/vivado/axu2cga_trd.runs/bd_197a_csc_0_synth_1/prj/sol/.autopilot/db/v_csc.cpp:745->C:/TFG_Vivado/vivado/axu2cga_trd.runs/bd_197a_csc_0_synth_1/prj/sol/.autopilot/db/v_csc.cpp:483]   --->   Operation 156 'store' 'store_ln745' <Predicate = true> <Delay = 0.00>
ST_4 : Operation 157 [1/1] (0.00ns)   --->   "%br_ln769 = br void %for.body37.i" [C:/TFG_Vivado/vivado/axu2cga_trd.runs/bd_197a_csc_0_synth_1/prj/sol/.autopilot/db/v_csc.cpp:769->C:/TFG_Vivado/vivado/axu2cga_trd.runs/bd_197a_csc_0_synth_1/prj/sol/.autopilot/db/v_csc.cpp:483]   --->   Operation 157 'br' 'br_ln769' <Predicate = true> <Delay = 0.00>


============================================================
+ Verbose Summary: Binding
============================================================
STG Binding: 
---------------- STG Properties BEGIN ----------------
- Is combinational: 0
- Is one-state seq: 0
- Is datapath-only: 0
- Is pipelined: 0
- Is top level: 0
Port [ Return ] is wired: 1; IO mode=ap_ctrl_hs:ce=0
Port [ pixbuf_y_5]:  wired=1; compound=0; hidden=0; nouse=0; global=0; static=0; extern=0; dir=0; type=0; pingpong=0; private_global=0; IO mode=ap_none:ce=0
Port [ pixbuf_y_4]:  wired=1; compound=0; hidden=0; nouse=0; global=0; static=0; extern=0; dir=0; type=0; pingpong=0; private_global=0; IO mode=ap_none:ce=0
Port [ pixbuf_y_3]:  wired=1; compound=0; hidden=0; nouse=0; global=0; static=0; extern=0; dir=0; type=0; pingpong=0; private_global=0; IO mode=ap_none:ce=0
Port [ pixbuf_y_2]:  wired=1; compound=0; hidden=0; nouse=0; global=0; static=0; extern=0; dir=0; type=0; pingpong=0; private_global=0; IO mode=ap_none:ce=0
Port [ mpix_cr_1]:  wired=1; compound=0; hidden=0; nouse=0; global=0; static=0; extern=0; dir=0; type=0; pingpong=0; private_global=0; IO mode=ap_none:ce=0
Port [ mpix_cb_1]:  wired=1; compound=0; hidden=0; nouse=0; global=0; static=0; extern=0; dir=0; type=0; pingpong=0; private_global=0; IO mode=ap_none:ce=0
Port [ storemerge_lcssa850_i]:  wired=1; compound=0; hidden=0; nouse=0; global=0; static=0; extern=0; dir=0; type=0; pingpong=0; private_global=0; IO mode=ap_none:ce=0
Port [ p_0_0_0_0_0509_1_3788_lcssa847_i]:  wired=1; compound=0; hidden=0; nouse=0; global=0; static=0; extern=0; dir=0; type=0; pingpong=0; private_global=0; IO mode=ap_none:ce=0
Port [ p_0_3_0_0_0760_lcssa821_i]:  wired=1; compound=0; hidden=0; nouse=0; global=0; static=0; extern=0; dir=0; type=0; pingpong=0; private_global=0; IO mode=ap_none:ce=0
Port [ p_0_0_0_0_0517758_lcssa818_i]:  wired=1; compound=0; hidden=0; nouse=0; global=0; static=0; extern=0; dir=0; type=0; pingpong=0; private_global=0; IO mode=ap_none:ce=0
Port [ loopWidth]:  wired=1; compound=0; hidden=0; nouse=0; global=0; static=0; extern=0; dir=0; type=0; pingpong=0; private_global=0; IO mode=ap_none:ce=0
Port [ stream_out_hresampled]:  wired=1; compound=1; hidden=0; nouse=0; global=0; static=0; extern=0; dir=1; type=3; pingpong=0; private_global=0; IO mode=ap_fifo:ce=0
Port [ p_read]:  wired=1; compound=0; hidden=0; nouse=0; global=0; static=0; extern=0; dir=0; type=0; pingpong=0; private_global=0; IO mode=ap_none:ce=0
Port [ zext_ln730]:  wired=1; compound=0; hidden=0; nouse=0; global=0; static=0; extern=0; dir=0; type=0; pingpong=0; private_global=0; IO mode=ap_none:ce=0
Port [ lshr_ln]:  wired=1; compound=0; hidden=0; nouse=0; global=0; static=0; extern=0; dir=0; type=0; pingpong=0; private_global=0; IO mode=ap_stable:ce=0
Port [ stream_csc]:  wired=1; compound=1; hidden=0; nouse=0; global=0; static=0; extern=0; dir=0; type=3; pingpong=0; private_global=0; IO mode=ap_fifo:ce=0
Port [ pixbuf_y_11_out]:  wired=1; compound=0; hidden=0; nouse=0; global=0; static=0; extern=0; dir=1; type=0; pingpong=0; private_global=0; IO mode=ap_vld:ce=0
Port [ pixbuf_y_10_out]:  wired=1; compound=0; hidden=0; nouse=0; global=0; static=0; extern=0; dir=1; type=0; pingpong=0; private_global=0; IO mode=ap_vld:ce=0
Port [ pixbuf_y_9_out]:  wired=1; compound=0; hidden=0; nouse=0; global=0; static=0; extern=0; dir=1; type=0; pingpong=0; private_global=0; IO mode=ap_vld:ce=0
Port [ pixbuf_y_8_out]:  wired=1; compound=0; hidden=0; nouse=0; global=0; static=0; extern=0; dir=1; type=0; pingpong=0; private_global=0; IO mode=ap_vld:ce=0
Port [ pixbuf_y_7_out]:  wired=1; compound=0; hidden=0; nouse=0; global=0; static=0; extern=0; dir=2; type=0; pingpong=0; private_global=0; IO mode=ap_ovld:ce=0
Port [ pixbuf_y_6_out]:  wired=1; compound=0; hidden=0; nouse=0; global=0; static=0; extern=0; dir=2; type=0; pingpong=0; private_global=0; IO mode=ap_ovld:ce=0
Port [ mpix_cr_3_out]:  wired=1; compound=0; hidden=0; nouse=0; global=0; static=0; extern=0; dir=1; type=0; pingpong=0; private_global=0; IO mode=ap_vld:ce=0
Port [ mpix_cr_2_out]:  wired=1; compound=0; hidden=0; nouse=0; global=0; static=0; extern=0; dir=2; type=0; pingpong=0; private_global=0; IO mode=ap_ovld:ce=0
Port [ mpix_cb_3_out]:  wired=1; compound=0; hidden=0; nouse=0; global=0; static=0; extern=0; dir=1; type=0; pingpong=0; private_global=0; IO mode=ap_vld:ce=0
Port [ mpix_cb_2_out]:  wired=1; compound=0; hidden=0; nouse=0; global=0; static=0; extern=0; dir=2; type=0; pingpong=0; private_global=0; IO mode=ap_ovld:ce=0
Port [ p_0_0_0_0_0_3782_i_out]:  wired=1; compound=0; hidden=0; nouse=0; global=0; static=0; extern=0; dir=2; type=0; pingpong=0; private_global=0; IO mode=ap_ovld:ce=0
Port [ p_0_0_0_0_0509_3778_i_out]:  wired=1; compound=0; hidden=0; nouse=0; global=0; static=0; extern=0; dir=2; type=0; pingpong=0; private_global=0; IO mode=ap_ovld:ce=0
Port [ p_0_0_0_0_0_2774_i_out]:  wired=1; compound=0; hidden=0; nouse=0; global=0; static=0; extern=0; dir=2; type=0; pingpong=0; private_global=0; IO mode=ap_ovld:ce=0
Port [ p_0_0_0_0_0509_2770_i_out]:  wired=1; compound=0; hidden=0; nouse=0; global=0; static=0; extern=0; dir=2; type=0; pingpong=0; private_global=0; IO mode=ap_ovld:ce=0
Port [ inpix_0_5_0_0_0_load755_i_out]:  wired=1; compound=0; hidden=0; nouse=0; global=0; static=0; extern=0; dir=2; type=0; pingpong=0; private_global=0; IO mode=ap_ovld:ce=0
Port [ inpix_0_4_0_0_0_load753_i_out]:  wired=1; compound=0; hidden=0; nouse=0; global=0; static=0; extern=0; dir=2; type=0; pingpong=0; private_global=0; IO mode=ap_ovld:ce=0
Port [ inpix_0_3_0_0_0_load751_i_out]:  wired=1; compound=0; hidden=0; nouse=0; global=0; static=0; extern=0; dir=2; type=0; pingpong=0; private_global=0; IO mode=ap_ovld:ce=0
Port [ inpix_0_2_0_0_0_load749_i_out]:  wired=1; compound=0; hidden=0; nouse=0; global=0; static=0; extern=0; dir=2; type=0; pingpong=0; private_global=0; IO mode=ap_ovld:ce=0
Port [ inpix_0_1_0_0_0_load747_i_out]:  wired=1; compound=0; hidden=0; nouse=0; global=0; static=0; extern=0; dir=2; type=0; pingpong=0; private_global=0; IO mode=ap_ovld:ce=0
Port [ inpix_0_0_0_0_0_load745_i_out]:  wired=1; compound=0; hidden=0; nouse=0; global=0; static=0; extern=0; dir=2; type=0; pingpong=0; private_global=0; IO mode=ap_ovld:ce=0
---------------- STG Properties END ------------------

---------------- Datapath Model BEGIN ----------------

<LifeTime>
<method=bitvector/>
p_0_0_0_0_0509_1_3787_i               (alloca           ) [ 01110]
storemerge744791_i                    (alloca           ) [ 01110]
x                                     (alloca           ) [ 01000]
p_0_0_0_0_0517757_i                   (alloca           ) [ 01110]
p_0_3_0_0_0759_i                      (alloca           ) [ 01110]
mpix_cb_3                             (alloca           ) [ 01110]
mpix_cr_3                             (alloca           ) [ 01110]
pixbuf_y                              (alloca           ) [ 01110]
pixbuf_y_8                            (alloca           ) [ 01110]
pixbuf_y_9                            (alloca           ) [ 01110]
pixbuf_y_10                           (alloca           ) [ 01110]
lshr_ln_read                          (read             ) [ 00000]
zext_ln730_read                       (read             ) [ 00000]
p_read_2                              (read             ) [ 01111]
loopWidth_read                        (read             ) [ 00000]
p_0_0_0_0_0517758_lcssa818_i_read     (read             ) [ 00000]
p_0_3_0_0_0760_lcssa821_i_read        (read             ) [ 00000]
p_0_0_0_0_0509_1_3788_lcssa847_i_read (read             ) [ 00000]
storemerge_lcssa850_i_read            (read             ) [ 00000]
mpix_cb_1_read                        (read             ) [ 00000]
mpix_cr_1_read                        (read             ) [ 00000]
pixbuf_y_2_read                       (read             ) [ 00000]
pixbuf_y_3_read                       (read             ) [ 00000]
pixbuf_y_4_read                       (read             ) [ 00000]
pixbuf_y_5_read                       (read             ) [ 00000]
zext_ln730_cast                       (zext             ) [ 00000]
specinterface_ln0                     (specinterface    ) [ 00000]
specinterface_ln0                     (specinterface    ) [ 00000]
store_ln745                           (store            ) [ 00000]
store_ln745                           (store            ) [ 00000]
store_ln745                           (store            ) [ 00000]
store_ln745                           (store            ) [ 00000]
store_ln738                           (store            ) [ 00000]
store_ln738                           (store            ) [ 00000]
store_ln0                             (store            ) [ 00000]
store_ln0                             (store            ) [ 00000]
store_ln725                           (store            ) [ 00000]
store_ln0                             (store            ) [ 00000]
store_ln0                             (store            ) [ 00000]
br_ln769                              (br               ) [ 00000]
x_3                                   (load             ) [ 00000]
zext_ln769                            (zext             ) [ 00000]
icmp_ln769                            (icmp             ) [ 01110]
x_4                                   (add              ) [ 00000]
br_ln769                              (br               ) [ 00000]
specpipeline_ln772                    (specpipeline     ) [ 00000]
specloopname_ln769                    (specloopname     ) [ 00000]
out_x                                 (sub              ) [ 00000]
icmp_ln777                            (icmp             ) [ 01110]
br_ln777                              (br               ) [ 00000]
icmp_ln833                            (icmp             ) [ 01110]
tmp                                   (bitselect        ) [ 01111]
br_ln922                              (br               ) [ 00000]
br_ln924                              (br               ) [ 00000]
br_ln928                              (br               ) [ 00000]
store_ln725                           (store            ) [ 00000]
stream_csc_read                       (read             ) [ 00000]
trunc_ln779                           (trunc            ) [ 00000]
mpix_cb                               (partselect       ) [ 00000]
mpix_cr                               (partselect       ) [ 00000]
trunc_ln779_3                         (partselect       ) [ 00000]
mpix_cb_4                             (partselect       ) [ 00000]
mpix_cr_4                             (partselect       ) [ 00000]
store_ln738                           (store            ) [ 00000]
store_ln738                           (store            ) [ 00000]
store_ln738                           (store            ) [ 00000]
store_ln738                           (store            ) [ 00000]
store_ln779                           (store            ) [ 00000]
store_ln779                           (store            ) [ 00000]
store_ln779                           (store            ) [ 00000]
store_ln779                           (store            ) [ 00000]
store_ln779                           (store            ) [ 00000]
store_ln779                           (store            ) [ 00000]
store_ln779                           (store            ) [ 00000]
store_ln779                           (store            ) [ 00000]
br_ln801                              (br               ) [ 00000]
pixbuf_y_11                           (load             ) [ 01001]
pixbuf_y_12                           (load             ) [ 01001]
pixbuf_y_13                           (load             ) [ 01001]
pixbuf_y_14                           (load             ) [ 01001]
speclooptripcount_ln0                 (speclooptripcount) [ 00000]
p_0_0_0_0_0509_2770_i_out_load        (load             ) [ 00000]
p_0_0_0_0_0_2774_i_out_load           (load             ) [ 00000]
p_0_0_0_0_0509_3778_i_out_load        (load             ) [ 00000]
p_0_0_0_0_0_3782_i_out_load           (load             ) [ 00000]
p_0_0_0_0_0509_1_3787_i_load          (load             ) [ 00000]
storemerge744791_i_load               (load             ) [ 00000]
mpix_cb_5                             (load             ) [ 00000]
mpix_cb_6                             (load             ) [ 00000]
mpix_cr_5                             (load             ) [ 00000]
mpix_cr_6                             (load             ) [ 00000]
select_ln845                          (select           ) [ 00000]
select_ln845_1                        (select           ) [ 00000]
select_ln859                          (select           ) [ 00000]
select_ln859_1                        (select           ) [ 00000]
select_ln859_2                        (select           ) [ 00000]
select_ln859_3                        (select           ) [ 00000]
select_ln859_4                        (select           ) [ 00000]
select_ln859_5                        (select           ) [ 00000]
select_ln859_6                        (select           ) [ 00000]
shl_ln                                (bitconcatenate   ) [ 00000]
zext_ln890                            (zext             ) [ 00000]
zext_ln890_1                          (zext             ) [ 00000]
zext_ln891                            (zext             ) [ 00000]
add_ln891                             (add              ) [ 00000]
zext_ln891_1                          (zext             ) [ 00000]
add_ln891_2                           (add              ) [ 00000]
add_ln891_1                           (add              ) [ 00000]
select_ln859_7                        (select           ) [ 00000]
shl_ln1                               (bitconcatenate   ) [ 00000]
zext_ln893                            (zext             ) [ 00000]
zext_ln893_1                          (zext             ) [ 00000]
zext_ln894                            (zext             ) [ 00000]
add_ln894                             (add              ) [ 00000]
zext_ln894_1                          (zext             ) [ 00000]
add_ln894_2                           (add              ) [ 00000]
add_ln894_1                           (add              ) [ 00000]
lshr_ln1                              (partselect       ) [ 01001]
trunc_ln2                             (partselect       ) [ 01001]
inpix_0_0_0_0_0_load                  (load             ) [ 00000]
inpix_0_1_0_0_0_load                  (load             ) [ 00000]
inpix_0_2_0_0_0_load                  (load             ) [ 00000]
inpix_0_3_0_0_0_load                  (load             ) [ 00000]
inpix_0_4_0_0_0_load                  (load             ) [ 00000]
inpix_0_5_0_0_0_load                  (load             ) [ 00000]
or_ln925_9                            (bitconcatenate   ) [ 00000]
write_ln925                           (write            ) [ 00000]
br_ln925                              (br               ) [ 00000]
p_0_0_0_0_0517757_i_load              (load             ) [ 00000]
p_0_3_0_0_0759_i_load                 (load             ) [ 00000]
store_ln745                           (store            ) [ 00000]
store_ln745                           (store            ) [ 00000]
store_ln745                           (store            ) [ 00000]
store_ln745                           (store            ) [ 00000]
store_ln845                           (store            ) [ 00000]
store_ln845                           (store            ) [ 00000]
store_ln859                           (store            ) [ 00000]
store_ln859                           (store            ) [ 00000]
store_ln859                           (store            ) [ 00000]
store_ln859                           (store            ) [ 00000]
pixbuf_y_6_out_load                   (load             ) [ 00000]
pixbuf_y_7_out_load                   (load             ) [ 00000]
select_ln903                          (select           ) [ 00000]
select_ln903_1                        (select           ) [ 00000]
tmp_4                                 (bitconcatenate   ) [ 00000]
zext_ln927                            (zext             ) [ 00000]
write_ln927                           (write            ) [ 00000]
br_ln0                                (br               ) [ 00000]
store_ln745                           (store            ) [ 00000]
store_ln745                           (store            ) [ 00000]
br_ln769                              (br               ) [ 00000]
mpix_cb_3_load                        (load             ) [ 00000]
mpix_cr_3_load                        (load             ) [ 00000]
write_ln0                             (write            ) [ 00000]
write_ln0                             (write            ) [ 00000]
store_ln0                             (store            ) [ 00000]
store_ln0                             (store            ) [ 00000]
write_ln0                             (write            ) [ 00000]
write_ln0                             (write            ) [ 00000]
ret_ln0                               (ret              ) [ 00000]
</LifeTime>

<model>

<comp_list>
<comp id="0" class="1000" name="pixbuf_y_5">
<pin_list>
<pin id="1" dir="1" index="0" bw="1" slack="0"/>
</pin_list>
<bind>
<StgValue><ssdm name="pixbuf_y_5"/></StgValue>
</bind>
</comp>

<comp id="2" class="1000" name="pixbuf_y_4">
<pin_list>
<pin id="3" dir="1" index="0" bw="1" slack="0"/>
</pin_list>
<bind>
<StgValue><ssdm name="pixbuf_y_4"/></StgValue>
</bind>
</comp>

<comp id="4" class="1000" name="pixbuf_y_3">
<pin_list>
<pin id="5" dir="1" index="0" bw="1" slack="0"/>
</pin_list>
<bind>
<StgValue><ssdm name="pixbuf_y_3"/></StgValue>
</bind>
</comp>

<comp id="6" class="1000" name="pixbuf_y_2">
<pin_list>
<pin id="7" dir="1" index="0" bw="1" slack="0"/>
</pin_list>
<bind>
<StgValue><ssdm name="pixbuf_y_2"/></StgValue>
</bind>
</comp>

<comp id="8" class="1000" name="mpix_cr_1">
<pin_list>
<pin id="9" dir="1" index="0" bw="1" slack="0"/>
</pin_list>
<bind>
<StgValue><ssdm name="mpix_cr_1"/></StgValue>
</bind>
</comp>

<comp id="10" class="1000" name="mpix_cb_1">
<pin_list>
<pin id="11" dir="1" index="0" bw="1" slack="0"/>
</pin_list>
<bind>
<StgValue><ssdm name="mpix_cb_1"/></StgValue>
</bind>
</comp>

<comp id="12" class="1000" name="storemerge_lcssa850_i">
<pin_list>
<pin id="13" dir="1" index="0" bw="1" slack="0"/>
</pin_list>
<bind>
<StgValue><ssdm name="storemerge_lcssa850_i"/></StgValue>
</bind>
</comp>

<comp id="14" class="1000" name="p_0_0_0_0_0509_1_3788_lcssa847_i">
<pin_list>
<pin id="15" dir="1" index="0" bw="1" slack="0"/>
</pin_list>
<bind>
<StgValue><ssdm name="p_0_0_0_0_0509_1_3788_lcssa847_i"/></StgValue>
</bind>
</comp>

<comp id="16" class="1000" name="p_0_3_0_0_0760_lcssa821_i">
<pin_list>
<pin id="17" dir="1" index="0" bw="1" slack="0"/>
</pin_list>
<bind>
<StgValue><ssdm name="p_0_3_0_0_0760_lcssa821_i"/></StgValue>
</bind>
</comp>

<comp id="18" class="1000" name="p_0_0_0_0_0517758_lcssa818_i">
<pin_list>
<pin id="19" dir="1" index="0" bw="1" slack="0"/>
</pin_list>
<bind>
<StgValue><ssdm name="p_0_0_0_0_0517758_lcssa818_i"/></StgValue>
</bind>
</comp>

<comp id="20" class="1000" name="loopWidth">
<pin_list>
<pin id="21" dir="1" index="0" bw="1" slack="0"/>
</pin_list>
<bind>
<StgValue><ssdm name="loopWidth"/></StgValue>
</bind>
</comp>

<comp id="22" class="1000" name="stream_out_hresampled">
<pin_list>
<pin id="23" dir="1" index="0" bw="1" slack="0"/>
</pin_list>
<bind>
<StgValue><ssdm name="stream_out_hresampled"/></StgValue>
</bind>
</comp>

<comp id="24" class="1000" name="p_read">
<pin_list>
<pin id="25" dir="1" index="0" bw="1" slack="0"/>
</pin_list>
<bind>
<StgValue><ssdm name="p_read"/></StgValue>
</bind>
</comp>

<comp id="26" class="1000" name="zext_ln730">
<pin_list>
<pin id="27" dir="1" index="0" bw="1" slack="0"/>
</pin_list>
<bind>
<StgValue><ssdm name="zext_ln730"/></StgValue>
</bind>
</comp>

<comp id="28" class="1000" name="lshr_ln">
<pin_list>
<pin id="29" dir="1" index="0" bw="1" slack="0"/>
</pin_list>
<bind>
<StgValue><ssdm name="lshr_ln"/></StgValue>
</bind>
</comp>

<comp id="30" class="1000" name="stream_csc">
<pin_list>
<pin id="31" dir="1" index="0" bw="1" slack="0"/>
</pin_list>
<bind>
<StgValue><ssdm name="stream_csc"/></StgValue>
</bind>
</comp>

<comp id="32" class="1000" name="pixbuf_y_11_out">
<pin_list>
<pin id="33" dir="1" index="0" bw="1" slack="0"/>
</pin_list>
<bind>
<StgValue><ssdm name="pixbuf_y_11_out"/></StgValue>
</bind>
</comp>

<comp id="34" class="1000" name="pixbuf_y_10_out">
<pin_list>
<pin id="35" dir="1" index="0" bw="1" slack="0"/>
</pin_list>
<bind>
<StgValue><ssdm name="pixbuf_y_10_out"/></StgValue>
</bind>
</comp>

<comp id="36" class="1000" name="pixbuf_y_9_out">
<pin_list>
<pin id="37" dir="1" index="0" bw="1" slack="0"/>
</pin_list>
<bind>
<StgValue><ssdm name="pixbuf_y_9_out"/></StgValue>
</bind>
</comp>

<comp id="38" class="1000" name="pixbuf_y_8_out">
<pin_list>
<pin id="39" dir="1" index="0" bw="1" slack="0"/>
</pin_list>
<bind>
<StgValue><ssdm name="pixbuf_y_8_out"/></StgValue>
</bind>
</comp>

<comp id="40" class="1000" name="pixbuf_y_7_out">
<pin_list>
<pin id="41" dir="1" index="0" bw="1" slack="0"/>
</pin_list>
<bind>
<StgValue><ssdm name="pixbuf_y_7_out"/></StgValue>
</bind>
</comp>

<comp id="42" class="1000" name="pixbuf_y_6_out">
<pin_list>
<pin id="43" dir="1" index="0" bw="1" slack="0"/>
</pin_list>
<bind>
<StgValue><ssdm name="pixbuf_y_6_out"/></StgValue>
</bind>
</comp>

<comp id="44" class="1000" name="mpix_cr_3_out">
<pin_list>
<pin id="45" dir="1" index="0" bw="1" slack="0"/>
</pin_list>
<bind>
<StgValue><ssdm name="mpix_cr_3_out"/></StgValue>
</bind>
</comp>

<comp id="46" class="1000" name="mpix_cr_2_out">
<pin_list>
<pin id="47" dir="1" index="0" bw="1" slack="0"/>
</pin_list>
<bind>
<StgValue><ssdm name="mpix_cr_2_out"/></StgValue>
</bind>
</comp>

<comp id="48" class="1000" name="mpix_cb_3_out">
<pin_list>
<pin id="49" dir="1" index="0" bw="1" slack="0"/>
</pin_list>
<bind>
<StgValue><ssdm name="mpix_cb_3_out"/></StgValue>
</bind>
</comp>

<comp id="50" class="1000" name="mpix_cb_2_out">
<pin_list>
<pin id="51" dir="1" index="0" bw="1" slack="0"/>
</pin_list>
<bind>
<StgValue><ssdm name="mpix_cb_2_out"/></StgValue>
</bind>
</comp>

<comp id="52" class="1000" name="p_0_0_0_0_0_3782_i_out">
<pin_list>
<pin id="53" dir="1" index="0" bw="1" slack="0"/>
</pin_list>
<bind>
<StgValue><ssdm name="p_0_0_0_0_0_3782_i_out"/></StgValue>
</bind>
</comp>

<comp id="54" class="1000" name="p_0_0_0_0_0509_3778_i_out">
<pin_list>
<pin id="55" dir="1" index="0" bw="1" slack="0"/>
</pin_list>
<bind>
<StgValue><ssdm name="p_0_0_0_0_0509_3778_i_out"/></StgValue>
</bind>
</comp>

<comp id="56" class="1000" name="p_0_0_0_0_0_2774_i_out">
<pin_list>
<pin id="57" dir="1" index="0" bw="1" slack="0"/>
</pin_list>
<bind>
<StgValue><ssdm name="p_0_0_0_0_0_2774_i_out"/></StgValue>
</bind>
</comp>

<comp id="58" class="1000" name="p_0_0_0_0_0509_2770_i_out">
<pin_list>
<pin id="59" dir="1" index="0" bw="1" slack="0"/>
</pin_list>
<bind>
<StgValue><ssdm name="p_0_0_0_0_0509_2770_i_out"/></StgValue>
</bind>
</comp>

<comp id="60" class="1000" name="inpix_0_5_0_0_0_load755_i_out">
<pin_list>
<pin id="61" dir="1" index="0" bw="1" slack="0"/>
</pin_list>
<bind>
<StgValue><ssdm name="inpix_0_5_0_0_0_load755_i_out"/></StgValue>
</bind>
</comp>

<comp id="62" class="1000" name="inpix_0_4_0_0_0_load753_i_out">
<pin_list>
<pin id="63" dir="1" index="0" bw="1" slack="0"/>
</pin_list>
<bind>
<StgValue><ssdm name="inpix_0_4_0_0_0_load753_i_out"/></StgValue>
</bind>
</comp>

<comp id="64" class="1000" name="inpix_0_3_0_0_0_load751_i_out">
<pin_list>
<pin id="65" dir="1" index="0" bw="1" slack="0"/>
</pin_list>
<bind>
<StgValue><ssdm name="inpix_0_3_0_0_0_load751_i_out"/></StgValue>
</bind>
</comp>

<comp id="66" class="1000" name="inpix_0_2_0_0_0_load749_i_out">
<pin_list>
<pin id="67" dir="1" index="0" bw="1" slack="0"/>
</pin_list>
<bind>
<StgValue><ssdm name="inpix_0_2_0_0_0_load749_i_out"/></StgValue>
</bind>
</comp>

<comp id="68" class="1000" name="inpix_0_1_0_0_0_load747_i_out">
<pin_list>
<pin id="69" dir="1" index="0" bw="1" slack="0"/>
</pin_list>
<bind>
<StgValue><ssdm name="inpix_0_1_0_0_0_load747_i_out"/></StgValue>
</bind>
</comp>

<comp id="70" class="1000" name="inpix_0_0_0_0_0_load745_i_out">
<pin_list>
<pin id="71" dir="1" index="0" bw="1" slack="0"/>
</pin_list>
<bind>
<StgValue><ssdm name="inpix_0_0_0_0_0_load745_i_out"/></StgValue>
</bind>
</comp>

<comp id="72" class="1001" name="const_72">
<pin_list>
<pin id="73" dir="1" index="0" bw="1" slack="0"/>
</pin_list>
<bind>
<StgValue><ssdm name=""/></StgValue>
</bind>
</comp>

<comp id="74" class="1001" name="const_74">
<pin_list>
<pin id="75" dir="1" index="0" bw="1" slack="0"/>
</pin_list>
<bind>
<StgValue><ssdm name="_ssdm_op_Read.ap_auto.i15"/></StgValue>
</bind>
</comp>

<comp id="76" class="1001" name="const_76">
<pin_list>
<pin id="77" dir="1" index="0" bw="1" slack="0"/>
</pin_list>
<bind>
<StgValue><ssdm name="_ssdm_op_Read.ap_auto.i1"/></StgValue>
</bind>
</comp>

<comp id="78" class="1001" name="const_78">
<pin_list>
<pin id="79" dir="1" index="0" bw="1" slack="0"/>
</pin_list>
<bind>
<StgValue><ssdm name="_ssdm_op_Read.ap_auto.i16"/></StgValue>
</bind>
</comp>

<comp id="80" class="1001" name="const_80">
<pin_list>
<pin id="81" dir="1" index="0" bw="1" slack="0"/>
</pin_list>
<bind>
<StgValue><ssdm name="_ssdm_op_Read.ap_auto.i8"/></StgValue>
</bind>
</comp>

<comp id="82" class="1001" name="const_82">
<pin_list>
<pin id="83" dir="1" index="0" bw="1" slack="2147483647"/>
</pin_list>
<bind>
<StgValue><ssdm name="_ssdm_op_SpecInterface"/></StgValue>
</bind>
</comp>

<comp id="84" class="1001" name="const_84">
<pin_list>
<pin id="85" dir="1" index="0" bw="1" slack="2147483647"/>
</pin_list>
<bind>
<StgValue><ssdm name="empty_34"/></StgValue>
</bind>
</comp>

<comp id="86" class="1001" name="const_86">
<pin_list>
<pin id="87" dir="1" index="0" bw="1" slack="2147483647"/>
</pin_list>
<bind>
<StgValue><ssdm name=""/></StgValue>
</bind>
</comp>

<comp id="88" class="1001" name="const_88">
<pin_list>
<pin id="89" dir="1" index="0" bw="1" slack="2147483647"/>
</pin_list>
<bind>
<StgValue><ssdm name="empty_49"/></StgValue>
</bind>
</comp>

<comp id="90" class="1001" name="const_90">
<pin_list>
<pin id="91" dir="1" index="0" bw="1" slack="2147483647"/>
</pin_list>
<bind>
<StgValue><ssdm name=""/></StgValue>
</bind>
</comp>

<comp id="92" class="1001" name="const_92">
<pin_list>
<pin id="93" dir="1" index="0" bw="1" slack="0"/>
</pin_list>
<bind>
<StgValue><ssdm name=""/></StgValue>
</bind>
</comp>

<comp id="94" class="1001" name="const_94">
<pin_list>
<pin id="95" dir="1" index="0" bw="1" slack="0"/>
</pin_list>
<bind>
<StgValue><ssdm name=""/></StgValue>
</bind>
</comp>

<comp id="96" class="1001" name="const_96">
<pin_list>
<pin id="97" dir="1" index="0" bw="1" slack="2147483647"/>
</pin_list>
<bind>
<StgValue><ssdm name="_ssdm_op_SpecPipeline"/></StgValue>
</bind>
</comp>

<comp id="98" class="1001" name="const_98">
<pin_list>
<pin id="99" dir="1" index="0" bw="1" slack="2147483647"/>
</pin_list>
<bind>
<StgValue><ssdm name="_ssdm_op_SpecLoopName"/></StgValue>
</bind>
</comp>

<comp id="100" class="1001" name="const_100">
<pin_list>
<pin id="101" dir="1" index="0" bw="1" slack="2147483647"/>
</pin_list>
<bind>
<StgValue><ssdm name="empty_42"/></StgValue>
</bind>
</comp>

<comp id="102" class="1001" name="const_102">
<pin_list>
<pin id="103" dir="1" index="0" bw="1" slack="0"/>
</pin_list>
<bind>
<StgValue><ssdm name="_ssdm_op_BitSelect.i1.i16.i32"/></StgValue>
</bind>
</comp>

<comp id="104" class="1001" name="const_104">
<pin_list>
<pin id="105" dir="1" index="0" bw="1" slack="0"/>
</pin_list>
<bind>
<StgValue><ssdm name=""/></StgValue>
</bind>
</comp>

<comp id="106" class="1001" name="const_106">
<pin_list>
<pin id="107" dir="1" index="0" bw="1" slack="0"/>
</pin_list>
<bind>
<StgValue><ssdm name="_ssdm_op_Read.ap_fifo.volatile.i48P0A"/></StgValue>
</bind>
</comp>

<comp id="108" class="1001" name="const_108">
<pin_list>
<pin id="109" dir="1" index="0" bw="1" slack="0"/>
</pin_list>
<bind>
<StgValue><ssdm name="_ssdm_op_PartSelect.i8.i48.i32.i32"/></StgValue>
</bind>
</comp>

<comp id="110" class="1001" name="const_110">
<pin_list>
<pin id="111" dir="1" index="0" bw="1" slack="0"/>
</pin_list>
<bind>
<StgValue><ssdm name=""/></StgValue>
</bind>
</comp>

<comp id="112" class="1001" name="const_112">
<pin_list>
<pin id="113" dir="1" index="0" bw="1" slack="0"/>
</pin_list>
<bind>
<StgValue><ssdm name=""/></StgValue>
</bind>
</comp>

<comp id="114" class="1001" name="const_114">
<pin_list>
<pin id="115" dir="1" index="0" bw="1" slack="0"/>
</pin_list>
<bind>
<StgValue><ssdm name=""/></StgValue>
</bind>
</comp>

<comp id="116" class="1001" name="const_116">
<pin_list>
<pin id="117" dir="1" index="0" bw="1" slack="0"/>
</pin_list>
<bind>
<StgValue><ssdm name=""/></StgValue>
</bind>
</comp>

<comp id="118" class="1001" name="const_118">
<pin_list>
<pin id="119" dir="1" index="0" bw="1" slack="0"/>
</pin_list>
<bind>
<StgValue><ssdm name=""/></StgValue>
</bind>
</comp>

<comp id="120" class="1001" name="const_120">
<pin_list>
<pin id="121" dir="1" index="0" bw="1" slack="0"/>
</pin_list>
<bind>
<StgValue><ssdm name=""/></StgValue>
</bind>
</comp>

<comp id="122" class="1001" name="const_122">
<pin_list>
<pin id="123" dir="1" index="0" bw="1" slack="0"/>
</pin_list>
<bind>
<StgValue><ssdm name=""/></StgValue>
</bind>
</comp>

<comp id="124" class="1001" name="const_124">
<pin_list>
<pin id="125" dir="1" index="0" bw="1" slack="0"/>
</pin_list>
<bind>
<StgValue><ssdm name=""/></StgValue>
</bind>
</comp>

<comp id="126" class="1001" name="const_126">
<pin_list>
<pin id="127" dir="1" index="0" bw="1" slack="0"/>
</pin_list>
<bind>
<StgValue><ssdm name=""/></StgValue>
</bind>
</comp>

<comp id="128" class="1001" name="const_128">
<pin_list>
<pin id="129" dir="1" index="0" bw="1" slack="2147483647"/>
</pin_list>
<bind>
<StgValue><ssdm name="_ssdm_op_SpecLoopTripCount"/></StgValue>
</bind>
</comp>

<comp id="130" class="1001" name="const_130">
<pin_list>
<pin id="131" dir="1" index="0" bw="1" slack="2147483647"/>
</pin_list>
<bind>
<StgValue><ssdm name=""/></StgValue>
</bind>
</comp>

<comp id="132" class="1001" name="const_132">
<pin_list>
<pin id="133" dir="1" index="0" bw="1" slack="2147483647"/>
</pin_list>
<bind>
<StgValue><ssdm name=""/></StgValue>
</bind>
</comp>

<comp id="134" class="1001" name="const_134">
<pin_list>
<pin id="135" dir="1" index="0" bw="1" slack="2147483647"/>
</pin_list>
<bind>
<StgValue><ssdm name=""/></StgValue>
</bind>
</comp>

<comp id="136" class="1001" name="const_136">
<pin_list>
<pin id="137" dir="1" index="0" bw="1" slack="0"/>
</pin_list>
<bind>
<StgValue><ssdm name="_ssdm_op_BitConcatenate.i9.i8.i1"/></StgValue>
</bind>
</comp>

<comp id="138" class="1001" name="const_138">
<pin_list>
<pin id="139" dir="1" index="0" bw="1" slack="0"/>
</pin_list>
<bind>
<StgValue><ssdm name=""/></StgValue>
</bind>
</comp>

<comp id="140" class="1001" name="const_140">
<pin_list>
<pin id="141" dir="1" index="0" bw="1" slack="0"/>
</pin_list>
<bind>
<StgValue><ssdm name=""/></StgValue>
</bind>
</comp>

<comp id="142" class="1001" name="const_142">
<pin_list>
<pin id="143" dir="1" index="0" bw="1" slack="0"/>
</pin_list>
<bind>
<StgValue><ssdm name="_ssdm_op_PartSelect.i8.i10.i32.i32"/></StgValue>
</bind>
</comp>

<comp id="144" class="1001" name="const_144">
<pin_list>
<pin id="145" dir="1" index="0" bw="1" slack="0"/>
</pin_list>
<bind>
<StgValue><ssdm name=""/></StgValue>
</bind>
</comp>

<comp id="146" class="1001" name="const_146">
<pin_list>
<pin id="147" dir="1" index="0" bw="1" slack="0"/>
</pin_list>
<bind>
<StgValue><ssdm name=""/></StgValue>
</bind>
</comp>

<comp id="148" class="1001" name="const_148">
<pin_list>
<pin id="149" dir="1" index="0" bw="1" slack="0"/>
</pin_list>
<bind>
<StgValue><ssdm name="_ssdm_op_BitConcatenate.i48.i8.i8.i8.i8.i8.i8"/></StgValue>
</bind>
</comp>

<comp id="150" class="1001" name="const_150">
<pin_list>
<pin id="151" dir="1" index="0" bw="1" slack="0"/>
</pin_list>
<bind>
<StgValue><ssdm name="_ssdm_op_Write.ap_fifo.volatile.i48P0A"/></StgValue>
</bind>
</comp>

<comp id="152" class="1001" name="const_152">
<pin_list>
<pin id="153" dir="1" index="0" bw="1" slack="0"/>
</pin_list>
<bind>
<StgValue><ssdm name="_ssdm_op_BitConcatenate.i40.i8.i8.i8.i8.i8"/></StgValue>
</bind>
</comp>

<comp id="154" class="1001" name="const_154">
<pin_list>
<pin id="155" dir="1" index="0" bw="1" slack="0"/>
</pin_list>
<bind>
<StgValue><ssdm name=""/></StgValue>
</bind>
</comp>

<comp id="156" class="1001" name="const_156">
<pin_list>
<pin id="157" dir="1" index="0" bw="1" slack="0"/>
</pin_list>
<bind>
<StgValue><ssdm name="_ssdm_op_Write.ap_auto.i8P0A"/></StgValue>
</bind>
</comp>

<comp id="158" class="1004" name="p_0_0_0_0_0509_1_3787_i_fu_158">
<pin_list>
<pin id="159" dir="0" index="0" bw="1" slack="0"/>
<pin id="160" dir="1" index="1" bw="8" slack="0"/>
</pin_list>
<bind>
<opcode="alloca(26) " fcode="alloca"/>
<opset="p_0_0_0_0_0509_1_3787_i/1 "/>
</bind>
</comp>

<comp id="162" class="1004" name="storemerge744791_i_fu_162">
<pin_list>
<pin id="163" dir="0" index="0" bw="1" slack="0"/>
<pin id="164" dir="1" index="1" bw="8" slack="0"/>
</pin_list>
<bind>
<opcode="alloca(26) " fcode="alloca"/>
<opset="storemerge744791_i/1 "/>
</bind>
</comp>

<comp id="166" class="1004" name="x_fu_166">
<pin_list>
<pin id="167" dir="0" index="0" bw="1" slack="0"/>
<pin id="168" dir="1" index="1" bw="15" slack="0"/>
</pin_list>
<bind>
<opcode="alloca(26) " fcode="alloca"/>
<opset="x/1 "/>
</bind>
</comp>

<comp id="170" class="1004" name="p_0_0_0_0_0517757_i_fu_170">
<pin_list>
<pin id="171" dir="0" index="0" bw="1" slack="0"/>
<pin id="172" dir="1" index="1" bw="8" slack="0"/>
</pin_list>
<bind>
<opcode="alloca(26) " fcode="alloca"/>
<opset="p_0_0_0_0_0517757_i/1 "/>
</bind>
</comp>

<comp id="174" class="1004" name="p_0_3_0_0_0759_i_fu_174">
<pin_list>
<pin id="175" dir="0" index="0" bw="1" slack="0"/>
<pin id="176" dir="1" index="1" bw="8" slack="0"/>
</pin_list>
<bind>
<opcode="alloca(26) " fcode="alloca"/>
<opset="p_0_3_0_0_0759_i/1 "/>
</bind>
</comp>

<comp id="178" class="1004" name="mpix_cb_3_fu_178">
<pin_list>
<pin id="179" dir="0" index="0" bw="1" slack="0"/>
<pin id="180" dir="1" index="1" bw="8" slack="0"/>
</pin_list>
<bind>
<opcode="alloca(26) " fcode="alloca"/>
<opset="mpix_cb_3/1 "/>
</bind>
</comp>

<comp id="182" class="1004" name="mpix_cr_3_fu_182">
<pin_list>
<pin id="183" dir="0" index="0" bw="1" slack="0"/>
<pin id="184" dir="1" index="1" bw="8" slack="0"/>
</pin_list>
<bind>
<opcode="alloca(26) " fcode="alloca"/>
<opset="mpix_cr_3/1 "/>
</bind>
</comp>

<comp id="186" class="1004" name="pixbuf_y_fu_186">
<pin_list>
<pin id="187" dir="0" index="0" bw="1" slack="0"/>
<pin id="188" dir="1" index="1" bw="8" slack="0"/>
</pin_list>
<bind>
<opcode="alloca(26) " fcode="alloca"/>
<opset="pixbuf_y/1 "/>
</bind>
</comp>

<comp id="190" class="1004" name="pixbuf_y_8_fu_190">
<pin_list>
<pin id="191" dir="0" index="0" bw="1" slack="0"/>
<pin id="192" dir="1" index="1" bw="8" slack="0"/>
</pin_list>
<bind>
<opcode="alloca(26) " fcode="alloca"/>
<opset="pixbuf_y_8/1 "/>
</bind>
</comp>

<comp id="194" class="1004" name="pixbuf_y_9_fu_194">
<pin_list>
<pin id="195" dir="0" index="0" bw="1" slack="0"/>
<pin id="196" dir="1" index="1" bw="8" slack="0"/>
</pin_list>
<bind>
<opcode="alloca(26) " fcode="alloca"/>
<opset="pixbuf_y_9/1 "/>
</bind>
</comp>

<comp id="198" class="1004" name="pixbuf_y_10_fu_198">
<pin_list>
<pin id="199" dir="0" index="0" bw="1" slack="0"/>
<pin id="200" dir="1" index="1" bw="8" slack="0"/>
</pin_list>
<bind>
<opcode="alloca(26) " fcode="alloca"/>
<opset="pixbuf_y_10/1 "/>
</bind>
</comp>

<comp id="202" class="1004" name="lshr_ln_read_read_fu_202">
<pin_list>
<pin id="203" dir="0" index="0" bw="15" slack="0"/>
<pin id="204" dir="0" index="1" bw="15" slack="0"/>
<pin id="205" dir="1" index="2" bw="15" slack="0"/>
</pin_list>
<bind>
<opcode="read(1150) " fcode="read"/>
<opset="lshr_ln_read/1 "/>
</bind>
</comp>

<comp id="208" class="1004" name="zext_ln730_read_read_fu_208">
<pin_list>
<pin id="209" dir="0" index="0" bw="1" slack="0"/>
<pin id="210" dir="0" index="1" bw="1" slack="0"/>
<pin id="211" dir="1" index="2" bw="1" slack="0"/>
</pin_list>
<bind>
<opcode="read(1150) " fcode="read"/>
<opset="zext_ln730_read/1 "/>
</bind>
</comp>

<comp id="214" class="1004" name="p_read_2_read_fu_214">
<pin_list>
<pin id="215" dir="0" index="0" bw="1" slack="0"/>
<pin id="216" dir="0" index="1" bw="1" slack="0"/>
<pin id="217" dir="1" index="2" bw="1" slack="2"/>
</pin_list>
<bind>
<opcode="read(1150) " fcode="read"/>
<opset="p_read_2/1 "/>
</bind>
</comp>

<comp id="220" class="1004" name="loopWidth_read_read_fu_220">
<pin_list>
<pin id="221" dir="0" index="0" bw="16" slack="0"/>
<pin id="222" dir="0" index="1" bw="16" slack="0"/>
<pin id="223" dir="1" index="2" bw="16" slack="0"/>
</pin_list>
<bind>
<opcode="read(1150) " fcode="read"/>
<opset="loopWidth_read/1 "/>
</bind>
</comp>

<comp id="226" class="1004" name="p_0_0_0_0_0517758_lcssa818_i_read_read_fu_226">
<pin_list>
<pin id="227" dir="0" index="0" bw="8" slack="0"/>
<pin id="228" dir="0" index="1" bw="8" slack="0"/>
<pin id="229" dir="1" index="2" bw="8" slack="0"/>
</pin_list>
<bind>
<opcode="read(1150) " fcode="read"/>
<opset="p_0_0_0_0_0517758_lcssa818_i_read/1 "/>
</bind>
</comp>

<comp id="232" class="1004" name="p_0_3_0_0_0760_lcssa821_i_read_read_fu_232">
<pin_list>
<pin id="233" dir="0" index="0" bw="8" slack="0"/>
<pin id="234" dir="0" index="1" bw="8" slack="0"/>
<pin id="235" dir="1" index="2" bw="8" slack="0"/>
</pin_list>
<bind>
<opcode="read(1150) " fcode="read"/>
<opset="p_0_3_0_0_0760_lcssa821_i_read/1 "/>
</bind>
</comp>

<comp id="238" class="1004" name="p_0_0_0_0_0509_1_3788_lcssa847_i_read_read_fu_238">
<pin_list>
<pin id="239" dir="0" index="0" bw="8" slack="0"/>
<pin id="240" dir="0" index="1" bw="8" slack="0"/>
<pin id="241" dir="1" index="2" bw="8" slack="0"/>
</pin_list>
<bind>
<opcode="read(1150) " fcode="read"/>
<opset="p_0_0_0_0_0509_1_3788_lcssa847_i_read/1 "/>
</bind>
</comp>

<comp id="244" class="1004" name="storemerge_lcssa850_i_read_read_fu_244">
<pin_list>
<pin id="245" dir="0" index="0" bw="8" slack="0"/>
<pin id="246" dir="0" index="1" bw="8" slack="0"/>
<pin id="247" dir="1" index="2" bw="8" slack="0"/>
</pin_list>
<bind>
<opcode="read(1150) " fcode="read"/>
<opset="storemerge_lcssa850_i_read/1 "/>
</bind>
</comp>

<comp id="250" class="1004" name="mpix_cb_1_read_read_fu_250">
<pin_list>
<pin id="251" dir="0" index="0" bw="8" slack="0"/>
<pin id="252" dir="0" index="1" bw="8" slack="0"/>
<pin id="253" dir="1" index="2" bw="8" slack="0"/>
</pin_list>
<bind>
<opcode="read(1150) " fcode="read"/>
<opset="mpix_cb_1_read/1 "/>
</bind>
</comp>

<comp id="256" class="1004" name="mpix_cr_1_read_read_fu_256">
<pin_list>
<pin id="257" dir="0" index="0" bw="8" slack="0"/>
<pin id="258" dir="0" index="1" bw="8" slack="0"/>
<pin id="259" dir="1" index="2" bw="8" slack="0"/>
</pin_list>
<bind>
<opcode="read(1150) " fcode="read"/>
<opset="mpix_cr_1_read/1 "/>
</bind>
</comp>

<comp id="262" class="1004" name="pixbuf_y_2_read_read_fu_262">
<pin_list>
<pin id="263" dir="0" index="0" bw="8" slack="0"/>
<pin id="264" dir="0" index="1" bw="8" slack="0"/>
<pin id="265" dir="1" index="2" bw="8" slack="0"/>
</pin_list>
<bind>
<opcode="read(1150) " fcode="read"/>
<opset="pixbuf_y_2_read/1 "/>
</bind>
</comp>

<comp id="268" class="1004" name="pixbuf_y_3_read_read_fu_268">
<pin_list>
<pin id="269" dir="0" index="0" bw="8" slack="0"/>
<pin id="270" dir="0" index="1" bw="8" slack="0"/>
<pin id="271" dir="1" index="2" bw="8" slack="0"/>
</pin_list>
<bind>
<opcode="read(1150) " fcode="read"/>
<opset="pixbuf_y_3_read/1 "/>
</bind>
</comp>

<comp id="274" class="1004" name="pixbuf_y_4_read_read_fu_274">
<pin_list>
<pin id="275" dir="0" index="0" bw="8" slack="0"/>
<pin id="276" dir="0" index="1" bw="8" slack="0"/>
<pin id="277" dir="1" index="2" bw="8" slack="0"/>
</pin_list>
<bind>
<opcode="read(1150) " fcode="read"/>
<opset="pixbuf_y_4_read/1 "/>
</bind>
</comp>

<comp id="280" class="1004" name="pixbuf_y_5_read_read_fu_280">
<pin_list>
<pin id="281" dir="0" index="0" bw="8" slack="0"/>
<pin id="282" dir="0" index="1" bw="8" slack="0"/>
<pin id="283" dir="1" index="2" bw="8" slack="0"/>
</pin_list>
<bind>
<opcode="read(1150) " fcode="read"/>
<opset="pixbuf_y_5_read/1 "/>
</bind>
</comp>

<comp id="286" class="1004" name="stream_csc_read_read_fu_286">
<pin_list>
<pin id="287" dir="0" index="0" bw="48" slack="0"/>
<pin id="288" dir="0" index="1" bw="48" slack="0"/>
<pin id="289" dir="1" index="2" bw="48" slack="0"/>
</pin_list>
<bind>
<opcode="read(1150) " fcode="read"/>
<opset="stream_csc_read/2 "/>
</bind>
</comp>

<comp id="292" class="1004" name="grp_write_fu_292">
<pin_list>
<pin id="293" dir="0" index="0" bw="0" slack="0"/>
<pin id="294" dir="0" index="1" bw="48" slack="0"/>
<pin id="295" dir="0" index="2" bw="48" slack="0"/>
<pin id="296" dir="1" index="3" bw="0" slack="2147483647"/>
</pin_list>
<bind>
<opcode="write(1151) " fcode="write"/>
<opset="write_ln925/3 write_ln927/4 "/>
</bind>
</comp>

<comp id="299" class="1004" name="write_ln0_write_fu_299">
<pin_list>
<pin id="300" dir="0" index="0" bw="0" slack="0"/>
<pin id="301" dir="0" index="1" bw="8" slack="0"/>
<pin id="302" dir="0" index="2" bw="8" slack="0"/>
<pin id="303" dir="1" index="3" bw="0" slack="2147483647"/>
</pin_list>
<bind>
<opcode="write(1151) " fcode="write"/>
<opset="write_ln0/3 "/>
</bind>
</comp>

<comp id="306" class="1004" name="write_ln0_write_fu_306">
<pin_list>
<pin id="307" dir="0" index="0" bw="0" slack="0"/>
<pin id="308" dir="0" index="1" bw="8" slack="0"/>
<pin id="309" dir="0" index="2" bw="8" slack="0"/>
<pin id="310" dir="1" index="3" bw="0" slack="2147483647"/>
</pin_list>
<bind>
<opcode="write(1151) " fcode="write"/>
<opset="write_ln0/3 "/>
</bind>
</comp>

<comp id="313" class="1004" name="write_ln0_write_fu_313">
<pin_list>
<pin id="314" dir="0" index="0" bw="0" slack="0"/>
<pin id="315" dir="0" index="1" bw="8" slack="0"/>
<pin id="316" dir="0" index="2" bw="8" slack="0"/>
<pin id="317" dir="1" index="3" bw="0" slack="2147483647"/>
</pin_list>
<bind>
<opcode="write(1151) " fcode="write"/>
<opset="write_ln0/3 "/>
</bind>
</comp>

<comp id="320" class="1004" name="write_ln0_write_fu_320">
<pin_list>
<pin id="321" dir="0" index="0" bw="0" slack="0"/>
<pin id="322" dir="0" index="1" bw="8" slack="0"/>
<pin id="323" dir="0" index="2" bw="8" slack="0"/>
<pin id="324" dir="1" index="3" bw="0" slack="2147483647"/>
</pin_list>
<bind>
<opcode="write(1151) " fcode="write"/>
<opset="write_ln0/3 "/>
</bind>
</comp>

<comp id="327" class="1004" name="zext_ln730_cast_fu_327">
<pin_list>
<pin id="328" dir="0" index="0" bw="1" slack="0"/>
<pin id="329" dir="1" index="1" bw="16" slack="0"/>
</pin_list>
<bind>
<opcode="zext(34) " fcode="zext"/>
<opset="zext_ln730_cast/1 "/>
</bind>
</comp>

<comp id="331" class="1004" name="store_ln745_store_fu_331">
<pin_list>
<pin id="332" dir="0" index="0" bw="8" slack="0"/>
<pin id="333" dir="0" index="1" bw="8" slack="0"/>
<pin id="334" dir="1" index="2" bw="0" slack="2147483647"/>
</pin_list>
<bind>
<opcode="store(28) " fcode="store"/>
<opset="store_ln745/1 "/>
</bind>
</comp>

<comp id="336" class="1004" name="store_ln745_store_fu_336">
<pin_list>
<pin id="337" dir="0" index="0" bw="8" slack="0"/>
<pin id="338" dir="0" index="1" bw="8" slack="0"/>
<pin id="339" dir="1" index="2" bw="0" slack="2147483647"/>
</pin_list>
<bind>
<opcode="store(28) " fcode="store"/>
<opset="store_ln745/1 "/>
</bind>
</comp>

<comp id="341" class="1004" name="store_ln745_store_fu_341">
<pin_list>
<pin id="342" dir="0" index="0" bw="8" slack="0"/>
<pin id="343" dir="0" index="1" bw="8" slack="0"/>
<pin id="344" dir="1" index="2" bw="0" slack="2147483647"/>
</pin_list>
<bind>
<opcode="store(28) " fcode="store"/>
<opset="store_ln745/1 "/>
</bind>
</comp>

<comp id="346" class="1004" name="store_ln745_store_fu_346">
<pin_list>
<pin id="347" dir="0" index="0" bw="8" slack="0"/>
<pin id="348" dir="0" index="1" bw="8" slack="0"/>
<pin id="349" dir="1" index="2" bw="0" slack="2147483647"/>
</pin_list>
<bind>
<opcode="store(28) " fcode="store"/>
<opset="store_ln745/1 "/>
</bind>
</comp>

<comp id="351" class="1004" name="store_ln738_store_fu_351">
<pin_list>
<pin id="352" dir="0" index="0" bw="8" slack="0"/>
<pin id="353" dir="0" index="1" bw="8" slack="0"/>
<pin id="354" dir="1" index="2" bw="0" slack="2147483647"/>
</pin_list>
<bind>
<opcode="store(28) " fcode="store"/>
<opset="store_ln738/1 "/>
</bind>
</comp>

<comp id="356" class="1004" name="store_ln738_store_fu_356">
<pin_list>
<pin id="357" dir="0" index="0" bw="8" slack="0"/>
<pin id="358" dir="0" index="1" bw="8" slack="0"/>
<pin id="359" dir="1" index="2" bw="0" slack="2147483647"/>
</pin_list>
<bind>
<opcode="store(28) " fcode="store"/>
<opset="store_ln738/1 "/>
</bind>
</comp>

<comp id="361" class="1004" name="store_ln0_store_fu_361">
<pin_list>
<pin id="362" dir="0" index="0" bw="8" slack="0"/>
<pin id="363" dir="0" index="1" bw="8" slack="0"/>
<pin id="364" dir="1" index="2" bw="0" slack="2147483647"/>
</pin_list>
<bind>
<opcode="store(28) " fcode="store"/>
<opset="store_ln0/1 "/>
</bind>
</comp>

<comp id="366" class="1004" name="store_ln0_store_fu_366">
<pin_list>
<pin id="367" dir="0" index="0" bw="8" slack="0"/>
<pin id="368" dir="0" index="1" bw="8" slack="0"/>
<pin id="369" dir="1" index="2" bw="0" slack="2147483647"/>
</pin_list>
<bind>
<opcode="store(28) " fcode="store"/>
<opset="store_ln0/1 "/>
</bind>
</comp>

<comp id="371" class="1004" name="store_ln725_store_fu_371">
<pin_list>
<pin id="372" dir="0" index="0" bw="1" slack="0"/>
<pin id="373" dir="0" index="1" bw="15" slack="0"/>
<pin id="374" dir="1" index="2" bw="0" slack="2147483647"/>
</pin_list>
<bind>
<opcode="store(28) " fcode="store"/>
<opset="store_ln725/1 "/>
</bind>
</comp>

<comp id="376" class="1004" name="store_ln0_store_fu_376">
<pin_list>
<pin id="377" dir="0" index="0" bw="8" slack="0"/>
<pin id="378" dir="0" index="1" bw="8" slack="0"/>
<pin id="379" dir="1" index="2" bw="0" slack="2147483647"/>
</pin_list>
<bind>
<opcode="store(28) " fcode="store"/>
<opset="store_ln0/1 "/>
</bind>
</comp>

<comp id="381" class="1004" name="store_ln0_store_fu_381">
<pin_list>
<pin id="382" dir="0" index="0" bw="8" slack="0"/>
<pin id="383" dir="0" index="1" bw="8" slack="0"/>
<pin id="384" dir="1" index="2" bw="0" slack="2147483647"/>
</pin_list>
<bind>
<opcode="store(28) " fcode="store"/>
<opset="store_ln0/1 "/>
</bind>
</comp>

<comp id="386" class="1004" name="x_3_load_fu_386">
<pin_list>
<pin id="387" dir="0" index="0" bw="15" slack="0"/>
<pin id="388" dir="1" index="1" bw="15" slack="0"/>
</pin_list>
<bind>
<opcode="load(27) " fcode="load"/>
<opset="x_3/1 "/>
</bind>
</comp>

<comp id="389" class="1004" name="zext_ln769_fu_389">
<pin_list>
<pin id="390" dir="0" index="0" bw="15" slack="0"/>
<pin id="391" dir="1" index="1" bw="16" slack="0"/>
</pin_list>
<bind>
<opcode="zext(34) " fcode="zext"/>
<opset="zext_ln769/1 "/>
</bind>
</comp>

<comp id="393" class="1004" name="icmp_ln769_fu_393">
<pin_list>
<pin id="394" dir="0" index="0" bw="16" slack="0"/>
<pin id="395" dir="0" index="1" bw="16" slack="0"/>
<pin id="396" dir="1" index="2" bw="1" slack="1"/>
</pin_list>
<bind>
<opcode="icmp(45) " fcode="icmp"/>
<opset="icmp_ln769/1 "/>
</bind>
</comp>

<comp id="399" class="1004" name="x_4_fu_399">
<pin_list>
<pin id="400" dir="0" index="0" bw="15" slack="0"/>
<pin id="401" dir="0" index="1" bw="1" slack="0"/>
<pin id="402" dir="1" index="2" bw="15" slack="0"/>
</pin_list>
<bind>
<opcode="add(8) " fcode="add"/>
<opset="x_4/1 "/>
</bind>
</comp>

<comp id="405" class="1004" name="out_x_fu_405">
<pin_list>
<pin id="406" dir="0" index="0" bw="15" slack="0"/>
<pin id="407" dir="0" index="1" bw="1" slack="0"/>
<pin id="408" dir="1" index="2" bw="16" slack="0"/>
</pin_list>
<bind>
<opcode="sub(10) " fcode="sub"/>
<opset="out_x/1 "/>
</bind>
</comp>

<comp id="411" class="1004" name="icmp_ln777_fu_411">
<pin_list>
<pin id="412" dir="0" index="0" bw="15" slack="0"/>
<pin id="413" dir="0" index="1" bw="15" slack="0"/>
<pin id="414" dir="1" index="2" bw="1" slack="1"/>
</pin_list>
<bind>
<opcode="icmp(45) " fcode="icmp"/>
<opset="icmp_ln777/1 "/>
</bind>
</comp>

<comp id="417" class="1004" name="icmp_ln833_fu_417">
<pin_list>
<pin id="418" dir="0" index="0" bw="15" slack="0"/>
<pin id="419" dir="0" index="1" bw="15" slack="0"/>
<pin id="420" dir="1" index="2" bw="1" slack="2"/>
</pin_list>
<bind>
<opcode="icmp(45) " fcode="icmp"/>
<opset="icmp_ln833/1 "/>
</bind>
</comp>

<comp id="423" class="1004" name="tmp_fu_423">
<pin_list>
<pin id="424" dir="0" index="0" bw="1" slack="0"/>
<pin id="425" dir="0" index="1" bw="16" slack="0"/>
<pin id="426" dir="0" index="2" bw="5" slack="0"/>
<pin id="427" dir="1" index="3" bw="1" slack="2"/>
</pin_list>
<bind>
<opcode="bitselect(1000) " fcode="bitselect"/>
<opset="tmp/1 "/>
</bind>
</comp>

<comp id="431" class="1004" name="store_ln725_store_fu_431">
<pin_list>
<pin id="432" dir="0" index="0" bw="15" slack="0"/>
<pin id="433" dir="0" index="1" bw="15" slack="0"/>
<pin id="434" dir="1" index="2" bw="0" slack="2147483647"/>
</pin_list>
<bind>
<opcode="store(28) " fcode="store"/>
<opset="store_ln725/1 "/>
</bind>
</comp>

<comp id="436" class="1004" name="trunc_ln779_fu_436">
<pin_list>
<pin id="437" dir="0" index="0" bw="48" slack="0"/>
<pin id="438" dir="1" index="1" bw="8" slack="0"/>
</pin_list>
<bind>
<opcode="trunc(33) " fcode="trunc"/>
<opset="trunc_ln779/2 "/>
</bind>
</comp>

<comp id="440" class="1004" name="mpix_cb_fu_440">
<pin_list>
<pin id="441" dir="0" index="0" bw="8" slack="0"/>
<pin id="442" dir="0" index="1" bw="48" slack="0"/>
<pin id="443" dir="0" index="2" bw="5" slack="0"/>
<pin id="444" dir="0" index="3" bw="5" slack="0"/>
<pin id="445" dir="1" index="4" bw="8" slack="0"/>
</pin_list>
<bind>
<opcode="partselect(1002) " fcode="partselect"/>
<opset="mpix_cb/2 "/>
</bind>
</comp>

<comp id="450" class="1004" name="mpix_cr_fu_450">
<pin_list>
<pin id="451" dir="0" index="0" bw="8" slack="0"/>
<pin id="452" dir="0" index="1" bw="48" slack="0"/>
<pin id="453" dir="0" index="2" bw="6" slack="0"/>
<pin id="454" dir="0" index="3" bw="6" slack="0"/>
<pin id="455" dir="1" index="4" bw="8" slack="0"/>
</pin_list>
<bind>
<opcode="partselect(1002) " fcode="partselect"/>
<opset="mpix_cr/2 "/>
</bind>
</comp>

<comp id="460" class="1004" name="trunc_ln779_3_fu_460">
<pin_list>
<pin id="461" dir="0" index="0" bw="8" slack="0"/>
<pin id="462" dir="0" index="1" bw="48" slack="0"/>
<pin id="463" dir="0" index="2" bw="6" slack="0"/>
<pin id="464" dir="0" index="3" bw="6" slack="0"/>
<pin id="465" dir="1" index="4" bw="8" slack="0"/>
</pin_list>
<bind>
<opcode="partselect(1002) " fcode="partselect"/>
<opset="trunc_ln779_3/2 "/>
</bind>
</comp>

<comp id="470" class="1004" name="mpix_cb_4_fu_470">
<pin_list>
<pin id="471" dir="0" index="0" bw="8" slack="0"/>
<pin id="472" dir="0" index="1" bw="48" slack="0"/>
<pin id="473" dir="0" index="2" bw="7" slack="0"/>
<pin id="474" dir="0" index="3" bw="7" slack="0"/>
<pin id="475" dir="1" index="4" bw="8" slack="0"/>
</pin_list>
<bind>
<opcode="partselect(1002) " fcode="partselect"/>
<opset="mpix_cb_4/2 "/>
</bind>
</comp>

<comp id="480" class="1004" name="mpix_cr_4_fu_480">
<pin_list>
<pin id="481" dir="0" index="0" bw="8" slack="0"/>
<pin id="482" dir="0" index="1" bw="48" slack="0"/>
<pin id="483" dir="0" index="2" bw="7" slack="0"/>
<pin id="484" dir="0" index="3" bw="7" slack="0"/>
<pin id="485" dir="1" index="4" bw="8" slack="0"/>
</pin_list>
<bind>
<opcode="partselect(1002) " fcode="partselect"/>
<opset="mpix_cr_4/2 "/>
</bind>
</comp>

<comp id="490" class="1004" name="store_ln738_store_fu_490">
<pin_list>
<pin id="491" dir="0" index="0" bw="8" slack="0"/>
<pin id="492" dir="0" index="1" bw="8" slack="1"/>
<pin id="493" dir="1" index="2" bw="0" slack="2147483647"/>
</pin_list>
<bind>
<opcode="store(28) " fcode="store"/>
<opset="store_ln738/2 "/>
</bind>
</comp>

<comp id="495" class="1004" name="store_ln738_store_fu_495">
<pin_list>
<pin id="496" dir="0" index="0" bw="8" slack="0"/>
<pin id="497" dir="0" index="1" bw="8" slack="0"/>
<pin id="498" dir="1" index="2" bw="0" slack="2147483647"/>
</pin_list>
<bind>
<opcode="store(28) " fcode="store"/>
<opset="store_ln738/2 "/>
</bind>
</comp>

<comp id="501" class="1004" name="store_ln738_store_fu_501">
<pin_list>
<pin id="502" dir="0" index="0" bw="8" slack="0"/>
<pin id="503" dir="0" index="1" bw="8" slack="1"/>
<pin id="504" dir="1" index="2" bw="0" slack="2147483647"/>
</pin_list>
<bind>
<opcode="store(28) " fcode="store"/>
<opset="store_ln738/2 "/>
</bind>
</comp>

<comp id="506" class="1004" name="store_ln738_store_fu_506">
<pin_list>
<pin id="507" dir="0" index="0" bw="8" slack="0"/>
<pin id="508" dir="0" index="1" bw="8" slack="0"/>
<pin id="509" dir="1" index="2" bw="0" slack="2147483647"/>
</pin_list>
<bind>
<opcode="store(28) " fcode="store"/>
<opset="store_ln738/2 "/>
</bind>
</comp>

<comp id="512" class="1004" name="store_ln779_store_fu_512">
<pin_list>
<pin id="513" dir="0" index="0" bw="8" slack="0"/>
<pin id="514" dir="0" index="1" bw="8" slack="1"/>
<pin id="515" dir="1" index="2" bw="0" slack="2147483647"/>
</pin_list>
<bind>
<opcode="store(28) " fcode="store"/>
<opset="store_ln779/2 "/>
</bind>
</comp>

<comp id="517" class="1004" name="store_ln779_store_fu_517">
<pin_list>
<pin id="518" dir="0" index="0" bw="8" slack="0"/>
<pin id="519" dir="0" index="1" bw="8" slack="1"/>
<pin id="520" dir="1" index="2" bw="0" slack="2147483647"/>
</pin_list>
<bind>
<opcode="store(28) " fcode="store"/>
<opset="store_ln779/2 "/>
</bind>
</comp>

<comp id="522" class="1004" name="store_ln779_store_fu_522">
<pin_list>
<pin id="523" dir="0" index="0" bw="8" slack="0"/>
<pin id="524" dir="0" index="1" bw="8" slack="0"/>
<pin id="525" dir="1" index="2" bw="0" slack="2147483647"/>
</pin_list>
<bind>
<opcode="store(28) " fcode="store"/>
<opset="store_ln779/2 "/>
</bind>
</comp>

<comp id="528" class="1004" name="store_ln779_store_fu_528">
<pin_list>
<pin id="529" dir="0" index="0" bw="8" slack="0"/>
<pin id="530" dir="0" index="1" bw="8" slack="0"/>
<pin id="531" dir="1" index="2" bw="0" slack="2147483647"/>
</pin_list>
<bind>
<opcode="store(28) " fcode="store"/>
<opset="store_ln779/2 "/>
</bind>
</comp>

<comp id="534" class="1004" name="store_ln779_store_fu_534">
<pin_list>
<pin id="535" dir="0" index="0" bw="8" slack="0"/>
<pin id="536" dir="0" index="1" bw="8" slack="0"/>
<pin id="537" dir="1" index="2" bw="0" slack="2147483647"/>
</pin_list>
<bind>
<opcode="store(28) " fcode="store"/>
<opset="store_ln779/2 "/>
</bind>
</comp>

<comp id="540" class="1004" name="store_ln779_store_fu_540">
<pin_list>
<pin id="541" dir="0" index="0" bw="8" slack="0"/>
<pin id="542" dir="0" index="1" bw="8" slack="0"/>
<pin id="543" dir="1" index="2" bw="0" slack="2147483647"/>
</pin_list>
<bind>
<opcode="store(28) " fcode="store"/>
<opset="store_ln779/2 "/>
</bind>
</comp>

<comp id="546" class="1004" name="store_ln779_store_fu_546">
<pin_list>
<pin id="547" dir="0" index="0" bw="8" slack="0"/>
<pin id="548" dir="0" index="1" bw="8" slack="0"/>
<pin id="549" dir="1" index="2" bw="0" slack="2147483647"/>
</pin_list>
<bind>
<opcode="store(28) " fcode="store"/>
<opset="store_ln779/2 "/>
</bind>
</comp>

<comp id="552" class="1004" name="store_ln779_store_fu_552">
<pin_list>
<pin id="553" dir="0" index="0" bw="8" slack="0"/>
<pin id="554" dir="0" index="1" bw="8" slack="0"/>
<pin id="555" dir="1" index="2" bw="0" slack="2147483647"/>
</pin_list>
<bind>
<opcode="store(28) " fcode="store"/>
<opset="store_ln779/2 "/>
</bind>
</comp>

<comp id="558" class="1004" name="pixbuf_y_11_load_fu_558">
<pin_list>
<pin id="559" dir="0" index="0" bw="8" slack="2"/>
<pin id="560" dir="1" index="1" bw="8" slack="0"/>
</pin_list>
<bind>
<opcode="load(27) " fcode="load"/>
<opset="pixbuf_y_11/3 "/>
</bind>
</comp>

<comp id="561" class="1004" name="pixbuf_y_12_load_fu_561">
<pin_list>
<pin id="562" dir="0" index="0" bw="8" slack="2"/>
<pin id="563" dir="1" index="1" bw="8" slack="0"/>
</pin_list>
<bind>
<opcode="load(27) " fcode="load"/>
<opset="pixbuf_y_12/3 "/>
</bind>
</comp>

<comp id="564" class="1004" name="pixbuf_y_13_load_fu_564">
<pin_list>
<pin id="565" dir="0" index="0" bw="8" slack="2"/>
<pin id="566" dir="1" index="1" bw="8" slack="0"/>
</pin_list>
<bind>
<opcode="load(27) " fcode="load"/>
<opset="pixbuf_y_13/3 "/>
</bind>
</comp>

<comp id="568" class="1004" name="pixbuf_y_14_load_fu_568">
<pin_list>
<pin id="569" dir="0" index="0" bw="8" slack="2"/>
<pin id="570" dir="1" index="1" bw="8" slack="0"/>
</pin_list>
<bind>
<opcode="load(27) " fcode="load"/>
<opset="pixbuf_y_14/3 "/>
</bind>
</comp>

<comp id="572" class="1004" name="p_0_0_0_0_0509_2770_i_out_load_load_fu_572">
<pin_list>
<pin id="573" dir="0" index="0" bw="8" slack="0"/>
<pin id="574" dir="1" index="1" bw="8" slack="0"/>
</pin_list>
<bind>
<opcode="load(27) " fcode="load"/>
<opset="p_0_0_0_0_0509_2770_i_out_load/3 "/>
</bind>
</comp>

<comp id="576" class="1004" name="p_0_0_0_0_0_2774_i_out_load_load_fu_576">
<pin_list>
<pin id="577" dir="0" index="0" bw="8" slack="0"/>
<pin id="578" dir="1" index="1" bw="8" slack="0"/>
</pin_list>
<bind>
<opcode="load(27) " fcode="load"/>
<opset="p_0_0_0_0_0_2774_i_out_load/3 "/>
</bind>
</comp>

<comp id="580" class="1004" name="p_0_0_0_0_0509_3778_i_out_load_load_fu_580">
<pin_list>
<pin id="581" dir="0" index="0" bw="8" slack="0"/>
<pin id="582" dir="1" index="1" bw="8" slack="0"/>
</pin_list>
<bind>
<opcode="load(27) " fcode="load"/>
<opset="p_0_0_0_0_0509_3778_i_out_load/3 "/>
</bind>
</comp>

<comp id="584" class="1004" name="p_0_0_0_0_0_3782_i_out_load_load_fu_584">
<pin_list>
<pin id="585" dir="0" index="0" bw="8" slack="0"/>
<pin id="586" dir="1" index="1" bw="8" slack="0"/>
</pin_list>
<bind>
<opcode="load(27) " fcode="load"/>
<opset="p_0_0_0_0_0_3782_i_out_load/3 "/>
</bind>
</comp>

<comp id="588" class="1004" name="p_0_0_0_0_0509_1_3787_i_load_load_fu_588">
<pin_list>
<pin id="589" dir="0" index="0" bw="8" slack="2"/>
<pin id="590" dir="1" index="1" bw="8" slack="0"/>
</pin_list>
<bind>
<opcode="load(27) " fcode="load"/>
<opset="p_0_0_0_0_0509_1_3787_i_load/3 "/>
</bind>
</comp>

<comp id="591" class="1004" name="storemerge744791_i_load_load_fu_591">
<pin_list>
<pin id="592" dir="0" index="0" bw="8" slack="2"/>
<pin id="593" dir="1" index="1" bw="8" slack="0"/>
</pin_list>
<bind>
<opcode="load(27) " fcode="load"/>
<opset="storemerge744791_i_load/3 "/>
</bind>
</comp>

<comp id="594" class="1004" name="mpix_cb_5_load_fu_594">
<pin_list>
<pin id="595" dir="0" index="0" bw="8" slack="0"/>
<pin id="596" dir="1" index="1" bw="8" slack="0"/>
</pin_list>
<bind>
<opcode="load(27) " fcode="load"/>
<opset="mpix_cb_5/3 "/>
</bind>
</comp>

<comp id="598" class="1004" name="mpix_cb_6_load_fu_598">
<pin_list>
<pin id="599" dir="0" index="0" bw="8" slack="2"/>
<pin id="600" dir="1" index="1" bw="8" slack="0"/>
</pin_list>
<bind>
<opcode="load(27) " fcode="load"/>
<opset="mpix_cb_6/3 "/>
</bind>
</comp>

<comp id="601" class="1004" name="mpix_cr_5_load_fu_601">
<pin_list>
<pin id="602" dir="0" index="0" bw="8" slack="0"/>
<pin id="603" dir="1" index="1" bw="8" slack="0"/>
</pin_list>
<bind>
<opcode="load(27) " fcode="load"/>
<opset="mpix_cr_5/3 "/>
</bind>
</comp>

<comp id="605" class="1004" name="mpix_cr_6_load_fu_605">
<pin_list>
<pin id="606" dir="0" index="0" bw="8" slack="2"/>
<pin id="607" dir="1" index="1" bw="8" slack="0"/>
</pin_list>
<bind>
<opcode="load(27) " fcode="load"/>
<opset="mpix_cr_6/3 "/>
</bind>
</comp>

<comp id="608" class="1004" name="select_ln845_fu_608">
<pin_list>
<pin id="609" dir="0" index="0" bw="1" slack="2"/>
<pin id="610" dir="0" index="1" bw="8" slack="0"/>
<pin id="611" dir="0" index="2" bw="8" slack="0"/>
<pin id="612" dir="1" index="3" bw="8" slack="0"/>
</pin_list>
<bind>
<opcode="select(49) " fcode="select"/>
<opset="select_ln845/3 "/>
</bind>
</comp>

<comp id="615" class="1004" name="select_ln845_1_fu_615">
<pin_list>
<pin id="616" dir="0" index="0" bw="1" slack="2"/>
<pin id="617" dir="0" index="1" bw="8" slack="0"/>
<pin id="618" dir="0" index="2" bw="8" slack="0"/>
<pin id="619" dir="1" index="3" bw="8" slack="0"/>
</pin_list>
<bind>
<opcode="select(49) " fcode="select"/>
<opset="select_ln845_1/3 "/>
</bind>
</comp>

<comp id="622" class="1004" name="select_ln859_fu_622">
<pin_list>
<pin id="623" dir="0" index="0" bw="1" slack="2"/>
<pin id="624" dir="0" index="1" bw="8" slack="0"/>
<pin id="625" dir="0" index="2" bw="8" slack="0"/>
<pin id="626" dir="1" index="3" bw="8" slack="0"/>
</pin_list>
<bind>
<opcode="select(49) " fcode="select"/>
<opset="select_ln859/3 "/>
</bind>
</comp>

<comp id="629" class="1004" name="select_ln859_1_fu_629">
<pin_list>
<pin id="630" dir="0" index="0" bw="1" slack="2"/>
<pin id="631" dir="0" index="1" bw="8" slack="0"/>
<pin id="632" dir="0" index="2" bw="8" slack="0"/>
<pin id="633" dir="1" index="3" bw="8" slack="0"/>
</pin_list>
<bind>
<opcode="select(49) " fcode="select"/>
<opset="select_ln859_1/3 "/>
</bind>
</comp>

<comp id="636" class="1004" name="select_ln859_2_fu_636">
<pin_list>
<pin id="637" dir="0" index="0" bw="1" slack="2"/>
<pin id="638" dir="0" index="1" bw="8" slack="0"/>
<pin id="639" dir="0" index="2" bw="8" slack="0"/>
<pin id="640" dir="1" index="3" bw="8" slack="0"/>
</pin_list>
<bind>
<opcode="select(49) " fcode="select"/>
<opset="select_ln859_2/3 "/>
</bind>
</comp>

<comp id="643" class="1004" name="select_ln859_3_fu_643">
<pin_list>
<pin id="644" dir="0" index="0" bw="1" slack="2"/>
<pin id="645" dir="0" index="1" bw="8" slack="0"/>
<pin id="646" dir="0" index="2" bw="8" slack="0"/>
<pin id="647" dir="1" index="3" bw="8" slack="0"/>
</pin_list>
<bind>
<opcode="select(49) " fcode="select"/>
<opset="select_ln859_3/3 "/>
</bind>
</comp>

<comp id="650" class="1004" name="select_ln859_4_fu_650">
<pin_list>
<pin id="651" dir="0" index="0" bw="1" slack="2"/>
<pin id="652" dir="0" index="1" bw="8" slack="0"/>
<pin id="653" dir="0" index="2" bw="8" slack="0"/>
<pin id="654" dir="1" index="3" bw="8" slack="0"/>
</pin_list>
<bind>
<opcode="select(49) " fcode="select"/>
<opset="select_ln859_4/3 "/>
</bind>
</comp>

<comp id="657" class="1004" name="select_ln859_5_fu_657">
<pin_list>
<pin id="658" dir="0" index="0" bw="1" slack="2"/>
<pin id="659" dir="0" index="1" bw="8" slack="0"/>
<pin id="660" dir="0" index="2" bw="8" slack="0"/>
<pin id="661" dir="1" index="3" bw="8" slack="0"/>
</pin_list>
<bind>
<opcode="select(49) " fcode="select"/>
<opset="select_ln859_5/3 "/>
</bind>
</comp>

<comp id="664" class="1004" name="select_ln859_6_fu_664">
<pin_list>
<pin id="665" dir="0" index="0" bw="1" slack="2"/>
<pin id="666" dir="0" index="1" bw="8" slack="0"/>
<pin id="667" dir="0" index="2" bw="8" slack="0"/>
<pin id="668" dir="1" index="3" bw="8" slack="0"/>
</pin_list>
<bind>
<opcode="select(49) " fcode="select"/>
<opset="select_ln859_6/3 "/>
</bind>
</comp>

<comp id="671" class="1004" name="shl_ln_fu_671">
<pin_list>
<pin id="672" dir="0" index="0" bw="9" slack="0"/>
<pin id="673" dir="0" index="1" bw="8" slack="0"/>
<pin id="674" dir="0" index="2" bw="1" slack="0"/>
<pin id="675" dir="1" index="3" bw="9" slack="0"/>
</pin_list>
<bind>
<opcode="bitconcatenate(1004) " fcode="bitconcatenate"/>
<opset="shl_ln/3 "/>
</bind>
</comp>

<comp id="679" class="1004" name="zext_ln890_fu_679">
<pin_list>
<pin id="680" dir="0" index="0" bw="8" slack="0"/>
<pin id="681" dir="1" index="1" bw="10" slack="0"/>
</pin_list>
<bind>
<opcode="zext(34) " fcode="zext"/>
<opset="zext_ln890/3 "/>
</bind>
</comp>

<comp id="683" class="1004" name="zext_ln890_1_fu_683">
<pin_list>
<pin id="684" dir="0" index="0" bw="9" slack="0"/>
<pin id="685" dir="1" index="1" bw="10" slack="0"/>
</pin_list>
<bind>
<opcode="zext(34) " fcode="zext"/>
<opset="zext_ln890_1/3 "/>
</bind>
</comp>

<comp id="687" class="1004" name="zext_ln891_fu_687">
<pin_list>
<pin id="688" dir="0" index="0" bw="8" slack="0"/>
<pin id="689" dir="1" index="1" bw="9" slack="0"/>
</pin_list>
<bind>
<opcode="zext(34) " fcode="zext"/>
<opset="zext_ln891/3 "/>
</bind>
</comp>

<comp id="691" class="1004" name="add_ln891_fu_691">
<pin_list>
<pin id="692" dir="0" index="0" bw="8" slack="0"/>
<pin id="693" dir="0" index="1" bw="3" slack="0"/>
<pin id="694" dir="1" index="2" bw="9" slack="0"/>
</pin_list>
<bind>
<opcode="add(8) " fcode="add"/>
<opset="add_ln891/3 "/>
</bind>
</comp>

<comp id="697" class="1004" name="zext_ln891_1_fu_697">
<pin_list>
<pin id="698" dir="0" index="0" bw="9" slack="0"/>
<pin id="699" dir="1" index="1" bw="10" slack="0"/>
</pin_list>
<bind>
<opcode="zext(34) " fcode="zext"/>
<opset="zext_ln891_1/3 "/>
</bind>
</comp>

<comp id="701" class="1004" name="add_ln891_2_fu_701">
<pin_list>
<pin id="702" dir="0" index="0" bw="9" slack="0"/>
<pin id="703" dir="0" index="1" bw="8" slack="0"/>
<pin id="704" dir="1" index="2" bw="10" slack="0"/>
</pin_list>
<bind>
<opcode="add(8) " fcode="add"/>
<opset="add_ln891_2/3 "/>
</bind>
</comp>

<comp id="707" class="1004" name="add_ln891_1_fu_707">
<pin_list>
<pin id="708" dir="0" index="0" bw="10" slack="0"/>
<pin id="709" dir="0" index="1" bw="9" slack="0"/>
<pin id="710" dir="1" index="2" bw="10" slack="0"/>
</pin_list>
<bind>
<opcode="add(8) " fcode="add"/>
<opset="add_ln891_1/3 "/>
</bind>
</comp>

<comp id="713" class="1004" name="select_ln859_7_fu_713">
<pin_list>
<pin id="714" dir="0" index="0" bw="1" slack="2"/>
<pin id="715" dir="0" index="1" bw="8" slack="0"/>
<pin id="716" dir="0" index="2" bw="8" slack="0"/>
<pin id="717" dir="1" index="3" bw="8" slack="0"/>
</pin_list>
<bind>
<opcode="select(49) " fcode="select"/>
<opset="select_ln859_7/3 "/>
</bind>
</comp>

<comp id="720" class="1004" name="shl_ln1_fu_720">
<pin_list>
<pin id="721" dir="0" index="0" bw="9" slack="0"/>
<pin id="722" dir="0" index="1" bw="8" slack="0"/>
<pin id="723" dir="0" index="2" bw="1" slack="0"/>
<pin id="724" dir="1" index="3" bw="9" slack="0"/>
</pin_list>
<bind>
<opcode="bitconcatenate(1004) " fcode="bitconcatenate"/>
<opset="shl_ln1/3 "/>
</bind>
</comp>

<comp id="728" class="1004" name="zext_ln893_fu_728">
<pin_list>
<pin id="729" dir="0" index="0" bw="8" slack="0"/>
<pin id="730" dir="1" index="1" bw="10" slack="0"/>
</pin_list>
<bind>
<opcode="zext(34) " fcode="zext"/>
<opset="zext_ln893/3 "/>
</bind>
</comp>

<comp id="732" class="1004" name="zext_ln893_1_fu_732">
<pin_list>
<pin id="733" dir="0" index="0" bw="9" slack="0"/>
<pin id="734" dir="1" index="1" bw="10" slack="0"/>
</pin_list>
<bind>
<opcode="zext(34) " fcode="zext"/>
<opset="zext_ln893_1/3 "/>
</bind>
</comp>

<comp id="736" class="1004" name="zext_ln894_fu_736">
<pin_list>
<pin id="737" dir="0" index="0" bw="8" slack="0"/>
<pin id="738" dir="1" index="1" bw="9" slack="0"/>
</pin_list>
<bind>
<opcode="zext(34) " fcode="zext"/>
<opset="zext_ln894/3 "/>
</bind>
</comp>

<comp id="740" class="1004" name="add_ln894_fu_740">
<pin_list>
<pin id="741" dir="0" index="0" bw="8" slack="0"/>
<pin id="742" dir="0" index="1" bw="3" slack="0"/>
<pin id="743" dir="1" index="2" bw="9" slack="0"/>
</pin_list>
<bind>
<opcode="add(8) " fcode="add"/>
<opset="add_ln894/3 "/>
</bind>
</comp>

<comp id="746" class="1004" name="zext_ln894_1_fu_746">
<pin_list>
<pin id="747" dir="0" index="0" bw="9" slack="0"/>
<pin id="748" dir="1" index="1" bw="10" slack="0"/>
</pin_list>
<bind>
<opcode="zext(34) " fcode="zext"/>
<opset="zext_ln894_1/3 "/>
</bind>
</comp>

<comp id="750" class="1004" name="add_ln894_2_fu_750">
<pin_list>
<pin id="751" dir="0" index="0" bw="9" slack="0"/>
<pin id="752" dir="0" index="1" bw="8" slack="0"/>
<pin id="753" dir="1" index="2" bw="10" slack="0"/>
</pin_list>
<bind>
<opcode="add(8) " fcode="add"/>
<opset="add_ln894_2/3 "/>
</bind>
</comp>

<comp id="756" class="1004" name="add_ln894_1_fu_756">
<pin_list>
<pin id="757" dir="0" index="0" bw="10" slack="0"/>
<pin id="758" dir="0" index="1" bw="9" slack="0"/>
<pin id="759" dir="1" index="2" bw="10" slack="0"/>
</pin_list>
<bind>
<opcode="add(8) " fcode="add"/>
<opset="add_ln894_1/3 "/>
</bind>
</comp>

<comp id="762" class="1004" name="lshr_ln1_fu_762">
<pin_list>
<pin id="763" dir="0" index="0" bw="8" slack="0"/>
<pin id="764" dir="0" index="1" bw="10" slack="0"/>
<pin id="765" dir="0" index="2" bw="3" slack="0"/>
<pin id="766" dir="0" index="3" bw="5" slack="0"/>
<pin id="767" dir="1" index="4" bw="8" slack="1"/>
</pin_list>
<bind>
<opcode="partselect(1002) " fcode="partselect"/>
<opset="lshr_ln1/3 "/>
</bind>
</comp>

<comp id="772" class="1004" name="trunc_ln2_fu_772">
<pin_list>
<pin id="773" dir="0" index="0" bw="8" slack="0"/>
<pin id="774" dir="0" index="1" bw="10" slack="0"/>
<pin id="775" dir="0" index="2" bw="3" slack="0"/>
<pin id="776" dir="0" index="3" bw="5" slack="0"/>
<pin id="777" dir="1" index="4" bw="8" slack="1"/>
</pin_list>
<bind>
<opcode="partselect(1002) " fcode="partselect"/>
<opset="trunc_ln2/3 "/>
</bind>
</comp>

<comp id="782" class="1004" name="inpix_0_0_0_0_0_load_load_fu_782">
<pin_list>
<pin id="783" dir="0" index="0" bw="8" slack="0"/>
<pin id="784" dir="1" index="1" bw="8" slack="0"/>
</pin_list>
<bind>
<opcode="load(27) " fcode="load"/>
<opset="inpix_0_0_0_0_0_load/3 "/>
</bind>
</comp>

<comp id="786" class="1004" name="inpix_0_1_0_0_0_load_load_fu_786">
<pin_list>
<pin id="787" dir="0" index="0" bw="8" slack="0"/>
<pin id="788" dir="1" index="1" bw="8" slack="0"/>
</pin_list>
<bind>
<opcode="load(27) " fcode="load"/>
<opset="inpix_0_1_0_0_0_load/3 "/>
</bind>
</comp>

<comp id="790" class="1004" name="inpix_0_2_0_0_0_load_load_fu_790">
<pin_list>
<pin id="791" dir="0" index="0" bw="8" slack="0"/>
<pin id="792" dir="1" index="1" bw="8" slack="0"/>
</pin_list>
<bind>
<opcode="load(27) " fcode="load"/>
<opset="inpix_0_2_0_0_0_load/3 "/>
</bind>
</comp>

<comp id="794" class="1004" name="inpix_0_3_0_0_0_load_load_fu_794">
<pin_list>
<pin id="795" dir="0" index="0" bw="8" slack="0"/>
<pin id="796" dir="1" index="1" bw="8" slack="0"/>
</pin_list>
<bind>
<opcode="load(27) " fcode="load"/>
<opset="inpix_0_3_0_0_0_load/3 "/>
</bind>
</comp>

<comp id="798" class="1004" name="inpix_0_4_0_0_0_load_load_fu_798">
<pin_list>
<pin id="799" dir="0" index="0" bw="8" slack="0"/>
<pin id="800" dir="1" index="1" bw="8" slack="0"/>
</pin_list>
<bind>
<opcode="load(27) " fcode="load"/>
<opset="inpix_0_4_0_0_0_load/3 "/>
</bind>
</comp>

<comp id="802" class="1004" name="inpix_0_5_0_0_0_load_load_fu_802">
<pin_list>
<pin id="803" dir="0" index="0" bw="8" slack="0"/>
<pin id="804" dir="1" index="1" bw="8" slack="0"/>
</pin_list>
<bind>
<opcode="load(27) " fcode="load"/>
<opset="inpix_0_5_0_0_0_load/3 "/>
</bind>
</comp>

<comp id="806" class="1004" name="or_ln925_9_fu_806">
<pin_list>
<pin id="807" dir="0" index="0" bw="48" slack="0"/>
<pin id="808" dir="0" index="1" bw="8" slack="0"/>
<pin id="809" dir="0" index="2" bw="8" slack="0"/>
<pin id="810" dir="0" index="3" bw="8" slack="0"/>
<pin id="811" dir="0" index="4" bw="8" slack="0"/>
<pin id="812" dir="0" index="5" bw="8" slack="0"/>
<pin id="813" dir="0" index="6" bw="8" slack="0"/>
<pin id="814" dir="1" index="7" bw="48" slack="0"/>
</pin_list>
<bind>
<opcode="bitconcatenate(1004) " fcode="bitconcatenate"/>
<opset="or_ln925_9/3 "/>
</bind>
</comp>

<comp id="823" class="1004" name="p_0_0_0_0_0517757_i_load_load_fu_823">
<pin_list>
<pin id="824" dir="0" index="0" bw="8" slack="2"/>
<pin id="825" dir="1" index="1" bw="8" slack="0"/>
</pin_list>
<bind>
<opcode="load(27) " fcode="load"/>
<opset="p_0_0_0_0_0517757_i_load/3 "/>
</bind>
</comp>

<comp id="826" class="1004" name="p_0_3_0_0_0759_i_load_load_fu_826">
<pin_list>
<pin id="827" dir="0" index="0" bw="8" slack="2"/>
<pin id="828" dir="1" index="1" bw="8" slack="0"/>
</pin_list>
<bind>
<opcode="load(27) " fcode="load"/>
<opset="p_0_3_0_0_0759_i_load/3 "/>
</bind>
</comp>

<comp id="829" class="1004" name="store_ln745_store_fu_829">
<pin_list>
<pin id="830" dir="0" index="0" bw="8" slack="0"/>
<pin id="831" dir="0" index="1" bw="8" slack="2"/>
<pin id="832" dir="1" index="2" bw="0" slack="2147483647"/>
</pin_list>
<bind>
<opcode="store(28) " fcode="store"/>
<opset="store_ln745/3 "/>
</bind>
</comp>

<comp id="834" class="1004" name="store_ln745_store_fu_834">
<pin_list>
<pin id="835" dir="0" index="0" bw="8" slack="0"/>
<pin id="836" dir="0" index="1" bw="8" slack="2"/>
<pin id="837" dir="1" index="2" bw="0" slack="2147483647"/>
</pin_list>
<bind>
<opcode="store(28) " fcode="store"/>
<opset="store_ln745/3 "/>
</bind>
</comp>

<comp id="839" class="1004" name="store_ln745_store_fu_839">
<pin_list>
<pin id="840" dir="0" index="0" bw="8" slack="0"/>
<pin id="841" dir="0" index="1" bw="8" slack="2"/>
<pin id="842" dir="1" index="2" bw="0" slack="2147483647"/>
</pin_list>
<bind>
<opcode="store(28) " fcode="store"/>
<opset="store_ln745/3 "/>
</bind>
</comp>

<comp id="844" class="1004" name="store_ln745_store_fu_844">
<pin_list>
<pin id="845" dir="0" index="0" bw="8" slack="0"/>
<pin id="846" dir="0" index="1" bw="8" slack="2"/>
<pin id="847" dir="1" index="2" bw="0" slack="2147483647"/>
</pin_list>
<bind>
<opcode="store(28) " fcode="store"/>
<opset="store_ln745/3 "/>
</bind>
</comp>

<comp id="849" class="1004" name="store_ln845_store_fu_849">
<pin_list>
<pin id="850" dir="0" index="0" bw="8" slack="0"/>
<pin id="851" dir="0" index="1" bw="8" slack="2"/>
<pin id="852" dir="1" index="2" bw="0" slack="2147483647"/>
</pin_list>
<bind>
<opcode="store(28) " fcode="store"/>
<opset="store_ln845/3 "/>
</bind>
</comp>

<comp id="854" class="1004" name="store_ln845_store_fu_854">
<pin_list>
<pin id="855" dir="0" index="0" bw="8" slack="0"/>
<pin id="856" dir="0" index="1" bw="8" slack="2"/>
<pin id="857" dir="1" index="2" bw="0" slack="2147483647"/>
</pin_list>
<bind>
<opcode="store(28) " fcode="store"/>
<opset="store_ln845/3 "/>
</bind>
</comp>

<comp id="859" class="1004" name="store_ln859_store_fu_859">
<pin_list>
<pin id="860" dir="0" index="0" bw="8" slack="0"/>
<pin id="861" dir="0" index="1" bw="8" slack="0"/>
<pin id="862" dir="1" index="2" bw="0" slack="2147483647"/>
</pin_list>
<bind>
<opcode="store(28) " fcode="store"/>
<opset="store_ln859/3 "/>
</bind>
</comp>

<comp id="865" class="1004" name="store_ln859_store_fu_865">
<pin_list>
<pin id="866" dir="0" index="0" bw="8" slack="0"/>
<pin id="867" dir="0" index="1" bw="8" slack="0"/>
<pin id="868" dir="1" index="2" bw="0" slack="2147483647"/>
</pin_list>
<bind>
<opcode="store(28) " fcode="store"/>
<opset="store_ln859/3 "/>
</bind>
</comp>

<comp id="871" class="1004" name="store_ln859_store_fu_871">
<pin_list>
<pin id="872" dir="0" index="0" bw="8" slack="0"/>
<pin id="873" dir="0" index="1" bw="8" slack="0"/>
<pin id="874" dir="1" index="2" bw="0" slack="2147483647"/>
</pin_list>
<bind>
<opcode="store(28) " fcode="store"/>
<opset="store_ln859/3 "/>
</bind>
</comp>

<comp id="877" class="1004" name="store_ln859_store_fu_877">
<pin_list>
<pin id="878" dir="0" index="0" bw="8" slack="0"/>
<pin id="879" dir="0" index="1" bw="8" slack="0"/>
<pin id="880" dir="1" index="2" bw="0" slack="2147483647"/>
</pin_list>
<bind>
<opcode="store(28) " fcode="store"/>
<opset="store_ln859/3 "/>
</bind>
</comp>

<comp id="883" class="1004" name="pixbuf_y_6_out_load_load_fu_883">
<pin_list>
<pin id="884" dir="0" index="0" bw="8" slack="0"/>
<pin id="885" dir="1" index="1" bw="8" slack="0"/>
</pin_list>
<bind>
<opcode="load(27) " fcode="load"/>
<opset="pixbuf_y_6_out_load/4 "/>
</bind>
</comp>

<comp id="887" class="1004" name="pixbuf_y_7_out_load_load_fu_887">
<pin_list>
<pin id="888" dir="0" index="0" bw="8" slack="0"/>
<pin id="889" dir="1" index="1" bw="8" slack="0"/>
</pin_list>
<bind>
<opcode="load(27) " fcode="load"/>
<opset="pixbuf_y_7_out_load/4 "/>
</bind>
</comp>

<comp id="891" class="1004" name="select_ln903_fu_891">
<pin_list>
<pin id="892" dir="0" index="0" bw="1" slack="3"/>
<pin id="893" dir="0" index="1" bw="8" slack="0"/>
<pin id="894" dir="0" index="2" bw="8" slack="1"/>
<pin id="895" dir="1" index="3" bw="8" slack="0"/>
</pin_list>
<bind>
<opcode="select(49) " fcode="select"/>
<opset="select_ln903/4 "/>
</bind>
</comp>

<comp id="897" class="1004" name="select_ln903_1_fu_897">
<pin_list>
<pin id="898" dir="0" index="0" bw="1" slack="3"/>
<pin id="899" dir="0" index="1" bw="8" slack="0"/>
<pin id="900" dir="0" index="2" bw="8" slack="1"/>
<pin id="901" dir="1" index="3" bw="8" slack="0"/>
</pin_list>
<bind>
<opcode="select(49) " fcode="select"/>
<opset="select_ln903_1/4 "/>
</bind>
</comp>

<comp id="903" class="1004" name="tmp_4_fu_903">
<pin_list>
<pin id="904" dir="0" index="0" bw="40" slack="0"/>
<pin id="905" dir="0" index="1" bw="8" slack="1"/>
<pin id="906" dir="0" index="2" bw="8" slack="0"/>
<pin id="907" dir="0" index="3" bw="1" slack="0"/>
<pin id="908" dir="0" index="4" bw="8" slack="1"/>
<pin id="909" dir="0" index="5" bw="8" slack="0"/>
<pin id="910" dir="1" index="6" bw="40" slack="0"/>
</pin_list>
<bind>
<opcode="bitconcatenate(1004) " fcode="bitconcatenate"/>
<opset="tmp_4/4 "/>
</bind>
</comp>

<comp id="915" class="1004" name="zext_ln927_fu_915">
<pin_list>
<pin id="916" dir="0" index="0" bw="40" slack="0"/>
<pin id="917" dir="1" index="1" bw="48" slack="0"/>
</pin_list>
<bind>
<opcode="zext(34) " fcode="zext"/>
<opset="zext_ln927/4 "/>
</bind>
</comp>

<comp id="920" class="1004" name="store_ln745_store_fu_920">
<pin_list>
<pin id="921" dir="0" index="0" bw="8" slack="1"/>
<pin id="922" dir="0" index="1" bw="8" slack="0"/>
<pin id="923" dir="1" index="2" bw="0" slack="2147483647"/>
</pin_list>
<bind>
<opcode="store(28) " fcode="store"/>
<opset="store_ln745/4 "/>
</bind>
</comp>

<comp id="925" class="1004" name="store_ln745_store_fu_925">
<pin_list>
<pin id="926" dir="0" index="0" bw="8" slack="1"/>
<pin id="927" dir="0" index="1" bw="8" slack="0"/>
<pin id="928" dir="1" index="2" bw="0" slack="2147483647"/>
</pin_list>
<bind>
<opcode="store(28) " fcode="store"/>
<opset="store_ln745/4 "/>
</bind>
</comp>

<comp id="930" class="1004" name="mpix_cb_3_load_load_fu_930">
<pin_list>
<pin id="931" dir="0" index="0" bw="8" slack="2"/>
<pin id="932" dir="1" index="1" bw="8" slack="0"/>
</pin_list>
<bind>
<opcode="load(27) " fcode="load"/>
<opset="mpix_cb_3_load/3 "/>
</bind>
</comp>

<comp id="934" class="1004" name="mpix_cr_3_load_load_fu_934">
<pin_list>
<pin id="935" dir="0" index="0" bw="8" slack="2"/>
<pin id="936" dir="1" index="1" bw="8" slack="0"/>
</pin_list>
<bind>
<opcode="load(27) " fcode="load"/>
<opset="mpix_cr_3_load/3 "/>
</bind>
</comp>

<comp id="938" class="1004" name="store_ln0_store_fu_938">
<pin_list>
<pin id="939" dir="0" index="0" bw="8" slack="0"/>
<pin id="940" dir="0" index="1" bw="8" slack="0"/>
<pin id="941" dir="1" index="2" bw="0" slack="2147483647"/>
</pin_list>
<bind>
<opcode="store(28) " fcode="store"/>
<opset="store_ln0/3 "/>
</bind>
</comp>

<comp id="944" class="1004" name="store_ln0_store_fu_944">
<pin_list>
<pin id="945" dir="0" index="0" bw="8" slack="0"/>
<pin id="946" dir="0" index="1" bw="8" slack="0"/>
<pin id="947" dir="1" index="2" bw="0" slack="2147483647"/>
</pin_list>
<bind>
<opcode="store(28) " fcode="store"/>
<opset="store_ln0/3 "/>
</bind>
</comp>

<comp id="950" class="1005" name="p_0_0_0_0_0509_1_3787_i_reg_950">
<pin_list>
<pin id="951" dir="0" index="0" bw="8" slack="0"/>
<pin id="952" dir="1" index="1" bw="8" slack="0"/>
</pin_list>
<bind>
<opset="p_0_0_0_0_0509_1_3787_i "/>
</bind>
</comp>

<comp id="957" class="1005" name="storemerge744791_i_reg_957">
<pin_list>
<pin id="958" dir="0" index="0" bw="8" slack="0"/>
<pin id="959" dir="1" index="1" bw="8" slack="0"/>
</pin_list>
<bind>
<opset="storemerge744791_i "/>
</bind>
</comp>

<comp id="964" class="1005" name="x_reg_964">
<pin_list>
<pin id="965" dir="0" index="0" bw="15" slack="0"/>
<pin id="966" dir="1" index="1" bw="15" slack="0"/>
</pin_list>
<bind>
<opset="x "/>
</bind>
</comp>

<comp id="971" class="1005" name="p_0_0_0_0_0517757_i_reg_971">
<pin_list>
<pin id="972" dir="0" index="0" bw="8" slack="0"/>
<pin id="973" dir="1" index="1" bw="8" slack="0"/>
</pin_list>
<bind>
<opset="p_0_0_0_0_0517757_i "/>
</bind>
</comp>

<comp id="978" class="1005" name="p_0_3_0_0_0759_i_reg_978">
<pin_list>
<pin id="979" dir="0" index="0" bw="8" slack="0"/>
<pin id="980" dir="1" index="1" bw="8" slack="0"/>
</pin_list>
<bind>
<opset="p_0_3_0_0_0759_i "/>
</bind>
</comp>

<comp id="985" class="1005" name="mpix_cb_3_reg_985">
<pin_list>
<pin id="986" dir="0" index="0" bw="8" slack="0"/>
<pin id="987" dir="1" index="1" bw="8" slack="0"/>
</pin_list>
<bind>
<opset="mpix_cb_3 "/>
</bind>
</comp>

<comp id="993" class="1005" name="mpix_cr_3_reg_993">
<pin_list>
<pin id="994" dir="0" index="0" bw="8" slack="0"/>
<pin id="995" dir="1" index="1" bw="8" slack="0"/>
</pin_list>
<bind>
<opset="mpix_cr_3 "/>
</bind>
</comp>

<comp id="1001" class="1005" name="pixbuf_y_reg_1001">
<pin_list>
<pin id="1002" dir="0" index="0" bw="8" slack="0"/>
<pin id="1003" dir="1" index="1" bw="8" slack="0"/>
</pin_list>
<bind>
<opset="pixbuf_y "/>
</bind>
</comp>

<comp id="1008" class="1005" name="pixbuf_y_8_reg_1008">
<pin_list>
<pin id="1009" dir="0" index="0" bw="8" slack="0"/>
<pin id="1010" dir="1" index="1" bw="8" slack="0"/>
</pin_list>
<bind>
<opset="pixbuf_y_8 "/>
</bind>
</comp>

<comp id="1015" class="1005" name="pixbuf_y_9_reg_1015">
<pin_list>
<pin id="1016" dir="0" index="0" bw="8" slack="0"/>
<pin id="1017" dir="1" index="1" bw="8" slack="0"/>
</pin_list>
<bind>
<opset="pixbuf_y_9 "/>
</bind>
</comp>

<comp id="1022" class="1005" name="pixbuf_y_10_reg_1022">
<pin_list>
<pin id="1023" dir="0" index="0" bw="8" slack="0"/>
<pin id="1024" dir="1" index="1" bw="8" slack="0"/>
</pin_list>
<bind>
<opset="pixbuf_y_10 "/>
</bind>
</comp>

<comp id="1029" class="1005" name="p_read_2_reg_1029">
<pin_list>
<pin id="1030" dir="0" index="0" bw="1" slack="2"/>
<pin id="1031" dir="1" index="1" bw="1" slack="3"/>
</pin_list>
<bind>
<opset="p_read_2 "/>
</bind>
</comp>

<comp id="1035" class="1005" name="icmp_ln769_reg_1035">
<pin_list>
<pin id="1036" dir="0" index="0" bw="1" slack="1"/>
<pin id="1037" dir="1" index="1" bw="1" slack="2147483647"/>
</pin_list>
<bind>
<opset="icmp_ln769 "/>
</bind>
</comp>

<comp id="1039" class="1005" name="icmp_ln777_reg_1039">
<pin_list>
<pin id="1040" dir="0" index="0" bw="1" slack="1"/>
<pin id="1041" dir="1" index="1" bw="1" slack="2"/>
</pin_list>
<bind>
<opset="icmp_ln777 "/>
</bind>
</comp>

<comp id="1045" class="1005" name="icmp_ln833_reg_1045">
<pin_list>
<pin id="1046" dir="0" index="0" bw="1" slack="2"/>
<pin id="1047" dir="1" index="1" bw="1" slack="2"/>
</pin_list>
<bind>
<opset="icmp_ln833 "/>
</bind>
</comp>

<comp id="1057" class="1005" name="tmp_reg_1057">
<pin_list>
<pin id="1058" dir="0" index="0" bw="1" slack="2"/>
<pin id="1059" dir="1" index="1" bw="1" slack="2147483647"/>
</pin_list>
<bind>
<opset="tmp "/>
</bind>
</comp>

<comp id="1061" class="1005" name="pixbuf_y_11_reg_1061">
<pin_list>
<pin id="1062" dir="0" index="0" bw="8" slack="1"/>
<pin id="1063" dir="1" index="1" bw="8" slack="1"/>
</pin_list>
<bind>
<opset="pixbuf_y_11 "/>
</bind>
</comp>

<comp id="1066" class="1005" name="pixbuf_y_12_reg_1066">
<pin_list>
<pin id="1067" dir="0" index="0" bw="8" slack="1"/>
<pin id="1068" dir="1" index="1" bw="8" slack="1"/>
</pin_list>
<bind>
<opset="pixbuf_y_12 "/>
</bind>
</comp>

<comp id="1071" class="1005" name="pixbuf_y_13_reg_1071">
<pin_list>
<pin id="1072" dir="0" index="0" bw="8" slack="1"/>
<pin id="1073" dir="1" index="1" bw="8" slack="1"/>
</pin_list>
<bind>
<opset="pixbuf_y_13 "/>
</bind>
</comp>

<comp id="1076" class="1005" name="pixbuf_y_14_reg_1076">
<pin_list>
<pin id="1077" dir="0" index="0" bw="8" slack="1"/>
<pin id="1078" dir="1" index="1" bw="8" slack="1"/>
</pin_list>
<bind>
<opset="pixbuf_y_14 "/>
</bind>
</comp>

<comp id="1081" class="1005" name="lshr_ln1_reg_1081">
<pin_list>
<pin id="1082" dir="0" index="0" bw="8" slack="1"/>
<pin id="1083" dir="1" index="1" bw="8" slack="1"/>
</pin_list>
<bind>
<opset="lshr_ln1 "/>
</bind>
</comp>

<comp id="1086" class="1005" name="trunc_ln2_reg_1086">
<pin_list>
<pin id="1087" dir="0" index="0" bw="8" slack="1"/>
<pin id="1088" dir="1" index="1" bw="8" slack="1"/>
</pin_list>
<bind>
<opset="trunc_ln2 "/>
</bind>
</comp>

</comp_list>

<net_list>
<net id="161"><net_src comp="72" pin="0"/><net_sink comp="158" pin=0"/></net>

<net id="165"><net_src comp="72" pin="0"/><net_sink comp="162" pin=0"/></net>

<net id="169"><net_src comp="72" pin="0"/><net_sink comp="166" pin=0"/></net>

<net id="173"><net_src comp="72" pin="0"/><net_sink comp="170" pin=0"/></net>

<net id="177"><net_src comp="72" pin="0"/><net_sink comp="174" pin=0"/></net>

<net id="181"><net_src comp="72" pin="0"/><net_sink comp="178" pin=0"/></net>

<net id="185"><net_src comp="72" pin="0"/><net_sink comp="182" pin=0"/></net>

<net id="189"><net_src comp="72" pin="0"/><net_sink comp="186" pin=0"/></net>

<net id="193"><net_src comp="72" pin="0"/><net_sink comp="190" pin=0"/></net>

<net id="197"><net_src comp="72" pin="0"/><net_sink comp="194" pin=0"/></net>

<net id="201"><net_src comp="72" pin="0"/><net_sink comp="198" pin=0"/></net>

<net id="206"><net_src comp="74" pin="0"/><net_sink comp="202" pin=0"/></net>

<net id="207"><net_src comp="28" pin="0"/><net_sink comp="202" pin=1"/></net>

<net id="212"><net_src comp="76" pin="0"/><net_sink comp="208" pin=0"/></net>

<net id="213"><net_src comp="26" pin="0"/><net_sink comp="208" pin=1"/></net>

<net id="218"><net_src comp="76" pin="0"/><net_sink comp="214" pin=0"/></net>

<net id="219"><net_src comp="24" pin="0"/><net_sink comp="214" pin=1"/></net>

<net id="224"><net_src comp="78" pin="0"/><net_sink comp="220" pin=0"/></net>

<net id="225"><net_src comp="20" pin="0"/><net_sink comp="220" pin=1"/></net>

<net id="230"><net_src comp="80" pin="0"/><net_sink comp="226" pin=0"/></net>

<net id="231"><net_src comp="18" pin="0"/><net_sink comp="226" pin=1"/></net>

<net id="236"><net_src comp="80" pin="0"/><net_sink comp="232" pin=0"/></net>

<net id="237"><net_src comp="16" pin="0"/><net_sink comp="232" pin=1"/></net>

<net id="242"><net_src comp="80" pin="0"/><net_sink comp="238" pin=0"/></net>

<net id="243"><net_src comp="14" pin="0"/><net_sink comp="238" pin=1"/></net>

<net id="248"><net_src comp="80" pin="0"/><net_sink comp="244" pin=0"/></net>

<net id="249"><net_src comp="12" pin="0"/><net_sink comp="244" pin=1"/></net>

<net id="254"><net_src comp="80" pin="0"/><net_sink comp="250" pin=0"/></net>

<net id="255"><net_src comp="10" pin="0"/><net_sink comp="250" pin=1"/></net>

<net id="260"><net_src comp="80" pin="0"/><net_sink comp="256" pin=0"/></net>

<net id="261"><net_src comp="8" pin="0"/><net_sink comp="256" pin=1"/></net>

<net id="266"><net_src comp="80" pin="0"/><net_sink comp="262" pin=0"/></net>

<net id="267"><net_src comp="6" pin="0"/><net_sink comp="262" pin=1"/></net>

<net id="272"><net_src comp="80" pin="0"/><net_sink comp="268" pin=0"/></net>

<net id="273"><net_src comp="4" pin="0"/><net_sink comp="268" pin=1"/></net>

<net id="278"><net_src comp="80" pin="0"/><net_sink comp="274" pin=0"/></net>

<net id="279"><net_src comp="2" pin="0"/><net_sink comp="274" pin=1"/></net>

<net id="284"><net_src comp="80" pin="0"/><net_sink comp="280" pin=0"/></net>

<net id="285"><net_src comp="0" pin="0"/><net_sink comp="280" pin=1"/></net>

<net id="290"><net_src comp="106" pin="0"/><net_sink comp="286" pin=0"/></net>

<net id="291"><net_src comp="30" pin="0"/><net_sink comp="286" pin=1"/></net>

<net id="297"><net_src comp="150" pin="0"/><net_sink comp="292" pin=0"/></net>

<net id="298"><net_src comp="22" pin="0"/><net_sink comp="292" pin=1"/></net>

<net id="304"><net_src comp="156" pin="0"/><net_sink comp="299" pin=0"/></net>

<net id="305"><net_src comp="32" pin="0"/><net_sink comp="299" pin=1"/></net>

<net id="311"><net_src comp="156" pin="0"/><net_sink comp="306" pin=0"/></net>

<net id="312"><net_src comp="34" pin="0"/><net_sink comp="306" pin=1"/></net>

<net id="318"><net_src comp="156" pin="0"/><net_sink comp="313" pin=0"/></net>

<net id="319"><net_src comp="44" pin="0"/><net_sink comp="313" pin=1"/></net>

<net id="325"><net_src comp="156" pin="0"/><net_sink comp="320" pin=0"/></net>

<net id="326"><net_src comp="48" pin="0"/><net_sink comp="320" pin=1"/></net>

<net id="330"><net_src comp="208" pin="2"/><net_sink comp="327" pin=0"/></net>

<net id="335"><net_src comp="280" pin="2"/><net_sink comp="331" pin=0"/></net>

<net id="340"><net_src comp="274" pin="2"/><net_sink comp="336" pin=0"/></net>

<net id="345"><net_src comp="268" pin="2"/><net_sink comp="341" pin=0"/></net>

<net id="350"><net_src comp="262" pin="2"/><net_sink comp="346" pin=0"/></net>

<net id="355"><net_src comp="256" pin="2"/><net_sink comp="351" pin=0"/></net>

<net id="360"><net_src comp="250" pin="2"/><net_sink comp="356" pin=0"/></net>

<net id="365"><net_src comp="232" pin="2"/><net_sink comp="361" pin=0"/></net>

<net id="370"><net_src comp="226" pin="2"/><net_sink comp="366" pin=0"/></net>

<net id="375"><net_src comp="92" pin="0"/><net_sink comp="371" pin=0"/></net>

<net id="380"><net_src comp="244" pin="2"/><net_sink comp="376" pin=0"/></net>

<net id="385"><net_src comp="238" pin="2"/><net_sink comp="381" pin=0"/></net>

<net id="392"><net_src comp="386" pin="1"/><net_sink comp="389" pin=0"/></net>

<net id="397"><net_src comp="389" pin="1"/><net_sink comp="393" pin=0"/></net>

<net id="398"><net_src comp="220" pin="2"/><net_sink comp="393" pin=1"/></net>

<net id="403"><net_src comp="386" pin="1"/><net_sink comp="399" pin=0"/></net>

<net id="404"><net_src comp="94" pin="0"/><net_sink comp="399" pin=1"/></net>

<net id="409"><net_src comp="389" pin="1"/><net_sink comp="405" pin=0"/></net>

<net id="410"><net_src comp="327" pin="1"/><net_sink comp="405" pin=1"/></net>

<net id="415"><net_src comp="202" pin="2"/><net_sink comp="411" pin=0"/></net>

<net id="416"><net_src comp="386" pin="1"/><net_sink comp="411" pin=1"/></net>

<net id="421"><net_src comp="386" pin="1"/><net_sink comp="417" pin=0"/></net>

<net id="422"><net_src comp="92" pin="0"/><net_sink comp="417" pin=1"/></net>

<net id="428"><net_src comp="102" pin="0"/><net_sink comp="423" pin=0"/></net>

<net id="429"><net_src comp="405" pin="2"/><net_sink comp="423" pin=1"/></net>

<net id="430"><net_src comp="104" pin="0"/><net_sink comp="423" pin=2"/></net>

<net id="435"><net_src comp="399" pin="2"/><net_sink comp="431" pin=0"/></net>

<net id="439"><net_src comp="286" pin="2"/><net_sink comp="436" pin=0"/></net>

<net id="446"><net_src comp="108" pin="0"/><net_sink comp="440" pin=0"/></net>

<net id="447"><net_src comp="286" pin="2"/><net_sink comp="440" pin=1"/></net>

<net id="448"><net_src comp="110" pin="0"/><net_sink comp="440" pin=2"/></net>

<net id="449"><net_src comp="104" pin="0"/><net_sink comp="440" pin=3"/></net>

<net id="456"><net_src comp="108" pin="0"/><net_sink comp="450" pin=0"/></net>

<net id="457"><net_src comp="286" pin="2"/><net_sink comp="450" pin=1"/></net>

<net id="458"><net_src comp="112" pin="0"/><net_sink comp="450" pin=2"/></net>

<net id="459"><net_src comp="114" pin="0"/><net_sink comp="450" pin=3"/></net>

<net id="466"><net_src comp="108" pin="0"/><net_sink comp="460" pin=0"/></net>

<net id="467"><net_src comp="286" pin="2"/><net_sink comp="460" pin=1"/></net>

<net id="468"><net_src comp="116" pin="0"/><net_sink comp="460" pin=2"/></net>

<net id="469"><net_src comp="118" pin="0"/><net_sink comp="460" pin=3"/></net>

<net id="476"><net_src comp="108" pin="0"/><net_sink comp="470" pin=0"/></net>

<net id="477"><net_src comp="286" pin="2"/><net_sink comp="470" pin=1"/></net>

<net id="478"><net_src comp="120" pin="0"/><net_sink comp="470" pin=2"/></net>

<net id="479"><net_src comp="122" pin="0"/><net_sink comp="470" pin=3"/></net>

<net id="486"><net_src comp="108" pin="0"/><net_sink comp="480" pin=0"/></net>

<net id="487"><net_src comp="286" pin="2"/><net_sink comp="480" pin=1"/></net>

<net id="488"><net_src comp="124" pin="0"/><net_sink comp="480" pin=2"/></net>

<net id="489"><net_src comp="126" pin="0"/><net_sink comp="480" pin=3"/></net>

<net id="494"><net_src comp="480" pin="4"/><net_sink comp="490" pin=0"/></net>

<net id="499"><net_src comp="450" pin="4"/><net_sink comp="495" pin=0"/></net>

<net id="500"><net_src comp="46" pin="0"/><net_sink comp="495" pin=1"/></net>

<net id="505"><net_src comp="470" pin="4"/><net_sink comp="501" pin=0"/></net>

<net id="510"><net_src comp="440" pin="4"/><net_sink comp="506" pin=0"/></net>

<net id="511"><net_src comp="50" pin="0"/><net_sink comp="506" pin=1"/></net>

<net id="516"><net_src comp="460" pin="4"/><net_sink comp="512" pin=0"/></net>

<net id="521"><net_src comp="436" pin="1"/><net_sink comp="517" pin=0"/></net>

<net id="526"><net_src comp="480" pin="4"/><net_sink comp="522" pin=0"/></net>

<net id="527"><net_src comp="60" pin="0"/><net_sink comp="522" pin=1"/></net>

<net id="532"><net_src comp="470" pin="4"/><net_sink comp="528" pin=0"/></net>

<net id="533"><net_src comp="62" pin="0"/><net_sink comp="528" pin=1"/></net>

<net id="538"><net_src comp="460" pin="4"/><net_sink comp="534" pin=0"/></net>

<net id="539"><net_src comp="64" pin="0"/><net_sink comp="534" pin=1"/></net>

<net id="544"><net_src comp="450" pin="4"/><net_sink comp="540" pin=0"/></net>

<net id="545"><net_src comp="66" pin="0"/><net_sink comp="540" pin=1"/></net>

<net id="550"><net_src comp="440" pin="4"/><net_sink comp="546" pin=0"/></net>

<net id="551"><net_src comp="68" pin="0"/><net_sink comp="546" pin=1"/></net>

<net id="556"><net_src comp="436" pin="1"/><net_sink comp="552" pin=0"/></net>

<net id="557"><net_src comp="70" pin="0"/><net_sink comp="552" pin=1"/></net>

<net id="567"><net_src comp="564" pin="1"/><net_sink comp="306" pin=2"/></net>

<net id="571"><net_src comp="568" pin="1"/><net_sink comp="299" pin=2"/></net>

<net id="575"><net_src comp="58" pin="0"/><net_sink comp="572" pin=0"/></net>

<net id="579"><net_src comp="56" pin="0"/><net_sink comp="576" pin=0"/></net>

<net id="583"><net_src comp="54" pin="0"/><net_sink comp="580" pin=0"/></net>

<net id="587"><net_src comp="52" pin="0"/><net_sink comp="584" pin=0"/></net>

<net id="597"><net_src comp="50" pin="0"/><net_sink comp="594" pin=0"/></net>

<net id="604"><net_src comp="46" pin="0"/><net_sink comp="601" pin=0"/></net>

<net id="613"><net_src comp="601" pin="1"/><net_sink comp="608" pin=1"/></net>

<net id="614"><net_src comp="605" pin="1"/><net_sink comp="608" pin=2"/></net>

<net id="620"><net_src comp="594" pin="1"/><net_sink comp="615" pin=1"/></net>

<net id="621"><net_src comp="598" pin="1"/><net_sink comp="615" pin=2"/></net>

<net id="627"><net_src comp="601" pin="1"/><net_sink comp="622" pin=1"/></net>

<net id="628"><net_src comp="608" pin="3"/><net_sink comp="622" pin=2"/></net>

<net id="634"><net_src comp="594" pin="1"/><net_sink comp="629" pin=1"/></net>

<net id="635"><net_src comp="615" pin="3"/><net_sink comp="629" pin=2"/></net>

<net id="641"><net_src comp="601" pin="1"/><net_sink comp="636" pin=1"/></net>

<net id="642"><net_src comp="591" pin="1"/><net_sink comp="636" pin=2"/></net>

<net id="648"><net_src comp="594" pin="1"/><net_sink comp="643" pin=1"/></net>

<net id="649"><net_src comp="588" pin="1"/><net_sink comp="643" pin=2"/></net>

<net id="655"><net_src comp="601" pin="1"/><net_sink comp="650" pin=1"/></net>

<net id="656"><net_src comp="576" pin="1"/><net_sink comp="650" pin=2"/></net>

<net id="662"><net_src comp="594" pin="1"/><net_sink comp="657" pin=1"/></net>

<net id="663"><net_src comp="572" pin="1"/><net_sink comp="657" pin=2"/></net>

<net id="669"><net_src comp="594" pin="1"/><net_sink comp="664" pin=1"/></net>

<net id="670"><net_src comp="580" pin="1"/><net_sink comp="664" pin=2"/></net>

<net id="676"><net_src comp="136" pin="0"/><net_sink comp="671" pin=0"/></net>

<net id="677"><net_src comp="664" pin="3"/><net_sink comp="671" pin=1"/></net>

<net id="678"><net_src comp="138" pin="0"/><net_sink comp="671" pin=2"/></net>

<net id="682"><net_src comp="657" pin="3"/><net_sink comp="679" pin=0"/></net>

<net id="686"><net_src comp="671" pin="3"/><net_sink comp="683" pin=0"/></net>

<net id="690"><net_src comp="643" pin="3"/><net_sink comp="687" pin=0"/></net>

<net id="695"><net_src comp="687" pin="1"/><net_sink comp="691" pin=0"/></net>

<net id="696"><net_src comp="140" pin="0"/><net_sink comp="691" pin=1"/></net>

<net id="700"><net_src comp="691" pin="2"/><net_sink comp="697" pin=0"/></net>

<net id="705"><net_src comp="697" pin="1"/><net_sink comp="701" pin=0"/></net>

<net id="706"><net_src comp="679" pin="1"/><net_sink comp="701" pin=1"/></net>

<net id="711"><net_src comp="701" pin="2"/><net_sink comp="707" pin=0"/></net>

<net id="712"><net_src comp="683" pin="1"/><net_sink comp="707" pin=1"/></net>

<net id="718"><net_src comp="601" pin="1"/><net_sink comp="713" pin=1"/></net>

<net id="719"><net_src comp="584" pin="1"/><net_sink comp="713" pin=2"/></net>

<net id="725"><net_src comp="136" pin="0"/><net_sink comp="720" pin=0"/></net>

<net id="726"><net_src comp="713" pin="3"/><net_sink comp="720" pin=1"/></net>

<net id="727"><net_src comp="138" pin="0"/><net_sink comp="720" pin=2"/></net>

<net id="731"><net_src comp="650" pin="3"/><net_sink comp="728" pin=0"/></net>

<net id="735"><net_src comp="720" pin="3"/><net_sink comp="732" pin=0"/></net>

<net id="739"><net_src comp="636" pin="3"/><net_sink comp="736" pin=0"/></net>

<net id="744"><net_src comp="736" pin="1"/><net_sink comp="740" pin=0"/></net>

<net id="745"><net_src comp="140" pin="0"/><net_sink comp="740" pin=1"/></net>

<net id="749"><net_src comp="740" pin="2"/><net_sink comp="746" pin=0"/></net>

<net id="754"><net_src comp="746" pin="1"/><net_sink comp="750" pin=0"/></net>

<net id="755"><net_src comp="728" pin="1"/><net_sink comp="750" pin=1"/></net>

<net id="760"><net_src comp="750" pin="2"/><net_sink comp="756" pin=0"/></net>

<net id="761"><net_src comp="732" pin="1"/><net_sink comp="756" pin=1"/></net>

<net id="768"><net_src comp="142" pin="0"/><net_sink comp="762" pin=0"/></net>

<net id="769"><net_src comp="707" pin="2"/><net_sink comp="762" pin=1"/></net>

<net id="770"><net_src comp="144" pin="0"/><net_sink comp="762" pin=2"/></net>

<net id="771"><net_src comp="146" pin="0"/><net_sink comp="762" pin=3"/></net>

<net id="778"><net_src comp="142" pin="0"/><net_sink comp="772" pin=0"/></net>

<net id="779"><net_src comp="756" pin="2"/><net_sink comp="772" pin=1"/></net>

<net id="780"><net_src comp="144" pin="0"/><net_sink comp="772" pin=2"/></net>

<net id="781"><net_src comp="146" pin="0"/><net_sink comp="772" pin=3"/></net>

<net id="785"><net_src comp="70" pin="0"/><net_sink comp="782" pin=0"/></net>

<net id="789"><net_src comp="68" pin="0"/><net_sink comp="786" pin=0"/></net>

<net id="793"><net_src comp="66" pin="0"/><net_sink comp="790" pin=0"/></net>

<net id="797"><net_src comp="64" pin="0"/><net_sink comp="794" pin=0"/></net>

<net id="801"><net_src comp="62" pin="0"/><net_sink comp="798" pin=0"/></net>

<net id="805"><net_src comp="60" pin="0"/><net_sink comp="802" pin=0"/></net>

<net id="815"><net_src comp="148" pin="0"/><net_sink comp="806" pin=0"/></net>

<net id="816"><net_src comp="802" pin="1"/><net_sink comp="806" pin=1"/></net>

<net id="817"><net_src comp="798" pin="1"/><net_sink comp="806" pin=2"/></net>

<net id="818"><net_src comp="794" pin="1"/><net_sink comp="806" pin=3"/></net>

<net id="819"><net_src comp="790" pin="1"/><net_sink comp="806" pin=4"/></net>

<net id="820"><net_src comp="786" pin="1"/><net_sink comp="806" pin=5"/></net>

<net id="821"><net_src comp="782" pin="1"/><net_sink comp="806" pin=6"/></net>

<net id="822"><net_src comp="806" pin="7"/><net_sink comp="292" pin=2"/></net>

<net id="833"><net_src comp="826" pin="1"/><net_sink comp="829" pin=0"/></net>

<net id="838"><net_src comp="823" pin="1"/><net_sink comp="834" pin=0"/></net>

<net id="843"><net_src comp="568" pin="1"/><net_sink comp="839" pin=0"/></net>

<net id="848"><net_src comp="564" pin="1"/><net_sink comp="844" pin=0"/></net>

<net id="853"><net_src comp="605" pin="1"/><net_sink comp="849" pin=0"/></net>

<net id="858"><net_src comp="598" pin="1"/><net_sink comp="854" pin=0"/></net>

<net id="863"><net_src comp="622" pin="3"/><net_sink comp="859" pin=0"/></net>

<net id="864"><net_src comp="52" pin="0"/><net_sink comp="859" pin=1"/></net>

<net id="869"><net_src comp="629" pin="3"/><net_sink comp="865" pin=0"/></net>

<net id="870"><net_src comp="54" pin="0"/><net_sink comp="865" pin=1"/></net>

<net id="875"><net_src comp="636" pin="3"/><net_sink comp="871" pin=0"/></net>

<net id="876"><net_src comp="56" pin="0"/><net_sink comp="871" pin=1"/></net>

<net id="881"><net_src comp="643" pin="3"/><net_sink comp="877" pin=0"/></net>

<net id="882"><net_src comp="58" pin="0"/><net_sink comp="877" pin=1"/></net>

<net id="886"><net_src comp="42" pin="0"/><net_sink comp="883" pin=0"/></net>

<net id="890"><net_src comp="40" pin="0"/><net_sink comp="887" pin=0"/></net>

<net id="896"><net_src comp="883" pin="1"/><net_sink comp="891" pin=1"/></net>

<net id="902"><net_src comp="887" pin="1"/><net_sink comp="897" pin=1"/></net>

<net id="911"><net_src comp="152" pin="0"/><net_sink comp="903" pin=0"/></net>

<net id="912"><net_src comp="897" pin="3"/><net_sink comp="903" pin=2"/></net>

<net id="913"><net_src comp="154" pin="0"/><net_sink comp="903" pin=3"/></net>

<net id="914"><net_src comp="891" pin="3"/><net_sink comp="903" pin=5"/></net>

<net id="918"><net_src comp="903" pin="6"/><net_sink comp="915" pin=0"/></net>

<net id="919"><net_src comp="915" pin="1"/><net_sink comp="292" pin=2"/></net>

<net id="924"><net_src comp="40" pin="0"/><net_sink comp="920" pin=1"/></net>

<net id="929"><net_src comp="42" pin="0"/><net_sink comp="925" pin=1"/></net>

<net id="933"><net_src comp="930" pin="1"/><net_sink comp="320" pin=2"/></net>

<net id="937"><net_src comp="934" pin="1"/><net_sink comp="313" pin=2"/></net>

<net id="942"><net_src comp="561" pin="1"/><net_sink comp="938" pin=0"/></net>

<net id="943"><net_src comp="36" pin="0"/><net_sink comp="938" pin=1"/></net>

<net id="948"><net_src comp="558" pin="1"/><net_sink comp="944" pin=0"/></net>

<net id="949"><net_src comp="38" pin="0"/><net_sink comp="944" pin=1"/></net>

<net id="953"><net_src comp="158" pin="1"/><net_sink comp="950" pin=0"/></net>

<net id="954"><net_src comp="950" pin="1"/><net_sink comp="381" pin=1"/></net>

<net id="955"><net_src comp="950" pin="1"/><net_sink comp="588" pin=0"/></net>

<net id="956"><net_src comp="950" pin="1"/><net_sink comp="854" pin=1"/></net>

<net id="960"><net_src comp="162" pin="1"/><net_sink comp="957" pin=0"/></net>

<net id="961"><net_src comp="957" pin="1"/><net_sink comp="376" pin=1"/></net>

<net id="962"><net_src comp="957" pin="1"/><net_sink comp="591" pin=0"/></net>

<net id="963"><net_src comp="957" pin="1"/><net_sink comp="849" pin=1"/></net>

<net id="967"><net_src comp="166" pin="1"/><net_sink comp="964" pin=0"/></net>

<net id="968"><net_src comp="964" pin="1"/><net_sink comp="371" pin=1"/></net>

<net id="969"><net_src comp="964" pin="1"/><net_sink comp="386" pin=0"/></net>

<net id="970"><net_src comp="964" pin="1"/><net_sink comp="431" pin=1"/></net>

<net id="974"><net_src comp="170" pin="1"/><net_sink comp="971" pin=0"/></net>

<net id="975"><net_src comp="971" pin="1"/><net_sink comp="366" pin=1"/></net>

<net id="976"><net_src comp="971" pin="1"/><net_sink comp="517" pin=1"/></net>

<net id="977"><net_src comp="971" pin="1"/><net_sink comp="823" pin=0"/></net>

<net id="981"><net_src comp="174" pin="1"/><net_sink comp="978" pin=0"/></net>

<net id="982"><net_src comp="978" pin="1"/><net_sink comp="361" pin=1"/></net>

<net id="983"><net_src comp="978" pin="1"/><net_sink comp="512" pin=1"/></net>

<net id="984"><net_src comp="978" pin="1"/><net_sink comp="826" pin=0"/></net>

<net id="988"><net_src comp="178" pin="1"/><net_sink comp="985" pin=0"/></net>

<net id="989"><net_src comp="985" pin="1"/><net_sink comp="356" pin=1"/></net>

<net id="990"><net_src comp="985" pin="1"/><net_sink comp="501" pin=1"/></net>

<net id="991"><net_src comp="985" pin="1"/><net_sink comp="598" pin=0"/></net>

<net id="992"><net_src comp="985" pin="1"/><net_sink comp="930" pin=0"/></net>

<net id="996"><net_src comp="182" pin="1"/><net_sink comp="993" pin=0"/></net>

<net id="997"><net_src comp="993" pin="1"/><net_sink comp="351" pin=1"/></net>

<net id="998"><net_src comp="993" pin="1"/><net_sink comp="490" pin=1"/></net>

<net id="999"><net_src comp="993" pin="1"/><net_sink comp="605" pin=0"/></net>

<net id="1000"><net_src comp="993" pin="1"/><net_sink comp="934" pin=0"/></net>

<net id="1004"><net_src comp="186" pin="1"/><net_sink comp="1001" pin=0"/></net>

<net id="1005"><net_src comp="1001" pin="1"/><net_sink comp="346" pin=1"/></net>

<net id="1006"><net_src comp="1001" pin="1"/><net_sink comp="558" pin=0"/></net>

<net id="1007"><net_src comp="1001" pin="1"/><net_sink comp="844" pin=1"/></net>

<net id="1011"><net_src comp="190" pin="1"/><net_sink comp="1008" pin=0"/></net>

<net id="1012"><net_src comp="1008" pin="1"/><net_sink comp="341" pin=1"/></net>

<net id="1013"><net_src comp="1008" pin="1"/><net_sink comp="561" pin=0"/></net>

<net id="1014"><net_src comp="1008" pin="1"/><net_sink comp="839" pin=1"/></net>

<net id="1018"><net_src comp="194" pin="1"/><net_sink comp="1015" pin=0"/></net>

<net id="1019"><net_src comp="1015" pin="1"/><net_sink comp="336" pin=1"/></net>

<net id="1020"><net_src comp="1015" pin="1"/><net_sink comp="564" pin=0"/></net>

<net id="1021"><net_src comp="1015" pin="1"/><net_sink comp="834" pin=1"/></net>

<net id="1025"><net_src comp="198" pin="1"/><net_sink comp="1022" pin=0"/></net>

<net id="1026"><net_src comp="1022" pin="1"/><net_sink comp="331" pin=1"/></net>

<net id="1027"><net_src comp="1022" pin="1"/><net_sink comp="568" pin=0"/></net>

<net id="1028"><net_src comp="1022" pin="1"/><net_sink comp="829" pin=1"/></net>

<net id="1032"><net_src comp="214" pin="2"/><net_sink comp="1029" pin=0"/></net>

<net id="1033"><net_src comp="1029" pin="1"/><net_sink comp="891" pin=0"/></net>

<net id="1034"><net_src comp="1029" pin="1"/><net_sink comp="897" pin=0"/></net>

<net id="1038"><net_src comp="393" pin="2"/><net_sink comp="1035" pin=0"/></net>

<net id="1042"><net_src comp="411" pin="2"/><net_sink comp="1039" pin=0"/></net>

<net id="1043"><net_src comp="1039" pin="1"/><net_sink comp="608" pin=0"/></net>

<net id="1044"><net_src comp="1039" pin="1"/><net_sink comp="615" pin=0"/></net>

<net id="1048"><net_src comp="417" pin="2"/><net_sink comp="1045" pin=0"/></net>

<net id="1049"><net_src comp="1045" pin="1"/><net_sink comp="622" pin=0"/></net>

<net id="1050"><net_src comp="1045" pin="1"/><net_sink comp="629" pin=0"/></net>

<net id="1051"><net_src comp="1045" pin="1"/><net_sink comp="636" pin=0"/></net>

<net id="1052"><net_src comp="1045" pin="1"/><net_sink comp="643" pin=0"/></net>

<net id="1053"><net_src comp="1045" pin="1"/><net_sink comp="650" pin=0"/></net>

<net id="1054"><net_src comp="1045" pin="1"/><net_sink comp="657" pin=0"/></net>

<net id="1055"><net_src comp="1045" pin="1"/><net_sink comp="664" pin=0"/></net>

<net id="1056"><net_src comp="1045" pin="1"/><net_sink comp="713" pin=0"/></net>

<net id="1060"><net_src comp="423" pin="3"/><net_sink comp="1057" pin=0"/></net>

<net id="1064"><net_src comp="558" pin="1"/><net_sink comp="1061" pin=0"/></net>

<net id="1065"><net_src comp="1061" pin="1"/><net_sink comp="925" pin=0"/></net>

<net id="1069"><net_src comp="561" pin="1"/><net_sink comp="1066" pin=0"/></net>

<net id="1070"><net_src comp="1066" pin="1"/><net_sink comp="920" pin=0"/></net>

<net id="1074"><net_src comp="564" pin="1"/><net_sink comp="1071" pin=0"/></net>

<net id="1075"><net_src comp="1071" pin="1"/><net_sink comp="891" pin=2"/></net>

<net id="1079"><net_src comp="568" pin="1"/><net_sink comp="1076" pin=0"/></net>

<net id="1080"><net_src comp="1076" pin="1"/><net_sink comp="897" pin=2"/></net>

<net id="1084"><net_src comp="762" pin="4"/><net_sink comp="1081" pin=0"/></net>

<net id="1085"><net_src comp="1081" pin="1"/><net_sink comp="903" pin=4"/></net>

<net id="1089"><net_src comp="772" pin="4"/><net_sink comp="1086" pin=0"/></net>

<net id="1090"><net_src comp="1086" pin="1"/><net_sink comp="903" pin=1"/></net>

</net_list>

</model> 
---------------- Datapath Model END ------------------

* FSMD analyzer results:
  - Output states:
	Port: stream_out_hresampled | {3 4 }
	Port: stream_csc | {}
	Port: pixbuf_y_11_out | {3 }
	Port: pixbuf_y_10_out | {3 }
	Port: pixbuf_y_9_out | {3 }
	Port: pixbuf_y_8_out | {3 }
	Port: pixbuf_y_7_out | {4 }
	Port: pixbuf_y_6_out | {4 }
	Port: mpix_cr_3_out | {3 }
	Port: mpix_cr_2_out | {2 }
	Port: mpix_cb_3_out | {3 }
	Port: mpix_cb_2_out | {2 }
	Port: p_0_0_0_0_0_3782_i_out | {3 }
	Port: p_0_0_0_0_0509_3778_i_out | {3 }
	Port: p_0_0_0_0_0_2774_i_out | {3 }
	Port: p_0_0_0_0_0509_2770_i_out | {3 }
	Port: inpix_0_5_0_0_0_load755_i_out | {2 }
	Port: inpix_0_4_0_0_0_load753_i_out | {2 }
	Port: inpix_0_3_0_0_0_load751_i_out | {2 }
	Port: inpix_0_2_0_0_0_load749_i_out | {2 }
	Port: inpix_0_1_0_0_0_load747_i_out | {2 }
	Port: inpix_0_0_0_0_0_load745_i_out | {2 }
 - Input state : 
	Port: v_hcresampler_core.1_Pipeline_VITIS_LOOP_769_2 : pixbuf_y_5 | {1 }
	Port: v_hcresampler_core.1_Pipeline_VITIS_LOOP_769_2 : pixbuf_y_4 | {1 }
	Port: v_hcresampler_core.1_Pipeline_VITIS_LOOP_769_2 : pixbuf_y_3 | {1 }
	Port: v_hcresampler_core.1_Pipeline_VITIS_LOOP_769_2 : pixbuf_y_2 | {1 }
	Port: v_hcresampler_core.1_Pipeline_VITIS_LOOP_769_2 : mpix_cr_1 | {1 }
	Port: v_hcresampler_core.1_Pipeline_VITIS_LOOP_769_2 : mpix_cb_1 | {1 }
	Port: v_hcresampler_core.1_Pipeline_VITIS_LOOP_769_2 : storemerge_lcssa850_i | {1 }
	Port: v_hcresampler_core.1_Pipeline_VITIS_LOOP_769_2 : p_0_0_0_0_0509_1_3788_lcssa847_i | {1 }
	Port: v_hcresampler_core.1_Pipeline_VITIS_LOOP_769_2 : p_0_3_0_0_0760_lcssa821_i | {1 }
	Port: v_hcresampler_core.1_Pipeline_VITIS_LOOP_769_2 : p_0_0_0_0_0517758_lcssa818_i | {1 }
	Port: v_hcresampler_core.1_Pipeline_VITIS_LOOP_769_2 : loopWidth | {1 }
	Port: v_hcresampler_core.1_Pipeline_VITIS_LOOP_769_2 : stream_out_hresampled | {}
	Port: v_hcresampler_core.1_Pipeline_VITIS_LOOP_769_2 : p_read | {1 }
	Port: v_hcresampler_core.1_Pipeline_VITIS_LOOP_769_2 : zext_ln730 | {1 }
	Port: v_hcresampler_core.1_Pipeline_VITIS_LOOP_769_2 : lshr_ln | {1 }
	Port: v_hcresampler_core.1_Pipeline_VITIS_LOOP_769_2 : stream_csc | {2 }
	Port: v_hcresampler_core.1_Pipeline_VITIS_LOOP_769_2 : pixbuf_y_7_out | {4 }
	Port: v_hcresampler_core.1_Pipeline_VITIS_LOOP_769_2 : pixbuf_y_6_out | {4 }
	Port: v_hcresampler_core.1_Pipeline_VITIS_LOOP_769_2 : mpix_cr_2_out | {3 }
	Port: v_hcresampler_core.1_Pipeline_VITIS_LOOP_769_2 : mpix_cb_2_out | {3 }
	Port: v_hcresampler_core.1_Pipeline_VITIS_LOOP_769_2 : p_0_0_0_0_0_3782_i_out | {3 }
	Port: v_hcresampler_core.1_Pipeline_VITIS_LOOP_769_2 : p_0_0_0_0_0509_3778_i_out | {3 }
	Port: v_hcresampler_core.1_Pipeline_VITIS_LOOP_769_2 : p_0_0_0_0_0_2774_i_out | {3 }
	Port: v_hcresampler_core.1_Pipeline_VITIS_LOOP_769_2 : p_0_0_0_0_0509_2770_i_out | {3 }
	Port: v_hcresampler_core.1_Pipeline_VITIS_LOOP_769_2 : inpix_0_5_0_0_0_load755_i_out | {3 }
	Port: v_hcresampler_core.1_Pipeline_VITIS_LOOP_769_2 : inpix_0_4_0_0_0_load753_i_out | {3 }
	Port: v_hcresampler_core.1_Pipeline_VITIS_LOOP_769_2 : inpix_0_3_0_0_0_load751_i_out | {3 }
	Port: v_hcresampler_core.1_Pipeline_VITIS_LOOP_769_2 : inpix_0_2_0_0_0_load749_i_out | {3 }
	Port: v_hcresampler_core.1_Pipeline_VITIS_LOOP_769_2 : inpix_0_1_0_0_0_load747_i_out | {3 }
	Port: v_hcresampler_core.1_Pipeline_VITIS_LOOP_769_2 : inpix_0_0_0_0_0_load745_i_out | {3 }
  - Chain level:
	State 1
		store_ln725 : 1
		x_3 : 1
		zext_ln769 : 2
		icmp_ln769 : 3
		x_4 : 2
		br_ln769 : 4
		out_x : 3
		icmp_ln777 : 2
		br_ln777 : 3
		icmp_ln833 : 2
		tmp : 4
		br_ln922 : 5
		store_ln725 : 3
	State 2
		store_ln738 : 1
		store_ln738 : 1
		store_ln738 : 1
		store_ln738 : 1
		store_ln779 : 1
		store_ln779 : 1
		store_ln779 : 1
		store_ln779 : 1
		store_ln779 : 1
		store_ln779 : 1
		store_ln779 : 1
		store_ln779 : 1
	State 3
		select_ln845 : 1
		select_ln845_1 : 1
		select_ln859 : 2
		select_ln859_1 : 2
		select_ln859_2 : 1
		select_ln859_3 : 1
		select_ln859_4 : 1
		select_ln859_5 : 1
		select_ln859_6 : 1
		shl_ln : 2
		zext_ln890 : 2
		zext_ln890_1 : 3
		zext_ln891 : 2
		add_ln891 : 3
		zext_ln891_1 : 4
		add_ln891_2 : 5
		add_ln891_1 : 6
		select_ln859_7 : 1
		shl_ln1 : 2
		zext_ln893 : 2
		zext_ln893_1 : 3
		zext_ln894 : 2
		add_ln894 : 3
		zext_ln894_1 : 4
		add_ln894_2 : 5
		add_ln894_1 : 6
		lshr_ln1 : 7
		trunc_ln2 : 7
		or_ln925_9 : 1
		write_ln925 : 2
		store_ln745 : 1
		store_ln745 : 1
		store_ln745 : 1
		store_ln745 : 1
		store_ln845 : 1
		store_ln845 : 1
		store_ln859 : 3
		store_ln859 : 3
		store_ln859 : 2
		store_ln859 : 2
		write_ln0 : 1
		write_ln0 : 1
		store_ln0 : 1
		store_ln0 : 1
		write_ln0 : 1
		write_ln0 : 1
	State 4
		select_ln903 : 1
		select_ln903_1 : 1
		tmp_4 : 2
		zext_ln927 : 3
		write_ln927 : 4


============================================================
+ Verbose Summary: Datapath Resource usage 
============================================================

* Functional unit list:
|----------|---------------------------------------------------|---------|---------|
| Operation|                  Functional Unit                  |    FF   |   LUT   |
|----------|---------------------------------------------------|---------|---------|
|          |                     x_4_fu_399                    |    0    |    22   |
|          |                  add_ln891_fu_691                 |    0    |    15   |
|          |                 add_ln891_2_fu_701                |    0    |    18   |
|    add   |                 add_ln891_1_fu_707                |    0    |    18   |
|          |                  add_ln894_fu_740                 |    0    |    15   |
|          |                 add_ln894_2_fu_750                |    0    |    18   |
|          |                 add_ln894_1_fu_756                |    0    |    18   |
|----------|---------------------------------------------------|---------|---------|
|          |                select_ln845_fu_608                |    0    |    8    |
|          |               select_ln845_1_fu_615               |    0    |    8    |
|          |                select_ln859_fu_622                |    0    |    8    |
|          |               select_ln859_1_fu_629               |    0    |    8    |
|          |               select_ln859_2_fu_636               |    0    |    8    |
|  select  |               select_ln859_3_fu_643               |    0    |    8    |
|          |               select_ln859_4_fu_650               |    0    |    8    |
|          |               select_ln859_5_fu_657               |    0    |    8    |
|          |               select_ln859_6_fu_664               |    0    |    8    |
|          |               select_ln859_7_fu_713               |    0    |    8    |
|          |                select_ln903_fu_891                |    0    |    8    |
|          |               select_ln903_1_fu_897               |    0    |    8    |
|----------|---------------------------------------------------|---------|---------|
|          |                 icmp_ln769_fu_393                 |    0    |    23   |
|   icmp   |                 icmp_ln777_fu_411                 |    0    |    22   |
|          |                 icmp_ln833_fu_417                 |    0    |    22   |
|----------|---------------------------------------------------|---------|---------|
|    sub   |                    out_x_fu_405                   |    0    |    22   |
|----------|---------------------------------------------------|---------|---------|
|          |              lshr_ln_read_read_fu_202             |    0    |    0    |
|          |            zext_ln730_read_read_fu_208            |    0    |    0    |
|          |                p_read_2_read_fu_214               |    0    |    0    |
|          |             loopWidth_read_read_fu_220            |    0    |    0    |
|          |   p_0_0_0_0_0517758_lcssa818_i_read_read_fu_226   |    0    |    0    |
|          |     p_0_3_0_0_0760_lcssa821_i_read_read_fu_232    |    0    |    0    |
|          | p_0_0_0_0_0509_1_3788_lcssa847_i_read_read_fu_238 |    0    |    0    |
|   read   |       storemerge_lcssa850_i_read_read_fu_244      |    0    |    0    |
|          |             mpix_cb_1_read_read_fu_250            |    0    |    0    |
|          |             mpix_cr_1_read_read_fu_256            |    0    |    0    |
|          |            pixbuf_y_2_read_read_fu_262            |    0    |    0    |
|          |            pixbuf_y_3_read_read_fu_268            |    0    |    0    |
|          |            pixbuf_y_4_read_read_fu_274            |    0    |    0    |
|          |            pixbuf_y_5_read_read_fu_280            |    0    |    0    |
|          |            stream_csc_read_read_fu_286            |    0    |    0    |
|----------|---------------------------------------------------|---------|---------|
|          |                  grp_write_fu_292                 |    0    |    0    |
|          |               write_ln0_write_fu_299              |    0    |    0    |
|   write  |               write_ln0_write_fu_306              |    0    |    0    |
|          |               write_ln0_write_fu_313              |    0    |    0    |
|          |               write_ln0_write_fu_320              |    0    |    0    |
|----------|---------------------------------------------------|---------|---------|
|          |               zext_ln730_cast_fu_327              |    0    |    0    |
|          |                 zext_ln769_fu_389                 |    0    |    0    |
|          |                 zext_ln890_fu_679                 |    0    |    0    |
|          |                zext_ln890_1_fu_683                |    0    |    0    |
|          |                 zext_ln891_fu_687                 |    0    |    0    |
|   zext   |                zext_ln891_1_fu_697                |    0    |    0    |
|          |                 zext_ln893_fu_728                 |    0    |    0    |
|          |                zext_ln893_1_fu_732                |    0    |    0    |
|          |                 zext_ln894_fu_736                 |    0    |    0    |
|          |                zext_ln894_1_fu_746                |    0    |    0    |
|          |                 zext_ln927_fu_915                 |    0    |    0    |
|----------|---------------------------------------------------|---------|---------|
| bitselect|                     tmp_fu_423                    |    0    |    0    |
|----------|---------------------------------------------------|---------|---------|
|   trunc  |                 trunc_ln779_fu_436                |    0    |    0    |
|----------|---------------------------------------------------|---------|---------|
|          |                   mpix_cb_fu_440                  |    0    |    0    |
|          |                   mpix_cr_fu_450                  |    0    |    0    |
|          |                trunc_ln779_3_fu_460               |    0    |    0    |
|partselect|                  mpix_cb_4_fu_470                 |    0    |    0    |
|          |                  mpix_cr_4_fu_480                 |    0    |    0    |
|          |                  lshr_ln1_fu_762                  |    0    |    0    |
|          |                  trunc_ln2_fu_772                 |    0    |    0    |
|----------|---------------------------------------------------|---------|---------|
|          |                   shl_ln_fu_671                   |    0    |    0    |
|bitconcatenate|                   shl_ln1_fu_720                  |    0    |    0    |
|          |                 or_ln925_9_fu_806                 |    0    |    0    |
|          |                    tmp_4_fu_903                   |    0    |    0    |
|----------|---------------------------------------------------|---------|---------|
|   Total  |                                                   |    0    |   309   |
|----------|---------------------------------------------------|---------|---------|

Memories:
N/A

* Register list:
+-------------------------------+--------+
|                               |   FF   |
+-------------------------------+--------+
|      icmp_ln769_reg_1035      |    1   |
|      icmp_ln777_reg_1039      |    1   |
|      icmp_ln833_reg_1045      |    1   |
|       lshr_ln1_reg_1081       |    8   |
|       mpix_cb_3_reg_985       |    8   |
|       mpix_cr_3_reg_993       |    8   |
|p_0_0_0_0_0509_1_3787_i_reg_950|    8   |
|  p_0_0_0_0_0517757_i_reg_971  |    8   |
|    p_0_3_0_0_0759_i_reg_978   |    8   |
|       p_read_2_reg_1029       |    1   |
|      pixbuf_y_10_reg_1022     |    8   |
|      pixbuf_y_11_reg_1061     |    8   |
|      pixbuf_y_12_reg_1066     |    8   |
|      pixbuf_y_13_reg_1071     |    8   |
|      pixbuf_y_14_reg_1076     |    8   |
|      pixbuf_y_8_reg_1008      |    8   |
|      pixbuf_y_9_reg_1015      |    8   |
|       pixbuf_y_reg_1001       |    8   |
|   storemerge744791_i_reg_957  |    8   |
|          tmp_reg_1057         |    1   |
|       trunc_ln2_reg_1086      |    8   |
|           x_reg_964           |   15   |
+-------------------------------+--------+
|             Total             |   148  |
+-------------------------------+--------+

* Multiplexer (MUX) list: 
|------------------|------|------|------|--------||---------||---------||---------|
|       Comp       |  Pin | Size |  BW  | S x BW ||  Delay  ||    FF   ||   LUT   |
|------------------|------|------|------|--------||---------||---------||---------|
| grp_write_fu_292 |  p2  |   2  |  48  |   96   ||    0    ||    9    |
|------------------|------|------|------|--------||---------||---------||---------|
|       Total      |      |      |      |   96   ||  0.489  ||    0    ||    9    |
|------------------|------|------|------|--------||---------||---------||---------|



* Summary:
+-----------+--------+--------+--------+
|           |  Delay |   FF   |   LUT  |
+-----------+--------+--------+--------+
|  Function |    -   |    0   |   309  |
|   Memory  |    -   |    -   |    -   |
|Multiplexer|    0   |    0   |    9   |
|  Register |    -   |   148  |    -   |
+-----------+--------+--------+--------+
|   Total   |    0   |   148  |   318  |
+-----------+--------+--------+--------+
