

================================================================
== Vitis HLS Report for 'v_hcresampler_core_Pipeline_VITIS_LOOP_769_2'
================================================================
* Date:           Wed Jan 21 13:02:32 2026

* Version:        2025.2 (Build 6295257 on Nov 14 2025)
* Project:        prj
* Solution:       sol (Vivado IP Flow Target)
* Product family: zynquplus
* Target device:  xczu2cg-sfvc784-1-e


================================================================
== Performance Estimates
================================================================
+ Timing: 
    * Summary: 
    +--------+---------+----------+------------+
    |  Clock |  Target | Estimated| Uncertainty|
    +--------+---------+----------+------------+
    |ap_clk  |  5.00 ns|  3.443 ns|     1.35 ns|
    +--------+---------+----------+------------+

+ Latency: 
    * Summary: 
    +---------+---------+-----------+----------+-----+-----+-------------------+
    |  Latency (cycles) |  Latency (absolute)  |  Interval |      Pipeline     |
    |   min   |   max   |    min    |    max   | min | max |        Type       |
    +---------+---------+-----------+----------+-----+-----+-------------------+
    |        4|    32771|  20.000 ns|  0.164 ms|    0|    0|  loop pipeline stp|
    +---------+---------+-----------+----------+-----+-----+-------------------+

    + Detail: 
        * Instance: 
        N/A

        * Loop: 
        +--------------------+---------+---------+----------+-----------+-----------+-----------+----------+
        |                    |  Latency (cycles) | Iteration|  Initiation Interval  |    Trip   |          |
        |      Loop Name     |   min   |   max   |  Latency |  achieved |   target  |   Count   | Pipelined|
        +--------------------+---------+---------+----------+-----------+-----------+-----------+----------+
        |- VITIS_LOOP_769_2  |        2|    32769|         3|          1|          1|  0 ~ 32767|       yes|
        +--------------------+---------+---------+----------+-----------+-----------+-----------+----------+



================================================================
== Utilization Estimates
================================================================
* Summary: 
+-----------------+---------+-----+-------+-------+-----+
|       Name      | BRAM_18K| DSP |   FF  |  LUT  | URAM|
+-----------------+---------+-----+-------+-------+-----+
|DSP              |        -|    -|      -|      -|    -|
|Expression       |        -|    -|      0|    250|    -|
|FIFO             |        -|    -|      -|      -|    -|
|Instance         |        -|    -|      -|      -|    -|
|Memory           |        -|    -|      -|      -|    -|
|Multiplexer      |        -|    -|      0|    266|    -|
|Register         |        -|    -|    109|      -|    -|
+-----------------+---------+-----+-------+-------+-----+
|Total            |        0|    0|    109|    516|    0|
+-----------------+---------+-----+-------+-------+-----+
|Available        |      300|  240|  94464|  47232|    0|
+-----------------+---------+-----+-------+-------+-----+
|Utilization (%)  |        0|    0|     ~0|      1|    0|
+-----------------+---------+-----+-------+-------+-----+

+ Detail: 
    * Instance: 
    N/A

    * DSP: 
    N/A

    * Memory: 
    N/A

    * FIFO: 
    N/A

    * Expression: 
    +---------------------------------------+----------+----+---+----+------------+------------+
    |             Variable Name             | Operation| DSP| FF| LUT| Bitwidth P0| Bitwidth P1|
    +---------------------------------------+----------+----+---+----+------------+------------+
    |add_ln908_1_fu_636_p2                  |         +|   0|  0|  18|           9|           9|
    |add_ln908_fu_630_p2                    |         +|   0|  0|  18|           9|           1|
    |add_ln910_1_fu_666_p2                  |         +|   0|  0|  18|           9|           9|
    |add_ln910_fu_660_p2                    |         +|   0|  0|  18|           9|           1|
    |x_2_fu_391_p2                          |         +|   0|  0|  22|          15|           1|
    |out_x_fu_397_p2                        |         -|   0|  0|  23|          16|          16|
    |ap_block_state2_pp0_stage0_iter1_grp1  |       and|   0|  0|   2|           1|           1|
    |ap_condition_574                       |       and|   0|  0|   2|           1|           1|
    |ap_predicate_op112_write_state3        |       and|   0|  0|   2|           1|           1|
    |ap_predicate_op121_write_state3        |       and|   0|  0|   2|           1|           1|
    |ap_predicate_op62_read_state2          |       and|   0|  0|   2|           1|           1|
    |icmp_ln769_fu_385_p2                   |      icmp|   0|  0|  23|          16|          16|
    |icmp_ln777_fu_403_p2                   |      icmp|   0|  0|  22|          15|          15|
    |icmp_ln833_fu_409_p2                   |      icmp|   0|  0|  22|          15|           1|
    |ap_block_pp0_stage0_01001_grp1         |        or|   0|  0|   2|           1|           1|
    |ap_block_state3_pp0_stage0_iter2_grp1  |        or|   0|  0|   2|           1|           1|
    |select_ln765_cast_cast_fu_315_p3       |    select|   0|  0|   2|           1|           2|
    |select_ln859_1_fu_587_p3               |    select|   0|  0|   8|           1|           8|
    |select_ln859_2_fu_594_p3               |    select|   0|  0|   8|           1|           8|
    |select_ln859_3_fu_601_p3               |    select|   0|  0|   8|           1|           8|
    |select_ln859_4_fu_608_p3               |    select|   0|  0|   8|           1|           8|
    |select_ln859_5_fu_615_p3               |    select|   0|  0|   8|           1|           8|
    |select_ln859_fu_580_p3                 |    select|   0|  0|   8|           1|           8|
    |ap_enable_pp0                          |       xor|   0|  0|   2|           1|           2|
    +---------------------------------------+----------+----+---+----+------------+------------+
    |Total                                  |          |   0|  0| 250|         128|         128|
    +---------------------------------------+----------+----+---+----+------------+------------+

    * Multiplexer: 
    +----------------------------------+----+-----------+-----+-----------+
    |               Name               | LUT| Input Size| Bits| Total Bits|
    +----------------------------------+----+-----------+-----+-----------+
    |ap_done_int                       |   9|          2|    1|          2|
    |ap_loop_exit_ready_pp0_iter2_reg  |   9|          2|    1|          2|
    |ap_sig_allocacmp_x_1              |   9|          2|   15|         30|
    |inpix_0_0_0_0_0_load745_i_out_o   |   9|          2|    8|         16|
    |inpix_0_1_0_0_0_load747_i_out_o   |   9|          2|    8|         16|
    |inpix_0_2_0_0_0_load749_i_out_o   |   9|          2|    8|         16|
    |inpix_0_3_0_0_0_load751_i_out_o   |   9|          2|    8|         16|
    |inpix_0_4_0_0_0_load753_i_out_o   |   9|          2|    8|         16|
    |inpix_0_5_0_0_0_load755_i_out_o   |   9|          2|    8|         16|
    |mpix_cb_1_fu_166                  |   9|          2|    8|         16|
    |mpix_cr_1_fu_170                  |   9|          2|    8|         16|
    |p_0_0_0_0_0509_1_3787_i_fu_146    |   9|          2|    8|         16|
    |p_0_0_0_0_0509_2770_i_out_o       |   9|          2|    8|         16|
    |p_0_0_0_0_0509_3778_i_out_o       |   9|          2|    8|         16|
    |p_0_0_0_0_0517757_i_fu_158        |   9|          2|    8|         16|
    |p_0_0_0_0_0_2774_i_out_o          |   9|          2|    8|         16|
    |p_0_0_0_0_0_3782_i_out_o          |   9|          2|    8|         16|
    |p_0_3_0_0_0759_i_fu_162           |   9|          2|    8|         16|
    |pixbuf_y_19_out_o                 |   9|          2|    8|         16|
    |pixbuf_y_1_fu_178                 |   9|          2|    8|         16|
    |pixbuf_y_20_out_o                 |   9|          2|    8|         16|
    |pixbuf_y_2_fu_182                 |   9|          2|    8|         16|
    |pixbuf_y_3_fu_186                 |   9|          2|    8|         16|
    |pixbuf_y_fu_174                   |   9|          2|    8|         16|
    |storemerge744791_i_fu_150         |   9|          2|    8|         16|
    |stream_in_blk_n                   |   9|          2|    1|          2|
    |stream_in_hresampled_blk_n        |   9|          2|    1|          2|
    |stream_in_hresampled_din          |  14|          3|   48|        144|
    |x_fu_154                          |   9|          2|   15|         30|
    +----------------------------------+----+-----------+-----+-----------+
    |Total                             | 266|         59|  258|        564|
    +----------------------------------+----+-----------+-----+-----------+

    * Register: 
    +-------------------------------------------+----+----+-----+-----------+
    |                    Name                   | FF | LUT| Bits| Const Bits|
    +-------------------------------------------+----+----+-----+-----------+
    |ap_CS_fsm                                  |   1|   0|    1|          0|
    |ap_block_pp0_stage0_subdone_grp0_done_reg  |   1|   0|    1|          0|
    |ap_done_reg                                |   1|   0|    1|          0|
    |ap_enable_reg_pp0_iter1                    |   1|   0|    1|          0|
    |ap_enable_reg_pp0_iter2                    |   1|   0|    1|          0|
    |ap_loop_exit_ready_pp0_iter1_reg           |   1|   0|    1|          0|
    |ap_loop_exit_ready_pp0_iter2_reg           |   1|   0|    1|          0|
    |icmp_ln769_reg_923                         |   1|   0|    1|          0|
    |icmp_ln769_reg_923_pp0_iter1_reg           |   1|   0|    1|          0|
    |icmp_ln777_reg_927                         |   1|   0|    1|          0|
    |icmp_ln833_reg_931                         |   1|   0|    1|          0|
    |icmp_ln833_reg_931_pp0_iter1_reg           |   1|   0|    1|          0|
    |mpix_cb_1_fu_166                           |   8|   0|    8|          0|
    |mpix_cr_1_fu_170                           |   8|   0|    8|          0|
    |p_0_0_0_0_0509_1_3787_i_fu_146             |   8|   0|    8|          0|
    |p_0_0_0_0_0517757_i_fu_158                 |   8|   0|    8|          0|
    |p_0_3_0_0_0759_i_fu_162                    |   8|   0|    8|          0|
    |pixbuf_y_1_fu_178                          |   8|   0|    8|          0|
    |pixbuf_y_2_fu_182                          |   8|   0|    8|          0|
    |pixbuf_y_3_fu_186                          |   8|   0|    8|          0|
    |pixbuf_y_fu_174                            |   8|   0|    8|          0|
    |storemerge744791_i_fu_150                  |   8|   0|    8|          0|
    |tmp_reg_941                                |   1|   0|    1|          0|
    |tmp_reg_941_pp0_iter1_reg                  |   1|   0|    1|          0|
    |x_fu_154                                   |  15|   0|   15|          0|
    +-------------------------------------------+----+----+-----+-----------+
    |Total                                      | 109|   0|  109|          0|
    +-------------------------------------------+----+----+-----+-----------+



================================================================
== Interface
================================================================
* Summary: 
+----------------------------------------+-----+-----+------------+----------------------------------------------+--------------+
|                RTL Ports               | Dir | Bits|  Protocol  |                 Source Object                |    C Type    |
+----------------------------------------+-----+-----+------------+----------------------------------------------+--------------+
|ap_clk                                  |   in|    1|  ap_ctrl_hs|  v_hcresampler_core_Pipeline_VITIS_LOOP_769_2|  return value|
|ap_rst                                  |   in|    1|  ap_ctrl_hs|  v_hcresampler_core_Pipeline_VITIS_LOOP_769_2|  return value|
|ap_start                                |   in|    1|  ap_ctrl_hs|  v_hcresampler_core_Pipeline_VITIS_LOOP_769_2|  return value|
|ap_done                                 |  out|    1|  ap_ctrl_hs|  v_hcresampler_core_Pipeline_VITIS_LOOP_769_2|  return value|
|ap_idle                                 |  out|    1|  ap_ctrl_hs|  v_hcresampler_core_Pipeline_VITIS_LOOP_769_2|  return value|
|ap_ready                                |  out|    1|  ap_ctrl_hs|  v_hcresampler_core_Pipeline_VITIS_LOOP_769_2|  return value|
|stream_in_dout                          |   in|   48|     ap_fifo|                                     stream_in|       pointer|
|stream_in_empty_n                       |   in|    1|     ap_fifo|                                     stream_in|       pointer|
|stream_in_read                          |  out|    1|     ap_fifo|                                     stream_in|       pointer|
|stream_in_num_data_valid                |   in|    5|     ap_fifo|                                     stream_in|       pointer|
|stream_in_fifo_cap                      |   in|    5|     ap_fifo|                                     stream_in|       pointer|
|stream_in_hresampled_din                |  out|   48|     ap_fifo|                          stream_in_hresampled|       pointer|
|stream_in_hresampled_full_n             |   in|    1|     ap_fifo|                          stream_in_hresampled|       pointer|
|stream_in_hresampled_write              |  out|    1|     ap_fifo|                          stream_in_hresampled|       pointer|
|stream_in_hresampled_num_data_valid     |   in|   32|     ap_fifo|                          stream_in_hresampled|       pointer|
|stream_in_hresampled_fifo_cap           |   in|   32|     ap_fifo|                          stream_in_hresampled|       pointer|
|pixbuf_y_18                             |   in|    8|     ap_none|                                   pixbuf_y_18|        scalar|
|pixbuf_y_17                             |   in|    8|     ap_none|                                   pixbuf_y_17|        scalar|
|pixbuf_y_16                             |   in|    8|     ap_none|                                   pixbuf_y_16|        scalar|
|pixbuf_y_15                             |   in|    8|     ap_none|                                   pixbuf_y_15|        scalar|
|mpix_cr                                 |   in|    8|     ap_none|                                       mpix_cr|        scalar|
|mpix_cb                                 |   in|    8|     ap_none|                                       mpix_cb|        scalar|
|storemerge_lcssa850_i                   |   in|    8|     ap_none|                         storemerge_lcssa850_i|        scalar|
|p_0_0_0_0_0509_1_3788_lcssa847_i        |   in|    8|     ap_none|              p_0_0_0_0_0509_1_3788_lcssa847_i|        scalar|
|p_0_3_0_0_0760_lcssa821_i               |   in|    8|     ap_none|                     p_0_3_0_0_0760_lcssa821_i|        scalar|
|p_0_0_0_0_0517758_lcssa818_i            |   in|    8|     ap_none|                  p_0_0_0_0_0517758_lcssa818_i|        scalar|
|loopWidth                               |   in|   16|     ap_none|                                     loopWidth|        scalar|
|p_read                                  |   in|    1|     ap_none|                                        p_read|        scalar|
|select_ln765                            |   in|    1|     ap_none|                                  select_ln765|        scalar|
|lshr_ln                                 |   in|   15|   ap_stable|                                       lshr_ln|        scalar|
|pixbuf_y_24_out                         |  out|    8|      ap_vld|                               pixbuf_y_24_out|       pointer|
|pixbuf_y_24_out_ap_vld                  |  out|    1|      ap_vld|                               pixbuf_y_24_out|       pointer|
|pixbuf_y_23_out                         |  out|    8|      ap_vld|                               pixbuf_y_23_out|       pointer|
|pixbuf_y_23_out_ap_vld                  |  out|    1|      ap_vld|                               pixbuf_y_23_out|       pointer|
|pixbuf_y_22_out                         |  out|    8|      ap_vld|                               pixbuf_y_22_out|       pointer|
|pixbuf_y_22_out_ap_vld                  |  out|    1|      ap_vld|                               pixbuf_y_22_out|       pointer|
|pixbuf_y_21_out                         |  out|    8|      ap_vld|                               pixbuf_y_21_out|       pointer|
|pixbuf_y_21_out_ap_vld                  |  out|    1|      ap_vld|                               pixbuf_y_21_out|       pointer|
|pixbuf_y_20_out_i                       |   in|    8|     ap_ovld|                               pixbuf_y_20_out|       pointer|
|pixbuf_y_20_out_o                       |  out|    8|     ap_ovld|                               pixbuf_y_20_out|       pointer|
|pixbuf_y_20_out_o_ap_vld                |  out|    1|     ap_ovld|                               pixbuf_y_20_out|       pointer|
|pixbuf_y_19_out_i                       |   in|    8|     ap_ovld|                               pixbuf_y_19_out|       pointer|
|pixbuf_y_19_out_o                       |  out|    8|     ap_ovld|                               pixbuf_y_19_out|       pointer|
|pixbuf_y_19_out_o_ap_vld                |  out|    1|     ap_ovld|                               pixbuf_y_19_out|       pointer|
|mpix_cr_8_out                           |  out|    8|      ap_vld|                                 mpix_cr_8_out|       pointer|
|mpix_cr_8_out_ap_vld                    |  out|    1|      ap_vld|                                 mpix_cr_8_out|       pointer|
|mpix_cb_8_out                           |  out|    8|      ap_vld|                                 mpix_cb_8_out|       pointer|
|mpix_cb_8_out_ap_vld                    |  out|    1|      ap_vld|                                 mpix_cb_8_out|       pointer|
|p_0_0_0_0_0_3782_i_out_i                |   in|    8|     ap_ovld|                        p_0_0_0_0_0_3782_i_out|       pointer|
|p_0_0_0_0_0_3782_i_out_o                |  out|    8|     ap_ovld|                        p_0_0_0_0_0_3782_i_out|       pointer|
|p_0_0_0_0_0_3782_i_out_o_ap_vld         |  out|    1|     ap_ovld|                        p_0_0_0_0_0_3782_i_out|       pointer|
|p_0_0_0_0_0509_3778_i_out_i             |   in|    8|     ap_ovld|                     p_0_0_0_0_0509_3778_i_out|       pointer|
|p_0_0_0_0_0509_3778_i_out_o             |  out|    8|     ap_ovld|                     p_0_0_0_0_0509_3778_i_out|       pointer|
|p_0_0_0_0_0509_3778_i_out_o_ap_vld      |  out|    1|     ap_ovld|                     p_0_0_0_0_0509_3778_i_out|       pointer|
|p_0_0_0_0_0_2774_i_out_i                |   in|    8|     ap_ovld|                        p_0_0_0_0_0_2774_i_out|       pointer|
|p_0_0_0_0_0_2774_i_out_o                |  out|    8|     ap_ovld|                        p_0_0_0_0_0_2774_i_out|       pointer|
|p_0_0_0_0_0_2774_i_out_o_ap_vld         |  out|    1|     ap_ovld|                        p_0_0_0_0_0_2774_i_out|       pointer|
|p_0_0_0_0_0509_2770_i_out_i             |   in|    8|     ap_ovld|                     p_0_0_0_0_0509_2770_i_out|       pointer|
|p_0_0_0_0_0509_2770_i_out_o             |  out|    8|     ap_ovld|                     p_0_0_0_0_0509_2770_i_out|       pointer|
|p_0_0_0_0_0509_2770_i_out_o_ap_vld      |  out|    1|     ap_ovld|                     p_0_0_0_0_0509_2770_i_out|       pointer|
|inpix_0_5_0_0_0_load755_i_out_i         |   in|    8|     ap_ovld|                 inpix_0_5_0_0_0_load755_i_out|       pointer|
|inpix_0_5_0_0_0_load755_i_out_o         |  out|    8|     ap_ovld|                 inpix_0_5_0_0_0_load755_i_out|       pointer|
|inpix_0_5_0_0_0_load755_i_out_o_ap_vld  |  out|    1|     ap_ovld|                 inpix_0_5_0_0_0_load755_i_out|       pointer|
|inpix_0_4_0_0_0_load753_i_out_i         |   in|    8|     ap_ovld|                 inpix_0_4_0_0_0_load753_i_out|       pointer|
|inpix_0_4_0_0_0_load753_i_out_o         |  out|    8|     ap_ovld|                 inpix_0_4_0_0_0_load753_i_out|       pointer|
|inpix_0_4_0_0_0_load753_i_out_o_ap_vld  |  out|    1|     ap_ovld|                 inpix_0_4_0_0_0_load753_i_out|       pointer|
|inpix_0_3_0_0_0_load751_i_out_i         |   in|    8|     ap_ovld|                 inpix_0_3_0_0_0_load751_i_out|       pointer|
|inpix_0_3_0_0_0_load751_i_out_o         |  out|    8|     ap_ovld|                 inpix_0_3_0_0_0_load751_i_out|       pointer|
|inpix_0_3_0_0_0_load751_i_out_o_ap_vld  |  out|    1|     ap_ovld|                 inpix_0_3_0_0_0_load751_i_out|       pointer|
|inpix_0_2_0_0_0_load749_i_out_i         |   in|    8|     ap_ovld|                 inpix_0_2_0_0_0_load749_i_out|       pointer|
|inpix_0_2_0_0_0_load749_i_out_o         |  out|    8|     ap_ovld|                 inpix_0_2_0_0_0_load749_i_out|       pointer|
|inpix_0_2_0_0_0_load749_i_out_o_ap_vld  |  out|    1|     ap_ovld|                 inpix_0_2_0_0_0_load749_i_out|       pointer|
|inpix_0_1_0_0_0_load747_i_out_i         |   in|    8|     ap_ovld|                 inpix_0_1_0_0_0_load747_i_out|       pointer|
|inpix_0_1_0_0_0_load747_i_out_o         |  out|    8|     ap_ovld|                 inpix_0_1_0_0_0_load747_i_out|       pointer|
|inpix_0_1_0_0_0_load747_i_out_o_ap_vld  |  out|    1|     ap_ovld|                 inpix_0_1_0_0_0_load747_i_out|       pointer|
|inpix_0_0_0_0_0_load745_i_out_i         |   in|    8|     ap_ovld|                 inpix_0_0_0_0_0_load745_i_out|       pointer|
|inpix_0_0_0_0_0_load745_i_out_o         |  out|    8|     ap_ovld|                 inpix_0_0_0_0_0_load745_i_out|       pointer|
|inpix_0_0_0_0_0_load745_i_out_o_ap_vld  |  out|    1|     ap_ovld|                 inpix_0_0_0_0_0_load745_i_out|       pointer|
+----------------------------------------+-----+-----+------------+----------------------------------------------+--------------+

============================================================
+ Verbose Summary: Synthesis Manager
============================================================
InlineROM: 1
ExposeGlobal: 0
============================================================
+ Verbose Summary: CDFG Model
============================================================
IsTopModel: 0
ResetActiveHigh: 1
IsCombinational: 2
IsDatapathOnly: 2
HasWiredReturn: 1
HasMFsm: 2
HasVarLatency: 1
IsPipeline: 0
IsRtlPipelined: 0
IsInstanceOverlapped: 0
IsDontTouch: 0
HasImplIP: 0
IsGatedGlobalClock: 0

+ Individual pipeline summary: 
  * Pipeline-0: initiation interval (II) = 1, depth = 3


============================================================
+ Verbose Summary: Schedule
============================================================
* Number of FSM states : 3
* Pipeline : 1
  Pipeline-0 : II = 1, D = 3, States = { 1 2 3 }
* Dataflow Pipeline: 0

* FSM state transitions: 
1 --> 2 
2 --> 3 
3 --> 

* FSM state operations: 

State 1 <SV = 0> <Delay = 1.99>
ST_1 : Operation 6 [1/1] (0.00ns)   --->   "%p_0_0_0_0_0509_1_3787_i = alloca i32 1"   --->   Operation 6 'alloca' 'p_0_0_0_0_0509_1_3787_i' <Predicate = true> <Delay = 0.00>
ST_1 : Operation 7 [1/1] (0.00ns)   --->   "%storemerge744791_i = alloca i32 1"   --->   Operation 7 'alloca' 'storemerge744791_i' <Predicate = true> <Delay = 0.00>
ST_1 : Operation 8 [1/1] (0.00ns)   --->   "%x = alloca i32 1" [C:/TFG_Vivado/vivado/axu2cga_trd.runs/bd_197a_csc_0_synth_1/prj/sol/.autopilot/db/v_csc.cpp:725->C:/TFG_Vivado/vivado/axu2cga_trd.runs/bd_197a_csc_0_synth_1/prj/sol/.autopilot/db/v_csc.cpp:460]   --->   Operation 8 'alloca' 'x' <Predicate = true> <Delay = 0.00>
ST_1 : Operation 9 [1/1] (0.00ns)   --->   "%p_0_0_0_0_0517757_i = alloca i32 1"   --->   Operation 9 'alloca' 'p_0_0_0_0_0517757_i' <Predicate = true> <Delay = 0.00>
ST_1 : Operation 10 [1/1] (0.00ns)   --->   "%p_0_3_0_0_0759_i = alloca i32 1"   --->   Operation 10 'alloca' 'p_0_3_0_0_0759_i' <Predicate = true> <Delay = 0.00>
ST_1 : Operation 11 [1/1] (0.00ns)   --->   "%mpix_cb_1 = alloca i32 1" [C:/TFG_Vivado/vivado/axu2cga_trd.runs/bd_197a_csc_0_synth_1/prj/sol/.autopilot/db/v_csc.cpp:738->C:/TFG_Vivado/vivado/axu2cga_trd.runs/bd_197a_csc_0_synth_1/prj/sol/.autopilot/db/v_csc.cpp:460]   --->   Operation 11 'alloca' 'mpix_cb_1' <Predicate = true> <Delay = 0.00>
ST_1 : Operation 12 [1/1] (0.00ns)   --->   "%mpix_cr_1 = alloca i32 1" [C:/TFG_Vivado/vivado/axu2cga_trd.runs/bd_197a_csc_0_synth_1/prj/sol/.autopilot/db/v_csc.cpp:738->C:/TFG_Vivado/vivado/axu2cga_trd.runs/bd_197a_csc_0_synth_1/prj/sol/.autopilot/db/v_csc.cpp:460]   --->   Operation 12 'alloca' 'mpix_cr_1' <Predicate = true> <Delay = 0.00>
ST_1 : Operation 13 [1/1] (0.00ns)   --->   "%pixbuf_y = alloca i32 1" [C:/TFG_Vivado/vivado/axu2cga_trd.runs/bd_197a_csc_0_synth_1/prj/sol/.autopilot/db/v_csc.cpp:745->C:/TFG_Vivado/vivado/axu2cga_trd.runs/bd_197a_csc_0_synth_1/prj/sol/.autopilot/db/v_csc.cpp:460]   --->   Operation 13 'alloca' 'pixbuf_y' <Predicate = true> <Delay = 0.00>
ST_1 : Operation 14 [1/1] (0.00ns)   --->   "%pixbuf_y_1 = alloca i32 1" [C:/TFG_Vivado/vivado/axu2cga_trd.runs/bd_197a_csc_0_synth_1/prj/sol/.autopilot/db/v_csc.cpp:745->C:/TFG_Vivado/vivado/axu2cga_trd.runs/bd_197a_csc_0_synth_1/prj/sol/.autopilot/db/v_csc.cpp:460]   --->   Operation 14 'alloca' 'pixbuf_y_1' <Predicate = true> <Delay = 0.00>
ST_1 : Operation 15 [1/1] (0.00ns)   --->   "%pixbuf_y_2 = alloca i32 1" [C:/TFG_Vivado/vivado/axu2cga_trd.runs/bd_197a_csc_0_synth_1/prj/sol/.autopilot/db/v_csc.cpp:745->C:/TFG_Vivado/vivado/axu2cga_trd.runs/bd_197a_csc_0_synth_1/prj/sol/.autopilot/db/v_csc.cpp:460]   --->   Operation 15 'alloca' 'pixbuf_y_2' <Predicate = true> <Delay = 0.00>
ST_1 : Operation 16 [1/1] (0.00ns)   --->   "%pixbuf_y_3 = alloca i32 1" [C:/TFG_Vivado/vivado/axu2cga_trd.runs/bd_197a_csc_0_synth_1/prj/sol/.autopilot/db/v_csc.cpp:745->C:/TFG_Vivado/vivado/axu2cga_trd.runs/bd_197a_csc_0_synth_1/prj/sol/.autopilot/db/v_csc.cpp:460]   --->   Operation 16 'alloca' 'pixbuf_y_3' <Predicate = true> <Delay = 0.00>
ST_1 : Operation 17 [1/1] (0.00ns)   --->   "%lshr_ln_read = read i15 @_ssdm_op_Read.ap_auto.i15, i15 %lshr_ln"   --->   Operation 17 'read' 'lshr_ln_read' <Predicate = true> <Delay = 0.00>
ST_1 : Operation 18 [1/1] (0.00ns)   --->   "%select_ln765_read = read i1 @_ssdm_op_Read.ap_auto.i1, i1 %select_ln765"   --->   Operation 18 'read' 'select_ln765_read' <Predicate = true> <Delay = 0.00>
ST_1 : Operation 19 [1/1] (0.00ns)   --->   "%p_read_1 = read i1 @_ssdm_op_Read.ap_auto.i1, i1 %p_read"   --->   Operation 19 'read' 'p_read_1' <Predicate = true> <Delay = 0.00>
ST_1 : Operation 20 [1/1] (0.00ns)   --->   "%loopWidth_read = read i16 @_ssdm_op_Read.ap_auto.i16, i16 %loopWidth"   --->   Operation 20 'read' 'loopWidth_read' <Predicate = true> <Delay = 0.00>
ST_1 : Operation 21 [1/1] (0.00ns)   --->   "%p_0_0_0_0_0517758_lcssa818_i_read = read i8 @_ssdm_op_Read.ap_auto.i8, i8 %p_0_0_0_0_0517758_lcssa818_i"   --->   Operation 21 'read' 'p_0_0_0_0_0517758_lcssa818_i_read' <Predicate = true> <Delay = 0.00>
ST_1 : Operation 22 [1/1] (0.00ns)   --->   "%p_0_3_0_0_0760_lcssa821_i_read = read i8 @_ssdm_op_Read.ap_auto.i8, i8 %p_0_3_0_0_0760_lcssa821_i"   --->   Operation 22 'read' 'p_0_3_0_0_0760_lcssa821_i_read' <Predicate = true> <Delay = 0.00>
ST_1 : Operation 23 [1/1] (0.00ns)   --->   "%p_0_0_0_0_0509_1_3788_lcssa847_i_read = read i8 @_ssdm_op_Read.ap_auto.i8, i8 %p_0_0_0_0_0509_1_3788_lcssa847_i"   --->   Operation 23 'read' 'p_0_0_0_0_0509_1_3788_lcssa847_i_read' <Predicate = true> <Delay = 0.00>
ST_1 : Operation 24 [1/1] (0.00ns)   --->   "%storemerge_lcssa850_i_read = read i8 @_ssdm_op_Read.ap_auto.i8, i8 %storemerge_lcssa850_i"   --->   Operation 24 'read' 'storemerge_lcssa850_i_read' <Predicate = true> <Delay = 0.00>
ST_1 : Operation 25 [1/1] (0.00ns)   --->   "%mpix_cb_read = read i8 @_ssdm_op_Read.ap_auto.i8, i8 %mpix_cb"   --->   Operation 25 'read' 'mpix_cb_read' <Predicate = true> <Delay = 0.00>
ST_1 : Operation 26 [1/1] (0.00ns)   --->   "%mpix_cr_read = read i8 @_ssdm_op_Read.ap_auto.i8, i8 %mpix_cr"   --->   Operation 26 'read' 'mpix_cr_read' <Predicate = true> <Delay = 0.00>
ST_1 : Operation 27 [1/1] (0.00ns)   --->   "%pixbuf_y_15_read = read i8 @_ssdm_op_Read.ap_auto.i8, i8 %pixbuf_y_15"   --->   Operation 27 'read' 'pixbuf_y_15_read' <Predicate = true> <Delay = 0.00>
ST_1 : Operation 28 [1/1] (0.00ns)   --->   "%pixbuf_y_16_read = read i8 @_ssdm_op_Read.ap_auto.i8, i8 %pixbuf_y_16"   --->   Operation 28 'read' 'pixbuf_y_16_read' <Predicate = true> <Delay = 0.00>
ST_1 : Operation 29 [1/1] (0.00ns)   --->   "%pixbuf_y_17_read = read i8 @_ssdm_op_Read.ap_auto.i8, i8 %pixbuf_y_17"   --->   Operation 29 'read' 'pixbuf_y_17_read' <Predicate = true> <Delay = 0.00>
ST_1 : Operation 30 [1/1] (0.00ns)   --->   "%pixbuf_y_18_read = read i8 @_ssdm_op_Read.ap_auto.i8, i8 %pixbuf_y_18"   --->   Operation 30 'read' 'pixbuf_y_18_read' <Predicate = true> <Delay = 0.00>
ST_1 : Operation 31 [1/1] (0.27ns)   --->   "%select_ln765_cast_cast = select i1 %select_ln765_read, i16 3, i16 0"   --->   Operation 31 'select' 'select_ln765_cast_cast' <Predicate = true> <Delay = 0.27> <CoreInst = "Sel">   --->   Core 73 'Sel' <Latency = 0> <II = 1> <Delay = 0.26> <FuncUnit> <Opcode : 'select'> <InPorts = 3> <OutPorts = 1>
ST_1 : Operation 32 [1/1] (0.00ns)   --->   "%specinterface_ln0 = specinterface void @_ssdm_op_SpecInterface, i48 %stream_in, void @empty_34, i32 0, i32 0, void @empty_49, i32 0, i32 0, void @empty_49, void @empty_49, void @empty_49, i32 0, i32 0, i32 0, i32 0, void @empty_49, void @empty_49, i32 4294967295, i32 0, i32 0, i32 0"   --->   Operation 32 'specinterface' 'specinterface_ln0' <Predicate = true> <Delay = 0.00>
ST_1 : Operation 33 [1/1] (0.00ns)   --->   "%specinterface_ln0 = specinterface void @_ssdm_op_SpecInterface, i48 %stream_in_hresampled, void @empty_34, i32 0, i32 0, void @empty_49, i32 0, i32 0, void @empty_49, void @empty_49, void @empty_49, i32 0, i32 0, i32 0, i32 0, void @empty_49, void @empty_49, i32 4294967295, i32 0, i32 0, i32 0"   --->   Operation 33 'specinterface' 'specinterface_ln0' <Predicate = true> <Delay = 0.00>
ST_1 : Operation 34 [1/1] (0.48ns)   --->   "%store_ln745 = store i8 %pixbuf_y_18_read, i8 %pixbuf_y_3" [C:/TFG_Vivado/vivado/axu2cga_trd.runs/bd_197a_csc_0_synth_1/prj/sol/.autopilot/db/v_csc.cpp:745->C:/TFG_Vivado/vivado/axu2cga_trd.runs/bd_197a_csc_0_synth_1/prj/sol/.autopilot/db/v_csc.cpp:460]   --->   Operation 34 'store' 'store_ln745' <Predicate = true> <Delay = 0.48>
ST_1 : Operation 35 [1/1] (0.48ns)   --->   "%store_ln745 = store i8 %pixbuf_y_17_read, i8 %pixbuf_y_2" [C:/TFG_Vivado/vivado/axu2cga_trd.runs/bd_197a_csc_0_synth_1/prj/sol/.autopilot/db/v_csc.cpp:745->C:/TFG_Vivado/vivado/axu2cga_trd.runs/bd_197a_csc_0_synth_1/prj/sol/.autopilot/db/v_csc.cpp:460]   --->   Operation 35 'store' 'store_ln745' <Predicate = true> <Delay = 0.48>
ST_1 : Operation 36 [1/1] (0.48ns)   --->   "%store_ln745 = store i8 %pixbuf_y_16_read, i8 %pixbuf_y_1" [C:/TFG_Vivado/vivado/axu2cga_trd.runs/bd_197a_csc_0_synth_1/prj/sol/.autopilot/db/v_csc.cpp:745->C:/TFG_Vivado/vivado/axu2cga_trd.runs/bd_197a_csc_0_synth_1/prj/sol/.autopilot/db/v_csc.cpp:460]   --->   Operation 36 'store' 'store_ln745' <Predicate = true> <Delay = 0.48>
ST_1 : Operation 37 [1/1] (0.48ns)   --->   "%store_ln745 = store i8 %pixbuf_y_15_read, i8 %pixbuf_y" [C:/TFG_Vivado/vivado/axu2cga_trd.runs/bd_197a_csc_0_synth_1/prj/sol/.autopilot/db/v_csc.cpp:745->C:/TFG_Vivado/vivado/axu2cga_trd.runs/bd_197a_csc_0_synth_1/prj/sol/.autopilot/db/v_csc.cpp:460]   --->   Operation 37 'store' 'store_ln745' <Predicate = true> <Delay = 0.48>
ST_1 : Operation 38 [1/1] (0.48ns)   --->   "%store_ln738 = store i8 %mpix_cr_read, i8 %mpix_cr_1" [C:/TFG_Vivado/vivado/axu2cga_trd.runs/bd_197a_csc_0_synth_1/prj/sol/.autopilot/db/v_csc.cpp:738->C:/TFG_Vivado/vivado/axu2cga_trd.runs/bd_197a_csc_0_synth_1/prj/sol/.autopilot/db/v_csc.cpp:460]   --->   Operation 38 'store' 'store_ln738' <Predicate = true> <Delay = 0.48>
ST_1 : Operation 39 [1/1] (0.48ns)   --->   "%store_ln738 = store i8 %mpix_cb_read, i8 %mpix_cb_1" [C:/TFG_Vivado/vivado/axu2cga_trd.runs/bd_197a_csc_0_synth_1/prj/sol/.autopilot/db/v_csc.cpp:738->C:/TFG_Vivado/vivado/axu2cga_trd.runs/bd_197a_csc_0_synth_1/prj/sol/.autopilot/db/v_csc.cpp:460]   --->   Operation 39 'store' 'store_ln738' <Predicate = true> <Delay = 0.48>
ST_1 : Operation 40 [1/1] (0.48ns)   --->   "%store_ln0 = store i8 %p_0_3_0_0_0760_lcssa821_i_read, i8 %p_0_3_0_0_0759_i"   --->   Operation 40 'store' 'store_ln0' <Predicate = true> <Delay = 0.48>
ST_1 : Operation 41 [1/1] (0.48ns)   --->   "%store_ln0 = store i8 %p_0_0_0_0_0517758_lcssa818_i_read, i8 %p_0_0_0_0_0517757_i"   --->   Operation 41 'store' 'store_ln0' <Predicate = true> <Delay = 0.48>
ST_1 : Operation 42 [1/1] (0.48ns)   --->   "%store_ln725 = store i15 0, i15 %x" [C:/TFG_Vivado/vivado/axu2cga_trd.runs/bd_197a_csc_0_synth_1/prj/sol/.autopilot/db/v_csc.cpp:725->C:/TFG_Vivado/vivado/axu2cga_trd.runs/bd_197a_csc_0_synth_1/prj/sol/.autopilot/db/v_csc.cpp:460]   --->   Operation 42 'store' 'store_ln725' <Predicate = true> <Delay = 0.48>
ST_1 : Operation 43 [1/1] (0.48ns)   --->   "%store_ln0 = store i8 %storemerge_lcssa850_i_read, i8 %storemerge744791_i"   --->   Operation 43 'store' 'store_ln0' <Predicate = true> <Delay = 0.48>
ST_1 : Operation 44 [1/1] (0.48ns)   --->   "%store_ln0 = store i8 %p_0_0_0_0_0509_1_3788_lcssa847_i_read, i8 %p_0_0_0_0_0509_1_3787_i"   --->   Operation 44 'store' 'store_ln0' <Predicate = true> <Delay = 0.48>
ST_1 : Operation 45 [1/1] (0.00ns)   --->   "%br_ln769 = br void %for.body37.i" [C:/TFG_Vivado/vivado/axu2cga_trd.runs/bd_197a_csc_0_synth_1/prj/sol/.autopilot/db/v_csc.cpp:769->C:/TFG_Vivado/vivado/axu2cga_trd.runs/bd_197a_csc_0_synth_1/prj/sol/.autopilot/db/v_csc.cpp:460]   --->   Operation 45 'br' 'br_ln769' <Predicate = true> <Delay = 0.00>
ST_1 : Operation 46 [1/1] (0.00ns)   --->   "%x_1 = load i15 %x" [C:/TFG_Vivado/vivado/axu2cga_trd.runs/bd_197a_csc_0_synth_1/prj/sol/.autopilot/db/v_csc.cpp:769->C:/TFG_Vivado/vivado/axu2cga_trd.runs/bd_197a_csc_0_synth_1/prj/sol/.autopilot/db/v_csc.cpp:460]   --->   Operation 46 'load' 'x_1' <Predicate = true> <Delay = 0.00>
ST_1 : Operation 47 [1/1] (0.00ns)   --->   "%zext_ln769 = zext i15 %x_1" [C:/TFG_Vivado/vivado/axu2cga_trd.runs/bd_197a_csc_0_synth_1/prj/sol/.autopilot/db/v_csc.cpp:769->C:/TFG_Vivado/vivado/axu2cga_trd.runs/bd_197a_csc_0_synth_1/prj/sol/.autopilot/db/v_csc.cpp:460]   --->   Operation 47 'zext' 'zext_ln769' <Predicate = true> <Delay = 0.00>
ST_1 : Operation 48 [1/1] (1.01ns)   --->   "%icmp_ln769 = icmp_slt  i16 %zext_ln769, i16 %loopWidth_read" [C:/TFG_Vivado/vivado/axu2cga_trd.runs/bd_197a_csc_0_synth_1/prj/sol/.autopilot/db/v_csc.cpp:769->C:/TFG_Vivado/vivado/axu2cga_trd.runs/bd_197a_csc_0_synth_1/prj/sol/.autopilot/db/v_csc.cpp:460]   --->   Operation 48 'icmp' 'icmp_ln769' <Predicate = true> <Delay = 1.01> <CoreInst = "Cmp">   --->   Core 9 'Cmp' <Latency = 0> <II = 1> <Delay = 1.01> <FuncUnit> <Opcode : 'seteq' 'setne' 'setle' 'setge' 'setlt' 'setgt'> <InPorts = 2> <OutPorts = 1>
ST_1 : Operation 49 [1/1] (1.00ns)   --->   "%x_2 = add i15 %x_1, i15 1" [C:/TFG_Vivado/vivado/axu2cga_trd.runs/bd_197a_csc_0_synth_1/prj/sol/.autopilot/db/v_csc.cpp:769->C:/TFG_Vivado/vivado/axu2cga_trd.runs/bd_197a_csc_0_synth_1/prj/sol/.autopilot/db/v_csc.cpp:460]   --->   Operation 49 'add' 'x_2' <Predicate = true> <Delay = 1.00> <CoreInst = "Adder">   --->   Core 1 'Adder' <Latency = 0> <II = 1> <Delay = 1.00> <FuncUnit> <Opcode : 'add' 'sub'> <InPorts = 2> <OutPorts = 1>
ST_1 : Operation 50 [1/1] (0.00ns)   --->   "%br_ln769 = br i1 %icmp_ln769, void %for.inc483.i.exitStub, void %for.body37.split.i" [C:/TFG_Vivado/vivado/axu2cga_trd.runs/bd_197a_csc_0_synth_1/prj/sol/.autopilot/db/v_csc.cpp:769->C:/TFG_Vivado/vivado/axu2cga_trd.runs/bd_197a_csc_0_synth_1/prj/sol/.autopilot/db/v_csc.cpp:460]   --->   Operation 50 'br' 'br_ln769' <Predicate = true> <Delay = 0.00>
ST_1 : Operation 51 [1/1] (0.00ns)   --->   "%specpipeline_ln772 = specpipeline void @_ssdm_op_SpecPipeline, i32 1, i32 0, i32 0, i32 0, i32 4294967295, void @empty_49" [C:/TFG_Vivado/vivado/axu2cga_trd.runs/bd_197a_csc_0_synth_1/prj/sol/.autopilot/db/v_csc.cpp:772->C:/TFG_Vivado/vivado/axu2cga_trd.runs/bd_197a_csc_0_synth_1/prj/sol/.autopilot/db/v_csc.cpp:460]   --->   Operation 51 'specpipeline' 'specpipeline_ln772' <Predicate = (icmp_ln769)> <Delay = 0.00>
ST_1 : Operation 52 [1/1] (0.00ns)   --->   "%specloopname_ln769 = specloopname void @_ssdm_op_SpecLoopName, void @empty_42" [C:/TFG_Vivado/vivado/axu2cga_trd.runs/bd_197a_csc_0_synth_1/prj/sol/.autopilot/db/v_csc.cpp:769->C:/TFG_Vivado/vivado/axu2cga_trd.runs/bd_197a_csc_0_synth_1/prj/sol/.autopilot/db/v_csc.cpp:460]   --->   Operation 52 'specloopname' 'specloopname_ln769' <Predicate = (icmp_ln769)> <Delay = 0.00>
ST_1 : Operation 53 [1/1] (1.00ns)   --->   "%out_x = sub i16 %zext_ln769, i16 %select_ln765_cast_cast" [C:/TFG_Vivado/vivado/axu2cga_trd.runs/bd_197a_csc_0_synth_1/prj/sol/.autopilot/db/v_csc.cpp:775->C:/TFG_Vivado/vivado/axu2cga_trd.runs/bd_197a_csc_0_synth_1/prj/sol/.autopilot/db/v_csc.cpp:460]   --->   Operation 53 'sub' 'out_x' <Predicate = (icmp_ln769)> <Delay = 1.00> <CoreInst = "Adder">   --->   Core 1 'Adder' <Latency = 0> <II = 1> <Delay = 1.01> <FuncUnit> <Opcode : 'add' 'sub'> <InPorts = 2> <OutPorts = 1>
ST_1 : Operation 54 [1/1] (1.00ns)   --->   "%icmp_ln777 = icmp_ugt  i15 %lshr_ln_read, i15 %x_1" [C:/TFG_Vivado/vivado/axu2cga_trd.runs/bd_197a_csc_0_synth_1/prj/sol/.autopilot/db/v_csc.cpp:777->C:/TFG_Vivado/vivado/axu2cga_trd.runs/bd_197a_csc_0_synth_1/prj/sol/.autopilot/db/v_csc.cpp:460]   --->   Operation 54 'icmp' 'icmp_ln777' <Predicate = (icmp_ln769)> <Delay = 1.00> <CoreInst = "Cmp">   --->   Core 9 'Cmp' <Latency = 0> <II = 1> <Delay = 1.00> <FuncUnit> <Opcode : 'seteq' 'setne' 'setle' 'setge' 'setlt' 'setgt'> <InPorts = 2> <OutPorts = 1>
ST_1 : Operation 55 [1/1] (0.00ns)   --->   "%br_ln777 = br i1 %icmp_ln777, void %VITIS_LOOP_805_4.i, void %VITIS_LOOP_781_3.i" [C:/TFG_Vivado/vivado/axu2cga_trd.runs/bd_197a_csc_0_synth_1/prj/sol/.autopilot/db/v_csc.cpp:777->C:/TFG_Vivado/vivado/axu2cga_trd.runs/bd_197a_csc_0_synth_1/prj/sol/.autopilot/db/v_csc.cpp:460]   --->   Operation 55 'br' 'br_ln777' <Predicate = (icmp_ln769)> <Delay = 0.00>
ST_1 : Operation 56 [1/1] (1.00ns)   --->   "%icmp_ln833 = icmp_eq  i15 %x_1, i15 0" [C:/TFG_Vivado/vivado/axu2cga_trd.runs/bd_197a_csc_0_synth_1/prj/sol/.autopilot/db/v_csc.cpp:833->C:/TFG_Vivado/vivado/axu2cga_trd.runs/bd_197a_csc_0_synth_1/prj/sol/.autopilot/db/v_csc.cpp:460]   --->   Operation 56 'icmp' 'icmp_ln833' <Predicate = (icmp_ln769)> <Delay = 1.00> <CoreInst = "Cmp">   --->   Core 9 'Cmp' <Latency = 0> <II = 1> <Delay = 1.00> <FuncUnit> <Opcode : 'seteq' 'setne' 'setle' 'setge' 'setlt' 'setgt'> <InPorts = 2> <OutPorts = 1>
ST_1 : Operation 57 [1/1] (0.00ns)   --->   "%tmp = bitselect i1 @_ssdm_op_BitSelect.i1.i16.i32, i16 %out_x, i32 15" [C:/TFG_Vivado/vivado/axu2cga_trd.runs/bd_197a_csc_0_synth_1/prj/sol/.autopilot/db/v_csc.cpp:922->C:/TFG_Vivado/vivado/axu2cga_trd.runs/bd_197a_csc_0_synth_1/prj/sol/.autopilot/db/v_csc.cpp:460]   --->   Operation 57 'bitselect' 'tmp' <Predicate = (icmp_ln769)> <Delay = 0.00>
ST_1 : Operation 58 [1/1] (0.00ns)   --->   "%br_ln922 = br i1 %tmp, void %if.then475.i, void %for.inc480.i" [C:/TFG_Vivado/vivado/axu2cga_trd.runs/bd_197a_csc_0_synth_1/prj/sol/.autopilot/db/v_csc.cpp:922->C:/TFG_Vivado/vivado/axu2cga_trd.runs/bd_197a_csc_0_synth_1/prj/sol/.autopilot/db/v_csc.cpp:460]   --->   Operation 58 'br' 'br_ln922' <Predicate = (icmp_ln769)> <Delay = 0.00>
ST_1 : Operation 59 [1/1] (0.00ns)   --->   "%br_ln924 = br i1 %p_read_1, void %if.else477.i, void %if.then476.i" [C:/TFG_Vivado/vivado/axu2cga_trd.runs/bd_197a_csc_0_synth_1/prj/sol/.autopilot/db/v_csc.cpp:924->C:/TFG_Vivado/vivado/axu2cga_trd.runs/bd_197a_csc_0_synth_1/prj/sol/.autopilot/db/v_csc.cpp:460]   --->   Operation 59 'br' 'br_ln924' <Predicate = (icmp_ln769 & !tmp)> <Delay = 0.00>
ST_1 : Operation 60 [1/1] (0.00ns)   --->   "%br_ln928 = br void %for.inc480.i" [C:/TFG_Vivado/vivado/axu2cga_trd.runs/bd_197a_csc_0_synth_1/prj/sol/.autopilot/db/v_csc.cpp:928->C:/TFG_Vivado/vivado/axu2cga_trd.runs/bd_197a_csc_0_synth_1/prj/sol/.autopilot/db/v_csc.cpp:460]   --->   Operation 60 'br' 'br_ln928' <Predicate = (icmp_ln769 & !tmp)> <Delay = 0.00>
ST_1 : Operation 61 [1/1] (0.48ns)   --->   "%store_ln725 = store i15 %x_2, i15 %x" [C:/TFG_Vivado/vivado/axu2cga_trd.runs/bd_197a_csc_0_synth_1/prj/sol/.autopilot/db/v_csc.cpp:725->C:/TFG_Vivado/vivado/axu2cga_trd.runs/bd_197a_csc_0_synth_1/prj/sol/.autopilot/db/v_csc.cpp:460]   --->   Operation 61 'store' 'store_ln725' <Predicate = (icmp_ln769)> <Delay = 0.48>

State 2 <SV = 1> <Delay = 2.31>
ST_2 : Operation 62 [1/1] ( I:1.82ns O:1.82ns )   --->   "%stream_in_read = read i48 @_ssdm_op_Read.ap_fifo.volatile.i48P0A, i48 %stream_in" [C:/TFG_Vivado/vivado/axu2cga_trd.runs/bd_197a_csc_0_synth_1/prj/sol/.autopilot/db/v_csc.cpp:779->C:/TFG_Vivado/vivado/axu2cga_trd.runs/bd_197a_csc_0_synth_1/prj/sol/.autopilot/db/v_csc.cpp:460]   --->   Operation 62 'read' 'stream_in_read' <Predicate = (icmp_ln769 & icmp_ln777)> <Delay = 1.82> <CoreInst = "FIFO_SRL">   --->   Core 80 'FIFO_SRL' <Latency = 0> <II = 1> <Delay = 2.25> <Storage> <Opcode : 'read' 'write' 'nbread' 'nbwrite'> <Ports = 0> <Width = 48> <Depth = 16> <FIFO>
ST_2 : Operation 63 [1/1] (0.00ns)   --->   "%trunc_ln779 = trunc i48 %stream_in_read" [C:/TFG_Vivado/vivado/axu2cga_trd.runs/bd_197a_csc_0_synth_1/prj/sol/.autopilot/db/v_csc.cpp:779->C:/TFG_Vivado/vivado/axu2cga_trd.runs/bd_197a_csc_0_synth_1/prj/sol/.autopilot/db/v_csc.cpp:460]   --->   Operation 63 'trunc' 'trunc_ln779' <Predicate = (icmp_ln769 & icmp_ln777)> <Delay = 0.00>
ST_2 : Operation 64 [1/1] (0.00ns)   --->   "%mpix_cb_2 = partselect i8 @_ssdm_op_PartSelect.i8.i48.i32.i32, i48 %stream_in_read, i32 8, i32 15" [C:/TFG_Vivado/vivado/axu2cga_trd.runs/bd_197a_csc_0_synth_1/prj/sol/.autopilot/db/v_csc.cpp:779->C:/TFG_Vivado/vivado/axu2cga_trd.runs/bd_197a_csc_0_synth_1/prj/sol/.autopilot/db/v_csc.cpp:460]   --->   Operation 64 'partselect' 'mpix_cb_2' <Predicate = (icmp_ln769 & icmp_ln777)> <Delay = 0.00>
ST_2 : Operation 65 [1/1] (0.00ns)   --->   "%trunc_ln779_7 = partselect i8 @_ssdm_op_PartSelect.i8.i48.i32.i32, i48 %stream_in_read, i32 16, i32 23" [C:/TFG_Vivado/vivado/axu2cga_trd.runs/bd_197a_csc_0_synth_1/prj/sol/.autopilot/db/v_csc.cpp:779->C:/TFG_Vivado/vivado/axu2cga_trd.runs/bd_197a_csc_0_synth_1/prj/sol/.autopilot/db/v_csc.cpp:460]   --->   Operation 65 'partselect' 'trunc_ln779_7' <Predicate = (icmp_ln769 & icmp_ln777)> <Delay = 0.00>
ST_2 : Operation 66 [1/1] (0.00ns)   --->   "%trunc_ln779_8 = partselect i8 @_ssdm_op_PartSelect.i8.i48.i32.i32, i48 %stream_in_read, i32 24, i32 31" [C:/TFG_Vivado/vivado/axu2cga_trd.runs/bd_197a_csc_0_synth_1/prj/sol/.autopilot/db/v_csc.cpp:779->C:/TFG_Vivado/vivado/axu2cga_trd.runs/bd_197a_csc_0_synth_1/prj/sol/.autopilot/db/v_csc.cpp:460]   --->   Operation 66 'partselect' 'trunc_ln779_8' <Predicate = (icmp_ln769 & icmp_ln777)> <Delay = 0.00>
ST_2 : Operation 67 [1/1] (0.00ns)   --->   "%mpix_cr_2 = partselect i8 @_ssdm_op_PartSelect.i8.i48.i32.i32, i48 %stream_in_read, i32 32, i32 39" [C:/TFG_Vivado/vivado/axu2cga_trd.runs/bd_197a_csc_0_synth_1/prj/sol/.autopilot/db/v_csc.cpp:779->C:/TFG_Vivado/vivado/axu2cga_trd.runs/bd_197a_csc_0_synth_1/prj/sol/.autopilot/db/v_csc.cpp:460]   --->   Operation 67 'partselect' 'mpix_cr_2' <Predicate = (icmp_ln769 & icmp_ln777)> <Delay = 0.00>
ST_2 : Operation 68 [1/1] (0.00ns)   --->   "%trunc_ln779_s = partselect i8 @_ssdm_op_PartSelect.i8.i48.i32.i32, i48 %stream_in_read, i32 40, i32 47" [C:/TFG_Vivado/vivado/axu2cga_trd.runs/bd_197a_csc_0_synth_1/prj/sol/.autopilot/db/v_csc.cpp:779->C:/TFG_Vivado/vivado/axu2cga_trd.runs/bd_197a_csc_0_synth_1/prj/sol/.autopilot/db/v_csc.cpp:460]   --->   Operation 68 'partselect' 'trunc_ln779_s' <Predicate = (icmp_ln769 & icmp_ln777)> <Delay = 0.00>
ST_2 : Operation 69 [1/1] (0.48ns)   --->   "%store_ln738 = store i8 %mpix_cr_2, i8 %mpix_cr_1" [C:/TFG_Vivado/vivado/axu2cga_trd.runs/bd_197a_csc_0_synth_1/prj/sol/.autopilot/db/v_csc.cpp:738->C:/TFG_Vivado/vivado/axu2cga_trd.runs/bd_197a_csc_0_synth_1/prj/sol/.autopilot/db/v_csc.cpp:460]   --->   Operation 69 'store' 'store_ln738' <Predicate = (icmp_ln769 & icmp_ln777)> <Delay = 0.48>
ST_2 : Operation 70 [1/1] (0.48ns)   --->   "%store_ln738 = store i8 %mpix_cb_2, i8 %mpix_cb_1" [C:/TFG_Vivado/vivado/axu2cga_trd.runs/bd_197a_csc_0_synth_1/prj/sol/.autopilot/db/v_csc.cpp:738->C:/TFG_Vivado/vivado/axu2cga_trd.runs/bd_197a_csc_0_synth_1/prj/sol/.autopilot/db/v_csc.cpp:460]   --->   Operation 70 'store' 'store_ln738' <Predicate = (icmp_ln769 & icmp_ln777)> <Delay = 0.48>
ST_2 : Operation 71 [1/1] (0.48ns)   --->   "%store_ln779 = store i8 %trunc_ln779_8, i8 %p_0_3_0_0_0759_i" [C:/TFG_Vivado/vivado/axu2cga_trd.runs/bd_197a_csc_0_synth_1/prj/sol/.autopilot/db/v_csc.cpp:779->C:/TFG_Vivado/vivado/axu2cga_trd.runs/bd_197a_csc_0_synth_1/prj/sol/.autopilot/db/v_csc.cpp:460]   --->   Operation 71 'store' 'store_ln779' <Predicate = (icmp_ln769 & icmp_ln777)> <Delay = 0.48>
ST_2 : Operation 72 [1/1] (0.48ns)   --->   "%store_ln779 = store i8 %trunc_ln779, i8 %p_0_0_0_0_0517757_i" [C:/TFG_Vivado/vivado/axu2cga_trd.runs/bd_197a_csc_0_synth_1/prj/sol/.autopilot/db/v_csc.cpp:779->C:/TFG_Vivado/vivado/axu2cga_trd.runs/bd_197a_csc_0_synth_1/prj/sol/.autopilot/db/v_csc.cpp:460]   --->   Operation 72 'store' 'store_ln779' <Predicate = (icmp_ln769 & icmp_ln777)> <Delay = 0.48>
ST_2 : Operation 73 [1/1] (0.00ns)   --->   "%store_ln779 = store i8 %trunc_ln779_s, i8 %inpix_0_5_0_0_0_load755_i_out" [C:/TFG_Vivado/vivado/axu2cga_trd.runs/bd_197a_csc_0_synth_1/prj/sol/.autopilot/db/v_csc.cpp:779->C:/TFG_Vivado/vivado/axu2cga_trd.runs/bd_197a_csc_0_synth_1/prj/sol/.autopilot/db/v_csc.cpp:460]   --->   Operation 73 'store' 'store_ln779' <Predicate = (icmp_ln769 & icmp_ln777)> <Delay = 0.00>
ST_2 : Operation 74 [1/1] (0.00ns)   --->   "%store_ln779 = store i8 %mpix_cr_2, i8 %inpix_0_4_0_0_0_load753_i_out" [C:/TFG_Vivado/vivado/axu2cga_trd.runs/bd_197a_csc_0_synth_1/prj/sol/.autopilot/db/v_csc.cpp:779->C:/TFG_Vivado/vivado/axu2cga_trd.runs/bd_197a_csc_0_synth_1/prj/sol/.autopilot/db/v_csc.cpp:460]   --->   Operation 74 'store' 'store_ln779' <Predicate = (icmp_ln769 & icmp_ln777)> <Delay = 0.00>
ST_2 : Operation 75 [1/1] (0.00ns)   --->   "%store_ln779 = store i8 %trunc_ln779_8, i8 %inpix_0_3_0_0_0_load751_i_out" [C:/TFG_Vivado/vivado/axu2cga_trd.runs/bd_197a_csc_0_synth_1/prj/sol/.autopilot/db/v_csc.cpp:779->C:/TFG_Vivado/vivado/axu2cga_trd.runs/bd_197a_csc_0_synth_1/prj/sol/.autopilot/db/v_csc.cpp:460]   --->   Operation 75 'store' 'store_ln779' <Predicate = (icmp_ln769 & icmp_ln777)> <Delay = 0.00>
ST_2 : Operation 76 [1/1] (0.00ns)   --->   "%store_ln779 = store i8 %trunc_ln779_7, i8 %inpix_0_2_0_0_0_load749_i_out" [C:/TFG_Vivado/vivado/axu2cga_trd.runs/bd_197a_csc_0_synth_1/prj/sol/.autopilot/db/v_csc.cpp:779->C:/TFG_Vivado/vivado/axu2cga_trd.runs/bd_197a_csc_0_synth_1/prj/sol/.autopilot/db/v_csc.cpp:460]   --->   Operation 76 'store' 'store_ln779' <Predicate = (icmp_ln769 & icmp_ln777)> <Delay = 0.00>
ST_2 : Operation 77 [1/1] (0.00ns)   --->   "%store_ln779 = store i8 %mpix_cb_2, i8 %inpix_0_1_0_0_0_load747_i_out" [C:/TFG_Vivado/vivado/axu2cga_trd.runs/bd_197a_csc_0_synth_1/prj/sol/.autopilot/db/v_csc.cpp:779->C:/TFG_Vivado/vivado/axu2cga_trd.runs/bd_197a_csc_0_synth_1/prj/sol/.autopilot/db/v_csc.cpp:460]   --->   Operation 77 'store' 'store_ln779' <Predicate = (icmp_ln769 & icmp_ln777)> <Delay = 0.00>
ST_2 : Operation 78 [1/1] (0.00ns)   --->   "%store_ln779 = store i8 %trunc_ln779, i8 %inpix_0_0_0_0_0_load745_i_out" [C:/TFG_Vivado/vivado/axu2cga_trd.runs/bd_197a_csc_0_synth_1/prj/sol/.autopilot/db/v_csc.cpp:779->C:/TFG_Vivado/vivado/axu2cga_trd.runs/bd_197a_csc_0_synth_1/prj/sol/.autopilot/db/v_csc.cpp:460]   --->   Operation 78 'store' 'store_ln779' <Predicate = (icmp_ln769 & icmp_ln777)> <Delay = 0.00>
ST_2 : Operation 79 [1/1] (0.00ns)   --->   "%br_ln801 = br void %VITIS_LOOP_805_4.i" [C:/TFG_Vivado/vivado/axu2cga_trd.runs/bd_197a_csc_0_synth_1/prj/sol/.autopilot/db/v_csc.cpp:801->C:/TFG_Vivado/vivado/axu2cga_trd.runs/bd_197a_csc_0_synth_1/prj/sol/.autopilot/db/v_csc.cpp:460]   --->   Operation 79 'br' 'br_ln801' <Predicate = (icmp_ln769 & icmp_ln777)> <Delay = 0.00>

State 3 <SV = 2> <Delay = 3.44>
ST_3 : Operation 80 [1/1] (0.00ns)   --->   "%pixbuf_y_4 = load i8 %pixbuf_y"   --->   Operation 80 'load' 'pixbuf_y_4' <Predicate = true> <Delay = 0.00>
ST_3 : Operation 81 [1/1] (0.00ns)   --->   "%pixbuf_y_5 = load i8 %pixbuf_y_1"   --->   Operation 81 'load' 'pixbuf_y_5' <Predicate = true> <Delay = 0.00>
ST_3 : Operation 82 [1/1] (0.00ns)   --->   "%pixbuf_y_6 = load i8 %pixbuf_y_2"   --->   Operation 82 'load' 'pixbuf_y_6' <Predicate = true> <Delay = 0.00>
ST_3 : Operation 83 [1/1] (0.00ns)   --->   "%pixbuf_y_7 = load i8 %pixbuf_y_3"   --->   Operation 83 'load' 'pixbuf_y_7' <Predicate = true> <Delay = 0.00>
ST_3 : Operation 84 [1/1] (0.00ns)   --->   "%speclooptripcount_ln0 = speclooptripcount void @_ssdm_op_SpecLoopTripCount, i64 0, i64 32767, i64 16385"   --->   Operation 84 'speclooptripcount' 'speclooptripcount_ln0' <Predicate = true> <Delay = 0.00>
ST_3 : Operation 85 [1/1] (0.00ns)   --->   "%p_0_0_0_0_0509_2770_i_out_load = load i8 %p_0_0_0_0_0509_2770_i_out" [C:/TFG_Vivado/vivado/axu2cga_trd.runs/bd_197a_csc_0_synth_1/prj/sol/.autopilot/db/v_csc.cpp:859->C:/TFG_Vivado/vivado/axu2cga_trd.runs/bd_197a_csc_0_synth_1/prj/sol/.autopilot/db/v_csc.cpp:460]   --->   Operation 85 'load' 'p_0_0_0_0_0509_2770_i_out_load' <Predicate = (icmp_ln769 & !icmp_ln833)> <Delay = 0.00>
ST_3 : Operation 86 [1/1] (0.00ns)   --->   "%p_0_0_0_0_0_2774_i_out_load = load i8 %p_0_0_0_0_0_2774_i_out" [C:/TFG_Vivado/vivado/axu2cga_trd.runs/bd_197a_csc_0_synth_1/prj/sol/.autopilot/db/v_csc.cpp:859->C:/TFG_Vivado/vivado/axu2cga_trd.runs/bd_197a_csc_0_synth_1/prj/sol/.autopilot/db/v_csc.cpp:460]   --->   Operation 86 'load' 'p_0_0_0_0_0_2774_i_out_load' <Predicate = (icmp_ln769 & !icmp_ln833)> <Delay = 0.00>
ST_3 : Operation 87 [1/1] (0.00ns)   --->   "%p_0_0_0_0_0509_3778_i_out_load = load i8 %p_0_0_0_0_0509_3778_i_out" [C:/TFG_Vivado/vivado/axu2cga_trd.runs/bd_197a_csc_0_synth_1/prj/sol/.autopilot/db/v_csc.cpp:859->C:/TFG_Vivado/vivado/axu2cga_trd.runs/bd_197a_csc_0_synth_1/prj/sol/.autopilot/db/v_csc.cpp:460]   --->   Operation 87 'load' 'p_0_0_0_0_0509_3778_i_out_load' <Predicate = (icmp_ln769 & !icmp_ln833)> <Delay = 0.00>
ST_3 : Operation 88 [1/1] (0.00ns)   --->   "%p_0_0_0_0_0_3782_i_out_load = load i8 %p_0_0_0_0_0_3782_i_out" [C:/TFG_Vivado/vivado/axu2cga_trd.runs/bd_197a_csc_0_synth_1/prj/sol/.autopilot/db/v_csc.cpp:859->C:/TFG_Vivado/vivado/axu2cga_trd.runs/bd_197a_csc_0_synth_1/prj/sol/.autopilot/db/v_csc.cpp:460]   --->   Operation 88 'load' 'p_0_0_0_0_0_3782_i_out_load' <Predicate = (icmp_ln769 & !icmp_ln833)> <Delay = 0.00>
ST_3 : Operation 89 [1/1] (0.00ns)   --->   "%p_0_0_0_0_0509_1_3787_i_load = load i8 %p_0_0_0_0_0509_1_3787_i" [C:/TFG_Vivado/vivado/axu2cga_trd.runs/bd_197a_csc_0_synth_1/prj/sol/.autopilot/db/v_csc.cpp:859->C:/TFG_Vivado/vivado/axu2cga_trd.runs/bd_197a_csc_0_synth_1/prj/sol/.autopilot/db/v_csc.cpp:460]   --->   Operation 89 'load' 'p_0_0_0_0_0509_1_3787_i_load' <Predicate = (icmp_ln769 & !icmp_ln833)> <Delay = 0.00>
ST_3 : Operation 90 [1/1] (0.00ns)   --->   "%storemerge744791_i_load = load i8 %storemerge744791_i" [C:/TFG_Vivado/vivado/axu2cga_trd.runs/bd_197a_csc_0_synth_1/prj/sol/.autopilot/db/v_csc.cpp:859->C:/TFG_Vivado/vivado/axu2cga_trd.runs/bd_197a_csc_0_synth_1/prj/sol/.autopilot/db/v_csc.cpp:460]   --->   Operation 90 'load' 'storemerge744791_i_load' <Predicate = (icmp_ln769 & !icmp_ln833)> <Delay = 0.00>
ST_3 : Operation 91 [1/1] (0.00ns)   --->   "%mpix_cb_3 = load i8 %mpix_cb_1" [C:/TFG_Vivado/vivado/axu2cga_trd.runs/bd_197a_csc_0_synth_1/prj/sol/.autopilot/db/v_csc.cpp:859->C:/TFG_Vivado/vivado/axu2cga_trd.runs/bd_197a_csc_0_synth_1/prj/sol/.autopilot/db/v_csc.cpp:460]   --->   Operation 91 'load' 'mpix_cb_3' <Predicate = (icmp_ln769)> <Delay = 0.00>
ST_3 : Operation 92 [1/1] (0.00ns)   --->   "%mpix_cr_3 = load i8 %mpix_cr_1" [C:/TFG_Vivado/vivado/axu2cga_trd.runs/bd_197a_csc_0_synth_1/prj/sol/.autopilot/db/v_csc.cpp:859->C:/TFG_Vivado/vivado/axu2cga_trd.runs/bd_197a_csc_0_synth_1/prj/sol/.autopilot/db/v_csc.cpp:460]   --->   Operation 92 'load' 'mpix_cr_3' <Predicate = (icmp_ln769)> <Delay = 0.00>
ST_3 : Operation 93 [1/1] (0.44ns)   --->   "%select_ln859 = select i1 %icmp_ln833, i8 %mpix_cr_3, i8 %storemerge744791_i_load" [C:/TFG_Vivado/vivado/axu2cga_trd.runs/bd_197a_csc_0_synth_1/prj/sol/.autopilot/db/v_csc.cpp:859->C:/TFG_Vivado/vivado/axu2cga_trd.runs/bd_197a_csc_0_synth_1/prj/sol/.autopilot/db/v_csc.cpp:460]   --->   Operation 93 'select' 'select_ln859' <Predicate = (icmp_ln769)> <Delay = 0.44> <CoreInst = "Sel">   --->   Core 73 'Sel' <Latency = 0> <II = 1> <Delay = 0.44> <FuncUnit> <Opcode : 'select'> <InPorts = 3> <OutPorts = 1>
ST_3 : Operation 94 [1/1] (0.44ns)   --->   "%select_ln859_1 = select i1 %icmp_ln833, i8 %mpix_cb_3, i8 %p_0_0_0_0_0509_1_3787_i_load" [C:/TFG_Vivado/vivado/axu2cga_trd.runs/bd_197a_csc_0_synth_1/prj/sol/.autopilot/db/v_csc.cpp:859->C:/TFG_Vivado/vivado/axu2cga_trd.runs/bd_197a_csc_0_synth_1/prj/sol/.autopilot/db/v_csc.cpp:460]   --->   Operation 94 'select' 'select_ln859_1' <Predicate = (icmp_ln769)> <Delay = 0.44> <CoreInst = "Sel">   --->   Core 73 'Sel' <Latency = 0> <II = 1> <Delay = 0.44> <FuncUnit> <Opcode : 'select'> <InPorts = 3> <OutPorts = 1>
ST_3 : Operation 95 [1/1] (0.44ns)   --->   "%select_ln859_2 = select i1 %icmp_ln833, i8 %mpix_cr_3, i8 %p_0_0_0_0_0_3782_i_out_load" [C:/TFG_Vivado/vivado/axu2cga_trd.runs/bd_197a_csc_0_synth_1/prj/sol/.autopilot/db/v_csc.cpp:859->C:/TFG_Vivado/vivado/axu2cga_trd.runs/bd_197a_csc_0_synth_1/prj/sol/.autopilot/db/v_csc.cpp:460]   --->   Operation 95 'select' 'select_ln859_2' <Predicate = (icmp_ln769)> <Delay = 0.44> <CoreInst = "Sel">   --->   Core 73 'Sel' <Latency = 0> <II = 1> <Delay = 0.44> <FuncUnit> <Opcode : 'select'> <InPorts = 3> <OutPorts = 1>
ST_3 : Operation 96 [1/1] (0.44ns)   --->   "%select_ln859_3 = select i1 %icmp_ln833, i8 %mpix_cb_3, i8 %p_0_0_0_0_0509_3778_i_out_load" [C:/TFG_Vivado/vivado/axu2cga_trd.runs/bd_197a_csc_0_synth_1/prj/sol/.autopilot/db/v_csc.cpp:859->C:/TFG_Vivado/vivado/axu2cga_trd.runs/bd_197a_csc_0_synth_1/prj/sol/.autopilot/db/v_csc.cpp:460]   --->   Operation 96 'select' 'select_ln859_3' <Predicate = (icmp_ln769)> <Delay = 0.44> <CoreInst = "Sel">   --->   Core 73 'Sel' <Latency = 0> <II = 1> <Delay = 0.44> <FuncUnit> <Opcode : 'select'> <InPorts = 3> <OutPorts = 1>
ST_3 : Operation 97 [1/1] (0.44ns)   --->   "%select_ln859_4 = select i1 %icmp_ln833, i8 %mpix_cr_3, i8 %p_0_0_0_0_0_2774_i_out_load" [C:/TFG_Vivado/vivado/axu2cga_trd.runs/bd_197a_csc_0_synth_1/prj/sol/.autopilot/db/v_csc.cpp:859->C:/TFG_Vivado/vivado/axu2cga_trd.runs/bd_197a_csc_0_synth_1/prj/sol/.autopilot/db/v_csc.cpp:460]   --->   Operation 97 'select' 'select_ln859_4' <Predicate = (icmp_ln769)> <Delay = 0.44> <CoreInst = "Sel">   --->   Core 73 'Sel' <Latency = 0> <II = 1> <Delay = 0.44> <FuncUnit> <Opcode : 'select'> <InPorts = 3> <OutPorts = 1>
ST_3 : Operation 98 [1/1] (0.44ns)   --->   "%select_ln859_5 = select i1 %icmp_ln833, i8 %mpix_cb_3, i8 %p_0_0_0_0_0509_2770_i_out_load" [C:/TFG_Vivado/vivado/axu2cga_trd.runs/bd_197a_csc_0_synth_1/prj/sol/.autopilot/db/v_csc.cpp:859->C:/TFG_Vivado/vivado/axu2cga_trd.runs/bd_197a_csc_0_synth_1/prj/sol/.autopilot/db/v_csc.cpp:460]   --->   Operation 98 'select' 'select_ln859_5' <Predicate = (icmp_ln769)> <Delay = 0.44> <CoreInst = "Sel">   --->   Core 73 'Sel' <Latency = 0> <II = 1> <Delay = 0.44> <FuncUnit> <Opcode : 'select'> <InPorts = 3> <OutPorts = 1>
ST_3 : Operation 99 [1/1] (0.00ns)   --->   "%zext_ln908 = zext i8 %select_ln859_3" [C:/TFG_Vivado/vivado/axu2cga_trd.runs/bd_197a_csc_0_synth_1/prj/sol/.autopilot/db/v_csc.cpp:908->C:/TFG_Vivado/vivado/axu2cga_trd.runs/bd_197a_csc_0_synth_1/prj/sol/.autopilot/db/v_csc.cpp:460]   --->   Operation 99 'zext' 'zext_ln908' <Predicate = (icmp_ln769)> <Delay = 0.00>
ST_3 : Operation 100 [1/1] (0.00ns)   --->   "%zext_ln908_1 = zext i8 %select_ln859_5" [C:/TFG_Vivado/vivado/axu2cga_trd.runs/bd_197a_csc_0_synth_1/prj/sol/.autopilot/db/v_csc.cpp:908->C:/TFG_Vivado/vivado/axu2cga_trd.runs/bd_197a_csc_0_synth_1/prj/sol/.autopilot/db/v_csc.cpp:460]   --->   Operation 100 'zext' 'zext_ln908_1' <Predicate = (icmp_ln769)> <Delay = 0.00>
ST_3 : Operation 101 [1/1] (0.00ns) (grouped into TernaryAdder)   --->   "%add_ln908 = add i9 %zext_ln908_1, i9 1" [C:/TFG_Vivado/vivado/axu2cga_trd.runs/bd_197a_csc_0_synth_1/prj/sol/.autopilot/db/v_csc.cpp:908->C:/TFG_Vivado/vivado/axu2cga_trd.runs/bd_197a_csc_0_synth_1/prj/sol/.autopilot/db/v_csc.cpp:460]   --->   Operation 101 'add' 'add_ln908' <Predicate = (icmp_ln769)> <Delay = 0.00> <CoreInst = "TAddSub">   --->   Core 10 'TAddSub' <Latency = 0> <II = 1> <Delay = 0.58> <IPBlock> <Opcode : 'add' 'sub'> <InPorts = 3> <OutPorts = 1> <Sync> <CReg>
ST_3 : Operation 102 [1/1] (1.17ns) (root node of TernaryAdder)   --->   "%add_ln908_1 = add i9 %add_ln908, i9 %zext_ln908" [C:/TFG_Vivado/vivado/axu2cga_trd.runs/bd_197a_csc_0_synth_1/prj/sol/.autopilot/db/v_csc.cpp:908->C:/TFG_Vivado/vivado/axu2cga_trd.runs/bd_197a_csc_0_synth_1/prj/sol/.autopilot/db/v_csc.cpp:460]   --->   Operation 102 'add' 'add_ln908_1' <Predicate = (icmp_ln769)> <Delay = 1.17> <CoreInst = "TAddSub">   --->   Core 10 'TAddSub' <Latency = 0> <II = 1> <Delay = 0.58> <IPBlock> <Opcode : 'add' 'sub'> <InPorts = 3> <OutPorts = 1> <Sync> <CReg>
ST_3 : Operation 103 [1/1] (0.00ns)   --->   "%lshr_ln2 = partselect i8 @_ssdm_op_PartSelect.i8.i9.i32.i32, i9 %add_ln908_1, i32 1, i32 8" [C:/TFG_Vivado/vivado/axu2cga_trd.runs/bd_197a_csc_0_synth_1/prj/sol/.autopilot/db/v_csc.cpp:908->C:/TFG_Vivado/vivado/axu2cga_trd.runs/bd_197a_csc_0_synth_1/prj/sol/.autopilot/db/v_csc.cpp:460]   --->   Operation 103 'partselect' 'lshr_ln2' <Predicate = (icmp_ln769)> <Delay = 0.00>
ST_3 : Operation 104 [1/1] (0.00ns)   --->   "%zext_ln910 = zext i8 %select_ln859_2" [C:/TFG_Vivado/vivado/axu2cga_trd.runs/bd_197a_csc_0_synth_1/prj/sol/.autopilot/db/v_csc.cpp:910->C:/TFG_Vivado/vivado/axu2cga_trd.runs/bd_197a_csc_0_synth_1/prj/sol/.autopilot/db/v_csc.cpp:460]   --->   Operation 104 'zext' 'zext_ln910' <Predicate = (icmp_ln769)> <Delay = 0.00>
ST_3 : Operation 105 [1/1] (0.00ns)   --->   "%zext_ln910_1 = zext i8 %select_ln859_4" [C:/TFG_Vivado/vivado/axu2cga_trd.runs/bd_197a_csc_0_synth_1/prj/sol/.autopilot/db/v_csc.cpp:910->C:/TFG_Vivado/vivado/axu2cga_trd.runs/bd_197a_csc_0_synth_1/prj/sol/.autopilot/db/v_csc.cpp:460]   --->   Operation 105 'zext' 'zext_ln910_1' <Predicate = (icmp_ln769)> <Delay = 0.00>
ST_3 : Operation 106 [1/1] (0.00ns) (grouped into TernaryAdder)   --->   "%add_ln910 = add i9 %zext_ln910_1, i9 1" [C:/TFG_Vivado/vivado/axu2cga_trd.runs/bd_197a_csc_0_synth_1/prj/sol/.autopilot/db/v_csc.cpp:910->C:/TFG_Vivado/vivado/axu2cga_trd.runs/bd_197a_csc_0_synth_1/prj/sol/.autopilot/db/v_csc.cpp:460]   --->   Operation 106 'add' 'add_ln910' <Predicate = (icmp_ln769)> <Delay = 0.00> <CoreInst = "TAddSub">   --->   Core 10 'TAddSub' <Latency = 0> <II = 1> <Delay = 0.58> <IPBlock> <Opcode : 'add' 'sub'> <InPorts = 3> <OutPorts = 1> <Sync> <CReg>
ST_3 : Operation 107 [1/1] (1.17ns) (root node of TernaryAdder)   --->   "%add_ln910_1 = add i9 %add_ln910, i9 %zext_ln910" [C:/TFG_Vivado/vivado/axu2cga_trd.runs/bd_197a_csc_0_synth_1/prj/sol/.autopilot/db/v_csc.cpp:910->C:/TFG_Vivado/vivado/axu2cga_trd.runs/bd_197a_csc_0_synth_1/prj/sol/.autopilot/db/v_csc.cpp:460]   --->   Operation 107 'add' 'add_ln910_1' <Predicate = (icmp_ln769)> <Delay = 1.17> <CoreInst = "TAddSub">   --->   Core 10 'TAddSub' <Latency = 0> <II = 1> <Delay = 0.58> <IPBlock> <Opcode : 'add' 'sub'> <InPorts = 3> <OutPorts = 1> <Sync> <CReg>
ST_3 : Operation 108 [1/1] (0.00ns)   --->   "%trunc_ln4 = partselect i8 @_ssdm_op_PartSelect.i8.i9.i32.i32, i9 %add_ln910_1, i32 1, i32 8" [C:/TFG_Vivado/vivado/axu2cga_trd.runs/bd_197a_csc_0_synth_1/prj/sol/.autopilot/db/v_csc.cpp:909->C:/TFG_Vivado/vivado/axu2cga_trd.runs/bd_197a_csc_0_synth_1/prj/sol/.autopilot/db/v_csc.cpp:460]   --->   Operation 108 'partselect' 'trunc_ln4' <Predicate = (icmp_ln769)> <Delay = 0.00>
ST_3 : Operation 109 [1/1] (0.00ns)   --->   "%pixbuf_y_19_out_load = load i8 %pixbuf_y_19_out" [C:/TFG_Vivado/vivado/axu2cga_trd.runs/bd_197a_csc_0_synth_1/prj/sol/.autopilot/db/v_csc.cpp:927->C:/TFG_Vivado/vivado/axu2cga_trd.runs/bd_197a_csc_0_synth_1/prj/sol/.autopilot/db/v_csc.cpp:460]   --->   Operation 109 'load' 'pixbuf_y_19_out_load' <Predicate = (icmp_ln769 & !tmp & !p_read_1)> <Delay = 0.00>
ST_3 : Operation 110 [1/1] (0.00ns)   --->   "%pixbuf_y_20_out_load = load i8 %pixbuf_y_20_out" [C:/TFG_Vivado/vivado/axu2cga_trd.runs/bd_197a_csc_0_synth_1/prj/sol/.autopilot/db/v_csc.cpp:927->C:/TFG_Vivado/vivado/axu2cga_trd.runs/bd_197a_csc_0_synth_1/prj/sol/.autopilot/db/v_csc.cpp:460]   --->   Operation 110 'load' 'pixbuf_y_20_out_load' <Predicate = (icmp_ln769 & !tmp & !p_read_1)> <Delay = 0.00>
ST_3 : Operation 111 [1/1] (0.00ns)   --->   "%or_ln927_1 = bitconcatenate i48 @_ssdm_op_BitConcatenate.i48.i8.i8.i8.i8.i8.i8, i8 %trunc_ln4, i8 %lshr_ln2, i8 %pixbuf_y_20_out_load, i8 %select_ln859_4, i8 %select_ln859_5, i8 %pixbuf_y_19_out_load" [C:/TFG_Vivado/vivado/axu2cga_trd.runs/bd_197a_csc_0_synth_1/prj/sol/.autopilot/db/v_csc.cpp:927->C:/TFG_Vivado/vivado/axu2cga_trd.runs/bd_197a_csc_0_synth_1/prj/sol/.autopilot/db/v_csc.cpp:460]   --->   Operation 111 'bitconcatenate' 'or_ln927_1' <Predicate = (icmp_ln769 & !tmp & !p_read_1)> <Delay = 0.00>
ST_3 : Operation 112 [1/1] ( I:1.82ns O:1.82ns )   --->   "%write_ln927 = write void @_ssdm_op_Write.ap_fifo.volatile.i48P0A, i48 %stream_in_hresampled, i48 %or_ln927_1" [C:/TFG_Vivado/vivado/axu2cga_trd.runs/bd_197a_csc_0_synth_1/prj/sol/.autopilot/db/v_csc.cpp:927->C:/TFG_Vivado/vivado/axu2cga_trd.runs/bd_197a_csc_0_synth_1/prj/sol/.autopilot/db/v_csc.cpp:460]   --->   Operation 112 'write' 'write_ln927' <Predicate = (icmp_ln769 & !tmp & !p_read_1)> <Delay = 1.82> <CoreInst = "FIFO_SRL">   --->   Core 80 'FIFO_SRL' <Latency = 0> <II = 1> <Delay = 2.25> <Storage> <Opcode : 'read' 'write' 'nbread' 'nbwrite'> <Ports = 0> <Width = 48> <Depth = 16> <FIFO>
ST_3 : Operation 113 [1/1] (0.00ns)   --->   "%br_ln0 = br void %if.end478.i"   --->   Operation 113 'br' 'br_ln0' <Predicate = (icmp_ln769 & !tmp & !p_read_1)> <Delay = 0.00>
ST_3 : Operation 114 [1/1] (0.00ns)   --->   "%inpix_0_0_0_0_0_load = load i8 %inpix_0_0_0_0_0_load745_i_out" [C:/TFG_Vivado/vivado/axu2cga_trd.runs/bd_197a_csc_0_synth_1/prj/sol/.autopilot/db/v_csc.cpp:925->C:/TFG_Vivado/vivado/axu2cga_trd.runs/bd_197a_csc_0_synth_1/prj/sol/.autopilot/db/v_csc.cpp:460]   --->   Operation 114 'load' 'inpix_0_0_0_0_0_load' <Predicate = (icmp_ln769 & !tmp & p_read_1)> <Delay = 0.00>
ST_3 : Operation 115 [1/1] (0.00ns)   --->   "%inpix_0_1_0_0_0_load = load i8 %inpix_0_1_0_0_0_load747_i_out" [C:/TFG_Vivado/vivado/axu2cga_trd.runs/bd_197a_csc_0_synth_1/prj/sol/.autopilot/db/v_csc.cpp:925->C:/TFG_Vivado/vivado/axu2cga_trd.runs/bd_197a_csc_0_synth_1/prj/sol/.autopilot/db/v_csc.cpp:460]   --->   Operation 115 'load' 'inpix_0_1_0_0_0_load' <Predicate = (icmp_ln769 & !tmp & p_read_1)> <Delay = 0.00>
ST_3 : Operation 116 [1/1] (0.00ns)   --->   "%inpix_0_2_0_0_0_load = load i8 %inpix_0_2_0_0_0_load749_i_out" [C:/TFG_Vivado/vivado/axu2cga_trd.runs/bd_197a_csc_0_synth_1/prj/sol/.autopilot/db/v_csc.cpp:925->C:/TFG_Vivado/vivado/axu2cga_trd.runs/bd_197a_csc_0_synth_1/prj/sol/.autopilot/db/v_csc.cpp:460]   --->   Operation 116 'load' 'inpix_0_2_0_0_0_load' <Predicate = (icmp_ln769 & !tmp & p_read_1)> <Delay = 0.00>
ST_3 : Operation 117 [1/1] (0.00ns)   --->   "%inpix_0_3_0_0_0_load = load i8 %inpix_0_3_0_0_0_load751_i_out" [C:/TFG_Vivado/vivado/axu2cga_trd.runs/bd_197a_csc_0_synth_1/prj/sol/.autopilot/db/v_csc.cpp:925->C:/TFG_Vivado/vivado/axu2cga_trd.runs/bd_197a_csc_0_synth_1/prj/sol/.autopilot/db/v_csc.cpp:460]   --->   Operation 117 'load' 'inpix_0_3_0_0_0_load' <Predicate = (icmp_ln769 & !tmp & p_read_1)> <Delay = 0.00>
ST_3 : Operation 118 [1/1] (0.00ns)   --->   "%inpix_0_4_0_0_0_load = load i8 %inpix_0_4_0_0_0_load753_i_out" [C:/TFG_Vivado/vivado/axu2cga_trd.runs/bd_197a_csc_0_synth_1/prj/sol/.autopilot/db/v_csc.cpp:925->C:/TFG_Vivado/vivado/axu2cga_trd.runs/bd_197a_csc_0_synth_1/prj/sol/.autopilot/db/v_csc.cpp:460]   --->   Operation 118 'load' 'inpix_0_4_0_0_0_load' <Predicate = (icmp_ln769 & !tmp & p_read_1)> <Delay = 0.00>
ST_3 : Operation 119 [1/1] (0.00ns)   --->   "%inpix_0_5_0_0_0_load = load i8 %inpix_0_5_0_0_0_load755_i_out" [C:/TFG_Vivado/vivado/axu2cga_trd.runs/bd_197a_csc_0_synth_1/prj/sol/.autopilot/db/v_csc.cpp:925->C:/TFG_Vivado/vivado/axu2cga_trd.runs/bd_197a_csc_0_synth_1/prj/sol/.autopilot/db/v_csc.cpp:460]   --->   Operation 119 'load' 'inpix_0_5_0_0_0_load' <Predicate = (icmp_ln769 & !tmp & p_read_1)> <Delay = 0.00>
ST_3 : Operation 120 [1/1] (0.00ns)   --->   "%or_ln925_1 = bitconcatenate i48 @_ssdm_op_BitConcatenate.i48.i8.i8.i8.i8.i8.i8, i8 %inpix_0_5_0_0_0_load, i8 %inpix_0_4_0_0_0_load, i8 %inpix_0_3_0_0_0_load, i8 %inpix_0_2_0_0_0_load, i8 %inpix_0_1_0_0_0_load, i8 %inpix_0_0_0_0_0_load" [C:/TFG_Vivado/vivado/axu2cga_trd.runs/bd_197a_csc_0_synth_1/prj/sol/.autopilot/db/v_csc.cpp:925->C:/TFG_Vivado/vivado/axu2cga_trd.runs/bd_197a_csc_0_synth_1/prj/sol/.autopilot/db/v_csc.cpp:460]   --->   Operation 120 'bitconcatenate' 'or_ln925_1' <Predicate = (icmp_ln769 & !tmp & p_read_1)> <Delay = 0.00>
ST_3 : Operation 121 [1/1] ( I:1.82ns O:1.82ns )   --->   "%write_ln925 = write void @_ssdm_op_Write.ap_fifo.volatile.i48P0A, i48 %stream_in_hresampled, i48 %or_ln925_1" [C:/TFG_Vivado/vivado/axu2cga_trd.runs/bd_197a_csc_0_synth_1/prj/sol/.autopilot/db/v_csc.cpp:925->C:/TFG_Vivado/vivado/axu2cga_trd.runs/bd_197a_csc_0_synth_1/prj/sol/.autopilot/db/v_csc.cpp:460]   --->   Operation 121 'write' 'write_ln925' <Predicate = (icmp_ln769 & !tmp & p_read_1)> <Delay = 1.82> <CoreInst = "FIFO_SRL">   --->   Core 80 'FIFO_SRL' <Latency = 0> <II = 1> <Delay = 2.25> <Storage> <Opcode : 'read' 'write' 'nbread' 'nbwrite'> <Ports = 0> <Width = 48> <Depth = 16> <FIFO>
ST_3 : Operation 122 [1/1] (0.00ns)   --->   "%br_ln925 = br void %if.end478.i" [C:/TFG_Vivado/vivado/axu2cga_trd.runs/bd_197a_csc_0_synth_1/prj/sol/.autopilot/db/v_csc.cpp:925->C:/TFG_Vivado/vivado/axu2cga_trd.runs/bd_197a_csc_0_synth_1/prj/sol/.autopilot/db/v_csc.cpp:460]   --->   Operation 122 'br' 'br_ln925' <Predicate = (icmp_ln769 & !tmp & p_read_1)> <Delay = 0.00>
ST_3 : Operation 123 [1/1] (0.00ns)   --->   "%p_0_0_0_0_0517757_i_load = load i8 %p_0_0_0_0_0517757_i" [C:/TFG_Vivado/vivado/axu2cga_trd.runs/bd_197a_csc_0_synth_1/prj/sol/.autopilot/db/v_csc.cpp:745->C:/TFG_Vivado/vivado/axu2cga_trd.runs/bd_197a_csc_0_synth_1/prj/sol/.autopilot/db/v_csc.cpp:460]   --->   Operation 123 'load' 'p_0_0_0_0_0517757_i_load' <Predicate = (icmp_ln769)> <Delay = 0.00>
ST_3 : Operation 124 [1/1] (0.00ns)   --->   "%p_0_3_0_0_0759_i_load = load i8 %p_0_3_0_0_0759_i" [C:/TFG_Vivado/vivado/axu2cga_trd.runs/bd_197a_csc_0_synth_1/prj/sol/.autopilot/db/v_csc.cpp:745->C:/TFG_Vivado/vivado/axu2cga_trd.runs/bd_197a_csc_0_synth_1/prj/sol/.autopilot/db/v_csc.cpp:460]   --->   Operation 124 'load' 'p_0_3_0_0_0759_i_load' <Predicate = (icmp_ln769)> <Delay = 0.00>
ST_3 : Operation 125 [1/1] (0.48ns)   --->   "%store_ln745 = store i8 %p_0_3_0_0_0759_i_load, i8 %pixbuf_y_3" [C:/TFG_Vivado/vivado/axu2cga_trd.runs/bd_197a_csc_0_synth_1/prj/sol/.autopilot/db/v_csc.cpp:745->C:/TFG_Vivado/vivado/axu2cga_trd.runs/bd_197a_csc_0_synth_1/prj/sol/.autopilot/db/v_csc.cpp:460]   --->   Operation 125 'store' 'store_ln745' <Predicate = (icmp_ln769)> <Delay = 0.48>
ST_3 : Operation 126 [1/1] (0.48ns)   --->   "%store_ln745 = store i8 %p_0_0_0_0_0517757_i_load, i8 %pixbuf_y_2" [C:/TFG_Vivado/vivado/axu2cga_trd.runs/bd_197a_csc_0_synth_1/prj/sol/.autopilot/db/v_csc.cpp:745->C:/TFG_Vivado/vivado/axu2cga_trd.runs/bd_197a_csc_0_synth_1/prj/sol/.autopilot/db/v_csc.cpp:460]   --->   Operation 126 'store' 'store_ln745' <Predicate = (icmp_ln769)> <Delay = 0.48>
ST_3 : Operation 127 [1/1] (0.48ns)   --->   "%store_ln745 = store i8 %pixbuf_y_7, i8 %pixbuf_y_1" [C:/TFG_Vivado/vivado/axu2cga_trd.runs/bd_197a_csc_0_synth_1/prj/sol/.autopilot/db/v_csc.cpp:745->C:/TFG_Vivado/vivado/axu2cga_trd.runs/bd_197a_csc_0_synth_1/prj/sol/.autopilot/db/v_csc.cpp:460]   --->   Operation 127 'store' 'store_ln745' <Predicate = (icmp_ln769)> <Delay = 0.48>
ST_3 : Operation 128 [1/1] (0.48ns)   --->   "%store_ln745 = store i8 %pixbuf_y_6, i8 %pixbuf_y" [C:/TFG_Vivado/vivado/axu2cga_trd.runs/bd_197a_csc_0_synth_1/prj/sol/.autopilot/db/v_csc.cpp:745->C:/TFG_Vivado/vivado/axu2cga_trd.runs/bd_197a_csc_0_synth_1/prj/sol/.autopilot/db/v_csc.cpp:460]   --->   Operation 128 'store' 'store_ln745' <Predicate = (icmp_ln769)> <Delay = 0.48>
ST_3 : Operation 129 [1/1] (0.00ns)   --->   "%store_ln745 = store i8 %pixbuf_y_5, i8 %pixbuf_y_20_out" [C:/TFG_Vivado/vivado/axu2cga_trd.runs/bd_197a_csc_0_synth_1/prj/sol/.autopilot/db/v_csc.cpp:745->C:/TFG_Vivado/vivado/axu2cga_trd.runs/bd_197a_csc_0_synth_1/prj/sol/.autopilot/db/v_csc.cpp:460]   --->   Operation 129 'store' 'store_ln745' <Predicate = (icmp_ln769)> <Delay = 0.00>
ST_3 : Operation 130 [1/1] (0.00ns)   --->   "%store_ln745 = store i8 %pixbuf_y_4, i8 %pixbuf_y_19_out" [C:/TFG_Vivado/vivado/axu2cga_trd.runs/bd_197a_csc_0_synth_1/prj/sol/.autopilot/db/v_csc.cpp:745->C:/TFG_Vivado/vivado/axu2cga_trd.runs/bd_197a_csc_0_synth_1/prj/sol/.autopilot/db/v_csc.cpp:460]   --->   Operation 130 'store' 'store_ln745' <Predicate = (icmp_ln769)> <Delay = 0.00>
ST_3 : Operation 131 [1/1] (0.48ns)   --->   "%store_ln859 = store i8 %mpix_cr_3, i8 %storemerge744791_i" [C:/TFG_Vivado/vivado/axu2cga_trd.runs/bd_197a_csc_0_synth_1/prj/sol/.autopilot/db/v_csc.cpp:859->C:/TFG_Vivado/vivado/axu2cga_trd.runs/bd_197a_csc_0_synth_1/prj/sol/.autopilot/db/v_csc.cpp:460]   --->   Operation 131 'store' 'store_ln859' <Predicate = (icmp_ln769)> <Delay = 0.48>
ST_3 : Operation 132 [1/1] (0.48ns)   --->   "%store_ln859 = store i8 %mpix_cb_3, i8 %p_0_0_0_0_0509_1_3787_i" [C:/TFG_Vivado/vivado/axu2cga_trd.runs/bd_197a_csc_0_synth_1/prj/sol/.autopilot/db/v_csc.cpp:859->C:/TFG_Vivado/vivado/axu2cga_trd.runs/bd_197a_csc_0_synth_1/prj/sol/.autopilot/db/v_csc.cpp:460]   --->   Operation 132 'store' 'store_ln859' <Predicate = (icmp_ln769)> <Delay = 0.48>
ST_3 : Operation 133 [1/1] (0.00ns)   --->   "%store_ln859 = store i8 %select_ln859, i8 %p_0_0_0_0_0_3782_i_out" [C:/TFG_Vivado/vivado/axu2cga_trd.runs/bd_197a_csc_0_synth_1/prj/sol/.autopilot/db/v_csc.cpp:859->C:/TFG_Vivado/vivado/axu2cga_trd.runs/bd_197a_csc_0_synth_1/prj/sol/.autopilot/db/v_csc.cpp:460]   --->   Operation 133 'store' 'store_ln859' <Predicate = (icmp_ln769)> <Delay = 0.00>
ST_3 : Operation 134 [1/1] (0.00ns)   --->   "%store_ln859 = store i8 %select_ln859_1, i8 %p_0_0_0_0_0509_3778_i_out" [C:/TFG_Vivado/vivado/axu2cga_trd.runs/bd_197a_csc_0_synth_1/prj/sol/.autopilot/db/v_csc.cpp:859->C:/TFG_Vivado/vivado/axu2cga_trd.runs/bd_197a_csc_0_synth_1/prj/sol/.autopilot/db/v_csc.cpp:460]   --->   Operation 134 'store' 'store_ln859' <Predicate = (icmp_ln769)> <Delay = 0.00>
ST_3 : Operation 135 [1/1] (0.00ns)   --->   "%store_ln859 = store i8 %select_ln859_2, i8 %p_0_0_0_0_0_2774_i_out" [C:/TFG_Vivado/vivado/axu2cga_trd.runs/bd_197a_csc_0_synth_1/prj/sol/.autopilot/db/v_csc.cpp:859->C:/TFG_Vivado/vivado/axu2cga_trd.runs/bd_197a_csc_0_synth_1/prj/sol/.autopilot/db/v_csc.cpp:460]   --->   Operation 135 'store' 'store_ln859' <Predicate = (icmp_ln769)> <Delay = 0.00>
ST_3 : Operation 136 [1/1] (0.00ns)   --->   "%store_ln859 = store i8 %select_ln859_3, i8 %p_0_0_0_0_0509_2770_i_out" [C:/TFG_Vivado/vivado/axu2cga_trd.runs/bd_197a_csc_0_synth_1/prj/sol/.autopilot/db/v_csc.cpp:859->C:/TFG_Vivado/vivado/axu2cga_trd.runs/bd_197a_csc_0_synth_1/prj/sol/.autopilot/db/v_csc.cpp:460]   --->   Operation 136 'store' 'store_ln859' <Predicate = (icmp_ln769)> <Delay = 0.00>
ST_3 : Operation 137 [1/1] (0.00ns)   --->   "%br_ln769 = br void %for.body37.i" [C:/TFG_Vivado/vivado/axu2cga_trd.runs/bd_197a_csc_0_synth_1/prj/sol/.autopilot/db/v_csc.cpp:769->C:/TFG_Vivado/vivado/axu2cga_trd.runs/bd_197a_csc_0_synth_1/prj/sol/.autopilot/db/v_csc.cpp:460]   --->   Operation 137 'br' 'br_ln769' <Predicate = (icmp_ln769)> <Delay = 0.00>
ST_3 : Operation 138 [1/1] (0.00ns)   --->   "%mpix_cb_1_load = load i8 %mpix_cb_1"   --->   Operation 138 'load' 'mpix_cb_1_load' <Predicate = (!icmp_ln769)> <Delay = 0.00>
ST_3 : Operation 139 [1/1] (0.00ns)   --->   "%mpix_cr_1_load = load i8 %mpix_cr_1"   --->   Operation 139 'load' 'mpix_cr_1_load' <Predicate = (!icmp_ln769)> <Delay = 0.00>
ST_3 : Operation 140 [1/1] (0.00ns)   --->   "%write_ln0 = write void @_ssdm_op_Write.ap_auto.i8P0A, i8 %pixbuf_y_24_out, i8 %pixbuf_y_7"   --->   Operation 140 'write' 'write_ln0' <Predicate = (!icmp_ln769)> <Delay = 0.00>
ST_3 : Operation 141 [1/1] (0.00ns)   --->   "%write_ln0 = write void @_ssdm_op_Write.ap_auto.i8P0A, i8 %pixbuf_y_23_out, i8 %pixbuf_y_6"   --->   Operation 141 'write' 'write_ln0' <Predicate = (!icmp_ln769)> <Delay = 0.00>
ST_3 : Operation 142 [1/1] (0.00ns)   --->   "%store_ln0 = store i8 %pixbuf_y_5, i8 %pixbuf_y_22_out"   --->   Operation 142 'store' 'store_ln0' <Predicate = (!icmp_ln769)> <Delay = 0.00>
ST_3 : Operation 143 [1/1] (0.00ns)   --->   "%store_ln0 = store i8 %pixbuf_y_4, i8 %pixbuf_y_21_out"   --->   Operation 143 'store' 'store_ln0' <Predicate = (!icmp_ln769)> <Delay = 0.00>
ST_3 : Operation 144 [1/1] (0.00ns)   --->   "%write_ln0 = write void @_ssdm_op_Write.ap_auto.i8P0A, i8 %mpix_cr_8_out, i8 %mpix_cr_1_load"   --->   Operation 144 'write' 'write_ln0' <Predicate = (!icmp_ln769)> <Delay = 0.00>
ST_3 : Operation 145 [1/1] (0.00ns)   --->   "%write_ln0 = write void @_ssdm_op_Write.ap_auto.i8P0A, i8 %mpix_cb_8_out, i8 %mpix_cb_1_load"   --->   Operation 145 'write' 'write_ln0' <Predicate = (!icmp_ln769)> <Delay = 0.00>
ST_3 : Operation 146 [1/1] (0.48ns)   --->   "%ret_ln0 = ret"   --->   Operation 146 'ret' 'ret_ln0' <Predicate = (!icmp_ln769)> <Delay = 0.48>


============================================================
+ Verbose Summary: Binding
============================================================
STG Binding: 
---------------- STG Properties BEGIN ----------------
- Is combinational: 0
- Is one-state seq: 0
- Is datapath-only: 0
- Is pipelined: 0
- Is top level: 0
Port [ Return ] is wired: 1; IO mode=ap_ctrl_hs:ce=0
Port [ pixbuf_y_18]:  wired=1; compound=0; hidden=0; nouse=0; global=0; static=0; extern=0; dir=0; type=0; pingpong=0; private_global=0; IO mode=ap_none:ce=0
Port [ pixbuf_y_17]:  wired=1; compound=0; hidden=0; nouse=0; global=0; static=0; extern=0; dir=0; type=0; pingpong=0; private_global=0; IO mode=ap_none:ce=0
Port [ pixbuf_y_16]:  wired=1; compound=0; hidden=0; nouse=0; global=0; static=0; extern=0; dir=0; type=0; pingpong=0; private_global=0; IO mode=ap_none:ce=0
Port [ pixbuf_y_15]:  wired=1; compound=0; hidden=0; nouse=0; global=0; static=0; extern=0; dir=0; type=0; pingpong=0; private_global=0; IO mode=ap_none:ce=0
Port [ mpix_cr]:  wired=1; compound=0; hidden=0; nouse=0; global=0; static=0; extern=0; dir=0; type=0; pingpong=0; private_global=0; IO mode=ap_none:ce=0
Port [ mpix_cb]:  wired=1; compound=0; hidden=0; nouse=0; global=0; static=0; extern=0; dir=0; type=0; pingpong=0; private_global=0; IO mode=ap_none:ce=0
Port [ storemerge_lcssa850_i]:  wired=1; compound=0; hidden=0; nouse=0; global=0; static=0; extern=0; dir=0; type=0; pingpong=0; private_global=0; IO mode=ap_none:ce=0
Port [ p_0_0_0_0_0509_1_3788_lcssa847_i]:  wired=1; compound=0; hidden=0; nouse=0; global=0; static=0; extern=0; dir=0; type=0; pingpong=0; private_global=0; IO mode=ap_none:ce=0
Port [ p_0_3_0_0_0760_lcssa821_i]:  wired=1; compound=0; hidden=0; nouse=0; global=0; static=0; extern=0; dir=0; type=0; pingpong=0; private_global=0; IO mode=ap_none:ce=0
Port [ p_0_0_0_0_0517758_lcssa818_i]:  wired=1; compound=0; hidden=0; nouse=0; global=0; static=0; extern=0; dir=0; type=0; pingpong=0; private_global=0; IO mode=ap_none:ce=0
Port [ loopWidth]:  wired=1; compound=0; hidden=0; nouse=0; global=0; static=0; extern=0; dir=0; type=0; pingpong=0; private_global=0; IO mode=ap_none:ce=0
Port [ stream_in_hresampled]:  wired=1; compound=1; hidden=0; nouse=0; global=0; static=0; extern=0; dir=1; type=3; pingpong=0; private_global=0; IO mode=ap_fifo:ce=0
Port [ p_read]:  wired=1; compound=0; hidden=0; nouse=0; global=0; static=0; extern=0; dir=0; type=0; pingpong=0; private_global=0; IO mode=ap_none:ce=0
Port [ select_ln765]:  wired=1; compound=0; hidden=0; nouse=0; global=0; static=0; extern=0; dir=0; type=0; pingpong=0; private_global=0; IO mode=ap_none:ce=0
Port [ lshr_ln]:  wired=1; compound=0; hidden=0; nouse=0; global=0; static=0; extern=0; dir=0; type=0; pingpong=0; private_global=0; IO mode=ap_stable:ce=0
Port [ stream_in]:  wired=1; compound=1; hidden=0; nouse=0; global=0; static=0; extern=0; dir=0; type=3; pingpong=0; private_global=0; IO mode=ap_fifo:ce=0
Port [ pixbuf_y_24_out]:  wired=1; compound=0; hidden=0; nouse=0; global=0; static=0; extern=0; dir=1; type=0; pingpong=0; private_global=0; IO mode=ap_vld:ce=0
Port [ pixbuf_y_23_out]:  wired=1; compound=0; hidden=0; nouse=0; global=0; static=0; extern=0; dir=1; type=0; pingpong=0; private_global=0; IO mode=ap_vld:ce=0
Port [ pixbuf_y_22_out]:  wired=1; compound=0; hidden=0; nouse=0; global=0; static=0; extern=0; dir=1; type=0; pingpong=0; private_global=0; IO mode=ap_vld:ce=0
Port [ pixbuf_y_21_out]:  wired=1; compound=0; hidden=0; nouse=0; global=0; static=0; extern=0; dir=1; type=0; pingpong=0; private_global=0; IO mode=ap_vld:ce=0
Port [ pixbuf_y_20_out]:  wired=1; compound=0; hidden=0; nouse=0; global=0; static=0; extern=0; dir=2; type=0; pingpong=0; private_global=0; IO mode=ap_ovld:ce=0
Port [ pixbuf_y_19_out]:  wired=1; compound=0; hidden=0; nouse=0; global=0; static=0; extern=0; dir=2; type=0; pingpong=0; private_global=0; IO mode=ap_ovld:ce=0
Port [ mpix_cr_8_out]:  wired=1; compound=0; hidden=0; nouse=0; global=0; static=0; extern=0; dir=1; type=0; pingpong=0; private_global=0; IO mode=ap_vld:ce=0
Port [ mpix_cb_8_out]:  wired=1; compound=0; hidden=0; nouse=0; global=0; static=0; extern=0; dir=1; type=0; pingpong=0; private_global=0; IO mode=ap_vld:ce=0
Port [ p_0_0_0_0_0_3782_i_out]:  wired=1; compound=0; hidden=0; nouse=0; global=0; static=0; extern=0; dir=2; type=0; pingpong=0; private_global=0; IO mode=ap_ovld:ce=0
Port [ p_0_0_0_0_0509_3778_i_out]:  wired=1; compound=0; hidden=0; nouse=0; global=0; static=0; extern=0; dir=2; type=0; pingpong=0; private_global=0; IO mode=ap_ovld:ce=0
Port [ p_0_0_0_0_0_2774_i_out]:  wired=1; compound=0; hidden=0; nouse=0; global=0; static=0; extern=0; dir=2; type=0; pingpong=0; private_global=0; IO mode=ap_ovld:ce=0
Port [ p_0_0_0_0_0509_2770_i_out]:  wired=1; compound=0; hidden=0; nouse=0; global=0; static=0; extern=0; dir=2; type=0; pingpong=0; private_global=0; IO mode=ap_ovld:ce=0
Port [ inpix_0_5_0_0_0_load755_i_out]:  wired=1; compound=0; hidden=0; nouse=0; global=0; static=0; extern=0; dir=2; type=0; pingpong=0; private_global=0; IO mode=ap_ovld:ce=0
Port [ inpix_0_4_0_0_0_load753_i_out]:  wired=1; compound=0; hidden=0; nouse=0; global=0; static=0; extern=0; dir=2; type=0; pingpong=0; private_global=0; IO mode=ap_ovld:ce=0
Port [ inpix_0_3_0_0_0_load751_i_out]:  wired=1; compound=0; hidden=0; nouse=0; global=0; static=0; extern=0; dir=2; type=0; pingpong=0; private_global=0; IO mode=ap_ovld:ce=0
Port [ inpix_0_2_0_0_0_load749_i_out]:  wired=1; compound=0; hidden=0; nouse=0; global=0; static=0; extern=0; dir=2; type=0; pingpong=0; private_global=0; IO mode=ap_ovld:ce=0
Port [ inpix_0_1_0_0_0_load747_i_out]:  wired=1; compound=0; hidden=0; nouse=0; global=0; static=0; extern=0; dir=2; type=0; pingpong=0; private_global=0; IO mode=ap_ovld:ce=0
Port [ inpix_0_0_0_0_0_load745_i_out]:  wired=1; compound=0; hidden=0; nouse=0; global=0; static=0; extern=0; dir=2; type=0; pingpong=0; private_global=0; IO mode=ap_ovld:ce=0
---------------- STG Properties END ------------------

---------------- Datapath Model BEGIN ----------------

<LifeTime>
<method=bitvector/>
p_0_0_0_0_0509_1_3787_i               (alloca           ) [ 0111]
storemerge744791_i                    (alloca           ) [ 0111]
x                                     (alloca           ) [ 0100]
p_0_0_0_0_0517757_i                   (alloca           ) [ 0111]
p_0_3_0_0_0759_i                      (alloca           ) [ 0111]
mpix_cb_1                             (alloca           ) [ 0111]
mpix_cr_1                             (alloca           ) [ 0111]
pixbuf_y                              (alloca           ) [ 0111]
pixbuf_y_1                            (alloca           ) [ 0111]
pixbuf_y_2                            (alloca           ) [ 0111]
pixbuf_y_3                            (alloca           ) [ 0111]
lshr_ln_read                          (read             ) [ 0000]
select_ln765_read                     (read             ) [ 0000]
p_read_1                              (read             ) [ 0111]
loopWidth_read                        (read             ) [ 0000]
p_0_0_0_0_0517758_lcssa818_i_read     (read             ) [ 0000]
p_0_3_0_0_0760_lcssa821_i_read        (read             ) [ 0000]
p_0_0_0_0_0509_1_3788_lcssa847_i_read (read             ) [ 0000]
storemerge_lcssa850_i_read            (read             ) [ 0000]
mpix_cb_read                          (read             ) [ 0000]
mpix_cr_read                          (read             ) [ 0000]
pixbuf_y_15_read                      (read             ) [ 0000]
pixbuf_y_16_read                      (read             ) [ 0000]
pixbuf_y_17_read                      (read             ) [ 0000]
pixbuf_y_18_read                      (read             ) [ 0000]
select_ln765_cast_cast                (select           ) [ 0000]
specinterface_ln0                     (specinterface    ) [ 0000]
specinterface_ln0                     (specinterface    ) [ 0000]
store_ln745                           (store            ) [ 0000]
store_ln745                           (store            ) [ 0000]
store_ln745                           (store            ) [ 0000]
store_ln745                           (store            ) [ 0000]
store_ln738                           (store            ) [ 0000]
store_ln738                           (store            ) [ 0000]
store_ln0                             (store            ) [ 0000]
store_ln0                             (store            ) [ 0000]
store_ln725                           (store            ) [ 0000]
store_ln0                             (store            ) [ 0000]
store_ln0                             (store            ) [ 0000]
br_ln769                              (br               ) [ 0000]
x_1                                   (load             ) [ 0000]
zext_ln769                            (zext             ) [ 0000]
icmp_ln769                            (icmp             ) [ 0111]
x_2                                   (add              ) [ 0000]
br_ln769                              (br               ) [ 0000]
specpipeline_ln772                    (specpipeline     ) [ 0000]
specloopname_ln769                    (specloopname     ) [ 0000]
out_x                                 (sub              ) [ 0000]
icmp_ln777                            (icmp             ) [ 0110]
br_ln777                              (br               ) [ 0000]
icmp_ln833                            (icmp             ) [ 0111]
tmp                                   (bitselect        ) [ 0111]
br_ln922                              (br               ) [ 0000]
br_ln924                              (br               ) [ 0000]
br_ln928                              (br               ) [ 0000]
store_ln725                           (store            ) [ 0000]
stream_in_read                        (read             ) [ 0000]
trunc_ln779                           (trunc            ) [ 0000]
mpix_cb_2                             (partselect       ) [ 0000]
trunc_ln779_7                         (partselect       ) [ 0000]
trunc_ln779_8                         (partselect       ) [ 0000]
mpix_cr_2                             (partselect       ) [ 0000]
trunc_ln779_s                         (partselect       ) [ 0000]
store_ln738                           (store            ) [ 0000]
store_ln738                           (store            ) [ 0000]
store_ln779                           (store            ) [ 0000]
store_ln779                           (store            ) [ 0000]
store_ln779                           (store            ) [ 0000]
store_ln779                           (store            ) [ 0000]
store_ln779                           (store            ) [ 0000]
store_ln779                           (store            ) [ 0000]
store_ln779                           (store            ) [ 0000]
store_ln779                           (store            ) [ 0000]
br_ln801                              (br               ) [ 0000]
pixbuf_y_4                            (load             ) [ 0000]
pixbuf_y_5                            (load             ) [ 0000]
pixbuf_y_6                            (load             ) [ 0000]
pixbuf_y_7                            (load             ) [ 0000]
speclooptripcount_ln0                 (speclooptripcount) [ 0000]
p_0_0_0_0_0509_2770_i_out_load        (load             ) [ 0000]
p_0_0_0_0_0_2774_i_out_load           (load             ) [ 0000]
p_0_0_0_0_0509_3778_i_out_load        (load             ) [ 0000]
p_0_0_0_0_0_3782_i_out_load           (load             ) [ 0000]
p_0_0_0_0_0509_1_3787_i_load          (load             ) [ 0000]
storemerge744791_i_load               (load             ) [ 0000]
mpix_cb_3                             (load             ) [ 0000]
mpix_cr_3                             (load             ) [ 0000]
select_ln859                          (select           ) [ 0000]
select_ln859_1                        (select           ) [ 0000]
select_ln859_2                        (select           ) [ 0000]
select_ln859_3                        (select           ) [ 0000]
select_ln859_4                        (select           ) [ 0000]
select_ln859_5                        (select           ) [ 0000]
zext_ln908                            (zext             ) [ 0000]
zext_ln908_1                          (zext             ) [ 0000]
add_ln908                             (add              ) [ 0000]
add_ln908_1                           (add              ) [ 0000]
lshr_ln2                              (partselect       ) [ 0000]
zext_ln910                            (zext             ) [ 0000]
zext_ln910_1                          (zext             ) [ 0000]
add_ln910                             (add              ) [ 0000]
add_ln910_1                           (add              ) [ 0000]
trunc_ln4                             (partselect       ) [ 0000]
pixbuf_y_19_out_load                  (load             ) [ 0000]
pixbuf_y_20_out_load                  (load             ) [ 0000]
or_ln927_1                            (bitconcatenate   ) [ 0000]
write_ln927                           (write            ) [ 0000]
br_ln0                                (br               ) [ 0000]
inpix_0_0_0_0_0_load                  (load             ) [ 0000]
inpix_0_1_0_0_0_load                  (load             ) [ 0000]
inpix_0_2_0_0_0_load                  (load             ) [ 0000]
inpix_0_3_0_0_0_load                  (load             ) [ 0000]
inpix_0_4_0_0_0_load                  (load             ) [ 0000]
inpix_0_5_0_0_0_load                  (load             ) [ 0000]
or_ln925_1                            (bitconcatenate   ) [ 0000]
write_ln925                           (write            ) [ 0000]
br_ln925                              (br               ) [ 0000]
p_0_0_0_0_0517757_i_load              (load             ) [ 0000]
p_0_3_0_0_0759_i_load                 (load             ) [ 0000]
store_ln745                           (store            ) [ 0000]
store_ln745                           (store            ) [ 0000]
store_ln745                           (store            ) [ 0000]
store_ln745                           (store            ) [ 0000]
store_ln745                           (store            ) [ 0000]
store_ln745                           (store            ) [ 0000]
store_ln859                           (store            ) [ 0000]
store_ln859                           (store            ) [ 0000]
store_ln859                           (store            ) [ 0000]
store_ln859                           (store            ) [ 0000]
store_ln859                           (store            ) [ 0000]
store_ln859                           (store            ) [ 0000]
br_ln769                              (br               ) [ 0000]
mpix_cb_1_load                        (load             ) [ 0000]
mpix_cr_1_load                        (load             ) [ 0000]
write_ln0                             (write            ) [ 0000]
write_ln0                             (write            ) [ 0000]
store_ln0                             (store            ) [ 0000]
store_ln0                             (store            ) [ 0000]
write_ln0                             (write            ) [ 0000]
write_ln0                             (write            ) [ 0000]
ret_ln0                               (ret              ) [ 0000]
</LifeTime>

<model>

<comp_list>
<comp id="0" class="1000" name="pixbuf_y_18">
<pin_list>
<pin id="1" dir="1" index="0" bw="1" slack="0"/>
</pin_list>
<bind>
<StgValue><ssdm name="pixbuf_y_18"/></StgValue>
</bind>
</comp>

<comp id="2" class="1000" name="pixbuf_y_17">
<pin_list>
<pin id="3" dir="1" index="0" bw="1" slack="0"/>
</pin_list>
<bind>
<StgValue><ssdm name="pixbuf_y_17"/></StgValue>
</bind>
</comp>

<comp id="4" class="1000" name="pixbuf_y_16">
<pin_list>
<pin id="5" dir="1" index="0" bw="1" slack="0"/>
</pin_list>
<bind>
<StgValue><ssdm name="pixbuf_y_16"/></StgValue>
</bind>
</comp>

<comp id="6" class="1000" name="pixbuf_y_15">
<pin_list>
<pin id="7" dir="1" index="0" bw="1" slack="0"/>
</pin_list>
<bind>
<StgValue><ssdm name="pixbuf_y_15"/></StgValue>
</bind>
</comp>

<comp id="8" class="1000" name="mpix_cr">
<pin_list>
<pin id="9" dir="1" index="0" bw="1" slack="0"/>
</pin_list>
<bind>
<StgValue><ssdm name="mpix_cr"/></StgValue>
</bind>
</comp>

<comp id="10" class="1000" name="mpix_cb">
<pin_list>
<pin id="11" dir="1" index="0" bw="1" slack="0"/>
</pin_list>
<bind>
<StgValue><ssdm name="mpix_cb"/></StgValue>
</bind>
</comp>

<comp id="12" class="1000" name="storemerge_lcssa850_i">
<pin_list>
<pin id="13" dir="1" index="0" bw="1" slack="0"/>
</pin_list>
<bind>
<StgValue><ssdm name="storemerge_lcssa850_i"/></StgValue>
</bind>
</comp>

<comp id="14" class="1000" name="p_0_0_0_0_0509_1_3788_lcssa847_i">
<pin_list>
<pin id="15" dir="1" index="0" bw="1" slack="0"/>
</pin_list>
<bind>
<StgValue><ssdm name="p_0_0_0_0_0509_1_3788_lcssa847_i"/></StgValue>
</bind>
</comp>

<comp id="16" class="1000" name="p_0_3_0_0_0760_lcssa821_i">
<pin_list>
<pin id="17" dir="1" index="0" bw="1" slack="0"/>
</pin_list>
<bind>
<StgValue><ssdm name="p_0_3_0_0_0760_lcssa821_i"/></StgValue>
</bind>
</comp>

<comp id="18" class="1000" name="p_0_0_0_0_0517758_lcssa818_i">
<pin_list>
<pin id="19" dir="1" index="0" bw="1" slack="0"/>
</pin_list>
<bind>
<StgValue><ssdm name="p_0_0_0_0_0517758_lcssa818_i"/></StgValue>
</bind>
</comp>

<comp id="20" class="1000" name="loopWidth">
<pin_list>
<pin id="21" dir="1" index="0" bw="1" slack="0"/>
</pin_list>
<bind>
<StgValue><ssdm name="loopWidth"/></StgValue>
</bind>
</comp>

<comp id="22" class="1000" name="stream_in_hresampled">
<pin_list>
<pin id="23" dir="1" index="0" bw="1" slack="0"/>
</pin_list>
<bind>
<StgValue><ssdm name="stream_in_hresampled"/></StgValue>
</bind>
</comp>

<comp id="24" class="1000" name="p_read">
<pin_list>
<pin id="25" dir="1" index="0" bw="1" slack="0"/>
</pin_list>
<bind>
<StgValue><ssdm name="p_read"/></StgValue>
</bind>
</comp>

<comp id="26" class="1000" name="select_ln765">
<pin_list>
<pin id="27" dir="1" index="0" bw="1" slack="0"/>
</pin_list>
<bind>
<StgValue><ssdm name="select_ln765"/></StgValue>
</bind>
</comp>

<comp id="28" class="1000" name="lshr_ln">
<pin_list>
<pin id="29" dir="1" index="0" bw="1" slack="0"/>
</pin_list>
<bind>
<StgValue><ssdm name="lshr_ln"/></StgValue>
</bind>
</comp>

<comp id="30" class="1000" name="stream_in">
<pin_list>
<pin id="31" dir="1" index="0" bw="1" slack="0"/>
</pin_list>
<bind>
<StgValue><ssdm name="stream_in"/></StgValue>
</bind>
</comp>

<comp id="32" class="1000" name="pixbuf_y_24_out">
<pin_list>
<pin id="33" dir="1" index="0" bw="1" slack="0"/>
</pin_list>
<bind>
<StgValue><ssdm name="pixbuf_y_24_out"/></StgValue>
</bind>
</comp>

<comp id="34" class="1000" name="pixbuf_y_23_out">
<pin_list>
<pin id="35" dir="1" index="0" bw="1" slack="0"/>
</pin_list>
<bind>
<StgValue><ssdm name="pixbuf_y_23_out"/></StgValue>
</bind>
</comp>

<comp id="36" class="1000" name="pixbuf_y_22_out">
<pin_list>
<pin id="37" dir="1" index="0" bw="1" slack="0"/>
</pin_list>
<bind>
<StgValue><ssdm name="pixbuf_y_22_out"/></StgValue>
</bind>
</comp>

<comp id="38" class="1000" name="pixbuf_y_21_out">
<pin_list>
<pin id="39" dir="1" index="0" bw="1" slack="0"/>
</pin_list>
<bind>
<StgValue><ssdm name="pixbuf_y_21_out"/></StgValue>
</bind>
</comp>

<comp id="40" class="1000" name="pixbuf_y_20_out">
<pin_list>
<pin id="41" dir="1" index="0" bw="1" slack="0"/>
</pin_list>
<bind>
<StgValue><ssdm name="pixbuf_y_20_out"/></StgValue>
</bind>
</comp>

<comp id="42" class="1000" name="pixbuf_y_19_out">
<pin_list>
<pin id="43" dir="1" index="0" bw="1" slack="0"/>
</pin_list>
<bind>
<StgValue><ssdm name="pixbuf_y_19_out"/></StgValue>
</bind>
</comp>

<comp id="44" class="1000" name="mpix_cr_8_out">
<pin_list>
<pin id="45" dir="1" index="0" bw="1" slack="0"/>
</pin_list>
<bind>
<StgValue><ssdm name="mpix_cr_8_out"/></StgValue>
</bind>
</comp>

<comp id="46" class="1000" name="mpix_cb_8_out">
<pin_list>
<pin id="47" dir="1" index="0" bw="1" slack="0"/>
</pin_list>
<bind>
<StgValue><ssdm name="mpix_cb_8_out"/></StgValue>
</bind>
</comp>

<comp id="48" class="1000" name="p_0_0_0_0_0_3782_i_out">
<pin_list>
<pin id="49" dir="1" index="0" bw="1" slack="0"/>
</pin_list>
<bind>
<StgValue><ssdm name="p_0_0_0_0_0_3782_i_out"/></StgValue>
</bind>
</comp>

<comp id="50" class="1000" name="p_0_0_0_0_0509_3778_i_out">
<pin_list>
<pin id="51" dir="1" index="0" bw="1" slack="0"/>
</pin_list>
<bind>
<StgValue><ssdm name="p_0_0_0_0_0509_3778_i_out"/></StgValue>
</bind>
</comp>

<comp id="52" class="1000" name="p_0_0_0_0_0_2774_i_out">
<pin_list>
<pin id="53" dir="1" index="0" bw="1" slack="0"/>
</pin_list>
<bind>
<StgValue><ssdm name="p_0_0_0_0_0_2774_i_out"/></StgValue>
</bind>
</comp>

<comp id="54" class="1000" name="p_0_0_0_0_0509_2770_i_out">
<pin_list>
<pin id="55" dir="1" index="0" bw="1" slack="0"/>
</pin_list>
<bind>
<StgValue><ssdm name="p_0_0_0_0_0509_2770_i_out"/></StgValue>
</bind>
</comp>

<comp id="56" class="1000" name="inpix_0_5_0_0_0_load755_i_out">
<pin_list>
<pin id="57" dir="1" index="0" bw="1" slack="0"/>
</pin_list>
<bind>
<StgValue><ssdm name="inpix_0_5_0_0_0_load755_i_out"/></StgValue>
</bind>
</comp>

<comp id="58" class="1000" name="inpix_0_4_0_0_0_load753_i_out">
<pin_list>
<pin id="59" dir="1" index="0" bw="1" slack="0"/>
</pin_list>
<bind>
<StgValue><ssdm name="inpix_0_4_0_0_0_load753_i_out"/></StgValue>
</bind>
</comp>

<comp id="60" class="1000" name="inpix_0_3_0_0_0_load751_i_out">
<pin_list>
<pin id="61" dir="1" index="0" bw="1" slack="0"/>
</pin_list>
<bind>
<StgValue><ssdm name="inpix_0_3_0_0_0_load751_i_out"/></StgValue>
</bind>
</comp>

<comp id="62" class="1000" name="inpix_0_2_0_0_0_load749_i_out">
<pin_list>
<pin id="63" dir="1" index="0" bw="1" slack="0"/>
</pin_list>
<bind>
<StgValue><ssdm name="inpix_0_2_0_0_0_load749_i_out"/></StgValue>
</bind>
</comp>

<comp id="64" class="1000" name="inpix_0_1_0_0_0_load747_i_out">
<pin_list>
<pin id="65" dir="1" index="0" bw="1" slack="0"/>
</pin_list>
<bind>
<StgValue><ssdm name="inpix_0_1_0_0_0_load747_i_out"/></StgValue>
</bind>
</comp>

<comp id="66" class="1000" name="inpix_0_0_0_0_0_load745_i_out">
<pin_list>
<pin id="67" dir="1" index="0" bw="1" slack="0"/>
</pin_list>
<bind>
<StgValue><ssdm name="inpix_0_0_0_0_0_load745_i_out"/></StgValue>
</bind>
</comp>

<comp id="68" class="1001" name="const_68">
<pin_list>
<pin id="69" dir="1" index="0" bw="1" slack="0"/>
</pin_list>
<bind>
<StgValue><ssdm name=""/></StgValue>
</bind>
</comp>

<comp id="70" class="1001" name="const_70">
<pin_list>
<pin id="71" dir="1" index="0" bw="1" slack="0"/>
</pin_list>
<bind>
<StgValue><ssdm name="_ssdm_op_Read.ap_auto.i15"/></StgValue>
</bind>
</comp>

<comp id="72" class="1001" name="const_72">
<pin_list>
<pin id="73" dir="1" index="0" bw="1" slack="0"/>
</pin_list>
<bind>
<StgValue><ssdm name="_ssdm_op_Read.ap_auto.i1"/></StgValue>
</bind>
</comp>

<comp id="74" class="1001" name="const_74">
<pin_list>
<pin id="75" dir="1" index="0" bw="1" slack="0"/>
</pin_list>
<bind>
<StgValue><ssdm name="_ssdm_op_Read.ap_auto.i16"/></StgValue>
</bind>
</comp>

<comp id="76" class="1001" name="const_76">
<pin_list>
<pin id="77" dir="1" index="0" bw="1" slack="0"/>
</pin_list>
<bind>
<StgValue><ssdm name="_ssdm_op_Read.ap_auto.i8"/></StgValue>
</bind>
</comp>

<comp id="78" class="1001" name="const_78">
<pin_list>
<pin id="79" dir="1" index="0" bw="1" slack="0"/>
</pin_list>
<bind>
<StgValue><ssdm name=""/></StgValue>
</bind>
</comp>

<comp id="80" class="1001" name="const_80">
<pin_list>
<pin id="81" dir="1" index="0" bw="1" slack="0"/>
</pin_list>
<bind>
<StgValue><ssdm name=""/></StgValue>
</bind>
</comp>

<comp id="82" class="1001" name="const_82">
<pin_list>
<pin id="83" dir="1" index="0" bw="1" slack="2147483647"/>
</pin_list>
<bind>
<StgValue><ssdm name="_ssdm_op_SpecInterface"/></StgValue>
</bind>
</comp>

<comp id="84" class="1001" name="const_84">
<pin_list>
<pin id="85" dir="1" index="0" bw="1" slack="2147483647"/>
</pin_list>
<bind>
<StgValue><ssdm name="empty_34"/></StgValue>
</bind>
</comp>

<comp id="86" class="1001" name="const_86">
<pin_list>
<pin id="87" dir="1" index="0" bw="1" slack="2147483647"/>
</pin_list>
<bind>
<StgValue><ssdm name=""/></StgValue>
</bind>
</comp>

<comp id="88" class="1001" name="const_88">
<pin_list>
<pin id="89" dir="1" index="0" bw="1" slack="2147483647"/>
</pin_list>
<bind>
<StgValue><ssdm name="empty_49"/></StgValue>
</bind>
</comp>

<comp id="90" class="1001" name="const_90">
<pin_list>
<pin id="91" dir="1" index="0" bw="1" slack="2147483647"/>
</pin_list>
<bind>
<StgValue><ssdm name=""/></StgValue>
</bind>
</comp>

<comp id="92" class="1001" name="const_92">
<pin_list>
<pin id="93" dir="1" index="0" bw="1" slack="0"/>
</pin_list>
<bind>
<StgValue><ssdm name=""/></StgValue>
</bind>
</comp>

<comp id="94" class="1001" name="const_94">
<pin_list>
<pin id="95" dir="1" index="0" bw="1" slack="0"/>
</pin_list>
<bind>
<StgValue><ssdm name=""/></StgValue>
</bind>
</comp>

<comp id="96" class="1001" name="const_96">
<pin_list>
<pin id="97" dir="1" index="0" bw="1" slack="2147483647"/>
</pin_list>
<bind>
<StgValue><ssdm name="_ssdm_op_SpecPipeline"/></StgValue>
</bind>
</comp>

<comp id="98" class="1001" name="const_98">
<pin_list>
<pin id="99" dir="1" index="0" bw="1" slack="2147483647"/>
</pin_list>
<bind>
<StgValue><ssdm name="_ssdm_op_SpecLoopName"/></StgValue>
</bind>
</comp>

<comp id="100" class="1001" name="const_100">
<pin_list>
<pin id="101" dir="1" index="0" bw="1" slack="2147483647"/>
</pin_list>
<bind>
<StgValue><ssdm name="empty_42"/></StgValue>
</bind>
</comp>

<comp id="102" class="1001" name="const_102">
<pin_list>
<pin id="103" dir="1" index="0" bw="1" slack="0"/>
</pin_list>
<bind>
<StgValue><ssdm name="_ssdm_op_BitSelect.i1.i16.i32"/></StgValue>
</bind>
</comp>

<comp id="104" class="1001" name="const_104">
<pin_list>
<pin id="105" dir="1" index="0" bw="1" slack="0"/>
</pin_list>
<bind>
<StgValue><ssdm name=""/></StgValue>
</bind>
</comp>

<comp id="106" class="1001" name="const_106">
<pin_list>
<pin id="107" dir="1" index="0" bw="1" slack="0"/>
</pin_list>
<bind>
<StgValue><ssdm name="_ssdm_op_Read.ap_fifo.volatile.i48P0A"/></StgValue>
</bind>
</comp>

<comp id="108" class="1001" name="const_108">
<pin_list>
<pin id="109" dir="1" index="0" bw="1" slack="0"/>
</pin_list>
<bind>
<StgValue><ssdm name="_ssdm_op_PartSelect.i8.i48.i32.i32"/></StgValue>
</bind>
</comp>

<comp id="110" class="1001" name="const_110">
<pin_list>
<pin id="111" dir="1" index="0" bw="1" slack="0"/>
</pin_list>
<bind>
<StgValue><ssdm name=""/></StgValue>
</bind>
</comp>

<comp id="112" class="1001" name="const_112">
<pin_list>
<pin id="113" dir="1" index="0" bw="1" slack="0"/>
</pin_list>
<bind>
<StgValue><ssdm name=""/></StgValue>
</bind>
</comp>

<comp id="114" class="1001" name="const_114">
<pin_list>
<pin id="115" dir="1" index="0" bw="1" slack="0"/>
</pin_list>
<bind>
<StgValue><ssdm name=""/></StgValue>
</bind>
</comp>

<comp id="116" class="1001" name="const_116">
<pin_list>
<pin id="117" dir="1" index="0" bw="1" slack="0"/>
</pin_list>
<bind>
<StgValue><ssdm name=""/></StgValue>
</bind>
</comp>

<comp id="118" class="1001" name="const_118">
<pin_list>
<pin id="119" dir="1" index="0" bw="1" slack="0"/>
</pin_list>
<bind>
<StgValue><ssdm name=""/></StgValue>
</bind>
</comp>

<comp id="120" class="1001" name="const_120">
<pin_list>
<pin id="121" dir="1" index="0" bw="1" slack="0"/>
</pin_list>
<bind>
<StgValue><ssdm name=""/></StgValue>
</bind>
</comp>

<comp id="122" class="1001" name="const_122">
<pin_list>
<pin id="123" dir="1" index="0" bw="1" slack="0"/>
</pin_list>
<bind>
<StgValue><ssdm name=""/></StgValue>
</bind>
</comp>

<comp id="124" class="1001" name="const_124">
<pin_list>
<pin id="125" dir="1" index="0" bw="1" slack="0"/>
</pin_list>
<bind>
<StgValue><ssdm name=""/></StgValue>
</bind>
</comp>

<comp id="126" class="1001" name="const_126">
<pin_list>
<pin id="127" dir="1" index="0" bw="1" slack="0"/>
</pin_list>
<bind>
<StgValue><ssdm name=""/></StgValue>
</bind>
</comp>

<comp id="128" class="1001" name="const_128">
<pin_list>
<pin id="129" dir="1" index="0" bw="1" slack="2147483647"/>
</pin_list>
<bind>
<StgValue><ssdm name="_ssdm_op_SpecLoopTripCount"/></StgValue>
</bind>
</comp>

<comp id="130" class="1001" name="const_130">
<pin_list>
<pin id="131" dir="1" index="0" bw="1" slack="2147483647"/>
</pin_list>
<bind>
<StgValue><ssdm name=""/></StgValue>
</bind>
</comp>

<comp id="132" class="1001" name="const_132">
<pin_list>
<pin id="133" dir="1" index="0" bw="1" slack="2147483647"/>
</pin_list>
<bind>
<StgValue><ssdm name=""/></StgValue>
</bind>
</comp>

<comp id="134" class="1001" name="const_134">
<pin_list>
<pin id="135" dir="1" index="0" bw="1" slack="2147483647"/>
</pin_list>
<bind>
<StgValue><ssdm name=""/></StgValue>
</bind>
</comp>

<comp id="136" class="1001" name="const_136">
<pin_list>
<pin id="137" dir="1" index="0" bw="1" slack="0"/>
</pin_list>
<bind>
<StgValue><ssdm name=""/></StgValue>
</bind>
</comp>

<comp id="138" class="1001" name="const_138">
<pin_list>
<pin id="139" dir="1" index="0" bw="1" slack="0"/>
</pin_list>
<bind>
<StgValue><ssdm name="_ssdm_op_PartSelect.i8.i9.i32.i32"/></StgValue>
</bind>
</comp>

<comp id="140" class="1001" name="const_140">
<pin_list>
<pin id="141" dir="1" index="0" bw="1" slack="0"/>
</pin_list>
<bind>
<StgValue><ssdm name="_ssdm_op_BitConcatenate.i48.i8.i8.i8.i8.i8.i8"/></StgValue>
</bind>
</comp>

<comp id="142" class="1001" name="const_142">
<pin_list>
<pin id="143" dir="1" index="0" bw="1" slack="0"/>
</pin_list>
<bind>
<StgValue><ssdm name="_ssdm_op_Write.ap_fifo.volatile.i48P0A"/></StgValue>
</bind>
</comp>

<comp id="144" class="1001" name="const_144">
<pin_list>
<pin id="145" dir="1" index="0" bw="1" slack="0"/>
</pin_list>
<bind>
<StgValue><ssdm name="_ssdm_op_Write.ap_auto.i8P0A"/></StgValue>
</bind>
</comp>

<comp id="146" class="1004" name="p_0_0_0_0_0509_1_3787_i_fu_146">
<pin_list>
<pin id="147" dir="0" index="0" bw="1" slack="0"/>
<pin id="148" dir="1" index="1" bw="8" slack="0"/>
</pin_list>
<bind>
<opcode="alloca(26) " fcode="alloca"/>
<opset="p_0_0_0_0_0509_1_3787_i/1 "/>
</bind>
</comp>

<comp id="150" class="1004" name="storemerge744791_i_fu_150">
<pin_list>
<pin id="151" dir="0" index="0" bw="1" slack="0"/>
<pin id="152" dir="1" index="1" bw="8" slack="0"/>
</pin_list>
<bind>
<opcode="alloca(26) " fcode="alloca"/>
<opset="storemerge744791_i/1 "/>
</bind>
</comp>

<comp id="154" class="1004" name="x_fu_154">
<pin_list>
<pin id="155" dir="0" index="0" bw="1" slack="0"/>
<pin id="156" dir="1" index="1" bw="15" slack="0"/>
</pin_list>
<bind>
<opcode="alloca(26) " fcode="alloca"/>
<opset="x/1 "/>
</bind>
</comp>

<comp id="158" class="1004" name="p_0_0_0_0_0517757_i_fu_158">
<pin_list>
<pin id="159" dir="0" index="0" bw="1" slack="0"/>
<pin id="160" dir="1" index="1" bw="8" slack="0"/>
</pin_list>
<bind>
<opcode="alloca(26) " fcode="alloca"/>
<opset="p_0_0_0_0_0517757_i/1 "/>
</bind>
</comp>

<comp id="162" class="1004" name="p_0_3_0_0_0759_i_fu_162">
<pin_list>
<pin id="163" dir="0" index="0" bw="1" slack="0"/>
<pin id="164" dir="1" index="1" bw="8" slack="0"/>
</pin_list>
<bind>
<opcode="alloca(26) " fcode="alloca"/>
<opset="p_0_3_0_0_0759_i/1 "/>
</bind>
</comp>

<comp id="166" class="1004" name="mpix_cb_1_fu_166">
<pin_list>
<pin id="167" dir="0" index="0" bw="1" slack="0"/>
<pin id="168" dir="1" index="1" bw="8" slack="0"/>
</pin_list>
<bind>
<opcode="alloca(26) " fcode="alloca"/>
<opset="mpix_cb_1/1 "/>
</bind>
</comp>

<comp id="170" class="1004" name="mpix_cr_1_fu_170">
<pin_list>
<pin id="171" dir="0" index="0" bw="1" slack="0"/>
<pin id="172" dir="1" index="1" bw="8" slack="0"/>
</pin_list>
<bind>
<opcode="alloca(26) " fcode="alloca"/>
<opset="mpix_cr_1/1 "/>
</bind>
</comp>

<comp id="174" class="1004" name="pixbuf_y_fu_174">
<pin_list>
<pin id="175" dir="0" index="0" bw="1" slack="0"/>
<pin id="176" dir="1" index="1" bw="8" slack="0"/>
</pin_list>
<bind>
<opcode="alloca(26) " fcode="alloca"/>
<opset="pixbuf_y/1 "/>
</bind>
</comp>

<comp id="178" class="1004" name="pixbuf_y_1_fu_178">
<pin_list>
<pin id="179" dir="0" index="0" bw="1" slack="0"/>
<pin id="180" dir="1" index="1" bw="8" slack="0"/>
</pin_list>
<bind>
<opcode="alloca(26) " fcode="alloca"/>
<opset="pixbuf_y_1/1 "/>
</bind>
</comp>

<comp id="182" class="1004" name="pixbuf_y_2_fu_182">
<pin_list>
<pin id="183" dir="0" index="0" bw="1" slack="0"/>
<pin id="184" dir="1" index="1" bw="8" slack="0"/>
</pin_list>
<bind>
<opcode="alloca(26) " fcode="alloca"/>
<opset="pixbuf_y_2/1 "/>
</bind>
</comp>

<comp id="186" class="1004" name="pixbuf_y_3_fu_186">
<pin_list>
<pin id="187" dir="0" index="0" bw="1" slack="0"/>
<pin id="188" dir="1" index="1" bw="8" slack="0"/>
</pin_list>
<bind>
<opcode="alloca(26) " fcode="alloca"/>
<opset="pixbuf_y_3/1 "/>
</bind>
</comp>

<comp id="190" class="1004" name="lshr_ln_read_read_fu_190">
<pin_list>
<pin id="191" dir="0" index="0" bw="15" slack="0"/>
<pin id="192" dir="0" index="1" bw="15" slack="0"/>
<pin id="193" dir="1" index="2" bw="15" slack="0"/>
</pin_list>
<bind>
<opcode="read(1150) " fcode="read"/>
<opset="lshr_ln_read/1 "/>
</bind>
</comp>

<comp id="196" class="1004" name="select_ln765_read_read_fu_196">
<pin_list>
<pin id="197" dir="0" index="0" bw="1" slack="0"/>
<pin id="198" dir="0" index="1" bw="1" slack="0"/>
<pin id="199" dir="1" index="2" bw="1" slack="0"/>
</pin_list>
<bind>
<opcode="read(1150) " fcode="read"/>
<opset="select_ln765_read/1 "/>
</bind>
</comp>

<comp id="202" class="1004" name="p_read_1_read_fu_202">
<pin_list>
<pin id="203" dir="0" index="0" bw="1" slack="0"/>
<pin id="204" dir="0" index="1" bw="1" slack="0"/>
<pin id="205" dir="1" index="2" bw="1" slack="2"/>
</pin_list>
<bind>
<opcode="read(1150) " fcode="read"/>
<opset="p_read_1/1 "/>
</bind>
</comp>

<comp id="208" class="1004" name="loopWidth_read_read_fu_208">
<pin_list>
<pin id="209" dir="0" index="0" bw="16" slack="0"/>
<pin id="210" dir="0" index="1" bw="16" slack="0"/>
<pin id="211" dir="1" index="2" bw="16" slack="0"/>
</pin_list>
<bind>
<opcode="read(1150) " fcode="read"/>
<opset="loopWidth_read/1 "/>
</bind>
</comp>

<comp id="214" class="1004" name="p_0_0_0_0_0517758_lcssa818_i_read_read_fu_214">
<pin_list>
<pin id="215" dir="0" index="0" bw="8" slack="0"/>
<pin id="216" dir="0" index="1" bw="8" slack="0"/>
<pin id="217" dir="1" index="2" bw="8" slack="0"/>
</pin_list>
<bind>
<opcode="read(1150) " fcode="read"/>
<opset="p_0_0_0_0_0517758_lcssa818_i_read/1 "/>
</bind>
</comp>

<comp id="220" class="1004" name="p_0_3_0_0_0760_lcssa821_i_read_read_fu_220">
<pin_list>
<pin id="221" dir="0" index="0" bw="8" slack="0"/>
<pin id="222" dir="0" index="1" bw="8" slack="0"/>
<pin id="223" dir="1" index="2" bw="8" slack="0"/>
</pin_list>
<bind>
<opcode="read(1150) " fcode="read"/>
<opset="p_0_3_0_0_0760_lcssa821_i_read/1 "/>
</bind>
</comp>

<comp id="226" class="1004" name="p_0_0_0_0_0509_1_3788_lcssa847_i_read_read_fu_226">
<pin_list>
<pin id="227" dir="0" index="0" bw="8" slack="0"/>
<pin id="228" dir="0" index="1" bw="8" slack="0"/>
<pin id="229" dir="1" index="2" bw="8" slack="0"/>
</pin_list>
<bind>
<opcode="read(1150) " fcode="read"/>
<opset="p_0_0_0_0_0509_1_3788_lcssa847_i_read/1 "/>
</bind>
</comp>

<comp id="232" class="1004" name="storemerge_lcssa850_i_read_read_fu_232">
<pin_list>
<pin id="233" dir="0" index="0" bw="8" slack="0"/>
<pin id="234" dir="0" index="1" bw="8" slack="0"/>
<pin id="235" dir="1" index="2" bw="8" slack="0"/>
</pin_list>
<bind>
<opcode="read(1150) " fcode="read"/>
<opset="storemerge_lcssa850_i_read/1 "/>
</bind>
</comp>

<comp id="238" class="1004" name="mpix_cb_read_read_fu_238">
<pin_list>
<pin id="239" dir="0" index="0" bw="8" slack="0"/>
<pin id="240" dir="0" index="1" bw="8" slack="0"/>
<pin id="241" dir="1" index="2" bw="8" slack="0"/>
</pin_list>
<bind>
<opcode="read(1150) " fcode="read"/>
<opset="mpix_cb_read/1 "/>
</bind>
</comp>

<comp id="244" class="1004" name="mpix_cr_read_read_fu_244">
<pin_list>
<pin id="245" dir="0" index="0" bw="8" slack="0"/>
<pin id="246" dir="0" index="1" bw="8" slack="0"/>
<pin id="247" dir="1" index="2" bw="8" slack="0"/>
</pin_list>
<bind>
<opcode="read(1150) " fcode="read"/>
<opset="mpix_cr_read/1 "/>
</bind>
</comp>

<comp id="250" class="1004" name="pixbuf_y_15_read_read_fu_250">
<pin_list>
<pin id="251" dir="0" index="0" bw="8" slack="0"/>
<pin id="252" dir="0" index="1" bw="8" slack="0"/>
<pin id="253" dir="1" index="2" bw="8" slack="0"/>
</pin_list>
<bind>
<opcode="read(1150) " fcode="read"/>
<opset="pixbuf_y_15_read/1 "/>
</bind>
</comp>

<comp id="256" class="1004" name="pixbuf_y_16_read_read_fu_256">
<pin_list>
<pin id="257" dir="0" index="0" bw="8" slack="0"/>
<pin id="258" dir="0" index="1" bw="8" slack="0"/>
<pin id="259" dir="1" index="2" bw="8" slack="0"/>
</pin_list>
<bind>
<opcode="read(1150) " fcode="read"/>
<opset="pixbuf_y_16_read/1 "/>
</bind>
</comp>

<comp id="262" class="1004" name="pixbuf_y_17_read_read_fu_262">
<pin_list>
<pin id="263" dir="0" index="0" bw="8" slack="0"/>
<pin id="264" dir="0" index="1" bw="8" slack="0"/>
<pin id="265" dir="1" index="2" bw="8" slack="0"/>
</pin_list>
<bind>
<opcode="read(1150) " fcode="read"/>
<opset="pixbuf_y_17_read/1 "/>
</bind>
</comp>

<comp id="268" class="1004" name="pixbuf_y_18_read_read_fu_268">
<pin_list>
<pin id="269" dir="0" index="0" bw="8" slack="0"/>
<pin id="270" dir="0" index="1" bw="8" slack="0"/>
<pin id="271" dir="1" index="2" bw="8" slack="0"/>
</pin_list>
<bind>
<opcode="read(1150) " fcode="read"/>
<opset="pixbuf_y_18_read/1 "/>
</bind>
</comp>

<comp id="274" class="1004" name="stream_in_read_read_fu_274">
<pin_list>
<pin id="275" dir="0" index="0" bw="48" slack="0"/>
<pin id="276" dir="0" index="1" bw="48" slack="0"/>
<pin id="277" dir="1" index="2" bw="48" slack="0"/>
</pin_list>
<bind>
<opcode="read(1150) " fcode="read"/>
<opset="stream_in_read/2 "/>
</bind>
</comp>

<comp id="280" class="1004" name="grp_write_fu_280">
<pin_list>
<pin id="281" dir="0" index="0" bw="0" slack="0"/>
<pin id="282" dir="0" index="1" bw="48" slack="0"/>
<pin id="283" dir="0" index="2" bw="48" slack="0"/>
<pin id="284" dir="1" index="3" bw="0" slack="2147483647"/>
</pin_list>
<bind>
<opcode="write(1151) " fcode="write"/>
<opset="write_ln927/3 write_ln925/3 "/>
</bind>
</comp>

<comp id="287" class="1004" name="write_ln0_write_fu_287">
<pin_list>
<pin id="288" dir="0" index="0" bw="0" slack="0"/>
<pin id="289" dir="0" index="1" bw="8" slack="0"/>
<pin id="290" dir="0" index="2" bw="8" slack="0"/>
<pin id="291" dir="1" index="3" bw="0" slack="2147483647"/>
</pin_list>
<bind>
<opcode="write(1151) " fcode="write"/>
<opset="write_ln0/3 "/>
</bind>
</comp>

<comp id="294" class="1004" name="write_ln0_write_fu_294">
<pin_list>
<pin id="295" dir="0" index="0" bw="0" slack="0"/>
<pin id="296" dir="0" index="1" bw="8" slack="0"/>
<pin id="297" dir="0" index="2" bw="8" slack="0"/>
<pin id="298" dir="1" index="3" bw="0" slack="2147483647"/>
</pin_list>
<bind>
<opcode="write(1151) " fcode="write"/>
<opset="write_ln0/3 "/>
</bind>
</comp>

<comp id="301" class="1004" name="write_ln0_write_fu_301">
<pin_list>
<pin id="302" dir="0" index="0" bw="0" slack="0"/>
<pin id="303" dir="0" index="1" bw="8" slack="0"/>
<pin id="304" dir="0" index="2" bw="8" slack="0"/>
<pin id="305" dir="1" index="3" bw="0" slack="2147483647"/>
</pin_list>
<bind>
<opcode="write(1151) " fcode="write"/>
<opset="write_ln0/3 "/>
</bind>
</comp>

<comp id="308" class="1004" name="write_ln0_write_fu_308">
<pin_list>
<pin id="309" dir="0" index="0" bw="0" slack="0"/>
<pin id="310" dir="0" index="1" bw="8" slack="0"/>
<pin id="311" dir="0" index="2" bw="8" slack="0"/>
<pin id="312" dir="1" index="3" bw="0" slack="2147483647"/>
</pin_list>
<bind>
<opcode="write(1151) " fcode="write"/>
<opset="write_ln0/3 "/>
</bind>
</comp>

<comp id="315" class="1004" name="select_ln765_cast_cast_fu_315">
<pin_list>
<pin id="316" dir="0" index="0" bw="1" slack="0"/>
<pin id="317" dir="0" index="1" bw="16" slack="0"/>
<pin id="318" dir="0" index="2" bw="16" slack="0"/>
<pin id="319" dir="1" index="3" bw="16" slack="0"/>
</pin_list>
<bind>
<opcode="select(49) " fcode="select"/>
<opset="select_ln765_cast_cast/1 "/>
</bind>
</comp>

<comp id="323" class="1004" name="store_ln745_store_fu_323">
<pin_list>
<pin id="324" dir="0" index="0" bw="8" slack="0"/>
<pin id="325" dir="0" index="1" bw="8" slack="0"/>
<pin id="326" dir="1" index="2" bw="0" slack="2147483647"/>
</pin_list>
<bind>
<opcode="store(28) " fcode="store"/>
<opset="store_ln745/1 "/>
</bind>
</comp>

<comp id="328" class="1004" name="store_ln745_store_fu_328">
<pin_list>
<pin id="329" dir="0" index="0" bw="8" slack="0"/>
<pin id="330" dir="0" index="1" bw="8" slack="0"/>
<pin id="331" dir="1" index="2" bw="0" slack="2147483647"/>
</pin_list>
<bind>
<opcode="store(28) " fcode="store"/>
<opset="store_ln745/1 "/>
</bind>
</comp>

<comp id="333" class="1004" name="store_ln745_store_fu_333">
<pin_list>
<pin id="334" dir="0" index="0" bw="8" slack="0"/>
<pin id="335" dir="0" index="1" bw="8" slack="0"/>
<pin id="336" dir="1" index="2" bw="0" slack="2147483647"/>
</pin_list>
<bind>
<opcode="store(28) " fcode="store"/>
<opset="store_ln745/1 "/>
</bind>
</comp>

<comp id="338" class="1004" name="store_ln745_store_fu_338">
<pin_list>
<pin id="339" dir="0" index="0" bw="8" slack="0"/>
<pin id="340" dir="0" index="1" bw="8" slack="0"/>
<pin id="341" dir="1" index="2" bw="0" slack="2147483647"/>
</pin_list>
<bind>
<opcode="store(28) " fcode="store"/>
<opset="store_ln745/1 "/>
</bind>
</comp>

<comp id="343" class="1004" name="store_ln738_store_fu_343">
<pin_list>
<pin id="344" dir="0" index="0" bw="8" slack="0"/>
<pin id="345" dir="0" index="1" bw="8" slack="0"/>
<pin id="346" dir="1" index="2" bw="0" slack="2147483647"/>
</pin_list>
<bind>
<opcode="store(28) " fcode="store"/>
<opset="store_ln738/1 "/>
</bind>
</comp>

<comp id="348" class="1004" name="store_ln738_store_fu_348">
<pin_list>
<pin id="349" dir="0" index="0" bw="8" slack="0"/>
<pin id="350" dir="0" index="1" bw="8" slack="0"/>
<pin id="351" dir="1" index="2" bw="0" slack="2147483647"/>
</pin_list>
<bind>
<opcode="store(28) " fcode="store"/>
<opset="store_ln738/1 "/>
</bind>
</comp>

<comp id="353" class="1004" name="store_ln0_store_fu_353">
<pin_list>
<pin id="354" dir="0" index="0" bw="8" slack="0"/>
<pin id="355" dir="0" index="1" bw="8" slack="0"/>
<pin id="356" dir="1" index="2" bw="0" slack="2147483647"/>
</pin_list>
<bind>
<opcode="store(28) " fcode="store"/>
<opset="store_ln0/1 "/>
</bind>
</comp>

<comp id="358" class="1004" name="store_ln0_store_fu_358">
<pin_list>
<pin id="359" dir="0" index="0" bw="8" slack="0"/>
<pin id="360" dir="0" index="1" bw="8" slack="0"/>
<pin id="361" dir="1" index="2" bw="0" slack="2147483647"/>
</pin_list>
<bind>
<opcode="store(28) " fcode="store"/>
<opset="store_ln0/1 "/>
</bind>
</comp>

<comp id="363" class="1004" name="store_ln725_store_fu_363">
<pin_list>
<pin id="364" dir="0" index="0" bw="1" slack="0"/>
<pin id="365" dir="0" index="1" bw="15" slack="0"/>
<pin id="366" dir="1" index="2" bw="0" slack="2147483647"/>
</pin_list>
<bind>
<opcode="store(28) " fcode="store"/>
<opset="store_ln725/1 "/>
</bind>
</comp>

<comp id="368" class="1004" name="store_ln0_store_fu_368">
<pin_list>
<pin id="369" dir="0" index="0" bw="8" slack="0"/>
<pin id="370" dir="0" index="1" bw="8" slack="0"/>
<pin id="371" dir="1" index="2" bw="0" slack="2147483647"/>
</pin_list>
<bind>
<opcode="store(28) " fcode="store"/>
<opset="store_ln0/1 "/>
</bind>
</comp>

<comp id="373" class="1004" name="store_ln0_store_fu_373">
<pin_list>
<pin id="374" dir="0" index="0" bw="8" slack="0"/>
<pin id="375" dir="0" index="1" bw="8" slack="0"/>
<pin id="376" dir="1" index="2" bw="0" slack="2147483647"/>
</pin_list>
<bind>
<opcode="store(28) " fcode="store"/>
<opset="store_ln0/1 "/>
</bind>
</comp>

<comp id="378" class="1004" name="x_1_load_fu_378">
<pin_list>
<pin id="379" dir="0" index="0" bw="15" slack="0"/>
<pin id="380" dir="1" index="1" bw="15" slack="0"/>
</pin_list>
<bind>
<opcode="load(27) " fcode="load"/>
<opset="x_1/1 "/>
</bind>
</comp>

<comp id="381" class="1004" name="zext_ln769_fu_381">
<pin_list>
<pin id="382" dir="0" index="0" bw="15" slack="0"/>
<pin id="383" dir="1" index="1" bw="16" slack="0"/>
</pin_list>
<bind>
<opcode="zext(34) " fcode="zext"/>
<opset="zext_ln769/1 "/>
</bind>
</comp>

<comp id="385" class="1004" name="icmp_ln769_fu_385">
<pin_list>
<pin id="386" dir="0" index="0" bw="16" slack="0"/>
<pin id="387" dir="0" index="1" bw="16" slack="0"/>
<pin id="388" dir="1" index="2" bw="1" slack="1"/>
</pin_list>
<bind>
<opcode="icmp(45) " fcode="icmp"/>
<opset="icmp_ln769/1 "/>
</bind>
</comp>

<comp id="391" class="1004" name="x_2_fu_391">
<pin_list>
<pin id="392" dir="0" index="0" bw="15" slack="0"/>
<pin id="393" dir="0" index="1" bw="1" slack="0"/>
<pin id="394" dir="1" index="2" bw="15" slack="0"/>
</pin_list>
<bind>
<opcode="add(8) " fcode="add"/>
<opset="x_2/1 "/>
</bind>
</comp>

<comp id="397" class="1004" name="out_x_fu_397">
<pin_list>
<pin id="398" dir="0" index="0" bw="15" slack="0"/>
<pin id="399" dir="0" index="1" bw="3" slack="0"/>
<pin id="400" dir="1" index="2" bw="16" slack="0"/>
</pin_list>
<bind>
<opcode="sub(10) " fcode="sub"/>
<opset="out_x/1 "/>
</bind>
</comp>

<comp id="403" class="1004" name="icmp_ln777_fu_403">
<pin_list>
<pin id="404" dir="0" index="0" bw="15" slack="0"/>
<pin id="405" dir="0" index="1" bw="15" slack="0"/>
<pin id="406" dir="1" index="2" bw="1" slack="1"/>
</pin_list>
<bind>
<opcode="icmp(45) " fcode="icmp"/>
<opset="icmp_ln777/1 "/>
</bind>
</comp>

<comp id="409" class="1004" name="icmp_ln833_fu_409">
<pin_list>
<pin id="410" dir="0" index="0" bw="15" slack="0"/>
<pin id="411" dir="0" index="1" bw="15" slack="0"/>
<pin id="412" dir="1" index="2" bw="1" slack="2"/>
</pin_list>
<bind>
<opcode="icmp(45) " fcode="icmp"/>
<opset="icmp_ln833/1 "/>
</bind>
</comp>

<comp id="415" class="1004" name="tmp_fu_415">
<pin_list>
<pin id="416" dir="0" index="0" bw="1" slack="0"/>
<pin id="417" dir="0" index="1" bw="16" slack="0"/>
<pin id="418" dir="0" index="2" bw="5" slack="0"/>
<pin id="419" dir="1" index="3" bw="1" slack="2"/>
</pin_list>
<bind>
<opcode="bitselect(1000) " fcode="bitselect"/>
<opset="tmp/1 "/>
</bind>
</comp>

<comp id="423" class="1004" name="store_ln725_store_fu_423">
<pin_list>
<pin id="424" dir="0" index="0" bw="15" slack="0"/>
<pin id="425" dir="0" index="1" bw="15" slack="0"/>
<pin id="426" dir="1" index="2" bw="0" slack="2147483647"/>
</pin_list>
<bind>
<opcode="store(28) " fcode="store"/>
<opset="store_ln725/1 "/>
</bind>
</comp>

<comp id="428" class="1004" name="trunc_ln779_fu_428">
<pin_list>
<pin id="429" dir="0" index="0" bw="48" slack="0"/>
<pin id="430" dir="1" index="1" bw="8" slack="0"/>
</pin_list>
<bind>
<opcode="trunc(33) " fcode="trunc"/>
<opset="trunc_ln779/2 "/>
</bind>
</comp>

<comp id="432" class="1004" name="mpix_cb_2_fu_432">
<pin_list>
<pin id="433" dir="0" index="0" bw="8" slack="0"/>
<pin id="434" dir="0" index="1" bw="48" slack="0"/>
<pin id="435" dir="0" index="2" bw="5" slack="0"/>
<pin id="436" dir="0" index="3" bw="5" slack="0"/>
<pin id="437" dir="1" index="4" bw="8" slack="0"/>
</pin_list>
<bind>
<opcode="partselect(1002) " fcode="partselect"/>
<opset="mpix_cb_2/2 "/>
</bind>
</comp>

<comp id="442" class="1004" name="trunc_ln779_7_fu_442">
<pin_list>
<pin id="443" dir="0" index="0" bw="8" slack="0"/>
<pin id="444" dir="0" index="1" bw="48" slack="0"/>
<pin id="445" dir="0" index="2" bw="6" slack="0"/>
<pin id="446" dir="0" index="3" bw="6" slack="0"/>
<pin id="447" dir="1" index="4" bw="8" slack="0"/>
</pin_list>
<bind>
<opcode="partselect(1002) " fcode="partselect"/>
<opset="trunc_ln779_7/2 "/>
</bind>
</comp>

<comp id="452" class="1004" name="trunc_ln779_8_fu_452">
<pin_list>
<pin id="453" dir="0" index="0" bw="8" slack="0"/>
<pin id="454" dir="0" index="1" bw="48" slack="0"/>
<pin id="455" dir="0" index="2" bw="6" slack="0"/>
<pin id="456" dir="0" index="3" bw="6" slack="0"/>
<pin id="457" dir="1" index="4" bw="8" slack="0"/>
</pin_list>
<bind>
<opcode="partselect(1002) " fcode="partselect"/>
<opset="trunc_ln779_8/2 "/>
</bind>
</comp>

<comp id="462" class="1004" name="mpix_cr_2_fu_462">
<pin_list>
<pin id="463" dir="0" index="0" bw="8" slack="0"/>
<pin id="464" dir="0" index="1" bw="48" slack="0"/>
<pin id="465" dir="0" index="2" bw="7" slack="0"/>
<pin id="466" dir="0" index="3" bw="7" slack="0"/>
<pin id="467" dir="1" index="4" bw="8" slack="0"/>
</pin_list>
<bind>
<opcode="partselect(1002) " fcode="partselect"/>
<opset="mpix_cr_2/2 "/>
</bind>
</comp>

<comp id="472" class="1004" name="trunc_ln779_s_fu_472">
<pin_list>
<pin id="473" dir="0" index="0" bw="8" slack="0"/>
<pin id="474" dir="0" index="1" bw="48" slack="0"/>
<pin id="475" dir="0" index="2" bw="7" slack="0"/>
<pin id="476" dir="0" index="3" bw="7" slack="0"/>
<pin id="477" dir="1" index="4" bw="8" slack="0"/>
</pin_list>
<bind>
<opcode="partselect(1002) " fcode="partselect"/>
<opset="trunc_ln779_s/2 "/>
</bind>
</comp>

<comp id="482" class="1004" name="store_ln738_store_fu_482">
<pin_list>
<pin id="483" dir="0" index="0" bw="8" slack="0"/>
<pin id="484" dir="0" index="1" bw="8" slack="1"/>
<pin id="485" dir="1" index="2" bw="0" slack="2147483647"/>
</pin_list>
<bind>
<opcode="store(28) " fcode="store"/>
<opset="store_ln738/2 "/>
</bind>
</comp>

<comp id="487" class="1004" name="store_ln738_store_fu_487">
<pin_list>
<pin id="488" dir="0" index="0" bw="8" slack="0"/>
<pin id="489" dir="0" index="1" bw="8" slack="1"/>
<pin id="490" dir="1" index="2" bw="0" slack="2147483647"/>
</pin_list>
<bind>
<opcode="store(28) " fcode="store"/>
<opset="store_ln738/2 "/>
</bind>
</comp>

<comp id="492" class="1004" name="store_ln779_store_fu_492">
<pin_list>
<pin id="493" dir="0" index="0" bw="8" slack="0"/>
<pin id="494" dir="0" index="1" bw="8" slack="1"/>
<pin id="495" dir="1" index="2" bw="0" slack="2147483647"/>
</pin_list>
<bind>
<opcode="store(28) " fcode="store"/>
<opset="store_ln779/2 "/>
</bind>
</comp>

<comp id="497" class="1004" name="store_ln779_store_fu_497">
<pin_list>
<pin id="498" dir="0" index="0" bw="8" slack="0"/>
<pin id="499" dir="0" index="1" bw="8" slack="1"/>
<pin id="500" dir="1" index="2" bw="0" slack="2147483647"/>
</pin_list>
<bind>
<opcode="store(28) " fcode="store"/>
<opset="store_ln779/2 "/>
</bind>
</comp>

<comp id="502" class="1004" name="store_ln779_store_fu_502">
<pin_list>
<pin id="503" dir="0" index="0" bw="8" slack="0"/>
<pin id="504" dir="0" index="1" bw="8" slack="0"/>
<pin id="505" dir="1" index="2" bw="0" slack="2147483647"/>
</pin_list>
<bind>
<opcode="store(28) " fcode="store"/>
<opset="store_ln779/2 "/>
</bind>
</comp>

<comp id="508" class="1004" name="store_ln779_store_fu_508">
<pin_list>
<pin id="509" dir="0" index="0" bw="8" slack="0"/>
<pin id="510" dir="0" index="1" bw="8" slack="0"/>
<pin id="511" dir="1" index="2" bw="0" slack="2147483647"/>
</pin_list>
<bind>
<opcode="store(28) " fcode="store"/>
<opset="store_ln779/2 "/>
</bind>
</comp>

<comp id="514" class="1004" name="store_ln779_store_fu_514">
<pin_list>
<pin id="515" dir="0" index="0" bw="8" slack="0"/>
<pin id="516" dir="0" index="1" bw="8" slack="0"/>
<pin id="517" dir="1" index="2" bw="0" slack="2147483647"/>
</pin_list>
<bind>
<opcode="store(28) " fcode="store"/>
<opset="store_ln779/2 "/>
</bind>
</comp>

<comp id="520" class="1004" name="store_ln779_store_fu_520">
<pin_list>
<pin id="521" dir="0" index="0" bw="8" slack="0"/>
<pin id="522" dir="0" index="1" bw="8" slack="0"/>
<pin id="523" dir="1" index="2" bw="0" slack="2147483647"/>
</pin_list>
<bind>
<opcode="store(28) " fcode="store"/>
<opset="store_ln779/2 "/>
</bind>
</comp>

<comp id="526" class="1004" name="store_ln779_store_fu_526">
<pin_list>
<pin id="527" dir="0" index="0" bw="8" slack="0"/>
<pin id="528" dir="0" index="1" bw="8" slack="0"/>
<pin id="529" dir="1" index="2" bw="0" slack="2147483647"/>
</pin_list>
<bind>
<opcode="store(28) " fcode="store"/>
<opset="store_ln779/2 "/>
</bind>
</comp>

<comp id="532" class="1004" name="store_ln779_store_fu_532">
<pin_list>
<pin id="533" dir="0" index="0" bw="8" slack="0"/>
<pin id="534" dir="0" index="1" bw="8" slack="0"/>
<pin id="535" dir="1" index="2" bw="0" slack="2147483647"/>
</pin_list>
<bind>
<opcode="store(28) " fcode="store"/>
<opset="store_ln779/2 "/>
</bind>
</comp>

<comp id="538" class="1004" name="pixbuf_y_4_load_fu_538">
<pin_list>
<pin id="539" dir="0" index="0" bw="8" slack="2"/>
<pin id="540" dir="1" index="1" bw="8" slack="0"/>
</pin_list>
<bind>
<opcode="load(27) " fcode="load"/>
<opset="pixbuf_y_4/3 "/>
</bind>
</comp>

<comp id="541" class="1004" name="pixbuf_y_5_load_fu_541">
<pin_list>
<pin id="542" dir="0" index="0" bw="8" slack="2"/>
<pin id="543" dir="1" index="1" bw="8" slack="0"/>
</pin_list>
<bind>
<opcode="load(27) " fcode="load"/>
<opset="pixbuf_y_5/3 "/>
</bind>
</comp>

<comp id="544" class="1004" name="pixbuf_y_6_load_fu_544">
<pin_list>
<pin id="545" dir="0" index="0" bw="8" slack="2"/>
<pin id="546" dir="1" index="1" bw="8" slack="0"/>
</pin_list>
<bind>
<opcode="load(27) " fcode="load"/>
<opset="pixbuf_y_6/3 "/>
</bind>
</comp>

<comp id="548" class="1004" name="pixbuf_y_7_load_fu_548">
<pin_list>
<pin id="549" dir="0" index="0" bw="8" slack="2"/>
<pin id="550" dir="1" index="1" bw="8" slack="0"/>
</pin_list>
<bind>
<opcode="load(27) " fcode="load"/>
<opset="pixbuf_y_7/3 "/>
</bind>
</comp>

<comp id="552" class="1004" name="p_0_0_0_0_0509_2770_i_out_load_load_fu_552">
<pin_list>
<pin id="553" dir="0" index="0" bw="8" slack="0"/>
<pin id="554" dir="1" index="1" bw="8" slack="0"/>
</pin_list>
<bind>
<opcode="load(27) " fcode="load"/>
<opset="p_0_0_0_0_0509_2770_i_out_load/3 "/>
</bind>
</comp>

<comp id="556" class="1004" name="p_0_0_0_0_0_2774_i_out_load_load_fu_556">
<pin_list>
<pin id="557" dir="0" index="0" bw="8" slack="0"/>
<pin id="558" dir="1" index="1" bw="8" slack="0"/>
</pin_list>
<bind>
<opcode="load(27) " fcode="load"/>
<opset="p_0_0_0_0_0_2774_i_out_load/3 "/>
</bind>
</comp>

<comp id="560" class="1004" name="p_0_0_0_0_0509_3778_i_out_load_load_fu_560">
<pin_list>
<pin id="561" dir="0" index="0" bw="8" slack="0"/>
<pin id="562" dir="1" index="1" bw="8" slack="0"/>
</pin_list>
<bind>
<opcode="load(27) " fcode="load"/>
<opset="p_0_0_0_0_0509_3778_i_out_load/3 "/>
</bind>
</comp>

<comp id="564" class="1004" name="p_0_0_0_0_0_3782_i_out_load_load_fu_564">
<pin_list>
<pin id="565" dir="0" index="0" bw="8" slack="0"/>
<pin id="566" dir="1" index="1" bw="8" slack="0"/>
</pin_list>
<bind>
<opcode="load(27) " fcode="load"/>
<opset="p_0_0_0_0_0_3782_i_out_load/3 "/>
</bind>
</comp>

<comp id="568" class="1004" name="p_0_0_0_0_0509_1_3787_i_load_load_fu_568">
<pin_list>
<pin id="569" dir="0" index="0" bw="8" slack="2"/>
<pin id="570" dir="1" index="1" bw="8" slack="0"/>
</pin_list>
<bind>
<opcode="load(27) " fcode="load"/>
<opset="p_0_0_0_0_0509_1_3787_i_load/3 "/>
</bind>
</comp>

<comp id="571" class="1004" name="storemerge744791_i_load_load_fu_571">
<pin_list>
<pin id="572" dir="0" index="0" bw="8" slack="2"/>
<pin id="573" dir="1" index="1" bw="8" slack="0"/>
</pin_list>
<bind>
<opcode="load(27) " fcode="load"/>
<opset="storemerge744791_i_load/3 "/>
</bind>
</comp>

<comp id="574" class="1004" name="mpix_cb_3_load_fu_574">
<pin_list>
<pin id="575" dir="0" index="0" bw="8" slack="2"/>
<pin id="576" dir="1" index="1" bw="8" slack="0"/>
</pin_list>
<bind>
<opcode="load(27) " fcode="load"/>
<opset="mpix_cb_3/3 "/>
</bind>
</comp>

<comp id="577" class="1004" name="mpix_cr_3_load_fu_577">
<pin_list>
<pin id="578" dir="0" index="0" bw="8" slack="2"/>
<pin id="579" dir="1" index="1" bw="8" slack="0"/>
</pin_list>
<bind>
<opcode="load(27) " fcode="load"/>
<opset="mpix_cr_3/3 "/>
</bind>
</comp>

<comp id="580" class="1004" name="select_ln859_fu_580">
<pin_list>
<pin id="581" dir="0" index="0" bw="1" slack="2"/>
<pin id="582" dir="0" index="1" bw="8" slack="0"/>
<pin id="583" dir="0" index="2" bw="8" slack="0"/>
<pin id="584" dir="1" index="3" bw="8" slack="0"/>
</pin_list>
<bind>
<opcode="select(49) " fcode="select"/>
<opset="select_ln859/3 "/>
</bind>
</comp>

<comp id="587" class="1004" name="select_ln859_1_fu_587">
<pin_list>
<pin id="588" dir="0" index="0" bw="1" slack="2"/>
<pin id="589" dir="0" index="1" bw="8" slack="0"/>
<pin id="590" dir="0" index="2" bw="8" slack="0"/>
<pin id="591" dir="1" index="3" bw="8" slack="0"/>
</pin_list>
<bind>
<opcode="select(49) " fcode="select"/>
<opset="select_ln859_1/3 "/>
</bind>
</comp>

<comp id="594" class="1004" name="select_ln859_2_fu_594">
<pin_list>
<pin id="595" dir="0" index="0" bw="1" slack="2"/>
<pin id="596" dir="0" index="1" bw="8" slack="0"/>
<pin id="597" dir="0" index="2" bw="8" slack="0"/>
<pin id="598" dir="1" index="3" bw="8" slack="0"/>
</pin_list>
<bind>
<opcode="select(49) " fcode="select"/>
<opset="select_ln859_2/3 "/>
</bind>
</comp>

<comp id="601" class="1004" name="select_ln859_3_fu_601">
<pin_list>
<pin id="602" dir="0" index="0" bw="1" slack="2"/>
<pin id="603" dir="0" index="1" bw="8" slack="0"/>
<pin id="604" dir="0" index="2" bw="8" slack="0"/>
<pin id="605" dir="1" index="3" bw="8" slack="0"/>
</pin_list>
<bind>
<opcode="select(49) " fcode="select"/>
<opset="select_ln859_3/3 "/>
</bind>
</comp>

<comp id="608" class="1004" name="select_ln859_4_fu_608">
<pin_list>
<pin id="609" dir="0" index="0" bw="1" slack="2"/>
<pin id="610" dir="0" index="1" bw="8" slack="0"/>
<pin id="611" dir="0" index="2" bw="8" slack="0"/>
<pin id="612" dir="1" index="3" bw="8" slack="0"/>
</pin_list>
<bind>
<opcode="select(49) " fcode="select"/>
<opset="select_ln859_4/3 "/>
</bind>
</comp>

<comp id="615" class="1004" name="select_ln859_5_fu_615">
<pin_list>
<pin id="616" dir="0" index="0" bw="1" slack="2"/>
<pin id="617" dir="0" index="1" bw="8" slack="0"/>
<pin id="618" dir="0" index="2" bw="8" slack="0"/>
<pin id="619" dir="1" index="3" bw="8" slack="0"/>
</pin_list>
<bind>
<opcode="select(49) " fcode="select"/>
<opset="select_ln859_5/3 "/>
</bind>
</comp>

<comp id="622" class="1004" name="zext_ln908_fu_622">
<pin_list>
<pin id="623" dir="0" index="0" bw="8" slack="0"/>
<pin id="624" dir="1" index="1" bw="9" slack="0"/>
</pin_list>
<bind>
<opcode="zext(34) " fcode="zext"/>
<opset="zext_ln908/3 "/>
</bind>
</comp>

<comp id="626" class="1004" name="zext_ln908_1_fu_626">
<pin_list>
<pin id="627" dir="0" index="0" bw="8" slack="0"/>
<pin id="628" dir="1" index="1" bw="9" slack="0"/>
</pin_list>
<bind>
<opcode="zext(34) " fcode="zext"/>
<opset="zext_ln908_1/3 "/>
</bind>
</comp>

<comp id="630" class="1004" name="add_ln908_fu_630">
<pin_list>
<pin id="631" dir="0" index="0" bw="8" slack="0"/>
<pin id="632" dir="0" index="1" bw="1" slack="0"/>
<pin id="633" dir="1" index="2" bw="9" slack="0"/>
</pin_list>
<bind>
<opcode="add(8) " fcode="add"/>
<opset="add_ln908/3 "/>
</bind>
</comp>

<comp id="636" class="1004" name="add_ln908_1_fu_636">
<pin_list>
<pin id="637" dir="0" index="0" bw="9" slack="0"/>
<pin id="638" dir="0" index="1" bw="8" slack="0"/>
<pin id="639" dir="1" index="2" bw="9" slack="0"/>
</pin_list>
<bind>
<opcode="add(8) " fcode="add"/>
<opset="add_ln908_1/3 "/>
</bind>
</comp>

<comp id="642" class="1004" name="lshr_ln2_fu_642">
<pin_list>
<pin id="643" dir="0" index="0" bw="8" slack="0"/>
<pin id="644" dir="0" index="1" bw="9" slack="0"/>
<pin id="645" dir="0" index="2" bw="1" slack="0"/>
<pin id="646" dir="0" index="3" bw="5" slack="0"/>
<pin id="647" dir="1" index="4" bw="8" slack="0"/>
</pin_list>
<bind>
<opcode="partselect(1002) " fcode="partselect"/>
<opset="lshr_ln2/3 "/>
</bind>
</comp>

<comp id="652" class="1004" name="zext_ln910_fu_652">
<pin_list>
<pin id="653" dir="0" index="0" bw="8" slack="0"/>
<pin id="654" dir="1" index="1" bw="9" slack="0"/>
</pin_list>
<bind>
<opcode="zext(34) " fcode="zext"/>
<opset="zext_ln910/3 "/>
</bind>
</comp>

<comp id="656" class="1004" name="zext_ln910_1_fu_656">
<pin_list>
<pin id="657" dir="0" index="0" bw="8" slack="0"/>
<pin id="658" dir="1" index="1" bw="9" slack="0"/>
</pin_list>
<bind>
<opcode="zext(34) " fcode="zext"/>
<opset="zext_ln910_1/3 "/>
</bind>
</comp>

<comp id="660" class="1004" name="add_ln910_fu_660">
<pin_list>
<pin id="661" dir="0" index="0" bw="8" slack="0"/>
<pin id="662" dir="0" index="1" bw="1" slack="0"/>
<pin id="663" dir="1" index="2" bw="9" slack="0"/>
</pin_list>
<bind>
<opcode="add(8) " fcode="add"/>
<opset="add_ln910/3 "/>
</bind>
</comp>

<comp id="666" class="1004" name="add_ln910_1_fu_666">
<pin_list>
<pin id="667" dir="0" index="0" bw="9" slack="0"/>
<pin id="668" dir="0" index="1" bw="8" slack="0"/>
<pin id="669" dir="1" index="2" bw="9" slack="0"/>
</pin_list>
<bind>
<opcode="add(8) " fcode="add"/>
<opset="add_ln910_1/3 "/>
</bind>
</comp>

<comp id="672" class="1004" name="trunc_ln4_fu_672">
<pin_list>
<pin id="673" dir="0" index="0" bw="8" slack="0"/>
<pin id="674" dir="0" index="1" bw="9" slack="0"/>
<pin id="675" dir="0" index="2" bw="1" slack="0"/>
<pin id="676" dir="0" index="3" bw="5" slack="0"/>
<pin id="677" dir="1" index="4" bw="8" slack="0"/>
</pin_list>
<bind>
<opcode="partselect(1002) " fcode="partselect"/>
<opset="trunc_ln4/3 "/>
</bind>
</comp>

<comp id="682" class="1004" name="pixbuf_y_19_out_load_load_fu_682">
<pin_list>
<pin id="683" dir="0" index="0" bw="8" slack="0"/>
<pin id="684" dir="1" index="1" bw="8" slack="0"/>
</pin_list>
<bind>
<opcode="load(27) " fcode="load"/>
<opset="pixbuf_y_19_out_load/3 "/>
</bind>
</comp>

<comp id="686" class="1004" name="pixbuf_y_20_out_load_load_fu_686">
<pin_list>
<pin id="687" dir="0" index="0" bw="8" slack="0"/>
<pin id="688" dir="1" index="1" bw="8" slack="0"/>
</pin_list>
<bind>
<opcode="load(27) " fcode="load"/>
<opset="pixbuf_y_20_out_load/3 "/>
</bind>
</comp>

<comp id="690" class="1004" name="or_ln927_1_fu_690">
<pin_list>
<pin id="691" dir="0" index="0" bw="48" slack="0"/>
<pin id="692" dir="0" index="1" bw="8" slack="0"/>
<pin id="693" dir="0" index="2" bw="8" slack="0"/>
<pin id="694" dir="0" index="3" bw="8" slack="0"/>
<pin id="695" dir="0" index="4" bw="8" slack="0"/>
<pin id="696" dir="0" index="5" bw="8" slack="0"/>
<pin id="697" dir="0" index="6" bw="8" slack="0"/>
<pin id="698" dir="1" index="7" bw="48" slack="0"/>
</pin_list>
<bind>
<opcode="bitconcatenate(1004) " fcode="bitconcatenate"/>
<opset="or_ln927_1/3 "/>
</bind>
</comp>

<comp id="707" class="1004" name="inpix_0_0_0_0_0_load_load_fu_707">
<pin_list>
<pin id="708" dir="0" index="0" bw="8" slack="0"/>
<pin id="709" dir="1" index="1" bw="8" slack="0"/>
</pin_list>
<bind>
<opcode="load(27) " fcode="load"/>
<opset="inpix_0_0_0_0_0_load/3 "/>
</bind>
</comp>

<comp id="711" class="1004" name="inpix_0_1_0_0_0_load_load_fu_711">
<pin_list>
<pin id="712" dir="0" index="0" bw="8" slack="0"/>
<pin id="713" dir="1" index="1" bw="8" slack="0"/>
</pin_list>
<bind>
<opcode="load(27) " fcode="load"/>
<opset="inpix_0_1_0_0_0_load/3 "/>
</bind>
</comp>

<comp id="715" class="1004" name="inpix_0_2_0_0_0_load_load_fu_715">
<pin_list>
<pin id="716" dir="0" index="0" bw="8" slack="0"/>
<pin id="717" dir="1" index="1" bw="8" slack="0"/>
</pin_list>
<bind>
<opcode="load(27) " fcode="load"/>
<opset="inpix_0_2_0_0_0_load/3 "/>
</bind>
</comp>

<comp id="719" class="1004" name="inpix_0_3_0_0_0_load_load_fu_719">
<pin_list>
<pin id="720" dir="0" index="0" bw="8" slack="0"/>
<pin id="721" dir="1" index="1" bw="8" slack="0"/>
</pin_list>
<bind>
<opcode="load(27) " fcode="load"/>
<opset="inpix_0_3_0_0_0_load/3 "/>
</bind>
</comp>

<comp id="723" class="1004" name="inpix_0_4_0_0_0_load_load_fu_723">
<pin_list>
<pin id="724" dir="0" index="0" bw="8" slack="0"/>
<pin id="725" dir="1" index="1" bw="8" slack="0"/>
</pin_list>
<bind>
<opcode="load(27) " fcode="load"/>
<opset="inpix_0_4_0_0_0_load/3 "/>
</bind>
</comp>

<comp id="727" class="1004" name="inpix_0_5_0_0_0_load_load_fu_727">
<pin_list>
<pin id="728" dir="0" index="0" bw="8" slack="0"/>
<pin id="729" dir="1" index="1" bw="8" slack="0"/>
</pin_list>
<bind>
<opcode="load(27) " fcode="load"/>
<opset="inpix_0_5_0_0_0_load/3 "/>
</bind>
</comp>

<comp id="731" class="1004" name="or_ln925_1_fu_731">
<pin_list>
<pin id="732" dir="0" index="0" bw="48" slack="0"/>
<pin id="733" dir="0" index="1" bw="8" slack="0"/>
<pin id="734" dir="0" index="2" bw="8" slack="0"/>
<pin id="735" dir="0" index="3" bw="8" slack="0"/>
<pin id="736" dir="0" index="4" bw="8" slack="0"/>
<pin id="737" dir="0" index="5" bw="8" slack="0"/>
<pin id="738" dir="0" index="6" bw="8" slack="0"/>
<pin id="739" dir="1" index="7" bw="48" slack="0"/>
</pin_list>
<bind>
<opcode="bitconcatenate(1004) " fcode="bitconcatenate"/>
<opset="or_ln925_1/3 "/>
</bind>
</comp>

<comp id="748" class="1004" name="p_0_0_0_0_0517757_i_load_load_fu_748">
<pin_list>
<pin id="749" dir="0" index="0" bw="8" slack="2"/>
<pin id="750" dir="1" index="1" bw="8" slack="0"/>
</pin_list>
<bind>
<opcode="load(27) " fcode="load"/>
<opset="p_0_0_0_0_0517757_i_load/3 "/>
</bind>
</comp>

<comp id="751" class="1004" name="p_0_3_0_0_0759_i_load_load_fu_751">
<pin_list>
<pin id="752" dir="0" index="0" bw="8" slack="2"/>
<pin id="753" dir="1" index="1" bw="8" slack="0"/>
</pin_list>
<bind>
<opcode="load(27) " fcode="load"/>
<opset="p_0_3_0_0_0759_i_load/3 "/>
</bind>
</comp>

<comp id="754" class="1004" name="store_ln745_store_fu_754">
<pin_list>
<pin id="755" dir="0" index="0" bw="8" slack="0"/>
<pin id="756" dir="0" index="1" bw="8" slack="2"/>
<pin id="757" dir="1" index="2" bw="0" slack="2147483647"/>
</pin_list>
<bind>
<opcode="store(28) " fcode="store"/>
<opset="store_ln745/3 "/>
</bind>
</comp>

<comp id="759" class="1004" name="store_ln745_store_fu_759">
<pin_list>
<pin id="760" dir="0" index="0" bw="8" slack="0"/>
<pin id="761" dir="0" index="1" bw="8" slack="2"/>
<pin id="762" dir="1" index="2" bw="0" slack="2147483647"/>
</pin_list>
<bind>
<opcode="store(28) " fcode="store"/>
<opset="store_ln745/3 "/>
</bind>
</comp>

<comp id="764" class="1004" name="store_ln745_store_fu_764">
<pin_list>
<pin id="765" dir="0" index="0" bw="8" slack="0"/>
<pin id="766" dir="0" index="1" bw="8" slack="2"/>
<pin id="767" dir="1" index="2" bw="0" slack="2147483647"/>
</pin_list>
<bind>
<opcode="store(28) " fcode="store"/>
<opset="store_ln745/3 "/>
</bind>
</comp>

<comp id="769" class="1004" name="store_ln745_store_fu_769">
<pin_list>
<pin id="770" dir="0" index="0" bw="8" slack="0"/>
<pin id="771" dir="0" index="1" bw="8" slack="2"/>
<pin id="772" dir="1" index="2" bw="0" slack="2147483647"/>
</pin_list>
<bind>
<opcode="store(28) " fcode="store"/>
<opset="store_ln745/3 "/>
</bind>
</comp>

<comp id="774" class="1004" name="store_ln745_store_fu_774">
<pin_list>
<pin id="775" dir="0" index="0" bw="8" slack="0"/>
<pin id="776" dir="0" index="1" bw="8" slack="0"/>
<pin id="777" dir="1" index="2" bw="0" slack="2147483647"/>
</pin_list>
<bind>
<opcode="store(28) " fcode="store"/>
<opset="store_ln745/3 "/>
</bind>
</comp>

<comp id="780" class="1004" name="store_ln745_store_fu_780">
<pin_list>
<pin id="781" dir="0" index="0" bw="8" slack="0"/>
<pin id="782" dir="0" index="1" bw="8" slack="0"/>
<pin id="783" dir="1" index="2" bw="0" slack="2147483647"/>
</pin_list>
<bind>
<opcode="store(28) " fcode="store"/>
<opset="store_ln745/3 "/>
</bind>
</comp>

<comp id="786" class="1004" name="store_ln859_store_fu_786">
<pin_list>
<pin id="787" dir="0" index="0" bw="8" slack="0"/>
<pin id="788" dir="0" index="1" bw="8" slack="2"/>
<pin id="789" dir="1" index="2" bw="0" slack="2147483647"/>
</pin_list>
<bind>
<opcode="store(28) " fcode="store"/>
<opset="store_ln859/3 "/>
</bind>
</comp>

<comp id="791" class="1004" name="store_ln859_store_fu_791">
<pin_list>
<pin id="792" dir="0" index="0" bw="8" slack="0"/>
<pin id="793" dir="0" index="1" bw="8" slack="2"/>
<pin id="794" dir="1" index="2" bw="0" slack="2147483647"/>
</pin_list>
<bind>
<opcode="store(28) " fcode="store"/>
<opset="store_ln859/3 "/>
</bind>
</comp>

<comp id="796" class="1004" name="store_ln859_store_fu_796">
<pin_list>
<pin id="797" dir="0" index="0" bw="8" slack="0"/>
<pin id="798" dir="0" index="1" bw="8" slack="0"/>
<pin id="799" dir="1" index="2" bw="0" slack="2147483647"/>
</pin_list>
<bind>
<opcode="store(28) " fcode="store"/>
<opset="store_ln859/3 "/>
</bind>
</comp>

<comp id="802" class="1004" name="store_ln859_store_fu_802">
<pin_list>
<pin id="803" dir="0" index="0" bw="8" slack="0"/>
<pin id="804" dir="0" index="1" bw="8" slack="0"/>
<pin id="805" dir="1" index="2" bw="0" slack="2147483647"/>
</pin_list>
<bind>
<opcode="store(28) " fcode="store"/>
<opset="store_ln859/3 "/>
</bind>
</comp>

<comp id="808" class="1004" name="store_ln859_store_fu_808">
<pin_list>
<pin id="809" dir="0" index="0" bw="8" slack="0"/>
<pin id="810" dir="0" index="1" bw="8" slack="0"/>
<pin id="811" dir="1" index="2" bw="0" slack="2147483647"/>
</pin_list>
<bind>
<opcode="store(28) " fcode="store"/>
<opset="store_ln859/3 "/>
</bind>
</comp>

<comp id="814" class="1004" name="store_ln859_store_fu_814">
<pin_list>
<pin id="815" dir="0" index="0" bw="8" slack="0"/>
<pin id="816" dir="0" index="1" bw="8" slack="0"/>
<pin id="817" dir="1" index="2" bw="0" slack="2147483647"/>
</pin_list>
<bind>
<opcode="store(28) " fcode="store"/>
<opset="store_ln859/3 "/>
</bind>
</comp>

<comp id="820" class="1004" name="mpix_cb_1_load_load_fu_820">
<pin_list>
<pin id="821" dir="0" index="0" bw="8" slack="2"/>
<pin id="822" dir="1" index="1" bw="8" slack="0"/>
</pin_list>
<bind>
<opcode="load(27) " fcode="load"/>
<opset="mpix_cb_1_load/3 "/>
</bind>
</comp>

<comp id="824" class="1004" name="mpix_cr_1_load_load_fu_824">
<pin_list>
<pin id="825" dir="0" index="0" bw="8" slack="2"/>
<pin id="826" dir="1" index="1" bw="8" slack="0"/>
</pin_list>
<bind>
<opcode="load(27) " fcode="load"/>
<opset="mpix_cr_1_load/3 "/>
</bind>
</comp>

<comp id="828" class="1004" name="store_ln0_store_fu_828">
<pin_list>
<pin id="829" dir="0" index="0" bw="8" slack="0"/>
<pin id="830" dir="0" index="1" bw="8" slack="0"/>
<pin id="831" dir="1" index="2" bw="0" slack="2147483647"/>
</pin_list>
<bind>
<opcode="store(28) " fcode="store"/>
<opset="store_ln0/3 "/>
</bind>
</comp>

<comp id="834" class="1004" name="store_ln0_store_fu_834">
<pin_list>
<pin id="835" dir="0" index="0" bw="8" slack="0"/>
<pin id="836" dir="0" index="1" bw="8" slack="0"/>
<pin id="837" dir="1" index="2" bw="0" slack="2147483647"/>
</pin_list>
<bind>
<opcode="store(28) " fcode="store"/>
<opset="store_ln0/3 "/>
</bind>
</comp>

<comp id="840" class="1005" name="p_0_0_0_0_0509_1_3787_i_reg_840">
<pin_list>
<pin id="841" dir="0" index="0" bw="8" slack="0"/>
<pin id="842" dir="1" index="1" bw="8" slack="0"/>
</pin_list>
<bind>
<opset="p_0_0_0_0_0509_1_3787_i "/>
</bind>
</comp>

<comp id="847" class="1005" name="storemerge744791_i_reg_847">
<pin_list>
<pin id="848" dir="0" index="0" bw="8" slack="0"/>
<pin id="849" dir="1" index="1" bw="8" slack="0"/>
</pin_list>
<bind>
<opset="storemerge744791_i "/>
</bind>
</comp>

<comp id="854" class="1005" name="x_reg_854">
<pin_list>
<pin id="855" dir="0" index="0" bw="15" slack="0"/>
<pin id="856" dir="1" index="1" bw="15" slack="0"/>
</pin_list>
<bind>
<opset="x "/>
</bind>
</comp>

<comp id="861" class="1005" name="p_0_0_0_0_0517757_i_reg_861">
<pin_list>
<pin id="862" dir="0" index="0" bw="8" slack="0"/>
<pin id="863" dir="1" index="1" bw="8" slack="0"/>
</pin_list>
<bind>
<opset="p_0_0_0_0_0517757_i "/>
</bind>
</comp>

<comp id="868" class="1005" name="p_0_3_0_0_0759_i_reg_868">
<pin_list>
<pin id="869" dir="0" index="0" bw="8" slack="0"/>
<pin id="870" dir="1" index="1" bw="8" slack="0"/>
</pin_list>
<bind>
<opset="p_0_3_0_0_0759_i "/>
</bind>
</comp>

<comp id="875" class="1005" name="mpix_cb_1_reg_875">
<pin_list>
<pin id="876" dir="0" index="0" bw="8" slack="0"/>
<pin id="877" dir="1" index="1" bw="8" slack="0"/>
</pin_list>
<bind>
<opset="mpix_cb_1 "/>
</bind>
</comp>

<comp id="883" class="1005" name="mpix_cr_1_reg_883">
<pin_list>
<pin id="884" dir="0" index="0" bw="8" slack="0"/>
<pin id="885" dir="1" index="1" bw="8" slack="0"/>
</pin_list>
<bind>
<opset="mpix_cr_1 "/>
</bind>
</comp>

<comp id="891" class="1005" name="pixbuf_y_reg_891">
<pin_list>
<pin id="892" dir="0" index="0" bw="8" slack="0"/>
<pin id="893" dir="1" index="1" bw="8" slack="0"/>
</pin_list>
<bind>
<opset="pixbuf_y "/>
</bind>
</comp>

<comp id="898" class="1005" name="pixbuf_y_1_reg_898">
<pin_list>
<pin id="899" dir="0" index="0" bw="8" slack="0"/>
<pin id="900" dir="1" index="1" bw="8" slack="0"/>
</pin_list>
<bind>
<opset="pixbuf_y_1 "/>
</bind>
</comp>

<comp id="905" class="1005" name="pixbuf_y_2_reg_905">
<pin_list>
<pin id="906" dir="0" index="0" bw="8" slack="0"/>
<pin id="907" dir="1" index="1" bw="8" slack="0"/>
</pin_list>
<bind>
<opset="pixbuf_y_2 "/>
</bind>
</comp>

<comp id="912" class="1005" name="pixbuf_y_3_reg_912">
<pin_list>
<pin id="913" dir="0" index="0" bw="8" slack="0"/>
<pin id="914" dir="1" index="1" bw="8" slack="0"/>
</pin_list>
<bind>
<opset="pixbuf_y_3 "/>
</bind>
</comp>

<comp id="919" class="1005" name="p_read_1_reg_919">
<pin_list>
<pin id="920" dir="0" index="0" bw="1" slack="2"/>
<pin id="921" dir="1" index="1" bw="1" slack="2147483647"/>
</pin_list>
<bind>
<opset="p_read_1 "/>
</bind>
</comp>

<comp id="923" class="1005" name="icmp_ln769_reg_923">
<pin_list>
<pin id="924" dir="0" index="0" bw="1" slack="1"/>
<pin id="925" dir="1" index="1" bw="1" slack="2147483647"/>
</pin_list>
<bind>
<opset="icmp_ln769 "/>
</bind>
</comp>

<comp id="927" class="1005" name="icmp_ln777_reg_927">
<pin_list>
<pin id="928" dir="0" index="0" bw="1" slack="1"/>
<pin id="929" dir="1" index="1" bw="1" slack="2147483647"/>
</pin_list>
<bind>
<opset="icmp_ln777 "/>
</bind>
</comp>

<comp id="931" class="1005" name="icmp_ln833_reg_931">
<pin_list>
<pin id="932" dir="0" index="0" bw="1" slack="2"/>
<pin id="933" dir="1" index="1" bw="1" slack="2"/>
</pin_list>
<bind>
<opset="icmp_ln833 "/>
</bind>
</comp>

<comp id="941" class="1005" name="tmp_reg_941">
<pin_list>
<pin id="942" dir="0" index="0" bw="1" slack="2"/>
<pin id="943" dir="1" index="1" bw="1" slack="2147483647"/>
</pin_list>
<bind>
<opset="tmp "/>
</bind>
</comp>

</comp_list>

<net_list>
<net id="149"><net_src comp="68" pin="0"/><net_sink comp="146" pin=0"/></net>

<net id="153"><net_src comp="68" pin="0"/><net_sink comp="150" pin=0"/></net>

<net id="157"><net_src comp="68" pin="0"/><net_sink comp="154" pin=0"/></net>

<net id="161"><net_src comp="68" pin="0"/><net_sink comp="158" pin=0"/></net>

<net id="165"><net_src comp="68" pin="0"/><net_sink comp="162" pin=0"/></net>

<net id="169"><net_src comp="68" pin="0"/><net_sink comp="166" pin=0"/></net>

<net id="173"><net_src comp="68" pin="0"/><net_sink comp="170" pin=0"/></net>

<net id="177"><net_src comp="68" pin="0"/><net_sink comp="174" pin=0"/></net>

<net id="181"><net_src comp="68" pin="0"/><net_sink comp="178" pin=0"/></net>

<net id="185"><net_src comp="68" pin="0"/><net_sink comp="182" pin=0"/></net>

<net id="189"><net_src comp="68" pin="0"/><net_sink comp="186" pin=0"/></net>

<net id="194"><net_src comp="70" pin="0"/><net_sink comp="190" pin=0"/></net>

<net id="195"><net_src comp="28" pin="0"/><net_sink comp="190" pin=1"/></net>

<net id="200"><net_src comp="72" pin="0"/><net_sink comp="196" pin=0"/></net>

<net id="201"><net_src comp="26" pin="0"/><net_sink comp="196" pin=1"/></net>

<net id="206"><net_src comp="72" pin="0"/><net_sink comp="202" pin=0"/></net>

<net id="207"><net_src comp="24" pin="0"/><net_sink comp="202" pin=1"/></net>

<net id="212"><net_src comp="74" pin="0"/><net_sink comp="208" pin=0"/></net>

<net id="213"><net_src comp="20" pin="0"/><net_sink comp="208" pin=1"/></net>

<net id="218"><net_src comp="76" pin="0"/><net_sink comp="214" pin=0"/></net>

<net id="219"><net_src comp="18" pin="0"/><net_sink comp="214" pin=1"/></net>

<net id="224"><net_src comp="76" pin="0"/><net_sink comp="220" pin=0"/></net>

<net id="225"><net_src comp="16" pin="0"/><net_sink comp="220" pin=1"/></net>

<net id="230"><net_src comp="76" pin="0"/><net_sink comp="226" pin=0"/></net>

<net id="231"><net_src comp="14" pin="0"/><net_sink comp="226" pin=1"/></net>

<net id="236"><net_src comp="76" pin="0"/><net_sink comp="232" pin=0"/></net>

<net id="237"><net_src comp="12" pin="0"/><net_sink comp="232" pin=1"/></net>

<net id="242"><net_src comp="76" pin="0"/><net_sink comp="238" pin=0"/></net>

<net id="243"><net_src comp="10" pin="0"/><net_sink comp="238" pin=1"/></net>

<net id="248"><net_src comp="76" pin="0"/><net_sink comp="244" pin=0"/></net>

<net id="249"><net_src comp="8" pin="0"/><net_sink comp="244" pin=1"/></net>

<net id="254"><net_src comp="76" pin="0"/><net_sink comp="250" pin=0"/></net>

<net id="255"><net_src comp="6" pin="0"/><net_sink comp="250" pin=1"/></net>

<net id="260"><net_src comp="76" pin="0"/><net_sink comp="256" pin=0"/></net>

<net id="261"><net_src comp="4" pin="0"/><net_sink comp="256" pin=1"/></net>

<net id="266"><net_src comp="76" pin="0"/><net_sink comp="262" pin=0"/></net>

<net id="267"><net_src comp="2" pin="0"/><net_sink comp="262" pin=1"/></net>

<net id="272"><net_src comp="76" pin="0"/><net_sink comp="268" pin=0"/></net>

<net id="273"><net_src comp="0" pin="0"/><net_sink comp="268" pin=1"/></net>

<net id="278"><net_src comp="106" pin="0"/><net_sink comp="274" pin=0"/></net>

<net id="279"><net_src comp="30" pin="0"/><net_sink comp="274" pin=1"/></net>

<net id="285"><net_src comp="142" pin="0"/><net_sink comp="280" pin=0"/></net>

<net id="286"><net_src comp="22" pin="0"/><net_sink comp="280" pin=1"/></net>

<net id="292"><net_src comp="144" pin="0"/><net_sink comp="287" pin=0"/></net>

<net id="293"><net_src comp="32" pin="0"/><net_sink comp="287" pin=1"/></net>

<net id="299"><net_src comp="144" pin="0"/><net_sink comp="294" pin=0"/></net>

<net id="300"><net_src comp="34" pin="0"/><net_sink comp="294" pin=1"/></net>

<net id="306"><net_src comp="144" pin="0"/><net_sink comp="301" pin=0"/></net>

<net id="307"><net_src comp="44" pin="0"/><net_sink comp="301" pin=1"/></net>

<net id="313"><net_src comp="144" pin="0"/><net_sink comp="308" pin=0"/></net>

<net id="314"><net_src comp="46" pin="0"/><net_sink comp="308" pin=1"/></net>

<net id="320"><net_src comp="196" pin="2"/><net_sink comp="315" pin=0"/></net>

<net id="321"><net_src comp="78" pin="0"/><net_sink comp="315" pin=1"/></net>

<net id="322"><net_src comp="80" pin="0"/><net_sink comp="315" pin=2"/></net>

<net id="327"><net_src comp="268" pin="2"/><net_sink comp="323" pin=0"/></net>

<net id="332"><net_src comp="262" pin="2"/><net_sink comp="328" pin=0"/></net>

<net id="337"><net_src comp="256" pin="2"/><net_sink comp="333" pin=0"/></net>

<net id="342"><net_src comp="250" pin="2"/><net_sink comp="338" pin=0"/></net>

<net id="347"><net_src comp="244" pin="2"/><net_sink comp="343" pin=0"/></net>

<net id="352"><net_src comp="238" pin="2"/><net_sink comp="348" pin=0"/></net>

<net id="357"><net_src comp="220" pin="2"/><net_sink comp="353" pin=0"/></net>

<net id="362"><net_src comp="214" pin="2"/><net_sink comp="358" pin=0"/></net>

<net id="367"><net_src comp="92" pin="0"/><net_sink comp="363" pin=0"/></net>

<net id="372"><net_src comp="232" pin="2"/><net_sink comp="368" pin=0"/></net>

<net id="377"><net_src comp="226" pin="2"/><net_sink comp="373" pin=0"/></net>

<net id="384"><net_src comp="378" pin="1"/><net_sink comp="381" pin=0"/></net>

<net id="389"><net_src comp="381" pin="1"/><net_sink comp="385" pin=0"/></net>

<net id="390"><net_src comp="208" pin="2"/><net_sink comp="385" pin=1"/></net>

<net id="395"><net_src comp="378" pin="1"/><net_sink comp="391" pin=0"/></net>

<net id="396"><net_src comp="94" pin="0"/><net_sink comp="391" pin=1"/></net>

<net id="401"><net_src comp="381" pin="1"/><net_sink comp="397" pin=0"/></net>

<net id="402"><net_src comp="315" pin="3"/><net_sink comp="397" pin=1"/></net>

<net id="407"><net_src comp="190" pin="2"/><net_sink comp="403" pin=0"/></net>

<net id="408"><net_src comp="378" pin="1"/><net_sink comp="403" pin=1"/></net>

<net id="413"><net_src comp="378" pin="1"/><net_sink comp="409" pin=0"/></net>

<net id="414"><net_src comp="92" pin="0"/><net_sink comp="409" pin=1"/></net>

<net id="420"><net_src comp="102" pin="0"/><net_sink comp="415" pin=0"/></net>

<net id="421"><net_src comp="397" pin="2"/><net_sink comp="415" pin=1"/></net>

<net id="422"><net_src comp="104" pin="0"/><net_sink comp="415" pin=2"/></net>

<net id="427"><net_src comp="391" pin="2"/><net_sink comp="423" pin=0"/></net>

<net id="431"><net_src comp="274" pin="2"/><net_sink comp="428" pin=0"/></net>

<net id="438"><net_src comp="108" pin="0"/><net_sink comp="432" pin=0"/></net>

<net id="439"><net_src comp="274" pin="2"/><net_sink comp="432" pin=1"/></net>

<net id="440"><net_src comp="110" pin="0"/><net_sink comp="432" pin=2"/></net>

<net id="441"><net_src comp="104" pin="0"/><net_sink comp="432" pin=3"/></net>

<net id="448"><net_src comp="108" pin="0"/><net_sink comp="442" pin=0"/></net>

<net id="449"><net_src comp="274" pin="2"/><net_sink comp="442" pin=1"/></net>

<net id="450"><net_src comp="112" pin="0"/><net_sink comp="442" pin=2"/></net>

<net id="451"><net_src comp="114" pin="0"/><net_sink comp="442" pin=3"/></net>

<net id="458"><net_src comp="108" pin="0"/><net_sink comp="452" pin=0"/></net>

<net id="459"><net_src comp="274" pin="2"/><net_sink comp="452" pin=1"/></net>

<net id="460"><net_src comp="116" pin="0"/><net_sink comp="452" pin=2"/></net>

<net id="461"><net_src comp="118" pin="0"/><net_sink comp="452" pin=3"/></net>

<net id="468"><net_src comp="108" pin="0"/><net_sink comp="462" pin=0"/></net>

<net id="469"><net_src comp="274" pin="2"/><net_sink comp="462" pin=1"/></net>

<net id="470"><net_src comp="120" pin="0"/><net_sink comp="462" pin=2"/></net>

<net id="471"><net_src comp="122" pin="0"/><net_sink comp="462" pin=3"/></net>

<net id="478"><net_src comp="108" pin="0"/><net_sink comp="472" pin=0"/></net>

<net id="479"><net_src comp="274" pin="2"/><net_sink comp="472" pin=1"/></net>

<net id="480"><net_src comp="124" pin="0"/><net_sink comp="472" pin=2"/></net>

<net id="481"><net_src comp="126" pin="0"/><net_sink comp="472" pin=3"/></net>

<net id="486"><net_src comp="462" pin="4"/><net_sink comp="482" pin=0"/></net>

<net id="491"><net_src comp="432" pin="4"/><net_sink comp="487" pin=0"/></net>

<net id="496"><net_src comp="452" pin="4"/><net_sink comp="492" pin=0"/></net>

<net id="501"><net_src comp="428" pin="1"/><net_sink comp="497" pin=0"/></net>

<net id="506"><net_src comp="472" pin="4"/><net_sink comp="502" pin=0"/></net>

<net id="507"><net_src comp="56" pin="0"/><net_sink comp="502" pin=1"/></net>

<net id="512"><net_src comp="462" pin="4"/><net_sink comp="508" pin=0"/></net>

<net id="513"><net_src comp="58" pin="0"/><net_sink comp="508" pin=1"/></net>

<net id="518"><net_src comp="452" pin="4"/><net_sink comp="514" pin=0"/></net>

<net id="519"><net_src comp="60" pin="0"/><net_sink comp="514" pin=1"/></net>

<net id="524"><net_src comp="442" pin="4"/><net_sink comp="520" pin=0"/></net>

<net id="525"><net_src comp="62" pin="0"/><net_sink comp="520" pin=1"/></net>

<net id="530"><net_src comp="432" pin="4"/><net_sink comp="526" pin=0"/></net>

<net id="531"><net_src comp="64" pin="0"/><net_sink comp="526" pin=1"/></net>

<net id="536"><net_src comp="428" pin="1"/><net_sink comp="532" pin=0"/></net>

<net id="537"><net_src comp="66" pin="0"/><net_sink comp="532" pin=1"/></net>

<net id="547"><net_src comp="544" pin="1"/><net_sink comp="294" pin=2"/></net>

<net id="551"><net_src comp="548" pin="1"/><net_sink comp="287" pin=2"/></net>

<net id="555"><net_src comp="54" pin="0"/><net_sink comp="552" pin=0"/></net>

<net id="559"><net_src comp="52" pin="0"/><net_sink comp="556" pin=0"/></net>

<net id="563"><net_src comp="50" pin="0"/><net_sink comp="560" pin=0"/></net>

<net id="567"><net_src comp="48" pin="0"/><net_sink comp="564" pin=0"/></net>

<net id="585"><net_src comp="577" pin="1"/><net_sink comp="580" pin=1"/></net>

<net id="586"><net_src comp="571" pin="1"/><net_sink comp="580" pin=2"/></net>

<net id="592"><net_src comp="574" pin="1"/><net_sink comp="587" pin=1"/></net>

<net id="593"><net_src comp="568" pin="1"/><net_sink comp="587" pin=2"/></net>

<net id="599"><net_src comp="577" pin="1"/><net_sink comp="594" pin=1"/></net>

<net id="600"><net_src comp="564" pin="1"/><net_sink comp="594" pin=2"/></net>

<net id="606"><net_src comp="574" pin="1"/><net_sink comp="601" pin=1"/></net>

<net id="607"><net_src comp="560" pin="1"/><net_sink comp="601" pin=2"/></net>

<net id="613"><net_src comp="577" pin="1"/><net_sink comp="608" pin=1"/></net>

<net id="614"><net_src comp="556" pin="1"/><net_sink comp="608" pin=2"/></net>

<net id="620"><net_src comp="574" pin="1"/><net_sink comp="615" pin=1"/></net>

<net id="621"><net_src comp="552" pin="1"/><net_sink comp="615" pin=2"/></net>

<net id="625"><net_src comp="601" pin="3"/><net_sink comp="622" pin=0"/></net>

<net id="629"><net_src comp="615" pin="3"/><net_sink comp="626" pin=0"/></net>

<net id="634"><net_src comp="626" pin="1"/><net_sink comp="630" pin=0"/></net>

<net id="635"><net_src comp="136" pin="0"/><net_sink comp="630" pin=1"/></net>

<net id="640"><net_src comp="630" pin="2"/><net_sink comp="636" pin=0"/></net>

<net id="641"><net_src comp="622" pin="1"/><net_sink comp="636" pin=1"/></net>

<net id="648"><net_src comp="138" pin="0"/><net_sink comp="642" pin=0"/></net>

<net id="649"><net_src comp="636" pin="2"/><net_sink comp="642" pin=1"/></net>

<net id="650"><net_src comp="68" pin="0"/><net_sink comp="642" pin=2"/></net>

<net id="651"><net_src comp="110" pin="0"/><net_sink comp="642" pin=3"/></net>

<net id="655"><net_src comp="594" pin="3"/><net_sink comp="652" pin=0"/></net>

<net id="659"><net_src comp="608" pin="3"/><net_sink comp="656" pin=0"/></net>

<net id="664"><net_src comp="656" pin="1"/><net_sink comp="660" pin=0"/></net>

<net id="665"><net_src comp="136" pin="0"/><net_sink comp="660" pin=1"/></net>

<net id="670"><net_src comp="660" pin="2"/><net_sink comp="666" pin=0"/></net>

<net id="671"><net_src comp="652" pin="1"/><net_sink comp="666" pin=1"/></net>

<net id="678"><net_src comp="138" pin="0"/><net_sink comp="672" pin=0"/></net>

<net id="679"><net_src comp="666" pin="2"/><net_sink comp="672" pin=1"/></net>

<net id="680"><net_src comp="68" pin="0"/><net_sink comp="672" pin=2"/></net>

<net id="681"><net_src comp="110" pin="0"/><net_sink comp="672" pin=3"/></net>

<net id="685"><net_src comp="42" pin="0"/><net_sink comp="682" pin=0"/></net>

<net id="689"><net_src comp="40" pin="0"/><net_sink comp="686" pin=0"/></net>

<net id="699"><net_src comp="140" pin="0"/><net_sink comp="690" pin=0"/></net>

<net id="700"><net_src comp="672" pin="4"/><net_sink comp="690" pin=1"/></net>

<net id="701"><net_src comp="642" pin="4"/><net_sink comp="690" pin=2"/></net>

<net id="702"><net_src comp="686" pin="1"/><net_sink comp="690" pin=3"/></net>

<net id="703"><net_src comp="608" pin="3"/><net_sink comp="690" pin=4"/></net>

<net id="704"><net_src comp="615" pin="3"/><net_sink comp="690" pin=5"/></net>

<net id="705"><net_src comp="682" pin="1"/><net_sink comp="690" pin=6"/></net>

<net id="706"><net_src comp="690" pin="7"/><net_sink comp="280" pin=2"/></net>

<net id="710"><net_src comp="66" pin="0"/><net_sink comp="707" pin=0"/></net>

<net id="714"><net_src comp="64" pin="0"/><net_sink comp="711" pin=0"/></net>

<net id="718"><net_src comp="62" pin="0"/><net_sink comp="715" pin=0"/></net>

<net id="722"><net_src comp="60" pin="0"/><net_sink comp="719" pin=0"/></net>

<net id="726"><net_src comp="58" pin="0"/><net_sink comp="723" pin=0"/></net>

<net id="730"><net_src comp="56" pin="0"/><net_sink comp="727" pin=0"/></net>

<net id="740"><net_src comp="140" pin="0"/><net_sink comp="731" pin=0"/></net>

<net id="741"><net_src comp="727" pin="1"/><net_sink comp="731" pin=1"/></net>

<net id="742"><net_src comp="723" pin="1"/><net_sink comp="731" pin=2"/></net>

<net id="743"><net_src comp="719" pin="1"/><net_sink comp="731" pin=3"/></net>

<net id="744"><net_src comp="715" pin="1"/><net_sink comp="731" pin=4"/></net>

<net id="745"><net_src comp="711" pin="1"/><net_sink comp="731" pin=5"/></net>

<net id="746"><net_src comp="707" pin="1"/><net_sink comp="731" pin=6"/></net>

<net id="747"><net_src comp="731" pin="7"/><net_sink comp="280" pin=2"/></net>

<net id="758"><net_src comp="751" pin="1"/><net_sink comp="754" pin=0"/></net>

<net id="763"><net_src comp="748" pin="1"/><net_sink comp="759" pin=0"/></net>

<net id="768"><net_src comp="548" pin="1"/><net_sink comp="764" pin=0"/></net>

<net id="773"><net_src comp="544" pin="1"/><net_sink comp="769" pin=0"/></net>

<net id="778"><net_src comp="541" pin="1"/><net_sink comp="774" pin=0"/></net>

<net id="779"><net_src comp="40" pin="0"/><net_sink comp="774" pin=1"/></net>

<net id="784"><net_src comp="538" pin="1"/><net_sink comp="780" pin=0"/></net>

<net id="785"><net_src comp="42" pin="0"/><net_sink comp="780" pin=1"/></net>

<net id="790"><net_src comp="577" pin="1"/><net_sink comp="786" pin=0"/></net>

<net id="795"><net_src comp="574" pin="1"/><net_sink comp="791" pin=0"/></net>

<net id="800"><net_src comp="580" pin="3"/><net_sink comp="796" pin=0"/></net>

<net id="801"><net_src comp="48" pin="0"/><net_sink comp="796" pin=1"/></net>

<net id="806"><net_src comp="587" pin="3"/><net_sink comp="802" pin=0"/></net>

<net id="807"><net_src comp="50" pin="0"/><net_sink comp="802" pin=1"/></net>

<net id="812"><net_src comp="594" pin="3"/><net_sink comp="808" pin=0"/></net>

<net id="813"><net_src comp="52" pin="0"/><net_sink comp="808" pin=1"/></net>

<net id="818"><net_src comp="601" pin="3"/><net_sink comp="814" pin=0"/></net>

<net id="819"><net_src comp="54" pin="0"/><net_sink comp="814" pin=1"/></net>

<net id="823"><net_src comp="820" pin="1"/><net_sink comp="308" pin=2"/></net>

<net id="827"><net_src comp="824" pin="1"/><net_sink comp="301" pin=2"/></net>

<net id="832"><net_src comp="541" pin="1"/><net_sink comp="828" pin=0"/></net>

<net id="833"><net_src comp="36" pin="0"/><net_sink comp="828" pin=1"/></net>

<net id="838"><net_src comp="538" pin="1"/><net_sink comp="834" pin=0"/></net>

<net id="839"><net_src comp="38" pin="0"/><net_sink comp="834" pin=1"/></net>

<net id="843"><net_src comp="146" pin="1"/><net_sink comp="840" pin=0"/></net>

<net id="844"><net_src comp="840" pin="1"/><net_sink comp="373" pin=1"/></net>

<net id="845"><net_src comp="840" pin="1"/><net_sink comp="568" pin=0"/></net>

<net id="846"><net_src comp="840" pin="1"/><net_sink comp="791" pin=1"/></net>

<net id="850"><net_src comp="150" pin="1"/><net_sink comp="847" pin=0"/></net>

<net id="851"><net_src comp="847" pin="1"/><net_sink comp="368" pin=1"/></net>

<net id="852"><net_src comp="847" pin="1"/><net_sink comp="571" pin=0"/></net>

<net id="853"><net_src comp="847" pin="1"/><net_sink comp="786" pin=1"/></net>

<net id="857"><net_src comp="154" pin="1"/><net_sink comp="854" pin=0"/></net>

<net id="858"><net_src comp="854" pin="1"/><net_sink comp="363" pin=1"/></net>

<net id="859"><net_src comp="854" pin="1"/><net_sink comp="378" pin=0"/></net>

<net id="860"><net_src comp="854" pin="1"/><net_sink comp="423" pin=1"/></net>

<net id="864"><net_src comp="158" pin="1"/><net_sink comp="861" pin=0"/></net>

<net id="865"><net_src comp="861" pin="1"/><net_sink comp="358" pin=1"/></net>

<net id="866"><net_src comp="861" pin="1"/><net_sink comp="497" pin=1"/></net>

<net id="867"><net_src comp="861" pin="1"/><net_sink comp="748" pin=0"/></net>

<net id="871"><net_src comp="162" pin="1"/><net_sink comp="868" pin=0"/></net>

<net id="872"><net_src comp="868" pin="1"/><net_sink comp="353" pin=1"/></net>

<net id="873"><net_src comp="868" pin="1"/><net_sink comp="492" pin=1"/></net>

<net id="874"><net_src comp="868" pin="1"/><net_sink comp="751" pin=0"/></net>

<net id="878"><net_src comp="166" pin="1"/><net_sink comp="875" pin=0"/></net>

<net id="879"><net_src comp="875" pin="1"/><net_sink comp="348" pin=1"/></net>

<net id="880"><net_src comp="875" pin="1"/><net_sink comp="487" pin=1"/></net>

<net id="881"><net_src comp="875" pin="1"/><net_sink comp="574" pin=0"/></net>

<net id="882"><net_src comp="875" pin="1"/><net_sink comp="820" pin=0"/></net>

<net id="886"><net_src comp="170" pin="1"/><net_sink comp="883" pin=0"/></net>

<net id="887"><net_src comp="883" pin="1"/><net_sink comp="343" pin=1"/></net>

<net id="888"><net_src comp="883" pin="1"/><net_sink comp="482" pin=1"/></net>

<net id="889"><net_src comp="883" pin="1"/><net_sink comp="577" pin=0"/></net>

<net id="890"><net_src comp="883" pin="1"/><net_sink comp="824" pin=0"/></net>

<net id="894"><net_src comp="174" pin="1"/><net_sink comp="891" pin=0"/></net>

<net id="895"><net_src comp="891" pin="1"/><net_sink comp="338" pin=1"/></net>

<net id="896"><net_src comp="891" pin="1"/><net_sink comp="538" pin=0"/></net>

<net id="897"><net_src comp="891" pin="1"/><net_sink comp="769" pin=1"/></net>

<net id="901"><net_src comp="178" pin="1"/><net_sink comp="898" pin=0"/></net>

<net id="902"><net_src comp="898" pin="1"/><net_sink comp="333" pin=1"/></net>

<net id="903"><net_src comp="898" pin="1"/><net_sink comp="541" pin=0"/></net>

<net id="904"><net_src comp="898" pin="1"/><net_sink comp="764" pin=1"/></net>

<net id="908"><net_src comp="182" pin="1"/><net_sink comp="905" pin=0"/></net>

<net id="909"><net_src comp="905" pin="1"/><net_sink comp="328" pin=1"/></net>

<net id="910"><net_src comp="905" pin="1"/><net_sink comp="544" pin=0"/></net>

<net id="911"><net_src comp="905" pin="1"/><net_sink comp="759" pin=1"/></net>

<net id="915"><net_src comp="186" pin="1"/><net_sink comp="912" pin=0"/></net>

<net id="916"><net_src comp="912" pin="1"/><net_sink comp="323" pin=1"/></net>

<net id="917"><net_src comp="912" pin="1"/><net_sink comp="548" pin=0"/></net>

<net id="918"><net_src comp="912" pin="1"/><net_sink comp="754" pin=1"/></net>

<net id="922"><net_src comp="202" pin="2"/><net_sink comp="919" pin=0"/></net>

<net id="926"><net_src comp="385" pin="2"/><net_sink comp="923" pin=0"/></net>

<net id="930"><net_src comp="403" pin="2"/><net_sink comp="927" pin=0"/></net>

<net id="934"><net_src comp="409" pin="2"/><net_sink comp="931" pin=0"/></net>

<net id="935"><net_src comp="931" pin="1"/><net_sink comp="580" pin=0"/></net>

<net id="936"><net_src comp="931" pin="1"/><net_sink comp="587" pin=0"/></net>

<net id="937"><net_src comp="931" pin="1"/><net_sink comp="594" pin=0"/></net>

<net id="938"><net_src comp="931" pin="1"/><net_sink comp="601" pin=0"/></net>

<net id="939"><net_src comp="931" pin="1"/><net_sink comp="608" pin=0"/></net>

<net id="940"><net_src comp="931" pin="1"/><net_sink comp="615" pin=0"/></net>

<net id="944"><net_src comp="415" pin="3"/><net_sink comp="941" pin=0"/></net>

</net_list>

</model> 
---------------- Datapath Model END ------------------

* FSMD analyzer results:
  - Output states:
	Port: stream_in_hresampled | {3 }
	Port: stream_in | {}
	Port: pixbuf_y_24_out | {3 }
	Port: pixbuf_y_23_out | {3 }
	Port: pixbuf_y_22_out | {3 }
	Port: pixbuf_y_21_out | {3 }
	Port: pixbuf_y_20_out | {3 }
	Port: pixbuf_y_19_out | {3 }
	Port: mpix_cr_8_out | {3 }
	Port: mpix_cb_8_out | {3 }
	Port: p_0_0_0_0_0_3782_i_out | {3 }
	Port: p_0_0_0_0_0509_3778_i_out | {3 }
	Port: p_0_0_0_0_0_2774_i_out | {3 }
	Port: p_0_0_0_0_0509_2770_i_out | {3 }
	Port: inpix_0_5_0_0_0_load755_i_out | {2 }
	Port: inpix_0_4_0_0_0_load753_i_out | {2 }
	Port: inpix_0_3_0_0_0_load751_i_out | {2 }
	Port: inpix_0_2_0_0_0_load749_i_out | {2 }
	Port: inpix_0_1_0_0_0_load747_i_out | {2 }
	Port: inpix_0_0_0_0_0_load745_i_out | {2 }
 - Input state : 
	Port: v_hcresampler_core_Pipeline_VITIS_LOOP_769_2 : pixbuf_y_18 | {1 }
	Port: v_hcresampler_core_Pipeline_VITIS_LOOP_769_2 : pixbuf_y_17 | {1 }
	Port: v_hcresampler_core_Pipeline_VITIS_LOOP_769_2 : pixbuf_y_16 | {1 }
	Port: v_hcresampler_core_Pipeline_VITIS_LOOP_769_2 : pixbuf_y_15 | {1 }
	Port: v_hcresampler_core_Pipeline_VITIS_LOOP_769_2 : mpix_cr | {1 }
	Port: v_hcresampler_core_Pipeline_VITIS_LOOP_769_2 : mpix_cb | {1 }
	Port: v_hcresampler_core_Pipeline_VITIS_LOOP_769_2 : storemerge_lcssa850_i | {1 }
	Port: v_hcresampler_core_Pipeline_VITIS_LOOP_769_2 : p_0_0_0_0_0509_1_3788_lcssa847_i | {1 }
	Port: v_hcresampler_core_Pipeline_VITIS_LOOP_769_2 : p_0_3_0_0_0760_lcssa821_i | {1 }
	Port: v_hcresampler_core_Pipeline_VITIS_LOOP_769_2 : p_0_0_0_0_0517758_lcssa818_i | {1 }
	Port: v_hcresampler_core_Pipeline_VITIS_LOOP_769_2 : loopWidth | {1 }
	Port: v_hcresampler_core_Pipeline_VITIS_LOOP_769_2 : stream_in_hresampled | {}
	Port: v_hcresampler_core_Pipeline_VITIS_LOOP_769_2 : p_read | {1 }
	Port: v_hcresampler_core_Pipeline_VITIS_LOOP_769_2 : select_ln765 | {1 }
	Port: v_hcresampler_core_Pipeline_VITIS_LOOP_769_2 : lshr_ln | {1 }
	Port: v_hcresampler_core_Pipeline_VITIS_LOOP_769_2 : stream_in | {2 }
	Port: v_hcresampler_core_Pipeline_VITIS_LOOP_769_2 : pixbuf_y_20_out | {3 }
	Port: v_hcresampler_core_Pipeline_VITIS_LOOP_769_2 : pixbuf_y_19_out | {3 }
	Port: v_hcresampler_core_Pipeline_VITIS_LOOP_769_2 : p_0_0_0_0_0_3782_i_out | {3 }
	Port: v_hcresampler_core_Pipeline_VITIS_LOOP_769_2 : p_0_0_0_0_0509_3778_i_out | {3 }
	Port: v_hcresampler_core_Pipeline_VITIS_LOOP_769_2 : p_0_0_0_0_0_2774_i_out | {3 }
	Port: v_hcresampler_core_Pipeline_VITIS_LOOP_769_2 : p_0_0_0_0_0509_2770_i_out | {3 }
	Port: v_hcresampler_core_Pipeline_VITIS_LOOP_769_2 : inpix_0_5_0_0_0_load755_i_out | {3 }
	Port: v_hcresampler_core_Pipeline_VITIS_LOOP_769_2 : inpix_0_4_0_0_0_load753_i_out | {3 }
	Port: v_hcresampler_core_Pipeline_VITIS_LOOP_769_2 : inpix_0_3_0_0_0_load751_i_out | {3 }
	Port: v_hcresampler_core_Pipeline_VITIS_LOOP_769_2 : inpix_0_2_0_0_0_load749_i_out | {3 }
	Port: v_hcresampler_core_Pipeline_VITIS_LOOP_769_2 : inpix_0_1_0_0_0_load747_i_out | {3 }
	Port: v_hcresampler_core_Pipeline_VITIS_LOOP_769_2 : inpix_0_0_0_0_0_load745_i_out | {3 }
  - Chain level:
	State 1
		store_ln725 : 1
		x_1 : 1
		zext_ln769 : 2
		icmp_ln769 : 3
		x_2 : 2
		br_ln769 : 4
		out_x : 3
		icmp_ln777 : 2
		br_ln777 : 3
		icmp_ln833 : 2
		tmp : 4
		br_ln922 : 5
		store_ln725 : 3
	State 2
		store_ln738 : 1
		store_ln738 : 1
		store_ln779 : 1
		store_ln779 : 1
		store_ln779 : 1
		store_ln779 : 1
		store_ln779 : 1
		store_ln779 : 1
		store_ln779 : 1
		store_ln779 : 1
	State 3
		select_ln859 : 1
		select_ln859_1 : 1
		select_ln859_2 : 1
		select_ln859_3 : 1
		select_ln859_4 : 1
		select_ln859_5 : 1
		zext_ln908 : 2
		zext_ln908_1 : 2
		add_ln908 : 3
		add_ln908_1 : 4
		lshr_ln2 : 5
		zext_ln910 : 2
		zext_ln910_1 : 2
		add_ln910 : 3
		add_ln910_1 : 4
		trunc_ln4 : 5
		or_ln927_1 : 6
		write_ln927 : 7
		or_ln925_1 : 1
		write_ln925 : 2
		store_ln745 : 1
		store_ln745 : 1
		store_ln745 : 1
		store_ln745 : 1
		store_ln745 : 1
		store_ln745 : 1
		store_ln859 : 1
		store_ln859 : 1
		store_ln859 : 2
		store_ln859 : 2
		store_ln859 : 2
		store_ln859 : 2
		write_ln0 : 1
		write_ln0 : 1
		store_ln0 : 1
		store_ln0 : 1
		write_ln0 : 1
		write_ln0 : 1


============================================================
+ Verbose Summary: Datapath Resource usage 
============================================================

* Functional unit list:
|----------|---------------------------------------------------|---------|---------|
| Operation|                  Functional Unit                  |    FF   |   LUT   |
|----------|---------------------------------------------------|---------|---------|
|          |                     x_2_fu_391                    |    0    |    22   |
|          |                  add_ln908_fu_630                 |    0    |    19   |
|    add   |                 add_ln908_1_fu_636                |    0    |    18   |
|          |                  add_ln910_fu_660                 |    0    |    19   |
|          |                 add_ln910_1_fu_666                |    0    |    18   |
|----------|---------------------------------------------------|---------|---------|
|          |                 icmp_ln769_fu_385                 |    0    |    23   |
|   icmp   |                 icmp_ln777_fu_403                 |    0    |    22   |
|          |                 icmp_ln833_fu_409                 |    0    |    22   |
|----------|---------------------------------------------------|---------|---------|
|          |           select_ln765_cast_cast_fu_315           |    0    |    16   |
|          |                select_ln859_fu_580                |    0    |    8    |
|          |               select_ln859_1_fu_587               |    0    |    8    |
|  select  |               select_ln859_2_fu_594               |    0    |    8    |
|          |               select_ln859_3_fu_601               |    0    |    8    |
|          |               select_ln859_4_fu_608               |    0    |    8    |
|          |               select_ln859_5_fu_615               |    0    |    8    |
|----------|---------------------------------------------------|---------|---------|
|    sub   |                    out_x_fu_397                   |    0    |    22   |
|----------|---------------------------------------------------|---------|---------|
|          |              lshr_ln_read_read_fu_190             |    0    |    0    |
|          |           select_ln765_read_read_fu_196           |    0    |    0    |
|          |                p_read_1_read_fu_202               |    0    |    0    |
|          |             loopWidth_read_read_fu_208            |    0    |    0    |
|          |   p_0_0_0_0_0517758_lcssa818_i_read_read_fu_214   |    0    |    0    |
|          |     p_0_3_0_0_0760_lcssa821_i_read_read_fu_220    |    0    |    0    |
|          | p_0_0_0_0_0509_1_3788_lcssa847_i_read_read_fu_226 |    0    |    0    |
|   read   |       storemerge_lcssa850_i_read_read_fu_232      |    0    |    0    |
|          |              mpix_cb_read_read_fu_238             |    0    |    0    |
|          |              mpix_cr_read_read_fu_244             |    0    |    0    |
|          |            pixbuf_y_15_read_read_fu_250           |    0    |    0    |
|          |            pixbuf_y_16_read_read_fu_256           |    0    |    0    |
|          |            pixbuf_y_17_read_read_fu_262           |    0    |    0    |
|          |            pixbuf_y_18_read_read_fu_268           |    0    |    0    |
|          |             stream_in_read_read_fu_274            |    0    |    0    |
|----------|---------------------------------------------------|---------|---------|
|          |                  grp_write_fu_280                 |    0    |    0    |
|          |               write_ln0_write_fu_287              |    0    |    0    |
|   write  |               write_ln0_write_fu_294              |    0    |    0    |
|          |               write_ln0_write_fu_301              |    0    |    0    |
|          |               write_ln0_write_fu_308              |    0    |    0    |
|----------|---------------------------------------------------|---------|---------|
|          |                 zext_ln769_fu_381                 |    0    |    0    |
|          |                 zext_ln908_fu_622                 |    0    |    0    |
|   zext   |                zext_ln908_1_fu_626                |    0    |    0    |
|          |                 zext_ln910_fu_652                 |    0    |    0    |
|          |                zext_ln910_1_fu_656                |    0    |    0    |
|----------|---------------------------------------------------|---------|---------|
| bitselect|                     tmp_fu_415                    |    0    |    0    |
|----------|---------------------------------------------------|---------|---------|
|   trunc  |                 trunc_ln779_fu_428                |    0    |    0    |
|----------|---------------------------------------------------|---------|---------|
|          |                  mpix_cb_2_fu_432                 |    0    |    0    |
|          |                trunc_ln779_7_fu_442               |    0    |    0    |
|          |                trunc_ln779_8_fu_452               |    0    |    0    |
|partselect|                  mpix_cr_2_fu_462                 |    0    |    0    |
|          |                trunc_ln779_s_fu_472               |    0    |    0    |
|          |                  lshr_ln2_fu_642                  |    0    |    0    |
|          |                  trunc_ln4_fu_672                 |    0    |    0    |
|----------|---------------------------------------------------|---------|---------|
|bitconcatenate|                 or_ln927_1_fu_690                 |    0    |    0    |
|          |                 or_ln925_1_fu_731                 |    0    |    0    |
|----------|---------------------------------------------------|---------|---------|
|   Total  |                                                   |    0    |   249   |
|----------|---------------------------------------------------|---------|---------|

Memories:
N/A

* Register list:
+-------------------------------+--------+
|                               |   FF   |
+-------------------------------+--------+
|       icmp_ln769_reg_923      |    1   |
|       icmp_ln777_reg_927      |    1   |
|       icmp_ln833_reg_931      |    1   |
|       mpix_cb_1_reg_875       |    8   |
|       mpix_cr_1_reg_883       |    8   |
|p_0_0_0_0_0509_1_3787_i_reg_840|    8   |
|  p_0_0_0_0_0517757_i_reg_861  |    8   |
|    p_0_3_0_0_0759_i_reg_868   |    8   |
|        p_read_1_reg_919       |    1   |
|       pixbuf_y_1_reg_898      |    8   |
|       pixbuf_y_2_reg_905      |    8   |
|       pixbuf_y_3_reg_912      |    8   |
|        pixbuf_y_reg_891       |    8   |
|   storemerge744791_i_reg_847  |    8   |
|          tmp_reg_941          |    1   |
|           x_reg_854           |   15   |
+-------------------------------+--------+
|             Total             |   100  |
+-------------------------------+--------+

* Multiplexer (MUX) list: 
|------------------|------|------|------|--------||---------||---------||---------|
|       Comp       |  Pin | Size |  BW  | S x BW ||  Delay  ||    FF   ||   LUT   |
|------------------|------|------|------|--------||---------||---------||---------|
| grp_write_fu_280 |  p2  |   2  |  48  |   96   ||    0    ||    9    |
|------------------|------|------|------|--------||---------||---------||---------|
|       Total      |      |      |      |   96   ||  0.489  ||    0    ||    9    |
|------------------|------|------|------|--------||---------||---------||---------|



* Summary:
+-----------+--------+--------+--------+
|           |  Delay |   FF   |   LUT  |
+-----------+--------+--------+--------+
|  Function |    -   |    0   |   249  |
|   Memory  |    -   |    -   |    -   |
|Multiplexer|    0   |    0   |    9   |
|  Register |    -   |   100  |    -   |
+-----------+--------+--------+--------+
|   Total   |    0   |   100  |   258  |
+-----------+--------+--------+--------+
