

================================================================
== Vitis HLS Report for 'v_hcresampler_core_1'
================================================================
* Date:           Wed Jan 21 13:02:35 2026

* Version:        2025.2 (Build 6295257 on Nov 14 2025)
* Project:        prj
* Solution:       sol (Vivado IP Flow Target)
* Product family: zynquplus
* Target device:  xczu2cg-sfvc784-1-e


================================================================
== Performance Estimates
================================================================
+ Timing: 
    * Summary: 
    +--------+---------+----------+------------+
    |  Clock |  Target | Estimated| Uncertainty|
    +--------+---------+----------+------------+
    |ap_clk  |  5.00 ns|  2.476 ns|     1.35 ns|
    +--------+---------+----------+------------+

+ Latency: 
    * Summary: 
    +---------+------------+-----------+-----------+-----+------------+---------+
    |   Latency (cycles)   |   Latency (absolute)  |     Interval     | Pipeline|
    |   min   |     max    |    min    |    max    | min |     max    |   Type  |
    +---------+------------+-----------+-----------+-----+------------+---------+
    |        2|  1073938427|  10.000 ns|  5.370 sec|    2|  1073938427|       no|
    +---------+------------+-----------+-----------+-----+------------+---------+

    + Detail: 
        * Instance: 
        +-----------------------------------------------------------+------------------------------------------------+---------+---------+-----------+----------+-----+-----+-------------------+
        |                                                           |                                                |  Latency (cycles) |  Latency (absolute)  |  Interval |      Pipeline     |
        |                          Instance                         |                     Module                     |   min   |   max   |    min    |    max   | min | max |        Type       |
        +-----------------------------------------------------------+------------------------------------------------+---------+---------+-----------+----------+-----+-----+-------------------+
        |grp_v_hcresampler_core_1_Pipeline_VITIS_LOOP_769_2_fu_190  |v_hcresampler_core_1_Pipeline_VITIS_LOOP_769_2  |        4|    32771|  20.000 ns|  0.164 ms|    0|    0|  loop pipeline stp|
        +-----------------------------------------------------------+------------------------------------------------+---------+---------+-----------+----------+-----+-----+-------------------+

        * Loop: 
        +--------------------+---------+------------+-----------+-----------+-----------+-----------+----------+
        |                    |   Latency (cycles)   | Iteration |  Initiation Interval  |    Trip   |          |
        |      Loop Name     |   min   |     max    |  Latency  |  achieved |   target  |   Count   | Pipelined|
        +--------------------+---------+------------+-----------+-----------+-----------+-----------+----------+
        |- VITIS_LOOP_767_1  |        0|  1073938425|  8 ~ 32775|          -|          -|  0 ~ 32767|        no|
        +--------------------+---------+------------+-----------+-----------+-----------+-----------+----------+



================================================================
== Utilization Estimates
================================================================
* Summary: 
+-----------------+---------+-----+-------+-------+-----+
|       Name      | BRAM_18K| DSP |   FF  |  LUT  | URAM|
+-----------------+---------+-----+-------+-------+-----+
|DSP              |        -|    -|      -|      -|    -|
|Expression       |        -|    -|      0|    127|    -|
|FIFO             |        -|    -|      -|      -|    -|
|Instance         |        -|    -|    222|    646|    -|
|Memory           |        -|    -|      -|      -|    -|
|Multiplexer      |        -|    -|      0|     64|    -|
|Register         |        -|    -|    282|      -|    -|
+-----------------+---------+-----+-------+-------+-----+
|Total            |        0|    0|    504|    837|    0|
+-----------------+---------+-----+-------+-------+-----+
|Available        |      300|  240|  94464|  47232|    0|
+-----------------+---------+-----+-------+-------+-----+
|Utilization (%)  |        0|    0|     ~0|      1|    0|
+-----------------+---------+-----+-------+-------+-----+

+ Detail: 
    * Instance: 
    +-----------------------------------------------------------+------------------------------------------------+---------+----+-----+-----+-----+
    |                          Instance                         |                     Module                     | BRAM_18K| DSP|  FF | LUT | URAM|
    +-----------------------------------------------------------+------------------------------------------------+---------+----+-----+-----+-----+
    |grp_v_hcresampler_core_1_Pipeline_VITIS_LOOP_769_2_fu_190  |v_hcresampler_core_1_Pipeline_VITIS_LOOP_769_2  |        0|   0|  222|  646|    0|
    +-----------------------------------------------------------+------------------------------------------------+---------+----+-----+-----+-----+
    |Total                                                      |                                                |        0|   0|  222|  646|    0|
    +-----------------------------------------------------------+------------------------------------------------+---------+----+-----+-----+-----+

    * DSP: 
    N/A

    * Memory: 
    N/A

    * FIFO: 
    N/A

    * Expression: 
    +--------------------------+----------+----+---+----+------------+------------+
    |       Variable Name      | Operation| DSP| FF| LUT| Bitwidth P0| Bitwidth P1|
    +--------------------------+----------+----+---+----+------------+------------+
    |add_ln767_fu_284_p2       |         +|   0|  0|  22|          15|           1|
    |loopWidth_fu_260_p2       |         +|   0|  0|  23|          16|          16|
    |icmp_ln767_fu_279_p2      |      icmp|   0|  0|  23|          16|          16|
    |icmp_ln769_fu_266_p2      |      icmp|   0|  0|  23|          16|           1|
    |ap_block_state1           |        or|   0|  0|   2|           1|           1|
    |select_ln738_1_fu_351_p3  |    select|   0|  0|   8|           1|           8|
    |select_ln738_2_fu_357_p3  |    select|   0|  0|   8|           1|           8|
    |select_ln738_3_fu_363_p3  |    select|   0|  0|   8|           1|           8|
    |select_ln738_fu_345_p3    |    select|   0|  0|   8|           1|           8|
    |xOffset_fu_237_p2         |       xor|   0|  0|   2|           1|           2|
    +--------------------------+----------+----+---+----+------------+------------+
    |Total                     |          |   0|  0| 127|          69|          69|
    +--------------------------+----------+----+---+----+------------+------------+

    * Multiplexer: 
    +------------+----+-----------+-----+-----------+
    |    Name    | LUT| Input Size| Bits| Total Bits|
    +------------+----+-----------+-----+-----------+
    |ap_NS_fsm   |  37|          7|    1|          7|
    |ap_done     |   9|          2|    1|          2|
    |real_start  |   9|          2|    1|          2|
    |y_2_fu_56   |   9|          2|   15|         30|
    +------------+----+-----------+-----+-----------+
    |Total       |  64|         13|   18|         41|
    +------------+----+-----------+-----+-----------+

    * Register: 
    +------------------------------------------------------------------------+----+----+-----+-----------+
    |                                  Name                                  | FF | LUT| Bits| Const Bits|
    +------------------------------------------------------------------------+----+----+-----+-----------+
    |ap_CS_fsm                                                               |   6|   0|    6|          0|
    |ap_done_reg                                                             |   1|   0|    1|          0|
    |grp_v_hcresampler_core_1_Pipeline_VITIS_LOOP_769_2_fu_190_ap_start_reg  |   1|   0|    1|          0|
    |icmp_ln769_reg_596                                                      |   1|   0|    1|          0|
    |inpix_0_0_0_0_0_load746_lcssa800_i_fu_60                                |   8|   0|    8|          0|
    |inpix_0_1_0_0_0_load748_lcssa803_i_fu_64                                |   8|   0|    8|          0|
    |inpix_0_2_0_0_0_load750_lcssa806_i_fu_68                                |   8|   0|    8|          0|
    |inpix_0_3_0_0_0_load752_lcssa809_i_fu_72                                |   8|   0|    8|          0|
    |inpix_0_4_0_0_0_load754_lcssa812_i_fu_76                                |   8|   0|    8|          0|
    |inpix_0_5_0_0_0_load756_lcssa815_i_fu_80                                |   8|   0|    8|          0|
    |loopHeight_reg_576                                                      |  16|   0|   16|          0|
    |loopWidth_reg_591                                                       |  16|   0|   16|          0|
    |lshr_ln_reg_586                                                         |  15|   0|   15|          0|
    |mpix_cb_1_fu_120                                                        |   8|   0|    8|          0|
    |mpix_cb_fu_116                                                          |   8|   0|    8|          0|
    |mpix_cr_1_fu_128                                                        |   8|   0|    8|          0|
    |mpix_cr_fu_124                                                          |   8|   0|    8|          0|
    |p_0_0_0_0_0509_1_3788_lcssa847_i_fu_108                                 |   8|   0|    8|          0|
    |p_0_0_0_0_0509_2771_lcssa835_i_fu_92                                    |   8|   0|    8|          0|
    |p_0_0_0_0_0509_3779_lcssa841_i_fu_100                                   |   8|   0|    8|          0|
    |p_0_0_0_0_0517758_lcssa818_i_fu_84                                      |   8|   0|    8|          0|
    |p_0_0_0_0_0_2775_lcssa838_i_fu_96                                       |   8|   0|    8|          0|
    |p_0_0_0_0_0_3783_lcssa844_i_fu_104                                      |   8|   0|    8|          0|
    |p_0_3_0_0_0760_lcssa821_i_fu_88                                         |   8|   0|    8|          0|
    |p_read_3_reg_546                                                        |   1|   0|    1|          0|
    |pixbuf_y_1_fu_136                                                       |   8|   0|    8|          0|
    |pixbuf_y_2_fu_140                                                       |   8|   0|    8|          0|
    |pixbuf_y_2_load_reg_607                                                 |   8|   0|    8|          0|
    |pixbuf_y_3_fu_144                                                       |   8|   0|    8|          0|
    |pixbuf_y_3_load_reg_612                                                 |   8|   0|    8|          0|
    |pixbuf_y_4_fu_148                                                       |   8|   0|    8|          0|
    |pixbuf_y_5_fu_152                                                       |   8|   0|    8|          0|
    |pixbuf_y_fu_132                                                         |   8|   0|    8|          0|
    |start_once_reg                                                          |   1|   0|    1|          0|
    |storemerge_lcssa850_i_fu_112                                            |   8|   0|    8|          0|
    |xOffset_reg_581                                                         |   1|   0|    1|          0|
    |y_2_fu_56                                                               |  15|   0|   15|          0|
    +------------------------------------------------------------------------+----+----+-----+-----------+
    |Total                                                                   | 282|   0|  282|          0|
    +------------------------------------------------------------------------+----+----+-----+-----------+



================================================================
== Interface
================================================================
* Summary: 
+--------------------------------------+-----+-----+------------+-----------------------+--------------+
|               RTL Ports              | Dir | Bits|  Protocol  |     Source Object     |    C Type    |
+--------------------------------------+-----+-----+------------+-----------------------+--------------+
|ap_clk                                |   in|    1|  ap_ctrl_hs|   v_hcresampler_core.1|  return value|
|ap_rst                                |   in|    1|  ap_ctrl_hs|   v_hcresampler_core.1|  return value|
|ap_start                              |   in|    1|  ap_ctrl_hs|   v_hcresampler_core.1|  return value|
|start_full_n                          |   in|    1|  ap_ctrl_hs|   v_hcresampler_core.1|  return value|
|ap_done                               |  out|    1|  ap_ctrl_hs|   v_hcresampler_core.1|  return value|
|ap_continue                           |   in|    1|  ap_ctrl_hs|   v_hcresampler_core.1|  return value|
|ap_idle                               |  out|    1|  ap_ctrl_hs|   v_hcresampler_core.1|  return value|
|ap_ready                              |  out|    1|  ap_ctrl_hs|   v_hcresampler_core.1|  return value|
|start_out                             |  out|    1|  ap_ctrl_hs|   v_hcresampler_core.1|  return value|
|start_write                           |  out|    1|  ap_ctrl_hs|   v_hcresampler_core.1|  return value|
|height                                |   in|   16|     ap_none|                 height|       pointer|
|width                                 |   in|   16|     ap_none|                  width|       pointer|
|p_read                                |   in|    1|     ap_none|                 p_read|        scalar|
|stream_csc_dout                       |   in|   48|     ap_fifo|             stream_csc|       pointer|
|stream_csc_empty_n                    |   in|    1|     ap_fifo|             stream_csc|       pointer|
|stream_csc_read                       |  out|    1|     ap_fifo|             stream_csc|       pointer|
|stream_csc_num_data_valid             |   in|    5|     ap_fifo|             stream_csc|       pointer|
|stream_csc_fifo_cap                   |   in|    5|     ap_fifo|             stream_csc|       pointer|
|stream_out_hresampled_din             |  out|   48|     ap_fifo|  stream_out_hresampled|       pointer|
|stream_out_hresampled_full_n          |   in|    1|     ap_fifo|  stream_out_hresampled|       pointer|
|stream_out_hresampled_write           |  out|    1|     ap_fifo|  stream_out_hresampled|       pointer|
|stream_out_hresampled_num_data_valid  |   in|   32|     ap_fifo|  stream_out_hresampled|       pointer|
|stream_out_hresampled_fifo_cap        |   in|   32|     ap_fifo|  stream_out_hresampled|       pointer|
+--------------------------------------+-----+-----+------------+-----------------------+--------------+

============================================================
+ Verbose Summary: Synthesis Manager
============================================================
InlineROM: 1
ExposeGlobal: 0
============================================================
+ Verbose Summary: CDFG Model
============================================================
IsTopModel: 0
ResetActiveHigh: 1
IsCombinational: 2
IsDatapathOnly: 0
HasWiredReturn: 1
HasMFsm: 0
HasVarLatency: 1
IsPipeline: 0
IsRtlPipelined: 0
IsInstanceOverlapped: 0
IsDontTouch: 0
HasImplIP: 0
IsGatedGlobalClock: 0


============================================================
+ Verbose Summary: Schedule
============================================================
* Number of FSM states : 6
* Pipeline : 0
* Dataflow Pipeline: 0

* FSM state transitions: 
1 --> 2 
2 --> 3 
3 --> 4 
4 --> 5 
5 --> 6 
6 --> 3 

* FSM state operations: 

State 1 <SV = 0> <Delay = 1.82>
ST_1 : Operation 7 [1/1] (0.00ns)   --->   "%y_2 = alloca i32 1"   --->   Operation 7 'alloca' 'y_2' <Predicate = true> <Delay = 0.00>
ST_1 : Operation 8 [1/1] (0.00ns)   --->   "%inpix_0_0_0_0_0_load746_lcssa800_i = alloca i32 1"   --->   Operation 8 'alloca' 'inpix_0_0_0_0_0_load746_lcssa800_i' <Predicate = true> <Delay = 0.00>
ST_1 : Operation 9 [1/1] (0.00ns)   --->   "%inpix_0_1_0_0_0_load748_lcssa803_i = alloca i32 1"   --->   Operation 9 'alloca' 'inpix_0_1_0_0_0_load748_lcssa803_i' <Predicate = true> <Delay = 0.00>
ST_1 : Operation 10 [1/1] (0.00ns)   --->   "%inpix_0_2_0_0_0_load750_lcssa806_i = alloca i32 1"   --->   Operation 10 'alloca' 'inpix_0_2_0_0_0_load750_lcssa806_i' <Predicate = true> <Delay = 0.00>
ST_1 : Operation 11 [1/1] (0.00ns)   --->   "%inpix_0_3_0_0_0_load752_lcssa809_i = alloca i32 1"   --->   Operation 11 'alloca' 'inpix_0_3_0_0_0_load752_lcssa809_i' <Predicate = true> <Delay = 0.00>
ST_1 : Operation 12 [1/1] (0.00ns)   --->   "%inpix_0_4_0_0_0_load754_lcssa812_i = alloca i32 1"   --->   Operation 12 'alloca' 'inpix_0_4_0_0_0_load754_lcssa812_i' <Predicate = true> <Delay = 0.00>
ST_1 : Operation 13 [1/1] (0.00ns)   --->   "%inpix_0_5_0_0_0_load756_lcssa815_i = alloca i32 1"   --->   Operation 13 'alloca' 'inpix_0_5_0_0_0_load756_lcssa815_i' <Predicate = true> <Delay = 0.00>
ST_1 : Operation 14 [1/1] (0.00ns)   --->   "%p_0_0_0_0_0517758_lcssa818_i = alloca i32 1"   --->   Operation 14 'alloca' 'p_0_0_0_0_0517758_lcssa818_i' <Predicate = true> <Delay = 0.00>
ST_1 : Operation 15 [1/1] (0.00ns)   --->   "%p_0_3_0_0_0760_lcssa821_i = alloca i32 1"   --->   Operation 15 'alloca' 'p_0_3_0_0_0760_lcssa821_i' <Predicate = true> <Delay = 0.00>
ST_1 : Operation 16 [1/1] (0.00ns)   --->   "%p_0_0_0_0_0509_2771_lcssa835_i = alloca i32 1"   --->   Operation 16 'alloca' 'p_0_0_0_0_0509_2771_lcssa835_i' <Predicate = true> <Delay = 0.00>
ST_1 : Operation 17 [1/1] (0.00ns)   --->   "%p_0_0_0_0_0_2775_lcssa838_i = alloca i32 1"   --->   Operation 17 'alloca' 'p_0_0_0_0_0_2775_lcssa838_i' <Predicate = true> <Delay = 0.00>
ST_1 : Operation 18 [1/1] (0.00ns)   --->   "%p_0_0_0_0_0509_3779_lcssa841_i = alloca i32 1"   --->   Operation 18 'alloca' 'p_0_0_0_0_0509_3779_lcssa841_i' <Predicate = true> <Delay = 0.00>
ST_1 : Operation 19 [1/1] (0.00ns)   --->   "%p_0_0_0_0_0_3783_lcssa844_i = alloca i32 1"   --->   Operation 19 'alloca' 'p_0_0_0_0_0_3783_lcssa844_i' <Predicate = true> <Delay = 0.00>
ST_1 : Operation 20 [1/1] (0.00ns)   --->   "%p_0_0_0_0_0509_1_3788_lcssa847_i = alloca i32 1"   --->   Operation 20 'alloca' 'p_0_0_0_0_0509_1_3788_lcssa847_i' <Predicate = true> <Delay = 0.00>
ST_1 : Operation 21 [1/1] (0.00ns)   --->   "%storemerge_lcssa850_i = alloca i32 1"   --->   Operation 21 'alloca' 'storemerge_lcssa850_i' <Predicate = true> <Delay = 0.00>
ST_1 : Operation 22 [1/1] (0.00ns)   --->   "%mpix_cb = alloca i32 1" [C:/TFG_Vivado/vivado/axu2cga_trd.runs/bd_197a_csc_0_synth_1/prj/sol/.autopilot/db/v_csc.cpp:738->C:/TFG_Vivado/vivado/axu2cga_trd.runs/bd_197a_csc_0_synth_1/prj/sol/.autopilot/db/v_csc.cpp:483]   --->   Operation 22 'alloca' 'mpix_cb' <Predicate = true> <Delay = 0.00>
ST_1 : Operation 23 [1/1] (0.00ns)   --->   "%mpix_cb_1 = alloca i32 1" [C:/TFG_Vivado/vivado/axu2cga_trd.runs/bd_197a_csc_0_synth_1/prj/sol/.autopilot/db/v_csc.cpp:738->C:/TFG_Vivado/vivado/axu2cga_trd.runs/bd_197a_csc_0_synth_1/prj/sol/.autopilot/db/v_csc.cpp:483]   --->   Operation 23 'alloca' 'mpix_cb_1' <Predicate = true> <Delay = 0.00>
ST_1 : Operation 24 [1/1] (0.00ns)   --->   "%mpix_cr = alloca i32 1" [C:/TFG_Vivado/vivado/axu2cga_trd.runs/bd_197a_csc_0_synth_1/prj/sol/.autopilot/db/v_csc.cpp:738->C:/TFG_Vivado/vivado/axu2cga_trd.runs/bd_197a_csc_0_synth_1/prj/sol/.autopilot/db/v_csc.cpp:483]   --->   Operation 24 'alloca' 'mpix_cr' <Predicate = true> <Delay = 0.00>
ST_1 : Operation 25 [1/1] (0.00ns)   --->   "%mpix_cr_1 = alloca i32 1" [C:/TFG_Vivado/vivado/axu2cga_trd.runs/bd_197a_csc_0_synth_1/prj/sol/.autopilot/db/v_csc.cpp:738->C:/TFG_Vivado/vivado/axu2cga_trd.runs/bd_197a_csc_0_synth_1/prj/sol/.autopilot/db/v_csc.cpp:483]   --->   Operation 25 'alloca' 'mpix_cr_1' <Predicate = true> <Delay = 0.00>
ST_1 : Operation 26 [1/1] (0.00ns)   --->   "%pixbuf_y = alloca i32 1" [C:/TFG_Vivado/vivado/axu2cga_trd.runs/bd_197a_csc_0_synth_1/prj/sol/.autopilot/db/v_csc.cpp:745->C:/TFG_Vivado/vivado/axu2cga_trd.runs/bd_197a_csc_0_synth_1/prj/sol/.autopilot/db/v_csc.cpp:483]   --->   Operation 26 'alloca' 'pixbuf_y' <Predicate = true> <Delay = 0.00>
ST_1 : Operation 27 [1/1] (0.00ns)   --->   "%pixbuf_y_1 = alloca i32 1" [C:/TFG_Vivado/vivado/axu2cga_trd.runs/bd_197a_csc_0_synth_1/prj/sol/.autopilot/db/v_csc.cpp:745->C:/TFG_Vivado/vivado/axu2cga_trd.runs/bd_197a_csc_0_synth_1/prj/sol/.autopilot/db/v_csc.cpp:483]   --->   Operation 27 'alloca' 'pixbuf_y_1' <Predicate = true> <Delay = 0.00>
ST_1 : Operation 28 [1/1] (0.00ns)   --->   "%pixbuf_y_2 = alloca i32 1" [C:/TFG_Vivado/vivado/axu2cga_trd.runs/bd_197a_csc_0_synth_1/prj/sol/.autopilot/db/v_csc.cpp:745->C:/TFG_Vivado/vivado/axu2cga_trd.runs/bd_197a_csc_0_synth_1/prj/sol/.autopilot/db/v_csc.cpp:483]   --->   Operation 28 'alloca' 'pixbuf_y_2' <Predicate = true> <Delay = 0.00>
ST_1 : Operation 29 [1/1] (0.00ns)   --->   "%pixbuf_y_3 = alloca i32 1" [C:/TFG_Vivado/vivado/axu2cga_trd.runs/bd_197a_csc_0_synth_1/prj/sol/.autopilot/db/v_csc.cpp:745->C:/TFG_Vivado/vivado/axu2cga_trd.runs/bd_197a_csc_0_synth_1/prj/sol/.autopilot/db/v_csc.cpp:483]   --->   Operation 29 'alloca' 'pixbuf_y_3' <Predicate = true> <Delay = 0.00>
ST_1 : Operation 30 [1/1] (0.00ns)   --->   "%pixbuf_y_4 = alloca i32 1" [C:/TFG_Vivado/vivado/axu2cga_trd.runs/bd_197a_csc_0_synth_1/prj/sol/.autopilot/db/v_csc.cpp:745->C:/TFG_Vivado/vivado/axu2cga_trd.runs/bd_197a_csc_0_synth_1/prj/sol/.autopilot/db/v_csc.cpp:483]   --->   Operation 30 'alloca' 'pixbuf_y_4' <Predicate = true> <Delay = 0.00>
ST_1 : Operation 31 [1/1] (0.00ns)   --->   "%pixbuf_y_5 = alloca i32 1" [C:/TFG_Vivado/vivado/axu2cga_trd.runs/bd_197a_csc_0_synth_1/prj/sol/.autopilot/db/v_csc.cpp:745->C:/TFG_Vivado/vivado/axu2cga_trd.runs/bd_197a_csc_0_synth_1/prj/sol/.autopilot/db/v_csc.cpp:483]   --->   Operation 31 'alloca' 'pixbuf_y_5' <Predicate = true> <Delay = 0.00>
ST_1 : Operation 32 [1/1] (1.82ns)   --->   "%p_read_3 = read i1 @_ssdm_op_Read.ap_auto.i1, i1 %p_read"   --->   Operation 32 'read' 'p_read_3' <Predicate = true> <Delay = 1.82> <CoreInst = "FIFO_SRL">   --->   Core 80 'FIFO_SRL' <Latency = 0> <II = 1> <Delay = 2.16> <Storage> <Opcode : 'read' 'write' 'nbread' 'nbwrite'> <Ports = 0> <Width = 1> <Depth = 2> <FIFO>
ST_1 : Operation 33 [1/1] (0.00ns)   --->   "%mpix_cb_3_loc = alloca i64 1"   --->   Operation 33 'alloca' 'mpix_cb_3_loc' <Predicate = true> <Delay = 0.00>
ST_1 : Operation 34 [1/1] (0.00ns)   --->   "%mpix_cr_3_loc = alloca i64 1"   --->   Operation 34 'alloca' 'mpix_cr_3_loc' <Predicate = true> <Delay = 0.00>
ST_1 : Operation 35 [1/1] (0.00ns)   --->   "%pixbuf_y_10_loc = alloca i64 1"   --->   Operation 35 'alloca' 'pixbuf_y_10_loc' <Predicate = true> <Delay = 0.00>
ST_1 : Operation 36 [1/1] (0.00ns)   --->   "%pixbuf_y_11_loc = alloca i64 1"   --->   Operation 36 'alloca' 'pixbuf_y_11_loc' <Predicate = true> <Delay = 0.00>
ST_1 : Operation 37 [1/1] (0.48ns)   --->   "%store_ln0 = store i15 0, i15 %y_2"   --->   Operation 37 'store' 'store_ln0' <Predicate = true> <Delay = 0.48>

State 2 <SV = 1> <Delay = 2.34>
ST_2 : Operation 38 [1/1] (0.00ns)   --->   "%specstablecontent_ln0 = specstablecontent void @_ssdm_op_SpecStableContent, i16 %height, i1 1, void "   --->   Operation 38 'specstablecontent' 'specstablecontent_ln0' <Predicate = true> <Delay = 0.00>
ST_2 : Operation 39 [1/1] (0.00ns)   --->   "%specstablecontent_ln0 = specstablecontent void @_ssdm_op_SpecStableContent, i16 %width, i1 1, void "   --->   Operation 39 'specstablecontent' 'specstablecontent_ln0' <Predicate = true> <Delay = 0.00>
ST_2 : Operation 40 [1/1] (0.00ns)   --->   "%specinterface_ln0 = specinterface void @_ssdm_op_SpecInterface, i48 %stream_csc, void @empty_34, i32 0, i32 0, void @empty_49, i32 0, i32 0, void @empty_49, void @empty_49, void @empty_49, i32 0, i32 0, i32 0, i32 0, void @empty_49, void @empty_49, i32 4294967295, i32 0, i32 0, i32 0"   --->   Operation 40 'specinterface' 'specinterface_ln0' <Predicate = true> <Delay = 0.00>
ST_2 : Operation 41 [1/1] (0.00ns)   --->   "%specinterface_ln0 = specinterface void @_ssdm_op_SpecInterface, i48 %stream_out_hresampled, void @empty_34, i32 0, i32 0, void @empty_49, i32 0, i32 0, void @empty_49, void @empty_49, void @empty_49, i32 0, i32 0, i32 0, i32 0, void @empty_49, void @empty_49, i32 4294967295, i32 0, i32 0, i32 0"   --->   Operation 41 'specinterface' 'specinterface_ln0' <Predicate = true> <Delay = 0.00>
ST_2 : Operation 42 [1/1] (0.00ns)   --->   "%loopHeight = read i16 @_ssdm_op_Read.ap_auto.i16P0A, i16 %height" [C:/TFG_Vivado/vivado/axu2cga_trd.runs/bd_197a_csc_0_synth_1/prj/sol/.autopilot/db/v_csc.cpp:372]   --->   Operation 42 'read' 'loopHeight' <Predicate = true> <Delay = 0.00>
ST_2 : Operation 43 [1/1] (0.00ns)   --->   "%width_read = read i16 @_ssdm_op_Read.ap_auto.i16P0A, i16 %width" [C:/TFG_Vivado/vivado/axu2cga_trd.runs/bd_197a_csc_0_synth_1/prj/sol/.autopilot/db/v_csc.cpp:371]   --->   Operation 43 'read' 'width_read' <Predicate = true> <Delay = 0.00>
ST_2 : Operation 44 [1/1] (0.33ns)   --->   "%xOffset = xor i1 %p_read_3, i1 1" [C:/TFG_Vivado/vivado/axu2cga_trd.runs/bd_197a_csc_0_synth_1/prj/sol/.autopilot/db/v_csc.cpp:749->C:/TFG_Vivado/vivado/axu2cga_trd.runs/bd_197a_csc_0_synth_1/prj/sol/.autopilot/db/v_csc.cpp:483]   --->   Operation 44 'xor' 'xOffset' <Predicate = true> <Delay = 0.33> <CoreInst = "LogicGate">   --->   Core 74 'LogicGate' <Latency = 0> <II = 1> <Delay = 0.33> <FuncUnit> <Opcode : 'and' 'or' 'xor'> <InPorts = 2> <OutPorts = 1>
ST_2 : Operation 45 [1/1] (0.00ns)   --->   "%zext_ln730 = zext i1 %xOffset" [C:/TFG_Vivado/vivado/axu2cga_trd.runs/bd_197a_csc_0_synth_1/prj/sol/.autopilot/db/v_csc.cpp:730->C:/TFG_Vivado/vivado/axu2cga_trd.runs/bd_197a_csc_0_synth_1/prj/sol/.autopilot/db/v_csc.cpp:483]   --->   Operation 45 'zext' 'zext_ln730' <Predicate = true> <Delay = 0.00>
ST_2 : Operation 46 [1/1] (0.00ns)   --->   "%lshr_ln = partselect i15 @_ssdm_op_PartSelect.i15.i16.i32.i32, i16 %width_read, i32 1, i32 15" [C:/TFG_Vivado/vivado/axu2cga_trd.runs/bd_197a_csc_0_synth_1/prj/sol/.autopilot/db/v_csc.cpp:765->C:/TFG_Vivado/vivado/axu2cga_trd.runs/bd_197a_csc_0_synth_1/prj/sol/.autopilot/db/v_csc.cpp:483]   --->   Operation 46 'partselect' 'lshr_ln' <Predicate = true> <Delay = 0.00>
ST_2 : Operation 47 [1/1] (0.00ns)   --->   "%zext_ln765 = zext i15 %lshr_ln" [C:/TFG_Vivado/vivado/axu2cga_trd.runs/bd_197a_csc_0_synth_1/prj/sol/.autopilot/db/v_csc.cpp:765->C:/TFG_Vivado/vivado/axu2cga_trd.runs/bd_197a_csc_0_synth_1/prj/sol/.autopilot/db/v_csc.cpp:483]   --->   Operation 47 'zext' 'zext_ln765' <Predicate = true> <Delay = 0.00>
ST_2 : Operation 48 [1/1] (1.00ns)   --->   "%loopWidth = add i16 %zext_ln765, i16 %zext_ln730" [C:/TFG_Vivado/vivado/axu2cga_trd.runs/bd_197a_csc_0_synth_1/prj/sol/.autopilot/db/v_csc.cpp:765->C:/TFG_Vivado/vivado/axu2cga_trd.runs/bd_197a_csc_0_synth_1/prj/sol/.autopilot/db/v_csc.cpp:483]   --->   Operation 48 'add' 'loopWidth' <Predicate = true> <Delay = 1.00> <CoreInst = "Adder">   --->   Core 1 'Adder' <Latency = 0> <II = 1> <Delay = 1.01> <FuncUnit> <Opcode : 'add' 'sub'> <InPorts = 2> <OutPorts = 1>
ST_2 : Operation 49 [1/1] (1.01ns)   --->   "%icmp_ln769 = icmp_sgt  i16 %loopWidth, i16 0" [C:/TFG_Vivado/vivado/axu2cga_trd.runs/bd_197a_csc_0_synth_1/prj/sol/.autopilot/db/v_csc.cpp:769->C:/TFG_Vivado/vivado/axu2cga_trd.runs/bd_197a_csc_0_synth_1/prj/sol/.autopilot/db/v_csc.cpp:483]   --->   Operation 49 'icmp' 'icmp_ln769' <Predicate = true> <Delay = 1.01> <CoreInst = "Cmp">   --->   Core 9 'Cmp' <Latency = 0> <II = 1> <Delay = 1.01> <FuncUnit> <Opcode : 'seteq' 'setne' 'setle' 'setge' 'setlt' 'setgt'> <InPorts = 2> <OutPorts = 1>
ST_2 : Operation 50 [1/1] (0.00ns)   --->   "%br_ln767 = br void %VITIS_LOOP_769_2.i" [C:/TFG_Vivado/vivado/axu2cga_trd.runs/bd_197a_csc_0_synth_1/prj/sol/.autopilot/db/v_csc.cpp:767->C:/TFG_Vivado/vivado/axu2cga_trd.runs/bd_197a_csc_0_synth_1/prj/sol/.autopilot/db/v_csc.cpp:483]   --->   Operation 50 'br' 'br_ln767' <Predicate = true> <Delay = 0.00>

State 3 <SV = 2> <Delay = 1.50>
ST_3 : Operation 51 [1/1] (0.00ns)   --->   "%y_2_load = load i15 %y_2" [C:/TFG_Vivado/vivado/axu2cga_trd.runs/bd_197a_csc_0_synth_1/prj/sol/.autopilot/db/v_csc.cpp:767->C:/TFG_Vivado/vivado/axu2cga_trd.runs/bd_197a_csc_0_synth_1/prj/sol/.autopilot/db/v_csc.cpp:483]   --->   Operation 51 'load' 'y_2_load' <Predicate = true> <Delay = 0.00>
ST_3 : Operation 52 [1/1] (0.00ns)   --->   "%zext_ln767 = zext i15 %y_2_load" [C:/TFG_Vivado/vivado/axu2cga_trd.runs/bd_197a_csc_0_synth_1/prj/sol/.autopilot/db/v_csc.cpp:767->C:/TFG_Vivado/vivado/axu2cga_trd.runs/bd_197a_csc_0_synth_1/prj/sol/.autopilot/db/v_csc.cpp:483]   --->   Operation 52 'zext' 'zext_ln767' <Predicate = true> <Delay = 0.00>
ST_3 : Operation 53 [1/1] (1.01ns)   --->   "%icmp_ln767 = icmp_slt  i16 %zext_ln767, i16 %loopHeight" [C:/TFG_Vivado/vivado/axu2cga_trd.runs/bd_197a_csc_0_synth_1/prj/sol/.autopilot/db/v_csc.cpp:767->C:/TFG_Vivado/vivado/axu2cga_trd.runs/bd_197a_csc_0_synth_1/prj/sol/.autopilot/db/v_csc.cpp:483]   --->   Operation 53 'icmp' 'icmp_ln767' <Predicate = true> <Delay = 1.01> <CoreInst = "Cmp">   --->   Core 9 'Cmp' <Latency = 0> <II = 1> <Delay = 1.01> <FuncUnit> <Opcode : 'seteq' 'setne' 'setle' 'setge' 'setlt' 'setgt'> <InPorts = 2> <OutPorts = 1>
ST_3 : Operation 54 [1/1] (0.00ns)   --->   "%speclooptripcount_ln0 = speclooptripcount void @_ssdm_op_SpecLoopTripCount, i64 0, i64 32767, i64 32767"   --->   Operation 54 'speclooptripcount' 'speclooptripcount_ln0' <Predicate = true> <Delay = 0.00>
ST_3 : Operation 55 [1/1] (1.00ns)   --->   "%add_ln767 = add i15 %y_2_load, i15 1" [C:/TFG_Vivado/vivado/axu2cga_trd.runs/bd_197a_csc_0_synth_1/prj/sol/.autopilot/db/v_csc.cpp:767->C:/TFG_Vivado/vivado/axu2cga_trd.runs/bd_197a_csc_0_synth_1/prj/sol/.autopilot/db/v_csc.cpp:483]   --->   Operation 55 'add' 'add_ln767' <Predicate = true> <Delay = 1.00> <CoreInst = "Adder">   --->   Core 1 'Adder' <Latency = 0> <II = 1> <Delay = 1.00> <FuncUnit> <Opcode : 'add' 'sub'> <InPorts = 2> <OutPorts = 1>
ST_3 : Operation 56 [1/1] (0.00ns)   --->   "%br_ln767 = br i1 %icmp_ln767, void %entry.aft.aft.aft.aft.aft.aft.aft.aft.aft.aft.exitStub, void %for.body37.lr.ph.i" [C:/TFG_Vivado/vivado/axu2cga_trd.runs/bd_197a_csc_0_synth_1/prj/sol/.autopilot/db/v_csc.cpp:767->C:/TFG_Vivado/vivado/axu2cga_trd.runs/bd_197a_csc_0_synth_1/prj/sol/.autopilot/db/v_csc.cpp:483]   --->   Operation 56 'br' 'br_ln767' <Predicate = true> <Delay = 0.00>
ST_3 : Operation 57 [1/1] (0.00ns)   --->   "%pixbuf_y_2_load = load i8 %pixbuf_y_2"   --->   Operation 57 'load' 'pixbuf_y_2_load' <Predicate = (icmp_ln767)> <Delay = 0.00>
ST_3 : Operation 58 [1/1] (0.00ns)   --->   "%pixbuf_y_3_load = load i8 %pixbuf_y_3"   --->   Operation 58 'load' 'pixbuf_y_3_load' <Predicate = (icmp_ln767)> <Delay = 0.00>
ST_3 : Operation 59 [1/1] (0.48ns)   --->   "%store_ln767 = store i15 %add_ln767, i15 %y_2" [C:/TFG_Vivado/vivado/axu2cga_trd.runs/bd_197a_csc_0_synth_1/prj/sol/.autopilot/db/v_csc.cpp:767->C:/TFG_Vivado/vivado/axu2cga_trd.runs/bd_197a_csc_0_synth_1/prj/sol/.autopilot/db/v_csc.cpp:483]   --->   Operation 59 'store' 'store_ln767' <Predicate = (icmp_ln767)> <Delay = 0.48>
ST_3 : Operation 60 [1/1] (0.00ns)   --->   "%ret_ln0 = ret"   --->   Operation 60 'ret' 'ret_ln0' <Predicate = (!icmp_ln767)> <Delay = 0.00>

State 4 <SV = 3> <Delay = 1.50>
ST_4 : Operation 61 [1/1] (0.00ns)   --->   "%p_0_0_0_0_0517758_lcssa818_i_load = load i8 %p_0_0_0_0_0517758_lcssa818_i"   --->   Operation 61 'load' 'p_0_0_0_0_0517758_lcssa818_i_load' <Predicate = true> <Delay = 0.00>
ST_4 : Operation 62 [1/1] (0.00ns)   --->   "%p_0_3_0_0_0760_lcssa821_i_load = load i8 %p_0_3_0_0_0760_lcssa821_i"   --->   Operation 62 'load' 'p_0_3_0_0_0760_lcssa821_i_load' <Predicate = true> <Delay = 0.00>
ST_4 : Operation 63 [1/1] (0.00ns)   --->   "%p_0_0_0_0_0509_1_3788_lcssa847_i_load = load i8 %p_0_0_0_0_0509_1_3788_lcssa847_i"   --->   Operation 63 'load' 'p_0_0_0_0_0509_1_3788_lcssa847_i_load' <Predicate = true> <Delay = 0.00>
ST_4 : Operation 64 [1/1] (0.00ns)   --->   "%storemerge_lcssa850_i_load = load i8 %storemerge_lcssa850_i"   --->   Operation 64 'load' 'storemerge_lcssa850_i_load' <Predicate = true> <Delay = 0.00>
ST_4 : Operation 65 [1/1] (0.00ns)   --->   "%mpix_cb_1_load = load i8 %mpix_cb_1"   --->   Operation 65 'load' 'mpix_cb_1_load' <Predicate = true> <Delay = 0.00>
ST_4 : Operation 66 [1/1] (0.00ns)   --->   "%mpix_cr_1_load = load i8 %mpix_cr_1"   --->   Operation 66 'load' 'mpix_cr_1_load' <Predicate = true> <Delay = 0.00>
ST_4 : Operation 67 [1/1] (0.00ns)   --->   "%pixbuf_y_4_load = load i8 %pixbuf_y_4"   --->   Operation 67 'load' 'pixbuf_y_4_load' <Predicate = true> <Delay = 0.00>
ST_4 : Operation 68 [1/1] (0.00ns)   --->   "%pixbuf_y_5_load = load i8 %pixbuf_y_5"   --->   Operation 68 'load' 'pixbuf_y_5_load' <Predicate = true> <Delay = 0.00>
ST_4 : Operation 69 [2/2] (1.50ns)   --->   "%call_ln765 = call void @v_hcresampler_core.1_Pipeline_VITIS_LOOP_769_2, i8 %pixbuf_y_5_load, i8 %pixbuf_y_4_load, i8 %pixbuf_y_3_load, i8 %pixbuf_y_2_load, i8 %mpix_cr_1_load, i8 %mpix_cb_1_load, i8 %storemerge_lcssa850_i_load, i8 %p_0_0_0_0_0509_1_3788_lcssa847_i_load, i8 %p_0_3_0_0_0760_lcssa821_i_load, i8 %p_0_0_0_0_0517758_lcssa818_i_load, i16 %loopWidth, i48 %stream_out_hresampled, i1 %p_read_3, i1 %xOffset, i15 %lshr_ln, i48 %stream_csc, i8 %pixbuf_y_11_loc, i8 %pixbuf_y_10_loc, i8 %pixbuf_y_3, i8 %pixbuf_y_2, i8 %pixbuf_y_1, i8 %pixbuf_y, i8 %mpix_cr_3_loc, i8 %mpix_cr, i8 %mpix_cb_3_loc, i8 %mpix_cb, i8 %p_0_0_0_0_0_3783_lcssa844_i, i8 %p_0_0_0_0_0509_3779_lcssa841_i, i8 %p_0_0_0_0_0_2775_lcssa838_i, i8 %p_0_0_0_0_0509_2771_lcssa835_i, i8 %inpix_0_5_0_0_0_load756_lcssa815_i, i8 %inpix_0_4_0_0_0_load754_lcssa812_i, i8 %inpix_0_3_0_0_0_load752_lcssa809_i, i8 %inpix_0_2_0_0_0_load750_lcssa806_i, i8 %inpix_0_1_0_0_0_load748_lcssa803_i, i8 %inpix_0_0_0_0_0_load746_lcssa800_i" [C:/TFG_Vivado/vivado/axu2cga_trd.runs/bd_197a_csc_0_synth_1/prj/sol/.autopilot/db/v_csc.cpp:765->C:/TFG_Vivado/vivado/axu2cga_trd.runs/bd_197a_csc_0_synth_1/prj/sol/.autopilot/db/v_csc.cpp:483]   --->   Operation 69 'call' 'call_ln765' <Predicate = true> <Delay = 1.50> <CoreType = "Generic">   --->   Generic Core

State 5 <SV = 4> <Delay = 0.00>
ST_5 : Operation 70 [1/2] (0.00ns)   --->   "%call_ln765 = call void @v_hcresampler_core.1_Pipeline_VITIS_LOOP_769_2, i8 %pixbuf_y_5_load, i8 %pixbuf_y_4_load, i8 %pixbuf_y_3_load, i8 %pixbuf_y_2_load, i8 %mpix_cr_1_load, i8 %mpix_cb_1_load, i8 %storemerge_lcssa850_i_load, i8 %p_0_0_0_0_0509_1_3788_lcssa847_i_load, i8 %p_0_3_0_0_0760_lcssa821_i_load, i8 %p_0_0_0_0_0517758_lcssa818_i_load, i16 %loopWidth, i48 %stream_out_hresampled, i1 %p_read_3, i1 %xOffset, i15 %lshr_ln, i48 %stream_csc, i8 %pixbuf_y_11_loc, i8 %pixbuf_y_10_loc, i8 %pixbuf_y_3, i8 %pixbuf_y_2, i8 %pixbuf_y_1, i8 %pixbuf_y, i8 %mpix_cr_3_loc, i8 %mpix_cr, i8 %mpix_cb_3_loc, i8 %mpix_cb, i8 %p_0_0_0_0_0_3783_lcssa844_i, i8 %p_0_0_0_0_0509_3779_lcssa841_i, i8 %p_0_0_0_0_0_2775_lcssa838_i, i8 %p_0_0_0_0_0509_2771_lcssa835_i, i8 %inpix_0_5_0_0_0_load756_lcssa815_i, i8 %inpix_0_4_0_0_0_load754_lcssa812_i, i8 %inpix_0_3_0_0_0_load752_lcssa809_i, i8 %inpix_0_2_0_0_0_load750_lcssa806_i, i8 %inpix_0_1_0_0_0_load748_lcssa803_i, i8 %inpix_0_0_0_0_0_load746_lcssa800_i" [C:/TFG_Vivado/vivado/axu2cga_trd.runs/bd_197a_csc_0_synth_1/prj/sol/.autopilot/db/v_csc.cpp:765->C:/TFG_Vivado/vivado/axu2cga_trd.runs/bd_197a_csc_0_synth_1/prj/sol/.autopilot/db/v_csc.cpp:483]   --->   Operation 70 'call' 'call_ln765' <Predicate = true> <Delay = 0.00> <CoreType = "Generic">   --->   Generic Core

State 6 <SV = 5> <Delay = 0.44>
ST_6 : Operation 71 [1/1] (0.00ns)   --->   "%specloopname_ln767 = specloopname void @_ssdm_op_SpecLoopName, void @empty_43" [C:/TFG_Vivado/vivado/axu2cga_trd.runs/bd_197a_csc_0_synth_1/prj/sol/.autopilot/db/v_csc.cpp:767->C:/TFG_Vivado/vivado/axu2cga_trd.runs/bd_197a_csc_0_synth_1/prj/sol/.autopilot/db/v_csc.cpp:483]   --->   Operation 71 'specloopname' 'specloopname_ln767' <Predicate = true> <Delay = 0.00>
ST_6 : Operation 72 [1/1] (0.00ns)   --->   "%pixbuf_y_11_loc_load = load i8 %pixbuf_y_11_loc"   --->   Operation 72 'load' 'pixbuf_y_11_loc_load' <Predicate = true> <Delay = 0.00>
ST_6 : Operation 73 [1/1] (0.00ns)   --->   "%pixbuf_y_10_loc_load = load i8 %pixbuf_y_10_loc"   --->   Operation 73 'load' 'pixbuf_y_10_loc_load' <Predicate = true> <Delay = 0.00>
ST_6 : Operation 74 [1/1] (0.00ns)   --->   "%mpix_cr_3_loc_load = load i8 %mpix_cr_3_loc"   --->   Operation 74 'load' 'mpix_cr_3_loc_load' <Predicate = true> <Delay = 0.00>
ST_6 : Operation 75 [1/1] (0.00ns)   --->   "%mpix_cb_3_loc_load = load i8 %mpix_cb_3_loc"   --->   Operation 75 'load' 'mpix_cb_3_loc_load' <Predicate = true> <Delay = 0.00>
ST_6 : Operation 76 [1/1] (0.44ns)   --->   "%select_ln738 = select i1 %icmp_ln769, i8 %mpix_cr_3_loc_load, i8 %storemerge_lcssa850_i_load" [C:/TFG_Vivado/vivado/axu2cga_trd.runs/bd_197a_csc_0_synth_1/prj/sol/.autopilot/db/v_csc.cpp:738->C:/TFG_Vivado/vivado/axu2cga_trd.runs/bd_197a_csc_0_synth_1/prj/sol/.autopilot/db/v_csc.cpp:483]   --->   Operation 76 'select' 'select_ln738' <Predicate = true> <Delay = 0.44> <CoreInst = "Sel">   --->   Core 73 'Sel' <Latency = 0> <II = 1> <Delay = 0.44> <FuncUnit> <Opcode : 'select'> <InPorts = 3> <OutPorts = 1>
ST_6 : Operation 77 [1/1] (0.44ns)   --->   "%select_ln738_1 = select i1 %icmp_ln769, i8 %mpix_cb_3_loc_load, i8 %p_0_0_0_0_0509_1_3788_lcssa847_i_load" [C:/TFG_Vivado/vivado/axu2cga_trd.runs/bd_197a_csc_0_synth_1/prj/sol/.autopilot/db/v_csc.cpp:738->C:/TFG_Vivado/vivado/axu2cga_trd.runs/bd_197a_csc_0_synth_1/prj/sol/.autopilot/db/v_csc.cpp:483]   --->   Operation 77 'select' 'select_ln738_1' <Predicate = true> <Delay = 0.44> <CoreInst = "Sel">   --->   Core 73 'Sel' <Latency = 0> <II = 1> <Delay = 0.44> <FuncUnit> <Opcode : 'select'> <InPorts = 3> <OutPorts = 1>
ST_6 : Operation 78 [1/1] (0.44ns)   --->   "%select_ln738_2 = select i1 %icmp_ln769, i8 %pixbuf_y_11_loc_load, i8 %p_0_3_0_0_0760_lcssa821_i_load" [C:/TFG_Vivado/vivado/axu2cga_trd.runs/bd_197a_csc_0_synth_1/prj/sol/.autopilot/db/v_csc.cpp:738->C:/TFG_Vivado/vivado/axu2cga_trd.runs/bd_197a_csc_0_synth_1/prj/sol/.autopilot/db/v_csc.cpp:483]   --->   Operation 78 'select' 'select_ln738_2' <Predicate = true> <Delay = 0.44> <CoreInst = "Sel">   --->   Core 73 'Sel' <Latency = 0> <II = 1> <Delay = 0.44> <FuncUnit> <Opcode : 'select'> <InPorts = 3> <OutPorts = 1>
ST_6 : Operation 79 [1/1] (0.44ns)   --->   "%select_ln738_3 = select i1 %icmp_ln769, i8 %pixbuf_y_10_loc_load, i8 %p_0_0_0_0_0517758_lcssa818_i_load" [C:/TFG_Vivado/vivado/axu2cga_trd.runs/bd_197a_csc_0_synth_1/prj/sol/.autopilot/db/v_csc.cpp:738->C:/TFG_Vivado/vivado/axu2cga_trd.runs/bd_197a_csc_0_synth_1/prj/sol/.autopilot/db/v_csc.cpp:483]   --->   Operation 79 'select' 'select_ln738_3' <Predicate = true> <Delay = 0.44> <CoreInst = "Sel">   --->   Core 73 'Sel' <Latency = 0> <II = 1> <Delay = 0.44> <FuncUnit> <Opcode : 'select'> <InPorts = 3> <OutPorts = 1>
ST_6 : Operation 80 [1/1] (0.00ns)   --->   "%store_ln745 = store i8 %pixbuf_y_11_loc_load, i8 %pixbuf_y_5" [C:/TFG_Vivado/vivado/axu2cga_trd.runs/bd_197a_csc_0_synth_1/prj/sol/.autopilot/db/v_csc.cpp:745->C:/TFG_Vivado/vivado/axu2cga_trd.runs/bd_197a_csc_0_synth_1/prj/sol/.autopilot/db/v_csc.cpp:483]   --->   Operation 80 'store' 'store_ln745' <Predicate = true> <Delay = 0.00>
ST_6 : Operation 81 [1/1] (0.00ns)   --->   "%store_ln745 = store i8 %pixbuf_y_10_loc_load, i8 %pixbuf_y_4" [C:/TFG_Vivado/vivado/axu2cga_trd.runs/bd_197a_csc_0_synth_1/prj/sol/.autopilot/db/v_csc.cpp:745->C:/TFG_Vivado/vivado/axu2cga_trd.runs/bd_197a_csc_0_synth_1/prj/sol/.autopilot/db/v_csc.cpp:483]   --->   Operation 81 'store' 'store_ln745' <Predicate = true> <Delay = 0.00>
ST_6 : Operation 82 [1/1] (0.00ns)   --->   "%store_ln738 = store i8 %mpix_cr_3_loc_load, i8 %mpix_cr_1" [C:/TFG_Vivado/vivado/axu2cga_trd.runs/bd_197a_csc_0_synth_1/prj/sol/.autopilot/db/v_csc.cpp:738->C:/TFG_Vivado/vivado/axu2cga_trd.runs/bd_197a_csc_0_synth_1/prj/sol/.autopilot/db/v_csc.cpp:483]   --->   Operation 82 'store' 'store_ln738' <Predicate = true> <Delay = 0.00>
ST_6 : Operation 83 [1/1] (0.00ns)   --->   "%store_ln738 = store i8 %mpix_cb_3_loc_load, i8 %mpix_cb_1" [C:/TFG_Vivado/vivado/axu2cga_trd.runs/bd_197a_csc_0_synth_1/prj/sol/.autopilot/db/v_csc.cpp:738->C:/TFG_Vivado/vivado/axu2cga_trd.runs/bd_197a_csc_0_synth_1/prj/sol/.autopilot/db/v_csc.cpp:483]   --->   Operation 83 'store' 'store_ln738' <Predicate = true> <Delay = 0.00>
ST_6 : Operation 84 [1/1] (0.00ns)   --->   "%store_ln738 = store i8 %select_ln738, i8 %storemerge_lcssa850_i" [C:/TFG_Vivado/vivado/axu2cga_trd.runs/bd_197a_csc_0_synth_1/prj/sol/.autopilot/db/v_csc.cpp:738->C:/TFG_Vivado/vivado/axu2cga_trd.runs/bd_197a_csc_0_synth_1/prj/sol/.autopilot/db/v_csc.cpp:483]   --->   Operation 84 'store' 'store_ln738' <Predicate = true> <Delay = 0.00>
ST_6 : Operation 85 [1/1] (0.00ns)   --->   "%store_ln738 = store i8 %select_ln738_1, i8 %p_0_0_0_0_0509_1_3788_lcssa847_i" [C:/TFG_Vivado/vivado/axu2cga_trd.runs/bd_197a_csc_0_synth_1/prj/sol/.autopilot/db/v_csc.cpp:738->C:/TFG_Vivado/vivado/axu2cga_trd.runs/bd_197a_csc_0_synth_1/prj/sol/.autopilot/db/v_csc.cpp:483]   --->   Operation 85 'store' 'store_ln738' <Predicate = true> <Delay = 0.00>
ST_6 : Operation 86 [1/1] (0.00ns)   --->   "%store_ln738 = store i8 %select_ln738_2, i8 %p_0_3_0_0_0760_lcssa821_i" [C:/TFG_Vivado/vivado/axu2cga_trd.runs/bd_197a_csc_0_synth_1/prj/sol/.autopilot/db/v_csc.cpp:738->C:/TFG_Vivado/vivado/axu2cga_trd.runs/bd_197a_csc_0_synth_1/prj/sol/.autopilot/db/v_csc.cpp:483]   --->   Operation 86 'store' 'store_ln738' <Predicate = true> <Delay = 0.00>
ST_6 : Operation 87 [1/1] (0.00ns)   --->   "%store_ln738 = store i8 %select_ln738_3, i8 %p_0_0_0_0_0517758_lcssa818_i" [C:/TFG_Vivado/vivado/axu2cga_trd.runs/bd_197a_csc_0_synth_1/prj/sol/.autopilot/db/v_csc.cpp:738->C:/TFG_Vivado/vivado/axu2cga_trd.runs/bd_197a_csc_0_synth_1/prj/sol/.autopilot/db/v_csc.cpp:483]   --->   Operation 87 'store' 'store_ln738' <Predicate = true> <Delay = 0.00>
ST_6 : Operation 88 [1/1] (0.00ns)   --->   "%br_ln767 = br void %VITIS_LOOP_769_2.i" [C:/TFG_Vivado/vivado/axu2cga_trd.runs/bd_197a_csc_0_synth_1/prj/sol/.autopilot/db/v_csc.cpp:767->C:/TFG_Vivado/vivado/axu2cga_trd.runs/bd_197a_csc_0_synth_1/prj/sol/.autopilot/db/v_csc.cpp:483]   --->   Operation 88 'br' 'br_ln767' <Predicate = true> <Delay = 0.00>


============================================================
+ Verbose Summary: Binding
============================================================
STG Binding: 
---------------- STG Properties BEGIN ----------------
- Is combinational: 0
- Is one-state seq: 0
- Is datapath-only: 0
- Is pipelined: 0
- Is top level: 0
Port [ Return ] is wired: 1; IO mode=ap_ctrl_hs:ce=0
Port [ height]:  wired=1; compound=0; hidden=0; nouse=0; global=0; static=0; extern=0; dir=0; type=0; pingpong=0; private_global=0; IO mode=ap_none:ce=0
Port [ width]:  wired=1; compound=0; hidden=0; nouse=0; global=0; static=0; extern=0; dir=0; type=0; pingpong=0; private_global=0; IO mode=ap_none:ce=0
Port [ p_read]:  wired=1; compound=0; hidden=0; nouse=0; global=0; static=0; extern=0; dir=0; type=0; pingpong=0; private_global=0; IO mode=ap_none:ce=0
Port [ stream_csc]:  wired=1; compound=1; hidden=0; nouse=0; global=0; static=0; extern=0; dir=0; type=3; pingpong=0; private_global=0; IO mode=ap_fifo:ce=0
Port [ stream_out_hresampled]:  wired=1; compound=1; hidden=0; nouse=0; global=0; static=0; extern=0; dir=1; type=3; pingpong=0; private_global=0; IO mode=ap_fifo:ce=0
---------------- STG Properties END ------------------

---------------- Datapath Model BEGIN ----------------

<LifeTime>
<method=bitvector/>
y_2                                   (alloca           ) [ 0111111]
inpix_0_0_0_0_0_load746_lcssa800_i    (alloca           ) [ 0011111]
inpix_0_1_0_0_0_load748_lcssa803_i    (alloca           ) [ 0011111]
inpix_0_2_0_0_0_load750_lcssa806_i    (alloca           ) [ 0011111]
inpix_0_3_0_0_0_load752_lcssa809_i    (alloca           ) [ 0011111]
inpix_0_4_0_0_0_load754_lcssa812_i    (alloca           ) [ 0011111]
inpix_0_5_0_0_0_load756_lcssa815_i    (alloca           ) [ 0011111]
p_0_0_0_0_0517758_lcssa818_i          (alloca           ) [ 0011111]
p_0_3_0_0_0760_lcssa821_i             (alloca           ) [ 0011111]
p_0_0_0_0_0509_2771_lcssa835_i        (alloca           ) [ 0011111]
p_0_0_0_0_0_2775_lcssa838_i           (alloca           ) [ 0011111]
p_0_0_0_0_0509_3779_lcssa841_i        (alloca           ) [ 0011111]
p_0_0_0_0_0_3783_lcssa844_i           (alloca           ) [ 0011111]
p_0_0_0_0_0509_1_3788_lcssa847_i      (alloca           ) [ 0011111]
storemerge_lcssa850_i                 (alloca           ) [ 0011111]
mpix_cb                               (alloca           ) [ 0011111]
mpix_cb_1                             (alloca           ) [ 0011111]
mpix_cr                               (alloca           ) [ 0011111]
mpix_cr_1                             (alloca           ) [ 0011111]
pixbuf_y                              (alloca           ) [ 0011111]
pixbuf_y_1                            (alloca           ) [ 0011111]
pixbuf_y_2                            (alloca           ) [ 0011111]
pixbuf_y_3                            (alloca           ) [ 0011111]
pixbuf_y_4                            (alloca           ) [ 0011111]
pixbuf_y_5                            (alloca           ) [ 0011111]
p_read_3                              (read             ) [ 0011111]
mpix_cb_3_loc                         (alloca           ) [ 0011111]
mpix_cr_3_loc                         (alloca           ) [ 0011111]
pixbuf_y_10_loc                       (alloca           ) [ 0011111]
pixbuf_y_11_loc                       (alloca           ) [ 0011111]
store_ln0                             (store            ) [ 0000000]
specstablecontent_ln0                 (specstablecontent) [ 0000000]
specstablecontent_ln0                 (specstablecontent) [ 0000000]
specinterface_ln0                     (specinterface    ) [ 0000000]
specinterface_ln0                     (specinterface    ) [ 0000000]
loopHeight                            (read             ) [ 0001111]
width_read                            (read             ) [ 0000000]
xOffset                               (xor              ) [ 0001111]
zext_ln730                            (zext             ) [ 0000000]
lshr_ln                               (partselect       ) [ 0001111]
zext_ln765                            (zext             ) [ 0000000]
loopWidth                             (add              ) [ 0001111]
icmp_ln769                            (icmp             ) [ 0001111]
br_ln767                              (br               ) [ 0000000]
y_2_load                              (load             ) [ 0000000]
zext_ln767                            (zext             ) [ 0000000]
icmp_ln767                            (icmp             ) [ 0001111]
speclooptripcount_ln0                 (speclooptripcount) [ 0000000]
add_ln767                             (add              ) [ 0000000]
br_ln767                              (br               ) [ 0000000]
pixbuf_y_2_load                       (load             ) [ 0000110]
pixbuf_y_3_load                       (load             ) [ 0000110]
store_ln767                           (store            ) [ 0000000]
ret_ln0                               (ret              ) [ 0000000]
p_0_0_0_0_0517758_lcssa818_i_load     (load             ) [ 0000011]
p_0_3_0_0_0760_lcssa821_i_load        (load             ) [ 0000011]
p_0_0_0_0_0509_1_3788_lcssa847_i_load (load             ) [ 0000011]
storemerge_lcssa850_i_load            (load             ) [ 0000011]
mpix_cb_1_load                        (load             ) [ 0000010]
mpix_cr_1_load                        (load             ) [ 0000010]
pixbuf_y_4_load                       (load             ) [ 0000010]
pixbuf_y_5_load                       (load             ) [ 0000010]
call_ln765                            (call             ) [ 0000000]
specloopname_ln767                    (specloopname     ) [ 0000000]
pixbuf_y_11_loc_load                  (load             ) [ 0000000]
pixbuf_y_10_loc_load                  (load             ) [ 0000000]
mpix_cr_3_loc_load                    (load             ) [ 0000000]
mpix_cb_3_loc_load                    (load             ) [ 0000000]
select_ln738                          (select           ) [ 0000000]
select_ln738_1                        (select           ) [ 0000000]
select_ln738_2                        (select           ) [ 0000000]
select_ln738_3                        (select           ) [ 0000000]
store_ln745                           (store            ) [ 0000000]
store_ln745                           (store            ) [ 0000000]
store_ln738                           (store            ) [ 0000000]
store_ln738                           (store            ) [ 0000000]
store_ln738                           (store            ) [ 0000000]
store_ln738                           (store            ) [ 0000000]
store_ln738                           (store            ) [ 0000000]
store_ln738                           (store            ) [ 0000000]
br_ln767                              (br               ) [ 0000000]
</LifeTime>

<model>

<comp_list>
<comp id="0" class="1000" name="height">
<pin_list>
<pin id="1" dir="1" index="0" bw="1" slack="0"/>
</pin_list>
<bind>
<StgValue><ssdm name="height"/></StgValue>
</bind>
</comp>

<comp id="2" class="1000" name="width">
<pin_list>
<pin id="3" dir="1" index="0" bw="1" slack="0"/>
</pin_list>
<bind>
<StgValue><ssdm name="width"/></StgValue>
</bind>
</comp>

<comp id="4" class="1000" name="p_read">
<pin_list>
<pin id="5" dir="1" index="0" bw="1" slack="0"/>
</pin_list>
<bind>
<StgValue><ssdm name="p_read"/></StgValue>
</bind>
</comp>

<comp id="6" class="1000" name="stream_csc">
<pin_list>
<pin id="7" dir="1" index="0" bw="1" slack="0"/>
</pin_list>
<bind>
<StgValue><ssdm name="stream_csc"/></StgValue>
</bind>
</comp>

<comp id="8" class="1000" name="stream_out_hresampled">
<pin_list>
<pin id="9" dir="1" index="0" bw="1" slack="0"/>
</pin_list>
<bind>
<StgValue><ssdm name="stream_out_hresampled"/></StgValue>
</bind>
</comp>

<comp id="10" class="1001" name="const_10">
<pin_list>
<pin id="11" dir="1" index="0" bw="1" slack="0"/>
</pin_list>
<bind>
<StgValue><ssdm name=""/></StgValue>
</bind>
</comp>

<comp id="12" class="1001" name="const_12">
<pin_list>
<pin id="13" dir="1" index="0" bw="1" slack="0"/>
</pin_list>
<bind>
<StgValue><ssdm name="_ssdm_op_Read.ap_auto.i1"/></StgValue>
</bind>
</comp>

<comp id="14" class="1001" name="const_14">
<pin_list>
<pin id="15" dir="1" index="0" bw="1" slack="0"/>
</pin_list>
<bind>
<StgValue><ssdm name=""/></StgValue>
</bind>
</comp>

<comp id="16" class="1001" name="const_16">
<pin_list>
<pin id="17" dir="1" index="0" bw="1" slack="0"/>
</pin_list>
<bind>
<StgValue><ssdm name=""/></StgValue>
</bind>
</comp>

<comp id="18" class="1001" name="const_18">
<pin_list>
<pin id="19" dir="1" index="0" bw="1" slack="2147483647"/>
</pin_list>
<bind>
<StgValue><ssdm name="_ssdm_op_SpecStableContent"/></StgValue>
</bind>
</comp>

<comp id="20" class="1001" name="const_20">
<pin_list>
<pin id="21" dir="1" index="0" bw="1" slack="0"/>
</pin_list>
<bind>
<StgValue><ssdm name=""/></StgValue>
</bind>
</comp>

<comp id="22" class="1001" name="const_22">
<pin_list>
<pin id="23" dir="1" index="0" bw="1" slack="2147483647"/>
</pin_list>
<bind>
<StgValue><ssdm name=""/></StgValue>
</bind>
</comp>

<comp id="24" class="1001" name="const_24">
<pin_list>
<pin id="25" dir="1" index="0" bw="1" slack="2147483647"/>
</pin_list>
<bind>
<StgValue><ssdm name="_ssdm_op_SpecInterface"/></StgValue>
</bind>
</comp>

<comp id="26" class="1001" name="const_26">
<pin_list>
<pin id="27" dir="1" index="0" bw="1" slack="2147483647"/>
</pin_list>
<bind>
<StgValue><ssdm name="empty_34"/></StgValue>
</bind>
</comp>

<comp id="28" class="1001" name="const_28">
<pin_list>
<pin id="29" dir="1" index="0" bw="1" slack="2147483647"/>
</pin_list>
<bind>
<StgValue><ssdm name=""/></StgValue>
</bind>
</comp>

<comp id="30" class="1001" name="const_30">
<pin_list>
<pin id="31" dir="1" index="0" bw="1" slack="2147483647"/>
</pin_list>
<bind>
<StgValue><ssdm name="empty_49"/></StgValue>
</bind>
</comp>

<comp id="32" class="1001" name="const_32">
<pin_list>
<pin id="33" dir="1" index="0" bw="1" slack="2147483647"/>
</pin_list>
<bind>
<StgValue><ssdm name=""/></StgValue>
</bind>
</comp>

<comp id="34" class="1001" name="const_34">
<pin_list>
<pin id="35" dir="1" index="0" bw="1" slack="0"/>
</pin_list>
<bind>
<StgValue><ssdm name="_ssdm_op_Read.ap_auto.i16P0A"/></StgValue>
</bind>
</comp>

<comp id="36" class="1001" name="const_36">
<pin_list>
<pin id="37" dir="1" index="0" bw="1" slack="0"/>
</pin_list>
<bind>
<StgValue><ssdm name="_ssdm_op_PartSelect.i15.i16.i32.i32"/></StgValue>
</bind>
</comp>

<comp id="38" class="1001" name="const_38">
<pin_list>
<pin id="39" dir="1" index="0" bw="1" slack="0"/>
</pin_list>
<bind>
<StgValue><ssdm name=""/></StgValue>
</bind>
</comp>

<comp id="40" class="1001" name="const_40">
<pin_list>
<pin id="41" dir="1" index="0" bw="1" slack="0"/>
</pin_list>
<bind>
<StgValue><ssdm name=""/></StgValue>
</bind>
</comp>

<comp id="42" class="1001" name="const_42">
<pin_list>
<pin id="43" dir="1" index="0" bw="1" slack="2147483647"/>
</pin_list>
<bind>
<StgValue><ssdm name="_ssdm_op_SpecLoopTripCount"/></StgValue>
</bind>
</comp>

<comp id="44" class="1001" name="const_44">
<pin_list>
<pin id="45" dir="1" index="0" bw="1" slack="2147483647"/>
</pin_list>
<bind>
<StgValue><ssdm name=""/></StgValue>
</bind>
</comp>

<comp id="46" class="1001" name="const_46">
<pin_list>
<pin id="47" dir="1" index="0" bw="1" slack="2147483647"/>
</pin_list>
<bind>
<StgValue><ssdm name=""/></StgValue>
</bind>
</comp>

<comp id="48" class="1001" name="const_48">
<pin_list>
<pin id="49" dir="1" index="0" bw="1" slack="0"/>
</pin_list>
<bind>
<StgValue><ssdm name=""/></StgValue>
</bind>
</comp>

<comp id="50" class="1001" name="const_50">
<pin_list>
<pin id="51" dir="1" index="0" bw="1" slack="0"/>
</pin_list>
<bind>
<StgValue><ssdm name="v_hcresampler_core.1_Pipeline_VITIS_LOOP_769_2"/></StgValue>
</bind>
</comp>

<comp id="52" class="1001" name="const_52">
<pin_list>
<pin id="53" dir="1" index="0" bw="1" slack="2147483647"/>
</pin_list>
<bind>
<StgValue><ssdm name="_ssdm_op_SpecLoopName"/></StgValue>
</bind>
</comp>

<comp id="54" class="1001" name="const_54">
<pin_list>
<pin id="55" dir="1" index="0" bw="1" slack="2147483647"/>
</pin_list>
<bind>
<StgValue><ssdm name="empty_43"/></StgValue>
</bind>
</comp>

<comp id="56" class="1004" name="y_2_fu_56">
<pin_list>
<pin id="57" dir="0" index="0" bw="1" slack="0"/>
<pin id="58" dir="1" index="1" bw="15" slack="0"/>
</pin_list>
<bind>
<opcode="alloca(26) " fcode="alloca"/>
<opset="y_2/1 "/>
</bind>
</comp>

<comp id="60" class="1004" name="inpix_0_0_0_0_0_load746_lcssa800_i_fu_60">
<pin_list>
<pin id="61" dir="0" index="0" bw="1" slack="0"/>
<pin id="62" dir="1" index="1" bw="8" slack="3"/>
</pin_list>
<bind>
<opcode="alloca(26) " fcode="alloca"/>
<opset="inpix_0_0_0_0_0_load746_lcssa800_i/1 "/>
</bind>
</comp>

<comp id="64" class="1004" name="inpix_0_1_0_0_0_load748_lcssa803_i_fu_64">
<pin_list>
<pin id="65" dir="0" index="0" bw="1" slack="0"/>
<pin id="66" dir="1" index="1" bw="8" slack="3"/>
</pin_list>
<bind>
<opcode="alloca(26) " fcode="alloca"/>
<opset="inpix_0_1_0_0_0_load748_lcssa803_i/1 "/>
</bind>
</comp>

<comp id="68" class="1004" name="inpix_0_2_0_0_0_load750_lcssa806_i_fu_68">
<pin_list>
<pin id="69" dir="0" index="0" bw="1" slack="0"/>
<pin id="70" dir="1" index="1" bw="8" slack="3"/>
</pin_list>
<bind>
<opcode="alloca(26) " fcode="alloca"/>
<opset="inpix_0_2_0_0_0_load750_lcssa806_i/1 "/>
</bind>
</comp>

<comp id="72" class="1004" name="inpix_0_3_0_0_0_load752_lcssa809_i_fu_72">
<pin_list>
<pin id="73" dir="0" index="0" bw="1" slack="0"/>
<pin id="74" dir="1" index="1" bw="8" slack="3"/>
</pin_list>
<bind>
<opcode="alloca(26) " fcode="alloca"/>
<opset="inpix_0_3_0_0_0_load752_lcssa809_i/1 "/>
</bind>
</comp>

<comp id="76" class="1004" name="inpix_0_4_0_0_0_load754_lcssa812_i_fu_76">
<pin_list>
<pin id="77" dir="0" index="0" bw="1" slack="0"/>
<pin id="78" dir="1" index="1" bw="8" slack="3"/>
</pin_list>
<bind>
<opcode="alloca(26) " fcode="alloca"/>
<opset="inpix_0_4_0_0_0_load754_lcssa812_i/1 "/>
</bind>
</comp>

<comp id="80" class="1004" name="inpix_0_5_0_0_0_load756_lcssa815_i_fu_80">
<pin_list>
<pin id="81" dir="0" index="0" bw="1" slack="0"/>
<pin id="82" dir="1" index="1" bw="8" slack="3"/>
</pin_list>
<bind>
<opcode="alloca(26) " fcode="alloca"/>
<opset="inpix_0_5_0_0_0_load756_lcssa815_i/1 "/>
</bind>
</comp>

<comp id="84" class="1004" name="p_0_0_0_0_0517758_lcssa818_i_fu_84">
<pin_list>
<pin id="85" dir="0" index="0" bw="1" slack="0"/>
<pin id="86" dir="1" index="1" bw="8" slack="3"/>
</pin_list>
<bind>
<opcode="alloca(26) " fcode="alloca"/>
<opset="p_0_0_0_0_0517758_lcssa818_i/1 "/>
</bind>
</comp>

<comp id="88" class="1004" name="p_0_3_0_0_0760_lcssa821_i_fu_88">
<pin_list>
<pin id="89" dir="0" index="0" bw="1" slack="0"/>
<pin id="90" dir="1" index="1" bw="8" slack="3"/>
</pin_list>
<bind>
<opcode="alloca(26) " fcode="alloca"/>
<opset="p_0_3_0_0_0760_lcssa821_i/1 "/>
</bind>
</comp>

<comp id="92" class="1004" name="p_0_0_0_0_0509_2771_lcssa835_i_fu_92">
<pin_list>
<pin id="93" dir="0" index="0" bw="1" slack="0"/>
<pin id="94" dir="1" index="1" bw="8" slack="3"/>
</pin_list>
<bind>
<opcode="alloca(26) " fcode="alloca"/>
<opset="p_0_0_0_0_0509_2771_lcssa835_i/1 "/>
</bind>
</comp>

<comp id="96" class="1004" name="p_0_0_0_0_0_2775_lcssa838_i_fu_96">
<pin_list>
<pin id="97" dir="0" index="0" bw="1" slack="0"/>
<pin id="98" dir="1" index="1" bw="8" slack="3"/>
</pin_list>
<bind>
<opcode="alloca(26) " fcode="alloca"/>
<opset="p_0_0_0_0_0_2775_lcssa838_i/1 "/>
</bind>
</comp>

<comp id="100" class="1004" name="p_0_0_0_0_0509_3779_lcssa841_i_fu_100">
<pin_list>
<pin id="101" dir="0" index="0" bw="1" slack="0"/>
<pin id="102" dir="1" index="1" bw="8" slack="3"/>
</pin_list>
<bind>
<opcode="alloca(26) " fcode="alloca"/>
<opset="p_0_0_0_0_0509_3779_lcssa841_i/1 "/>
</bind>
</comp>

<comp id="104" class="1004" name="p_0_0_0_0_0_3783_lcssa844_i_fu_104">
<pin_list>
<pin id="105" dir="0" index="0" bw="1" slack="0"/>
<pin id="106" dir="1" index="1" bw="8" slack="3"/>
</pin_list>
<bind>
<opcode="alloca(26) " fcode="alloca"/>
<opset="p_0_0_0_0_0_3783_lcssa844_i/1 "/>
</bind>
</comp>

<comp id="108" class="1004" name="p_0_0_0_0_0509_1_3788_lcssa847_i_fu_108">
<pin_list>
<pin id="109" dir="0" index="0" bw="1" slack="0"/>
<pin id="110" dir="1" index="1" bw="8" slack="3"/>
</pin_list>
<bind>
<opcode="alloca(26) " fcode="alloca"/>
<opset="p_0_0_0_0_0509_1_3788_lcssa847_i/1 "/>
</bind>
</comp>

<comp id="112" class="1004" name="storemerge_lcssa850_i_fu_112">
<pin_list>
<pin id="113" dir="0" index="0" bw="1" slack="0"/>
<pin id="114" dir="1" index="1" bw="8" slack="3"/>
</pin_list>
<bind>
<opcode="alloca(26) " fcode="alloca"/>
<opset="storemerge_lcssa850_i/1 "/>
</bind>
</comp>

<comp id="116" class="1004" name="mpix_cb_fu_116">
<pin_list>
<pin id="117" dir="0" index="0" bw="1" slack="0"/>
<pin id="118" dir="1" index="1" bw="8" slack="3"/>
</pin_list>
<bind>
<opcode="alloca(26) " fcode="alloca"/>
<opset="mpix_cb/1 "/>
</bind>
</comp>

<comp id="120" class="1004" name="mpix_cb_1_fu_120">
<pin_list>
<pin id="121" dir="0" index="0" bw="1" slack="0"/>
<pin id="122" dir="1" index="1" bw="8" slack="3"/>
</pin_list>
<bind>
<opcode="alloca(26) " fcode="alloca"/>
<opset="mpix_cb_1/1 "/>
</bind>
</comp>

<comp id="124" class="1004" name="mpix_cr_fu_124">
<pin_list>
<pin id="125" dir="0" index="0" bw="1" slack="0"/>
<pin id="126" dir="1" index="1" bw="8" slack="3"/>
</pin_list>
<bind>
<opcode="alloca(26) " fcode="alloca"/>
<opset="mpix_cr/1 "/>
</bind>
</comp>

<comp id="128" class="1004" name="mpix_cr_1_fu_128">
<pin_list>
<pin id="129" dir="0" index="0" bw="1" slack="0"/>
<pin id="130" dir="1" index="1" bw="8" slack="3"/>
</pin_list>
<bind>
<opcode="alloca(26) " fcode="alloca"/>
<opset="mpix_cr_1/1 "/>
</bind>
</comp>

<comp id="132" class="1004" name="pixbuf_y_fu_132">
<pin_list>
<pin id="133" dir="0" index="0" bw="1" slack="0"/>
<pin id="134" dir="1" index="1" bw="8" slack="3"/>
</pin_list>
<bind>
<opcode="alloca(26) " fcode="alloca"/>
<opset="pixbuf_y/1 "/>
</bind>
</comp>

<comp id="136" class="1004" name="pixbuf_y_1_fu_136">
<pin_list>
<pin id="137" dir="0" index="0" bw="1" slack="0"/>
<pin id="138" dir="1" index="1" bw="8" slack="3"/>
</pin_list>
<bind>
<opcode="alloca(26) " fcode="alloca"/>
<opset="pixbuf_y_1/1 "/>
</bind>
</comp>

<comp id="140" class="1004" name="pixbuf_y_2_fu_140">
<pin_list>
<pin id="141" dir="0" index="0" bw="1" slack="0"/>
<pin id="142" dir="1" index="1" bw="8" slack="2"/>
</pin_list>
<bind>
<opcode="alloca(26) " fcode="alloca"/>
<opset="pixbuf_y_2/1 "/>
</bind>
</comp>

<comp id="144" class="1004" name="pixbuf_y_3_fu_144">
<pin_list>
<pin id="145" dir="0" index="0" bw="1" slack="0"/>
<pin id="146" dir="1" index="1" bw="8" slack="2"/>
</pin_list>
<bind>
<opcode="alloca(26) " fcode="alloca"/>
<opset="pixbuf_y_3/1 "/>
</bind>
</comp>

<comp id="148" class="1004" name="pixbuf_y_4_fu_148">
<pin_list>
<pin id="149" dir="0" index="0" bw="1" slack="0"/>
<pin id="150" dir="1" index="1" bw="8" slack="3"/>
</pin_list>
<bind>
<opcode="alloca(26) " fcode="alloca"/>
<opset="pixbuf_y_4/1 "/>
</bind>
</comp>

<comp id="152" class="1004" name="pixbuf_y_5_fu_152">
<pin_list>
<pin id="153" dir="0" index="0" bw="1" slack="0"/>
<pin id="154" dir="1" index="1" bw="8" slack="3"/>
</pin_list>
<bind>
<opcode="alloca(26) " fcode="alloca"/>
<opset="pixbuf_y_5/1 "/>
</bind>
</comp>

<comp id="156" class="1004" name="mpix_cb_3_loc_fu_156">
<pin_list>
<pin id="157" dir="0" index="0" bw="1" slack="0"/>
<pin id="158" dir="1" index="1" bw="8" slack="3"/>
</pin_list>
<bind>
<opcode="alloca(26) " fcode="alloca"/>
<opset="mpix_cb_3_loc/1 "/>
</bind>
</comp>

<comp id="160" class="1004" name="mpix_cr_3_loc_fu_160">
<pin_list>
<pin id="161" dir="0" index="0" bw="1" slack="0"/>
<pin id="162" dir="1" index="1" bw="8" slack="3"/>
</pin_list>
<bind>
<opcode="alloca(26) " fcode="alloca"/>
<opset="mpix_cr_3_loc/1 "/>
</bind>
</comp>

<comp id="164" class="1004" name="pixbuf_y_10_loc_fu_164">
<pin_list>
<pin id="165" dir="0" index="0" bw="1" slack="0"/>
<pin id="166" dir="1" index="1" bw="8" slack="3"/>
</pin_list>
<bind>
<opcode="alloca(26) " fcode="alloca"/>
<opset="pixbuf_y_10_loc/1 "/>
</bind>
</comp>

<comp id="168" class="1004" name="pixbuf_y_11_loc_fu_168">
<pin_list>
<pin id="169" dir="0" index="0" bw="1" slack="0"/>
<pin id="170" dir="1" index="1" bw="8" slack="3"/>
</pin_list>
<bind>
<opcode="alloca(26) " fcode="alloca"/>
<opset="pixbuf_y_11_loc/1 "/>
</bind>
</comp>

<comp id="172" class="1004" name="p_read_3_read_fu_172">
<pin_list>
<pin id="173" dir="0" index="0" bw="1" slack="0"/>
<pin id="174" dir="0" index="1" bw="1" slack="0"/>
<pin id="175" dir="1" index="2" bw="1" slack="1"/>
</pin_list>
<bind>
<opcode="read(1150) " fcode="read"/>
<opset="p_read_3/1 "/>
</bind>
</comp>

<comp id="178" class="1004" name="loopHeight_read_fu_178">
<pin_list>
<pin id="179" dir="0" index="0" bw="16" slack="0"/>
<pin id="180" dir="0" index="1" bw="16" slack="0"/>
<pin id="181" dir="1" index="2" bw="16" slack="1"/>
</pin_list>
<bind>
<opcode="read(1150) " fcode="read"/>
<opset="loopHeight/2 "/>
</bind>
</comp>

<comp id="184" class="1004" name="width_read_read_fu_184">
<pin_list>
<pin id="185" dir="0" index="0" bw="16" slack="0"/>
<pin id="186" dir="0" index="1" bw="16" slack="0"/>
<pin id="187" dir="1" index="2" bw="16" slack="0"/>
</pin_list>
<bind>
<opcode="read(1150) " fcode="read"/>
<opset="width_read/2 "/>
</bind>
</comp>

<comp id="190" class="1004" name="grp_v_hcresampler_core_1_Pipeline_VITIS_LOOP_769_2_fu_190">
<pin_list>
<pin id="191" dir="0" index="0" bw="0" slack="0"/>
<pin id="192" dir="0" index="1" bw="8" slack="0"/>
<pin id="193" dir="0" index="2" bw="8" slack="0"/>
<pin id="194" dir="0" index="3" bw="8" slack="2"/>
<pin id="195" dir="0" index="4" bw="8" slack="2"/>
<pin id="196" dir="0" index="5" bw="8" slack="0"/>
<pin id="197" dir="0" index="6" bw="8" slack="0"/>
<pin id="198" dir="0" index="7" bw="8" slack="0"/>
<pin id="199" dir="0" index="8" bw="8" slack="0"/>
<pin id="200" dir="0" index="9" bw="8" slack="0"/>
<pin id="201" dir="0" index="10" bw="8" slack="0"/>
<pin id="202" dir="0" index="11" bw="16" slack="2"/>
<pin id="203" dir="0" index="12" bw="48" slack="0"/>
<pin id="204" dir="0" index="13" bw="1" slack="3"/>
<pin id="205" dir="0" index="14" bw="1" slack="2"/>
<pin id="206" dir="0" index="15" bw="15" slack="2"/>
<pin id="207" dir="0" index="16" bw="48" slack="0"/>
<pin id="208" dir="0" index="17" bw="8" slack="3"/>
<pin id="209" dir="0" index="18" bw="8" slack="3"/>
<pin id="210" dir="0" index="19" bw="8" slack="3"/>
<pin id="211" dir="0" index="20" bw="8" slack="3"/>
<pin id="212" dir="0" index="21" bw="8" slack="3"/>
<pin id="213" dir="0" index="22" bw="8" slack="3"/>
<pin id="214" dir="0" index="23" bw="8" slack="3"/>
<pin id="215" dir="0" index="24" bw="8" slack="3"/>
<pin id="216" dir="0" index="25" bw="8" slack="3"/>
<pin id="217" dir="0" index="26" bw="8" slack="3"/>
<pin id="218" dir="0" index="27" bw="8" slack="3"/>
<pin id="219" dir="0" index="28" bw="8" slack="3"/>
<pin id="220" dir="0" index="29" bw="8" slack="3"/>
<pin id="221" dir="0" index="30" bw="8" slack="3"/>
<pin id="222" dir="0" index="31" bw="8" slack="3"/>
<pin id="223" dir="0" index="32" bw="8" slack="3"/>
<pin id="224" dir="0" index="33" bw="8" slack="3"/>
<pin id="225" dir="0" index="34" bw="8" slack="3"/>
<pin id="226" dir="0" index="35" bw="8" slack="3"/>
<pin id="227" dir="0" index="36" bw="8" slack="3"/>
<pin id="228" dir="1" index="37" bw="0" slack="2147483647"/>
</pin_list>
<bind>
<opcode="call(48) " fcode="call"/>
<opset="call_ln765/4 "/>
</bind>
</comp>

<comp id="232" class="1004" name="store_ln0_store_fu_232">
<pin_list>
<pin id="233" dir="0" index="0" bw="1" slack="0"/>
<pin id="234" dir="0" index="1" bw="15" slack="0"/>
<pin id="235" dir="1" index="2" bw="0" slack="2147483647"/>
</pin_list>
<bind>
<opcode="store(28) " fcode="store"/>
<opset="store_ln0/1 "/>
</bind>
</comp>

<comp id="237" class="1004" name="xOffset_fu_237">
<pin_list>
<pin id="238" dir="0" index="0" bw="1" slack="1"/>
<pin id="239" dir="0" index="1" bw="1" slack="0"/>
<pin id="240" dir="1" index="2" bw="1" slack="0"/>
</pin_list>
<bind>
<opcode="xor(25) " fcode="xor"/>
<opset="xOffset/2 "/>
</bind>
</comp>

<comp id="242" class="1004" name="zext_ln730_fu_242">
<pin_list>
<pin id="243" dir="0" index="0" bw="1" slack="0"/>
<pin id="244" dir="1" index="1" bw="16" slack="0"/>
</pin_list>
<bind>
<opcode="zext(34) " fcode="zext"/>
<opset="zext_ln730/2 "/>
</bind>
</comp>

<comp id="246" class="1004" name="lshr_ln_fu_246">
<pin_list>
<pin id="247" dir="0" index="0" bw="15" slack="0"/>
<pin id="248" dir="0" index="1" bw="16" slack="0"/>
<pin id="249" dir="0" index="2" bw="1" slack="0"/>
<pin id="250" dir="0" index="3" bw="5" slack="0"/>
<pin id="251" dir="1" index="4" bw="15" slack="0"/>
</pin_list>
<bind>
<opcode="partselect(1002) " fcode="partselect"/>
<opset="lshr_ln/2 "/>
</bind>
</comp>

<comp id="256" class="1004" name="zext_ln765_fu_256">
<pin_list>
<pin id="257" dir="0" index="0" bw="15" slack="0"/>
<pin id="258" dir="1" index="1" bw="16" slack="0"/>
</pin_list>
<bind>
<opcode="zext(34) " fcode="zext"/>
<opset="zext_ln765/2 "/>
</bind>
</comp>

<comp id="260" class="1004" name="loopWidth_fu_260">
<pin_list>
<pin id="261" dir="0" index="0" bw="15" slack="0"/>
<pin id="262" dir="0" index="1" bw="1" slack="0"/>
<pin id="263" dir="1" index="2" bw="16" slack="0"/>
</pin_list>
<bind>
<opcode="add(8) " fcode="add"/>
<opset="loopWidth/2 "/>
</bind>
</comp>

<comp id="266" class="1004" name="icmp_ln769_fu_266">
<pin_list>
<pin id="267" dir="0" index="0" bw="16" slack="0"/>
<pin id="268" dir="0" index="1" bw="16" slack="0"/>
<pin id="269" dir="1" index="2" bw="1" slack="4"/>
</pin_list>
<bind>
<opcode="icmp(45) " fcode="icmp"/>
<opset="icmp_ln769/2 "/>
</bind>
</comp>

<comp id="272" class="1004" name="y_2_load_load_fu_272">
<pin_list>
<pin id="273" dir="0" index="0" bw="15" slack="2"/>
<pin id="274" dir="1" index="1" bw="15" slack="0"/>
</pin_list>
<bind>
<opcode="load(27) " fcode="load"/>
<opset="y_2_load/3 "/>
</bind>
</comp>

<comp id="275" class="1004" name="zext_ln767_fu_275">
<pin_list>
<pin id="276" dir="0" index="0" bw="15" slack="0"/>
<pin id="277" dir="1" index="1" bw="16" slack="0"/>
</pin_list>
<bind>
<opcode="zext(34) " fcode="zext"/>
<opset="zext_ln767/3 "/>
</bind>
</comp>

<comp id="279" class="1004" name="icmp_ln767_fu_279">
<pin_list>
<pin id="280" dir="0" index="0" bw="16" slack="0"/>
<pin id="281" dir="0" index="1" bw="16" slack="1"/>
<pin id="282" dir="1" index="2" bw="1" slack="2147483647"/>
</pin_list>
<bind>
<opcode="icmp(45) " fcode="icmp"/>
<opset="icmp_ln767/3 "/>
</bind>
</comp>

<comp id="284" class="1004" name="add_ln767_fu_284">
<pin_list>
<pin id="285" dir="0" index="0" bw="15" slack="0"/>
<pin id="286" dir="0" index="1" bw="1" slack="0"/>
<pin id="287" dir="1" index="2" bw="15" slack="0"/>
</pin_list>
<bind>
<opcode="add(8) " fcode="add"/>
<opset="add_ln767/3 "/>
</bind>
</comp>

<comp id="290" class="1004" name="pixbuf_y_2_load_load_fu_290">
<pin_list>
<pin id="291" dir="0" index="0" bw="8" slack="2"/>
<pin id="292" dir="1" index="1" bw="8" slack="2"/>
</pin_list>
<bind>
<opcode="load(27) " fcode="load"/>
<opset="pixbuf_y_2_load/3 "/>
</bind>
</comp>

<comp id="293" class="1004" name="pixbuf_y_3_load_load_fu_293">
<pin_list>
<pin id="294" dir="0" index="0" bw="8" slack="2"/>
<pin id="295" dir="1" index="1" bw="8" slack="2"/>
</pin_list>
<bind>
<opcode="load(27) " fcode="load"/>
<opset="pixbuf_y_3_load/3 "/>
</bind>
</comp>

<comp id="296" class="1004" name="store_ln767_store_fu_296">
<pin_list>
<pin id="297" dir="0" index="0" bw="15" slack="0"/>
<pin id="298" dir="0" index="1" bw="15" slack="2"/>
<pin id="299" dir="1" index="2" bw="0" slack="2147483647"/>
</pin_list>
<bind>
<opcode="store(28) " fcode="store"/>
<opset="store_ln767/3 "/>
</bind>
</comp>

<comp id="301" class="1004" name="p_0_0_0_0_0517758_lcssa818_i_load_load_fu_301">
<pin_list>
<pin id="302" dir="0" index="0" bw="8" slack="3"/>
<pin id="303" dir="1" index="1" bw="8" slack="0"/>
</pin_list>
<bind>
<opcode="load(27) " fcode="load"/>
<opset="p_0_0_0_0_0517758_lcssa818_i_load/4 "/>
</bind>
</comp>

<comp id="305" class="1004" name="p_0_3_0_0_0760_lcssa821_i_load_load_fu_305">
<pin_list>
<pin id="306" dir="0" index="0" bw="8" slack="3"/>
<pin id="307" dir="1" index="1" bw="8" slack="0"/>
</pin_list>
<bind>
<opcode="load(27) " fcode="load"/>
<opset="p_0_3_0_0_0760_lcssa821_i_load/4 "/>
</bind>
</comp>

<comp id="309" class="1004" name="p_0_0_0_0_0509_1_3788_lcssa847_i_load_load_fu_309">
<pin_list>
<pin id="310" dir="0" index="0" bw="8" slack="3"/>
<pin id="311" dir="1" index="1" bw="8" slack="0"/>
</pin_list>
<bind>
<opcode="load(27) " fcode="load"/>
<opset="p_0_0_0_0_0509_1_3788_lcssa847_i_load/4 "/>
</bind>
</comp>

<comp id="313" class="1004" name="storemerge_lcssa850_i_load_load_fu_313">
<pin_list>
<pin id="314" dir="0" index="0" bw="8" slack="3"/>
<pin id="315" dir="1" index="1" bw="8" slack="0"/>
</pin_list>
<bind>
<opcode="load(27) " fcode="load"/>
<opset="storemerge_lcssa850_i_load/4 "/>
</bind>
</comp>

<comp id="317" class="1004" name="mpix_cb_1_load_load_fu_317">
<pin_list>
<pin id="318" dir="0" index="0" bw="8" slack="3"/>
<pin id="319" dir="1" index="1" bw="8" slack="0"/>
</pin_list>
<bind>
<opcode="load(27) " fcode="load"/>
<opset="mpix_cb_1_load/4 "/>
</bind>
</comp>

<comp id="321" class="1004" name="mpix_cr_1_load_load_fu_321">
<pin_list>
<pin id="322" dir="0" index="0" bw="8" slack="3"/>
<pin id="323" dir="1" index="1" bw="8" slack="0"/>
</pin_list>
<bind>
<opcode="load(27) " fcode="load"/>
<opset="mpix_cr_1_load/4 "/>
</bind>
</comp>

<comp id="325" class="1004" name="pixbuf_y_4_load_load_fu_325">
<pin_list>
<pin id="326" dir="0" index="0" bw="8" slack="3"/>
<pin id="327" dir="1" index="1" bw="8" slack="0"/>
</pin_list>
<bind>
<opcode="load(27) " fcode="load"/>
<opset="pixbuf_y_4_load/4 "/>
</bind>
</comp>

<comp id="329" class="1004" name="pixbuf_y_5_load_load_fu_329">
<pin_list>
<pin id="330" dir="0" index="0" bw="8" slack="3"/>
<pin id="331" dir="1" index="1" bw="8" slack="0"/>
</pin_list>
<bind>
<opcode="load(27) " fcode="load"/>
<opset="pixbuf_y_5_load/4 "/>
</bind>
</comp>

<comp id="333" class="1004" name="pixbuf_y_11_loc_load_load_fu_333">
<pin_list>
<pin id="334" dir="0" index="0" bw="8" slack="5"/>
<pin id="335" dir="1" index="1" bw="8" slack="0"/>
</pin_list>
<bind>
<opcode="load(27) " fcode="load"/>
<opset="pixbuf_y_11_loc_load/6 "/>
</bind>
</comp>

<comp id="336" class="1004" name="pixbuf_y_10_loc_load_load_fu_336">
<pin_list>
<pin id="337" dir="0" index="0" bw="8" slack="5"/>
<pin id="338" dir="1" index="1" bw="8" slack="0"/>
</pin_list>
<bind>
<opcode="load(27) " fcode="load"/>
<opset="pixbuf_y_10_loc_load/6 "/>
</bind>
</comp>

<comp id="339" class="1004" name="mpix_cr_3_loc_load_load_fu_339">
<pin_list>
<pin id="340" dir="0" index="0" bw="8" slack="5"/>
<pin id="341" dir="1" index="1" bw="8" slack="0"/>
</pin_list>
<bind>
<opcode="load(27) " fcode="load"/>
<opset="mpix_cr_3_loc_load/6 "/>
</bind>
</comp>

<comp id="342" class="1004" name="mpix_cb_3_loc_load_load_fu_342">
<pin_list>
<pin id="343" dir="0" index="0" bw="8" slack="5"/>
<pin id="344" dir="1" index="1" bw="8" slack="0"/>
</pin_list>
<bind>
<opcode="load(27) " fcode="load"/>
<opset="mpix_cb_3_loc_load/6 "/>
</bind>
</comp>

<comp id="345" class="1004" name="select_ln738_fu_345">
<pin_list>
<pin id="346" dir="0" index="0" bw="1" slack="4"/>
<pin id="347" dir="0" index="1" bw="8" slack="0"/>
<pin id="348" dir="0" index="2" bw="8" slack="2147483647"/>
<pin id="349" dir="1" index="3" bw="8" slack="0"/>
</pin_list>
<bind>
<opcode="select(49) " fcode="select"/>
<opset="select_ln738/6 "/>
</bind>
</comp>

<comp id="351" class="1004" name="select_ln738_1_fu_351">
<pin_list>
<pin id="352" dir="0" index="0" bw="1" slack="4"/>
<pin id="353" dir="0" index="1" bw="8" slack="0"/>
<pin id="354" dir="0" index="2" bw="8" slack="2147483647"/>
<pin id="355" dir="1" index="3" bw="8" slack="0"/>
</pin_list>
<bind>
<opcode="select(49) " fcode="select"/>
<opset="select_ln738_1/6 "/>
</bind>
</comp>

<comp id="357" class="1004" name="select_ln738_2_fu_357">
<pin_list>
<pin id="358" dir="0" index="0" bw="1" slack="4"/>
<pin id="359" dir="0" index="1" bw="8" slack="0"/>
<pin id="360" dir="0" index="2" bw="8" slack="2147483647"/>
<pin id="361" dir="1" index="3" bw="8" slack="0"/>
</pin_list>
<bind>
<opcode="select(49) " fcode="select"/>
<opset="select_ln738_2/6 "/>
</bind>
</comp>

<comp id="363" class="1004" name="select_ln738_3_fu_363">
<pin_list>
<pin id="364" dir="0" index="0" bw="1" slack="4"/>
<pin id="365" dir="0" index="1" bw="8" slack="0"/>
<pin id="366" dir="0" index="2" bw="8" slack="2147483647"/>
<pin id="367" dir="1" index="3" bw="8" slack="0"/>
</pin_list>
<bind>
<opcode="select(49) " fcode="select"/>
<opset="select_ln738_3/6 "/>
</bind>
</comp>

<comp id="369" class="1004" name="store_ln745_store_fu_369">
<pin_list>
<pin id="370" dir="0" index="0" bw="8" slack="0"/>
<pin id="371" dir="0" index="1" bw="8" slack="5"/>
<pin id="372" dir="1" index="2" bw="0" slack="2147483647"/>
</pin_list>
<bind>
<opcode="store(28) " fcode="store"/>
<opset="store_ln745/6 "/>
</bind>
</comp>

<comp id="374" class="1004" name="store_ln745_store_fu_374">
<pin_list>
<pin id="375" dir="0" index="0" bw="8" slack="0"/>
<pin id="376" dir="0" index="1" bw="8" slack="5"/>
<pin id="377" dir="1" index="2" bw="0" slack="2147483647"/>
</pin_list>
<bind>
<opcode="store(28) " fcode="store"/>
<opset="store_ln745/6 "/>
</bind>
</comp>

<comp id="379" class="1004" name="store_ln738_store_fu_379">
<pin_list>
<pin id="380" dir="0" index="0" bw="8" slack="0"/>
<pin id="381" dir="0" index="1" bw="8" slack="5"/>
<pin id="382" dir="1" index="2" bw="0" slack="2147483647"/>
</pin_list>
<bind>
<opcode="store(28) " fcode="store"/>
<opset="store_ln738/6 "/>
</bind>
</comp>

<comp id="384" class="1004" name="store_ln738_store_fu_384">
<pin_list>
<pin id="385" dir="0" index="0" bw="8" slack="0"/>
<pin id="386" dir="0" index="1" bw="8" slack="5"/>
<pin id="387" dir="1" index="2" bw="0" slack="2147483647"/>
</pin_list>
<bind>
<opcode="store(28) " fcode="store"/>
<opset="store_ln738/6 "/>
</bind>
</comp>

<comp id="389" class="1004" name="store_ln738_store_fu_389">
<pin_list>
<pin id="390" dir="0" index="0" bw="8" slack="0"/>
<pin id="391" dir="0" index="1" bw="8" slack="5"/>
<pin id="392" dir="1" index="2" bw="0" slack="2147483647"/>
</pin_list>
<bind>
<opcode="store(28) " fcode="store"/>
<opset="store_ln738/6 "/>
</bind>
</comp>

<comp id="394" class="1004" name="store_ln738_store_fu_394">
<pin_list>
<pin id="395" dir="0" index="0" bw="8" slack="0"/>
<pin id="396" dir="0" index="1" bw="8" slack="5"/>
<pin id="397" dir="1" index="2" bw="0" slack="2147483647"/>
</pin_list>
<bind>
<opcode="store(28) " fcode="store"/>
<opset="store_ln738/6 "/>
</bind>
</comp>

<comp id="399" class="1004" name="store_ln738_store_fu_399">
<pin_list>
<pin id="400" dir="0" index="0" bw="8" slack="0"/>
<pin id="401" dir="0" index="1" bw="8" slack="5"/>
<pin id="402" dir="1" index="2" bw="0" slack="2147483647"/>
</pin_list>
<bind>
<opcode="store(28) " fcode="store"/>
<opset="store_ln738/6 "/>
</bind>
</comp>

<comp id="404" class="1004" name="store_ln738_store_fu_404">
<pin_list>
<pin id="405" dir="0" index="0" bw="8" slack="0"/>
<pin id="406" dir="0" index="1" bw="8" slack="5"/>
<pin id="407" dir="1" index="2" bw="0" slack="2147483647"/>
</pin_list>
<bind>
<opcode="store(28) " fcode="store"/>
<opset="store_ln738/6 "/>
</bind>
</comp>

<comp id="409" class="1005" name="y_2_reg_409">
<pin_list>
<pin id="410" dir="0" index="0" bw="15" slack="0"/>
<pin id="411" dir="1" index="1" bw="15" slack="0"/>
</pin_list>
<bind>
<opset="y_2 "/>
</bind>
</comp>

<comp id="416" class="1005" name="inpix_0_0_0_0_0_load746_lcssa800_i_reg_416">
<pin_list>
<pin id="417" dir="0" index="0" bw="8" slack="3"/>
<pin id="418" dir="1" index="1" bw="8" slack="3"/>
</pin_list>
<bind>
<opset="inpix_0_0_0_0_0_load746_lcssa800_i "/>
</bind>
</comp>

<comp id="421" class="1005" name="inpix_0_1_0_0_0_load748_lcssa803_i_reg_421">
<pin_list>
<pin id="422" dir="0" index="0" bw="8" slack="3"/>
<pin id="423" dir="1" index="1" bw="8" slack="3"/>
</pin_list>
<bind>
<opset="inpix_0_1_0_0_0_load748_lcssa803_i "/>
</bind>
</comp>

<comp id="426" class="1005" name="inpix_0_2_0_0_0_load750_lcssa806_i_reg_426">
<pin_list>
<pin id="427" dir="0" index="0" bw="8" slack="3"/>
<pin id="428" dir="1" index="1" bw="8" slack="3"/>
</pin_list>
<bind>
<opset="inpix_0_2_0_0_0_load750_lcssa806_i "/>
</bind>
</comp>

<comp id="431" class="1005" name="inpix_0_3_0_0_0_load752_lcssa809_i_reg_431">
<pin_list>
<pin id="432" dir="0" index="0" bw="8" slack="3"/>
<pin id="433" dir="1" index="1" bw="8" slack="3"/>
</pin_list>
<bind>
<opset="inpix_0_3_0_0_0_load752_lcssa809_i "/>
</bind>
</comp>

<comp id="436" class="1005" name="inpix_0_4_0_0_0_load754_lcssa812_i_reg_436">
<pin_list>
<pin id="437" dir="0" index="0" bw="8" slack="3"/>
<pin id="438" dir="1" index="1" bw="8" slack="3"/>
</pin_list>
<bind>
<opset="inpix_0_4_0_0_0_load754_lcssa812_i "/>
</bind>
</comp>

<comp id="441" class="1005" name="inpix_0_5_0_0_0_load756_lcssa815_i_reg_441">
<pin_list>
<pin id="442" dir="0" index="0" bw="8" slack="3"/>
<pin id="443" dir="1" index="1" bw="8" slack="3"/>
</pin_list>
<bind>
<opset="inpix_0_5_0_0_0_load756_lcssa815_i "/>
</bind>
</comp>

<comp id="446" class="1005" name="p_0_0_0_0_0517758_lcssa818_i_reg_446">
<pin_list>
<pin id="447" dir="0" index="0" bw="8" slack="3"/>
<pin id="448" dir="1" index="1" bw="8" slack="3"/>
</pin_list>
<bind>
<opset="p_0_0_0_0_0517758_lcssa818_i "/>
</bind>
</comp>

<comp id="452" class="1005" name="p_0_3_0_0_0760_lcssa821_i_reg_452">
<pin_list>
<pin id="453" dir="0" index="0" bw="8" slack="3"/>
<pin id="454" dir="1" index="1" bw="8" slack="3"/>
</pin_list>
<bind>
<opset="p_0_3_0_0_0760_lcssa821_i "/>
</bind>
</comp>

<comp id="458" class="1005" name="p_0_0_0_0_0509_2771_lcssa835_i_reg_458">
<pin_list>
<pin id="459" dir="0" index="0" bw="8" slack="3"/>
<pin id="460" dir="1" index="1" bw="8" slack="3"/>
</pin_list>
<bind>
<opset="p_0_0_0_0_0509_2771_lcssa835_i "/>
</bind>
</comp>

<comp id="463" class="1005" name="p_0_0_0_0_0_2775_lcssa838_i_reg_463">
<pin_list>
<pin id="464" dir="0" index="0" bw="8" slack="3"/>
<pin id="465" dir="1" index="1" bw="8" slack="3"/>
</pin_list>
<bind>
<opset="p_0_0_0_0_0_2775_lcssa838_i "/>
</bind>
</comp>

<comp id="468" class="1005" name="p_0_0_0_0_0509_3779_lcssa841_i_reg_468">
<pin_list>
<pin id="469" dir="0" index="0" bw="8" slack="3"/>
<pin id="470" dir="1" index="1" bw="8" slack="3"/>
</pin_list>
<bind>
<opset="p_0_0_0_0_0509_3779_lcssa841_i "/>
</bind>
</comp>

<comp id="473" class="1005" name="p_0_0_0_0_0_3783_lcssa844_i_reg_473">
<pin_list>
<pin id="474" dir="0" index="0" bw="8" slack="3"/>
<pin id="475" dir="1" index="1" bw="8" slack="3"/>
</pin_list>
<bind>
<opset="p_0_0_0_0_0_3783_lcssa844_i "/>
</bind>
</comp>

<comp id="478" class="1005" name="p_0_0_0_0_0509_1_3788_lcssa847_i_reg_478">
<pin_list>
<pin id="479" dir="0" index="0" bw="8" slack="3"/>
<pin id="480" dir="1" index="1" bw="8" slack="3"/>
</pin_list>
<bind>
<opset="p_0_0_0_0_0509_1_3788_lcssa847_i "/>
</bind>
</comp>

<comp id="484" class="1005" name="storemerge_lcssa850_i_reg_484">
<pin_list>
<pin id="485" dir="0" index="0" bw="8" slack="3"/>
<pin id="486" dir="1" index="1" bw="8" slack="3"/>
</pin_list>
<bind>
<opset="storemerge_lcssa850_i "/>
</bind>
</comp>

<comp id="490" class="1005" name="mpix_cb_reg_490">
<pin_list>
<pin id="491" dir="0" index="0" bw="8" slack="3"/>
<pin id="492" dir="1" index="1" bw="8" slack="3"/>
</pin_list>
<bind>
<opset="mpix_cb "/>
</bind>
</comp>

<comp id="495" class="1005" name="mpix_cb_1_reg_495">
<pin_list>
<pin id="496" dir="0" index="0" bw="8" slack="3"/>
<pin id="497" dir="1" index="1" bw="8" slack="3"/>
</pin_list>
<bind>
<opset="mpix_cb_1 "/>
</bind>
</comp>

<comp id="501" class="1005" name="mpix_cr_reg_501">
<pin_list>
<pin id="502" dir="0" index="0" bw="8" slack="3"/>
<pin id="503" dir="1" index="1" bw="8" slack="3"/>
</pin_list>
<bind>
<opset="mpix_cr "/>
</bind>
</comp>

<comp id="506" class="1005" name="mpix_cr_1_reg_506">
<pin_list>
<pin id="507" dir="0" index="0" bw="8" slack="3"/>
<pin id="508" dir="1" index="1" bw="8" slack="3"/>
</pin_list>
<bind>
<opset="mpix_cr_1 "/>
</bind>
</comp>

<comp id="512" class="1005" name="pixbuf_y_reg_512">
<pin_list>
<pin id="513" dir="0" index="0" bw="8" slack="3"/>
<pin id="514" dir="1" index="1" bw="8" slack="3"/>
</pin_list>
<bind>
<opset="pixbuf_y "/>
</bind>
</comp>

<comp id="517" class="1005" name="pixbuf_y_1_reg_517">
<pin_list>
<pin id="518" dir="0" index="0" bw="8" slack="3"/>
<pin id="519" dir="1" index="1" bw="8" slack="3"/>
</pin_list>
<bind>
<opset="pixbuf_y_1 "/>
</bind>
</comp>

<comp id="522" class="1005" name="pixbuf_y_2_reg_522">
<pin_list>
<pin id="523" dir="0" index="0" bw="8" slack="2"/>
<pin id="524" dir="1" index="1" bw="8" slack="2"/>
</pin_list>
<bind>
<opset="pixbuf_y_2 "/>
</bind>
</comp>

<comp id="528" class="1005" name="pixbuf_y_3_reg_528">
<pin_list>
<pin id="529" dir="0" index="0" bw="8" slack="2"/>
<pin id="530" dir="1" index="1" bw="8" slack="2"/>
</pin_list>
<bind>
<opset="pixbuf_y_3 "/>
</bind>
</comp>

<comp id="534" class="1005" name="pixbuf_y_4_reg_534">
<pin_list>
<pin id="535" dir="0" index="0" bw="8" slack="3"/>
<pin id="536" dir="1" index="1" bw="8" slack="3"/>
</pin_list>
<bind>
<opset="pixbuf_y_4 "/>
</bind>
</comp>

<comp id="540" class="1005" name="pixbuf_y_5_reg_540">
<pin_list>
<pin id="541" dir="0" index="0" bw="8" slack="3"/>
<pin id="542" dir="1" index="1" bw="8" slack="3"/>
</pin_list>
<bind>
<opset="pixbuf_y_5 "/>
</bind>
</comp>

<comp id="546" class="1005" name="p_read_3_reg_546">
<pin_list>
<pin id="547" dir="0" index="0" bw="1" slack="1"/>
<pin id="548" dir="1" index="1" bw="1" slack="1"/>
</pin_list>
<bind>
<opset="p_read_3 "/>
</bind>
</comp>

<comp id="552" class="1005" name="mpix_cb_3_loc_reg_552">
<pin_list>
<pin id="553" dir="0" index="0" bw="8" slack="3"/>
<pin id="554" dir="1" index="1" bw="8" slack="3"/>
</pin_list>
<bind>
<opset="mpix_cb_3_loc "/>
</bind>
</comp>

<comp id="558" class="1005" name="mpix_cr_3_loc_reg_558">
<pin_list>
<pin id="559" dir="0" index="0" bw="8" slack="3"/>
<pin id="560" dir="1" index="1" bw="8" slack="3"/>
</pin_list>
<bind>
<opset="mpix_cr_3_loc "/>
</bind>
</comp>

<comp id="564" class="1005" name="pixbuf_y_10_loc_reg_564">
<pin_list>
<pin id="565" dir="0" index="0" bw="8" slack="3"/>
<pin id="566" dir="1" index="1" bw="8" slack="3"/>
</pin_list>
<bind>
<opset="pixbuf_y_10_loc "/>
</bind>
</comp>

<comp id="570" class="1005" name="pixbuf_y_11_loc_reg_570">
<pin_list>
<pin id="571" dir="0" index="0" bw="8" slack="3"/>
<pin id="572" dir="1" index="1" bw="8" slack="3"/>
</pin_list>
<bind>
<opset="pixbuf_y_11_loc "/>
</bind>
</comp>

<comp id="576" class="1005" name="loopHeight_reg_576">
<pin_list>
<pin id="577" dir="0" index="0" bw="16" slack="1"/>
<pin id="578" dir="1" index="1" bw="16" slack="1"/>
</pin_list>
<bind>
<opset="loopHeight "/>
</bind>
</comp>

<comp id="581" class="1005" name="xOffset_reg_581">
<pin_list>
<pin id="582" dir="0" index="0" bw="1" slack="2"/>
<pin id="583" dir="1" index="1" bw="1" slack="2"/>
</pin_list>
<bind>
<opset="xOffset "/>
</bind>
</comp>

<comp id="586" class="1005" name="lshr_ln_reg_586">
<pin_list>
<pin id="587" dir="0" index="0" bw="15" slack="2"/>
<pin id="588" dir="1" index="1" bw="15" slack="2"/>
</pin_list>
<bind>
<opset="lshr_ln "/>
</bind>
</comp>

<comp id="591" class="1005" name="loopWidth_reg_591">
<pin_list>
<pin id="592" dir="0" index="0" bw="16" slack="2"/>
<pin id="593" dir="1" index="1" bw="16" slack="2"/>
</pin_list>
<bind>
<opset="loopWidth "/>
</bind>
</comp>

<comp id="596" class="1005" name="icmp_ln769_reg_596">
<pin_list>
<pin id="597" dir="0" index="0" bw="1" slack="4"/>
<pin id="598" dir="1" index="1" bw="1" slack="4"/>
</pin_list>
<bind>
<opset="icmp_ln769 "/>
</bind>
</comp>

<comp id="607" class="1005" name="pixbuf_y_2_load_reg_607">
<pin_list>
<pin id="608" dir="0" index="0" bw="8" slack="2"/>
<pin id="609" dir="1" index="1" bw="8" slack="2"/>
</pin_list>
<bind>
<opset="pixbuf_y_2_load "/>
</bind>
</comp>

<comp id="612" class="1005" name="pixbuf_y_3_load_reg_612">
<pin_list>
<pin id="613" dir="0" index="0" bw="8" slack="2"/>
<pin id="614" dir="1" index="1" bw="8" slack="2"/>
</pin_list>
<bind>
<opset="pixbuf_y_3_load "/>
</bind>
</comp>

</comp_list>

<net_list>
<net id="59"><net_src comp="10" pin="0"/><net_sink comp="56" pin=0"/></net>

<net id="63"><net_src comp="10" pin="0"/><net_sink comp="60" pin=0"/></net>

<net id="67"><net_src comp="10" pin="0"/><net_sink comp="64" pin=0"/></net>

<net id="71"><net_src comp="10" pin="0"/><net_sink comp="68" pin=0"/></net>

<net id="75"><net_src comp="10" pin="0"/><net_sink comp="72" pin=0"/></net>

<net id="79"><net_src comp="10" pin="0"/><net_sink comp="76" pin=0"/></net>

<net id="83"><net_src comp="10" pin="0"/><net_sink comp="80" pin=0"/></net>

<net id="87"><net_src comp="10" pin="0"/><net_sink comp="84" pin=0"/></net>

<net id="91"><net_src comp="10" pin="0"/><net_sink comp="88" pin=0"/></net>

<net id="95"><net_src comp="10" pin="0"/><net_sink comp="92" pin=0"/></net>

<net id="99"><net_src comp="10" pin="0"/><net_sink comp="96" pin=0"/></net>

<net id="103"><net_src comp="10" pin="0"/><net_sink comp="100" pin=0"/></net>

<net id="107"><net_src comp="10" pin="0"/><net_sink comp="104" pin=0"/></net>

<net id="111"><net_src comp="10" pin="0"/><net_sink comp="108" pin=0"/></net>

<net id="115"><net_src comp="10" pin="0"/><net_sink comp="112" pin=0"/></net>

<net id="119"><net_src comp="10" pin="0"/><net_sink comp="116" pin=0"/></net>

<net id="123"><net_src comp="10" pin="0"/><net_sink comp="120" pin=0"/></net>

<net id="127"><net_src comp="10" pin="0"/><net_sink comp="124" pin=0"/></net>

<net id="131"><net_src comp="10" pin="0"/><net_sink comp="128" pin=0"/></net>

<net id="135"><net_src comp="10" pin="0"/><net_sink comp="132" pin=0"/></net>

<net id="139"><net_src comp="10" pin="0"/><net_sink comp="136" pin=0"/></net>

<net id="143"><net_src comp="10" pin="0"/><net_sink comp="140" pin=0"/></net>

<net id="147"><net_src comp="10" pin="0"/><net_sink comp="144" pin=0"/></net>

<net id="151"><net_src comp="10" pin="0"/><net_sink comp="148" pin=0"/></net>

<net id="155"><net_src comp="10" pin="0"/><net_sink comp="152" pin=0"/></net>

<net id="159"><net_src comp="14" pin="0"/><net_sink comp="156" pin=0"/></net>

<net id="163"><net_src comp="14" pin="0"/><net_sink comp="160" pin=0"/></net>

<net id="167"><net_src comp="14" pin="0"/><net_sink comp="164" pin=0"/></net>

<net id="171"><net_src comp="14" pin="0"/><net_sink comp="168" pin=0"/></net>

<net id="176"><net_src comp="12" pin="0"/><net_sink comp="172" pin=0"/></net>

<net id="177"><net_src comp="4" pin="0"/><net_sink comp="172" pin=1"/></net>

<net id="182"><net_src comp="34" pin="0"/><net_sink comp="178" pin=0"/></net>

<net id="183"><net_src comp="0" pin="0"/><net_sink comp="178" pin=1"/></net>

<net id="188"><net_src comp="34" pin="0"/><net_sink comp="184" pin=0"/></net>

<net id="189"><net_src comp="2" pin="0"/><net_sink comp="184" pin=1"/></net>

<net id="229"><net_src comp="50" pin="0"/><net_sink comp="190" pin=0"/></net>

<net id="230"><net_src comp="8" pin="0"/><net_sink comp="190" pin=12"/></net>

<net id="231"><net_src comp="6" pin="0"/><net_sink comp="190" pin=16"/></net>

<net id="236"><net_src comp="16" pin="0"/><net_sink comp="232" pin=0"/></net>

<net id="241"><net_src comp="20" pin="0"/><net_sink comp="237" pin=1"/></net>

<net id="245"><net_src comp="237" pin="2"/><net_sink comp="242" pin=0"/></net>

<net id="252"><net_src comp="36" pin="0"/><net_sink comp="246" pin=0"/></net>

<net id="253"><net_src comp="184" pin="2"/><net_sink comp="246" pin=1"/></net>

<net id="254"><net_src comp="10" pin="0"/><net_sink comp="246" pin=2"/></net>

<net id="255"><net_src comp="38" pin="0"/><net_sink comp="246" pin=3"/></net>

<net id="259"><net_src comp="246" pin="4"/><net_sink comp="256" pin=0"/></net>

<net id="264"><net_src comp="256" pin="1"/><net_sink comp="260" pin=0"/></net>

<net id="265"><net_src comp="242" pin="1"/><net_sink comp="260" pin=1"/></net>

<net id="270"><net_src comp="260" pin="2"/><net_sink comp="266" pin=0"/></net>

<net id="271"><net_src comp="40" pin="0"/><net_sink comp="266" pin=1"/></net>

<net id="278"><net_src comp="272" pin="1"/><net_sink comp="275" pin=0"/></net>

<net id="283"><net_src comp="275" pin="1"/><net_sink comp="279" pin=0"/></net>

<net id="288"><net_src comp="272" pin="1"/><net_sink comp="284" pin=0"/></net>

<net id="289"><net_src comp="48" pin="0"/><net_sink comp="284" pin=1"/></net>

<net id="300"><net_src comp="284" pin="2"/><net_sink comp="296" pin=0"/></net>

<net id="304"><net_src comp="301" pin="1"/><net_sink comp="190" pin=10"/></net>

<net id="308"><net_src comp="305" pin="1"/><net_sink comp="190" pin=9"/></net>

<net id="312"><net_src comp="309" pin="1"/><net_sink comp="190" pin=8"/></net>

<net id="316"><net_src comp="313" pin="1"/><net_sink comp="190" pin=7"/></net>

<net id="320"><net_src comp="317" pin="1"/><net_sink comp="190" pin=6"/></net>

<net id="324"><net_src comp="321" pin="1"/><net_sink comp="190" pin=5"/></net>

<net id="328"><net_src comp="325" pin="1"/><net_sink comp="190" pin=2"/></net>

<net id="332"><net_src comp="329" pin="1"/><net_sink comp="190" pin=1"/></net>

<net id="350"><net_src comp="339" pin="1"/><net_sink comp="345" pin=1"/></net>

<net id="356"><net_src comp="342" pin="1"/><net_sink comp="351" pin=1"/></net>

<net id="362"><net_src comp="333" pin="1"/><net_sink comp="357" pin=1"/></net>

<net id="368"><net_src comp="336" pin="1"/><net_sink comp="363" pin=1"/></net>

<net id="373"><net_src comp="333" pin="1"/><net_sink comp="369" pin=0"/></net>

<net id="378"><net_src comp="336" pin="1"/><net_sink comp="374" pin=0"/></net>

<net id="383"><net_src comp="339" pin="1"/><net_sink comp="379" pin=0"/></net>

<net id="388"><net_src comp="342" pin="1"/><net_sink comp="384" pin=0"/></net>

<net id="393"><net_src comp="345" pin="3"/><net_sink comp="389" pin=0"/></net>

<net id="398"><net_src comp="351" pin="3"/><net_sink comp="394" pin=0"/></net>

<net id="403"><net_src comp="357" pin="3"/><net_sink comp="399" pin=0"/></net>

<net id="408"><net_src comp="363" pin="3"/><net_sink comp="404" pin=0"/></net>

<net id="412"><net_src comp="56" pin="1"/><net_sink comp="409" pin=0"/></net>

<net id="413"><net_src comp="409" pin="1"/><net_sink comp="232" pin=1"/></net>

<net id="414"><net_src comp="409" pin="1"/><net_sink comp="272" pin=0"/></net>

<net id="415"><net_src comp="409" pin="1"/><net_sink comp="296" pin=1"/></net>

<net id="419"><net_src comp="60" pin="1"/><net_sink comp="416" pin=0"/></net>

<net id="420"><net_src comp="416" pin="1"/><net_sink comp="190" pin=36"/></net>

<net id="424"><net_src comp="64" pin="1"/><net_sink comp="421" pin=0"/></net>

<net id="425"><net_src comp="421" pin="1"/><net_sink comp="190" pin=35"/></net>

<net id="429"><net_src comp="68" pin="1"/><net_sink comp="426" pin=0"/></net>

<net id="430"><net_src comp="426" pin="1"/><net_sink comp="190" pin=34"/></net>

<net id="434"><net_src comp="72" pin="1"/><net_sink comp="431" pin=0"/></net>

<net id="435"><net_src comp="431" pin="1"/><net_sink comp="190" pin=33"/></net>

<net id="439"><net_src comp="76" pin="1"/><net_sink comp="436" pin=0"/></net>

<net id="440"><net_src comp="436" pin="1"/><net_sink comp="190" pin=32"/></net>

<net id="444"><net_src comp="80" pin="1"/><net_sink comp="441" pin=0"/></net>

<net id="445"><net_src comp="441" pin="1"/><net_sink comp="190" pin=31"/></net>

<net id="449"><net_src comp="84" pin="1"/><net_sink comp="446" pin=0"/></net>

<net id="450"><net_src comp="446" pin="1"/><net_sink comp="301" pin=0"/></net>

<net id="451"><net_src comp="446" pin="1"/><net_sink comp="404" pin=1"/></net>

<net id="455"><net_src comp="88" pin="1"/><net_sink comp="452" pin=0"/></net>

<net id="456"><net_src comp="452" pin="1"/><net_sink comp="305" pin=0"/></net>

<net id="457"><net_src comp="452" pin="1"/><net_sink comp="399" pin=1"/></net>

<net id="461"><net_src comp="92" pin="1"/><net_sink comp="458" pin=0"/></net>

<net id="462"><net_src comp="458" pin="1"/><net_sink comp="190" pin=30"/></net>

<net id="466"><net_src comp="96" pin="1"/><net_sink comp="463" pin=0"/></net>

<net id="467"><net_src comp="463" pin="1"/><net_sink comp="190" pin=29"/></net>

<net id="471"><net_src comp="100" pin="1"/><net_sink comp="468" pin=0"/></net>

<net id="472"><net_src comp="468" pin="1"/><net_sink comp="190" pin=28"/></net>

<net id="476"><net_src comp="104" pin="1"/><net_sink comp="473" pin=0"/></net>

<net id="477"><net_src comp="473" pin="1"/><net_sink comp="190" pin=27"/></net>

<net id="481"><net_src comp="108" pin="1"/><net_sink comp="478" pin=0"/></net>

<net id="482"><net_src comp="478" pin="1"/><net_sink comp="309" pin=0"/></net>

<net id="483"><net_src comp="478" pin="1"/><net_sink comp="394" pin=1"/></net>

<net id="487"><net_src comp="112" pin="1"/><net_sink comp="484" pin=0"/></net>

<net id="488"><net_src comp="484" pin="1"/><net_sink comp="313" pin=0"/></net>

<net id="489"><net_src comp="484" pin="1"/><net_sink comp="389" pin=1"/></net>

<net id="493"><net_src comp="116" pin="1"/><net_sink comp="490" pin=0"/></net>

<net id="494"><net_src comp="490" pin="1"/><net_sink comp="190" pin=26"/></net>

<net id="498"><net_src comp="120" pin="1"/><net_sink comp="495" pin=0"/></net>

<net id="499"><net_src comp="495" pin="1"/><net_sink comp="317" pin=0"/></net>

<net id="500"><net_src comp="495" pin="1"/><net_sink comp="384" pin=1"/></net>

<net id="504"><net_src comp="124" pin="1"/><net_sink comp="501" pin=0"/></net>

<net id="505"><net_src comp="501" pin="1"/><net_sink comp="190" pin=24"/></net>

<net id="509"><net_src comp="128" pin="1"/><net_sink comp="506" pin=0"/></net>

<net id="510"><net_src comp="506" pin="1"/><net_sink comp="321" pin=0"/></net>

<net id="511"><net_src comp="506" pin="1"/><net_sink comp="379" pin=1"/></net>

<net id="515"><net_src comp="132" pin="1"/><net_sink comp="512" pin=0"/></net>

<net id="516"><net_src comp="512" pin="1"/><net_sink comp="190" pin=22"/></net>

<net id="520"><net_src comp="136" pin="1"/><net_sink comp="517" pin=0"/></net>

<net id="521"><net_src comp="517" pin="1"/><net_sink comp="190" pin=21"/></net>

<net id="525"><net_src comp="140" pin="1"/><net_sink comp="522" pin=0"/></net>

<net id="526"><net_src comp="522" pin="1"/><net_sink comp="290" pin=0"/></net>

<net id="527"><net_src comp="522" pin="1"/><net_sink comp="190" pin=20"/></net>

<net id="531"><net_src comp="144" pin="1"/><net_sink comp="528" pin=0"/></net>

<net id="532"><net_src comp="528" pin="1"/><net_sink comp="293" pin=0"/></net>

<net id="533"><net_src comp="528" pin="1"/><net_sink comp="190" pin=19"/></net>

<net id="537"><net_src comp="148" pin="1"/><net_sink comp="534" pin=0"/></net>

<net id="538"><net_src comp="534" pin="1"/><net_sink comp="325" pin=0"/></net>

<net id="539"><net_src comp="534" pin="1"/><net_sink comp="374" pin=1"/></net>

<net id="543"><net_src comp="152" pin="1"/><net_sink comp="540" pin=0"/></net>

<net id="544"><net_src comp="540" pin="1"/><net_sink comp="329" pin=0"/></net>

<net id="545"><net_src comp="540" pin="1"/><net_sink comp="369" pin=1"/></net>

<net id="549"><net_src comp="172" pin="2"/><net_sink comp="546" pin=0"/></net>

<net id="550"><net_src comp="546" pin="1"/><net_sink comp="237" pin=0"/></net>

<net id="551"><net_src comp="546" pin="1"/><net_sink comp="190" pin=13"/></net>

<net id="555"><net_src comp="156" pin="1"/><net_sink comp="552" pin=0"/></net>

<net id="556"><net_src comp="552" pin="1"/><net_sink comp="190" pin=25"/></net>

<net id="557"><net_src comp="552" pin="1"/><net_sink comp="342" pin=0"/></net>

<net id="561"><net_src comp="160" pin="1"/><net_sink comp="558" pin=0"/></net>

<net id="562"><net_src comp="558" pin="1"/><net_sink comp="190" pin=23"/></net>

<net id="563"><net_src comp="558" pin="1"/><net_sink comp="339" pin=0"/></net>

<net id="567"><net_src comp="164" pin="1"/><net_sink comp="564" pin=0"/></net>

<net id="568"><net_src comp="564" pin="1"/><net_sink comp="190" pin=18"/></net>

<net id="569"><net_src comp="564" pin="1"/><net_sink comp="336" pin=0"/></net>

<net id="573"><net_src comp="168" pin="1"/><net_sink comp="570" pin=0"/></net>

<net id="574"><net_src comp="570" pin="1"/><net_sink comp="190" pin=17"/></net>

<net id="575"><net_src comp="570" pin="1"/><net_sink comp="333" pin=0"/></net>

<net id="579"><net_src comp="178" pin="2"/><net_sink comp="576" pin=0"/></net>

<net id="580"><net_src comp="576" pin="1"/><net_sink comp="279" pin=1"/></net>

<net id="584"><net_src comp="237" pin="2"/><net_sink comp="581" pin=0"/></net>

<net id="585"><net_src comp="581" pin="1"/><net_sink comp="190" pin=14"/></net>

<net id="589"><net_src comp="246" pin="4"/><net_sink comp="586" pin=0"/></net>

<net id="590"><net_src comp="586" pin="1"/><net_sink comp="190" pin=15"/></net>

<net id="594"><net_src comp="260" pin="2"/><net_sink comp="591" pin=0"/></net>

<net id="595"><net_src comp="591" pin="1"/><net_sink comp="190" pin=11"/></net>

<net id="599"><net_src comp="266" pin="2"/><net_sink comp="596" pin=0"/></net>

<net id="600"><net_src comp="596" pin="1"/><net_sink comp="345" pin=0"/></net>

<net id="601"><net_src comp="596" pin="1"/><net_sink comp="351" pin=0"/></net>

<net id="602"><net_src comp="596" pin="1"/><net_sink comp="357" pin=0"/></net>

<net id="603"><net_src comp="596" pin="1"/><net_sink comp="363" pin=0"/></net>

<net id="610"><net_src comp="290" pin="1"/><net_sink comp="607" pin=0"/></net>

<net id="611"><net_src comp="607" pin="1"/><net_sink comp="190" pin=4"/></net>

<net id="615"><net_src comp="293" pin="1"/><net_sink comp="612" pin=0"/></net>

<net id="616"><net_src comp="612" pin="1"/><net_sink comp="190" pin=3"/></net>

</net_list>

</model> 
---------------- Datapath Model END ------------------

* FSMD analyzer results:
  - Output states:
	Port: height | {}
	Port: width | {}
	Port: stream_out_hresampled | {4 5 }
 - Input state : 
	Port: v_hcresampler_core.1 : height | {2 }
	Port: v_hcresampler_core.1 : width | {2 }
	Port: v_hcresampler_core.1 : p_read | {1 }
	Port: v_hcresampler_core.1 : stream_csc | {4 5 }
  - Chain level:
	State 1
		store_ln0 : 1
	State 2
		zext_ln765 : 1
		loopWidth : 2
		icmp_ln769 : 3
	State 3
		zext_ln767 : 1
		icmp_ln767 : 2
		add_ln767 : 1
		br_ln767 : 3
		store_ln767 : 2
	State 4
		call_ln765 : 1
	State 5
	State 6
		select_ln738 : 1
		select_ln738_1 : 1
		select_ln738_2 : 1
		select_ln738_3 : 1
		store_ln745 : 1
		store_ln745 : 1
		store_ln738 : 1
		store_ln738 : 1
		store_ln738 : 2
		store_ln738 : 2
		store_ln738 : 2
		store_ln738 : 2


============================================================
+ Verbose Summary: Datapath Resource usage 
============================================================

* Functional unit list:
|----------|-----------------------------------------------------------|---------|---------|---------|
| Operation|                      Functional Unit                      |  Delay  |    FF   |   LUT   |
|----------|-----------------------------------------------------------|---------|---------|---------|
|   call   | grp_v_hcresampler_core_1_Pipeline_VITIS_LOOP_769_2_fu_190 |  0.489  |   148   |   318   |
|----------|-----------------------------------------------------------|---------|---------|---------|
|   icmp   |                     icmp_ln769_fu_266                     |    0    |    0    |    23   |
|          |                     icmp_ln767_fu_279                     |    0    |    0    |    23   |
|----------|-----------------------------------------------------------|---------|---------|---------|
|    add   |                      loopWidth_fu_260                     |    0    |    0    |    22   |
|          |                      add_ln767_fu_284                     |    0    |    0    |    22   |
|----------|-----------------------------------------------------------|---------|---------|---------|
|          |                    select_ln738_fu_345                    |    0    |    0    |    8    |
|  select  |                   select_ln738_1_fu_351                   |    0    |    0    |    8    |
|          |                   select_ln738_2_fu_357                   |    0    |    0    |    8    |
|          |                   select_ln738_3_fu_363                   |    0    |    0    |    8    |
|----------|-----------------------------------------------------------|---------|---------|---------|
|    xor   |                       xOffset_fu_237                      |    0    |    0    |    2    |
|----------|-----------------------------------------------------------|---------|---------|---------|
|          |                    p_read_3_read_fu_172                   |    0    |    0    |    0    |
|   read   |                   loopHeight_read_fu_178                  |    0    |    0    |    0    |
|          |                   width_read_read_fu_184                  |    0    |    0    |    0    |
|----------|-----------------------------------------------------------|---------|---------|---------|
|          |                     zext_ln730_fu_242                     |    0    |    0    |    0    |
|   zext   |                     zext_ln765_fu_256                     |    0    |    0    |    0    |
|          |                     zext_ln767_fu_275                     |    0    |    0    |    0    |
|----------|-----------------------------------------------------------|---------|---------|---------|
|partselect|                       lshr_ln_fu_246                      |    0    |    0    |    0    |
|----------|-----------------------------------------------------------|---------|---------|---------|
|   Total  |                                                           |  0.489  |   148   |   442   |
|----------|-----------------------------------------------------------|---------|---------|---------|

Memories:
N/A

* Register list:
+------------------------------------------+--------+
|                                          |   FF   |
+------------------------------------------+--------+
|            icmp_ln769_reg_596            |    1   |
|inpix_0_0_0_0_0_load746_lcssa800_i_reg_416|    8   |
|inpix_0_1_0_0_0_load748_lcssa803_i_reg_421|    8   |
|inpix_0_2_0_0_0_load750_lcssa806_i_reg_426|    8   |
|inpix_0_3_0_0_0_load752_lcssa809_i_reg_431|    8   |
|inpix_0_4_0_0_0_load754_lcssa812_i_reg_436|    8   |
|inpix_0_5_0_0_0_load756_lcssa815_i_reg_441|    8   |
|            loopHeight_reg_576            |   16   |
|             loopWidth_reg_591            |   16   |
|              lshr_ln_reg_586             |   15   |
|             mpix_cb_1_reg_495            |    8   |
|           mpix_cb_3_loc_reg_552          |    8   |
|              mpix_cb_reg_490             |    8   |
|             mpix_cr_1_reg_506            |    8   |
|           mpix_cr_3_loc_reg_558          |    8   |
|              mpix_cr_reg_501             |    8   |
| p_0_0_0_0_0509_1_3788_lcssa847_i_reg_478 |    8   |
|  p_0_0_0_0_0509_2771_lcssa835_i_reg_458  |    8   |
|  p_0_0_0_0_0509_3779_lcssa841_i_reg_468  |    8   |
|   p_0_0_0_0_0517758_lcssa818_i_reg_446   |    8   |
|    p_0_0_0_0_0_2775_lcssa838_i_reg_463   |    8   |
|    p_0_0_0_0_0_3783_lcssa844_i_reg_473   |    8   |
|     p_0_3_0_0_0760_lcssa821_i_reg_452    |    8   |
|             p_read_3_reg_546             |    1   |
|          pixbuf_y_10_loc_reg_564         |    8   |
|          pixbuf_y_11_loc_reg_570         |    8   |
|            pixbuf_y_1_reg_517            |    8   |
|          pixbuf_y_2_load_reg_607         |    8   |
|            pixbuf_y_2_reg_522            |    8   |
|          pixbuf_y_3_load_reg_612         |    8   |
|            pixbuf_y_3_reg_528            |    8   |
|            pixbuf_y_4_reg_534            |    8   |
|            pixbuf_y_5_reg_540            |    8   |
|             pixbuf_y_reg_512             |    8   |
|       storemerge_lcssa850_i_reg_484      |    8   |
|              xOffset_reg_581             |    1   |
|                y_2_reg_409               |   15   |
+------------------------------------------+--------+
|                   Total                  |   305  |
+------------------------------------------+--------+

* Multiplexer (MUX) list: 
|--------|------|------|------|--------|
|  Comp  |  Pin | Size |  BW  | S x BW |
|--------|------|------|------|--------|
|  Total |      |      |      |    0   |
|--------|------|------|------|--------|



* Summary:
+-----------+--------+--------+--------+
|           |  Delay |   FF   |   LUT  |
+-----------+--------+--------+--------+
|  Function |    0   |   148  |   442  |
|   Memory  |    -   |    -   |    -   |
|Multiplexer|    -   |    -   |    -   |
|  Register |    -   |   305  |    -   |
+-----------+--------+--------+--------+
|   Total   |    0   |   453  |   442  |
+-----------+--------+--------+--------+
